Solver command line: ['/cvmfs/restricted.computecanada.ca/easybuild/software/2023/x86-64-v3/Core/gurobi/11.0.1/bin/gurobi.sh']

Set parameter TokenServer to value "license1.computecanada.ca"
Read LP format model from file /tmp/tmpbgb0mzp6.pyomo.lp
Reading time = 0.01 seconds
x1: 200 rows, 200 columns, 40000 nonzeros
Set parameter TimeLimit to value 10800
Gurobi Optimizer version 11.0.1 build v11.0.1rc0 (linux64 - "AlmaLinux 9.6 (Sage Margay)")

CPU model: AMD EPYC 9655 96-Core Processor, instruction set [SSE2|AVX|AVX2|AVX512]
Thread count: 192 physical cores, 192 logical processors, using up to 32 threads

Optimize a model with 200 rows, 200 columns and 40000 nonzeros
Model fingerprint: 0xcc6ed9bf
Model has 200 quadratic objective terms
Variable types: 0 continuous, 200 integer (0 binary)
Coefficient statistics:
  Matrix range     [7e-07, 4e-01]
  Objective range  [2e-04, 1e-01]
  QObjective range [1e-04, 1e-02]
  Bounds range     [0e+00, 0e+00]
  RHS range        [1e-02, 1e+00]
Presolve time: 0.01s
Presolved: 200 rows, 200 columns, 40000 nonzeros
Presolved model has 200 quadratic objective terms
Variable types: 0 continuous, 200 integer (0 binary)

Root relaxation: objective -4.623218e+01, 117 iterations, 0.02 seconds (0.03 work units)

    Nodes    |    Current Node    |     Objective Bounds      |     Work
 Expl Unexpl |  Obj  Depth IntInf | Incumbent    BestBd   Gap | It/Node Time

     0     0  -46.23218    0  200          -  -46.23218      -     -    0s
     0     0  -46.23060    0  200          -  -46.23060      -     -    0s
     0     2  -46.23060    0  200          -  -46.23060      -     -    0s
  4625  4992  -46.16281  142  117          -  -46.22907      -   3.5    5s
 12585 13210  -46.16456   74  135          -  -46.22876      -  13.6   10s
 16163 15609  -46.20611   33  180          -  -46.22463      -  13.6   15s
 20682 18838  -46.15583   98  129          -  -46.22463      -  11.6   20s
 27777 23731  -45.95100  210   80          -  -46.22463      -  12.6   25s
 34601 28449  -46.19665   50  165          -  -46.22463      -  15.7   30s
 44601 34904  -45.83097  221   76          -  -46.22463      -  14.9   35s
 51484 39529 infeasible  290               -  -46.22463      -  15.9   40s
 61025 46602  -45.86428  194   83          -  -46.22399      -  16.0   45s
 70506 55866  -45.27869  269   58          -  -46.22399      -  16.2   50s
 83868 69107  -46.00884  143  105          -  -46.22383      -  16.9   56s
 92166 77448  -45.67786  212   81          -  -46.22383      -  17.0   60s
 102383 87668  -44.82274  286   46          -  -46.22383      -  17.3   65s
 115549 100489  -45.83862  179   95          -  -46.22322      -  17.6   71s
 126896 111081  -45.27007  253   67          -  -46.22322      -  18.0   76s
 134513 118184  -44.48022  293   51          -  -46.22322      -  18.2   80s
 146229 128078  -45.82475  175   94          -  -46.22264      -  18.5   85s
 159522 142517  -44.79675  261   57          -  -46.22264      -  19.0   92s
 167702 151149  -46.08797  106  122          -  -46.22164      -  19.3   96s
 177735 160218  -45.66499  193   92          -  -46.22164      -  19.5  101s
 186505 168808  -45.17749  247   65          -  -46.22164      -  19.6  105s
 199693 181202 infeasible  315               -  -46.22164      -  19.8  110s
 212422 193727 infeasible  326               -  -46.22164      -  20.0  116s
 225687 206568  -45.77498  179   98          -  -46.22141      -  20.1  121s
 234596 215099  -45.39054  229   76          -  -46.22141      -  20.2  125s
 245844 227590  -44.45027  283   55          -  -46.22141      -  20.3  131s
 256323 236891  -45.97831  138  115          -  -46.22137      -  20.3  135s
 271069 250804  -45.39224  242   71          -  -46.22137      -  20.5  141s
 280308 259482  -44.84447  291   55          -  -46.22137      -  20.7  145s
 289313 268270  -43.35478  343   38          -  -46.22098      -  20.8  150s
 299192 278000  -45.99455  141  116          -  -46.22098      -  20.8  155s
 313762 291903  -45.61804  217   82          -  -46.22098      -  20.9  161s
 327520 305410  -45.09021  274   55          -  -46.22098      -  21.0  167s
 337127 314539 infeasible  308               -  -46.22098      -  21.1  171s
 346838 323675  -45.98908  133  117          -  -46.22082      -  21.2  176s
 356454 333031  -45.57640  212   87          -  -46.22082      -  21.2  181s
 365983 342087  -45.12147  256   67          -  -46.22082      -  21.2  185s
 375279 351556  -44.13554  300   50          -  -46.22081      -  21.4  190s
 385014 361151  -45.94508  141  110          -  -46.22070      -  21.4  197s
 395421 370517  -45.46562  215   86          -  -46.22070      -  21.5  202s
 405147 379783  -44.95938  263   66          -  -46.22070      -  21.5  206s
 419214 393476  -43.04006  314   45          -  -46.22070      -  21.6  212s
 429083 402949  -45.99620  131  110          -  -46.22061      -  21.6  216s
 438695 412066  -45.66139  190   90          -  -46.22061      -  21.7  221s
 448438 421420  -45.21650  242   70          -  -46.22061      -  21.7  226s
 461739 434440  -44.29722  314   50          -  -46.22061      -  21.8  232s
 466564 439000  -46.16814   62  155          -  -46.22050      -  21.8  235s
 476139 448081  -45.81385  168  104          -  -46.22050      -  21.9  241s
 486418 458216  -45.52289  216   89          -  -46.22050      -  21.9  247s
 496143 467370  -44.96769  260   72          -  -46.22050      -  22.0  251s
 505752 476846  -44.08316  311   46          -  -46.22050      -  22.0  256s
 515393 486275  -43.13519  338   41          -  -46.22050      -  22.1  260s
 529122 499529  -45.81040  168  101          -  -46.22034      -  22.2  267s
 534384 504765  -45.62083  195   88          -  -46.22034      -  22.3  270s
 544988 514456  -45.14293  239   71          -  -46.22034      -  22.3  275s
 554802 523875  -44.51559  277   60          -  -46.22034      -  22.3  280s
 569314 533454  -46.13312   78  142          -  -46.22026      -  22.3  286s
 574542 542933  -45.94856  137  110          -  -46.22026      -  22.4  290s
 584314 552312  -45.51100  200   80          -  -46.22026      -  22.4  296s
 593123 561164  -45.18672  235   69          -  -46.22026      -  22.4  302s
 598273 565920  -44.83614  259   61          -  -46.22026      -  22.4  305s
 608218 575373  -46.11885   84  138          -  -46.22009      -  22.5  312s
 613066 579926  -45.90327  146  102          -  -46.22009      -  22.5  315s
 622556 589039  -45.53218  202   89          -  -46.22009      -  22.5  322s
 627312 593261  -45.37824  218   87          -  -46.22009      -  22.5  326s
 636511 602228  -44.88744  257   61          -  -46.22009      -  22.6  333s
 641103 607023  -44.53642  273   59          -  -46.22009      -  22.7  336s
 650920 615639  -43.29484  320   46          -  -46.22009      -  22.7  341s
 655271 621859  -46.17656   57  159          -  -46.21999      -  22.7  346s
 661450 627137  -45.88098  144  109          -  -46.21999      -  22.8  350s
 672099 636873  -45.42961  203   85          -  -46.21999      -  22.8  357s
 677080 641516  -45.16894  228   71          -  -46.21999      -  22.8  360s
 686050 650875  -44.53612  282   51          -  -46.21999      -  22.9  365s
 696368 660352  -46.06463  103  122          -  -46.21998      -  22.9  371s
 706219 669726  -45.64186  183   94          -  -46.21998      -  23.0  375s
 716207 678836  -45.23906  230   81          -  -46.21998      -  23.0  380s
 725652 688047  -44.53890  275   68          -  -46.21998      -  23.0  385s
 734924 697011 infeasible  325               -  -46.21998      -  23.0  391s
 744415 706287  -45.85526  159  102          -  -46.21984      -  23.1  395s
 754274 714977  -45.38913  221   84          -  -46.21984      -  23.1  400s
 764072 725254  -44.94692  262   74          -  -46.21984      -  23.1  407s
 769072 730336  -44.56824  282   64          -  -46.21984      -  23.1  410s
 779129 739593  -46.03144  117  119          -  -46.21978      -  23.2  417s
 783875 744346  -45.82527  163   95          -  -46.21978      -  23.2  420s
 793432 753343  -45.41538  221   78          -  -46.21978      -  23.2  425s
 803081 762621  -44.51806  271   66          -  -46.21978      -  23.3  432s
 807895 767226  -43.00932  303   53          -  -46.21976      -  23.3  435s
 816988 776138  -45.99666  129  113          -  -46.21976      -  23.3  441s
 822135 780687  -45.79592  168  101          -  -46.21976      -  23.3  445s
 831603 790148  -45.28027  235   72          -  -46.21976      -  23.3  450s
 841539 796047  -44.46642  287   57          -  -46.21976      -  23.3  455s
 842792 813680  -44.38452  292   56          -  -46.21976      -  23.3  461s
 866280 823112  -45.69151  181   97          -  -46.21965      -  23.4  467s
 871094 826897  -45.49266  211   87          -  -46.21965      -  23.4  470s
 880642 837175  -45.03461  251   68          -  -46.21965      -  23.4  477s
 891083 847079  -44.11696  290   57          -  -46.21965      -  23.5  482s
 901207 856782  -45.98440  132  120          -  -46.21958      -  23.5  486s
 910664 861388  -45.54728  202   91          -  -46.21958      -  23.5  490s
 915916 871009  -45.37505  219   80          -  -46.21958      -  23.5  497s
 920978 875999  -45.13192  238   70          -  -46.21958      -  23.5  501s
 930799 884391  -44.04598  300   54          -  -46.21958      -  23.5  507s
 934752 889878 infeasible  321               -  -46.21957      -  23.6  511s
 945633 899727  -45.75670  165  102          -  -46.21952      -  23.6  517s
 950792 904604  -45.55983  188   93          -  -46.21952      -  23.6  520s
 960707 913997  -45.07871  238   74          -  -46.21952      -  23.6  526s
 970319 922922  -44.53218  275   64          -  -46.21952      -  23.6  531s
 979514 931159  -43.92006  308   65          -  -46.21952      -  23.7  536s
 988379 940197  -46.06282  105  127          -  -46.21947      -  23.7  542s
 993230 944892  -45.94042  139  108          -  -46.21947      -  23.7  545s
 1003209 955856  -45.61128  201   95          -  -46.21947      -  23.8  553s
 1009450 960935  -45.38411  227   85          -  -46.21947      -  23.7  556s
 1014865 965960  -45.17962  245   77          -  -46.21947      -  23.7  560s
 1024793 975108  -44.70644  279   60          -  -46.21947      -  23.7  567s
 1029576 979852  -44.41286  293   60          -  -46.21947      -  23.8  570s
 1039298 989525  -46.14729   67  149          -  -46.21940      -  23.8  575s
 1049705 999192  -45.78089  174  103          -  -46.21940      -  23.8  581s
 1059536 1008402  -45.37300  234   84          -  -46.21940      -  23.8  586s
 1069176 1017774  -44.75838  279   67          -  -46.21940      -  23.8  591s
 1077959 1027037  -43.85320  313   54          -  -46.21940      -  23.8  597s
 1083491 1031598  -46.13494   74  147          -  -46.21932      -  23.8  600s
 1093493 1041086  -45.79997  161  100          -  -46.21932      -  23.8  606s
 1102863 1049967  -45.46491  207   78          -  -46.21932      -  23.8  611s
 1112186 1059145  -45.10191  244   69          -  -46.21932      -  23.8  615s
 1121423 1068287  -44.72407  277   56          -  -46.21932      -  23.9  620s
 1131320 1076907  -43.45086  322   43          -  -46.21932      -  23.9  626s
 1140685 1086485  -46.00819  114  118          -  -46.21925      -  23.9  631s
 1150284 1095789  -45.56021  196   90          -  -46.21925      -  23.9  636s
 1160217 1105200  -45.11810  244   76          -  -46.21925      -  23.9  642s
 1165001 1109832  -44.78265  264   69          -  -46.21925      -  23.9  645s
 1174689 1118893  -44.01365  312   56          -  -46.21925      -  23.9  650s
 1180147 1150086 infeasible  333               -  -46.21925      -  23.9  662s
 1212014 1154624  -44.66643  275   70          -  -46.21911      -  23.9  665s
 1221827 1164250  -43.69914  332   47          -  -46.21911      -  23.9  671s
 1231618 1173531  -46.00342  126  115          -  -46.21910      -  23.9  677s
 1236528 1178320  -45.72164  175  102          -  -46.21910      -  23.9  680s
 1246530 1187446  -45.12867  247   78          -  -46.21910      -  23.9  686s
 1256234 1193313  -43.49584  306   61          -  -46.21910      -  23.9  690s
 1262887 1203903  -42.79389  333   52          -  -46.21910      -  23.9  695s
 1277539 1217418  -45.93906  136  111          -  -46.21901      -  23.9  702s
 1286883 1226428  -45.46428  210   91          -  -46.21901      -  23.9  707s
 1296372 1235290  -44.79880  260   72          -  -46.21901      -  23.9  712s
 1305823 1244911  -43.20869  320   60          -  -46.21901      -  23.9  717s
 1315636 1253841  -46.15957   57  159          -  -46.21899      -  23.9  721s
 1325393 1259778  -45.74879  174   99          -  -46.21899      -  23.9  726s
 1332304 1270094  -45.37746  215   86          -  -46.21899      -  23.9  731s
 1342332 1279042  -44.50037  278   71          -  -46.21899      -  23.9  735s
 1356787 1293280  -41.60769  359   47          -  -46.21899      -  23.9  742s
 1361586 1297863  -46.17483   41  173          -  -46.21891      -  23.9  745s
 1371833 1307366  -45.67767  178   92          -  -46.21891      -  23.9  750s
 1385685 1316894  -44.64855  270   82          -  -46.21891      -  23.9  755s
 1390689 1326224  -44.13869  300   73          -  -46.21891      -  23.9  760s
 1400879 1335485  -42.13980  354   58          -  -46.21891      -  23.9  766s
 1405601 1340204  -40.72588  377   47          -  -46.21891      -  23.9  770s
 1415269 1349418  -45.57736  177   98          -  -46.21888      -  23.9  776s
 1424804 1359154  -44.81214  237   81          -  -46.21888      -  23.9  781s
 1434502 1367841  -42.44614  296   67          -  -46.21888      -  23.9  786s
 1443793 1376175  postponed  339               -  -46.21888      -  23.9  791s
 1452769 1385588  -45.83942  154  101          -  -46.21882      -  23.9  796s
 1463109 1395139  -45.29739  231   87          -  -46.21882      -  23.9  801s
 1467959 1399996  -44.81719  267   72          -  -46.21882      -  23.9  805s
 1482796 1414058  -40.65682  359   51          -  -46.21878      -  23.9  811s
 1492256 1423496  -45.87924  147  116          -  -46.21878      -  23.9  817s
 1502522 1433159  -45.35033  219   87          -  -46.21878      -  23.9  822s
 1512415 1442550  -44.48495  270   63          -  -46.21878      -  23.9  826s
 1522614 1452366  -41.69471  331   53          -  -46.21875      -  23.9  831s
 1532037 1461044  -45.75672  164  106          -  -46.21875      -  23.9  835s
 1541324 1470052  -45.07043  244   85          -  -46.21875      -  23.9  840s
 1550744 1478815  -44.28461  291   54          -  -46.21875      -  23.9  845s
 1562646 1492023  -46.11552   86  137          -  -46.21872      -  23.9  852s
 1573509 1501955  -45.50485  199   97          -  -46.21872      -  23.9  857s
 1579114 1506927  -45.17202  237   75          -  -46.21872      -  23.9  860s
 1589471 1516270  -44.11113  309   57          -  -46.21872      -  23.9  865s
 1598923 1525342  -43.04779  351   44          -  -46.21872      -  23.9  870s
 1608275 1534717  -46.05753   99  124          -  -46.21868      -  23.9  875s
 1621951 1547919  -44.92125  238   80          -  -46.21868      -  24.0  882s
 1631223 1556600  -44.27784  292   67          -  -46.21868      -  24.0  887s
 1636340 1561632  -43.34834  332   54          -  -46.21868      -  23.9  891s
 1645782 1570675 infeasible  381               -  -46.21868      -  24.0  898s
 1650607 1576087  -46.10790   87  137          -  -46.21863      -  24.0  901s
 1661666 1585815  -45.54401  192   92          -  -46.21863      -  24.0  906s
 1671586 1594980  -44.70662  252   70          -  -46.21863      -  24.0  911s
 1680640 1604645  -43.42119  297   56          -  -46.21863      -  24.0  916s
 1690905 1614011  -45.90985  129  115          -  -46.21861      -  24.0  920s
 1700763 1623663  -45.17115  223   97          -  -46.21861      -  24.0  925s
 1710933 1633281  -44.17338  289   72          -  -46.21861      -  24.0  930s
 1725250 1642545  -45.80954  156  108          -  -46.21855      -  24.0  935s
 1734762 1656571  -45.13552  234   80          -  -46.21855      -  24.0  941s
 1745048 1665754  -43.68704  307   61          -  -46.21855      -  24.0  945s
 1754371 1674742 infeasible  362               -  -46.21855      -  24.0  950s
 1768153 1688600  -45.34733  201   97          -  -46.21854      -  24.0  957s
 1777694 1697572  -44.71347  260   89          -  -46.21854      -  24.0  962s
 1787478 1707040  -43.72557  317   64          -  -46.21854      -  24.0  967s
 1792680 1711736  -42.80336  356   54          -  -46.21854      -  24.0  970s
 1802516 1720987  -45.88500  142  115          -  -46.21852      -  24.0  975s
 1812190 1730120  -45.20852  220   92          -  -46.21852      -  24.0  980s
 1820779 1739245  -44.51601  269   81          -  -46.21852      -  24.0  985s
 1831188 1749171  -43.15983  334   64          -  -46.21852      -  24.0  990s
 1839647 1757748  -41.68955  385   53          -  -46.21852      -  24.0  995s
 1850374 1767489  -46.07048  101  129          -  -46.21849      -  24.0 1000s
 1860404 1777330  -45.40548  206   96          -  -46.21849      -  24.0 1005s
 1867143 1784139  -44.43130  265   75          -  -46.21849      -  24.0 1010s
 1878640 1795271  -43.55860  321   53          -  -46.21849      -  24.0 1015s
 1889343 1805279  postponed  371               -  -46.21849      -  24.0 1020s
 1899311 1814323  -45.57332  194   94          -  -46.21842      -  24.0 1025s
 1913346 1828059  -43.93337  309   75          -  -46.21842      -  24.0 1032s
 1918213 1833221  -43.33237  337   65          -  -46.21842      -  24.0 1035s
 1928419 1842188  -42.06748  381   52          -  -46.21842      -  24.0 1041s
 1938018 1851662  -40.31205  422   51          -  -46.21842      -  23.9 1046s
 1947619 1861272  -45.60241  176  100          -  -46.21836      -  23.9 1052s
 1952860 1865967  -44.87774  227   85          -  -46.21836      -  23.9 1055s
 1962282 1874914  -44.15170  281   71          -  -46.21836      -  23.9 1060s
 1971671 1884073  -42.98149  351   62          -  -46.21836      -  23.9 1065s
 1981748 1893581  -46.21283   24  189          -  -46.21834      -  23.9 1070s
 1991349 1901964  -45.62737  178   99          -  -46.21834      -  23.9 1075s
 2000471 1911686  -44.62163  261   81          -  -46.21834      -  23.9 1080s
 2010372 1920992  -43.59006  311   68          -  -46.21834      -  23.9 1085s
 2015763 1927503  -40.94872  341   62          -  -46.21834      -  23.9 1090s
 2027384 1937657  -45.62793  177  101          -  -46.21832      -  23.9 1096s
 2037115 1947001  -44.63219  268   77          -  -46.21832      -  23.9 1101s
 2047114 1956160  -43.81532  320   61          -  -46.21832      -  23.9 1106s
 2056559 1965123  -41.64624  369   56          -  -46.21832      -  23.9 1111s
 2066195 1975115  -46.07935   87  136          -  -46.21829      -  23.9 1116s
 2076230 1984195  -45.41453  201  101          -  -46.21829      -  23.9 1121s
 2085822 1992799  -44.76026  255   85          -  -46.21829      -  23.9 1125s
 2095034 2002118  -42.79313  335   61          -  -46.21829      -  23.9 1130s
 2105147 2007242 infeasible  388               -  -46.21829      -  23.9 1135s
 2111000 2017333  -45.92862  132  116          -  -46.21824      -  23.9 1140s
 2120602 2026551  -45.05555  232   93          -  -46.21824      -  23.9 1145s
 2130335 2036313  -44.14889  292   73          -  -46.21824      -  23.9 1150s
 2139873 2045021  -43.05145  337   62          -  -46.21824      -  23.9 1155s
 2149466 2054420  -46.16390   49  167          -  -46.21820      -  23.9 1161s
 2159010 2063924  -45.52352  185  100          -  -46.21820      -  23.9 1168s
 2164217 2069235  -45.04945  228   93          -  -46.21820      -  23.9 1172s
 2174734 2078329  -43.81632  305   74          -  -46.21820      -  23.8 1177s
 2183503 2086798  -43.04961  346   62          -  -46.21820      -  23.8 1182s
 2192623 2095963  -41.46663  381   48          -  -46.21820      -  23.8 1187s
 2197835 2126930  -46.06329  102  129          -  -46.21817      -  23.8 1197s
 2229867 2131625  -41.50944  359   58          -  -46.21817      -  23.8 1200s
 2239753 2141593  -45.65246  177  106          -  -46.21812      -  23.8 1205s
 2254747 2155999  -43.65921  301   71          -  -46.21812      -  23.8 1211s
 2265260 2165221  -41.92681  371   54          -  -46.21812      -  23.8 1216s
 2274505 2174955  -36.73398  420   52          -  -46.21812      -  23.8 1221s
 2284218 2183866  -45.41449  193  102          -  -46.21811      -  23.8 1226s
 2293436 2188672  -44.38611  267   80          -  -46.21811      -  23.8 1231s
 2293624 2219537  -44.38518  268   77          -  -46.21811      -  23.8 1240s
 2330353 2229943  -45.34270  205   94          -  -46.21808      -  23.8 1247s
 2336521 2235280  -44.67372  253   80          -  -46.21808      -  23.8 1250s
 2347399 2245305  -42.76400  332   64          -  -46.21808      -  23.8 1255s
 2357290 2254814  -45.93942  133  112          -  -46.21807      -  23.8 1261s
 2367183 2264550  -45.15575  237   92          -  -46.21807      -  23.8 1265s
 2377208 2274136  -43.76316  318   57          -  -46.21807      -  23.8 1270s
 2386979 2283811  -46.16270   58  164          -  -46.21804      -  23.8 1276s
 2397295 2292837  -45.45917  199   95          -  -46.21804      -  23.8 1280s
 2406639 2302101  -44.56323  266   78          -  -46.21804      -  23.8 1286s
 2416049 2311743  -43.71913  322   67          -  -46.21804      -  23.7 1291s
 2426025 2320573  -42.27490  384   55          -  -46.21804      -  23.8 1296s
 2435660 2329691 infeasible  422               -  -46.21804      -  23.8 1301s
 2445109 2339385  -45.79903  157  109          -  -46.21803      -  23.7 1306s
 2455016 2348665  -44.85336  242   79          -  -46.21803      -  23.7 1311s
 2464786 2357262  -43.03661  310   65          -  -46.21803      -  23.7 1316s
 2473814 2367097  -39.90294  386   59          -  -46.21803      -  23.7 1321s
 2484213 2377215  -45.88554  138  114          -  -46.21800      -  23.8 1326s
 2493074 2386176  -45.14841  221   95          -  -46.21800      -  23.8 1331s
 2504743 2396596  -43.48260  316   69          -  -46.21800      -  23.8 1337s
 2509610 2401646  -42.45258  351   60          -  -46.21800      -  23.8 1340s
 2520076 2406782  -46.02014  119  119          -  -46.21795      -  23.8 1345s
 2526176 2417610  -45.47401  190   99          -  -46.21795      -  23.8 1350s
 2536599 2427845  -44.36290  258   85          -  -46.21795      -  23.8 1356s
 2547177 2437475  -42.52357  325   57          -  -46.21795      -  23.8 1361s
 2557707 2448413  -46.02440  107  130          -  -46.21793      -  23.8 1367s
 2568648 2458554  -45.10552  237   86          -  -46.21793      -  23.8 1372s
 2579122 2468224  -44.14423  305   69          -  -46.21793      -  23.8 1376s
 2588655 2476895  -42.56867  372   49          -  -46.21793      -  23.8 1382s
 2597884 2486434  -40.38718  418   39          -  -46.21791      -  23.8 1386s
 2602951 2491732  -46.12865   72  152          -  -46.21791      -  23.8 1390s
 2613119 2500684  -45.48708  203   95          -  -46.21791      -  23.8 1395s
 2623217 2510445  -44.67695  274   78          -  -46.21791      -  23.8 1402s
 2632648 2519535  -43.43169  334   65          -  -46.21791      -  23.8 1406s
 2642625 2529252  -41.66326  388   47          -  -46.21791      -  23.8 1410s
 2652778 2539038  -45.96860  119  120          -  -46.21787      -  23.8 1415s
 2662513 2548862  -45.03120  232   89          -  -46.21787      -  23.8 1420s
 2672740 2558198  -43.32140  320   69          -  -46.21787      -  23.8 1425s
 2687059 2571741  -46.10171   79  146          -  -46.21784      -  23.8 1431s
 2697027 2581384  -45.17093  200   92          -  -46.21784      -  23.8 1436s
 2706486 2590644  -44.10288  268   77          -  -46.21784      -  23.7 1441s
 2716423 2600331  -41.79224  341   65          -  -46.21784      -  23.7 1447s
 2721170 2605520  -39.95850  387   57          -  -46.21784      -  23.7 1450s
 2731458 2614315  -45.96983  118  122          -  -46.21783      -  23.7 1455s
 2740862 2623828  -45.41619  205   93          -  -46.21783      -  23.7 1460s
 2750142 2633425  -44.23537  287   73          -  -46.21783      -  23.7 1465s
 2760225 2642463  -43.10640  339   57          -  -46.21783      -  23.7 1470s
 2769923 2651971  -40.35113  385   55          -  -46.21783      -  23.7 1475s
 2779375 2661299  -45.81675  149  111          -  -46.21780      -  23.7 1481s
 2784514 2666299  -45.44155  193   94          -  -46.21780      -  23.7 1485s
 2794458 2675681  -44.24327  269   71          -  -46.21780      -  23.7 1491s
 2803882 2681286  -43.17754  322   61          -  -46.21780      -  23.7 1495s
 2811098 2692483  -46.00227  117  126          -  -46.21778      -  23.7 1501s
 2820647 2701013  -45.40018  220   87          -  -46.21778      -  23.7 1507s
 2830522 2710361  -44.34780  296   73          -  -46.21778      -  23.7 1512s
 2840324 2720214  -40.61066  376   50          -  -46.21778      -  23.7 1517s
 2845736 2724798  -46.11941   67  152          -  -46.21774      -  23.7 1520s
 2855423 2734059  -45.46604  200   98          -  -46.21774      -  23.7 1525s
 2864570 2743073  -44.64894  265   74          -  -46.21774      -  23.7 1530s
 2875241 2753594  -42.05461  348   47          -  -46.21774      -  23.6 1537s
 2880567 2758610  -46.15686   62  156          -  -46.21771      -  23.6 1540s
 2890397 2767732  -45.63420  187   99          -  -46.21771      -  23.6 1545s
 2899873 2777614  -44.50684  266   68          -  -46.21771      -  23.6 1551s
 2909881 2786610  -41.41859  327   59          -  -46.21771      -  23.6 1556s
 2919549 2795108  -45.65424  168   99          -  -46.21769      -  23.6 1562s
 2928467 2804162  -44.82311  244   86          -  -46.21769      -  23.6 1567s
 2933122 2809349  -44.20350  281   65          -  -46.21769      -  23.6 1570s
 2943296 2818526  -42.21111  359   45          -  -46.21769      -  23.6 1576s
 2952949 2827689  -45.83164  151  107          -  -46.21769      -  23.6 1581s
 2962418 2837167  -45.01671  237   83          -  -46.21769      -  23.6 1585s
 2972668 2847345  -43.59724  319   67          -  -46.21769      -  23.6 1591s
 2983659 2857367  -46.06168   98  130          -  -46.21767      -  23.6 1596s
 2993195 2867161  -45.15552  214   89          -  -46.21767      -  23.6 1600s
 3003522 2876192  -44.39034  284   68          -  -46.21767      -  23.6 1605s
 3017620 2889847  -40.52453  390   52          -  -46.21767      -  23.6 1610s
 3027890 2899230  -46.05166  105  128          -  -46.21764      -  23.6 1616s
 3037091 2908755  -45.64323  191   97          -  -46.21764      -  23.5 1621s
 3046887 2918000  -44.80641  256   76          -  -46.21764      -  23.5 1626s
 3057320 2928031  -43.84397  316   65          -  -46.21764      -  23.5 1631s
 3066693 2937064  -46.02926  116  124          -  -46.21762      -  23.5 1636s
 3071685 2942144  -45.72396  181  105          -  -46.21762      -  23.5 1641s
 3080846 2951252  -45.05357  253   78          -  -46.21762      -  23.5 1647s
 3086133 2955917  -44.57587  292   70          -  -46.21762      -  23.5 1651s
 3096170 2965444  -43.36552  355   56          -  -46.21762      -  23.5 1657s
 3105716 2974232  -42.36897  397   46          -  -46.21762      -  23.5 1661s
 3110151 2979402  -40.37545  436   38          -  -46.21762      -  23.5 1665s
 3120275 2988758  -45.55460  190   93          -  -46.21760      -  23.5 1670s
 3129974 2997020  -44.75259  260   76          -  -46.21760      -  23.5 1675s
 3139453 3007570  -42.92800  334   56          -  -46.21760      -  23.5 1681s
 3149526 3016548  -46.01775  129  116          -  -46.21757      -  23.5 1686s
 3159093 3025936  -44.88828  236   79          -  -46.21757      -  23.5 1690s
 3171329 3038509  -42.81643  325   59          -  -46.21757      -  23.5 1697s
 3181044 3046801 infeasible  369               -  -46.21754      -  23.5 1702s
 3190592 3056370  -45.52157  204   97          -  -46.21754      -  23.5 1707s
 3200412 3066343  -44.57026  274   68          -  -46.21754      -  23.4 1712s
 3210595 3075613 infeasible  347               -  -46.21754      -  23.4 1717s
 3215559 3080044  -45.90103  133  108          -  -46.21752      -  23.4 1720s
 3223871 3088255  -45.17487  223   87          -  -46.21752      -  23.4 1727s
 3228787 3093161  -44.69931  261   74          -  -46.21752      -  23.4 1730s
 3239071 3102916  -41.43813  341   50          -  -46.21752      -  23.4 1736s
 3244145 3107648  -46.05365  111  127          -  -46.21750      -  23.4 1741s
 3248835 3112596  -45.81259  173  109          -  -46.21750      -  23.4 1745s
 3259470 3122540  -45.05263  250   85          -  -46.21750      -  23.4 1751s
 3269801 3132226  -43.61340  324   61          -  -46.21750      -  23.4 1756s
 3274571 3136981  -42.65376  350   52          -  -46.21750      -  23.4 1760s
 3284474 3146324  -46.02797   97  136          -  -46.21747      -  23.4 1766s
 3294214 3156371  -45.09835  220   91          -  -46.21747      -  23.4 1773s
 3299962 3161020  -44.58094  268   76          -  -46.21747      -  23.4 1776s
 3308688 3169223  -42.73613  344   51          -  -46.21747      -  23.4 1782s
 3313266 3174101  -41.23291  375   47          -  -46.21747      -  23.4 1785s
 3323183 3184212  -45.65755  177  102          -  -46.21745      -  23.4 1791s
 3333615 3193150  -44.75416  257   77          -  -46.21745      -  23.4 1796s
 3343363 3200340  -42.84314  327   57          -  -46.21745      -  23.4 1800s
 3350847 3210113  -45.88827  143  112          -  -46.21744      -  23.4 1806s
 3360623 3219887  -45.22780  234   86          -  -46.21744      -  23.4 1810s
 3371532 3229825  -44.23834  303   61          -  -46.21744      -  23.3 1816s
 3381089 3238895 infeasible  363               -  -46.21742      -  23.3 1821s
 3385906 3242077  -46.04532  101  128          -  -46.21742      -  23.3 1825s
 3396992 3254862  -45.22513  224   90          -  -46.21742      -  23.3 1830s
 3407975 3264886  -43.37648  324   67          -  -46.21742      -  23.3 1835s
 3423392 3279362  -46.19432   48  170          -  -46.21739      -  23.3 1841s
 3428726 3285041  -45.83131  160  106          -  -46.21739      -  23.3 1845s
 3444632 3299465  -44.11252  295   71          -  -46.21739      -  23.3 1851s
 3454640 3309210  -41.97217  357   60          -  -46.21739      -  23.3 1855s
 3464289 3317844  -46.18885   48  167          -  -46.21738      -  23.3 1860s
 3473461 3326924  -45.51233  191   97          -  -46.21738      -  23.3 1866s
 3483060 3336906  -44.35437  271   77          -  -46.21738      -  23.3 1872s
 3488594 3341563  -43.32573  317   71          -  -46.21738      -  23.3 1875s
 3498188 3350548  -41.26449  389   61          -  -46.21738      -  23.3 1881s
 3507702 3355323  -46.18644   59  159          -  -46.21735      -  23.3 1885s
 3512300 3364994  -45.91135  148  114          -  -46.21735      -  23.3 1891s
 3522462 3373888  -45.18523  240   88          -  -46.21735      -  23.3 1897s
 3527243 3378541  -44.35300  286   76          -  -46.21735      -  23.3 1900s
 3536920 3387707  -43.01650  336   62          -  -46.21735      -  23.3 1906s
 3547083 3397531  -45.84080  151  111          -  -46.21732      -  23.2 1912s
 3556556 3406463  -44.92921  247   77          -  -46.21732      -  23.2 1917s
 3561305 3410440  -44.21672  281   73          -  -46.21732      -  23.2 1920s
 3570530 3420571  -41.78905  363   53          -  -46.21732      -  23.2 1926s
 3580531 3429753  -45.87738  159  110          -  -46.21731      -  23.2 1931s
 3590205 3439040  -45.07965  240   79          -  -46.21731      -  23.2 1936s
 3600079 3448168  -43.78319  289   58          -  -46.21731      -  23.2 1941s
 3609903 3458659  -46.14686   67  152          -  -46.21728      -  23.2 1946s
 3620502 3468378  -45.50271  205   92          -  -46.21728      -  23.2 1950s
 3633233 3481209  -44.33322  289   69          -  -46.21728      -  23.2 1956s
 3643483 3490023  -42.28367  354   52          -  -46.21728      -  23.2 1961s
 3652816 3498778 infeasible  416               -  -46.21727      -  23.2 1966s
 3661917 3507845  -45.41795  206   91          -  -46.21727      -  23.2 1970s
 3671782 3517773  -44.63347  270   76          -  -46.21727      -  23.2 1975s
 3681948 3524300  -42.71117  340   55          -  -46.21727      -  23.2 1980s
 3689552 3534921  -40.02770  387   47          -  -46.21727      -  23.2 1986s
 3699885 3544669  -46.00749  116  123          -  -46.21725      -  23.2 1991s
 3709884 3553788  -45.41960  214   93          -  -46.21725      -  23.2 1996s
 3719805 3563276  -44.37200  297   65          -  -46.21725      -  23.2 2000s
 3728892 3572869  -42.02812  362   48          -  -46.21725      -  23.2 2005s
 3739343 3582150  -45.99890  117  116          -  -46.21721      -  23.2 2012s
 3744285 3586828  -45.74583  172  100          -  -46.21721      -  23.2 2015s
 3754100 3596022  -44.93918  244   77          -  -46.21721      -  23.2 2020s
 3764451 3606071  -42.27682  334   56          -  -46.21720      -  23.2 2027s
 3769483 3610650  -46.00416  118  123          -  -46.21720      -  23.2 2030s
 3778406 3619224  -45.49958  203   95          -  -46.21720      -  23.1 2035s
 3788234 3629364  -44.64115  275   75          -  -46.21720      -  23.1 2040s
 3798373 3638280  -43.34971  337   56          -  -46.21720      -  23.1 2047s
 3802976 3642888  -42.74587  356   57          -  -46.21720      -  23.1 2051s
 3807816 3647498  -41.39788  382   46          -  -46.21720      -  23.1 2055s
 3817666 3657636  -45.62692  172  101          -  -46.21718      -  23.1 2064s
 3823376 3661937  -45.29184  207   94          -  -46.21718      -  23.1 2068s
 3827904 3665912  -44.76130  245   86          -  -46.21718      -  23.1 2071s
 3836991 3670912  -42.54590  327   66          -  -46.21718      -  23.1 2076s
 3837153 3675655  -42.48587  329   64          -  -46.21718      -  23.1 2080s
 3847237 3685877  -39.23447  394   44          -  -46.21718      -  23.1 2088s
 3852863 3690411  -45.89285  137  113          -  -46.21715      -  23.1 2090s
 3862331 3699675  -45.15157  218   96          -  -46.21715      -  23.1 2096s
 3871797 3708804  -44.38689  281   73          -  -46.21715      -  23.1 2101s
 3876628 3713490  -43.69506  315   60          -  -46.21715      -  23.1 2105s
 3892093 3728103  -35.80210  414   48          -  -46.21715      -  23.1 2112s
 3901722 3737367  -45.62114  182  100          -  -46.21713      -  23.1 2117s
 3911900 3747155  -44.68554  260   74          -  -46.21713      -  23.1 2122s
 3921246 3756268  -43.56251  314   56          -  -46.21713      -  23.1 2126s
 3930907 3765446  -41.23268  383   42          -  -46.21713      -  23.1 2131s
 3936003 3796176 infeasible  416               -  -46.21713      -  23.1 2142s
 3968035 3801187  -41.47380  363   52          -  -46.21706      -  23.1 2145s
 3977844 3810365  -45.40771  189   95          -  -46.21706      -  23.1 2150s
 3992740 3824587  -43.53560  318   60          -  -46.21706      -  23.1 2156s
 4003136 3834640  -41.33504  384   53          -  -46.21706      -  23.0 2161s
 4012796 3843633  -38.83748  426   45          -  -46.21706      -  23.0 2167s
 4017366 3848323  -45.93201  136  110          -  -46.21704      -  23.0 2170s
 4027352 3858530  -45.22146  220   87          -  -46.21704      -  23.0 2175s
 4037723 3867534  -43.90251  294   67          -  -46.21704      -  23.0 2181s
 4042805 3873000  -42.75092  334   57          -  -46.21704      -  23.0 2186s
 4047801 3877759  -46.16419   68  152          -  -46.21703      -  23.0 2190s
 4058245 3888416  -45.40020  203   94          -  -46.21703      -  23.0 2196s
 4068374 3897101  -43.96302  277   72          -  -46.21703      -  23.0 2201s
 4077686 3906101  -41.66064  357   58          -  -46.21703      -  23.0 2205s
 4092001 3920573  -45.45192  204   91          -  -46.21702      -  23.0 2212s
 4102195 3929781  -44.23563  282   69          -  -46.21702      -  23.0 2217s
 4111905 3938583  -42.40716  340   55          -  -46.21702      -  23.0 2221s
 4121080 3943557  -45.98966  122  115          -  -46.21699      -  23.0 2225s
 4121269 3973988  -45.97066  125  116          -  -46.21699      -  23.0 2236s
 4158936 3983876  -46.01420  127  115          -  -46.21697      -  23.0 2242s
 4167951 3991995  -45.35182  220   84          -  -46.21697      -  23.0 2247s
 4172137 3996889  -45.00941  245   81          -  -46.21697      -  23.0 2250s
 4182389 4006964  -43.94614  297   63          -  -46.21697      -  23.0 2257s
 4187850 4011649  -40.89054  344   56          -  -46.21693      -  23.0 2260s
 4197553 4020905  -45.72234  184   99          -  -46.21693      -  23.0 2266s
 4206753 4029695  -44.86424  266   81          -  -46.21693      -  23.0 2272s
 4211553 4035176  -44.51290  293   74          -  -46.21693      -  23.0 2275s
 4221602 4043996  -43.37726  345   57          -  -46.21693      -  23.0 2281s
 4231107 4049135  -41.49739  397   45          -  -46.21693      -  22.9 2285s
 4237107 4059107  -46.07176   92  136          -  -46.21693      -  22.9 2292s
 4247754 4068773  -45.22649  212   94          -  -46.21693      -  22.9 2297s
 4257462 4077650  -44.06795  289   63          -  -46.21693      -  22.9 2301s
 4266381 4086666  -42.58614  352   52          -  -46.21693      -  22.9 2306s
 4276047 4096891  -45.79242  169  108          -  -46.21693      -  22.9 2311s
 4286386 4105710  -44.81485  253   82          -  -46.21693      -  22.9 2316s
 4295832 4114828  -43.41032  311   62          -  -46.21693      -  22.9 2320s
 4305224 4124613  -41.38105  352   47          -  -46.21690      -  22.9 2325s
 4315602 4134468  -45.45794  198  103          -  -46.21690      -  22.9 2330s
 4325981 4144174  -44.66992  265   79          -  -46.21690      -  22.9 2335s
 4341728 4158881  -42.46415  366   52          -  -46.21690      -  22.9 2341s
 4351389 4168104  -38.83869  425   42          -  -46.21690      -  22.9 2347s
 4355994 4172605  -45.88250  154  104          -  -46.21688      -  22.9 2350s
 4365590 4182586  -44.72084  264   74          -  -46.21688      -  22.9 2357s
 4371152 4187392  -43.90511  312   60          -  -46.21688      -  22.9 2360s
 4380578 4196329  -41.57300  380   50          -  -46.21688      -  22.9 2366s
 4389938 4205495  -45.87669  161  103          -  -46.21686      -  22.9 2371s
 4400053 4215475  -44.99263  251   81          -  -46.21686      -  22.9 2376s
 4410580 4225595  -43.81208  304   66          -  -46.21686      -  22.9 2381s
 4420515 4234856  -42.09439  362   52          -  -46.21686      -  22.9 2386s
 4430715 4244194  -38.66088  421   49          -  -46.21686      -  22.9 2390s
 4440252 4253811  -45.40917  197   97          -  -46.21684      -  22.9 2395s
 4454552 4267943  -42.88447  320   60          -  -46.21684      -  22.9 2402s
 4464360 4277256  -46.08814   95  135          -  -46.21682      -  22.9 2406s
 4474618 4286736  -45.34512  224   86          -  -46.21682      -  22.9 2411s
 4483768 4295972  -44.68299  278   67          -  -46.21682      -  22.9 2416s
 4493758 4305254  -42.15021  344   58          -  -46.21679      -  22.9 2422s
 4498616 4309064  -46.04997  117  120          -  -46.21679      -  22.9 2425s
 4508003 4318889  -44.88930  241   88          -  -46.21679      -  22.9 2430s
 4518560 4328447  -43.60800  308   59          -  -46.21679      -  22.8 2435s
 4527590 4337840  -45.92309  125  120          -  -46.21679      -  22.9 2440s
 4537637 4347552  -44.83289  246   88          -  -46.21679      -  22.9 2445s
 4547967 4357240  -43.46609  321   64          -  -46.21679      -  22.9 2450s
 4561990 4370737  -46.07054   98  141          -  -46.21676      -  22.9 2456s
 4571900 4380578  -45.24812  227   93          -  -46.21676      -  22.8 2461s
 4582150 4389683  -43.73764  320   72          -  -46.21676      -  22.8 2466s
 4591279 4398845  -41.77396  387   56          -  -46.21676      -  22.8 2471s
 4601243 4408433  -46.10377  112  126          -  -46.21675      -  22.8 2477s
 4606211 4413324  -45.78263  178   96          -  -46.21675      -  22.8 2480s
 4618221 4423980  -44.62476  265   64          -  -46.21675      -  22.8 2486s
 4627564 4433603  -43.07904  332   47          -  -46.21675      -  22.8 2490s
 4638078 4443430  -45.76151  162  109          -  -46.21675      -  22.8 2495s
 4652419 4457222  -44.27439  293   75          -  -46.21675      -  22.8 2502s
 4662025 4467075  -42.29735  372   54          -  -46.21675      -  22.8 2506s
 4672078 4475879  -39.32844  448   42          -  -46.21675      -  22.8 2512s
 4681776 4485377  -45.92763  157  101          -  -46.21672      -  22.8 2516s
 4691492 4495516  -45.28813  240   79          -  -46.21672      -  22.8 2521s
 4701859 4500238  -44.50640  301   55          -  -46.21672      -  22.8 2526s
 4707027 4509296  -44.01477  317   52          -  -46.21672      -  22.8 2531s
 4716299 4518866  -42.39362  363   42          -  -46.21672      -  22.8 2536s
 4726490 4528497  -45.81880  158  110          -  -46.21670      -  22.8 2541s
 4736548 4538342  -44.68546  255   84          -  -46.21670      -  22.8 2546s
 4746089 4547162  -43.69522  311   65          -  -46.21670      -  22.8 2552s
 4756257 4556511  -38.97816  392   48          -  -46.21670      -  22.8 2556s
 4765366 4566039  -45.68050  171  109          -  -46.21668      -  22.8 2562s
 4770336 4570804  -45.12119  230   89          -  -46.21668      -  22.8 2566s
 4779942 4580462  -43.96708  304   64          -  -46.21668      -  22.8 2571s
 4789960 4589927  -46.01064  125  119          -  -46.21666      -  22.8 2575s
 4800137 4599125  -44.79863  246   88          -  -46.21666      -  22.8 2580s
 4809985 4609536  -43.39882  314   69          -  -46.21666      -  22.8 2585s
 4820257 4618416  -41.47217  371   53          -  -46.21666      -  22.8 2590s
 4834451 4632132  -45.47801  195   94          -  -46.21665      -  22.8 2596s
 4844456 4641880  -44.11478  290   78          -  -46.21665      -  22.8 2601s
 4853786 4650839  -42.38952  361   60          -  -46.21665      -  22.8 2606s
 4863586 4660550  -38.70027  425   47          -  -46.21665      -  22.8 2610s
 4873935 4670420  -45.16654  219   97          -  -46.21663      -  22.8 2616s
 4884079 4680600  -43.46787  301   75          -  -46.21663      -  22.8 2621s
 4894684 4689779  -41.78995  360   62          -  -46.21663      -  22.8 2626s
 4904544 4699716  -46.07567  100  131          -  -46.21661      -  22.8 2631s
 4913966 4708827  -45.23215  226   88          -  -46.21661      -  22.8 2637s
 4923661 4718071  -43.79873  310   66          -  -46.21661      -  22.8 2641s
 4933815 4727886  -41.28930  391   53          -  -46.21661      -  22.8 2646s
 4938508 4732581  -40.39777  411   42          -  -46.21661      -  22.8 2650s
 4947863 4741446 infeasible  424               -  -46.21660      -  22.8 2657s
 4952720 4746503  -45.96689  127  116          -  -46.21660      -  22.8 2660s
 4963490 4756389  -44.98585  243   93          -  -46.21660      -  22.7 2667s
 4973113 4765879  -43.80601  304   70          -  -46.21660      -  22.7 2672s
 4978077 4770581  -42.40088  349   52          -  -46.21660      -  22.7 2675s
 4987298 4774937  -46.09631   89  141          -  -46.21660      -  22.7 2680s
 4987488 4805706  -46.06834   95  138          -  -46.21660      -  22.7 2689s
 5019520 4810469  -41.12829  377   47          -  -46.21660      -  22.7 2691s
 5029661 4820158  -45.81126  161  107          -  -46.21657      -  22.7 2696s
 5039754 4829639  -44.39662  266   79          -  -46.21657      -  22.7 2701s
 5049298 4839202  -42.72825  345   60          -  -46.21657      -  22.7 2706s
 5059426 4848201  -38.88953  410   46          -  -46.21657      -  22.7 2710s
 5069107 4857783  -45.38466  213   98          -  -46.21656      -  22.7 2715s
 5084353 4872439  -43.58863  329   63          -  -46.21656      -  22.7 2721s
 5094040 4881783  -42.42822  369   53          -  -46.21656      -  22.7 2725s
 5103687 4891516  -37.28185  443   38          -  -46.21656      -  22.7 2731s
 5114524 4901515  -45.39321  206   95          -  -46.21655      -  22.7 2735s
 5124025 4910503  -44.31886  277   73          -  -46.21655      -  22.7 2740s
 5133906 4920013  -42.05496  356   50          -  -46.21655      -  22.7 2747s
 5138614 4925370  -46.20112   41  173          -  -46.21654      -  22.7 2750s
 5149358 4934802  -45.01749  238   89          -  -46.21654      -  22.7 2756s
 5158534 4943590  -43.48459  327   66          -  -46.21654      -  22.7 2761s
 5168065 4953087  -42.39875  376   46          -  -46.21654      -  22.7 2768s
 5173065 4958029  -40.63852  406   43          -  -46.21654      -  22.7 2772s
 5178355 4963094  -45.96769  123  128          -  -46.21654      -  22.7 2775s
 5188486 4972379  -44.76754  260   74          -  -46.21654      -  22.7 2780s
 5197965 4979420  -43.72104  328   57          -  -46.21654      -  22.7 2785s
 5210932 4994861 infeasible  431               -  -46.21652      -  22.7 2793s
 5216539 4999299  -45.76595  164  111          -  -46.21652      -  22.7 2795s
 5226766 5009434  -44.53106  254   81          -  -46.21652      -  22.7 2801s
 5237273 5019204  -43.30460  329   57          -  -46.21652      -  22.7 2806s
 5246339 5028537  -39.80980  392   46          -  -46.21652      -  22.7 2811s
 5257420 5039182  -45.71905  177  104          -  -46.21651      -  22.7 2817s
 5268224 5048692  -44.21572  276   79          -  -46.21651      -  22.6 2821s
 5277884 5058101  -42.99746  344   62          -  -46.21651      -  22.6 2826s
 5287427 5067420  -40.28884  405   47          -  -46.21651      -  22.6 2831s
 5297874 5077267  -46.14437   72  154          -  -46.21649      -  22.6 2836s
 5307336 5086566  -45.03235  228   92          -  -46.21649      -  22.6 2840s
 5321443 5100591  -42.71728  338   61          -  -46.21649      -  22.6 2847s
 5331826 5110037  -46.13788   78  148          -  -46.21648      -  22.6 2851s
 5336785 5114978  -45.77754  174  109          -  -46.21648      -  22.6 2856s
 5346838 5124420  -44.61235  269   77          -  -46.21648      -  22.6 2861s
 5357005 5133751  -42.36153  342   50          -  -46.21648      -  22.6 2867s
 5366486 5143493  -45.88184  147  112          -  -46.21647      -  22.6 2871s
 5376428 5152879  -44.69354  253   83          -  -46.21647      -  22.6 2876s
 5387050 5162955  -43.19085  328   59          -  -46.21647      -  22.6 2882s
 5396408 5171603  -40.94613  383   50          -  -46.21647      -  22.6 2887s
 5405659 5180036  -45.27547  218  102          -  -46.21646      -  22.6 2892s
 5409929 5184933  -44.80483  261   87          -  -46.21646      -  22.6 2895s
 5420909 5194644  -43.48036  341   65          -  -46.21646      -  22.6 2901s
 5430011 5203901  -41.09436  409   54          -  -46.21646      -  22.6 2907s
 5434934 5208851  -40.41050  431   48          -  -46.21646      -  22.6 2912s
 5444994 5218757  -45.68876  179  110          -  -46.21645      -  22.6 2917s
 5450437 5223308  -45.12514  245   89          -  -46.21645      -  22.6 2920s
 5464148 5236704  -42.68381  370   59          -  -46.21645      -  22.6 2927s
 5474135 5246642  -40.35858  423   44          -  -46.21645      -  22.6 2932s
 5484508 5256079  -45.59269  196   95          -  -46.21643      -  22.6 2936s
 5494809 5265989  -44.31989  293   68          -  -46.21643      -  22.6 2942s
 5499896 5270686  -43.72886  332   54          -  -46.21643      -  22.6 2945s
 5514724 5285195  -45.54566  196   97          -  -46.21643      -  22.6 2952s
 5524931 5294423  -44.05034  296   75          -  -46.21643      -  22.6 2957s
 5530329 5300219  -42.39961  343   66          -  -46.21643      -  22.6 2960s
 5541675 5310267  -46.20167   39  174          -  -46.21641      -  22.6 2965s
 5551221 5319274  -45.60171  211   93          -  -46.21641      -  22.5 2970s
 5564776 5333376  -43.07475  336   50          -  -46.21641      -  22.5 2977s
 5574728 5342091  -45.97154  137  116          -  -46.21640      -  22.5 2981s
 5584363 5351401  -45.09043  242   88          -  -46.21640      -  22.5 2985s
 5594608 5361762  -41.81115  346   62          -  -46.21640      -  22.5 2990s
 5609731 5372495  -44.98505  236   95          -  -46.21640      -  22.5 2996s
 5616451 5382715  -43.86254  299   88          -  -46.21640      -  22.5 3000s
 5627539 5393548  -41.39607  381   63          -  -46.21640      -  22.5 3006s
 5637847 5402138  -36.11735  463   48          -  -46.21640      -  22.5 3012s
 5642450 5406810  -45.89864  141  113          -  -46.21638      -  22.5 3015s
 5652259 5416233  -44.70784  267   89          -  -46.21638      -  22.5 3023s
 5657113 5421536  -43.74663  319   80          -  -46.21638      -  22.5 3026s
 5662734 5426276  -42.47790  361   67          -  -46.21638      -  22.5 3030s
 5672334 5434115 infeasible  424               -  -46.21637      -  22.5 3037s
 5675896 5439214  -46.00529  114  133          -  -46.21637      -  22.5 3041s
 5686523 5450191  -44.86523  252   82          -  -46.21637      -  22.5 3046s
 5697565 5459182  -42.96237  347   57          -  -46.21637      -  22.5 3052s
 5707333 5468972  -46.00821  118  124          -  -46.21636      -  22.5 3056s
 5712218 5473423  -45.55963  203   98          -  -46.21636      -  22.5 3060s
 5722644 5484132  -43.83436  297   72          -  -46.21636      -  22.5 3066s
 5733534 5494022  -42.01280  361   49          -  -46.21636      -  22.4 3072s
 5743327 5503159  -38.84655  405   45          -  -46.21636      -  22.4 3077s
 5748012 5508270  -46.06145  124  126          -  -46.21634      -  22.4 3080s
 5758916 5518322  -44.91311  253   76          -  -46.21634      -  22.4 3085s
 5768659 5527387  -42.81662  330   63          -  -46.21634      -  22.4 3090s
 5777749 5562388  -36.74036  409   50          -  -46.21633      -  22.4 3101s
 5814907 5572023  -45.98640  136  121          -  -46.21630      -  22.4 3106s
 5825544 5581831  -45.09623  239   79          -  -46.21630      -  22.4 3110s
 5839870 5596657  -42.99933  335   56          -  -46.21630      -  22.4 3118s
 5845737 5600256  -40.14102  379   48          -  -46.21630      -  22.4 3120s
 5854772 5609958  -46.19605   49  169          -  -46.21630      -  22.4 3126s
 5864936 5619071  -45.21549  222   85          -  -46.21630      -  22.4 3131s
 5874982 5629344  -43.68990  303   70          -  -46.21630      -  22.4 3137s
 5884891 5638444  -42.17519  359   50          -  -46.21630      -  22.4 3141s
 5890011 5643040  -41.31631  381   45          -  -46.21629      -  22.4 3145s
 5899952 5653696  -45.75425  189   99          -  -46.21628      -  22.4 3150s
 5910469 5662892  -44.24441  308   64          -  -46.21628      -  22.4 3155s
 5924662 5676267  -46.12832   94  136          -  -46.21628      -  22.4 3161s
 5935449 5686531  -45.17716  238   84          -  -46.21628      -  22.4 3166s
 5944169 5695273  -44.12238  299   63          -  -46.21628      -  22.3 3170s
 5954025 5704697  -39.07040  384   49          -  -46.21628      -  22.3 3175s
 5969564 5719301  -44.80066  258   69          -  -46.21627      -  22.3 3181s
 5977890 5728116  -42.79898  321   55          -  -46.21627      -  22.3 3185s
 5988085 5738313  -45.63968  188   97          -  -46.21626      -  22.3 3190s
 5998601 5746203  -44.30967  287   67          -  -46.21626      -  22.3 3195s
 6007644 5755921  -40.45480  350   52          -  -46.21626      -  22.3 3200s
 6017550 5766452  -45.76129  191   98          -  -46.21625      -  22.3 3205s
 6030668 5777791  -43.08796  333   52          -  -46.21625      -  22.3 3210s
 6045622 5792266  -46.08505  114  123          -  -46.21624      -  22.3 3216s
 6056541 5802716  -45.09581  257   79          -  -46.21624      -  22.3 3220s
 6070518 5816208  -42.79570  355   54          -  -46.21624      -  22.3 3228s
 6075387 5820440 infeasible  380               -  -46.21624      -  22.3 3230s
 6086046 5830232  -45.46079  212   85          -  -46.21623      -  22.3 3237s
 6090438 5835458  -45.02061  246   78          -  -46.21623      -  22.3 3242s
 6095644 5840458  -44.61291  277   67          -  -46.21623      -  22.3 3246s
 6105490 5849478  postponed  353               -  -46.21623      -  22.3 3251s
 6116060 5859786  -46.05361  122  126          -  -46.21622      -  22.3 3257s
 6125707 5868485  -44.99429  240   77          -  -46.21622      -  22.3 3261s
 6135062 5877824  -43.79579  308   62          -  -46.21622      -  22.3 3266s
 6145419 5887905 infeasible  377               -  -46.21622      -  22.2 3271s
 6155627 5897544  -45.66559  184   97          -  -46.21622      -  22.2 3276s
 6165319 5906806  -44.69133  265   77          -  -46.21622      -  22.2 3280s
 6175726 5916966  -43.32267  339   54          -  -46.21622      -  22.2 3286s
 6185991 5926951  -41.25700  404   38          -  -46.21621      -  22.2 3291s
 6196484 5936851  -45.78635  178  104          -  -46.21620      -  22.2 3296s
 6207010 5946946  -44.39747  279   74          -  -46.21620      -  22.2 3301s
 6216696 5956151  -41.14238  358   60          -  -46.21619      -  22.2 3307s
 6221546 5960883  -46.19775   52  166          -  -46.21619      -  22.2 3310s
 6231545 5971140  -45.33001  227   90          -  -46.21619      -  22.2 3315s
 6242039 5980705  -44.19527  311   57          -  -46.21619      -  22.2 3320s
 6256512 5994467  -40.76173  397   46          -  -46.21619      -  22.2 3326s
 6261521 6000173  -45.90797  150  115          -  -46.21618      -  22.2 3330s
 6272145 6009513  -44.56952  277   82          -  -46.21618      -  22.2 3337s
 6277121 6014039  -43.52414  315   77          -  -46.21618      -  22.2 3340s
 6286471 6023533  -39.56252  380   61          -  -46.21618      -  22.2 3346s
 6297769 6033635  -45.53677  219   96          -  -46.21617      -  22.2 3350s
 6312108 6047287  -43.58288  336   56          -  -46.21617      -  22.2 3356s
 6321439 6057505  -40.37492  392   48          -  -46.21617      -  22.2 3361s
 6332022 6065854  -45.65512  197   98          -  -46.21616      -  22.2 3365s
 6345298 6079571  -43.65424  312   68          -  -46.21616      -  22.2 3371s
 6355851 6089470  -40.74535  387   51          -  -46.21616      -  22.1 3376s
 6365305 6098359  -45.77170  178  103          -  -46.21615      -  22.1 3380s
 6375165 6107563  -44.29405  289   76          -  -46.21615      -  22.1 3386s
 6385785 6117772  -40.82513  383   52          -  -46.21614      -  22.1 3391s
 6395036 6126909  -45.66566  187  101          -  -46.21614      -  22.1 3396s
 6404495 6136115  -44.24314  297   73          -  -46.21614      -  22.1 3400s
 6419751 6150182  -42.49718  367   49          -  -46.21614      -  22.1 3407s
 6424273 6155418  -46.21395   29  184          -  -46.21613      -  22.1 3410s
 6439174 6170093  -44.95410  260   77          -  -46.21613      -  22.1 3417s
 6445004 6174489  -43.77246  311   61          -  -46.21613      -  22.1 3420s
 6454451 6183688  -39.25000  386   52          -  -46.21613      -  22.1 3426s
 6464165 6192590  -45.24069  220   88          -  -46.21612      -  22.1 3431s
 6473782 6200151  -43.75781  305   67          -  -46.21612      -  22.1 3436s
 6476467 6206354  -42.77201  344   56          -  -46.21612      -  22.1 3440s
 6488839 6217186  -46.11005   94  133          -  -46.21610      -  22.1 3447s
 6494342 6222118  -45.71485  191   99          -  -46.21610      -  22.1 3450s
 6505243 6232418  -44.60712  281   66          -  -46.21610      -  22.1 3455s
 6514807 6241198  -42.67040  353   49          -  -46.21610      -  22.1 3460s
 6524221 6246888  -45.95378  149  111          -  -46.21609      -  22.1 3465s
 6530990 6257673  -45.12039  240   88          -  -46.21609      -  22.1 3472s
 6536847 6261967  -44.23231  288   79          -  -46.21609      -  22.1 3475s
 6546302 6271152  -42.87020  353   58          -  -46.21609      -  22.1 3481s
 6555636 6280522  -37.15572  430   46          -  -46.21609      -  22.1 3486s
 6566925 6290723  -45.43907  220   84          -  -46.21608      -  22.1 3491s
 6576063 6299831  -44.36009  297   75          -  -46.21608      -  22.1 3495s
 6589674 6312206  -42.80991  372   48          -  -46.21608      -  22.0 3501s
 6600893 6324074  -46.19249   57  159          -  -46.21607      -  22.0 3506s
 6611313 6333985  -45.09245  246   79          -  -46.21607      -  22.0 3510s
 6620750 6341408  -43.26177  332   57          -  -46.21607      -  22.0 3515s
 6631893 6354089 infeasible  421               -  -46.21607      -  22.0 3520s
 6643029 6364376  -44.90218  245   95          -  -46.21606      -  22.0 3525s
 6653013 6374474  -43.37125  329   70          -  -46.21606      -  22.0 3530s
 6664003 6380991  -41.01512  405   51          -  -46.21606      -  22.0 3535s
 6670903 6390797 infeasible  437               -  -46.21606      -  22.0 3542s
 6676046 6395708  -46.05072  132  112          -  -46.21605      -  22.0 3545s
 6685587 6405832  -45.07740  251   85          -  -46.21605      -  22.0 3551s
 6696387 6414917  -43.56613  336   62          -  -46.21605      -  22.0 3556s
 6705624 6423698  -39.88638  398   51          -  -46.21605      -  22.0 3562s
 6710350 6428355  -45.97955  140  115          -  -46.21604      -  22.0 3566s
 6717892 6440611  -45.13949  235   89          -  -46.21604      -  22.0 3572s
 6733573 6450564  -40.17126  398   47          -  -46.21604      -  22.0 3577s
 6738451 6455984 infeasible  417               -  -46.21604      -  22.0 3580s
 6750285 6466222  -45.38322  241   77          -  -46.21603      -  22.0 3585s
 6759735 6475384  -44.02974  323   57          -  -46.21603      -  22.0 3591s
 6764521 6479531  -43.61041  347   51          -  -46.21603      -  22.0 3595s
 6773724 6489931  -46.12764   91  138          -  -46.21602      -  22.0 3601s
 6784311 6499249  -45.14566  235   90          -  -46.21602      -  22.0 3606s
 6794598 6508870  -43.25777  314   69          -  -46.21602      -  22.0 3611s
 6804272 6519136  -41.01486  380   46          -  -46.21602      -  21.9 3615s
 6814877 6527790  -45.75586  197   98          -  -46.21600      -  21.9 3620s
 6828933 6540626  -44.22500  313   61          -  -46.21600      -  21.9 3626s
 6837833 6550828  -41.65719  375   50          -  -46.21600      -  21.9 3630s
 6848663 6559835  -45.66035  202   98          -  -46.21600      -  21.9 3635s
 6858001 6569123  -44.83448  274   63          -  -46.21600      -  21.9 3640s
 6867598 6579307 infeasible  347               -  -46.21600      -  21.9 3646s
 6878304 6588667  -45.62996  217   88          -  -46.21598      -  21.9 3652s
 6888310 6598041  -44.76106  290   62          -  -46.21598      -  21.9 3656s
 6898215 6608464  -41.38132  357   47          -  -46.21598      -  21.9 3660s
 6908745 6617569  -45.36623  220   88          -  -46.21597      -  21.9 3665s
 6923394 6631464  -42.74568  344   47          -  -46.21597      -  21.9 3670s
 6933301 6641762  -45.88583  150  115          -  -46.21597      -  21.9 3675s
 6943853 6651063  -44.49113  276   81          -  -46.21597      -  21.9 3680s
 6953684 6660326  -41.85631  358   53          -  -46.21597      -  21.9 3686s
 6958691 6666118  -46.09749  112  124          -  -46.21596      -  21.9 3690s
 6967899 6674250  -45.18758  242   86          -  -46.21596      -  21.9 3696s
 6978044 6683822  -43.49295  321   63          -  -46.21596      -  21.9 3701s
 6983336 6688250  -42.59676  358   54          -  -46.21596      -  21.9 3705s
 6994211 6699144  -45.79424  165  107          -  -46.21595      -  21.9 3711s
 7004064 6707877  -44.29948  281   73          -  -46.21595      -  21.8 3716s
 7013743 6716813  -41.45207  355   55          -  -46.21595      -  21.8 3720s
 7024521 6727401  -46.05804  133  119          -  -46.21594      -  21.8 3725s
 7038334 6740562  -45.03656  261   68          -  -46.21594      -  21.8 3731s
 7047525 6750405  -43.91128  303   52          -  -46.21594      -  21.8 3735s
 7063076 6763563  -45.72539  190   97          -  -46.21593      -  21.8 3741s
 7072401 6773225  -44.28220  287   71          -  -46.21593      -  21.8 3747s
 7077537 6779075  -43.38420  332   55          -  -46.21593      -  21.8 3751s
 7086963 6787628 infeasible  362               -  -46.21593      -  21.8 3756s
 7097552 6797113  -45.51944  224   87          -  -46.21593      -  21.8 3762s
 7102582 6802190  -45.15205  258   79          -  -46.21593      -  21.8 3765s
 7113925 6812244  -43.55074  336   53          -  -46.21593      -  21.8 3772s
 7118302 6817335  -42.62901  366   41          -  -46.21593      -  21.8 3775s
 7128643 6826817  -45.60645  196   95          -  -46.21592      -  21.8 3783s
 7133685 6831211  -44.78944  254   79          -  -46.21592      -  21.8 3786s
 7138265 6836622  -44.25782  286   66          -  -46.21592      -  21.8 3791s
 7148824 6846132  -45.99818  140  116          -  -46.21590      -  21.8 3798s
 7154037 6850262  -45.50840  211   89          -  -46.21590      -  21.8 3801s
 7163409 6859897  -43.69054  308   64          -  -46.21590      -  21.8 3806s
 7173650 6869921  -46.18234   60  160          -  -46.21589      -  21.8 3810s
 7189416 6884430  -44.65146  267   72          -  -46.21589      -  21.8 3816s
 7199305 6894680  -46.09939  110  129          -  -46.21589      -  21.7 3820s
 7210134 6904563  -44.88382  265   72          -  -46.21589      -  21.7 3825s
 7220634 6913622  -42.62550  336   52          -  -46.21589      -  21.7 3830s
 7229598 6923618  -45.88552  163  109          -  -46.21587      -  21.7 3835s
 7240551 6932959  -44.30546  280   74          -  -46.21587      -  21.7 3840s
 7254770 6945966  -41.49661  354   44          -  -46.21587      -  21.7 3846s
 7265090 6955995  -45.73437  187  103          -  -46.21587      -  21.7 3851s
 7274910 6964800  -44.40349  275   72          -  -46.21587      -  21.7 3856s
 7284152 6974118  -42.39372  347   55          -  -46.21587      -  21.7 3860s
 7294818 6984220  -45.91200  159  107          -  -46.21586      -  21.7 3865s
 7304722 6993488  -44.50729  269   75          -  -46.21586      -  21.7 3870s
 7314492 7002974  -43.14850  342   58          -  -46.21586      -  21.7 3876s
 7319395 7008474  -42.42036  373   50          -  -46.21586      -  21.7 3881s
 7330587 7019020  -45.11054  230   87          -  -46.21585      -  21.7 3888s
 7336400 7023946  -44.20689  272   74          -  -46.21585      -  21.7 3892s
 7341422 7028627  -42.90726  318   56          -  -46.21585      -  21.7 3896s
 7351381 7039381  -45.74372  178  106          -  -46.21584      -  21.7 3903s
 7357922 7043729  -44.68559  256   83          -  -46.21584      -  21.7 3906s
 7367023 7052464  -43.01309  341   52          -  -46.21584      -  21.7 3911s
 7376010 7061376  -46.20158   48  167          -  -46.21583      -  21.7 3917s
 7380900 7066945  -45.90139  183   99          -  -46.21583      -  21.7 3920s
 7391703 7076279  -44.42004  293   67          -  -46.21583      -  21.6 3927s
 7396864 7081232  -42.42342  347   55          -  -46.21583      -  21.6 3931s
 7407030 7090985  -45.97837  159  115          -  -46.21583      -  21.6 3937s
 7412290 7096996  -45.49737  222   84          -  -46.21583      -  21.6 3940s
 7422575 7105572  -43.82581  305   64          -  -46.21583      -  21.6 3945s
 7437645 7120147  -45.82137  189  100          -  -46.21582      -  21.6 3951s
 7448619 7130183  -44.27851  289   63          -  -46.21582      -  21.6 3956s
 7458667 7139852  -46.08082  119  126          -  -46.21581      -  21.6 3960s
 7468594 7148666  -45.28845  250   74          -  -46.21581      -  21.6 3965s
 7483767 7163613  -45.99710  141  116          -  -46.21580      -  21.6 3971s
 7488783 7168762  -45.40559  224   92          -  -46.21580      -  21.6 3975s
 7504013 7184413  -46.06485  109  126          -  -46.21580      -  21.6 3982s
 7515086 7192776  -45.32138  248   84          -  -46.21580      -  21.6 3986s
 7524219 7201897  -43.57207  332   56          -  -46.21580      -  21.6 3990s
 7539856 7216897  -45.13549  244   82          -  -46.21578      -  21.6 3996s
 7549455 7226085  -42.94922  339   57          -  -46.21578      -  21.5 4000s
 7563707 7240658  -46.05089  118  122          -  -46.21578      -  21.5 4006s
 7574464 7249923  -44.85238  269   71          -  -46.21578      -  21.5 4010s
 7584722 7257978 infeasible  335               -  -46.21578      -  21.5 4016s
 7588006 7262878  -46.21455   26  187          -  -46.21577      -  21.5 4020s
 7599129 7273156  -45.23032  238   77          -  -46.21577      -  21.5 4027s
 7608976 7282427  -43.92504  308   63          -  -46.21577      -  21.5 4031s
 7615588 7289124 infeasible  375               -  -46.21576      -  21.5 4036s
 7626052 7300038  -45.57256  223   90          -  -46.21576      -  21.5 4041s
 7637303 7308808  -44.24992  304   61          -  -46.21576      -  21.5 4047s
 7641524 7313160  -43.11847  329   53          -  -46.21576      -  21.5 4050s
 7655761 7327518  -45.33929  227   95          -  -46.21575      -  21.5 4056s
 7664084 7335905  -43.83505  308   75          -  -46.21575      -  21.5 4061s
 7676316 7346680  -40.19633  376   51          -  -46.21575      -  21.5 4066s
 7686162 7356681  -45.79902  190   95          -  -46.21574      -  21.5 4071s
 7696792 7366006  -44.50718  282   62          -  -46.21574      -  21.5 4076s
 7706958 7370837  -42.13199  341   43          -  -46.21574      -  21.5 4080s
 7712508 7380863  -46.04598  137  119          -  -46.21573      -  21.5 4086s
 7723553 7391369  -44.52918  281   75          -  -46.21573      -  21.4 4091s
 7733006 7400300  -42.87902  347   57          -  -46.21573      -  21.4 4096s
 7742765 7409344  -46.19483   53  164          -  -46.21573      -  21.4 4101s
 7753052 7419676  -44.98295  246   82          -  -46.21573      -  21.4 4106s
 7763274 7428699  -43.60594  318   48          -  -46.21573      -  21.4 4110s
 7777538 7443081  -45.37576  225   87          -  -46.21572      -  21.4 4117s
 7783188 7448250  -44.34376  283   72          -  -46.21572      -  21.4 4120s
 7794054 7458141  -42.82696  360   47          -  -46.21572      -  21.4 4126s
 7803799 7467403  -45.86034  184   97          -  -46.21570      -  21.4 4131s
 7810375 7487723  -45.16210  248   79          -  -46.21570      -  21.4 4140s
 7835705 7497510  -44.97799  248   74          -  -46.21568      -  21.4 4145s
 7851482 7512735  -46.03491  142  115          -  -46.21568      -  21.4 4151s
 7861789 7522232  -44.59506  277   69          -  -46.21568      -  21.4 4155s
 7871613 7532940  -41.88655  350   53          -  -46.21568      -  21.4 4160s
 7887820 7546561  -45.64195  220   90          -  -46.21567      -  21.3 4166s
 7897073 7555404  -43.72370  308   60          -  -46.21567      -  21.3 4170s
 7901805 7585664  -42.70779  341   51          -  -46.21567      -  21.3 4179s
 7933837 7592095  -46.07929  115  121          -  -46.21564      -  21.3 4181s
 7945085 7600516  -44.63515  275   71          -  -46.21564      -  21.3 4185s
 7958729 7613727  -38.74219  392   40          -  -46.21564      -  21.3 4191s
 7970334 7624526  -44.86353  248   78          -  -46.21564      -  21.3 4195s
 7984204 7637734  -46.10606   98  138          -  -46.21564      -  21.3 4201s
 7993676 7648245  -45.14967  250   78          -  -46.21564      -  21.3 4206s
 8004686 7657234 infeasible  342               -  -46.21564      -  21.3 4210s
 8014442 7666154  -45.85517  172  100          -  -46.21563      -  21.3 4216s
 8024194 7675702  -44.27259  279   66          -  -46.21563      -  21.3 4221s
 8035314 7686667  -46.03958  143  116          -  -46.21563      -  21.3 4226s
 8045799 7696317  -43.77365  287   62          -  -46.21563      -  21.2 4231s
 8052699 7703447  -40.10902  354   51          -  -46.21563      -  21.2 4236s
 8058379 7709864  -37.99716  374   51          -  -46.21563      -  21.2 4241s
 8069508 7718519  -45.25548  245   86          -  -46.21562      -  21.2 4247s
 8078753 7727215  -42.86960  323   60          -  -46.21562      -  21.2 4252s
 8083577 7732206  -40.98505  352   54          -  -46.21562      -  21.2 4256s
 8088812 7738413  -46.14785   92  137          -  -46.21561      -  21.2 4260s
 8099938 7747228  -44.66534  268   73          -  -46.21561      -  21.2 4266s
 8106554 7754519  -42.46671  332   53          -  -46.21561      -  21.2 4271s
 8117808 7765828  -45.08248  247   82          -  -46.21560      -  21.2 4279s
 8124114 7770421  -43.90689  301   64          -  -46.21560      -  21.2 4282s
 8128918 7774588  -42.41276  338   54          -  -46.21560      -  21.2 4285s
 8138288 7783995  -46.05206  116  126          -  -46.21559      -  21.2 4290s
 8154225 7795449  -43.27516  335   58          -  -46.21559      -  21.2 4295s
 8161349 7806562  -38.85876  393   48          -  -46.21559      -  21.2 4300s
 8172025 7815996  -45.83616  176  102          -  -46.21559      -  21.2 4305s
 8187960 7830915  -41.31529  335   51          -  -46.21559      -  21.2 4311s
 8202454 7844713  -44.76454  276   78          -  -46.21558      -  21.2 4317s
 8213959 7855388  -40.18837  373   52          -  -46.21558      -  21.1 4321s
 8223263 7863742  -45.59279  211   91          -  -46.21557      -  21.1 4325s
 8232985 7873459  -44.04990  298   60          -  -46.21557      -  21.1 4331s
 8244427 7883889  -42.31451  356   46          -  -46.21557      -  21.1 4337s
 8249022 7888172  -46.15151   89  138          -  -46.21557      -  21.1 4341s
 8258477 7897252  -44.78386  265   72          -  -46.21557      -  21.1 4346s
 8268103 7907077  -42.67454  352   45          -  -46.21556      -  21.1 4353s
 8273637 7912513  -46.03133  137  115          -  -46.21556      -  21.1 4356s
 8284378 7921645  -44.84673  268   66          -  -46.21556      -  21.1 4361s
 8294122 7930610  -42.13864  355   41          -  -46.21556      -  21.1 4367s
 8298632 7936738  -46.09627  128  123          -  -46.21555      -  21.1 4371s
 8309891 7945689  -43.70571  296   71          -  -46.21555      -  21.1 4377s
 8314628 7950303  -42.59737  338   57          -  -46.21555      -  21.1 4380s
 8323693 7958696  -45.89331  167  107          -  -46.21555      -  21.1 4385s
 8328389 7988826  -45.44567  230   84          -  -46.21554      -  21.1 4394s
 8360421 7994128  -44.78561  260   80          -  -46.21552      -  21.1 4397s
 8371336 8003977  -41.42273  360   51          -  -46.21552      -  21.1 4401s
 8381108 8012990  -45.80047  180  102          -  -46.21552      -  21.0 4405s
 8397656 8028467  -42.90311  324   50          -  -46.21552      -  21.0 4411s
 8406624 8036295  -46.17048   66  152          -  -46.21552      -  21.0 4415s
 8420293 8051649  -44.01233  290   65          -  -46.21552      -  21.0 4421s
 8435873 8064616  -45.90793  173  106          -  -46.21552      -  21.0 4426s
 8445168 8073620  -44.49161  294   63          -  -46.21552      -  21.0 4430s
 8450402 8104260  -43.34786  336   49          -  -46.21550      -  21.0 4439s
 8482434 8110562  -40.75628  391   38          -  -46.21548      -  21.0 4441s
 8493669 8119377  -45.69805  219   88          -  -46.21548      -  21.0 4445s
 8503122 8128325  -42.95448  328   50          -  -46.21548      -  21.0 4450s
 8512587 8139153  -46.05975  128  117          -  -46.21548      -  21.0 4455s
 8523781 8147785  -44.58901  281   67          -  -46.21548      -  21.0 4460s
 8537559 8161153 infeasible  368               -  -46.21548      -  21.0 4466s
 8549028 8171957  -45.21309  242   84          -  -46.21548      -  20.9 4471s
 8558287 8180771  -44.12952  314   55          -  -46.21548      -  20.9 4475s
 8568045 8189875 infeasible  385               -  -46.21548      -  20.9 4481s
 8579152 8196050  -45.42367  230   94          -  -46.21546      -  20.9 4485s
H8579211 8196050                    2.523816e+18  -46.21546   100%  20.9 4486s
 8579278 8196082  -45.35776  233   92 2.5238e+18  -46.21546   100%  20.9 4497s
 8579310 8196998  -45.35767  234   91 2.5238e+18  -46.21546   100%  20.9 4500s
 8588723 8204463 infeasible  445      2.5238e+18  -46.21546   100%  20.9 4509s
 8588758 8210120  -46.21521   27  186 2.5238e+18  -46.21546   100%  20.9 4511s
 8594477 8210152  -45.89100  194   98 2.5238e+18  -46.21546   100%  20.9 4515s
 8599915 8215254  -43.71184  305   52 2.5238e+18  -46.21546   100%  20.9 4522s
 8604834 8219656  -46.13544  110  122 2.5238e+18  -46.21545   100%  20.9 4527s
 8604866 8249754  -46.13863  110  126 2.5238e+18  -46.21544   100%  20.9 4540s
 8636930 8280126  -46.09542  125  123 2.5238e+18  -46.21543   100%  20.9 4555s
 8668962 8280157  -46.07914   95  136 2.5238e+18  -46.21542   100%  20.8 4562s
 8668995 8311216  -46.08122   97  134 2.5238e+18  -46.21542   100%  20.8 4572s
 8701027 8311248  -41.19041  345   60 2.5238e+18  -46.21542   100%  20.8 4578s
 8701059 8341045  -41.41720  343   63 2.5238e+18  -46.21542   100%  20.8 4588s
 8733091 8341076  -46.04116  147  105 2.5238e+18  -46.21540   100%  20.8 4593s
 8733124 8371628  -46.03206  147  103 2.5238e+18  -46.21540   100%  20.8 4603s
 8765156 8371656  -46.02213  143  107 2.5238e+18  -46.21539   100%  20.8 4608s
 8765192 8401835  -46.02086  143  106 2.5238e+18  -46.21539   100%  20.8 4618s
 8797224 8401867  -46.11521   93  131 2.5238e+18  -46.21537   100%  20.8 4624s
 8797256 8432977  -46.11112   93  129 2.5238e+18  -46.21537   100%  20.8 4637s
 8829288 8433009  -45.03979  245   89 2.5238e+18  -46.21535   100%  20.7 4644s
 8829320 8462724  -44.98205  246   93 2.5238e+18  -46.21535   100%  20.7 4654s
 8861352 8462755  -44.49760  296   48 2.5238e+18  -46.21535   100%  20.7 4660s
 8861385 8493347  -44.45351  296   53 2.5238e+18  -46.21535   100%  20.7 4672s
 8893417 8493554  -45.82119  187   94 2.5238e+18  -46.21533   100%  20.7 4678s
 8893628 8523589  -45.81579  186   86 2.5238e+18  -46.21533   100%  20.7 4688s
 8925660 8523768  -46.13413   81  138 2.5238e+18  -46.21532   100%  20.7 4693s
 8925839 8554670  -46.13653   81  139 2.5238e+18  -46.21532   100%  20.7 4707s
 8957871 8554700  -45.69623  183   96 2.5238e+18  -46.21531   100%  20.7 4720s
 8957905 8584785  -45.67538  184   95 2.5238e+18  -46.21531   100%  20.7 4731s
 8989937 8584815  -45.05978  252   65 2.5238e+18  -46.21530   100%  20.7 4736s
 8989975 8615810  -45.00910  251   70 2.5238e+18  -46.21530   100%  20.7 4748s
 9022007 8615842  -43.14219  323   60 2.5238e+18  -46.21530   100%  20.7 4755s
 9022039 8646594  -43.16017  324   58 2.5238e+18  -46.21530   100%  20.7 4766s
 9054071 8646625  -43.57979  332   61 2.5238e+18  -46.21528   100%  20.6 4773s
 9054104 8676671  -43.61568  332   63 2.5238e+18  -46.21528   100%  20.6 4786s
 9086136 8676999  -46.14304   68  151 2.5238e+18  -46.21527   100%  20.6 4792s
 9086516 8707620  -46.14228   69  150 2.5238e+18  -46.21527   100%  20.6 4807s
 9118548 8707652  -46.18327   58  160 2.5238e+18  -46.21527   100%  20.6 4814s
 9118580 8738107  -46.18228   59  158 2.5238e+18  -46.21526   100%  20.6 4827s
 9150612 8738136  -44.29254  331   44 2.5238e+18  -46.21526   100%  20.6 4835s
 9150647 8768605  -44.23420  331   49 2.5238e+18  -46.21526   100%  20.6 4845s
 9182679 8768636  -45.82435  170  101 2.5238e+18  -46.21524   100%  20.6 4853s
 9182714 8798932  -45.83059  171  100 2.5238e+18  -46.21524   100%  20.6 4865s
 9214746 8798964  -45.81312  174   94 2.5238e+18  -46.21524   100%  20.6 4871s
 9214778 8829716  -45.81104  175   96 2.5238e+18  -46.21524   100%  20.6 4881s
 9246810 8829747  -43.78290  321   47 2.5238e+18  -46.21522   100%  20.6 4888s
 9246843 8859763  -43.88721  322   45 2.5238e+18  -46.21522   100%  20.6 4899s
 9278875 8859794  -45.92711  160  103 2.5238e+18  -46.21521   100%  20.6 4905s
 9278908 8890447  -45.92597  161  100 2.5238e+18  -46.21521   100%  20.6 4915s
 9310940 8890667  -44.37203  292   60 2.5238e+18  -46.21519   100%  20.6 4922s
 9311174 8921182  -44.41998  294   57 2.5238e+18  -46.21519   100%  20.6 4933s
 9343206 8921214  -46.04096  132  114 2.5238e+18  -46.21519   100%  20.6 4940s
 9343238 8951549  -46.03860  133  113 2.5238e+18  -46.21519   100%  20.6 4952s
 9375270 8951581  -43.98611  298   47 2.5238e+18  -46.21518   100%  20.6 4961s
 9375302 8982525  -43.94876  299   53 2.5238e+18  -46.21518   100%  20.6 4975s
 9407334 8982555  -43.52713  336   59 2.5238e+18  -46.21518   100%  20.6 4985s
 9407368 9012517  -43.48772  337   61 2.5238e+18  -46.21518   100%  20.6 4997s
 9439400 9012545  -46.06286  122  117 2.5238e+18  -46.21517   100%  20.5 5003s
 9439438 9043357  -46.06889  122  116 2.5238e+18  -46.21517   100%  20.5 5015s
 9471470 9043389  -45.30567  226   75 2.5238e+18  -46.21515   100%  20.5 5023s
 9471502 9073651  -45.31006  226   72 2.5238e+18  -46.21515   100%  20.5 5033s
 9503534 9073851  -45.98442  143  106 2.5238e+18  -46.21515   100%  20.5 5039s
 9503772 9104448  -45.99130  141  106 2.5238e+18  -46.21515   100%  20.5 5049s
 9535804 9104628  -44.89384  243   70 2.5238e+18  -46.21513   100%  20.5 5056s
 9535986 9134662  -44.87891  244   69 2.5238e+18  -46.21513   100%  20.5 5068s
 9568018 9134883  -44.27886  307   53 2.5238e+18  -46.21512   100%  20.5 5075s
 9568270 9165633  -44.22443  308   53 2.5238e+18  -46.21512   100%  20.5 5087s
 9600302 9165665  -46.18212   54  165 2.5238e+18  -46.21511   100%  20.5 5094s
 9600334 9195897  -46.18399   54  163 2.5238e+18  -46.21511   100%  20.5 5107s
 9632366 9195929  -43.58493  315   64 2.5238e+18  -46.21511   100%  20.5 5117s
 9632398 9226832  -43.38944  315   71 2.5238e+18  -46.21511   100%  20.5 5132s
 9664430 9226860  -44.88513  259   79 2.5238e+18  -46.21509   100%  20.5 5139s
 9664466 9256919  -44.86796  260   81 2.5238e+18  -46.21509   100%  20.5 5156s
 9696498 9256947  -43.66160  320   38 2.5238e+18  -46.21508   100%  20.5 5162s
 9696534 9287193  -43.68814  320   41 2.5238e+18  -46.21508   100%  20.5 5171s
 9728566 9287224  -45.87767  173   94 2.5238e+18  -46.21507   100%  20.5 5176s
 9728599 9317801  -45.85052  174   87 2.5238e+18  -46.21507   100%  20.5 5186s
 9760631 9317830  -43.10592  340   44 2.5238e+18  -46.21507   100%  20.5 5191s
 9760668 9348342  -42.99803  341   43 2.5238e+18  -46.21507   100%  20.5 5202s
 9792700 9348537  -45.79686  179   99 2.5238e+18  -46.21506   100%  20.5 5208s
 9792903 9378823  -45.79085  180   98 2.5238e+18  -46.21505   100%  20.5 5217s
 9824935 9379012  -41.59396  370   41 2.5238e+18  -46.21504   100%  20.5 5223s
 9825130 9409410  -41.46958  371   44 2.5238e+18  -46.21504   100%  20.5 5234s
 9857162 9409442  -45.88936  155  100 2.5238e+18  -46.21503   100%  20.5 5240s
 9857194 9439861  -45.88290  156   98 2.5238e+18  -46.21503   100%  20.5 5249s
 9889226 9439888  -44.26291  309   49 2.5238e+18  -46.21503   100%  20.5 5256s
 9889265 9470324  -44.25920  309   45 2.5238e+18  -46.21503   100%  20.5 5266s
 9921297 9470355  -45.85430  167   95 2.5238e+18  -46.21502   100%  20.5 5273s
 9921330 9500607  -45.82512  165   93 2.5238e+18  -46.21502   100%  20.5 5282s
 9953362 9500638  -44.59343  279   61 2.5238e+18  -46.21501   100%  20.5 5288s
 9953395 9530895  -44.55789  280   59 2.5238e+18  -46.21501   100%  20.5 5298s
 9985427 9530927  -45.92567  155   95 2.5238e+18  -46.21500   100%  20.5 5305s
 9985459 9561053  -45.92388  155   97 2.5238e+18  -46.21500   100%  20.5 5313s
 10017491 9561077  -46.20110   37  176 2.5238e+18  -46.21499   100%  20.5 5320s
 10017530 9591456  -46.20180   37  176 2.5238e+18  -46.21499   100%  20.5 5328s
 10049562 9591488  -46.10442  104  130 2.5238e+18  -46.21498   100%  20.5 5334s
 10049594 9621841  -46.10189  104  124 2.5238e+18  -46.21498   100%  20.5 5344s
 10081626 9621873  -44.98083  270   52 2.5238e+18  -46.21497   100%  20.5 5350s
 10081658 9652342  -44.91913  270   60 2.5238e+18  -46.21497   100%  20.5 5359s
 10113690 9652368  -42.60582  364   37 2.5238e+18  -46.21497   100%  20.5 5365s
 10113728 9682945  -42.86995  364   31 2.5238e+18  -46.21496   100%  20.5 5374s
 10145760 9682970  -46.01051  120  120 2.5238e+18  -46.21495   100%  20.4 5380s
 10145799 9713123  -46.02622  118  122 2.5238e+18  -46.21495   100%  20.4 5389s
 10177831 9713339  -41.70798  349   64 2.5238e+18  -46.21495   100%  20.4 5395s
 10178053 9743629 infeasible  351      2.5238e+18  -46.21495   100%  20.4 5405s
 10210085 9743810  -45.74713  182  101 2.5238e+18  -46.21494   100%  20.4 5412s
 10210270 9773765  -45.14430  243   69 2.5238e+18  -46.21494   100%  20.4 5422s
 10242302 9774128  -45.72053  196   84 2.5238e+18  -46.21493   100%  20.4 5429s
 10242667 9804401  -45.71456  196   81 2.5238e+18  -46.21493   100%  20.4 5440s
 10274699 9804433  -43.69138  346   39 2.5238e+18  -46.21492   100%  20.4 5448s
 10274731 9834644  -43.67579  347   41 2.5238e+18  -46.21492   100%  20.4 5458s
 10306763 9834676  -45.20529  225   72 2.5238e+18  -46.21491   100%  20.4 5465s
 10306795 9864695  -45.18026  226   72 2.5238e+18  -46.21491   100%  20.4 5474s
 10338827 9864727  -46.20830   36  177 2.5238e+18  -46.21490   100%  20.4 5480s
 10338859 9895621  -46.20328   39  174 2.5238e+18  -46.21490   100%  20.4 5493s
 10370891 9895861  -46.10363   83  134 2.5238e+18  -46.21490   100%  20.4 5499s
 10371137 9926173  -46.11208   82  135 2.5238e+18  -46.21490   100%  20.4 5509s
 10403169 9926205  -46.10170   98  126 2.5238e+18  -46.21489   100%  20.4 5514s
 10403201 9956805  -46.10376   95  129 2.5238e+18  -46.21489   100%  20.4 5523s
 10435233 9956837  -44.71587  266   60 2.5238e+18  -46.21488   100%  20.4 5530s
 10435265 9986952  -44.72721  266   62 2.5238e+18  -46.21488   100%  20.4 5539s
 10467297 9987152  -45.91211  151  100 2.5238e+18  -46.21488   100%  20.4 5545s
 10467509 10017423  -45.90731  151   98 2.5238e+18  -46.21488   100%  20.4 5555s
 10499541 10017455  -44.93600  277   65 2.5238e+18  -46.21487   100%  20.4 5562s
 10499573 10047688  -45.00645  277   62 2.5238e+18  -46.21487   100%  20.4 5572s
 10531605 10047716  -45.64770  190   78 2.5238e+18  -46.21486   100%  20.4 5579s
 10531641 10077899  -45.63860  192   74 2.5238e+18  -46.21486   100%  20.4 5589s
 10563673 10078312  -46.04589  118  112 2.5238e+18  -46.21485   100%  20.4 5596s
 10564086 10108499  -46.03923  120  109 2.5238e+18  -46.21485   100%  20.4 5607s
H10564390 10108499                    2.523816e+18  -46.21485   100%  20.4 5608s
 10596118 10108530  -45.53714  197   88 2.5238e+18  -46.21484   100%  20.4 5623s
 10596151 10139230  -45.53385  198   88 2.5238e+18  -46.21484   100%  20.4 5640s
 10628183 10139259 infeasible  314      2.5238e+18  -46.21484   100%  20.4 5656s
 10628218 10169341 infeasible  314      2.5238e+18  -46.21484   100%  20.4 5674s
H10629004 10169341                    2.523816e+18  -46.21484   100%  20.4 5675s
 10660250 10169370  -45.67900  189   91 2.5238e+18  -46.21483   100%  20.4 5689s
 10660285 10199735  -45.71788  186   85 2.5238e+18  -46.21483   100%  20.4 5714s
 10692317 10199767  -44.15936  304   50 2.5238e+18  -46.21482   100%  20.4 5728s
 10692349 10230210  -44.10060  305   49 2.5238e+18  -46.21482   100%  20.4 5751s
H10692639 10230210                    2.523810e+18  -46.21482   100%  20.4 5752s
 10724381 10230240  -45.18283  238   72 2.5238e+18  -46.21481   100%  20.3 5765s
 10724415 10261062  -45.21943  236   73 2.5238e+18  -46.21481   100%  20.3 5786s
 10756447 10261094  -44.22718  276   65 2.5238e+18  -46.21480   100%  20.3 5799s
 10756479 10291410  -44.23838  276   70 2.5238e+18  -46.21480   100%  20.3 5819s
H10757253 10291410                    2.523682e+18  -46.21480   100%  20.3 5819s
 10788511 10291441  -46.19872   45  172 2.5237e+18  -46.21480   100%  20.3 5833s
 10788544 10321686  -46.19821   46  171 2.5237e+18  -46.21480   100%  20.3 5855s
 10820576 10321717  -45.49200  227   71 2.5237e+18  -46.21479   100%  20.3 5867s
 10820609 10351876  -45.48467  227   74 2.5237e+18  -46.21479   100%  20.3 5889s
H10821889 10351876                    2.519512e+18  -46.21479   100%  20.3 5889s
 10852641 10351901  -43.71253  330   39 2.5195e+18  -46.21479   100%  20.3 5901s
 10852680 10382706  -43.64269  327   35 2.5195e+18  -46.21479   100%  20.3 5926s
 10884712 10382738  -45.54013  191   94 2.5195e+18  -46.21478   100%  20.3 5937s
 10884744 10413641  -45.54308  189   96 2.5195e+18  -46.21478   100%  20.3 5965s
H10885502 10413641                    2.456863e+18  -46.21478   100%  20.3 5966s
 10916776 10413668  -46.16538   79  144 2.4569e+18  -46.21478   100%  20.3 5983s
H10916778 10413668                    2.291666e+18  -46.21478   100%  20.3 5983s
 10916813 10443777  -46.16542   79  147 2.2917e+18  -46.21478   100%  20.3 6002s
 10948845 10443804  -43.98131  285   56 2.2917e+18  -46.21478   100%  20.3 6018s
 10948884 10473873  -44.04997  285   49 2.2917e+18  -46.21478   100%  20.3 6037s
H10949137 10473873                    2.140459e+18  -46.21478   100%  20.3 6038s
 10980916 10473905  -46.13059   82  144 2.1405e+18  -46.21477   100%  20.3 6051s
 10980948 10504474  -46.12811   83  143 2.1405e+18  -46.21477   100%  20.3 6069s
H10982445 10504474                    2.074962e+18  -46.21477   100%  20.3 6070s
 11012980 10504506  -45.68727  187   83 2.0750e+18  -46.21476   100%  20.3 6083s
H11012990 10504506                    2.009931e+18  -46.21476   100%  20.3 6084s
 11013012 10534901  -45.67076  188   87 2.0099e+18  -46.21476   100%  20.3 6102s
H11013751 10534901                    1.955631e+18  -46.21476   100%  20.3 6103s
 11045044 10534933  -44.37426  290   59 1.9556e+18  -46.21476   100%  20.3 6118s
H11045049 10534933                    1.916259e+18  -46.21476   100%  20.3 6119s
 11045076 10565151  -44.43424  291   52 1.9163e+18  -46.21476   100%  20.3 6137s
H11045079 10565151                    1.866137e+18  -46.21476   100%  20.3 6137s
H11077108 10565183                    1.824263e+18  -46.21475   100%  20.3 6150s
H11077132 10565183                    1.806623e+18  -46.21475   100%  20.3 6151s
 11077140 10595446  -46.00067  118  123 1.8066e+18  -46.21475   100%  20.3 6169s
 11109172 10595478  -46.16821   77  145 1.8066e+18  -46.21475   100%  20.3 6183s
 11109204 10626173  -46.16561   78  142 1.8066e+18  -46.21475   100%  20.3 6201s
H11109693 10626173                    1.785144e+18  -46.21475   100%  20.3 6202s
 11141236 10626205  -45.50640  215   76 1.7851e+18  -46.21474   100%  20.3 6216s
 11141268 10656296  -45.49435  216   77 1.7851e+18  -46.21474   100%  20.3 6236s
 11173300 10656328  -46.14399   70  148 1.7851e+18  -46.21473   100%  20.3 6252s
 11173332 10686846  -46.13973   70  145 1.7851e+18  -46.21473   100%  20.3 6272s
H11174307 10686846                    1.771755e+18  -46.21473   100%  20.3 6273s
H11205364 10686878                    1.762330e+18  -46.21473   100%  20.2 6288s
 11205396 10717624  -46.01175  137  114 1.7623e+18  -46.21473   100%  20.2 6305s
 11237428 10717654  -43.40118  302   55 1.7623e+18  -46.21472   100%  20.2 6320s
H11237429 10717654                    1.748556e+18  -46.21472   100%  20.2 6320s
 11237464 10747565  -43.47992  304   49 1.7486e+18  -46.21472   100%  20.2 6341s
H11237942 10747565                    1.734032e+18  -46.21472   100%  20.2 6341s
 11269496 10747597  -46.20183   39  174 1.7340e+18  -46.21472   100%  20.2 6356s
H11269508 10747597                    1.725481e+18  -46.21472   100%  20.2 6356s
 11269528 10777933  -46.20250   37  176 1.7255e+18  -46.21472   100%  20.2 6374s
 11301560 10777964  -45.92383  153  111 1.7255e+18  -46.21471   100%  20.2 6390s
 11301593 10808525  -45.92823  153  107 1.7255e+18  -46.21471   100%  20.2 6407s
H11302556 10808525                    1.715912e+18  -46.21471   100%  20.2 6407s
 11333625 10808556  -43.99875  303   56 1.7159e+18  -46.21470   100%  20.2 6422s
H11333626 10808556                    1.702496e+18  -46.21470   100%  20.2 6423s
 11333658 10838426  -44.08230  307   53 1.7025e+18  -46.21470   100%  20.2 6439s
H11333884 10838426                    1.695900e+18  -46.21470   100%  20.2 6439s
 11365690 10838458  -45.90102  157  103 1.6959e+18  -46.21470   100%  20.2 6452s
 11365722 10869184  -45.89903  155  103 1.6959e+18  -46.21470   100%  20.2 6469s
 11397754 10869211  -45.50716  202   99 1.6959e+18  -46.21469   100%  20.2 6482s
 11397791 10899517  -45.51700  202   95 1.6959e+18  -46.21469   100%  20.2 6496s
 11429823 10899549  -44.71909  266   64 1.6959e+18  -46.21469   100%  20.2 6511s
H11429843 10899549                    1.690847e+18  -46.21469   100%  20.2 6511s
 11429855 10930353  -44.71140  267   64 1.6908e+18  -46.21469   100%  20.2 6532s
H11430805 10930353                    1.686040e+18  -46.21469   100%  20.2 6532s
 11461887 10930384  -44.48921  270   72 1.6860e+18  -46.21468   100%  20.2 6547s
 11461920 10960566  -44.49832  270   72 1.6860e+18  -46.21468   100%  20.2 6564s
 11493952 10960598  -46.00910  137  111 1.6860e+18  -46.21468   100%  20.2 6578s
 11493984 10990966  -46.00758  138  113 1.6860e+18  -46.21468   100%  20.2 6595s
H11496442 10990966                    1.681466e+18  -46.21468   100%  20.2 6596s
 11526016 10990998  -44.35900  294   56 1.6815e+18  -46.21467   100%  20.2 6611s
H11526022 10990998                    1.676526e+18  -46.21467   100%  20.2 6611s
 11526048 11021660  -44.35348  295   56 1.6765e+18  -46.21467   100%  20.2 6630s
H11558080 11021692                    1.674168e+18  -46.21466   100%  20.2 6645s
 11558112 11052177  -43.17667  345   60 1.6742e+18  -46.21466   100%  20.2 6664s
H11559054 11052177                    1.671247e+18  -46.21466   100%  20.2 6664s
 11590144 11052205  -45.90900  152  101 1.6712e+18  -46.21466   100%  20.2 6678s
 11590182 11082676  -45.90634  153  102 1.6712e+18  -46.21466   100%  20.2 6693s
 11622214 11082708  -44.63167  275   60 1.6712e+18  -46.21465   100%  20.2 6708s
 11622246 11113123  -44.57088  275   59 1.6712e+18  -46.21465   100%  20.2 6725s
H11622689 11113123                    1.668990e+18  -46.21465   100%  20.2 6726s
 11654278 11113154  -46.17550   71  150 1.6690e+18  -46.21465   100%  20.2 6740s
 11654311 11143314  -46.17523   72  148 1.6690e+18  -46.21465   100%  20.2 6756s
 11686343 11143344  -45.59666  194   85 1.6690e+18  -46.21464   100%  20.2 6770s
 11686377 11173662  -45.58998  195   86 1.6690e+18  -46.21464   100%  20.2 6787s
H11688304 11173662                    1.665012e+18  -46.21464   100%  20.2 6788s
 11718409 11173687  -46.16648   60  156 1.6650e+18  -46.21464   100%  20.2 6803s
 11718448 11204199  -46.17047   60  154 1.6650e+18  -46.21464   100%  20.2 6820s
 11750480 11204228  -45.87560  159   92 1.6650e+18  -46.21464   100%  20.2 6835s
 11750515 11234628  -45.87127  160   96 1.6650e+18  -46.21463   100%  20.2 6854s
H11750938 11234628                    1.661282e+18  -46.21463   100%  20.2 6855s
 11782547 11234658  -44.05147  324   45 1.6613e+18  -46.21463   100%  20.2 6868s
 11782581 11264964  -44.02160  325   41 1.6613e+18  -46.21463   100%  20.2 6883s
 11814613 11264995  -45.63903  197   83 1.6613e+18  -46.21462   100%  20.2 6896s
 11814646 11295741  -45.66073  197   86 1.6613e+18  -46.21462   100%  20.2 6919s
H11815552 11295741                    1.659093e+18  -46.21462   100%  20.2 6920s
 11846678 11295767  -44.68100  267   79 1.6591e+18  -46.21461   100%  20.2 6933s
 11846716 11326108  -44.65200  268   77 1.6591e+18  -46.21461   100%  20.2 6948s
 11878748 11326134 infeasible  333      1.6591e+18  -46.21461   100%  20.2 6963s
H11878767 11326134                    1.657609e+18  -46.21461   100%  20.2 6964s
H11878775 11326134                    1.656278e+18  -46.21461   100%  20.2 6964s
 11878786 11356441  -42.86859  333   49 1.6563e+18  -46.21461   100%  20.2 6979s
H11879187 11356441                    1.655100e+18  -46.21461   100%  20.2 6980s
 11910818 11356472  -45.67296  199   87 1.6551e+18  -46.21460   100%  20.2 6994s
 11910851 11386717  -45.67083  199   88 1.6551e+18  -46.21460   100%  20.2 7009s
 11942883 11386749  -46.15608   69  147 1.6551e+18  -46.21459   100%  20.1 7023s
 11942915 11417349  -46.15422   70  146 1.6551e+18  -46.21459   100%  20.1 7042s
H11943801 11417349                    1.654211e+18  -46.21459   100%  20.1 7043s
 11974947 11417375  -45.89284  166  100 1.6542e+18  -46.21459   100%  20.1 7058s
 11974985 11447852  -45.87612  166  101 1.6542e+18  -46.21459   100%  20.1 7074s
 12007017 11447884  -44.10307  284   57 1.6542e+18  -46.21458   100%  20.1 7089s
 12007049 11478089  -44.04380  285   58 1.6542e+18  -46.21458   100%  20.1 7108s
H12007436 11478089                    1.652782e+18  -46.21458   100%  20.1 7108s
 12039081 11478121  -45.85946  162  102 1.6528e+18  -46.21458   100%  20.1 7123s
 12039113 11508477  -45.87479  160  100 1.6528e+18  -46.21458   100%  20.1 7139s
 12071145 11508504  -44.84638  268   63 1.6528e+18  -46.21457   100%  20.1 7154s
 12071182 11539168  -44.82958  268   59 1.6528e+18  -46.21457   100%  20.1 7173s
H12085063 11539168                    1.651684e+18  -46.21456   100%  20.1 7173s
 12103214 11539196  -42.41285  329   58 1.6517e+18  -46.21456   100%  20.1 7188s
H12103216 11539196                    1.650092e+18  -46.21456   100%  20.1 7189s
H12103218 11539196                    1.648392e+18  -46.21456   100%  20.1 7189s
 12103250 11569734  -42.66358  329   56 1.6484e+18  -46.21456   100%  20.1 7207s
 12135282 11569766  -41.23043  339   56 1.6484e+18  -46.21456   100%  20.1 7223s
H12135292 11569766                    1.644697e+18  -46.21456   100%  20.1 7223s
 12135314 11600284  -40.73367  344   56 1.6447e+18  -46.21456   100%  20.1 7238s
H12135685 11600284                    1.642302e+18  -46.21456   100%  20.1 7239s
 12167346 11600315  -45.79448  161  109 1.6423e+18  -46.21455   100%  20.1 7252s
 12167379 11630912  -45.79492  160  109 1.6423e+18  -46.21455   100%  20.1 7269s
 12199411 11630943  -46.11311  106  126 1.6423e+18  -46.21455   100%  20.1 7284s
 12199444 11660878  -46.11022  104  130 1.6423e+18  -46.21455   100%  20.1 7303s
H12200299 11660878                    1.641551e+18  -46.21455   100%  20.1 7303s
 12231476 11660908  -45.73401  182   93 1.6416e+18  -46.21454   100%  20.1 7318s
 12231510 11691505  -45.72433  182   89 1.6416e+18  -46.21454   100%  20.1 7334s
 12263542 11691535  -42.80052  325   44 1.6416e+18  -46.21454   100%  20.1 7349s
 12263576 11721763 infeasible  326      1.6416e+18  -46.21454   100%  20.1 7367s
H12263934 11721763                    1.640696e+18  -46.21454   100%  20.1 7368s
 12295608 11721794  -45.52475  212   80 1.6407e+18  -46.21453   100%  20.1 7381s
 12295641 11752322  -45.51749  213   79 1.6407e+18  -46.21453   100%  20.1 7396s
 12327673 11752352  -43.63718  312   54 1.6407e+18  -46.21452   100%  20.1 7409s
 12327707 11782587 infeasible  313      1.6407e+18  -46.21452   100%  20.1 7426s
H12328548 11782587                    1.638718e+18  -46.21452   100%  20.1 7427s
 12359739 11782619  -45.25353  240   73 1.6387e+18  -46.21452   100%  20.1 7439s
 12359771 11812996  -45.25752  242   70 1.6387e+18  -46.21452   100%  20.1 7454s
 12391803 11813028  -46.15965   68  149 1.6387e+18  -46.21451   100%  20.1 7466s
 12391835 11843118  -46.15582   68  149 1.6387e+18  -46.21451   100%  20.1 7486s
H12392183 11843118                    1.637393e+18  -46.21451   100%  20.1 7487s
 12423867 11843150  -45.67825  198   86 1.6374e+18  -46.21451   100%  20.1 7495s
 12423899 11873851  -45.66095  199   85 1.6374e+18  -46.21451   100%  20.1 7511s
 12455931 11873876  -44.56364  284   61 1.6374e+18  -46.21450   100%  20.1 7523s
 12455970 11904218  -44.50708  288   61 1.6374e+18  -46.21450   100%  20.1 7537s
 12488002 11904246  -46.12291   85  137 1.6374e+18  -46.21449   100%  20.1 7544s
 12488038 11934603  -46.11908   86  136 1.6374e+18  -46.21449   100%  20.1 7566s
H12488125 11934603                    1.634344e+18  -46.21449   100%  20.1 7567s
 12520070 11934635  -45.83081  163  100 1.6343e+18  -46.21449   100%  20.1 7573s
 12520102 11965339  -45.82820  163   97 1.6343e+18  -46.21449   100%  20.1 7589s
 12552134 11965371  -46.14721   83  138 1.6343e+18  -46.21449   100%  20.1 7601s
 12552166 11995478  -46.14646   84  138 1.6343e+18  -46.21449   100%  20.1 7618s
H12553740 11995478                    1.631677e+18  -46.21448   100%  20.1 7619s
 12584198 11995509  -45.11580  241   66 1.6317e+18  -46.21448   100%  20.1 7625s
 12584231 12025998  -45.10506  242   69 1.6317e+18  -46.21448   100%  20.1 7644s
 12616263 12026030  -46.21013   33  180 1.6317e+18  -46.21447   100%  20.1 7651s
 12616295 12056130  -46.20901   34  179 1.6317e+18  -46.21447   100%  20.1 7666s
H12616374 12056130                    1.628043e+18  -46.21447   100%  20.1 7667s
 12648327 12056159  -45.96948  145  102 1.6280e+18  -46.21446   100%  20.1 7678s
 12648362 12086663  -45.96558  146  102 1.6280e+18  -46.21446   100%  20.1 7693s
 12680394 12086695  -42.86247  361   40 1.6280e+18  -46.21446   100%  20.1 7699s
 12680426 12116838  -42.85951  362   42 1.6280e+18  -46.21446   100%  20.1 7712s
 12712458 12116867  -45.95588  142  105 1.6280e+18  -46.21445   100%  20.1 7724s
 12712493 12147419  -45.95065  143  105 1.6280e+18  -46.21445   100%  20.1 7740s
H12713295 12147419                    1.624014e+18  -46.21445   100%  20.1 7741s
 12744525 12147451  -44.90881  257   65 1.6240e+18  -46.21445   100%  20.1 7752s
 12744557 12177886  -44.91519  258   65 1.6240e+18  -46.21445   100%  20.1 7765s
 12776589 12177918  -41.15478  371   39 1.6240e+18  -46.21444   100%  20.1 7771s
 12776621 12208434  -41.87031  366   41 1.6240e+18  -46.21444   100%  20.1 7788s
H12776930 12208434                    1.620798e+18  -46.21444   100%  20.1 7789s
 12808653 12208459  -46.01576  132  110 1.6208e+18  -46.21444   100%  20.0 7801s
H12808658 12208459                    1.616353e+18  -46.21444   100%  20.0 7801s
 12808692 12238709  -46.02154  134  105 1.6164e+18  -46.21444   100%  20.0 7816s
 12840724 12238739  -44.45295  297   48 1.6164e+18  -46.21443   100%  20.0 7822s
 12840758 12269064  -44.43628  295   50 1.6164e+18  -46.21443   100%  20.0 7839s
H12841544 12269064                    1.611454e+18  -46.21443   100%  20.0 7839s
 12872790 12269095  -45.78430  174   97 1.6115e+18  -46.21442   100%  20.0 7854s
H12872796 12269095                    1.609009e+18  -46.21442   100%  20.0 7855s
 12872823 12299515  -45.76583  174   93 1.6090e+18  -46.21442   100%  20.0 7870s
 12904855 12299546  -46.20784   35  178 1.6090e+18  -46.21442   100%  20.0 7877s
 12904888 12329865  -46.20740   36  177 1.6090e+18  -46.21442   100%  20.0 7892s
 12936920 12329897  -45.89149  158  110 1.6090e+18  -46.21442   100%  20.0 7905s
 12936952 12360485  -45.90990  159  107 1.6090e+18  -46.21442   100%  20.0 7924s
H12937486 12360485                    1.608575e+18  -46.21442   100%  20.0 7925s
 12968984 12360517  -44.81409  242   83 1.6086e+18  -46.21441   100%  20.0 7939s
H12968985 12360517                    1.606755e+18  -46.21441   100%  20.0 7940s
 12969016 12390703  -44.88273  242   83 1.6068e+18  -46.21441   100%  20.0 7957s
 13001048 12390731  -42.93672  303   61 1.6068e+18  -46.21441   100%  20.0 7964s
 13001084 12421171 infeasible  302      1.6068e+18  -46.21441   100%  20.0 7985s
H13001121 12421171                    1.605320e+18  -46.21441   100%  20.0 7986s
 13033116 12421203  -45.35436  235   75 1.6053e+18  -46.21441   100%  20.0 7995s
 13033148 12451847  -45.34525  236   77 1.6053e+18  -46.21441   100%  20.0 8011s
 13065180 12451875  -46.15445   85  140 1.6053e+18  -46.21440   100%  20.0 8026s
 13065218 12482064  -46.16021   85  136 1.6053e+18  -46.21440   100%  20.0 8044s
H13065735 12482064                    1.604011e+18  -46.21440   100%  20.0 8045s
 13097250 12482096  -45.19617  229   77 1.6040e+18  -46.21439   100%  20.0 8059s
H13097254 12482096                    1.602881e+18  -46.21439   100%  20.0 8060s
 13097282 12512799  -45.18607  230   78 1.6029e+18  -46.21439   100%  20.0 8078s
 13129314 12512829 infeasible  349      1.6029e+18  -46.21439   100%  20.0 8085s
 13129348 12543366 infeasible  351      1.6029e+18  -46.21439   100%  20.0 8099s
 13161380 12543398  -45.85628  158  112 1.6029e+18  -46.21438   100%  20.0 8106s
H13161392 12543398                    1.601885e+18  -46.21438   100%  20.0 8107s
 13161412 12573533  -45.85384  159  112 1.6019e+18  -46.21438   100%  20.0 8117s
H13161677 12573533                    1.600473e+18  -46.21438   100%  20.0 8117s
 13193444 12573562  -44.56581  267   59 1.6005e+18  -46.21438   100%  20.0 8125s
 13193479 12604149  -44.56533  267   57 1.6005e+18  -46.21438   100%  20.0 8141s
 13225511 12604180  -46.16136   74  148 1.6005e+18  -46.21437   100%  20.0 8149s
 13225544 12634377  -46.16439   74  148 1.6005e+18  -46.21437   100%  20.0 8158s
 13257576 12640362  -45.28146  231   75 1.6005e+18  -46.21437   100%  20.0 8161s
H13257619 12640362                    1.599259e+18  -46.21437   100%  20.0 8162s
 13263879 12640394  -44.03035  316   51 1.5993e+18  -46.21437   100%  20.0 8169s
 13263911 12645210  -44.01898  316   49 1.5993e+18  -46.21437   100%  20.0 8171s
 13273468 12652939  -45.97630  146  105 1.5993e+18  -46.21437   100%  20.0 8176s
 13283398 12663774  -44.99938  256   70 1.5993e+18  -46.21437   100%  20.0 8181s
 13288535 12663806  -42.98623  332   47 1.5993e+18  -46.21437   100%  20.0 8189s
H13288538 12663806                    1.597936e+18  -46.21437   100%  20.0 8189s
 13288567 12694730  -42.94084  333   47 1.5979e+18  -46.21437   100%  20.0 8209s
H13288947 12694730                    1.597408e+18  -46.21437   100%  20.0 8210s
 13320599 12694762  -42.18453  295   73 1.5974e+18  -46.21435   100%  20.0 8216s
 13320631 12724832  -42.28456  294   75 1.5974e+18  -46.21435   100%  20.0 8225s
 13359441 12735784  -44.02297  292   58 1.5974e+18  -46.21435   100%  20.0 8230s
 13364205 12735814 infeasible  340      1.5974e+18  -46.21435   100%  20.0 8237s
 13364243 12740859  -40.81503  341   49 1.5974e+18  -46.21435   100%  20.0 8240s
 13379462 12754463  -45.03760  245   70 1.5974e+18  -46.21435   100%  20.0 8247s
 13383969 12761195  -43.72669  306   51 1.5974e+18  -46.21435   100%  20.0 8250s
 13396044 12769663  -45.90998  160   98 1.5974e+18  -46.21435   100%  20.0 8255s
 13409182 12782724  -43.58995  321   46 1.5974e+18  -46.21435   100%  20.0 8262s
H13412164 12782724                    1.596704e+18  -46.21435   100%  20.0 8262s
 13413735 12782756  -46.13699   87  137 1.5967e+18  -46.21435   100%  20.0 8270s
 13413767 12813095  -46.13541   88  135 1.5967e+18  -46.21435   100%  20.0 8290s
H13415260 12813095                    1.596160e+18  -46.21434   100%  20.0 8290s
 13445799 12813125  -45.42134  218   80 1.5962e+18  -46.21433   100%  20.0 8305s
 13445835 12843492  -45.38044  219   79 1.5962e+18  -46.21433   100%  20.0 8315s
 13489410 12859353  -44.88682  264   62 1.5962e+18  -46.21433   100%  20.0 8322s
H13494537 12863324                    1.595244e+18  -46.21433   100%  20.0 8325s
H13498756 12863358                    1.594811e+18  -46.21433   100%  20.0 8340s
H13498759 12863358                    1.594484e+18  -46.21433   100%  20.0 8341s
 13498794 12863391  -46.11060  101  126 1.5945e+18  -46.21433   100%  20.0 8348s
 13498827 12867104  -46.11266  103  125 1.5945e+18  -46.21433   100%  20.0 8351s
 13502677 12867134  -45.89587  149  104 1.5945e+18  -46.21433   100%  20.0 8358s
 13502711 12872404  -45.88651  150  102 1.5945e+18  -46.21433   100%  20.0 8361s
H13508243 12878358                    1.594131e+18  -46.21433   100%  20.0 8364s
 13514579 12878390  -44.38274  291   48 1.5941e+18  -46.21433   100%  20.0 8371s
 13519285 12888100  -46.16306   63  153 1.5941e+18  -46.21433   100%  20.0 8376s
 13529134 12892354  -45.47888  188   98 1.5941e+18  -46.21433   100%  20.0 8387s
 13533455 12901738  -44.92224  241   81 1.5941e+18  -46.21433   100%  20.0 8392s
 13539142 12908317  -44.09726  292   67 1.5941e+18  -46.21433   100%  20.0 8395s
 13555728 12921922  -45.66807  194   80 1.5941e+18  -46.21432   100%  20.0 8401s
H13564946 12926247                    1.594065e+18  -46.21432   100%  20.0 8413s
 13564978 12929467  -44.10763  311   39 1.5941e+18  -46.21432   100%  20.0 8415s
H13565025 12929467                    1.593990e+18  -46.21432   100%  20.0 8416s
 13568377 12929492  -46.12125   93  130 1.5940e+18  -46.21432   100%  20.0 8423s
 13568418 12960239  -46.12571   92  130 1.5940e+18  -46.21432   100%  20.0 8437s
 13600450 12960271  -45.58453  199   99 1.5940e+18  -46.21431   100%  20.0 8444s
 13600482 12990565  -45.60532  197   99 1.5940e+18  -46.21431   100%  20.0 8455s
H13601248 12990565                    1.593832e+18  -46.21431   100%  20.0 8456s
 13632514 12990597  -45.03293  257   64 1.5938e+18  -46.21430   100%  20.0 8471s
 13632546 13021001  -45.02744  257   61 1.5938e+18  -46.21430   100%  20.0 8480s
 13671528 13032221  -45.56472  205   79 1.5938e+18  -46.21430   100%  20.0 8485s
 13686340 13045758  -46.10891  106  124 1.5938e+18  -46.21430   100%  20.0 8491s
 13695080 13056718  -45.26037  236   67 1.5938e+18  -46.21430   100%  20.0 8497s
 13707005 13061223  -46.05248  129  112 1.5938e+18  -46.21429   100%  20.0 8506s
 13707037 13061255  -46.04566  128  112 1.5938e+18  -46.21429   100%  20.0 8514s
H13707056 13061255                    1.593594e+18  -46.21429   100%  20.0 8515s
 13710936 13065138  -45.80119  180   92 1.5936e+18  -46.21429   100%  20.0 8524s
 13710968 13069628  -45.79470  181   94 1.5936e+18  -46.21429   100%  20.0 8525s
 13720205 13078489  -44.79490  272   68 1.5936e+18  -46.21429   100%  20.0 8531s
 13732320 13089591  -46.20730   32  181 1.5936e+18  -46.21429   100%  20.0 8535s
 13745819 13102682  -44.67463  279   52 1.5936e+18  -46.21429   100%  20.0 8542s
 13755568 13113990  -46.02893  130  108 1.5936e+18  -46.21429   100%  20.0 8546s
 13767589 13122447  -44.99419  254   62 1.5936e+18  -46.21429   100%  20.0 8551s
H13767678 13122447                    1.593443e+18  -46.21429   100%  20.0 8552s
 13771601 13122479  -44.35447  317   40 1.5934e+18  -46.21429   100%  20.0 8561s
H13775944 13126750                    1.593302e+18  -46.21428   100%  20.0 8575s
H13775962 13126750                    1.593223e+18  -46.21428   100%  20.0 8576s
 13780490 13131218  -45.98569  121  122 1.5932e+18  -46.21428   100%  20.0 8587s
 13780523 13134874  -45.98297  121  122 1.5932e+18  -46.21428   100%  20.0 8590s
 13790208 13139911  -45.60290  201  102 1.5932e+18  -46.21428   100%  20.0 8602s
 13790241 13145551  -45.60349  201   96 1.5932e+18  -46.21428   100%  20.0 8605s
 13801383 13155952  -44.20729  310   61 1.5932e+18  -46.21428   100%  20.0 8610s
H13806871 13160344                    1.593106e+18  -46.21428   100%  20.0 8613s
 13811233 13160380  postponed  379      1.5931e+18  -46.21428   100%  20.0 8620s
 13816014 13171045  postponed  389      1.5931e+18  -46.21428   100%  20.0 8626s
 13827586 13180351  -45.88911  165  100 1.5931e+18  -46.21428   100%  20.0 8631s
H13832292 13184108                    1.593012e+18  -46.21428   100%  20.0 8634s
 13836167 13184138  -44.74054  263   66 1.5930e+18  -46.21428   100%  20.0 8641s
 13841778 13189247 infeasible  321      1.5930e+18  -46.21428   100%  20.0 8651s
 13845982 13199503  -46.09902   88  140 1.5930e+18  -46.21427   100%  20.0 8657s
H13845998 13199503                    1.592901e+18  -46.21427   100%  20.0 8658s
 13852601 13199530  -45.92275  145  113 1.5929e+18  -46.21427   100%  20.0 8665s
 13855420 13207989  -45.76454  168  103 1.5929e+18  -46.21427   100%  20.0 8671s
 13866338 13217836  -44.93593  242   85 1.5929e+18  -46.21427   100%  20.0 8675s
 13876994 13229694  -46.06666  116  114 1.5929e+18  -46.21427   100%  20.0 8682s
 13888799 13234059  -44.71825  252   61 1.5929e+18  -46.21427   100%  20.0 8691s
 13892664 13240458  -43.70240  303   49 1.5929e+18  -46.21427   100%  20.0 8696s
 13901155 13245757  -46.00654  118  120 1.5929e+18  -46.21427   100%  20.0 8707s
H13901164 13245757                    1.592724e+18  -46.21427   100%  20.0 8707s
 13901188 13250675  -46.02476  117  122 1.5927e+18  -46.21427   100%  20.0 8711s
 13906594 13250707  -45.70587  182  101 1.5927e+18  -46.21427   100%  20.0 8718s
 13906626 13281985  -45.71825  182  103 1.5927e+18  -46.21427   100%  20.0 8734s
H13906696 13281985                    1.592676e+18  -46.21427   100%  20.0 8735s
 13938658 13282017  -44.45679  278   60 1.5927e+18  -46.21426   100%  20.0 8743s
 13938690 13312258  -44.49318  278   62 1.5927e+18  -46.21426   100%  20.0 8752s
 13970722 13318737  -46.16843   71  146 1.5927e+18  -46.21425   100%  19.9 8756s
 13977563 13318768  -45.67145  193   84 1.5927e+18  -46.21425   100%  19.9 8763s
H13977575 13318768                    1.592650e+18  -46.21425   100%  19.9 8764s
 13977596 13318800  -45.66016  194   83 1.5927e+18  -46.21425   100%  19.9 8771s
 13982885 13323846  -45.17293  243   72 1.5927e+18  -46.21425   100%  19.9 8781s
 13988254 13332886  -44.18856  315   47 1.5927e+18  -46.21425   100%  19.9 8785s
 14002200 13349232  -45.57210  203   85 1.5927e+18  -46.21425   100%  19.9 8792s
 14009822 13352090  -44.76895  288   52 1.5927e+18  -46.21425   100%  19.9 8795s
 14022762 13366154  -46.05688  106  122 1.5927e+18  -46.21425   100%  19.9 8802s
 14027835 13371072  -45.77843  169  104 1.5927e+18  -46.21425   100%  19.9 8805s
 14039929 13382283  -44.24371  282   69 1.5927e+18  -46.21425   100%  19.9 8811s
 14049119 13391282  -46.07171  117  119 1.5927e+18  -46.21424   100%  19.9 8816s
 14059179 13396111  -45.26205  227   68 1.5927e+18  -46.21424   100%  19.9 8827s
H14059180 13396111                    1.592625e+18  -46.21424   100%  19.9 8828s
 14059213 13400382  -45.25412  228   67 1.5926e+18  -46.21424   100%  19.9 8830s
 14063578 13400413  -44.53755  280   57 1.5926e+18  -46.21424   100%  19.9 8837s
 14063613 13430906  -44.52898  281   57 1.5926e+18  -46.21424   100%  19.9 8847s
H14064315 13430906                    1.592603e+18  -46.21424   100%  19.9 8848s
 14095645 13430929  -46.16126   73  143 1.5926e+18  -46.21423   100%  19.9 8855s
 14095686 13461043  -46.16083   74  142 1.5926e+18  -46.21423   100%  19.9 8872s
 14127718 13467944  -45.07247  256   72 1.5926e+18  -46.21423   100%  19.9 8875s
 14139304 13472310  -46.17367   63  151 1.5926e+18  -46.21422   100%  19.9 8885s
H14139338 13472310                    1.592575e+18  -46.21422   100%  19.9 8886s
 14144281 13477241  -45.94816  152  102 1.5926e+18  -46.21422   100%  19.9 8896s
 14148406 13486226  -45.48108  209   79 1.5926e+18  -46.21422   100%  19.9 8901s
 14159007 13497466  -46.06738  120  112 1.5926e+18  -46.21422   100%  19.9 8906s
 14170348 13505538  -44.74569  274   58 1.5926e+18  -46.21422   100%  19.9 8911s
 14174349 13510675  -44.13656  318   45 1.5926e+18  -46.21422   100%  19.9 8915s
 14184953 13520450  -46.08975   96  129 1.5926e+18  -46.21422   100%  19.9 8920s
 14196877 13531827  -45.23172  225   87 1.5926e+18  -46.21422   100%  19.9 8925s
 14201580 13531858  -44.56501  262   73 1.5926e+18  -46.21422   100%  19.9 8932s
 14206010 13540057  -43.25381  301   65 1.5926e+18  -46.21422   100%  19.9 8936s
 14210462 13540087  -46.11817   81  141 1.5926e+18  -46.21422   100%  19.9 8943s
 14210496 13544316  -46.11795   82  139 1.5926e+18  -46.21422   100%  19.9 8946s
H14215081 13548769                    1.592565e+18  -46.21422   100%  19.9 8949s
 14219708 13548799  -45.79811  165  107 1.5926e+18  -46.21422   100%  19.9 8956s
 14219742 13579302  -45.80147  164  110 1.5926e+18  -46.21422   100%  19.9 8968s
H14219976 13579302                    1.592556e+18  -46.21422   100%  19.9 8969s
 14251774 13579334  -45.28110  232   76 1.5926e+18  -46.21420   100%  19.9 8977s
 14251806 13609735  -45.31451  231   73 1.5926e+18  -46.21420   100%  19.9 8987s
 14283838 13609767  -46.17946   51  164 1.5926e+18  -46.21420   100%  19.9 8995s
 14283870 13640367  -46.18109   49  165 1.5926e+18  -46.21420   100%  19.9 9007s
 14315902 13640399  -43.32809  303   67 1.5926e+18  -46.21420   100%  19.9 9014s
 14315934 13670589  -43.32388  303   68 1.5926e+18  -46.21420   100%  19.9 9024s
 14347966 13677016  -46.13609   76  150 1.5926e+18  -46.21419   100%  19.9 9029s
 14354734 13677048  -45.85983  149  114 1.5926e+18  -46.21419   100%  19.9 9036s
 14358108 13685711  -45.69173  176  102 1.5926e+18  -46.21419   100%  19.9 9042s
 14363471 13690638  -45.37797  200  100 1.5926e+18  -46.21419   100%  19.9 9045s
 14373006 13700003  -44.64971  256   80 1.5926e+18  -46.21419   100%  19.9 9050s
 14384802 13710226  -46.12510  105  126 1.5926e+18  -46.21419   100%  19.9 9056s
 14394150 13719977  -45.18187  239   65 1.5926e+18  -46.21419   100%  19.9 9060s
 14409497 13736015  -45.86289  156  100 1.5926e+18  -46.21419   100%  19.9 9067s
H14416755 13738816                    1.592548e+18  -46.21419   100%  19.9 9070s
 14419604 13738846  -44.76291  260   63 1.5925e+18  -46.21419   100%  19.9 9077s
 14419640 13744341  -44.77330  259   62 1.5925e+18  -46.21419   100%  19.9 9080s
 14425387 13744371 infeasible  316      1.5925e+18  -46.21418   100%  19.9 9093s
 14425421 13748230  -46.21189   36  178 1.5925e+18  -46.21418   100%  19.9 9095s
H14425566 13748230                    1.592537e+18  -46.21418   100%  19.9 9096s
 14429610 13748260  -46.01279  131  110 1.5925e+18  -46.21418   100%  19.9 9104s
 14429644 13752978  -46.00567  132  112 1.5925e+18  -46.21418   100%  19.9 9107s
 14434599 13758817  -45.63751  197   85 1.5925e+18  -46.21418   100%  19.9 9110s
 14447361 13769769  -42.56084  326   50 1.5925e+18  -46.21418   100%  19.9 9115s
 14457380 13779513  -45.83143  170  110 1.5925e+18  -46.21418   100%  19.9 9121s
 14466882 13788341  -44.86352  260   79 1.5925e+18  -46.21418   100%  19.9 9126s
 14478558 13799391  -45.98361  141   99 1.5925e+18  -46.21418   100%  19.9 9130s
 14487919 13807936  -44.90060  254   57 1.5925e+18  -46.21418   100%  19.9 9135s
 14492082 13807966  -44.11446  307   45 1.5925e+18  -46.21418   100%  19.9 9142s
H14492138 13811634                    1.592515e+18  -46.21417   100%  19.9 9144s
 14495930 13811664  -46.19933   37  176 1.5925e+18  -46.21417   100%  19.9 9152s
H14496054 13816164                    1.592507e+18  -46.21417   100%  19.9 9155s
 14500738 13816188  -46.08585   98  131 1.5925e+18  -46.21417   100%  19.9 9162s
 14500778 13847017  -46.08319   98  130 1.5925e+18  -46.21417   100%  19.9 9175s
H14500949 13847017                    1.592489e+18  -46.21417   100%  19.9 9176s
 14532810 13847048  -45.63151  189  103 1.5925e+18  -46.21416   100%  19.9 9183s
 14532843 13877200  -45.63830  188  101 1.5925e+18  -46.21416   100%  19.9 9199s
 14564875 13877232  -43.36077  326   43 1.5925e+18  -46.21416   100%  19.9 9207s
 14564907 13907679  -43.33606  327   45 1.5925e+18  -46.21416   100%  19.9 9217s
 14596939 13912776  -45.84233  169  102 1.5925e+18  -46.21415   100%  19.9 9221s
 14609418 13919545  -44.11017  313   47 1.5925e+18  -46.21415   100%  19.9 9232s
 14609453 13924751  -43.97123  313   52 1.5925e+18  -46.21415   100%  19.9 9235s
 14619998 13929750  -45.78473  175   99 1.5925e+18  -46.21415   100%  19.9 9245s
 14629752 13946030  -44.63549  322   38 1.5925e+18  -46.21415   100%  19.9 9253s
 14637470 13949646  -45.88592  154   99 1.5925e+18  -46.21415   100%  19.9 9255s
 14650086 13962271  -46.20427   38  175 1.5925e+18  -46.21415   100%  19.9 9261s
 14659709 13973970  -45.54183  198   87 1.5925e+18  -46.21415   100%  19.9 9267s
 14666754 13978348  -44.43879  287   54 1.5925e+18  -46.21415   100%  19.9 9271s
 14676124 13987595  -46.09039  119  120 1.5925e+18  -46.21414   100%  19.9 9277s
 14681324 13992667  -45.75925  190   94 1.5925e+18  -46.21414   100%  19.9 9280s
 14686646 13992697  -44.97927  264   64 1.5925e+18  -46.21414   100%  19.9 9288s
 14686680 13996820  -44.96495  265   64 1.5925e+18  -46.21414   100%  19.9 9290s
 14697160 14008133  -46.11683  101  129 1.5925e+18  -46.21414   100%  19.9 9296s
 14708369 14018054  -45.23905  241   74 1.5925e+18  -46.21414   100%  19.9 9300s
 14718795 14027748  -46.08065  113  118 1.5925e+18  -46.21414   100%  19.9 9305s
 14735157 14043118  -43.96186  307   44 1.5925e+18  -46.21414   100%  19.9 9312s
 14744455 14051891  -45.79173  169   92 1.5925e+18  -46.21413   100%  19.9 9316s
 14753432 14055796  -46.20629   35  178 1.5925e+18  -46.21413   100%  19.9 9325s
 14753465 14086161  -46.20439   35  178 1.5925e+18  -46.21413   100%  19.9 9338s
H14753531 14086161                    1.592475e+18  -46.21413   100%  19.9 9339s
 14785497 14086184  -46.09064   99  131 1.5925e+18  -46.21412   100%  19.9 9353s
H14785510 14086184                    1.592462e+18  -46.21412   100%  19.9 9354s
 14785538 14116867  -46.07864  100  129 1.5925e+18  -46.21412   100%  19.9 9363s
 14817570 14116898  -45.92107  149  103 1.5925e+18  -46.21412   100%  19.9 9370s
 14817603 14147664  -45.93107  149  106 1.5925e+18  -46.21412   100%  19.9 9383s
 14849635 14147696  -45.45468  195   92 1.5925e+18  -46.21411   100%  19.9 9390s
H14849641 14147696                    1.592452e+18  -46.21411   100%  19.9 9391s
 14849667 14177626  -45.45118  196   92 1.5925e+18  -46.21411   100%  19.9 9405s
H14855457 14177626                    1.592447e+18  -46.21411   100%  19.9 9406s
 14881699 14177658  -46.17699   68  148 1.5924e+18  -46.21411   100%  19.9 9413s
 14881731 14207976  -46.17338   69  147 1.5924e+18  -46.21411   100%  19.9 9424s
H14881780 14207976                    1.592444e+18  -46.21411   100%  19.9 9424s
 14913763 14208007  -45.51774  213   80 1.5924e+18  -46.21410   100%  19.9 9438s
H14913788 14208007                    1.592438e+18  -46.21410   100%  19.9 9438s
 14913796 14238043  -45.50046  214   81 1.5924e+18  -46.21410   100%  19.9 9449s
 14945828 14238075  -46.12508   87  137 1.5924e+18  -46.21410   100%  19.9 9456s
 14945860 14268397  -46.12256   88  137 1.5924e+18  -46.21410   100%  19.9 9472s
 14977892 14268429  -46.20792   37  176 1.5924e+18  -46.21409   100%  19.9 9479s
 14977924 14299286  -46.20379   39  175 1.5924e+18  -46.21409   100%  19.9 9490s
H14978701 14299286                    1.592436e+18  -46.21409   100%  19.9 9491s
 15009956 14299318  -45.36398  210   78 1.5924e+18  -46.21409   100%  19.9 9498s
 15009988 14329130  -45.36098  211   79 1.5924e+18  -46.21409   100%  19.9 9508s
 15042020 14329160  -46.20934   41  172 1.5924e+18  -46.21408   100%  19.9 9517s
H15042024 14329160                    1.592433e+18  -46.21408   100%  19.9 9518s
 15042054 14359876  -46.20858   42  171 1.5924e+18  -46.21408   100%  19.9 9528s
 15074086 14359908  -45.72860  194   83 1.5924e+18  -46.21408   100%  19.9 9535s
 15074118 14390284  -45.72036  195   80 1.5924e+18  -46.21408   100%  19.9 9553s
H15074643 14390284                    1.592427e+18  -46.21408   100%  19.9 9554s
 15106150 14390316  -44.72816  262   75 1.5924e+18  -46.21407   100%  19.9 9560s
 15106182 14420463  -44.72454  262   77 1.5924e+18  -46.21407   100%  19.9 9569s
 15138214 14420495  -46.08242  111  126 1.5924e+18  -46.21407   100%  19.9 9575s
 15138246 14451289  -46.08131  112  128 1.5924e+18  -46.21407   100%  19.9 9586s
 15170278 14451321  -45.43655  197  100 1.5924e+18  -46.21406   100%  19.9 9592s
 15170310 14481552  -45.42795  198   96 1.5924e+18  -46.21406   100%  19.9 9601s
H15170585 14481552                    1.592423e+18  -46.21406   100%  19.9 9602s
 15202342 14481577  -43.71349  323   40 1.5924e+18  -46.21406   100%  19.9 9613s
 15202381 14511714  -43.61079  323   43 1.5924e+18  -46.21406   100%  19.9 9622s
 15234413 14511746  -45.53221  195   75 1.5924e+18  -46.21405   100%  19.9 9629s
 15234445 14542701  -45.50958  196   77 1.5924e+18  -46.21405   100%  19.9 9643s
H15248212 14542701                    1.592421e+18  -46.21405   100%  19.9 9644s
 15266477 14542733  -45.27283  224  103 1.5924e+18  -46.21405   100%  19.8 9657s
H15266478 14542733                    1.592414e+18  -46.21405   100%  19.8 9658s
H15266496 14542733                    1.592404e+18  -46.21405   100%  19.8 9658s
 15266509 14573127  -45.26650  226   99 1.5924e+18  -46.21405   100%  19.8 9676s
H15266527 14573127                    1.592393e+18  -46.21405   100%  19.8 9678s
 15298541 14573157  -45.43599  208   89 1.5924e+18  -46.21404   100%  19.8 9684s
 15298575 14603361  -45.45308  207   88 1.5924e+18  -46.21404   100%  19.8 9693s
 15330607 14610038  -44.41228  310   52 1.5924e+18  -46.21404   100%  19.8 9695s
 15342442 14619142  -45.74968  179   90 1.5924e+18  -46.21404   100%  19.8 9700s
 15352014 14628235  -44.38735  296   44 1.5924e+18  -46.21404   100%  19.8 9705s
 15356824 14628267  -46.12368   92  131 1.5924e+18  -46.21404   100%  19.8 9711s
 15361346 14638581  -45.89060  168   97 1.5924e+18  -46.21404   100%  19.8 9717s
H15361490 14638581                    1.592384e+18  -46.21404   100%  19.8 9718s
 15367506 14638613  -45.30068  237   75 1.5924e+18  -46.21404   100%  19.8 9723s
 15367538 14639437  -45.27463  238   72 1.5924e+18  -46.21404   100%  19.8 9729s
 15368370 14645761  -45.07783  253   67 1.5924e+18  -46.21404   100%  19.8 9732s
 15375212 14651079 infeasible  348      1.5924e+18  -46.21404   100%  19.8 9735s
 15389598 14665267  -45.52769  217   85 1.5924e+18  -46.21404   100%  19.8 9742s
 15395589 14671491  -44.23210  292   54 1.5924e+18  -46.21404   100%  19.8 9745s
 15412238 14685374  -45.42859  206   76 1.5924e+18  -46.21403   100%  19.8 9751s
 15416967 14685404  -44.88924  257   64 1.5924e+18  -46.21403   100%  19.8 9757s
 15417001 14690219  -44.88178  258   63 1.5924e+18  -46.21403   100%  19.8 9760s
 15427346 14701754  -46.04973  123  116 1.5924e+18  -46.21403   100%  19.8 9766s
 15438135 14710985  -45.18636  241   70 1.5924e+18  -46.21403   100%  19.8 9770s
 15449139 14720708  -46.08111  122  112 1.5924e+18  -46.21403   100%  19.8 9775s
 15458505 14731297  -45.23210  225   71 1.5924e+18  -46.21403   100%  19.8 9780s
H15465264 14735816                    1.592376e+18  -46.21402   100%  19.8 9783s
 15470004 14735843  -46.11588  102  125 1.5924e+18  -46.21402   100%  19.8 9790s
H15470159 14739692                    1.592372e+18  -46.21402   100%  19.8 9793s
 15474127 14739720  -45.86017  164   99 1.5924e+18  -46.21402   100%  19.8 9799s
 15474163 14739751  -45.85732  165  100 1.5924e+18  -46.21402   100%  19.8 9805s
 15474196 14739781  -45.84121  166  100 1.5924e+18  -46.21402   100%  19.8 9811s
 15479501 14749287  -45.47915  213   86 1.5924e+18  -46.21402   100%  19.8 9816s
 15488892 14758777  -43.11415  338   48 1.5924e+18  -46.21402   100%  19.8 9821s
 15500479 14769969  -45.45733  218   82 1.5924e+18  -46.21402   100%  19.8 9825s
 15511067 14779011  -42.08698  332   50 1.5924e+18  -46.21402   100%  19.8 9830s
 15520763 14790506  -45.85906  170   97 1.5924e+18  -46.21401   100%  19.8 9835s
 15537133 14803087 infeasible  312      1.5924e+18  -46.21401   100%  19.8 9841s
 15546316 14813079  -45.30414  221   75 1.5924e+18  -46.21401   100%  19.8 9845s
 15558853 14819982  -45.95489  152  104 1.5924e+18  -46.21400   100%  19.8 9855s
 15567398 14832430  -44.53295  270   59 1.5924e+18  -46.21400   100%  19.8 9860s
 15577101 14842122  -45.78506  171   93 1.5924e+18  -46.21400   100%  19.8 9865s
 15588214 14848023 infeasible  320      1.5924e+18  -46.21400   100%  19.8 9874s
 15588248 14852026  -43.44597  319   40 1.5924e+18  -46.21400   100%  19.8 9876s
 15592537 14857556  -46.07127  102  128 1.5924e+18  -46.21400   100%  19.8 9880s
 15603617 14867700  -45.40698  194   97 1.5924e+18  -46.21400   100%  19.8 9888s
 15608887 14872539  -45.00310  219   90 1.5924e+18  -46.21400   100%  19.8 9890s
 15620506 14882917  -42.09393  294   69 1.5924e+18  -46.21400   100%  19.8 9897s
 15625141 14884873  -46.09154   94  135 1.5924e+18  -46.21399   100%  19.8 9901s
 15627283 14884905  -46.04040  111  121 1.5924e+18  -46.21399   100%  19.8 9909s
 15627321 14890694  -46.03865  112  119 1.5924e+18  -46.21399   100%  19.8 9913s
 15633167 14895500  -45.76791  169  103 1.5924e+18  -46.21399   100%  19.8 9915s
 15643149 14906700  -44.98186  249   83 1.5924e+18  -46.21399   100%  19.8 9922s
 15654471 14915031  -42.83244  339   65 1.5924e+18  -46.21399   100%  19.8 9927s
 15663745 14924555  -45.90018  165   94 1.5924e+18  -46.21399   100%  19.8 9931s
 15673965 14935838  -44.69469  273   54 1.5924e+18  -46.21399   100%  19.8 9936s
 15685145 14944573  -45.63653  196   82 1.5924e+18  -46.21399   100%  19.8 9941s
 15694922 14953934  -44.28182  303   52 1.5924e+18  -46.21399   100%  19.8 9946s
 15704644 14963465  -45.73853  173   95 1.5924e+18  -46.21398   100%  19.8 9951s
 15709753 14963488  -45.22755  221   76 1.5924e+18  -46.21398   100%  19.8 9958s
 15709794 14963520  -45.17572  224   71 1.5924e+18  -46.21398   100%  19.8 9964s
 15709826 14969161  -45.16631  225   71 1.5924e+18  -46.21398   100%  19.8 9968s
 15716068 14974878  -44.05898  297   48 1.5924e+18  -46.21398   100%  19.8 9971s
 15727735 14985385  -45.71821  176   87 1.5924e+18  -46.21398   100%  19.8 9976s
 15737868 14996284  -44.37008  304   47 1.5924e+18  -46.21398   100%  19.8 9982s
 15744650 15001073  -46.08860  107  124 1.5924e+18  -46.21398   100%  19.8 9985s
 15754433 15008266  -45.20846  232   72 1.5924e+18  -46.21398   100%  19.8 9990s
 15762796 15018538  -44.16569  332   39 1.5924e+18  -46.21398   100%  19.8 9996s
 15774988 15029760  -45.69548  186   91 1.5924e+18  -46.21397   100%  19.8 10002s
 15779617 15034373  -45.29842  232   71 1.5924e+18  -46.21397   100%  19.8 10005s
 15784680 15034403  -46.20965   35  179 1.5924e+18  -46.21397   100%  19.8 10012s
 15784714 15039118  -46.20789   36  178 1.5924e+18  -46.21397   100%  19.8 10015s
 15793882 15048018  -45.57464  213   82 1.5924e+18  -46.21397   100%  19.8 10020s
 15805287 15058294  -46.01355  130  108 1.5924e+18  -46.21397   100%  19.8 10026s
 15815492 15065928  -42.09416  343   42 1.5924e+18  -46.21397   100%  19.8 10033s
 15818471 15072113  -46.16797   76  143 1.5924e+18  -46.21396   100%  19.8 10037s
 15829602 15083522  -45.43673  221   78 1.5924e+18  -46.21396   100%  19.8 10042s
 15836371 15088159  -44.03213  299   51 1.5924e+18  -46.21396   100%  19.8 10045s
 15841475 15088188  -41.75846  349   47 1.5924e+18  -46.21396   100%  19.8 10053s
 15841510 15092791 infeasible  350      1.5924e+18  -46.21396   100%  19.8 10056s
 15846489 15097455  -46.06575  104  128 1.5924e+18  -46.21396   100%  19.8 10060s
 15855902 15102038  -45.59547  190   98 1.5924e+18  -46.21396   100%  19.8 10071s
 15860435 15112863  -45.33022  220   92 1.5924e+18  -46.21396   100%  19.8 10077s
 15870987 15120976  -43.77463  302   71 1.5924e+18  -46.21396   100%  19.8 10081s
 15880181 15129910  -45.91532  161  106 1.5924e+18  -46.21396   100%  19.8 10086s
 15890662 15139222  -44.89076  261   67 1.5924e+18  -46.21396   100%  19.8 10091s
 15902542 15151478  -45.97215  138  105 1.5924e+18  -46.21395   100%  19.8 10096s
 15913505 15160967  -44.86687  258   62 1.5924e+18  -46.21395   100%  19.8 10101s
 15923127 15172446  -41.44905  346   46 1.5924e+18  -46.21395   100%  19.8 10107s
 15934422 15180823  -45.62542  204   83 1.5924e+18  -46.21395   100%  19.8 10111s
 15943611 15184960 infeasible  333      1.5924e+18  -46.21395   100%  19.8 10120s
 15947880 15192862  -46.06620  115  121 1.5924e+18  -46.21394   100%  19.8 10126s
H15947911 15192862                    1.592362e+18  -46.21394   100%  19.8 10127s
 15952117 15192887  -45.74504  178   94 1.5924e+18  -46.21394   100%  19.8 10133s
 15952164 15223628  -45.70607  179   95 1.5924e+18  -46.21394   100%  19.8 10151s
 15989577 15234026  -43.60940  300   70 1.5924e+18  -46.21393   100%  19.8 10156s
 16000236 15238950  -45.73445  178   90 1.5924e+18  -46.21393   100%  19.8 10165s
 16005388 15248372  -45.12826  230   71 1.5924e+18  -46.21393   100%  19.8 10170s
 16016189 15259755  -42.75058  339   45 1.5924e+18  -46.21393   100%  19.8 10176s
 16027949 15270448  -46.04921  102  130 1.5924e+18  -46.21393   100%  19.8 10181s
 16037330 15278771  -45.67215  185  100 1.5924e+18  -46.21393   100%  19.8 10187s
 16046896 15289834  -44.55332  273   75 1.5924e+18  -46.21393   100%  19.8 10192s
 16059083 15298444  -45.95772  149  108 1.5924e+18  -46.21393   100%  19.8 10197s
 16067491 15307025  -45.07670  246   71 1.5924e+18  -46.21393   100%  19.8 10201s
 16077001 15317421  -46.16101   68  149 1.5924e+18  -46.21393   100%  19.8 10207s
 16082884 15317453  -45.95056  145  109 1.5924e+18  -46.21393   100%  19.8 10214s
 16082916 15317485  -45.94711  146  107 1.5924e+18  -46.21393   100%  19.8 10219s
 16082948 15322305  -45.94701  146  109 1.5924e+18  -46.21393   100%  19.8 10222s
H16083013 15322305                    1.592332e+18  -46.21393   100%  19.8 10223s
 16087820 15322332  -45.55866  198   91 1.5923e+18  -46.21393   100%  19.8 10229s
 16087859 15328610  -45.55052  198   95 1.5923e+18  -46.21393   100%  19.8 10232s
 16094339 15333629  -44.81930  259   76 1.5923e+18  -46.21393   100%  19.8 10235s
 16105503 15343197  -46.16703   76  143 1.5923e+18  -46.21392   100%  19.8 10242s
H16105530 15343197                    1.592316e+18  -46.21392   100%  19.8 10242s
 16109774 15343225  -45.84301  163   97 1.5923e+18  -46.21392   100%  19.8 10249s
 16109810 15373509  -45.83405  163   93 1.5923e+18  -46.21392   100%  19.8 10258s
 16141842 15373541  -44.07771  305   43 1.5923e+18  -46.21391   100%  19.8 10268s
H16141844 15373541                    1.592297e+18  -46.21391   100%  19.8 10268s
 16141874 15404014  -44.01901  306   44 1.5923e+18  -46.21391   100%  19.8 10278s
H16142732 15404014                    1.592284e+18  -46.21391   100%  19.8 10279s
 16173906 15404046  -45.70211  181   90 1.5923e+18  -46.21391   100%  19.8 10287s
 16173938 15434437  -45.73011  179   91 1.5923e+18  -46.21391   100%  19.8 10303s
 16205970 15441173  -46.19026   54  163 1.5923e+18  -46.21390   100%  19.8 10307s
 16217663 15445587  -45.30032  232   72 1.5923e+18  -46.21390   100%  19.8 10316s
H16217689 15445587                    1.592260e+18  -46.21390   100%  19.8 10317s
 16221914 15449659  -44.68440  279   62 1.5923e+18  -46.21390   100%  19.8 10325s
H16222031 15454016                    1.592218e+18  -46.21390   100%  19.8 10328s
 16226581 15454044  -43.83795  329   52 1.5922e+18  -46.21390   100%  19.8 10334s
 16226617 15458517  -43.82890  330   51 1.5922e+18  -46.21390   100%  19.8 10337s
 16234178 15467058  -46.19195   45  168 1.5922e+18  -46.21390   100%  19.8 10341s
 16240415 15473807  -45.98973  123  116 1.5922e+18  -46.21390   100%  19.8 10345s
 16252179 15482931  -44.64449  249   74 1.5922e+18  -46.21390   100%  19.8 10350s
 16261719 15492132  -45.97171  148  101 1.5922e+18  -46.21390   100%  19.8 10355s
 16271111 15503139  -44.57153  266   53 1.5922e+18  -46.21390   100%  19.8 10360s
 16278247 15503167  -46.18983   54  160 1.5922e+18  -46.21389   100%  19.8 10367s
 16278283 15503199  -46.18937   55  160 1.5922e+18  -46.21389   100%  19.8 10375s
H16278289 15503199                    1.592158e+18  -46.21389   100%  19.8 10376s
 16282678 15507534  -45.95447  138  106 1.5922e+18  -46.21389   100%  19.8 10385s
H16282729 15511774                    1.592096e+18  -46.21389   100%  19.8 10388s
 16287114 15511806  -45.56835  191   84 1.5921e+18  -46.21389   100%  19.8 10395s
 16296351 15525117  -44.15829  298   52 1.5921e+18  -46.21389   100%  19.8 10402s
H16296435 15525117                    1.592040e+18  -46.21389   100%  19.8 10403s
 16301321 15525149  -46.18325   61  154 1.5920e+18  -46.21389   100%  19.8 10411s
 16301353 15555474  -46.18084   62  153 1.5920e+18  -46.21389   100%  19.8 10420s
 16339823 15566936  -44.50182  291   48 1.5920e+18  -46.21388   100%  19.8 10426s
 16350750 15577026  -45.90404  138  112 1.5920e+18  -46.21388   100%  19.8 10432s
 16356319 15582120  -45.56479  190   95 1.5920e+18  -46.21388   100%  19.8 10435s
 16361523 15582152  -45.02400  237   75 1.5920e+18  -46.21388   100%  19.8 10442s
 16361555 15582184  -45.01334  238   73 1.5920e+18  -46.21388   100%  19.8 10450s
 16371431 15596140  -46.10550  106  125 1.5920e+18  -46.21388   100%  19.8 10456s
 16381104 15605335  -45.37825  233   69 1.5920e+18  -46.21388   100%  19.8 10461s
 16389642 15613935  -46.13986   88  133 1.5920e+18  -46.21388   100%  19.8 10465s
 16406818 15629112  -44.14682  321   43 1.5920e+18  -46.21388   100%  19.8 10471s
 16415843 15637761  -45.90247  161   99 1.5920e+18  -46.21387   100%  19.8 10475s
H16415873 15637761                    1.592007e+18  -46.21387   100%  19.8 10477s
 16420227 15637794  -45.44424  218   79 1.5920e+18  -46.21387   100%  19.8 10483s
 16420264 15642194  -45.42892  218   78 1.5920e+18  -46.21387   100%  19.8 10485s
 16424927 15642225  -44.62874  285   59 1.5920e+18  -46.21387   100%  19.8 10493s
H16424936 15642225                    1.591993e+18  -46.21387   100%  19.8 10494s
 16424966 15672761  -44.64524  285   58 1.5920e+18  -46.21387   100%  19.8 10504s
H16425663 15672761                    1.591974e+18  -46.21387   100%  19.8 10505s
 16456998 15672793  -45.88553  142  104 1.5920e+18  -46.21386   100%  19.8 10513s
 16457030 15703116  -45.88463  142  104 1.5920e+18  -46.21386   100%  19.8 10521s
 16489062 15703141  -44.74960  265   65 1.5920e+18  -46.21386   100%  19.8 10529s
 16489101 15733593  -44.69950  266   60 1.5920e+18  -46.21386   100%  19.8 10544s
 16521133 15739452  -45.86880  175   98 1.5920e+18  -46.21385   100%  19.8 10547s
 16532796 15749581  -43.88540  306   47 1.5920e+18  -46.21385   100%  19.8 10551s
 16541112 15758026  -46.05721  120  122 1.5920e+18  -46.21385   100%  19.8 10556s
 16551840 15769388  -44.74183  274   61 1.5920e+18  -46.21385   100%  19.8 10561s
 16563705 15778615 infeasible  361      1.5920e+18  -46.21385   100%  19.8 10565s
 16573194 15783083  -45.61792  196   88 1.5920e+18  -46.21385   100%  19.8 10575s
 16582090 15797348  -43.98982  316   52 1.5920e+18  -46.21385   100%  19.8 10583s
 16588504 15801738  -46.17685   51  164 1.5920e+18  -46.21385   100%  19.8 10585s
 16592974 15801765  -45.89874  144  101 1.5920e+18  -46.21385   100%  19.8 10591s
H16593072 15805072                    1.591955e+18  -46.21385   100%  19.8 10595s
 16596420 15805104  -45.66081  187   86 1.5920e+18  -46.21385   100%  19.8 10602s
 16596452 15811361  -45.65666  188   85 1.5920e+18  -46.21385   100%  19.8 10605s
 16608706 15822052 infeasible  325      1.5920e+18  -46.21385   100%  19.8 10610s
 16621386 15833169  -45.58045  209   79 1.5920e+18  -46.21384   100%  19.8 10615s
 16631124 15842682  -43.17489  334   38 1.5920e+18  -46.21384   100%  19.8 10621s
 16636203 15842714  -46.10848   89  141 1.5920e+18  -46.21384   100%  19.8 10628s
 16636235 15846553  -46.10277   90  140 1.5920e+18  -46.21384   100%  19.8 10631s
 16644868 15857909  -45.61303  187  106 1.5920e+18  -46.21384   100%  19.8 10635s
 16661612 15871393  -43.78268  286   72 1.5920e+18  -46.21384   100%  19.8 10641s
 16670880 15880105  -46.02230  129  110 1.5920e+18  -46.21383   100%  19.8 10645s
 16681875 15891299  -45.01025  246   66 1.5920e+18  -46.21383   100%  19.8 10651s
H16687056 15895147                    1.591936e+18  -46.21383   100%  19.8 10654s
 16690929 15895179  -46.11120  103  121 1.5919e+18  -46.21383   100%  19.8 10661s
H16690972 15899475                    1.591927e+18  -46.21383   100%  19.8 10663s
 16695379 15899507  -45.89562  161  100 1.5919e+18  -46.21383   100%  19.8 10669s
 16695411 15899539  -45.89392  161   95 1.5919e+18  -46.21383   100%  19.8 10676s
 16695443 15899571  -45.89165  162   97 1.5919e+18  -46.21383   100%  19.8 10684s
H16695458 15899571                    1.591914e+18  -46.21383   100%  19.8 10684s
 16695475 15903766  -45.88695  163   98 1.5919e+18  -46.21383   100%  19.8 10686s
 16700037 15903790  -45.52348  210   76 1.5919e+18  -46.21383   100%  19.8 10693s
 16700077 15908971  -45.53462  210   77 1.5919e+18  -46.21383   100%  19.8 10696s
H16705657 15914438                    1.591894e+18  -46.21383   100%  19.8 10700s
 16711342 15914470  -43.37121  329   49 1.5919e+18  -46.21383   100%  19.8 10707s
H16711531 15919833                    1.591882e+18  -46.21383   100%  19.8 10710s
 16716921 15919853  -46.12258   91  131 1.5919e+18  -46.21383   100%  19.8 10717s
 16716967 15924711  -46.12260   92  132 1.5919e+18  -46.21383   100%  19.8 10720s
H16722300 15927828                    1.591874e+18  -46.21383   100%  19.8 10723s
 16725598 15934175  -45.36006  225   76 1.5919e+18  -46.21383   100%  19.8 10727s
 16737550 15945338  -46.09248   92  132 1.5919e+18  -46.21383   100%  19.8 10732s
 16743795 15945370  -45.79551  164  105 1.5919e+18  -46.21383   100%  19.8 10739s
 16743827 15945402  -45.79795  165  105 1.5919e+18  -46.21383   100%  19.8 10745s
 16749249 15954946  -45.25275  209   86 1.5919e+18  -46.21383   100%  19.8 10750s
 16759382 15965078  -42.82602  309   63 1.5919e+18  -46.21383   100%  19.8 10756s
 16770011 15970112  -45.96620  143  108 1.5919e+18  -46.21382   100%  19.8 10765s
 16770045 16000711  -45.95656  144  102 1.5919e+18  -46.21382   100%  19.8 10779s
H16770271 16000711                    1.591865e+18  -46.21382   100%  19.8 10780s
 16802077 16000739  -44.98831  263   69 1.5919e+18  -46.21381   100%  19.8 10789s
H16802080 16000739                    1.591856e+18  -46.21381   100%  19.8 10789s
 16802113 16030749  -44.96651  264   70 1.5919e+18  -46.21381   100%  19.8 10800s

Explored 16833976 nodes (333704607 simplex iterations) in 10800.33 seconds (5958.65 work units)
Thread count was 32 (of 192 available processors)

Solution count 10: 1.59186e+18 1.59187e+18 1.59187e+18 ... 1.59197e+18

Time limit reached
Warning: some integer variables take values larger than the maximum
         supported value (2000000000)
Best objective 1.591855961746e+18, best bound -4.621380652675e+01, gap 100.0000%

