Solver command line: ['/cvmfs/restricted.computecanada.ca/easybuild/software/2023/x86-64-v3/Core/gurobi/11.0.1/bin/gurobi.sh']

Set parameter TokenServer to value "license1.computecanada.ca"
Read LP format model from file /tmp/tmpopcy482w.pyomo.lp
Reading time = 0.01 seconds
x1: 200 rows, 200 columns, 40000 nonzeros
Read MIP start from file /tmp/tmpc2ys9y57.gurobi.mst
Set parameter TimeLimit to value 10800
Gurobi Optimizer version 11.0.1 build v11.0.1rc0 (linux64 - "AlmaLinux 9.6 (Sage Margay)")

CPU model: AMD EPYC 9454 48-Core Processor, instruction set [SSE2|AVX|AVX2|AVX512]
Thread count: 48 physical cores, 48 logical processors, using up to 32 threads

Optimize a model with 200 rows, 200 columns and 40000 nonzeros
Model fingerprint: 0x443a0861
Model has 200 quadratic objective terms
Variable types: 0 continuous, 200 integer (0 binary)
Coefficient statistics:
  Matrix range     [7e-07, 4e-01]
  Objective range  [2e-04, 1e-01]
  QObjective range [1e-04, 1e-02]
  Bounds range     [0e+00, 0e+00]
  RHS range        [8e-04, 1e+00]

Loaded user MIP start with objective -32.0848

Presolve time: 0.01s
Presolved: 200 rows, 200 columns, 40000 nonzeros
Presolved model has 200 quadratic objective terms
Variable types: 0 continuous, 200 integer (0 binary)
Found heuristic solution: objective -38.1269687

Root relaxation: objective -4.663152e+01, 109 iterations, 0.02 seconds (0.03 work units)

    Nodes    |    Current Node    |     Objective Bounds      |     Work
 Expl Unexpl |  Obj  Depth IntInf | Incumbent    BestBd   Gap | It/Node Time

     0     0  -46.63152    0  200  -38.12697  -46.63152  22.3%     -    0s
     0     0  -46.62696    0  200  -38.12697  -46.62696  22.3%     -    0s
     0     2  -46.62696    0  200  -38.12697  -46.62696  22.3%     -    0s
H   82    96                     -39.1393970  -46.62666  19.1%   2.6    4s
    95   128  -46.62456    6  194  -39.13940  -46.62666  19.1%   2.6    6s
H  106   128                     -39.5635221  -46.62666  17.9%   2.6    6s
H  119   128                     -40.0337492  -46.62666  16.5%   2.6    6s
H 1208  1237                     -40.4103885  -46.62666  15.4%   2.5    8s
  2469  2666  -46.56548   53  150  -40.41039  -46.62666  15.4%   3.1   10s
  7538  7928  -46.29767  146  101  -40.41039  -46.62666  15.4%   7.7   15s
 12015 12425  -45.74698  220   77  -40.41039  -46.62666  15.4%  10.3   20s
H13659 13845                     -40.4276767  -46.62666  15.3%  11.4   21s
 14499 14388  -45.66360  227  200  -40.42768  -46.62666  15.3%  11.9   26s
 15172 14899  -46.60296   28  185  -40.42768  -46.62569  15.3%  11.5   30s
 17887 16885  -46.55326   64  149  -40.42768  -46.62569  15.3%  10.3   35s
 21719 19463  -46.48332  114  124  -40.42768  -46.62569  15.3%  10.2   40s
 25356 21676  -46.44695  156  103  -40.42768  -46.62569  15.3%  10.4   45s
 29349 24760  -46.26001  202   86  -40.42768  -46.62569  15.3%  11.0   50s
 33899 27709  -45.90626  251   73  -40.42768  -46.62569  15.3%  12.3   55s
 39547 29962  -46.60878   44  170  -40.42768  -46.62442  15.3%  12.5   68s
 41123 31624  -46.57770   87  141  -40.42768  -46.62442  15.3%  12.4   70s
 50499 38501  -40.84152  370   44  -40.42768  -46.62442  15.3%  12.5   76s
 58214 46088  -45.41118  267   86  -40.42768  -46.62404  15.3%  12.4   82s
 67158 51933  -46.57628   68  151  -40.42768  -46.62344  15.3%  12.5   85s
 76391 61145  -43.67963  334   66  -40.42768  -46.62344  15.3%  12.6   90s
 87460 72841  -45.18268  252   80  -40.42768  -46.62254  15.3%  12.9   97s
 95761 80967  -46.46726  105  131  -40.42768  -46.62230  15.3%  13.4  101s
 108729 92439  -46.58911   52  161  -40.42768  -46.62146  15.3%  13.6  106s
 117305 101896  -44.21096  314   63  -40.42768  -46.62140  15.3%  13.6  112s
 125891 109151  -46.17371  187  102  -40.42768  -46.62068  15.3%  13.4  116s
 134305 116634  -46.54138   91  131  -40.42768  -46.62046  15.3%  13.6  121s
 146512 128583     cutoff  457       -40.42768  -46.62046  15.3%  14.3  126s
 155785 139746  -44.68627  313   66  -40.42768  -46.62034  15.3%  14.5  130s
 172231 153352  -43.14532  356   51  -40.42768  -46.62026  15.3%  14.8  136s
 177638 153384  -46.53963   88  133  -40.42768  -46.61981  15.3%  14.9  146s
H177640 153355                     -40.4854111  -46.61981  15.2%  14.9  146s
 177670 182861  -46.53809   89  133  -40.48541  -46.61981  15.2%  14.9  155s
 213895 192569  -44.29745  311   68  -40.48541  -46.61946  15.2%  15.8  160s
 230310 202003  -43.09315  359   62  -40.48541  -46.61944  15.2%  16.4  166s
 235154 211955     cutoff  459       -40.48541  -46.61944  15.2%  16.4  172s
H240728 211889                     -40.5431686  -46.61942  15.0%  16.4  172s
 246467 222259  -44.12636  364   57  -40.54317  -46.61942  15.0%  16.6  176s
H256379 226151                     -40.6657449  -46.61929  14.6%  16.7  179s
 257161 229257  -45.27661  239   81  -40.66574  -46.61929  14.6%  16.7  180s
 264172 237269  -41.28358  424   46  -40.66574  -46.61929  14.6%  17.0  185s
H268408 236631                     -40.7539759  -46.61921  14.4%  17.0  185s
 280160 246573  -46.57415   68  152  -40.75398  -46.61910  14.4%  17.2  198s
H280186 246476                     -40.7651253  -46.61910  14.4%  17.2  198s
 280192 250584  -46.57266   69  152  -40.76513  -46.61910  14.4%  17.2  200s
 292178 262796  -41.12293  434   43  -40.76513  -46.61910  14.4%  17.6  206s
 302710 271285  -43.32656  332   60  -40.76513  -46.61905  14.4%  17.7  210s
 316717 285831  -43.80649  334   59  -40.76513  -46.61901  14.4%  17.9  216s
 328066 294291  -45.75505  210   91  -40.76513  -46.61891  14.4%  17.9  220s
 335961 301767  -41.29265  417   60  -40.76513  -46.61880  14.4%  18.1  226s
 346464 312210  -46.22258  164   99  -40.76513  -46.61880  14.4%  18.1  231s
 359602 324929  -45.43357  254   65  -40.76513  -46.61880  14.4%  18.2  236s
 369190 331753  -44.13770  301   56  -40.76513  -46.61880  14.4%  18.3  240s
 378746 342763  -46.24392  163  117  -40.76513  -46.61869  14.4%  18.4  245s
 390801 348321  -46.55779   79  143  -40.76513  -46.61862  14.4%  18.3  254s
 390833 351703  -46.55503   80  142  -40.76513  -46.61862  14.4%  18.3  256s
 401573 364414  -42.10119  383   55  -40.76513  -46.61857  14.4%  18.4  263s
 408276 369574  -46.18444  165  116  -40.76513  -46.61857  14.4%  18.3  265s
 423904 383318  -46.15194  171   94  -40.76513  -46.61852  14.4%  18.2  271s
 432062 391941  -46.60171   46  167  -40.76513  -46.61849  14.4%  18.3  275s
 442364 401207  -42.76669  374   55  -40.76513  -46.61848  14.4%  18.3  280s
 456162 414813  -42.51806  388   43  -40.76513  -46.61838  14.4%  18.4  286s
 468370 424529  -43.70151  349   50  -40.76513  -46.61838  14.4%  18.5  290s
 482584 438129  -42.70603  383   42  -40.76513  -46.61834  14.4%  18.5  297s
 493208 449477  -46.34304  141  108  -40.76513  -46.61830  14.4%  18.5  302s
 501325 451346  -45.29206  252   75  -40.76513  -46.61830  14.4%  18.5  312s
 506417 461215  -46.59661   51  164  -40.76513  -46.61824  14.4%  18.5  316s
 516824 470552  -42.41258  373   41  -40.76513  -46.61818  14.4%  18.5  321s
H520813 468880                     -40.9121500  -46.61810  13.9%  18.5  321s
 528424 479311  -43.71081  333   54  -40.91215  -46.61810  13.9%  18.5  326s
 542079 492118  -43.36621  347   51  -40.91215  -46.61809  13.9%  18.6  331s
 551920 501840  -45.17292  250   71  -40.91215  -46.61805  13.9%  18.6  337s
 562107 511255  -46.29901  147  110  -40.91215  -46.61797  13.9%  18.7  342s
 573793 521936  -46.57042   58  156  -40.91215  -46.61795  13.9%  18.7  345s
 582780 531354  -44.62293  327   68  -40.91215  -46.61795  13.9%  18.6  350s
 594846 539813  -45.52600  238   77  -40.91215  -46.61791  13.9%  18.6  355s
 602443 546236  -40.94826  442   44  -40.91215  -46.61787  13.9%  18.6  360s
 615708 560683  -46.00464  202   90  -40.91215  -46.61787  13.9%  18.6  366s
 620761 560715  -45.62821  247   63  -40.91215  -46.61787  13.9%  18.6  375s
 630660 574074  -44.49776  297   48  -40.91215  -46.61787  13.9%  18.7  381s
 641436 584119  -43.54589  349   41  -40.91215  -46.61780  13.9%  18.8  385s
 651347 594352  -45.18004  273   66  -40.91215  -46.61776  13.9%  18.8  391s
 661599 601786  -46.16805  182   96  -40.91215  -46.61772  13.9%  18.8  396s
 670375 611743     cutoff  441       -40.91215  -46.61772  13.9%  18.8  400s
 682465 621913  -42.34654  405   42  -40.91215  -46.61764  13.9%  18.8  405s
 695714 636350  -43.54268  386   57  -40.91215  -46.61764  13.9%  18.7  411s
 704364 641887  -46.16013  176   87  -40.91215  -46.61761  13.9%  18.7  415s
 714845 652920  -46.52508   87  133  -40.91215  -46.61756  13.9%  18.8  420s
 728431 663703  -46.48582  105  127  -40.91215  -46.61752  13.9%  18.7  425s
 731502 663735  -45.81986  210   86  -40.91215  -46.61752  13.9%  18.7  434s
H731509 662759                     -40.9680815  -46.61752  13.8%  18.7  434s
 731534 667093  -45.81631  211   87  -40.96808  -46.61752  13.8%  18.7  435s
 739566 675815  -46.60561   38  175  -40.96808  -46.61751  13.8%  18.8  440s
 753702 688881  -46.02362  209   84  -40.96808  -46.61751  13.8%  18.8  446s
 762899 697579  -45.25756  284   54  -40.96808  -46.61751  13.8%  18.8  452s
 774302 708171  -45.05385  294   64  -40.96808  -46.61743  13.8%  18.8  457s
 780350 713284  -46.61365   30  183  -40.96808  -46.61743  13.8%  18.8  460s
 793547 726047  -45.90799  211   75  -40.96808  -46.61743  13.8%  18.8  465s
 803906 736493  -45.10305  283   55  -40.96808  -46.61743  13.8%  18.8  470s
 820315 749895  -42.85445  390   51  -40.96808  -46.61733  13.8%  18.8  476s
 830143 759679  -46.45927  104  129  -40.96808  -46.61730  13.8%  18.8  482s
 840162 767981  -45.98428  193   99  -40.96808  -46.61730  13.8%  18.8  486s
 844016 768013  -45.68991  220   94  -40.96808  -46.61730  13.8%  18.8  495s
 847167 775832  -45.47277  244   86  -40.96808  -46.61730  13.8%  18.8  500s
 857093 787104  -43.15593  313   68  -40.96808  -46.61727  13.8%  18.8  505s
 875593 802027  -46.30378  149  106  -40.96808  -46.61720  13.8%  18.8  511s
 886152 811226  -42.59079  461   41  -40.96808  -46.61718  13.8%  18.8  515s
 901088 824785  -41.96503  476   31  -40.96808  -46.61718  13.8%  18.8  521s
 915316 836636  -41.80857  418   35  -40.96808  -46.61715  13.8%  18.8  526s
 921680 845173  -45.94895  206   98  -40.96808  -46.61710  13.8%  18.8  530s
 938652 858953  -44.57137  297   59  -40.96808  -46.61708  13.8%  18.8  536s
 946907 867922  -46.46801  113  123  -40.96808  -46.61705  13.8%  18.9  541s
 956798 877215  -45.99352  201   83  -40.96808  -46.61705  13.8%  18.9  547s
 961615 882306  -45.70652  227   77  -40.96808  -46.61705  13.8%  18.9  550s
 967035 882338  -45.27535  266   62  -40.96808  -46.61705  13.8%  18.8  558s
 967067 887941  -45.30519  266   64  -40.96808  -46.61705  13.8%  18.8  561s
 976913 895079     cutoff  323       -40.96808  -46.61705  13.8%  18.9  567s
 980361 899565  -46.55450   71  145  -40.96808  -46.61700  13.8%  18.9  570s
 990756 910417  -45.71691  226   82  -40.96808  -46.61700  13.8%  18.9  577s
 996646 913926  -44.43228  306   52  -40.96808  -46.61698  13.8%  18.8  580s
 1005703 923457  -46.37037  142  110  -40.96808  -46.61698  13.8%  18.8  585s
 1015319 931979  -45.81452  228   77  -40.96808  -46.61698  13.8%  18.8  591s
 1024993 940872  -44.94934  286   52  -40.96808  -46.61698  13.8%  18.8  595s
 1035538 951161  -46.55020   67  150  -40.96808  -46.61694  13.8%  18.8  600s
 1045865 961780  -41.81353  443   36  -40.96808  -46.61694  13.8%  18.9  605s
 1057180 971914  -43.33219  366   50  -40.96808  -46.61690  13.8%  18.9  610s
 1068101 981759  -43.97038  336   57  -40.96808  -46.61690  13.8%  18.9  616s
 1077163 986303  -46.48669   95  132  -40.96808  -46.61690  13.8%  18.9  628s
 1077195 990326  -46.48249   95  136  -40.96808  -46.61690  13.8%  18.9  630s
 1084318 997932  -46.09622  173   99  -40.96808  -46.61690  13.8%  18.9  635s
 1094852 1006657  -45.19520  244   80  -40.96808  -46.61690  13.8%  18.9  640s
 1104146 1017557  -46.58271   46  167  -40.96808  -46.61685  13.8%  19.0  646s
 1118817 1030846  -46.11954  173  105  -40.96808  -46.61685  13.8%  19.0  652s
 1128311 1040703  -45.45272  233   88  -40.96808  -46.61685  13.8%  19.0  657s
 1139090 1050293  -44.54886  283   81  -40.96808  -46.61685  13.8%  19.0  660s
 1151209 1061531  -42.68105  338   66  -40.96808  -46.61685  13.8%  18.9  666s
 1161538 1070019  -46.43070  130  110  -40.96808  -46.61679  13.8%  19.0  671s
 1170945 1078362  -45.84476  228   78  -40.96808  -46.61679  13.8%  18.9  675s
 1179671 1085283  -45.02216  294   49  -40.96808  -46.61679  13.8%  19.0  680s
 1188238 1090614  -46.53538   77  143  -40.96808  -46.61675  13.8%  19.0  692s
 1191666 1098797  -46.16201  177  106  -40.96808  -46.61675  13.8%  19.0  697s
 1203564 1108734  -46.48540  107  123  -40.96808  -46.61674  13.8%  19.0  701s
 1212741 1120120  -43.48589  361   48  -40.96808  -46.61673  13.8%  19.0  705s
 1228701 1132866  -43.01766  435   50  -40.96808  -46.61669  13.8%  19.0  711s
 1238412 1141521  -45.06333  270   59  -40.96808  -46.61669  13.8%  19.0  715s
 1248591 1151067  -45.92894  208   84  -40.96808  -46.61667  13.8%  19.0  720s
 1259029 1160832  -46.50612  101  127  -40.96808  -46.61662  13.8%  19.0  725s
 1274297 1177439  -46.37831  137  106  -40.96808  -46.61658  13.8%  19.0  731s
 1285546 1185901  -41.59323  426   39  -40.96808  -46.61655  13.8%  19.0  735s
 1298625 1197424  -43.51335  366   46  -40.96808  -46.61654  13.8%  19.0  740s
 1310795 1204527  -44.41855  332   62  -40.96808  -46.61653  13.8%  19.0  749s
 1310827 1206689  -44.39922  333   59  -40.96808  -46.61653  13.8%  19.0  750s
 1322266 1219968  -45.59826  227   80  -40.96808  -46.61650  13.8%  19.0  755s
 1333166 1230746  -46.55158   76  144  -40.96808  -46.61648  13.8%  19.0  762s
 1342051 1238388  -45.96308  201   89  -40.96808  -46.61648  13.8%  18.9  766s
 1351647 1248466  -46.57267   61  154  -40.96808  -46.61647  13.8%  18.9  771s
 1363738 1258658  -40.97336  423   35  -40.96808  -46.61647  13.8%  18.9  775s
 1381192 1274936  -46.51053   93  129  -40.96808  -46.61642  13.8%  19.0  781s
 1389741 1282988  -44.33732  333   53  -40.96808  -46.61638  13.8%  19.0  786s
 1401567 1293298  -46.42866  111  128  -40.96808  -46.61638  13.8%  18.9  792s
 1405871 1293330  -46.25794  151  109  -40.96808  -46.61638  13.8%  18.9  800s
 1412894 1304457  -45.88507  197   95  -40.96808  -46.61638  13.8%  18.9  806s
 1423138 1315068  -45.02217  258   73  -40.96808  -46.61638  13.8%  18.9  810s
 1440241 1330819  -44.07270  321   54  -40.96808  -46.61635  13.8%  19.0  817s
 1449860 1340658  -45.34014  238   68  -40.96808  -46.61634  13.8%  19.0  820s
 1467587 1355098  -45.64301  232   80  -40.96808  -46.61629  13.8%  19.0  826s
 1474960 1362308  -41.20019  426   41  -40.96808  -46.61627  13.8%  19.0  830s
 1485318 1371890  -46.35472  133  117  -40.96808  -46.61626  13.8%  19.0  835s
 1495139 1380724  -45.85504  201   94  -40.96808  -46.61626  13.8%  19.0  840s
 1510938 1394636  -44.22336  290   73  -40.96808  -46.61626  13.8%  19.0  846s
 1518751 1399060  -41.99872  348   52  -40.96808  -46.61626  13.8%  19.0  858s
 1518785 1403894  -42.07984  345   57  -40.96808  -46.61623  13.8%  19.0  861s
 1529253 1413261  -45.18079  256   66  -40.96808  -46.61622  13.8%  19.0  865s
 1539551 1423865  -46.03645  189   82  -40.96808  -46.61620  13.8%  19.0  870s
 1556996 1439090  -45.30135  255   72  -40.96808  -46.61620  13.8%  19.0  876s
 1568460 1450320  -45.92168  222   93  -40.96808  -46.61619  13.8%  19.1  881s
 1579118 1457074  -46.42524  122  116  -40.96808  -46.61618  13.8%  19.1  886s
 1592741 1474207  -41.01014  470   37  -40.96808  -46.61618  13.8%  19.1  892s
 1599859 1477419  -46.40798  129  116  -40.96808  -46.61612  13.8%  19.0  895s
 1611703 1489945  -45.64131  244   67  -40.96808  -46.61612  13.8%  19.0  900s
 1624957 1502968  -45.75991  205   99  -40.96808  -46.61610  13.8%  19.1  905s
 1634668 1507645  -43.09668  380   76  -40.96808  -46.61610  13.8%  19.1  915s
 1637927 1515238  -41.86651  439   68  -40.96808  -46.61610  13.8%  19.1  920s
 1647801 1525178  -45.35902  247   69  -40.96808  -46.61610  13.8%  19.1  925s
 1657898 1534370  -45.97593  188   85  -40.96808  -46.61609  13.8%  19.1  930s
 1675946 1551145  -45.11862  299   74  -40.96808  -46.61608  13.8%  19.1  936s
 1685486 1561521  -46.38242  137  112  -40.96808  -46.61606  13.8%  19.1  941s
 1697458 1569979  -41.37604  454   37  -40.96808  -46.61606  13.8%  19.1  945s
 1707789 1581095  -46.05868  187   94  -40.96808  -46.61604  13.8%  19.1  952s
 1717350 1590727  -45.83565  191   81  -40.96808  -46.61604  13.8%  19.2  956s
 1726542 1599627  -41.81571  417   45  -40.96808  -46.61604  13.8%  19.2  960s
 1743572 1614569  -46.54591   76  144  -40.96808  -46.61599  13.8%  19.2  965s
 1754929 1619968  -43.67874  349   49  -40.96808  -46.61599  13.8%  19.1  975s
 1764183 1633394  -46.22376  161   93  -40.96808  -46.61596  13.8%  19.1  981s
 1772634 1640867  -41.68108  429   34  -40.96808  -46.61596  13.8%  19.1  985s
 1783689 1652275  -43.79271  343   47  -40.96808  -46.61594  13.8%  19.2  991s
 1794384 1659462  -46.37790  130  111  -40.96808  -46.61593  13.8%  19.1  997s
 1801843 1668470  -45.96514  195   93  -40.96808  -46.61593  13.8%  19.1 1001s
 1810950 1676153  -44.99255  264   77  -40.96808  -46.61593  13.8%  19.1 1005s
 1826110 1691363  -45.76892  207   79  -40.96808  -46.61590  13.8%  19.2 1011s
 1839367 1703872  -46.39742  129  110  -40.96808  -46.61590  13.8%  19.2 1017s
 1844730 1710207  -44.70697  294   57  -40.96808  -46.61590  13.8%  19.2 1020s
 1851751 1710235  -46.55353   78  140  -40.96808  -46.61587  13.8%  19.2 1028s
 1851787 1712724  -46.55232   79  140  -40.96808  -46.61587  13.8%  19.2 1031s
 1857491 1719113  -46.25337  168   96  -40.96808  -46.61587  13.8%  19.2 1035s
 1870693 1731956  -45.34666  280   60  -40.96808  -46.61587  13.8%  19.2 1041s
 1878980 1741588  -44.34097  322   40  -40.96808  -46.61587  13.8%  19.2 1045s
 1894233 1754045  -43.63606  350   40  -40.96808  -46.61586  13.8%  19.2 1050s
 1905031 1766365  -45.69288  225   78  -40.96808  -46.61585  13.8%  19.2 1055s
 1921205 1780400  -46.36842  143  112  -40.96808  -46.61582  13.8%  19.3 1061s
 1934977 1794484  -45.71167  233   71  -40.96808  -46.61582  13.8%  19.3 1066s
 1946459 1803407  -44.42319  285   53  -40.96808  -46.61582  13.8%  19.3 1071s
 1958008 1815531  -43.59735  359   47  -40.96808  -46.61581  13.8%  19.3 1076s
 1968351 1820083  -44.84165  286   58  -40.96808  -46.61578  13.8%  19.3 1087s
 1968385 1849766  -44.83149  287   60  -40.96808  -46.61578  13.8%  19.3 1100s
 2003745 1860009  -46.04491  175  100  -40.96808  -46.61573  13.8%  19.3 1107s
 2015371 1870323  -45.32547  249   80  -40.96808  -46.61573  13.8%  19.3 1112s
 2021518 1874939  -44.60554  289   73  -40.96808  -46.61573  13.8%  19.3 1115s
 2031678 1884904  -46.48575  103  130  -40.96808  -46.61573  13.8%  19.3 1123s
 2037578 1889572  -46.23183  168  100  -40.96808  -46.61573  13.8%  19.3 1125s
 2046038 1898104  -44.55947  279   65  -40.96808  -46.61573  13.8%  19.3 1130s
 2055559 1906861  -46.38876  126  118  -40.96808  -46.61572  13.8%  19.2 1136s
 2066410 1916927  -45.55755  221   89  -40.96808  -46.61572  13.8%  19.2 1141s
 2074565 1920369  -46.59923   45  169  -40.96808  -46.61569  13.8%  19.2 1151s
 2079542 1929124  -46.41864  124  119  -40.96808  -46.61569  13.8%  19.2 1155s
 2090043 1940986  -45.45066  251   73  -40.96808  -46.61568  13.8%  19.2 1160s
 2105248 1954172  -43.55144  346   46  -40.96808  -46.61568  13.8%  19.3 1165s
 2118252 1965791  -44.93375  309   70  -40.96808  -46.61568  13.8%  19.3 1171s
 2129910 1975896  -45.81592  225   84  -40.96808  -46.61566  13.8%  19.3 1175s
 2142854 1988920  -45.37559  241   64  -40.96808  -46.61565  13.8%  19.3 1181s
 2152890 1998648  -46.56242   63  156  -40.96808  -46.61563  13.8%  19.3 1186s
 2162214 2007424  -42.91577  389   42  -40.96808  -46.61563  13.8%  19.3 1191s
 2173000 2016710  -46.36367  132  122  -40.96808  -46.61563  13.8%  19.3 1196s
 2180867 2024753  -46.04096  193  100  -40.96808  -46.61563  13.8%  19.3 1202s
 2186165 2024785  -45.61474  238   93  -40.96808  -46.61563  13.8%  19.3 1210s
 2186197 2054572  -45.61990  237   91  -40.96808  -46.61563  13.8%  19.3 1219s
 2218229 2060153  -41.00905  430   32  -40.96808  -46.61557  13.8%  19.3 1222s
 2224434 2064273  -46.39790  142  102  -40.96808  -46.61557  13.8%  19.3 1226s
 2237473 2077559  -45.80884  232   71  -40.96808  -46.61557  13.8%  19.3 1232s
 2246658 2086615  -44.96462  293   50  -40.96808  -46.61557  13.8%  19.3 1236s
 2257131 2096754  -46.58028   55  163  -40.96808  -46.61556  13.8%  19.3 1240s
 2272022 2110633  -46.58158   51  162  -40.96808  -46.61553  13.8%  19.3 1247s
 2278030 2115664  -46.42187  116  130  -40.96808  -46.61553  13.8%  19.3 1250s
 2290052 2126001  -45.91535  196   98  -40.96808  -46.61553  13.8%  19.3 1255s
 2294080 2126033  -45.66792  216  101  -40.96808  -46.61553  13.8%  19.3 1264s
 2294112 2129752  -45.66271  217   98  -40.96808  -46.61553  13.8%  19.3 1266s
 2305972 2141049  -44.68298  275   81  -40.96808  -46.61553  13.8%  19.3 1271s
 2316424 2151259  -45.67638  221   69  -40.96808  -46.61552  13.8%  19.3 1275s
 2333545 2165916  -44.69869  280   61  -40.96808  -46.61549  13.8%  19.3 1280s
 2342457 2176161  -46.55789   64  153  -40.96808  -46.61547  13.8%  19.3 1287s
 2347847 2180575  -46.41739  121  121  -40.96808  -46.61547  13.8%  19.3 1290s
 2358495 2190517  -45.81853  215   91  -40.96808  -46.61547  13.8%  19.3 1295s
 2374047 2206108  -46.59353   43  171  -40.96808  -46.61546  13.8%  19.3 1301s
 2384458 2215471  -41.95123  421   33  -40.96808  -46.61546  13.8%  19.3 1307s
 2394260 2224965  -43.38989  357   46  -40.96808  -46.61544  13.8%  19.3 1311s
 2403412 2228668  -45.75858  239   80  -40.96808  -46.61543  13.8%  19.3 1320s
 2408303 2237749  -43.54649  399   48  -40.96808  -46.61543  13.8%  19.3 1325s
 2419432 2246611  -46.33572  153  101  -40.96808  -46.61543  13.8%  19.3 1330s
 2427805 2254745  -45.87706  229   77  -40.96808  -46.61543  13.8%  19.3 1335s
 2440632 2270014  -44.44437  303   54  -40.96808  -46.61543  13.8%  19.3 1341s
 2457253 2282337  -41.70003  415   36  -40.96808  -46.61540  13.8%  19.3 1346s
 2465815 2291909  -46.36606  144  105  -40.96808  -46.61540  13.8%  19.3 1350s
 2478080 2302818  -45.85979  211   82  -40.96808  -46.61540  13.8%  19.3 1355s
 2491002 2315073  -45.01162  277   55  -40.96808  -46.61540  13.8%  19.3 1360s
 2499275 2323054  -42.94341  318   53  -40.96808  -46.61540  13.8%  19.3 1365s
 2509664 2333230  -46.32472  143  108  -40.96808  -46.61537  13.8%  19.3 1372s
 2515058 2333262  -46.03574  182  101  -40.96808  -46.61537  13.8%  19.3 1380s
 2523588 2346540  -45.10262  258   76  -40.96808  -46.61537  13.8%  19.3 1387s
 2532959 2355937  -46.53070   77  139  -40.96808  -46.61537  13.8%  19.3 1391s
 2543279 2367227  -43.13130  379   49  -40.96808  -46.61537  13.8%  19.3 1396s
 2554985 2376307  -43.96068  332   47  -40.96808  -46.61534  13.8%  19.3 1400s
 2569890 2391385  -43.57950  352   51  -40.96808  -46.61532  13.8%  19.3 1407s
 2580866 2399640  -45.22710  258   58  -40.96808  -46.61532  13.8%  19.3 1410s
 2593717 2411582  -45.14980  262   68  -40.96808  -46.61531  13.8%  19.3 1417s
 2603803 2421815  -46.08079  192   86  -40.96808  -46.61530  13.8%  19.3 1422s
 2615427 2430686  -46.16292  166   92  -40.96808  -46.61529  13.8%  19.3 1427s
 2623601 2440697  -42.34588  399   41  -40.96808  -46.61529  13.8%  19.3 1431s
 2629659 2440729  -46.09830  183   86  -40.96808  -46.61528  13.8%  19.3 1440s
 2636824 2452551  -42.31498  403   36  -40.96808  -46.61528  13.8%  19.3 1446s
 2646236 2462597  -45.01903  266   60  -40.96808  -46.61528  13.8%  19.3 1451s
 2657756 2472343  -46.08087  180   89  -40.96808  -46.61526  13.8%  19.3 1455s
 2668476 2483546     cutoff  463       -40.96808  -46.61526  13.8%  19.3 1460s
 2684617 2496592  -46.47595  109  120  -40.96808  -46.61525  13.8%  19.4 1465s
 2699860 2511385  -46.28604  153  107  -40.96808  -46.61523  13.8%  19.4 1470s
 2710995 2522673  -41.14242  454   42  -40.96808  -46.61523  13.8%  19.4 1475s
 2725536 2535933     cutoff  430       -40.96808  -46.61522  13.8%  19.4 1480s
 2743560 2552095  -46.28865  151   97  -40.96808  -46.61520  13.8%  19.4 1486s
 2748823 2552127  -44.80595  283   65  -40.96808  -46.61520  13.8%  19.4 1496s
 2757071 2564473  -46.53518   79  137  -40.96808  -46.61519  13.8%  19.4 1502s
 2762093 2571121  -45.57191  235   76  -40.96808  -46.61519  13.8%  19.4 1506s
 2771988 2577645  -46.46139  114  111  -40.96808  -46.61518  13.8%  19.4 1510s
 2780963 2586995  -42.86329  393   45  -40.96808  -46.61518  13.8%  19.4 1515s
 2792881 2599993  -42.79368  385   43  -40.96808  -46.61517  13.8%  19.4 1522s
 2803631 2608107  -43.99835  333   48  -40.96808  -46.61516  13.8%  19.4 1525s
 2817574 2620824  -44.37640  304   55  -40.96808  -46.61515  13.8%  19.4 1530s
 2833159 2634449  -44.58365  308   52  -40.96808  -46.61514  13.8%  19.4 1536s
 2842334 2643738  -46.12987  190   95  -40.96808  -46.61513  13.8%  19.4 1540s
 2858943 2658171  -45.24188  249   72  -40.96808  -46.61512  13.8%  19.4 1546s
 2866684 2667651  -46.57282   56  160  -40.96808  -46.61511  13.8%  19.4 1551s
 2872088 2667683  -46.42225  127  118  -40.96808  -46.61511  13.8%  19.4 1560s
 2878605 2677027  -45.90287  211   88  -40.96808  -46.61511  13.8%  19.4 1565s
 2888544 2687370  -46.44055  122  113  -40.96808  -46.61509  13.8%  19.4 1571s
 2897440 2695414  -42.26891  407   40  -40.96808  -46.61509  13.8%  19.4 1575s
 2911142 2709814  -43.48583  379   47  -40.96808  -46.61508  13.8%  19.4 1581s
 2925548 2723511  -42.91410  376   49  -40.96808  -46.61507  13.8%  19.4 1587s
 2931993 2728325  -46.54895   70  147  -40.96808  -46.61507  13.8%  19.4 1591s
 2941278 2736503  -46.25149  149  101  -40.96808  -46.61507  13.8%  19.4 1596s
 2951908 2748121  -45.38766  230   87  -40.96808  -46.61507  13.8%  19.4 1600s
 2967016 2762154  -46.33045  144   97  -40.96808  -46.61505  13.8%  19.4 1606s
 2978661 2773427  -41.03428  464   32  -40.96808  -46.61504  13.8%  19.4 1611s
 2988719 2782835  -43.70739  355   50  -40.96808  -46.61503  13.8%  19.4 1615s
 2994877 2782867  -46.41300  121  105  -40.96808  -46.61503  13.8%  19.4 1624s
 2994909 2785035  -46.40929  122  104  -40.96808  -46.61503  13.8%  19.4 1626s
 3001877 2795829  -44.09658  310   57  -40.96808  -46.61503  13.8%  19.4 1631s
 3012183 2803609  -46.20493  172   88  -40.96808  -46.61502  13.8%  19.4 1635s
 3022126 2812243  -41.14762  470   30  -40.96808  -46.61501  13.8%  19.4 1640s
 3034893 2826000  -41.61938  501   28  -40.96808  -46.61501  13.8%  19.4 1646s
 3049427 2839259  -46.54082   72  147  -40.96808  -46.61500  13.8%  19.4 1651s
 3061042 2847470  -46.61452   27  186  -40.96808  -46.61500  13.8%  19.4 1655s
 3074370 2862342  -42.23388  414   42  -40.96808  -46.61499  13.8%  19.5 1662s
 3080303 2866622  -46.44220  115  119  -40.96808  -46.61498  13.8%  19.4 1665s
 3091866 2877912  -45.76221  232   76  -40.96808  -46.61498  13.8%  19.4 1670s
 3106770 2890955     cutoff  325       -40.96808  -46.61498  13.8%  19.5 1676s
 3110398 2890986  -46.44806  114  117  -40.96808  -46.61496  13.8%  19.5 1684s
 3110431 2895832  -46.44653  115  118  -40.96808  -46.61496  13.8%  19.5 1686s
 3118556 2905188  -43.85112  341   49  -40.96808  -46.61496  13.8%  19.5 1690s
 3135979 2920198  -43.15887  384   45  -40.96808  -46.61495  13.8%  19.5 1696s
 3146277 2928570  -45.37590  239   70  -40.96808  -46.61494  13.8%  19.5 1700s
 3160436 2942506  -46.28031  157  100  -40.96808  -46.61493  13.8%  19.5 1706s
 3171012 2951993  -45.71370  238   69  -40.96808  -46.61493  13.8%  19.5 1710s
 3183416 2965123  -44.40799  308   55  -40.96808  -46.61493  13.8%  19.5 1715s
 3199870 2979759  -45.14503  253   64  -40.96808  -46.61491  13.8%  19.5 1721s
 3210962 2989613  -46.51146   95  129  -40.96808  -46.61490  13.8%  19.5 1726s
 3220153 2997599  -46.14703  180   91  -40.96808  -46.61490  13.8%  19.5 1732s
 3224066 3004033  -45.87324  218   79  -40.96808  -46.61490  13.8%  19.5 1735s
 3230565 3004065  -45.29552  263   68  -40.96808  -46.61490  13.8%  19.5 1744s
 3230597 3008859  -45.36002  263   66  -40.96808  -46.61490  13.8%  19.5 1746s
 3239352 3016275  -44.12211  309   53  -40.96808  -46.61489  13.8%  19.5 1751s
 3249392 3026541  -46.29922  153  104  -40.96808  -46.61488  13.8%  19.5 1757s
 3258427 3035419  -45.80695  223   78  -40.96808  -46.61488  13.8%  19.5 1761s
 3274375 3049024  -46.47838  101  122  -40.96808  -46.61487  13.8%  19.5 1766s
 3283131 3060590  -42.49389  378   52  -40.96808  -46.61487  13.8%  19.5 1773s
 3290938 3064518  -46.48960   93  131  -40.96808  -46.61486  13.8%  19.5 1776s
 3299725 3073524  -46.16249  172  104  -40.96808  -46.61486  13.8%  19.5 1781s
 3309098 3083346  -45.15644  243   85  -40.96808  -46.61486  13.8%  19.5 1785s
 3318368 3092331  -46.52627   77  145  -40.96808  -46.61485  13.8%  19.5 1791s
 3329713 3101387  -46.17093  165  106  -40.96808  -46.61485  13.8%  19.5 1796s
 3334024 3101419  -45.96967  191  102  -40.96808  -46.61485  13.8%  19.5 1805s
 3341625 3114763  -45.03015  255   82  -40.96808  -46.61485  13.8%  19.5 1812s
 3347985 3121581  -43.39646  299   72  -40.96808  -46.61485  13.8%  19.5 1815s
 3360027 3132061  -42.42199  422   37  -40.96808  -46.61484  13.8%  19.5 1820s
 3372030 3141808  -43.68453  347   50  -40.96808  -46.61482  13.8%  19.5 1825s
 3383031 3152472  -46.23694  167   94  -40.96808  -46.61482  13.8%  19.5 1830s
 3396420 3164866  -45.47172  253   70  -40.96808  -46.61482  13.8%  19.5 1835s
 3413070 3180049  -43.64132  354   51  -40.96808  -46.61480  13.8%  19.5 1840s
 3419456 3186671  -46.57556   57  158  -40.96808  -46.61480  13.8%  19.5 1845s
 3435564 3201908  -46.55371   73  144  -40.96808  -46.61479  13.8%  19.5 1851s
 3444779 3211755  -43.68999  349   50  -40.96808  -46.61479  13.8%  19.6 1855s
 3451433 3211786  -46.33208  143  103  -40.96808  -46.61479  13.8%  19.6 1864s
 3451466 3216067  -46.32936  144  106  -40.96808  -46.61479  13.8%  19.6 1865s
 3461394 3224342  -42.51940  410   38  -40.96808  -46.61479  13.8%  19.6 1871s
 3470389 3235706  -44.75039  321   61  -40.96808  -46.61478  13.8%  19.6 1875s
 3484365 3248356  -44.29105  326   57  -40.96808  -46.61476  13.8%  19.6 1880s
 3500931 3263693  -46.56073   63  156  -40.96808  -46.61475  13.8%  19.6 1886s
 3511276 3272022  -44.50068  299   84  -40.96808  -46.61475  13.8%  19.6 1890s
 3523983 3282123  -46.60767   34  179  -40.96808  -46.61474  13.8%  19.6 1896s
 3533009 3292867  -43.79405  332   50  -40.96808  -46.61474  13.8%  19.6 1900s
 3546149 3305639  -44.01476  331   46  -40.96808  -46.61474  13.8%  19.6 1906s
 3556412 3309840  -45.13197  257   66  -40.96808  -46.61472  13.8%  19.6 1916s
 3556448 3339500  -45.12398  258   68  -40.96808  -46.61472  13.8%  19.6 1923s
 3588480 3344267  -43.95940  317   56  -40.96808  -46.61469  13.8%  19.6 1925s
 3603227 3358695  -46.33588  134  111  -40.96808  -46.61469  13.8%  19.6 1932s
 3608970 3362251  -46.08018  176  104  -40.96808  -46.61469  13.8%  19.6 1935s
 3623644 3377467  -44.86331  261   84  -40.96808  -46.61469  13.8%  19.6 1942s
 3632310 3385298  -46.58089   59  156  -40.96808  -46.61469  13.8%  19.6 1947s
 3637222 3389627  -45.68963  224   69  -40.96808  -46.61469  13.8%  19.6 1950s
 3646922 3397993  -46.29572  152   92  -40.96808  -46.61468  13.8%  19.6 1955s
 3664478 3415312  -44.72358  283   61  -40.96808  -46.61467  13.8%  19.6 1961s
 3668990 3415340  -42.57184  409   35  -40.96808  -46.61467  13.8%  19.6 1969s
H3669010 3414666                     -40.9961420  -46.61467  13.7%  19.6 1969s
 3669024 3418899  -42.56687  410   36  -40.99614  -46.61467  13.7%  19.6 1972s
 3677200 3427057  -45.38838  249   74  -40.99614  -46.61466  13.7%  19.6 1976s
 3689258 3437984  -46.19322  165   93  -40.99614  -46.61465  13.7%  19.6 1980s
 3704052 3451644  -46.06028  191  101  -40.99614  -46.61464  13.7%  19.6 1986s
 3715890 3461894  -46.49183   99  124  -40.99614  -46.61463  13.7%  19.6 1990s
 3728675 3474093     cutoff  470       -40.99614  -46.61463  13.7%  19.6 1996s
 3736902 3482273  -46.23949  166   95  -40.99614  -46.61463  13.7%  19.6 2000s
 3751924 3496617  -45.04194  268   58  -40.99614  -46.61463  13.7%  19.6 2006s
 3760992 3505443  -46.55973   69  150  -40.99614  -46.61462  13.7%  19.7 2011s
 3771460 3514157  -45.94358  206   90  -40.99614  -46.61462  13.7%  19.6 2015s
 3788519 3526529  -44.85544  275   71  -40.99614  -46.61460  13.7%  19.7 2027s
 3790920 3535513  -44.09343  326   53  -40.99614  -46.61460  13.7%  19.7 2032s
 3798407 3540351  -46.54888   83  140  -40.99614  -46.61459  13.7%  19.7 2035s
 3808709 3550024  -45.96428  205   83  -40.99614  -46.61459  13.7%  19.6 2040s
 3823415 3564618     cutoff  299       -40.99614  -46.61459  13.7%  19.7 2046s
 3834262 3575544  -44.02651  338   54  -40.99614  -46.61458  13.7%  19.7 2051s
 3844695 3583789  -45.91281  219   90  -40.99614  -46.61458  13.7%  19.7 2055s
 3859354 3597295  -45.20905  255   61  -40.99614  -46.61457  13.7%  19.7 2060s
 3875098 3611674  -44.57961  305   49  -40.99614  -46.61456  13.7%  19.7 2065s
 3887579 3623480  -44.63361  299   56  -40.99614  -46.61456  13.7%  19.7 2071s
 3897322 3634967  -45.84776  214   93  -40.99614  -46.61455  13.7%  19.7 2076s
 3908801 3639144  -46.36616  131  108  -40.99614  -46.61455  13.7%  19.7 2086s
 3916470 3650366  -42.59831  403   33  -40.99614  -46.61455  13.7%  19.7 2090s
 3930088 3665616  -41.00500  434   39  -40.99614  -46.61454  13.7%  19.7 2096s
 3939719 3672880  -44.42917  301   57  -40.99614  -46.61454  13.7%  19.7 2100s
 3950132 3682171  -46.46085  107  119  -40.99614  -46.61453  13.7%  19.7 2105s
H3956138 3684336                     -41.0417754  -46.61453  13.6%  19.7 2107s
 3958956 3689970  -45.63895  229   72  -41.04178  -46.61453  13.6%  19.7 2110s
 3968160 3697976  -45.99102  184   76  -41.04178  -46.61452  13.6%  19.7 2116s
 3979039 3707124  -46.59097   44  170  -41.04178  -46.61452  13.6%  19.7 2120s
 3988293 3717879  -43.45970  362   41  -41.04178  -46.61452  13.6%  19.7 2125s
 4004054 3731413  -41.44697  505   32  -41.04178  -46.61451  13.6%  19.7 2131s
 4013693 3739924  -43.78671  332   49  -41.04178  -46.61450  13.6%  19.7 2135s
 4018244 3739952  -46.58008   54  160  -41.04178  -46.61450  13.6%  19.7 2144s
 4018278 3769983  -46.57914   55  160  -41.04178  -46.61450  13.6%  19.7 2153s
 4050310 3776669  -46.44855  106  129  -41.04178  -46.61447  13.6%  19.7 2155s
 4066374 3789347  -46.31646  141   93  -41.04178  -46.61447  13.6%  19.7 2160s
 4079643 3803507  -46.54829   81  142  -41.04178  -46.61447  13.6%  19.7 2167s
 4089758 3811781  -43.48596  353   48  -41.04178  -46.61447  13.6%  19.7 2171s
 4104514 3826040  -43.23713  382   51  -41.04178  -46.61446  13.6%  19.7 2176s
 4116866 3836495  -44.30662  303   51  -41.04178  -46.61444  13.6%  19.7 2180s
 4131288 3850079  -44.63159  306   59  -41.04178  -46.61444  13.6%  19.7 2185s
 4141779 3855247  -46.02300  181   84  -41.04178  -46.61442  13.6%  19.7 2196s
 4141811 3885431  -46.00996  182   89  -41.04178  -46.61442  13.6%  19.7 2204s
 4173843 3890299  -46.21358  166   94  -41.04178  -46.61440  13.6%  19.7 2207s
 4183168 3899479  -45.69420  239   64  -41.04178  -46.61440  13.6%  19.7 2211s
 4193034 3908677  -44.53636  307   48  -41.04178  -46.61440  13.6%  19.7 2215s
 4204108 3920510  -44.56720  315   63  -41.04178  -46.61440  13.6%  19.7 2221s
 4218579 3932410  -43.90121  358   54  -41.04178  -46.61440  13.6%  19.7 2227s
 4228356 3940543  -46.41118  128  109  -41.04178  -46.61439  13.6%  19.7 2231s
 4234956 3948157  -46.09902  194   92  -41.04178  -46.61439  13.6%  19.7 2237s
 4244738 3956979  -45.12767  279   62  -41.04178  -46.61439  13.6%  19.7 2240s
 4260513 3967073  -44.23398  311   50  -41.04178  -46.61438  13.6%  19.7 2253s
 4260547 3971663  -44.22559  312   50  -41.04178  -46.61438  13.6%  19.7 2255s
 4272246 3981313  -45.37700  258   77  -41.04178  -46.61438  13.6%  19.7 2260s
 4284632 3994430  -44.81174  285   52  -41.04178  -46.61437  13.6%  19.7 2265s
 4294136 4002943  -46.04639  189   98  -41.04178  -46.61437  13.6%  19.7 2271s
 4303142 4013381  -46.52155   87  132  -41.04178  -46.61436  13.6%  19.7 2276s
 4320368 4028551  -45.98883  191   84  -41.04178  -46.61435  13.6%  19.7 2281s
 4330199 4037960  -46.48391   96  135  -41.04178  -46.61435  13.6%  19.7 2285s
 4339952 4046145     cutoff  491       -41.04178  -46.61434  13.6%  19.7 2290s
 4354123 4059762  -45.91063  214   77  -41.04178  -46.61434  13.6%  19.7 2297s
 4364561 4069129  -44.94711  274   68  -41.04178  -46.61434  13.6%  19.7 2301s
 4375275 4074874  -46.40165  127  103  -41.04178  -46.61434  13.6%  19.7 2312s
 4378818 4081404  -45.30990  252   68  -41.04178  -46.61434  13.6%  19.7 2315s
 4389051 4093234  -46.59269   45  171  -41.04178  -46.61432  13.6%  19.7 2323s
 4394866 4097254  -46.44636  112  126  -41.04178  -46.61432  13.6%  19.7 2326s
 4403014 4105562  -45.97875  184  104  -41.04178  -46.61432  13.6%  19.7 2330s
 4412107 4114786  -45.16948  250   86  -41.04178  -46.61432  13.6%  19.7 2335s
 4422163 4124595  -43.19377  319   69  -41.04178  -46.61432  13.6%  19.7 2341s
 4432645 4132715  -45.50619  231   72  -41.04178  -46.61431  13.6%  19.7 2346s
 4442286 4142458  -46.00387  198   97  -41.04178  -46.61430  13.6%  19.6 2350s
 4457255 4157281  -45.00057  273   65  -41.04178  -46.61430  13.6%  19.6 2356s
 4467161 4166047  -46.58927   48  166  -41.04178  -46.61429  13.6%  19.7 2362s
 4472381 4171591  -46.48083   94  133  -41.04178  -46.61429  13.6%  19.6 2365s
 4482362 4180617  -46.26557  151  108  -41.04178  -46.61429  13.6%  19.6 2371s
 4487568 4180649  -46.11537  174   98  -41.04178  -46.61429  13.6%  19.6 2379s
 4487600 4186820  -46.10191  175  101  -41.04178  -46.61429  13.6%  19.6 2382s
 4499093 4196775  -45.66682  217   87  -41.04178  -46.61429  13.6%  19.6 2386s
 4509215 4205564  -44.79744  254   75  -41.04178  -46.61429  13.6%  19.6 2390s
 4524708 4218993  -45.01455  300   69  -41.04178  -46.61428  13.6%  19.6 2396s
 4533773 4228056  -46.18279  165   86  -41.04178  -46.61427  13.6%  19.6 2401s
 4542633 4238962  -42.56229  390   48  -41.04178  -46.61427  13.6%  19.6 2405s
 4557702 4251668  -43.55497  365   47  -41.04178  -46.61426  13.6%  19.6 2410s
 4572727 4266841  -43.80565  325   54  -41.04178  -46.61426  13.6%  19.6 2416s
 4583193 4272296  -45.87781  203   77  -41.04178  -46.61425  13.6%  19.6 2421s
 4592322 4282635  -46.60888   29  184  -41.04178  -46.61424  13.6%  19.6 2425s
 4601164 4287082  -44.16601  330   51  -41.04178  -46.61424  13.6%  19.6 2434s
 4601197 4291682  -44.14709  331   50  -41.04178  -46.61424  13.6%  19.6 2437s
 4606338 4296975  -46.59686   42  172  -41.04178  -46.61424  13.6%  19.6 2441s
 4616300 4305368  -46.26485  149  111  -41.04178  -46.61424  13.6%  19.6 2445s
 4625627 4314803  -45.72277  211   93  -41.04178  -46.61424  13.6%  19.6 2450s
 4639951 4328192  -44.39996  288   76  -41.04178  -46.61424  13.6%  19.6 2456s
 4651595 4338380  -41.62968  342   70  -41.04178  -46.61422  13.6%  19.6 2460s
 4661361 4347792  -46.27128  158   99  -41.04178  -46.61422  13.6%  19.6 2465s
 4675497 4361414  -45.40180  258   64  -41.04178  -46.61422  13.6%  19.6 2471s
 4684770 4369558  -46.60235   41  172  -41.04178  -46.61420  13.6%  19.6 2475s
 4694386 4380176  -46.11252  177   87  -41.04178  -46.61420  13.6%  19.6 2481s
 4706384 4389951  -45.39216  248   63  -41.04178  -46.61420  13.6%  19.6 2486s
 4710530 4389982  -44.94140  281   52  -41.04178  -46.61420  13.6%  19.6 2495s
 4714642 4397685     cutoff  298       -41.04178  -46.61419  13.6%  19.6 2500s
 4727550 4410886  -46.60026   45  168  -41.04178  -46.61419  13.6%  19.6 2507s
 4732627 4416231  -45.37491  251   73  -41.04178  -46.61419  13.6%  19.6 2510s
 4747187 4429853  -45.43729  266   77  -41.04178  -46.61419  13.6%  19.6 2516s
 4757261 4438140  -46.06875  176   82  -41.04178  -46.61418  13.6%  19.6 2522s
 4766948 4449263  -46.58437   57  161  -41.04178  -46.61418  13.6%  19.6 2526s
 4782503 4462925  -46.25717  153   97  -41.04178  -46.61418  13.6%  19.6 2532s
 4792875 4472379  -46.57984   53  161  -41.04178  -46.61417  13.6%  19.6 2537s
 4797969 4477047  -45.39449  239   73  -41.04178  -46.61417  13.6%  19.6 2540s
 4807497 4486011  -46.48095  109  122  -41.04178  -46.61416  13.6%  19.6 2545s
 4816054 4489658  -45.98168  202   78  -41.04178  -46.61416  13.6%  19.6 2555s
 4821051 4499349  -45.54047  240   64  -41.04178  -46.61416  13.6%  19.6 2560s
 4836976 4514109  -46.12594  170   89  -41.04178  -46.61416  13.6%  19.6 2566s
 4852313 4526587  -46.36302  143  102  -41.04178  -46.61415  13.6%  19.6 2571s
 4862471 4536628  -41.06486  429   32  -41.04178  -46.61414  13.6%  19.6 2576s
 4876175 4550026  -46.51989   91  132  -41.04178  -46.61414  13.6%  19.6 2581s
 4885849 4560550  -43.18581  368   50  -41.04178  -46.61414  13.6%  19.6 2585s
 4902377 4574753  -41.14446  425   39  -41.04178  -46.61413  13.6%  19.6 2590s
 4916879 4588548  -41.28169  428   36  -41.04178  -46.61412  13.6%  19.6 2595s
 4927602 4598796  -43.69497  349   51  -41.04178  -46.61411  13.6%  19.7 2601s
 4938192 4607301  -45.21221  256   73  -41.04178  -46.61411  13.6%  19.6 2605s
 4942249 4607333  -43.49001  351   52  -41.04178  -46.61411  13.6%  19.6 2613s
 4942281 4611208  -43.48377  352   54  -41.04178  -46.61411  13.6%  19.6 2615s
 4956002 4625381  -44.60226  289   92  -41.04178  -46.61410  13.6%  19.6 2622s
 4966375 4634758  -41.23580  463   72  -41.04178  -46.61410  13.6%  19.6 2626s
 4976973 4645424  -43.72438  363   38  -41.04178  -46.61410  13.6%  19.6 2630s
 4991098 4658338  -42.20868  438   26  -41.04178  -46.61409  13.6%  19.7 2635s
 5007225 4674391  -46.57195   60  156  -41.04178  -46.61408  13.6%  19.7 2642s
 5017725 4681812  -46.29073  146  109  -41.04178  -46.61408  13.6%  19.6 2646s
 5024839 4689656  -46.03246  188   93  -41.04178  -46.61408  13.6%  19.7 2651s
 5040278 4704677  -44.73742  274   79  -41.04178  -46.61408  13.6%  19.7 2657s
 5051008 4713217  -46.19023  164   82  -41.04178  -46.61406  13.6%  19.7 2661s
 5055865 4713249  -44.65224  286   56  -41.04178  -46.61406  13.6%  19.7 2669s
 5055897 4717268  -44.62731  287   61  -41.04178  -46.61406  13.6%  19.7 2672s
 5064489 4725432  -46.34744  143   93  -41.04178  -46.61406  13.6%  19.6 2677s
 5072356 4734303  -42.68255  410   32  -41.04178  -46.61406  13.6%  19.7 2681s
 5082421 4743329  -43.43382  381   38  -41.04178  -46.61405  13.6%  19.7 2685s
 5097452 4757441  -41.12839  449   33  -41.04178  -46.61405  13.6%  19.7 2690s
 5113620 4771444  -46.43850  115  125  -41.04178  -46.61404  13.6%  19.6 2696s
 5123401 4780883  -42.57410  409   49  -41.04178  -46.61404  13.6%  19.6 2701s
 5133684 4790543  -44.30024  310   60  -41.04178  -46.61403  13.6%  19.6 2705s
 5144962 4801762  -44.85925  280   61  -41.04178  -46.61403  13.6%  19.6 2710s
 5154936 4809778  -45.96426  182  106  -41.04178  -46.61403  13.6%  19.6 2715s
 5163557 4818562  -43.44201  355   87  -41.04178  -46.61403  13.6%  19.6 2720s
 5172725 4824799  -45.75104  209   74  -41.04178  -46.61402  13.6%  19.6 2732s
 5174962 4831498  -45.06031  262   59  -41.04178  -46.61402  13.6%  19.6 2735s
 5189696 4844571  -44.93739  271   59  -41.04178  -46.61402  13.6%  19.6 2740s
 5206968 4859236  -43.41763  359   46  -41.04178  -46.61400  13.6%  19.6 2746s
 5216612 4868111  -45.18696  259   70  -41.04178  -46.61400  13.6%  19.6 2751s
 5223625 4875294  -42.59817  395   40  -41.04178  -46.61400  13.6%  19.6 2755s
 5233580 4884778  -46.11087  177   88  -41.04178  -46.61400  13.6%  19.6 2760s
 5248340 4899629  -45.05370  290   53  -41.04178  -46.61400  13.6%  19.7 2766s
 5259894 4909582  -46.44474  119  117  -41.04178  -46.61399  13.6%  19.7 2770s
 5271623 4919850  -46.59517   43  171  -41.04178  -46.61398  13.6%  19.7 2776s
 5280344 4927773  -44.32015  353   62  -41.04178  -46.61398  13.6%  19.6 2780s
 5288319 4931654  -45.33561  238   72  -41.04178  -46.61398  13.6%  19.6 2790s
 5292971 4939915  -43.13379  375   40  -41.04178  -46.61398  13.6%  19.7 2795s
 5302499 4949923  -44.65686  281   62  -41.04178  -46.61398  13.6%  19.6 2800s
 5318171 4964328  -43.20628  374   42  -41.04178  -46.61397  13.6%  19.7 2806s
 5329720 4975612  -44.35684  316   51  -41.04178  -46.61396  13.6%  19.7 2810s
 5343327 4987977  -45.00501  297   71  -41.04178  -46.61396  13.6%  19.6 2816s
 5354122 4998761  -46.44293  122  115  -41.04178  -46.61395  13.6%  19.6 2822s
 5364883 5007087  -45.82018  217   79  -41.04178  -46.61395  13.6%  19.6 2826s
 5374044 5017220  -44.89704  282   58  -41.04178  -46.61395  13.6%  19.6 2831s
 5385423 5028577  -44.50510  316   58  -41.04178  -46.61395  13.6%  19.7 2835s
 5395830 5032047  -45.66435  244   81  -41.04178  -46.61395  13.6%  19.6 2843s
 5395862 5036409  -45.65794  245   80  -41.04178  -46.61395  13.6%  19.6 2845s
 5409983 5049661  -45.64963  221   74  -41.04178  -46.61394  13.6%  19.6 2851s
 5421357 5059459  -46.55360   75  141  -41.04178  -46.61393  13.6%  19.7 2855s
 5436500 5073320  -46.42570  126  103  -41.04178  -46.61392  13.6%  19.7 2860s
 5452389 5087963  -46.24628  156   98  -41.04178  -46.61392  13.6%  19.7 2866s
 5464146 5099536  -46.51688   90  126  -41.04178  -46.61392  13.6%  19.7 2871s
 5473311 5108925  -43.79154  356   42  -41.04178  -46.61392  13.6%  19.7 2875s
 5489885 5123404  -41.10788  458   23  -41.04178  -46.61391  13.6%  19.7 2880s
 5498970 5131817  -46.39000  123  115  -41.04178  -46.61391  13.6%  19.7 2885s
 5507150 5136132  -45.93713  189   98  -41.04178  -46.61391  13.6%  19.7 2896s
 5511226 5144763  -45.67068  217   91  -41.04178  -46.61391  13.6%  19.7 2900s
 5527060 5160271  -41.97963  311   70  -41.04178  -46.61390  13.6%  19.7 2906s
 5537819 5169659  -45.39159  246   68  -41.04178  -46.61390  13.6%  19.7 2910s
 5549765 5179973  -46.40801  129  109  -41.04178  -46.61388  13.6%  19.7 2916s
 5558417 5189163  -42.20451  406   42  -41.04178  -46.61388  13.6%  19.7 2920s
 5571889 5202060  -42.46371  408   41  -41.04178  -46.61388  13.6%  19.7 2926s
 5582697 5212740  -43.96841  334   46  -41.04178  -46.61387  13.6%  19.7 2930s
 5593546 5221556  -45.24112  260   72  -41.04178  -46.61387  13.6%  19.7 2935s
 5607061 5236261  -45.08537  280   72  -41.04178  -46.61387  13.6%  19.7 2941s
 5617897 5243849  -45.85279  206   77  -41.04178  -46.61386  13.6%  19.6 2945s
 5626699 5247939  -46.57396   61  155  -41.04178  -46.61385  13.6%  19.6 2956s
 5634659 5260489  -44.26418  320   58  -41.04178  -46.61385  13.6%  19.7 2960s
 5645973 5270515  -45.84249  195   76  -41.04178  -46.61385  13.6%  19.7 2965s
 5659926 5283809  -46.28568  149  106  -41.04178  -46.61384  13.6%  19.7 2970s
 5678095 5300889  -45.01197  277   64  -41.04178  -46.61383  13.6%  19.7 2976s
 5692700 5313387  -44.50682  307   54  -41.04178  -46.61383  13.6%  19.7 2980s
 5702063 5323950  -46.50064   88  135  -41.04178  -46.61383  13.6%  19.7 2987s
 5713440 5332284  -46.02447  175  110  -41.04178  -46.61383  13.6%  19.6 2990s
 5726417 5344934  -44.87870  266   79  -41.04178  -46.61383  13.6%  19.6 2996s
 5734031 5354844  -43.48421  310   75  -41.04178  -46.61383  13.6%  19.7 3002s
 5744503 5362187  -44.26547  323   52  -41.04178  -46.61382  13.6%  19.6 3006s
 5753697 5366800  -46.47847   98  129  -41.04178  -46.61382  13.6%  19.6 3017s
 5753729 5370033  -46.47657   99  134  -41.04178  -46.61382  13.6%  19.6 3020s
 5765410 5383355  -45.91826  194   97  -41.04178  -46.61382  13.6%  19.6 3027s
 5776087 5391649  -45.10110  254   73  -41.04178  -46.61382  13.6%  19.6 3030s
 5785973 5401701  -46.60143   42  171  -41.04178  -46.61380  13.6%  19.6 3036s
 5795652 5411437  -44.30765  351   62  -41.04178  -46.61380  13.6%  19.6 3040s
 5806490 5421216  -45.40408  241   69  -41.04178  -46.61380  13.6%  19.6 3045s
 5821138 5434561  -44.23186  320   62  -41.04178  -46.61380  13.6%  19.6 3051s
 5831048 5445502  -45.51510  235   73  -41.04178  -46.61379  13.6%  19.6 3055s
 5846622 5459305  -45.37911  256   74  -41.04178  -46.61379  13.6%  19.6 3061s
 5857497 5469109  -46.28977  155   96  -41.04178  -46.61378  13.6%  19.6 3066s
 5867865 5478813  -46.56509   58  159  -41.04178  -46.61378  13.6%  19.6 3070s
 5872916 5478845  -45.64519  244   86  -41.04178  -46.61378  13.6%  19.6 3077s
 5876341 5486406  -43.87947  362   55  -41.04178  -46.61378  13.6%  19.6 3081s
 5885178 5495405  -46.43493  107  129  -41.04178  -46.61377  13.6%  19.6 3088s
 5890759 5500725  -46.24372  158  108  -41.04178  -46.61377  13.6%  19.6 3091s
 5900156 5509217  -45.61923  214   86  -41.04178  -46.61377  13.6%  19.6 3095s
 5910441 5518907  -44.40779  281   78  -41.04178  -46.61377  13.6%  19.6 3100s
 5920566 5529106  -46.03371  178   82  -41.04178  -46.61377  13.6%  19.6 3105s
 5931235 5537619  -46.39339  130  109  -41.04178  -46.61376  13.6%  19.6 3110s
 5940463 5546845  -42.50914  391   52  -41.04178  -46.61376  13.6%  19.6 3115s
 5953734 5559434  -42.34648  402   41  -41.04178  -46.61376  13.6%  19.6 3121s
 5965501 5571559  -44.20753  318   60  -41.04178  -46.61376  13.6%  19.6 3125s
 5976898 5576703  -45.14381  261   65  -41.04178  -46.61375  13.6%  19.6 3136s
 5978976 5584317  -44.40458  312   50  -41.04178  -46.61375  13.6%  19.6 3141s
 5995814 5599546  -42.42415  406   41  -41.04178  -46.61375  13.6%  19.6 3146s
 6010288 5612825  -42.85988  390   46  -41.04178  -46.61374  13.6%  19.6 3151s
 6022064 5622677  -44.24322  301   64  -41.04178  -46.61373  13.6%  19.6 3155s
 6036387 5636342  -45.00113  276   63  -41.04178  -46.61373  13.6%  19.6 3161s
 6044714 5645835  -46.49555  101  120  -41.04178  -46.61373  13.6%  19.6 3166s
 6054476 5654020  -45.93417  206   75  -41.04178  -46.61373  13.6%  19.6 3170s
 6068593 5667506  -44.44348  275   60  -41.04178  -46.61373  13.6%  19.7 3176s
 6074181 5672384  -46.53126   83  133  -41.04178  -46.61372  13.6%  19.7 3180s
 6088829 5686283  -46.53385   81  138  -41.04178  -46.61372  13.6%  19.6 3187s
 6093697 5686315  -45.40188  236   72  -41.04178  -46.61372  13.6%  19.6 3196s
 6098572 5694740  -43.09158  381   41  -41.04178  -46.61371  13.6%  19.6 3201s
 6106975 5704233  -44.92006  281   64  -41.04178  -46.61371  13.6%  19.6 3206s
 6117108 5712962  -46.52077   79  144  -41.04178  -46.61370  13.6%  19.6 3211s
 6126930 5721798  -46.04262  186  103  -41.04178  -46.61370  13.6%  19.6 3216s
 6136270 5731632  -45.24093  252   83  -41.04178  -46.61370  13.6%  19.6 3221s
 6146632 5740737  -46.41792  125  109  -41.04178  -46.61370  13.6%  19.6 3225s
 6161574 5754906  -46.17974  159   91  -41.04178  -46.61369  13.6%  19.6 3231s
 6172745 5765310  -46.55777   75  143  -41.04178  -46.61369  13.6%  19.6 3236s
 6186867 5777966  -45.92297  215   75  -41.04178  -46.61369  13.6%  19.6 3241s
 6200406 5793254  -44.50139  291   54  -41.04178  -46.61369  13.6%  19.6 3248s
 6207963 5793283  -46.41810  118  122  -41.04178  -46.61368  13.6%  19.6 3257s
 6207998 5797353  -46.42133  119  118  -41.04178  -46.61368  13.6%  19.6 3260s
 6215605 5805799  -45.61491  221   85  -41.04178  -46.61368  13.6%  19.6 3265s
 6233483 5822477  -43.53125  361   38  -41.04178  -46.61367  13.6%  19.6 3271s
 6243484 5830483  -45.51486  240   72  -41.04178  -46.61367  13.6%  19.6 3275s
 6257152 5844525  -45.94704  193   85  -41.04178  -46.61366  13.6%  19.6 3281s
 6267646 5853450  -46.59103   48  165  -41.04178  -46.61366  13.6%  19.6 3286s
 6277240 5861894  -46.13026  183   93  -41.04178  -46.61366  13.6%  19.6 3290s
H6286530 5865734                     -41.0543829  -46.61366  13.5%  19.6 3293s
 6286640 5872133  -44.40874  301   59  -41.05438  -46.61366  13.5%  19.6 3295s
 6301486 5885130  -42.71777  445   40  -41.05438  -46.61365  13.5%  19.6 3300s
 6312291 5893202  -44.62660  308   54  -41.05438  -46.61364  13.5%  19.6 3305s
 6320234 5903633  -45.84839  204   78  -41.05438  -46.61364  13.5%  19.6 3311s
 6332298 5909062  -45.74042  209   76  -41.05438  -46.61364  13.5%  19.6 3322s
 6335557 5917699  -44.67156  295   56  -41.05438  -46.61364  13.5%  19.6 3325s
 6346073 5928081  -45.78519  203   85  -41.05438  -46.61363  13.5%  19.6 3330s
 6360058 5940262  -45.88275  213   86  -41.05438  -46.61363  13.5%  19.6 3337s
 6370777 5949982  -46.29002  147   98  -41.05438  -46.61362  13.5%  19.6 3341s
 6380504 5961225  -46.61207   29  184  -41.05438  -46.61362  13.5%  19.6 3345s
 6398237 5974060  -46.27498  153   94  -41.05438  -46.61361  13.5%  19.6 3350s
 6405927 5984697  -43.73080  366   37  -41.05438  -46.61361  13.5%  19.6 3355s
 6417324 5992720  -44.31185  296   59  -41.05438  -46.61361  13.5%  19.6 3360s
 6429405 6004983  -45.35291  273   73  -41.05438  -46.61361  13.5%  19.6 3365s
 6445121 6018234  -43.24193  353   50  -41.05438  -46.61360  13.5%  19.6 3371s
 6448721 6018265     cutoff  446       -41.05438  -46.61360  13.5%  19.6 3380s
H6448737 6012579                     -41.1054198  -46.61360  13.4%  19.6 3380s
 6453110 6020097  -46.53510   85  137  -41.10542  -46.61360  13.4%  19.6 3388s
 6457144 6025688  -46.33980  143  105  -41.10542  -46.61360  13.4%  19.6 3391s
 6467121 6032391  -46.48329  102  126  -41.10542  -46.61360  13.4%  19.6 3395s
H6468424 6008969                     -41.2250980  -46.61360  13.1%  19.6 3395s
 6480974 6024378  -46.34225  142  117  -41.22510  -46.61359  13.1%  19.6 3401s
 6495796 6037491  -46.19609  164  107  -41.22510  -46.61359  13.1%  19.6 3406s
H6499724 6035481                     -41.2339189  -46.61359  13.0%  19.6 3406s
 6507404 6044480  -46.58820   44  169  -41.23392  -46.61358  13.0%  19.6 3410s
 6521065 6059212     cutoff  457       -41.23392  -46.61358  13.0%  19.6 3416s
 6532073 6070118  -44.47391  314   49  -41.23392  -46.61357  13.0%  19.6 3420s
 6547840 6084069  -44.51950  293   62  -41.23392  -46.61357  13.0%  19.6 3425s
 6562407 6098743  -44.51547  312   60  -41.23392  -46.61357  13.0%  19.6 3433s
 6568945 6098769  -46.56601   66  149  -41.23392  -46.61357  13.0%  19.6 3442s
 6568981 6102355  -46.56411   66  149  -41.23392  -46.61357  13.0%  19.6 3445s
 6576580 6110715  -46.19042  172   93  -41.23392  -46.61357  13.0%  19.6 3450s
 6583935 6118492  -45.74489  229   71  -41.23392  -46.61357  13.0%  19.6 3455s
 6600591 6133481  -45.53641  222   74  -41.23392  -46.61356  13.0%  19.6 3462s
 6605441 6138555  -43.83159  362   37  -41.23392  -46.61356  13.0%  19.6 3465s
 6619484 6151858  -42.61860  400   39  -41.23392  -46.61356  13.0%  19.6 3471s
 6629108 6162901  -44.13360  336   46  -41.23392  -46.61355  13.0%  19.6 3476s
 6641570 6171875  -46.13225  182   96  -41.23392  -46.61355  13.0%  19.6 3481s
 6650733 6181173  -45.65443  243   74  -41.23392  -46.61355  13.0%  19.6 3485s
 6661346 6190728  -44.30146  295   62  -41.23392  -46.61355  13.0%  19.6 3491s
 6668573 6198430  -46.32611  151  116  -41.23392  -46.61354  13.0%  19.6 3496s
 6684857 6208333  -44.65207  293   61  -41.23392  -46.61354  13.0%  19.6 3508s
 6684892 6238244  -44.62671  294   55  -41.23392  -46.61354  13.0%  19.6 3515s
 6723097 6247999  -45.73363  223   80  -41.23392  -46.61352  13.0%  19.6 3520s
 6737720 6262160  -45.10789  265   64  -41.23392  -46.61352  13.0%  19.6 3526s
 6748501 6273571  -46.07503  181   81  -41.23392  -46.61352  13.0%  19.6 3530s
 6764730 6286315  -45.23794  238   72  -41.23392  -46.61351  13.0%  19.6 3535s
 6778405 6299508  -45.52894  227   72  -41.23392  -46.61351  13.0%  19.6 3543s
 6782534 6307290  -43.82697  353   44  -41.23392  -46.61351  13.0%  19.6 3547s
 6795365 6317223  -43.22854  390   39  -41.23392  -46.61350  13.0%  19.6 3552s
 6801123 6317255  -46.15975  173   85  -41.23392  -46.61350  13.0%  19.6 3560s
 6811205 6332780  -46.48789  100  124  -41.23392  -46.61350  13.0%  19.6 3565s
 6826948 6345754  -46.16978  171  102  -41.23392  -46.61349  13.0%  19.6 3571s
 6841496 6360147  -45.97529  184   82  -41.23392  -46.61349  13.0%  19.6 3577s
 6852003 6368935  -46.55127   74  142  -41.23392  -46.61348  13.0%  19.6 3581s
 6860667 6375786  -43.53252  368   40  -41.23392  -46.61348  13.0%  19.6 3585s
 6868460 6384842  -45.13012  265   60  -41.23392  -46.61348  13.0%  19.6 3590s
 6879672 6394653  -45.43350  248   69  -41.23392  -46.61348  13.0%  19.6 3597s
 6888637 6403055  -46.53727   75  148  -41.23392  -46.61347  13.0%  19.6 3602s
 6898302 6412274  -46.09786  172  110  -41.23392  -46.61347  13.0%  19.6 3606s
 6909073 6421854  -45.44423  232   91  -41.23392  -46.61347  13.0%  19.6 3611s
 6917346 6426027  -42.83213  284   70  -41.23392  -46.61347  13.0%  19.6 3621s
 6921441 6434517  -46.32562  147   96  -41.23392  -46.61347  13.0%  19.6 3625s
 6936106 6447986  -46.08434  181   88  -41.23392  -46.61346  13.0%  19.6 3631s
 6947256 6459256  -46.29598  144   96  -41.23392  -46.61346  13.0%  19.6 3635s
 6960889 6470339  -46.32464  143   98  -41.23392  -46.61346  13.0%  19.7 3641s
 6969928 6480665  -46.51734   95  127  -41.23392  -46.61345  13.0%  19.7 3645s
 6983629 6493321  -46.51108   96  129  -41.23392  -46.61345  13.0%  19.7 3651s
 6999840 6508290  -45.69214  245   71  -41.23392  -46.61345  13.0%  19.7 3657s
 7010569 6517487  -44.34688  303   56  -41.23392  -46.61345  13.0%  19.7 3661s
 7019768 6526516  -44.26411  315   48  -41.23392  -46.61344  13.0%  19.7 3665s
 7030901 6532063  -45.50072  247   81  -41.23392  -46.61344  13.0%  19.7 3673s
H7030920 6524419                     -41.2666795  -46.61344  13.0%  19.7 3674s
 7030933 6554229  -45.49157  248   80  -41.26668  -46.61344  13.0%  19.7 3681s
H7063823 6554138                     -41.2844839  -46.61341  12.9%  19.7 3684s
 7067765 6559927  -46.48114  110  112  -41.28448  -46.61341  12.9%  19.7 3687s
 7079459 6571459  -42.21673  455   29  -41.28448  -46.61341  12.9%  19.7 3691s
 7095275 6586549     cutoff  443       -41.28448  -46.61341  12.9%  19.7 3697s
H7105494 6584191                     -41.3072567  -46.61340  12.8%  19.7 3698s
 7108826 6591156  -41.50894  451   28  -41.30726  -46.61340  12.8%  19.7 3702s
 7113826 6594811  -46.52345   80  144  -41.30726  -46.61340  12.8%  19.7 3705s
 7121493 6603467  -46.33199  136  112  -41.30726  -46.61340  12.8%  19.7 3710s
 7135831 6612710  -44.81799  252   77  -41.30726  -46.61340  12.8%  19.7 3722s
H7135837 6604837                     -41.3368080  -46.61340  12.8%  19.7 3722s
H7135841 6584213                     -41.4107152  -46.61340  12.6%  19.7 3723s
 7135863 6588956  -44.72357  253   80  -41.41072  -46.61340  12.6%  19.7 3725s
 7152205 6603716  -44.29606  310   63  -41.41072  -46.61340  12.6%  19.7 3731s
 7164871 6614209  -45.32478  241   72  -41.41072  -46.61340  12.6%  19.6 3735s
 7176629 6625881  -46.00886  191   82  -41.41072  -46.61339  12.6%  19.7 3740s
H7188496 6610632                     -41.4887091  -46.61339  12.4%  19.7 3745s
 7196196 6620750  -46.32518  142  118  -41.48871  -46.61339  12.4%  19.6 3751s
 7203899 6629203  -45.89996  195   94  -41.48871  -46.61339  12.4%  19.7 3756s
 7212566 6637364  -45.19285  238   85  -41.48871  -46.61339  12.4%  19.6 3760s
 7221661 6646618  -46.39852  124  108  -41.48871  -46.61338  12.4%  19.6 3765s
H7230478 6650473                     -41.4922421  -46.61338  12.3%  19.6 3767s
 7236668 6659371  -45.98360  202   87  -41.49224  -46.61338  12.3%  19.6 3771s
 7247571 6664315  -46.53015   83  134  -41.49224  -46.61337  12.3%  19.6 3781s
H7247592 6654802                     -41.5230876  -46.61337  12.3%  19.6 3782s
 7251264 6663424  -45.77985  212   76  -41.52309  -46.61337  12.3%  19.6 3786s
 7261668 6672839  -46.60402   38  176  -41.52309  -46.61336  12.3%  19.6 3792s
 7266699 6677804  -46.45149  103  133  -41.52309  -46.61336  12.3%  19.6 3795s
 7275726 6685788  -46.05354  188  102  -41.52309  -46.61336  12.3%  19.6 3800s
 7290091 6701017  -44.92180  287   75  -41.52309  -46.61336  12.3%  19.6 3807s
 7300452 6708656  -42.96416  342   69  -41.52309  -46.61336  12.3%  19.6 3811s
 7311403 6719304  -44.92716  263   64  -41.52309  -46.61336  12.3%  19.6 3815s
 7327406 6733992  -44.12899  326   51  -41.52309  -46.61335  12.3%  19.7 3821s
 7342373 6745966  -44.00293  330   48  -41.52309  -46.61335  12.3%  19.7 3826s
 7348782 6756592  -46.12395  177   91  -41.52309  -46.61334  12.3%  19.7 3830s
 7356342 6756624  -43.00242  381   42  -41.52309  -46.61334  12.3%  19.7 3838s
H7357908 6732297                     -41.6061436  -46.61334  12.0%  19.7 3839s
 7358831 6734248  -46.55434   67  149  -41.60614  -46.61334  12.0%  19.7 3841s
 7367152 6743584  -44.26089  313   55  -41.60614  -46.61334  12.0%  19.7 3845s
 7377611 6754260  -46.56388   69  147  -41.60614  -46.61333  12.0%  19.7 3850s
H7382961 6728214                     -41.6997530  -46.61333  11.8%  19.7 3853s
 7393878 6737703  -46.07440  172   85  -41.69975  -46.61332  11.8%  19.7 3856s
 7403650 6744882  -46.60667   31  182  -41.69975  -46.61332  11.8%  19.7 3860s
H7403745 6707474                     -41.8046836  -46.61332  11.5%  19.7 3861s
 7412469 6718679  -46.29823  151  106  -41.80468  -46.61332  11.5%  19.7 3865s
 7428742 6730985  -46.07465  188   85  -41.80468  -46.61332  11.5%  19.7 3870s
 7442421 6746996  -46.03202  187   81  -41.80468  -46.61331  11.5%  19.7 3875s
 7454303 6754491  -46.36486  137  100  -41.80468  -46.61331  11.5%  19.7 3880s
 7466443 6763480  -46.42644  117  115  -41.80468  -46.61330  11.5%  19.7 3892s
 7469874 6771277  -45.63157  222   71  -41.80468  -46.61330  11.5%  19.7 3895s
 7485256 6785394  -45.05605  269   69  -41.80468  -46.61330  11.5%  19.7 3901s
 7494829 6793406  -46.12691  177   90  -41.80468  -46.61330  11.5%  19.7 3905s
 7504238 6803976  -46.58089   53  162  -41.80468  -46.61330  11.5%  19.7 3912s
 7514512 6812158  -45.91076  208   83  -41.80468  -46.61330  11.5%  19.7 3916s
 7523593 6821362  -45.85978  194   81  -41.80468  -46.61329  11.5%  19.7 3920s
 7537584 6835433  -45.91168  190   81  -41.80468  -46.61329  11.5%  19.7 3927s
 7548094 6844678  -46.48689  105  123  -41.80468  -46.61329  11.5%  19.7 3930s
 7562792 6858427  -46.49167   99  126  -41.80468  -46.61328  11.5%  19.7 3937s
 7568250 6863676  -46.25419  163   95  -41.80468  -46.61328  11.5%  19.7 3941s
 7577444 6867653  -45.68631  233   62  -41.80468  -46.61328  11.5%  19.7 3953s
 7577476 6872037  -45.69478  232   66  -41.80468  -46.61328  11.5%  19.7 3955s
H7582285 6848753                     -41.8792205  -46.61328  11.3%  19.7 3958s
 7586407 6852581 infeasible  288       -41.87922  -46.61328  11.3%  19.7 3961s
 7595533 6862067  -46.21761  163   98  -41.87922  -46.61328  11.3%  19.7 3965s
 7606164 6871126  -46.55487   73  146  -41.87922  -46.61327  11.3%  19.7 3970s
 7614531 6879782  -42.39055  406   40  -41.87922  -46.61327  11.3%  19.7 3977s
 7623542 6888947  -46.24956  163  103  -41.87922  -46.61327  11.3%  19.7 3982s
 7633904 6898623  -45.63888  259   62  -41.87922  -46.61327  11.3%  19.7 3986s
 7643849 6906775  -45.80195  216   75  -41.87922  -46.61327  11.3%  19.7 3990s
 7657868 6920793  -45.85906  210   95  -41.87922  -46.61326  11.3%  19.7 3996s
 7669250 6931246  -46.37990  133  111  -41.87922  -46.61326  11.3%  19.7 4000s
 7685502 6941163  -46.08303  182  102  -41.87922  -46.61326  11.3%  19.7 4011s
 7690020 6949770  -44.84066  302   70  -41.87922  -46.61326  11.3%  19.7 4015s
 7705496 6964044  -46.08994  181   84  -41.87922  -46.61325  11.3%  19.7 4022s
 7710159 6968364  -45.84189  212   74  -41.87922  -46.61325  11.3%  19.7 4025s
 7718693 6976726  -45.20876  270   66  -41.87922  -46.61325  11.3%  19.7 4030s
 7728153 6986180  -43.96745  316   50  -41.87922  -46.61324  11.3%  19.7 4035s
 7744173 7000164  -46.54699   76  143  -41.87922  -46.61324  11.3%  19.7 4042s
 7753094 7008925  -46.14174  181   92  -41.87922  -46.61324  11.3%  19.7 4045s
 7763158 7017931  -45.48204  260   68  -41.87922  -46.61324  11.3%  19.7 4050s
 7771755 7026040  -46.00218  204   99  -41.87922  -46.61323  11.3%  19.7 4055s
 7781529 7031544  -46.04344  194   98  -41.87922  -46.61323  11.3%  19.7 4065s
 7790526 7044799  -46.41180  115  122  -41.87922  -46.61323  11.3%  19.7 4071s
 7803903 7056725  -42.51091  393   81  -41.87922  -46.61323  11.3%  19.7 4077s
 7809272 7061841  -46.51781   89  132  -41.87922  -46.61322  11.3%  19.7 4080s
 7822710 7074969  -45.92387  207   82  -41.87922  -46.61322  11.3%  19.7 4086s
 7832523 7084007  -45.29839  270   61  -41.87922  -46.61322  11.3%  19.7 4090s
 7842766 7093426  -44.08581  323   52  -41.87922  -46.61322  11.3%  19.7 4096s
 7852141 7102233  -45.13659  270   64  -41.87922  -46.61321  11.3%  19.7 4101s
 7863100 7111342  -46.44769  108  124  -41.87922  -46.61321  11.3%  19.7 4106s
 7872058 7119988  -46.00538  184  100  -41.87922  -46.61321  11.3%  19.7 4110s
 7876350 7120020  -45.68205  215   90  -41.87922  -46.61321  11.3%  19.7 4119s
 7876382 7123837  -45.62825  219   86  -41.87922  -46.61321  11.3%  19.7 4121s
 7884932 7133769  -44.69557  265   73  -41.87922  -46.61321  11.3%  19.7 4125s
 7897586 7144572  -46.05728  179   80  -41.87922  -46.61320  11.3%  19.7 4131s
 7908977 7156101  -46.57047   59  155  -41.87922  -46.61320  11.3%  19.7 4135s
 7921390 7166888  -46.60355   42  174  -41.87922  -46.61319  11.3%  19.7 4141s
 7934777 7178515  -46.19157  170  107  -41.87922  -46.61319  11.3%  19.7 4146s
 7944165 7187711  -45.68127  226   91  -41.87922  -46.61319  11.3%  19.7 4151s
 7954011 7196903  -44.13350  297   75  -41.87922  -46.61319  11.3%  19.7 4155s
 7963809 7206404  -45.73428  210   73  -41.87922  -46.61318  11.3%  19.7 4160s
 7979478 7221543  -44.46522  307   51  -41.87922  -46.61318  11.3%  19.7 4166s
 7985047 7221575  -46.47092  109  111  -41.87922  -46.61317  11.3%  19.7 4175s
 7993822 7233318  -43.19448  375   47  -41.87922  -46.61317  11.3%  19.7 4181s
 8004544 7245553  -44.97392  267   67  -41.87922  -46.61317  11.3%  19.7 4185s
 8019831 7258281  -44.33348  315   56  -41.87922  -46.61317  11.3%  19.7 4191s
 8029696 7266735  -46.00924  199   99  -41.87922  -46.61316  11.3%  19.7 4195s
 8039652 7276449  -46.50008   99  128  -41.87922  -46.61316  11.3%  19.7 4201s
 8047672 7284570  -45.74406  223   83  -41.87922  -46.61316  11.3%  19.7 4205s
 8057500 7294033  -46.47399  109  126  -41.87922  -46.61316  11.3%  19.7 4210s
 8072351 7308301  -45.43392  246   70  -41.87922  -46.61316  11.3%  19.7 4217s
H8074907 7303044                     -41.8927405  -46.61316  11.3%  19.7 4217s
 8081391 7311877  -46.50812   98  128  -41.89274  -46.61315  11.3%  19.7 4222s
 8091735 7321350  -46.03599  205   77  -41.89274  -46.61315  11.3%  19.7 4226s
 8097120 7321380  -45.69037  255   59  -41.89274  -46.61315  11.3%  19.7 4235s
 8106003 7335356  -44.71336  310   43  -41.89274  -46.61315  11.3%  19.7 4241s
 8116965 7344804  -44.49752  298   59  -41.89274  -46.61315  11.3%  19.7 4245s
 8133433 7359185  -43.62658  345   54  -41.89274  -46.61314  11.3%  19.7 4251s
 8142796 7367427  -45.68198  210   71  -41.89274  -46.61314  11.3%  19.7 4255s
 8151733 7376759  -46.49197  107  115  -41.89274  -46.61313  11.3%  19.7 4260s
 8162610 7387090  -46.61057   31  183  -41.89274  -46.61313  11.3%  19.7 4265s
 8177440 7400552  -46.38179  137  103  -41.89274  -46.61313  11.3%  19.7 4271s
 8187277 7410435  -46.61030   37  176  -41.89274  -46.61313  11.3%  19.7 4277s
H8194384 7406687                     -41.9134659  -46.61313  11.2%  19.7 4280s
 8201036 7415127  -46.13896  169  107  -41.91347  -46.61313  11.2%  19.7 4285s
H8203556 7386919                     -41.9817448  -46.61313  11.0%  19.7 4285s
 8215097 7395879  -45.15885  246   83  -41.98174  -46.61313  11.0%  19.7 4298s
 8215129 7425618  -45.16185  247   81  -41.98174  -46.61313  11.0%  19.7 4306s
 8252185 7431112  -43.10260  378   53  -41.98174  -46.61311  11.0%  19.7 4311s
 8260470 7443374  -45.53276  220   71  -41.98174  -46.61311  11.0%  19.7 4316s
 8271780 7453317  -46.28919  156   97  -41.98174  -46.61310  11.0%  19.7 4320s
 8283173 7463696  -46.53331   87  135  -41.98174  -46.61310  11.0%  19.7 4325s
 8297030 7477277  -45.90961  210   74  -41.98174  -46.61310  11.0%  19.7 4331s
 8306561 7486945  -45.49544  261   62  -41.98174  -46.61310  11.0%  19.7 4335s
 8321061 7499686  -45.25585  238   73  -41.98174  -46.61309  11.0%  19.7 4340s
 8326718 7499715  -43.36969  375   47  -41.98174  -46.61309  11.0%  19.7 4349s
 8326751 7504443  -43.36446  376   46  -41.98174  -46.61309  11.0%  19.7 4351s
 8335519 7514565  -45.11423  253   66  -41.98174  -46.61309  11.0%  19.7 4355s
 8349418 7525516  -46.30690  150   99  -41.98174  -46.61308  11.0%  19.7 4361s
 8363233 7539378  -45.64831  239   76  -41.98174  -46.61308  11.0%  19.7 4367s
 8374263 7550094  -44.59524  295   60  -41.98174  -46.61308  11.0%  19.7 4371s
 8385856 7558925  -43.64060  343   51  -41.98174  -46.61307  11.0%  19.7 4375s
 8400267 7573798  -42.08379  462   35  -41.98174  -46.61307  11.0%  19.7 4381s
 8410955 7582377  -44.04625  322   60  -41.98174  -46.61307  11.0%  19.7 4385s
 8420739 7589726  -45.62766  213   72  -41.98174  -46.61307  11.0%  19.7 4391s
 8428300 7598980     cutoff  433       -41.98174  -46.61307  11.0%  19.7 4396s
 8437641 7608676  -42.89370  436   39  -41.98174  -46.61306  11.0%  19.7 4400s
 8442526 7608708  -45.74403  211   69  -41.98174  -46.61306  11.0%  19.7 4408s
 8442558 7612786  -45.73551  212   68  -41.98174  -46.61306  11.0%  19.7 4410s
 8459012 7628359  -44.34654  310   60  -41.98174  -46.61306  11.0%  19.7 4416s
 8470108 7638514  -45.72771  216   76  -41.98174  -46.61306  11.0%  19.7 4420s
 8484459 7651989  -45.92267  207   98  -41.98174  -46.61306  11.0%  19.7 4425s
 8493754 7661673  -46.56133   58  157  -41.98174  -46.61305  11.0%  19.7 4432s
 8504188 7668503  -46.22015  154  110  -41.98174  -46.61305  11.0%  19.7 4436s
 8512771 7677425  -45.71633  212   92  -41.98174  -46.61305  11.0%  19.7 4441s
 8521605 7686703  -45.13837  257   83  -41.98174  -46.61305  11.0%  19.7 4445s
 8531723 7696517  -43.63914  307   73  -41.98174  -46.61304  11.0%  19.7 4450s
 8541356 7705697  -45.28187  249   71  -41.98174  -46.61304  11.0%  19.7 4455s
 8551037 7709806  -46.14130  172  107  -41.98174  -46.61304  11.0%  19.7 4465s
 8559917 7723686  -43.75386  391   46  -41.98174  -46.61304  11.0%  19.7 4472s
 8571159 7732807  -44.32890  313   53  -41.98174  -46.61304  11.0%  19.7 4476s
 8580588 7741534  -45.66581  218   76  -41.98174  -46.61304  11.0%  19.7 4481s
 8594476 7756153  -45.22175  261   67  -41.98174  -46.61303  11.0%  19.7 4486s
 8605634 7764305  -45.34117  235   71  -41.98174  -46.61303  11.0%  19.7 4490s
 8619762 7779592  -44.98901  266   65  -41.98174  -46.61303  11.0%  19.7 4496s
 8628041 7785999  -46.59025   51  164  -41.98174  -46.61302  11.0%  19.7 4502s
 8637392 7794746  -46.11710  189   90  -41.98174  -46.61302  11.0%  19.7 4506s
 8647059 7804366  -45.44698  260   63  -41.98174  -46.61302  11.0%  19.7 4510s
 8662357 7818173  -44.38661  303   60  -41.98174  -46.61301  11.0%  19.7 4515s
 8667193 7818203  -46.58015   51  163  -41.98174  -46.61301  11.0%  19.7 4524s
 8667226 7820523  -46.57904   52  162  -41.98174  -46.61301  11.0%  19.7 4527s
 8675296 7831108  -44.68302  295   59  -41.98174  -46.61301  11.0%  19.7 4531s
 8687387 7840715  -45.04991  261   61  -41.98174  -46.61301  11.0%  19.7 4535s
H8695501 7834782                     -42.0083107  -46.61300  11.0%  19.7 4537s
 8700133 7841597  -45.41403  231   74  -42.00831  -46.61300  11.0%  19.7 4540s
 8710880 7852978  -46.17142  164   92  -42.00831  -46.61300  11.0%  19.7 4545s
 8726960 7866114  -46.41169  137  104  -42.00831  -46.61300  11.0%  19.7 4551s
 8739619 7878920  -45.42589  266   60  -42.00831  -46.61300  11.0%  19.7 4556s
 8749847 7887834  -46.58237   49  165  -42.00831  -46.61300  11.0%  19.7 4562s
 8753992 7892258  -46.44629  105  121  -42.00831  -46.61300  11.0%  19.7 4565s
 8762647 7900254  -46.04178  182   96  -42.00831  -46.61300  11.0%  19.7 4570s
 8776014 7909385  -44.29467  285   65  -42.00831  -46.61300  11.0%  19.7 4583s
 8776046 7938708  -44.32138  285   66  -42.00831  -46.61300  11.0%  19.7 4591s
 8814562 7948876  -45.47599  236   75  -42.00831  -46.61298  11.0%  19.7 4596s
 8824412 7957441  -46.46052  110  112  -42.00831  -46.61298  11.0%  19.7 4601s
 8832199 7965837  -43.72300  354   48  -42.00831  -46.61298  11.0%  19.7 4605s
 8848189 7980278  -46.54493   72  148  -42.00831  -46.61298  11.0%  19.7 4611s
 8857153 7989861  -42.88127  403   38  -42.00831  -46.61297  11.0%  19.7 4615s
 8873291 8003644  -46.56906   56  158  -42.00831  -46.61297  11.0%  19.7 4622s
 8877849 8007810  -46.45465  103  125  -42.00831  -46.61297  11.0%  19.7 4625s
 8886042 8011681  -46.07175  178  100  -42.00831  -46.61297  11.0%  19.7 4636s
 8890523 8020462  -45.82737  207   99  -42.00831  -46.61297  11.0%  19.7 4640s
 8900461 8030317  -45.18058  254   84  -42.00831  -46.61297  11.0%  19.7 4647s
 8911171 8040137  -46.49953   97  132  -42.00831  -46.61296  11.0%  19.7 4651s
 8925965 8053134  -46.40551  127  103  -42.00831  -46.61296  11.0%  19.7 4657s
 8930915 8058989  -45.19168  247   70  -42.00831  -46.61296  11.0%  19.7 4661s
 8941163 8067036  -46.09303  178   82  -42.00831  -46.61296  11.0%  19.7 4666s
 8949400 8075366  -42.16368  416   45  -42.00831  -46.61296  11.0%  19.7 4670s
 8963205 8088756  -45.86130  223   74  -42.00831  -46.61295  11.0%  19.7 4676s
 8973400 8098787  -45.04243  282   63  -42.00831  -46.61295  11.0%  19.7 4680s
 8988746 8107567  -43.59940  358   57  -42.00831  -46.61295  11.0%  19.7 4692s
 8988778 8111088  -43.59409  359   60  -42.00831  -46.61295  11.0%  19.7 4695s
 8997038 8119932  -45.11160  253   72  -42.00831  -46.61295  11.0%  19.7 4700s
 9007115 8130341  -46.05048  173   89  -42.00831  -46.61294  11.0%  19.7 4705s
 9023306 8145780  -45.85579  203   82  -42.00831  -46.61294  11.0%  19.7 4712s
 9033805 8153272  -46.54511   76  143  -42.00831  -46.61293  11.0%  19.7 4716s
 9041667 8161275  -43.72433  357   44  -42.00831  -46.61293  11.0%  19.7 4720s
 9055396 8176344  -43.30876  394   36  -42.00831  -46.61293  11.0%  19.7 4726s
 9065749 8183990  -44.77416  284   69  -42.00831  -46.61293  11.0%  19.7 4730s
 9076079 8190586  -46.05500  184   80  -42.00831  -46.61293  11.0%  19.7 4735s
 9087845 8205788  -46.12997  170   86  -42.00831  -46.61292  11.0%  19.7 4741s
 9098373 8209910  -46.55843   73  145  -42.00831  -46.61292  11.0%  19.7 4751s
 9102818 8218528  -46.40794  134  112  -42.00831  -46.61292  11.0%  19.7 4756s
 9111883 8226967  -45.94273  222   79  -42.00831  -46.61292  11.0%  19.7 4760s
 9126173 8240483  -46.27589  155   95  -42.00831  -46.61292  11.0%  19.7 4765s
 9142027 8254551  -45.75640  210   75  -42.00831  -46.61291  11.0%  19.7 4771s
 9150588 8264896  -42.02052  420   38  -42.00831  -46.61291  11.0%  19.7 4776s
 9165513 8276903  -46.27372  158   98  -42.00831  -46.61291  11.0%  19.7 4781s
 9179452 8290871  -45.75521  206   76  -42.00831  -46.61290  11.0%  19.7 4787s
 9184710 8295950  -43.94646  347   38  -42.00831  -46.61290  11.0%  19.8 4790s
 9195321 8302818  -46.32889  150  104  -42.00831  -46.61290  11.0%  19.7 4795s
 9207357 8317964  -46.46179  110  119  -42.00831  -46.61290  11.0%  19.7 4801s
 9213318 8317995  -44.82044  279   63  -42.00831  -46.61290  11.0%  19.7 4809s
 9213351 8348494  -44.78463  280   69  -42.00831  -46.61290  11.0%  19.7 4819s
 9245383 8352041  -46.60914   33  180  -42.00831  -46.61289  11.0%  19.8 4822s
 9249278 8359071  -46.26814  158  109  -42.00831  -46.61289  11.0%  19.8 4826s
 9261863 8368572  -45.85665  202   84  -42.00831  -46.61289  11.0%  19.8 4830s
 9276407 8383027  -46.45691  114  121  -42.00831  -46.61289  11.0%  19.8 4837s
 9286876 8390978  -46.10529  187   85  -42.00831  -46.61289  11.0%  19.7 4841s
 9300389 8404205  -45.48342  270   60  -42.00831  -46.61289  11.0%  19.8 4846s
 9308570 8412941 infeasible  315       -42.00831  -46.61288  11.0%  19.8 4851s
 9319364 8417390  -43.17611  394   51  -42.00831  -46.61288  11.0%  19.8 4861s
 9324143 8425631  -46.19029  158   90  -42.00831  -46.61288  11.0%  19.8 4865s
 9333129 8434039  -42.87707  394   47  -42.00831  -46.61288  11.0%  19.8 4870s
 9342110 8444231  -46.30461  145  106  -42.00831  -46.61288  11.0%  19.8 4876s
 9356854 8456774  -46.50728   95  129  -42.00831  -46.61288  11.0%  19.7 4882s
 9365702 8465207  -46.09649  183   91  -42.00831  -46.61288  11.0%  19.7 4886s
 9374745 8474433  -45.54880  249   67  -42.00831  -46.61288  11.0%  19.7 4891s
 9384182 8483581  -46.56554   62  153  -42.00831  -46.61287  11.0%  19.8 4895s
 9399165 8496993  -46.20559  160   84  -42.00831  -46.61287  11.0%  19.8 4901s
 9410975 8507542  -46.39685  132  110  -42.00831  -46.61286  11.0%  19.8 4905s
 9415896 8507572  -45.15374  266   61  -42.00831  -46.61286  11.0%  19.8 4913s
 9415930 8511262  -45.14592  267   60  -42.00831  -46.61286  11.0%  19.8 4915s
 9429390 8524268  -45.09503  255   70  -42.00831  -46.61286  11.0%  19.8 4921s
 9438771 8534594  -46.02951  183   85  -42.00831  -46.61286  11.0%  19.8 4926s
 9449921 8544156  -46.40917  121  120  -42.00831  -46.61286  11.0%  19.8 4930s
 9464862 8558624  -46.20019  169  103  -42.00831  -46.61285  11.0%  19.8 4936s
 9475843 8567645  -46.25740  154   95  -42.00831  -46.61285  11.0%  19.8 4940s
 9484984 8576950  -42.06768  416   39  -42.00831  -46.61285  11.0%  19.8 4945s
 9502920 8590102  -45.89000  191   79  -42.00831  -46.61285  11.0%  19.8 4951s
 9514886 8603930  -46.09812  170   87  -42.00831  -46.61284  11.0%  19.8 4956s
 9524219 8613743  -46.56667   62  152  -42.00831  -46.61284  11.0%  19.8 4960s
 9535498 8619136  -42.74125  375   47  -42.00831  -46.61284  11.0%  19.8 4971s
 9541105 8628456  -46.21168  161   88  -42.00831  -46.61284  11.0%  19.8 4975s
 9555609 8640884  -45.71846  226   75  -42.00831  -46.61283  11.0%  19.8 4981s
 9563425 8648874  -46.06758  175   89  -42.00831  -46.61283  11.0%  19.8 4985s
 9574658 8659277  -46.39307  130  113  -42.00831  -46.61283  11.0%  19.8 4991s
 9583999 8668680  -45.96878  215   75  -42.00831  -46.61283  11.0%  19.8 4997s
 9593391 8677877  -45.23073  290   58  -42.00831  -46.61283  11.0%  19.8 5002s
 9603116 8686967  -46.56309   70  146  -42.00831  -46.61283  11.0%  19.8 5006s
 9610938 8696016  -44.57907  291   65  -42.00831  -46.61283  11.0%  19.8 5011s
 9623527 8706238  -45.59070  249   86  -42.00831  -46.61282  11.0%  19.8 5015s
 9639007 8720127  -44.15800  322   55  -42.00831  -46.61282  11.0%  19.8 5020s
 9644069 8720159  -46.57182   60  153  -42.00831  -46.61282  11.0%  19.8 5029s
 9644101 8723674  -46.57059   61  152  -42.00831  -46.61282  11.0%  19.8 5030s
 9653219 8731445  -44.20306  320   56  -42.00831  -46.61282  11.0%  19.8 5035s
 9668930 8747846  -43.23490  379   44  -42.00831  -46.61281  11.0%  19.8 5041s
 9678068 8758311  -44.83138  269   66  -42.00831  -46.61281  11.0%  19.8 5045s
 9693026 8770196  -44.11658  325   49  -42.00831  -46.61280  11.0%  19.8 5050s
 9702920 8778888  -46.48193   97  129  -42.00831  -46.61280  11.0%  19.8 5056s
 9712433 8788512  -46.05253  180  101  -42.00831  -46.61280  11.0%  19.8 5061s
 9721512 8796944  -45.19998  242   81  -42.00831  -46.61280  11.0%  19.8 5066s
 9731184 8806846  -46.56377   66  151  -42.00831  -46.61280  11.0%  19.8 5071s
 9742380 8816715  -42.99299  416   42  -42.00831  -46.61280  11.0%  19.8 5075s
 9757476 8830418  -46.42810  120  112  -42.00831  -46.61279  11.0%  19.8 5080s
 9761710 8830450  -45.13912  261   66  -42.00831  -46.61279  11.0%  19.8 5088s
 9761742 8833774  -45.12754  262   67  -42.00831  -46.61279  11.0%  19.8 5090s
 9769696 8844120  -46.57805   54  161  -42.00831  -46.61279  11.0%  19.8 5096s
 9782054 8854141  -42.60691  421   34  -42.00831  -46.61279  11.0%  19.8 5102s
 9791495 8863096  -44.25456  324   45  -42.00831  -46.61279  11.0%  19.8 5106s
 9802636 8873421  -45.18564  286   82  -42.00831  -46.61279  11.0%  19.8 5110s
 9812314 8881877  -45.66599  219   77  -42.00831  -46.61278  11.0%  19.8 5115s
 9826467 8895305  -45.31926  243   67  -42.00831  -46.61278  11.0%  19.8 5123s
 9831266 8901390  -43.08658  392   40  -42.00831  -46.61278  11.0%  19.8 5125s
 9847886 8915771  -46.33693  140  116  -42.00831  -46.61278  11.0%  19.8 5131s
 9858888 8927265  -46.57337   59  157  -42.00831  -46.61277  11.0%  19.8 5135s
 9873776 8938933  -46.45259  114  113  -42.00831  -46.61277  11.0%  19.8 5142s
 9878173 8938965  -45.12820  246   75  -42.00831  -46.61277  11.0%  19.8 5151s
 9881122 8946832  -43.67313  343   54  -42.00831  -46.61277  11.0%  19.8 5157s
 9886672 8951794  -46.52278   89  137  -42.00831  -46.61277  11.0%  19.8 5160s
 9896460 8960863  -45.96115  198   80  -42.00831  -46.61277  11.0%  19.8 5165s
 9906211 8969576  -45.11430  277   57  -42.00831  -46.61277  11.0%  19.8 5171s
 9915905 8980242  -45.49394  230   74  -42.00831  -46.61276  11.0%  19.8 5177s
 9927174 8990661  -46.33000  143  101  -42.00831  -46.61276  11.0%  19.8 5182s
 9937167 8999364  -42.30958  402   42  -42.00831  -46.61276  11.0%  19.8 5186s
 9946230 9008029  -44.46943  296   63  -42.00831  -46.61276  11.0%  19.8 5190s
 9961387 9022867  -43.46428  354   53  -42.00831  -46.61276  11.0%  19.8 5196s
 9972047 9032508  -44.75507  285   53  -42.00831  -46.61275  11.0%  19.8 5200s
 9985216 9039675  -44.82100  269   91  -42.00831  -46.61275  11.0%  19.8 5212s
 9992364 9052736  -42.23337  401   84  -42.00831  -46.61275  11.0%  19.8 5217s
 9999370 9058603  -46.42077  130  108  -42.00831  -46.61275  11.0%  19.8 5221s
 10010287 9067489  -45.81492  208   74  -42.00831  -46.61275  11.0%  19.8 5226s
 10018992 9076917  -44.93425  275   57  -42.00831  -46.61275  11.0%  19.8 5231s
 10029081 9086952  -44.89711  275   64  -42.00831  -46.61274  11.0%  19.8 5235s
 10044429 9101810  -42.98765  382   36  -42.00831  -46.61274  11.0%  19.8 5242s
 10055562 9109479  -44.48361  297   61  -42.00831  -46.61274  11.0%  19.8 5245s
 10068055 9121673  -44.54808  303   64  -42.00831  -46.61273  11.0%  19.8 5252s
 10077186 9131399  -45.58585  224   78  -42.00831  -46.61273  11.0%  19.8 5256s
 10092343 9144064  -44.76998  268   61  -42.00831  -46.61273  11.0%  19.8 5261s
 10096998 9144095  -42.88885  388   37  -42.00831  -46.61273  11.0%  19.8 5270s
 10106827 9159441  -45.28492  249   69  -42.00831  -46.61272  11.0%  19.8 5277s
 10117528 9167567  -46.50437   96  128  -42.00831  -46.61272  11.0%  19.8 5281s
 10126985 9175955  -46.02019  194   86  -42.00831  -46.61272  11.0%  19.8 5285s
 10139375 9189185  -45.20698  280   59  -42.00831  -46.61272  11.0%  19.8 5290s
 10155036 9203026  -43.25800  371   39  -42.00831  -46.61272  11.0%  19.8 5296s
 10164920 9212096  -44.84380  276   65  -42.00831  -46.61272  11.0%  19.8 5301s
 10174770 9221885  -45.67705  221   72  -42.00831  -46.61271  11.0%  19.8 5305s
 10189818 9235445  -44.18445  320   53  -42.00831  -46.61271  11.0%  19.8 5311s
 10200175 9245291  -45.41803  238   67  -42.00831  -46.61271  11.0%  19.8 5315s
 10205184 9245321  -43.28287  370   43  -42.00831  -46.61271  11.0%  19.8 5323s
 10205218 9249008  -43.26266  371   45  -42.00831  -46.61271  11.0%  19.8 5326s
 10209221 9256055  -46.53357   90  130  -42.00831  -46.61271  11.0%  19.8 5330s
 10221788 9265419  -45.90068  202   77  -42.00831  -46.61271  11.0%  19.8 5335s
 10236330 9279681  -44.27177  292   54  -42.00831  -46.61270  11.0%  19.8 5341s
 10246799 9289270  -43.96029  323   54  -42.00831  -46.61270  11.0%  19.8 5345s
 10256810 9298272  -45.53585  219   76  -42.00831  -46.61270  11.0%  19.8 5350s
 10267523 9307676  -46.45771  106  129  -42.00831  -46.61269  11.0%  19.8 5355s
 10281433 9321473  -46.11749  180  101  -42.00831  -46.61269  11.0%  19.8 5360s
 10292342 9332205  -46.37196  132  118  -42.00831  -46.61269  11.0%  19.8 5365s
 10308094 9344425  -45.77914  196  100  -42.00831  -46.61268  11.0%  19.8 5371s
 10313443 9350731  -43.60008  346   83  -42.00831  -46.61268  11.0%  19.8 5375s
 10318308 9350753  -46.60016   37  177  -42.00831  -46.61268  11.0%  19.8 5383s
 10318346 9355808  -46.59923   38  176  -42.00831  -46.61268  11.0%  19.8 5385s
H10319651 9348999                     -42.0237813  -46.61268  10.9%  19.8 5386s
 10327477 9360653  -44.50887  329   57  -42.02378  -46.61268  10.9%  19.8 5392s
 10340574 9369964  -44.48419  304   52  -42.02378  -46.61268  10.9%  19.8 5396s
 10350630 9377668  -46.39198  136  108  -42.02378  -46.61267  10.9%  19.8 5401s
 10359133 9386910  -45.76895  213   77  -42.02378  -46.61267  10.9%  19.8 5406s
 10368310 9396145  -45.10687  264   58  -42.02378  -46.61267  10.9%  19.8 5410s
 10378685 9405963  -46.50362   97  123  -42.02378  -46.61267  10.9%  19.8 5416s
 10389330 9415167  -45.66528  236   81  -42.02378  -46.61267  10.9%  19.8 5420s
 10405273 9429805  -43.51398  367   42  -42.02378  -46.61266  10.9%  19.8 5426s
 10415160 9439818  -44.87597  264   58  -42.02378  -46.61266  10.9%  19.8 5430s
 10426642 9445246  -46.37759  130  115  -42.02378  -46.61266  10.9%  19.8 5441s
 10432619 9456662  -46.06046  183   95  -42.02378  -46.61266  10.9%  19.8 5446s
 10443978 9466865  -45.26891  268   60  -42.02378  -46.61266  10.9%  19.8 5451s
H10447533 9453478                     -42.0524636  -46.61266  10.8%  19.8 5451s
 10455202 9462673  -45.67276  217   77  -42.05246  -46.61265  10.8%  19.8 5457s
 10463627 9470886  -46.55049   75  144  -42.05246  -46.61265  10.8%  19.8 5460s
 10477838 9485100  -45.77861  209   81  -42.05246  -46.61265  10.8%  19.8 5466s
 10487649 9496682  -43.12206  405   36  -42.05246  -46.61265  10.8%  19.8 5472s
 10500213 9505462  -43.45969  363   49  -42.05246  -46.61265  10.8%  19.8 5476s
 10510005 9514189  -44.97076  262   59  -42.05246  -46.61265  10.8%  19.8 5480s
 10524905 9528004  -44.14374  326   56  -42.05246  -46.61264  10.8%  19.8 5486s
 10539714 9537476  -44.30055  357   65  -42.05246  -46.61264  10.8%  19.8 5496s
 10543493 9546000     cutoff  484       -42.05246  -46.61264  10.8%  19.8 5501s
 10552164 9554342  -44.50619  301   59  -42.05246  -46.61264  10.8%  19.8 5505s
 10567911 9569028  -43.21343  396   41  -42.05246  -46.61264  10.8%  19.8 5511s
 10579852 9578641  -43.95162  379   50  -42.05246  -46.61263  10.8%  19.8 5516s
 10588282 9586669  -45.36487  230   74  -42.05246  -46.61263  10.8%  19.8 5520s
 10601223 9599987  -44.55350  285   61  -42.05246  -46.61263  10.8%  19.8 5526s
 10612008 9609382  -45.77056  212   72  -42.05246  -46.61263  10.8%  19.8 5532s
 10620870 9619035  -46.49925  102  120  -42.05246  -46.61263  10.8%  19.8 5536s
 10630388 9627680  -43.09462  407   34  -42.05246  -46.61263  10.8%  19.8 5540s
H10633989 9557332                     -42.1776242  -46.61263  10.5%  19.8 5540s
 10640577 9561835  -44.30243  313   61  -42.17762  -46.61263  10.5%  19.8 5551s
 10645221 9569742  -46.59810   42  173  -42.17762  -46.61263  10.5%  19.8 5556s
 10655357 9578818  -46.20304  164   98  -42.17762  -46.61263  10.5%  19.8 5561s
 10664864 9589903  -45.78920  227   82  -42.17762  -46.61263  10.5%  19.8 5566s
 10675263 9598606  -44.85652  307   55  -42.17762  -46.61263  10.5%  19.8 5570s
 10688332 9611630  -46.56385   67  150  -42.17762  -46.61262  10.5%  19.8 5575s
 10699701 9621784  -42.67278  395   50  -42.17762  -46.61262  10.5%  19.8 5581s
 10710380 9630225  -46.24581  160  103  -42.17762  -46.61261  10.5%  19.8 5586s
 10723327 9641762  -46.44307  118  110  -42.17762  -46.61261  10.5%  19.8 5593s
 10726344 9651142  -45.66865  208   78  -42.17762  -46.61261  10.5%  19.8 5596s
 10741192 9660685  -45.16939  256   67  -42.17762  -46.61261  10.5%  19.8 5600s
 10746652 9660710  -42.44753  420   32  -42.17762  -46.61261  10.5%  19.8 5609s
 10746691 9665462  -42.42905  421   34  -42.17762  -46.61261  10.5%  19.8 5611s
 10763346 9680031  -46.51461   96  127  -42.17762  -46.61260  10.5%  19.8 5616s
 10776544 9691850  -46.57665   59  160  -42.17762  -46.61259  10.5%  19.8 5621s
H10782874 9663523                     -42.2305001  -46.61259  10.4%  19.8 5624s
 10784533 9668370  -44.05901  320   46  -42.23050  -46.61259  10.4%  19.8 5627s
 10789910 9673925  -46.44562  110  117  -42.23050  -46.61259  10.4%  19.8 5630s
 10804859 9686947  -46.18981  170  111  -42.23050  -46.61259  10.4%  19.8 5636s
 10819889 9701601  -45.32001  239   69  -42.23050  -46.61259  10.4%  19.8 5642s
 10825535 9706599  -42.86391  386   45  -42.23050  -46.61259  10.4%  19.8 5645s
 10839342 9718556  -46.60842   34  180  -42.23050  -46.61258  10.4%  19.8 5651s
 10848525 9727910  -44.32462  316   60  -42.23050  -46.61258  10.4%  19.8 5655s
 10859625 9736847  -45.04197  270   62  -42.23050  -46.61258  10.4%  19.8 5660s
 10862987 9736879  -43.45886  374   47  -42.23050  -46.61258  10.4%  19.8 5669s
 10863019 9741220  -43.44160  375   48  -42.23050  -46.61258  10.4%  19.8 5670s
 10877728 9754980  -46.60200   42  172  -42.23050  -46.61258  10.4%  19.8 5676s
 10887463 9765578  -43.60163  359   47  -42.23050  -46.61257  10.4%  19.8 5680s
 10901386 9777642  -43.17220  383   46  -42.23050  -46.61257  10.4%  19.8 5686s
 10910936 9785724  -45.13940  262   67  -42.23050  -46.61257  10.4%  19.8 5691s
 10921275 9795779  -45.84095  203   71  -42.23050  -46.61257  10.4%  19.8 5695s
 10936899 9810870  -44.61733  298   62  -42.23050  -46.61257  10.4%  19.8 5701s
 10947518 9819596  -46.41904  131  109  -42.23050  -46.61257  10.4%  19.8 5705s
 10961829 9831847  -45.25181  259   63  -42.23050  -46.61257  10.4%  19.8 5711s
 10970023 9841765  -46.27487  148   92  -42.23050  -46.61256  10.4%  19.8 5715s
 10975257 9841797  -44.63836  286   60  -42.23050  -46.61256  10.4%  19.8 5724s
 10975289 9846748  -44.63262  287   60  -42.23050  -46.61256  10.4%  19.8 5727s
 10980524 9851961  -42.24256  417   38  -42.23050  -46.61256  10.4%  19.8 5731s
 10990155 9860782  -43.15329  383   58  -42.23050  -46.61256  10.4%  19.8 5736s
 11003906 9874396  -46.31332  147   93  -42.23050  -46.61256  10.4%  19.8 5741s
 11014266 9883749  -46.57737   57  157  -42.23050  -46.61255  10.4%  19.8 5746s
 11028104 9897391  -46.08746  173   90  -42.23050  -46.61255  10.4%  19.8 5751s
 11044992 9912747  -45.42021  230   78  -42.23050  -46.61255  10.4%  19.8 5756s
 11055815 9922869  -46.25129  154   95  -42.23050  -46.61255  10.4%  19.8 5760s
 11070606 9936072  -46.37415  132  110  -42.23050  -46.61254  10.4%  19.8 5766s
 11081535 9944862  -45.83566  221   72  -42.23050  -46.61254  10.4%  19.8 5770s
 11090990 9950216  -45.09148  295   50  -42.23050  -46.61254  10.4%  19.8 5780s
 11095140 9960152  -46.60549   36  177  -42.23050  -46.61254  10.4%  19.8 5786s
 11106528 9970268  -46.46927  102  132  -42.23050  -46.61254  10.4%  19.8 5792s
 11117084 9977694  -46.26749  148  104  -42.23050  -46.61254  10.4%  19.8 5796s
 11125295 9986539  -45.78703  200   91  -42.23050  -46.61254  10.4%  19.8 5802s
 11129632 9990982  -45.66155  210   93  -42.23050  -46.61254  10.4%  19.8 5805s
 11143777 10004927  -46.10899  179   79  -42.23050  -46.61253  10.4%  19.8 5811s
 11153769 10014350  -46.41025  127  106  -42.23050  -46.61253  10.4%  19.8 5815s
 11164471 10022986  -46.54412   79  142  -42.23050  -46.61253  10.4%  19.8 5820s
 11174580 10032886  -42.69954  391   39  -42.23050  -46.61253  10.4%  19.8 5825s
 11183936 10041655  -46.27026  157  105  -42.23050  -46.61252  10.4%  19.8 5830s
 11192536 10049547  -45.01481  268   69  -42.23050  -46.61252  10.4%  19.8 5835s
 11196768 10049576  -46.60100   40  173  -42.23050  -46.61252  10.4%  19.8 5843s
 11196803 10053730  -46.59995   41  172  -42.23050  -46.61252  10.4%  19.8 5845s
 11212479 10067582  -46.30681  145   99  -42.23050  -46.61252  10.4%  19.8 5851s
 11221416 10076684  -42.84765  390   44  -42.23050  -46.61251  10.4%  19.8 5855s
 11231143 10086262  -46.34542  129  119  -42.23050  -46.61251  10.4%  19.8 5861s
 11240783 10095941  -45.86954  203   95  -42.23050  -46.61251  10.4%  19.8 5866s
 11250894 10104891  -45.16992  262   79  -42.23050  -46.61251  10.4%  19.8 5870s
 11260740 10114825  -46.46235  110  117  -42.23050  -46.61251  10.4%  19.8 5875s
 11270182 10123684  -45.98116  196   86  -42.23050  -46.61251  10.4%  19.8 5880s
 11279204 10131849  -45.44133  252   66  -42.23050  -46.61251  10.4%  19.8 5885s
 11293417 10145649  -45.64646  208   70  -42.23050  -46.61251  10.4%  19.8 5892s
 11303509 10150377  -46.21970  155  108  -42.23050  -46.61251  10.4%  19.8 5902s
 11307536 10158704  -45.56789  238   92  -42.23050  -46.61251  10.4%  19.8 5906s
 11318757 10169728  -45.83977  211   91  -42.23050  -46.61250  10.4%  19.8 5910s
 11329922 10179747  -45.71966  205   84  -42.23050  -46.61250  10.4%  19.8 5915s
 11340732 10188979  -46.53369   82  139  -42.23050  -46.61250  10.4%  19.8 5921s
 11349257 10197047  -46.07169  184   94  -42.23050  -46.61250  10.4%  19.8 5925s
 11362846 10210541  -44.95013  295   57  -42.23050  -46.61250  10.4%  19.8 5931s
 11371234 10219203  -45.29238  277   83  -42.23050  -46.61250  10.4%  19.8 5935s
 11387371 10234528  -44.44530  302   60  -42.23050  -46.61249  10.4%  19.8 5941s
 11396021 10242095  -46.16463  159   87  -42.23050  -46.61249  10.4%  19.8 5946s
 11406610 10246515  -46.61236   28  185  -42.23050  -46.61249  10.4%  19.8 5956s
 11410725 10255208  -45.75659  203   75  -42.23050  -46.61249  10.4%  19.8 5961s
 11420872 10264675  -46.54972   79  140  -42.23050  -46.61249  10.4%  19.8 5966s
 11431119 10274055  -46.11337  190   84  -42.23050  -46.61249  10.4%  19.8 5970s
 11445021 10287501  -45.11427  294   56  -42.23050  -46.61249  10.4%  19.8 5977s
 11450186 10292647 infeasible  315       -42.23050  -46.61249  10.4%  19.8 5980s
 11463587 10306088  -46.41491  121  105  -42.23050  -46.61248  10.4%  19.8 5985s
 11479975 10320579  -45.21499  255   62  -42.23050  -46.61248  10.4%  19.8 5991s
 11490121 10329692  -46.40886  126  121  -42.23050  -46.61248  10.4%  19.8 5996s
 11504385 10342744  -45.64154  234   78  -42.23050  -46.61248  10.4%  19.8 6001s
 11514889 10347988  -44.68683  278   71  -42.23050  -46.61248  10.4%  19.8 6012s
 11514923 10350319  -44.72180  279   68  -42.23050  -46.61248  10.4%  19.8 6015s
 11523653 10360978  -46.50984   84  137  -42.23050  -46.61247  10.4%  19.8 6021s
 11533254 10369897  -46.09751  173  102  -42.23050  -46.61247  10.4%  19.8 6025s
 11543097 10379146  -45.45256  230   95  -42.23050  -46.61247  10.4%  19.8 6031s
 11554129 10389776  -44.57505  293   72  -42.23050  -46.61247  10.4%  19.8 6036s
 11563780 10398055  -46.07115  170   86  -42.23050  -46.61246  10.4%  19.8 6040s
 11577457 10412201  -45.86756  203   76  -42.23050  -46.61246  10.4%  19.8 6046s
 11582986 10417528  -43.61682  351   56  -42.23050  -46.61246  10.4%  19.8 6050s
 11593161 10425390  -46.29504  149  108  -42.23050  -46.61246  10.4%  19.8 6055s
 11605312 10438720  -45.54204  243   77  -42.23050  -46.61246  10.4%  19.8 6061s
 11614822 10442451  -44.73715  299   57  -42.23050  -46.61246  10.4%  19.8 6072s
 11620024 10450918  -44.18091  318   54  -42.23050  -46.61246  10.4%  19.8 6076s
 11630865 10461222  -45.20638  284   77  -42.23050  -46.61245  10.4%  19.8 6080s
 11645942 10474729  -46.17380  173   90  -42.23050  -46.61245  10.4%  19.8 6086s
 11654416 10483660  -45.70968  236   71  -42.23050  -46.61245  10.4%  19.8 6091s
 11663156 10492468  -45.00935  295   53  -42.23050  -46.61245  10.4%  19.8 6096s
 11673028 10502132  -46.14153  164   90  -42.23050  -46.61245  10.4%  19.8 6101s
 11683304 10511383  -46.59895   44  169  -42.23050  -46.61245  10.4%  19.8 6107s
 11693349 10520513  -46.04073  192   77  -42.23050  -46.61245  10.4%  19.8 6110s
 11703102 10530555  -45.31343  253   63  -42.23050  -46.61245  10.4%  19.8 6115s
 11720188 10545087  -44.52325  325   67  -42.23050  -46.61245  10.4%  19.8 6121s
 11728590 10548685  -45.62044  213   72  -42.23050  -46.61244  10.4%  19.8 6131s
 11728622 10578279  -45.59908  214   70  -42.23050  -46.61244  10.4%  19.8 6139s
 11760654 10584250  -43.79585  347   53  -42.23050  -46.61243  10.4%  19.8 6142s
 11770419 10592602  -45.14803  258   64  -42.23050  -46.61243  10.4%  19.8 6145s
 11780602 10601076  -45.79863  199   77  -42.23050  -46.61243  10.4%  19.8 6150s
 11789833 10610836  -46.59416   46  167  -42.23050  -46.61243  10.4%  19.8 6155s
 11800141 10619606  -46.60372   39  175  -42.23050  -46.61243  10.4%  19.8 6161s
 11809480 10628423  -46.28940  141  114  -42.23050  -46.61243  10.4%  19.8 6167s
 11818196 10637154  -45.90237  193   97  -42.23050  -46.61243  10.4%  19.8 6173s
 11822779 10642045  -45.44554  229   88  -42.23050  -46.61243  10.4%  19.8 6175s
 11832536 10646482     cutoff  296       -42.23050  -46.61243  10.4%  19.8 6186s
 11838194 10656188  -45.79999  197   81  -42.23050  -46.61243  10.4%  19.8 6190s
 11853138 10670582  -45.27713  248   64  -42.23050  -46.61242  10.4%  19.8 6196s
 11869367 10684362  -44.89529  260   69  -42.23050  -46.61242  10.4%  19.8 6201s
 11878598 10693367  -46.17811  165   90  -42.23050  -46.61242  10.4%  19.8 6205s
 11887405 10705115  -43.45593  387   36  -42.23050  -46.61242  10.4%  19.8 6210s
 11900572 10714604  -43.25257  378   43  -42.23050  -46.61241  10.4%  19.8 6215s
 11915948 10728689  -46.43884  124  107  -42.23050  -46.61241  10.4%  19.8 6222s
 11925840 10738722  -46.57694   53  161  -42.23050  -46.61241  10.4%  19.8 6226s
 11936107 10747643  -46.52005   85  135  -42.23050  -46.61241  10.4%  19.8 6230s
 11945995 10757308  -46.04681  190   85  -42.23050  -46.61241  10.4%  19.8 6236s
 11951696 10757339  -45.74120  221   77  -42.23050  -46.61241  10.4%  19.8 6245s
 11955485 10765645  -45.44892  246   63  -42.23050  -46.61241  10.4%  19.8 6250s
 11965828 10775338  -44.28680  288   54  -42.23050  -46.61240  10.4%  19.8 6255s
 11975526 10785392  -44.28133  321   48  -42.23050  -46.61240  10.4%  19.8 6260s
 11989575 10797559  -44.01766  347   52  -42.23050  -46.61240  10.4%  19.8 6267s
 11999271 10805914  -44.82546  284   62  -42.23050  -46.61240  10.4%  19.8 6270s
 12008497 10814163  -45.47014  229   71  -42.23050  -46.61240  10.4%  19.8 6275s
 12026063 10830289  -44.09275  330   54  -42.23050  -46.61239  10.4%  19.8 6281s
 12035404 10840167  -45.49863  235   76  -42.23050  -46.61239  10.4%  19.8 6285s
 12045600 10850151  -46.58286   50  165  -42.23050  -46.61239  10.4%  19.8 6292s
 12051885 10855022  -46.48917   87  140  -42.23050  -46.61239  10.4%  19.8 6295s
 12061837 10863900  -46.30809  138  114  -42.23050  -46.61239  10.4%  19.8 6300s
 12066186 10863932  -46.18255  162  109  -42.23050  -46.61239  10.4%  19.8 6308s
 12066218 10867797  -46.16794  162  113  -42.23050  -46.61239  10.4%  19.8 6310s
 12075169 10877424  -45.82986  204  100  -42.23050  -46.61239  10.4%  19.8 6316s
 12084798 10885868  -44.85341  270   73  -42.23050  -46.61239  10.4%  19.8 6320s
 12098705 10899199  -46.49561   97  135  -42.23050  -46.61238  10.4%  19.8 6327s
 12103620 10904156  -46.31267  146  112  -42.23050  -46.61238  10.4%  19.8 6330s
 12118285 10917202  -45.64358  238   90  -42.23050  -46.61238  10.4%  19.8 6336s
 12127998 10927328  -46.53699   82  136  -42.23050  -46.61238  10.4%  19.8 6340s
 12145463 10943235  -45.61784  218   83  -42.23050  -46.61237  10.4%  19.8 6346s
 12160969 10956412  -45.03715  281   65  -42.23050  -46.61237  10.4%  19.8 6351s
 12164756 10960121  -43.14132  378   49  -42.23050  -46.61237  10.4%  19.8 6360s
 12168897 10981680  -46.51502   85  137  -42.23050  -46.61237  10.4%  19.8 6368s
 12192302 10984594     cutoff  387       -42.23050  -46.61237  10.4%  19.8 6372s
 12195385 10989681  -46.31469  147   97  -42.23050  -46.61237  10.4%  19.8 6376s
 12205314 10998580     cutoff  442       -42.23050  -46.61237  10.4%  19.8 6380s
 12219826 11012991  -46.17953  169   86  -42.23050  -46.61236  10.4%  19.8 6386s
 12231376 11022255  -46.31369  137  110  -42.23050  -46.61236  10.4%  19.8 6390s
 12241996 11034097  -42.86934  386   75  -42.23050  -46.61236  10.4%  19.8 6396s
 12258299 11049310  -42.27003  420   39  -42.23050  -46.61236  10.4%  19.8 6402s
 12268885 11058628  -44.02982  351   60  -42.23050  -46.61236  10.4%  19.8 6405s
 12274904 11058660  -46.44065  120  107  -42.23050  -46.61235  10.4%  19.8 6414s
 12274936 11062353  -46.43330  121  106  -42.23050  -46.61235  10.4%  19.8 6415s
 12288984 11077950  -46.39699  126  113  -42.23050  -46.61235  10.4%  19.8 6421s
 12300982 11085993  -46.27114  160   92  -42.23050  -46.61235  10.4%  19.8 6426s
 12308023 11093643  -42.99031  375   45  -42.23050  -46.61235  10.4%  19.8 6430s
 12322260 11108193  -46.60780   35  179  -42.23050  -46.61235  10.4%  19.8 6436s
 12337892 11121588  -46.34644  136  103  -42.23050  -46.61235  10.4%  19.8 6441s
 12345326 11129810  -43.74230  342   52  -42.23050  -46.61235  10.4%  19.8 6445s
 12363130 11144422  -42.23178  485   30  -42.23050  -46.61234  10.4%  19.8 6451s
 12376390 11157407  -42.77623  401   39  -42.23050  -46.61234  10.4%  19.8 6456s
 12387549 11167436  -43.84781  331   58  -42.23050  -46.61234  10.4%  19.8 6460s
 12392074 11167466  -46.52662   84  137  -42.23050  -46.61234  10.4%  19.8 6469s
 12392108 11171174  -46.52462   85  136  -42.23050  -46.61234  10.4%  19.8 6471s
 12400478 11179483  -46.15719  175   91  -42.23050  -46.61234  10.4%  19.8 6475s
 12413055 11192629  -45.42604  255   61  -42.23050  -46.61234  10.4%  19.8 6481s
 12423571 11201231  -46.56261   64  155  -42.23050  -46.61233  10.4%  19.8 6485s
 12438641 11215277  -46.07218  175   93  -42.23050  -46.61233  10.4%  19.8 6491s
 12449725 11225561  -46.46580  103  126  -42.23050  -46.61233  10.4%  19.8 6495s
 12464125 11238704  -46.51270   92  133  -42.23050  -46.61232  10.4%  19.8 6501s
 12472415 11246354  -43.24701  356   46  -42.23050  -46.61232  10.4%  19.8 6505s
 12483100 11257430  -46.17498  175   95  -42.23050  -46.61232  10.4%  19.8 6510s
 12497999 11271823  -45.24473  265   59  -42.23050  -46.61232  10.4%  19.8 6516s
 12503886 11271855  -44.75029  302   53  -42.23050  -46.61232  10.4%  19.8 6525s
 12503918 11301841  -44.61038  304   50  -42.23050  -46.61232  10.4%  19.8 6534s
 12535950 11307811  -46.49972   92  130  -42.23050  -46.61231  10.4%  19.8 6537s
 12546223 11315427  -46.03431  196   92  -42.23050  -46.61231  10.4%  19.8 6540s
 12554737 11323906  -45.57015  244   69  -42.23050  -46.61231  10.4%  19.8 6545s
 12563607 11332305  -44.58213  289   61  -42.23050  -46.61231  10.4%  19.8 6551s
 12573189 11341863  -44.96932  269   65  -42.23050  -46.61231  10.4%  19.8 6555s
 12588573 11356170  -43.54596  361   50  -42.23050  -46.61230  10.4%  19.8 6561s
 12599070 11366469  -44.81028  281   64  -42.23050  -46.61230  10.4%  19.8 6566s
 12613771 11374780  -44.54953  324   73  -42.23050  -46.61230  10.4%  19.8 6576s
 12618568 11383929  -46.22559  161  112  -42.23050  -46.61230  10.4%  19.8 6580s
 12634493 11397964  -45.00215  278   61  -42.23050  -46.61230  10.4%  19.8 6586s
 12648583 11410891  -44.81040  293   57  -42.23050  -46.61230  10.4%  19.8 6591s
 12656217 11418771  -46.42885  124  110  -42.23050  -46.61229  10.4%  19.8 6595s
 12672319 11433514  -46.08535  176   88  -42.23050  -46.61229  10.4%  19.8 6601s
 12682175 11443211  -42.89345  398   39  -42.23050  -46.61229  10.4%  19.8 6605s
 12698007 11457259  -46.44786  105  128  -42.23050  -46.61229  10.4%  19.8 6611s
 12707901 11467437  -46.60174   29  184  -42.23050  -46.61228  10.4%  19.8 6615s
 12714129 11467469  -45.84255  215   94  -42.23050  -46.61228  10.4%  19.8 6623s
 12714161 11471106  -45.83057  216   95  -42.23050  -46.61228  10.4%  19.8 6625s
 12727184 11484733  -46.45321  110  121  -42.23050  -46.61228  10.4%  19.8 6633s
 12732801 11488291  -46.23047  159  106  -42.23050  -46.61228  10.4%  19.8 6635s
 12745534 11501735  -45.42592  247   85  -42.23050  -46.61228  10.4%  19.8 6641s
 12756420 11512427  -44.48660  309   66  -42.23050  -46.61228  10.4%  19.8 6646s
 12772715 11525429  -46.32518  146  106  -42.23050  -46.61227  10.4%  19.8 6651s
 12780936 11533826  -45.87994  210   87  -42.23050  -46.61227  10.4%  19.8 6655s
 12790665 11542988  -45.08798  275   65  -42.23050  -46.61227  10.4%  19.8 6661s
 12800239 11552776  -46.57272   61  157  -42.23050  -46.61227  10.4%  19.8 6665s
 12813786 11560682  -46.37464  134  122  -42.23050  -46.61227  10.4%  19.8 6677s
 12813820 11565455  -46.36907  135  117  -42.23050  -46.61227  10.4%  19.8 6680s
 12822436 11575792  -42.32075  399   49  -42.23050  -46.61227  10.4%  19.8 6686s
 12834886 11585250  -46.41184  126  107  -42.23050  -46.61227  10.4%  19.8 6690s
 12849867 11599824  -45.16553  249   67  -42.23050  -46.61227  10.4%  19.8 6696s
 12858227 11607124  -46.17251  152   99  -42.23050  -46.61226  10.4%  19.8 6700s
 12869466 11617417  -46.51724   97  131  -42.23050  -46.61226  10.4%  19.8 6705s
 12884618 11632450  -45.68856  226   68  -42.23050  -46.61226  10.4%  19.8 6711s
 12894920 11641347  -44.72447  275   59  -42.23050  -46.61226  10.4%  19.8 6716s
 12904973 11649870  -46.28159  161  107  -42.23050  -46.61226  10.4%  19.8 6721s
 12913504 11660096  -44.93328  283   62  -42.23050  -46.61226  10.4%  19.8 6726s
 12925306 11664971  -44.82827  285   62  -42.23050  -46.61225  10.4%  19.8 6736s
 12929270 11674124  -42.76289  392   42  -42.23050  -46.61225  10.4%  19.8 6740s
 12939199 11683835  -44.20105  320   53  -42.23050  -46.61225  10.4%  19.8 6745s
 12953540 11695473  -43.77173  356   49  -42.23050  -46.61225  10.4%  19.8 6750s
 12962698 11704075  -45.48792  224   71  -42.23050  -46.61225  10.4%  19.8 6755s
 12977922 11719838  -45.16614  242   70  -42.23050  -46.61224  10.4%  19.8 6762s
 12988473 11728526  -46.51207   96  125  -42.23050  -46.61224  10.4%  19.8 6766s
 12998178 11736941  -46.06465  182   89  -42.23050  -46.61224  10.4%  19.8 6772s
 13006866 11745119  -45.39290  248   64  -42.23050  -46.61224  10.4%  19.8 6776s
 13016535 11756195  -45.85629  196   77  -42.23050  -46.61224  10.4%  19.8 6781s
 13028907 11767130  -45.92983  190   80  -42.23050  -46.61224  10.4%  19.8 6785s
 13034591 11767161  -44.11758  325   52  -42.23050  -46.61224  10.4%  19.8 6794s
 13034624 11797139  -44.10878  326   52  -42.23050  -46.61224  10.4%  19.8 6805s
 13076194 11811407  -45.17118  283   57  -42.23050  -46.61223  10.4%  19.8 6811s
 13087087 11821766     cutoff  332       -42.23050  -46.61223  10.4%  19.8 6815s
 13098754 11832738  -43.95248  345   52  -42.23050  -46.61223  10.4%  19.8 6820s
 13113970 11845616  -44.06181  320   83  -42.23050  -46.61223  10.4%  19.8 6825s
 13128310 11860495  -45.25278  240   70  -42.23050  -46.61223  10.4%  19.8 6831s
 13139583 11869268  -46.18354  165  108  -42.23050  -46.61222  10.4%  19.8 6835s
 13144115 11869300  -44.87383  298   71  -42.23050  -46.61222  10.4%  19.8 6841s
 13149880 11878548  -46.59191   43  171  -42.23050  -46.61222  10.4%  19.8 6845s
 13166024 11892697  -46.33210  137  102  -42.23050  -46.61222  10.4%  19.8 6850s
 13178110 11904095  -46.49786   95  130  -42.23050  -46.61221  10.4%  19.8 6857s
 13181833 11907325  -45.66665  219   94  -42.23050  -46.61221  10.4%  19.8 6860s
 13193648 11918997  -46.52954   85  132  -42.23050  -46.61221  10.4%  19.8 6866s
 13203264 11929333  -43.36934  354   53  -42.23050  -46.61221  10.4%  19.8 6873s
 13209078 11933714  -46.36296  139  105  -42.23050  -46.61221  10.4%  19.8 6876s
 13213498 11933746  -44.95622  271   68  -42.23050  -46.61221  10.4%  19.8 6884s
 13213530 11937878  -44.91053  272   68  -42.23050  -46.61221  10.4%  19.8 6887s
 13217744 11942889     cutoff  401       -42.23050  -46.61221  10.4%  19.8 6890s
 13226988 11951788  -43.78968  335   51  -42.23050  -46.61221  10.4%  19.8 6895s
 13235044 11959032  -46.43054  124  118  -42.23050  -46.61221  10.4%  19.8 6900s
 13249827 11973869  -45.33728  254   64  -42.23050  -46.61221  10.4%  19.8 6906s
 13260556 11982788  -46.42001  123  111  -42.23050  -46.61221  10.4%  19.8 6910s
 13275661 11996639  -45.95987  192   83  -42.23050  -46.61221  10.4%  19.8 6915s
 13287129 12006359  -46.39783  132  110  -42.23050  -46.61220  10.4%  19.8 6920s
 13299573 12018673  -45.94292  182   85  -42.23050  -46.61220  10.4%  19.8 6926s
 13308695 12027911  -46.50458   94  129  -42.23050  -46.61220  10.4%  19.8 6930s
 13317783 12039726  -43.56447  357   56  -42.23050  -46.61220  10.4%  19.8 6937s
 13326410 12039758  -45.57255  231   70  -42.23050  -46.61220  10.4%  19.8 6945s
 13336704 12053639  -46.32503  148   93  -42.23050  -46.61220  10.4%  19.8 6950s
 13352338 12067056  -45.70571  219   68  -42.23050  -46.61219  10.4%  19.8 6955s
 13366244 12080999  -45.34016  243   67  -42.23050  -46.61219  10.4%  19.8 6960s
 13381833 12096785  -44.30500  305   55  -42.23050  -46.61219  10.4%  19.8 6967s
 13387948 12100952  -46.57146   57  159  -42.23050  -46.61219  10.4%  19.8 6970s
 13399711 12113410  -45.57667  229   86  -42.23050  -46.61219  10.4%  19.8 6976s
 13411204 12125453  -45.46453  255   82  -42.23050  -46.61219  10.4%  19.8 6983s
 13421816 12131907  -45.59625  215   76  -42.23050  -46.61218  10.4%  19.8 6986s
 13430381 12140882  -46.53862   74  146  -42.23050  -46.61218  10.4%  19.8 6990s
 13439150 12145197  -43.86130  335   54  -42.23050  -46.61218  10.4%  19.8 7000s
 13442848 12153400  -46.59343   41  173  -42.23050  -46.61218  10.4%  19.8 7006s
 13452680 12161709  -46.02559  188   89  -42.23050  -46.61218  10.4%  19.8 7011s
 13463124 12171692  -46.48204  107  120  -42.23050  -46.61218  10.4%  19.8 7015s
 13472917 12181660  -42.24229  400   39  -42.23050  -46.61218  10.4%  19.8 7020s
 13487504 12194438  -45.90302  210   78  -42.23050  -46.61217  10.4%  19.8 7026s
 13497113 12203941  -44.66054  274   66  -42.23050  -46.61217  10.4%  19.8 7032s
 13501824 12207617  -46.50762   87  139  -42.23050  -46.61217  10.4%  19.8 7035s
 13513658 12220746  -45.86528  205   95  -42.23050  -46.61217  10.4%  19.8 7041s
 13524498 12229116  -45.09673  264   74  -42.23050  -46.61217  10.4%  19.8 7045s
 13534807 12240287  -42.60429  338   64  -42.23050  -46.61217  10.4%  19.8 7051s
 13540731 12244100  -46.09197  188   82  -42.23050  -46.61217  10.4%  19.8 7062s
 13544668 12252618  -44.64213  300   56  -42.23050  -46.61217  10.4%  19.8 7065s
 13561126 12264443  -46.58264   52  162  -42.23050  -46.61216  10.4%  19.8 7071s
 13566625 12270060  -45.45492  240   72  -42.23050  -46.61216  10.4%  19.8 7075s
 13576343 12278273  -46.51059   86  136  -42.23050  -46.61216  10.4%  19.8 7080s
 13589533 12291596  -45.86655  203   98  -42.23050  -46.61216  10.4%  19.8 7087s
 13599405 12301459  -44.94689  260   82  -42.23050  -46.61216  10.4%  19.8 7092s
 13610205 12309751  -46.43285  112  123  -42.23050  -46.61216  10.4%  19.8 7097s
 13618170 12317198  -43.73293  388   59  -42.23050  -46.61216  10.4%  19.8 7101s
 13626733 12325436  -46.31307  156   99  -42.23050  -46.61216  10.4%  19.8 7105s
 13636441 12334747  -45.62127  225   73  -42.23050  -46.61216  10.4%  19.8 7110s
 13650835 12344172  -46.37040  147  109  -42.23050  -46.61216  10.4%  19.8 7122s
 13650870 12347567  -46.36694  148  110  -42.23050  -46.61216  10.4%  19.8 7125s
H13654732 12345708                     -42.2358626  -46.61216  10.4%  19.8 7128s
 13656209 12349842  -46.10262  193   89  -42.23586  -46.61216  10.4%  19.8 7132s
 13666163 12359876  -45.51101  250   61  -42.23586  -46.61216  10.4%  19.8 7136s
 13676093 12368490  -46.56754   63  153  -42.23586  -46.61215  10.4%  19.8 7141s
 13685280 12377760  -43.01388  380   45  -42.23586  -46.61215  10.4%  19.8 7145s
 13700980 12391691  -46.43066  125  106  -42.23586  -46.61215  10.4%  19.8 7150s
 13715006 12405909  -46.47974  109  116  -42.23586  -46.61215  10.4%  19.8 7156s
 13726237 12415946  -42.73812  387   45  -42.23586  -46.61215  10.4%  19.8 7161s
 13735922 12424150  -46.28841  160  101  -42.23586  -46.61214  10.4%  19.8 7166s
 13748935 12432848  -45.35166  265   60  -42.23586  -46.61214  10.4%  19.8 7177s
 13752661 12441104 infeasible  290       -42.23586  -46.61214  10.4%  19.8 7182s
 13762748 12449929  -46.18089  175   90  -42.23586  -46.61214  10.4%  19.8 7187s
 13772277 12458738  -45.53693  253   59  -42.23586  -46.61214  10.4%  19.8 7190s
 13781837 12468032  -46.50993   96  132  -42.23586  -46.61214  10.4%  19.8 7195s
 13797505 12482823  -45.72622  236   74  -42.23586  -46.61214  10.4%  19.8 7201s
 13812721 12496480  -46.42935  123  116  -42.23586  -46.61214  10.4%  19.8 7207s
 13823968 12506680  -46.58276   52  165  -42.23586  -46.61213  10.4%  19.8 7211s
 13834824 12516550  -44.15526  368   56  -42.23586  -46.61213  10.4%  19.8 7215s
 13843510 12527179  -45.69926  232   92  -42.23586  -46.61213  10.4%  19.8 7220s
 13857347 12538026  -45.49807  233   65  -42.23586  -46.61213  10.4%  19.8 7226s
 13862680 12538057  -42.70723  376   44  -42.23586  -46.61213  10.4%  19.8 7234s
 13862713 12541832  -42.66671  377   43  -42.23586  -46.61213  10.4%  19.8 7236s
 13874636 12552398  -43.52278  375   45  -42.23586  -46.61212  10.4%  19.8 7243s
 13878218 12559275  -46.54052   79  143  -42.23586  -46.61212  10.4%  19.8 7247s
 13890265 12569262  -44.98141  268   60  -42.23586  -46.61212  10.4%  19.8 7252s
 13900592 12579159  -44.38142  323   50  -42.23586  -46.61212  10.4%  19.8 7256s
 13912832 12589971  -45.17822  288   81  -42.23586  -46.61212  10.4%  19.8 7262s
 13922282 12597743  -45.93634  192   82  -42.23586  -46.61212  10.4%  19.8 7265s
 13931280 12606198  -46.60000   35  178  -42.23586  -46.61211  10.4%  19.8 7270s
 13940597 12616981  -44.40424  355   63  -42.23586  -46.61211  10.4%  19.8 7275s
 13950530 12624318  -46.35315  139  110  -42.23586  -46.61211  10.4%  19.8 7280s
 13962771 12636924  -45.47694  248   67  -42.23586  -46.61211  10.4%  19.8 7285s
 13972774 12641575  -46.49511  101  127  -42.23586  -46.61211  10.4%  19.8 7296s
 13972812 12671254  -46.49320  102  124  -42.23586  -46.61211  10.4%  19.8 7305s
 14011179 12681081  -46.58339   57  159  -42.23586  -46.61211  10.4%  19.8 7311s
 14023534 12693390  -46.04464  202   89  -42.23586  -46.61211  10.4%  19.8 7316s
 14037247 12707241  -44.91752  282   58  -42.23586  -46.61211  10.4%  19.8 7322s
 14047759 12716270  -46.45091  112  119  -42.23586  -46.61210  10.4%  19.8 7325s
 14061790 12729361  -45.85897  219   77  -42.23586  -46.61210  10.4%  19.8 7331s
 14072595 12739735     cutoff  295       -42.23586  -46.61210  10.4%  19.8 7335s
 14078561 12739767  -46.19627  158   88  -42.23586  -46.61210  10.4%  19.8 7344s
 14078593 12744145  -46.18812  159   87  -42.23586  -46.61210  10.4%  19.8 7346s
 14087998 12753637  -42.88557  371   52  -42.23586  -46.61210  10.4%  19.8 7351s
 14097192 12761880  -44.76128  280   65  -42.23586  -46.61210  10.4%  19.8 7355s
 14107845 12772022  -45.80772  231   89  -42.23586  -46.61210  10.4%  19.8 7360s
 14118468 12780227  -46.46525  110  124  -42.23586  -46.61209  10.4%  19.8 7365s
 14131724 12794702  -45.73517  230   76  -42.23586  -46.61209  10.4%  19.8 7370s
 14147083 12808382  -45.50739  231   72  -42.23586  -46.61209  10.4%  19.8 7377s
 14157153 12819002  -46.19113  159   97  -42.23586  -46.61209  10.4%  19.8 7382s
 14168206 12827606  -46.49783   95  132  -42.23586  -46.61209  10.4%  19.8 7386s
 14175508 12835524  -43.88330  355   42  -42.23586  -46.61209  10.4%  19.8 7391s
 14185017 12844528  -46.25456  154  106  -42.23586  -46.61209  10.4%  19.8 7395s
 14189937 12844559  -45.91572  192   85  -42.23586  -46.61209  10.4%  19.8 7403s
 14189970 12875117  -45.90220  195   85  -42.23586  -46.61209  10.4%  19.8 7414s
 14222002 12880018  -45.62630  241   71  -42.23586  -46.61208  10.4%  19.8 7416s
 14232266 12889362  -44.53571  300   58  -42.23586  -46.61208  10.4%  19.8 7421s
 14242246 12898031  -44.33223  299   63  -42.23586  -46.61208  10.4%  19.8 7425s
 14257019 12913132  -42.35414  432   35  -42.23586  -46.61208  10.4%  19.8 7431s
 14267730 12922861  -43.14864  378   59  -42.23586  -46.61208  10.4%  19.8 7435s
 14281619 12935301  -43.52364  360   45  -42.23586  -46.61208  10.4%  19.8 7442s
 14286826 12939592  -46.50364   88  141  -42.23586  -46.61208  10.4%  19.8 7445s
 14296580 12944466  -46.14237  167  105  -42.23586  -46.61208  10.4%  19.8 7457s
 14300916 12954051  -45.73439  206   95  -42.23586  -46.61208  10.4%  19.8 7462s
 14311099 12963182  -44.58530  274   73  -42.23586  -46.61207  10.4%  19.8 7466s
 14321744 12971730  -46.39143  133  112  -42.23586  -46.61207  10.4%  19.8 7472s
 14329095 12979290  -45.81435  218   72  -42.23586  -46.61207  10.4%  19.8 7477s
 14338097 12988003  -45.12221  288   58  -42.23586  -46.61207  10.4%  19.8 7481s
 14349141 12997210  -46.31722  139   99  -42.23586  -46.61207  10.4%  19.8 7485s
 14357981 13006569  -43.32768  350   60  -42.23586  -46.61207  10.4%  19.8 7490s
 14367667 13015085  -46.32957  143  106  -42.23586  -46.61207  10.4%  19.8 7495s
 14377565 13024242  -45.72809  222   76  -42.23586  -46.61207  10.4%  19.8 7500s
 14392633 13039334  -46.40576  127  112  -42.23586  -46.61206  10.4%  19.8 7506s
 14403002 13043779     cutoff  414       -42.23586  -46.61206  10.4%  19.8 7516s
 14403036 13073938     cutoff  415       -42.23586  -46.61206  10.4%  19.8 7529s
 14435068 13079056  -46.57188   61  156  -42.23586  -46.61206  10.4%  19.8 7532s
 14441188 13084942  -44.93070  268   63  -42.23586  -46.61206  10.4%  19.8 7535s
 14457868 13100384  -43.29068  360   44  -42.23586  -46.61206  10.4%  19.8 7541s
 14468620 13110741  -44.70823  274   70  -42.23586  -46.61206  10.4%  19.8 7546s
 14479676 13119784  -46.33553  151   99  -42.23586  -46.61205  10.4%  19.8 7551s
 14491939 13131859  -45.58289  238   72  -42.23586  -46.61205  10.4%  19.8 7557s
 14496396 13131891  -45.04480  261   62  -42.23586  -46.61205  10.4%  19.8 7565s
 14501053 13141187  -46.58777   46  168  -42.23586  -46.61205  10.4%  19.8 7570s
 14511228 13149601  -45.95439  191   94  -42.23586  -46.61205  10.4%  19.8 7575s
 14525202 13163283  -45.03664  247   72  -42.23586  -46.61205  10.4%  19.8 7580s
 14541691 13179179  -43.55196  381   58  -42.23586  -46.61205  10.4%  19.8 7586s
 14551635 13187059  -45.11188  260   69  -42.23586  -46.61205  10.4%  19.8 7590s
 14562882 13197894  -46.09402  170   88  -42.23586  -46.61204  10.4%  19.8 7596s
 14573827 13207625  -46.55160   70  146  -42.23586  -46.61204  10.4%  19.8 7600s
 14587627 13220991  -46.52195   93  129  -42.23586  -46.61204  10.4%  19.8 7605s
 14596651 13231058  -43.71173  341   54  -42.23586  -46.61204  10.4%  19.8 7610s
 14607155 13234965  -45.34118  244   61  -42.23586  -46.61204  10.4%  19.8 7621s
 14611356 13242813  -42.99068  372   43  -42.23586  -46.61204  10.4%  19.8 7626s
 14620018 13251803  -46.29044  153  102  -42.23586  -46.61203  10.4%  19.8 7632s
 14627610 13259437  -45.43074  254   66  -42.23586  -46.61203  10.4%  19.8 7637s
 14638204 13268631  -44.95045  280   62  -42.23586  -46.61203  10.4%  19.8 7641s
 14648495 13278330  -45.98995  201  104  -42.23586  -46.61203  10.4%  19.8 7645s
 14664556 13292334  -44.69364  285   68  -42.23586  -46.61203  10.4%  19.8 7651s
 14673536 13301042  -46.48085   94  139  -42.23586  -46.61202  10.4%  19.8 7656s
 14682300 13307166  -46.19689  164  110  -42.23586  -46.61202  10.4%  19.8 7661s
 14689892 13316958  -45.74975  211   88  -42.23586  -46.61202  10.4%  19.8 7666s
 14700012 13326787  -42.65880  293   75  -42.23586  -46.61202  10.4%  19.8 7671s
 14711028 13337055  -43.92885  366   59  -42.23586  -46.61202  10.4%  19.8 7675s
 14716184 13337087  -46.30470  149  109  -42.23586  -46.61202  10.4%  19.8 7683s
 14716216 13341667  -46.29822  150  109  -42.23586  -46.61202  10.4%  19.8 7685s
 14727314 13351286  -42.27585  473   30  -42.23586  -46.61202  10.4%  19.8 7690s
 14740393 13364298     cutoff  406       -42.23586  -46.61202  10.4%  19.8 7695s
 14750804 13375081  -44.72031  329   69  -42.23586  -46.61202  10.4%  19.8 7700s
 14760903 13383361  -46.36086  148  108  -42.23586  -46.61201  10.4%  19.8 7705s
 14769888 13390905  -45.81195  214   77  -42.23586  -46.61201  10.4%  19.8 7710s
 14783968 13405180  -44.39394  282   57  -42.23586  -46.61201  10.4%  19.8 7716s
 14793863 13415048  -45.03014  259   67  -42.23586  -46.61201  10.4%  19.8 7721s
 14804208 13425085  -45.95027  188   81  -42.23586  -46.61201  10.4%  19.8 7726s
 14813902 13434128  -46.56939   60  154  -42.23586  -46.61201  10.4%  19.8 7731s
 14819509 13434158  -45.45548  254   83  -42.23586  -46.61201  10.4%  19.8 7740s
 14822454 13442094  -44.08978  359   52  -42.23586  -46.61201  10.4%  19.8 7745s
 14833882 13452132  -44.15804  348   54  -42.23586  -46.61201  10.4%  19.8 7751s
 14843734 13461407  -45.26465  245   71  -42.23586  -46.61201  10.4%  19.8 7757s
 14848624 13465854  -42.46144  415   38  -42.23586  -46.61201  10.4%  19.8 7760s
 14863226 13480148  -46.04251  181   83  -42.23586  -46.61200  10.4%  19.8 7766s
 14873966 13490764  -46.35210  142  103  -42.23586  -46.61200  10.4%  19.8 7770s
 14890280 13503666  -45.60705  222   77  -42.23586  -46.61200  10.4%  19.8 7776s
 14899343 13512902  -46.57343   61  156  -42.23586  -46.61200  10.4%  19.8 7780s
 14914665 13526297  -46.43048  122  106  -42.23586  -46.61199  10.4%  19.8 7786s
 14923841 13536453  -43.73324  359   51  -42.23586  -46.61199  10.4%  19.8 7790s
 14929075 13536485  -46.28518  143   97  -42.23586  -46.61199  10.4%  19.8 7798s
 14929107 13540808  -46.28057  144   96  -42.23586  -46.61199  10.4%  19.8 7800s
 14944550 13555303  -46.17262  169   91  -42.23586  -46.61199  10.4%  19.8 7806s
 14953585 13563449  -42.52664  397   37  -42.23586  -46.61199  10.4%  19.8 7810s
 14969882 13578191  -45.97827  183   83  -42.23586  -46.61198  10.4%  19.8 7816s
 14978632 13587106  -42.66418  410   43  -42.23586  -46.61198  10.4%  19.8 7820s
 14992972 13600786  -46.58170   49  164  -42.23586  -46.61198  10.4%  19.8 7826s
 15002048 13608184  -44.27279  294   88  -42.23586  -46.61198  10.4%  19.8 7830s
 15016050 13621216  -45.10679  246   96  -42.23586  -46.61198  10.4%  19.8 7836s
 15024085 13623985  -46.59958   42  171  -42.23586  -46.61198  10.4%  19.8 7847s
 15024122 13654221  -46.59832   42  171  -42.23586  -46.61198  10.4%  19.8 7861s
 15056154 13659253  -46.55926   62  154  -42.23586  -46.61197  10.4%  19.8 7865s
 15065851 13668415  -46.12498  168  101  -42.23586  -46.61197  10.4%  19.8 7870s
 15080878 13682988  -43.83068  267   71  -42.23586  -46.61197  10.4%  19.8 7876s
 15092308 13692960  -43.67990  361   42  -42.23586  -46.61197  10.4%  19.8 7881s
 15107145 13705839  -43.13705  402   44  -42.23586  -46.61197  10.4%  19.8 7886s
 15114480 13713274  -44.82952  276   69  -42.23586  -46.61197  10.4%  19.8 7890s
 15125303 13723519  -45.29501  248   74  -42.23586  -46.61197  10.4%  19.8 7896s
 15130172 13723544  -43.08806  398   45  -42.23586  -46.61197  10.4%  19.8 7904s
 15130211 13728400  -43.06981  399   38  -42.23586  -46.61196  10.4%  19.8 7906s
 15139515 13737161  -44.74108  281   59  -42.23586  -46.61196  10.4%  19.8 7910s
 15149113 13746653  -46.48832  102  129  -42.23586  -46.61196  10.4%  19.8 7915s
 15159153 13755237  -46.05195  187  100  -42.23586  -46.61196  10.4%  19.8 7921s
 15168923 13763731  -45.27896  257   85  -42.23586  -46.61196  10.4%  19.8 7926s
 15178058 13773136  -43.18420  330   67  -42.23586  -46.61196  10.4%  19.8 7931s
 15188102 13783186  -44.37622  330   64  -42.23586  -46.61196  10.4%  19.8 7936s
 15197736 13792244  -44.84738  268   63  -42.23586  -46.61196  10.4%  19.8 7940s
 15206278 13800091  -46.21970  157   88  -42.23586  -46.61196  10.4%  19.8 7945s
 15216912 13809576  -46.60134   39  175  -42.23586  -46.61195  10.4%  19.8 7950s
 15227471 13819352  -43.03303  380   44  -42.23586  -46.61195  10.4%  19.8 7956s
 15236836 13823612  -44.17687  297   65  -42.23586  -46.61195  10.4%  19.8 7967s
 15241111 13833225  -46.56582   62  151  -42.23586  -46.61195  10.4%  19.8 7972s
 15247293 13836957  -45.33618  254   70  -42.23586  -46.61195  10.4%  19.8 7975s
 15259900 13849252  -44.88341  267   68  -42.23586  -46.61195  10.4%  19.8 7980s
 15268986 13857397  -46.07367  186   89  -42.23586  -46.61195  10.4%  19.8 7985s
 15282744 13871061  -45.46388  230   73  -42.23586  -46.61195  10.4%  19.8 7991s
 15292316 13880062  -46.21281  158   91  -42.23586  -46.61195  10.4%  19.8 7995s
 15306640 13894002  -45.91617  190   84  -42.23586  -46.61194  10.4%  19.8 8001s
 15317774 13903252  -46.46182  105  118  -42.23586  -46.61194  10.4%  19.8 8006s
 15325506 13911683  -43.58700  332   55  -42.23586  -46.61194  10.4%  19.8 8010s
 15340741 13920927  -42.27587  426   39  -42.23586  -46.61194  10.4%  19.8 8022s
 15340779 13951023  -42.26702  427   42  -42.23586  -46.61194  10.4%  19.8 8038s
 15372811 13955561  -45.83129  213   77  -42.23586  -46.61193  10.4%  19.8 8041s
 15382260 13965255  -44.75398  291   52  -42.23586  -46.61193  10.4%  19.8 8045s
 15392648 13975151  -44.95372  275   67  -42.23586  -46.61193  10.4%  19.8 8050s
 15403209 13985217  -45.49564  224   70  -42.23586  -46.61193  10.4%  19.8 8055s
 15413449 13993687  -46.46092  106  125  -42.23586  -46.61193  10.4%  19.8 8060s
 15426877 14006967  -45.87711  206   79  -42.23586  -46.61193  10.4%  19.8 8066s
 15436837 14016696  -46.55474   68  149  -42.23586  -46.61193  10.4%  19.8 8072s
 15446578 14020834  -46.15476  183   94  -42.23586  -46.61193  10.4%  19.8 8083s
 15446610 14024988  -46.16242  184   94  -42.23586  -46.61193  10.4%  19.8 8085s
 15460190 14039011  -46.57199   63  153  -42.23586  -46.61193  10.4%  19.8 8091s
 15472051 14048217  -46.57033   57  158  -42.23586  -46.61192  10.4%  19.8 8095s
 15482031 14057370  -43.41118  353   50  -42.23586  -46.61192  10.4%  19.8 8100s
 15494428 14070103  -46.59766   46  169  -42.23586  -46.61192  10.4%  19.8 8106s
 15504759 14078941  -42.95922  390   39  -42.23586  -46.61192  10.4%  19.8 8110s
 15514546 14089247  -46.33843  132  122  -42.23586  -46.61192  10.4%  19.8 8117s
 15523694 14097298  -45.82977  207   92  -42.23586  -46.61192  10.4%  19.8 8121s
 15532771 14106599  -45.11542  258   75  -42.23586  -46.61192  10.4%  19.8 8127s
 15537979 14111806  -44.40514  289   69  -42.23586  -46.61192  10.4%  19.8 8130s
 15548513 14116475  -45.05498  260   67  -42.23586  -46.61192  10.4%  19.8 8142s
 15548545 14121334  -45.03854  261   63  -42.23586  -46.61192  10.4%  19.8 8145s
 15558130 14129638  -46.27879  150   99  -42.23586  -46.61192  10.4%  19.8 8150s
 15572963 14145056  -45.03080  266   62  -42.23586  -46.61191  10.4%  19.8 8156s
 15584182 14154107  -45.97822  181   85  -42.23586  -46.61191  10.4%  19.8 8160s
 15593741 14164566     cutoff  410       -42.23586  -46.61191  10.4%  19.8 8165s
 15610742 14178856  -46.37837  139  109  -42.23586  -46.61191  10.4%  19.8 8171s
 15620324 14188608  -42.36737  401   40  -42.23586  -46.61191  10.4%  19.8 8175s
 15631021 14197482  -44.00714  326   52  -42.23586  -46.61191  10.4%  19.8 8180s
 15643886 14209690  -43.85297  339   57  -42.23586  -46.61190  10.4%  19.8 8186s
 15653694 14219578  -45.30333  254   70  -42.23586  -46.61190  10.4%  19.8 8191s
 15663815 14223747  -45.91953  186  100  -42.23586  -46.61190  10.4%  19.8 8203s
 15663847 14226444  -45.91176  187   99  -42.23586  -46.61190  10.4%  19.8 8205s
 15674995 14239327     cutoff  410       -42.23586  -46.61190  10.4%  19.8 8211s
 15686113 14250245  -42.81143  417   40  -42.23586  -46.61190  10.4%  19.8 8215s
 15699992 14262223  -42.44757  434   36  -42.23586  -46.61190  10.4%  19.8 8221s
 15715426 14277358  -46.58747   53  161  -42.23586  -46.61189  10.4%  19.8 8228s
 15721622 14280375  -45.21456  261   69  -42.23586  -46.61189  10.4%  19.8 8231s
 15730203 14289847  -46.09446  167   91  -42.23586  -46.61189  10.4%  19.8 8236s
 15740414 14299589  -46.51727   85  133  -42.23586  -46.61189  10.4%  19.8 8240s
 15750800 14308670  -42.86668  449   36  -42.23586  -46.61189  10.4%  19.8 8245s
 15765247 14322300  -46.48138  107  115  -42.23586  -46.61189  10.4%  19.8 8251s
 15772726 14325403  -43.69821  350   57  -42.23586  -46.61189  10.4%  19.8 8262s
 15777784 14335830  -46.49702   92  138  -42.23586  -46.61189  10.4%  19.8 8266s
 15788971 14343971  -46.60308   39  175  -42.23586  -46.61189  10.4%  19.8 8270s
 15802647 14357311  -46.56257   65  151  -42.23586  -46.61189  10.4%  19.8 8276s
 15807424 14361482  -45.71417  231   85  -42.23586  -46.61189  10.4%  19.8 8280s
 15819631 14373320  -45.74510  223   76  -42.23586  -46.61188  10.4%  19.8 8286s
 15830051 14383004  -46.17617  166   94  -42.23586  -46.61188  10.4%  19.8 8290s
 15845672 14398732  -45.04568  269   62  -42.23586  -46.61188  10.4%  19.8 8296s
 15856529 14407781  -45.68599  214   69  -42.23586  -46.61188  10.4%  19.8 8301s
 15867557 14417509  -46.29077  147  102  -42.23586  -46.61187  10.4%  19.8 8306s
 15878610 14427448  -46.56938   65  154  -42.23586  -46.61187  10.4%  19.8 8310s
 15891268 14435301  -46.56385   65  151  -42.23586  -46.61187  10.4%  19.8 8322s
 15895435 14442904  -45.87610  203   82  -42.23586  -46.61187  10.4%  19.8 8325s
 15904815 14452799  -46.48014  107  123  -42.23586  -46.61187  10.4%  19.8 8330s
 15920413 14466322  -45.92597  192   89  -42.23586  -46.61187  10.4%  19.8 8335s
 15934931 14480412  -45.59073  220   75  -42.23586  -46.61187  10.4%  19.8 8341s
 15946997 14491457  -45.94797  187   83  -42.23586  -46.61186  10.4%  19.8 8346s
 15957408 14501277  -46.59939   42  171  -42.23586  -46.61186  10.4%  19.8 8350s
 15972546 14515237  -46.49359  108  117  -42.23586  -46.61186  10.4%  19.8 8355s
 15988241 14529920  -46.33387  142  113  -42.23586  -46.61186  10.4%  19.8 8361s
 15999017 14540528  -46.39452  126  103  -42.23586  -46.61186  10.4%  19.8 8365s
 16005314 14540560  -44.59278  281   56  -42.23586  -46.61186  10.4%  19.8 8374s
 16005346 14543490  -44.58505  282   61  -42.23586  -46.61186  10.4%  19.8 8376s
 16012843 14551275  -46.54322   72  146  -42.23586  -46.61185  10.4%  19.8 8381s
 16022872 14562341  -45.96311  197   91  -42.23586  -46.61185  10.4%  19.8 8386s
 16034773 14572353     cutoff  342       -42.23586  -46.61185  10.4%  19.8 8391s
 16048363 14585251  -46.60766   36  178  -42.23586  -46.61185  10.4%  19.8 8396s
 16059242 14595694  -43.65848  353   44  -42.23586  -46.61185  10.4%  19.8 8402s
 16070035 14603746  -44.34779  305   58  -42.23586  -46.61185  10.4%  19.8 8406s
 16077709 14614274  -46.56291   58  157  -42.23586  -46.61185  10.4%  19.8 8413s
 16083963 14618775  -46.48547   92  134  -42.23586  -46.61185  10.4%  19.8 8415s
 16095330 14628217  -46.23766  154  109  -42.23586  -46.61185  10.4%  19.8 8420s
 16108753 14641362  -45.39814  224   82  -42.23586  -46.61185  10.4%  19.8 8426s
 16112850 14641392  -44.91675  250   77  -42.23586  -46.61185  10.4%  19.8 8435s
 16121646 14655182  -42.24654  288   68  -42.23586  -46.61184  10.4%  19.8 8441s
 16132911 14663851  -44.15382  320   56  -42.23586  -46.61184  10.4%  19.8 8445s
 16145159 14676201  -46.30551  155  101  -42.23586  -46.61184  10.4%  19.8 8451s
 16154128 14685417  -45.83740  221   72  -42.23586  -46.61184  10.4%  19.8 8456s
 16164466 14694576  -45.08286  289   54  -42.23586  -46.61184  10.4%  19.8 8461s
 16178819 14706742  -44.55956  294   60  -42.23586  -46.61184  10.4%  19.8 8466s
 16188265 14716438  -45.36065  238   71  -42.23586  -46.61184  10.4%  19.8 8471s
 16198545 14725330  -46.51073   94  134  -42.23586  -46.61183  10.4%  19.8 8478s
 16203189 14729778  -46.32885  144  110  -42.23586  -46.61183  10.4%  19.8 8480s
 16215312 14741466  -45.43307  244   70  -42.23586  -46.61183  10.4%  19.8 8487s
 16219492 14741498  -44.95684  260   63  -42.23586  -46.61183  10.4%  19.8 8496s
 16225652 14752439  -46.30141  149  101  -42.23586  -46.61183  10.4%  19.8 8500s
 16242070 14767331  -44.66098  284   63  -42.23586  -46.61183  10.4%  19.8 8507s
 16247802 14772136  -46.60503   37  176  -42.23586  -46.61182  10.4%  19.8 8510s
 16258532 14782066  -43.13946  391   39  -42.23586  -46.61182  10.4%  19.8 8515s
 16273285 14795332  -46.55736   73  146  -42.23586  -46.61182  10.4%  19.8 8521s
 16277419 14800613  -46.34118  147  103  -42.23586  -46.61182  10.4%  19.8 8525s
 16292240 14813278  -45.24689  264   56  -42.23586  -46.61182  10.4%  19.8 8530s
 16304504 14826356  -45.43669  228   71  -42.23586  -46.61182  10.4%  19.8 8536s
 16316867 14836514  -46.28185  151  112  -42.23586  -46.61182  10.4%  19.8 8541s
 16331108 14845264  -46.20329  164  101  -42.23586  -46.61182  10.4%  19.8 8553s
 16331140 14848870  -46.19536  165   96  -42.23586  -46.61182  10.4%  19.8 8555s
 16339106 14857281  -42.74715  390   44  -42.23586  -46.61182  10.4%  19.8 8560s
 16350197 14866749  -46.19908  172  101  -42.23586  -46.61181  10.4%  19.8 8565s
 16363579 14879899  -45.90188  183   79  -42.23586  -46.61181  10.4%  19.8 8572s
 16373655 14887647  -46.56914   57  160  -42.23586  -46.61181  10.4%  19.8 8578s
 16376530 14896324  -46.48758   94  134  -42.23586  -46.61181  10.4%  19.8 8583s
 16385251 14901116  -46.15413  178  111  -42.23586  -46.61181  10.4%  19.8 8586s
 16394449 14910320  -45.48359  247   88  -42.23586  -46.61181  10.4%  19.8 8591s
 16405678 14920873  -45.82490  200   74  -42.23586  -46.61181  10.4%  19.8 8595s
 16421583 14936090  -44.97776  309   76  -42.23586  -46.61181  10.4%  19.8 8601s
 16436409 14944193  -44.27366  322   50  -42.23586  -46.61180  10.4%  19.8 8613s
 16436443 14973758  -44.26261  323   52  -42.23586  -46.61180  10.4%  19.8 8622s
 16474125 14983272  -45.03062  261   71  -42.23586  -46.61180  10.4%  19.8 8626s
 16484541 14993033  -46.04937  172   88  -42.23586  -46.61179  10.4%  19.8 8630s
 16498746 15006976  -45.48292  225   67  -42.23586  -46.61179  10.4%  19.8 8635s
 16509536 15016579  -46.54370   69  149  -42.23586  -46.61179  10.4%  19.8 8642s
 16514395 15020856  -46.42926  113  126  -42.23586  -46.61179  10.4%  19.8 8645s
 16522716 15028720  -46.04287  182  102  -42.23586  -46.61179  10.4%  19.8 8650s
 16531375 15038583  -45.22101  247   83  -42.23586  -46.61179  10.4%  19.8 8655s
 16541757 15047580  -46.59965   42  173  -42.23586  -46.61179  10.4%  19.8 8660s
 16547039 15047611  -46.43672  115  121  -42.23586  -46.61179  10.4%  19.8 8669s
 16547072 15051421  -46.43072  115  122  -42.23586  -46.61179  10.4%  19.8 8671s
 16553430 15059540  -45.89615  210   89  -42.23586  -46.61179  10.4%  19.8 8675s
 16565392 15070907  -45.79942  211   76  -42.23586  -46.61179  10.4%  19.8 8680s
 16576275 15078173  -46.56765   60  157  -42.23586  -46.61179  10.4%  19.8 8685s
 16587418 15089959  -46.09367  177  100  -42.23586  -46.61179  10.4%  19.8 8691s
 16596325 15099375  -45.53427  230   84  -42.23586  -46.61179  10.4%  19.8 8695s
 16611522 15112740  -43.89449  303   62  -42.23586  -46.61179  10.4%  19.8 8702s
 16621135 15122565  -45.29916  275   75  -42.23586  -46.61178  10.4%  19.8 8706s
 16631183 15132612  -45.74532  202   69  -42.23586  -46.61178  10.4%  19.8 8710s
 16643672 15142540  -45.85100  192   81  -42.23586  -46.61178  10.4%  19.8 8716s
 16653273 15147514  -46.28204  154   96  -42.23586  -46.61178  10.4%  19.8 8726s
 16657828 15155777  -44.88520  272   68  -42.23586  -46.61178  10.4%  19.8 8730s
 16668981 15166709  -45.46739  233   73  -42.23586  -46.61178  10.4%  19.8 8735s
 16684679 15179863  -44.31240  299   64  -42.23586  -46.61178  10.4%  19.8 8740s
 16698655 15193908  -44.27110  301   59  -42.23586  -46.61178  10.4%  19.8 8746s
 16708546 15201599  -45.78873  206   82  -42.23586  -46.61177  10.4%  19.8 8750s
 16723006 15217008  -45.15011  254   72  -42.23586  -46.61177  10.4%  19.8 8756s
 16733538 15225237  -46.49490  100  132  -42.23586  -46.61177  10.4%  19.8 8761s
 16743076 15234723  -45.66649  228   80  -42.23586  -46.61177  10.4%  19.8 8765s
 16753732 15244548  -46.42964  118  125  -42.23586  -46.61177  10.4%  19.8 8770s
 16762366 15251910  -46.03859  190  100  -42.23586  -46.61177  10.4%  19.8 8775s
 16765739 15251941  -45.87941  208   86  -42.23586  -46.61177  10.4%  19.8 8784s
 16765772 15256643  -45.88346  209   88  -42.23586  -46.61177  10.4%  19.8 8787s
 16770580 15261279  -45.43854  240   79  -42.23586  -46.61177  10.4%  19.8 8790s
 16780314 15270751  -46.00917  179   82  -42.23586  -46.61177  10.4%  19.8 8795s
 16794870 15285074  -45.53168  218   72  -42.23586  -46.61177  10.4%  19.8 8801s
 16805736 15294219  -46.29919  151   95  -42.23586  -46.61177  10.4%  19.8 8805s
 16820951 15307723  -45.56827  222   70  -42.23586  -46.61176  10.4%  19.8 8811s
 16830380 15316821  -46.43676  121  112  -42.23586  -46.61176  10.4%  19.8 8816s
 16839135 15324985  -43.34507  346   54  -42.23586  -46.61176  10.4%  19.8 8820s
 16853902 15339135  -46.53433   81  136  -42.23586  -46.61176  10.4%  19.8 8826s
 16863705 15348536  -43.25783  365   51  -42.23586  -46.61176  10.4%  19.8 8830s
 16876303 15360731  -43.57490  342   59  -42.23586  -46.61176  10.4%  19.9 8836s
 16882259 15360760  -46.43804  121  109  -42.23586  -46.61175  10.4%  19.8 8844s
 16882292 15364223  -46.43146  122  109  -42.23586  -46.61175  10.4%  19.8 8846s
 16890950 15373721  -43.07095  380   41  -42.23586  -46.61175  10.4%  19.9 8850s
 16901042 15383171  -46.23437  160   97  -42.23586  -46.61175  10.4%  19.8 8855s
 16910296 15393550  -45.71569  227   76  -42.23586  -46.61175  10.4%  19.9 8860s
 16921690 15401235  -44.80773  289   56  -42.23586  -46.61175  10.4%  19.9 8865s
 16931596 15412340  -46.18669  163   92  -42.23586  -46.61175  10.4%  19.9 8870s
 16943000 15421833  -46.50796   91  133  -42.23586  -46.61175  10.4%  19.8 8877s
 16951321 15430788  -46.01311  176   97  -42.23586  -46.61175  10.4%  19.8 8882s
 16961133 15440202  -45.40155  231   77  -42.23586  -46.61175  10.4%  19.8 8886s
 16972088 15449432  -45.01349  261   65  -42.23586  -46.61174  10.4%  19.8 8892s
 16976678 15454801  -42.49777  403   43  -42.23586  -46.61174  10.4%  19.8 8895s
 16987008 15463789  -43.30467  372   34  -42.23586  -46.61174  10.4%  19.8 8907s
 16998851 15476435  -43.84068  369   58  -42.23586  -46.61174  10.4%  19.8 8911s
 17009451 15483656  -44.33491  302   57  -42.23586  -46.61174  10.4%  19.8 8916s
 17018421 15491943  -45.66364  215   76  -42.23586  -46.61174  10.4%  19.8 8920s
 17030616 15504954  -45.48159  226   69  -42.23586  -46.61174  10.4%  19.8 8926s
 17041528 15514084  -45.72212  211   79  -42.23586  -46.61174  10.4%  19.8 8930s
 17050876 15523606  -46.52013   91  131  -42.23586  -46.61174  10.4%  19.8 8935s
 17065951 15538144  -46.15938  179   85  -42.23586  -46.61173  10.4%  19.9 8941s
 17076482 15546194  -46.49126  101  127  -42.23586  -46.61173  10.4%  19.9 8945s
 17086745 15556473  -42.84565  372   52  -42.23586  -46.61173  10.4%  19.9 8950s
 17096475 15561087  -44.85909  261   68  -42.23586  -46.61173  10.4%  19.8 8960s
 17102911 15571579  -46.60634   37  176  -42.23586  -46.61173  10.4%  19.9 8965s
 17113067 15579238  -43.26138  357   42  -42.23586  -46.61173  10.4%  19.8 8971s
 17120569 15588606  -45.37225  237   73  -42.23586  -46.61173  10.4%  19.8 8976s
 17131087 15598313  -45.75328  205   80  -42.23586  -46.61173  10.4%  19.9 8980s
 17146701 15612669  -44.95667  265   65  -42.23586  -46.61173  10.4%  19.9 8987s
 17151761 15618849  -42.28622  396   42  -42.23586  -46.61173  10.4%  19.9 8990s
 17165835 15630500  -46.58787   46  167  -42.23586  -46.61172  10.4%  19.9 8996s
 17175246 15638270  -46.25915  139  115  -42.23586  -46.61172  10.4%  19.9 9000s
 17182582 15646571  -45.80033  196  100  -42.23586  -46.61172  10.4%  19.9 9006s
 17192568 15653994  -44.92941  257   78  -42.23586  -46.61172  10.4%  19.9 9018s
 17195635 15659623  -44.50469  271   74  -42.23586  -46.61172  10.4%  19.9 9020s
 17208043 15671809  -46.07286  173   83  -42.23586  -46.61172  10.4%  19.9 9026s
 17219535 15681401  -46.28617  144   96  -42.23586  -46.61172  10.4%  19.9 9031s
 17230138 15690084  -46.57219   67  151  -42.23586  -46.61172  10.4%  19.9 9036s
 17239895 15701037  -43.22271  364   38  -42.23586  -46.61172  10.4%  19.9 9040s
 17257654 15715862  -46.34911  138  105  -42.23586  -46.61171  10.4%  19.9 9046s
 17271759 15727472  -45.91223  192   75  -42.23586  -46.61171  10.4%  19.9 9051s
 17278992 15735239  -42.51864  408   46  -42.23586  -46.61171  10.4%  19.9 9055s
 17289966 15747436  -43.62989  352   50  -42.23586  -46.61171  10.4%  19.9 9060s
 17300762 15752443  -44.73838  281   58  -42.23586  -46.61171  10.4%  19.9 9070s
 17312073 15768108  -45.41994  247   82  -42.23586  -46.61171  10.4%  19.9 9076s
 17321153 15776797  -45.43630  233   70  -42.23586  -46.61170  10.4%  19.9 9081s
 17332135 15785327  -45.71348  208   81  -42.23586  -46.61170  10.4%  19.9 9086s
 17340227 15794309  -46.51085   83  141  -42.23586  -46.61170  10.4%  19.9 9090s
 17351217 15803938  -46.49510   97  126  -42.23586  -46.61170  10.4%  19.9 9095s
 17360274 15812925  -43.06317  375   39  -42.23586  -46.61170  10.4%  19.9 9100s
 17370069 15821201  -46.26755  155  103  -42.23586  -46.61170  10.4%  19.9 9105s
 17385926 15835077  -45.07295  271   61  -42.23586  -46.61170  10.4%  19.9 9111s
 17394348 15843644  -46.08450  167   86  -42.23586  -46.61170  10.4%  19.9 9115s
 17403306 15852764  -42.60767  412   42  -42.23586  -46.61169  10.4%  19.9 9120s
 17408337 15852796  -46.09063  178   87  -42.23586  -46.61169  10.4%  19.9 9130s
 17408369 15883052  -46.08250  179   86  -42.23586  -46.61169  10.4%  19.9 9139s
 17413374 15883052  -46.10188  174  105  -42.23586  -46.61169  10.4%  19.9 9140s
 17443085 15895217  -42.26752  415   46  -42.23586  -46.61169  10.4%  19.9 9145s
 17461485 15907762  -46.54871   68  152  -42.23586  -46.61169  10.4%  19.9 9152s
 17467423 15912503  -46.38131  131  116  -42.23586  -46.61169  10.4%  19.9 9155s
 17477309 15921564  -45.88143  206   92  -42.23586  -46.61169  10.4%  19.9 9161s
 17486576 15931527  -44.49342  282   68  -42.23586  -46.61169  10.4%  19.9 9165s
 17497810 15942405  -46.57658   55  158  -42.23586  -46.61168  10.4%  19.9 9170s
 17515416 15952835  -45.57432  250   90  -42.23586  -46.61168  10.4%  19.9 9181s
 17519792 15960986  -43.83799  376   60  -42.23586  -46.61168  10.4%  19.9 9185s
 17533803 15975661  -42.89154  359   48  -42.23586  -46.61168  10.4%  19.9 9191s
 17543479 15983572  -45.04715  267   61  -42.23586  -46.61168  10.4%  19.9 9196s
 17553365 15992922  -45.98555  197   98  -42.23586  -46.61168  10.4%  19.9 9201s
 17562809 16003206  -46.54063   77  140  -42.23586  -46.61168  10.4%  19.9 9205s
 17578714 16015882  -46.42491  120  109  -42.23586  -46.61167  10.4%  19.9 9211s
 17587227 16023027  -43.47658  353   48  -42.23586  -46.61167  10.4%  19.9 9215s
 17595386 16032083  -46.44742  122  118  -42.23586  -46.61167  10.4%  19.9 9220s
 17610351 16045304  -46.05682  172   87  -42.23586  -46.61167  10.4%  19.9 9227s
 17620214 16050452  -46.60434   36  179  -42.23586  -46.61167  10.4%  19.9 9238s
 17620250 16055523  -46.60202   37  177  -42.23586  -46.61167  10.4%  19.9 9242s
 17625724 16060397  -46.47831   97  134  -42.23586  -46.61167  10.4%  19.9 9245s
 17640468 16073967  -45.78752  203   91  -42.23586  -46.61167  10.4%  19.9 9251s
 17650237 16082235  -45.02355  266   74  -42.23586  -46.61167  10.4%  19.9 9255s
 17659109 16092892  -46.50736   94  131  -42.23586  -46.61167  10.4%  19.9 9261s
 17669725 16101276  -43.03633  375   53  -42.23586  -46.61167  10.4%  19.9 9266s
 17679065 16109348  -44.83848  272   63  -42.23586  -46.61166  10.4%  19.9 9270s
 17687586 16117237  -46.49512   93  134  -42.23586  -46.61166  10.4%  19.9 9276s
 17696645 16126414  -46.02904  192  102  -42.23586  -46.61166  10.4%  19.9 9281s
 17705620 16134838  -45.19468  257   88  -42.23586  -46.61166  10.4%  19.9 9285s
 17715471 16144173  -46.54923   79  143  -42.23586  -46.61166  10.4%  19.9 9291s
 17720268 16144201  -46.33506  154  100  -42.23586  -46.61166  10.4%  19.9 9300s
 17722828 16151782  -46.11959  182   89  -42.23586  -46.61166  10.4%  19.9 9308s
 17728290 16156301  -45.83112  219   69  -42.23586  -46.61166  10.4%  19.9 9310s
 17737071 16164699  -45.30052  276   55  -42.23586  -46.61166  10.4%  19.9 9316s
 17746423 16173679     cutoff  324       -42.23586  -46.61166  10.4%  19.8 9321s
 17755231 16182854  -44.41173  313   53  -42.23586  -46.61166  10.4%  19.8 9326s
 17765818 16191513  -45.19397  260   66  -42.23586  -46.61166  10.4%  19.8 9330s
 17780685 16205537  -44.53804  295   60  -42.23586  -46.61166  10.4%  19.9 9336s
 17788414 16217748  -46.44298  116  112  -42.23586  -46.61166  10.4%  19.9 9343s
 17798499 16222708  -42.36246  397   31  -42.23586  -46.61165  10.4%  19.9 9346s
 17807591 16230907  -46.14012  173   86  -42.23586  -46.61165  10.4%  19.8 9350s
 17816371 16239931  -45.44563  247   65  -42.23586  -46.61165  10.4%  19.9 9355s
 17826474 16244632  -46.13768  173   95  -42.23586  -46.61165  10.4%  19.9 9365s
 17830560 16251743  -44.48239  297   59  -42.23586  -46.61165  10.4%  19.9 9371s
 17839953 16262333  -45.21162  255   76  -42.23586  -46.61165  10.4%  19.9 9376s
 17850148 16271792  -45.89027  189   75  -42.23586  -46.61165  10.4%  19.9 9380s
 17861841 16282569  -46.23719  162   96  -42.23586  -46.61165  10.4%  19.9 9385s
 17877365 16296232  -45.37693  230   73  -42.23586  -46.61165  10.4%  19.9 9391s
 17888733 16307410  -46.05215  187   89  -42.23586  -46.61165  10.4%  19.9 9395s
 17898355 16315725  -46.58114   50  163  -42.23586  -46.61164  10.4%  19.9 9400s
 17908941 16326396  -43.09521  385   37  -42.23586  -46.61164  10.4%  19.9 9405s
 17924909 16340141  -46.16186  155   91  -42.23586  -46.61164  10.4%  19.9 9411s
 17934207 16349836  -42.38912  407   38  -42.23586  -46.61164  10.4%  19.9 9415s
 17939655 16349868  -45.74975  202   76  -42.23586  -46.61164  10.4%  19.9 9422s
 17939687 16379947  -45.73693  203   76  -42.23586  -46.61164  10.4%  19.9 9436s
 17976624 16389468  -46.13542  182   92  -42.23586  -46.61163  10.4%  19.8 9441s
 17986243 16399067  -45.49239  251   67  -42.23586  -46.61163  10.4%  19.9 9445s
 17996771 16408292  -46.50802   93  128  -42.23586  -46.61163  10.4%  19.9 9451s
 18006291 16417733  -45.98135  210   82  -42.23586  -46.61163  10.4%  19.9 9456s
 18016046 16427438  -45.16359  272   57  -42.23586  -46.61163  10.4%  19.9 9460s
 18027338 16432531  -46.16614  166   91  -42.23586  -46.61163  10.4%  19.9 9470s
 18034922 16450103  -43.61379  347   46  -42.23586  -46.61163  10.4%  19.9 9478s
 18046244 16457261  -43.40304  380   48  -42.23586  -46.61163  10.4%  19.9 9480s
 18058866 16466866  -43.64744  343   53  -42.23586  -46.61163  10.4%  19.9 9485s
 18070403 16476753  -44.43903  306   60  -42.23586  -46.61163  10.4%  19.9 9490s
 18079856 16485412  -46.38760  130  114  -42.23586  -46.61162  10.4%  19.9 9495s
 18092161 16497938  -45.63943  229   70  -42.23586  -46.61162  10.4%  19.9 9501s
 18102423 16507380 infeasible  292       -42.23586  -46.61162  10.4%  19.9 9505s
 18111496 16515724  -46.30388  157  102  -42.23586  -46.61162  10.4%  19.9 9510s
 18121594 16525932  -45.64212  243   61  -42.23586  -46.61162  10.4%  19.9 9516s
 18132153 16535807  -46.54758   77  139  -42.23586  -46.61162  10.4%  19.9 9529s
 18138057 16543824  -46.31859  151  107  -42.23586  -46.61162  10.4%  19.9 9532s
 18146343 16553382  -45.82714  223   78  -42.23586  -46.61162  10.4%  19.9 9535s
 18162678 16563429  -44.37447  295   63  -42.23586  -46.61162  10.4%  19.9 9541s
 18171729 16571121  -45.33983  247   72  -42.23586  -46.61162  10.4%  19.9 9545s
 18184424 16584508  -44.87755  283   62  -42.23586  -46.61161  10.4%  19.9 9551s
 18194718 16594199  -45.68489  235   89  -42.23586  -46.61161  10.4%  19.9 9556s
 18205196 16603159  -46.14332  164   96  -42.23586  -46.61161  10.4%  19.9 9560s
 18219339 16617258  -46.11930  170   88  -42.23586  -46.61161  10.4%  19.9 9566s
 18224905 16621605  -44.30215  309   62  -42.23586  -46.61161  10.4%  19.9 9570s
 18234385 16630622  -45.61784  220   72  -42.23586  -46.61161  10.4%  19.9 9575s
 18247319 16638772  -45.01150  256   69  -42.23586  -46.61161  10.4%  19.9 9587s
 18251388 16647874  -43.39930  359   49  -42.23586  -46.61161  10.4%  19.9 9592s
 18257228 16652008  -45.97701  180   83  -42.23586  -46.61161  10.4%  19.9 9595s
 18266439 16660828  -46.59170   49  164  -42.23586  -46.61161  10.4%  19.9 9600s
 18275076 16669387  -43.77015  344   42  -42.23586  -46.61161  10.4%  19.9 9605s
 18283741 16680443  -45.25560  243   68  -42.23586  -46.61160  10.4%  19.8 9611s
 18297713 16690243  -46.25255  156  104  -42.23586  -46.61160  10.4%  19.8 9616s
 18312098 16704349  -45.47977  240   68  -42.23586  -46.61160  10.4%  19.9 9622s
 18322581 16712750  -44.58462  301   51  -42.23586  -46.61160  10.4%  19.9 9625s
 18336968 16726937  -44.04710  332   56  -42.23586  -46.61160  10.4%  19.9 9631s
 18349171 16736622  -45.29838  267   82  -42.23586  -46.61160  10.4%  19.9 9635s
 18352627 16736688  -43.32151  383   50  -42.23586  -46.61160  10.4%  19.9 9643s
 18352705 16739820  -43.23129  386   51  -42.23586  -46.61160  10.4%  19.9 9645s
 18365739 16752888  -44.20411  317   85  -42.23586  -46.61160  10.4%  19.9 9651s
 18375528 16763115  -46.35090  129  100  -42.23586  -46.61159  10.4%  19.9 9655s
 18391483 16776119  -45.63228  221   82  -42.23586  -46.61159  10.4%  19.9 9660s
 18400201 16785358  -46.58783   56  160  -42.23586  -46.61159  10.4%  19.9 9666s
 18410265 16795236  -45.90976  199   94  -42.23586  -46.61159  10.4%  19.9 9671s
 18418822 16804250  -46.50944   86  135  -42.23586  -46.61159  10.4%  19.9 9676s
 18431789 16814787  -46.53981   69  148  -42.23586  -46.61159  10.4%  19.9 9681s
 18436738 16820677  -45.74110  233   99  -42.23586  -46.61159  10.4%  19.9 9685s
 18447862 16828340  -45.92568  187   78  -42.23586  -46.61159  10.4%  19.8 9690s
 18455034 16832087  -43.11315  376   48  -42.23586  -46.61159  10.4%  19.8 9700s
 18463982 16844709  -45.09395  255   68  -42.23586  -46.61158  10.4%  19.8 9706s
 18474989 16854218  -46.48303   90  137  -42.23586  -46.61158  10.4%  19.8 9712s
 18483556 16862834  -46.05135  174  104  -42.23586  -46.61158  10.4%  19.8 9717s
 18487910 16867140  -45.85568  197  100  -42.23586  -46.61158  10.4%  19.8 9720s
 18500505 16880332  -44.65012  276   82  -42.23586  -46.61158  10.4%  19.8 9727s
 18511669 16889856  -45.52059  246   81  -42.23586  -46.61158  10.4%  19.8 9730s
 18526014 16902575  -43.83243  330   52  -42.23586  -46.61158  10.4%  19.8 9736s
 18537343 16913041  -45.60839  255   91  -42.23586  -46.61158  10.4%  19.8 9740s
 18549840 16926189  -45.86137  225   97  -42.23586  -46.61157  10.4%  19.8 9745s
 18560252 16935934  -46.18666  164   87  -42.23586  -46.61157  10.4%  19.8 9750s
 18571017 16940062  -46.59105   48  166  -42.23586  -46.61157  10.4%  19.8 9760s
 18572955 16946970  -46.49946  100  122  -42.23586  -46.61157  10.4%  19.8 9765s
 18583361 16955315  -43.46472  365   50  -42.23586  -46.61157  10.4%  19.8 9770s
 18592667 16964926  -46.40063  127  117  -42.23586  -46.61157  10.4%  19.8 9775s
 18602863 16974992  -44.98173  270   60  -42.23586  -46.61157  10.4%  19.8 9780s
 18618415 16989354  -46.56634   68  149  -42.23586  -46.61157  10.4%  19.8 9786s
 18628012 17000089  -43.53999  360   44  -42.23586  -46.61156  10.4%  19.8 9790s
 18644725 17013375  -46.58646   53  164  -42.23586  -46.61156  10.4%  19.8 9797s
 18653914 17022561  -46.03410  193   95  -42.23586  -46.61156  10.4%  19.8 9802s
 18659117 17027898  -45.26503  270   69  -42.23586  -46.61156  10.4%  19.8 9805s
 18674528 17041515  -44.29750  360   61  -42.23586  -46.61156  10.4%  19.8 9811s
 18679504 17041547  -46.44686  117  112  -42.23586  -46.61156  10.4%  19.8 9819s
 18679536 17044681  -46.44255  118  110  -42.23586  -46.61156  10.4%  19.8 9821s
 18686142 17054157  -43.98368  344   47  -42.23586  -46.61156  10.4%  19.8 9825s
 18701763 17066204  -42.66109  383   43  -42.23586  -46.61155  10.4%  19.8 9831s
 18709890 17074876  -44.86499  291   74  -42.23586  -46.61155  10.4%  19.8 9835s
 18726520 17090043  -46.60413   37  177  -42.23586  -46.61155  10.4%  19.8 9842s
 18735459 17098422  -46.19298  167  104  -42.23586  -46.61155  10.4%  19.8 9846s
 18747977 17110991  -45.31773  258   65  -42.23586  -46.61155  10.4%  19.8 9851s
 18758982 17119353  -45.90387  191   80  -42.23586  -46.61155  10.4%  19.9 9855s
 18773000 17132807  -45.91511  196   76  -42.23586  -46.61155  10.4%  19.9 9861s
 18783237 17141234  -46.42258  116  114  -42.23586  -46.61155  10.4%  19.9 9865s
 18791615 17146042  -42.77228  379   48  -42.23586  -46.61155  10.4%  19.9 9876s
 18797007 17154979  -46.08814  178   90  -42.23586  -46.61154  10.4%  19.9 9880s
 18805376 17164405     cutoff  419       -42.23586  -46.61154  10.4%  19.9 9885s
 18816240 17175467  -43.73755  344   46  -42.23586  -46.61154  10.4%  19.9 9890s
 18827931 17184264  -44.17931  320   51  -42.23586  -46.61154  10.4%  19.9 9895s
 18841257 17197888  -44.11592  324   56  -42.23586  -46.61154  10.4%  19.9 9900s
 18855512 17211138  -43.58651  379   51  -42.23586  -46.61154  10.4%  19.9 9907s
 18865803 17218526  -44.50036  295   67  -42.23586  -46.61154  10.4%  19.9 9910s
 18882020 17234685  -43.68794  345   55  -42.23586  -46.61153  10.4%  19.9 9916s
 18892140 17243419  -45.18835  246   72  -42.23586  -46.61153  10.4%  19.9 9920s
 18905932 17251716  -46.28160  151  107  -42.23586  -46.61153  10.4%  19.9 9933s
 18905969 17281980  -46.27092  152  102  -42.23586  -46.61153  10.4%  19.9 9946s
 18944641 17292283  -45.91470  184   85  -42.23586  -46.61153  10.4%  19.9 9951s
 18958285 17304970  -45.73829  214   78  -42.23586  -46.61153  10.4%  19.9 9956s
 18967588 17315082  -46.58606   50  164  -42.23586  -46.61153  10.4%  19.9 9962s
 18977945 17323311  -46.22612  161  107  -42.23586  -46.61153  10.4%  19.9 9967s
 18986320 17331522  -45.67506  230   96  -42.23586  -46.61153  10.4%  19.9 9972s
 18994271 17339887  -44.85972  283   83  -42.23586  -46.61153  10.4%  19.9 9976s
 19005208 17349173  -45.57302  227   76  -42.23586  -46.61152  10.4%  19.9 9980s
 19009798 17349199  -43.58723  357   45  -42.23586  -46.61152  10.4%  19.9 9988s
 19009836 17353565  -43.56511  358   41  -42.23586  -46.61152  10.4%  19.9 9990s
 19019761 17361350  -46.27877  156  102  -42.23586  -46.61152  10.4%  19.9 9995s
 19028239 17371578  -45.75472  232   69  -42.23586  -46.61152  10.4%  19.9 10000s
 19038381 17380624     cutoff  290       -42.23586  -46.61152  10.4%  19.9 10005s
 19053707 17393821  -46.45818  120  109  -42.23586  -46.61152  10.4%  19.9 10010s
 19063818 17404548  -43.30258  389   38  -42.23586  -46.61152  10.4%  19.9 10015s
 19076296 17415762  -44.47569  302   61  -42.23586  -46.61152  10.4%  19.9 10020s
 19090294 17429179  -44.18335  320   46  -42.23586  -46.61151  10.4%  19.9 10027s
 19100019 17437943  -46.28412  157   98  -42.23586  -46.61151  10.4%  19.9 10031s
 19109866 17446992  -45.69148  234   64  -42.23586  -46.61151  10.4%  19.9 10035s
 19119471 17451267  -46.56909   57  159  -42.23586  -46.61151  10.4%  19.9 10044s
 19119503 17480946  -46.56796   58  159  -42.23586  -46.61151  10.4%  19.9 10053s
 19151535 17487203  -46.01186  208   98  -42.23586  -46.61150  10.4%  19.9 10056s
 19162805 17496394  -46.14162  164   92  -42.23586  -46.61150  10.4%  19.9 10061s
 19178144 17509962  -45.85756  195   75  -42.23586  -46.61150  10.4%  19.9 10066s
 19189034 17520948  -46.50872   89  134  -42.23586  -46.61150  10.4%  19.9 10071s
 19203147 17533201  -46.18998  163   92  -42.23586  -46.61150  10.4%  19.9 10077s
 19212153 17542746  -42.37594  409   47  -42.23586  -46.61150  10.4%  19.9 10080s
 19227599 17556487  -46.33354  140  106  -42.23586  -46.61150  10.4%  19.9 10085s
 19233131 17556514  -44.99028  272   62  -42.23586  -46.61150  10.4%  19.9 10094s
 19233168 17560667  -44.97012  273   66  -42.23586  -46.61150  10.4%  19.9 10096s
 19241430 17569798  -46.37557  131  100  -42.23586  -46.61150  10.4%  19.9 10102s
 19251295 17578215  -42.62763  394   50  -42.23586  -46.61150  10.4%  19.9 10106s
 19265021 17591455  -42.73802  388   43  -42.23586  -46.61149  10.4%  19.9 10111s
 19275344 17601867  -43.75274  337   50  -42.23586  -46.61149  10.4%  19.9 10115s
 19290373 17614600  -42.82536  386   44  -42.23586  -46.61149  10.4%  19.9 10121s
 19300136 17623288  -46.22446  159   98  -42.23586  -46.61149  10.4%  19.9 10125s
 19310059 17633349  -45.61314  222   75  -42.23586  -46.61149  10.4%  19.9 10130s
 19325579 17647605  -46.61140   37  177  -42.23586  -46.61149  10.4%  19.9 10136s
 19336084 17658145  -42.46913  373   50  -42.23586  -46.61149  10.4%  19.9 10140s
 19351281 17666435  -46.56744   62  157  -42.23586  -46.61148  10.4%  19.9 10152s
 19351313 17670736  -46.56570   63  156  -42.23586  -46.61148  10.4%  19.9 10155s
 19360581 17677251  -43.75499  351   46  -42.23586  -46.61148  10.4%  19.9 10160s
 19368130 17687348  -44.72646  284   56  -42.23586  -46.61148  10.4%  19.9 10166s
 19378617 17696842  -46.41420  128  115  -42.23586  -46.61148  10.4%  19.9 10171s
 19387975 17705575  -45.25116  250   72  -42.23586  -46.61148  10.4%  19.9 10176s
 19397708 17715335  -44.73030  265   64  -42.23586  -46.61148  10.4%  19.9 10180s
 19412735 17727285  -43.84967  335   55  -42.23586  -46.61148  10.4%  19.9 10186s
 19422219 17737469  -45.30428  243   74  -42.23586  -46.61148  10.4%  19.9 10190s
 19433852 17747281  -46.00884  193   84  -42.23586  -46.61148  10.4%  19.9 10195s
 19446941 17760037  -45.50854  254   89  -42.23586  -46.61147  10.4%  19.9 10201s
 19456384 17769124  -45.92539  189   79  -42.23586  -46.61147  10.4%  19.9 10205s
 19460841 17769156  -44.34648  305   60  -42.23586  -46.61147  10.4%  19.9 10213s
 19460873 17773797  -44.34192  306   61  -42.23586  -46.61147  10.4%  19.9 10215s
 19477891 17789581  -42.64456  385   45  -42.23586  -46.61147  10.4%  19.9 10222s
 19483535 17794160  -46.51292   83  139  -42.23586  -46.61147  10.4%  19.9 10225s
 19493899 17803600  -46.11897  167  102  -42.23586  -46.61147  10.4%  19.9 10231s
 19501994 17811637  -45.46279  224   89  -42.23586  -46.61147  10.4%  19.9 10235s
 19511969 17821767  -46.60185   41  172  -42.23586  -46.61147  10.4%  19.9 10241s
 19522606 17831630  -46.00297  194   87  -42.23586  -46.61147  10.4%  19.9 10245s
 19531212 17840153  -45.55677  238   72  -42.23586  -46.61147  10.4%  19.9 10250s
 19542498 17849469  -44.47519  306   49  -42.23586  -46.61147  10.4%  19.9 10255s
 19552580 17859744  -46.23739  150   88  -42.23586  -46.61147  10.4%  19.9 10260s
 19567152 17868340  -45.69809  219   75  -42.23586  -46.61146  10.4%  19.9 10273s
 19567184 17871808  -45.68278  220   75  -42.23586  -46.61146  10.4%  19.9 10275s
 19575632 17881060  -46.50797   99  123  -42.23586  -46.61146  10.4%  19.9 10280s
 19585866 17890839  -42.31184  434   22  -42.23586  -46.61146  10.4%  19.9 10286s
 19595100 17899306  -44.01502  330   54  -42.23586  -46.61146  10.4%  19.9 10290s
 19608697 17912476     cutoff  428       -42.23586  -46.61146  10.4%  19.9 10296s
 19619946 17922550  -46.12095  181   93  -42.23586  -46.61146  10.4%  19.9 10302s
 19628013 17930529  -45.77671  223   75  -42.23586  -46.61146  10.4%  19.9 10306s
 19636206 17939090  -45.38858  266   60  -42.23586  -46.61146  10.4%  19.9 10310s
 19653021 17953079  -44.76628  272   92  -42.23586  -46.61146  10.4%  19.9 10316s
 19661800 17963101  -46.56290   65  153  -42.23586  -46.61146  10.4%  19.9 10320s
 19668826 17963649  -46.29692  141  104  -42.23586  -46.61146  10.4%  19.9 10329s
 19669374 17967503  -46.28454  144  100  -42.23586  -46.61146  10.4%  19.9 10331s
 19678162 17977354  -45.97549  186   89  -42.23586  -46.61146  10.4%  19.9 10335s
 19694386 17990632  -44.87531  269   57  -42.23586  -46.61146  10.4%  19.9 10341s
 19704271 17999996  -46.52921   88  132  -42.23586  -46.61145  10.4%  19.9 10345s
 19714183 18010102  -42.92272  403   39  -42.23586  -46.61145  10.4%  19.9 10352s
 19719446 18013502  -46.51451   86  137  -42.23586  -46.61145  10.4%  19.9 10355s
 19727685 18021947  -46.15154  173  103  -42.23586  -46.61145  10.4%  19.9 10360s
 19740519 18035778  -45.00798  256   79  -42.23586  -46.61145  10.4%  19.9 10366s
 19745721 18040673  -44.63802  279   67  -42.23586  -46.61145  10.4%  19.9 10370s
 19759811 18053933  -44.58316  290   64  -42.23586  -46.61145  10.4%  19.9 10376s
 19768446 18062547  -46.19905  164   85  -42.23586  -46.61145  10.4%  19.9 10380s
 19774617 18062577  -44.09983  321   53  -42.23586  -46.61145  10.4%  19.9 10389s
 19774651 18092213  -44.09192  322   54  -42.23586  -46.61145  10.4%  19.9 10397s
 19812071 18100036  -45.23221  247   75  -42.23586  -46.61144  10.4%  19.9 10401s
 19821039 18111070  -46.32592  139   99  -42.23586  -46.61144  10.4%  19.9 10405s
 19831890 18120397  -46.60116   39  175  -42.23586  -46.61144  10.4%  19.9 10410s
 19842523 18130595  -46.30903  142  117  -42.23586  -46.61144  10.4%  19.9 10416s
 19851760 18138945  -45.93712  202   92  -42.23586  -46.61144  10.4%  19.9 10420s
 19865815 18152477  -44.47036  296   66  -42.23586  -46.61144  10.4%  19.9 10426s
 19875772 18163082  -45.42173  232   67  -42.23586  -46.61143  10.4%  19.9 10431s
 19888425 18168722  -45.91165  194   77  -42.23586  -46.61143  10.4%  19.9 10441s
 19893141 18175734  -44.04906  325   56  -42.23586  -46.61143  10.4%  19.9 10445s
 19902187 18186816  -45.43296  239   68  -42.23586  -46.61143  10.4%  19.9 10450s
 19917573 18199777  -44.36577  308   56  -42.23586  -46.61143  10.4%  19.9 10456s
 19926293 18208542  -45.53994  231   74  -42.23586  -46.61143  10.4%  19.9 10460s
 19941711 18222324  -44.25796  303   61  -42.23586  -46.61143  10.4%  19.9 10466s
 19949718 18228829  -45.40183  232   78  -42.23586  -46.61143  10.4%  19.9 10472s
 19959247 18239195  -46.06860  174   81  -42.23586  -46.61143  10.4%  19.9 10476s
 19969450 18249678  -46.53040   84  137  -42.23586  -46.61142  10.4%  19.9 10482s
 19979496 18258048  -46.09218  186  100  -42.23586  -46.61142  10.4%  19.9 10486s
 19987907 18265538  -45.57092  241   74  -42.23586  -46.61142  10.4%  19.9 10490s
 19991726 18265569  -45.22402  261   68  -42.23586  -46.61142  10.4%  19.9 10498s
 19991759 18268885  -45.18068  262   70  -42.23586  -46.61142  10.4%  19.9 10500s
 20001540 18279173 infeasible  300       -42.23586  -46.61142  10.4%  19.9 10506s
 20012367 18288220  -44.33104  299   87  -42.23586  -46.61142  10.4%  19.9 10510s
 20025309 18301389  -46.43327  112  121  -42.23586  -46.61142  10.4%  19.9 10517s
 20036850 18311210  -45.09449  260   66  -42.23586  -46.61142  10.4%  19.9 10521s
 20045566 18320522  -45.45152  234   66  -42.23586  -46.61142  10.4%  19.9 10525s
 20059781 18333983  -44.41212  315   56  -42.23586  -46.61141  10.4%  19.9 10531s
 20070208 18341914  -45.13491  261   66  -42.23586  -46.61141  10.4%  19.9 10535s
 20084527 18354295  -44.37983  311   48  -42.23586  -46.61141  10.4%  19.9 10541s
 20093745 18365577  -46.22356  155   95  -42.23586  -46.61141  10.4%  19.9 10545s
 20099947 18365606  -44.33404  301   62  -42.23586  -46.61141  10.4%  19.9 10554s
 20099982 18370307  -44.31265  302   64  -42.23586  -46.61141  10.4%  19.9 10556s
 20114555 18382877  -44.50575  308   56  -42.23586  -46.61141  10.4%  19.9 10561s
 20122731 18391568  -45.92115  177   86  -42.23586  -46.61141  10.4%  19.9 10565s
 20132687 18401653  -46.59843   37  176  -42.23586  -46.61141  10.4%  19.9 10572s
 20143897 18410873  -45.96183  187   94  -42.23586  -46.61141  10.4%  19.9 10575s
 20154117 18421656  -46.56737   61  158  -42.23586  -46.61140  10.4%  19.9 10583s
 20159953 18425573  -46.37929  130  124  -42.23586  -46.61140  10.4%  19.9 10585s
 20172356 18437681  -45.58276  247   77  -42.23586  -46.61140  10.4%  19.9 10591s
 20182377 18447630  -43.03850  317   68  -42.23586  -46.61140  10.4%  19.9 10596s
 20193734 18457626  -43.57522  349   49  -42.23586  -46.61140  10.4%  19.9 10600s
 20207134 18466041  -43.52872  357   47  -42.23586  -46.61140  10.4%  19.9 10613s
 20207166 18468778  -43.50584  358   49  -42.23586  -46.61140  10.4%  19.9 10615s
 20218772 18481718  -44.32236  308   54  -42.23586  -46.61140  10.4%  19.9 10622s
 20228691 18491240  -46.32232  150  103  -42.23586  -46.61140  10.4%  19.9 10626s
 20238692 18500331  -45.76834  227   78  -42.23586  -46.61140  10.4%  19.9 10631s
 20248642 18510199  -44.85095  284   54  -42.23586  -46.61140  10.4%  19.9 10636s
 20263872 18524180  -42.96391  407   45  -42.23586  -46.61140  10.4%  19.9 10642s
 20269085 18528457  -46.49589   94  132  -42.23586  -46.61139  10.4%  19.9 10645s
 20278237 18538171  -45.99605  178   96  -42.23586  -46.61139  10.4%  19.9 10651s
 20292667 18551028  -44.00019  279   71  -42.23586  -46.61139  10.4%  19.9 10657s
 20302942 18560941  -45.32963  233   75  -42.23586  -46.61139  10.4%  19.9 10661s
 20307910 18560969  -43.61686  359   46  -42.23586  -46.61139  10.4%  19.9 10670s
 20307946 18591090  -43.59051  360   50  -42.23586  -46.61139  10.4%  19.9 10682s
 20339978 18596441  -45.61517  223   69  -42.23586  -46.61139  10.4%  19.9 10685s
 20355076 18609122  -46.47287  114  116  -42.23586  -46.61139  10.4%  19.9 10691s
 20364683 18618966  -46.59644   41  173  -42.23586  -46.61139  10.4%  19.9 10697s
 20374829 18628880  -46.11532  187   86  -42.23586  -46.61139  10.4%  19.9 10702s
 20384186 18637779  -45.49518  256   62  -42.23586  -46.61139  10.4%  19.9 10705s
 20394345 18647197  -44.62024  303   54  -42.23586  -46.61139  10.4%  19.9 10711s
 20399559 18651888  -44.08968  317   52  -42.23586  -46.61138  10.4%  19.9 10715s
 20409240 18660771  -45.67791  216   76  -42.23586  -46.61138  10.4%  19.9 10720s
 20413756 18660803  -43.58290  343   43  -42.23586  -46.61138  10.4%  19.9 10729s
 20413788 18665196  -43.57726  344   46  -42.23586  -46.61138  10.4%  19.9 10731s
 20423745 18673770  -46.36997  127  116  -42.23586  -46.61138  10.4%  19.9 10737s
 20432376 18683939  -45.92024  196  106  -42.23586  -46.61138  10.4%  19.9 10741s
 20443324 18693203  -45.29941  249   85  -42.23586  -46.61138  10.4%  19.9 10745s
 20457164 18705790  -46.60403   38  175  -42.23586  -46.61138  10.4%  19.9 10751s
 20467879 18715169  -46.08294  188   90  -42.23586  -46.61138  10.4%  19.9 10756s
 20475791 18724101  -45.61242  246   60  -42.23586  -46.61138  10.4%  19.9 10760s
 20485993 18733806  -46.59336   42  171  -42.23586  -46.61138  10.4%  19.9 10766s
 20496365 18743442  -46.30322  143  114  -42.23586  -46.61138  10.4%  19.9 10773s
 20501859 18748331  -46.02897  184  103  -42.23586  -46.61138  10.4%  19.9 10775s
 20516790 18762118  -44.40432  270   71  -42.23586  -46.61138  10.4%  19.9 10781s
 20521618 18762148     cutoff  293       -42.23586  -46.61138  10.4%  19.9 10789s
 20521652 18790897     cutoff  293       -42.23586  -46.61138  10.4%  19.9 10800s

Explored 20552566 nodes (408706123 simplex iterations) in 10800.20 seconds (5681.41 work units)
Thread count was 32 (of 48 available processors)

Solution count 10: -42.2359 -42.2305 -42.1776 ... -41.8792

Time limit reached
Best objective -4.223586262318e+01, best bound -4.661136775629e+01, gap 10.3597%

