Solver command line: ['/cvmfs/restricted.computecanada.ca/easybuild/software/2023/x86-64-v3/Core/gurobi/11.0.1/bin/gurobi.sh']

Set parameter TokenServer to value "license1.computecanada.ca"
Read LP format model from file /tmp/tmpb189q5ty.pyomo.lp
Reading time = 0.00 seconds
x1: 100 rows, 100 columns, 10000 nonzeros
Read MIP start from file /tmp/tmplss0llx1.gurobi.mst
Set parameter TimeLimit to value 10800
Gurobi Optimizer version 11.0.1 build v11.0.1rc0 (linux64 - "AlmaLinux 9.6 (Sage Margay)")

CPU model: AMD EPYC 9454 48-Core Processor, instruction set [SSE2|AVX|AVX2|AVX512]
Thread count: 48 physical cores, 48 logical processors, using up to 32 threads

Optimize a model with 100 rows, 100 columns and 10000 nonzeros
Model fingerprint: 0x21721566
Model has 100 quadratic objective terms
Variable types: 0 continuous, 100 integer (0 binary)
Coefficient statistics:
  Matrix range     [7e-07, 4e-01]
  Objective range  [1e-03, 1e-01]
  QObjective range [2e-04, 1e-02]
  Bounds range     [0e+00, 0e+00]
  RHS range        [4e-03, 1e+00]

Loaded user MIP start with objective -13.77

Presolve time: 0.00s
Presolved: 100 rows, 100 columns, 10000 nonzeros
Presolved model has 100 quadratic objective terms
Variable types: 0 continuous, 100 integer (0 binary)
Found heuristic solution: objective -18.2109440

Root relaxation: objective -2.230563e+01, 55 iterations, 0.00 seconds (0.01 work units)

    Nodes    |    Current Node    |     Objective Bounds      |     Work
 Expl Unexpl |  Obj  Depth IntInf | Incumbent    BestBd   Gap | It/Node Time

     0     0  -22.30563    0  100  -18.21094  -22.30563  22.5%     -    0s
H    0     0                     -18.4314612  -22.30563  21.0%     -    0s
H    0     0                     -18.5378496  -22.30488  20.3%     -    0s
     0     0  -22.30272    0  100  -18.53785  -22.30272  20.3%     -    0s
     0     2  -22.30272    0  100  -18.53785  -22.30272  20.3%     -    0s
H   44    64                     -18.8444033  -22.30026  18.3%   2.2    0s
H   96   128                     -18.9622381  -22.29880  17.6%   2.2    0s
H  399   419                     -19.1251597  -22.29880  16.6%   2.2    1s
H 1622  1650                     -19.4240949  -22.29880  14.8%   2.9    1s
H 2812  2839                     -19.4827188  -22.29880  14.5%   4.5    1s
H 2819  2839                     -19.5601832  -22.29880  14.0%   4.5    1s
H12083 11490                     -19.9297438  -22.29832  11.9%   9.6    5s
H14239 12398                     -19.9629126  -22.29832  11.7%   8.7    6s
H17163 13532                     -20.1498444  -22.29832  10.7%   8.6    7s
H17207 13048                     -20.2298738  -22.29832  10.2%   8.6    7s
H31880 20806                     -20.3243692  -22.29832  9.71%   9.6    9s
H33615 21323                     -20.3333643  -22.29832  9.66%   9.5    9s
 39640 25809  -22.13955   73   56  -20.33336  -22.29832  9.66%   9.4   10s
H40280 25804                     -20.3508185  -22.29832  9.57%   9.5   10s
 69702 54322  -21.17658  167   29  -20.35082  -22.29550  9.56%  10.1   15s
 137304 117775  -21.47931  146   27  -20.35082  -22.29375  9.55%  11.1   20s
H179783 151127                     -20.4198100  -22.29313  9.17%  11.4   24s
 179792 154903  -22.12063   83   54  -20.41981  -22.29313  9.17%  11.4   25s
H180664 154869                     -20.4230761  -22.29313  9.16%  11.4   25s
H222197 194234                     -20.4328632  -22.29282  9.10%  11.8   28s
H228524 198428                     -20.4666181  -22.29272  8.92%  12.0   29s
 237900 207679  -22.16398   78   52  -20.46662  -22.29268  8.92%  12.1   30s
 286767 251297  -22.17666   74   52  -20.46662  -22.29234  8.92%  12.2   35s
H313523 271411                     -20.5478894  -22.29206  8.49%  12.3   37s
H317479 265422                     -20.6651587  -22.29206  7.87%  12.3   39s
 319559 269948  -22.18388   75   55  -20.66516  -22.29206  7.87%  12.3   40s
 369048 319867  -22.13573   82   53  -20.66516  -22.29173  7.87%  12.4   45s
 428710 372791  -21.81999  123   35  -20.66516  -22.29149  7.87%  12.4   50s
 468601 405852  -22.08795   95   52  -20.66516  -22.29116  7.87%  12.4   55s
H481067 406421                     -20.7825643  -22.29116  7.26%  12.6   56s
H483870 406473                     -20.8244056  -22.29115  7.04%  12.6   56s
 514535 435313  -21.47224  132   41  -20.82441  -22.29113  7.04%  12.6   60s
 549120 462620  -22.26751   36   76  -20.82441  -22.29085  7.04%  12.7   66s
 582674 500525  -20.91393  166   29  -20.82441  -22.29080  7.04%  12.6   70s
 643571 551799  -22.11624   84   45  -20.82441  -22.29054  7.04%  12.7   75s
 696273 597979  -21.96106  103   44  -20.82441  -22.29027  7.04%  12.7   80s
 750762 649033  -21.91096  125   42  -20.82441  -22.29010  7.04%  12.9   85s
 806171 695374  -21.16723  164   22  -20.82441  -22.28989  7.04%  13.0   90s
 864081 746340  -21.40674  164   23  -20.82441  -22.28972  7.04%  13.0   95s
 920406 795077  -22.25169   48   66  -20.82441  -22.28946  7.04%  13.0  100s
 976598 847414  -22.00378   94   43  -20.82441  -22.28929  7.03%  13.1  105s
 1024257 890203  -22.25613   43   69  -20.82441  -22.28917  7.03%  13.1  110s
H1057377 913095                     -20.8539274  -22.28905  6.88%  13.1  112s
 1078780 932011  -22.20259   66   61  -20.85393  -22.28900  6.88%  13.1  115s
H1091821 916734                     -20.9684870  -22.28898  6.30%  13.1  117s
 1114969 941379  -21.45869  155   25  -20.96849  -22.28895  6.30%  13.1  120s
 1167952 987069  -22.15249   75   56  -20.96849  -22.28878  6.30%  13.1  125s
 1215347 1030976  -21.19382  153   27  -20.96849  -22.28866  6.30%  13.1  130s
 1270271 1077238  -22.25108   41   73  -20.96849  -22.28853  6.30%  13.2  135s
 1319690 1119212  -22.22705   59   64  -20.96849  -22.28840  6.29%  13.2  140s
 1364542 1163034  -22.21910   64   58  -20.96849  -22.28835  6.29%  13.2  145s
 1417296 1207483  -22.06723   93   51  -20.96849  -22.28823  6.29%  13.2  150s
 1472137 1254412  -21.99069  100   39  -20.96849  -22.28809  6.29%  13.2  155s
 1525362 1300292  -22.01570   94   49  -20.96849  -22.28798  6.29%  13.2  160s
 1560918 1331252  -21.86417  112   33  -20.96849  -22.28790  6.29%  13.2  165s
 1622218 1384928  -22.25168   48   67  -20.96849  -22.28779  6.29%  13.2  170s
 1662195 1422042  -22.27826   31   81  -20.96849  -22.28773  6.29%  13.3  175s
 1712283 1465957  -22.11992   77   50  -20.96849  -22.28766  6.29%  13.3  180s
 1754466 1504734  -22.11850   79   52  -20.96849  -22.28762  6.29%  13.3  185s
 1799258 1543512  -22.15318   85   54  -20.96849  -22.28754  6.29%  13.3  190s
 1839856 1581989  -21.95580  106   41  -20.96849  -22.28751  6.29%  13.3  195s
 1891193 1625237  -22.28475   31   82  -20.96849  -22.28744  6.29%  13.3  200s
 1938415 1667643  -21.23536  174   19  -20.96849  -22.28738  6.29%  13.3  205s
 1977526 1702297  -21.33381  153   39  -20.96849  -22.28733  6.29%  13.4  210s
 2016541 1738977  -21.56139  158   28  -20.96849  -22.28732  6.29%  13.4  215s
 2060181 1773029  -22.25674   45   70  -20.96849  -22.28722  6.29%  13.4  221s
 2094512 1808303  -22.04057  103   48  -20.96849  -22.28718  6.29%  13.4  225s
 2141579 1851645  -21.83680  119   40  -20.96849  -22.28712  6.29%  13.4  230s
 2191825 1893357  -22.20699   64   59  -20.96849  -22.28705  6.29%  13.4  235s
 2231730 1930387  -22.12731   84   48  -20.96849  -22.28701  6.29%  13.4  240s
 2284112 1973975  -21.99520  107   37  -20.96849  -22.28693  6.29%  13.4  245s
 2323226 2008441  -22.12621   83   47  -20.96849  -22.28688  6.29%  13.4  250s
 2350953 2033825  -22.23945   53   64  -20.96849  -22.28687  6.29%  13.4  255s
 2394971 2075443  -22.21169   62   63  -20.96849  -22.28681  6.29%  13.4  260s
 2438122 2112587  -22.20491   60   61  -20.96849  -22.28677  6.29%  13.5  265s
 2488236 2157234  -22.22669   56   59  -20.96849  -22.28671  6.29%  13.5  270s
 2522950 2189627  -21.75212  117   42  -20.96849  -22.28669  6.29%  13.5  275s
 2571097 2228127  -21.08509  172   26  -20.96849  -22.28662  6.29%  13.5  281s
 2614397 2271627  -22.10564   88   47  -20.96849  -22.28657  6.29%  13.4  285s
 2663566 2316192  -22.26272   42   72  -20.96849  -22.28652  6.29%  13.5  290s
 2719593 2364666  -22.25436   40   73  -20.96849  -22.28647  6.29%  13.5  295s
 2764766 2402948  -22.11351   77   55  -20.96849  -22.28641  6.29%  13.5  300s
 2805444 2439260  -22.20368   66   56  -20.96849  -22.28637  6.29%  13.5  305s
 2845992 2475381  -21.67688  133   30  -20.96849  -22.28633  6.28%  13.5  310s
 2851155 2504571  -21.79975  116   40  -20.96849  -22.28631  6.28%  13.5  315s
 2918755 2542470  -22.24435   54   63  -20.96849  -22.28627  6.28%  13.5  320s
 2960633 2577915  -22.19316   68   57  -20.96849  -22.28622  6.28%  13.5  325s
 2995207 2606030  -22.27674   31   81  -20.96849  -22.28618  6.28%  13.5  330s
 3015388 2627014  -21.89439  117   43  -20.96849  -22.28618  6.28%  13.5  335s
 3053620 2659497  -22.27110   36   76  -20.96849  -22.28614  6.28%  13.5  340s
 3086787 2690346  -22.08504   87   51  -20.96849  -22.28613  6.28%  13.5  345s
 3105913 2706257  -22.21937   57   62  -20.96849  -22.28610  6.28%  13.5  350s
 3128653 2730855  -21.69087  137   30  -20.96849  -22.28609  6.28%  13.5  355s
 3158965 2758295  -22.11434   84   52  -20.96849  -22.28608  6.28%  13.5  360s
 3192160 2786539  -22.17967   72   56  -20.96849  -22.28605  6.28%  13.5  365s
 3223539 2811343  -22.20199   62   63  -20.96849  -22.28601  6.28%  13.5  370s
 3263683 2842327  -22.14033   84   49  -20.96849  -22.28597  6.28%  13.5  375s
 3289303 2870820  -22.14620   74   53  -20.96849  -22.28595  6.28%  13.5  380s
 3324957 2900490  -21.71872  130   30  -20.96849  -22.28591  6.28%  13.5  385s
 3349659 2919463  -22.13993   81   53  -20.96849  -22.28590  6.28%  13.5  391s
 3349693 2947824  -22.13688   82   53  -20.96849  -22.28590  6.28%  13.5  396s
 3399266 2970799  -21.50435  144   31  -20.96849  -22.28586  6.28%  13.5  400s
 3429864 2995803  -22.19670   70   56  -20.96849  -22.28584  6.28%  13.5  405s
 3467261 3027859  -21.35471  161   26  -20.96849  -22.28581  6.28%  13.5  410s
 3505656 3061603  -22.27027   38   78  -20.96849  -22.28576  6.28%  13.5  415s
 3530569 3082356  -22.27278   31   80  -20.96849  -22.28574  6.28%  13.5  420s
 3565000 3113066  -22.02358  104   42  -20.96849  -22.28571  6.28%  13.5  425s
 3579776 3125812  -22.26345   41   72  -20.96849  -22.28570  6.28%  13.5  430s
 3617593 3158292  -21.03095  211    8  -20.96849  -22.28567  6.28%  13.5  435s
 3646631 3185726  -22.24217   45   68  -20.96849  -22.28566  6.28%  13.5  440s
 3686313 3219682     cutoff  168       -20.96849  -22.28561  6.28%  13.5  445s
 3718354 3249227  -21.94525  114   46  -20.96849  -22.28560  6.28%  13.5  450s
 3752690 3279506  -22.26522   43   72  -20.96849  -22.28558  6.28%  13.5  455s
 3792565 3314183  -21.27919  176   20  -20.96849  -22.28554  6.28%  13.5  460s
 3840439 3353154  -22.23899   56   63  -20.96849  -22.28551  6.28%  13.5  467s
 3850243 3366966  -21.92527  113   35  -20.96849  -22.28550  6.28%  13.5  470s
 3884702 3399792  -21.78336  131   35  -20.96849  -22.28548  6.28%  13.5  475s
 3923937 3432481  -22.27722   34   79  -20.96849  -22.28546  6.28%  13.5  480s
 3967089 3471525  -21.94587  108   38  -20.96849  -22.28543  6.28%  13.5  485s
 4008844 3506491  -22.00223  108   44  -20.96849  -22.28541  6.28%  13.5  490s
 4042940 3537389  -21.85719  122   43  -20.96849  -22.28539  6.28%  13.5  495s
 4080243 3572103  -21.93855  107   35  -20.96849  -22.28536  6.28%  13.5  500s
 4113204 3597027  -21.56592  143   28  -20.96849  -22.28534  6.28%  13.5  506s
 4136449 3621597  -22.03583  104   45  -20.96849  -22.28534  6.28%  13.5  510s
 4185616 3665813  -21.09529  158   36  -20.96849  -22.28530  6.28%  13.5  515s
 4239264 3710488     cutoff  182       -20.96849  -22.28526  6.28%  13.5  520s
 4272095 3743204  -21.50417  157   26  -20.96849  -22.28523  6.28%  13.5  525s
 4308901 3771409  -22.24974   50   66  -20.96849  -22.28522  6.28%  13.5  530s
 4337463 3800798  -21.98923  103   46  -20.96849  -22.28520  6.28%  13.6  535s
 4364005 3824701  -22.13367   77   54  -20.96849  -22.28518  6.28%  13.6  540s
 4412682 3868708  -21.16112  187   21  -20.96849  -22.28516  6.28%  13.6  545s
 4455249 3906846  -22.15113   82   57  -20.96849  -22.28513  6.28%  13.6  550s
 4489844 3938145  -21.02749  164   23  -20.96849  -22.28511  6.28%  13.6  555s
 4525647 3973035  -21.19492  176   19  -20.96849  -22.28510  6.28%  13.6  560s
 4568522 4004309  -21.81174  130   28  -20.96849  -22.28506  6.28%  13.6  565s
 4607837 4044225  -21.73754  135   32  -20.96849  -22.28504  6.28%  13.6  570s
 4659103 4088801  -21.93541  109   50  -20.96849  -22.28502  6.28%  13.6  575s
 4697855 4123262  -21.49848  154   24  -20.96849  -22.28499  6.28%  13.6  580s
 4730130 4151395  -22.13165   76   54  -20.96849  -22.28496  6.28%  13.6  585s
 4763087 4184333  -21.88908  110   38  -20.96849  -22.28495  6.28%  13.6  590s
 4801369 4211732  -21.67720  136   27  -20.96849  -22.28493  6.28%  13.6  595s
 4841909 4250006  -22.27592   34   80  -20.96849  -22.28490  6.28%  13.6  600s
 4887628 4290492  -21.77429  128   29  -20.96849  -22.28486  6.28%  13.6  605s
 4945300 4339101  -22.06714   95   49  -20.96849  -22.28482  6.28%  13.6  610s
 4985712 4374842  -21.66073  131   30  -20.96849  -22.28480  6.28%  13.6  615s
 5027258 4411964  -22.07402   95   47  -20.96849  -22.28478  6.28%  13.6  620s
 5063384 4443541  -22.14139   79   51  -20.96849  -22.28475  6.28%  13.6  625s
 5093761 4465929  -22.21202   61   58  -20.96849  -22.28473  6.28%  13.5  631s
 5093793 4494856  -22.20923   62   60  -20.96849  -22.28473  6.28%  13.5  635s
 5151145 4520688  -21.97089  100   47  -20.96849  -22.28470  6.28%  13.6  640s
 5191006 4556968  -22.15591   78   53  -20.96849  -22.28468  6.28%  13.6  645s
 5226737 4589210  -21.75754  129   30  -20.96849  -22.28466  6.28%  13.6  650s
 5279155 4636006  -21.82507  125   38  -20.96849  -22.28464  6.28%  13.6  655s
 5323213 4675579  -21.84346  127   38  -20.96849  -22.28461  6.28%  13.6  660s
 5345691 4690180  -21.89591  114   39  -20.96849  -22.28460  6.28%  13.6  665s
 5371252 4717470  -22.07561   92   42  -20.96849  -22.28458  6.28%  13.6  670s
 5401618 4746875  -20.98488  174   20  -20.96849  -22.28458  6.28%  13.6  675s
 5441923 4781260  -21.85475  119   37  -20.96849  -22.28456  6.28%  13.6  680s
 5480473 4816058  -22.06185   90   47  -20.96849  -22.28454  6.28%  13.6  685s
 5523393 4855067  -21.40448  156   25  -20.96849  -22.28452  6.28%  13.6  690s
 5558680 4886189  -22.28101   29   82  -20.96849  -22.28451  6.28%  13.6  695s
 5584586 4911033  -21.65490  146   28  -20.96849  -22.28450  6.28%  13.6  700s
 5623061 4944230  -21.26179  167   19  -20.96849  -22.28447  6.28%  13.6  705s
 5664785 4980665  -21.90915  109   36  -20.96849  -22.28446  6.28%  13.6  710s
 5726825 5032494  -22.08731   87   45  -20.96849  -22.28441  6.28%  13.6  715s
 5767371 5072078  -21.22302  156   28  -20.96849  -22.28440  6.28%  13.6  720s
 5809156 5108801  -22.22437   62   58  -20.96849  -22.28439  6.28%  13.6  725s
 5833419 5127438  -22.10775   90   45  -20.96849  -22.28439  6.28%  13.6  730s
 5871511 5165415  -22.00952  112   40  -20.96849  -22.28437  6.28%  13.6  735s
 5905071 5196480  -21.28166  151   36  -20.96849  -22.28436  6.28%  13.6  740s
 5951558 5238010  -22.06419   94   43  -20.96849  -22.28434  6.28%  13.6  745s
 5998363 5278229  -22.22180   65   56  -20.96849  -22.28432  6.28%  13.6  750s
 6035412 5311620  -21.83416  134   32  -20.96849  -22.28430  6.28%  13.7  755s
 6072129 5345885  -21.93613  117   36  -20.96849  -22.28428  6.28%  13.6  760s
 6087696 5358222  -22.17754   69   55  -20.96849  -22.28428  6.28%  13.7  765s
 6135853 5401208  -21.81897  121   32  -20.96849  -22.28426  6.28%  13.7  770s
 6166765 5430643  -21.16355  170   18  -20.96849  -22.28425  6.27%  13.7  775s
 6211867 5469194  -21.75058  127   30  -20.96849  -22.28423  6.27%  13.7  780s
 6245051 5500449  -22.25736   42   74  -20.96849  -22.28422  6.27%  13.7  785s
 6293205 5540304  -20.97109  180   17  -20.96849  -22.28419  6.27%  13.7  790s
 6326870 5565209  -21.94061  123   44  -20.96849  -22.28418  6.27%  13.7  796s
 6358486 5597978  -21.74013  134   32  -20.96849  -22.28416  6.27%  13.7  800s
 6392399 5629900  -22.24060   54   66  -20.96849  -22.28415  6.27%  13.7  805s
 6428774 5661207  -22.22120   59   65  -20.96849  -22.28413  6.27%  13.7  810s
 6466588 5693664  -22.07739   96   50  -20.96849  -22.28412  6.27%  13.7  815s
 6506141 5728952  -22.19374   67   57  -20.96849  -22.28410  6.27%  13.7  820s
 6547819 5763425  -22.24099   47   72  -20.96849  -22.28408  6.27%  13.7  825s
 6583231 5797570  -22.21908   60   60  -20.96849  -22.28406  6.27%  13.7  830s
 6594080 5804454  -22.16382   79   50  -20.96849  -22.28405  6.27%  13.7  835s
 6632135 5839050  -22.15385   76   52  -20.96849  -22.28404  6.27%  13.6  840s
 6671357 5874134  -21.76277  127   33  -20.96849  -22.28402  6.27%  13.6  845s
 6704334 5903533  -22.08057   95   47  -20.96849  -22.28400  6.27%  13.6  850s
 6747669 5939927  -21.96007   99   51  -20.96849  -22.28398  6.27%  13.6  855s
 6778437 5972113  -21.59395  135   35  -20.96849  -22.28397  6.27%  13.6  860s
 6816233 6005407  -20.97464  176   26  -20.96849  -22.28396  6.27%  13.6  865s
 6833277 6044280  -21.91377  116   46  -20.96849  -22.28396  6.27%  13.6  873s
 6870487 6053580  -22.07228   96   47  -20.96849  -22.28395  6.27%  13.6  875s
 6897881 6078040  -22.04031   98   40  -20.96849  -22.28394  6.27%  13.6  880s
 6932955 6109962  -21.44106  145   27  -20.96849  -22.28393  6.27%  13.7  885s
 6979280 6148813  -22.27130   41   75  -20.96849  -22.28391  6.27%  13.7  890s
 7017142 6184402  -22.27045   35   80  -20.96849  -22.28389  6.27%  13.7  895s
 7066832 6223078  -22.18430   71   58  -20.96849  -22.28388  6.27%  13.7  901s
 7095875 6253231  -21.48244  153   27  -20.96849  -22.28388  6.27%  13.7  905s
 7143005 6293104  -22.20043   68   62  -20.96849  -22.28384  6.27%  13.7  910s
 7188092 6334400  -22.07018   95   48  -20.96849  -22.28382  6.27%  13.6  915s
 7228966 6371863  -22.23661   49   66  -20.96849  -22.28381  6.27%  13.7  920s
 7268942 6408599  -21.36015  166   26  -20.96849  -22.28379  6.27%  13.7  925s
 7315187 6445996  -21.37694  173   24  -20.96849  -22.28377  6.27%  13.7  930s
 7343522 6469487  -21.07848  184   17  -20.96849  -22.28376  6.27%  13.7  935s
 7377550 6501503  -21.90592  111   44  -20.96849  -22.28375  6.27%  13.6  940s
 7425593 6543024  -21.81260  111   43  -20.96849  -22.28373  6.27%  13.6  945s
 7458984 6574435  -22.27182   35   79  -20.96849  -22.28372  6.27%  13.6  950s
 7518379 6625729  -22.10466   90   54  -20.96849  -22.28370  6.27%  13.6  955s
 7552705 6653958  -22.17231   71   53  -20.96849  -22.28368  6.27%  13.6  960s
 7600792 6698506  -21.44457  152   39  -20.96849  -22.28368  6.27%  13.6  965s
 7636986 6729867  -22.22016   59   59  -20.96849  -22.28366  6.27%  13.6  970s
 7677816 6767957  -21.87882  113   43  -20.96849  -22.28364  6.27%  13.6  975s
 7723245 6806469  -22.28186   23   88  -20.96849  -22.28363  6.27%  13.6  980s
 7762040 6842621  -21.98369  106   46  -20.96849  -22.28362  6.27%  13.6  985s
 7786077 6865089  -21.78481  133   26  -20.96849  -22.28361  6.27%  13.7  990s
 7830552 6904131  -21.14088  178   20  -20.96849  -22.28360  6.27%  13.7  995s
 7879020 6947709  -22.14157   80   51  -20.96849  -22.28358  6.27%  13.7 1000s
 7912784 6974294  -22.25853   44   73  -20.96849  -22.28357  6.27%  13.7 1005s
 7943079 7005517  -21.96807  112   37  -20.96849  -22.28357  6.27%  13.7 1010s
 7978380 7038187     cutoff  189       -20.96849  -22.28356  6.27%  13.7 1015s
 8014524 7065810  -22.08792   87   54  -20.96849  -22.28355  6.27%  13.7 1021s
 8057476 7107767  -22.25082   44   71  -20.96849  -22.28353  6.27%  13.7 1025s
 8103121 7150301  -21.50585  129   44  -20.96849  -22.28353  6.27%  13.7 1030s
 8142859 7186032  -21.91674  113   45  -20.96849  -22.28351  6.27%  13.7 1035s
 8183299 7218918     cutoff  184       -20.96849  -22.28351  6.27%  13.7 1040s
 8230886 7265351  -21.04193  162   22  -20.96849  -22.28349  6.27%  13.7 1045s
 8254452 7285203  -21.42493  158   30  -20.96849  -22.28348  6.27%  13.7 1050s
 8301671 7329497  -22.17780   71   61  -20.96849  -22.28346  6.27%  13.7 1055s
 8349204 7369506  -22.22344   62   59  -20.96849  -22.28345  6.27%  13.7 1060s
 8389076 7406002  -22.26869   39   75  -20.96849  -22.28343  6.27%  13.7 1065s
 8428294 7440077  -22.16918   76   56  -20.96849  -22.28342  6.27%  13.7 1070s
 8473909 7479502  -21.82248  126   42  -20.96849  -22.28341  6.27%  13.7 1075s
 8501103 7502826  -21.37161  145   38  -20.96849  -22.28340  6.27%  13.7 1080s
 8556935 7555778  -21.86979  119   36  -20.96849  -22.28338  6.27%  13.7 1085s
 8604199 7595159  -22.17687   71   56  -20.96849  -22.28337  6.27%  13.7 1090s
 8635313 7624292  -21.98351  109   41  -20.96849  -22.28336  6.27%  13.7 1095s
 8680559 7665859  -21.90336  119   38  -20.96849  -22.28335  6.27%  13.7 1100s
 8721936 7704598  -21.78073  128   29  -20.96849  -22.28334  6.27%  13.7 1105s
 8752383 7727217  -21.81902  127   35  -20.96849  -22.28334  6.27%  13.7 1110s
 8788261 7765312  -21.57461  154   25  -20.96849  -22.28332  6.27%  13.7 1115s
 8831623 7802118  -22.05430   98   47  -20.96849  -22.28331  6.27%  13.7 1120s
 8873080 7837986  -21.97818  101   39  -20.96849  -22.28329  6.27%  13.7 1125s
 8904876 7866350  -22.03087  106   42  -20.96849  -22.28328  6.27%  13.7 1130s
 8931598 7892023  -21.34088  161   24  -20.96849  -22.28328  6.27%  13.7 1135s
 8961955 7912624  -22.26085   39   78  -20.96849  -22.28326  6.27%  13.7 1141s
 8986577 7936911  -22.20344   59   67  -20.96849  -22.28326  6.27%  13.7 1145s
 9024241 7971433  -21.76095  130   36  -20.96849  -22.28325  6.27%  13.7 1150s
 9064774 8009958  -21.37689  159   25  -20.96849  -22.28324  6.27%  13.7 1155s
 9107491 8044814  -22.09999   87   48  -20.96849  -22.28323  6.27%  13.7 1160s
 9143292 8081084  -22.00039  108   44  -20.96849  -22.28322  6.27%  13.7 1165s
 9194161 8124780  -21.92509  114   41  -20.96849  -22.28320  6.27%  13.7 1170s
 9227148 8153613  -21.96373  111   40  -20.96849  -22.28319  6.27%  13.7 1175s
 9272767 8196493  -21.93528  112   43  -20.96849  -22.28317  6.27%  13.7 1180s
 9326029 8238847  -22.16698   71   54  -20.96849  -22.28315  6.27%  13.7 1185s
 9370048 8278138  -22.24645   46   70  -20.96849  -22.28314  6.27%  13.7 1190s
 9419034 8323010  -21.52965  147   24  -20.96849  -22.28314  6.27%  13.7 1195s
 9445626 8346962  -21.36812  149   26  -20.96849  -22.28312  6.27%  13.7 1200s
 9498348 8390543  -22.26965   37   78  -20.96849  -22.28311  6.27%  13.7 1205s
 9532563 8423384  -21.81358  119   31  -20.96849  -22.28310  6.27%  13.7 1210s
 9570394 8459307  -22.04155  101   40  -20.96849  -22.28309  6.27%  13.7 1215s
 9624414 8504092  -22.00701  102   45  -20.96849  -22.28307  6.27%  13.7 1220s
 9667035 8541184  -22.25327   47   68  -20.96849  -22.28306  6.27%  13.7 1225s
 9702351 8570031  -21.94360  105   47  -20.96849  -22.28305  6.27%  13.7 1231s
 9734280 8605443  -21.61560  141   26  -20.96849  -22.28304  6.27%  13.7 1235s
 9770690 8634878  -22.14183   82   51  -20.96849  -22.28303  6.27%  13.7 1240s
 9812898 8672354  -22.12267   81   57  -20.96849  -22.28302  6.27%  13.7 1245s
 9850956 8709072  -21.45612  155   22  -20.96849  -22.28302  6.27%  13.7 1250s
 9890019 8744540  -22.02507  100   44  -20.96849  -22.28301  6.27%  13.7 1255s
 9930988 8780124  -22.23694   51   67  -20.96849  -22.28299  6.27%  13.7 1260s
 9941878 8792331  -21.95903  108   37  -20.96849  -22.28299  6.27%  13.7 1265s
 9991982 8835858  -22.02183   88   43  -20.96849  -22.28298  6.27%  13.7 1270s
 10032624 8870264  -22.23364   52   68  -20.96849  -22.28297  6.27%  13.7 1275s
 10069634 8905919  -21.86825  122   40  -20.96849  -22.28296  6.27%  13.7 1280s
 10116181 8946151  -21.42881  152   35  -20.96849  -22.28295  6.27%  13.7 1285s
 10149243 8976341  -21.80413  120   43  -20.96849  -22.28295  6.27%  13.7 1290s
 10174366 8995068  -22.24967   46   71  -20.96849  -22.28294  6.27%  13.7 1295s
 10213236 9033360  -21.72838  119   39  -20.96849  -22.28293  6.27%  13.7 1300s
 10252195 9068559  -22.05936   98   43  -20.96849  -22.28292  6.27%  13.7 1305s
 10292642 9106050  -22.17089   75   53  -20.96849  -22.28291  6.27%  13.7 1310s
 10332391 9138647  -22.27888   33   80  -20.96849  -22.28290  6.27%  13.7 1316s
 10360717 9169128  -21.79193  123   43  -20.96849  -22.28290  6.27%  13.7 1320s
 10414250 9214662  -22.11798   87   46  -20.96849  -22.28288  6.27%  13.7 1325s
 10462286 9256574  -21.01216  149   36  -20.96849  -22.28286  6.27%  13.7 1330s
 10510008 9295925  -22.19140   63   61  -20.96849  -22.28284  6.27%  13.7 1335s
 10561968 9340822  -22.22087   58   59  -20.96849  -22.28283  6.27%  13.7 1340s
 10595018 9371586  -22.04214   85   50  -20.96849  -22.28282  6.27%  13.7 1345s
 10611684 9388944  -22.13790   76   52  -20.96849  -22.28282  6.27%  13.7 1350s
 10657887 9428710  -22.24526   50   72  -20.96849  -22.28281  6.27%  13.7 1355s
 10707489 9472054  -22.04817   98   47  -20.96849  -22.28279  6.27%  13.7 1360s
 10750568 9508640  -22.16948   70   57  -20.96849  -22.28278  6.27%  13.7 1365s
 10795453 9548773  -22.17504   71   60  -20.96849  -22.28277  6.27%  13.7 1370s
 10843505 9591150  -22.18315   75   57  -20.96849  -22.28276  6.27%  13.7 1375s
 10877130 9622576  -21.19202  171   22  -20.96849  -22.28276  6.27%  13.7 1380s
 10922570 9664270  -21.59226  140   30  -20.96849  -22.28275  6.27%  13.7 1385s
 10973119 9706002  -22.16713   75   56  -20.96849  -22.28273  6.27%  13.7 1390s
 11008195 9738351  -22.17957   71   56  -20.96849  -22.28272  6.27%  13.7 1395s
 11056276 9784143  -21.00588  186   19  -20.96849  -22.28272  6.27%  13.7 1400s
 11097179 9819422  -21.01784  184   21  -20.96849  -22.28270  6.27%  13.7 1405s
 11158397 9870037  -22.08503   91   45  -20.96849  -22.28268  6.27%  13.7 1410s
 11197754 9904573  -22.08971   96   47  -20.96849  -22.28267  6.27%  13.7 1415s
 11231167 9938286  -22.20527   60   62  -20.96849  -22.28267  6.27%  13.7 1420s
 11268234 9969959  -21.99194  102   38  -20.96849  -22.28266  6.27%  13.7 1425s
 11315522 10009840  -22.22278   59   62  -20.96849  -22.28265  6.27%  13.7 1430s
 11356888 10044591  -22.23460   55   65  -20.96849  -22.28263  6.27%  13.7 1435s
 11411307 10095731  -22.23511   48   68  -20.96849  -22.28262  6.27%  13.7 1440s
 11464046 10140701  -22.24479   53   64  -20.96849  -22.28261  6.27%  13.7 1445s
 11494891 10171794  -22.01215   97   40  -20.96849  -22.28261  6.27%  13.7 1450s
 11520793 10190527  -22.26550   43   74  -20.96849  -22.28260  6.27%  13.7 1455s
 11562363 10231353  -21.99306  101   42  -20.96849  -22.28259  6.27%  13.7 1460s
 11611448 10276236  -21.23649  152   33  -20.96849  -22.28258  6.27%  13.7 1465s
 11656519 10315065  -22.23162   52   66  -20.96849  -22.28257  6.27%  13.7 1470s
 11697940 10352254  -21.87766  122   39  -20.96849  -22.28256  6.27%  13.7 1475s
 11739554 10384208  -22.18216   70   53  -20.96849  -22.28255  6.27%  13.7 1481s
 11757521 10404337  -21.84268  122   34  -20.96849  -22.28254  6.27%  13.7 1485s
 11789916 10431674  -22.10858   93   47  -20.96849  -22.28254  6.27%  13.7 1490s
 11837821 10475782  -21.00932  182   19  -20.96849  -22.28253  6.27%  13.7 1495s
 11885306 10519413  -21.68500  143   34  -20.96849  -22.28252  6.27%  13.7 1500s
 11931578 10557623  -22.11450   89   54  -20.96849  -22.28251  6.27%  13.7 1505s
 11974971 10596859  -21.64615  128   38  -20.96849  -22.28250  6.27%  13.7 1510s
 12001303 10621013  -21.30154  173   27  -20.96849  -22.28249  6.27%  13.7 1515s
 12054866 10668404  -22.18946   69   53  -20.96849  -22.28248  6.27%  13.7 1520s
 12118183 10722450  -22.09243   89   47  -20.96849  -22.28247  6.27%  13.7 1525s
 12193136 10787448  -22.20980   61   62  -20.96849  -22.28245  6.27%  13.7 1530s
 12235671 10826497  -22.20050   71   54  -20.96849  -22.28244  6.27%  13.7 1535s
 12273064 10860756  -21.78291  123   37  -20.96849  -22.28243  6.27%  13.7 1540s
 12320381 10903973  -21.77814  128   34  -20.96849  -22.28242  6.27%  13.7 1545s
 12389823 10964634  -22.23321   56   65  -20.96849  -22.28241  6.27%  13.7 1550s
 12437170 11007450  -21.95627  119   40  -20.96849  -22.28239  6.27%  13.7 1555s
 12482589 11043851  -22.22625   58   64  -20.96849  -22.28239  6.27%  13.7 1561s
 12529654 11087356  -22.26204   42   72  -20.96849  -22.28238  6.27%  13.7 1565s
 12584104 11141519  -21.53055  148   34  -20.96849  -22.28237  6.27%  13.7 1570s
 12644818 11192781  -22.19763   63   58  -20.96849  -22.28235  6.27%  13.7 1575s
 12697758 11238886  -21.69565  142   34  -20.96849  -22.28234  6.27%  13.7 1580s
 12743104 11274274  -21.77928  129   34  -20.96849  -22.28233  6.27%  13.7 1585s
 12786951 11317753  -22.18457   68   55  -20.96849  -22.28232  6.27%  13.7 1590s
 12841242 11364608  -21.93213  112   39  -20.96849  -22.28231  6.27%  13.7 1595s
 12900531 11419485  -21.80933  126   39  -20.96849  -22.28230  6.27%  13.7 1600s
 12954406 11467325  -21.52905  153   28  -20.96849  -22.28229  6.27%  13.7 1605s
 12992797 11498810  -21.73457  132   34  -20.96849  -22.28227  6.27%  13.7 1610s
 13050167 11551557  -22.22890   60   61  -20.96849  -22.28226  6.27%  13.7 1615s
 13105053 11598122  -21.38085  139   31  -20.96849  -22.28225  6.27%  13.7 1620s
 13165033 11651881  -20.99740  164   30  -20.96849  -22.28224  6.27%  13.7 1625s
 13219471 11699948  -22.01552  105   40  -20.96849  -22.28223  6.27%  13.7 1630s
 13241350 11744629  -22.10565   90   50  -20.96849  -22.28222  6.27%  13.7 1636s
 13301993 11773388  -22.24017   51   70  -20.96849  -22.28221  6.27%  13.7 1640s
 13363326 11832019  -22.24214   49   66  -20.96849  -22.28220  6.27%  13.7 1645s
 13426803 11888462  -21.09216  176   19  -20.96849  -22.28220  6.27%  13.7 1650s
 13471760 11926327  -21.80068  123   32  -20.96849  -22.28218  6.27%  13.7 1655s
 13527886 11978509  -21.91060  108   43  -20.96849  -22.28217  6.27%  13.7 1660s
 13590445 12033082  -22.24562   49   68  -20.96849  -22.28216  6.26%  13.7 1665s
 13642829 12081312  -22.11795   81   52  -20.96849  -22.28215  6.26%  13.7 1670s
 13691937 12124795  -21.64087  127   39  -20.96849  -22.28214  6.26%  13.7 1675s
 13715923 12149169  -21.05397  158   27  -20.96849  -22.28214  6.26%  13.7 1680s
 13781773 12209261  -22.26111   46   69  -20.96849  -22.28213  6.26%  13.7 1685s
 13845309 12263840  -22.25729   47   70  -20.96849  -22.28211  6.26%  13.7 1690s
 13902564 12312780  -21.94456  112   35  -20.96849  -22.28210  6.26%  13.7 1695s
 13962535 12361411  -22.25730   44   71  -20.96849  -22.28209  6.26%  13.7 1701s
 13989052 12391662  -21.90242  110   45  -20.96849  -22.28209  6.26%  13.7 1705s
 14045654 12438875  -21.71288  132   33  -20.96849  -22.28208  6.26%  13.7 1710s
 14108184 12492846  -21.66661  138   30  -20.96849  -22.28206  6.26%  13.7 1715s
 14162171 12540356     cutoff  194       -20.96849  -22.28204  6.26%  13.7 1720s
 14219032 12589968  -21.83728  127   33  -20.96849  -22.28203  6.26%  13.7 1725s
 14249858 12617153  -22.12772   89   54  -20.96849  -22.28203  6.26%  13.7 1730s
 14312043 12672850  -21.89752  116   43  -20.96849  -22.28201  6.26%  13.7 1735s
 14373850 12728457  -21.88209  121   35  -20.96849  -22.28200  6.26%  13.7 1740s
 14442118 12788764  -22.01480   97   49  -20.96849  -22.28199  6.26%  13.7 1745s
 14498536 12831988  -21.80676  129   34  -20.96849  -22.28198  6.26%  13.7 1750s
 14550570 12883000  -21.87722  111   42  -20.96849  -22.28197  6.26%  13.7 1755s
 14610680 12937428  -21.02757  176   20  -20.96849  -22.28196  6.26%  13.7 1760s
 14686458 13003297  -22.05852   92   42  -20.96849  -22.28194  6.26%  13.7 1765s
 14744814 13048652  -21.88820  111   41  -20.96849  -22.28193  6.26%  13.7 1771s
 14793328 13095262  -22.09673   90   46  -20.96849  -22.28192  6.26%  13.7 1775s
 14855965 13150142     cutoff  189       -20.96849  -22.28191  6.26%  13.7 1780s
 14911193 13202775  -22.26907   36   76  -20.96849  -22.28190  6.26%  13.7 1785s
 14972660 13255159  -22.17089   77   56  -20.96849  -22.28188  6.26%  13.7 1790s
 15014432 13286278  -22.24477   46   66  -20.96849  -22.28188  6.26%  13.7 1795s
 15061016 13329942  -22.17989   71   58  -20.96849  -22.28187  6.26%  13.7 1800s
 15120232 13385443  -22.23821   52   70  -20.96849  -22.28186  6.26%  13.7 1805s
 15163703 13426143  -22.08102   96   48  -20.96849  -22.28185  6.26%  13.7 1810s
 15216383 13470271  -21.45583  172   28  -20.96849  -22.28184  6.26%  13.7 1815s
 15257040 13503539  -21.34663  157   23  -20.96849  -22.28183  6.26%  13.7 1820s
 15311837 13555111  -22.27731   33   80  -20.96849  -22.28183  6.26%  13.7 1825s
 15374498 13611029  -21.57173  137   33  -20.96849  -22.28182  6.26%  13.7 1830s
 15408994 13642954  -22.06762   94   49  -20.96849  -22.28181  6.26%  13.7 1835s
 15454978 13685422  -22.23752   51   66  -20.96849  -22.28181  6.26%  13.7 1840s
 15478748 13731060  -22.00622  105   44  -20.96849  -22.28180  6.26%  13.7 1846s
 15556576 13775705  -22.15105   74   50  -20.96849  -22.28179  6.26%  13.7 1850s
 15609528 13827354  -21.61161  131   38  -20.96849  -22.28178  6.26%  13.7 1855s
 15673003 13878624  -21.53620  138   28  -20.96849  -22.28177  6.26%  13.7 1860s
 15722112 13923553  -22.19724   63   61  -20.96849  -22.28176  6.26%  13.7 1865s
 15756753 13951361  -22.18371   72   55  -20.96849  -22.28175  6.26%  13.7 1870s
 15814085 14002030  -22.18843   71   59  -20.96849  -22.28174  6.26%  13.7 1875s
 15879204 14062617  -21.11162  167   33  -20.96849  -22.28173  6.26%  13.7 1880s
 15931524 14110304  -20.99376  161   22  -20.96849  -22.28173  6.26%  13.7 1885s
 15985738 14156686  -21.71025  132   31  -20.96849  -22.28172  6.26%  13.7 1890s
 16013345 14185277  -22.25753   45   72  -20.96849  -22.28171  6.26%  13.7 1895s
 16070241 14233631  -22.27503   31   81  -20.96849  -22.28170  6.26%  13.7 1900s
 16123344 14281597  -22.01504  105   44  -20.96849  -22.28170  6.26%  13.7 1905s
 16173259 14326316  -21.84075  129   34  -20.96849  -22.28169  6.26%  13.7 1910s
 16220791 14369804  -21.98840   97   48  -20.96849  -22.28168  6.26%  13.7 1915s
 16252859 14396703  -22.12256   85   50  -20.96849  -22.28168  6.26%  13.7 1920s
 16305724 14446401  -21.97536  103   46  -20.96849  -22.28167  6.26%  13.7 1925s
 16370219 14501729  -22.10936   79   50  -20.96849  -22.28166  6.26%  13.7 1930s
 16436308 14561175  -22.19161   70   54  -20.96849  -22.28165  6.26%  13.7 1935s
 16486524 14607429  -21.81801  124   35  -20.96849  -22.28164  6.26%  13.7 1940s
 16508938 14626849  -22.12861   83   47  -20.96849  -22.28164  6.26%  13.7 1945s
 16565895 14680273  -21.65226  135   34  -20.96849  -22.28163  6.26%  13.7 1950s
 16617244 14724362  -22.08679   89   49  -20.96849  -22.28162  6.26%  13.7 1955s
 16682467 14777802  -22.18721   66   58  -20.96849  -22.28160  6.26%  13.7 1960s
 16720434 14815310  -21.68706  133   30  -20.96849  -22.28160  6.26%  13.7 1965s
 16762975 14847288  -22.07334   92   48  -20.96849  -22.28159  6.26%  13.7 1970s
 16809287 14891682  -22.22338   59   64  -20.96849  -22.28158  6.26%  13.7 1975s
 16856256 14934058  -22.17417   73   56  -20.96849  -22.28158  6.26%  13.7 1980s
 16908425 14980723  -22.03060   94   44  -20.96849  -22.28157  6.26%  13.7 1985s
 16958685 15022246  -22.23294   54   67  -20.96849  -22.28156  6.26%  13.7 1990s
 17009022 15069267  -21.79783  129   38  -20.96849  -22.28155  6.26%  13.7 1995s
 17044287 15098552  -22.25269   43   71  -20.96849  -22.28154  6.26%  13.7 2000s
 17104234 15151378  -21.73514  140   32  -20.96849  -22.28153  6.26%  13.7 2005s
 17156326 15195948  -21.47652  143   29  -20.96849  -22.28152  6.26%  13.7 2010s
 17202651 15240041  -21.90147  116   38  -20.96849  -22.28152  6.26%  13.7 2015s
 17258177 15286453  -22.05827   90   46  -20.96849  -22.28151  6.26%  13.7 2020s
 17305437 15325517  -21.74072  129   30  -20.96849  -22.28150  6.26%  13.7 2025s
 17329369 15346910  -22.11799   87   48  -20.96849  -22.28149  6.26%  13.7 2030s
 17367664 15381915  -22.25780   44   75  -20.96849  -22.28149  6.26%  13.7 2035s
 17413033 15424753  -22.08511   98   46  -20.96849  -22.28149  6.26%  13.7 2040s
 17455945 15464066  -21.87258  120   32  -20.96849  -22.28148  6.26%  13.7 2045s
 17508476 15506687  -22.17529   67   58  -20.96849  -22.28147  6.26%  13.7 2050s
 17551931 15543930     cutoff  183       -20.96849  -22.28147  6.26%  13.7 2056s
 17587057 15580779  -21.91494  112   42  -20.96849  -22.28146  6.26%  13.7 2060s
 17640321 15625589  -21.95868  107   39  -20.96849  -22.28145  6.26%  13.7 2065s
 17674066 15659149  -21.89129  113   46  -20.96849  -22.28145  6.26%  13.7 2070s
 17717531 15695689  -21.00413  152   30  -20.96849  -22.28145  6.26%  13.7 2075s
 17754888 15731248  -22.18167   75   55  -20.96849  -22.28144  6.26%  13.7 2080s
 17778990 15751569  -21.69172  119   43  -20.96849  -22.28144  6.26%  13.7 2085s
 17834292 15800463  -22.18552   65   61  -20.96849  -22.28143  6.26%  13.7 2090s
 17883719 15844272  -21.97509  103   44  -20.96849  -22.28142  6.26%  13.7 2095s
 17932903 15888677  -22.23459   55   63  -20.96849  -22.28141  6.26%  13.7 2100s
 17968987 15920895  -22.06608   94   44  -20.96849  -22.28141  6.26%  13.7 2105s
 18014425 15962320  -21.76724  129   32  -20.96849  -22.28140  6.26%  13.7 2110s
 18049805 15997846  -21.82023  131   36  -20.96849  -22.28140  6.26%  13.7 2115s
 18104822 16045255  -22.25786   47   70  -20.96849  -22.28140  6.26%  13.7 2120s
 18144729 16082959  -22.10370   91   50  -20.96849  -22.28139  6.26%  13.7 2125s
 18211615 16135369  -22.24384   45   69  -20.96849  -22.28138  6.26%  13.7 2130s
 18241820 16161528  -21.66019  137   37  -20.96849  -22.28137  6.26%  13.7 2136s
 18283556 16203106  -22.18905   66   56  -20.96849  -22.28137  6.26%  13.7 2140s
 18330450 16244523  -22.21484   61   64  -20.96849  -22.28136  6.26%  13.7 2145s
 18381015 16289602  -21.61486  143   26  -20.96849  -22.28136  6.26%  13.7 2150s
 18426551 16332599  -21.36635  163   28  -20.96849  -22.28135  6.26%  13.7 2155s
 18466674 16368035  -22.07976   99   48  -20.96849  -22.28134  6.26%  13.7 2160s
 18490573 16391956  -21.95328  109   44  -20.96849  -22.28134  6.26%  13.7 2165s
 18528525 16425984  -21.72020  120   39  -20.96849  -22.28134  6.26%  13.7 2170s
 18571991 16465526  -21.99477  102   47  -20.96849  -22.28133  6.26%  13.7 2175s
 18607436 16497458  -21.78548  129   42  -20.96849  -22.28133  6.26%  13.7 2180s
 18661330 16541916  -22.10703   85   52  -20.96849  -22.28132  6.26%  13.7 2185s
 18710403 16585262  -22.02178  100   43  -20.96849  -22.28131  6.26%  13.7 2190s
 18719864 16618037  -22.20881   61   61  -20.96849  -22.28131  6.26%  13.7 2195s
 18804824 16666135  -22.17445   76   52  -20.96849  -22.28129  6.26%  13.7 2200s
 18845176 16704145  -21.74827  134   30  -20.96849  -22.28129  6.26%  13.7 2205s
 18880967 16735898  -22.23065   57   65  -20.96849  -22.28128  6.26%  13.7 2210s
 18919988 16769970  -21.04448  131   27  -20.96849  -22.28128  6.26%  13.7 2215s
 18958654 16805107  -22.20540   63   64  -20.96849  -22.28127  6.26%  13.7 2220s
 18981333 16824357  -22.12079   82   51  -20.96849  -22.28127  6.26%  13.7 2225s
 19027827 16863551  -22.04880   99   45  -20.96849  -22.28126  6.26%  13.7 2230s
 19070139 16902084  -21.25762  169   27  -20.96849  -22.28125  6.26%  13.7 2235s
 19108924 16937906  -21.65166  136   32  -20.96849  -22.28125  6.26%  13.7 2240s
 19157796 16979824  -21.66340  125   40  -20.96849  -22.28124  6.26%  13.7 2245s
 19204599 17017959  -22.26467   42   70  -20.96849  -22.28123  6.26%  13.7 2250s
 19229618 17038583  -22.26370   41   76  -20.96849  -22.28123  6.26%  13.7 2255s
 19268210 17077152  -21.14525  170   27  -20.96849  -22.28123  6.26%  13.7 2260s
 19320856 17125699  -22.03556  106   43  -20.96849  -22.28122  6.26%  13.7 2265s
 19367394 17164868  -22.05499   96   49  -20.96849  -22.28121  6.26%  13.7 2270s
 19420369 17212077  -22.12655   86   44  -20.96849  -22.28120  6.26%  13.7 2275s
 19470258 17255441  -21.07008  181   19  -20.96849  -22.28120  6.26%  13.7 2280s
 19499751 17284814  -21.84286  120   32  -20.96849  -22.28120  6.26%  13.7 2285s
 19555796 17333870  -22.25654   43   72  -20.96849  -22.28119  6.26%  13.8 2290s
 19625393 17395181  -22.27597   32   80  -20.96849  -22.28118  6.26%  13.8 2295s
 19686760 17446802  -22.24884   47   71  -20.96849  -22.28117  6.26%  13.7 2300s
 19732293 17487062  -21.59783  118   43  -20.96849  -22.28116  6.26%  13.7 2305s
 19760150 17512187  -21.81545  124   42  -20.96849  -22.28116  6.26%  13.7 2310s
 19806480 17552574  -21.27563  164   27  -20.96849  -22.28115  6.26%  13.7 2315s
 19849428 17592944  -22.22386   58   61  -20.96849  -22.28115  6.26%  13.7 2320s
 19908626 17644819  -21.24309  162   22  -20.96849  -22.28114  6.26%  13.7 2325s
 19966061 17692567  -22.09024   93   50  -20.96849  -22.28113  6.26%  13.7 2330s
 20016308 17735754  -22.13711   78   55  -20.96849  -22.28112  6.26%  13.7 2335s
 20063802 17778356  -22.10332   89   45  -20.96849  -22.28111  6.26%  13.7 2340s
 20114231 17823561  -21.45769  155   32  -20.96849  -22.28111  6.26%  13.7 2345s
 20167451 17869935     cutoff  177       -20.96849  -22.28110  6.26%  13.7 2350s
 20210377 17911172  -21.97570  102   49  -20.96849  -22.28109  6.26%  13.7 2355s
 20254979 17950056  -21.85056  111   49  -20.96849  -22.28109  6.26%  13.7 2360s
 20282681 17974485  -22.21288   59   62  -20.96849  -22.28109  6.26%  13.7 2365s
 20337537 18023279  -22.21565   61   63  -20.96849  -22.28108  6.26%  13.7 2370s
 20389049 18069540  -22.21873   61   61  -20.96849  -22.28108  6.26%  13.7 2375s
 20443374 18116552  -22.20035   58   65  -20.96849  -22.28107  6.26%  13.7 2380s
 20488722 18159375  -22.03387   93   43  -20.96849  -22.28106  6.26%  13.7 2385s
 20515777 18184696  -22.25619   45   72  -20.96849  -22.28106  6.26%  13.7 2390s
 20586627 18247831  -21.30590  158   30  -20.96849  -22.28105  6.26%  13.7 2395s
 20649423 18302945  -22.22772   57   66  -20.96849  -22.28104  6.26%  13.7 2400s
 20703657 18350975  -21.48137  145   27  -20.96849  -22.28104  6.26%  13.7 2405s
 20756968 18392273  -21.99877  112   44  -20.96849  -22.28103  6.26%  13.7 2410s
 20812836 18444801  -22.07644   96   53  -20.96849  -22.28102  6.26%  13.7 2415s
 20859886 18489811  -21.72427  126   33  -20.96849  -22.28101  6.26%  13.7 2420s
 20913448 18535359  -21.09171  184   24  -20.96849  -22.28101  6.26%  13.7 2425s
 20976278 18588218  -22.08682   92   48  -20.96849  -22.28100  6.26%  13.7 2430s
 21017678 18622046  -21.59565  137   37  -20.96849  -22.28099  6.26%  13.7 2436s
 21058601 18663095  -22.18175   68   58  -20.96849  -22.28099  6.26%  13.7 2440s
 21114298 18714106  -22.26808   39   75  -20.96849  -22.28098  6.26%  13.7 2445s
 21181528 18772183  -22.27052   39   79  -20.96849  -22.28097  6.26%  13.7 2450s
 21232470 18815534  -21.95757  103   43  -20.96849  -22.28096  6.26%  13.7 2455s
 21300662 18869388  -22.21512   64   63  -20.96849  -22.28095  6.26%  13.7 2460s
 21339096 18909076  -21.89702  114   40  -20.96849  -22.28095  6.26%  13.7 2465s
 21394434 18953822  -22.25256   44   72  -20.96849  -22.28094  6.26%  13.7 2470s
 21433789 18990357  -22.22323   56   62  -20.96849  -22.28094  6.26%  13.7 2475s
 21476183 19031844  -21.86618  120   39  -20.96849  -22.28093  6.26%  13.7 2480s
 21521456 19066193  -21.83992  104   45  -20.96849  -22.28093  6.26%  13.7 2486s
 21556031 19100478  -22.22634   55   66  -20.96849  -22.28092  6.26%  13.7 2490s
H21585857 19116350                     -20.9754060  -22.28092  6.22%  13.7 2497s
 21610118 19142906  -21.90899  119   39  -20.97541  -22.28092  6.22%  13.7 2500s
 21664269 19189419  -21.98674  108   46  -20.97541  -22.28091  6.22%  13.7 2505s
 21706469 19227584  -21.23764  160   24  -20.97541  -22.28090  6.22%  13.7 2510s
 21755642 19270539  -22.22306   59   61  -20.97541  -22.28090  6.22%  13.7 2515s
 21782890 19296164  -22.04007   99   50  -20.97541  -22.28090  6.22%  13.7 2520s
 21836202 19343678  -22.23155   51   69  -20.97541  -22.28089  6.22%  13.7 2525s
 21880039 19379681  -22.21316   59   60  -20.97541  -22.28088  6.22%  13.7 2530s
 21924509 19419368  -22.15436   75   56  -20.97541  -22.28088  6.22%  13.7 2535s
 21965875 19456633  -22.27274   36   78  -20.97541  -22.28087  6.22%  13.7 2540s
 22019764 19503072  -22.27931   36   77  -20.97541  -22.28086  6.22%  13.7 2545s
 22042808 19518499  -21.92868  125   42  -20.97541  -22.28086  6.22%  13.7 2550s
 22086019 19562283  -22.16669   75   52  -20.97541  -22.28085  6.22%  13.7 2555s
 22143947 19611081  -21.45994  161   25  -20.97541  -22.28085  6.22%  13.7 2560s
 22190736 19653024  -21.84918  128   35  -20.97541  -22.28084  6.22%  13.7 2565s
 22238038 19694621  -21.80263  120   48  -20.97541  -22.28084  6.22%  13.7 2570s
 22286695 19734327  -22.07762   87   45  -20.97541  -22.28083  6.22%  13.7 2575s
 22316484 19757279  -22.22622   57   59  -20.97541  -22.28082  6.22%  13.7 2580s
 22358772 19798230  -22.09697   90   48  -20.97541  -22.28082  6.22%  13.7 2585s
 22405662 19837969  -21.88393  113   38  -20.97541  -22.28081  6.22%  13.7 2590s
 22453198 19881841  -20.99574  189   23  -20.97541  -22.28080  6.22%  13.7 2595s
 22502401 19922477     cutoff  189       -20.97541  -22.28080  6.22%  13.7 2600s
 22545488 19961612  -22.23552   56   62  -20.97541  -22.28079  6.22%  13.7 2605s
 22596467 20000893  -22.27464   31   82  -20.97541  -22.28078  6.22%  13.7 2611s
 22624118 20031208  -21.61090  140   26  -20.97541  -22.28078  6.22%  13.7 2615s
 22673387 20073433  -22.08373   86   49  -20.97541  -22.28077  6.22%  13.7 2620s
 22713806 20109542  -21.88670  116   33  -20.97541  -22.28077  6.22%  13.7 2625s
 22756488 20150077  -21.88746  118   38  -20.97541  -22.28077  6.22%  13.7 2630s
 22800419 20186505  -22.08735   93   46  -20.97541  -22.28076  6.22%  13.7 2635s
 22823877 20207734  -21.37947  153   26  -20.97541  -22.28076  6.22%  13.7 2640s
 22877278 20253904  -21.94301  114   40  -20.97541  -22.28075  6.22%  13.7 2645s
 22913203 20288612  -21.33437  163   26  -20.97541  -22.28075  6.22%  13.7 2650s
 22956335 20327253  -21.98846   95   43  -20.97541  -22.28075  6.22%  13.7 2655s
 23004452 20367676  -22.21729   54   64  -20.97541  -22.28074  6.22%  13.7 2660s
 23047696 20406468  -22.27882   27   85  -20.97541  -22.28073  6.22%  13.7 2665s
 23064698 20423907  -22.07838   89   44  -20.97541  -22.28073  6.22%  13.7 2670s
 23107156 20460809  -21.94467  115   38  -20.97541  -22.28073  6.22%  13.7 2675s
 23157353 20506414  -21.36883  145   26  -20.97541  -22.28072  6.22%  13.7 2680s
 23199332 20539300  -22.24017   53   66  -20.97541  -22.28072  6.22%  13.7 2685s
 23232133 20572383  -22.25058   46   69  -20.97541  -22.28071  6.22%  13.7 2690s
 23277012 20609889  -22.14766   80   53  -20.97541  -22.28071  6.22%  13.7 2695s
 23316976 20646443  -21.99348  105   43  -20.97541  -22.28070  6.22%  13.7 2700s
 23342882 20669015  -22.11699   79   52  -20.97541  -22.28070  6.22%  13.7 2705s
 23387140 20708030  -21.41941  158   34  -20.97541  -22.28069  6.22%  13.7 2710s
 23438607 20750867  -21.96165  107   41  -20.97541  -22.28069  6.22%  13.7 2715s
 23466719 20778456  -21.99413   93   47  -20.97541  -22.28068  6.22%  13.7 2720s
 23511658 20818193  -22.03401  106   48  -20.97541  -22.28068  6.22%  13.7 2725s
 23552020 20853003  -22.26908   35   79  -20.97541  -22.28068  6.22%  13.7 2730s
 23569817 20873338  -21.84165  105   42  -20.97541  -22.28068  6.22%  13.7 2735s
 23610296 20906518  -22.14247   80   47  -20.97541  -22.28067  6.22%  13.7 2740s
 23648877 20943320  -21.62616  129   41  -20.97541  -22.28067  6.22%  13.7 2745s
 23691162 20982520  -21.75106  128   46  -20.97541  -22.28067  6.22%  13.7 2750s
 23739346 21022670  -22.23979   54   68  -20.97541  -22.28066  6.22%  13.7 2755s
 23781787 21062322  -21.91124  107   36  -20.97541  -22.28065  6.22%  13.7 2760s
 23813654 21088810  -21.98835  100   47  -20.97541  -22.28065  6.22%  13.7 2765s
 23859222 21128803  -20.97550  193   17  -20.97541  -22.28065  6.22%  13.7 2770s
 23904280 21169343  -20.98847  189   24  -20.97541  -22.28064  6.22%  13.7 2775s
 23952941 21211852  -22.00439  102   39  -20.97541  -22.28063  6.22%  13.7 2780s
 23997228 21251580  -22.12048   85   46  -20.97541  -22.28063  6.22%  13.7 2785s
H24008185 21234095                     -20.9906065  -22.28063  6.15%  13.7 2789s
 24020095 21247959  -22.25959   39   74  -20.99061  -22.28063  6.15%  13.7 2790s
 24065594 21284479  -22.06169   98   46  -20.99061  -22.28062  6.15%  13.7 2795s
 24108279 21326977     cutoff  191       -20.99061  -22.28062  6.15%  13.7 2800s
 24156118 21366441  -21.26550  137   31  -20.99061  -22.28061  6.15%  13.7 2805s
 24201126 21404898  -22.16923   76   51  -20.99061  -22.28061  6.15%  13.7 2810s
 24242098 21442101  -21.82967  120   32  -20.99061  -22.28060  6.15%  13.7 2815s
 24289142 21480948  -21.22524  170   19  -20.99061  -22.28059  6.15%  13.7 2820s
 24329977 21518683  -21.05969  168   23  -20.99061  -22.28059  6.15%  13.7 2825s
 24368207 21551403  -22.17675   68   57  -20.99061  -22.28058  6.15%  13.7 2830s
 24409477 21585791  -21.97692  106   40  -20.99061  -22.28058  6.15%  13.7 2835s
 24445422 21616685  -21.61808  149   33  -20.99061  -22.28058  6.15%  13.7 2840s
 24482116 21649242  -21.94556  115   44  -20.99061  -22.28057  6.15%  13.7 2845s
 24516962 21681921  -22.22345   57   65  -20.99061  -22.28057  6.15%  13.7 2850s
 24535972 21702342  -21.89231  126   41  -20.99061  -22.28057  6.15%  13.7 2855s
 24569606 21730193  -21.90633  116   34  -20.99061  -22.28056  6.15%  13.7 2860s
 24607281 21763071  -21.42415  153   27  -20.99061  -22.28056  6.15%  13.7 2865s
 24645382 21797815  -21.98454  107   44  -20.99061  -22.28056  6.15%  13.7 2870s
 24682851 21828503  -22.19093   72   60  -20.99061  -22.28055  6.15%  13.7 2875s
 24718041 21862888  -22.18075   69   56  -20.99061  -22.28055  6.15%  13.7 2880s
 24754462 21894066  -22.07587   95   45  -20.99061  -22.28054  6.15%  13.7 2885s
 24785323 21921053  -22.20128   64   55  -20.99061  -22.28054  6.15%  13.7 2890s
 24830738 21959375  -22.26275   48   67  -20.99061  -22.28053  6.15%  13.7 2895s
 24862185 21989705  -22.19262   71   57  -20.99061  -22.28053  6.15%  13.7 2900s
 24894676 22020212  -21.28955  168   23  -20.99061  -22.28053  6.15%  13.7 2905s
 24935799 22054872  -22.24047   54   63  -20.99061  -22.28052  6.15%  13.7 2910s
 24980746 22093123  -22.06241   92   49  -20.99061  -22.28052  6.15%  13.7 2915s
 25015927 22124775  -22.19300   65   66  -20.99061  -22.28051  6.15%  13.7 2920s
 25037765 22146058  -22.04604   97   49  -20.99061  -22.28051  6.15%  13.7 2925s
 25067985 22173794  -21.13400  158   27  -20.99061  -22.28051  6.15%  13.7 2930s
 25114540 22212324  -22.15416   74   56  -20.99061  -22.28050  6.15%  13.7 2935s
 25150621 22244310  -21.49462  146   35  -20.99061  -22.28050  6.15%  13.7 2940s
 25191376 22282386  -22.19322   67   59  -20.99061  -22.28049  6.15%  13.7 2945s
 25230350 22315737  -21.65346  137   30  -20.99061  -22.28049  6.15%  13.7 2950s
 25269062 22349911  -22.01825  106   47  -20.99061  -22.28049  6.15%  13.7 2955s
 25298458 22378664  -22.26159   44   72  -20.99061  -22.28048  6.15%  13.7 2960s
 25343329 22416797  -22.25235   45   72  -20.99061  -22.28048  6.14%  13.7 2965s
 25391580 22458794  -22.26580   41   74  -20.99061  -22.28047  6.14%  13.7 2970s
 25438891 22500179  -21.12394  167   30  -20.99061  -22.28047  6.14%  13.7 2975s
 25479175 22537494  -21.92069  114   41  -20.99061  -22.28046  6.14%  13.7 2980s
 25529837 22581365  -21.79367  126   33  -20.99061  -22.28046  6.14%  13.7 2985s
 25553843 22625121  -22.18176   70   58  -20.99061  -22.28045  6.14%  13.7 2991s
 25606767 22647448  -21.93416  117   39  -20.99061  -22.28045  6.14%  13.7 2995s
 25644351 22682533  -22.06833   89   47  -20.99061  -22.28044  6.14%  13.7 3000s
 25679915 22713748  -21.89358  110   49  -20.99061  -22.28044  6.14%  13.7 3005s
 25722022 22746931  -22.23034   57   66  -20.99061  -22.28043  6.14%  13.7 3010s
 25757219 22781075  -21.38830  164   25  -20.99061  -22.28043  6.14%  13.7 3015s
 25794697 22812643  -22.27384   31   80  -20.99061  -22.28043  6.14%  13.7 3020s
 25816226 22833265  -21.80517  126   34  -20.99061  -22.28042  6.14%  13.7 3025s
 25856665 22868222  -21.76608  115   42  -20.99061  -22.28042  6.14%  13.7 3030s
 25900609 22908723  -22.10521   86   51  -20.99061  -22.28042  6.14%  13.7 3035s
 25944421 22946715  -21.75745  115   41  -20.99061  -22.28041  6.14%  13.7 3040s
 25977627 22977255  -22.16808   77   50  -20.99061  -22.28041  6.14%  13.7 3045s
 26014509 23008718  -22.10451   86   51  -20.99061  -22.28040  6.14%  13.7 3050s
 26055405 23041620  -21.98975  107   39  -20.99061  -22.28040  6.14%  13.7 3056s
 26072402 23063898  -22.14966   79   54  -20.99061  -22.28040  6.14%  13.7 3060s
 26122646 23106963  -21.65491  142   35  -20.99061  -22.28039  6.14%  13.7 3065s
 26167805 23143959  -21.69985  131   36  -20.99061  -22.28039  6.14%  13.7 3070s
 26201949 23176983  -22.24472   47   66  -20.99061  -22.28039  6.14%  13.7 3075s
 26231116 23203607  -21.78448  118   38  -20.99061  -22.28038  6.14%  13.7 3080s
 26277474 23244162  -22.22820   56   70  -20.99061  -22.28038  6.14%  13.7 3085s
 26315374 23271830  -22.26008   43   72  -20.99061  -22.28037  6.14%  13.7 3090s
 26351314 23307977  -22.25359   42   72  -20.99061  -22.28037  6.14%  13.7 3095s
 26397621 23348118  -21.92562  104   46  -20.99061  -22.28036  6.14%  13.7 3100s
 26432972 23380151  -21.88899  118   39  -20.99061  -22.28036  6.14%  13.7 3105s
 26477553 23419211  -21.06808  170   24  -20.99061  -22.28035  6.14%  13.7 3110s
 26520160 23457405  -22.02705  102   45  -20.99061  -22.28035  6.14%  13.7 3115s
 26556970 23488238  -22.03510   91   51  -20.99061  -22.28034  6.14%  13.7 3120s
 26603093 23530642     cutoff  177       -20.99061  -22.28034  6.14%  13.7 3125s
 26643292 23566838  -22.27469   32   81  -20.99061  -22.28034  6.14%  13.7 3130s
 26690168 23607063  -21.01828  195   17  -20.99061  -22.28033  6.14%  13.7 3135s
 26735970 23645331  -22.18859   68   59  -20.99061  -22.28033  6.14%  13.7 3140s
 26770836 23673633  -22.24416   50   64  -20.99061  -22.28032  6.14%  13.7 3145s
 26806680 23709362  -21.83764  123   39  -20.99061  -22.28032  6.14%  13.7 3150s
 26849103 23747743  -22.27918   31   80  -20.99061  -22.28032  6.14%  13.7 3155s
 26888447 23778745  -22.24644   50   69  -20.99061  -22.28031  6.14%  13.7 3160s
 26927365 23815901  -22.25915   46   70  -20.99061  -22.28031  6.14%  13.7 3165s
 26970937 23852879  -21.85219  121   35  -20.99061  -22.28030  6.14%  13.7 3170s
 27019495 23893035  -22.27393   34   83  -20.99061  -22.28030  6.14%  13.7 3175s
 27046180 23920533  -21.34498  161   27  -20.99061  -22.28029  6.14%  13.7 3180s
 27090822 23959227  -22.21919   60   63  -20.99061  -22.28029  6.14%  13.7 3185s
 27140001 24002527     cutoff  175       -20.99061  -22.28029  6.14%  13.7 3190s
 27185544 24043270  -21.81451  123   34  -20.99061  -22.28028  6.14%  13.7 3195s
 27228948 24078743  -22.00645  105   49  -20.99061  -22.28028  6.14%  13.7 3200s
 27268660 24117009  -22.25485   51   67  -20.99061  -22.28027  6.14%  13.7 3205s
 27297393 24136297  -22.18791   69   56  -20.99061  -22.28027  6.14%  13.7 3211s
 27317983 24159572  -21.04117  191   20  -20.99061  -22.28027  6.14%  13.7 3215s
 27363948 24197211  -22.24449   48   69  -20.99061  -22.28026  6.14%  13.7 3220s
 27402380 24233268  -21.89381  119   34  -20.99061  -22.28026  6.14%  13.7 3225s
 27447399 24270980  -22.11628   83   56  -20.99061  -22.28025  6.14%  13.7 3230s
 27496136 24314268  -22.12896   84   57  -20.99061  -22.28025  6.14%  13.7 3235s
 27543438 24354036  -22.21678   59   61  -20.99061  -22.28024  6.14%  13.7 3240s
 27561911 24372237  -22.13873   84   52  -20.99061  -22.28024  6.14%  13.7 3245s
 27606365 24414918  -21.11575  173   27  -20.99061  -22.28024  6.14%  13.7 3250s
 27654612 24457329  -21.46102  141   39  -20.99061  -22.28023  6.14%  13.7 3255s
 27703179 24498069  -22.12374   80   54  -20.99061  -22.28023  6.14%  13.7 3260s
 27740590 24533349  -21.52456  140   30  -20.99061  -22.28023  6.14%  13.7 3265s
 27790752 24576712  -22.07641   93   46  -20.99061  -22.28022  6.14%  13.7 3270s
 27809304 24618991  -21.83008  126   35  -20.99061  -22.28022  6.14%  13.7 3277s
H27846181 24502948                     -21.0277706  -22.28022  5.96%  13.7 3282s
 27880498 24536132  -22.23130   57   66  -21.02777  -22.28021  5.96%  13.7 3285s
 27942858 24590455  -21.89010  115   40  -21.02777  -22.28020  5.96%  13.7 3290s
 27999391 24643501  -21.75356  119   42  -21.02777  -22.28020  5.96%  13.7 3295s
 28058515 24694059  -22.06198   92   45  -21.02777  -22.28019  5.96%  13.7 3300s
 28090020 24718757  -22.24214   50   68  -21.02777  -22.28019  5.96%  13.7 3305s
 28145172 24768300  -21.51192  160   26  -21.02777  -22.28018  5.96%  13.7 3310s
 28189671 24808285  -22.15167   75   52  -21.02777  -22.28018  5.96%  13.7 3315s
 28250817 24862492  -21.47628  148   32  -21.02777  -22.28017  5.96%  13.7 3320s
 28302472 24907061  -22.00918  101   37  -21.02777  -22.28017  5.96%  13.7 3325s
 28332803 24932995  -21.45702  139   34  -21.02777  -22.28016  5.96%  13.7 3330s
 28384974 24978118  -22.27430   30   82  -21.02777  -22.28016  5.96%  13.7 3335s
 28431910 25020490  -21.88318  113   41  -21.02777  -22.28016  5.96%  13.7 3340s
 28492884 25072061  -22.25479   44   71  -21.02777  -22.28015  5.96%  13.7 3345s
 28541270 25115271  -21.69980  134   37  -21.02777  -22.28014  5.96%  13.7 3350s
 28594021 25158589  -22.04010   99   46  -21.02777  -22.28014  5.96%  13.7 3356s
 28642442 25207135  -21.77093  134   37  -21.02777  -22.28013  5.96%  13.7 3360s
 28710885 25266517  -21.19257  155   33  -21.02777  -22.28013  5.96%  13.7 3365s
 28771942 25317079  -22.27096   34   79  -21.02777  -22.28012  5.96%  13.7 3370s
 28812446 25354718  -21.89600  117   39  -21.02777  -22.28012  5.96%  13.7 3375s
 28861497 25393341  -21.66991  139   34  -21.02777  -22.28011  5.96%  13.7 3380s
 28908376 25439531  -22.04652   93   42  -21.02777  -22.28011  5.96%  13.7 3385s
 28957454 25484306  -22.21274   63   58  -21.02777  -22.28010  5.96%  13.7 3390s
 29009511 25525970  -22.25470   50   66  -21.02777  -22.28010  5.96%  13.7 3395s
 29052909 25563325  -22.19714   68   58  -21.02777  -22.28009  5.96%  13.7 3400s
 29101124 25604091  -22.00957  102   41  -21.02777  -22.28009  5.96%  13.7 3406s
 29140705 25643172  -21.78544  123   45  -21.02777  -22.28009  5.96%  13.7 3410s
 29187895 25687623  -22.18219   70   56  -21.02777  -22.28008  5.96%  13.7 3415s
 29244451 25735596  -22.17472   76   52  -21.02777  -22.28008  5.96%  13.7 3420s
 29302632 25785029  -21.93334  101   45  -21.02777  -22.28007  5.96%  13.7 3425s
 29337756 25816331  -22.09971   86   52  -21.02777  -22.28007  5.96%  13.7 3430s
 29396788 25868988  -22.19371   67   57  -21.02777  -22.28006  5.96%  13.7 3435s
 29453449 25917565  -21.10628  164   26  -21.02777  -22.28006  5.96%  13.7 3440s
 29506503 25962136  -21.67137  141   32  -21.02777  -22.28005  5.96%  13.7 3445s
 29562878 26007793  -22.22165   63   63  -21.02777  -22.28004  5.96%  13.7 3450s
 29608228 26054300  -21.91358  115   45  -21.02777  -22.28004  5.96%  13.7 3455s
 29663008 26100788  -22.12423   83   49  -21.02777  -22.28003  5.96%  13.7 3460s
 29707048 26141552  -21.91707  114   49  -21.02777  -22.28003  5.96%  13.7 3465s
 29759201 26185085  -21.95724  111   44  -21.02777  -22.28003  5.96%  13.7 3470s
 29809208 26228469  -22.03505   88   49  -21.02777  -22.28002  5.96%  13.7 3475s
 29838342 26255634  -22.27193   37   77  -21.02777  -22.28002  5.96%  13.7 3480s
 29884702 26294884  -21.67991  128   37  -21.02777  -22.28001  5.96%  13.7 3485s
 29932579 26337276  -21.75767  131   37  -21.02777  -22.28001  5.96%  13.7 3490s
 29982613 26381139  -22.16152   79   55  -21.02777  -22.28000  5.96%  13.7 3495s
 30043460 26435905  -21.54307  140   27  -21.02777  -22.28000  5.96%  13.7 3500s
 30101410 26482636  -21.39564  171   20  -21.02777  -22.28000  5.96%  13.7 3506s
 30138074 26518385  -22.20603   67   58  -21.02777  -22.27999  5.96%  13.7 3510s
 30208459 26582805  -22.24997   49   69  -21.02777  -22.27998  5.96%  13.7 3515s
 30262638 26628991  -22.19793   68   56  -21.02777  -22.27998  5.96%  13.7 3520s
 30307959 26669138  -21.51013  142   35  -21.02777  -22.27998  5.96%  13.7 3525s
 30336327 26696498  -22.14755   81   49  -21.02777  -22.27997  5.96%  13.7 3530s
 30397020 26749269  -21.84519  122   39  -21.02777  -22.27997  5.95%  13.7 3535s
 30452059 26795137  -22.27222   36   77  -21.02777  -22.27996  5.95%  13.7 3540s
 30502610 26841961  -21.94869  106   38  -21.02777  -22.27996  5.95%  13.7 3545s
 30553144 26885833  -22.01268  111   42  -21.02777  -22.27995  5.95%  13.7 3550s
 30595058 26919472  -21.74111  149   30  -21.02777  -22.27995  5.95%  13.7 3556s
 30634058 26956962  -21.99505  104   45  -21.02777  -22.27995  5.95%  13.7 3560s
 30691586 27006665  -21.88834  107   41  -21.02777  -22.27994  5.95%  13.7 3565s
 30742251 27051575  -21.47229  153   26  -21.02777  -22.27993  5.95%  13.7 3570s
 30794951 27096984  -22.20865   66   62  -21.02777  -22.27993  5.95%  13.7 3575s
 30849415 27145851  -21.66173  131   34  -21.02777  -22.27992  5.95%  13.7 3580s
 30874345 27166984     cutoff  171       -21.02777  -22.27992  5.95%  13.7 3585s
 30920443 27209040  -22.27247   33   78  -21.02777  -22.27992  5.95%  13.7 3590s
 30981859 27262263  -22.18979   74   60  -21.02777  -22.27991  5.95%  13.7 3595s
 31022854 27302659  -22.25584   46   70  -21.02777  -22.27991  5.95%  13.7 3600s
 31069304 27341248  -22.10039   82   52  -21.02777  -22.27991  5.95%  13.7 3605s
 31116929 27379811  -22.20714   63   57  -21.02777  -22.27990  5.95%  13.7 3610s
 31162061 27423840  -21.85655  117   38  -21.02777  -22.27990  5.95%  13.7 3615s
 31211454 27466179  -22.15201   76   48  -21.02777  -22.27990  5.95%  13.7 3620s
 31259871 27509304  -22.19218   73   54  -21.02777  -22.27989  5.95%  13.7 3625s
 31326193 27568384  -21.71149  140   30  -21.02777  -22.27988  5.95%  13.7 3630s
 31366615 27600630  -21.38879  160   21  -21.02777  -22.27988  5.95%  13.7 3636s
 31414319 27647201  -21.91802  115   42  -21.02777  -22.27988  5.95%  13.7 3640s
 31480563 27705567  -21.95366  110   43  -21.02777  -22.27987  5.95%  13.7 3645s
 31531287 27749336  -22.12881   87   54  -21.02777  -22.27987  5.95%  13.7 3650s
 31584451 27797696  -21.89682  118   41  -21.02777  -22.27986  5.95%  13.7 3655s
 31614155 27846256  -22.26802   39   75  -21.02777  -22.27986  5.95%  13.7 3661s
 31677520 27880255  -21.92785  111   43  -21.02777  -22.27986  5.95%  13.7 3665s
 31730103 27922318  -22.24997   47   67  -21.02777  -22.27985  5.95%  13.7 3670s
 31767293 27958140  -21.58774  139   27  -21.02777  -22.27985  5.95%  13.7 3675s
 31823243 28006230  -22.25970   38   76  -21.02777  -22.27984  5.95%  13.7 3680s
 31867502 28042277  -22.23648   53   64  -21.02777  -22.27984  5.95%  13.7 3686s
 31907918 28085507  -21.82774  117   40  -21.02777  -22.27984  5.95%  13.7 3690s
 31971143 28138585  -22.05570  100   47  -21.02777  -22.27983  5.95%  13.7 3695s
 32018688 28182037  -22.20095   65   58  -21.02777  -22.27983  5.95%  13.7 3700s
 32070107 28225709  -22.22506   57   61  -21.02777  -22.27982  5.95%  13.7 3705s
 32119503 28265581  -21.85371  118   36  -21.02777  -22.27982  5.95%  13.7 3711s
 32153801 28299922  -22.08778   91   46  -21.02777  -22.27982  5.95%  13.7 3715s
 32214101 28356137  -21.48558  139   41  -21.02777  -22.27981  5.95%  13.7 3720s
 32272645 28411009  -22.25522   41   72  -21.02777  -22.27981  5.95%  13.7 3725s
 32328470 28455138  -21.11987  169   22  -21.02777  -22.27980  5.95%  13.7 3730s
 32360147 28484033  -21.94759  118   41  -21.02777  -22.27980  5.95%  13.7 3735s
 32409345 28529531  -21.99884  102   44  -21.02777  -22.27980  5.95%  13.7 3740s
 32455968 28570657  -21.71065  149   28  -21.02777  -22.27979  5.95%  13.7 3745s
 32508491 28615820  -22.27307   34   79  -21.02777  -22.27979  5.95%  13.7 3750s
 32564455 28665263  -22.25910   46   71  -21.02777  -22.27978  5.95%  13.7 3755s
 32616371 28706161  -22.03595  105   43  -21.02777  -22.27978  5.95%  13.7 3761s
 32648647 28738621  -21.39632  173   27  -21.02777  -22.27978  5.95%  13.7 3765s
 32716678 28796156  -22.17216   75   56  -21.02777  -22.27977  5.95%  13.7 3770s
 32784711 28858452  -22.27849   29   82  -21.02777  -22.27976  5.95%  13.7 3775s
 32849069 28914737  -22.24640   50   68  -21.02777  -22.27976  5.95%  13.7 3780s
 32890904 28944673  -21.93108  112   36  -21.02777  -22.27975  5.95%  13.7 3785s
 32942263 28990951  -22.26879   36   77  -21.02777  -22.27975  5.95%  13.7 3790s
 32992742 29039670  -21.74013  127   31  -21.02777  -22.27974  5.95%  13.7 3795s
 33047799 29087295  -21.76387  126   35  -21.02777  -22.27974  5.95%  13.7 3800s
 33103189 29135547  -21.51759  156   23  -21.02777  -22.27973  5.95%  13.7 3805s
 33148921 29177721  -21.86398  122   42  -21.02777  -22.27973  5.95%  13.7 3810s
 33183086 29205205  -22.24555   45   70  -21.02777  -22.27973  5.95%  13.7 3815s
 33234807 29249210  -21.54942  152   27  -21.02777  -22.27972  5.95%  13.7 3820s
 33280531 29289854  -22.19947   68   54  -21.02777  -22.27972  5.95%  13.7 3825s
 33327039 29335324  -21.77373  130   35  -21.02777  -22.27972  5.95%  13.7 3830s
 33393434 29392383  -21.89062  119   37  -21.02777  -22.27971  5.95%  13.7 3835s
 33421879 29417400  -21.94619  108   41  -21.02777  -22.27971  5.95%  13.7 3840s
 33479721 29466735  -22.19240   70   57  -21.02777  -22.27971  5.95%  13.7 3845s
 33530714 29509846  -22.17243   62   64  -21.02777  -22.27970  5.95%  13.7 3850s
 33575732 29552495  -22.04783   99   49  -21.02777  -22.27970  5.95%  13.7 3855s
 33624373 29596806  -21.38438  151   23  -21.02777  -22.27969  5.95%  13.7 3860s
 33680379 29645525  -22.24192   52   65  -21.02777  -22.27969  5.95%  13.7 3865s
 33705752 29668484  -21.98403  107   42  -21.02777  -22.27969  5.95%  13.7 3870s
 33760159 29718969  -21.90588  110   49  -21.02777  -22.27968  5.95%  13.7 3875s
 33824797 29775271     cutoff  152       -21.02777  -22.27968  5.95%  13.7 3880s
 33865627 29812532  -21.29889  165   29  -21.02777  -22.27968  5.95%  13.7 3885s
 33915375 29857041  -22.03186   98   45  -21.02777  -22.27967  5.95%  13.7 3890s
 33950980 29882432  -22.13786   75   50  -21.02777  -22.27967  5.95%  13.7 3895s
 33991457 29923635  -22.21449   61   59  -21.02777  -22.27967  5.95%  13.7 3900s
 34042958 29971735  -21.49977  153   26  -21.02777  -22.27966  5.95%  13.7 3905s
 34092623 30014581  -22.11417   83   46  -21.02777  -22.27966  5.95%  13.7 3910s
 34143994 30060861  -22.25701   44   73  -21.02777  -22.27965  5.95%  13.7 3915s
 34187524 30100266  -21.49209  165   22  -21.02777  -22.27965  5.95%  13.7 3920s
 34220699 30130846  -21.43143  140   33  -21.02777  -22.27965  5.95%  13.7 3925s
 34295826 30193779  -22.01963   98   52  -21.02777  -22.27964  5.95%  13.7 3930s
 34362620 30251608  -22.14714   79   57  -21.02777  -22.27964  5.95%  13.7 3935s
 34403991 30288211  -22.24261   49   64  -21.02777  -22.27963  5.95%  13.7 3940s
 34453732 30331411  -22.04442  102   42  -21.02777  -22.27963  5.95%  13.7 3945s
 34495567 30367600  -22.16148   75   58  -21.02777  -22.27962  5.95%  13.7 3950s
 34562220 30427691  -22.13722   84   50  -21.02777  -22.27962  5.95%  13.7 3955s
 34632916 30486331  -22.23251   49   66  -21.02777  -22.27961  5.95%  13.7 3960s
 34691280 30538240  -22.12856   81   51  -21.02777  -22.27961  5.95%  13.7 3965s
 34715586 30562346  -22.27404   36   78  -21.02777  -22.27961  5.95%  13.7 3970s
H34718470 30514533                     -21.0364764  -22.27961  5.91%  13.7 3977s
 34745553 30538611  -22.08253   94   50  -21.03648  -22.27960  5.91%  13.7 3980s
 34809755 30594044  -21.87615  116   38  -21.03648  -22.27960  5.91%  13.7 3985s
 34854781 30636484  -22.21765   57   60  -21.03648  -22.27960  5.91%  13.7 3990s
 34904138 30681924  -22.22254   57   60  -21.03648  -22.27959  5.91%  13.7 3995s
 34951224 30718591  -21.38097  153   23  -21.03648  -22.27959  5.91%  13.7 4001s
 34985770 30756537  -21.80009  130   33  -21.03648  -22.27959  5.91%  13.7 4005s
 35049529 30814586  -21.75299  137   35  -21.03648  -22.27958  5.91%  13.7 4010s
 35122751 30873068  -22.19864   65   56  -21.03648  -22.27958  5.91%  13.7 4015s
 35197859 30942268  -22.20314   69   60  -21.03648  -22.27957  5.91%  13.7 4020s
H35221722 30605436                     -21.0823110  -22.27957  5.68%  13.7 4026s
 35256770 30639117  -21.79732  117   41  -21.08231  -22.27957  5.68%  13.7 4030s
 35324949 30700555  -21.99589  106   43  -21.08231  -22.27956  5.68%  13.7 4035s
H35358507 29087396                     -21.2290672  -22.27956  4.95%  13.7 4041s
 35395471 29122796  -21.30050  146   27  -21.22907  -22.27955  4.95%  13.7 4045s
 35439457 29163809  -21.95673  118   34  -21.22907  -22.27955  4.95%  13.7 4050s
 35465610 29186935  -22.27101   35   77  -21.22907  -22.27955  4.95%  13.7 4055s
 35540405 29250983  -22.25376   48   67  -21.22907  -22.27954  4.95%  13.7 4060s
 35607317 29308280  -22.24475   46   68  -21.22907  -22.27954  4.95%  13.7 4065s
 35650441 29350019  -22.11696   90   57  -21.22907  -22.27954  4.95%  13.6 4070s
 35695543 29385130  -22.07606   96   44  -21.22907  -22.27953  4.95%  13.6 4075s
H35695549 29373829                     -21.2299745  -22.27953  4.94%  13.6 4077s
 35718095 29396815  -22.08839   93   53  -21.22997  -22.27953  4.94%  13.6 4080s
 35773934 29449143  -21.59575  146   32  -21.22997  -22.27952  4.94%  13.6 4085s
 35839222 29505354  -21.85280  116   38  -21.22997  -22.27952  4.94%  13.7 4090s
 35884372 29546384  -21.71118  145   30  -21.22997  -22.27952  4.94%  13.7 4095s
 35936137 29585731  -22.12921   89   55  -21.22997  -22.27951  4.94%  13.6 4101s
 35977758 29624824  -21.93234  109   37  -21.22997  -22.27951  4.94%  13.6 4105s
 36031448 29675836  -22.19015   68   53  -21.22997  -22.27950  4.94%  13.6 4110s
 36080768 29719628  -21.56312  148   32  -21.22997  -22.27950  4.94%  13.6 4115s
 36136626 29768984  -21.60128  145   27  -21.22997  -22.27950  4.94%  13.6 4120s
 36177986 29800320  -22.06562  101   45  -21.22997  -22.27949  4.94%  13.6 4125s
 36226736 29848072  -22.26102   38   76  -21.22997  -22.27949  4.94%  13.6 4130s
 36279167 29895626  -21.24570  171   29  -21.22997  -22.27949  4.94%  13.6 4135s
 36336806 29944537  -22.19077   68   56  -21.22997  -22.27948  4.94%  13.6 4140s
 36387755 29991742  -22.19466   68   56  -21.22997  -22.27948  4.94%  13.6 4145s
 36420475 30019823  -22.05951   90   42  -21.22997  -22.27947  4.94%  13.6 4150s
 36471364 30063113  -22.16912   72   61  -21.22997  -22.27947  4.94%  13.6 4155s
 36521265 30112994  -22.16747   79   60  -21.22997  -22.27947  4.94%  13.6 4160s
 36570485 30154197  -22.23115   59   61  -21.22997  -22.27946  4.94%  13.6 4165s
 36623824 30199724  -22.24821   47   70  -21.22997  -22.27946  4.94%  13.6 4170s
 36649021 30221477  -22.04876   91   52  -21.22997  -22.27946  4.94%  13.6 4175s
 36703690 30270229  -21.98583  105   42  -21.22997  -22.27945  4.94%  13.6 4180s
 36745480 30306469  -22.25907   43   71  -21.22997  -22.27945  4.94%  13.6 4185s
 36800992 30356104  -21.28773  162   21  -21.22997  -22.27944  4.94%  13.6 4190s
 36862583 30407803  -22.07461   92   49  -21.22997  -22.27944  4.94%  13.6 4195s
 36898447 30441988  -21.92399  109   42  -21.22997  -22.27943  4.94%  13.6 4200s
 36961885 30499195  -21.99603  105   43  -21.22997  -22.27943  4.94%  13.6 4205s
 37016101 30545545  -22.07909   87   47  -21.22997  -22.27943  4.94%  13.6 4210s
 37055839 30581265  -22.24528   49   66  -21.22997  -22.27942  4.94%  13.6 4215s
 37096070 30615366  -22.21986   60   64  -21.22997  -22.27942  4.94%  13.6 4220s
 37129697 30646912  -22.24347   52   68  -21.22997  -22.27942  4.94%  13.6 4225s
 37200934 30705686  -22.24120   49   73  -21.22997  -22.27941  4.94%  13.6 4230s
 37250360 30755705  -21.58968  156   21  -21.22997  -22.27941  4.94%  13.6 4235s
 37304957 30800011  -22.23871   52   66  -21.22997  -22.27940  4.94%  13.6 4240s
 37342269 30830968  -21.64950  152   28  -21.22997  -22.27940  4.94%  13.6 4247s
 37368116 30858740  -22.07008   92   45  -21.22997  -22.27940  4.94%  13.6 4250s
 37412305 30895634  -22.15951   69   57  -21.22997  -22.27940  4.94%  13.6 4255s
 37473357 30948720  -22.26779   41   73  -21.22997  -22.27939  4.94%  13.6 4260s
 37531401 31003093  -21.85724  123   39  -21.22997  -22.27939  4.94%  13.6 4265s
 37580905 31040428  -21.84886  119   34  -21.22997  -22.27938  4.94%  13.6 4271s
 37621592 31080203  -21.73921  120   40  -21.22997  -22.27938  4.94%  13.6 4275s
 37696426 31142197  -22.14870   77   50  -21.22997  -22.27937  4.94%  13.6 4280s
 37742717 31183649  -22.24159   50   67  -21.22997  -22.27937  4.94%  13.6 4285s
 37791146 31223602  -22.27704   31   81  -21.22997  -22.27936  4.94%  13.6 4290s
 37831340 31263424  -21.26483  156   18  -21.22997  -22.27936  4.94%  13.6 4295s
 37865666 31293147  -21.91786  104   46  -21.22997  -22.27936  4.94%  13.6 4300s
 37915524 31337746  -21.89535  124   40  -21.22997  -22.27935  4.94%  13.6 4305s
 37961457 31377850  -22.22088   61   56  -21.22997  -22.27935  4.94%  13.6 4310s
 38010581 31417753  -22.18401   73   51  -21.22997  -22.27935  4.94%  13.6 4315s
 38072487 31472860  -22.05545   99   44  -21.22997  -22.27934  4.94%  13.6 4320s
 38099006 31496318  -22.05368  108   43  -21.22997  -22.27934  4.94%  13.6 4325s
H38106018 31078915                     -21.2626842  -22.27934  4.78%  13.6 4330s
 38146273 31120405  -22.12836   86   53  -21.26268  -22.27934  4.78%  13.6 4335s
 38206288 31171075  -22.27044   35   78  -21.26268  -22.27933  4.78%  13.6 4340s
 38259772 31222928  -22.23670   56   63  -21.26268  -22.27933  4.78%  13.6 4345s
 38320682 31269046  -22.23910   54   64  -21.26268  -22.27932  4.78%  13.6 4350s
 38364496 31312478  -22.01954  103   43  -21.26268  -22.27932  4.78%  13.6 4355s
 38418965 31364593  -21.63584  135   32  -21.26268  -22.27932  4.78%  13.6 4360s
 38469384 31408742     cutoff  172       -21.26268  -22.27931  4.78%  13.6 4365s
 38522539 31454579  -21.54969  152   31  -21.26268  -22.27931  4.78%  13.6 4370s
 38560328 31484692  -21.34471  144   34  -21.26268  -22.27931  4.78%  13.6 4375s
 38612895 31533584  -21.81104  122   37  -21.26268  -22.27930  4.78%  13.6 4380s
 38670458 31586286  -21.34234  159   33  -21.26268  -22.27930  4.78%  13.6 4385s
 38735678 31640451  -22.21408   61   57  -21.26268  -22.27929  4.78%  13.6 4390s
 38790435 31691401  -21.47397  150   27  -21.26268  -22.27929  4.78%  13.6 4395s
 38822119 31719860  -21.88560  118   42  -21.26268  -22.27929  4.78%  13.6 4400s
 38881923 31772194  -22.12849   84   50  -21.26268  -22.27928  4.78%  13.6 4405s
 38926972 31814849  -22.03766   98   47  -21.26268  -22.27928  4.78%  13.6 4410s
 38973238 31855867  -22.12446   83   51  -21.26268  -22.27928  4.78%  13.6 4415s
 39024021 31901513  -21.63812  131   45  -21.26268  -22.27928  4.78%  13.6 4420s
 39046766 31921445  -22.13956   83   58  -21.26268  -22.27927  4.78%  13.6 4425s
 39109310 31977152  -21.94028  107   37  -21.26268  -22.27927  4.78%  13.6 4430s
 39166707 32026890  -21.89716  118   34  -21.26268  -22.27926  4.78%  13.6 4435s
 39225436 32078282  -22.01292  108   46  -21.26268  -22.27926  4.78%  13.6 4440s
 39280989 32124958  -21.98162  108   44  -21.26268  -22.27926  4.78%  13.6 4446s
 39315638 32158780     cutoff  156       -21.26268  -22.27925  4.78%  13.6 4450s
 39379442 32217090  -21.93571  107   44  -21.26268  -22.27925  4.78%  13.6 4455s
 39457228 32283806  -21.94475  110   37  -21.26268  -22.27924  4.78%  13.6 4460s
 39518399 32337342  -21.84942  124   33  -21.26268  -22.27924  4.78%  13.6 4465s
 39546823 32360580  -22.05514   99   45  -21.26268  -22.27923  4.78%  13.6 4470s
 39593516 32401955  -22.19974   68   58  -21.26268  -22.27923  4.78%  13.6 4475s
 39638952 32441834  -21.94417  102   46  -21.26268  -22.27923  4.78%  13.6 4480s
 39683242 32482800  -21.88784  118   37  -21.26268  -22.27922  4.78%  13.6 4485s
 39732683 32524766  -22.12381   79   55  -21.26268  -22.27922  4.78%  13.6 4490s
 39783542 32565136  -21.36503  160   24  -21.26268  -22.27922  4.78%  13.6 4496s
 39817849 32601571  -21.82776  123   33  -21.26268  -22.27921  4.78%  13.6 4500s
 39870400 32650586  -21.93474  108   43  -21.26268  -22.27921  4.78%  13.6 4505s
 39929109 32699276  -22.19734   67   60  -21.26268  -22.27921  4.78%  13.6 4510s
 39972528 32737471  -22.23511   50   69  -21.26268  -22.27920  4.78%  13.6 4515s
 40004487 32763400  -21.90066  119   36  -21.26268  -22.27920  4.78%  13.6 4520s
 40033778 32796806  -21.59871  147   28  -21.26268  -22.27920  4.78%  13.6 4525s
 40083936 32838035  -22.26712   33   79  -21.26268  -22.27920  4.78%  13.6 4530s
 40138539 32885359  -22.11063   93   50  -21.26268  -22.27919  4.78%  13.6 4535s
 40192341 32931706  -22.01482  102   43  -21.26268  -22.27919  4.78%  13.6 4540s
 40243259 32976008  -21.30371  150   29  -21.26268  -22.27919  4.78%  13.6 4545s
 40280243 33009899  -22.26488   41   73  -21.26268  -22.27918  4.78%  13.6 4550s
 40323714 33050053  -22.22060   59   63  -21.26268  -22.27918  4.78%  13.6 4555s
 40373281 33091862  -22.21963   55   65  -21.26268  -22.27918  4.78%  13.6 4560s
 40418263 33130012  -22.18484   73   60  -21.26268  -22.27917  4.78%  13.6 4565s
 40469519 33177479  -22.19307   71   55  -21.26268  -22.27917  4.78%  13.6 4570s
 40503430 33208125  -21.31663  151   28  -21.26268  -22.27917  4.78%  13.6 4575s
 40565516 33261916  -21.72377  129   33  -21.26268  -22.27916  4.78%  13.6 4580s
 40616415 33307320  -21.73834  143   34  -21.26268  -22.27916  4.78%  13.6 4585s
 40661614 33348351  -22.27413   34   77  -21.26268  -22.27916  4.78%  13.6 4590s
 40705360 33387104  -22.12843   85   47  -21.26268  -22.27915  4.78%  13.6 4595s
 40744426 33418817  -22.17407   77   54  -21.26268  -22.27915  4.78%  13.6 4600s
 40804732 33472222  -22.15943   79   55  -21.26268  -22.27914  4.78%  13.6 4605s
 40869388 33527095  -22.23711   54   64  -21.26268  -22.27914  4.78%  13.6 4610s
 40927517 33578142  -21.38374  159   22  -21.26268  -22.27913  4.78%  13.6 4615s
 40970583 33617365  -21.71203  152   24  -21.26268  -22.27913  4.78%  13.6 4620s
 40989878 33637649  -21.87284  109   39  -21.26268  -22.27913  4.78%  13.6 4625s
 41040898 33682142  -21.85462  129   33  -21.26268  -22.27913  4.78%  13.6 4630s
 41093778 33728653  -22.27636   37   76  -21.26268  -22.27912  4.78%  13.6 4635s
 41143182 33768602  -22.24824   50   67  -21.26268  -22.27912  4.78%  13.6 4640s
 41191962 33816196  -21.47178  146   29  -21.26268  -22.27912  4.78%  13.6 4645s
 41226253 33841462  -22.15633   76   55  -21.26268  -22.27911  4.78%  13.6 4650s
 41280536 33892333  -22.26299   39   74  -21.26268  -22.27911  4.78%  13.6 4655s
 41331108 33936658  -22.07120   90   51  -21.26268  -22.27911  4.78%  13.6 4660s
 41372436 33972997  -22.21576   63   59  -21.26268  -22.27910  4.78%  13.6 4665s
 41419014 34016632  -22.26264   40   73  -21.26268  -22.27910  4.78%  13.6 4670s
 41458289 34045371  -21.89501  121   42  -21.26268  -22.27910  4.78%  13.6 4675s
 41506273 34091097  -22.26133   37   76  -21.26268  -22.27909  4.78%  13.6 4680s
 41559715 34138736  -22.19531   65   60  -21.26268  -22.27909  4.78%  13.6 4685s
 41610621 34184407  -21.85721  122   40  -21.26268  -22.27909  4.78%  13.6 4690s
 41674168 34237693  -21.73373  131   30  -21.26268  -22.27908  4.78%  13.5 4695s
 41719002 34273795  -21.31567  161   21  -21.26268  -22.27908  4.78%  13.5 4701s
 41754519 34307845  -22.25080   43   72  -21.26268  -22.27907  4.78%  13.5 4705s
 41802155 34352559  -22.27164   34   79  -21.26268  -22.27907  4.78%  13.5 4710s
 41858813 34401396  -22.06923   93   48  -21.26268  -22.27907  4.78%  13.5 4715s
 41926076 34458410  -22.23530   53   63  -21.26268  -22.27906  4.78%  13.5 4720s
 41965096 34491997  -21.88890  115   36  -21.26268  -22.27906  4.78%  13.5 4725s
 42020751 34540829  -22.07772   92   50  -21.26268  -22.27905  4.78%  13.5 4730s
 42068269 34583755  -22.01795   99   45  -21.26268  -22.27905  4.78%  13.5 4735s
 42122312 34628204  -21.40033  149   27  -21.26268  -22.27905  4.78%  13.5 4740s
 42163447 34667593  -21.61875  145   29  -21.26268  -22.27904  4.78%  13.5 4745s
 42202266 34699810  -22.13615   80   52  -21.26268  -22.27904  4.78%  13.5 4750s
 42257977 34750731  -21.41211  155   24  -21.26268  -22.27904  4.78%  13.5 4755s
 42307557 34794322  -22.24447   48   65  -21.26268  -22.27904  4.78%  13.5 4760s
 42361823 34845398  -21.97453  106   48  -21.26268  -22.27903  4.78%  13.5 4765s
 42423340 34897700  -21.71438  130   31  -21.26268  -22.27903  4.78%  13.5 4770s
 42457164 34927577  -22.09967   93   47  -21.26268  -22.27902  4.78%  13.5 4775s
 42520491 34983147  -22.10698   85   48  -21.26268  -22.27902  4.78%  13.5 4780s
 42578980 35035343  -21.78656  130   31  -21.26268  -22.27902  4.78%  13.5 4785s
 42629485 35080156  -22.14050   87   49  -21.26268  -22.27901  4.78%  13.5 4790s
 42667064 35109915  -21.96995  102   46  -21.26268  -22.27901  4.78%  13.5 4795s
 42710466 35153018  -22.27414   34   79  -21.26268  -22.27901  4.78%  13.5 4800s
 42762365 35196545  -22.18482   65   61  -21.26268  -22.27900  4.78%  13.5 4805s
 42800233 35232739  -21.57027  126   39  -21.26268  -22.27900  4.78%  13.5 4810s
 42845172 35274166  -22.25677   44   70  -21.26268  -22.27900  4.78%  13.5 4815s
 42894059 35315464  -21.95512  102   50  -21.26268  -22.27900  4.78%  13.5 4820s
 42934128 35350551     cutoff  175       -21.26268  -22.27899  4.78%  13.5 4825s
 42990015 35397843  -22.12059   84   46  -21.26268  -22.27899  4.78%  13.5 4830s
 43034490 35436654  -22.25374   46   71  -21.26268  -22.27899  4.78%  13.5 4835s
 43084222 35482203  -22.05289   97   50  -21.26268  -22.27898  4.78%  13.5 4840s
 43113624 35509225  -21.60715  146   32  -21.26268  -22.27898  4.78%  13.5 4845s
 43163820 35555317  -22.09920   91   47  -21.26268  -22.27898  4.78%  13.5 4850s
 43224463 35608681  -22.26434   38   76  -21.26268  -22.27897  4.78%  13.5 4855s
 43288294 35665293  -22.12550   81   47  -21.26268  -22.27897  4.78%  13.5 4860s
 43325055 35694612  -22.25313   42   72  -21.26268  -22.27897  4.78%  13.5 4865s
 43368205 35736555  -22.24084   51   69  -21.26268  -22.27896  4.78%  13.5 4870s
 43413317 35776204  -22.15068   72   59  -21.26268  -22.27896  4.78%  13.5 4875s
 43460147 35817305  -22.10767   92   53  -21.26268  -22.27896  4.78%  13.5 4880s
 43506632 35860934  -21.67006  140   31  -21.26268  -22.27896  4.78%  13.5 4885s
 43567300 35911508  -22.12353   86   49  -21.26268  -22.27895  4.78%  13.5 4890s
 43605982 35943479  -22.12093   84   51  -21.26268  -22.27895  4.78%  13.5 4895s
 43663095 35994785  -21.63606  133   31  -21.26268  -22.27895  4.78%  13.5 4900s
 43714109 36042121  -22.25506   45   73  -21.26268  -22.27894  4.78%  13.5 4905s
 43754384 36078355  -21.90857  110   39  -21.26268  -22.27894  4.78%  13.5 4910s
 43804058 36120148  -21.59061  137   27  -21.26268  -22.27894  4.78%  13.5 4915s
 43833467 36149160  -22.23528   55   66  -21.26268  -22.27894  4.78%  13.5 4920s
 43881854 36190675  -22.27650   25   86  -21.26268  -22.27893  4.78%  13.5 4925s
 43944712 36245942  -21.44461  157   34  -21.26268  -22.27893  4.78%  13.5 4930s
 43993083 36287694  -21.90874  121   40  -21.26268  -22.27892  4.78%  13.5 4935s
 44033639 36322763  -22.22548   62   59  -21.26268  -22.27892  4.78%  13.5 4940s
 44060372 36349221  -21.63835  139   30  -21.26268  -22.27892  4.78%  13.5 4945s
 44125647 36408002  -22.03990  107   45  -21.26268  -22.27892  4.78%  13.5 4950s
 44189729 36465988  -22.04469   99   43  -21.26268  -22.27891  4.78%  13.5 4955s
 44247114 36516311  -21.38443  149   24  -21.26268  -22.27891  4.78%  13.5 4960s
 44283304 36548354  -22.15668   77   55  -21.26268  -22.27891  4.78%  13.5 4965s
 44332567 36591852  -22.23446   55   60  -21.26268  -22.27890  4.78%  13.5 4970s
 44390987 36644637  -21.48389  161   27  -21.26268  -22.27890  4.78%  13.5 4975s
 44445434 36693322  -21.36411  164   24  -21.26268  -22.27890  4.78%  13.5 4980s
 44500398 36740990  -22.13214   83   55  -21.26268  -22.27889  4.78%  13.5 4985s
 44545820 36778929     cutoff  165       -21.26268  -22.27889  4.78%  13.5 4990s
 44584641 36816986  -21.60540  147   33  -21.26268  -22.27889  4.78%  13.5 4995s
 44634052 36859961  -21.28363  167   25  -21.26268  -22.27888  4.78%  13.5 5000s
 44685591 36903893  -22.22560   58   67  -21.26268  -22.27888  4.78%  13.5 5005s
 44726131 36936535  -22.26591   42   72  -21.26268  -22.27888  4.78%  13.5 5010s
 44768227 36979692  -22.27341   32   81  -21.26268  -22.27888  4.78%  13.5 5015s
 44827654 37031083  -22.27003   37   77  -21.26268  -22.27887  4.78%  13.5 5020s
 44879378 37077601  -21.81611  106   43  -21.26268  -22.27887  4.78%  13.5 5025s
 44923957 37115918  -22.02621  102   38  -21.26268  -22.27887  4.78%  13.5 5030s
 44962532 37147734  -22.24233   49   70  -21.26268  -22.27886  4.78%  13.5 5035s
 45007580 37189176  -22.23651   47   68  -21.26268  -22.27886  4.78%  13.5 5040s
 45046758 37227376  -21.98475  107   39  -21.26268  -22.27886  4.78%  13.5 5045s
 45096549 37268228  -21.76344  121   39  -21.26268  -22.27885  4.78%  13.5 5050s
 45142639 37309657  -22.14275   80   53  -21.26268  -22.27885  4.78%  13.5 5055s
 45172230 37335890  -22.10220   90   50  -21.26268  -22.27885  4.78%  13.5 5060s
 45218831 37378999  -21.88822  111   43  -21.26268  -22.27885  4.78%  13.5 5065s
 45266301 37416504  -22.21761   65   61  -21.26268  -22.27884  4.78%  13.5 5070s
 45314401 37459544  -22.22556   57   64  -21.26268  -22.27884  4.78%  13.5 5075s
 45360691 37502902  -22.09712   91   49  -21.26268  -22.27884  4.78%  13.5 5080s
 45405662 37542459  -21.92185  109   42  -21.26268  -22.27884  4.78%  13.5 5085s
 45431788 37566573  -21.39355  157   39  -21.26268  -22.27884  4.78%  13.5 5090s
 45475413 37608393  -21.86962  120   42  -21.26268  -22.27883  4.78%  13.5 5095s
 45521289 37646151  -22.00989  108   40  -21.26268  -22.27883  4.78%  13.5 5100s
 45576125 37693896  -21.74666  122   34  -21.26268  -22.27883  4.78%  13.5 5105s
 45623793 37737236  -22.22463   57   66  -21.26268  -22.27882  4.78%  13.5 5110s
 45651960 37763574  -22.22911   60   63  -21.26268  -22.27882  4.78%  13.5 5115s
 45696130 37804052  -22.09129   90   53  -21.26268  -22.27882  4.78%  13.5 5120s
 45743129 37845335  -22.10424   84   52  -21.26268  -22.27882  4.78%  13.5 5125s
 45790001 37886066  -22.15823   70   58  -21.26268  -22.27882  4.78%  13.5 5130s
 45835016 37927496  -22.26376   41   75  -21.26268  -22.27881  4.78%  13.5 5135s
 45862146 37951950  -21.84451  117   40  -21.26268  -22.27881  4.78%  13.5 5140s
 45897513 37984140  -21.38635  157   30  -21.26268  -22.27881  4.78%  13.5 5145s
 45951409 38033108  -22.27577   32   80  -21.26268  -22.27881  4.78%  13.5 5150s
 46012840 38086011  -22.08749   93   52  -21.26268  -22.27880  4.78%  13.5 5155s
 46057508 38128117  -22.24110   53   68  -21.26268  -22.27880  4.78%  13.5 5160s
 46092600 38158607  -21.84810  118   39  -21.26268  -22.27880  4.78%  13.5 5165s
 46140314 38203485  -21.61744  133   35  -21.26268  -22.27880  4.78%  13.5 5170s
 46187397 38241324  -22.02349   97   49  -21.26268  -22.27879  4.78%  13.5 5175s
 46237798 38286219  -21.99653  102   43  -21.26268  -22.27879  4.78%  13.5 5180s
 46282404 38325951  -22.13394   89   53  -21.26268  -22.27879  4.78%  13.5 5185s
 46308859 38350163  -22.02171  109   48  -21.26268  -22.27879  4.78%  13.5 5190s
 46371687 38406400  -21.94181  108   36  -21.26268  -22.27878  4.78%  13.5 5195s
 46441237 38465470  -21.99106  115   48  -21.26268  -22.27878  4.78%  13.5 5200s
 46491524 38510799  -21.78959  131   35  -21.26268  -22.27877  4.78%  13.5 5205s
 46532840 38545145  -22.20466   63   58  -21.26268  -22.27877  4.78%  13.5 5210s
 46568119 38578386  -22.27208   36   78  -21.26268  -22.27877  4.78%  13.5 5215s
 46629010 38629752  -22.18075   69   58  -21.26268  -22.27876  4.78%  13.5 5220s
 46680776 38676292  -21.91134  109   36  -21.26268  -22.27876  4.78%  13.5 5225s
 46729489 38718457  -22.21441   65   60  -21.26268  -22.27876  4.78%  13.5 5230s
 46780982 38766121  -22.22608   59   64  -21.26268  -22.27876  4.78%  13.5 5235s
 46817584 38821971  -21.78450  126   34  -21.26268  -22.27875  4.78%  13.5 5242s
 46867699 38841710  -22.08176   93   50  -21.26268  -22.27875  4.78%  13.5 5245s
 46923464 38892736  -22.24966   46   70  -21.26268  -22.27875  4.78%  13.5 5250s
 46991256 38951463  -21.26858  167   25  -21.26268  -22.27874  4.78%  13.5 5255s
 47042186 38994884  -22.22184   61   63  -21.26268  -22.27874  4.78%  13.5 5260s
 47066669 39020798  -22.19669   66   60  -21.26268  -22.27874  4.78%  13.5 5265s
 47123402 39068801  -21.53828  145   39  -21.26268  -22.27873  4.78%  13.5 5270s
 47169630 39111135  -22.07821   89   50  -21.26268  -22.27873  4.78%  13.5 5275s
 47224927 39159817  -21.72944  128   32  -21.26268  -22.27873  4.78%  13.5 5280s
 47278350 39205088  -22.25702   45   71  -21.26268  -22.27873  4.78%  13.5 5285s
 47310385 39257074  -21.97633  105   38  -21.26268  -22.27872  4.78%  13.5 5291s
 47380543 39291699  -21.47511  158   29  -21.26268  -22.27872  4.78%  13.5 5295s
 47418940 39328841  -21.84967  121   37  -21.26268  -22.27872  4.78%  13.5 5300s
 47465557 39368186  -21.65693  130   37  -21.26268  -22.27871  4.78%  13.5 5305s
 47521047 39414918  -22.25469   46   69  -21.26268  -22.27871  4.78%  13.5 5310s
 47556988 39448071  -22.04579  107   46  -21.26268  -22.27871  4.78%  13.5 5315s
 47602838 39487397  -22.11085   87   47  -21.26268  -22.27870  4.78%  13.5 5320s
 47641642 39522197  -21.92164  113   38  -21.26268  -22.27870  4.78%  13.5 5325s
 47694501 39567293  -22.19322   64   58  -21.26268  -22.27870  4.78%  13.5 5330s
 47739631 39609224  -21.80515  126   33  -21.26268  -22.27870  4.78%  13.5 5335s
 47779759 39640566  -21.87795  116   37  -21.26268  -22.27869  4.78%  13.5 5341s
 47832040 39689328  -22.25729   44   74  -21.26268  -22.27869  4.78%  13.5 5345s
 47869201 39725658  -21.56099  139   37  -21.26268  -22.27869  4.78%  13.5 5350s
 47918168 39768362  -22.10623   92   48  -21.26268  -22.27869  4.78%  13.5 5355s
 47961283 39805936  -22.13438   82   54  -21.26268  -22.27868  4.78%  13.5 5360s
 47997314 39834582  -22.10633   91   51  -21.26268  -22.27868  4.78%  13.5 5365s
 48044662 39880991  -22.12300   80   54  -21.26268  -22.27868  4.78%  13.5 5370s
 48086016 39917929  -21.69962  143   36  -21.26268  -22.27868  4.78%  13.5 5375s
 48124147 39952315  -21.87595  106   46  -21.26268  -22.27867  4.78%  13.5 5380s
 48165176 39988989  -21.93410  113   35  -21.26268  -22.27867  4.78%  13.5 5385s
 48212183 40030883  -22.19264   71   53  -21.26268  -22.27867  4.78%  13.5 5390s
 48240958 40053398  -22.23101   53   64  -21.26268  -22.27867  4.78%  13.5 5395s
 48311196 40115629  -22.17636   71   55  -21.26268  -22.27866  4.78%  13.5 5400s
 48351242 40151090  -22.21540   61   61  -21.26268  -22.27866  4.78%  13.5 5405s
 48389850 40186961  -21.43919  161   28  -21.26268  -22.27866  4.78%  13.5 5410s
 48426621 40219038  -21.83870  127   35  -21.26268  -22.27866  4.78%  13.5 5415s
 48463465 40248089  -22.16201   75   51  -21.26268  -22.27865  4.78%  13.5 5421s
 48497060 40280519  -22.26916   34   78  -21.26268  -22.27865  4.78%  13.5 5425s
 48536398 40318482  -21.58553  151   25  -21.26268  -22.27865  4.78%  13.5 5430s
 48583388 40359373  -21.99957   98   39  -21.26268  -22.27865  4.78%  13.5 5435s
 48624867 40397321  -21.40738  137   28  -21.26268  -22.27865  4.78%  13.5 5440s
 48658400 40427935  -22.08337   90   50  -21.26268  -22.27864  4.78%  13.5 5445s
 48707468 40468042  -21.71916  130   35  -21.26268  -22.27864  4.78%  13.5 5450s
 48754672 40509599  -22.19893   63   60  -21.26268  -22.27864  4.78%  13.5 5455s
 48801515 40552081  -21.77757  125   35  -21.26268  -22.27863  4.78%  13.5 5460s
 48840934 40589203  -21.89789  121   41  -21.26268  -22.27863  4.78%  13.5 5465s
 48878996 40618625  -22.02774   91   51  -21.26268  -22.27863  4.78%  13.5 5471s
 48903986 40645524  -22.27057   36   78  -21.26268  -22.27863  4.78%  13.5 5475s
 48935475 40672714  -22.27029   34   77  -21.26268  -22.27863  4.78%  13.5 5480s
 48975201 40710734  -21.33818  143   36  -21.26268  -22.27863  4.78%  13.5 5485s
 49027522 40755804  -22.14704   83   51  -21.26268  -22.27862  4.78%  13.5 5490s
 49070425 40792244  -22.22604   55   66  -21.26268  -22.27862  4.78%  13.5 5495s
 49097917 40816023  -21.55916  141   28  -21.26268  -22.27862  4.78%  13.5 5500s
 49160629 40869978  -22.24781   46   69  -21.26268  -22.27861  4.78%  13.5 5505s
 49210970 40915692  -21.66042  128   37  -21.26268  -22.27861  4.78%  13.5 5510s
 49244920 40945660  -22.04825   98   47  -21.26268  -22.27861  4.78%  13.5 5515s
 49284343 40979896  -22.09869   84   55  -21.26268  -22.27861  4.78%  13.5 5520s
 49330570 41020441  -21.92385  115   36  -21.26268  -22.27860  4.78%  13.5 5525s
 49374270 41053360  -21.68061  140   36  -21.26268  -22.27860  4.78%  13.4 5530s
 49416278 41095505  -22.11674   85   54  -21.26268  -22.27860  4.78%  13.4 5535s
 49468683 41140245     cutoff  167       -21.26268  -22.27859  4.78%  13.4 5540s
 49518653 41184292  -22.27193   36   78  -21.26268  -22.27859  4.78%  13.4 5545s
 49561182 41222623  -22.00625   98   50  -21.26268  -22.27859  4.78%  13.4 5550s
 49598769 41253757  -22.23178   56   67  -21.26268  -22.27859  4.78%  13.4 5555s
 49649189 41297435  -22.22713   53   63  -21.26268  -22.27858  4.78%  13.4 5560s
 49687709 41335794  -21.37045  155   28  -21.26268  -22.27858  4.78%  13.4 5565s
 49734836 41376170  -21.46570  148   23  -21.26268  -22.27858  4.78%  13.4 5570s
 49775377 41410083  -22.21340   66   58  -21.26268  -22.27858  4.78%  13.4 5576s
 49801295 41439053  -22.26930   34   77  -21.26268  -22.27858  4.78%  13.4 5580s
 49848726 41480169     cutoff  171       -21.26268  -22.27857  4.78%  13.4 5585s
 49892372 41519057  -21.86675  128   37  -21.26268  -22.27857  4.78%  13.4 5590s
 49936510 41557357  -22.26485   36   79  -21.26268  -22.27857  4.78%  13.4 5595s
 49964996 41584752  -22.05922   93   52  -21.26268  -22.27857  4.78%  13.4 5600s
 50004512 41617359  -21.71200  136   29  -21.26268  -22.27857  4.78%  13.4 5606s
 50030232 41641239  -22.23191   54   65  -21.26268  -22.27857  4.78%  13.4 5610s
 50077173 41683859  -22.27854   34   79  -21.26268  -22.27856  4.78%  13.4 5615s
 50108070 41712750  -22.00592   98   47  -21.26268  -22.27856  4.78%  13.4 5620s
 50150671 41749947  -22.13888   85   48  -21.26268  -22.27856  4.78%  13.4 5625s
 50198911 41791765  -21.40408  153   31  -21.26268  -22.27856  4.78%  13.4 5630s
 50244339 41828003  -21.26283  167   23  -21.26268  -22.27855  4.78%  13.4 5636s
 50271301 41857976  -21.84951  127   42  -21.26268  -22.27855  4.78%  13.4 5640s
 50318633 41897959  -22.02613  104   44  -21.26268  -22.27855  4.78%  13.4 5645s
 50366715 41940730  -21.59379  139   41  -21.26268  -22.27855  4.78%  13.4 5650s
 50408143 41976888  -22.04188   99   49  -21.26268  -22.27854  4.78%  13.4 5655s
 50445860 42010149  -22.21864   57   62  -21.26268  -22.27854  4.78%  13.4 5660s
 50481669 42037994  -22.20685   64   60  -21.26268  -22.27854  4.78%  13.4 5666s
 50528221 42083474  -21.58836  149   36  -21.26268  -22.27854  4.78%  13.4 5670s
 50580228 42129334  -21.56912  138   31  -21.26268  -22.27853  4.78%  13.4 5675s
 50631301 42175086  -22.16554   78   53  -21.26268  -22.27853  4.78%  13.4 5680s
 50664936 42206002  -22.08593   92   50  -21.26268  -22.27853  4.78%  13.4 5685s
 50707129 42242237  -22.03019  101   42  -21.26268  -22.27853  4.78%  13.4 5690s
 50729056 42286838  -22.15482   81   53  -21.26268  -22.27853  4.78%  13.4 5696s
 50800923 42327430  -22.20114   73   54  -21.26268  -22.27852  4.78%  13.4 5700s
 50856489 42376421  -22.08698   92   55  -21.26268  -22.27852  4.78%  13.4 5705s
 50904264 42421510  -22.02291  103   41  -21.26268  -22.27852  4.78%  13.4 5710s
 50949592 42461247  -22.08263   87   50  -21.26268  -22.27852  4.78%  13.4 5715s
 50970429 42479247  -21.66386  120   33  -21.26268  -22.27851  4.78%  13.4 5720s
 51011586 42514568  -22.21648   61   63  -21.26268  -22.27851  4.78%  13.4 5725s
 51045797 42545665  -22.19116   73   58  -21.26268  -22.27851  4.78%  13.4 5730s
 51083486 42580456  -22.19263   65   60  -21.26268  -22.27851  4.78%  13.4 5735s
 51137537 42626547  -21.62569  142   38  -21.26268  -22.27850  4.78%  13.4 5740s
 51172743 42658884  -22.27213   36   79  -21.26268  -22.27850  4.78%  13.4 5745s
 51207798 42686489  -21.80313  132   34  -21.26268  -22.27850  4.78%  13.4 5751s
 51229472 42710010  -22.12747   85   51  -21.26268  -22.27850  4.78%  13.4 5755s
 51283171 42755097  -22.25412   45   67  -21.26268  -22.27850  4.78%  13.4 5760s
 51324923 42793724  -22.25320   45   71  -21.26268  -22.27850  4.78%  13.4 5765s
 51356293 42824698  -21.89133  117   41  -21.26268  -22.27849  4.78%  13.4 5770s
 51398243 42862984  -21.51249  137   38  -21.26268  -22.27849  4.78%  13.4 5775s
 51431987 42890163  -22.14853   82   46  -21.26268  -22.27849  4.78%  13.4 5780s
 51491340 42941810  -22.18417   66   54  -21.26268  -22.27849  4.78%  13.4 5785s
 51536739 42980949  -21.67811  139   33  -21.26268  -22.27848  4.78%  13.4 5790s
 51578016 43018160  -21.72578  136   34  -21.26268  -22.27848  4.78%  13.4 5795s
 51615224 43052077  -22.27610   32   80  -21.26268  -22.27848  4.78%  13.4 5800s
 51656094 43086862  -21.27904  163   26  -21.26268  -22.27848  4.78%  13.4 5805s
 51681545 43111246  -21.53391  145   25  -21.26268  -22.27848  4.78%  13.4 5810s
 51720351 43145817  -22.15513   78   54  -21.26268  -22.27847  4.78%  13.4 5815s
 51762019 43180926  -22.18489   72   59  -21.26268  -22.27847  4.78%  13.4 5820s
 51797249 43215750  -21.33122  163   17  -21.26268  -22.27847  4.78%  13.4 5825s
 51839129 43249279  -22.21258   63   61  -21.26268  -22.27847  4.78%  13.4 5830s
 51879339 43286187  -22.25299   44   69  -21.26268  -22.27847  4.78%  13.4 5835s
 51898086 43328863  -21.27950  164   22  -21.26268  -22.27846  4.78%  13.4 5841s
 51962454 43361846  -21.34727  141   26  -21.26268  -22.27846  4.78%  13.4 5845s
 52004030 43399891  -21.60891  141   35  -21.26268  -22.27846  4.78%  13.4 5850s
 52044345 43434865  -21.83980  126   33  -21.26268  -22.27846  4.78%  13.4 5855s
 52079134 43466126  -21.46540  151   27  -21.26268  -22.27846  4.78%  13.4 5860s
 52114803 43492129  -22.19590   67   56  -21.26268  -22.27845  4.78%  13.4 5865s
 52165418 43541499  -22.10179   86   49  -21.26268  -22.27845  4.78%  13.4 5870s
 52221912 43591340  -21.82486  119   37  -21.26268  -22.27845  4.78%  13.4 5875s
 52268829 43632405  -22.19442   63   57  -21.26268  -22.27845  4.78%  13.4 5880s
 52306109 43664560  -22.04487   99   48  -21.26268  -22.27844  4.78%  13.4 5885s
 52345169 43700443  -22.26473   36   76  -21.26268  -22.27844  4.78%  13.4 5890s
 52373332 43724362  -22.14372   78   57  -21.26268  -22.27844  4.78%  13.4 5895s
 52425213 43769810  -22.18261   73   56  -21.26268  -22.27844  4.78%  13.4 5900s
 52472501 43808862  -21.66110  135   37  -21.26268  -22.27843  4.78%  13.4 5905s
 52509733 43843738  -22.21495   63   58  -21.26268  -22.27843  4.78%  13.4 5910s
 52550279 43879903  -21.73963  119   45  -21.26268  -22.27843  4.78%  13.4 5915s
 52582664 43910371  -22.08486   99   45  -21.26268  -22.27843  4.78%  13.4 5920s
 52600426 43922016  -21.85154  119   36  -21.26268  -22.27843  4.78%  13.4 5925s
 52644846 43965382  -22.02616  101   45  -21.26268  -22.27842  4.78%  13.4 5930s
 52695596 44009204  -21.45934  153   31  -21.26268  -22.27842  4.78%  13.4 5935s
 52740480 44048863  -21.89994  110   45  -21.26268  -22.27842  4.78%  13.4 5940s
 52783398 44085595  -22.15311   87   51  -21.26268  -22.27842  4.78%  13.4 5945s
 52830314 44125318  -22.25575   41   72  -21.26268  -22.27841  4.78%  13.4 5950s
 52862358 44149552  -22.22210   61   62  -21.26268  -22.27841  4.78%  13.4 5955s
 52896149 44183561  -21.92244  109   49  -21.26268  -22.27841  4.78%  13.4 5960s
 52939773 44220280  -22.18241   72   58  -21.26268  -22.27841  4.78%  13.4 5965s
 52976968 44254467  -22.12694   84   56  -21.26268  -22.27841  4.78%  13.4 5970s
 53018508 44292540  -21.73361  136   37  -21.26268  -22.27840  4.78%  13.4 5975s
 53059459 44330175  -21.97243  109   41  -21.26268  -22.27840  4.78%  13.4 5980s
 53094455 44363008  -21.57245  151   30  -21.26268  -22.27840  4.78%  13.4 5985s
 53121843 44386533  -21.87091  111   46  -21.26268  -22.27840  4.78%  13.4 5990s
 53164188 44421845  -22.08628   92   46  -21.26268  -22.27840  4.78%  13.4 5995s
 53205962 44459056  -22.25574   43   71  -21.26268  -22.27839  4.78%  13.4 6000s
 53256642 44501518  -22.27054   35   77  -21.26268  -22.27839  4.78%  13.4 6005s
 53294250 44537064  -22.17536   72   52  -21.26268  -22.27839  4.78%  13.4 6010s
 53334623 44576184  -21.76655  136   34  -21.26268  -22.27839  4.78%  13.4 6015s
 53366131 44601534  -21.68387  134   42  -21.26268  -22.27838  4.78%  13.4 6020s
 53410480 44641599  -21.96330  100   43  -21.26268  -22.27838  4.78%  13.4 6025s
 53446605 44672137  -22.19995   65   63  -21.26268  -22.27838  4.78%  13.4 6030s
 53485297 44708234  -22.03767   96   46  -21.26268  -22.27838  4.78%  13.4 6035s
 53532042 44745517  -22.20928   58   66  -21.26268  -22.27838  4.78%  13.4 6040s
 53566695 44779240  -21.69301  138   32  -21.26268  -22.27837  4.78%  13.4 6045s
 53589440 44798083  -22.18713   74   58  -21.26268  -22.27837  4.78%  13.4 6050s
 53627969 44835203  -22.23403   57   64  -21.26268  -22.27837  4.78%  13.4 6055s
 53672393 44876178  -21.91518  115   44  -21.26268  -22.27837  4.78%  13.4 6060s
 53709478 44908490  -22.17386   74   55  -21.26268  -22.27837  4.78%  13.4 6065s
 53754393 44945405  -21.68350  146   30  -21.26268  -22.27836  4.78%  13.4 6070s
 53806871 44990439  -21.70763  125   45  -21.26268  -22.27836  4.78%  13.4 6075s
 53833579 45014709  -22.19664   71   56  -21.26268  -22.27836  4.78%  13.4 6080s
 53890154 45066647  -22.27427   37   77  -21.26268  -22.27836  4.78%  13.4 6085s
 53943174 45112842  -22.18005   63   62  -21.26268  -22.27835  4.78%  13.4 6090s
 53987748 45149936  -22.12854   83   53  -21.26268  -22.27835  4.78%  13.4 6095s
 54026514 45186192  -22.00928  109   43  -21.26268  -22.27835  4.78%  13.4 6100s
 54068653 45223823     cutoff  161       -21.26268  -22.27835  4.78%  13.4 6105s
 54100380 45250436  -22.23449   56   64  -21.26268  -22.27835  4.78%  13.4 6110s
 54147241 45290305  -22.06945   93   51  -21.26268  -22.27834  4.78%  13.4 6115s
 54186866 45324673  -22.03965  105   47  -21.26268  -22.27834  4.78%  13.4 6120s
 54225156 45361627  -22.10459   85   48  -21.26268  -22.27834  4.78%  13.4 6125s
 54273035 45402287  -21.38110  155   24  -21.26268  -22.27834  4.78%  13.4 6130s
 54319234 45442348  -22.14614   74   58  -21.26268  -22.27833  4.78%  13.4 6135s
 54353741 45468777  -22.11022   91   52  -21.26268  -22.27833  4.78%  13.4 6141s
 54379711 45495480  -22.02730  100   47  -21.26268  -22.27833  4.78%  13.4 6145s
 54423732 45536249  -21.62761  146   31  -21.26268  -22.27833  4.78%  13.4 6150s
 54470863 45576513  -22.02519  103   42  -21.26268  -22.27832  4.78%  13.4 6155s
 54514521 45612781  -22.22737   55   60  -21.26268  -22.27832  4.78%  13.4 6160s
 54563711 45657754  -21.78830  124   31  -21.26268  -22.27832  4.78%  13.4 6165s
 54593635 45683132  -21.56988  147   33  -21.26268  -22.27832  4.78%  13.4 6170s
 54636360 45719875  -22.22407   57   63  -21.26268  -22.27832  4.78%  13.4 6175s
 54673116 45752587  -21.82274  114   39  -21.26268  -22.27831  4.78%  13.4 6180s
 54716572 45788211  -22.18857   70   58  -21.26268  -22.27831  4.78%  13.4 6185s
 54754369 45822387  -21.89855  117   34  -21.26268  -22.27831  4.78%  13.4 6190s
 54790066 45852756  -22.19344   71   53  -21.26268  -22.27831  4.78%  13.4 6195s
 54825297 45880622  -22.15177   82   51  -21.26268  -22.27831  4.78%  13.4 6201s
 54853681 45908034  -21.82001  124   40  -21.26268  -22.27830  4.78%  13.4 6205s
 54885177 45937018  -22.03722  101   46  -21.26268  -22.27830  4.78%  13.4 6210s
 54924852 45975367  -21.45615  162   27  -21.26268  -22.27830  4.78%  13.4 6215s
 54973114 46017202  -21.29985  169   22  -21.26268  -22.27830  4.78%  13.4 6220s
 55020683 46053718  -22.19460   68   57  -21.26268  -22.27829  4.78%  13.4 6225s
 55059043 46089890  -22.14669   80   52  -21.26268  -22.27829  4.78%  13.4 6230s
 55084997 46110723  -22.13317   84   47  -21.26268  -22.27829  4.78%  13.4 6235s
 55120393 46143066  -22.10171   96   45  -21.26268  -22.27829  4.78%  13.4 6240s
 55165728 46181823  -22.09096   82   47  -21.26268  -22.27829  4.78%  13.4 6245s
 55208345 46221377  -21.72600  139   31  -21.26268  -22.27829  4.78%  13.4 6250s
 55250517 46257757  -21.67017  132   35  -21.26268  -22.27828  4.78%  13.4 6255s
 55296747 46297707  -22.21028   67   61  -21.26268  -22.27828  4.78%  13.4 6260s
 55316527 46318873  -21.59217  141   34  -21.26268  -22.27828  4.78%  13.4 6265s
 55362426 46358449  -22.22335   54   64  -21.26268  -22.27828  4.78%  13.4 6270s
 55404971 46399973  -21.99215  101   46  -21.26268  -22.27828  4.78%  13.4 6275s
 55443614 46432475  -22.26890   37   78  -21.26268  -22.27828  4.78%  13.4 6280s
 55485364 46468773  -21.91008  114   34  -21.26268  -22.27827  4.78%  13.4 6285s
 55526697 46502473  -22.08761   86   49  -21.26268  -22.27827  4.78%  13.4 6291s
 55566851 46541596  -21.95979  116   34  -21.26268  -22.27827  4.78%  13.4 6295s
 55614782 46581766  -22.14028   74   54  -21.26268  -22.27827  4.78%  13.4 6300s
 55663478 46625959  -22.10168   93   48  -21.26268  -22.27826  4.78%  13.4 6305s
 55702446 46661129  -22.10541   88   50  -21.26268  -22.27826  4.78%  13.4 6310s
 55742291 46696258  -21.81986  124   38  -21.26268  -22.27826  4.78%  13.4 6315s
 55768898 46716459  -21.29252  164   30  -21.26268  -22.27826  4.78%  13.4 6321s
 55786178 46736453  -21.89545  111   46  -21.26268  -22.27826  4.78%  13.4 6325s
 55829585 46773232  -22.09068   89   52  -21.26268  -22.27826  4.78%  13.4 6330s
 55870897 46810365     cutoff  159       -21.26268  -22.27825  4.78%  13.4 6335s
 55913095 46847226  -22.19736   67   58  -21.26268  -22.27825  4.78%  13.4 6340s
 55958100 46885583  -21.26283  169   25  -21.26268  -22.27825  4.78%  13.4 6345s
 55997686 46919981  -21.39076  160   22  -21.26268  -22.27825  4.78%  13.4 6350s
 56032724 46948132     cutoff  168       -21.26268  -22.27825  4.78%  13.4 6355s
 56077392 46990782  -22.04697  106   47  -21.26268  -22.27824  4.78%  13.4 6360s
 56121570 47028872  -21.98377  111   41  -21.26268  -22.27824  4.78%  13.4 6365s
 56166524 47070652  -22.22959   55   63  -21.26268  -22.27824  4.78%  13.4 6370s
 56213760 47111057  -21.44832  139   28  -21.26268  -22.27824  4.78%  13.4 6375s
 56253377 47149277  -22.06049  100   48  -21.26268  -22.27823  4.78%  13.4 6380s
 56284605 47170777  -21.65299  140   32  -21.26268  -22.27823  4.78%  13.4 6385s
 56316669 47201525  -22.14799   84   57  -21.26268  -22.27823  4.78%  13.4 6390s
 56346076 47230487  -21.95982   98   47  -21.26268  -22.27823  4.78%  13.4 6395s
 56379950 47261601  -21.61635  148   28  -21.26268  -22.27823  4.78%  13.4 6400s
 56420587 47297520  -21.92982  112   38  -21.26268  -22.27823  4.78%  13.4 6405s
 56458968 47332998  -22.22016   61   61  -21.26268  -22.27822  4.78%  13.4 6410s
 56500854 47365151  -21.29456  167   24  -21.26268  -22.27822  4.78%  13.4 6416s
 56532918 47397539  -22.20348   66   56  -21.26268  -22.27822  4.78%  13.4 6420s
 56584774 47440843  -22.15015   79   55  -21.26268  -22.27822  4.78%  13.4 6425s
 56626788 47478534  -21.80261  129   35  -21.26268  -22.27822  4.78%  13.4 6430s
 56675116 47520261  -22.02432   96   46  -21.26268  -22.27821  4.78%  13.4 6435s
 56720713 47560870  -22.22979   56   65  -21.26268  -22.27821  4.78%  13.4 6440s
 56748843 47587368  -22.24307   52   66  -21.26268  -22.27821  4.78%  13.4 6445s
 56793270 47624279  -22.13023   81   45  -21.26268  -22.27821  4.78%  13.4 6450s
 56827112 47654774  -22.24160   53   66  -21.26268  -22.27821  4.78%  13.4 6455s
 56868781 47691864  -22.06508   96   47  -21.26268  -22.27820  4.78%  13.4 6460s
 56915536 47733837  -22.21056   64   61  -21.26268  -22.27820  4.78%  13.4 6465s
 56953394 47767502  -22.27058   33   79  -21.26268  -22.27820  4.78%  13.4 6470s
 56996475 47802340  -22.19420   71   57  -21.26268  -22.27820  4.78%  13.4 6476s
 57021496 47832436  -21.96334  108   49  -21.26268  -22.27820  4.78%  13.4 6480s
 57067223 47870286  -22.06993   94   44  -21.26268  -22.27819  4.78%  13.4 6485s
 57107519 47907087  -21.77168  141   29  -21.26268  -22.27819  4.78%  13.4 6490s
 57149467 47944131  -22.24534   46   69  -21.26268  -22.27819  4.78%  13.4 6495s
 57188135 47978704  -22.25785   44   71  -21.26268  -22.27819  4.78%  13.4 6500s
 57225426 48010787  -21.89173  102   37  -21.26268  -22.27819  4.78%  13.4 6505s
 57254191 48037454  -22.22686   60   64  -21.26268  -22.27818  4.78%  13.4 6510s
 57293231 48072137  -21.71138  136   35  -21.26268  -22.27818  4.78%  13.4 6515s
 57329021 48105480  -22.03910  106   44  -21.26268  -22.27818  4.78%  13.4 6520s
 57375501 48145684  -22.17892   73   55  -21.26268  -22.27818  4.78%  13.4 6525s
 57420903 48185132  -21.98394  105   44  -21.26268  -22.27818  4.78%  13.4 6530s
 57455119 48217628  -21.39153  150   27  -21.26268  -22.27818  4.78%  13.4 6535s
 57481284 48236557  -21.77041  111   42  -21.26268  -22.27818  4.78%  13.4 6540s
 57535608 48288242  -22.14344   83   47  -21.26268  -22.27817  4.78%  13.4 6545s
 57580271 48328314  -21.91994  121   38  -21.26268  -22.27817  4.78%  13.4 6550s
 57628326 48368715  -22.07483   85   53  -21.26268  -22.27817  4.78%  13.4 6555s
 57671017 48408121  -21.44710  144   35  -21.26268  -22.27817  4.78%  13.4 6560s
 57719346 48447783  -22.25530   43   70  -21.26268  -22.27816  4.78%  13.4 6565s
 57743136 48469862  -22.19930   66   54  -21.26268  -22.27816  4.78%  13.4 6570s
 57786091 48509298  -22.19852   58   63  -21.26268  -22.27816  4.78%  13.4 6575s
 57822121 48543378  -22.09318   86   42  -21.26268  -22.27816  4.78%  13.4 6580s
 57868126 48584980  -21.59835  141   31  -21.26268  -22.27816  4.78%  13.4 6585s
 57906105 48619408  -21.84612  127   34  -21.26268  -22.27815  4.78%  13.4 6590s
 57948188 48651109  -22.17196   70   54  -21.26268  -22.27815  4.78%  13.4 6596s
 57968673 48676983  -21.72961  132   28  -21.26268  -22.27815  4.78%  13.4 6600s
 58013172 48714607  -21.79798  127   42  -21.26268  -22.27815  4.78%  13.4 6605s
 58042747 48739882  -22.26188   41   72  -21.26268  -22.27815  4.78%  13.4 6610s
 58075350 48770363  -21.69308  127   45  -21.26268  -22.27815  4.78%  13.4 6615s
 58115346 48804551  -22.02158  102   45  -21.26268  -22.27815  4.78%  13.4 6620s
 58154634 48840235  -22.23952   49   72  -21.26268  -22.27814  4.78%  13.4 6625s
 58176618 48862771  -22.14191   76   56  -21.26268  -22.27814  4.78%  13.4 6630s
 58225618 48903473  -22.14569   78   51  -21.26268  -22.27814  4.78%  13.4 6635s
 58266058 48941050  -22.11931   82   50  -21.26268  -22.27814  4.78%  13.4 6640s
 58306768 48977375  -21.79120  123   36  -21.26268  -22.27814  4.78%  13.4 6645s
 58351753 49015808  -21.54047  142   34  -21.26268  -22.27813  4.78%  13.4 6650s
 58405589 49059935  -22.19296   69   56  -21.26268  -22.27813  4.78%  13.4 6655s
 58435224 49085159  -22.21393   62   60  -21.26268  -22.27813  4.78%  13.4 6660s
 58472817 49120475  -21.87032  124   36  -21.26268  -22.27813  4.78%  13.4 6665s
 58508829 49152870  -21.69733  134   33  -21.26268  -22.27813  4.78%  13.4 6670s
 58555893 49194518  -21.93762  113   39  -21.26268  -22.27812  4.78%  13.4 6675s
 58598842 49233289  -22.25970   43   72  -21.26268  -22.27812  4.78%  13.4 6680s
 58654487 49279921  -22.14899   84   54  -21.26268  -22.27812  4.78%  13.4 6685s
 58684582 49307961  -21.46833  161   31  -21.26268  -22.27812  4.78%  13.4 6690s
 58730799 49348096  -22.27518   32   80  -21.26268  -22.27811  4.78%  13.4 6695s
 58775558 49386820  -22.15932   72   56  -21.26268  -22.27811  4.78%  13.4 6700s
 58817252 49424618  -21.98757  103   43  -21.26268  -22.27811  4.78%  13.4 6705s
 58863303 49464373  -21.82323  125   33  -21.26268  -22.27811  4.78%  13.4 6710s
 58913905 49508341  -21.73121  138   31  -21.26268  -22.27810  4.78%  13.4 6715s
 58940320 49531013  -21.69971  135   35  -21.26268  -22.27810  4.78%  13.4 6720s
 58983952 49568293  -22.19382   60   61  -21.26268  -22.27810  4.78%  13.4 6725s
 59023391 49606498  -21.88467  121   33  -21.26268  -22.27810  4.78%  13.4 6730s
 59069488 49645952  -22.24531   53   69  -21.26268  -22.27810  4.78%  13.4 6735s
 59114352 49689477  -21.39946  161   30  -21.26268  -22.27810  4.78%  13.4 6740s
 59146063 49711828  -22.12621   82   54  -21.26268  -22.27810  4.78%  13.4 6746s
 59189479 49754321  -22.04731   96   44  -21.26268  -22.27809  4.78%  13.4 6750s
 59233204 49794116  -22.21163   66   54  -21.26268  -22.27809  4.78%  13.4 6755s
 59282828 49834050  -22.26059   40   78  -21.26268  -22.27809  4.78%  13.4 6760s
 59320105 49871208     cutoff  139       -21.26268  -22.27809  4.78%  13.4 6765s
 59364336 49908642  -21.73056  134   32  -21.26268  -22.27808  4.78%  13.4 6770s
 59389438 49930763  -22.04192   96   50  -21.26268  -22.27808  4.78%  13.4 6775s
 59424029 49964260  -21.87676  118   39  -21.26268  -22.27808  4.78%  13.4 6780s
 59460706 49996479  -22.17185   74   57  -21.26268  -22.27808  4.78%  13.4 6785s
 59509506 50038394  -22.20874   62   61  -21.26268  -22.27808  4.78%  13.4 6790s
 59546300 50073196  -21.69936  138   28  -21.26268  -22.27808  4.78%  13.4 6795s
 59592150 50111616  -22.11106   90   46  -21.26268  -22.27807  4.78%  13.4 6800s
 59629925 50140014  -22.25782   42   72  -21.26268  -22.27807  4.78%  13.4 6805s
 59664351 50174765  -21.93456  107   41  -21.26268  -22.27807  4.78%  13.4 6810s
 59710210 50215520  -22.06011   95   47  -21.26268  -22.27807  4.78%  13.4 6815s
 59758899 50260007  -21.65921  135   31  -21.26268  -22.27807  4.78%  13.4 6820s
 59804941 50300233  -22.23580   53   66  -21.26268  -22.27806  4.78%  13.4 6825s
 59841122 50333061  -21.28021  169   22  -21.26268  -22.27806  4.78%  13.4 6830s
 59878692 50366729  -21.89182  120   38  -21.26268  -22.27806  4.78%  13.4 6835s
 59904389 50386787  -22.16651   76   50  -21.26268  -22.27806  4.78%  13.4 6840s
 59953052 50430781  -21.92345  108   38  -21.26268  -22.27806  4.78%  13.4 6845s
 59992434 50464363  -21.59035  141   26  -21.26268  -22.27806  4.78%  13.4 6850s
 60032571 50502498  -21.72049  128   32  -21.26268  -22.27805  4.78%  13.4 6855s
 60080984 50544570  -22.14450   81   53  -21.26268  -22.27805  4.78%  13.4 6860s
 60118519 50578905  -21.80087  129   36  -21.26268  -22.27805  4.78%  13.4 6865s
 60140564 50598281  -22.09145   91   51  -21.26268  -22.27805  4.78%  13.4 6870s
 60180108 50633963  -21.99809  101   51  -21.26268  -22.27805  4.78%  13.4 6875s
 60221674 50670491  -21.94212  115   43  -21.26268  -22.27805  4.78%  13.4 6880s
 60262878 50704961  -22.24614   44   73  -21.26268  -22.27804  4.78%  13.4 6885s
 60296366 50735373  -22.27631   35   77  -21.26268  -22.27804  4.78%  13.4 6890s
 60339308 50773967  -22.23811   54   62  -21.26268  -22.27804  4.78%  13.4 6895s
 60367915 50800175  -22.23657   52   67  -21.26268  -22.27804  4.78%  13.4 6900s
 60410716 50835838  -22.24383   47   67  -21.26268  -22.27804  4.78%  13.4 6905s
 60457332 50876291  -21.32908  161   25  -21.26268  -22.27803  4.78%  13.4 6910s
 60489184 50906245  -21.88313  119   38  -21.26268  -22.27803  4.78%  13.4 6915s
 60534623 50947510  -22.09837   89   50  -21.26268  -22.27803  4.78%  13.4 6920s
 60579276 50985446  -21.89463  111   39  -21.26268  -22.27803  4.78%  13.4 6925s
 60603362 51007490  -21.87706  120   46  -21.26268  -22.27803  4.78%  13.4 6930s
 60642420 51041627  -22.21855   63   61  -21.26268  -22.27803  4.78%  13.4 6935s
 60689165 51083301  -22.21043   62   61  -21.26268  -22.27803  4.78%  13.4 6940s
 60725670 51119074  -22.19877   64   59  -21.26268  -22.27802  4.78%  13.4 6945s
 60783530 51168591  -21.95758  105   47  -21.26268  -22.27802  4.78%  13.4 6950s
 60812313 51190176  -22.00534  105   45  -21.26268  -22.27802  4.78%  13.4 6956s
 60855403 51232324  -22.27360   34   80  -21.26268  -22.27802  4.78%  13.4 6960s
 60898367 51271557  -22.15281   79   51  -21.26268  -22.27802  4.78%  13.4 6965s
 60934327 51306050  -21.86262  119   36  -21.26268  -22.27802  4.78%  13.4 6970s
 60983921 51348151  -21.71360  142   34  -21.26268  -22.27801  4.78%  13.4 6975s
 61023468 51384295  -21.60412  153   25  -21.26268  -22.27801  4.78%  13.4 6980s
 61049825 51406845  -22.23679   50   66  -21.26268  -22.27801  4.78%  13.4 6985s
 61087013 51440903     cutoff  174       -21.26268  -22.27801  4.78%  13.4 6990s
 61125163 51475842  -21.57946  145   32  -21.26268  -22.27801  4.78%  13.4 6995s
 61168668 51514378     cutoff  165       -21.26268  -22.27801  4.78%  13.3 7000s
 61205717 51547209  -22.21831   58   63  -21.26268  -22.27800  4.78%  13.3 7005s
 61256833 51591268  -21.57440  132   41  -21.26268  -22.27800  4.78%  13.3 7010s
 61278069 51611135  -21.64263  157   27  -21.26268  -22.27800  4.78%  13.3 7015s
 61335180 51659101  -21.55053  142   29  -21.26268  -22.27800  4.78%  13.3 7020s
 61376358 51695781  -21.87031  121   32  -21.26268  -22.27800  4.78%  13.3 7025s
 61425082 51736013  -22.11182   84   45  -21.26268  -22.27799  4.78%  13.3 7030s
 61466273 51775856  -21.28140  168   25  -21.26268  -22.27799  4.78%  13.3 7035s
 61512487 51815900  -22.25805   42   72  -21.26268  -22.27799  4.78%  13.3 7040s
 61556631 51852463  -22.11981   86   51  -21.26268  -22.27799  4.78%  13.3 7045s
 61601202 51891953  -22.18391   66   58  -21.26268  -22.27798  4.78%  13.3 7050s
 61642094 51927115  -22.22797   63   62  -21.26268  -22.27798  4.78%  13.3 7055s
 61685224 51965642  -22.21674   62   60  -21.26268  -22.27798  4.78%  13.3 7060s
 61735922 52008506  -22.15889   77   54  -21.26268  -22.27798  4.77%  13.3 7065s
 61779663 52047038  -22.16136   75   53  -21.26268  -22.27797  4.77%  13.3 7070s
 61813990 52076213  -22.25035   46   72  -21.26268  -22.27797  4.77%  13.3 7075s
 61853202 52112607  -21.84117  126   34  -21.26268  -22.27797  4.77%  13.3 7080s
 61901155 52152837  -21.62903  128   40  -21.26268  -22.27797  4.77%  13.3 7085s
 61940924 52188401  -22.24530   51   65  -21.26268  -22.27797  4.77%  13.3 7090s
 61974946 52220590  -21.83058  132   34  -21.26268  -22.27796  4.77%  13.3 7095s
 62017464 52253951  -22.25229   43   73  -21.26268  -22.27796  4.77%  13.3 7100s
 62036019 52274762  -22.09542   88   54  -21.26268  -22.27796  4.77%  13.3 7105s
 62078216 52310610  -22.26079   38   74  -21.26268  -22.27796  4.77%  13.3 7110s
 62122475 52350288  -22.10645   94   50  -21.26268  -22.27796  4.77%  13.3 7115s
 62169627 52391990  -21.63464  131   32  -21.26268  -22.27796  4.77%  13.3 7120s
 62210430 52428482  -22.25484   45   71  -21.26268  -22.27796  4.77%  13.3 7125s
 62248645 52464331  -22.14695   77   49  -21.26268  -22.27795  4.77%  13.3 7130s
 62275440 52489735  -21.78397  129   29  -21.26268  -22.27795  4.77%  13.3 7135s
 62335106 52542146  -21.90430  117   38  -21.26268  -22.27795  4.77%  13.3 7140s
 62376415 52575986  -22.22077   66   60  -21.26268  -22.27795  4.77%  13.3 7145s
 62404787 52605645  -21.84847  107   43  -21.26268  -22.27795  4.77%  13.3 7150s
 62454452 52644729  -22.02565   96   46  -21.26268  -22.27795  4.77%  13.3 7155s
 62493753 52673387  -21.84127  121   40  -21.26268  -22.27794  4.77%  13.3 7160s
 62532243 52710961  -21.56281  131   38  -21.26268  -22.27794  4.77%  13.3 7165s
 62578646 52750156  -22.15793   75   53  -21.26268  -22.27794  4.77%  13.3 7170s
 62618289 52785969  -21.60322  139   31  -21.26268  -22.27794  4.77%  13.3 7175s
 62668142 52829330  -21.43012  164   23  -21.26268  -22.27793  4.77%  13.3 7180s
 62705666 52865180  -21.76406  128   35  -21.26268  -22.27793  4.77%  13.3 7185s
 62733194 52883521  -22.07873   91   46  -21.26268  -22.27793  4.77%  13.3 7190s
 62768643 52920376  -22.25703   42   74  -21.26268  -22.27793  4.77%  13.3 7195s
 62813739 52958019  -22.21483   58   61  -21.26268  -22.27793  4.77%  13.3 7200s
 62859410 52998356  -22.24118   51   64  -21.26268  -22.27793  4.77%  13.3 7205s
 62894156 53029979  -22.05457   89   46  -21.26268  -22.27792  4.77%  13.3 7210s
 62932545 53065066  -21.75496  134   31  -21.26268  -22.27792  4.77%  13.3 7215s
 62963572 53116755  -22.25512   47   70  -21.26268  -22.27792  4.77%  13.3 7222s
 63018632 53142736  -21.60314  141   32  -21.26268  -22.27792  4.77%  13.3 7225s
 63062228 53176430  -21.96873  105   42  -21.26268  -22.27792  4.77%  13.3 7230s
 63095230 53207078  -22.20019   66   58  -21.26268  -22.27792  4.77%  13.3 7235s
 63139122 53244850  -22.26815   40   77  -21.26268  -22.27791  4.77%  13.3 7240s
 63180805 53282403  -22.00334  100   47  -21.26268  -22.27791  4.77%  13.3 7245s
 63215655 53306907  -22.27455   32   82  -21.26268  -22.27791  4.77%  13.3 7250s
 63255382 53346312  -21.59452  150   32  -21.26268  -22.27791  4.77%  13.3 7255s
 63305972 53393536  -22.15763   76   49  -21.26268  -22.27791  4.77%  13.3 7260s
 63364788 53443041  -22.24095   50   68  -21.26268  -22.27790  4.77%  13.3 7265s
 63399069 53473396  -22.16641   74   53  -21.26268  -22.27790  4.77%  13.3 7270s
 63439514 53508841  -21.53567  162   25  -21.26268  -22.27790  4.77%  13.3 7275s
 63471663 53535502  -21.81848  121   36  -21.26268  -22.27790  4.77%  13.3 7280s
 63526120 53582811  -22.23248   53   66  -21.26268  -22.27790  4.77%  13.3 7285s
 63564091 53619012  -21.84937  108   47  -21.26268  -22.27790  4.77%  13.3 7290s
 63608783 53659782  -21.35321  159   23  -21.26268  -22.27789  4.77%  13.3 7295s
 63650550 53695184  -22.19499   67   60  -21.26268  -22.27789  4.77%  13.3 7300s
 63696225 53732307  -21.81609  118   39  -21.26268  -22.27789  4.77%  13.3 7306s
 63721822 53757161  -22.24999   44   69  -21.26268  -22.27789  4.77%  13.3 7310s
 63765138 53796864  -21.30370  163   27  -21.26268  -22.27789  4.77%  13.3 7315s
 63800582 53827034  -22.10517   79   51  -21.26268  -22.27788  4.77%  13.3 7320s
 63834538 53858321  -21.89810  105   53  -21.26268  -22.27788  4.77%  13.3 7325s
 63878123 53893254  -22.20745   65   60  -21.26268  -22.27788  4.77%  13.3 7330s
 63908818 53926937  -21.41407  158   28  -21.26268  -22.27788  4.77%  13.3 7335s
 63946892 53955575  -21.88344  116   42  -21.26268  -22.27788  4.77%  13.3 7340s
 63994922 53999932  -21.89730  111   42  -21.26268  -22.27787  4.77%  13.3 7345s
 64047952 54043674  -22.21087   66   58  -21.26268  -22.27787  4.77%  13.3 7350s
 64090030 54081717  -22.26398   39   75  -21.26268  -22.27787  4.77%  13.3 7355s
 64126475 54117038  -22.02056  101   41  -21.26268  -22.27787  4.77%  13.3 7360s
 64157638 54145808  -22.27057   33   80  -21.26268  -22.27787  4.77%  13.3 7365s
 64190341 54171553  -21.59433  134   32  -21.26268  -22.27787  4.77%  13.3 7370s
 64229204 54207880  -22.22961   55   65  -21.26268  -22.27786  4.77%  13.3 7375s
 64275461 54248563  -22.18763   74   57  -21.26268  -22.27786  4.77%  13.3 7380s
 64305575 54276326  -22.10913   94   48  -21.26268  -22.27786  4.77%  13.3 7385s
 64346381 54312241  -21.84772  109   43  -21.26268  -22.27786  4.77%  13.3 7390s
 64392659 54353213  -21.48243  157   29  -21.26268  -22.27786  4.77%  13.3 7395s
 64422147 54402987  -22.22329   56   66  -21.26268  -22.27786  4.77%  13.3 7402s
 64466498 54419966  -22.09692   93   46  -21.26268  -22.27785  4.77%  13.3 7405s
 64516665 54462634  -21.27896  176   17  -21.26268  -22.27785  4.77%  13.3 7410s
 64558657 54500672  -21.64619  140   27  -21.26268  -22.27785  4.77%  13.3 7415s
 64594878 54536095  -22.05367  101   50  -21.26268  -22.27785  4.77%  13.3 7420s
 64635282 54571117  -22.12209   87   52  -21.26268  -22.27785  4.77%  13.3 7425s
 64659773 54593264  -22.23926   48   68  -21.26268  -22.27785  4.77%  13.3 7430s
 64713990 54639226  -22.26646   38   74  -21.26268  -22.27785  4.77%  13.3 7435s
 64757830 54679760  -21.73832  131   34  -21.26268  -22.27784  4.77%  13.3 7440s
 64809740 54725965     cutoff  168       -21.26268  -22.27784  4.77%  13.3 7445s
 64859136 54766865  -22.23769   53   64  -21.26268  -22.27784  4.77%  13.3 7450s
 64900346 54799802  -21.47409  153   25  -21.26268  -22.27784  4.77%  13.3 7457s
 64919970 54822113  -21.85448  115   35  -21.26268  -22.27784  4.77%  13.3 7460s
 64969801 54864405  -21.96579  105   48  -21.26268  -22.27783  4.77%  13.3 7465s
 65009039 54898102  -22.04633  101   47  -21.26268  -22.27783  4.77%  13.3 7470s
 65050146 54934998  -22.05405   96   46  -21.26268  -22.27783  4.77%  13.3 7475s
 65096693 54976009  -21.95862  105   39  -21.26268  -22.27783  4.77%  13.3 7480s
 65150436 55019591  -22.21226   64   59  -21.26268  -22.27782  4.77%  13.3 7485s
 65175005 55040152  -22.13363   85   54  -21.26268  -22.27782  4.77%  13.3 7490s
 65224786 55086357  -21.76013  115   44  -21.26268  -22.27782  4.77%  13.3 7495s
 65274035 55128662  -22.05279   96   45  -21.26268  -22.27782  4.77%  13.3 7500s
 65318079 55169420     cutoff  163       -21.26268  -22.27782  4.77%  13.3 7505s
 65361696 55206165     cutoff  161       -21.26268  -22.27782  4.77%  13.3 7510s
 65379794 55221222  -21.68346  139   31  -21.26268  -22.27781  4.77%  13.3 7515s
 65418854 55255353  -22.15800   76   54  -21.26268  -22.27781  4.77%  13.3 7520s
 65458946 55292712  -21.81785  133   34  -21.26268  -22.27781  4.77%  13.3 7525s
 65500579 55328919  -22.14340   84   52  -21.26268  -22.27781  4.77%  13.3 7530s
 65547803 55371008  -22.05579   90   45  -21.26268  -22.27781  4.77%  13.3 7535s
 65587093 55407376  -21.99056   99   44  -21.26268  -22.27781  4.77%  13.3 7540s
 65620352 55435221     cutoff  169       -21.26268  -22.27781  4.77%  13.3 7545s
 65666126 55477138  -21.81404  131   33  -21.26268  -22.27780  4.77%  13.3 7550s
 65704886 55513301  -21.80409  112   42  -21.26268  -22.27780  4.77%  13.3 7555s
 65741176 55543939  -22.20443   67   57  -21.26268  -22.27780  4.77%  13.3 7560s
 65779121 55576888  -22.11610   90   43  -21.26268  -22.27780  4.77%  13.3 7565s
 65793133 55616150  -22.02427   97   48  -21.26268  -22.27780  4.77%  13.3 7571s
 65857763 55647929  -22.25379   43   71  -21.26268  -22.27780  4.77%  13.3 7575s
 65903112 55689354  -22.18632   77   56  -21.26268  -22.27779  4.77%  13.3 7580s
 65948958 55729014  -21.29993  175   15  -21.26268  -22.27779  4.77%  13.3 7585s
 65984957 55764006  -21.85531  122   41  -21.26268  -22.27779  4.77%  13.3 7590s
 66025020 55796077  -22.18999   64   58  -21.26268  -22.27779  4.77%  13.3 7595s
 66074489 55841686  -22.24643   50   68  -21.26268  -22.27779  4.77%  13.3 7600s
 66115462 55876605  -21.70701  134   33  -21.26268  -22.27779  4.77%  13.3 7605s
 66152604 55907965  -21.98343  109   42  -21.26268  -22.27778  4.77%  13.3 7610s
 66187037 55939820  -22.23641   51   67  -21.26268  -22.27778  4.77%  13.3 7615s
 66223054 55973077  -21.97956  100   45  -21.26268  -22.27778  4.77%  13.3 7620s
 66241271 55988750  -22.07213   86   51  -21.26268  -22.27778  4.77%  13.3 7625s
 66284544 56025165  -22.20334   67   59  -21.26268  -22.27778  4.77%  13.3 7630s
 66329785 56065854  -22.21758   64   61  -21.26268  -22.27778  4.77%  13.3 7635s
 66366683 56101047  -21.92642  118   45  -21.26268  -22.27777  4.77%  13.3 7640s
 66404031 56131046  -21.83799  128   36  -21.26268  -22.27777  4.77%  13.3 7645s
 66441810 56167102  -21.68084  139   36  -21.26268  -22.27777  4.77%  13.3 7650s
 66468133 56186232  -22.26341   38   77  -21.26268  -22.27777  4.77%  13.3 7655s
 66503608 56224128  -21.86022  126   39  -21.26268  -22.27777  4.77%  13.3 7660s
 66552163 56264140  -22.25414   47   72  -21.26268  -22.27777  4.77%  13.3 7665s
 66599608 56307371  -21.88040  123   38  -21.26268  -22.27777  4.77%  13.3 7670s
 66638242 56342587  -22.23848   51   67  -21.26268  -22.27776  4.77%  13.3 7675s
 66681860 56379748  -22.25021   42   70  -21.26268  -22.27776  4.77%  13.3 7680s
 66709085 56406449  -21.83403  125   37  -21.26268  -22.27776  4.77%  13.3 7685s
 66752370 56442090  -21.82495  113   47  -21.26268  -22.27776  4.77%  13.3 7690s
 66797990 56482713  -22.16071   70   53  -21.26268  -22.27776  4.77%  13.3 7695s
 66848349 56527537  -21.89755  116   44  -21.26268  -22.27776  4.77%  13.3 7700s
 66896636 56569621  -21.38957  165   25  -21.26268  -22.27775  4.77%  13.3 7705s
 66935458 56605316  -22.06500   95   47  -21.26268  -22.27775  4.77%  13.3 7710s
 66947517 56641056  -21.98122  101   47  -21.26268  -22.27775  4.77%  13.3 7715s
 67022364 56682777  -22.10955   81   48  -21.26268  -22.27775  4.77%  13.3 7720s
 67070244 56726659  -21.63805  135   36  -21.26268  -22.27775  4.77%  13.3 7725s
 67106091 56757840  -22.08318   92   46  -21.26268  -22.27775  4.77%  13.3 7730s
 67154355 56798982  -22.25676   39   74  -21.26268  -22.27774  4.77%  13.3 7735s
 67175965 56819656  -21.69474  135   34  -21.26268  -22.27774  4.77%  13.3 7740s
 67220494 56860751  -22.15091   75   61  -21.26268  -22.27774  4.77%  13.3 7745s
 67267893 56900391  -21.50318  167   23  -21.26268  -22.27774  4.77%  13.3 7750s
 67303807 56936947  -21.80104  134   33  -21.26268  -22.27774  4.77%  13.3 7755s
 67354045 56977905  -22.19017   69   58  -21.26268  -22.27774  4.77%  13.3 7760s
 67395015 57017351  -21.77584  132   31  -21.26268  -22.27773  4.77%  13.3 7765s
 67420419 57037889  -22.20644   62   65  -21.26268  -22.27773  4.77%  13.3 7770s
 67469837 57083387  -22.11210   88   50  -21.26268  -22.27773  4.77%  13.3 7775s
 67506883 57115200  -21.53933  130   37  -21.26268  -22.27773  4.77%  13.3 7780s
 67547236 57152789  -22.18917   71   57  -21.26268  -22.27773  4.77%  13.3 7785s
 67588337 57189019  -21.96813  104   46  -21.26268  -22.27773  4.77%  13.3 7790s
 67631411 57224090  -21.54446  142   27  -21.26268  -22.27773  4.77%  13.3 7796s
 67662214 57253176  -22.21727   54   64  -21.26268  -22.27772  4.77%  13.3 7800s
 67706214 57295978  -22.03658  101   49  -21.26268  -22.27772  4.77%  13.3 7805s
 67750543 57332266  -22.10061   91   48  -21.26268  -22.27772  4.77%  13.3 7810s
 67791514 57367051  -22.26981   40   75  -21.26268  -22.27772  4.77%  13.3 7815s
 67831670 57403184     cutoff  177       -21.26268  -22.27772  4.77%  13.3 7820s
 67873682 57439543  -22.11139   87   49  -21.26268  -22.27771  4.77%  13.3 7825s
 67903581 57463519  -21.36081  161   23  -21.26268  -22.27771  4.77%  13.3 7830s
 67942331 57500005  -21.27866  165   29  -21.26268  -22.27771  4.77%  13.3 7835s
 67989184 57540744  -22.23180   56   64  -21.26268  -22.27771  4.77%  13.3 7840s
 68037049 57581610  -21.68078  136   29  -21.26268  -22.27771  4.77%  13.3 7845s
 68087594 57624821  -22.04722   97   44  -21.26268  -22.27770  4.77%  13.3 7850s
 68132471 57660031  -22.20183   69   54  -21.26268  -22.27770  4.77%  13.3 7856s
 68154309 57684848  -21.65059  131   41  -21.26268  -22.27770  4.77%  13.3 7860s
 68198996 57722641  -22.20615   66   59  -21.26268  -22.27770  4.77%  13.3 7865s
 68244335 57764008  -22.22809   63   64  -21.26268  -22.27770  4.77%  13.3 7870s
 68278605 57797405  -22.23129   57   64  -21.26268  -22.27770  4.77%  13.3 7875s
 68322207 57835212  -21.89676  113   38  -21.26268  -22.27769  4.77%  13.3 7880s
 68360679 57868142  -21.87575  113   44  -21.26268  -22.27769  4.77%  13.3 7885s
 68403487 57902327  -21.28088  164   21  -21.26268  -22.27769  4.77%  13.3 7890s
 68449387 57945236  -21.80348  125   44  -21.26268  -22.27769  4.77%  13.3 7895s
 68486386 57977674  -22.12284   90   49  -21.26268  -22.27769  4.77%  13.3 7900s
 68523086 58012271  -22.05714   96   47  -21.26268  -22.27769  4.77%  13.3 7905s
 68548832 58036879  -22.01052  104   47  -21.26268  -22.27769  4.77%  13.3 7910s
 68592493 58074018  -22.24795   53   64  -21.26268  -22.27768  4.77%  13.3 7915s
 68633272 58109763  -21.94663  113   36  -21.26268  -22.27768  4.77%  13.3 7920s
 68671165 58143163  -21.63583  134   32  -21.26268  -22.27768  4.77%  13.3 7925s
 68711109 58177674  -21.84904  126   37  -21.26268  -22.27768  4.77%  13.3 7930s
 68754381 58215338  -22.14660   78   56  -21.26268  -22.27768  4.77%  13.3 7935s
 68799222 58251185  -22.14313   87   56  -21.26268  -22.27767  4.77%  13.3 7941s
 68831287 58284954  -22.08808   91   52  -21.26268  -22.27767  4.77%  13.3 7945s
 68897735 58340916  -22.22958   55   61  -21.26268  -22.27767  4.77%  13.3 7950s
 68956033 58395633  -21.68304  123   35  -21.26268  -22.27767  4.77%  13.3 7955s
 69002695 58435668  -22.20879   68   55  -21.26268  -22.27767  4.77%  13.3 7960s
 69020382 58477461  -22.10381   89   50  -21.26268  -22.27767  4.77%  13.3 7966s
 69086069 58513641  -21.57310  148   34  -21.26268  -22.27766  4.77%  13.3 7970s
 69119324 58541444  -22.26824   41   74  -21.26268  -22.27766  4.77%  13.3 7975s
 69156340 58572702  -22.24634   48   71  -21.26268  -22.27766  4.77%  13.3 7980s
 69193002 58605727  -22.05837   97   51  -21.26268  -22.27766  4.77%  13.3 7985s
 69229162 58639173  -22.26286   40   73  -21.26268  -22.27766  4.77%  13.3 7990s
 69261067 58668152  -21.31681  156   27  -21.26268  -22.27766  4.77%  13.3 7995s
 69316673 58713448  -22.26873   38   77  -21.26268  -22.27765  4.77%  13.3 8000s
 69365731 58759864  -21.57614  149   34  -21.26268  -22.27765  4.77%  13.3 8005s
 69416782 58804875  -21.84375  115   38  -21.26268  -22.27765  4.77%  13.3 8010s
 69456645 58841027  -21.31116  161   20  -21.26268  -22.27765  4.77%  13.3 8015s
 69509498 58885259  -21.29845  156   24  -21.26268  -22.27765  4.77%  13.3 8020s
 69535428 58906692  -22.23068   50   66  -21.26268  -22.27764  4.77%  13.3 8025s
 69579165 58944058  -22.00234  103   45  -21.26268  -22.27764  4.77%  13.3 8030s
 69618210 58979952  -21.65731  136   28  -21.26268  -22.27764  4.77%  13.3 8035s
 69670846 59021175  -22.24843   46   70  -21.26268  -22.27764  4.77%  13.3 8040s
 69702975 59054479     cutoff  156       -21.26268  -22.27764  4.77%  13.3 8045s
 69727407 59073083  -22.23361   51   66  -21.26268  -22.27763  4.77%  13.3 8050s
 69766480 59109433  -21.59466  150   28  -21.26268  -22.27763  4.77%  13.3 8055s
 69810559 59150112  -22.09134   95   44  -21.26268  -22.27763  4.77%  13.3 8060s
 69858423 59188105  -22.21057   59   67  -21.26268  -22.27763  4.77%  13.3 8065s
 69893482 59221905  -22.15294   79   48  -21.26268  -22.27763  4.77%  13.3 8070s
 69936758 59257899  -21.69029  147   29  -21.26268  -22.27763  4.77%  13.3 8076s
 69968824 59290840  -22.10729   90   46  -21.26268  -22.27763  4.77%  13.3 8080s
 70009917 59326619  -22.16384   73   55  -21.26268  -22.27762  4.77%  13.3 8085s
 70045358 59358743  -21.97851   98   48  -21.26268  -22.27762  4.77%  13.3 8090s
 70079270 59388529  -22.25097   49   66  -21.26268  -22.27762  4.77%  13.3 8095s
 70127963 59435108  -21.61535  137   31  -21.26268  -22.27762  4.77%  13.3 8100s
 70165131 59460186  -21.61326  125   35  -21.26268  -22.27762  4.77%  13.3 8105s
 70208394 59501873  -22.27310   32   80  -21.26268  -22.27762  4.77%  13.3 8110s
 70245506 59537273     cutoff  165       -21.26268  -22.27762  4.77%  13.3 8115s
 70283239 59571989  -21.69771  131   34  -21.26268  -22.27761  4.77%  13.3 8120s
 70326033 59610269  -22.24859   45   69  -21.26268  -22.27761  4.77%  13.3 8125s
 70370178 59646077  -21.95146  112   42  -21.26268  -22.27761  4.77%  13.3 8131s
 70408196 59682266  -22.25719   46   73  -21.26268  -22.27761  4.77%  13.3 8135s
 70444019 59717412  -21.56446  139   35  -21.26268  -22.27761  4.77%  13.3 8140s
 70497318 59764000  -21.51246  150   30  -21.26268  -22.27761  4.77%  13.3 8145s
 70549158 59807219     cutoff  154       -21.26268  -22.27760  4.77%  13.3 8150s
 70590726 59843468  -21.89429  110   36  -21.26268  -22.27760  4.77%  13.3 8155s
 70625906 59870529  -22.04860   99   46  -21.26268  -22.27760  4.77%  13.3 8160s
 70660614 59907773  -21.41080  148   32  -21.26268  -22.27760  4.77%  13.3 8165s
 70706251 59946918  -21.33031  147   27  -21.26268  -22.27760  4.77%  13.3 8170s
 70757856 59989080  -22.21939   58   65  -21.26268  -22.27760  4.77%  13.3 8175s
 70790344 60024883  -22.19552   70   58  -21.26268  -22.27759  4.77%  13.3 8180s
 70830170 60057010  -21.70287  129   38  -21.26268  -22.27759  4.77%  13.3 8185s
 70834536 60084579  -22.20910   59   61  -21.26268  -22.27759  4.77%  13.3 8190s
 70898615 60118262     cutoff  164       -21.26268  -22.27759  4.77%  13.3 8195s
 70944242 60160670  -21.70809  132   27  -21.26268  -22.27759  4.77%  13.3 8200s
 71005348 60210066  -21.40971  136   32  -21.26268  -22.27759  4.77%  13.3 8205s
 71039644 60244979  -21.91901  102   49  -21.26268  -22.27759  4.77%  13.3 8210s
 71084354 60277887  -22.21592   65   60  -21.26268  -22.27758  4.77%  13.3 8216s
 71129608 60321237  -22.19435   67   59  -21.26268  -22.27758  4.77%  13.3 8220s
 71181979 60368081  -22.21388   64   57  -21.26268  -22.27758  4.77%  13.3 8225s
 71232050 60412494  -22.20255   66   59  -21.26268  -22.27758  4.77%  13.3 8230s
 71276383 60452354  -21.72448  127   33  -21.26268  -22.27758  4.77%  13.3 8235s
 71311535 60486532  -21.56600  142   30  -21.26268  -22.27757  4.77%  13.3 8240s
 71337274 60505108  -22.23990   52   70  -21.26268  -22.27757  4.77%  13.3 8245s
 71371343 60537638  -22.07657   90   49  -21.26268  -22.27757  4.77%  13.3 8250s
 71417939 60577608  -22.17068   78   52  -21.26268  -22.27757  4.77%  13.3 8255s
 71458746 60616093  -22.16241   76   56  -21.26268  -22.27757  4.77%  13.3 8260s
 71503491 60654863  -21.87787  116   43  -21.26268  -22.27757  4.77%  13.3 8265s
 71542048 60688964  -22.11148   90   53  -21.26268  -22.27757  4.77%  13.3 8270s
 71569670 60714970  -22.24305   49   65  -21.26268  -22.27756  4.77%  13.3 8275s
 71614351 60752499  -22.19857   67   60  -21.26268  -22.27756  4.77%  13.3 8280s
 71650530 60787155  -22.22560   59   61  -21.26268  -22.27756  4.77%  13.3 8285s
 71693651 60822251  -22.25881   36   77  -21.26268  -22.27756  4.77%  13.3 8290s
 71727701 60853940  -22.04763   93   45  -21.26268  -22.27756  4.77%  13.3 8295s
 71766769 60888986  -22.12962   83   49  -21.26268  -22.27756  4.77%  13.3 8300s
 71807588 60922883  -22.26862   33   80  -21.26268  -22.27755  4.77%  13.3 8305s
 71828643 60943162  -21.44031  156   30  -21.26268  -22.27755  4.77%  13.3 8310s
 71873283 60982927  -22.14271   82   50  -21.26268  -22.27755  4.77%  13.3 8315s
 71917128 61021024  -22.20804   67   59  -21.26268  -22.27755  4.77%  13.3 8320s
H71942136 60650101                     -21.2860559  -22.27755  4.66%  13.3 8334s
 71949218 60658382  -21.29978  158   26  -21.28606  -22.27755  4.66%  13.3 8335s
 71995975 60699572  -22.16936   70   57  -21.28606  -22.27755  4.66%  13.3 8340s
 72035704 60733666  -21.74572  115   40  -21.28606  -22.27755  4.66%  13.3 8345s
 72057436 60752293  -22.12286   85   51  -21.28606  -22.27754  4.66%  13.3 8350s
 72104687 60795424  -21.99967  102   44  -21.28606  -22.27754  4.66%  13.3 8355s
 72150311 60835659  -21.61020  141   29  -21.28606  -22.27754  4.66%  13.3 8360s
 72201192 60880337  -22.20728   62   58  -21.28606  -22.27754  4.66%  13.3 8365s
 72238156 60916821  -21.35338  143   29  -21.28606  -22.27754  4.66%  13.3 8370s
 72275507 60945419  -21.99686  108   39  -21.28606  -22.27754  4.66%  13.3 8376s
 72313746 60982136  -22.17292   73   56  -21.28606  -22.27754  4.66%  13.3 8380s
 72369591 61034526  -21.62859  128   31  -21.28606  -22.27753  4.66%  13.3 8385s
 72411911 61068832  -21.81000  118   37  -21.28606  -22.27753  4.66%  13.3 8390s
 72450491 61103110  -21.81200  127   37  -21.28606  -22.27753  4.66%  13.3 8395s
 72487068 61139555  -22.07586   99   47  -21.28606  -22.27753  4.66%  13.3 8400s
 72516582 61163628  -22.27413   31   81  -21.28606  -22.27753  4.66%  13.3 8405s
 72562489 61204511  -22.24684   50   65  -21.28606  -22.27752  4.66%  13.3 8410s
 72614721 61250253  -21.41978  142   29  -21.28606  -22.27752  4.66%  13.3 8415s
 72655463 61286813  -22.03901   97   48  -21.28606  -22.27752  4.66%  13.3 8420s
 72698122 61323806  -21.37414  154   26  -21.28606  -22.27752  4.66%  13.3 8425s
 72729869 61354267  -21.53577  148   30  -21.28606  -22.27752  4.66%  13.3 8430s
 72779385 61395658  -21.91249  111   40  -21.28606  -22.27752  4.66%  13.3 8435s
 72814729 61428212  -21.44383  156   32  -21.28606  -22.27752  4.66%  13.3 8440s
 72854524 61461848  -22.19818   70   58  -21.28606  -22.27751  4.66%  13.3 8445s
 72897980 61502755  -21.70296  135   29  -21.28606  -22.27751  4.66%  13.3 8450s
 72937067 61539992  -21.60288  141   41  -21.28606  -22.27751  4.66%  13.3 8455s
 72961681 61585553  -22.00113  106   41  -21.28606  -22.27751  4.66%  13.3 8462s
 73023199 61616973  -22.15255   77   54  -21.28606  -22.27751  4.66%  13.3 8465s
 73086188 61672132  -22.06962   93   48  -21.28606  -22.27751  4.66%  13.3 8470s
 73132875 61712354  -22.16880   65   62  -21.28606  -22.27750  4.66%  13.3 8475s
 73175971 61752648  -22.26202   39   75  -21.28606  -22.27750  4.66%  13.3 8480s
 73203197 61776074  -21.66135  148   24  -21.28606  -22.27750  4.66%  13.3 8485s
 73254197 61820358  -22.21904   57   62  -21.28606  -22.27750  4.66%  13.3 8490s
 73294923 61856832  -21.42706  165   29  -21.28606  -22.27750  4.66%  13.3 8495s
 73329575 61888507  -21.99474  105   46  -21.28606  -22.27750  4.66%  13.3 8500s
 73370370 61925435  -21.75095  132   35  -21.28606  -22.27749  4.66%  13.3 8505s
 73418405 61964883  -21.53625  153   26  -21.28606  -22.27749  4.66%  13.3 8510s
 73449263 61989438  -21.29861  158   29  -21.28606  -22.27749  4.66%  13.3 8515s
 73499993 62038383  -22.21162   60   60  -21.28606  -22.27749  4.66%  13.3 8520s
 73563223 62092150  -21.53875  142   30  -21.28606  -22.27749  4.66%  13.3 8525s
 73622266 62146495  -21.47424  147   33  -21.28606  -22.27748  4.66%  13.3 8530s
 73692243 62205661  -22.26947   40   74  -21.28606  -22.27748  4.66%  13.3 8535s
 73734153 62241683  -22.21462   62   58  -21.28606  -22.27748  4.66%  13.3 8540s
 73782311 62285320  -22.11006   87   51  -21.28606  -22.27748  4.66%  13.3 8545s
 73823402 62322069  -22.07749   93   57  -21.28606  -22.27748  4.66%  13.3 8550s
 73862870 62359777  -21.70284  150   34  -21.28606  -22.27747  4.66%  13.3 8555s
 73909017 62397802  -22.25170   51   67  -21.28606  -22.27747  4.66%  13.3 8560s
 73936782 62422285  -22.24926   48   67  -21.28606  -22.27747  4.66%  13.3 8565s
 73981754 62467150  -21.29507  158   24  -21.28606  -22.27747  4.66%  13.3 8570s
 74030015 62510576  -22.01750  105   48  -21.28606  -22.27747  4.66%  13.3 8575s
 74076124 62550390  -22.18631   68   60  -21.28606  -22.27747  4.66%  13.3 8580s
 74114833 62585851  -22.21089   61   62  -21.28606  -22.27747  4.66%  13.3 8585s
 74144897 62609251  -22.25139   46   71  -21.28606  -22.27747  4.66%  13.3 8590s
 74184704 62646778  -22.18411   75   56  -21.28606  -22.27746  4.66%  13.3 8595s
 74216893 62679578  -21.77405  126   35  -21.28606  -22.27746  4.66%  13.3 8600s
 74269350 62722446  -22.17537   68   64  -21.28606  -22.27746  4.66%  13.3 8605s
 74303237 62755491  -22.11137   82   50  -21.28606  -22.27746  4.66%  13.3 8610s
 74330154 62802890  -22.08000   92   47  -21.28606  -22.27746  4.66%  13.3 8617s
 74385860 62830825  -21.73892  130   37  -21.28606  -22.27746  4.66%  13.3 8620s
 74453978 62888129  -22.24424   51   68  -21.28606  -22.27745  4.66%  13.3 8625s
 74511454 62940514  -22.26635   41   73  -21.28606  -22.27745  4.66%  13.3 8630s
 74553427 62977155  -22.23496   54   63  -21.28606  -22.27745  4.66%  13.3 8635s
 74573979 62999108  -22.06528   98   45  -21.28606  -22.27745  4.66%  13.3 8640s
 74617511 63036110  -22.21161   64   56  -21.28606  -22.27745  4.66%  13.3 8645s
 74664928 63077362  -22.12094   86   47  -21.28606  -22.27745  4.66%  13.3 8650s
 74710794 63119362  -21.29700  169   18  -21.28606  -22.27744  4.66%  13.3 8655s
 74756710 63159504  -21.70780  136   36  -21.28606  -22.27744  4.66%  13.3 8660s
 74786998 63184025  -22.10628   92   52  -21.28606  -22.27744  4.66%  13.3 8665s
 74825909 63226186  -22.04065   98   47  -21.28606  -22.27744  4.66%  13.3 8670s
 74868860 63262565  -22.20195   65   56  -21.28606  -22.27744  4.66%  13.3 8675s
 74907881 63296812  -22.22132   61   61  -21.28606  -22.27744  4.66%  13.3 8680s
 74942501 63330117  -22.01658  102   46  -21.28606  -22.27744  4.66%  13.3 8685s
 74978241 63355792  -22.15121   76   55  -21.28606  -22.27744  4.66%  13.3 8690s
 75007766 63388403  -21.86409  116   45  -21.28606  -22.27744  4.66%  13.3 8695s
 75052728 63429885  -21.55874  162   24  -21.28606  -22.27743  4.66%  13.3 8700s
 75095928 63468758  -22.10475   82   49  -21.28606  -22.27743  4.66%  13.3 8705s
 75140653 63509160  -22.17733   73   55  -21.28606  -22.27743  4.66%  13.3 8710s
 75194090 63553298  -21.97463  103   42  -21.28606  -22.27743  4.66%  13.3 8715s
 75217691 63577236  -21.89794  127   43  -21.28606  -22.27743  4.66%  13.3 8720s
 75254619 63610858  -22.19584   71   60  -21.28606  -22.27743  4.66%  13.3 8725s
 75301464 63652850  -21.95120  108   40  -21.28606  -22.27743  4.66%  13.3 8730s
 75349293 63693060  -21.45783  161   28  -21.28606  -22.27742  4.66%  13.3 8735s
 75382517 63726522  -21.74101  126   34  -21.28606  -22.27742  4.66%  13.3 8740s
 75423822 63763019  -22.26208   37   76  -21.28606  -22.27742  4.66%  13.3 8745s
 75459006 63791850  -21.51024  153   24  -21.28606  -22.27742  4.66%  13.3 8750s
 75520625 63848653  -22.19096   68   61  -21.28606  -22.27742  4.66%  13.3 8755s
 75571306 63892655  -22.01860  102   43  -21.28606  -22.27742  4.66%  13.3 8760s
 75617708 63931199  -22.23866   50   70  -21.28606  -22.27741  4.66%  13.3 8765s
 75654940 63959823  -22.13776   86   52  -21.28606  -22.27741  4.66%  13.3 8773s
 75662511 63970967  -22.21779   63   61  -21.28606  -22.27741  4.66%  13.3 8775s
 75694293 63999988  -21.98853  104   40  -21.28606  -22.27741  4.66%  13.3 8780s
 75730228 64031977  -22.18069   72   54  -21.28606  -22.27741  4.66%  13.3 8785s
 75772480 64067552  -21.92100  109   37  -21.28606  -22.27741  4.66%  13.3 8790s
 75812182 64105802  -22.01588  102   45  -21.28606  -22.27741  4.66%  13.3 8795s
 75864462 64151185  -21.78710  131   30  -21.28606  -22.27740  4.66%  13.3 8800s
 75898094 64177176  -21.36783  150   28  -21.28606  -22.27740  4.66%  13.3 8805s
 75935134 64214651  -22.12327   89   49  -21.28606  -22.27740  4.66%  13.3 8810s
 75985409 64261096  -21.75368  131   38  -21.28606  -22.27740  4.66%  13.3 8815s
 76038115 64303573  -22.23606   52   65  -21.28606  -22.27740  4.66%  13.3 8820s
 76077486 64340092  -22.11754   85   50  -21.28606  -22.27740  4.66%  13.3 8825s
 76117401 64375086  -22.06318   94   44  -21.28606  -22.27739  4.66%  13.3 8830s
 76131957 64412517  -22.13525   83   51  -21.28606  -22.27739  4.66%  13.3 8836s
 76191001 64443572  -21.65537  141   33  -21.28606  -22.27739  4.66%  13.3 8840s
 76236213 64482282     cutoff  162       -21.28606  -22.27739  4.66%  13.3 8845s
 76263867 64509514  -21.76916  127   36  -21.28606  -22.27739  4.66%  13.3 8850s
 76301575 64538477  -22.27121   32   80  -21.28606  -22.27739  4.66%  13.3 8855s
 76339465 64570885  -22.21198   62   59  -21.28606  -22.27739  4.66%  13.3 8860s
 76358453 64613864  -21.52486  160   24  -21.28606  -22.27739  4.66%  13.3 8867s
 76409547 64636163  -22.18007   73   54  -21.28606  -22.27739  4.66%  13.3 8870s
 76469908 64689030  -22.22990   57   64  -21.28606  -22.27738  4.66%  13.3 8875s
 76537008 64746741  -22.22062   58   60  -21.28606  -22.27738  4.66%  13.3 8880s
 76583911 64788223  -21.77757  136   31  -21.28606  -22.27738  4.66%  13.3 8885s
 76613879 64809689  -21.47623  159   23  -21.28606  -22.27738  4.66%  13.3 8891s
 76643163 64839931  -21.82621  119   40  -21.28606  -22.27738  4.66%  13.3 8895s
 76691240 64879349  -22.24218   54   64  -21.28606  -22.27737  4.66%  13.3 8900s
 76724799 64912283  -21.51209  153   25  -21.28606  -22.27737  4.66%  13.2 8905s
 76771221 64951234  -22.23605   50   67  -21.28606  -22.27737  4.66%  13.3 8910s
 76810043 64985495  -22.01837  102   47  -21.28606  -22.27737  4.66%  13.2 8915s
 76851941 65023507  -22.12693   83   56  -21.28606  -22.27737  4.66%  13.2 8920s
 76888163 65055168  -22.19584   73   55  -21.28606  -22.27737  4.66%  13.2 8925s
 76923985 65090561  -22.07847   95   49  -21.28606  -22.27736  4.66%  13.2 8930s
 76963021 65122575  -21.54795  142   29  -21.28606  -22.27736  4.66%  13.2 8935s
 77008947 65163856  -22.27269   35   79  -21.28606  -22.27736  4.66%  13.2 8940s
 77055912 65204311  -22.09392   91   48  -21.28606  -22.27736  4.66%  13.2 8945s
 77093952 65234439  -22.25748   45   69  -21.28606  -22.27736  4.66%  13.2 8950s
 77127203 65268106  -22.24046   48   69  -21.28606  -22.27736  4.66%  13.2 8955s
 77173941 65308094  -22.23497   57   65  -21.28606  -22.27736  4.66%  13.2 8960s
 77220347 65348343  -22.22864   56   65  -21.28606  -22.27735  4.66%  13.2 8965s
 77249507 65376401  -22.06056   95   49  -21.28606  -22.27735  4.66%  13.2 8970s
 77299427 65418970  -22.21186   55   61  -21.28606  -22.27735  4.66%  13.2 8975s
 77335529 65448106  -22.20768   69   56  -21.28606  -22.27735  4.66%  13.2 8981s
 77356670 65471246  -22.14367   81   54  -21.28606  -22.27735  4.66%  13.2 8985s
 77401791 65512229  -21.99849  108   41  -21.28606  -22.27735  4.66%  13.2 8990s
 77445713 65552162  -22.12832   82   47  -21.28606  -22.27735  4.66%  13.2 8995s
 77495307 65594123  -22.04578   94   44  -21.28606  -22.27734  4.66%  13.2 9000s
 77535508 65630001  -21.45148  153   28  -21.28606  -22.27734  4.66%  13.2 9005s
 77564904 65652757  -21.60439  133   35  -21.28606  -22.27734  4.66%  13.2 9010s
 77600423 65688656  -21.36409  164   29  -21.28606  -22.27734  4.66%  13.2 9015s
 77648380 65728513  -22.20132   68   58  -21.28606  -22.27734  4.66%  13.2 9020s
 77684934 65761993  -21.35656  154   38  -21.28606  -22.27734  4.66%  13.2 9025s
 77724403 65795530  -22.26230   39   75  -21.28606  -22.27733  4.66%  13.2 9030s
 77764804 65833162  -21.95112  104   47  -21.28606  -22.27733  4.66%  13.2 9035s
 77786643 65854606  -21.64441  138   34  -21.28606  -22.27733  4.66%  13.2 9040s
 77830266 65896038  -21.43922  148   25  -21.28606  -22.27733  4.66%  13.2 9045s
 77884917 65941538  -22.13678   80   47  -21.28606  -22.27733  4.66%  13.2 9050s
 77931871 65983037  -22.03749   93   47  -21.28606  -22.27733  4.66%  13.2 9055s
 77966597 66012562  -22.08189   88   51  -21.28606  -22.27733  4.66%  13.2 9060s
 78014363 66055748  -22.06844   95   47  -21.28606  -22.27732  4.66%  13.2 9065s
 78054582 66088168  -22.23897   51   64  -21.28606  -22.27732  4.66%  13.2 9070s
 78107332 66136292  -21.60604  135   34  -21.28606  -22.27732  4.66%  13.2 9075s
 78154440 66176496  -21.50764  145   22  -21.28606  -22.27732  4.66%  13.2 9080s
 78202048 66218927  -21.76531  133   34  -21.28606  -22.27732  4.66%  13.2 9085s
 78242765 66255149  -22.06602   84   52  -21.28606  -22.27732  4.66%  13.2 9090s
 78271727 66277883  -21.78694  119   31  -21.28606  -22.27732  4.66%  13.2 9095s
 78322677 66328265  -21.73539  126   43  -21.28606  -22.27731  4.66%  13.2 9100s
 78358726 66360277  -22.24703   48   74  -21.28606  -22.27731  4.66%  13.2 9105s
 78396849 66394185  -22.05735   99   47  -21.28606  -22.27731  4.66%  13.2 9110s
 78435603 66429736  -21.79227  137   34  -21.28606  -22.27731  4.66%  13.2 9115s
 78472862 66459755  -22.10845   89   50  -21.28606  -22.27731  4.66%  13.2 9120s
 78493861 66482086  -21.73292  140   32  -21.28606  -22.27731  4.66%  13.2 9125s
 78530748 66515430  -21.99820  109   46  -21.28606  -22.27731  4.66%  13.2 9130s
 78586976 66564074  -21.55924  143   28  -21.28606  -22.27730  4.66%  13.2 9135s
 78627996 66598479  -22.25497   41   73  -21.28606  -22.27730  4.66%  13.2 9140s
 78669226 66636816  -21.84614  119   45  -21.28606  -22.27730  4.66%  13.2 9145s
 78712755 66673214  -22.22891   57   62  -21.28606  -22.27730  4.66%  13.2 9150s
 78737164 66694926  -22.10799   92   48  -21.28606  -22.27730  4.66%  13.2 9155s
 78787126 66740717  -22.27041   34   77  -21.28606  -22.27730  4.66%  13.2 9160s
 78838916 66785525  -21.29447  156   28  -21.28606  -22.27730  4.66%  13.2 9165s
 78881040 66824228  -21.64433  130   33  -21.28606  -22.27729  4.66%  13.2 9170s
 78915047 66853656  -22.12209   85   51  -21.28606  -22.27729  4.66%  13.2 9175s
 78952351 66885826  -21.34063  153   36  -21.28606  -22.27729  4.66%  13.2 9180s
 78988119 66919413  -22.25728   47   69  -21.28606  -22.27729  4.66%  13.2 9185s
 79041158 66964915  -22.23895   53   66  -21.28606  -22.27729  4.66%  13.2 9190s
 79084392 67004489  -22.10853   89   52  -21.28606  -22.27729  4.66%  13.2 9195s
 79132262 67045675  -22.10790   84   49  -21.28606  -22.27729  4.66%  13.2 9200s
 79171169 67081431  -22.26945   33   79  -21.28606  -22.27728  4.66%  13.2 9205s
 79204663 67112864  -21.29188  167   22  -21.28606  -22.27728  4.66%  13.2 9210s
 79251586 67151898  -22.14311   80   53  -21.28606  -22.27728  4.66%  13.2 9215s
 79282162 67181527  -22.16070   76   47  -21.28606  -22.27728  4.66%  13.2 9220s
 79328895 67225307  -22.25875   46   70  -21.28606  -22.27728  4.66%  13.2 9225s
 79370324 67263398  -21.67765  140   23  -21.28606  -22.27728  4.66%  13.2 9230s
 79388685 67301744  -21.75535  128   36  -21.28606  -22.27728  4.66%  13.2 9236s
 79447339 67330146  -22.14900   78   57  -21.28606  -22.27728  4.66%  13.2 9240s
 79487642 67367606  -22.01880  104   42  -21.28606  -22.27728  4.66%  13.2 9245s
 79535649 67409192  -22.15418   73   54  -21.28606  -22.27727  4.66%  13.2 9250s
 79589376 67454553  -21.90179  111   47  -21.28606  -22.27727  4.66%  13.2 9255s
 79610879 67476082  -22.24640   49   69  -21.28606  -22.27727  4.66%  13.2 9260s
 79654506 67512755  -22.26345   41   75  -21.28606  -22.27727  4.66%  13.2 9265s
 79698904 67553739  -21.64965  151   31  -21.28606  -22.27727  4.66%  13.2 9270s
 79741534 67592515  -21.86758  120   38  -21.28606  -22.27727  4.66%  13.2 9275s
 79785179 67629183  -22.26123   43   75  -21.28606  -22.27726  4.66%  13.2 9280s
 79837529 67674107  -22.23065   56   67  -21.28606  -22.27726  4.66%  13.2 9285s
 79860241 67694312  -22.26214   42   75  -21.28606  -22.27726  4.66%  13.2 9290s
 79907843 67735123  -22.20305   67   57  -21.28606  -22.27726  4.66%  13.2 9295s
 79958476 67779996  -22.11318   84   49  -21.28606  -22.27726  4.66%  13.2 9300s
 80004358 67820072  -21.89766  111   43  -21.28606  -22.27725  4.66%  13.2 9305s
 80053411 67861140  -22.19438   61   66  -21.28606  -22.27725  4.66%  13.2 9310s
 80083382 67890258  -21.95486  112   44  -21.28606  -22.27725  4.66%  13.2 9315s
 80104919 67910427  -22.17393   74   51  -21.28606  -22.27725  4.66%  13.2 9320s
 80146313 67947354  -22.06448   94   52  -21.28606  -22.27725  4.66%  13.2 9325s
 80200228 67996982  -21.98803  109   48  -21.28606  -22.27725  4.66%  13.2 9330s
 80251235 68037842  -22.21268   67   59  -21.28606  -22.27725  4.66%  13.2 9335s
 80294279 68077109  -21.95567  115   35  -21.28606  -22.27724  4.66%  13.2 9340s
 80346218 68122292  -21.91135  113   46  -21.28606  -22.27724  4.66%  13.2 9345s
 80350309 68151191  -22.26235   41   71  -21.28606  -22.27724  4.66%  13.2 9350s
 80422027 68187848  -21.45139  149   28  -21.28606  -22.27724  4.66%  13.2 9355s
 80474099 68235448  -21.48313  141   28  -21.28606  -22.27724  4.66%  13.2 9360s
 80513334 68273307  -21.98780  110   46  -21.28606  -22.27724  4.66%  13.2 9365s
 80555468 68309882  -22.18351   73   56  -21.28606  -22.27724  4.66%  13.2 9370s
 80602168 68344374  -22.21204   67   60  -21.28606  -22.27723  4.66%  13.2 9375s
 80645083 68385501  -22.23897   56   66  -21.28606  -22.27723  4.66%  13.2 9380s
 80683264 68421276  -22.05473   96   50  -21.28606  -22.27723  4.66%  13.2 9385s
 80740426 68471534  -22.26123   40   76  -21.28606  -22.27723  4.66%  13.2 9390s
 80789793 68513882  -21.89974  116   45  -21.28606  -22.27723  4.66%  13.2 9395s
 80830025 68550624  -21.97144   99   48  -21.28606  -22.27723  4.66%  13.2 9400s
 80861653 68575376  -22.26388   39   74  -21.28606  -22.27723  4.66%  13.2 9405s
 80912421 68622319  -21.65726  137   27  -21.28606  -22.27722  4.66%  13.2 9410s
 80946589 68651650  -22.26984   36   77  -21.28606  -22.27722  4.66%  13.2 9415s
 80992694 68692651  -21.89960  124   33  -21.28606  -22.27722  4.66%  13.2 9420s
 81038366 68730583     cutoff  155       -21.28606  -22.27722  4.66%  13.2 9425s
 81075713 68764924  -21.42453  141   35  -21.28606  -22.27722  4.66%  13.2 9430s
 81106980 68792517  -21.93680  111   34  -21.28606  -22.27722  4.66%  13.2 9435s
 81150517 68830358  -22.16409   75   59  -21.28606  -22.27721  4.66%  13.2 9440s
 81197847 68871900  -22.23720   52   67  -21.28606  -22.27721  4.66%  13.2 9445s
 81236495 68908753  -21.33090  147   41  -21.28606  -22.27721  4.66%  13.2 9450s
 81286959 68954113  -21.71499  124   38  -21.28606  -22.27721  4.66%  13.2 9455s
 81324466 68981981     cutoff  162       -21.28606  -22.27721  4.66%  13.2 9461s
 81348304 69006094  -22.16648   81   56  -21.28606  -22.27721  4.66%  13.2 9465s
 81390812 69044341  -22.23322   50   66  -21.28606  -22.27721  4.66%  13.2 9470s
 81432768 69084459  -22.05746  101   50  -21.28606  -22.27721  4.66%  13.2 9475s
 81472483 69120090  -21.96465  118   39  -21.28606  -22.27720  4.66%  13.2 9480s
 81514325 69155101  -21.78841  131   32  -21.28606  -22.27720  4.66%  13.2 9485s
 81557665 69188914  -22.27062   36   78  -21.28606  -22.27720  4.66%  13.2 9490s
 81587345 69220520  -22.23005   55   66  -21.28606  -22.27720  4.66%  13.2 9495s
 81626641 69255151  -22.07907   90   48  -21.28606  -22.27720  4.66%  13.2 9500s
 81667557 69291280  -21.34925  142   32  -21.28606  -22.27720  4.66%  13.2 9505s
 81699858 69322906  -21.96656  108   41  -21.28606  -22.27720  4.66%  13.2 9510s
 81742459 69361395  -22.22287   60   65  -21.28606  -22.27720  4.66%  13.2 9515s
 81778152 69414562  -21.30657  163   18  -21.28606  -22.27719  4.66%  13.2 9521s
 81848672 69450882  -22.02117   95   45  -21.28606  -22.27719  4.66%  13.2 9525s
 81889923 69488258  -22.01739  100   43  -21.28606  -22.27719  4.66%  13.2 9530s
 81930003 69526147  -22.20230   70   55  -21.28606  -22.27719  4.66%  13.2 9535s
 81971465 69564608  -22.09252   88   47  -21.28606  -22.27719  4.66%  13.2 9540s
 82018251 69599293  -22.27039   33   79  -21.28606  -22.27718  4.66%  13.2 9546s
 82049266 69629877  -22.18382   72   57  -21.28606  -22.27718  4.66%  13.2 9550s
 82089239 69665841  -22.04063   96   43  -21.28606  -22.27718  4.66%  13.2 9555s
 82134891 69704700  -22.25807   40   75  -21.28606  -22.27718  4.66%  13.2 9560s
 82179512 69743570  -22.17677   72   54  -21.28606  -22.27718  4.66%  13.2 9565s
 82220209 69781997  -21.95683  102   47  -21.28606  -22.27718  4.66%  13.2 9570s
 82262883 69818432  -22.24185   53   67  -21.28606  -22.27717  4.66%  13.2 9575s
 82294084 69847192  -22.20096   68   57  -21.28606  -22.27717  4.66%  13.2 9580s
 82345663 69892132  -22.24353   52   66  -21.28606  -22.27717  4.66%  13.2 9585s
 82394274 69932173  -22.25598   41   71  -21.28606  -22.27717  4.66%  13.2 9590s
 82427616 69960982  -21.66322  135   34  -21.28606  -22.27717  4.66%  13.2 9595s
 82469654 70000265  -21.71976  136   34  -21.28606  -22.27717  4.66%  13.2 9600s
 82505144 70034423  -21.98296  104   43  -21.28606  -22.27717  4.66%  13.2 9605s
 82530224 70054001  -22.16160   74   57  -21.28606  -22.27717  4.66%  13.2 9610s
 82580597 70097796  -22.21393   60   60  -21.28606  -22.27716  4.66%  13.2 9615s
 82623987 70138840  -22.27072   33   82  -21.28606  -22.27716  4.66%  13.2 9620s
 82665428 70175643  -21.77258  124   35  -21.28606  -22.27716  4.66%  13.2 9625s
 82704650 70211333  -22.07731   92   42  -21.28606  -22.27716  4.66%  13.2 9630s
 82733439 70233586  -22.22080   58   62  -21.28606  -22.27716  4.66%  13.2 9635s
 82770685 70273108  -22.03386   98   48  -21.28606  -22.27716  4.66%  13.2 9640s
 82809610 70308932  -22.11471   87   47  -21.28606  -22.27716  4.66%  13.2 9645s
 82858430 70354253  -22.24003   50   66  -21.28606  -22.27716  4.66%  13.2 9650s
 82905713 70394106  -21.90990  118   41  -21.28606  -22.27716  4.66%  13.2 9655s
 82952981 70435669     cutoff  168       -21.28606  -22.27715  4.66%  13.2 9660s
 82975500 70453783  -21.94234  112   39  -21.28606  -22.27715  4.66%  13.2 9665s
 83019663 70491333  -21.98943  110   45  -21.28606  -22.27715  4.66%  13.2 9670s
 83067563 70534059  -21.35015  159   22  -21.28606  -22.27715  4.66%  13.2 9675s
 83104629 70568330  -22.05560   95   45  -21.28606  -22.27715  4.66%  13.2 9680s
 83146999 70608451  -22.02329  108   50  -21.28606  -22.27715  4.66%  13.2 9685s
 83185493 70643698  -22.17280   73   53  -21.28606  -22.27715  4.66%  13.2 9690s
 83215129 70668579  -22.10416   87   48  -21.28606  -22.27715  4.66%  13.2 9695s
 83273491 70721701  -21.41910  149   30  -21.28606  -22.27714  4.66%  13.2 9700s
 83318070 70762732  -22.06285  103   46  -21.28606  -22.27714  4.66%  13.2 9705s
 83360148 70799225  -21.92991  117   34  -21.28606  -22.27714  4.66%  13.2 9710s
 83403547 70838609  -21.74732  135   39  -21.28606  -22.27714  4.66%  13.2 9715s
 83431950 70865284  -21.99832  113   36  -21.28606  -22.27714  4.66%  13.2 9720s
 83495242 70917611  -21.42691  146   32  -21.28606  -22.27714  4.66%  13.2 9725s
 83547183 70963521  -21.93375   98   51  -21.28606  -22.27714  4.66%  13.2 9730s
 83589777 71002098  -22.14095   79   53  -21.28606  -22.27713  4.66%  13.2 9735s
 83635570 71042677  -22.16214   75   49  -21.28606  -22.27713  4.66%  13.2 9740s
 83676320 71074766  -21.90842  114   37  -21.28606  -22.27713  4.66%  13.2 9746s
 83702930 71102556  -21.83436  124   38  -21.28606  -22.27713  4.66%  13.2 9750s
 83755295 71146304     cutoff  162       -21.28606  -22.27713  4.66%  13.2 9755s
 83788877 71176252  -22.26301   39   72  -21.28606  -22.27713  4.66%  13.2 9760s
 83833590 71217090  -22.25512   42   72  -21.28606  -22.27713  4.66%  13.2 9765s
 83877786 71253072  -22.25232   51   69  -21.28606  -22.27712  4.66%  13.2 9770s
 83915754 71286207  -22.13709   83   54  -21.28606  -22.27712  4.66%  13.2 9775s
 83944589 71312545  -22.25884   41   72  -21.28606  -22.27712  4.66%  13.2 9780s
 83991588 71351782  -22.16489   73   56  -21.28606  -22.27712  4.66%  13.2 9785s
 84032984 71391500  -21.91100  116   39  -21.28606  -22.27712  4.66%  13.2 9790s
 84067937 71423603  -22.24386   51   65  -21.28606  -22.27712  4.66%  13.2 9795s
 84114053 71463083  -22.10303   90   52  -21.28606  -22.27712  4.66%  13.2 9800s
 84158107 71496941  -22.24795   52   64  -21.28606  -22.27711  4.66%  13.2 9807s
 84177503 71519065  -22.21725   62   58  -21.28606  -22.27711  4.66%  13.2 9810s
 84218838 71554824  -22.26038   44   69  -21.28606  -22.27711  4.66%  13.2 9815s
 84258884 71590093  -22.10826   86   46  -21.28606  -22.27711  4.66%  13.2 9820s
 84301936 71629733  -22.23754   54   65  -21.28606  -22.27711  4.66%  13.2 9825s
 84348966 71671543     cutoff  144       -21.28606  -22.27711  4.66%  13.2 9830s
 84390263 71707212  -22.02719  102   43  -21.28606  -22.27711  4.66%  13.2 9835s
 84425460 71735425  -21.93081  116   37  -21.28606  -22.27710  4.66%  13.2 9840s
 84488055 71789917  -22.20651   62   65  -21.28606  -22.27710  4.66%  13.2 9845s
 84532181 71828545  -21.55367  148   24  -21.28606  -22.27710  4.66%  13.2 9850s
 84584039 71875587  -21.74430  135   31  -21.28606  -22.27710  4.66%  13.2 9855s
 84630894 71913154  -21.49112  141   28  -21.28606  -22.27710  4.66%  13.2 9860s
 84651458 71930426  -22.15043   81   54  -21.28606  -22.27710  4.66%  13.2 9865s
 84696460 71972795  -22.15948   73   58  -21.28606  -22.27709  4.66%  13.2 9870s
 84738700 72011402  -22.23833   56   60  -21.28606  -22.27709  4.66%  13.2 9875s
 84775882 72046343  -22.25957   40   75  -21.28606  -22.27709  4.66%  13.2 9880s
 84816238 72079941  -21.69812  131   31  -21.28606  -22.27709  4.66%  13.2 9885s
 84854282 72113411  -22.22479   55   64  -21.28606  -22.27709  4.66%  13.2 9890s
 84885039 72165501  -22.12823   85   50  -21.28606  -22.27709  4.66%  13.2 9896s
 84945943 72196375  -22.15723   76   56  -21.28606  -22.27709  4.66%  13.2 9900s
 84986064 72229508  -22.21851   64   59  -21.28606  -22.27709  4.66%  13.2 9905s
 85031952 72269897  -22.24289   52   68  -21.28606  -22.27708  4.66%  13.2 9910s
 85084059 72314623  -21.90208  123   36  -21.28606  -22.27708  4.66%  13.2 9915s
 85140246 72361715  -22.27361   35   80  -21.28606  -22.27708  4.66%  13.2 9920s
 85157786 72376573  -22.12966   85   48  -21.28606  -22.27708  4.66%  13.2 9925s
 85206124 72420885  -22.21196   56   65  -21.28606  -22.27708  4.66%  13.2 9930s
 85246368 72456592  -22.26994   35   77  -21.28606  -22.27708  4.66%  13.2 9935s
 85286854 72491657  -21.88527  118   41  -21.28606  -22.27707  4.66%  13.2 9940s
 85324723 72526117  -21.95073  107   41  -21.28606  -22.27707  4.66%  13.2 9945s
 85376520 72567850  -22.26977   32   82  -21.28606  -22.27707  4.66%  13.2 9950s
 85403899 72589384  -21.70098  138   31  -21.28606  -22.27707  4.66%  13.2 9955s
 85462682 72643819  -22.18593   72   53  -21.28606  -22.27707  4.66%  13.2 9960s
 85514488 72690779  -22.20335   62   61  -21.28606  -22.27707  4.66%  13.2 9965s
 85566719 72734202  -22.21447   60   59  -21.28606  -22.27706  4.66%  13.2 9970s
 85612081 72773362  -22.04646   95   54  -21.28606  -22.27706  4.66%  13.2 9975s
 85648106 72806873  -22.02573   97   43  -21.28606  -22.27706  4.66%  13.2 9980s
 85681367 72837106  -21.87178  114   38  -21.28606  -22.27706  4.66%  13.2 9985s
 85727586 72879421  -21.68285  157   32  -21.28606  -22.27706  4.66%  13.2 9990s
 85768534 72915995  -22.26855   40   76  -21.28606  -22.27706  4.66%  13.2 9995s
 85806508 72948317  -22.17394   71   58  -21.28606  -22.27706  4.66%  13.2 10000s
 85845031 72984923  -22.19311   63   60  -21.28606  -22.27705  4.66%  13.2 10005s
 85878429 73014127  -22.02771   95   45  -21.28606  -22.27705  4.66%  13.2 10010s
 85904455 73036448  -22.22887   60   64  -21.28606  -22.27705  4.66%  13.2 10015s
 85949500 73078129  -21.96495  114   37  -21.28606  -22.27705  4.66%  13.2 10020s
 85990581 73117118  -21.89598  121   41  -21.28606  -22.27705  4.66%  13.2 10025s
 86030309 73153254  -21.31296  160   22  -21.28606  -22.27705  4.66%  13.2 10030s
 86073585 73191063  -21.29086  148   30  -21.28606  -22.27705  4.66%  13.2 10035s
 86095519 73209779  -22.22514   58   61  -21.28606  -22.27705  4.66%  13.2 10040s
 86134190 73247068  -21.29490  146   29  -21.28606  -22.27705  4.66%  13.2 10045s
 86179360 73284663  -22.12754   83   51  -21.28606  -22.27705  4.66%  13.2 10050s
 86227344 73329020  -22.27223   35   77  -21.28606  -22.27704  4.66%  13.2 10055s
 86267003 73362543  -22.12417   88   53  -21.28606  -22.27704  4.66%  13.2 10060s
 86312177 73402858  -22.25682   46   70  -21.28606  -22.27704  4.66%  13.2 10065s
 86342370 73430447  -21.55567  150   27  -21.28606  -22.27704  4.66%  13.2 10070s
 86390305 73472753  -21.81906  133   36  -21.28606  -22.27704  4.66%  13.2 10075s
 86439336 73515981  -21.98154  105   41  -21.28606  -22.27704  4.66%  13.2 10080s
 86479045 73549850  -22.14928   83   53  -21.28606  -22.27704  4.66%  13.2 10085s
 86520706 73590506  -22.07945   97   47  -21.28606  -22.27703  4.66%  13.2 10090s
 86564554 73622378  -22.27596   30   81  -21.28606  -22.27703  4.66%  13.2 10096s
 86595686 73654957  -21.98453  109   41  -21.28606  -22.27703  4.66%  13.2 10100s
 86637874 73693138  -22.22621   55   64  -21.28606  -22.27703  4.66%  13.2 10105s
 86676329 73725484  -22.20044   66   62  -21.28606  -22.27703  4.66%  13.2 10110s
 86717487 73763866  -21.35234  143   37  -21.28606  -22.27703  4.66%  13.2 10115s
 86764105 73802967  -21.28914  155   24  -21.28606  -22.27703  4.66%  13.2 10120s
 86800535 73836237  -21.34209  151   19  -21.28606  -22.27702  4.66%  13.2 10125s
 86834365 73864293  -21.40445  151   29  -21.28606  -22.27702  4.66%  13.2 10130s
 86881102 73907536  -21.71068  134   34  -21.28606  -22.27702  4.66%  13.2 10135s
 86925516 73945625  -21.91007  108   38  -21.28606  -22.27702  4.66%  13.2 10140s
 86971756 73985953  -21.90039  109   46  -21.28606  -22.27702  4.66%  13.2 10145s
 87012331 74020515  -22.22586   61   57  -21.28606  -22.27702  4.66%  13.2 10150s
 87039983 74044305  -22.26491   43   72  -21.28606  -22.27702  4.66%  13.2 10155s
 87071104 74075197  -21.70858  143   25  -21.28606  -22.27702  4.66%  13.2 10160s
 87117079 74116203  -22.11217   89   53  -21.28606  -22.27702  4.66%  13.2 10165s
 87158860 74151934     cutoff  155       -21.28606  -22.27701  4.66%  13.2 10170s
 87200871 74189278  -21.35284  154   26  -21.28606  -22.27701  4.66%  13.2 10175s
 87246243 74228015  -21.63503  126   33  -21.28606  -22.27701  4.66%  13.2 10180s
 87290325 74267474  -22.19248   71   57  -21.28606  -22.27701  4.66%  13.2 10185s
 87315011 74289040  -22.24566   47   67  -21.28606  -22.27701  4.66%  13.2 10190s
 87357080 74327213  -22.17674   74   55  -21.28606  -22.27701  4.66%  13.2 10195s
 87395244 74362322  -22.25402   42   71  -21.28606  -22.27701  4.66%  13.2 10200s
 87446285 74407462  -22.23226   58   60  -21.28606  -22.27700  4.66%  13.2 10205s
 87484081 74443359  -21.99766  109   45  -21.28606  -22.27700  4.66%  13.2 10210s
 87519864 74468724  -22.26535   43   74  -21.28606  -22.27700  4.66%  13.2 10215s
 87562748 74511595  -22.27372   37   74  -21.28606  -22.27700  4.66%  13.2 10220s
 87601606 74549598  -22.25464   48   68  -21.28606  -22.27700  4.66%  13.2 10225s
 87646120 74587299  -22.16729   79   51  -21.28606  -22.27700  4.66%  13.2 10230s
 87686008 74621807  -21.44671  147   44  -21.28606  -22.27700  4.66%  13.2 10235s
 87732214 74663128  -22.15932   79   51  -21.28606  -22.27700  4.66%  13.2 10240s
 87752769 74682342  -22.04383  102   48  -21.28606  -22.27700  4.66%  13.2 10245s
 87793035 74718377     cutoff  161       -21.28606  -22.27699  4.66%  13.2 10250s
 87842024 74761235  -22.26788   40   78  -21.28606  -22.27699  4.66%  13.2 10255s
 87884807 74798278  -22.09454   85   55  -21.28606  -22.27699  4.66%  13.2 10260s
 87923594 74836601  -21.83969  132   37  -21.28606  -22.27699  4.66%  13.2 10265s
 87965895 74872095  -22.25668   45   71  -21.28606  -22.27699  4.66%  13.2 10270s
 87993061 74894148  -22.26055   43   72  -21.28606  -22.27699  4.66%  13.2 10275s
 88039129 74933806  -22.19824   64   59  -21.28606  -22.27699  4.66%  13.2 10280s
 88069896 74964090  -22.17256   72   64  -21.28606  -22.27699  4.66%  13.2 10285s
 88115196 75006494  -22.13700   75   56  -21.28606  -22.27699  4.66%  13.2 10290s
 88152764 75037342  -22.08596   84   53  -21.28606  -22.27698  4.66%  13.2 10295s
 88186164 75069777  -22.01823   98   45  -21.28606  -22.27698  4.66%  13.2 10300s
 88222606 75102388  -22.17559   72   53  -21.28606  -22.27698  4.66%  13.2 10305s
 88275772 75145440  -22.21031   58   59  -21.28606  -22.27698  4.66%  13.2 10310s
 88319063 75185275  -22.15410   83   53  -21.28606  -22.27698  4.66%  13.2 10315s
 88354539 75219418  -21.68264  137   32  -21.28606  -22.27698  4.66%  13.2 10320s
 88396424 75255187  -22.27574   33   80  -21.28606  -22.27698  4.66%  13.2 10325s
 88418006 75275000  -22.06883   90   52  -21.28606  -22.27698  4.66%  13.2 10330s
 88461419 75314434  -22.22337   55   64  -21.28606  -22.27698  4.66%  13.2 10335s
 88510021 75356280  -21.30032  169   21  -21.28606  -22.27697  4.66%  13.2 10340s
 88554400 75396022  -22.03179  101   43  -21.28606  -22.27697  4.66%  13.2 10345s
 88606965 75440007  -22.25612   44   71  -21.28606  -22.27697  4.66%  13.2 10350s
 88654261 75479568  -22.19989   58   66  -21.28606  -22.27697  4.66%  13.2 10355s
 88678541 75504429  -22.27142   34   79  -21.28606  -22.27697  4.66%  13.2 10360s
 88725785 75544227  -22.13662   82   51  -21.28606  -22.27697  4.66%  13.2 10365s
 88763615 75577793  -21.92598  111   39  -21.28606  -22.27696  4.66%  13.2 10370s
 88817404 75623033  -21.93720  112   47  -21.28606  -22.27696  4.66%  13.2 10375s
 88851039 75656573  -22.21429   64   61  -21.28606  -22.27696  4.66%  13.2 10380s
 88890588 75686916  -21.38578  170   24  -21.28606  -22.27696  4.66%  13.2 10386s
 88937254 75731331  -22.14909   77   59  -21.28606  -22.27696  4.66%  13.2 10390s
 88982571 75771608  -22.22992   53   64  -21.28606  -22.27696  4.66%  13.2 10395s
 89023304 75808651  -21.77510  125   41  -21.28606  -22.27696  4.66%  13.2 10400s
 89061222 75842841  -22.21765   66   59  -21.28606  -22.27696  4.66%  13.2 10405s
 89093908 75872725  -22.26963   37   74  -21.28606  -22.27695  4.66%  13.2 10410s
 89135835 75904240  -21.50350  164   19  -21.28606  -22.27695  4.66%  13.2 10416s
 89155308 75927285  -21.99924  102   47  -21.28606  -22.27695  4.66%  13.2 10420s
 89199538 75965519  -21.84086  118   34  -21.28606  -22.27695  4.66%  13.2 10425s
 89247071 76004069  -22.27298   33   78  -21.28606  -22.27695  4.66%  13.2 10430s
 89293110 76045874  -21.67002  141   44  -21.28606  -22.27695  4.66%  13.2 10435s
 89328138 76084869  -22.10916   86   51  -21.28606  -22.27695  4.66%  13.2 10440s
 89365078 76107318  -22.25421   42   72  -21.28606  -22.27695  4.66%  13.2 10445s
 89398771 76139712  -21.51337  145   29  -21.28606  -22.27694  4.66%  13.2 10450s
 89440484 76177147  -22.26804   34   79  -21.28606  -22.27694  4.66%  13.2 10455s
 89490898 76220422  -22.10017   86   52  -21.28606  -22.27694  4.66%  13.2 10460s
 89532149 76258902  -21.44547  144   28  -21.28606  -22.27694  4.66%  13.2 10465s
 89575834 76298557  -21.41213  162   27  -21.28606  -22.27694  4.66%  13.2 10470s
 89602077 76319484  -22.21791   57   66  -21.28606  -22.27694  4.66%  13.2 10475s
 89639101 76354838  -22.07900   89   52  -21.28606  -22.27694  4.66%  13.2 10480s
 89679764 76389954  -22.21353   61   59  -21.28606  -22.27693  4.66%  13.2 10485s
 89728886 76433123  -21.56605  146   24  -21.28606  -22.27693  4.66%  13.2 10490s
 89767749 76470033  -21.91216  122   45  -21.28606  -22.27693  4.66%  13.2 10495s
 89811050 76505283  -22.02770   95   53  -21.28606  -22.27693  4.66%  13.2 10500s
 89831631 76524633  -21.62048  154   32  -21.28606  -22.27693  4.66%  13.2 10505s
 89862809 76555647  -22.01915  102   47  -21.28606  -22.27693  4.66%  13.2 10510s
 89903515 76592464  -22.25804   46   71  -21.28606  -22.27693  4.66%  13.2 10515s
 89949440 76632681  -21.28933  171   23  -21.28606  -22.27693  4.66%  13.2 10520s
 89996930 76675085  -22.26717   40   72  -21.28606  -22.27693  4.66%  13.2 10525s
 90044691 76713014  -22.12015   85   48  -21.28606  -22.27692  4.66%  13.2 10530s
 90065806 76733790  -21.41530  139   37  -21.28606  -22.27692  4.66%  13.2 10535s
 90125787 76783919  -22.23391   56   63  -21.28606  -22.27692  4.65%  13.2 10540s
 90171640 76826594  -22.14860   77   48  -21.28606  -22.27692  4.65%  13.2 10545s
 90210987 76861768  -22.10590   81   50  -21.28606  -22.27692  4.65%  13.2 10550s
 90255972 76901551  -22.02637  115   46  -21.28606  -22.27692  4.65%  13.2 10555s
 90297287 76939133  -21.49821  142   30  -21.28606  -22.27692  4.65%  13.2 10560s
 90313353 76978623  -22.13550   82   48  -21.28606  -22.27692  4.65%  13.2 10565s
 90373531 77008214  -22.11798   82   55  -21.28606  -22.27692  4.65%  13.2 10570s
 90419684 77048125  -21.87853  117   37  -21.28606  -22.27691  4.65%  13.2 10575s
 90458359 77083138  -22.19033   71   53  -21.28606  -22.27691  4.65%  13.2 10580s
 90498195 77121532  -22.25937   42   71  -21.28606  -22.27691  4.65%  13.2 10585s
 90529971 77143763  -22.20549   65   62  -21.28606  -22.27691  4.65%  13.2 10590s
 90577996 77191237  -22.02694  107   44  -21.28606  -22.27691  4.65%  13.2 10595s
 90630437 77240631  -22.22922   56   63  -21.28606  -22.27691  4.65%  13.2 10600s
 90677892 77280869     cutoff  158       -21.28606  -22.27691  4.65%  13.2 10605s
 90718097 77318444  -21.48943  148   24  -21.28606  -22.27691  4.65%  13.2 10610s
 90749139 77340441  -21.65796  123   37  -21.28606  -22.27690  4.65%  13.2 10615s
 90823018 77407230  -21.30701  170   25  -21.28606  -22.27690  4.65%  13.2 10620s
 90875232 77454889  -21.31350  161   24  -21.28606  -22.27690  4.65%  13.2 10625s
 90917753 77488694  -22.22957   58   63  -21.28606  -22.27690  4.65%  13.2 10630s
 90949299 77517949  -22.15826   75   52  -21.28606  -22.27690  4.65%  13.2 10635s
 90990912 77554628  -22.19762   63   58  -21.28606  -22.27690  4.65%  13.2 10640s
 91010284 77573490  -22.26093   40   72  -21.28606  -22.27690  4.65%  13.2 10645s
 91051972 77610307  -21.91712  111   42  -21.28606  -22.27689  4.65%  13.2 10650s
 91094955 77648098  -22.21208   64   56  -21.28606  -22.27689  4.65%  13.2 10655s
 91134977 77682305  -22.19776   64   58  -21.28606  -22.27689  4.65%  13.2 10660s
 91189109 77731254  -22.26564   36   76  -21.28606  -22.27689  4.65%  13.2 10665s
 91223237 77761988  -21.87208  131   30  -21.28606  -22.27689  4.65%  13.2 10670s
 91249637 77784089  -22.24166   48   67  -21.28606  -22.27689  4.65%  13.2 10675s
 91285255 77816340  -22.15082   81   48  -21.28606  -22.27689  4.65%  13.2 10680s
 91331614 77856885  -22.25962   43   72  -21.28606  -22.27689  4.65%  13.2 10685s
 91364313 77887000  -22.01066  105   41  -21.28606  -22.27689  4.65%  13.2 10690s
 91417498 77933072  -22.27461   35   76  -21.28606  -22.27688  4.65%  13.2 10695s
 91452739 77966830  -21.78378  129   33  -21.28606  -22.27688  4.65%  13.2 10700s
 91472895 77991304  -21.96358  105   42  -21.28606  -22.27688  4.65%  13.2 10705s
 91520182 78026593  -21.78620  129   32  -21.28606  -22.27688  4.65%  13.2 10710s
 91561007 78062081  -22.05166   95   48  -21.28606  -22.27688  4.65%  13.2 10715s
 91603658 78100696  -22.14562   84   48  -21.28606  -22.27688  4.65%  13.2 10720s
 91647431 78137568  -22.24174   55   65  -21.28606  -22.27688  4.65%  13.2 10725s
 91686784 78174944  -21.65627  131   26  -21.28606  -22.27688  4.65%  13.2 10730s
 91702779 78186656  -22.17718   72   57  -21.28606  -22.27687  4.65%  13.2 10735s
 91750352 78227909  -22.21452   61   60  -21.28606  -22.27687  4.65%  13.2 10740s
 91796115 78269757  -22.27096   40   73  -21.28606  -22.27687  4.65%  13.2 10745s
 91843381 78309979  -22.26634   38   76  -21.28606  -22.27687  4.65%  13.2 10750s
 91894236 78352458  -22.25727   45   71  -21.28606  -22.27687  4.65%  13.2 10755s
 91934503 78392160  -22.14487   80   53  -21.28606  -22.27687  4.65%  13.2 10760s
 91953996 78410181  -21.78449  129   35  -21.28606  -22.27687  4.65%  13.2 10765s
 92006043 78454236  -22.15187   78   62  -21.28606  -22.27686  4.65%  13.2 10770s
 92052250 78495159  -22.12901   78   59  -21.28606  -22.27686  4.65%  13.2 10775s
 92087797 78530717  -21.49535  158   26  -21.28606  -22.27686  4.65%  13.2 10780s
 92120837 78559626  -21.62686  153   24  -21.28606  -22.27686  4.65%  13.2 10785s
 92158389 78592267  -22.20615   64   56  -21.28606  -22.27686  4.65%  13.2 10790s
 92179686 78616141  -21.70320  135   35  -21.28606  -22.27686  4.65%  13.2 10795s
 92231655 78655814  -21.81970  125   37  -21.28606  -22.27686  4.65%  13.2 10800s

Explored 92232484 nodes (1213786178 simplex iterations) in 10800.04 seconds (8465.80 work units)
Thread count was 32 (of 48 available processors)

Solution count 10: -21.2861 -21.2627 -21.23 ... -20.9685

Time limit reached
Best objective -2.128605592972e+01, best bound -2.227686045246e+01, gap 4.6547%

