Solver command line: ['/cvmfs/soft.computecanada.ca/easybuild/software/2023/x86-64-v4/Compiler/gcc12/scipoptsuite/9.0.0/bin/scip', '/tmp/tmpxxqkpi30.pyomo', '-AMPL']

SCIP version 9.0.0 [precision: 8 byte] [memory: block] [mode: optimized] [LP solver: Soplex 7.0.0] [GitHash: 7205bedd94]
Copyright (c) 2002-2024 Zuse Institute Berlin (ZIB)

External libraries: 
  Readline 8.1         GNU library for command line editing (gnu.org/s/readline)
  Soplex 7.0.0         Linear Programming Solver developed at Zuse Institute Berlin (soplex.zib.de) [GitHash: 6657fb3b]
  CppAD 20180000.0     Algorithmic Differentiation of C++ algorithms developed by B. Bell (github.com/coin-or/CppAD)
  ZLIB 1.2.13          General purpose compression library by J. Gailly and M. Adler (zlib.net)
  GMP 6.2.1            GNU Multiple Precision Arithmetic Library developed by T. Granlund (gmplib.org)
  ZIMPL 3.5.3          Zuse Institute Mathematical Programming Language developed by T. Koch (zimpl.zib.de)
  AMPL/MP 690e9e7      AMPL .nl file reader library (github.com/ampl/mp)
  PaPILO 2.2.0         parallel presolve for integer and linear optimization (github.com/scipopt/papilo) (built with TBB) [GitHash: df30ae49]
  bliss 0.77           Computing Graph Automorphisms by T. Junttila and P. Kaski (users.aalto.fi/~tjunttil/bliss)
  sassy 1.1            Symmetry preprocessor by Markus Anders (github.com/markusa4/sassy)
  Ipopt 3.14.14        Interior Point Optimizer developed by A. Waechter et.al. (github.com/coin-or/Ipopt)

reading user parameter file <scip.set>
===========================

limits/time = 10800

read problem </tmp/tmpxxqkpi30.pyomo.nl>
============

original problem has 101 variables (0 bin, 100 int, 0 impl, 1 cont) and 101 constraints

solve problem
=============

presolving:
(round 1, fast)       0 del vars, 0 del conss, 0 add conss, 1 chg bounds, 0 chg sides, 0 chg coeffs, 0 upgd conss, 0 impls, 0 clqs
   (0.0s) symmetry computation started: requiring (bin +, int +, cont +), (fixed: bin -, int -, cont -)
   (0.0s) no symmetry present (symcode time: 0.00)
presolving (2 rounds: 2 fast, 1 medium, 1 exhaustive):
 0 deleted vars, 0 deleted constraints, 0 added constraints, 1 tightened bounds, 0 added holes, 0 changed sides, 0 changed coefficients
 0 implications, 0 cliques
presolved problem has 101 variables (0 bin, 100 int, 0 impl, 1 cont) and 101 constraints
    100 constraints of type <linear>
      1 constraints of type <nonlinear>
Presolving Time: 0.01

 time | node  | left  |LP iter|LP it/n|mem/heur|mdpt |vars |cons |rows |cuts |sepa|confs|strbr|  dualbound   | primalbound  |  gap   | compl. 
  0.1s|     1 |     0 |    62 |     - |  8893k |   0 | 302 | 101 | 301 |   0 |  0 |   0 |   0 |-5.197434e+00 |      --      |    Inf | unknown
  0.1s|     1 |     0 |   565 |     - |  8990k |   0 | 302 | 101 | 363 |  62 |  1 |   0 |   0 |-5.197434e+00 |      --      |    Inf | unknown
  0.2s|     1 |     0 |  1660 |     - |  9572k |   0 | 302 | 101 | 440 | 139 |  2 |   0 |   0 |-5.161543e+00 |      --      |    Inf | unknown
  0.2s|     1 |     0 |  2174 |     - |    11M |   0 | 302 | 101 | 490 | 189 |  3 |   0 |   0 |-5.127894e+00 |      --      |    Inf | unknown
  0.3s|     1 |     0 |  2370 |     - |    12M |   0 | 302 | 101 | 505 | 204 |  4 |   0 |   0 |-5.119917e+00 |      --      |    Inf | unknown
  0.3s|     1 |     0 |  2449 |     - |    13M |   0 | 302 | 101 | 510 | 209 |  5 |   0 |   0 |-5.117454e+00 |      --      |    Inf | unknown
  0.3s|     1 |     0 |  2464 |     - |    16M |   0 | 302 | 101 | 512 | 211 |  6 |   0 |   0 |-5.117320e+00 |      --      |    Inf | unknown
  0.4s|     1 |     0 |  2480 |     - |    17M |   0 | 302 | 101 | 514 | 213 |  7 |   0 |   0 |-5.117260e+00 |      --      |    Inf | unknown
  0.4s|     1 |     0 |  2507 |     - |    21M |   0 | 302 | 101 | 515 | 214 |  8 |   0 |   0 |-5.117150e+00 |      --      |    Inf | unknown
  0.4s|     1 |     0 |  2539 |     - |    23M |   0 | 302 | 101 | 516 | 215 |  9 |   0 |   0 |-5.117026e+00 |      --      |    Inf | unknown
  0.4s|     1 |     0 |  2568 |     - |    25M |   0 | 302 | 101 | 517 | 216 | 10 |   0 |   0 |-5.116962e+00 |      --      |    Inf | unknown
  0.5s|     1 |     0 |  2586 |     - |    25M |   0 | 302 | 101 | 303 | 217 | 11 |   0 |   0 |-5.116930e+00 |      --      |    Inf | unknown
  0.5s|     1 |     0 |  2593 |     - |    25M |   0 | 302 | 101 | 304 | 218 | 12 |   0 |   0 |-5.116926e+00 |      --      |    Inf | unknown
  0.5s|     1 |     0 |  2600 |     - |    25M |   0 | 302 | 101 | 306 | 220 | 13 |   0 |   0 |-5.116922e+00 |      --      |    Inf | unknown
  0.5s|     1 |     0 |  2619 |     - |    25M |   0 | 302 | 101 | 307 | 221 | 14 |   0 |   0 |-5.116884e+00 |      --      |    Inf | unknown
 time | node  | left  |LP iter|LP it/n|mem/heur|mdpt |vars |cons |rows |cuts |sepa|confs|strbr|  dualbound   | primalbound  |  gap   | compl. 
  0.6s|     1 |     0 |  2624 |     - |    25M |   0 | 302 | 101 | 309 | 223 | 15 |   0 |   0 |-5.116882e+00 |      --      |    Inf | unknown
  0.9s|     1 |     2 |  3635 |     - |    26M |   0 | 302 | 101 | 309 | 223 | 15 |   0 |  53 |-5.116556e+00 |      --      |    Inf | unknown
  3.9s|   100 |   101 | 22586 | 201.6 |    28M |  22 | 302 | 104 | 284 |1046 |  2 |   3 | 464 |-5.116556e+00 |      --      |    Inf | unknown
  5.2s|   200 |   201 | 43660 | 206.2 |    28M |  27 | 302 | 105 | 321 |1679 |  2 |   4 | 465 |-5.105415e+00 |      --      |    Inf | unknown
  6.3s|   300 |   301 | 61835 | 198.0 |    29M |  31 | 302 | 106 | 336 |2336 |  2 |   6 | 465 |-5.092215e+00 |      --      |    Inf | unknown
  7.4s|   400 |   401 | 79931 | 193.8 |    29M |  31 | 302 | 104 | 326 |3050 |  2 |   6 | 465 |-5.088885e+00 |      --      |    Inf | unknown
  8.4s|   500 |   501 | 97583 | 190.3 |    29M |  31 | 302 | 105 | 326 |3666 |  2 |   8 | 465 |-5.088885e+00 |      --      |    Inf | unknown
  9.1s|   600 |   601 |109865 | 179.0 |    30M |  31 | 302 | 107 | 351 |4352 |  2 |  10 | 465 |-5.087979e+00 |      --      |    Inf | unknown
 10.0s|   700 |   701 |125722 | 176.1 |    31M |  31 | 302 | 110 | 406 |4916 |  2 |  14 | 465 |-5.087635e+00 |      --      |    Inf | unknown
 11.0s|   800 |   801 |142722 | 175.3 |    31M |  33 | 302 | 109 | 321 |5637 |  2 |  15 | 465 |-5.087635e+00 |      --      |    Inf | unknown
 11.9s|   900 |   901 |158264 | 173.1 |    32M |  33 | 302 | 111 | 391 |6265 |  1 |  18 | 465 |-5.087635e+00 |      --      |    Inf | unknown
 12.7s|  1000 |  1001 |171424 | 169.0 |    32M |  39 | 302 | 110 | 377 |6983 |  4 |  19 | 465 |-5.087635e+00 |      --      |    Inf | unknown
 13.8s|  1100 |  1101 |190764 | 171.2 |    32M |  41 | 302 | 106 | 317 |7660 |  2 |  20 | 465 |-5.087635e+00 |      --      |    Inf | unknown
 14.6s|  1200 |  1201 |205291 | 169.0 |    33M |  41 | 302 | 108 | 356 |8345 |  3 |  23 | 465 |-5.087635e+00 |      --      |    Inf | unknown
 15.4s|  1300 |  1301 |218911 | 166.5 |    33M |  41 | 302 | 106 | 368 |9040 |  4 |  24 | 465 |-5.087635e+00 |      --      |    Inf | unknown
 time | node  | left  |LP iter|LP it/n|mem/heur|mdpt |vars |cons |rows |cuts |sepa|confs|strbr|  dualbound   | primalbound  |  gap   | compl. 
 16.2s|  1400 |  1401 |234659 | 165.9 |    34M |  41 | 302 | 107 | 427 |9741 |  3 |  26 | 466 |-5.087635e+00 |      --      |    Inf | unknown
 17.1s|  1500 |  1501 |252913 | 167.0 |    35M |  43 | 302 | 108 | 302 |  10k|  2 |  28 | 466 |-5.087635e+00 |      --      |    Inf | unknown
 17.8s|  1600 |  1601 |266965 | 165.3 |    35M |  43 | 302 | 109 | 358 |  11k|  4 |  32 | 467 |-5.087368e+00 |      --      |    Inf | unknown
 18.3s|  1700 |  1701 |278710 | 162.5 |    35M |  45 | 302 | 111 | 394 |  12k|  2 |  34 | 467 |-5.087368e+00 |      --      |    Inf | unknown
 19.3s|  1800 |  1801 |294047 | 162.0 |    35M |  45 | 302 | 110 | 371 |  12k|  2 |  36 | 469 |-5.087368e+00 |      --      |    Inf | unknown
 20.1s|  1900 |  1901 |309777 | 161.7 |    36M |  45 | 302 | 110 | 406 |  13k|  3 |  36 | 469 |-5.087368e+00 |      --      |    Inf | unknown
 20.8s|  2000 |  2001 |323291 | 160.4 |    37M |  45 | 302 | 109 | 370 |  13k|  5 |  37 | 469 |-5.087368e+00 |      --      |    Inf | unknown
 21.5s|  2100 |  2101 |336732 | 159.2 |    38M |  51 | 302 | 108 | 345 |  14k|  3 |  38 | 470 |-5.087368e+00 |      --      |    Inf | unknown
 22.1s|  2200 |  2201 |350176 | 158.1 |    38M |  51 | 302 | 108 | 401 |  15k|  2 |  39 | 470 |-5.086729e+00 |      --      |    Inf | unknown
 23.2s|  2300 |  2301 |368200 | 159.0 |    39M |  51 | 302 | 104 | 383 |  15k|  3 |  39 | 471 |-5.086729e+00 |      --      |    Inf | unknown
 24.1s|  2400 |  2401 |385985 | 159.8 |    39M |  53 | 302 | 103 | 332 |  16k|  4 |  39 | 473 |-5.086729e+00 |      --      |    Inf | unknown
 24.5s|  2500 |  2501 |395084 | 157.0 |    40M |  53 | 302 | 103 | 372 |  17k|  1 |  40 | 475 |-5.084921e+00 |      --      |    Inf | unknown
 25.3s|  2600 |  2601 |410098 | 156.8 |    40M |  53 | 302 | 103 | 333 |  17k|  5 |  41 | 476 |-5.084766e+00 |      --      |    Inf | unknown
 25.9s|  2700 |  2701 |422093 | 155.4 |    41M |  53 | 302 | 104 | 427 |  18k|  2 |  42 | 477 |-5.084766e+00 |      --      |    Inf | unknown
 26.9s|  2800 |  2801 |440471 | 156.4 |    41M |  53 | 302 | 105 | 360 |  19k|  2 |  43 | 478 |-5.084530e+00 |      --      |    Inf | unknown
 time | node  | left  |LP iter|LP it/n|mem/heur|mdpt |vars |cons |rows |cuts |sepa|confs|strbr|  dualbound   | primalbound  |  gap   | compl. 
 28.0s|  2900 |  2901 |458921 | 157.4 |    42M |  53 | 302 | 104 | 325 |  19k|  2 |  44 | 480 |-5.082956e+00 |      --      |    Inf | unknown
 28.5s|  3000 |  3001 |470893 | 156.1 |    43M |  53 | 302 | 104 | 366 |  20k|  2 |  44 | 483 |-5.082956e+00 |      --      |    Inf | unknown
 29.1s|  3100 |  3101 |482857 | 155.0 |    43M |  53 | 302 | 105 | 331 |  21k|  2 |  45 | 483 |-5.082369e+00 |      --      |    Inf | unknown
 29.6s|  3200 |  3201 |493739 | 153.5 |    43M |  53 | 302 | 105 | 383 |  21k|  2 |  46 | 484 |-5.081879e+00 |      --      |    Inf | unknown
 30.5s|  3300 |  3301 |509999 | 153.8 |    44M |  53 | 302 | 108 | 366 |  22k|  4 |  49 | 486 |-5.081697e+00 |      --      |    Inf | unknown
 31.5s|  3400 |  3401 |527622 | 154.5 |    44M |  53 | 302 | 106 | 455 |  23k|  2 |  49 | 488 |-5.081697e+00 |      --      |    Inf | unknown
 32.4s|  3500 |  3501 |542738 | 154.4 |    44M |  53 | 302 | 106 | 395 |  24k|  2 |  51 | 489 |-5.081085e+00 |      --      |    Inf | unknown
 32.9s|  3600 |  3601 |554047 | 153.2 |    45M |  53 | 302 | 108 | 339 |  24k|  2 |  53 | 491 |-5.080521e+00 |      --      |    Inf | unknown
 33.7s|  3700 |  3701 |568013 | 152.8 |    45M |  53 | 302 | 106 | 415 |  25k|  2 |  54 | 494 |-5.080521e+00 |      --      |    Inf | unknown
 34.3s|  3800 |  3801 |579618 | 151.9 |    45M |  53 | 302 | 107 | 363 |  26k|  2 |  55 | 494 |-5.075937e+00 |      --      |    Inf | unknown
 35.0s|  3900 |  3901 |592926 | 151.4 |    46M |  53 | 302 | 109 | 414 |  26k|  2 |  57 | 495 |-5.074481e+00 |      --      |    Inf | unknown
 35.8s|  4000 |  4001 |608084 | 151.4 |    46M |  53 | 302 | 109 | 322 |  27k|  1 |  59 | 495 |-5.073276e+00 |      --      |    Inf | unknown
 36.6s|  4100 |  4101 |621390 | 151.0 |    46M |  53 | 302 | 110 | 478 |  28k|  4 |  60 | 496 |-5.073276e+00 |      --      |    Inf | unknown
 37.3s|  4200 |  4201 |634701 | 150.5 |    46M |  53 | 302 | 113 | 371 |  28k|  2 |  63 | 497 |-5.072100e+00 |      --      |    Inf | unknown
 38.0s|  4300 |  4301 |647236 | 149.9 |    48M |  53 | 302 | 111 | 305 |  29k|  2 |  64 | 497 |-5.071665e+00 |      --      |    Inf | unknown
 time | node  | left  |LP iter|LP it/n|mem/heur|mdpt |vars |cons |rows |cuts |sepa|confs|strbr|  dualbound   | primalbound  |  gap   | compl. 
 38.7s|  4400 |  4401 |661068 | 149.7 |    48M |  53 | 302 | 109 | 391 |  30k|  4 |  65 | 499 |-5.071665e+00 |      --      |    Inf | unknown
 39.5s|  4500 |  4501 |673888 | 149.2 |    49M |  53 | 302 | 109 | 356 |  30k|  2 |  67 | 500 |-5.071452e+00 |      --      |    Inf | unknown
 40.3s|  4600 |  4601 |689596 | 149.4 |    50M |  53 | 302 | 107 | 437 |  31k|  2 |  69 | 501 |-5.070850e+00 |      --      |    Inf | unknown
 41.1s|  4700 |  4701 |702690 | 149.0 |    50M |  53 | 302 | 108 | 319 |  32k|  2 |  72 | 503 |-5.070837e+00 |      --      |    Inf | unknown
 41.9s|  4800 |  4801 |716890 | 148.8 |    50M |  53 | 302 | 109 | 391 |  33k|  2 |  73 | 505 |-5.070837e+00 |      --      |    Inf | unknown
 42.4s|  4900 |  4901 |728818 | 148.2 |    50M |  53 | 302 | 111 | 401 |  33k|  5 |  75 | 506 |-5.069617e+00 |      --      |    Inf | unknown
 43.1s|  5000 |  5001 |741214 | 147.7 |    52M |  53 | 302 | 110 | 354 |  34k|  4 |  77 | 507 |-5.068503e+00 |      --      |    Inf | unknown
 44.0s|  5100 |  5101 |755756 | 147.7 |    52M |  53 | 302 | 110 | 365 |  35k|  3 |  78 | 509 |-5.068503e+00 |      --      |    Inf | unknown
 44.7s|  5200 |  5201 |768978 | 147.4 |    52M |  53 | 302 | 110 | 339 |  35k|  2 |  79 | 510 |-5.068237e+00 |      --      |    Inf | unknown
 45.5s|  5300 |  5301 |785153 | 147.7 |    52M |  53 | 302 | 107 | 444 |  36k|  3 |  80 | 511 |-5.068120e+00 |      --      |    Inf | unknown
 46.3s|  5400 |  5401 |798465 | 147.4 |    53M |  53 | 302 | 104 | 367 |  37k|  2 |  81 | 512 |-5.068010e+00 |      --      |    Inf | unknown
 46.9s|  5500 |  5501 |809885 | 146.8 |    53M |  53 | 302 | 104 | 455 |  38k|  2 |  81 | 513 |-5.068010e+00 |      --      |    Inf | unknown
 47.6s|  5600 |  5601 |824302 | 146.8 |    53M |  53 | 302 | 105 | 394 |  38k|  2 |  82 | 515 |-5.067815e+00 |      --      |    Inf | unknown
 48.2s|  5700 |  5701 |836478 | 146.3 |    55M |  53 | 302 | 108 | 328 |  39k|  1 |  85 | 518 |-5.067775e+00 |      --      |    Inf | unknown
 49.1s|  5800 |  5801 |852556 | 146.6 |    56M |  53 | 302 | 107 | 423 |  40k|  3 |  86 | 520 |-5.067775e+00 |      --      |    Inf | unknown
 time | node  | left  |LP iter|LP it/n|mem/heur|mdpt |vars |cons |rows |cuts |sepa|confs|strbr|  dualbound   | primalbound  |  gap   | compl. 
 49.7s|  5900 |  5901 |865245 | 146.2 |    56M |  53 | 302 | 108 | 352 |  40k|  3 |  89 | 521 |-5.067637e+00 |      --      |    Inf | unknown
 50.4s|  6000 |  6001 |877726 | 145.9 |    56M |  53 | 302 | 111 | 454 |  41k|  3 |  92 | 521 |-5.067289e+00 |      --      |    Inf | unknown
 51.4s|  6100 |  6101 |894005 | 146.2 |    56M |  55 | 302 | 110 | 366 |  42k|  1 |  92 | 522 |-5.067289e+00 |      --      |    Inf | unknown
 52.0s|  6200 |  6201 |907173 | 145.9 |    56M |  55 | 302 | 111 | 429 |  42k|  3 |  95 | 522 |-5.067263e+00 |      --      |    Inf | unknown
 52.6s|  6300 |  6301 |918272 | 145.4 |    57M |  55 | 302 | 110 | 338 |  43k|  2 |  96 | 525 |-5.067263e+00 |      --      |    Inf | unknown
 53.3s|  6400 |  6401 |930109 | 144.9 |    57M |  55 | 302 | 110 | 392 |  44k|  2 |  98 | 525 |-5.067263e+00 |      --      |    Inf | unknown
 53.9s|  6500 |  6501 |941613 | 144.5 |    58M |  57 | 302 | 109 | 401 |  44k|  2 |  99 | 526 |-5.067263e+00 |      --      |    Inf | unknown
 54.6s|  6600 |  6601 |955123 | 144.3 |    58M |  57 | 302 | 107 | 348 |  45k|  2 | 100 | 529 |-5.067263e+00 |      --      |    Inf | unknown
 55.4s|  6700 |  6701 |968277 | 144.1 |    59M |  57 | 302 | 106 | 425 |  46k|  2 | 101 | 529 |-5.067263e+00 |      --      |    Inf | unknown
 56.2s|  6800 |  6801 |984139 | 144.4 |    59M |  57 | 302 | 106 | 435 |  46k|  3 | 102 | 530 |-5.067263e+00 |      --      |    Inf | unknown
 56.8s|  6900 |  6901 |996322 | 144.0 |    59M |  57 | 302 | 107 | 366 |  47k|  1 | 103 | 530 |-5.067263e+00 |      --      |    Inf | unknown
 57.9s|  7000 |  7001 |  1013k| 144.4 |    60M |  63 | 302 | 104 | 386 |  47k|  2 | 103 | 530 |-5.067263e+00 |      --      |    Inf | unknown
 58.4s|  7100 |  7101 |  1025k| 144.0 |    61M |  63 | 302 | 105 | 379 |  48k|  2 | 104 | 531 |-5.066926e+00 |      --      |    Inf | unknown
 59.0s|  7200 |  7201 |  1035k| 143.5 |    62M |  63 | 302 | 104 | 376 |  49k|  2 | 104 | 533 |-5.066926e+00 |      --      |    Inf | unknown
 59.8s|  7300 |  7301 |  1049k| 143.4 |    62M |  63 | 302 | 102 | 378 |  49k|  2 | 104 | 533 |-5.066926e+00 |      --      |    Inf | unknown
 time | node  | left  |LP iter|LP it/n|mem/heur|mdpt |vars |cons |rows |cuts |sepa|confs|strbr|  dualbound   | primalbound  |  gap   | compl. 
 60.3s|  7400 |  7401 |  1061k| 143.1 |    63M |  63 | 302 | 104 | 389 |  50k|  2 | 106 | 534 |-5.066387e+00 |      --      |    Inf | unknown
 61.0s|  7500 |  7501 |  1073k| 142.8 |    63M |  63 | 302 | 105 | 409 |  51k|  5 | 107 | 536 |-5.066387e+00 |      --      |    Inf | unknown
 61.8s|  7600 |  7601 |  1089k| 143.0 |    63M |  63 | 302 | 105 | 432 |  51k|  3 | 108 | 537 |-5.066387e+00 |      --      |    Inf | unknown
 62.4s|  7700 |  7701 |  1099k| 142.5 |    63M |  65 | 302 | 105 | 439 |  52k|  4 | 108 | 537 |-5.066387e+00 |      --      |    Inf | unknown
 63.2s|  7800 |  7801 |  1114k| 142.6 |    63M |  65 | 302 | 105 | 415 |  52k|  5 | 109 | 537 |-5.066387e+00 |      --      |    Inf | unknown
 63.7s|  7900 |  7901 |  1124k| 142.0 |    64M |  65 | 302 | 105 | 414 |  53k|  2 | 110 | 538 |-5.066387e+00 |      --      |    Inf | unknown
 64.6s|  8000 |  8001 |  1139k| 142.1 |    65M |  65 | 302 | 105 | 400 |  54k|  1 | 112 | 538 |-5.066387e+00 |      --      |    Inf | unknown
 65.1s|  8100 |  8101 |  1150k| 141.7 |    65M |  65 | 302 | 107 | 400 |  54k|  3 | 114 | 539 |-5.066387e+00 |      --      |    Inf | unknown
 65.9s|  8200 |  8201 |  1164k| 141.7 |    66M |  65 | 302 | 108 | 320 |  55k|  1 | 116 | 539 |-5.066387e+00 |      --      |    Inf | unknown
 66.5s|  8300 |  8301 |  1175k| 141.4 |    66M |  65 | 302 | 109 | 346 |  56k|  1 | 117 | 540 |-5.066387e+00 |      --      |    Inf | unknown
 66.9s|  8400 |  8401 |  1185k| 140.8 |    66M |  65 | 302 | 110 | 328 |  56k|  2 | 118 | 540 |-5.066387e+00 |      --      |    Inf | unknown
 67.6s|  8500 |  8501 |  1198k| 140.7 |    67M |  65 | 302 | 109 | 347 |  57k|  3 | 118 | 542 |-5.066387e+00 |      --      |    Inf | unknown
 68.9s|  8600 |  8601 |  1218k| 141.4 |    67M |  65 | 302 | 104 | 373 |  58k|  3 | 119 | 543 |-5.066387e+00 |      --      |    Inf | unknown
 69.4s|  8700 |  8701 |  1229k| 141.1 |    67M |  65 | 302 | 106 | 463 |  58k|  2 | 121 | 543 |-5.066387e+00 |      --      |    Inf | unknown
 69.9s|  8800 |  8801 |  1240k| 140.7 |    69M |  65 | 302 | 105 | 403 |  59k|  2 | 121 | 546 |-5.066387e+00 |      --      |    Inf | unknown
 time | node  | left  |LP iter|LP it/n|mem/heur|mdpt |vars |cons |rows |cuts |sepa|confs|strbr|  dualbound   | primalbound  |  gap   | compl. 
 70.5s|  8900 |  8901 |  1251k| 140.3 |    70M |  65 | 302 | 105 | 451 |  59k|  2 | 121 | 547 |-5.066387e+00 |      --      |    Inf | unknown
 71.5s|  9000 |  9001 |  1266k| 140.5 |    70M |  65 | 302 | 104 | 414 |  60k|  2 | 121 | 547 |-5.066387e+00 |      --      |    Inf | unknown
 71.9s|  9100 |  9101 |  1276k| 140.0 |    71M |  65 | 302 | 105 | 465 |  61k|  3 | 122 | 547 |-5.066387e+00 |      --      |    Inf | unknown
 72.5s|  9200 |  9201 |  1288k| 139.8 |    71M |  65 | 302 | 105 | 424 |  61k|  3 | 123 | 547 |-5.066387e+00 |      --      |    Inf | unknown
 73.3s|  9300 |  9301 |  1303k| 139.9 |    71M |  65 | 302 | 103 | 395 |  62k|  3 | 123 | 547 |-5.066387e+00 |      --      |    Inf | unknown
 74.2s|  9400 |  9401 |  1319k| 140.1 |    71M |  65 | 302 | 104 | 436 |  63k|  4 | 124 | 550 |-5.066387e+00 |      --      |    Inf | unknown
 75.0s|  9500 |  9501 |  1332k| 140.0 |    72M |  65 | 302 | 105 | 417 |  63k|  1 | 125 | 551 |-5.066387e+00 |      --      |    Inf | unknown
 75.5s|  9600 |  9601 |  1343k| 139.6 |    73M |  65 | 302 | 106 | 389 |  64k|  2 | 126 | 553 |-5.066387e+00 |      --      |    Inf | unknown
 76.1s|  9700 |  9701 |  1353k| 139.3 |    73M |  65 | 302 | 107 | 401 |  64k|  2 | 127 | 556 |-5.066387e+00 |      --      |    Inf | unknown
 76.6s|  9800 |  9801 |  1363k| 138.8 |    74M |  65 | 302 | 108 | 346 |  65k|  2 | 130 | 556 |-5.066387e+00 |      --      |    Inf | unknown
 77.0s|  9900 |  9901 |  1373k| 138.5 |    74M |  65 | 302 | 109 | 356 |  66k|  2 | 131 | 558 |-5.066387e+00 |      --      |    Inf | unknown
 78.0s| 10000 | 10001 |  1390k| 138.8 |    75M |  65 | 302 | 110 | 377 |  66k|  2 | 133 | 559 |-5.066387e+00 |      --      |    Inf | unknown
 78.8s| 10100 | 10101 |  1404k| 138.8 |    75M |  65 | 302 | 109 | 345 |  67k|  3 | 133 | 559 |-5.066387e+00 |      --      |    Inf | unknown
 79.4s| 10200 | 10201 |  1415k| 138.6 |    76M |  65 | 302 | 110 | 326 |  68k|  2 | 135 | 559 |-5.066387e+00 |      --      |    Inf | unknown
 80.2s| 10300 | 10301 |  1431k| 138.7 |    76M |  65 | 302 | 108 | 370 |  68k|  3 | 136 | 560 |-5.066387e+00 |      --      |    Inf | unknown
 time | node  | left  |LP iter|LP it/n|mem/heur|mdpt |vars |cons |rows |cuts |sepa|confs|strbr|  dualbound   | primalbound  |  gap   | compl. 
 80.7s| 10400 | 10401 |  1441k| 138.4 |    77M |  65 | 302 | 107 | 492 |  69k|  2 | 136 | 560 |-5.066387e+00 |      --      |    Inf | unknown
 81.3s| 10500 | 10501 |  1453k| 138.2 |    77M |  65 | 302 | 106 | 437 |  70k|  3 | 137 | 561 |-5.066387e+00 |      --      |    Inf | unknown
 82.0s| 10600 | 10601 |  1464k| 137.9 |    77M |  65 | 302 | 106 | 462 |  70k|  2 | 138 | 561 |-5.066387e+00 |      --      |    Inf | unknown
 82.6s| 10700 | 10701 |  1475k| 137.6 |    77M |  65 | 302 | 107 | 449 |  71k|  2 | 139 | 561 |-5.066387e+00 |      --      |    Inf | unknown
 83.4s| 10800 | 10801 |  1488k| 137.6 |    78M |  65 | 302 | 106 | 399 |  71k|  2 | 140 | 561 |-5.066387e+00 |      --      |    Inf | unknown
 83.9s| 10900 | 10901 |  1499k| 137.3 |    78M |  65 | 302 | 108 | 447 |  72k|  4 | 143 | 562 |-5.066387e+00 |      --      |    Inf | unknown
 85.2s| 11000 | 11001 |  1517k| 137.8 |    78M |  65 | 302 | 106 | 438 |  73k|  3 | 144 | 562 |-5.066387e+00 |      --      |    Inf | unknown
 85.7s| 11100 | 11101 |  1528k| 137.5 |    80M |  65 | 302 | 107 | 449 |  74k|  2 | 145 | 562 |-5.066387e+00 |      --      |    Inf | unknown
 86.2s| 11200 | 11201 |  1537k| 137.1 |    80M |  65 | 302 | 108 | 396 |  74k|  2 | 146 | 564 |-5.066387e+00 |      --      |    Inf | unknown
 86.9s| 11300 | 11301 |  1551k| 137.1 |    81M |  65 | 302 | 106 | 415 |  75k|  4 | 146 | 565 |-5.066387e+00 |      --      |    Inf | unknown
 87.7s| 11400 | 11401 |  1564k| 137.1 |    81M |  65 | 302 | 104 | 397 |  75k|  5 | 147 | 566 |-5.066387e+00 |      --      |    Inf | unknown
 88.4s| 11500 | 11501 |  1576k| 136.9 |    81M |  65 | 302 | 106 | 381 |  76k|  3 | 149 | 566 |-5.066387e+00 |      --      |    Inf | unknown
 88.9s| 11600 | 11601 |  1586k| 136.5 |    82M |  65 | 302 | 107 | 391 |  76k|  2 | 150 | 567 |-5.066387e+00 |      --      |    Inf | unknown
 89.4s| 11700 | 11701 |  1597k| 136.3 |    82M |  65 | 302 | 106 | 349 |  77k|  2 | 150 | 567 |-5.066387e+00 |      --      |    Inf | unknown
 89.9s| 11800 | 11801 |  1607k| 136.0 |    82M |  65 | 302 | 106 | 345 |  78k|  1 | 151 | 568 |-5.066387e+00 |      --      |    Inf | unknown
 time | node  | left  |LP iter|LP it/n|mem/heur|mdpt |vars |cons |rows |cuts |sepa|confs|strbr|  dualbound   | primalbound  |  gap   | compl. 
 90.4s| 11900 | 11901 |  1618k| 135.8 |    82M |  65 | 302 | 107 | 322 |  78k|  2 | 152 | 568 |-5.066387e+00 |      --      |    Inf | unknown
 91.6s| 12000 | 12001 |  1636k| 136.2 |    84M |  65 | 302 | 106 | 399 |  79k|  2 | 153 | 570 |-5.066387e+00 |      --      |    Inf | unknown
 92.7s| 12100 | 12101 |  1654k| 136.5 |    85M |  65 | 302 | 103 | 460 |  80k|  2 | 154 | 570 |-5.066387e+00 |      --      |    Inf | unknown
 93.1s| 12200 | 12201 |  1664k| 136.2 |    85M |  65 | 302 | 104 | 468 |  80k|  3 | 155 | 571 |-5.066387e+00 |      --      |    Inf | unknown
 93.6s| 12300 | 12301 |  1673k| 135.8 |    86M |  65 | 302 | 104 | 449 |  81k|  2 | 155 | 572 |-5.066387e+00 |      --      |    Inf | unknown
 94.2s| 12400 | 12401 |  1684k| 135.7 |    86M |  65 | 302 | 107 | 438 |  81k|  2 | 158 | 573 |-5.066387e+00 |      --      |    Inf | unknown
 94.8s| 12500 | 12501 |  1696k| 135.5 |    86M |  65 | 302 | 108 | 451 |  82k|  5 | 160 | 574 |-5.066387e+00 |      --      |    Inf | unknown
 95.3s| 12600 | 12601 |  1706k| 135.2 |    86M |  65 | 302 | 109 | 451 |  83k|  3 | 161 | 574 |-5.066387e+00 |      --      |    Inf | unknown
 96.1s| 12700 | 12701 |  1720k| 135.2 |    86M |  65 | 302 | 111 | 428 |  83k|  2 | 164 | 576 |-5.066387e+00 |      --      |    Inf | unknown
 96.6s| 12800 | 12801 |  1730k| 135.0 |    88M |  65 | 302 | 113 | 452 |  84k|  2 | 166 | 576 |-5.066387e+00 |      --      |    Inf | unknown
 97.3s| 12900 | 12901 |  1743k| 135.0 |    88M |  65 | 302 | 112 | 413 |  84k|  2 | 166 | 578 |-5.066387e+00 |      --      |    Inf | unknown
 97.9s| 13000 | 13001 |  1754k| 134.8 |    88M |  65 | 302 | 111 | 394 |  85k|  2 | 168 | 578 |-5.066387e+00 |      --      |    Inf | unknown
 98.8s| 13100 | 13101 |  1772k| 135.1 |    88M |  65 | 302 | 112 | 419 |  86k|  4 | 171 | 581 |-5.066387e+00 |      --      |    Inf | unknown
 99.6s| 13200 | 13201 |  1785k| 135.1 |    88M |  65 | 302 | 108 | 380 |  86k|  4 | 171 | 581 |-5.066387e+00 |      --      |    Inf | unknown
  101s| 13300 | 13301 |  1803k| 135.4 |    88M |  65 | 302 | 102 | 367 |  87k|  5 | 171 | 582 |-5.066387e+00 |      --      |    Inf | unknown
 time | node  | left  |LP iter|LP it/n|mem/heur|mdpt |vars |cons |rows |cuts |sepa|confs|strbr|  dualbound   | primalbound  |  gap   | compl. 
  101s| 13400 | 13401 |  1814k| 135.2 |    89M |  65 | 302 | 103 | 418 |  88k|  2 | 173 | 583 |-5.066387e+00 |      --      |    Inf | unknown
  102s| 13500 | 13501 |  1824k| 134.9 |    89M |  65 | 302 | 104 | 334 |  88k|  3 | 174 | 584 |-5.066387e+00 |      --      |    Inf | unknown
  102s| 13600 | 13601 |  1833k| 134.6 |    91M |  65 | 302 | 105 | 295 |  89k|  2 | 175 | 584 |-5.066387e+00 |      --      |    Inf | unknown
  103s| 13700 | 13701 |  1843k| 134.4 |    93M |  65 | 302 | 107 | 424 |  89k|  2 | 177 | 585 |-5.066387e+00 |      --      |    Inf | unknown
  103s| 13800 | 13801 |  1854k| 134.2 |    93M |  65 | 302 | 107 | 447 |  90k|  2 | 177 | 587 |-5.066387e+00 |      --      |    Inf | unknown
  104s| 13900 | 13901 |  1869k| 134.3 |    93M |  65 | 302 | 108 | 496 |  90k|  2 | 178 | 589 |-5.066387e+00 |      --      |    Inf | unknown
  105s| 14000 | 14001 |  1884k| 134.4 |    93M |  65 | 302 | 108 | 495 |  91k|  2 | 178 | 589 |-5.066387e+00 |      --      |    Inf | unknown
  106s| 14100 | 14101 |  1898k| 134.5 |    93M |  65 | 302 | 103 | 447 |  92k|  1 | 178 | 589 |-5.066387e+00 |      --      |    Inf | unknown
  107s| 14200 | 14201 |  1910k| 134.3 |    93M |  65 | 302 | 102 | 446 |  92k|  3 | 178 | 590 |-5.066387e+00 |      --      |    Inf | unknown
  107s| 14300 | 14301 |  1922k| 134.2 |    94M |  65 | 302 | 103 | 427 |  93k|  1 | 179 | 592 |-5.066387e+00 |      --      |    Inf | unknown
  108s| 14400 | 14401 |  1936k| 134.3 |    94M |  65 | 302 | 102 | 384 |  94k|  2 | 179 | 592 |-5.066387e+00 |      --      |    Inf | unknown
  109s| 14500 | 14501 |  1949k| 134.3 |    95M |  65 | 302 | 102 | 418 |  94k|  1 | 179 | 594 |-5.066387e+00 |      --      |    Inf | unknown
  109s| 14600 | 14601 |  1960k| 134.1 |    95M |  65 | 302 | 104 | 412 |  95k|  1 | 181 | 595 |-5.066387e+00 |      --      |    Inf | unknown
  110s| 14700 | 14701 |  1974k| 134.1 |    95M |  65 | 302 | 106 | 377 |  96k|  2 | 183 | 595 |-5.066387e+00 |      --      |    Inf | unknown
  110s| 14800 | 14801 |  1987k| 134.1 |    95M |  65 | 302 | 108 | 394 |  96k|  3 | 186 | 595 |-5.066387e+00 |      --      |    Inf | unknown
 time | node  | left  |LP iter|LP it/n|mem/heur|mdpt |vars |cons |rows |cuts |sepa|confs|strbr|  dualbound   | primalbound  |  gap   | compl. 
  112s| 14900 | 14901 |  2007k| 134.6 |    97M |  65 | 302 | 107 | 331 |  97k|  2 | 186 | 595 |-5.066387e+00 |      --      |    Inf | unknown
  113s| 15000 | 15001 |  2022k| 134.7 |    98M |  65 | 302 | 102 | 371 |  97k|  1 | 187 | 595 |-5.066387e+00 |      --      |    Inf | unknown
  113s| 15100 | 15101 |  2032k| 134.4 |    98M |  65 | 302 | 103 | 337 |  98k|  2 | 188 | 595 |-5.066387e+00 |      --      |    Inf | unknown
  114s| 15200 | 15201 |  2042k| 134.2 |    98M |  65 | 302 | 104 | 343 |  99k|  2 | 189 | 597 |-5.066212e+00 |      --      |    Inf | unknown
  115s| 15300 | 15301 |  2059k| 134.4 |    99M |  65 | 302 | 105 | 346 |  99k|  4 | 190 | 597 |-5.066212e+00 |      --      |    Inf | unknown
  115s| 15400 | 15401 |  2072k| 134.4 |    99M |  65 | 302 | 105 | 427 | 100k|  5 | 190 | 597 |-5.066212e+00 |      --      |    Inf | unknown
  116s| 15500 | 15501 |  2084k| 134.3 |   101M |  65 | 302 | 107 | 484 | 100k|  4 | 192 | 599 |-5.066212e+00 |      --      |    Inf | unknown
  117s| 15600 | 15601 |  2096k| 134.3 |   101M |  65 | 302 | 108 | 477 | 101k|  2 | 193 | 599 |-5.066212e+00 |      --      |    Inf | unknown
  117s| 15700 | 15701 |  2108k| 134.2 |   101M |  65 | 302 | 107 | 463 | 102k|  3 | 193 | 599 |-5.066212e+00 |      --      |    Inf | unknown
  118s| 15800 | 15801 |  2120k| 134.1 |   101M |  65 | 302 | 108 | 397 | 102k|  2 | 195 | 599 |-5.066212e+00 |      --      |    Inf | unknown
  119s| 15900 | 15901 |  2136k| 134.2 |   101M |  65 | 302 | 106 | 414 | 103k|  5 | 195 | 599 |-5.066212e+00 |      --      |    Inf | unknown
  119s| 16000 | 16001 |  2149k| 134.2 |   101M |  65 | 302 | 106 | 413 | 104k|  3 | 196 | 599 |-5.066212e+00 |      --      |    Inf | unknown
  120s| 16100 | 16101 |  2160k| 134.0 |   102M |  65 | 302 | 108 | 460 | 104k|  2 | 198 | 599 |-5.066212e+00 |      --      |    Inf | unknown
  121s| 16200 | 16201 |  2170k| 133.9 |   102M |  65 | 302 | 108 | 413 | 105k|  4 | 199 | 600 |-5.066212e+00 |      --      |    Inf | unknown
  121s| 16300 | 16301 |  2181k| 133.7 |   102M |  65 | 302 | 109 | 439 | 105k|  4 | 201 | 600 |-5.066212e+00 |      --      |    Inf | unknown
 time | node  | left  |LP iter|LP it/n|mem/heur|mdpt |vars |cons |rows |cuts |sepa|confs|strbr|  dualbound   | primalbound  |  gap   | compl. 
  122s| 16400 | 16401 |  2199k| 134.0 |   103M |  65 | 302 | 108 | 441 | 106k|  5 | 202 | 600 |-5.066212e+00 |      --      |    Inf | unknown
  123s| 16500 | 16501 |  2211k| 133.9 |   105M |  65 | 302 | 108 | 437 | 107k|  4 | 203 | 600 |-5.066212e+00 |      --      |    Inf | unknown
  123s| 16600 | 16601 |  2222k| 133.7 |   105M |  65 | 302 | 110 | 419 | 107k|  4 | 205 | 600 |-5.066212e+00 |      --      |    Inf | unknown
  125s| 16700 | 16701 |  2240k| 134.0 |   105M |  65 | 302 | 105 | 374 | 108k|  4 | 206 | 600 |-5.066212e+00 |      --      |    Inf | unknown
  125s| 16800 | 16801 |  2252k| 133.9 |   105M |  65 | 302 | 106 | 360 | 109k|  1 | 207 | 601 |-5.066212e+00 |      --      |    Inf | unknown
  126s| 16900 | 16901 |  2263k| 133.8 |   105M |  65 | 302 | 107 | 384 | 109k|  5 | 208 | 602 |-5.066212e+00 |      --      |    Inf | unknown
  126s| 17000 | 17001 |  2277k| 133.8 |   108M |  65 | 302 | 105 | 387 | 110k|  4 | 209 | 602 |-5.066212e+00 |      --      |    Inf | unknown
  127s| 17100 | 17101 |  2288k| 133.7 |   108M |  65 | 302 | 105 | 393 | 110k|  1 | 209 | 603 |-5.066212e+00 |      --      |    Inf | unknown
  128s| 17200 | 17201 |  2298k| 133.5 |   108M |  65 | 302 | 106 | 432 | 111k|  2 | 210 | 603 |-5.066212e+00 |      --      |    Inf | unknown
  129s| 17300 | 17301 |  2311k| 133.5 |   109M |  65 | 302 | 105 | 481 | 111k|  2 | 211 | 603 |-5.066212e+00 |      --      |    Inf | unknown
  129s| 17400 | 17401 |  2324k| 133.4 |   109M |  65 | 302 | 105 | 433 | 112k|  1 | 212 | 603 |-5.066212e+00 |      --      |    Inf | unknown
  130s| 17500 | 17501 |  2333k| 133.2 |   109M |  65 | 302 | 106 | 427 | 113k|  5 | 213 | 603 |-5.066212e+00 |      --      |    Inf | unknown
  130s| 17600 | 17601 |  2346k| 133.2 |   110M |  65 | 302 | 107 | 386 | 113k|  2 | 215 | 603 |-5.066212e+00 |      --      |    Inf | unknown
  131s| 17700 | 17701 |  2356k| 133.0 |   110M |  65 | 302 | 107 | 398 | 114k|  1 | 215 | 604 |-5.066212e+00 |      --      |    Inf | unknown
  132s| 17800 | 17801 |  2368k| 132.9 |   110M |  65 | 302 | 106 | 436 | 114k|  4 | 216 | 604 |-5.066212e+00 |      --      |    Inf | unknown
 time | node  | left  |LP iter|LP it/n|mem/heur|mdpt |vars |cons |rows |cuts |sepa|confs|strbr|  dualbound   | primalbound  |  gap   | compl. 
  132s| 17900 | 17901 |  2378k| 132.7 |   111M |  65 | 302 | 107 | 395 | 115k|  2 | 217 | 604 |-5.066212e+00 |      --      |    Inf | unknown
  133s| 18000 | 18001 |  2389k| 132.6 |   111M |  65 | 302 | 108 | 367 | 115k|  2 | 218 | 604 |-5.066212e+00 |      --      |    Inf | unknown
  133s| 18100 | 18101 |  2404k| 132.7 |   111M |  65 | 302 | 107 | 410 | 116k|  5 | 219 | 604 |-5.066212e+00 |      --      |    Inf | unknown
  135s| 18200 | 18201 |  2420k| 132.8 |   112M |  69 | 302 | 105 | 403 | 117k|  4 | 219 | 604 |-5.066212e+00 |      --      |    Inf | unknown
  135s| 18300 | 18301 |  2430k| 132.7 |   112M |  69 | 302 | 106 | 363 | 117k|  4 | 220 | 605 |-5.066212e+00 |      --      |    Inf | unknown
  136s| 18400 | 18401 |  2442k| 132.6 |   112M |  69 | 302 | 107 | 435 | 118k|  3 | 221 | 605 |-5.066212e+00 |      --      |    Inf | unknown
  136s| 18500 | 18501 |  2454k| 132.5 |   112M |  69 | 302 | 106 | 414 | 118k|  2 | 222 | 606 |-5.066212e+00 |      --      |    Inf | unknown
  137s| 18600 | 18601 |  2470k| 132.7 |   112M |  69 | 302 | 105 | 359 | 119k|  4 | 223 | 606 |-5.066212e+00 |      --      |    Inf | unknown
  138s| 18700 | 18701 |  2481k| 132.6 |   114M |  69 | 302 | 106 | 342 | 119k|  2 | 224 | 606 |-5.066212e+00 |      --      |    Inf | unknown
  138s| 18800 | 18801 |  2491k| 132.4 |   114M |  69 | 302 | 107 | 440 | 120k|  1 | 225 | 607 |-5.066212e+00 |      --      |    Inf | unknown
  139s| 18900 | 18901 |  2502k| 132.3 |   115M |  69 | 302 | 112 | 427 | 121k|  2 | 231 | 608 |-5.066212e+00 |      --      |    Inf | unknown
  140s| 19000 | 19001 |  2513k| 132.2 |   115M |  69 | 302 | 113 | 369 | 121k|  3 | 233 | 609 |-5.066212e+00 |      --      |    Inf | unknown
  140s| 19100 | 19101 |  2526k| 132.1 |   115M |  69 | 302 | 112 | 381 | 122k|  3 | 233 | 609 |-5.066212e+00 |      --      |    Inf | unknown
  141s| 19200 | 19201 |  2539k| 132.1 |   115M |  69 | 302 | 113 | 348 | 122k|  2 | 234 | 610 |-5.066212e+00 |      --      |    Inf | unknown
  141s| 19300 | 19301 |  2551k| 132.0 |   115M |  69 | 302 | 114 | 473 | 123k|  2 | 235 | 611 |-5.066212e+00 |      --      |    Inf | unknown
 time | node  | left  |LP iter|LP it/n|mem/heur|mdpt |vars |cons |rows |cuts |sepa|confs|strbr|  dualbound   | primalbound  |  gap   | compl. 
  142s| 19400 | 19401 |  2565k| 132.1 |   115M |  69 | 302 | 106 | 400 | 124k|  2 | 235 | 611 |-5.066212e+00 |      --      |    Inf | unknown
  143s| 19500 | 19501 |  2580k| 132.2 |   116M |  69 | 302 | 103 | 336 | 124k|  2 | 235 | 613 |-5.066212e+00 |      --      |    Inf | unknown
  144s| 19600 | 19601 |  2595k| 132.3 |   118M |  69 | 302 | 104 | 374 | 125k|  1 | 237 | 613 |-5.066212e+00 |      --      |    Inf | unknown
  145s| 19700 | 19701 |  2605k| 132.1 |   118M |  69 | 302 | 104 | 407 | 125k|  4 | 238 | 614 |-5.066212e+00 |      --      |    Inf | unknown
  145s| 19800 | 19801 |  2616k| 132.0 |   118M |  69 | 302 | 105 | 390 | 126k|  2 | 239 | 616 |-5.066212e+00 |      --      |    Inf | unknown
  146s| 19900 | 19901 |  2627k| 131.9 |   118M |  69 | 302 | 107 | 385 | 126k|  2 | 241 | 616 |-5.066212e+00 |      --      |    Inf | unknown
  147s| 20000 | 20001 |  2639k| 131.9 |   118M |  69 | 302 | 109 | 362 | 127k|  2 | 243 | 617 |-5.066212e+00 |      --      |    Inf | unknown
  147s| 20100 | 20101 |  2652k| 131.9 |   118M |  69 | 302 | 108 | 347 | 127k|  2 | 244 | 617 |-5.066212e+00 |      --      |    Inf | unknown
  148s| 20200 | 20201 |  2666k| 131.9 |   120M |  69 | 302 | 107 | 410 | 128k|  2 | 244 | 617 |-5.066212e+00 |      --      |    Inf | unknown
  149s| 20300 | 20301 |  2683k| 132.1 |   120M |  69 | 302 | 107 | 410 | 129k|  2 | 247 | 618 |-5.066212e+00 |      --      |    Inf | unknown
  150s| 20400 | 20401 |  2695k| 132.0 |   120M |  69 | 302 | 106 | 393 | 129k|  5 | 249 | 618 |-5.066212e+00 |      --      |    Inf | unknown
  150s| 20500 | 20501 |  2706k| 131.9 |   122M |  69 | 302 | 107 | 383 | 130k|  2 | 250 | 618 |-5.066212e+00 |      --      |    Inf | unknown
  151s| 20600 | 20601 |  2718k| 131.8 |   124M |  69 | 302 | 108 | 519 | 130k|  2 | 251 | 618 |-5.066212e+00 |      --      |    Inf | unknown
  152s| 20700 | 20701 |  2731k| 131.8 |   124M |  69 | 302 | 108 | 407 | 131k|  5 | 253 | 618 |-5.066212e+00 |      --      |    Inf | unknown
  152s| 20800 | 20801 |  2742k| 131.7 |   124M |  69 | 302 | 109 | 372 | 132k|  1 | 254 | 619 |-5.066212e+00 |      --      |    Inf | unknown
 time | node  | left  |LP iter|LP it/n|mem/heur|mdpt |vars |cons |rows |cuts |sepa|confs|strbr|  dualbound   | primalbound  |  gap   | compl. 
  153s| 20900 | 20901 |  2753k| 131.6 |   124M |  69 | 302 | 109 | 378 | 132k|  1 | 255 | 619 |-5.066212e+00 |      --      |    Inf | unknown
  154s| 21000 | 21001 |  2765k| 131.6 |   125M |  69 | 302 | 107 | 373 | 133k|  2 | 256 | 619 |-5.066212e+00 |      --      |    Inf | unknown
  154s| 21100 | 21101 |  2775k| 131.4 |   125M |  69 | 302 | 109 | 480 | 133k|  2 | 258 | 619 |-5.066212e+00 |      --      |    Inf | unknown
  155s| 21200 | 21201 |  2790k| 131.5 |   125M |  69 | 302 | 109 | 399 | 134k|  4 | 258 | 619 |-5.066212e+00 |      --      |    Inf | unknown
  156s| 21300 | 21301 |  2802k| 131.4 |   126M |  69 | 302 | 108 | 350 | 134k|  2 | 259 | 619 |-5.066212e+00 |      --      |    Inf | unknown
  157s| 21400 | 21401 |  2819k| 131.6 |   126M |  69 | 302 | 105 | 350 | 135k|  2 | 259 | 620 |-5.066212e+00 |      --      |    Inf | unknown
  157s| 21500 | 21501 |  2828k| 131.4 |   127M |  69 | 302 | 106 | 433 | 135k|  2 | 260 | 620 |-5.066212e+00 |      --      |    Inf | unknown
  158s| 21600 | 21601 |  2840k| 131.4 |   127M |  69 | 302 | 106 | 429 | 136k|  2 | 262 | 620 |-5.066212e+00 |      --      |    Inf | unknown
  158s| 21700 | 21701 |  2851k| 131.3 |   127M |  69 | 302 | 108 | 410 | 137k|  2 | 264 | 620 |-5.066212e+00 |      --      |    Inf | unknown
  159s| 21800 | 21801 |  2864k| 131.3 |   127M |  69 | 302 | 108 | 380 | 137k|  4 | 265 | 621 |-5.066212e+00 |      --      |    Inf | unknown
  160s| 21900 | 21901 |  2874k| 131.2 |   127M |  69 | 302 | 108 | 309 | 138k|  2 | 265 | 622 |-5.066212e+00 |      --      |    Inf | unknown
  160s| 22000 | 22001 |  2885k| 131.0 |   128M |  69 | 302 | 107 | 444 | 138k|  2 | 265 | 623 |-5.066212e+00 |      --      |    Inf | unknown
  161s| 22100 | 22101 |  2896k| 131.0 |   128M |  69 | 302 | 108 | 397 | 139k|  4 | 267 | 624 |-5.066212e+00 |      --      |    Inf | unknown
  162s| 22200 | 22201 |  2914k| 131.2 |   128M |  69 | 302 | 106 | 397 | 139k|  2 | 268 | 626 |-5.066212e+00 |      --      |    Inf | unknown
  163s| 22300 | 22301 |  2925k| 131.1 |   128M |  69 | 302 | 104 | 364 | 140k|  2 | 268 | 627 |-5.066212e+00 |      --      |    Inf | unknown
 time | node  | left  |LP iter|LP it/n|mem/heur|mdpt |vars |cons |rows |cuts |sepa|confs|strbr|  dualbound   | primalbound  |  gap   | compl. 
  163s| 22400 | 22401 |  2935k| 130.9 |   129M |  69 | 302 | 106 | 427 | 140k|  1 | 270 | 627 |-5.066212e+00 |      --      |    Inf | unknown
  164s| 22500 | 22501 |  2950k| 131.0 |   129M |  69 | 302 | 105 | 436 | 141k|  5 | 271 | 628 |-5.066212e+00 |      --      |    Inf | unknown
  165s| 22600 | 22601 |  2965k| 131.1 |   129M |  69 | 302 | 107 | 391 | 142k|  4 | 274 | 628 |-5.066212e+00 |      --      |    Inf | unknown
  165s| 22700 | 22701 |  2974k| 130.9 |   129M |  69 | 302 | 108 | 418 | 142k|  2 | 275 | 628 |-5.066212e+00 |      --      |    Inf | unknown
  166s| 22800 | 22801 |  2988k| 131.0 |   129M |  69 | 302 | 107 | 359 | 143k|  2 | 275 | 628 |-5.066212e+00 |      --      |    Inf | unknown
  167s| 22900 | 22901 |  2998k| 130.8 |   129M |  69 | 302 | 107 | 458 | 143k|  3 | 276 | 629 |-5.066212e+00 |      --      |    Inf | unknown
  168s| 23000 | 23001 |  3011k| 130.8 |   130M |  69 | 302 | 105 | 390 | 144k|  3 | 276 | 629 |-5.066212e+00 |      --      |    Inf | unknown
  168s| 23100 | 23101 |  3022k| 130.7 |   130M |  69 | 302 | 108 | 416 | 145k|  2 | 279 | 631 |-5.066212e+00 |      --      |    Inf | unknown
  169s| 23200 | 23201 |  3033k| 130.7 |   131M |  69 | 302 | 110 | 379 | 145k|  2 | 281 | 631 |-5.066212e+00 |      --      |    Inf | unknown
  169s| 23300 | 23301 |  3044k| 130.6 |   132M |  69 | 302 | 110 | 448 | 146k|  2 | 282 | 631 |-5.066212e+00 |      --      |    Inf | unknown
  170s| 23400 | 23401 |  3055k| 130.5 |   133M |  69 | 302 | 112 | 445 | 146k|  2 | 285 | 632 |-5.066212e+00 |      --      |    Inf | unknown
  171s| 23500 | 23501 |  3071k| 130.6 |   133M |  69 | 302 | 111 | 391 | 147k|  1 | 285 | 632 |-5.066212e+00 |      --      |    Inf | unknown
  171s| 23600 | 23601 |  3079k| 130.4 |   133M |  69 | 302 | 111 | 334 | 147k|  2 | 286 | 632 |-5.066212e+00 |      --      |    Inf | unknown
  172s| 23700 | 23701 |  3092k| 130.4 |   133M |  69 | 302 | 112 | 371 | 148k|  3 | 288 | 635 |-5.066212e+00 |      --      |    Inf | unknown
  173s| 23800 | 23801 |  3108k| 130.5 |   134M |  69 | 302 | 105 | 444 | 148k|  2 | 289 | 635 |-5.066212e+00 |      --      |    Inf | unknown
 time | node  | left  |LP iter|LP it/n|mem/heur|mdpt |vars |cons |rows |cuts |sepa|confs|strbr|  dualbound   | primalbound  |  gap   | compl. 
  174s| 23900 | 23901 |  3118k| 130.4 |   134M |  69 | 302 | 106 | 446 | 149k|  5 | 290 | 636 |-5.066212e+00 |      --      |    Inf | unknown
  174s| 24000 | 24001 |  3129k| 130.3 |   134M |  69 | 302 | 108 | 418 | 150k|  4 | 293 | 636 |-5.066212e+00 |      --      |    Inf | unknown
  175s| 24100 | 24101 |  3139k| 130.2 |   136M |  69 | 302 | 109 | 321 | 150k|  1 | 294 | 637 |-5.066212e+00 |      --      |    Inf | unknown
  175s| 24200 | 24201 |  3149k| 130.1 |   136M |  69 | 302 | 110 | 478 | 151k|  4 | 295 | 637 |-5.066212e+00 |      --      |    Inf | unknown
  176s| 24300 | 24301 |  3163k| 130.1 |   136M |  69 | 302 | 108 | 449 | 151k|  2 | 295 | 638 |-5.066212e+00 |      --      |    Inf | unknown
  176s| 24400 | 24401 |  3172k| 129.9 |   136M |  69 | 302 | 108 | 392 | 152k|  1 | 295 | 640 |-5.066212e+00 |      --      |    Inf | unknown
  177s| 24500 | 24501 |  3183k| 129.8 |   136M |  69 | 302 | 106 | 352 | 153k|  4 | 296 | 641 |-5.066212e+00 |      --      |    Inf | unknown
  178s| 24600 | 24601 |  3194k| 129.8 |   137M |  69 | 302 | 107 | 357 | 153k|  1 | 297 | 642 |-5.066212e+00 |      --      |    Inf | unknown
  178s| 24700 | 24701 |  3212k| 130.0 |   138M |  69 | 302 | 107 | 456 | 154k|  3 | 298 | 642 |-5.066212e+00 |      --      |    Inf | unknown
  180s| 24800 | 24801 |  3232k| 130.2 |   139M |  69 | 302 | 105 | 441 | 155k|  1 | 299 | 643 |-5.066212e+00 |      --      |    Inf | unknown
  181s| 24900 | 24901 |  3242k| 130.1 |   139M |  69 | 302 | 105 | 422 | 155k|  3 | 300 | 645 |-5.066212e+00 |      --      |    Inf | unknown
  181s| 25000 | 25001 |  3252k| 130.0 |   140M |  69 | 302 | 105 | 355 | 156k|  2 | 301 | 648 |-5.066212e+00 |      --      |    Inf | unknown
  182s| 25100 | 25101 |  3263k| 129.9 |   140M |  69 | 302 | 104 | 460 | 156k|  2 | 302 | 651 |-5.066212e+00 |      --      |    Inf | unknown
  182s| 25200 | 25201 |  3273k| 129.8 |   140M |  69 | 302 | 105 | 469 | 157k|  2 | 303 | 653 |-5.066212e+00 |      --      |    Inf | unknown
  183s| 25300 | 25301 |  3282k| 129.7 |   140M |  69 | 302 | 106 | 434 | 158k|  4 | 304 | 654 |-5.066212e+00 |      --      |    Inf | unknown
 time | node  | left  |LP iter|LP it/n|mem/heur|mdpt |vars |cons |rows |cuts |sepa|confs|strbr|  dualbound   | primalbound  |  gap   | compl. 
  183s| 25400 | 25401 |  3293k| 129.6 |   140M |  69 | 302 | 109 | 398 | 158k|  2 | 307 | 655 |-5.066212e+00 |      --      |    Inf | unknown
  184s| 25500 | 25501 |  3303k| 129.5 |   140M |  69 | 302 | 111 | 371 | 159k|  4 | 309 | 657 |-5.066212e+00 |      --      |    Inf | unknown
  184s| 25600 | 25601 |  3317k| 129.5 |   142M |  69 | 302 | 110 | 464 | 159k|  2 | 310 | 658 |-5.066212e+00 |      --      |    Inf | unknown
  185s| 25700 | 25701 |  3327k| 129.4 |   142M |  69 | 302 | 111 | 417 | 160k|  4 | 311 | 660 |-5.066212e+00 |      --      |    Inf | unknown
  186s| 25800 | 25801 |  3339k| 129.3 |   143M |  69 | 302 | 112 | 380 | 160k|  2 | 313 | 660 |-5.066212e+00 |      --      |    Inf | unknown
  186s| 25900 | 25901 |  3350k| 129.3 |   143M |  69 | 302 | 112 | 329 | 161k|  1 | 313 | 661 |-5.066212e+00 |      --      |    Inf | unknown
  187s| 26000 | 26001 |  3364k| 129.3 |   144M |  69 | 302 | 105 | 485 | 162k|  2 | 313 | 662 |-5.066212e+00 |      --      |    Inf | unknown
  188s| 26100 | 26101 |  3376k| 129.3 |   145M |  69 | 302 | 109 | 455 | 162k|  2 | 317 | 662 |-5.066212e+00 |      --      |    Inf | unknown
  188s| 26200 | 26201 |  3391k| 129.3 |   145M |  69 | 302 | 108 | 441 | 163k|  3 | 318 | 662 |-5.066212e+00 |      --      |    Inf | unknown
  189s| 26300 | 26301 |  3401k| 129.2 |   145M |  69 | 302 | 108 | 371 | 163k|  3 | 319 | 662 |-5.066212e+00 |      --      |    Inf | unknown
  190s| 26400 | 26401 |  3411k| 129.1 |   145M |  69 | 302 | 110 | 385 | 164k|  2 | 322 | 662 |-5.066212e+00 |      --      |    Inf | unknown
  190s| 26500 | 26501 |  3424k| 129.1 |   145M |  69 | 302 | 108 | 432 | 165k|  3 | 323 | 663 |-5.066212e+00 |      --      |    Inf | unknown
  191s| 26600 | 26601 |  3436k| 129.1 |   147M |  69 | 302 | 109 | 408 | 165k|  1 | 325 | 665 |-5.066212e+00 |      --      |    Inf | unknown
  192s| 26700 | 26701 |  3446k| 129.0 |   147M |  69 | 302 | 109 | 398 | 166k|  1 | 325 | 665 |-5.066212e+00 |      --      |    Inf | unknown
  192s| 26800 | 26801 |  3460k| 129.0 |   147M |  69 | 302 | 108 | 374 | 166k|  1 | 325 | 666 |-5.066212e+00 |      --      |    Inf | unknown
 time | node  | left  |LP iter|LP it/n|mem/heur|mdpt |vars |cons |rows |cuts |sepa|confs|strbr|  dualbound   | primalbound  |  gap   | compl. 
  193s| 26900 | 26901 |  3471k| 128.9 |   147M |  69 | 302 | 108 | 471 | 167k|  1 | 327 | 666 |-5.066212e+00 |      --      |    Inf | unknown
  193s| 27000 | 27001 |  3480k| 128.8 |   148M |  69 | 302 | 106 | 420 | 167k|  2 | 327 | 666 |-5.066212e+00 |      --      |    Inf | unknown
  194s| 27100 | 27101 |  3492k| 128.8 |   148M |  69 | 302 | 105 | 401 | 168k|  4 | 327 | 667 |-5.066212e+00 |      --      |    Inf | unknown
  195s| 27200 | 27201 |  3507k| 128.9 |   149M |  69 | 302 | 103 | 375 | 169k|  2 | 327 | 667 |-5.066212e+00 |      --      |    Inf | unknown
  196s| 27300 | 27301 |  3522k| 128.9 |   149M |  69 | 302 | 103 | 362 | 169k|  2 | 327 | 668 |-5.066212e+00 |      --      |    Inf | unknown
  197s| 27400 | 27401 |  3532k| 128.8 |   150M |  69 | 302 | 103 | 476 | 170k|  2 | 327 | 668 |-5.066212e+00 |      --      |    Inf | unknown
  197s| 27500 | 27501 |  3544k| 128.8 |   150M |  69 | 302 | 103 | 474 | 171k|  3 | 328 | 669 |-5.066212e+00 |      --      |    Inf | unknown
  198s| 27600 | 27601 |  3556k| 128.8 |   151M |  73 | 302 | 103 | 389 | 171k|  5 | 329 | 669 |-5.066212e+00 |      --      |    Inf | unknown
  199s| 27700 | 27701 |  3569k| 128.8 |   151M |  73 | 302 | 103 | 459 | 172k|  2 | 329 | 670 |-5.066212e+00 |      --      |    Inf | unknown
  199s| 27800 | 27801 |  3582k| 128.8 |   153M |  73 | 302 | 105 | 449 | 173k|  5 | 331 | 670 |-5.066212e+00 |      --      |    Inf | unknown
  200s| 27900 | 27901 |  3591k| 128.6 |   153M |  75 | 302 | 106 | 332 | 173k|  2 | 332 | 671 |-5.065747e+00 |      --      |    Inf | unknown
  200s| 28000 | 28001 |  3602k| 128.6 |   153M |  75 | 302 | 106 | 406 | 174k|  3 | 332 | 671 |-5.065747e+00 |      --      |    Inf | unknown
  201s| 28100 | 28101 |  3613k| 128.5 |   153M |  75 | 302 | 106 | 358 | 174k|  2 | 333 | 671 |-5.065747e+00 |      --      |    Inf | unknown
  202s| 28200 | 28201 |  3632k| 128.7 |   154M |  75 | 302 | 105 | 466 | 175k|  2 | 333 | 671 |-5.065747e+00 |      --      |    Inf | unknown
  203s| 28300 | 28301 |  3647k| 128.8 |   154M |  75 | 302 | 103 | 373 | 176k|  3 | 334 | 671 |-5.065385e+00 |      --      |    Inf | unknown
 time | node  | left  |LP iter|LP it/n|mem/heur|mdpt |vars |cons |rows |cuts |sepa|confs|strbr|  dualbound   | primalbound  |  gap   | compl. 
  204s| 28400 | 28401 |  3657k| 128.7 |   154M |  75 | 302 | 103 | 441 | 176k|  4 | 335 | 671 |-5.065385e+00 |      --      |    Inf | unknown
  204s| 28500 | 28501 |  3666k| 128.6 |   154M |  75 | 302 | 104 | 428 | 177k|  2 | 336 | 672 |-5.065385e+00 |      --      |    Inf | unknown
  204s| 28600 | 28601 |  3675k| 128.4 |   155M |  75 | 302 | 105 | 490 | 177k|  1 | 337 | 672 |-5.065385e+00 |      --      |    Inf | unknown
  205s| 28700 | 28701 |  3686k| 128.4 |   155M |  75 | 302 | 106 | 414 | 178k|  2 | 338 | 673 |-5.065289e+00 |      --      |    Inf | unknown
  206s| 28800 | 28801 |  3698k| 128.3 |   155M |  75 | 302 | 106 | 364 | 178k|  2 | 338 | 674 |-5.065289e+00 |      --      |    Inf | unknown
  206s| 28900 | 28901 |  3710k| 128.3 |   156M |  75 | 302 | 106 | 469 | 179k|  5 | 338 | 674 |-5.065289e+00 |      --      |    Inf | unknown
  207s| 29000 | 29001 |  3722k| 128.3 |   157M |  75 | 302 | 110 | 351 | 180k|  2 | 342 | 676 |-5.065128e+00 |      --      |    Inf | unknown
  207s| 29100 | 29101 |  3732k| 128.2 |   158M |  75 | 302 | 110 | 452 | 180k|  2 | 342 | 676 |-5.065128e+00 |      --      |    Inf | unknown
  208s| 29200 | 29201 |  3742k| 128.1 |   159M |  75 | 302 | 111 | 423 | 181k|  2 | 345 | 677 |-5.065128e+00 |      --      |    Inf | unknown
  209s| 29300 | 29301 |  3752k| 128.0 |   160M |  75 | 302 | 112 | 463 | 181k|  3 | 346 | 677 |-5.065128e+00 |      --      |    Inf | unknown
  209s| 29400 | 29401 |  3763k| 127.9 |   160M |  75 | 302 | 111 | 358 | 182k|  2 | 346 | 677 |-5.064965e+00 |      --      |    Inf | unknown
  210s| 29500 | 29501 |  3783k| 128.2 |   160M |  75 | 302 | 109 | 335 | 182k|  2 | 347 | 678 |-5.064965e+00 |      --      |    Inf | unknown
  211s| 29600 | 29601 |  3794k| 128.1 |   160M |  75 | 302 | 108 | 433 | 183k|  3 | 348 | 678 |-5.064965e+00 |      --      |    Inf | unknown
  211s| 29700 | 29701 |  3805k| 128.0 |   161M |  75 | 302 | 106 | 389 | 183k|  5 | 348 | 678 |-5.064965e+00 |      --      |    Inf | unknown
  212s| 29800 | 29801 |  3817k| 128.0 |   161M |  75 | 302 | 103 | 449 | 184k|  4 | 348 | 678 |-5.064707e+00 |      --      |    Inf | unknown
 time | node  | left  |LP iter|LP it/n|mem/heur|mdpt |vars |cons |rows |cuts |sepa|confs|strbr|  dualbound   | primalbound  |  gap   | compl. 
  213s| 29900 | 29901 |  3826k| 127.9 |   162M |  75 | 302 | 103 | 372 | 184k|  2 | 348 | 679 |-5.064707e+00 |      --      |    Inf | unknown
  214s| 30000 | 30001 |  3838k| 127.9 |   162M |  75 | 302 | 106 | 482 | 185k|  2 | 351 | 679 |-5.064707e+00 |      --      |    Inf | unknown
  214s| 30100 | 30101 |  3848k| 127.8 |   162M |  75 | 302 | 106 | 431 | 186k|  2 | 352 | 681 |-5.064707e+00 |      --      |    Inf | unknown
  215s| 30200 | 30201 |  3858k| 127.7 |   162M |  75 | 302 | 106 | 392 | 186k|  2 | 353 | 682 |-5.064482e+00 |      --      |    Inf | unknown
  216s| 30300 | 30301 |  3877k| 127.9 |   163M |  75 | 302 | 106 | 428 | 187k|  4 | 353 | 682 |-5.064482e+00 |      --      |    Inf | unknown
  216s| 30400 | 30401 |  3889k| 127.9 |   163M |  75 | 302 | 104 | 396 | 187k|  1 | 354 | 683 |-5.064482e+00 |      --      |    Inf | unknown
  217s| 30500 | 30501 |  3899k| 127.8 |   163M |  75 | 302 | 104 | 451 | 188k|  4 | 355 | 683 |-5.064482e+00 |      --      |    Inf | unknown
  217s| 30600 | 30601 |  3909k| 127.7 |   163M |  75 | 302 | 103 | 351 | 188k|  2 | 355 | 685 |-5.064308e+00 |      --      |    Inf | unknown
  218s| 30700 | 30701 |  3918k| 127.6 |   163M |  75 | 302 | 104 | 444 | 189k|  2 | 356 | 685 |-5.064308e+00 |      --      |    Inf | unknown
  219s| 30800 | 30801 |  3933k| 127.6 |   165M |  75 | 302 | 105 | 358 | 189k|  2 | 357 | 685 |-5.064308e+00 |      --      |    Inf | unknown
  220s| 30900 | 30901 |  3952k| 127.8 |   166M |  75 | 302 | 103 | 488 | 190k|  5 | 357 | 686 |-5.064308e+00 |      --      |    Inf | unknown
  221s| 31000 | 31001 |  3964k| 127.8 |   166M |  75 | 302 | 102 | 410 | 191k|  2 | 358 | 687 |-5.064136e+00 |      --      |    Inf | unknown
  222s| 31100 | 31101 |  3976k| 127.8 |   166M |  75 | 302 | 105 | 366 | 191k|  5 | 361 | 687 |-5.064136e+00 |      --      |    Inf | unknown
  222s| 31200 | 31201 |  3985k| 127.7 |   166M |  75 | 302 | 106 | 473 | 192k|  4 | 362 | 689 |-5.064136e+00 |      --      |    Inf | unknown
  223s| 31300 | 31301 |  3995k| 127.6 |   167M |  75 | 302 | 106 | 347 | 192k|  2 | 362 | 689 |-5.064136e+00 |      --      |    Inf | unknown
 time | node  | left  |LP iter|LP it/n|mem/heur|mdpt |vars |cons |rows |cuts |sepa|confs|strbr|  dualbound   | primalbound  |  gap   | compl. 
  223s| 31400 | 31401 |  4006k| 127.5 |   167M |  75 | 302 | 107 | 443 | 193k|  3 | 363 | 690 |-5.064011e+00 |      --      |    Inf | unknown
  224s| 31500 | 31501 |  4017k| 127.5 |   168M |  75 | 302 | 109 | 432 | 194k|  2 | 365 | 691 |-5.064011e+00 |      --      |    Inf | unknown
  224s| 31600 | 31601 |  4027k| 127.4 |   169M |  75 | 302 | 109 | 435 | 194k|  2 | 365 | 691 |-5.064011e+00 |      --      |    Inf | unknown
  225s| 31700 | 31701 |  4040k| 127.4 |   169M |  75 | 302 | 109 | 459 | 195k|  1 | 366 | 692 |-5.064011e+00 |      --      |    Inf | unknown
  225s| 31800 | 31801 |  4050k| 127.3 |   171M |  75 | 302 | 110 | 364 | 195k|  3 | 367 | 692 |-5.063519e+00 |      --      |    Inf | unknown
  226s| 31900 | 31901 |  4059k| 127.2 |   171M |  75 | 302 | 111 | 402 | 196k|  1 | 369 | 692 |-5.063519e+00 |      --      |    Inf | unknown
  226s| 32000 | 32001 |  4069k| 127.1 |   171M |  75 | 302 | 110 | 359 | 196k|  3 | 370 | 693 |-5.063519e+00 |      --      |    Inf | unknown
  227s| 32100 | 32101 |  4083k| 127.1 |   171M |  75 | 302 | 107 | 431 | 197k|  2 | 370 | 694 |-5.063519e+00 |      --      |    Inf | unknown
  229s| 32200 | 32201 |  4102k| 127.3 |   171M |  75 | 302 | 103 | 376 | 198k|  2 | 371 | 695 |-5.063041e+00 |      --      |    Inf | unknown
  229s| 32300 | 32301 |  4112k| 127.3 |   171M |  75 | 302 | 104 | 496 | 198k|  5 | 372 | 695 |-5.063041e+00 |      --      |    Inf | unknown
  230s| 32400 | 32401 |  4125k| 127.3 |   172M |  75 | 302 | 103 | 416 | 199k|  2 | 372 | 695 |-5.063041e+00 |      --      |    Inf | unknown
  230s| 32500 | 32501 |  4134k| 127.1 |   172M |  75 | 302 | 105 | 471 | 199k|  3 | 374 | 696 |-5.063041e+00 |      --      |    Inf | unknown
  231s| 32600 | 32601 |  4144k| 127.1 |   173M |  75 | 302 | 105 | 441 | 200k|  4 | 374 | 697 |-5.062179e+00 |      --      |    Inf | unknown
  231s| 32700 | 32701 |  4155k| 127.0 |   173M |  75 | 302 | 105 | 348 | 201k|  2 | 374 | 698 |-5.062179e+00 |      --      |    Inf | unknown
  232s| 32800 | 32801 |  4165k| 126.9 |   173M |  75 | 302 | 106 | 433 | 201k|  2 | 375 | 699 |-5.062179e+00 |      --      |    Inf | unknown
 time | node  | left  |LP iter|LP it/n|mem/heur|mdpt |vars |cons |rows |cuts |sepa|confs|strbr|  dualbound   | primalbound  |  gap   | compl. 
  232s| 32900 | 32901 |  4175k| 126.8 |   174M |  75 | 302 | 106 | 377 | 202k|  4 | 375 | 699 |-5.061788e+00 |      --      |    Inf | unknown
  233s| 33000 | 33001 |  4188k| 126.9 |   174M |  75 | 302 | 105 | 471 | 202k|  2 | 376 | 700 |-5.061788e+00 |      --      |    Inf | unknown
  234s| 33100 | 33101 |  4206k| 127.0 |   174M |  75 | 302 | 106 | 402 | 203k|  1 | 377 | 702 |-5.061788e+00 |      --      |    Inf | unknown
  234s| 33200 | 33201 |  4215k| 126.9 |   174M |  75 | 302 | 106 | 440 | 203k|  2 | 377 | 702 |-5.061788e+00 |      --      |    Inf | unknown
  235s| 33300 | 33301 |  4227k| 126.9 |   175M |  75 | 302 | 103 | 383 | 204k|  1 | 377 | 702 |-5.061783e+00 |      --      |    Inf | unknown
  236s| 33400 | 33401 |  4239k| 126.9 |   175M |  75 | 302 | 106 | 346 | 205k|  2 | 380 | 703 |-5.061783e+00 |      --      |    Inf | unknown
  236s| 33500 | 33501 |  4248k| 126.8 |   175M |  75 | 302 | 106 | 450 | 205k|  2 | 380 | 703 |-5.061783e+00 |      --      |    Inf | unknown
  237s| 33600 | 33601 |  4263k| 126.8 |   177M |  75 | 302 | 107 | 361 | 206k|  2 | 383 | 703 |-5.061783e+00 |      --      |    Inf | unknown
  238s| 33700 | 33701 |  4277k| 126.9 |   177M |  75 | 302 | 108 | 452 | 207k|  2 | 384 | 704 |-5.060892e+00 |      --      |    Inf | unknown
  239s| 33800 | 33801 |  4290k| 126.9 |   177M |  75 | 302 | 107 | 370 | 207k|  1 | 385 | 704 |-5.060892e+00 |      --      |    Inf | unknown
  239s| 33900 | 33901 |  4299k| 126.7 |   177M |  75 | 302 | 105 | 478 | 208k|  2 | 385 | 704 |-5.060892e+00 |      --      |    Inf | unknown
  240s| 34000 | 34001 |  4310k| 126.7 |   178M |  75 | 302 | 104 | 474 | 208k|  3 | 386 | 704 |-5.060892e+00 |      --      |    Inf | unknown
  240s| 34100 | 34101 |  4321k| 126.7 |   179M |  75 | 302 | 104 | 424 | 209k|  2 | 386 | 705 |-5.060808e+00 |      --      |    Inf | unknown
  241s| 34200 | 34201 |  4332k| 126.6 |   180M |  75 | 302 | 105 | 424 | 209k|  4 | 387 | 705 |-5.060808e+00 |      --      |    Inf | unknown
  241s| 34300 | 34301 |  4343k| 126.6 |   181M |  75 | 302 | 106 | 399 | 210k|  2 | 388 | 706 |-5.060808e+00 |      --      |    Inf | unknown
 time | node  | left  |LP iter|LP it/n|mem/heur|mdpt |vars |cons |rows |cuts |sepa|confs|strbr|  dualbound   | primalbound  |  gap   | compl. 
  243s| 34400 | 34401 |  4357k| 126.6 |   181M |  75 | 302 | 106 | 495 | 211k|  2 | 389 | 707 |-5.060808e+00 |      --      |    Inf | unknown
  244s| 34500 | 34501 |  4374k| 126.7 |   181M |  75 | 302 | 103 | 385 | 211k|  5 | 389 | 707 |-5.060541e+00 |      --      |    Inf | unknown
  245s| 34600 | 34601 |  4389k| 126.8 |   181M |  75 | 302 | 102 | 479 | 212k|  2 | 389 | 707 |-5.060541e+00 |      --      |    Inf | unknown
  246s| 34700 | 34701 |  4400k| 126.7 |   181M |  75 | 302 | 102 | 386 | 212k|  2 | 390 | 707 |-5.060541e+00 |      --      |    Inf | unknown
  246s| 34800 | 34801 |  4410k| 126.7 |   182M |  75 | 302 | 103 | 503 | 213k|  2 | 391 | 707 |-5.060541e+00 |      --      |    Inf | unknown
  247s| 34900 | 34901 |  4422k| 126.6 |   183M |  75 | 302 | 103 | 447 | 213k|  2 | 391 | 708 |-5.060510e+00 |      --      |    Inf | unknown
  247s| 35000 | 35001 |  4434k| 126.6 |   183M |  75 | 302 | 106 | 327 | 214k|  2 | 394 | 708 |-5.060510e+00 |      --      |    Inf | unknown
  248s| 35100 | 35101 |  4447k| 126.6 |   184M |  75 | 302 | 106 | 445 | 215k|  3 | 394 | 708 |-5.060510e+00 |      --      |    Inf | unknown
  249s| 35200 | 35201 |  4457k| 126.6 |   184M |  75 | 302 | 107 | 398 | 215k|  2 | 395 | 709 |-5.060510e+00 |      --      |    Inf | unknown
  249s| 35300 | 35301 |  4467k| 126.5 |   184M |  75 | 302 | 108 | 469 | 216k|  2 | 396 | 709 |-5.060432e+00 |      --      |    Inf | unknown
  251s| 35400 | 35401 |  4485k| 126.6 |   185M |  75 | 302 | 104 | 418 | 217k|  4 | 397 | 710 |-5.060432e+00 |      --      |    Inf | unknown
  251s| 35500 | 35501 |  4494k| 126.5 |   185M |  75 | 302 | 105 | 442 | 217k|  2 | 398 | 711 |-5.060432e+00 |      --      |    Inf | unknown
  252s| 35600 | 35601 |  4507k| 126.5 |   185M |  75 | 302 | 105 | 443 | 218k|  4 | 399 | 711 |-5.060432e+00 |      --      |    Inf | unknown
  253s| 35700 | 35701 |  4523k| 126.6 |   185M |  75 | 302 | 105 | 350 | 218k|  2 | 401 | 711 |-5.060339e+00 |      --      |    Inf | unknown
  253s| 35800 | 35801 |  4533k| 126.6 |   187M |  75 | 302 | 109 | 456 | 219k|  5 | 405 | 711 |-5.060339e+00 |      --      |    Inf | unknown
 time | node  | left  |LP iter|LP it/n|mem/heur|mdpt |vars |cons |rows |cuts |sepa|confs|strbr|  dualbound   | primalbound  |  gap   | compl. 
  254s| 35900 | 35901 |  4544k| 126.5 |   187M |  77 | 302 | 112 | 341 | 219k|  2 | 409 | 711 |-5.060339e+00 |      --      |    Inf | unknown
  254s| 36000 | 36001 |  4554k| 126.4 |   187M |  77 | 302 | 111 | 396 | 220k|  2 | 409 | 711 |-5.060339e+00 |      --      |    Inf | unknown
  254s| 36100 | 36101 |  4565k| 126.4 |   187M |  77 | 302 | 111 | 412 | 221k|  5 | 410 | 712 |-5.060339e+00 |      --      |    Inf | unknown
  255s| 36200 | 36201 |  4579k| 126.4 |   187M |  77 | 302 | 110 | 444 | 221k|  2 | 410 | 712 |-5.060339e+00 |      --      |    Inf | unknown
  256s| 36300 | 36301 |  4591k| 126.4 |   187M |  77 | 302 | 111 | 366 | 222k|  5 | 412 | 713 |-5.060339e+00 |      --      |    Inf | unknown
  256s| 36400 | 36401 |  4600k| 126.3 |   187M |  81 | 302 | 110 | 399 | 222k|  2 | 412 | 713 |-5.060339e+00 |      --      |    Inf | unknown
  257s| 36500 | 36501 |  4610k| 126.2 |   187M |  81 | 302 | 110 | 478 | 223k|  2 | 413 | 713 |-5.060266e+00 |      --      |    Inf | unknown
  257s| 36600 | 36601 |  4623k| 126.3 |   189M |  81 | 302 | 107 | 416 | 224k|  2 | 415 | 716 |-5.060266e+00 |      --      |    Inf | unknown
  258s| 36700 | 36701 |  4633k| 126.2 |   189M |  81 | 302 | 107 | 471 | 224k|  4 | 417 | 716 |-5.060218e+00 |      --      |    Inf | unknown
  258s| 36800 | 36801 |  4643k| 126.1 |   189M |  81 | 302 | 108 | 335 | 225k|  1 | 418 | 716 |-5.060218e+00 |      --      |    Inf | unknown
  259s| 36900 | 36901 |  4653k| 126.0 |   191M |  81 | 302 | 108 | 390 | 225k|  2 | 418 | 717 |-5.060097e+00 |      --      |    Inf | unknown
  259s| 37000 | 37001 |  4667k| 126.1 |   192M |  81 | 302 | 107 | 462 | 226k|  4 | 419 | 718 |-5.060097e+00 |      --      |    Inf | unknown
  260s| 37100 | 37101 |  4684k| 126.2 |   192M |  81 | 302 | 106 | 391 | 226k|  2 | 419 | 718 |-5.059550e+00 |      --      |    Inf | unknown
  261s| 37200 | 37201 |  4694k| 126.1 |   192M |  81 | 302 | 104 | 461 | 227k|  4 | 419 | 718 |-5.059550e+00 |      --      |    Inf | unknown
  261s| 37300 | 37301 |  4703k| 126.0 |   192M |  81 | 302 | 104 | 461 | 227k|  2 | 419 | 719 |-5.059434e+00 |      --      |    Inf | unknown
 time | node  | left  |LP iter|LP it/n|mem/heur|mdpt |vars |cons |rows |cuts |sepa|confs|strbr|  dualbound   | primalbound  |  gap   | compl. 
  262s| 37400 | 37401 |  4715k| 126.0 |   193M |  81 | 302 | 103 | 381 | 228k|  3 | 420 | 719 |-5.059434e+00 |      --      |    Inf | unknown
  263s| 37500 | 37501 |  4725k| 125.9 |   195M |  81 | 302 | 106 | 435 | 229k|  4 | 423 | 720 |-5.059014e+00 |      --      |    Inf | unknown
  263s| 37600 | 37601 |  4736k| 125.9 |   195M |  81 | 302 | 105 | 359 | 229k|  2 | 423 | 720 |-5.059014e+00 |      --      |    Inf | unknown
  264s| 37700 | 37701 |  4748k| 125.9 |   196M |  81 | 302 | 108 | 401 | 230k|  2 | 426 | 721 |-5.059009e+00 |      --      |    Inf | unknown
  264s| 37800 | 37801 |  4758k| 125.8 |   196M |  81 | 302 | 109 | 482 | 230k|  3 | 427 | 721 |-5.059009e+00 |      --      |    Inf | unknown
  265s| 37900 | 37901 |  4770k| 125.8 |   196M |  81 | 302 | 109 | 356 | 231k|  2 | 427 | 721 |-5.058938e+00 |      --      |    Inf | unknown
  266s| 38000 | 38001 |  4784k| 125.9 |   197M |  81 | 302 | 105 | 430 | 231k|  2 | 427 | 721 |-5.058938e+00 |      --      |    Inf | unknown
  267s| 38100 | 38101 |  4798k| 125.9 |   197M |  81 | 302 | 103 | 520 | 232k|  2 | 429 | 722 |-5.058938e+00 |      --      |    Inf | unknown
  267s| 38200 | 38201 |  4808k| 125.8 |   197M |  81 | 302 | 104 | 394 | 232k|  2 | 430 | 722 |-5.058854e+00 |      --      |    Inf | unknown
  268s| 38300 | 38301 |  4817k| 125.7 |   199M |  81 | 302 | 104 | 457 | 233k|  2 | 430 | 723 |-5.058854e+00 |      --      |    Inf | unknown
  268s| 38400 | 38401 |  4827k| 125.7 |   199M |  81 | 302 | 106 | 360 | 234k|  2 | 432 | 723 |-5.058717e+00 |      --      |    Inf | unknown
  269s| 38500 | 38501 |  4837k| 125.6 |   199M |  81 | 302 | 108 | 423 | 234k|  2 | 434 | 724 |-5.058717e+00 |      --      |    Inf | unknown
  270s| 38600 | 38601 |  4856k| 125.8 |   199M |  81 | 302 | 108 | 492 | 235k|  5 | 434 | 724 |-5.058470e+00 |      --      |    Inf | unknown
  270s| 38700 | 38701 |  4867k| 125.7 |   199M |  81 | 302 | 109 | 419 | 235k|  2 | 436 | 724 |-5.058470e+00 |      --      |    Inf | unknown
  271s| 38800 | 38801 |  4877k| 125.6 |   199M |  81 | 302 | 109 | 454 | 236k|  4 | 438 | 725 |-5.058296e+00 |      --      |    Inf | unknown
 time | node  | left  |LP iter|LP it/n|mem/heur|mdpt |vars |cons |rows |cuts |sepa|confs|strbr|  dualbound   | primalbound  |  gap   | compl. 
  271s| 38900 | 38901 |  4886k| 125.5 |   200M |  81 | 302 | 109 | 369 | 236k|  5 | 438 | 725 |-5.058296e+00 |      --      |    Inf | unknown
  272s| 39000 | 39001 |  4896k| 125.5 |   200M |  81 | 302 | 106 | 406 | 237k|  5 | 439 | 726 |-5.057640e+00 |      --      |    Inf | unknown
  272s| 39100 | 39101 |  4904k| 125.4 |   201M |  81 | 302 | 106 | 481 | 237k|  2 | 439 | 726 |-5.057640e+00 |      --      |    Inf | unknown
  274s| 39200 | 39201 |  4924k| 125.6 |   202M |  81 | 302 | 105 | 365 | 238k|  2 | 440 | 726 |-5.057374e+00 |      --      |    Inf | unknown
  274s| 39300 | 39301 |  4932k| 125.4 |   202M |  81 | 302 | 105 | 435 | 239k|  3 | 440 | 727 |-5.057374e+00 |      --      |    Inf | unknown
  275s| 39400 | 39401 |  4942k| 125.4 |   202M |  81 | 302 | 105 | 458 | 239k|  2 | 443 | 727 |-5.057163e+00 |      --      |    Inf | unknown
  275s| 39500 | 39501 |  4952k| 125.3 |   203M |  81 | 302 | 105 | 431 | 240k|  2 | 443 | 727 |-5.057163e+00 |      --      |    Inf | unknown
  276s| 39600 | 39601 |  4963k| 125.3 |   203M |  81 | 302 | 106 | 425 | 240k|  2 | 445 | 729 |-5.057050e+00 |      --      |    Inf | unknown
  276s| 39700 | 39701 |  4972k| 125.2 |   203M |  81 | 302 | 108 | 381 | 241k|  2 | 447 | 729 |-5.057050e+00 |      --      |    Inf | unknown
  276s| 39800 | 39801 |  4981k| 125.1 |   203M |  81 | 302 | 107 | 384 | 241k|  2 | 447 | 729 |-5.056922e+00 |      --      |    Inf | unknown
  277s| 39900 | 39901 |  4990k| 125.0 |   203M |  81 | 302 | 108 | 432 | 242k|  2 | 448 | 729 |-5.056922e+00 |      --      |    Inf | unknown
  278s| 40000 | 40001 |  5004k| 125.1 |   204M |  81 | 302 | 111 | 357 | 242k|  4 | 451 | 729 |-5.056425e+00 |      --      |    Inf | unknown
  278s| 40100 | 40101 |  5022k| 125.2 |   205M |  81 | 302 | 106 | 476 | 243k|  2 | 451 | 731 |-5.056425e+00 |      --      |    Inf | unknown
  279s| 40200 | 40201 |  5032k| 125.1 |   205M |  81 | 302 | 106 | 467 | 244k|  2 | 452 | 731 |-5.056425e+00 |      --      |    Inf | unknown
  279s| 40300 | 40301 |  5042k| 125.1 |   205M |  81 | 302 | 106 | 426 | 244k|  2 | 453 | 732 |-5.055975e+00 |      --      |    Inf | unknown
 time | node  | left  |LP iter|LP it/n|mem/heur|mdpt |vars |cons |rows |cuts |sepa|confs|strbr|  dualbound   | primalbound  |  gap   | compl. 
  280s| 40400 | 40401 |  5052k| 125.0 |   205M |  81 | 302 | 105 | 415 | 245k|  2 | 455 | 732 |-5.055975e+00 |      --      |    Inf | unknown
  280s| 40500 | 40501 |  5062k| 124.9 |   206M |  81 | 302 | 107 | 360 | 245k|  1 | 457 | 732 |-5.055769e+00 |      --      |    Inf | unknown
  281s| 40600 | 40601 |  5071k| 124.9 |   206M |  81 | 302 | 108 | 456 | 246k|  2 | 458 | 732 |-5.055769e+00 |      --      |    Inf | unknown
  282s| 40700 | 40701 |  5087k| 124.9 |   206M |  81 | 302 | 107 | 496 | 246k|  3 | 458 | 732 |-5.055758e+00 |      --      |    Inf | unknown
  282s| 40800 | 40801 |  5098k| 124.9 |   206M |  81 | 302 | 107 | 423 | 247k|  2 | 459 | 733 |-5.055758e+00 |      --      |    Inf | unknown
  283s| 40900 | 40901 |  5108k| 124.8 |   207M |  81 | 302 | 106 | 469 | 247k|  4 | 460 | 733 |-5.055718e+00 |      --      |    Inf | unknown
  283s| 41000 | 41001 |  5118k| 124.8 |   207M |  81 | 302 | 106 | 370 | 248k|  2 | 461 | 733 |-5.055718e+00 |      --      |    Inf | unknown
  284s| 41100 | 41101 |  5129k| 124.8 |   208M |  81 | 302 | 107 | 430 | 248k|  2 | 464 | 733 |-5.055392e+00 |      --      |    Inf | unknown
  285s| 41200 | 41201 |  5141k| 124.7 |   209M |  81 | 302 | 108 | 473 | 249k|  2 | 465 | 733 |-5.055392e+00 |      --      |    Inf | unknown
  285s| 41300 | 41301 |  5151k| 124.7 |   209M |  81 | 302 | 111 | 385 | 250k|  2 | 468 | 733 |-5.055296e+00 |      --      |    Inf | unknown
  286s| 41400 | 41401 |  5162k| 124.6 |   209M |  81 | 302 | 113 | 419 | 250k|  2 | 470 | 733 |-5.055296e+00 |      --      |    Inf | unknown
  286s| 41500 | 41501 |  5172k| 124.6 |   209M |  81 | 302 | 114 | 453 | 251k|  2 | 471 | 734 |-5.055095e+00 |      --      |    Inf | unknown
  287s| 41600 | 41601 |  5188k| 124.7 |   209M |  81 | 302 | 108 | 344 | 251k|  2 | 471 | 734 |-5.055095e+00 |      --      |    Inf | unknown
  288s| 41700 | 41701 |  5198k| 124.6 |   210M |  81 | 302 | 107 | 420 | 252k|  3 | 471 | 735 |-5.055061e+00 |      --      |    Inf | unknown
  290s| 41800 | 41801 |  5219k| 124.8 |   212M |  81 | 302 | 103 | 358 | 252k|  1 | 473 | 735 |-5.055061e+00 |      --      |    Inf | unknown
 time | node  | left  |LP iter|LP it/n|mem/heur|mdpt |vars |cons |rows |cuts |sepa|confs|strbr|  dualbound   | primalbound  |  gap   | compl. 
  290s| 41900 | 41901 |  5228k| 124.7 |   212M |  81 | 302 | 103 | 388 | 253k|  2 | 473 | 735 |-5.054987e+00 |      --      |    Inf | unknown
  290s| 42000 | 42001 |  5237k| 124.7 |   212M |  81 | 302 | 104 | 459 | 253k|  2 | 474 | 735 |-5.054987e+00 |      --      |    Inf | unknown
  291s| 42100 | 42101 |  5248k| 124.6 |   213M |  81 | 302 | 105 | 342 | 254k|  1 | 475 | 735 |-5.054939e+00 |      --      |    Inf | unknown
  291s| 42200 | 42201 |  5257k| 124.5 |   214M |  81 | 302 | 103 | 428 | 254k|  4 | 475 | 736 |-5.054939e+00 |      --      |    Inf | unknown
  292s| 42300 | 42301 |  5270k| 124.5 |   214M |  81 | 302 | 105 | 517 | 255k|  5 | 477 | 736 |-5.054939e+00 |      --      |    Inf | unknown
  292s| 42400 | 42401 |  5281k| 124.5 |   214M |  81 | 302 | 105 | 380 | 256k|  3 | 477 | 737 |-5.054317e+00 |      --      |    Inf | unknown
  293s| 42500 | 42501 |  5292k| 124.5 |   215M |  81 | 302 | 106 | 448 | 256k|  2 | 478 | 737 |-5.054317e+00 |      --      |    Inf | unknown
  293s| 42600 | 42601 |  5301k| 124.4 |   215M |  81 | 302 | 105 | 340 | 257k|  2 | 478 | 737 |-5.054168e+00 |      --      |    Inf | unknown
  294s| 42700 | 42701 |  5312k| 124.3 |   216M |  81 | 302 | 105 | 403 | 257k|  2 | 478 | 737 |-5.054168e+00 |      --      |    Inf | unknown
  294s| 42800 | 42801 |  5323k| 124.3 |   216M |  81 | 302 | 104 | 452 | 258k|  3 | 478 | 738 |-5.053940e+00 |      --      |    Inf | unknown
  295s| 42900 | 42901 |  5332k| 124.2 |   216M |  81 | 302 | 106 | 376 | 258k|  2 | 480 | 739 |-5.053940e+00 |      --      |    Inf | unknown
  296s| 43000 | 43001 |  5344k| 124.2 |   216M |  81 | 302 | 105 | 468 | 259k|  5 | 480 | 740 |-5.053829e+00 |      --      |    Inf | unknown
  298s| 43100 | 43101 |  5372k| 124.6 |   217M |  81 | 302 | 101 | 288 | 259k|  2 | 480 | 740 |-5.053829e+00 |      --      |    Inf | unknown
  298s| 43200 | 43201 |  5383k| 124.6 |   218M |  81 | 302 | 103 | 431 | 260k|  5 | 482 | 740 |-5.053754e+00 |      --      |    Inf | unknown
  299s| 43300 | 43301 |  5392k| 124.5 |   218M |  81 | 302 | 105 | 461 | 260k|  3 | 484 | 741 |-5.053754e+00 |      --      |    Inf | unknown
 time | node  | left  |LP iter|LP it/n|mem/heur|mdpt |vars |cons |rows |cuts |sepa|confs|strbr|  dualbound   | primalbound  |  gap   | compl. 
  299s| 43400 | 43401 |  5404k| 124.5 |   219M |  81 | 302 | 109 | 368 | 261k|  3 | 488 | 741 |-5.053729e+00 |      --      |    Inf | unknown
  300s| 43500 | 43501 |  5413k| 124.4 |   219M |  81 | 302 | 110 | 477 | 262k|  2 | 489 | 741 |-5.053729e+00 |      --      |    Inf | unknown
  300s| 43600 | 43601 |  5422k| 124.3 |   220M |  81 | 302 | 110 | 479 | 262k|  2 | 489 | 742 |-5.053718e+00 |      --      |    Inf | unknown
  301s| 43700 | 43701 |  5433k| 124.3 |   220M |  81 | 302 | 112 | 403 | 263k|  2 | 491 | 743 |-5.053718e+00 |      --      |    Inf | unknown
  301s| 43800 | 43801 |  5443k| 124.2 |   220M |  81 | 302 | 112 | 421 | 263k|  3 | 491 | 743 |-5.053716e+00 |      --      |    Inf | unknown
  302s| 43900 | 43901 |  5456k| 124.2 |   221M |  81 | 302 | 110 | 381 | 264k|  4 | 492 | 743 |-5.053716e+00 |      --      |    Inf | unknown
  302s| 44000 | 44001 |  5466k| 124.2 |   221M |  81 | 302 | 109 | 402 | 264k|  2 | 493 | 744 |-5.053589e+00 |      --      |    Inf | unknown
  303s| 44100 | 44101 |  5476k| 124.1 |   221M |  81 | 302 | 107 | 442 | 265k|  2 | 494 | 744 |-5.053589e+00 |      --      |    Inf | unknown
  303s| 44200 | 44201 |  5485k| 124.1 |   222M |  81 | 302 | 108 | 360 | 266k|  2 | 496 | 744 |-5.053511e+00 |      --      |    Inf | unknown
  304s| 44300 | 44301 |  5496k| 124.0 |   222M |  81 | 302 | 108 | 468 | 266k|  4 | 496 | 745 |-5.053511e+00 |      --      |    Inf | unknown
  305s| 44400 | 44401 |  5512k| 124.1 |   223M |  81 | 302 | 109 | 489 | 267k|  3 | 499 | 745 |-5.053511e+00 |      --      |    Inf | unknown
  305s| 44500 | 44501 |  5522k| 124.0 |   224M |  81 | 302 | 110 | 382 | 267k|  2 | 501 | 747 |-5.053476e+00 |      --      |    Inf | unknown
  306s| 44600 | 44601 |  5533k| 124.0 |   224M |  81 | 302 | 107 | 466 | 268k|  5 | 501 | 747 |-5.053476e+00 |      --      |    Inf | unknown
  306s| 44700 | 44701 |  5544k| 124.0 |   224M |  81 | 302 | 106 | 336 | 268k|  2 | 502 | 747 |-5.053329e+00 |      --      |    Inf | unknown
  307s| 44800 | 44801 |  5556k| 124.0 |   225M |  81 | 302 | 105 | 464 | 269k|  4 | 503 | 748 |-5.053329e+00 |      --      |    Inf | unknown
 time | node  | left  |LP iter|LP it/n|mem/heur|mdpt |vars |cons |rows |cuts |sepa|confs|strbr|  dualbound   | primalbound  |  gap   | compl. 
  307s| 44900 | 44901 |  5565k| 123.9 |   225M |  81 | 302 | 105 | 458 | 269k|  2 | 503 | 748 |-5.053095e+00 |      --      |    Inf | unknown
  309s| 45000 | 45001 |  5581k| 124.0 |   225M |  81 | 302 | 104 | 417 | 270k|  2 | 504 | 749 |-5.053095e+00 |      --      |    Inf | unknown
  309s| 45100 | 45101 |  5590k| 123.9 |   225M |  81 | 302 | 104 | 425 | 270k|  1 | 504 | 749 |-5.053035e+00 |      --      |    Inf | unknown
  310s| 45200 | 45201 |  5604k| 123.9 |   226M |  81 | 302 | 104 | 382 | 271k|  3 | 505 | 749 |-5.053035e+00 |      --      |    Inf | unknown
  310s| 45300 | 45301 |  5614k| 123.9 |   227M |  81 | 302 | 105 | 412 | 271k|  3 | 506 | 749 |-5.053005e+00 |      --      |    Inf | unknown
  311s| 45400 | 45401 |  5626k| 123.9 |   227M |  81 | 302 | 104 | 449 | 272k|  1 | 506 | 749 |-5.053005e+00 |      --      |    Inf | unknown
  312s| 45500 | 45501 |  5637k| 123.8 |   227M |  81 | 302 | 105 | 374 | 273k|  5 | 507 | 750 |-5.052733e+00 |      --      |    Inf | unknown
  312s| 45600 | 45601 |  5654k| 123.9 |   227M |  81 | 302 | 105 | 421 | 273k|  2 | 509 | 750 |-5.052733e+00 |      --      |    Inf | unknown
  313s| 45700 | 45701 |  5663k| 123.9 |   227M |  81 | 302 | 107 | 482 | 274k|  1 | 511 | 750 |-5.052717e+00 |      --      |    Inf | unknown
  313s| 45800 | 45801 |  5672k| 123.8 |   227M |  81 | 302 | 109 | 387 | 274k|  2 | 513 | 750 |-5.052717e+00 |      --      |    Inf | unknown
  314s| 45900 | 45901 |  5682k| 123.7 |   228M |  81 | 302 | 111 | 434 | 275k|  5 | 515 | 751 |-5.052593e+00 |      --      |    Inf | unknown
  315s| 46000 | 46001 |  5697k| 123.8 |   228M |  81 | 302 | 107 | 340 | 275k|  2 | 515 | 751 |-5.052593e+00 |      --      |    Inf | unknown
  316s| 46100 | 46101 |  5712k| 123.9 |   230M |  81 | 302 | 101 | 391 | 276k|  2 | 515 | 751 |-5.052518e+00 |      --      |    Inf | unknown
  317s| 46200 | 46201 |  5721k| 123.8 |   230M |  81 | 302 | 101 | 469 | 276k|  2 | 515 | 752 |-5.052518e+00 |      --      |    Inf | unknown
  317s| 46300 | 46301 |  5731k| 123.7 |   231M |  81 | 302 | 103 | 348 | 277k|  4 | 517 | 752 |-5.052406e+00 |      --      |    Inf | unknown
 time | node  | left  |LP iter|LP it/n|mem/heur|mdpt |vars |cons |rows |cuts |sepa|confs|strbr|  dualbound   | primalbound  |  gap   | compl. 
  318s| 46400 | 46401 |  5741k| 123.7 |   231M |  81 | 302 | 104 | 433 | 277k|  2 | 518 | 752 |-5.052406e+00 |      --      |    Inf | unknown
  318s| 46500 | 46501 |  5749k| 123.6 |   232M |  81 | 302 | 106 | 510 | 278k|  1 | 520 | 752 |-5.052406e+00 |      --      |    Inf | unknown
  319s| 46600 | 46601 |  5763k| 123.6 |   233M |  81 | 302 | 107 | 403 | 278k|  3 | 521 | 752 |-5.052406e+00 |      --      |    Inf | unknown
  319s| 46700 | 46701 |  5772k| 123.6 |   233M |  81 | 302 | 107 | 445 | 279k|  2 | 521 | 752 |-5.052406e+00 |      --      |    Inf | unknown
  320s| 46800 | 46801 |  5783k| 123.5 |   233M |  81 | 302 | 108 | 303 | 279k|  2 | 522 | 753 |-5.052321e+00 |      --      |    Inf | unknown
  320s| 46900 | 46901 |  5791k| 123.4 |   234M |  81 | 302 | 107 | 446 | 280k|  1 | 522 | 753 |-5.052321e+00 |      --      |    Inf | unknown
  320s| 47000 | 47001 |  5800k| 123.4 |   234M |  81 | 302 | 108 | 464 | 280k|  2 | 523 | 753 |-5.052298e+00 |      --      |    Inf | unknown
  321s| 47100 | 47101 |  5810k| 123.3 |   234M |  81 | 302 | 106 | 373 | 281k|  5 | 523 | 753 |-5.052298e+00 |      --      |    Inf | unknown
  322s| 47200 | 47201 |  5826k| 123.4 |   235M |  81 | 302 | 103 | 374 | 281k|  2 | 523 | 753 |-5.052291e+00 |      --      |    Inf | unknown
  324s| 47300 | 47301 |  5848k| 123.6 |   235M |  81 | 302 | 101 | 363 | 282k|  1 | 523 | 753 |-5.052291e+00 |      --      |    Inf | unknown
  324s| 47400 | 47401 |  5858k| 123.5 |   235M |  81 | 302 | 101 | 413 | 283k|  4 | 523 | 753 |-5.052013e+00 |      --      |    Inf | unknown
  325s| 47500 | 47501 |  5868k| 123.5 |   235M |  81 | 302 | 102 | 444 | 283k|  2 | 524 | 753 |-5.052013e+00 |      --      |    Inf | unknown
  325s| 47600 | 47601 |  5879k| 123.5 |   236M |  81 | 302 | 104 | 359 | 284k|  2 | 526 | 754 |-5.051996e+00 |      --      |    Inf | unknown
  326s| 47700 | 47701 |  5888k| 123.4 |   236M |  81 | 302 | 104 | 429 | 284k|  2 | 526 | 754 |-5.051996e+00 |      --      |    Inf | unknown
  326s| 47800 | 47801 |  5897k| 123.3 |   236M |  81 | 302 | 105 | 481 | 285k|  2 | 527 | 754 |-5.051981e+00 |      --      |    Inf | unknown
 time | node  | left  |LP iter|LP it/n|mem/heur|mdpt |vars |cons |rows |cuts |sepa|confs|strbr|  dualbound   | primalbound  |  gap   | compl. 
  327s| 47900 | 47901 |  5907k| 123.3 |   236M |  81 | 302 | 105 | 411 | 286k|  4 | 527 | 754 |-5.051981e+00 |      --      |    Inf | unknown
  327s| 48000 | 48001 |  5916k| 123.2 |   236M |  81 | 302 | 105 | 430 | 286k|  1 | 527 | 754 |-5.051975e+00 |      --      |    Inf | unknown
  328s| 48100 | 48101 |  5928k| 123.2 |   237M |  81 | 302 | 107 | 366 | 287k|  1 | 529 | 756 |-5.051975e+00 |      --      |    Inf | unknown
  328s| 48200 | 48201 |  5939k| 123.2 |   237M |  81 | 302 | 108 | 414 | 287k|  2 | 530 | 756 |-5.051822e+00 |      --      |    Inf | unknown
  329s| 48300 | 48301 |  5948k| 123.1 |   237M |  81 | 302 | 107 | 519 | 288k|  1 | 530 | 756 |-5.051822e+00 |      --      |    Inf | unknown
  329s| 48400 | 48401 |  5960k| 123.1 |   237M |  81 | 302 | 107 | 369 | 288k|  2 | 532 | 756 |-5.051779e+00 |      --      |    Inf | unknown
  330s| 48500 | 48501 |  5971k| 123.1 |   238M |  81 | 302 | 110 | 417 | 289k|  1 | 535 | 756 |-5.051779e+00 |      --      |    Inf | unknown
  331s| 48600 | 48601 |  5987k| 123.1 |   238M |  81 | 302 | 110 | 502 | 289k|  4 | 536 | 757 |-5.051779e+00 |      --      |    Inf | unknown
  331s| 48700 | 48701 |  5999k| 123.1 |   239M |  81 | 302 | 108 | 418 | 290k|  1 | 537 | 757 |-5.051708e+00 |      --      |    Inf | unknown
  332s| 48800 | 48801 |  6009k| 123.1 |   240M |  81 | 302 | 109 | 492 | 291k|  3 | 538 | 757 |-5.051708e+00 |      --      |    Inf | unknown
  333s| 48900 | 48901 |  6022k| 123.1 |   241M |  81 | 302 | 105 | 336 | 291k|  2 | 539 | 758 |-5.051534e+00 |      --      |    Inf | unknown
  333s| 49000 | 49001 |  6032k| 123.1 |   241M |  81 | 302 | 105 | 456 | 292k|  2 | 539 | 758 |-5.051534e+00 |      --      |    Inf | unknown
  334s| 49100 | 49101 |  6044k| 123.1 |   241M |  81 | 302 | 106 | 496 | 292k|  2 | 540 | 758 |-5.051532e+00 |      --      |    Inf | unknown
  335s| 49200 | 49201 |  6056k| 123.1 |   241M |  81 | 302 | 104 | 423 | 293k|  5 | 542 | 759 |-5.051532e+00 |      --      |    Inf | unknown
  335s| 49300 | 49301 |  6065k| 123.0 |   241M |  81 | 302 | 104 | 455 | 293k|  2 | 542 | 759 |-5.051491e+00 |      --      |    Inf | unknown
 time | node  | left  |LP iter|LP it/n|mem/heur|mdpt |vars |cons |rows |cuts |sepa|confs|strbr|  dualbound   | primalbound  |  gap   | compl. 
  336s| 49400 | 49401 |  6075k| 122.9 |   241M |  81 | 302 | 106 | 295 | 294k|  2 | 544 | 760 |-5.051491e+00 |      --      |    Inf | unknown
  336s| 49500 | 49501 |  6086k| 122.9 |   242M |  81 | 302 | 107 | 386 | 295k|  2 | 545 | 760 |-5.051179e+00 |      --      |    Inf | unknown
  336s| 49600 | 49601 |  6096k| 122.9 |   242M |  81 | 302 | 107 | 463 | 295k|  1 | 545 | 760 |-5.051179e+00 |      --      |    Inf | unknown
  337s| 49700 | 49701 |  6111k| 122.9 |   244M |  81 | 302 | 109 | 368 | 296k|  2 | 548 | 760 |-5.051083e+00 |      --      |    Inf | unknown
  338s| 49800 | 49801 |  6120k| 122.9 |   244M |  81 | 302 | 111 | 485 | 296k|  2 | 550 | 760 |-5.051083e+00 |      --      |    Inf | unknown
  340s| 49900 | 49901 |  6136k| 122.9 |   244M |  81 | 302 | 107 | 473 | 297k|  2 | 550 | 762 |-5.050942e+00 |      --      |    Inf | unknown
  340s| 50000 | 50001 |  6152k| 123.0 |   244M |  81 | 302 | 107 | 401 | 297k|  4 | 551 | 762 |-5.050942e+00 |      --      |    Inf | unknown
  341s| 50100 | 50101 |  6162k| 122.9 |   244M |  81 | 302 | 106 | 459 | 298k|  4 | 551 | 762 |-5.050661e+00 |      --      |    Inf | unknown
  342s| 50200 | 50201 |  6176k| 123.0 |   244M |  81 | 302 | 104 | 365 | 299k|  2 | 553 | 763 |-5.050661e+00 |      --      |    Inf | unknown
  342s| 50300 | 50301 |  6185k| 122.9 |   244M |  81 | 302 | 106 | 361 | 299k|  2 | 555 | 763 |-5.050576e+00 |      --      |    Inf | unknown
  343s| 50400 | 50401 |  6198k| 122.9 |   245M |  81 | 302 | 105 | 466 | 300k|  3 | 555 | 763 |-5.050576e+00 |      --      |    Inf | unknown
  343s| 50500 | 50501 |  6207k| 122.9 |   245M |  81 | 302 | 106 | 372 | 300k|  2 | 556 | 764 |-5.050507e+00 |      --      |    Inf | unknown
  344s| 50600 | 50601 |  6217k| 122.8 |   246M |  81 | 302 | 106 | 483 | 301k|  4 | 556 | 764 |-5.050507e+00 |      --      |    Inf | unknown
  344s| 50700 | 50701 |  6227k| 122.8 |   247M |  81 | 302 | 106 | 542 | 301k|  3 | 556 | 764 |-5.050507e+00 |      --      |    Inf | unknown
  344s| 50800 | 50801 |  6237k| 122.7 |   247M |  81 | 302 | 106 | 422 | 302k|  2 | 556 | 766 |-5.050442e+00 |      --      |    Inf | unknown
 time | node  | left  |LP iter|LP it/n|mem/heur|mdpt |vars |cons |rows |cuts |sepa|confs|strbr|  dualbound   | primalbound  |  gap   | compl. 
  345s| 50900 | 50901 |  6248k| 122.7 |   247M |  81 | 302 | 106 | 416 | 302k|  2 | 556 | 766 |-5.050442e+00 |      --      |    Inf | unknown
  346s| 51000 | 51001 |  6261k| 122.7 |   247M |  81 | 302 | 103 | 357 | 303k|  2 | 557 | 766 |-5.050148e+00 |      --      |    Inf | unknown
  346s| 51100 | 51101 |  6271k| 122.7 |   247M |  81 | 302 | 103 | 397 | 304k|  2 | 557 | 767 |-5.050148e+00 |      --      |    Inf | unknown
  348s| 51200 | 51201 |  6287k| 122.8 |   249M |  81 | 302 | 102 | 474 | 304k|  2 | 557 | 767 |-5.050078e+00 |      --      |    Inf | unknown
  349s| 51300 | 51301 |  6304k| 122.8 |   249M |  81 | 302 | 104 | 369 | 305k|  4 | 559 | 767 |-5.050078e+00 |      --      |    Inf | unknown
  349s| 51400 | 51401 |  6316k| 122.8 |   249M |  81 | 302 | 104 | 437 | 305k|  2 | 560 | 768 |-5.050072e+00 |      --      |    Inf | unknown
  350s| 51500 | 51501 |  6327k| 122.8 |   250M |  81 | 302 | 105 | 339 | 306k|  1 | 561 | 769 |-5.050072e+00 |      --      |    Inf | unknown
  350s| 51600 | 51601 |  6337k| 122.8 |   252M |  81 | 302 | 105 | 465 | 307k|  2 | 561 | 769 |-5.049815e+00 |      --      |    Inf | unknown
  351s| 51700 | 51701 |  6350k| 122.8 |   253M |  81 | 302 | 105 | 453 | 307k|  4 | 562 | 769 |-5.049815e+00 |      --      |    Inf | unknown
  351s| 51800 | 51801 |  6360k| 122.7 |   253M |  81 | 302 | 105 | 403 | 308k|  3 | 563 | 770 |-5.049753e+00 |      --      |    Inf | unknown
  352s| 51900 | 51901 |  6369k| 122.7 |   253M |  81 | 302 | 105 | 434 | 308k|  1 | 563 | 770 |-5.049753e+00 |      --      |    Inf | unknown
  352s| 52000 | 52001 |  6380k| 122.7 |   253M |  81 | 302 | 105 | 509 | 309k|  1 | 564 | 770 |-5.049580e+00 |      --      |    Inf | unknown
  353s| 52100 | 52101 |  6390k| 122.6 |   253M |  81 | 302 | 106 | 405 | 309k|  2 | 565 | 771 |-5.049580e+00 |      --      |    Inf | unknown
  353s| 52200 | 52201 |  6400k| 122.6 |   253M |  81 | 302 | 107 | 423 | 310k|  3 | 566 | 771 |-5.049561e+00 |      --      |    Inf | unknown
  354s| 52300 | 52301 |  6412k| 122.6 |   254M |  81 | 302 | 108 | 338 | 310k|  2 | 568 | 771 |-5.049561e+00 |      --      |    Inf | unknown
 time | node  | left  |LP iter|LP it/n|mem/heur|mdpt |vars |cons |rows |cuts |sepa|confs|strbr|  dualbound   | primalbound  |  gap   | compl. 
  354s| 52400 | 52401 |  6423k| 122.5 |   256M |  81 | 302 | 108 | 395 | 311k|  2 | 568 | 772 |-5.049521e+00 |      --      |    Inf | unknown
  355s| 52500 | 52501 |  6433k| 122.5 |   256M |  81 | 302 | 109 | 482 | 312k|  4 | 569 | 772 |-5.049521e+00 |      --      |    Inf | unknown
  356s| 52600 | 52601 |  6456k| 122.7 |   256M |  81 | 302 | 102 | 376 | 312k|  2 | 569 | 772 |-5.049506e+00 |      --      |    Inf | unknown
  357s| 52700 | 52701 |  6468k| 122.7 |   256M |  81 | 302 | 104 | 465 | 313k|  2 | 573 | 773 |-5.049506e+00 |      --      |    Inf | unknown
  357s| 52800 | 52801 |  6478k| 122.7 |   256M |  81 | 302 | 104 | 468 | 313k|  2 | 573 | 773 |-5.049506e+00 |      --      |    Inf | unknown
  358s| 52900 | 52901 |  6488k| 122.6 |   257M |  81 | 302 | 105 | 428 | 314k|  2 | 574 | 774 |-5.049480e+00 |      --      |    Inf | unknown
  359s| 53000 | 53001 |  6501k| 122.6 |   257M |  81 | 302 | 106 | 492 | 315k|  2 | 575 | 774 |-5.049480e+00 |      --      |    Inf | unknown
  359s| 53100 | 53101 |  6510k| 122.6 |   257M |  81 | 302 | 106 | 335 | 315k|  2 | 575 | 774 |-5.049457e+00 |      --      |    Inf | unknown
  360s| 53200 | 53201 |  6523k| 122.6 |   258M |  81 | 302 | 106 | 434 | 316k|  3 | 575 | 775 |-5.049457e+00 |      --      |    Inf | unknown
  360s| 53300 | 53301 |  6532k| 122.5 |   258M |  81 | 302 | 106 | 516 | 316k|  3 | 575 | 775 |-5.049400e+00 |      --      |    Inf | unknown
  361s| 53400 | 53401 |  6542k| 122.5 |   258M |  81 | 302 | 105 | 373 | 317k|  2 | 577 | 775 |-5.049400e+00 |      --      |    Inf | unknown
  361s| 53500 | 53501 |  6552k| 122.4 |   258M |  81 | 302 | 105 | 522 | 317k|  3 | 577 | 775 |-5.049343e+00 |      --      |    Inf | unknown
  362s| 53600 | 53601 |  6562k| 122.4 |   258M |  81 | 302 | 106 | 334 | 318k|  3 | 578 | 775 |-5.049343e+00 |      --      |    Inf | unknown
  364s| 53700 | 53701 |  6578k| 122.4 |   259M |  81 | 302 | 105 | 436 | 318k|  1 | 579 | 776 |-5.049299e+00 |      --      |    Inf | unknown
  364s| 53800 | 53801 |  6587k| 122.4 |   260M |  81 | 302 | 107 | 460 | 319k|  2 | 581 | 776 |-5.049299e+00 |      --      |    Inf | unknown
 time | node  | left  |LP iter|LP it/n|mem/heur|mdpt |vars |cons |rows |cuts |sepa|confs|strbr|  dualbound   | primalbound  |  gap   | compl. 
  365s| 53900 | 53901 |  6602k| 122.5 |   260M |  81 | 302 | 107 | 389 | 320k|  2 | 583 | 776 |-5.049246e+00 |      --      |    Inf | unknown
  366s| 54000 | 54001 |  6613k| 122.4 |   261M |  81 | 302 | 108 | 411 | 320k|  2 | 584 | 777 |-5.049246e+00 |      --      |    Inf | unknown
  366s| 54100 | 54101 |  6627k| 122.5 |   261M |  81 | 302 | 107 | 470 | 321k|  2 | 584 | 777 |-5.049205e+00 |      --      |    Inf | unknown
  367s| 54200 | 54201 |  6638k| 122.4 |   262M |  81 | 302 | 107 | 393 | 321k|  2 | 585 | 778 |-5.049205e+00 |      --      |    Inf | unknown
  367s| 54300 | 54301 |  6647k| 122.4 |   262M |  81 | 302 | 105 | 425 | 322k|  3 | 585 | 778 |-5.049048e+00 |      --      |    Inf | unknown
  368s| 54400 | 54401 |  6657k| 122.3 |   262M |  81 | 302 | 104 | 322 | 323k|  2 | 586 | 778 |-5.049048e+00 |      --      |    Inf | unknown
  368s| 54500 | 54501 |  6668k| 122.3 |   262M |  81 | 302 | 106 | 385 | 323k|  2 | 588 | 779 |-5.048719e+00 |      --      |    Inf | unknown
  369s| 54600 | 54601 |  6678k| 122.3 |   263M |  81 | 302 | 107 | 517 | 324k|  2 | 589 | 779 |-5.048719e+00 |      --      |    Inf | unknown
  369s| 54700 | 54701 |  6688k| 122.2 |   263M |  81 | 302 | 108 | 348 | 324k|  2 | 590 | 779 |-5.048703e+00 |      --      |    Inf | unknown
  371s| 54800 | 54801 |  6707k| 122.3 |   264M |  81 | 302 | 106 | 416 | 325k|  2 | 590 | 779 |-5.048703e+00 |      --      |    Inf | unknown
  372s| 54900 | 54901 |  6719k| 122.4 |   265M |  81 | 302 | 104 | 543 | 325k|  4 | 593 | 779 |-5.048703e+00 |      --      |    Inf | unknown
  373s| 55000 | 55001 |  6729k| 122.3 |   265M |  81 | 302 | 105 | 395 | 326k|  2 | 594 | 780 |-5.048668e+00 |      --      |    Inf | unknown
  373s| 55100 | 55101 |  6745k| 122.4 |   265M |  81 | 302 | 106 | 475 | 326k|  2 | 595 | 780 |-5.048668e+00 |      --      |    Inf | unknown
  374s| 55200 | 55201 |  6757k| 122.4 |   265M |  81 | 302 | 106 | 340 | 327k|  2 | 595 | 780 |-5.048654e+00 |      --      |    Inf | unknown
  374s| 55300 | 55301 |  6767k| 122.3 |   266M |  81 | 302 | 108 | 444 | 328k|  2 | 597 | 780 |-5.048654e+00 |      --      |    Inf | unknown
 time | node  | left  |LP iter|LP it/n|mem/heur|mdpt |vars |cons |rows |cuts |sepa|confs|strbr|  dualbound   | primalbound  |  gap   | compl. 
  375s| 55400 | 55401 |  6777k| 122.3 |   266M |  81 | 302 | 109 | 446 | 328k|  2 | 598 | 780 |-5.048551e+00 |      --      |    Inf | unknown
  375s| 55500 | 55501 |  6786k| 122.2 |   266M |  81 | 302 | 109 | 439 | 329k|  2 | 598 | 780 |-5.048551e+00 |      --      |    Inf | unknown
  376s| 55600 | 55601 |  6801k| 122.3 |   266M |  81 | 302 | 104 | 432 | 329k|  1 | 598 | 780 |-5.048489e+00 |      --      |    Inf | unknown
  377s| 55700 | 55701 |  6812k| 122.3 |   267M |  81 | 302 | 106 | 316 | 330k|  1 | 601 | 780 |-5.048489e+00 |      --      |    Inf | unknown
  377s| 55800 | 55801 |  6823k| 122.2 |   268M |  81 | 302 | 106 | 469 | 330k|  2 | 602 | 780 |-5.048476e+00 |      --      |    Inf | unknown
  377s| 55900 | 55901 |  6832k| 122.2 |   268M |  81 | 302 | 106 | 508 | 331k|  2 | 602 | 781 |-5.048476e+00 |      --      |    Inf | unknown
  378s| 56000 | 56001 |  6843k| 122.2 |   269M |  81 | 302 | 106 | 410 | 331k|  2 | 603 | 781 |-5.048474e+00 |      --      |    Inf | unknown
  379s| 56100 | 56101 |  6853k| 122.1 |   271M |  81 | 302 | 108 | 444 | 332k|  1 | 605 | 781 |-5.048474e+00 |      --      |    Inf | unknown
  379s| 56200 | 56201 |  6866k| 122.1 |   271M |  81 | 302 | 109 | 475 | 333k|  2 | 606 | 782 |-5.048378e+00 |      --      |    Inf | unknown
  380s| 56300 | 56301 |  6875k| 122.1 |   271M |  81 | 302 | 110 | 444 | 333k|  4 | 607 | 782 |-5.048378e+00 |      --      |    Inf | unknown
  380s| 56400 | 56401 |  6887k| 122.1 |   271M |  81 | 302 | 110 | 442 | 334k|  3 | 608 | 782 |-5.048352e+00 |      --      |    Inf | unknown
  381s| 56500 | 56501 |  6900k| 122.1 |   271M |  81 | 302 | 107 | 340 | 334k|  2 | 609 | 782 |-5.048352e+00 |      --      |    Inf | unknown
  382s| 56600 | 56601 |  6916k| 122.2 |   271M |  81 | 302 | 105 | 421 | 335k|  2 | 610 | 782 |-5.048306e+00 |      --      |    Inf | unknown
  383s| 56700 | 56701 |  6928k| 122.1 |   272M |  81 | 302 | 104 | 505 | 335k|  2 | 610 | 783 |-5.048306e+00 |      --      |    Inf | unknown
  384s| 56800 | 56801 |  6942k| 122.2 |   272M |  81 | 302 | 103 | 341 | 336k|  2 | 610 | 784 |-5.048219e+00 |      --      |    Inf | unknown
 time | node  | left  |LP iter|LP it/n|mem/heur|mdpt |vars |cons |rows |cuts |sepa|confs|strbr|  dualbound   | primalbound  |  gap   | compl. 
  384s| 56900 | 56901 |  6952k| 122.1 |   272M |  81 | 302 | 103 | 422 | 337k|  3 | 610 | 785 |-5.048219e+00 |      --      |    Inf | unknown
  384s| 57000 | 57001 |  6961k| 122.1 |   272M |  81 | 302 | 104 | 482 | 337k|  2 | 611 | 786 |-5.048219e+00 |      --      |    Inf | unknown
  385s| 57100 | 57101 |  6973k| 122.1 |   273M |  81 | 302 | 102 | 443 | 338k|  5 | 611 | 786 |-5.048213e+00 |      --      |    Inf | unknown
  387s| 57200 | 57201 |  6989k| 122.1 |   273M |  81 | 302 | 102 | 486 | 338k|  2 | 611 | 786 |-5.048213e+00 |      --      |    Inf | unknown
  388s| 57300 | 57301 |  7000k| 122.1 |   273M |  83 | 302 | 102 | 385 | 339k|  2 | 611 | 787 |-5.048213e+00 |      --      |    Inf | unknown
  388s| 57400 | 57401 |  7011k| 122.1 |   273M |  83 | 302 | 103 | 374 | 340k|  2 | 612 | 787 |-5.048123e+00 |      --      |    Inf | unknown
  389s| 57500 | 57501 |  7022k| 122.1 |   274M |  83 | 302 | 103 | 540 | 340k|  5 | 612 | 787 |-5.048123e+00 |      --      |    Inf | unknown
  389s| 57600 | 57601 |  7033k| 122.1 |   274M |  83 | 302 | 104 | 355 | 341k|  2 | 614 | 788 |-5.048123e+00 |      --      |    Inf | unknown
  390s| 57700 | 57701 |  7046k| 122.1 |   275M |  83 | 302 | 104 | 451 | 341k|  2 | 614 | 789 |-5.048123e+00 |      --      |    Inf | unknown
  390s| 57800 | 57801 |  7057k| 122.1 |   275M |  83 | 302 | 107 | 432 | 342k|  3 | 617 | 789 |-5.048068e+00 |      --      |    Inf | unknown
  391s| 57900 | 57901 |  7068k| 122.0 |   276M |  83 | 302 | 107 | 449 | 343k|  3 | 617 | 790 |-5.048068e+00 |      --      |    Inf | unknown
  392s| 58000 | 58001 |  7086k| 122.1 |   276M |  83 | 302 | 105 | 413 | 343k|  2 | 618 | 790 |-5.048068e+00 |      --      |    Inf | unknown
  392s| 58100 | 58101 |  7095k| 122.1 |   276M |  83 | 302 | 106 | 479 | 344k|  2 | 619 | 790 |-5.048068e+00 |      --      |    Inf | unknown
  393s| 58200 | 58201 |  7107k| 122.1 |   276M |  83 | 302 | 108 | 494 | 344k|  2 | 622 | 791 |-5.048068e+00 |      --      |    Inf | unknown
  393s| 58300 | 58301 |  7120k| 122.1 |   277M |  83 | 302 | 106 | 451 | 345k|  6 | 622 | 791 |-5.048008e+00 |      --      |    Inf | unknown
 time | node  | left  |LP iter|LP it/n|mem/heur|mdpt |vars |cons |rows |cuts |sepa|confs|strbr|  dualbound   | primalbound  |  gap   | compl. 
  396s| 58400 | 58401 |  7138k| 122.2 |   278M |  83 | 302 | 101 | 441 | 345k|  2 | 622 | 791 |-5.048008e+00 |      --      |    Inf | unknown
  396s| 58500 | 58501 |  7150k| 122.2 |   278M |  83 | 302 | 102 | 546 | 346k|  3 | 623 | 792 |-5.048008e+00 |      --      |    Inf | unknown
  397s| 58600 | 58601 |  7161k| 122.2 |   278M |  83 | 302 | 105 | 440 | 347k|  4 | 626 | 792 |-5.048008e+00 |      --      |    Inf | unknown
  397s| 58700 | 58701 |  7170k| 122.1 |   278M |  83 | 302 | 106 | 485 | 347k|  2 | 627 | 794 |-5.047938e+00 |      --      |    Inf | unknown
  398s| 58800 | 58801 |  7179k| 122.1 |   278M |  83 | 302 | 106 | 522 | 348k|  2 | 627 | 794 |-5.047938e+00 |      --      |    Inf | unknown
  398s| 58900 | 58901 |  7189k| 122.0 |   278M |  83 | 302 | 107 | 401 | 348k|  4 | 628 | 794 |-5.047938e+00 |      --      |    Inf | unknown
  398s| 59000 | 59001 |  7199k| 122.0 |   280M |  83 | 302 | 108 | 469 | 349k|  2 | 629 | 794 |-5.047938e+00 |      --      |    Inf | unknown
  399s| 59100 | 59101 |  7211k| 122.0 |   282M |  83 | 302 | 108 | 496 | 350k|  2 | 629 | 794 |-5.047839e+00 |      --      |    Inf | unknown
  400s| 59200 | 59201 |  7221k| 121.9 |   282M |  83 | 302 | 109 | 394 | 350k|  2 | 630 | 794 |-5.047839e+00 |      --      |    Inf | unknown
  400s| 59300 | 59301 |  7230k| 121.9 |   282M |  83 | 302 | 110 | 432 | 351k|  2 | 632 | 796 |-5.047839e+00 |      --      |    Inf | unknown
  400s| 59400 | 59401 |  7239k| 121.8 |   283M |  83 | 302 | 111 | 490 | 351k|  3 | 633 | 796 |-5.047839e+00 |      --      |    Inf | unknown
  401s| 59500 | 59501 |  7248k| 121.8 |   283M |  83 | 302 | 108 | 346 | 352k|  2 | 634 | 797 |-5.047835e+00 |      --      |    Inf | unknown
  401s| 59600 | 59601 |  7261k| 121.8 |   283M |  83 | 302 | 107 | 481 | 352k|  2 | 634 | 797 |-5.047835e+00 |      --      |    Inf | unknown
  402s| 59700 | 59701 |  7271k| 121.8 |   284M |  83 | 302 | 109 | 500 | 353k|  1 | 637 | 797 |-5.047835e+00 |      --      |    Inf | unknown
  403s| 59800 | 59801 |  7289k| 121.9 |   285M |  83 | 302 | 107 | 371 | 353k|  2 | 639 | 798 |-5.047835e+00 |      --      |    Inf | unknown
 time | node  | left  |LP iter|LP it/n|mem/heur|mdpt |vars |cons |rows |cuts |sepa|confs|strbr|  dualbound   | primalbound  |  gap   | compl. 
  403s| 59900 | 59901 |  7298k| 121.8 |   285M |  83 | 302 | 107 | 501 | 354k|  6 | 639 | 798 |-5.047835e+00 |      --      |    Inf | unknown
  404s| 60000 | 60001 |  7307k| 121.8 |   286M |  83 | 302 | 108 | 474 | 355k|  2 | 640 | 798 |-5.047811e+00 |      --      |    Inf | unknown
  405s| 60100 | 60101 |  7321k| 121.8 |   286M |  83 | 302 | 104 | 354 | 355k|  2 | 640 | 799 |-5.047811e+00 |      --      |    Inf | unknown
  405s| 60200 | 60201 |  7330k| 121.7 |   286M |  83 | 302 | 104 | 435 | 356k|  1 | 641 | 800 |-5.047811e+00 |      --      |    Inf | unknown
  406s| 60300 | 60301 |  7347k| 121.8 |   286M |  83 | 302 | 105 | 516 | 356k|  4 | 643 | 800 |-5.047811e+00 |      --      |    Inf | unknown
  407s| 60400 | 60401 |  7356k| 121.8 |   286M |  83 | 302 | 105 | 389 | 357k|  2 | 644 | 800 |-5.047759e+00 |      --      |    Inf | unknown
  407s| 60500 | 60501 |  7367k| 121.7 |   286M |  83 | 302 | 106 | 446 | 358k|  3 | 645 | 800 |-5.047759e+00 |      --      |    Inf | unknown
  408s| 60600 | 60601 |  7377k| 121.7 |   287M |  83 | 302 | 108 | 454 | 358k|  2 | 647 | 800 |-5.047759e+00 |      --      |    Inf | unknown
  408s| 60700 | 60701 |  7387k| 121.7 |   287M |  83 | 302 | 109 | 344 | 359k|  2 | 648 | 801 |-5.047759e+00 |      --      |    Inf | unknown
  409s| 60800 | 60801 |  7395k| 121.6 |   288M |  83 | 302 | 111 | 384 | 359k|  1 | 650 | 802 |-5.047744e+00 |      --      |    Inf | unknown
  411s| 60900 | 60901 |  7410k| 121.6 |   288M |  83 | 302 | 110 | 467 | 360k|  2 | 650 | 802 |-5.047744e+00 |      --      |    Inf | unknown
  411s| 61000 | 61001 |  7420k| 121.6 |   288M |  83 | 302 | 109 | 378 | 360k|  2 | 651 | 802 |-5.047744e+00 |      --      |    Inf | unknown
  412s| 61100 | 61101 |  7430k| 121.6 |   288M |  83 | 302 | 109 | 424 | 361k|  2 | 651 | 803 |-5.047744e+00 |      --      |    Inf | unknown
  412s| 61200 | 61201 |  7442k| 121.6 |   289M |  83 | 302 | 108 | 463 | 361k|  4 | 651 | 804 |-5.047744e+00 |      --      |    Inf | unknown
  413s| 61300 | 61301 |  7456k| 121.6 |   289M |  83 | 302 | 102 | 331 | 362k|  2 | 651 | 804 |-5.047676e+00 |      --      |    Inf | unknown
 time | node  | left  |LP iter|LP it/n|mem/heur|mdpt |vars |cons |rows |cuts |sepa|confs|strbr|  dualbound   | primalbound  |  gap   | compl. 
  413s| 61400 | 61401 |  7464k| 121.5 |   290M |  83 | 302 | 104 | 379 | 362k|  2 | 653 | 805 |-5.047676e+00 |      --      |    Inf | unknown
  414s| 61500 | 61501 |  7472k| 121.5 |   291M |  83 | 302 | 104 | 449 | 363k|  2 | 653 | 805 |-5.047676e+00 |      --      |    Inf | unknown
  415s| 61600 | 61601 |  7493k| 121.6 |   291M |  83 | 302 | 104 | 338 | 363k|  2 | 654 | 805 |-5.047676e+00 |      --      |    Inf | unknown
  415s| 61700 | 61701 |  7504k| 121.6 |   292M |  83 | 302 | 104 | 425 | 364k|  4 | 654 | 805 |-5.047675e+00 |      --      |    Inf | unknown
  416s| 61800 | 61801 |  7515k| 121.6 |   293M |  83 | 302 | 105 | 462 | 365k|  5 | 656 | 805 |-5.047675e+00 |      --      |    Inf | unknown
  416s| 61900 | 61901 |  7525k| 121.5 |   293M |  83 | 302 | 106 | 354 | 365k|  6 | 658 | 806 |-5.047675e+00 |      --      |    Inf | unknown
  417s| 62000 | 62001 |  7535k| 121.5 |   293M |  83 | 302 | 106 | 415 | 366k|  3 | 658 | 807 |-5.047675e+00 |      --      |    Inf | unknown
  419s| 62100 | 62101 |  7553k| 121.6 |   293M |  83 | 302 | 105 | 443 | 367k|  1 | 658 | 807 |-5.047536e+00 |      --      |    Inf | unknown
  420s| 62200 | 62201 |  7568k| 121.6 |   293M |  83 | 302 | 101 | 394 | 367k|  2 | 658 | 808 |-5.047536e+00 |      --      |    Inf | unknown
  420s| 62300 | 62301 |  7577k| 121.6 |   293M |  83 | 302 | 101 | 367 | 368k|  3 | 658 | 808 |-5.047536e+00 |      --      |    Inf | unknown
  421s| 62400 | 62401 |  7586k| 121.5 |   295M |  83 | 302 | 104 | 423 | 368k|  2 | 661 | 809 |-5.047536e+00 |      --      |    Inf | unknown
  421s| 62500 | 62501 |  7597k| 121.5 |   297M |  83 | 302 | 105 | 479 | 369k|  2 | 662 | 809 |-5.047536e+00 |      --      |    Inf | unknown
  422s| 62600 | 62601 |  7606k| 121.5 |   297M |  83 | 302 | 105 | 414 | 369k|  2 | 662 | 810 |-5.047454e+00 |      --      |    Inf | unknown
  422s| 62700 | 62701 |  7616k| 121.4 |   297M |  83 | 302 | 107 | 484 | 370k|  4 | 664 | 811 |-5.047454e+00 |      --      |    Inf | unknown
  422s| 62800 | 62801 |  7625k| 121.4 |   297M |  83 | 302 | 107 | 490 | 370k|  2 | 664 | 812 |-5.047454e+00 |      --      |    Inf | unknown
 time | node  | left  |LP iter|LP it/n|mem/heur|mdpt |vars |cons |rows |cuts |sepa|confs|strbr|  dualbound   | primalbound  |  gap   | compl. 
  423s| 62900 | 62901 |  7635k| 121.4 |   297M |  83 | 302 | 111 | 409 | 371k|  2 | 668 | 812 |-5.047454e+00 |      --      |    Inf | unknown
  424s| 63000 | 63001 |  7648k| 121.4 |   298M |  83 | 302 | 111 | 446 | 372k|  1 | 668 | 812 |-5.047351e+00 |      --      |    Inf | unknown
  424s| 63100 | 63101 |  7658k| 121.3 |   298M |  83 | 302 | 111 | 507 | 372k|  2 | 671 | 813 |-5.047351e+00 |      --      |    Inf | unknown
  425s| 63200 | 63201 |  7668k| 121.3 |   298M |  83 | 302 | 110 | 410 | 373k|  2 | 671 | 814 |-5.047351e+00 |      --      |    Inf | unknown
  425s| 63300 | 63301 |  7679k| 121.3 |   298M |  83 | 302 | 108 | 465 | 373k|  1 | 671 | 814 |-5.047351e+00 |      --      |    Inf | unknown
  426s| 63400 | 63401 |  7697k| 121.4 |   299M |  83 | 302 | 105 | 479 | 374k|  3 | 672 | 814 |-5.047348e+00 |      --      |    Inf | unknown
  427s| 63500 | 63501 |  7708k| 121.4 |   299M |  83 | 302 | 108 | 362 | 374k|  2 | 675 | 814 |-5.047348e+00 |      --      |    Inf | unknown
  427s| 63600 | 63601 |  7717k| 121.3 |   299M |  83 | 302 | 108 | 453 | 375k|  2 | 675 | 814 |-5.047348e+00 |      --      |    Inf | unknown
  428s| 63700 | 63701 |  7727k| 121.3 |   299M |  83 | 302 | 109 | 492 | 376k|  2 | 676 | 814 |-5.047348e+00 |      --      |    Inf | unknown
  429s| 63800 | 63801 |  7744k| 121.4 |   299M |  83 | 302 | 105 | 371 | 376k|  2 | 676 | 815 |-5.047272e+00 |      --      |    Inf | unknown
  429s| 63900 | 63901 |  7754k| 121.3 |   299M |  83 | 302 | 105 | 442 | 377k|  4 | 676 | 816 |-5.047272e+00 |      --      |    Inf | unknown
  430s| 64000 | 64001 |  7765k| 121.3 |   299M |  83 | 302 | 105 | 480 | 377k|  1 | 679 | 816 |-5.047272e+00 |      --      |    Inf | unknown
  431s| 64100 | 64101 |  7778k| 121.3 |   299M |  83 | 302 | 106 | 418 | 378k|  3 | 680 | 816 |-5.047272e+00 |      --      |    Inf | unknown
  431s| 64200 | 64201 |  7787k| 121.3 |   301M |  83 | 302 | 105 | 439 | 379k|  3 | 680 | 816 |-5.047272e+00 |      --      |    Inf | unknown
  432s| 64300 | 64301 |  7796k| 121.2 |   301M |  83 | 302 | 106 | 454 | 379k|  2 | 681 | 816 |-5.047271e+00 |      --      |    Inf | unknown
 time | node  | left  |LP iter|LP it/n|mem/heur|mdpt |vars |cons |rows |cuts |sepa|confs|strbr|  dualbound   | primalbound  |  gap   | compl. 
  432s| 64400 | 64401 |  7806k| 121.2 |   301M |  83 | 302 | 108 | 420 | 380k|  1 | 683 | 817 |-5.047271e+00 |      --      |    Inf | unknown
  433s| 64500 | 64501 |  7819k| 121.2 |   301M |  83 | 302 | 108 | 444 | 380k|  3 | 683 | 817 |-5.047271e+00 |      --      |    Inf | unknown
  436s| 64600 | 64601 |  7836k| 121.3 |   301M |  83 | 302 | 101 | 504 | 381k|  2 | 683 | 817 |-5.047271e+00 |      --      |    Inf | unknown
  436s| 64700 | 64701 |  7846k| 121.2 |   302M |  83 | 302 | 102 | 393 | 381k|  2 | 684 | 818 |-5.047260e+00 |      --      |    Inf | unknown
  436s| 64800 | 64801 |  7856k| 121.2 |   302M |  83 | 302 | 102 | 434 | 382k|  3 | 684 | 819 |-5.047260e+00 |      --      |    Inf | unknown
  437s| 64900 | 64901 |  7865k| 121.2 |   302M |  83 | 302 | 104 | 518 | 382k|  2 | 686 | 819 |-5.047260e+00 |      --      |    Inf | unknown
  438s| 65000 | 65001 |  7881k| 121.2 |   302M |  85 | 302 | 104 | 403 | 383k|  4 | 686 | 819 |-5.047260e+00 |      --      |    Inf | unknown
  438s| 65100 | 65101 |  7891k| 121.2 |   303M |  85 | 302 | 105 | 416 | 383k|  2 | 687 | 820 |-5.047101e+00 |      --      |    Inf | unknown
  439s| 65200 | 65201 |  7902k| 121.2 |   303M |  85 | 302 | 107 | 507 | 384k|  2 | 689 | 820 |-5.047101e+00 |      --      |    Inf | unknown
  439s| 65300 | 65301 |  7912k| 121.1 |   303M |  85 | 302 | 110 | 485 | 384k|  2 | 692 | 820 |-5.047035e+00 |      --      |    Inf | unknown
  440s| 65400 | 65401 |  7925k| 121.1 |   304M |  85 | 302 | 108 | 388 | 385k|  2 | 692 | 821 |-5.047035e+00 |      --      |    Inf | unknown
  440s| 65500 | 65501 |  7936k| 121.1 |   304M |  85 | 302 | 109 | 389 | 385k|  2 | 694 | 821 |-5.047030e+00 |      --      |    Inf | unknown
  441s| 65600 | 65601 |  7947k| 121.1 |   304M |  85 | 302 | 105 | 455 | 386k|  2 | 694 | 821 |-5.047030e+00 |      --      |    Inf | unknown
  441s| 65700 | 65701 |  7957k| 121.1 |   304M |  85 | 302 | 106 | 500 | 387k|  2 | 696 | 821 |-5.047030e+00 |      --      |    Inf | unknown
  442s| 65800 | 65801 |  7968k| 121.1 |   304M |  85 | 302 | 106 | 409 | 387k|  4 | 696 | 821 |-5.046988e+00 |      --      |    Inf | unknown
 time | node  | left  |LP iter|LP it/n|mem/heur|mdpt |vars |cons |rows |cuts |sepa|confs|strbr|  dualbound   | primalbound  |  gap   | compl. 
  444s| 65900 | 65901 |  7984k| 121.1 |   308M |  85 | 302 | 104 | 464 | 388k|  4 | 696 | 822 |-5.046988e+00 |      --      |    Inf | unknown
  444s| 66000 | 66001 |  7992k| 121.1 |   309M |  85 | 302 | 103 | 465 | 388k|  3 | 696 | 823 |-5.046988e+00 |      --      |    Inf | unknown
  445s| 66100 | 66101 |  8001k| 121.0 |   309M |  85 | 302 | 103 | 359 | 389k|  2 | 696 | 823 |-5.046988e+00 |      --      |    Inf | unknown
  445s| 66200 | 66201 |  8013k| 121.0 |   309M |  85 | 302 | 104 | 408 | 389k|  2 | 697 | 823 |-5.046920e+00 |      --      |    Inf | unknown
  446s| 66300 | 66301 |  8025k| 121.0 |   309M |  85 | 302 | 103 | 489 | 390k|  1 | 698 | 823 |-5.046920e+00 |      --      |    Inf | unknown
  446s| 66400 | 66401 |  8034k| 121.0 |   309M |  85 | 302 | 103 | 485 | 391k|  2 | 698 | 825 |-5.046904e+00 |      --      |    Inf | unknown
  447s| 66500 | 66501 |  8045k| 120.9 |   309M |  85 | 302 | 105 | 379 | 391k|  3 | 700 | 825 |-5.046904e+00 |      --      |    Inf | unknown
  447s| 66600 | 66601 |  8055k| 120.9 |   309M |  85 | 302 | 106 | 415 | 392k|  3 | 701 | 825 |-5.046883e+00 |      --      |    Inf | unknown
  448s| 66700 | 66701 |  8072k| 121.0 |   310M |  85 | 302 | 105 | 491 | 392k|  4 | 701 | 825 |-5.046883e+00 |      --      |    Inf | unknown
  449s| 66800 | 66801 |  8081k| 120.9 |   311M |  85 | 302 | 105 | 505 | 393k|  3 | 702 | 825 |-5.046883e+00 |      --      |    Inf | unknown
  449s| 66900 | 66901 |  8093k| 120.9 |   311M |  85 | 302 | 106 | 413 | 393k|  4 | 703 | 826 |-5.046834e+00 |      --      |    Inf | unknown
  449s| 67000 | 67001 |  8101k| 120.9 |   311M |  85 | 302 | 106 | 468 | 394k|  4 | 703 | 826 |-5.046834e+00 |      --      |    Inf | unknown
  450s| 67100 | 67101 |  8113k| 120.9 |   311M |  85 | 302 | 109 | 489 | 395k|  2 | 707 | 827 |-5.046727e+00 |      --      |    Inf | unknown
  451s| 67200 | 67201 |  8125k| 120.9 |   311M |  85 | 302 | 110 | 400 | 395k|  2 | 710 | 827 |-5.046727e+00 |      --      |    Inf | unknown
  451s| 67300 | 67301 |  8138k| 120.9 |   311M |  85 | 302 | 111 | 434 | 396k|  1 | 711 | 827 |-5.046699e+00 |      --      |    Inf | unknown
 time | node  | left  |LP iter|LP it/n|mem/heur|mdpt |vars |cons |rows |cuts |sepa|confs|strbr|  dualbound   | primalbound  |  gap   | compl. 
  452s| 67400 | 67401 |  8147k| 120.9 |   312M |  85 | 302 | 112 | 481 | 396k|  1 | 712 | 827 |-5.046699e+00 |      --      |    Inf | unknown
  452s| 67500 | 67501 |  8156k| 120.8 |   312M |  85 | 302 | 113 | 450 | 397k|  2 | 713 | 827 |-5.046630e+00 |      --      |    Inf | unknown
  453s| 67600 | 67601 |  8166k| 120.8 |   312M |  85 | 302 | 114 | 415 | 397k|  2 | 715 | 827 |-5.046630e+00 |      --      |    Inf | unknown
  453s| 67700 | 67701 |  8175k| 120.7 |   313M |  85 | 302 | 113 | 380 | 398k|  2 | 715 | 828 |-5.046615e+00 |      --      |    Inf | unknown
  454s| 67800 | 67801 |  8185k| 120.7 |   314M |  85 | 302 | 115 | 475 | 398k|  2 | 717 | 828 |-5.046615e+00 |      --      |    Inf | unknown
  455s| 67900 | 67901 |  8197k| 120.7 |   316M |  85 | 302 | 110 | 493 | 399k|  1 | 718 | 828 |-5.046615e+00 |      --      |    Inf | unknown
  455s| 68000 | 68001 |  8206k| 120.6 |   316M |  85 | 302 | 111 | 373 | 399k|  2 | 720 | 828 |-5.046508e+00 |      --      |    Inf | unknown
  456s| 68100 | 68101 |  8222k| 120.7 |   317M |  85 | 302 | 105 | 386 | 400k|  3 | 720 | 828 |-5.046508e+00 |      --      |    Inf | unknown
  457s| 68200 | 68201 |  8238k| 120.8 |   318M |  85 | 302 | 101 | 513 | 400k|  2 | 720 | 829 |-5.046463e+00 |      --      |    Inf | unknown
  458s| 68300 | 68301 |  8255k| 120.8 |   318M |  85 | 302 | 102 | 334 | 401k|  4 | 721 | 829 |-5.046463e+00 |      --      |    Inf | unknown
  461s| 68400 | 68401 |  8272k| 120.9 |   319M |  85 | 302 | 103 | 424 | 402k|  2 | 722 | 829 |-5.046429e+00 |      --      |    Inf | unknown
  461s| 68500 | 68501 |  8280k| 120.9 |   320M |  85 | 302 | 103 | 446 | 402k|  2 | 722 | 829 |-5.046429e+00 |      --      |    Inf | unknown
  461s| 68600 | 68601 |  8291k| 120.8 |   320M |  85 | 302 | 105 | 457 | 403k|  2 | 724 | 829 |-5.046400e+00 |      --      |    Inf | unknown
  462s| 68700 | 68701 |  8301k| 120.8 |   321M |  85 | 302 | 106 | 362 | 403k|  1 | 726 | 830 |-5.046400e+00 |      --      |    Inf | unknown
  462s| 68800 | 68801 |  8309k| 120.7 |   321M |  85 | 302 | 106 | 434 | 404k|  3 | 726 | 830 |-5.046268e+00 |      --      |    Inf | unknown
 time | node  | left  |LP iter|LP it/n|mem/heur|mdpt |vars |cons |rows |cuts |sepa|confs|strbr|  dualbound   | primalbound  |  gap   | compl. 
  463s| 68900 | 68901 |  8319k| 120.7 |   321M |  85 | 302 | 106 | 414 | 404k|  2 | 726 | 830 |-5.046268e+00 |      --      |    Inf | unknown
  463s| 69000 | 69001 |  8331k| 120.7 |   321M |  85 | 302 | 105 | 524 | 405k|  2 | 726 | 830 |-5.046268e+00 |      --      |    Inf | unknown
  464s| 69100 | 69101 |  8341k| 120.7 |   321M |  85 | 302 | 107 | 441 | 406k|  3 | 728 | 830 |-5.046263e+00 |      --      |    Inf | unknown
  464s| 69200 | 69201 |  8351k| 120.6 |   321M |  85 | 302 | 108 | 440 | 406k|  3 | 729 | 830 |-5.046263e+00 |      --      |    Inf | unknown
  464s| 69300 | 69301 |  8359k| 120.6 |   321M |  85 | 302 | 107 | 471 | 407k|  1 | 730 | 830 |-5.046232e+00 |      --      |    Inf | unknown
  465s| 69400 | 69401 |  8370k| 120.6 |   322M |  85 | 302 | 111 | 368 | 407k|  2 | 734 | 831 |-5.046232e+00 |      --      |    Inf | unknown
  465s| 69500 | 69501 |  8380k| 120.6 |   322M |  85 | 302 | 111 | 390 | 408k|  2 | 735 | 831 |-5.046201e+00 |      --      |    Inf | unknown
  466s| 69600 | 69601 |  8393k| 120.6 |   323M |  85 | 302 | 110 | 475 | 408k|  2 | 735 | 832 |-5.046201e+00 |      --      |    Inf | unknown
  466s| 69700 | 69701 |  8403k| 120.5 |   323M |  85 | 302 | 110 | 477 | 409k|  2 | 736 | 832 |-5.046158e+00 |      --      |    Inf | unknown
  467s| 69800 | 69801 |  8420k| 120.6 |   323M |  85 | 302 | 104 | 442 | 409k|  5 | 736 | 832 |-5.046158e+00 |      --      |    Inf | unknown
  470s| 69900 | 69901 |  8438k| 120.7 |   324M |  85 | 302 | 101 | 385 | 410k|  1 | 736 | 832 |-5.046115e+00 |      --      |    Inf | unknown
  471s| 70000 | 70001 |  8450k| 120.7 |   324M |  85 | 302 | 102 | 494 | 411k|  1 | 737 | 832 |-5.046115e+00 |      --      |    Inf | unknown
  471s| 70100 | 70101 |  8460k| 120.7 |   324M |  85 | 302 | 104 | 562 | 411k|  2 | 739 | 832 |-5.046115e+00 |      --      |    Inf | unknown
  471s| 70200 | 70201 |  8470k| 120.6 |   325M |  85 | 302 | 104 | 409 | 412k|  1 | 739 | 832 |-5.046094e+00 |      --      |    Inf | unknown
  472s| 70300 | 70301 |  8479k| 120.6 |   326M |  85 | 302 | 105 | 427 | 412k|  2 | 740 | 833 |-5.046094e+00 |      --      |    Inf | unknown
 time | node  | left  |LP iter|LP it/n|mem/heur|mdpt |vars |cons |rows |cuts |sepa|confs|strbr|  dualbound   | primalbound  |  gap   | compl. 
  473s| 70400 | 70401 |  8491k| 120.6 |   326M |  85 | 302 | 105 | 487 | 413k|  2 | 740 | 834 |-5.046041e+00 |      --      |    Inf | unknown
  473s| 70500 | 70501 |  8500k| 120.5 |   326M |  85 | 302 | 107 | 393 | 413k|  4 | 742 | 834 |-5.046041e+00 |      --      |    Inf | unknown
  473s| 70600 | 70601 |  8510k| 120.5 |   326M |  85 | 302 | 107 | 443 | 414k|  2 | 742 | 835 |-5.045819e+00 |      --      |    Inf | unknown
  474s| 70700 | 70701 |  8520k| 120.5 |   327M |  85 | 302 | 109 | 501 | 414k|  5 | 744 | 835 |-5.045819e+00 |      --      |    Inf | unknown
  474s| 70800 | 70801 |  8529k| 120.4 |   327M |  85 | 302 | 109 | 507 | 415k|  2 | 745 | 835 |-5.045795e+00 |      --      |    Inf | unknown
  475s| 70900 | 70901 |  8540k| 120.4 |   328M |  85 | 302 | 107 | 384 | 416k|  3 | 745 | 836 |-5.045795e+00 |      --      |    Inf | unknown
  475s| 71000 | 71001 |  8548k| 120.4 |   328M |  85 | 302 | 108 | 404 | 416k|  4 | 746 | 836 |-5.045783e+00 |      --      |    Inf | unknown
  476s| 71100 | 71101 |  8560k| 120.4 |   330M |  85 | 302 | 107 | 459 | 417k|  5 | 746 | 836 |-5.045783e+00 |      --      |    Inf | unknown
  476s| 71200 | 71201 |  8571k| 120.3 |   331M |  85 | 302 | 105 | 558 | 417k|  2 | 746 | 836 |-5.045783e+00 |      --      |    Inf | unknown
  477s| 71300 | 71301 |  8583k| 120.3 |   331M |  85 | 302 | 108 | 421 | 418k|  2 | 749 | 836 |-5.045778e+00 |      --      |    Inf | unknown
  477s| 71400 | 71401 |  8592k| 120.3 |   331M |  85 | 302 | 107 | 476 | 418k|  2 | 750 | 837 |-5.045778e+00 |      --      |    Inf | unknown
  478s| 71500 | 71501 |  8602k| 120.3 |   332M |  85 | 302 | 108 | 476 | 419k|  2 | 751 | 837 |-5.045743e+00 |      --      |    Inf | unknown
  479s| 71600 | 71601 |  8619k| 120.3 |   332M |  85 | 302 | 108 | 331 | 419k|  2 | 753 | 837 |-5.045743e+00 |      --      |    Inf | unknown
  479s| 71700 | 71701 |  8628k| 120.3 |   332M |  85 | 302 | 108 | 403 | 420k|  2 | 753 | 837 |-5.045618e+00 |      --      |    Inf | unknown
  480s| 71800 | 71801 |  8638k| 120.3 |   332M |  85 | 302 | 110 | 456 | 421k|  1 | 755 | 838 |-5.045618e+00 |      --      |    Inf | unknown
 time | node  | left  |LP iter|LP it/n|mem/heur|mdpt |vars |cons |rows |cuts |sepa|confs|strbr|  dualbound   | primalbound  |  gap   | compl. 
  480s| 71900 | 71901 |  8648k| 120.2 |   332M |  85 | 302 | 110 | 485 | 421k|  2 | 756 | 838 |-5.045585e+00 |      --      |    Inf | unknown
  482s| 72000 | 72001 |  8665k| 120.3 |   333M |  85 | 302 | 106 | 386 | 422k|  4 | 758 | 838 |-5.045585e+00 |      --      |    Inf | unknown
  482s| 72100 | 72101 |  8676k| 120.3 |   333M |  85 | 302 | 107 | 392 | 422k|  2 | 760 | 838 |-5.045523e+00 |      --      |    Inf | unknown
  483s| 72200 | 72201 |  8686k| 120.3 |   333M |  85 | 302 | 106 | 483 | 423k|  4 | 760 | 838 |-5.045523e+00 |      --      |    Inf | unknown
  483s| 72300 | 72301 |  8695k| 120.2 |   333M |  85 | 302 | 107 | 508 | 424k|  2 | 762 | 839 |-5.045523e+00 |      --      |    Inf | unknown
  484s| 72400 | 72401 |  8706k| 120.2 |   334M |  85 | 302 | 107 | 429 | 424k|  2 | 763 | 839 |-5.045480e+00 |      --      |    Inf | unknown
  486s| 72500 | 72501 |  8721k| 120.3 |   335M |  85 | 302 | 107 | 458 | 425k|  4 | 763 | 840 |-5.045480e+00 |      --      |    Inf | unknown
  487s| 72600 | 72601 |  8733k| 120.3 |   335M |  85 | 302 | 104 | 508 | 425k|  4 | 763 | 840 |-5.045439e+00 |      --      |    Inf | unknown
  488s| 72700 | 72701 |  8743k| 120.2 |   335M |  85 | 302 | 105 | 354 | 426k|  4 | 764 | 840 |-5.045439e+00 |      --      |    Inf | unknown
  488s| 72800 | 72801 |  8752k| 120.2 |   336M |  85 | 302 | 107 | 475 | 427k|  2 | 767 | 841 |-5.045342e+00 |      --      |    Inf | unknown
  489s| 72900 | 72901 |  8765k| 120.2 |   337M |  85 | 302 | 105 | 534 | 427k|  3 | 767 | 841 |-5.045342e+00 |      --      |    Inf | unknown
  489s| 73000 | 73001 |  8775k| 120.2 |   337M |  85 | 302 | 105 | 485 | 428k|  2 | 767 | 841 |-5.045100e+00 |      --      |    Inf | unknown
  490s| 73100 | 73101 |  8785k| 120.2 |   337M |  85 | 302 | 105 | 402 | 428k|  2 | 767 | 842 |-5.045100e+00 |      --      |    Inf | unknown
  490s| 73200 | 73201 |  8801k| 120.2 |   337M |  85 | 302 | 103 | 409 | 429k|  2 | 767 | 842 |-5.045089e+00 |      --      |    Inf | unknown
  491s| 73300 | 73301 |  8814k| 120.2 |   337M |  85 | 302 | 101 | 469 | 430k|  3 | 767 | 842 |-5.045089e+00 |      --      |    Inf | unknown
 time | node  | left  |LP iter|LP it/n|mem/heur|mdpt |vars |cons |rows |cuts |sepa|confs|strbr|  dualbound   | primalbound  |  gap   | compl. 
  492s| 73400 | 73401 |  8824k| 120.2 |   337M |  85 | 302 | 104 | 530 | 430k|  2 | 770 | 842 |-5.045089e+00 |      --      |    Inf | unknown
  492s| 73500 | 73501 |  8834k| 120.2 |   337M |  85 | 302 | 105 | 385 | 431k|  2 | 771 | 842 |-5.045076e+00 |      --      |    Inf | unknown
  493s| 73600 | 73601 |  8844k| 120.1 |   339M |  85 | 302 | 105 | 485 | 431k|  2 | 771 | 843 |-5.045076e+00 |      --      |    Inf | unknown
  493s| 73700 | 73701 |  8853k| 120.1 |   339M |  85 | 302 | 107 | 478 | 432k|  2 | 773 | 844 |-5.044928e+00 |      --      |    Inf | unknown
  496s| 73800 | 73801 |  8872k| 120.2 |   339M |  96 | 302 | 104 | 576 | 432k|  2 | 773 | 844 |-5.044928e+00 |      --      |    Inf | unknown
  496s| 73900 | 73901 |  8882k| 120.2 |   340M |  99 | 302 | 105 | 519 | 433k|  2 | 774 | 844 |-5.044928e+00 |      --      |    Inf | unknown
  497s| 74000 | 74001 |  8895k| 120.2 |   341M |  99 | 302 | 104 | 522 | 434k|  1 | 775 | 844 |-5.044928e+00 |      --      |    Inf | unknown
  497s| 74100 | 74101 |  8904k| 120.1 |   342M |  99 | 302 | 103 | 474 | 434k|  2 | 775 | 844 |-5.044928e+00 |      --      |    Inf | unknown
  498s| 74200 | 74201 |  8915k| 120.1 |   342M |  99 | 302 | 104 | 511 | 435k|  3 | 776 | 845 |-5.044886e+00 |      --      |    Inf | unknown
  498s| 74300 | 74301 |  8924k| 120.1 |   343M |  99 | 302 | 104 | 508 | 435k|  2 | 776 | 846 |-5.044886e+00 |      --      |    Inf | unknown
  499s| 74400 | 74401 |  8934k| 120.0 |   344M |  99 | 302 | 105 | 496 | 436k|  2 | 777 | 846 |-5.044886e+00 |      --      |    Inf | unknown
  499s| 74500 | 74501 |  8943k| 120.0 |   344M |  99 | 302 | 105 | 490 | 437k|  2 | 777 | 846 |-5.044886e+00 |      --      |    Inf | unknown
  500s| 74600 | 74601 |  8958k| 120.0 |   344M |  99 | 302 | 105 | 481 | 437k|  4 | 778 | 846 |-5.044886e+00 |      --      |    Inf | unknown
  500s| 74700 | 74701 |  8966k| 120.0 |   345M |  99 | 302 | 105 | 451 | 438k|  2 | 779 | 846 |-5.044858e+00 |      --      |    Inf | unknown
  501s| 74800 | 74801 |  8982k| 120.1 |   345M |  99 | 302 | 104 | 472 | 438k|  2 | 779 | 846 |-5.044858e+00 |      --      |    Inf | unknown
 time | node  | left  |LP iter|LP it/n|mem/heur|mdpt |vars |cons |rows |cuts |sepa|confs|strbr|  dualbound   | primalbound  |  gap   | compl. 
  501s| 74900 | 74901 |  8992k| 120.0 |   345M |  99 | 302 | 104 | 445 | 439k|  2 | 781 | 846 |-5.044858e+00 |      --      |    Inf | unknown
  502s| 75000 | 75001 |  9003k| 120.0 |   345M |  99 | 302 | 103 | 491 | 439k|  2 | 781 | 846 |-5.044858e+00 |      --      |    Inf | unknown
  503s| 75100 | 75101 |  9014k| 120.0 |   345M |  99 | 302 | 104 | 434 | 440k|  4 | 782 | 846 |-5.044858e+00 |      --      |    Inf | unknown
  503s| 75200 | 75201 |  9024k| 120.0 |   346M |  99 | 302 | 106 | 439 | 440k|  5 | 784 | 847 |-5.044845e+00 |      --      |    Inf | unknown
  504s| 75300 | 75301 |  9033k| 119.9 |   346M |  99 | 302 | 106 | 378 | 441k|  2 | 784 | 847 |-5.044845e+00 |      --      |    Inf | unknown
  504s| 75400 | 75401 |  9042k| 119.9 |   346M |  99 | 302 | 106 | 464 | 441k|  2 | 784 | 847 |-5.044845e+00 |      --      |    Inf | unknown
  505s| 75500 | 75501 |  9052k| 119.9 |   347M |  99 | 302 | 107 | 395 | 442k|  1 | 785 | 847 |-5.044845e+00 |      --      |    Inf | unknown
  505s| 75600 | 75601 |  9062k| 119.8 |   347M |  99 | 302 | 106 | 395 | 442k|  2 | 786 | 847 |-5.044845e+00 |      --      |    Inf | unknown
  506s| 75700 | 75701 |  9080k| 119.9 |   347M |  99 | 302 | 102 | 368 | 443k|  2 | 786 | 847 |-5.044839e+00 |      --      |    Inf | unknown
  508s| 75800 | 75801 |  9092k| 119.9 |   348M |  99 | 302 | 102 | 358 | 444k|  5 | 787 | 848 |-5.044839e+00 |      --      |    Inf | unknown
  508s| 75900 | 75901 |  9101k| 119.9 |   348M |  99 | 302 | 103 | 318 | 444k|  2 | 788 | 848 |-5.044839e+00 |      --      |    Inf | unknown
  508s| 76000 | 76001 |  9111k| 119.9 |   348M |  99 | 302 | 103 | 332 | 445k|  4 | 788 | 848 |-5.044839e+00 |      --      |    Inf | unknown
  509s| 76100 | 76101 |  9120k| 119.8 |   349M |  99 | 302 | 104 | 386 | 445k|  2 | 789 | 848 |-5.044839e+00 |      --      |    Inf | unknown
  509s| 76200 | 76201 |  9129k| 119.8 |   349M |  99 | 302 | 105 | 546 | 446k|  3 | 790 | 848 |-5.044839e+00 |      --      |    Inf | unknown
  510s| 76300 | 76301 |  9138k| 119.7 |   350M |  99 | 302 | 105 | 596 | 446k|  3 | 790 | 848 |-5.044839e+00 |      --      |    Inf | unknown
 time | node  | left  |LP iter|LP it/n|mem/heur|mdpt |vars |cons |rows |cuts |sepa|confs|strbr|  dualbound   | primalbound  |  gap   | compl. 
  510s| 76400 | 76401 |  9157k| 119.8 |   350M |  99 | 302 | 105 | 531 | 447k|  2 | 790 | 848 |-5.044839e+00 |      --      |    Inf | unknown
  514s| 76500 | 76501 |  9174k| 119.9 |   350M |  99 | 302 | 101 | 535 | 448k|  2 | 790 | 849 |-5.044839e+00 |      --      |    Inf | unknown
  514s| 76600 | 76601 |  9182k| 119.8 |   350M |  99 | 302 | 102 | 509 | 448k|  2 | 791 | 849 |-5.044839e+00 |      --      |    Inf | unknown
  515s| 76700 | 76701 |  9191k| 119.8 |   350M |  99 | 302 | 102 | 522 | 448k|  3 | 791 | 849 |-5.044839e+00 |      --      |    Inf | unknown
  515s| 76800 | 76801 |  9201k| 119.8 |   350M |  99 | 302 | 103 | 545 | 449k|  2 | 792 | 849 |-5.044554e+00 |      --      |    Inf | unknown
  516s| 76900 | 76901 |  9210k| 119.7 |   352M |  99 | 302 | 103 | 460 | 450k|  3 | 792 | 849 |-5.044554e+00 |      --      |    Inf | unknown
  516s| 77000 | 77001 |  9224k| 119.8 |   352M |  99 | 302 | 103 | 500 | 450k|  1 | 792 | 849 |-5.044554e+00 |      --      |    Inf | unknown
  517s| 77100 | 77101 |  9233k| 119.7 |   352M |  99 | 302 | 103 | 491 | 451k|  2 | 792 | 849 |-5.044554e+00 |      --      |    Inf | unknown
  517s| 77200 | 77201 |  9245k| 119.7 |   352M |  99 | 302 | 104 | 519 | 451k|  2 | 794 | 849 |-5.044554e+00 |      --      |    Inf | unknown
  518s| 77300 | 77301 |  9255k| 119.7 |   353M |  99 | 302 | 105 | 466 | 452k|  2 | 795 | 849 |-5.044484e+00 |      --      |    Inf | unknown
  518s| 77400 | 77401 |  9264k| 119.7 |   353M |  99 | 302 | 105 | 510 | 452k|  2 | 796 | 849 |-5.044484e+00 |      --      |    Inf | unknown
  519s| 77500 | 77501 |  9273k| 119.6 |   353M |  99 | 302 | 106 | 488 | 453k|  2 | 797 | 849 |-5.044484e+00 |      --      |    Inf | unknown
  519s| 77600 | 77601 |  9282k| 119.6 |   354M |  99 | 302 | 107 | 466 | 453k|  2 | 798 | 850 |-5.044484e+00 |      --      |    Inf | unknown
  522s| 77700 | 77701 |  9297k| 119.6 |   354M |  99 | 302 | 107 | 455 | 454k|  2 | 798 | 850 |-5.044484e+00 |      --      |    Inf | unknown
  523s| 77800 | 77801 |  9311k| 119.6 |   355M |  99 | 302 | 102 | 476 | 455k|  2 | 798 | 850 |-5.044444e+00 |      --      |    Inf | unknown
 time | node  | left  |LP iter|LP it/n|mem/heur|mdpt |vars |cons |rows |cuts |sepa|confs|strbr|  dualbound   | primalbound  |  gap   | compl. 
  523s| 77900 | 77901 |  9319k| 119.6 |   355M |  99 | 302 | 102 | 400 | 455k|  1 | 799 | 851 |-5.044444e+00 |      --      |    Inf | unknown
  524s| 78000 | 78001 |  9332k| 119.6 |   356M |  99 | 302 | 102 | 411 | 456k|  2 | 799 | 851 |-5.044444e+00 |      --      |    Inf | unknown
  524s| 78100 | 78101 |  9343k| 119.6 |   357M |  99 | 302 | 103 | 377 | 456k|  2 | 800 | 851 |-5.044444e+00 |      --      |    Inf | unknown
  525s| 78200 | 78201 |  9351k| 119.6 |   357M |  99 | 302 | 103 | 376 | 457k|  2 | 800 | 851 |-5.044444e+00 |      --      |    Inf | unknown
  525s| 78300 | 78301 |  9361k| 119.5 |   357M |  99 | 302 | 103 | 402 | 457k|  5 | 800 | 851 |-5.044251e+00 |      --      |    Inf | unknown
  526s| 78400 | 78401 |  9371k| 119.5 |   358M |  99 | 302 | 104 | 403 | 458k|  2 | 801 | 852 |-5.044251e+00 |      --      |    Inf | unknown
  526s| 78500 | 78501 |  9380k| 119.5 |   358M |  99 | 302 | 104 | 421 | 458k|  4 | 801 | 852 |-5.044251e+00 |      --      |    Inf | unknown
  527s| 78600 | 78601 |  9396k| 119.5 |   360M |  99 | 302 | 103 | 361 | 459k|  3 | 801 | 852 |-5.044251e+00 |      --      |    Inf | unknown
  527s| 78700 | 78701 |  9407k| 119.5 |   360M |  99 | 302 | 103 | 449 | 459k|  2 | 802 | 852 |-5.044251e+00 |      --      |    Inf | unknown
  528s| 78800 | 78801 |  9417k| 119.5 |   360M |  99 | 302 | 102 | 528 | 460k|  4 | 802 | 852 |-5.044227e+00 |      --      |    Inf | unknown
  528s| 78900 | 78901 |  9426k| 119.4 |   360M |  99 | 302 | 102 | 502 | 461k|  2 | 802 | 852 |-5.044227e+00 |      --      |    Inf | unknown
  529s| 79000 | 79001 |  9438k| 119.4 |   360M |  99 | 302 | 103 | 552 | 461k|  2 | 803 | 852 |-5.044227e+00 |      --      |    Inf | unknown
  529s| 79100 | 79101 |  9447k| 119.4 |   360M |  99 | 302 | 103 | 553 | 462k|  2 | 803 | 852 |-5.044227e+00 |      --      |    Inf | unknown
  530s| 79200 | 79201 |  9457k| 119.4 |   360M |  99 | 302 | 107 | 496 | 462k|  3 | 807 | 852 |-5.044227e+00 |      --      |    Inf | unknown
  530s| 79300 | 79301 |  9467k| 119.4 |   361M |  99 | 302 | 107 | 498 | 463k|  4 | 807 | 852 |-5.044218e+00 |      --      |    Inf | unknown
 time | node  | left  |LP iter|LP it/n|mem/heur|mdpt |vars |cons |rows |cuts |sepa|confs|strbr|  dualbound   | primalbound  |  gap   | compl. 
  531s| 79400 | 79401 |  9480k| 119.4 |   361M |  99 | 302 | 107 | 524 | 463k|  3 | 808 | 852 |-5.044218e+00 |      --      |    Inf | unknown
  532s| 79500 | 79501 |  9490k| 119.4 |   362M |  99 | 302 | 108 | 511 | 464k|  2 | 809 | 852 |-5.044218e+00 |      --      |    Inf | unknown
  532s| 79600 | 79601 |  9500k| 119.3 |   362M |  99 | 302 | 108 | 478 | 464k|  2 | 810 | 852 |-5.044218e+00 |      --      |    Inf | unknown
  533s| 79700 | 79701 |  9510k| 119.3 |   362M |  99 | 302 | 108 | 500 | 465k|  2 | 811 | 852 |-5.044218e+00 |      --      |    Inf | unknown
  533s| 79800 | 79801 |  9519k| 119.3 |   362M |  99 | 302 | 107 | 420 | 466k|  2 | 812 | 852 |-5.044182e+00 |      --      |    Inf | unknown
  535s| 79900 | 79901 |  9531k| 119.3 |   365M |  99 | 302 | 107 | 442 | 466k|  3 | 813 | 852 |-5.044182e+00 |      --      |    Inf | unknown
  535s| 80000 | 80001 |  9544k| 119.3 |   365M |  99 | 302 | 106 | 469 | 467k|  2 | 813 | 852 |-5.044182e+00 |      --      |    Inf | unknown
  536s| 80100 | 80101 |  9554k| 119.2 |   365M |  99 | 302 | 107 | 470 | 467k|  2 | 815 | 852 |-5.044182e+00 |      --      |    Inf | unknown
  536s| 80200 | 80201 |  9567k| 119.3 |   365M |  99 | 302 | 104 | 462 | 468k|  2 | 816 | 852 |-5.044182e+00 |      --      |    Inf | unknown
  537s| 80300 | 80301 |  9585k| 119.3 |   366M |  99 | 302 | 103 | 406 | 469k|  3 | 816 | 852 |-5.044138e+00 |      --      |    Inf | unknown
  538s| 80400 | 80401 |  9594k| 119.3 |   366M |  99 | 302 | 103 | 433 | 469k|  2 | 817 | 852 |-5.044138e+00 |      --      |    Inf | unknown
  541s| 80500 | 80501 |  9610k| 119.3 |   366M |  99 | 302 | 102 | 430 | 470k|  4 | 817 | 852 |-5.044138e+00 |      --      |    Inf | unknown
  542s| 80600 | 80601 |  9620k| 119.3 |   367M |  99 | 302 | 103 | 433 | 470k|  2 | 818 | 852 |-5.044138e+00 |      --      |    Inf | unknown
  542s| 80700 | 80701 |  9628k| 119.3 |   367M |  99 | 302 | 103 | 417 | 471k|  5 | 818 | 852 |-5.044138e+00 |      --      |    Inf | unknown
  543s| 80800 | 80801 |  9644k| 119.3 |   367M |  99 | 302 | 104 | 396 | 471k|  5 | 820 | 852 |-5.043926e+00 |      --      |    Inf | unknown
 time | node  | left  |LP iter|LP it/n|mem/heur|mdpt |vars |cons |rows |cuts |sepa|confs|strbr|  dualbound   | primalbound  |  gap   | compl. 
  543s| 80900 | 80901 |  9655k| 119.3 |   367M |  99 | 302 | 104 | 384 | 472k|  5 | 820 | 853 |-5.043926e+00 |      --      |    Inf | unknown
  544s| 81000 | 81001 |  9664k| 119.3 |   368M |  99 | 302 | 103 | 333 | 473k|  2 | 820 | 853 |-5.043926e+00 |      --      |    Inf | unknown
  544s| 81100 | 81101 |  9674k| 119.3 |   369M |  99 | 302 | 105 | 345 | 473k|  2 | 822 | 853 |-5.043926e+00 |      --      |    Inf | unknown
  545s| 81200 | 81201 |  9683k| 119.2 |   369M |  99 | 302 | 104 | 331 | 474k|  2 | 823 | 853 |-5.043926e+00 |      --      |    Inf | unknown
  545s| 81300 | 81301 |  9693k| 119.2 |   369M |  99 | 302 | 104 | 525 | 474k|  4 | 823 | 853 |-5.043926e+00 |      --      |    Inf | unknown
  545s| 81400 | 81401 |  9702k| 119.2 |   369M |  99 | 302 | 104 | 506 | 475k|  2 | 823 | 853 |-5.043895e+00 |      --      |    Inf | unknown
  546s| 81500 | 81501 |  9712k| 119.1 |   369M |  99 | 302 | 105 | 557 | 476k|  2 | 824 | 854 |-5.043895e+00 |      --      |    Inf | unknown
  546s| 81600 | 81601 |  9722k| 119.1 |   369M |  99 | 302 | 105 | 510 | 476k|  2 | 824 | 854 |-5.043895e+00 |      --      |    Inf | unknown
  547s| 81700 | 81701 |  9731k| 119.1 |   369M |  99 | 302 | 107 | 582 | 477k|  1 | 826 | 854 |-5.043895e+00 |      --      |    Inf | unknown
  547s| 81800 | 81801 |  9740k| 119.1 |   371M |  99 | 302 | 107 | 486 | 477k|  2 | 826 | 854 |-5.043895e+00 |      --      |    Inf | unknown
  548s| 81900 | 81901 |  9751k| 119.0 |   371M |  99 | 302 | 109 | 524 | 478k|  2 | 828 | 854 |-5.043845e+00 |      --      |    Inf | unknown
  551s| 82000 | 82001 |  9772k| 119.1 |   372M |  99 | 302 | 103 | 494 | 478k|  3 | 828 | 854 |-5.043845e+00 |      --      |    Inf | unknown
  552s| 82100 | 82101 |  9788k| 119.2 |   373M |  99 | 302 | 101 | 484 | 479k|  2 | 828 | 854 |-5.043845e+00 |      --      |    Inf | unknown
  553s| 82200 | 82201 |  9797k| 119.2 |   373M |  99 | 302 | 102 | 491 | 479k|  2 | 829 | 854 |-5.043845e+00 |      --      |    Inf | unknown
  553s| 82300 | 82301 |  9806k| 119.1 |   373M |  99 | 302 | 102 | 513 | 480k|  5 | 829 | 854 |-5.043845e+00 |      --      |    Inf | unknown
 time | node  | left  |LP iter|LP it/n|mem/heur|mdpt |vars |cons |rows |cuts |sepa|confs|strbr|  dualbound   | primalbound  |  gap   | compl. 
  554s| 82400 | 82401 |  9818k| 119.1 |   373M |  99 | 302 | 103 | 469 | 481k|  2 | 830 | 854 |-5.043836e+00 |      --      |    Inf | unknown
  554s| 82500 | 82501 |  9828k| 119.1 |   373M |  99 | 302 | 105 | 506 | 481k|  2 | 832 | 854 |-5.043836e+00 |      --      |    Inf | unknown
  554s| 82600 | 82601 |  9838k| 119.1 |   373M |  99 | 302 | 106 | 443 | 482k|  5 | 833 | 854 |-5.043836e+00 |      --      |    Inf | unknown
  555s| 82700 | 82701 |  9850k| 119.1 |   373M |  99 | 302 | 106 | 482 | 482k|  2 | 833 | 854 |-5.043836e+00 |      --      |    Inf | unknown
  556s| 82800 | 82801 |  9859k| 119.0 |   374M |  99 | 302 | 107 | 406 | 483k|  2 | 834 | 854 |-5.043836e+00 |      --      |    Inf | unknown
  556s| 82900 | 82901 |  9869k| 119.0 |   375M |  99 | 302 | 107 | 462 | 484k|  2 | 834 | 854 |-5.043811e+00 |      --      |    Inf | unknown
  557s| 83000 | 83001 |  9883k| 119.0 |   376M |  99 | 302 | 104 | 458 | 484k|  2 | 836 | 854 |-5.043811e+00 |      --      |    Inf | unknown
  557s| 83100 | 83101 |  9891k| 119.0 |   376M |  99 | 302 | 104 | 424 | 485k|  1 | 836 | 854 |-5.043811e+00 |      --      |    Inf | unknown
  558s| 83200 | 83201 |  9900k| 119.0 |   376M |  99 | 302 | 104 | 396 | 485k|  2 | 836 | 854 |-5.043811e+00 |      --      |    Inf | unknown
  558s| 83300 | 83301 |  9910k| 118.9 |   376M |  99 | 302 | 105 | 387 | 486k|  2 | 837 | 854 |-5.043811e+00 |      --      |    Inf | unknown
  559s| 83400 | 83401 |  9921k| 118.9 |   379M |  99 | 302 | 107 | 420 | 486k|  5 | 839 | 854 |-5.043795e+00 |      --      |    Inf | unknown
  559s| 83500 | 83501 |  9930k| 118.9 |   379M |  99 | 302 | 107 | 394 | 487k|  4 | 839 | 854 |-5.043795e+00 |      --      |    Inf | unknown
  560s| 83600 | 83601 |  9940k| 118.9 |   380M |  99 | 302 | 107 | 343 | 487k|  2 | 840 | 854 |-5.043795e+00 |      --      |    Inf | unknown
  561s| 83700 | 83701 |  9958k| 118.9 |   382M |  99 | 302 | 105 | 330 | 488k|  3 | 840 | 854 |-5.043795e+00 |      --      |    Inf | unknown
  561s| 83800 | 83801 |  9969k| 118.9 |   383M |  99 | 302 | 107 | 417 | 489k|  4 | 842 | 854 |-5.043795e+00 |      --      |    Inf | unknown
 time | node  | left  |LP iter|LP it/n|mem/heur|mdpt |vars |cons |rows |cuts |sepa|confs|strbr|  dualbound   | primalbound  |  gap   | compl. 
  562s| 83900 | 83901 |  9977k| 118.9 |   383M |  99 | 302 | 106 | 507 | 489k|  2 | 842 | 854 |-5.043774e+00 |      --      |    Inf | unknown
  562s| 84000 | 84001 |  9989k| 118.9 |   383M |  99 | 302 | 106 | 557 | 490k|  2 | 844 | 854 |-5.043774e+00 |      --      |    Inf | unknown
  564s| 84100 | 84101 | 10005k| 118.9 |   383M |  99 | 302 | 106 | 505 | 490k|  1 | 845 | 854 |-5.043774e+00 |      --      |    Inf | unknown
  564s| 84200 | 84201 | 10014k| 118.9 |   384M |  99 | 302 | 105 | 568 | 491k|  2 | 845 | 854 |-5.043774e+00 |      --      |    Inf | unknown
  565s| 84300 | 84301 | 10025k| 118.9 |   384M |  99 | 302 | 105 | 501 | 491k|  2 | 846 | 854 |-5.043774e+00 |      --      |    Inf | unknown
  565s| 84400 | 84401 | 10035k| 118.9 |   384M |  99 | 302 | 105 | 468 | 492k|  2 | 847 | 854 |-5.043761e+00 |      --      |    Inf | unknown
  566s| 84500 | 84501 | 10044k| 118.8 |   386M |  99 | 302 | 105 | 523 | 493k|  2 | 849 | 855 |-5.043761e+00 |      --      |    Inf | unknown
  566s| 84600 | 84601 | 10054k| 118.8 |   386M |  99 | 302 | 105 | 516 | 493k|  2 | 849 | 855 |-5.043761e+00 |      --      |    Inf | unknown
  567s| 84700 | 84701 | 10063k| 118.8 |   386M |  99 | 302 | 105 | 488 | 494k|  3 | 849 | 855 |-5.043761e+00 |      --      |    Inf | unknown
  567s| 84800 | 84801 | 10074k| 118.8 |   386M |  99 | 302 | 105 | 530 | 494k|  2 | 849 | 856 |-5.043761e+00 |      --      |    Inf | unknown
  571s| 84900 | 84901 | 10094k| 118.9 |   387M |  99 | 302 | 102 | 460 | 495k|  2 | 849 | 856 |-5.043631e+00 |      --      |    Inf | unknown
  572s| 85000 | 85001 | 10105k| 118.9 |   387M |  99 | 302 | 103 | 477 | 496k|  2 | 850 | 856 |-5.043631e+00 |      --      |    Inf | unknown
  572s| 85100 | 85101 | 10115k| 118.8 |   387M |  99 | 302 | 103 | 450 | 496k|  2 | 850 | 857 |-5.043631e+00 |      --      |    Inf | unknown
  573s| 85200 | 85201 | 10130k| 118.9 |   387M |  99 | 302 | 104 | 470 | 497k|  3 | 851 | 857 |-5.043631e+00 |      --      |    Inf | unknown
  573s| 85300 | 85301 | 10139k| 118.8 |   388M |  99 | 302 | 104 | 453 | 497k|  2 | 851 | 857 |-5.043631e+00 |      --      |    Inf | unknown
 time | node  | left  |LP iter|LP it/n|mem/heur|mdpt |vars |cons |rows |cuts |sepa|confs|strbr|  dualbound   | primalbound  |  gap   | compl. 
  574s| 85400 | 85401 | 10155k| 118.9 |   388M |  99 | 302 | 104 | 420 | 498k|  5 | 852 | 857 |-5.043631e+00 |      --      |    Inf | unknown
  574s| 85500 | 85501 | 10163k| 118.8 |   388M |  99 | 302 | 104 | 432 | 498k|  3 | 852 | 857 |-5.043631e+00 |      --      |    Inf | unknown
  575s| 85600 | 85601 | 10173k| 118.8 |   388M |  99 | 302 | 104 | 425 | 499k|  2 | 853 | 857 |-5.043631e+00 |      --      |    Inf | unknown
  575s| 85700 | 85701 | 10184k| 118.8 |   389M |  99 | 302 | 103 | 412 | 500k|  3 | 853 | 859 |-5.043631e+00 |      --      |    Inf | unknown
  576s| 85800 | 85801 | 10194k| 118.8 |   389M |  99 | 302 | 104 | 425 | 500k|  3 | 854 | 859 |-5.043631e+00 |      --      |    Inf | unknown
  576s| 85900 | 85901 | 10202k| 118.7 |   389M |  99 | 302 | 105 | 379 | 501k|  2 | 855 | 859 |-5.043629e+00 |      --      |    Inf | unknown
  577s| 86000 | 86001 | 10211k| 118.7 |   389M |  99 | 302 | 106 | 356 | 501k|  2 | 856 | 859 |-5.043629e+00 |      --      |    Inf | unknown
  577s| 86100 | 86101 | 10222k| 118.7 |   390M |  99 | 302 | 107 | 377 | 502k|  2 | 858 | 860 |-5.043629e+00 |      --      |    Inf | unknown
  577s| 86200 | 86201 | 10231k| 118.7 |   390M |  99 | 302 | 108 | 382 | 503k|  2 | 859 | 860 |-5.043629e+00 |      --      |    Inf | unknown
  578s| 86300 | 86301 | 10241k| 118.6 |   390M |  99 | 302 | 108 | 362 | 503k|  2 | 859 | 860 |-5.043629e+00 |      --      |    Inf | unknown
  581s| 86400 | 86401 | 10258k| 118.7 |   391M |  99 | 302 | 106 | 548 | 504k|  2 | 859 | 861 |-5.043629e+00 |      --      |    Inf | unknown
  582s| 86500 | 86501 | 10269k| 118.7 |   391M |  99 | 302 | 102 | 490 | 504k|  1 | 859 | 861 |-5.043621e+00 |      --      |    Inf | unknown
  583s| 86600 | 86601 | 10282k| 118.7 |   392M |  99 | 302 | 103 | 586 | 505k|  4 | 861 | 861 |-5.043621e+00 |      --      |    Inf | unknown
  583s| 86700 | 86701 | 10291k| 118.7 |   393M |  99 | 302 | 103 | 490 | 505k|  2 | 861 | 861 |-5.043621e+00 |      --      |    Inf | unknown
  584s| 86800 | 86801 | 10302k| 118.7 |   393M |  99 | 302 | 106 | 553 | 506k|  3 | 864 | 861 |-5.043621e+00 |      --      |    Inf | unknown
 time | node  | left  |LP iter|LP it/n|mem/heur|mdpt |vars |cons |rows |cuts |sepa|confs|strbr|  dualbound   | primalbound  |  gap   | compl. 
  584s| 86900 | 86901 | 10312k| 118.6 |   394M |  99 | 302 | 106 | 554 | 507k|  3 | 864 | 861 |-5.043621e+00 |      --      |    Inf | unknown
  584s| 87000 | 87001 | 10322k| 118.6 |   395M |  99 | 302 | 107 | 541 | 507k|  3 | 865 | 862 |-5.043576e+00 |      --      |    Inf | unknown
  585s| 87100 | 87101 | 10338k| 118.7 |   395M |  99 | 302 | 105 | 474 | 508k|  3 | 865 | 862 |-5.043576e+00 |      --      |    Inf | unknown
  586s| 87200 | 87201 | 10348k| 118.6 |   396M |  99 | 302 | 105 | 511 | 508k|  3 | 865 | 862 |-5.043576e+00 |      --      |    Inf | unknown
  586s| 87300 | 87301 | 10356k| 118.6 |   396M |  99 | 302 | 105 | 501 | 509k|  2 | 865 | 863 |-5.043576e+00 |      --      |    Inf | unknown
  587s| 87400 | 87401 | 10369k| 118.6 |   396M |  99 | 302 | 102 | 483 | 509k|  3 | 865 | 863 |-5.043576e+00 |      --      |    Inf | unknown
  587s| 87500 | 87501 | 10383k| 118.6 |   396M |  99 | 302 | 102 | 482 | 510k|  2 | 866 | 863 |-5.043552e+00 |      --      |    Inf | unknown
  588s| 87600 | 87601 | 10393k| 118.6 |   396M |  99 | 302 | 102 | 487 | 511k|  3 | 866 | 863 |-5.043552e+00 |      --      |    Inf | unknown
  588s| 87700 | 87701 | 10402k| 118.6 |   397M |  99 | 302 | 103 | 490 | 511k|  2 | 867 | 863 |-5.043552e+00 |      --      |    Inf | unknown
  589s| 87800 | 87801 | 10411k| 118.6 |   399M |  99 | 302 | 103 | 532 | 512k|  2 | 867 | 863 |-5.043552e+00 |      --      |    Inf | unknown
  589s| 87900 | 87901 | 10420k| 118.5 |   399M |  99 | 302 | 104 | 470 | 512k|  3 | 868 | 864 |-5.043552e+00 |      --      |    Inf | unknown
  589s| 88000 | 88001 | 10430k| 118.5 |   399M |  99 | 302 | 105 | 499 | 513k|  3 | 869 | 864 |-5.043442e+00 |      --      |    Inf | unknown
  590s| 88100 | 88101 | 10438k| 118.5 |   399M |  99 | 302 | 106 | 454 | 513k|  2 | 870 | 865 |-5.043442e+00 |      --      |    Inf | unknown
  591s| 88200 | 88201 | 10450k| 118.5 |   399M |  99 | 302 | 108 | 466 | 514k|  4 | 872 | 865 |-5.043442e+00 |      --      |    Inf | unknown
  591s| 88300 | 88301 | 10460k| 118.4 |   399M |  99 | 302 | 109 | 402 | 514k|  2 | 873 | 865 |-5.043442e+00 |      --      |    Inf | unknown
 time | node  | left  |LP iter|LP it/n|mem/heur|mdpt |vars |cons |rows |cuts |sepa|confs|strbr|  dualbound   | primalbound  |  gap   | compl. 
  592s| 88400 | 88401 | 10469k| 118.4 |   399M |  99 | 302 | 111 | 421 | 515k|  2 | 875 | 865 |-5.043442e+00 |      --      |    Inf | unknown
  592s| 88500 | 88501 | 10478k| 118.4 |   399M |  99 | 302 | 112 | 417 | 516k|  2 | 877 | 866 |-5.043375e+00 |      --      |    Inf | unknown
  593s| 88600 | 88601 | 10493k| 118.4 |   401M |  99 | 302 | 108 | 382 | 516k|  3 | 878 | 866 |-5.043375e+00 |      --      |    Inf | unknown
  594s| 88700 | 88701 | 10503k| 118.4 |   401M |  99 | 302 | 107 | 400 | 517k|  2 | 878 | 866 |-5.043375e+00 |      --      |    Inf | unknown
  595s| 88800 | 88801 | 10522k| 118.5 |   402M |  99 | 302 | 103 | 360 | 517k|  2 | 879 | 866 |-5.043375e+00 |      --      |    Inf | unknown
  596s| 88900 | 88901 | 10532k| 118.4 |   402M |  99 | 302 | 104 | 392 | 518k|  2 | 880 | 867 |-5.043375e+00 |      --      |    Inf | unknown
  596s| 89000 | 89001 | 10541k| 118.4 |   402M |  99 | 302 | 104 | 561 | 519k|  2 | 880 | 867 |-5.043295e+00 |      --      |    Inf | unknown
  597s| 89100 | 89101 | 10551k| 118.4 |   402M |  99 | 302 | 105 | 536 | 519k|  2 | 881 | 867 |-5.043295e+00 |      --      |    Inf | unknown
  597s| 89200 | 89201 | 10564k| 118.4 |   402M |  99 | 302 | 104 | 497 | 520k|  3 | 881 | 868 |-5.043295e+00 |      --      |    Inf | unknown
  598s| 89300 | 89301 | 10573k| 118.4 |   403M |  99 | 302 | 104 | 574 | 520k|  5 | 881 | 868 |-5.043295e+00 |      --      |    Inf | unknown
  598s| 89400 | 89401 | 10583k| 118.4 |   403M |  99 | 302 | 105 | 527 | 521k|  3 | 883 | 868 |-5.043295e+00 |      --      |    Inf | unknown
  599s| 89500 | 89501 | 10597k| 118.4 |   403M |  99 | 302 | 102 | 451 | 521k|  1 | 883 | 870 |-5.043287e+00 |      --      |    Inf | unknown
  603s| 89600 | 89601 | 10612k| 118.4 |   404M |  99 | 302 | 103 | 516 | 522k|  2 | 884 | 870 |-5.043287e+00 |      --      |    Inf | unknown
  603s| 89700 | 89701 | 10621k| 118.4 |   404M |  99 | 302 | 103 | 566 | 522k|  3 | 884 | 870 |-5.043287e+00 |      --      |    Inf | unknown
  604s| 89800 | 89801 | 10631k| 118.4 |   404M |  99 | 302 | 105 | 520 | 523k|  3 | 886 | 870 |-5.043287e+00 |      --      |    Inf | unknown
 time | node  | left  |LP iter|LP it/n|mem/heur|mdpt |vars |cons |rows |cuts |sepa|confs|strbr|  dualbound   | primalbound  |  gap   | compl. 
  604s| 89900 | 89901 | 10640k| 118.3 |   404M |  99 | 302 | 105 | 477 | 524k|  2 | 887 | 870 |-5.043287e+00 |      --      |    Inf | unknown
  604s| 90000 | 90001 | 10651k| 118.3 |   404M |  99 | 302 | 107 | 468 | 524k|  1 | 889 | 871 |-5.043256e+00 |      --      |    Inf | unknown
  605s| 90100 | 90101 | 10660k| 118.3 |   404M |  99 | 302 | 107 | 499 | 525k|  2 | 889 | 871 |-5.043256e+00 |      --      |    Inf | unknown
  605s| 90200 | 90201 | 10671k| 118.3 |   406M |  99 | 302 | 108 | 447 | 525k|  2 | 890 | 871 |-5.043256e+00 |      --      |    Inf | unknown
  606s| 90300 | 90301 | 10683k| 118.3 |   407M |  99 | 302 | 108 | 481 | 526k|  2 | 890 | 872 |-5.043256e+00 |      --      |    Inf | unknown
  606s| 90400 | 90401 | 10692k| 118.3 |   407M |  99 | 302 | 109 | 435 | 526k|  4 | 891 | 873 |-5.043256e+00 |      --      |    Inf | unknown
  607s| 90500 | 90501 | 10701k| 118.2 |   407M |  99 | 302 | 107 | 404 | 527k|  2 | 891 | 873 |-5.043250e+00 |      --      |    Inf | unknown
  608s| 90600 | 90601 | 10716k| 118.3 |   408M |  99 | 302 | 102 | 421 | 528k|  3 | 891 | 873 |-5.043250e+00 |      --      |    Inf | unknown
  608s| 90700 | 90701 | 10730k| 118.3 |   408M |  99 | 302 | 101 | 463 | 528k|  2 | 891 | 873 |-5.043250e+00 |      --      |    Inf | unknown
  609s| 90800 | 90801 | 10739k| 118.3 |   408M |  99 | 302 | 102 | 427 | 529k|  5 | 892 | 874 |-5.043250e+00 |      --      |    Inf | unknown
  609s| 90900 | 90901 | 10747k| 118.2 |   408M |  99 | 302 | 104 | 451 | 529k|  2 | 894 | 874 |-5.043250e+00 |      --      |    Inf | unknown
  613s| 91000 | 91001 | 10763k| 118.3 |   409M |  99 | 302 | 105 | 392 | 530k|  5 | 895 | 874 |-5.043237e+00 |      --      |    Inf | unknown
  613s| 91100 | 91101 | 10773k| 118.2 |   410M |  99 | 302 | 108 | 386 | 530k|  2 | 898 | 874 |-5.043237e+00 |      --      |    Inf | unknown
  614s| 91200 | 91201 | 10782k| 118.2 |   410M |  99 | 302 | 109 | 350 | 531k|  2 | 899 | 874 |-5.043237e+00 |      --      |    Inf | unknown
  614s| 91300 | 91301 | 10791k| 118.2 |   410M |  99 | 302 | 109 | 395 | 531k|  2 | 899 | 874 |-5.043237e+00 |      --      |    Inf | unknown
 time | node  | left  |LP iter|LP it/n|mem/heur|mdpt |vars |cons |rows |cuts |sepa|confs|strbr|  dualbound   | primalbound  |  gap   | compl. 
  614s| 91400 | 91401 | 10801k| 118.1 |   410M |  99 | 302 | 109 | 407 | 532k|  4 | 900 | 875 |-5.043237e+00 |      --      |    Inf | unknown
  615s| 91500 | 91501 | 10811k| 118.1 |   410M |  99 | 302 | 108 | 600 | 533k|  2 | 901 | 875 |-5.043237e+00 |      --      |    Inf | unknown
  615s| 91600 | 91601 | 10820k| 118.1 |   410M |  99 | 302 | 108 | 567 | 533k|  1 | 901 | 875 |-5.043227e+00 |      --      |    Inf | unknown
  616s| 91700 | 91701 | 10834k| 118.1 |   410M |  99 | 302 | 105 | 518 | 534k|  1 | 901 | 875 |-5.043227e+00 |      --      |    Inf | unknown
  616s| 91800 | 91801 | 10843k| 118.1 |   412M |  99 | 302 | 105 | 499 | 534k|  2 | 902 | 876 |-5.043227e+00 |      --      |    Inf | unknown
  617s| 91900 | 91901 | 10855k| 118.1 |   412M |  99 | 302 | 102 | 538 | 535k|  2 | 902 | 876 |-5.043227e+00 |      --      |    Inf | unknown
  618s| 92000 | 92001 | 10866k| 118.1 |   413M |  99 | 302 | 103 | 505 | 535k|  4 | 903 | 876 |-5.043227e+00 |      --      |    Inf | unknown
  618s| 92100 | 92101 | 10885k| 118.2 |   413M |  99 | 302 | 103 | 541 | 536k|  4 | 903 | 876 |-5.043146e+00 |      --      |    Inf | unknown
  619s| 92200 | 92201 | 10896k| 118.2 |   413M |  99 | 302 | 103 | 477 | 537k|  2 | 904 | 876 |-5.043146e+00 |      --      |    Inf | unknown
  619s| 92300 | 92301 | 10905k| 118.1 |   413M |  99 | 302 | 104 | 522 | 537k|  2 | 905 | 876 |-5.043146e+00 |      --      |    Inf | unknown
  620s| 92400 | 92401 | 10915k| 118.1 |   413M |  99 | 302 | 105 | 505 | 538k|  3 | 906 | 876 |-5.043146e+00 |      --      |    Inf | unknown
  620s| 92500 | 92501 | 10923k| 118.1 |   415M |  99 | 302 | 106 | 442 | 538k|  1 | 907 | 876 |-5.043146e+00 |      --      |    Inf | unknown
  621s| 92600 | 92601 | 10934k| 118.1 |   416M |  99 | 302 | 108 | 482 | 539k|  2 | 909 | 877 |-5.043121e+00 |      --      |    Inf | unknown
  622s| 92700 | 92701 | 10946k| 118.1 |   417M |  99 | 302 | 107 | 506 | 539k|  4 | 909 | 877 |-5.043121e+00 |      --      |    Inf | unknown
  622s| 92800 | 92801 | 10959k| 118.1 |   417M |  99 | 302 | 107 | 477 | 540k|  2 | 909 | 877 |-5.043121e+00 |      --      |    Inf | unknown
 time | node  | left  |LP iter|LP it/n|mem/heur|mdpt |vars |cons |rows |cuts |sepa|confs|strbr|  dualbound   | primalbound  |  gap   | compl. 
  623s| 92900 | 92901 | 10969k| 118.1 |   417M |  99 | 302 | 106 | 482 | 541k|  3 | 910 | 877 |-5.043121e+00 |      --      |    Inf | unknown
  623s| 93000 | 93001 | 10979k| 118.0 |   417M |  99 | 302 | 108 | 433 | 541k|  2 | 912 | 877 |-5.043121e+00 |      --      |    Inf | unknown
  624s| 93100 | 93101 | 10992k| 118.0 |   417M |  99 | 302 | 104 | 411 | 542k|  2 | 912 | 877 |-5.042935e+00 |      --      |    Inf | unknown
  625s| 93200 | 93201 | 11002k| 118.0 |   417M |  99 | 302 | 105 | 478 | 542k|  4 | 913 | 877 |-5.042935e+00 |      --      |    Inf | unknown
  626s| 93300 | 93301 | 11013k| 118.0 |   417M |  99 | 302 | 107 | 419 | 543k|  2 | 915 | 877 |-5.042935e+00 |      --      |    Inf | unknown
  626s| 93400 | 93401 | 11022k| 118.0 |   417M |  99 | 302 | 108 | 440 | 543k|  2 | 916 | 877 |-5.042935e+00 |      --      |    Inf | unknown
  626s| 93500 | 93501 | 11031k| 118.0 |   419M |  99 | 302 | 109 | 355 | 544k|  1 | 917 | 878 |-5.042935e+00 |      --      |    Inf | unknown
  627s| 93600 | 93601 | 11041k| 117.9 |   419M |  99 | 302 | 107 | 368 | 545k|  2 | 918 | 879 |-5.042891e+00 |      --      |    Inf | unknown
  627s| 93700 | 93701 | 11052k| 117.9 |   419M |  99 | 302 | 107 | 391 | 545k|  4 | 918 | 879 |-5.042891e+00 |      --      |    Inf | unknown
  629s| 93800 | 93801 | 11073k| 118.0 |   419M |  99 | 302 | 102 | 352 | 546k|  2 | 918 | 879 |-5.042891e+00 |      --      |    Inf | unknown
  633s| 93900 | 93901 | 11091k| 118.1 |   419M |  99 | 302 | 102 | 370 | 546k|  2 | 919 | 880 |-5.042891e+00 |      --      |    Inf | unknown
  633s| 94000 | 94001 | 11100k| 118.1 |   419M |  99 | 302 | 103 | 411 | 547k|  2 | 920 | 880 |-5.042891e+00 |      --      |    Inf | unknown
  633s| 94100 | 94101 | 11109k| 118.0 |   420M |  99 | 302 | 103 | 549 | 548k|  3 | 920 | 880 |-5.042790e+00 |      --      |    Inf | unknown
  634s| 94200 | 94201 | 11125k| 118.1 |   422M |  99 | 302 | 102 | 539 | 548k|  2 | 920 | 880 |-5.042790e+00 |      --      |    Inf | unknown
  635s| 94300 | 94301 | 11138k| 118.1 |   422M |  99 | 302 | 102 | 529 | 549k|  2 | 921 | 880 |-5.042790e+00 |      --      |    Inf | unknown
 time | node  | left  |LP iter|LP it/n|mem/heur|mdpt |vars |cons |rows |cuts |sepa|confs|strbr|  dualbound   | primalbound  |  gap   | compl. 
  635s| 94400 | 94401 | 11147k| 118.1 |   422M |  99 | 302 | 102 | 566 | 549k|  2 | 921 | 880 |-5.042790e+00 |      --      |    Inf | unknown
  636s| 94500 | 94501 | 11158k| 118.1 |   422M |  99 | 302 | 106 | 530 | 550k|  2 | 925 | 880 |-5.042790e+00 |      --      |    Inf | unknown
  636s| 94600 | 94601 | 11168k| 118.0 |   422M |  99 | 302 | 107 | 517 | 551k|  5 | 926 | 881 |-5.042774e+00 |      --      |    Inf | unknown
  637s| 94700 | 94701 | 11179k| 118.0 |   423M |  99 | 302 | 108 | 476 | 551k|  2 | 927 | 881 |-5.042774e+00 |      --      |    Inf | unknown
  637s| 94800 | 94801 | 11188k| 118.0 |   424M |  99 | 302 | 109 | 484 | 552k|  3 | 928 | 881 |-5.042774e+00 |      --      |    Inf | unknown
  638s| 94900 | 94901 | 11197k| 118.0 |   424M |  99 | 302 | 109 | 524 | 552k|  3 | 928 | 882 |-5.042774e+00 |      --      |    Inf | unknown
  638s| 95000 | 95001 | 11212k| 118.0 |   424M |  99 | 302 | 111 | 542 | 553k|  4 | 930 | 883 |-5.042774e+00 |      --      |    Inf | unknown
  639s| 95100 | 95101 | 11222k| 118.0 |   426M |  99 | 302 | 111 | 461 | 553k|  4 | 932 | 883 |-5.042763e+00 |      --      |    Inf | unknown
  639s| 95200 | 95201 | 11232k| 118.0 |   426M |  99 | 302 | 113 | 494 | 554k|  4 | 934 | 883 |-5.042763e+00 |      --      |    Inf | unknown
  640s| 95300 | 95301 | 11240k| 117.9 |   426M |  99 | 302 | 109 | 452 | 555k|  3 | 934 | 883 |-5.042763e+00 |      --      |    Inf | unknown
  640s| 95400 | 95401 | 11253k| 117.9 |   426M |  99 | 302 | 108 | 491 | 555k|  2 | 937 | 883 |-5.042763e+00 |      --      |    Inf | unknown
  644s| 95500 | 95501 | 11269k| 118.0 |   426M |  99 | 302 | 106 | 445 | 556k|  2 | 937 | 885 |-5.042763e+00 |      --      |    Inf | unknown
  645s| 95600 | 95601 | 11278k| 118.0 |   426M |  99 | 302 | 106 | 410 | 556k|  2 | 939 | 885 |-5.042746e+00 |      --      |    Inf | unknown
  645s| 95700 | 95701 | 11287k| 117.9 |   427M |  99 | 302 | 106 | 412 | 557k|  2 | 939 | 885 |-5.042746e+00 |      --      |    Inf | unknown
  646s| 95800 | 95801 | 11306k| 118.0 |   428M |  99 | 302 | 104 | 458 | 558k|  3 | 939 | 885 |-5.042746e+00 |      --      |    Inf | unknown
 time | node  | left  |LP iter|LP it/n|mem/heur|mdpt |vars |cons |rows |cuts |sepa|confs|strbr|  dualbound   | primalbound  |  gap   | compl. 
  647s| 95900 | 95901 | 11319k| 118.0 |   428M |  99 | 302 | 103 | 420 | 558k|  2 | 940 | 885 |-5.042746e+00 |      --      |    Inf | unknown
  647s| 96000 | 96001 | 11329k| 118.0 |   428M |  99 | 302 | 102 | 437 | 559k|  3 | 940 | 885 |-5.042746e+00 |      --      |    Inf | unknown
  647s| 96100 | 96101 | 11338k| 118.0 |   428M |  99 | 302 | 103 | 370 | 559k|  2 | 941 | 886 |-5.042651e+00 |      --      |    Inf | unknown
  648s| 96200 | 96201 | 11347k| 117.9 |   428M |  99 | 302 | 103 | 366 | 560k|  5 | 941 | 886 |-5.042651e+00 |      --      |    Inf | unknown
  648s| 96300 | 96301 | 11360k| 117.9 |   428M |  99 | 302 | 102 | 358 | 560k|  4 | 941 | 886 |-5.042651e+00 |      --      |    Inf | unknown
  649s| 96400 | 96401 | 11368k| 117.9 |   428M |  99 | 302 | 103 | 366 | 561k|  2 | 942 | 886 |-5.042651e+00 |      --      |    Inf | unknown
  649s| 96500 | 96501 | 11379k| 117.9 |   428M |  99 | 302 | 104 | 365 | 562k|  4 | 943 | 887 |-5.042651e+00 |      --      |    Inf | unknown
  650s| 96600 | 96601 | 11388k| 117.9 |   428M |  99 | 302 | 105 | 527 | 562k|  1 | 944 | 887 |-5.042651e+00 |      --      |    Inf | unknown
  650s| 96700 | 96701 | 11397k| 117.8 |   432M |  99 | 302 | 105 | 547 | 563k|  4 | 944 | 887 |-5.042559e+00 |      --      |    Inf | unknown
  650s| 96800 | 96801 | 11407k| 117.8 |   432M |  99 | 302 | 105 | 542 | 563k|  2 | 944 | 887 |-5.042559e+00 |      --      |    Inf | unknown
  651s| 96900 | 96901 | 11416k| 117.8 |   432M |  99 | 302 | 105 | 561 | 564k|  3 | 944 | 887 |-5.042559e+00 |      --      |    Inf | unknown
  652s| 97000 | 97001 | 11431k| 117.8 |   432M |  99 | 302 | 104 | 540 | 564k|  2 | 944 | 887 |-5.042559e+00 |      --      |    Inf | unknown
  652s| 97100 | 97101 | 11442k| 117.8 |   433M |  99 | 302 | 107 | 471 | 565k|  2 | 947 | 888 |-5.042559e+00 |      --      |    Inf | unknown
  653s| 97200 | 97201 | 11452k| 117.8 |   433M |  99 | 302 | 108 | 577 | 566k|  2 | 949 | 888 |-5.042555e+00 |      --      |    Inf | unknown
  653s| 97300 | 97301 | 11460k| 117.8 |   433M |  99 | 302 | 108 | 473 | 566k|  2 | 950 | 888 |-5.042555e+00 |      --      |    Inf | unknown
 time | node  | left  |LP iter|LP it/n|mem/heur|mdpt |vars |cons |rows |cuts |sepa|confs|strbr|  dualbound   | primalbound  |  gap   | compl. 
  654s| 97400 | 97401 | 11473k| 117.8 |   434M |  99 | 302 | 107 | 512 | 567k|  3 | 950 | 888 |-5.042555e+00 |      --      |    Inf | unknown
  655s| 97500 | 97501 | 11483k| 117.8 |   436M |  99 | 302 | 108 | 503 | 567k|  2 | 951 | 888 |-5.042555e+00 |      --      |    Inf | unknown
  656s| 97600 | 97601 | 11501k| 117.8 |   436M |  99 | 302 | 102 | 537 | 568k|  2 | 951 | 888 |-5.042555e+00 |      --      |    Inf | unknown
  656s| 97700 | 97701 | 11510k| 117.8 |   437M |  99 | 302 | 102 | 485 | 568k|  2 | 951 | 888 |-5.042517e+00 |      --      |    Inf | unknown
  657s| 97800 | 97801 | 11521k| 117.8 |   437M |  99 | 302 | 103 | 503 | 569k|  2 | 952 | 888 |-5.042517e+00 |      --      |    Inf | unknown
  658s| 97900 | 97901 | 11531k| 117.8 |   437M |  99 | 302 | 104 | 438 | 570k|  2 | 953 | 888 |-5.042517e+00 |      --      |    Inf | unknown
  658s| 98000 | 98001 | 11541k| 117.7 |   437M |  99 | 302 | 104 | 434 | 570k|  3 | 953 | 889 |-5.042517e+00 |      --      |    Inf | unknown
  658s| 98100 | 98101 | 11551k| 117.7 |   437M |  99 | 302 | 103 | 483 | 571k|  2 | 953 | 889 |-5.042517e+00 |      --      |    Inf | unknown
  659s| 98200 | 98201 | 11563k| 117.7 |   438M |  99 | 302 | 103 | 461 | 571k|  3 | 953 | 889 |-5.042493e+00 |      --      |    Inf | unknown
  664s| 98300 | 98301 | 11583k| 117.8 |   441M |  99 | 302 | 101 | 390 | 572k|  4 | 953 | 890 |-5.042493e+00 |      --      |    Inf | unknown
  664s| 98400 | 98401 | 11592k| 117.8 |   441M |  99 | 302 | 104 | 498 | 573k|  1 | 956 | 890 |-5.042493e+00 |      --      |    Inf | unknown
  664s| 98500 | 98501 | 11602k| 117.8 |   441M |  99 | 302 | 105 | 445 | 573k|  2 | 957 | 890 |-5.042493e+00 |      --      |    Inf | unknown
  665s| 98600 | 98601 | 11611k| 117.7 |   441M |  99 | 302 | 105 | 382 | 574k|  2 | 957 | 890 |-5.042493e+00 |      --      |    Inf | unknown
  665s| 98700 | 98701 | 11621k| 117.7 |   441M |  99 | 302 | 106 | 421 | 574k|  2 | 958 | 890 |-5.042485e+00 |      --      |    Inf | unknown
  666s| 98800 | 98801 | 11630k| 117.7 |   441M |  99 | 302 | 106 | 411 | 575k|  4 | 958 | 890 |-5.042485e+00 |      --      |    Inf | unknown
 time | node  | left  |LP iter|LP it/n|mem/heur|mdpt |vars |cons |rows |cuts |sepa|confs|strbr|  dualbound   | primalbound  |  gap   | compl. 
  666s| 98900 | 98901 | 11643k| 117.7 |   441M |  99 | 302 | 108 | 390 | 576k|  6 | 960 | 890 |-5.042485e+00 |      --      |    Inf | unknown
  667s| 99000 | 99001 | 11654k| 117.7 |   441M |  99 | 302 | 108 | 364 | 576k|  2 | 961 | 890 |-5.042485e+00 |      --      |    Inf | unknown
  667s| 99100 | 99101 | 11663k| 117.7 |   442M |  99 | 302 | 107 | 422 | 577k|  2 | 962 | 891 |-5.042485e+00 |      --      |    Inf | unknown
  668s| 99200 | 99201 | 11677k| 117.7 |   444M |  99 | 302 | 105 | 527 | 577k|  3 | 962 | 891 |-5.042444e+00 |      --      |    Inf | unknown
  668s| 99300 | 99301 | 11687k| 117.7 |   444M |  99 | 302 | 105 | 563 | 578k|  4 | 962 | 891 |-5.042444e+00 |      --      |    Inf | unknown
  669s| 99400 | 99401 | 11703k| 117.7 |   445M |  99 | 302 | 101 | 539 | 579k|  3 | 962 | 891 |-5.042444e+00 |      --      |    Inf | unknown
  670s| 99500 | 99501 | 11712k| 117.7 |   445M |  99 | 302 | 101 | 557 | 579k|  2 | 962 | 891 |-5.042444e+00 |      --      |    Inf | unknown
  670s| 99600 | 99601 | 11724k| 117.7 |   445M |  99 | 302 | 102 | 517 | 580k|  4 | 963 | 891 |-5.042444e+00 |      --      |    Inf | unknown
  671s| 99700 | 99701 | 11734k| 117.7 |   445M |  99 | 302 | 103 | 508 | 580k|  2 | 964 | 891 |-5.042376e+00 |      --      |    Inf | unknown
  671s| 99800 | 99801 | 11745k| 117.7 |   447M |  99 | 302 | 104 | 526 | 581k|  2 | 965 | 891 |-5.042376e+00 |      --      |    Inf | unknown
  672s| 99900 | 99901 | 11753k| 117.6 |   447M |  99 | 302 | 104 | 501 | 582k|  2 | 965 | 892 |-5.042376e+00 |      --      |    Inf | unknown
  676s|100000 |100001 | 11770k| 117.7 |   447M |  99 | 302 | 104 | 482 | 582k|  1 | 966 | 893 |-5.042376e+00 |      --      |    Inf | unknown
  676s|100100 |100101 | 11780k| 117.7 |   448M |  99 | 302 | 104 | 491 | 583k|  3 | 966 | 893 |-5.042376e+00 |      --      |    Inf | unknown
  677s|100200 |100201 | 11789k| 117.6 |   448M |  99 | 302 | 104 | 451 | 583k|  2 | 966 | 893 |-5.042295e+00 |      --      |    Inf | unknown
  677s|100300 |100301 | 11802k| 117.6 |   448M |  99 | 302 | 102 | 476 | 584k|  2 | 967 | 893 |-5.042295e+00 |      --      |    Inf | unknown
 time | node  | left  |LP iter|LP it/n|mem/heur|mdpt |vars |cons |rows |cuts |sepa|confs|strbr|  dualbound   | primalbound  |  gap   | compl. 
  678s|100400 |100401 | 11812k| 117.6 |   449M |  99 | 302 | 104 | 499 | 584k|  3 | 969 | 893 |-5.042295e+00 |      --      |    Inf | unknown
  678s|100500 |100501 | 11823k| 117.6 |   449M |  99 | 302 | 106 | 484 | 585k|  3 | 971 | 894 |-5.042295e+00 |      --      |    Inf | unknown
  679s|100600 |100601 | 11832k| 117.6 |   449M |  99 | 302 | 107 | 473 | 586k|  4 | 972 | 894 |-5.042295e+00 |      --      |    Inf | unknown
  679s|100700 |100701 | 11842k| 117.6 |   450M |  99 | 302 | 108 | 445 | 586k|  2 | 973 | 894 |-5.042181e+00 |      --      |    Inf | unknown
  680s|100800 |100801 | 11855k| 117.6 |   451M |  99 | 302 | 109 | 476 | 587k|  4 | 975 | 895 |-5.042181e+00 |      --      |    Inf | unknown
  681s|100900 |100901 | 11866k| 117.6 |   451M |  99 | 302 | 109 | 459 | 587k|  4 | 975 | 895 |-5.042181e+00 |      --      |    Inf | unknown
  682s|101000 |101001 | 11882k| 117.6 |   451M |  99 | 302 | 103 | 407 | 588k|  2 | 976 | 895 |-5.042181e+00 |      --      |    Inf | unknown
  682s|101100 |101101 | 11896k| 117.6 |   451M |  99 | 302 | 103 | 419 | 588k|  3 | 977 | 895 |-5.042181e+00 |      --      |    Inf | unknown
  683s|101200 |101201 | 11906k| 117.6 |   451M |  99 | 302 | 104 | 390 | 589k|  3 | 978 | 895 |-5.042161e+00 |      --      |    Inf | unknown
  683s|101300 |101301 | 11916k| 117.6 |   451M |  99 | 302 | 104 | 374 | 590k|  3 | 978 | 896 |-5.042161e+00 |      --      |    Inf | unknown
  684s|101400 |101401 | 11929k| 117.6 |   451M |  99 | 302 | 104 | 382 | 590k|  2 | 979 | 896 |-5.042161e+00 |      --      |    Inf | unknown
  685s|101500 |101501 | 11940k| 117.6 |   452M |  99 | 302 | 105 | 337 | 591k|  2 | 980 | 896 |-5.042161e+00 |      --      |    Inf | unknown
  685s|101600 |101601 | 11950k| 117.6 |   452M |  99 | 302 | 106 | 355 | 591k|  4 | 981 | 896 |-5.042161e+00 |      --      |    Inf | unknown
  686s|101700 |101701 | 11959k| 117.6 |   453M |  99 | 302 | 107 | 520 | 592k|  1 | 982 | 896 |-5.042161e+00 |      --      |    Inf | unknown
  686s|101800 |101801 | 11969k| 117.5 |   453M |  99 | 302 | 108 | 581 | 592k|  3 | 983 | 897 |-5.042140e+00 |      --      |    Inf | unknown
 time | node  | left  |LP iter|LP it/n|mem/heur|mdpt |vars |cons |rows |cuts |sepa|confs|strbr|  dualbound   | primalbound  |  gap   | compl. 
  687s|101900 |101901 | 11980k| 117.5 |   453M |  99 | 302 | 108 | 550 | 593k|  2 | 983 | 897 |-5.042140e+00 |      --      |    Inf | unknown
  687s|102000 |102001 | 11988k| 117.5 |   453M |  99 | 302 | 107 | 536 | 594k|  3 | 983 | 897 |-5.042140e+00 |      --      |    Inf | unknown
  688s|102100 |102101 | 12001k| 117.5 |   453M |  99 | 302 | 105 | 547 | 594k|  1 | 983 | 897 |-5.042140e+00 |      --      |    Inf | unknown
  689s|102200 |102201 | 12012k| 117.5 |   457M |  99 | 302 | 104 | 562 | 595k|  2 | 984 | 898 |-5.042140e+00 |      --      |    Inf | unknown
  690s|102300 |102301 | 12023k| 117.5 |   458M |  99 | 302 | 105 | 523 | 595k|  4 | 985 | 898 |-5.042097e+00 |      --      |    Inf | unknown
  690s|102400 |102401 | 12034k| 117.5 |   459M |  99 | 302 | 107 | 501 | 596k|  2 | 988 | 898 |-5.042097e+00 |      --      |    Inf | unknown
  691s|102500 |102501 | 12043k| 117.5 |   459M |  99 | 302 | 106 | 516 | 596k|  2 | 988 | 898 |-5.042097e+00 |      --      |    Inf | unknown
  692s|102600 |102601 | 12063k| 117.6 |   459M |  99 | 302 | 106 | 538 | 597k|  3 | 989 | 898 |-5.042097e+00 |      --      |    Inf | unknown
  692s|102700 |102701 | 12073k| 117.5 |   459M |  99 | 302 | 106 | 456 | 598k|  2 | 989 | 898 |-5.042097e+00 |      --      |    Inf | unknown
  697s|102800 |102801 | 12089k| 117.6 |   459M |  99 | 302 | 103 | 434 | 598k|  1 | 990 | 899 |-5.042086e+00 |      --      |    Inf | unknown
  697s|102900 |102901 | 12102k| 117.6 |   459M |  99 | 302 | 102 | 491 | 599k|  3 | 990 | 900 |-5.042086e+00 |      --      |    Inf | unknown
  698s|103000 |103001 | 12115k| 117.6 |   461M |  99 | 302 | 101 | 479 | 600k|  1 | 990 | 900 |-5.042086e+00 |      --      |    Inf | unknown
  699s|103100 |103101 | 12125k| 117.6 |   463M |  99 | 302 | 101 | 441 | 600k|  2 | 990 | 900 |-5.042086e+00 |      --      |    Inf | unknown
  699s|103200 |103201 | 12135k| 117.6 |   463M |  99 | 302 | 102 | 421 | 601k|  1 | 991 | 901 |-5.042086e+00 |      --      |    Inf | unknown
  700s|103300 |103301 | 12145k| 117.6 |   463M |  99 | 302 | 103 | 510 | 602k|  2 | 992 | 901 |-5.041969e+00 |      --      |    Inf | unknown
 time | node  | left  |LP iter|LP it/n|mem/heur|mdpt |vars |cons |rows |cuts |sepa|confs|strbr|  dualbound   | primalbound  |  gap   | compl. 
  700s|103400 |103401 | 12155k| 117.5 |   463M |  99 | 302 | 104 | 460 | 602k|  2 | 993 | 901 |-5.041969e+00 |      --      |    Inf | unknown
  700s|103500 |103501 | 12164k| 117.5 |   463M |  99 | 302 | 104 | 454 | 603k|  2 | 993 | 902 |-5.041969e+00 |      --      |    Inf | unknown
  701s|103600 |103601 | 12174k| 117.5 |   464M |  99 | 302 | 105 | 445 | 603k|  5 | 994 | 902 |-5.041969e+00 |      --      |    Inf | unknown
  702s|103700 |103701 | 12188k| 117.5 |   464M |  99 | 302 | 105 | 396 | 604k|  5 | 994 | 902 |-5.041969e+00 |      --      |    Inf | unknown
  702s|103800 |103801 | 12198k| 117.5 |   464M |  99 | 302 | 105 | 419 | 604k|  5 | 994 | 903 |-5.041929e+00 |      --      |    Inf | unknown
  703s|103900 |103901 | 12211k| 117.5 |   465M |  99 | 302 | 101 | 398 | 605k|  2 | 994 | 904 |-5.041929e+00 |      --      |    Inf | unknown
  703s|104000 |104001 | 12221k| 117.5 |   465M |  99 | 302 | 102 | 362 | 606k|  3 | 995 | 904 |-5.041929e+00 |      --      |    Inf | unknown
  703s|104100 |104101 | 12230k| 117.5 |   465M |  99 | 302 | 102 | 371 | 606k|  2 | 995 | 904 |-5.041929e+00 |      --      |    Inf | unknown
  708s|104200 |104201 | 12246k| 117.5 |   465M |  99 | 302 | 103 | 412 | 607k|  2 | 996 | 904 |-5.041929e+00 |      --      |    Inf | unknown
  708s|104300 |104301 | 12255k| 117.5 |   465M |  99 | 302 | 103 | 530 | 607k|  3 | 996 | 905 |-5.041877e+00 |      --      |    Inf | unknown
  708s|104400 |104401 | 12264k| 117.4 |   465M |  99 | 302 | 103 | 526 | 608k|  2 | 996 | 905 |-5.041877e+00 |      --      |    Inf | unknown
  709s|104500 |104501 | 12275k| 117.4 |   465M |  99 | 302 | 103 | 548 | 608k|  3 | 997 | 905 |-5.041877e+00 |      --      |    Inf | unknown
  709s|104600 |104601 | 12284k| 117.4 |   466M |  99 | 302 | 103 | 509 | 609k|  3 | 998 | 905 |-5.041877e+00 |      --      |    Inf | unknown
  710s|104700 |104701 | 12301k| 117.5 |   466M |  99 | 302 | 103 | 504 | 609k|  3 | 998 | 906 |-5.041877e+00 |      --      |    Inf | unknown
  711s|104800 |104801 | 12310k| 117.4 |   467M |  99 | 302 | 104 | 500 | 610k|  5 | 999 | 906 |-5.041850e+00 |      --      |    Inf | unknown
 time | node  | left  |LP iter|LP it/n|mem/heur|mdpt |vars |cons |rows |cuts |sepa|confs|strbr|  dualbound   | primalbound  |  gap   | compl. 
  711s|104900 |104901 | 12319k| 117.4 |   467M |  99 | 302 | 104 | 494 | 611k|  2 | 999 | 906 |-5.041850e+00 |      --      |    Inf | unknown
  712s|105000 |105001 | 12334k| 117.4 |   467M |  99 | 302 | 103 | 517 | 611k|  2 |1000 | 906 |-5.041850e+00 |      --      |    Inf | unknown
  712s|105100 |105101 | 12343k| 117.4 |   467M |  99 | 302 | 105 | 505 | 612k|  2 |1002 | 906 |-5.041850e+00 |      --      |    Inf | unknown
  713s|105200 |105201 | 12353k| 117.4 |   467M |  99 | 302 | 107 | 457 | 612k|  3 |1004 | 906 |-5.041850e+00 |      --      |    Inf | unknown
  713s|105300 |105301 | 12362k| 117.4 |   468M |  99 | 302 | 108 | 441 | 613k|  5 |1005 | 907 |-5.041816e+00 |      --      |    Inf | unknown
  714s|105400 |105401 | 12371k| 117.4 |   468M |  99 | 302 | 109 | 478 | 613k|  1 |1006 | 907 |-5.041816e+00 |      --      |    Inf | unknown
  714s|105500 |105501 | 12381k| 117.3 |   469M |  99 | 302 | 108 | 497 | 614k|  4 |1007 | 907 |-5.041816e+00 |      --      |    Inf | unknown
  714s|105600 |105601 | 12391k| 117.3 |   470M |  99 | 302 | 109 | 460 | 614k|  2 |1008 | 907 |-5.041816e+00 |      --      |    Inf | unknown
  715s|105700 |105701 | 12400k| 117.3 |   471M |  99 | 302 | 109 | 510 | 615k|  2 |1008 | 907 |-5.041816e+00 |      --      |    Inf | unknown
  715s|105800 |105801 | 12409k| 117.3 |   472M |  99 | 302 | 108 | 433 | 615k|  2 |1008 | 907 |-5.041771e+00 |      --      |    Inf | unknown
  716s|105900 |105901 | 12420k| 117.3 |   473M |  99 | 302 | 108 | 462 | 616k|  3 |1009 | 907 |-5.041771e+00 |      --      |    Inf | unknown
  717s|106000 |106001 | 12435k| 117.3 |   473M |  99 | 302 | 102 | 469 | 617k|  2 |1009 | 907 |-5.041771e+00 |      --      |    Inf | unknown
  718s|106100 |106101 | 12444k| 117.3 |   473M |  99 | 302 | 103 | 446 | 617k|  2 |1010 | 908 |-5.041771e+00 |      --      |    Inf | unknown
  718s|106200 |106201 | 12454k| 117.3 |   473M |  99 | 302 | 104 | 422 | 618k|  4 |1011 | 908 |-5.041771e+00 |      --      |    Inf | unknown
  719s|106300 |106301 | 12471k| 117.3 |   473M |  99 | 302 | 104 | 362 | 618k|  2 |1012 | 908 |-5.041754e+00 |      --      |    Inf | unknown
 time | node  | left  |LP iter|LP it/n|mem/heur|mdpt |vars |cons |rows |cuts |sepa|confs|strbr|  dualbound   | primalbound  |  gap   | compl. 
  720s|106400 |106401 | 12481k| 117.3 |   473M |  99 | 302 | 105 | 423 | 619k|  2 |1013 | 908 |-5.041754e+00 |      --      |    Inf | unknown
  721s|106500 |106501 | 12492k| 117.3 |   474M |  99 | 302 | 107 | 402 | 619k|  2 |1015 | 908 |-5.041754e+00 |      --      |    Inf | unknown
  721s|106600 |106601 | 12501k| 117.2 |   474M |  99 | 302 | 108 | 365 | 620k|  2 |1016 | 908 |-5.041754e+00 |      --      |    Inf | unknown
  722s|106700 |106701 | 12513k| 117.3 |   475M |  99 | 302 | 106 | 397 | 620k|  1 |1017 | 908 |-5.041754e+00 |      --      |    Inf | unknown
  723s|106800 |106801 | 12525k| 117.3 |   475M |  99 | 302 | 103 | 556 | 621k|  2 |1017 | 908 |-5.041754e+00 |      --      |    Inf | unknown
  723s|106900 |106901 | 12535k| 117.2 |   475M |  99 | 302 | 102 | 534 | 621k|  2 |1017 | 908 |-5.041752e+00 |      --      |    Inf | unknown
  724s|107000 |107001 | 12544k| 117.2 |   475M |  99 | 302 | 104 | 502 | 622k|  1 |1019 | 909 |-5.041752e+00 |      --      |    Inf | unknown
  724s|107100 |107101 | 12552k| 117.2 |   475M |  99 | 302 | 104 | 616 | 622k|  3 |1019 | 909 |-5.041752e+00 |      --      |    Inf | unknown
  729s|107200 |107201 | 12568k| 117.2 |   476M |  99 | 302 | 104 | 515 | 623k|  2 |1019 | 909 |-5.041752e+00 |      --      |    Inf | unknown
  729s|107300 |107301 | 12577k| 117.2 |   477M |  99 | 302 | 103 | 560 | 624k|  2 |1019 | 909 |-5.041752e+00 |      --      |    Inf | unknown
  730s|107400 |107401 | 12587k| 117.2 |   477M |  99 | 302 | 104 | 531 | 624k|  2 |1020 | 910 |-5.041752e+00 |      --      |    Inf | unknown
  730s|107500 |107501 | 12597k| 117.2 |   477M |  99 | 302 | 106 | 522 | 625k|  3 |1022 | 910 |-5.041752e+00 |      --      |    Inf | unknown
  730s|107600 |107601 | 12607k| 117.1 |   478M |  99 | 302 | 107 | 499 | 625k|  4 |1023 | 910 |-5.041752e+00 |      --      |    Inf | unknown
  731s|107700 |107701 | 12618k| 117.1 |   480M |  99 | 302 | 107 | 462 | 626k|  2 |1023 | 911 |-5.041752e+00 |      --      |    Inf | unknown
  732s|107800 |107801 | 12630k| 117.1 |   480M |  99 | 302 | 105 | 477 | 626k|  3 |1023 | 911 |-5.041752e+00 |      --      |    Inf | unknown
 time | node  | left  |LP iter|LP it/n|mem/heur|mdpt |vars |cons |rows |cuts |sepa|confs|strbr|  dualbound   | primalbound  |  gap   | compl. 
  732s|107900 |107901 | 12641k| 117.1 |   480M |  99 | 302 | 107 | 507 | 627k|  4 |1026 | 911 |-5.041712e+00 |      --      |    Inf | unknown
  733s|108000 |108001 | 12651k| 117.1 |   480M |  99 | 302 | 108 | 512 | 628k|  2 |1027 | 912 |-5.041712e+00 |      --      |    Inf | unknown
  733s|108100 |108101 | 12662k| 117.1 |   480M |  99 | 302 | 107 | 439 | 628k|  5 |1027 | 912 |-5.041712e+00 |      --      |    Inf | unknown
  734s|108200 |108201 | 12681k| 117.2 |   481M |  99 | 302 | 101 | 536 | 629k|  1 |1027 | 912 |-5.041712e+00 |      --      |    Inf | unknown
  735s|108300 |108301 | 12690k| 117.2 |   481M |  99 | 302 | 101 | 414 | 629k|  2 |1027 | 912 |-5.041712e+00 |      --      |    Inf | unknown
  735s|108400 |108401 | 12701k| 117.1 |   481M |  99 | 302 | 102 | 437 | 630k|  2 |1028 | 912 |-5.041610e+00 |      --      |    Inf | unknown
  735s|108500 |108501 | 12711k| 117.1 |   482M |  99 | 302 | 102 | 412 | 630k|  4 |1028 | 912 |-5.041610e+00 |      --      |    Inf | unknown
  740s|108600 |108601 | 12727k| 117.2 |   482M |  99 | 302 | 102 | 420 | 631k|  2 |1028 | 912 |-5.041610e+00 |      --      |    Inf | unknown
  740s|108700 |108701 | 12737k| 117.2 |   482M |  99 | 302 | 103 | 467 | 632k|  2 |1029 | 912 |-5.041610e+00 |      --      |    Inf | unknown
  741s|108800 |108801 | 12745k| 117.1 |   482M |  99 | 302 | 103 | 405 | 632k|  4 |1029 | 913 |-5.041610e+00 |      --      |    Inf | unknown
  741s|108900 |108901 | 12760k| 117.2 |   483M |  99 | 302 | 103 | 378 | 633k|  2 |1030 | 913 |-5.041479e+00 |      --      |    Inf | unknown
  742s|109000 |109001 | 12770k| 117.1 |   484M |  99 | 302 | 104 | 423 | 633k|  2 |1031 | 913 |-5.041479e+00 |      --      |    Inf | unknown
  742s|109100 |109101 | 12780k| 117.1 |   484M |  99 | 302 | 105 | 418 | 634k|  4 |1032 | 913 |-5.041479e+00 |      --      |    Inf | unknown
  743s|109200 |109201 | 12793k| 117.1 |   484M |  99 | 302 | 103 | 323 | 634k|  2 |1032 | 913 |-5.041479e+00 |      --      |    Inf | unknown
  743s|109300 |109301 | 12803k| 117.1 |   484M |  99 | 302 | 104 | 464 | 635k|  2 |1033 | 913 |-5.041479e+00 |      --      |    Inf | unknown
 time | node  | left  |LP iter|LP it/n|mem/heur|mdpt |vars |cons |rows |cuts |sepa|confs|strbr|  dualbound   | primalbound  |  gap   | compl. 
  744s|109400 |109401 | 12812k| 117.1 |   484M |  99 | 302 | 104 | 542 | 635k|  2 |1033 | 913 |-5.041452e+00 |      --      |    Inf | unknown
  744s|109500 |109501 | 12823k| 117.1 |   486M |  99 | 302 | 105 | 567 | 636k|  2 |1034 | 913 |-5.041452e+00 |      --      |    Inf | unknown
  745s|109600 |109601 | 12831k| 117.1 |   486M |  99 | 302 | 106 | 529 | 637k|  2 |1035 | 914 |-5.041452e+00 |      --      |    Inf | unknown
  745s|109700 |109701 | 12847k| 117.1 |   486M |  99 | 302 | 104 | 522 | 637k|  2 |1035 | 914 |-5.041452e+00 |      --      |    Inf | unknown
  746s|109800 |109801 | 12858k| 117.1 |   489M |  99 | 302 | 106 | 551 | 638k|  2 |1037 | 914 |-5.041452e+00 |      --      |    Inf | unknown
  746s|109900 |109901 | 12867k| 117.1 |   489M |  99 | 302 | 106 | 493 | 638k|  2 |1037 | 914 |-5.041403e+00 |      --      |    Inf | unknown
  747s|110000 |110001 | 12877k| 117.0 |   489M |  99 | 302 | 105 | 524 | 639k|  3 |1038 | 915 |-5.041403e+00 |      --      |    Inf | unknown
  747s|110100 |110101 | 12888k| 117.0 |   489M |  99 | 302 | 105 | 476 | 639k|  2 |1038 | 915 |-5.041403e+00 |      --      |    Inf | unknown
  748s|110200 |110201 | 12902k| 117.1 |   489M |  99 | 302 | 104 | 494 | 640k|  2 |1039 | 915 |-5.041403e+00 |      --      |    Inf | unknown
  749s|110300 |110301 | 12914k| 117.1 |   489M |  99 | 302 | 106 | 499 | 641k|  3 |1041 | 916 |-5.041403e+00 |      --      |    Inf | unknown
  749s|110400 |110401 | 12922k| 117.0 |   489M |  99 | 302 | 105 | 445 | 641k|  2 |1041 | 916 |-5.041393e+00 |      --      |    Inf | unknown
  750s|110500 |110501 | 12934k| 117.0 |   490M |  99 | 302 | 103 | 486 | 642k|  3 |1041 | 916 |-5.041393e+00 |      --      |    Inf | unknown
  751s|110600 |110601 | 12943k| 117.0 |   491M |  99 | 302 | 104 | 506 | 642k|  2 |1042 | 916 |-5.041393e+00 |      --      |    Inf | unknown
  751s|110700 |110701 | 12952k| 117.0 |   491M |  99 | 302 | 105 | 468 | 643k|  2 |1043 | 916 |-5.041393e+00 |      --      |    Inf | unknown
  752s|110800 |110801 | 12961k| 117.0 |   491M |  99 | 302 | 103 | 451 | 643k|  5 |1043 | 916 |-5.041393e+00 |      --      |    Inf | unknown
 time | node  | left  |LP iter|LP it/n|mem/heur|mdpt |vars |cons |rows |cuts |sepa|confs|strbr|  dualbound   | primalbound  |  gap   | compl. 
  753s|110900 |110901 | 12972k| 117.0 |   491M |  99 | 302 | 105 | 381 | 644k|  2 |1045 | 916 |-5.041382e+00 |      --      |    Inf | unknown
  754s|111000 |111001 | 12982k| 116.9 |   491M |  99 | 302 | 105 | 465 | 645k|  2 |1045 | 916 |-5.041382e+00 |      --      |    Inf | unknown
  754s|111100 |111101 | 12996k| 117.0 |   492M |  99 | 302 | 105 | 481 | 645k|  2 |1045 | 916 |-5.041382e+00 |      --      |    Inf | unknown
  755s|111200 |111201 | 13008k| 117.0 |   492M | 101 | 302 | 103 | 399 | 646k|  2 |1047 | 917 |-5.041382e+00 |      --      |    Inf | unknown
  756s|111300 |111301 | 13018k| 116.9 |   493M | 101 | 302 | 103 | 384 | 646k|  2 |1047 | 917 |-5.041353e+00 |      --      |    Inf | unknown
  756s|111400 |111401 | 13033k| 117.0 |   493M | 101 | 302 | 103 | 379 | 647k|  2 |1048 | 917 |-5.041353e+00 |      --      |    Inf | unknown
  761s|111500 |111501 | 13049k| 117.0 |   495M | 101 | 302 | 103 | 567 | 647k|  1 |1049 | 917 |-5.041353e+00 |      --      |    Inf | unknown
  762s|111600 |111601 | 13058k| 117.0 |   495M | 101 | 302 | 103 | 567 | 648k|  2 |1049 | 918 |-5.041276e+00 |      --      |    Inf | unknown
  762s|111700 |111701 | 13068k| 117.0 |   495M | 101 | 302 | 106 | 591 | 649k|  2 |1052 | 918 |-5.041276e+00 |      --      |    Inf | unknown
  762s|111800 |111801 | 13077k| 117.0 |   495M | 101 | 302 | 106 | 475 | 649k|  2 |1052 | 918 |-5.041258e+00 |      --      |    Inf | unknown
  763s|111900 |111901 | 13086k| 116.9 |   495M | 101 | 302 | 107 | 496 | 650k|  2 |1053 | 918 |-5.041258e+00 |      --      |    Inf | unknown
  763s|112000 |112001 | 13096k| 116.9 |   495M | 101 | 302 | 108 | 472 | 650k|  2 |1054 | 919 |-5.041258e+00 |      --      |    Inf | unknown
  764s|112100 |112101 | 13111k| 116.9 |   495M | 101 | 302 | 106 | 470 | 651k|  2 |1054 | 919 |-5.041231e+00 |      --      |    Inf | unknown
  765s|112200 |112201 | 13120k| 116.9 |   495M | 101 | 302 | 106 | 471 | 651k|  2 |1054 | 919 |-5.041231e+00 |      --      |    Inf | unknown
  765s|112300 |112301 | 13130k| 116.9 |   496M | 101 | 302 | 108 | 434 | 652k|  4 |1057 | 919 |-5.041223e+00 |      --      |    Inf | unknown
 time | node  | left  |LP iter|LP it/n|mem/heur|mdpt |vars |cons |rows |cuts |sepa|confs|strbr|  dualbound   | primalbound  |  gap   | compl. 
  765s|112400 |112401 | 13140k| 116.9 |   496M | 101 | 302 | 107 | 392 | 653k|  3 |1058 | 920 |-5.041223e+00 |      --      |    Inf | unknown
  766s|112500 |112501 | 13150k| 116.9 |   497M | 101 | 302 | 107 | 431 | 653k|  2 |1058 | 920 |-5.041223e+00 |      --      |    Inf | unknown
  766s|112600 |112601 | 13159k| 116.8 |   497M | 101 | 302 | 106 | 422 | 654k|  2 |1058 | 920 |-5.041178e+00 |      --      |    Inf | unknown
  767s|112700 |112701 | 13167k| 116.8 |   497M | 101 | 302 | 106 | 383 | 654k|  1 |1059 | 920 |-5.041178e+00 |      --      |    Inf | unknown
  767s|112800 |112801 | 13178k| 116.8 |   497M | 101 | 302 | 106 | 574 | 655k|  2 |1059 | 920 |-5.041178e+00 |      --      |    Inf | unknown
  768s|112900 |112901 | 13196k| 116.9 |   498M | 101 | 302 | 105 | 537 | 655k|  2 |1059 | 920 |-5.041057e+00 |      --      |    Inf | unknown
  768s|113000 |113001 | 13205k| 116.8 |   498M | 101 | 302 | 102 | 517 | 656k|  1 |1059 | 920 |-5.041057e+00 |      --      |    Inf | unknown
  773s|113100 |113101 | 13223k| 116.9 |   499M | 101 | 302 | 101 | 538 | 656k|  2 |1059 | 921 |-5.041026e+00 |      --      |    Inf | unknown
  774s|113200 |113201 | 13232k| 116.9 |   499M | 101 | 302 | 101 | 487 | 657k|  1 |1059 | 921 |-5.041026e+00 |      --      |    Inf | unknown
  774s|113300 |113301 | 13247k| 116.9 |   499M | 101 | 302 | 102 | 492 | 658k|  2 |1060 | 921 |-5.041026e+00 |      --      |    Inf | unknown
  775s|113400 |113401 | 13257k| 116.9 |   499M | 101 | 302 | 103 | 452 | 658k|  2 |1061 | 921 |-5.040997e+00 |      --      |    Inf | unknown
  775s|113500 |113501 | 13266k| 116.9 |   499M | 101 | 302 | 104 | 463 | 659k|  5 |1062 | 922 |-5.040997e+00 |      --      |    Inf | unknown
  776s|113600 |113601 | 13279k| 116.9 |   499M | 101 | 302 | 105 | 407 | 659k|  1 |1063 | 922 |-5.040909e+00 |      --      |    Inf | unknown
  776s|113700 |113701 | 13287k| 116.8 |   499M | 101 | 302 | 106 | 454 | 660k|  2 |1064 | 922 |-5.040909e+00 |      --      |    Inf | unknown
  777s|113800 |113801 | 13296k| 116.8 |   501M | 101 | 302 | 106 | 374 | 660k|  2 |1064 | 922 |-5.040909e+00 |      --      |    Inf | unknown
 time | node  | left  |LP iter|LP it/n|mem/heur|mdpt |vars |cons |rows |cuts |sepa|confs|strbr|  dualbound   | primalbound  |  gap   | compl. 
  777s|113900 |113901 | 13306k| 116.8 |   502M | 101 | 302 | 107 | 390 | 661k|  3 |1065 | 923 |-5.040908e+00 |      --      |    Inf | unknown
  777s|114000 |114001 | 13315k| 116.8 |   502M | 101 | 302 | 107 | 377 | 662k|  2 |1065 | 923 |-5.040908e+00 |      --      |    Inf | unknown
  778s|114100 |114101 | 13330k| 116.8 |   503M | 101 | 302 | 104 | 578 | 662k|  3 |1065 | 923 |-5.040908e+00 |      --      |    Inf | unknown
  779s|114200 |114201 | 13341k| 116.8 |   503M | 101 | 302 | 103 | 518 | 663k|  1 |1065 | 925 |-5.040756e+00 |      --      |    Inf | unknown
  779s|114300 |114301 | 13352k| 116.8 |   503M | 101 | 302 | 103 | 529 | 663k|  3 |1066 | 925 |-5.040756e+00 |      --      |    Inf | unknown
  780s|114400 |114401 | 13362k| 116.8 |   503M | 101 | 302 | 104 | 509 | 664k|  2 |1067 | 925 |-5.040735e+00 |      --      |    Inf | unknown
  780s|114500 |114501 | 13371k| 116.8 |   503M | 101 | 302 | 103 | 494 | 664k|  2 |1067 | 925 |-5.040735e+00 |      --      |    Inf | unknown
  781s|114600 |114601 | 13388k| 116.8 |   503M | 101 | 302 | 104 | 527 | 665k|  4 |1068 | 925 |-5.040735e+00 |      --      |    Inf | unknown
  781s|114700 |114701 | 13398k| 116.8 |   505M | 101 | 302 | 105 | 462 | 666k|  3 |1069 | 925 |-5.040701e+00 |      --      |    Inf | unknown
  782s|114800 |114801 | 13408k| 116.8 |   505M | 101 | 302 | 105 | 475 | 666k|  2 |1069 | 925 |-5.040701e+00 |      --      |    Inf | unknown
  783s|114900 |114901 | 13417k| 116.8 |   505M | 101 | 302 | 105 | 388 | 667k|  2 |1070 | 925 |-5.040626e+00 |      --      |    Inf | unknown
  783s|115000 |115001 | 13428k| 116.8 |   505M | 101 | 302 | 108 | 453 | 667k|  3 |1074 | 926 |-5.040626e+00 |      --      |    Inf | unknown
  784s|115100 |115101 | 13438k| 116.7 |   505M | 101 | 302 | 107 | 431 | 668k|  4 |1074 | 926 |-5.040626e+00 |      --      |    Inf | unknown
  785s|115200 |115201 | 13449k| 116.7 |   505M | 101 | 302 | 109 | 396 | 669k|  2 |1076 | 926 |-5.040616e+00 |      --      |    Inf | unknown
  786s|115300 |115301 | 13466k| 116.8 |   506M | 101 | 302 | 103 | 340 | 669k|  4 |1076 | 926 |-5.040616e+00 |      --      |    Inf | unknown
 time | node  | left  |LP iter|LP it/n|mem/heur|mdpt |vars |cons |rows |cuts |sepa|confs|strbr|  dualbound   | primalbound  |  gap   | compl. 
  786s|115400 |115401 | 13475k| 116.8 |   506M | 101 | 302 | 101 | 561 | 670k|  1 |1076 | 926 |-5.040616e+00 |      --      |    Inf | unknown
  786s|115500 |115501 | 13484k| 116.7 |   506M | 101 | 302 | 101 | 536 | 670k|  3 |1076 | 926 |-5.040560e+00 |      --      |    Inf | unknown
  788s|115600 |115601 | 13496k| 116.7 |   507M | 101 | 302 | 103 | 519 | 671k|  2 |1078 | 926 |-5.040560e+00 |      --      |    Inf | unknown
  789s|115700 |115701 | 13506k| 116.7 |   508M | 101 | 302 | 105 | 470 | 671k|  2 |1080 | 926 |-5.040548e+00 |      --      |    Inf | unknown
  789s|115800 |115801 | 13514k| 116.7 |   508M | 101 | 302 | 106 | 497 | 672k|  2 |1081 | 926 |-5.040548e+00 |      --      |    Inf | unknown
  789s|115900 |115901 | 13523k| 116.7 |   508M | 101 | 302 | 106 | 515 | 672k|  2 |1081 | 927 |-5.040548e+00 |      --      |    Inf | unknown
  790s|116000 |116001 | 13533k| 116.6 |   508M | 101 | 302 | 107 | 488 | 673k|  2 |1082 | 927 |-5.040544e+00 |      --      |    Inf | unknown
  790s|116100 |116101 | 13543k| 116.6 |   508M | 101 | 302 | 107 | 447 | 674k|  2 |1082 | 927 |-5.040544e+00 |      --      |    Inf | unknown
  795s|116200 |116201 | 13558k| 116.7 |   508M | 101 | 302 | 107 | 420 | 674k|  2 |1083 | 927 |-5.040523e+00 |      --      |    Inf | unknown
  796s|116300 |116301 | 13571k| 116.7 |   508M | 101 | 302 | 104 | 486 | 675k|  3 |1083 | 928 |-5.040523e+00 |      --      |    Inf | unknown
  797s|116400 |116401 | 13590k| 116.7 |   510M | 101 | 302 | 102 | 449 | 675k|  4 |1084 | 929 |-5.040523e+00 |      --      |    Inf | unknown
  798s|116500 |116501 | 13602k| 116.7 |   511M | 101 | 302 | 102 | 384 | 676k|  3 |1084 | 929 |-5.040522e+00 |      --      |    Inf | unknown
  798s|116600 |116601 | 13612k| 116.7 |   511M | 101 | 302 | 106 | 369 | 676k|  2 |1088 | 929 |-5.040522e+00 |      --      |    Inf | unknown
  798s|116700 |116701 | 13622k| 116.7 |   511M | 101 | 302 | 106 | 548 | 677k|  3 |1088 | 929 |-5.040522e+00 |      --      |    Inf | unknown
  799s|116800 |116801 | 13632k| 116.7 |   511M | 101 | 302 | 106 | 585 | 678k|  2 |1088 | 929 |-5.040520e+00 |      --      |    Inf | unknown
 time | node  | left  |LP iter|LP it/n|mem/heur|mdpt |vars |cons |rows |cuts |sepa|confs|strbr|  dualbound   | primalbound  |  gap   | compl. 
  799s|116900 |116901 | 13642k| 116.7 |   511M | 101 | 302 | 106 | 542 | 678k|  3 |1088 | 929 |-5.040520e+00 |      --      |    Inf | unknown
  800s|117000 |117001 | 13652k| 116.7 |   511M | 101 | 302 | 106 | 510 | 679k|  2 |1088 | 929 |-5.040299e+00 |      --      |    Inf | unknown
  800s|117100 |117101 | 13666k| 116.7 |   511M | 101 | 302 | 105 | 535 | 680k|  3 |1088 | 929 |-5.040299e+00 |      --      |    Inf | unknown
  801s|117200 |117201 | 13680k| 116.7 |   513M | 101 | 302 | 103 | 471 | 680k|  2 |1090 | 929 |-5.040299e+00 |      --      |    Inf | unknown
  802s|117300 |117301 | 13689k| 116.7 |   513M | 101 | 302 | 104 | 474 | 681k|  2 |1091 | 930 |-5.040234e+00 |      --      |    Inf | unknown
  802s|117400 |117401 | 13700k| 116.7 |   513M | 101 | 302 | 104 | 484 | 681k|  1 |1091 | 930 |-5.040234e+00 |      --      |    Inf | unknown
  802s|117500 |117501 | 13708k| 116.6 |   513M | 101 | 302 | 104 | 415 | 682k|  2 |1091 | 930 |-5.040219e+00 |      --      |    Inf | unknown
  803s|117600 |117601 | 13717k| 116.6 |   513M | 101 | 302 | 104 | 426 | 682k|  3 |1091 | 930 |-5.040219e+00 |      --      |    Inf | unknown
  808s|117700 |117701 | 13732k| 116.7 |   513M | 101 | 302 | 104 | 436 | 683k|  3 |1091 | 931 |-5.040219e+00 |      --      |    Inf | unknown
  808s|117800 |117801 | 13742k| 116.6 |   514M | 101 | 302 | 104 | 372 | 683k|  2 |1092 | 931 |-5.040211e+00 |      --      |    Inf | unknown
  808s|117900 |117901 | 13751k| 116.6 |   514M | 101 | 302 | 105 | 380 | 684k|  4 |1093 | 931 |-5.040211e+00 |      --      |    Inf | unknown
  809s|118000 |118001 | 13761k| 116.6 |   514M | 101 | 302 | 104 | 539 | 684k|  4 |1093 | 931 |-5.040211e+00 |      --      |    Inf | unknown
  809s|118100 |118101 | 13771k| 116.6 |   516M | 101 | 302 | 103 | 574 | 685k|  2 |1093 | 931 |-5.040135e+00 |      --      |    Inf | unknown
  810s|118200 |118201 | 13790k| 116.6 |   517M | 101 | 302 | 101 | 514 | 686k|  2 |1093 | 931 |-5.040135e+00 |      --      |    Inf | unknown
  811s|118300 |118301 | 13800k| 116.6 |   517M | 101 | 302 | 102 | 508 | 686k|  3 |1094 | 931 |-5.040108e+00 |      --      |    Inf | unknown
 time | node  | left  |LP iter|LP it/n|mem/heur|mdpt |vars |cons |rows |cuts |sepa|confs|strbr|  dualbound   | primalbound  |  gap   | compl. 
  811s|118400 |118401 | 13808k| 116.6 |   517M | 101 | 302 | 103 | 489 | 687k|  2 |1095 | 931 |-5.040108e+00 |      --      |    Inf | unknown
  812s|118500 |118501 | 13818k| 116.6 |   517M | 101 | 302 | 104 | 531 | 687k|  2 |1096 | 931 |-5.040108e+00 |      --      |    Inf | unknown
  812s|118600 |118601 | 13829k| 116.6 |   517M | 101 | 302 | 105 | 494 | 688k|  5 |1097 | 932 |-5.040096e+00 |      --      |    Inf | unknown
  813s|118700 |118701 | 13840k| 116.6 |   517M | 101 | 302 | 105 | 479 | 688k|  4 |1097 | 933 |-5.040096e+00 |      --      |    Inf | unknown
  813s|118800 |118801 | 13850k| 116.6 |   518M | 101 | 302 | 105 | 414 | 689k|  3 |1097 | 933 |-5.040019e+00 |      --      |    Inf | unknown
  813s|118900 |118901 | 13860k| 116.6 |   519M | 101 | 302 | 106 | 446 | 690k|  4 |1098 | 933 |-5.040019e+00 |      --      |    Inf | unknown
  814s|119000 |119001 | 13871k| 116.5 |   519M | 101 | 302 | 107 | 371 | 690k|  5 |1099 | 933 |-5.040019e+00 |      --      |    Inf | unknown
  815s|119100 |119101 | 13886k| 116.6 |   519M | 101 | 302 | 104 | 404 | 691k|  2 |1100 | 934 |-5.039917e+00 |      --      |    Inf | unknown
  815s|119200 |119201 | 13895k| 116.6 |   520M | 101 | 302 | 105 | 406 | 691k|  2 |1101 | 934 |-5.039917e+00 |      --      |    Inf | unknown
  816s|119300 |119301 | 13903k| 116.5 |   520M | 101 | 302 | 107 | 584 | 692k|  1 |1103 | 934 |-5.039917e+00 |      --      |    Inf | unknown
  816s|119400 |119401 | 13913k| 116.5 |   520M | 101 | 302 | 106 | 551 | 692k|  1 |1103 | 934 |-5.039912e+00 |      --      |    Inf | unknown
  817s|119500 |119501 | 13924k| 116.5 |   520M | 101 | 302 | 105 | 544 | 693k|  2 |1103 | 934 |-5.039912e+00 |      --      |    Inf | unknown
  817s|119600 |119601 | 13933k| 116.5 |   521M | 101 | 302 | 106 | 512 | 693k|  3 |1104 | 934 |-5.039805e+00 |      --      |    Inf | unknown
  818s|119700 |119701 | 13942k| 116.5 |   522M | 101 | 302 | 107 | 550 | 694k|  3 |1105 | 934 |-5.039805e+00 |      --      |    Inf | unknown
  819s|119800 |119801 | 13960k| 116.5 |   523M | 101 | 302 | 105 | 528 | 695k|  2 |1107 | 935 |-5.039805e+00 |      --      |    Inf | unknown
 time | node  | left  |LP iter|LP it/n|mem/heur|mdpt |vars |cons |rows |cuts |sepa|confs|strbr|  dualbound   | primalbound  |  gap   | compl. 
  820s|119900 |119901 | 13972k| 116.5 |   523M | 101 | 302 | 107 | 505 | 695k|  2 |1109 | 935 |-5.039715e+00 |      --      |    Inf | unknown
  820s|120000 |120001 | 13982k| 116.5 |   523M | 101 | 302 | 108 | 460 | 696k|  4 |1110 | 935 |-5.039715e+00 |      --      |    Inf | unknown
  821s|120100 |120101 | 13993k| 116.5 |   524M | 101 | 302 | 108 | 422 | 696k|  3 |1111 | 935 |-5.039664e+00 |      --      |    Inf | unknown
  822s|120200 |120201 | 14005k| 116.5 |   524M | 101 | 302 | 107 | 437 | 697k|  4 |1113 | 936 |-5.039664e+00 |      --      |    Inf | unknown
  823s|120300 |120301 | 14020k| 116.5 |   524M | 101 | 302 | 105 | 409 | 698k|  6 |1113 | 936 |-5.039664e+00 |      --      |    Inf | unknown
  823s|120400 |120401 | 14029k| 116.5 |   524M | 101 | 302 | 103 | 383 | 698k|  2 |1113 | 936 |-5.039538e+00 |      --      |    Inf | unknown
  828s|120500 |120501 | 14045k| 116.5 |   525M | 101 | 302 | 103 | 387 | 699k|  3 |1114 | 937 |-5.039538e+00 |      --      |    Inf | unknown
  829s|120600 |120601 | 14054k| 116.5 |   526M | 101 | 302 | 102 | 605 | 699k|  4 |1114 | 937 |-5.039538e+00 |      --      |    Inf | unknown
  829s|120700 |120701 | 14063k| 116.5 |   526M | 101 | 302 | 102 | 565 | 700k|  2 |1114 | 938 |-5.039513e+00 |      --      |    Inf | unknown
  829s|120800 |120801 | 14073k| 116.5 |   526M | 101 | 302 | 103 | 532 | 700k|  2 |1115 | 938 |-5.039513e+00 |      --      |    Inf | unknown
  830s|120900 |120901 | 14085k| 116.5 |   527M | 101 | 302 | 103 | 485 | 701k|  2 |1115 | 938 |-5.039436e+00 |      --      |    Inf | unknown
  831s|121000 |121001 | 14095k| 116.5 |   527M | 101 | 302 | 103 | 496 | 702k|  5 |1115 | 939 |-5.039436e+00 |      --      |    Inf | unknown
  831s|121100 |121101 | 14104k| 116.5 |   527M | 101 | 302 | 103 | 520 | 702k|  2 |1115 | 939 |-5.039436e+00 |      --      |    Inf | unknown
  831s|121200 |121201 | 14115k| 116.4 |   527M | 101 | 302 | 105 | 464 | 703k|  4 |1117 | 939 |-5.039432e+00 |      --      |    Inf | unknown
  832s|121300 |121301 | 14128k| 116.5 |   527M | 101 | 302 | 103 | 449 | 703k|  3 |1117 | 939 |-5.039432e+00 |      --      |    Inf | unknown
 time | node  | left  |LP iter|LP it/n|mem/heur|mdpt |vars |cons |rows |cuts |sepa|confs|strbr|  dualbound   | primalbound  |  gap   | compl. 
  833s|121400 |121401 | 14137k| 116.4 |   528M | 101 | 302 | 104 | 416 | 704k|  2 |1118 | 939 |-5.039208e+00 |      --      |    Inf | unknown
  833s|121500 |121501 | 14146k| 116.4 |   528M | 101 | 302 | 104 | 436 | 704k|  2 |1118 | 939 |-5.039208e+00 |      --      |    Inf | unknown
  834s|121600 |121601 | 14165k| 116.5 |   528M | 101 | 302 | 102 | 456 | 705k|  3 |1118 | 939 |-5.039208e+00 |      --      |    Inf | unknown
  834s|121700 |121701 | 14176k| 116.5 |   529M | 101 | 302 | 103 | 391 | 706k|  4 |1119 | 939 |-5.039201e+00 |      --      |    Inf | unknown
  835s|121800 |121801 | 14185k| 116.4 |   529M | 101 | 302 | 103 | 389 | 706k|  2 |1119 | 939 |-5.039201e+00 |      --      |    Inf | unknown
  835s|121900 |121901 | 14195k| 116.4 |   530M | 101 | 302 | 106 | 527 | 707k|  2 |1122 | 940 |-5.039201e+00 |      --      |    Inf | unknown
  840s|122000 |122001 | 14211k| 116.5 |   532M | 101 | 302 | 105 | 598 | 707k|  1 |1122 | 940 |-5.039141e+00 |      --      |    Inf | unknown
  840s|122100 |122101 | 14221k| 116.5 |   532M | 101 | 302 | 106 | 528 | 708k|  2 |1123 | 940 |-5.039141e+00 |      --      |    Inf | unknown
  841s|122200 |122201 | 14230k| 116.4 |   533M | 101 | 302 | 107 | 498 | 709k|  2 |1124 | 940 |-5.039000e+00 |      --      |    Inf | unknown
  842s|122300 |122301 | 14243k| 116.4 |   534M | 101 | 302 | 103 | 568 | 709k|  4 |1124 | 940 |-5.039000e+00 |      --      |    Inf | unknown
  842s|122400 |122401 | 14252k| 116.4 |   534M | 101 | 302 | 106 | 539 | 710k|  3 |1127 | 940 |-5.039000e+00 |      --      |    Inf | unknown
  842s|122500 |122501 | 14264k| 116.4 |   534M | 101 | 302 | 107 | 491 | 710k|  3 |1128 | 940 |-5.038961e+00 |      --      |    Inf | unknown
  843s|122600 |122601 | 14273k| 116.4 |   534M | 101 | 302 | 107 | 470 | 711k|  3 |1128 | 940 |-5.038961e+00 |      --      |    Inf | unknown
  843s|122700 |122701 | 14281k| 116.4 |   534M | 101 | 302 | 107 | 428 | 711k|  4 |1130 | 940 |-5.038934e+00 |      --      |    Inf | unknown
  844s|122800 |122801 | 14292k| 116.4 |   534M | 101 | 302 | 109 | 428 | 712k|  2 |1132 | 940 |-5.038934e+00 |      --      |    Inf | unknown
 time | node  | left  |LP iter|LP it/n|mem/heur|mdpt |vars |cons |rows |cuts |sepa|confs|strbr|  dualbound   | primalbound  |  gap   | compl. 
  844s|122900 |122901 | 14302k| 116.4 |   534M | 101 | 302 | 111 | 416 | 712k|  3 |1134 | 941 |-5.038934e+00 |      --      |    Inf | unknown
  845s|123000 |123001 | 14312k| 116.3 |   535M | 101 | 302 | 112 | 409 | 713k|  2 |1135 | 941 |-5.038913e+00 |      --      |    Inf | unknown
  845s|123100 |123101 | 14320k| 116.3 |   535M | 101 | 302 | 112 | 382 | 714k|  3 |1135 | 941 |-5.038913e+00 |      --      |    Inf | unknown
  846s|123200 |123201 | 14334k| 116.3 |   536M | 101 | 302 | 107 | 601 | 714k|  4 |1137 | 941 |-5.038913e+00 |      --      |    Inf | unknown
  847s|123300 |123301 | 14347k| 116.3 |   536M | 101 | 302 | 104 | 529 | 715k|  1 |1137 | 942 |-5.038902e+00 |      --      |    Inf | unknown
  847s|123400 |123401 | 14356k| 116.3 |   536M | 101 | 302 | 103 | 540 | 715k|  2 |1137 | 942 |-5.038902e+00 |      --      |    Inf | unknown
  848s|123500 |123501 | 14374k| 116.4 |   537M | 101 | 302 | 104 | 508 | 716k|  2 |1138 | 942 |-5.038892e+00 |      --      |    Inf | unknown
  848s|123600 |123601 | 14383k| 116.3 |   537M | 101 | 302 | 103 | 558 | 716k|  4 |1139 | 942 |-5.038892e+00 |      --      |    Inf | unknown
  849s|123700 |123701 | 14392k| 116.3 |   537M | 101 | 302 | 103 | 515 | 717k|  3 |1139 | 942 |-5.038892e+00 |      --      |    Inf | unknown
  850s|123800 |123801 | 14402k| 116.3 |   539M | 101 | 302 | 104 | 487 | 718k|  4 |1140 | 942 |-5.038724e+00 |      --      |    Inf | unknown
  850s|123900 |123901 | 14411k| 116.3 |   539M | 101 | 302 | 106 | 478 | 718k|  1 |1142 | 942 |-5.038724e+00 |      --      |    Inf | unknown
  851s|124000 |124001 | 14421k| 116.3 |   539M | 101 | 302 | 106 | 412 | 719k|  2 |1142 | 942 |-5.038422e+00 |      --      |    Inf | unknown
  851s|124100 |124101 | 14433k| 116.3 |   539M | 101 | 302 | 107 | 437 | 719k|  4 |1143 | 942 |-5.038422e+00 |      --      |    Inf | unknown
  852s|124200 |124201 | 14441k| 116.3 |   539M | 101 | 302 | 107 | 463 | 720k|  4 |1143 | 942 |-5.038422e+00 |      --      |    Inf | unknown
  853s|124300 |124301 | 14457k| 116.3 |   539M | 101 | 302 | 105 | 395 | 720k|  3 |1144 | 942 |-5.038326e+00 |      --      |    Inf | unknown
 time | node  | left  |LP iter|LP it/n|mem/heur|mdpt |vars |cons |rows |cuts |sepa|confs|strbr|  dualbound   | primalbound  |  gap   | compl. 
  854s|124400 |124401 | 14467k| 116.3 |   539M | 101 | 302 | 103 | 386 | 721k|  5 |1144 | 942 |-5.038326e+00 |      --      |    Inf | unknown
  854s|124500 |124501 | 14477k| 116.3 |   540M | 101 | 302 | 104 | 572 | 721k|  2 |1145 | 943 |-5.038326e+00 |      --      |    Inf | unknown
  855s|124600 |124601 | 14486k| 116.2 |   541M | 101 | 302 | 104 | 528 | 722k|  4 |1145 | 943 |-5.038316e+00 |      --      |    Inf | unknown
  855s|124700 |124701 | 14496k| 116.2 |   542M | 101 | 302 | 105 | 538 | 723k|  3 |1147 | 943 |-5.038316e+00 |      --      |    Inf | unknown
  861s|124800 |124801 | 14514k| 116.3 |   543M | 101 | 302 | 104 | 488 | 723k|  2 |1147 | 943 |-5.038275e+00 |      --      |    Inf | unknown
  861s|124900 |124901 | 14525k| 116.3 |   543M | 101 | 302 | 104 | 526 | 724k|  2 |1147 | 943 |-5.038275e+00 |      --      |    Inf | unknown
  862s|125000 |125001 | 14535k| 116.3 |   543M | 101 | 302 | 106 | 489 | 724k|  2 |1149 | 943 |-5.038275e+00 |      --      |    Inf | unknown
  862s|125100 |125101 | 14544k| 116.2 |   543M | 101 | 302 | 108 | 509 | 725k|  2 |1151 | 944 |-5.038159e+00 |      --      |    Inf | unknown
  863s|125200 |125201 | 14560k| 116.3 |   544M | 101 | 302 | 105 | 439 | 725k|  5 |1151 | 945 |-5.038159e+00 |      --      |    Inf | unknown
  864s|125300 |125301 | 14573k| 116.3 |   544M | 101 | 302 | 102 | 450 | 726k|  2 |1151 | 945 |-5.038147e+00 |      --      |    Inf | unknown
  864s|125400 |125401 | 14585k| 116.3 |   544M | 101 | 302 | 102 | 492 | 727k|  2 |1152 | 945 |-5.038147e+00 |      --      |    Inf | unknown
  865s|125500 |125501 | 14595k| 116.3 |   545M | 101 | 302 | 103 | 426 | 727k|  4 |1153 | 945 |-5.038147e+00 |      --      |    Inf | unknown
  865s|125600 |125601 | 14605k| 116.3 |   545M | 101 | 302 | 104 | 407 | 728k|  3 |1154 | 946 |-5.038113e+00 |      --      |    Inf | unknown
  866s|125700 |125701 | 14615k| 116.3 |   545M | 101 | 302 | 104 | 357 | 728k|  4 |1154 | 946 |-5.038113e+00 |      --      |    Inf | unknown
  866s|125800 |125801 | 14624k| 116.2 |   545M | 101 | 302 | 105 | 567 | 729k|  2 |1155 | 946 |-5.038113e+00 |      --      |    Inf | unknown
 time | node  | left  |LP iter|LP it/n|mem/heur|mdpt |vars |cons |rows |cuts |sepa|confs|strbr|  dualbound   | primalbound  |  gap   | compl. 
  866s|125900 |125901 | 14633k| 116.2 |   545M | 101 | 302 | 106 | 560 | 730k|  2 |1156 | 947 |-5.038085e+00 |      --      |    Inf | unknown
  867s|126000 |126001 | 14643k| 116.2 |   545M | 101 | 302 | 107 | 495 | 730k|  2 |1157 | 947 |-5.038085e+00 |      --      |    Inf | unknown
  867s|126100 |126101 | 14654k| 116.2 |   546M | 101 | 302 | 108 | 501 | 731k|  3 |1158 | 947 |-5.038074e+00 |      --      |    Inf | unknown
  868s|126200 |126201 | 14663k| 116.2 |   546M | 101 | 302 | 108 | 526 | 731k|  2 |1158 | 947 |-5.038074e+00 |      --      |    Inf | unknown
  869s|126300 |126301 | 14677k| 116.2 |   548M | 101 | 302 | 104 | 509 | 732k|  2 |1158 | 948 |-5.038074e+00 |      --      |    Inf | unknown
  873s|126400 |126401 | 14693k| 116.2 |   552M | 101 | 302 | 101 | 486 | 732k|  2 |1158 | 949 |-5.038063e+00 |      --      |    Inf | unknown
  874s|126500 |126501 | 14704k| 116.2 |   552M | 101 | 302 | 102 | 469 | 733k|  3 |1159 | 949 |-5.038063e+00 |      --      |    Inf | unknown
  875s|126600 |126601 | 14714k| 116.2 |   553M | 101 | 302 | 103 | 418 | 734k|  2 |1160 | 949 |-5.037931e+00 |      --      |    Inf | unknown
  875s|126700 |126701 | 14723k| 116.2 |   555M | 101 | 302 | 103 | 397 | 734k|  1 |1160 | 949 |-5.037931e+00 |      --      |    Inf | unknown
  875s|126800 |126801 | 14733k| 116.2 |   555M | 101 | 302 | 103 | 424 | 735k|  3 |1160 | 949 |-5.037931e+00 |      --      |    Inf | unknown
  876s|126900 |126901 | 14742k| 116.2 |   555M | 101 | 302 | 104 | 413 | 735k|  2 |1161 | 949 |-5.037822e+00 |      --      |    Inf | unknown
  877s|127000 |127001 | 14757k| 116.2 |   556M | 101 | 302 | 104 | 322 | 736k|  2 |1161 | 950 |-5.037822e+00 |      --      |    Inf | unknown
  877s|127100 |127101 | 14768k| 116.2 |   557M | 101 | 302 | 106 | 594 | 736k|  2 |1163 | 950 |-5.037822e+00 |      --      |    Inf | unknown
  877s|127200 |127201 | 14777k| 116.2 |   557M | 101 | 302 | 107 | 547 | 737k|  3 |1164 | 950 |-5.037696e+00 |      --      |    Inf | unknown
  878s|127300 |127301 | 14787k| 116.1 |   557M | 101 | 302 | 105 | 518 | 738k|  2 |1164 | 951 |-5.037696e+00 |      --      |    Inf | unknown
 time | node  | left  |LP iter|LP it/n|mem/heur|mdpt |vars |cons |rows |cuts |sepa|confs|strbr|  dualbound   | primalbound  |  gap   | compl. 
  878s|127400 |127401 | 14798k| 116.1 |   557M | 101 | 302 | 107 | 541 | 738k|  5 |1166 | 951 |-5.037685e+00 |      --      |    Inf | unknown
  879s|127500 |127501 | 14813k| 116.2 |   557M | 101 | 302 | 106 | 548 | 739k|  2 |1166 | 951 |-5.037685e+00 |      --      |    Inf | unknown
  880s|127600 |127601 | 14822k| 116.1 |   557M | 101 | 302 | 106 | 479 | 739k|  3 |1167 | 951 |-5.037685e+00 |      --      |    Inf | unknown
  880s|127700 |127701 | 14834k| 116.1 |   558M | 101 | 302 | 106 | 512 | 740k|  2 |1169 | 952 |-5.037637e+00 |      --      |    Inf | unknown
  880s|127800 |127801 | 14843k| 116.1 |   559M | 101 | 302 | 105 | 438 | 740k|  2 |1169 | 952 |-5.037637e+00 |      --      |    Inf | unknown
  881s|127900 |127901 | 14853k| 116.1 |   560M | 101 | 302 | 106 | 402 | 741k|  2 |1171 | 953 |-5.037583e+00 |      --      |    Inf | unknown
  881s|128000 |128001 | 14861k| 116.1 |   560M | 101 | 302 | 107 | 386 | 741k|  2 |1172 | 953 |-5.037583e+00 |      --      |    Inf | unknown
  883s|128100 |128101 | 14873k| 116.1 |   560M | 101 | 302 | 107 | 379 | 742k|  2 |1174 | 953 |-5.037583e+00 |      --      |    Inf | unknown
  883s|128200 |128201 | 14882k| 116.1 |   561M | 101 | 302 | 108 | 408 | 743k|  1 |1176 | 953 |-5.037552e+00 |      --      |    Inf | unknown
  883s|128300 |128301 | 14891k| 116.0 |   561M | 101 | 302 | 110 | 352 | 743k|  1 |1178 | 953 |-5.037552e+00 |      --      |    Inf | unknown
  884s|128400 |128401 | 14900k| 116.0 |   561M | 101 | 302 | 111 | 579 | 744k|  2 |1179 | 953 |-5.037552e+00 |      --      |    Inf | unknown
  885s|128500 |128501 | 14910k| 116.0 |   561M | 101 | 302 | 109 | 542 | 744k|  2 |1180 | 953 |-5.037502e+00 |      --      |    Inf | unknown
  886s|128600 |128601 | 14926k| 116.0 |   562M | 101 | 302 | 108 | 483 | 745k|  2 |1181 | 953 |-5.037502e+00 |      --      |    Inf | unknown
  887s|128700 |128701 | 14938k| 116.1 |   563M | 101 | 302 | 107 | 523 | 746k|  2 |1182 | 953 |-5.037479e+00 |      --      |    Inf | unknown
  888s|128800 |128801 | 14949k| 116.0 |   563M | 101 | 302 | 109 | 505 | 746k|  1 |1185 | 953 |-5.037479e+00 |      --      |    Inf | unknown
 time | node  | left  |LP iter|LP it/n|mem/heur|mdpt |vars |cons |rows |cuts |sepa|confs|strbr|  dualbound   | primalbound  |  gap   | compl. 
  889s|128900 |128901 | 14963k| 116.1 |   564M | 101 | 302 | 106 | 517 | 747k|  3 |1185 | 953 |-5.037479e+00 |      --      |    Inf | unknown
  889s|129000 |129001 | 14972k| 116.0 |   564M | 101 | 302 | 106 | 494 | 747k|  1 |1185 | 953 |-5.037465e+00 |      --      |    Inf | unknown
  889s|129100 |129101 | 14981k| 116.0 |   564M | 101 | 302 | 106 | 521 | 748k|  4 |1185 | 953 |-5.037465e+00 |      --      |    Inf | unknown
  890s|129200 |129201 | 14991k| 116.0 |   564M | 101 | 302 | 106 | 447 | 748k|  2 |1186 | 953 |-5.037460e+00 |      --      |    Inf | unknown
  890s|129300 |129301 | 15001k| 116.0 |   564M | 101 | 302 | 104 | 478 | 749k|  3 |1186 | 953 |-5.037460e+00 |      --      |    Inf | unknown
  891s|129400 |129401 | 15010k| 116.0 |   564M | 101 | 302 | 103 | 397 | 749k|  2 |1186 | 953 |-5.037460e+00 |      --      |    Inf | unknown
  896s|129500 |129501 | 15024k| 116.0 |   564M | 101 | 302 | 102 | 388 | 750k|  5 |1186 | 953 |-5.037420e+00 |      --      |    Inf | unknown
  897s|129600 |129601 | 15033k| 116.0 |   565M | 101 | 302 | 102 | 360 | 751k|  3 |1186 | 953 |-5.037420e+00 |      --      |    Inf | unknown
  897s|129700 |129701 | 15044k| 116.0 |   565M | 101 | 302 | 104 | 597 | 751k|  2 |1189 | 953 |-5.037420e+00 |      --      |    Inf | unknown
  898s|129800 |129801 | 15052k| 116.0 |   565M | 101 | 302 | 104 | 547 | 752k|  2 |1189 | 953 |-5.037299e+00 |      --      |    Inf | unknown
  898s|129900 |129901 | 15062k| 115.9 |   566M | 101 | 302 | 105 | 556 | 752k|  3 |1190 | 953 |-5.037299e+00 |      --      |    Inf | unknown
  898s|130000 |130001 | 15071k| 115.9 |   566M | 101 | 302 | 106 | 473 | 753k|  2 |1191 | 953 |-5.037285e+00 |      --      |    Inf | unknown
  899s|130100 |130101 | 15083k| 115.9 |   567M | 101 | 302 | 108 | 555 | 753k|  5 |1193 | 953 |-5.037285e+00 |      --      |    Inf | unknown
  900s|130200 |130201 | 15103k| 116.0 |   567M | 101 | 302 | 102 | 530 | 754k|  5 |1193 | 953 |-5.037285e+00 |      --      |    Inf | unknown
  901s|130300 |130301 | 15112k| 116.0 |   567M | 101 | 302 | 102 | 488 | 754k|  4 |1193 | 953 |-5.037255e+00 |      --      |    Inf | unknown
 time | node  | left  |LP iter|LP it/n|mem/heur|mdpt |vars |cons |rows |cuts |sepa|confs|strbr|  dualbound   | primalbound  |  gap   | compl. 
  901s|130400 |130401 | 15121k| 115.9 |   568M | 101 | 302 | 103 | 478 | 755k|  2 |1194 | 953 |-5.037255e+00 |      --      |    Inf | unknown
  901s|130500 |130501 | 15131k| 115.9 |   569M | 101 | 302 | 102 | 450 | 756k|  2 |1194 | 953 |-5.037248e+00 |      --      |    Inf | unknown
  902s|130600 |130601 | 15142k| 115.9 |   569M | 101 | 302 | 105 | 396 | 756k|  2 |1197 | 953 |-5.037248e+00 |      --      |    Inf | unknown
  902s|130700 |130701 | 15151k| 115.9 |   570M | 101 | 302 | 105 | 388 | 757k|  2 |1197 | 953 |-5.037248e+00 |      --      |    Inf | unknown
  907s|130800 |130801 | 15169k| 116.0 |   570M | 101 | 302 | 106 | 391 | 757k|  2 |1198 | 953 |-5.037245e+00 |      --      |    Inf | unknown
  908s|130900 |130901 | 15178k| 115.9 |   571M | 101 | 302 | 106 | 345 | 758k|  3 |1199 | 953 |-5.037245e+00 |      --      |    Inf | unknown
  908s|131000 |131001 | 15187k| 115.9 |   571M | 101 | 302 | 108 | 598 | 759k|  1 |1201 | 953 |-5.037245e+00 |      --      |    Inf | unknown
  909s|131100 |131101 | 15202k| 115.9 |   571M | 101 | 302 | 104 | 541 | 759k|  3 |1201 | 953 |-5.037220e+00 |      --      |    Inf | unknown
  910s|131200 |131201 | 15214k| 115.9 |   572M | 101 | 302 | 105 | 551 | 760k|  3 |1202 | 953 |-5.037220e+00 |      --      |    Inf | unknown
  910s|131300 |131301 | 15224k| 115.9 |   572M | 101 | 302 | 103 | 502 | 760k|  2 |1202 | 953 |-5.037208e+00 |      --      |    Inf | unknown
  911s|131400 |131401 | 15234k| 115.9 |   572M | 101 | 302 | 102 | 547 | 761k|  2 |1202 | 953 |-5.037208e+00 |      --      |    Inf | unknown
  911s|131500 |131501 | 15242k| 115.9 |   572M | 101 | 302 | 102 | 486 | 762k|  2 |1202 | 953 |-5.037208e+00 |      --      |    Inf | unknown
  911s|131600 |131601 | 15252k| 115.9 |   572M | 101 | 302 | 103 | 526 | 762k|  2 |1203 | 953 |-5.037141e+00 |      --      |    Inf | unknown
  912s|131700 |131701 | 15261k| 115.9 |   573M | 101 | 302 | 104 | 437 | 763k|  2 |1204 | 953 |-5.037141e+00 |      --      |    Inf | unknown
  912s|131800 |131801 | 15270k| 115.8 |   573M | 101 | 302 | 103 | 445 | 763k|  4 |1204 | 953 |-5.037134e+00 |      --      |    Inf | unknown
 time | node  | left  |LP iter|LP it/n|mem/heur|mdpt |vars |cons |rows |cuts |sepa|confs|strbr|  dualbound   | primalbound  |  gap   | compl. 
  913s|131900 |131901 | 15288k| 115.9 |   573M | 101 | 302 | 103 | 432 | 764k|  3 |1204 | 953 |-5.037134e+00 |      --      |    Inf | unknown
  914s|132000 |132001 | 15299k| 115.9 |   576M | 101 | 302 | 105 | 416 | 765k|  2 |1206 | 953 |-5.037134e+00 |      --      |    Inf | unknown
  914s|132100 |132101 | 15309k| 115.9 |   576M | 101 | 302 | 105 | 432 | 765k|  4 |1206 | 953 |-5.037106e+00 |      --      |    Inf | unknown
  914s|132200 |132201 | 15318k| 115.9 |   576M | 101 | 302 | 105 | 334 | 766k|  3 |1207 | 953 |-5.037106e+00 |      --      |    Inf | unknown
  915s|132300 |132301 | 15333k| 115.9 |   576M | 101 | 302 | 104 | 585 | 766k|  2 |1207 | 953 |-5.037106e+00 |      --      |    Inf | unknown
  916s|132400 |132401 | 15342k| 115.9 |   576M | 101 | 302 | 104 | 552 | 767k|  2 |1207 | 953 |-5.037085e+00 |      --      |    Inf | unknown
  916s|132500 |132501 | 15350k| 115.8 |   576M | 101 | 302 | 106 | 540 | 767k|  3 |1210 | 953 |-5.037085e+00 |      --      |    Inf | unknown
  916s|132600 |132601 | 15359k| 115.8 |   577M | 101 | 302 | 106 | 484 | 768k|  2 |1210 | 953 |-5.037084e+00 |      --      |    Inf | unknown
  917s|132700 |132701 | 15370k| 115.8 |   578M | 101 | 302 | 107 | 520 | 769k|  2 |1213 | 954 |-5.037084e+00 |      --      |    Inf | unknown
  918s|132800 |132801 | 15382k| 115.8 |   580M | 101 | 302 | 108 | 522 | 769k|  2 |1214 | 954 |-5.037084e+00 |      --      |    Inf | unknown
  919s|132900 |132901 | 15393k| 115.8 |   580M | 101 | 302 | 108 | 497 | 770k|  2 |1214 | 954 |-5.037074e+00 |      --      |    Inf | unknown
  919s|133000 |133001 | 15402k| 115.8 |   580M | 101 | 302 | 107 | 524 | 770k|  2 |1215 | 954 |-5.037074e+00 |      --      |    Inf | unknown
  919s|133100 |133101 | 15411k| 115.8 |   580M | 101 | 302 | 106 | 430 | 771k|  3 |1215 | 954 |-5.037064e+00 |      --      |    Inf | unknown
  920s|133200 |133201 | 15420k| 115.8 |   580M | 101 | 302 | 107 | 416 | 771k|  2 |1217 | 954 |-5.037064e+00 |      --      |    Inf | unknown
  921s|133300 |133301 | 15430k| 115.7 |   580M | 101 | 302 | 107 | 449 | 772k|  4 |1217 | 954 |-5.037064e+00 |      --      |    Inf | unknown
 time | node  | left  |LP iter|LP it/n|mem/heur|mdpt |vars |cons |rows |cuts |sepa|confs|strbr|  dualbound   | primalbound  |  gap   | compl. 
  921s|133400 |133401 | 15439k| 115.7 |   580M | 101 | 302 | 107 | 410 | 773k|  4 |1217 | 955 |-5.036919e+00 |      --      |    Inf | unknown
  923s|133500 |133501 | 15450k| 115.7 |   580M | 101 | 302 | 106 | 381 | 773k|  2 |1218 | 955 |-5.036919e+00 |      --      |    Inf | unknown
  924s|133600 |133601 | 15464k| 115.7 |   581M | 101 | 302 | 103 | 549 | 774k|  2 |1219 | 955 |-5.036919e+00 |      --      |    Inf | unknown
  924s|133700 |133701 | 15473k| 115.7 |   581M | 101 | 302 | 104 | 607 | 774k|  2 |1220 | 955 |-5.036900e+00 |      --      |    Inf | unknown
  925s|133800 |133801 | 15490k| 115.8 |   581M | 101 | 302 | 103 | 574 | 775k|  4 |1220 | 956 |-5.036900e+00 |      --      |    Inf | unknown
  925s|133900 |133901 | 15499k| 115.7 |   582M | 101 | 302 | 103 | 509 | 775k|  2 |1220 | 956 |-5.036899e+00 |      --      |    Inf | unknown
  926s|134000 |134001 | 15508k| 115.7 |   582M | 101 | 302 | 103 | 484 | 776k|  3 |1220 | 956 |-5.036899e+00 |      --      |    Inf | unknown
  926s|134100 |134101 | 15519k| 115.7 |   582M | 101 | 302 | 104 | 525 | 777k|  1 |1221 | 956 |-5.036899e+00 |      --      |    Inf | unknown
  932s|134200 |134201 | 15536k| 115.8 |   583M | 101 | 302 | 103 | 518 | 777k|  2 |1222 | 957 |-5.036884e+00 |      --      |    Inf | unknown
  933s|134300 |134301 | 15546k| 115.7 |   584M | 101 | 302 | 103 | 477 | 778k|  5 |1222 | 957 |-5.036884e+00 |      --      |    Inf | unknown
  933s|134400 |134401 | 15555k| 115.7 |   585M | 101 | 302 | 105 | 400 | 778k|  2 |1224 | 957 |-5.036882e+00 |      --      |    Inf | unknown
  934s|134500 |134501 | 15566k| 115.7 |   585M | 101 | 302 | 106 | 473 | 779k|  2 |1225 | 957 |-5.036882e+00 |      --      |    Inf | unknown
  934s|134600 |134601 | 15579k| 115.7 |   586M | 101 | 302 | 106 | 405 | 779k|  2 |1226 | 958 |-5.036882e+00 |      --      |    Inf | unknown
  935s|134700 |134701 | 15588k| 115.7 |   586M | 101 | 302 | 108 | 406 | 780k|  3 |1228 | 958 |-5.036875e+00 |      --      |    Inf | unknown
  935s|134800 |134801 | 15597k| 115.7 |   586M | 101 | 302 | 110 | 325 | 780k|  4 |1230 | 958 |-5.036875e+00 |      --      |    Inf | unknown
 time | node  | left  |LP iter|LP it/n|mem/heur|mdpt |vars |cons |rows |cuts |sepa|confs|strbr|  dualbound   | primalbound  |  gap   | compl. 
  936s|134900 |134901 | 15609k| 115.7 |   586M | 101 | 302 | 106 | 628 | 781k|  3 |1231 | 958 |-5.036875e+00 |      --      |    Inf | unknown
  936s|135000 |135001 | 15618k| 115.7 |   586M | 101 | 302 | 106 | 551 | 782k|  2 |1231 | 958 |-5.036722e+00 |      --      |    Inf | unknown
  937s|135100 |135101 | 15626k| 115.7 |   586M | 101 | 302 | 107 | 572 | 782k|  3 |1232 | 958 |-5.036722e+00 |      --      |    Inf | unknown
  937s|135200 |135201 | 15636k| 115.6 |   587M | 101 | 302 | 107 | 483 | 783k|  2 |1232 | 958 |-5.036654e+00 |      --      |    Inf | unknown
  937s|135300 |135301 | 15645k| 115.6 |   588M | 101 | 302 | 108 | 528 | 783k|  3 |1233 | 959 |-5.036654e+00 |      --      |    Inf | unknown
  938s|135400 |135401 | 15656k| 115.6 |   588M | 101 | 302 | 109 | 497 | 784k|  2 |1235 | 959 |-5.036654e+00 |      --      |    Inf | unknown
  939s|135500 |135501 | 15668k| 115.6 |   588M | 101 | 302 | 106 | 462 | 785k|  2 |1235 | 959 |-5.036562e+00 |      --      |    Inf | unknown
  939s|135600 |135601 | 15677k| 115.6 |   588M | 101 | 302 | 107 | 466 | 785k|  2 |1236 | 959 |-5.036562e+00 |      --      |    Inf | unknown
  940s|135700 |135701 | 15691k| 115.6 |   588M | 101 | 302 | 103 | 435 | 786k|  3 |1237 | 959 |-5.036499e+00 |      --      |    Inf | unknown
  941s|135800 |135801 | 15707k| 115.6 |   588M | 101 | 302 | 103 | 451 | 786k|  4 |1238 | 959 |-5.036499e+00 |      --      |    Inf | unknown
  941s|135900 |135901 | 15716k| 115.6 |   588M | 101 | 302 | 105 | 419 | 787k|  3 |1240 | 959 |-5.036499e+00 |      --      |    Inf | unknown
  946s|136000 |136001 | 15734k| 115.7 |   590M | 101 | 302 | 105 | 390 | 787k|  2 |1241 | 959 |-5.036467e+00 |      --      |    Inf | unknown
  947s|136100 |136101 | 15742k| 115.6 |   590M | 101 | 302 | 105 | 326 | 788k|  2 |1241 | 959 |-5.036467e+00 |      --      |    Inf | unknown
  947s|136200 |136201 | 15751k| 115.6 |   590M | 101 | 302 | 107 | 552 | 789k|  4 |1243 | 959 |-5.036467e+00 |      --      |    Inf | unknown
  948s|136300 |136301 | 15762k| 115.6 |   590M | 101 | 302 | 104 | 539 | 789k|  2 |1243 | 959 |-5.036450e+00 |      --      |    Inf | unknown
 time | node  | left  |LP iter|LP it/n|mem/heur|mdpt |vars |cons |rows |cuts |sepa|confs|strbr|  dualbound   | primalbound  |  gap   | compl. 
  948s|136400 |136401 | 15771k| 115.6 |   590M | 101 | 302 | 105 | 490 | 790k|  3 |1244 | 959 |-5.036450e+00 |      --      |    Inf | unknown
  949s|136500 |136501 | 15781k| 115.6 |   591M | 101 | 302 | 106 | 508 | 790k|  2 |1245 | 959 |-5.036437e+00 |      --      |    Inf | unknown
  949s|136600 |136601 | 15790k| 115.6 |   591M | 101 | 302 | 107 | 539 | 791k|  2 |1246 | 959 |-5.036437e+00 |      --      |    Inf | unknown
  950s|136700 |136701 | 15806k| 115.6 |   591M | 101 | 302 | 104 | 509 | 791k|  2 |1246 | 959 |-5.036437e+00 |      --      |    Inf | unknown
  950s|136800 |136801 | 15817k| 115.6 |   592M | 101 | 302 | 104 | 467 | 792k|  2 |1246 | 959 |-5.036425e+00 |      --      |    Inf | unknown
  951s|136900 |136901 | 15825k| 115.6 |   592M | 101 | 302 | 104 | 435 | 793k|  2 |1246 | 959 |-5.036425e+00 |      --      |    Inf | unknown
  951s|137000 |137001 | 15836k| 115.6 |   592M | 101 | 302 | 105 | 429 | 793k|  5 |1247 | 959 |-5.036416e+00 |      --      |    Inf | unknown
  952s|137100 |137101 | 15846k| 115.6 |   593M | 101 | 302 | 108 | 409 | 794k|  2 |1250 | 959 |-5.036416e+00 |      --      |    Inf | unknown
  952s|137200 |137201 | 15858k| 115.6 |   594M | 101 | 302 | 105 | 422 | 794k|  2 |1250 | 959 |-5.036416e+00 |      --      |    Inf | unknown
  953s|137300 |137301 | 15867k| 115.5 |   594M | 101 | 302 | 106 | 387 | 795k|  3 |1251 | 959 |-5.036403e+00 |      --      |    Inf | unknown
  953s|137400 |137401 | 15876k| 115.5 |   594M | 101 | 302 | 108 | 367 | 795k|  2 |1253 | 959 |-5.036403e+00 |      --      |    Inf | unknown
  954s|137500 |137501 | 15886k| 115.5 |   594M | 101 | 302 | 110 | 564 | 796k|  5 |1255 | 959 |-5.036403e+00 |      --      |    Inf | unknown
  954s|137600 |137601 | 15902k| 115.6 |   594M | 101 | 302 | 106 | 558 | 796k|  2 |1255 | 959 |-5.036399e+00 |      --      |    Inf | unknown
  955s|137700 |137701 | 15912k| 115.5 |   595M | 101 | 302 | 106 | 536 | 797k|  3 |1255 | 959 |-5.036399e+00 |      --      |    Inf | unknown
  955s|137800 |137801 | 15922k| 115.5 |   595M | 101 | 302 | 107 | 482 | 798k|  4 |1256 | 959 |-5.036362e+00 |      --      |    Inf | unknown
 time | node  | left  |LP iter|LP it/n|mem/heur|mdpt |vars |cons |rows |cuts |sepa|confs|strbr|  dualbound   | primalbound  |  gap   | compl. 
  956s|137900 |137901 | 15932k| 115.5 |   596M | 101 | 302 | 108 | 504 | 798k|  2 |1257 | 959 |-5.036362e+00 |      --      |    Inf | unknown
  957s|138000 |138001 | 15945k| 115.5 |   596M | 101 | 302 | 103 | 544 | 799k|  2 |1257 | 959 |-5.036362e+00 |      --      |    Inf | unknown
  958s|138100 |138101 | 15956k| 115.5 |   597M | 101 | 302 | 103 | 484 | 799k|  2 |1257 | 959 |-5.036199e+00 |      --      |    Inf | unknown
  959s|138200 |138201 | 15966k| 115.5 |   597M | 101 | 302 | 103 | 463 | 800k|  5 |1259 | 959 |-5.036199e+00 |      --      |    Inf | unknown
  959s|138300 |138301 | 15977k| 115.5 |   597M | 101 | 302 | 104 | 436 | 800k|  5 |1260 | 959 |-5.036142e+00 |      --      |    Inf | unknown
  961s|138400 |138401 | 15990k| 115.5 |   598M | 101 | 302 | 104 | 402 | 801k|  4 |1260 | 959 |-5.036142e+00 |      --      |    Inf | unknown
  962s|138500 |138501 | 16002k| 115.5 |   599M | 101 | 302 | 104 | 422 | 802k|  2 |1260 | 959 |-5.036142e+00 |      --      |    Inf | unknown
  963s|138600 |138601 | 16013k| 115.5 |   599M | 101 | 302 | 104 | 398 | 802k|  2 |1261 | 959 |-5.036126e+00 |      --      |    Inf | unknown
  963s|138700 |138701 | 16022k| 115.5 |   600M | 101 | 302 | 102 | 372 | 803k|  2 |1261 | 959 |-5.036126e+00 |      --      |    Inf | unknown
  964s|138800 |138801 | 16031k| 115.5 |   600M | 101 | 302 | 104 | 554 | 803k|  4 |1263 | 959 |-5.036126e+00 |      --      |    Inf | unknown
  964s|138900 |138901 | 16041k| 115.5 |   600M | 101 | 302 | 105 | 527 | 804k|  1 |1264 | 959 |-5.036084e+00 |      --      |    Inf | unknown
  964s|139000 |139001 | 16050k| 115.4 |   600M | 101 | 302 | 105 | 510 | 804k|  2 |1264 | 959 |-5.036084e+00 |      --      |    Inf | unknown
  965s|139100 |139101 | 16060k| 115.4 |   600M | 101 | 302 | 108 | 499 | 805k|  2 |1267 | 959 |-5.036079e+00 |      --      |    Inf | unknown
  966s|139200 |139201 | 16081k| 115.5 |   601M | 101 | 302 | 102 | 571 | 806k|  3 |1267 | 959 |-5.036079e+00 |      --      |    Inf | unknown
  972s|139300 |139301 | 16100k| 115.6 |   602M | 101 | 302 | 101 | 468 | 806k|  2 |1267 | 959 |-5.036079e+00 |      --      |    Inf | unknown
 time | node  | left  |LP iter|LP it/n|mem/heur|mdpt |vars |cons |rows |cuts |sepa|confs|strbr|  dualbound   | primalbound  |  gap   | compl. 
  973s|139400 |139401 | 16109k| 115.5 |   602M | 101 | 302 | 101 | 467 | 807k|  3 |1267 | 959 |-5.036050e+00 |      --      |    Inf | unknown
  973s|139500 |139501 | 16120k| 115.5 |   602M | 101 | 302 | 102 | 428 | 808k|  2 |1268 | 959 |-5.036050e+00 |      --      |    Inf | unknown
  974s|139600 |139601 | 16129k| 115.5 |   602M | 101 | 302 | 103 | 427 | 808k|  4 |1269 | 959 |-5.036012e+00 |      --      |    Inf | unknown
  974s|139700 |139701 | 16140k| 115.5 |   603M | 101 | 302 | 103 | 426 | 809k|  2 |1269 | 959 |-5.036012e+00 |      --      |    Inf | unknown
  974s|139800 |139801 | 16148k| 115.5 |   603M | 101 | 302 | 103 | 408 | 809k|  2 |1269 | 959 |-5.036012e+00 |      --      |    Inf | unknown
  975s|139900 |139901 | 16159k| 115.5 |   603M | 101 | 302 | 106 | 394 | 810k|  5 |1272 | 959 |-5.036001e+00 |      --      |    Inf | unknown
  976s|140000 |140001 | 16170k| 115.5 |   604M | 101 | 302 | 106 | 383 | 811k|  1 |1272 | 959 |-5.036001e+00 |      --      |    Inf | unknown
  976s|140100 |140101 | 16180k| 115.5 |   604M | 101 | 302 | 107 | 607 | 811k|  2 |1273 | 959 |-5.036001e+00 |      --      |    Inf | unknown
  976s|140200 |140201 | 16189k| 115.5 |   604M | 101 | 302 | 106 | 513 | 812k|  2 |1273 | 959 |-5.035999e+00 |      --      |    Inf | unknown
  977s|140300 |140301 | 16203k| 115.5 |   604M | 101 | 302 | 104 | 526 | 812k|  4 |1273 | 959 |-5.035999e+00 |      --      |    Inf | unknown
  978s|140400 |140401 | 16214k| 115.5 |   604M | 101 | 302 | 104 | 503 | 813k|  2 |1274 | 959 |-5.035991e+00 |      --      |    Inf | unknown
  978s|140500 |140501 | 16222k| 115.4 |   605M | 101 | 302 | 105 | 517 | 813k|  2 |1276 | 959 |-5.035991e+00 |      --      |    Inf | unknown
  979s|140600 |140601 | 16234k| 115.4 |   605M | 101 | 302 | 106 | 496 | 814k|  2 |1278 | 959 |-5.035991e+00 |      --      |    Inf | unknown
  979s|140700 |140701 | 16244k| 115.4 |   605M | 101 | 302 | 107 | 462 | 815k|  5 |1279 | 959 |-5.035793e+00 |      --      |    Inf | unknown
  979s|140800 |140801 | 16254k| 115.4 |   607M | 101 | 302 | 107 | 427 | 815k|  2 |1279 | 959 |-5.035793e+00 |      --      |    Inf | unknown
 time | node  | left  |LP iter|LP it/n|mem/heur|mdpt |vars |cons |rows |cuts |sepa|confs|strbr|  dualbound   | primalbound  |  gap   | compl. 
  985s|140900 |140901 | 16277k| 115.5 |   608M | 101 | 302 | 102 | 409 | 816k|  3 |1279 | 959 |-5.035754e+00 |      --      |    Inf | unknown
  986s|141000 |141001 | 16286k| 115.5 |   608M | 101 | 302 | 102 | 437 | 816k|  2 |1280 | 959 |-5.035754e+00 |      --      |    Inf | unknown
  986s|141100 |141101 | 16296k| 115.5 |   608M | 101 | 302 | 103 | 449 | 817k|  2 |1281 | 959 |-5.035754e+00 |      --      |    Inf | unknown
  987s|141200 |141201 | 16305k| 115.5 |   608M | 101 | 302 | 104 | 428 | 818k|  2 |1282 | 959 |-5.035747e+00 |      --      |    Inf | unknown
  988s|141300 |141301 | 16320k| 115.5 |   608M | 101 | 302 | 105 | 433 | 818k|  4 |1283 | 959 |-5.035747e+00 |      --      |    Inf | unknown
  988s|141400 |141401 | 16329k| 115.5 |   608M | 101 | 302 | 106 | 575 | 819k|  2 |1284 | 959 |-5.035747e+00 |      --      |    Inf | unknown
  988s|141500 |141501 | 16338k| 115.4 |   608M | 101 | 302 | 107 | 597 | 819k|  2 |1285 | 959 |-5.035531e+00 |      --      |    Inf | unknown
  989s|141600 |141601 | 16348k| 115.4 |   609M | 101 | 302 | 108 | 544 | 820k|  3 |1286 | 959 |-5.035531e+00 |      --      |    Inf | unknown
  989s|141700 |141701 | 16359k| 115.4 |   610M | 101 | 302 | 108 | 527 | 820k|  2 |1287 | 959 |-5.035520e+00 |      --      |    Inf | unknown
  990s|141800 |141801 | 16370k| 115.4 |   611M | 101 | 302 | 107 | 503 | 821k|  4 |1288 | 959 |-5.035520e+00 |      --      |    Inf | unknown
  990s|141900 |141901 | 16379k| 115.4 |   611M | 101 | 302 | 108 | 485 | 822k|  4 |1289 | 959 |-5.035520e+00 |      --      |    Inf | unknown
  991s|142000 |142001 | 16388k| 115.4 |   611M | 101 | 302 | 108 | 467 | 822k|  2 |1289 | 959 |-5.035508e+00 |      --      |    Inf | unknown
  991s|142100 |142101 | 16398k| 115.4 |   611M | 101 | 302 | 108 | 456 | 823k|  2 |1289 | 959 |-5.035508e+00 |      --      |    Inf | unknown
  991s|142200 |142201 | 16408k| 115.4 |   611M | 101 | 302 | 107 | 412 | 823k|  2 |1290 | 959 |-5.035506e+00 |      --      |    Inf | unknown
  992s|142300 |142301 | 16418k| 115.4 |   611M | 101 | 302 | 107 | 449 | 824k|  3 |1291 | 959 |-5.035506e+00 |      --      |    Inf | unknown
 time | node  | left  |LP iter|LP it/n|mem/heur|mdpt |vars |cons |rows |cuts |sepa|confs|strbr|  dualbound   | primalbound  |  gap   | compl. 
  992s|142400 |142401 | 16428k| 115.3 |   611M | 101 | 302 | 107 | 395 | 824k|  2 |1292 | 959 |-5.035506e+00 |      --      |    Inf | unknown
  994s|142500 |142501 | 16442k| 115.4 |   613M | 101 | 302 | 108 | 384 | 825k|  2 |1295 | 959 |-5.035409e+00 |      --      |    Inf | unknown
  994s|142600 |142601 | 16452k| 115.4 |   613M | 101 | 302 | 109 | 359 | 826k|  4 |1297 | 959 |-5.035409e+00 |      --      |    Inf | unknown
  995s|142700 |142701 | 16461k| 115.3 |   613M | 101 | 302 | 108 | 562 | 826k|  1 |1297 | 959 |-5.035409e+00 |      --      |    Inf | unknown
  995s|142800 |142801 | 16477k| 115.4 |   613M | 101 | 302 | 106 | 553 | 827k|  2 |1297 | 959 |-5.035362e+00 |      --      |    Inf | unknown
  996s|142900 |142901 | 16486k| 115.4 |   613M | 101 | 302 | 107 | 553 | 827k|  2 |1299 | 959 |-5.035362e+00 |      --      |    Inf | unknown
  997s|143000 |143001 | 16497k| 115.3 |   613M | 101 | 302 | 106 | 458 | 828k|  2 |1300 | 959 |-5.035234e+00 |      --      |    Inf | unknown
  997s|143100 |143101 | 16506k| 115.3 |   613M | 101 | 302 | 107 | 517 | 828k|  4 |1301 | 959 |-5.035234e+00 |      --      |    Inf | unknown
  999s|143200 |143201 | 16516k| 115.3 |   613M | 101 | 302 | 107 | 492 | 829k|  2 |1303 | 959 |-5.035234e+00 |      --      |    Inf | unknown
 1000s|143300 |143301 | 16524k| 115.3 |   614M | 101 | 302 | 107 | 476 | 829k|  2 |1303 | 959 |-5.035201e+00 |      --      |    Inf | unknown
 1000s|143400 |143401 | 16537k| 115.3 |   614M | 101 | 302 | 104 | 475 | 830k|  4 |1304 | 959 |-5.035201e+00 |      --      |    Inf | unknown
 1001s|143500 |143501 | 16547k| 115.3 |   615M | 101 | 302 | 104 | 435 | 830k|  4 |1304 | 959 |-5.035185e+00 |      --      |    Inf | unknown
 1001s|143600 |143601 | 16557k| 115.3 |   615M | 101 | 302 | 105 | 442 | 831k|  2 |1305 | 959 |-5.035185e+00 |      --      |    Inf | unknown
 1002s|143700 |143701 | 16566k| 115.3 |   615M | 101 | 302 | 105 | 436 | 831k|  3 |1305 | 959 |-5.035185e+00 |      --      |    Inf | unknown
 1008s|143800 |143801 | 16583k| 115.3 |   615M | 101 | 302 | 103 | 400 | 832k|  2 |1305 | 959 |-5.035177e+00 |      --      |    Inf | unknown
 time | node  | left  |LP iter|LP it/n|mem/heur|mdpt |vars |cons |rows |cuts |sepa|confs|strbr|  dualbound   | primalbound  |  gap   | compl. 
 1008s|143900 |143901 | 16592k| 115.3 |   615M | 101 | 302 | 103 | 387 | 833k|  2 |1305 | 959 |-5.035177e+00 |      --      |    Inf | unknown
 1009s|144000 |144001 | 16601k| 115.3 |   615M | 101 | 302 | 103 | 569 | 833k|  3 |1306 | 959 |-5.035177e+00 |      --      |    Inf | unknown
 1009s|144100 |144101 | 16611k| 115.3 |   615M | 101 | 302 | 104 | 549 | 834k|  3 |1307 | 959 |-5.035167e+00 |      --      |    Inf | unknown
 1009s|144200 |144201 | 16620k| 115.2 |   617M | 101 | 302 | 104 | 527 | 834k|  2 |1308 | 959 |-5.035167e+00 |      --      |    Inf | unknown
 1010s|144300 |144301 | 16629k| 115.2 |   617M | 101 | 302 | 104 | 487 | 835k|  2 |1308 | 959 |-5.035080e+00 |      --      |    Inf | unknown
 1010s|144400 |144401 | 16638k| 115.2 |   617M | 101 | 302 | 104 | 520 | 835k|  4 |1308 | 959 |-5.035080e+00 |      --      |    Inf | unknown
 1011s|144500 |144501 | 16658k| 115.3 |   619M | 101 | 302 | 101 | 503 | 836k|  3 |1308 | 959 |-5.035080e+00 |      --      |    Inf | unknown
 1012s|144600 |144601 | 16669k| 115.3 |   619M | 101 | 302 | 102 | 482 | 837k|  3 |1309 | 959 |-5.035010e+00 |      --      |    Inf | unknown
 1012s|144700 |144701 | 16678k| 115.2 |   619M | 101 | 302 | 102 | 484 | 837k|  2 |1309 | 959 |-5.035010e+00 |      --      |    Inf | unknown
 1013s|144800 |144801 | 16688k| 115.2 |   619M | 101 | 302 | 103 | 410 | 838k|  2 |1310 | 959 |-5.034834e+00 |      --      |    Inf | unknown
 1013s|144900 |144901 | 16697k| 115.2 |   619M | 101 | 302 | 104 | 443 | 838k|  2 |1311 | 959 |-5.034834e+00 |      --      |    Inf | unknown
 1014s|145000 |145001 | 16708k| 115.2 |   621M | 101 | 302 | 105 | 399 | 839k|  4 |1312 | 959 |-5.034834e+00 |      --      |    Inf | unknown
 1014s|145100 |145101 | 16718k| 115.2 |   624M | 101 | 302 | 106 | 420 | 839k|  2 |1313 | 959 |-5.034827e+00 |      --      |    Inf | unknown
 1015s|145200 |145201 | 16726k| 115.2 |   624M | 101 | 302 | 106 | 348 | 840k|  2 |1313 | 959 |-5.034827e+00 |      --      |    Inf | unknown
 1015s|145300 |145301 | 16736k| 115.2 |   625M | 101 | 302 | 107 | 483 | 840k|  3 |1314 | 959 |-5.034827e+00 |      --      |    Inf | unknown
 time | node  | left  |LP iter|LP it/n|mem/heur|mdpt |vars |cons |rows |cuts |sepa|confs|strbr|  dualbound   | primalbound  |  gap   | compl. 
 1021s|145400 |145401 | 16752k| 115.2 |   625M | 101 | 302 | 104 | 589 | 841k|  2 |1314 | 959 |-5.034698e+00 |      --      |    Inf | unknown
 1021s|145500 |145501 | 16762k| 115.2 |   625M | 101 | 302 | 104 | 529 | 842k|  3 |1314 | 959 |-5.034698e+00 |      --      |    Inf | unknown
 1022s|145600 |145601 | 16776k| 115.2 |   625M | 101 | 302 | 103 | 466 | 842k|  2 |1316 | 959 |-5.034691e+00 |      --      |    Inf | unknown
 1023s|145700 |145701 | 16787k| 115.2 |   625M | 101 | 302 | 105 | 508 | 843k|  4 |1318 | 959 |-5.034691e+00 |      --      |    Inf | unknown
 1023s|145800 |145801 | 16796k| 115.2 |   625M | 101 | 302 | 105 | 503 | 843k|  5 |1318 | 959 |-5.034691e+00 |      --      |    Inf | unknown
 1023s|145900 |145901 | 16806k| 115.2 |   627M | 101 | 302 | 108 | 480 | 844k|  4 |1321 | 959 |-5.034664e+00 |      --      |    Inf | unknown
 1024s|146000 |146001 | 16815k| 115.2 |   628M | 101 | 302 | 110 | 514 | 844k|  2 |1323 | 959 |-5.034664e+00 |      --      |    Inf | unknown
 1024s|146100 |146101 | 16826k| 115.2 |   628M | 101 | 302 | 109 | 457 | 845k|  5 |1324 | 959 |-5.034607e+00 |      --      |    Inf | unknown
 1025s|146200 |146201 | 16840k| 115.2 |   628M | 101 | 302 | 109 | 442 | 845k|  2 |1324 | 959 |-5.034607e+00 |      --      |    Inf | unknown
 1025s|146300 |146301 | 16851k| 115.2 |   628M | 101 | 302 | 109 | 439 | 846k|  2 |1326 | 959 |-5.034607e+00 |      --      |    Inf | unknown
 1026s|146400 |146401 | 16861k| 115.2 |   628M | 101 | 302 | 109 | 435 | 847k|  2 |1326 | 959 |-5.034564e+00 |      --      |    Inf | unknown
 1026s|146500 |146501 | 16873k| 115.2 |   628M | 101 | 302 | 108 | 333 | 847k|  2 |1330 | 959 |-5.034564e+00 |      --      |    Inf | unknown
 1027s|146600 |146601 | 16882k| 115.1 |   628M | 101 | 302 | 107 | 567 | 848k|  3 |1330 | 959 |-5.034564e+00 |      --      |    Inf | unknown
 1027s|146700 |146701 | 16891k| 115.1 |   630M | 101 | 302 | 107 | 590 | 848k|  2 |1330 | 959 |-5.034559e+00 |      --      |    Inf | unknown
 1028s|146800 |146801 | 16904k| 115.1 |   630M | 101 | 302 | 107 | 547 | 849k|  2 |1330 | 959 |-5.034559e+00 |      --      |    Inf | unknown
 time | node  | left  |LP iter|LP it/n|mem/heur|mdpt |vars |cons |rows |cuts |sepa|confs|strbr|  dualbound   | primalbound  |  gap   | compl. 
 1028s|146900 |146901 | 16914k| 115.1 |   630M | 101 | 302 | 106 | 496 | 850k|  3 |1330 | 959 |-5.034536e+00 |      --      |    Inf | unknown
 1030s|147000 |147001 | 16925k| 115.1 |   630M | 101 | 302 | 105 | 509 | 850k|  3 |1331 | 959 |-5.034536e+00 |      --      |    Inf | unknown
 1030s|147100 |147101 | 16933k| 115.1 |   630M | 101 | 302 | 104 | 458 | 851k|  2 |1331 | 959 |-5.034536e+00 |      --      |    Inf | unknown
 1030s|147200 |147201 | 16944k| 115.1 |   630M | 101 | 302 | 104 | 524 | 851k|  1 |1333 | 959 |-5.034531e+00 |      --      |    Inf | unknown
 1031s|147300 |147301 | 16953k| 115.1 |   630M | 101 | 302 | 105 | 466 | 852k|  2 |1334 | 959 |-5.034531e+00 |      --      |    Inf | unknown
 1032s|147400 |147401 | 16963k| 115.1 |   630M | 101 | 302 | 108 | 430 | 852k|  2 |1337 | 959 |-5.034450e+00 |      --      |    Inf | unknown
 1032s|147500 |147501 | 16973k| 115.1 |   632M | 101 | 302 | 109 | 471 | 853k|  3 |1338 | 959 |-5.034450e+00 |      --      |    Inf | unknown
 1033s|147600 |147601 | 16983k| 115.0 |   632M | 101 | 302 | 110 | 422 | 853k|  5 |1339 | 959 |-5.034450e+00 |      --      |    Inf | unknown
 1035s|147700 |147701 | 17003k| 115.1 |   636M | 101 | 302 | 104 | 407 | 854k|  2 |1339 | 959 |-5.034422e+00 |      --      |    Inf | unknown
 1036s|147800 |147801 | 17016k| 115.1 |   636M | 101 | 302 | 102 | 389 | 855k|  2 |1339 | 959 |-5.034422e+00 |      --      |    Inf | unknown
 1037s|147900 |147901 | 17028k| 115.1 |   636M | 101 | 302 | 101 | 544 | 855k|  2 |1339 | 959 |-5.034422e+00 |      --      |    Inf | unknown
 1037s|148000 |148001 | 17038k| 115.1 |   636M | 101 | 302 | 101 | 514 | 856k|  3 |1339 | 959 |-5.034393e+00 |      --      |    Inf | unknown
 1038s|148100 |148101 | 17054k| 115.1 |   636M | 101 | 302 | 101 | 568 | 857k|  2 |1339 | 959 |-5.034393e+00 |      --      |    Inf | unknown
 1038s|148200 |148201 | 17064k| 115.1 |   636M | 101 | 302 | 102 | 502 | 857k|  2 |1340 | 959 |-5.034369e+00 |      --      |    Inf | unknown
 1045s|148300 |148301 | 17080k| 115.2 |   638M | 101 | 302 | 103 | 524 | 858k|  2 |1341 | 959 |-5.034369e+00 |      --      |    Inf | unknown
 time | node  | left  |LP iter|LP it/n|mem/heur|mdpt |vars |cons |rows |cuts |sepa|confs|strbr|  dualbound   | primalbound  |  gap   | compl. 
 1045s|148400 |148401 | 17088k| 115.1 |   638M | 101 | 302 | 103 | 507 | 858k|  4 |1341 | 959 |-5.034369e+00 |      --      |    Inf | unknown
 1046s|148500 |148501 | 17099k| 115.1 |   638M | 101 | 302 | 104 | 495 | 859k|  2 |1343 | 959 |-5.034350e+00 |      --      |    Inf | unknown
 1046s|148600 |148601 | 17109k| 115.1 |   639M | 101 | 302 | 105 | 491 | 859k|  2 |1344 | 959 |-5.034350e+00 |      --      |    Inf | unknown
 1047s|148700 |148701 | 17118k| 115.1 |   639M | 101 | 302 | 105 | 431 | 860k|  5 |1345 | 959 |-5.034230e+00 |      --      |    Inf | unknown
 1047s|148800 |148801 | 17128k| 115.1 |   639M | 101 | 302 | 106 | 478 | 861k|  2 |1346 | 959 |-5.034230e+00 |      --      |    Inf | unknown
 1047s|148900 |148901 | 17136k| 115.1 |   640M | 101 | 302 | 108 | 414 | 861k|  2 |1348 | 959 |-5.034230e+00 |      --      |    Inf | unknown
 1048s|149000 |149001 | 17147k| 115.1 |   640M | 101 | 302 | 108 | 424 | 862k|  2 |1348 | 959 |-5.034222e+00 |      --      |    Inf | unknown
 1048s|149100 |149101 | 17156k| 115.1 |   642M | 101 | 302 | 109 | 404 | 862k|  2 |1349 | 959 |-5.034222e+00 |      --      |    Inf | unknown
 1049s|149200 |149201 | 17170k| 115.1 |   642M | 101 | 302 | 108 | 524 | 863k|  3 |1351 | 959 |-5.034222e+00 |      --      |    Inf | unknown
 1049s|149300 |149301 | 17179k| 115.1 |   642M | 101 | 302 | 107 | 544 | 864k|  2 |1351 | 959 |-5.034221e+00 |      --      |    Inf | unknown
 1050s|149400 |149401 | 17189k| 115.0 |   642M | 101 | 302 | 107 | 521 | 864k|  2 |1352 | 959 |-5.034221e+00 |      --      |    Inf | unknown
 1051s|149500 |149501 | 17210k| 115.1 |   643M | 101 | 302 | 102 | 506 | 865k|  2 |1352 | 959 |-5.034175e+00 |      --      |    Inf | unknown
 1052s|149600 |149601 | 17221k| 115.1 |   643M | 101 | 302 | 102 | 509 | 865k|  2 |1352 | 959 |-5.034175e+00 |      --      |    Inf | unknown
 1052s|149700 |149701 | 17230k| 115.1 |   643M | 101 | 302 | 102 | 513 | 866k|  2 |1352 | 959 |-5.034175e+00 |      --      |    Inf | unknown
 1052s|149800 |149801 | 17240k| 115.1 |   643M | 101 | 302 | 102 | 507 | 867k|  2 |1353 | 959 |-5.034086e+00 |      --      |    Inf | unknown
 time | node  | left  |LP iter|LP it/n|mem/heur|mdpt |vars |cons |rows |cuts |sepa|confs|strbr|  dualbound   | primalbound  |  gap   | compl. 
 1058s|149900 |149901 | 17257k| 115.1 |   645M | 101 | 302 | 103 | 477 | 867k|  2 |1354 | 959 |-5.034086e+00 |      --      |    Inf | unknown
 1059s|150000 |150001 | 17267k| 115.1 |   645M | 101 | 302 | 105 | 401 | 868k|  2 |1356 | 959 |-5.034078e+00 |      --      |    Inf | unknown
 1059s|150100 |150101 | 17276k| 115.1 |   645M | 101 | 302 | 106 | 469 | 868k|  2 |1357 | 959 |-5.034078e+00 |      --      |    Inf | unknown
 1060s|150200 |150201 | 17285k| 115.1 |   645M | 101 | 302 | 106 | 438 | 869k|  5 |1357 | 959 |-5.034078e+00 |      --      |    Inf | unknown
 1060s|150300 |150301 | 17295k| 115.1 |   645M | 101 | 302 | 108 | 426 | 869k|  4 |1359 | 959 |-5.034033e+00 |      --      |    Inf | unknown
 1061s|150400 |150401 | 17305k| 115.0 |   645M | 101 | 302 | 108 | 347 | 870k|  2 |1360 | 959 |-5.034033e+00 |      --      |    Inf | unknown
 1061s|150500 |150501 | 17320k| 115.1 |   646M | 101 | 302 | 107 | 554 | 871k|  2 |1360 | 959 |-5.034033e+00 |      --      |    Inf | unknown
 1062s|150600 |150601 | 17329k| 115.1 |   646M | 101 | 302 | 106 | 543 | 871k|  2 |1361 | 959 |-5.033998e+00 |      --      |    Inf | unknown
 1063s|150700 |150701 | 17341k| 115.1 |   647M | 101 | 302 | 102 | 570 | 872k|  2 |1361 | 959 |-5.033998e+00 |      --      |    Inf | unknown
 1063s|150800 |150801 | 17351k| 115.0 |   647M | 101 | 302 | 102 | 486 | 873k|  2 |1361 | 959 |-5.033992e+00 |      --      |    Inf | unknown
 1063s|150900 |150901 | 17359k| 115.0 |   647M | 101 | 302 | 102 | 546 | 873k|  1 |1361 | 959 |-5.033992e+00 |      --      |    Inf | unknown
 1064s|151000 |151001 | 17376k| 115.1 |   647M | 101 | 302 | 103 | 484 | 874k|  2 |1363 | 959 |-5.033992e+00 |      --      |    Inf | unknown
 1065s|151100 |151101 | 17385k| 115.0 |   647M | 101 | 302 | 103 | 513 | 874k|  2 |1363 | 959 |-5.033978e+00 |      --      |    Inf | unknown
 1065s|151200 |151201 | 17396k| 115.0 |   647M | 101 | 302 | 104 | 469 | 875k|  2 |1364 | 959 |-5.033978e+00 |      --      |    Inf | unknown
 1066s|151300 |151301 | 17409k| 115.1 |   647M | 101 | 302 | 103 | 433 | 875k|  3 |1364 | 959 |-5.033953e+00 |      --      |    Inf | unknown
 time | node  | left  |LP iter|LP it/n|mem/heur|mdpt |vars |cons |rows |cuts |sepa|confs|strbr|  dualbound   | primalbound  |  gap   | compl. 
 1066s|151400 |151401 | 17419k| 115.0 |   647M | 101 | 302 | 103 | 435 | 876k|  2 |1365 | 959 |-5.033953e+00 |      --      |    Inf | unknown
 1067s|151500 |151501 | 17428k| 115.0 |   649M | 101 | 302 | 103 | 379 | 877k|  4 |1365 | 959 |-5.033953e+00 |      --      |    Inf | unknown
 1067s|151600 |151601 | 17443k| 115.0 |   649M | 101 | 302 | 103 | 359 | 877k|  3 |1366 | 959 |-5.033949e+00 |      --      |    Inf | unknown
 1068s|151700 |151701 | 17452k| 115.0 |   649M | 101 | 302 | 103 | 328 | 878k|  2 |1366 | 959 |-5.033949e+00 |      --      |    Inf | unknown
 1069s|151800 |151801 | 17463k| 115.0 |   649M | 101 | 302 | 103 | 569 | 878k|  2 |1366 | 959 |-5.033949e+00 |      --      |    Inf | unknown
 1069s|151900 |151901 | 17471k| 115.0 |   649M | 101 | 302 | 103 | 601 | 879k|  2 |1366 | 959 |-5.033861e+00 |      --      |    Inf | unknown
 1070s|152000 |152001 | 17481k| 115.0 |   649M | 101 | 302 | 103 | 552 | 880k|  3 |1366 | 959 |-5.033861e+00 |      --      |    Inf | unknown
 1070s|152100 |152101 | 17493k| 115.0 |   650M | 101 | 302 | 102 | 513 | 880k|  2 |1367 | 959 |-5.033832e+00 |      --      |    Inf | unknown
 1071s|152200 |152201 | 17504k| 115.0 |   650M | 101 | 302 | 102 | 533 | 881k|  5 |1367 | 959 |-5.033832e+00 |      --      |    Inf | unknown
 1072s|152300 |152301 | 17513k| 115.0 |   651M | 101 | 302 | 103 | 497 | 881k|  2 |1368 | 959 |-5.033832e+00 |      --      |    Inf | unknown
 1072s|152400 |152401 | 17523k| 115.0 |   652M | 101 | 302 | 103 | 526 | 882k|  1 |1368 | 959 |-5.033802e+00 |      --      |    Inf | unknown
 1074s|152500 |152501 | 17534k| 115.0 |   653M | 101 | 302 | 104 | 482 | 882k|  2 |1369 | 959 |-5.033802e+00 |      --      |    Inf | unknown
 1074s|152600 |152601 | 17544k| 115.0 |   654M | 101 | 302 | 104 | 419 | 883k|  2 |1369 | 959 |-5.033790e+00 |      --      |    Inf | unknown
 1075s|152700 |152701 | 17553k| 114.9 |   654M | 101 | 302 | 104 | 406 | 884k|  3 |1369 | 959 |-5.033790e+00 |      --      |    Inf | unknown
 1075s|152800 |152801 | 17563k| 114.9 |   654M | 101 | 302 | 106 | 401 | 884k|  2 |1371 | 959 |-5.033790e+00 |      --      |    Inf | unknown
 time | node  | left  |LP iter|LP it/n|mem/heur|mdpt |vars |cons |rows |cuts |sepa|confs|strbr|  dualbound   | primalbound  |  gap   | compl. 
 1076s|152900 |152901 | 17584k| 115.0 |   655M | 101 | 302 | 103 | 375 | 885k|  2 |1371 | 959 |-5.033765e+00 |      --      |    Inf | unknown
 1077s|153000 |153001 | 17596k| 115.0 |   657M | 101 | 302 | 101 | 360 | 886k|  2 |1371 | 959 |-5.033765e+00 |      --      |    Inf | unknown
 1084s|153100 |153101 | 17611k| 115.0 |   658M | 101 | 302 | 101 | 567 | 886k|  4 |1371 | 959 |-5.033765e+00 |      --      |    Inf | unknown
 1084s|153200 |153201 | 17621k| 115.0 |   658M | 101 | 302 | 101 | 546 | 887k|  2 |1371 | 959 |-5.033723e+00 |      --      |    Inf | unknown
 1085s|153300 |153301 | 17631k| 115.0 |   658M | 101 | 302 | 104 | 526 | 887k|  2 |1374 | 959 |-5.033723e+00 |      --      |    Inf | unknown
 1085s|153400 |153401 | 17639k| 115.0 |   658M | 101 | 302 | 105 | 470 | 888k|  2 |1375 | 959 |-5.033721e+00 |      --      |    Inf | unknown
 1085s|153500 |153501 | 17647k| 115.0 |   658M | 101 | 302 | 106 | 501 | 888k|  2 |1376 | 959 |-5.033721e+00 |      --      |    Inf | unknown
 1086s|153600 |153601 | 17657k| 114.9 |   658M | 101 | 302 | 107 | 496 | 889k|  2 |1377 | 959 |-5.033721e+00 |      --      |    Inf | unknown
 1086s|153700 |153701 | 17668k| 114.9 |   658M | 101 | 302 | 108 | 501 | 889k|  3 |1378 | 959 |-5.033715e+00 |      --      |    Inf | unknown
 1087s|153800 |153801 | 17679k| 114.9 |   659M | 101 | 302 | 108 | 419 | 890k|  4 |1378 | 959 |-5.033715e+00 |      --      |    Inf | unknown
 1087s|153900 |153901 | 17688k| 114.9 |   660M | 101 | 302 | 108 | 402 | 891k|  2 |1378 | 959 |-5.033662e+00 |      --      |    Inf | unknown
 1087s|154000 |154001 | 17698k| 114.9 |   660M | 101 | 302 | 109 | 422 | 891k|  2 |1379 | 959 |-5.033662e+00 |      --      |    Inf | unknown
 1088s|154100 |154101 | 17713k| 114.9 |   660M | 101 | 302 | 104 | 429 | 892k|  4 |1380 | 959 |-5.033662e+00 |      --      |    Inf | unknown
 1089s|154200 |154201 | 17722k| 114.9 |   660M | 101 | 302 | 105 | 444 | 892k|  2 |1381 | 959 |-5.033591e+00 |      --      |    Inf | unknown
 1089s|154300 |154301 | 17733k| 114.9 |   661M | 101 | 302 | 105 | 332 | 893k|  2 |1382 | 959 |-5.033591e+00 |      --      |    Inf | unknown
 time | node  | left  |LP iter|LP it/n|mem/heur|mdpt |vars |cons |rows |cuts |sepa|confs|strbr|  dualbound   | primalbound  |  gap   | compl. 
 1090s|154400 |154401 | 17743k| 114.9 |   661M | 101 | 302 | 106 | 596 | 894k|  2 |1383 | 959 |-5.033591e+00 |      --      |    Inf | unknown
 1090s|154500 |154501 | 17752k| 114.9 |   662M | 101 | 302 | 106 | 549 | 894k|  3 |1383 | 959 |-5.033574e+00 |      --      |    Inf | unknown
 1091s|154600 |154601 | 17769k| 114.9 |   662M | 101 | 302 | 104 | 527 | 895k|  4 |1383 | 959 |-5.033574e+00 |      --      |    Inf | unknown
 1097s|154700 |154701 | 17786k| 115.0 |   668M | 101 | 302 | 103 | 500 | 895k|  2 |1384 | 959 |-5.033574e+00 |      --      |    Inf | unknown
 1098s|154800 |154801 | 17795k| 114.9 |   668M | 101 | 302 | 102 | 549 | 896k|  2 |1384 | 959 |-5.033574e+00 |      --      |    Inf | unknown
 1098s|154900 |154901 | 17805k| 114.9 |   668M | 101 | 302 | 103 | 461 | 896k|  3 |1385 | 959 |-5.033574e+00 |      --      |    Inf | unknown
 1099s|155000 |155001 | 17815k| 114.9 |   668M | 101 | 302 | 104 | 473 | 897k|  4 |1386 | 959 |-5.033538e+00 |      --      |    Inf | unknown
 1099s|155100 |155101 | 17824k| 114.9 |   668M | 101 | 302 | 105 | 443 | 898k|  5 |1387 | 959 |-5.033538e+00 |      --      |    Inf | unknown
 1100s|155200 |155201 | 17838k| 114.9 |   669M | 101 | 302 | 105 | 413 | 898k|  1 |1387 | 959 |-5.033479e+00 |      --      |    Inf | unknown
 1101s|155300 |155301 | 17849k| 114.9 |   669M | 101 | 302 | 101 | 448 | 899k|  2 |1387 | 959 |-5.033479e+00 |      --      |    Inf | unknown
 1101s|155400 |155401 | 17858k| 114.9 |   669M | 101 | 302 | 102 | 410 | 899k|  2 |1388 | 959 |-5.033479e+00 |      --      |    Inf | unknown
 1101s|155500 |155501 | 17867k| 114.9 |   669M | 101 | 302 | 102 | 441 | 900k|  3 |1388 | 959 |-5.033456e+00 |      --      |    Inf | unknown
 1102s|155600 |155601 | 17876k| 114.9 |   670M | 101 | 302 | 102 | 351 | 900k|  2 |1388 | 959 |-5.033456e+00 |      --      |    Inf | unknown
 1102s|155700 |155701 | 17886k| 114.9 |   671M | 101 | 302 | 102 | 605 | 901k|  4 |1388 | 959 |-5.033456e+00 |      --      |    Inf | unknown
 1103s|155800 |155801 | 17895k| 114.8 |   671M | 101 | 302 | 102 | 578 | 902k|  2 |1388 | 959 |-5.033343e+00 |      --      |    Inf | unknown
 time | node  | left  |LP iter|LP it/n|mem/heur|mdpt |vars |cons |rows |cuts |sepa|confs|strbr|  dualbound   | primalbound  |  gap   | compl. 
 1103s|155900 |155901 | 17904k| 114.8 |   671M | 101 | 302 | 102 | 498 | 902k|  3 |1388 | 959 |-5.033343e+00 |      --      |    Inf | unknown
 1103s|156000 |156001 | 17915k| 114.8 |   672M | 101 | 302 | 105 | 523 | 903k|  3 |1391 | 959 |-5.033331e+00 |      --      |    Inf | unknown
 1104s|156100 |156101 | 17924k| 114.8 |   672M | 101 | 302 | 105 | 546 | 903k|  4 |1391 | 959 |-5.033331e+00 |      --      |    Inf | unknown
 1105s|156200 |156201 | 17939k| 114.8 |   672M | 101 | 302 | 105 | 527 | 904k|  3 |1392 | 959 |-5.033331e+00 |      --      |    Inf | unknown
 1105s|156300 |156301 | 17951k| 114.8 |   673M | 101 | 302 | 102 | 474 | 905k|  2 |1392 | 959 |-5.033311e+00 |      --      |    Inf | unknown
 1106s|156400 |156401 | 17961k| 114.8 |   673M | 101 | 302 | 103 | 475 | 905k|  2 |1394 | 959 |-5.033311e+00 |      --      |    Inf | unknown
 1107s|156500 |156501 | 17977k| 114.9 |   673M | 101 | 302 | 103 | 430 | 906k|  2 |1394 | 959 |-5.033262e+00 |      --      |    Inf | unknown
 1108s|156600 |156601 | 17987k| 114.8 |   674M | 101 | 302 | 104 | 480 | 906k|  2 |1395 | 959 |-5.033262e+00 |      --      |    Inf | unknown
 1109s|156700 |156701 | 17996k| 114.8 |   674M | 101 | 302 | 106 | 377 | 907k|  4 |1397 | 959 |-5.033262e+00 |      --      |    Inf | unknown
 1109s|156800 |156801 | 18006k| 114.8 |   674M | 101 | 302 | 106 | 383 | 907k|  1 |1397 | 959 |-5.033148e+00 |      --      |    Inf | unknown
 1109s|156900 |156901 | 18015k| 114.8 |   674M | 101 | 302 | 104 | 357 | 908k|  2 |1397 | 959 |-5.033148e+00 |      --      |    Inf | unknown
 1111s|157000 |157001 | 18026k| 114.8 |   675M | 101 | 302 | 106 | 548 | 908k|  3 |1399 | 959 |-5.033148e+00 |      --      |    Inf | unknown
 1111s|157100 |157101 | 18036k| 114.8 |   675M | 101 | 302 | 107 | 586 | 909k|  2 |1400 | 959 |-5.033144e+00 |      --      |    Inf | unknown
 1112s|157200 |157201 | 18045k| 114.8 |   676M | 101 | 302 | 107 | 537 | 910k|  3 |1400 | 959 |-5.033144e+00 |      --      |    Inf | unknown
 1112s|157300 |157301 | 18056k| 114.8 |   676M | 101 | 302 | 108 | 482 | 910k|  2 |1401 | 959 |-5.033142e+00 |      --      |    Inf | unknown
 time | node  | left  |LP iter|LP it/n|mem/heur|mdpt |vars |cons |rows |cuts |sepa|confs|strbr|  dualbound   | primalbound  |  gap   | compl. 
 1113s|157400 |157401 | 18072k| 114.8 |   676M | 101 | 302 | 102 | 512 | 911k|  2 |1401 | 959 |-5.033142e+00 |      --      |    Inf | unknown
 1120s|157500 |157501 | 18087k| 114.8 |   676M | 101 | 302 | 101 | 477 | 912k|  3 |1401 | 959 |-5.033142e+00 |      --      |    Inf | unknown
 1121s|157600 |157601 | 18097k| 114.8 |   676M | 101 | 302 | 101 | 520 | 912k|  4 |1401 | 959 |-5.033110e+00 |      --      |    Inf | unknown
 1121s|157700 |157701 | 18106k| 114.8 |   676M | 101 | 302 | 104 | 474 | 913k|  3 |1404 | 959 |-5.033110e+00 |      --      |    Inf | unknown
 1121s|157800 |157801 | 18115k| 114.8 |   677M | 101 | 302 | 104 | 460 | 913k|  4 |1404 | 959 |-5.033046e+00 |      --      |    Inf | unknown
 1122s|157900 |157901 | 18126k| 114.8 |   678M | 101 | 302 | 105 | 464 | 914k|  2 |1405 | 959 |-5.033046e+00 |      --      |    Inf | unknown
 1123s|158000 |158001 | 18142k| 114.8 |   678M | 101 | 302 | 105 | 408 | 914k|  4 |1405 | 959 |-5.033046e+00 |      --      |    Inf | unknown
 1123s|158100 |158101 | 18151k| 114.8 |   678M | 101 | 302 | 104 | 376 | 915k|  2 |1405 | 959 |-5.033041e+00 |      --      |    Inf | unknown
 1124s|158200 |158201 | 18161k| 114.8 |   678M | 101 | 302 | 104 | 360 | 916k|  2 |1405 | 959 |-5.033041e+00 |      --      |    Inf | unknown
 1124s|158300 |158301 | 18171k| 114.8 |   679M | 101 | 302 | 104 | 558 | 916k|  2 |1407 | 959 |-5.033041e+00 |      --      |    Inf | unknown
 1125s|158400 |158401 | 18185k| 114.8 |   679M | 101 | 302 | 103 | 571 | 917k|  2 |1407 | 959 |-5.033023e+00 |      --      |    Inf | unknown
 1125s|158500 |158501 | 18196k| 114.8 |   680M | 101 | 302 | 104 | 579 | 918k|  2 |1408 | 959 |-5.033023e+00 |      --      |    Inf | unknown
 1126s|158600 |158601 | 18206k| 114.8 |   680M | 101 | 302 | 107 | 507 | 918k|  3 |1411 | 959 |-5.032905e+00 |      --      |    Inf | unknown
 1126s|158700 |158701 | 18216k| 114.8 |   680M | 101 | 302 | 106 | 485 | 919k|  2 |1411 | 959 |-5.032905e+00 |      --      |    Inf | unknown
 1127s|158800 |158801 | 18226k| 114.8 |   681M | 101 | 302 | 107 | 503 | 919k|  2 |1412 | 959 |-5.032905e+00 |      --      |    Inf | unknown
 time | node  | left  |LP iter|LP it/n|mem/heur|mdpt |vars |cons |rows |cuts |sepa|confs|strbr|  dualbound   | primalbound  |  gap   | compl. 
 1127s|158900 |158901 | 18237k| 114.8 |   681M | 101 | 302 | 106 | 456 | 920k|  3 |1412 | 959 |-5.032887e+00 |      --      |    Inf | unknown
 1134s|159000 |159001 | 18254k| 114.8 |   681M | 101 | 302 | 101 | 465 | 920k|  2 |1412 | 959 |-5.032887e+00 |      --      |    Inf | unknown
 1135s|159100 |159101 | 18263k| 114.8 |   682M | 101 | 302 | 101 | 422 | 921k|  2 |1412 | 959 |-5.032792e+00 |      --      |    Inf | unknown
 1135s|159200 |159201 | 18272k| 114.8 |   683M | 101 | 302 | 103 | 472 | 922k|  2 |1414 | 959 |-5.032792e+00 |      --      |    Inf | unknown
 1135s|159300 |159301 | 18282k| 114.8 |   683M | 101 | 302 | 103 | 390 | 922k|  2 |1414 | 959 |-5.032792e+00 |      --      |    Inf | unknown
 1136s|159400 |159401 | 18292k| 114.7 |   683M | 101 | 302 | 104 | 405 | 923k|  4 |1415 | 959 |-5.032762e+00 |      --      |    Inf | unknown
 1136s|159500 |159501 | 18300k| 114.7 |   683M | 101 | 302 | 105 | 394 | 923k|  3 |1416 | 959 |-5.032762e+00 |      --      |    Inf | unknown
 1137s|159600 |159601 | 18315k| 114.7 |   686M | 101 | 302 | 105 | 610 | 924k|  1 |1416 | 959 |-5.032762e+00 |      --      |    Inf | unknown
 1137s|159700 |159701 | 18325k| 114.7 |   686M | 101 | 302 | 105 | 559 | 924k|  4 |1416 | 959 |-5.032731e+00 |      --      |    Inf | unknown
 1138s|159800 |159801 | 18340k| 114.8 |   686M | 101 | 302 | 101 | 527 | 925k|  2 |1416 | 959 |-5.032731e+00 |      --      |    Inf | unknown
 1139s|159900 |159901 | 18351k| 114.8 |   686M | 101 | 302 | 101 | 502 | 926k|  2 |1416 | 959 |-5.032719e+00 |      --      |    Inf | unknown
 1139s|160000 |160001 | 18360k| 114.7 |   686M | 101 | 302 | 102 | 528 | 926k|  2 |1417 | 959 |-5.032719e+00 |      --      |    Inf | unknown
 1140s|160100 |160101 | 18369k| 114.7 |   686M | 101 | 302 | 102 | 497 | 927k|  2 |1417 | 959 |-5.032719e+00 |      --      |    Inf | unknown
 1140s|160200 |160201 | 18379k| 114.7 |   686M | 101 | 302 | 103 | 481 | 927k|  2 |1418 | 959 |-5.032609e+00 |      --      |    Inf | unknown
 1140s|160300 |160301 | 18388k| 114.7 |   686M | 101 | 302 | 103 | 452 | 928k|  2 |1418 | 959 |-5.032609e+00 |      --      |    Inf | unknown
 time | node  | left  |LP iter|LP it/n|mem/heur|mdpt |vars |cons |rows |cuts |sepa|confs|strbr|  dualbound   | primalbound  |  gap   | compl. 
 1141s|160400 |160401 | 18398k| 114.7 |   688M | 101 | 302 | 105 | 391 | 928k|  4 |1420 | 959 |-5.032543e+00 |      --      |    Inf | unknown
 1142s|160500 |160501 | 18409k| 114.7 |   688M | 101 | 302 | 105 | 407 | 929k|  3 |1420 | 959 |-5.032543e+00 |      --      |    Inf | unknown
 1142s|160600 |160601 | 18418k| 114.7 |   688M | 101 | 302 | 106 | 408 | 930k|  4 |1421 | 959 |-5.032543e+00 |      --      |    Inf | unknown
 1142s|160700 |160701 | 18427k| 114.7 |   689M | 101 | 302 | 105 | 453 | 930k|  2 |1421 | 959 |-5.032497e+00 |      --      |    Inf | unknown
 1144s|160800 |160801 | 18438k| 114.7 |   689M | 101 | 302 | 111 | 379 | 931k|  4 |1427 | 959 |-5.032497e+00 |      --      |    Inf | unknown
 1145s|160900 |160901 | 18451k| 114.7 |   689M | 101 | 302 | 108 | 575 | 931k|  2 |1427 | 959 |-5.032497e+00 |      --      |    Inf | unknown
 1145s|161000 |161001 | 18462k| 114.7 |   689M | 101 | 302 | 108 | 564 | 932k|  4 |1427 | 959 |-5.032428e+00 |      --      |    Inf | unknown
 1146s|161100 |161101 | 18474k| 114.7 |   689M | 101 | 302 | 108 | 546 | 933k|  4 |1427 | 959 |-5.032428e+00 |      --      |    Inf | unknown
 1146s|161200 |161201 | 18487k| 114.7 |   691M | 101 | 302 | 103 | 516 | 933k|  2 |1429 | 959 |-5.032424e+00 |      --      |    Inf | unknown
 1148s|161300 |161301 | 18505k| 114.7 |   692M | 101 | 302 | 104 | 537 | 934k|  2 |1430 | 959 |-5.032424e+00 |      --      |    Inf | unknown
 1148s|161400 |161401 | 18515k| 114.7 |   692M | 101 | 302 | 105 | 481 | 935k|  2 |1431 | 959 |-5.032424e+00 |      --      |    Inf | unknown
 1149s|161500 |161501 | 18525k| 114.7 |   692M | 101 | 302 | 107 | 521 | 935k|  2 |1433 | 959 |-5.032383e+00 |      --      |    Inf | unknown
 1150s|161600 |161601 | 18536k| 114.7 |   692M | 101 | 302 | 107 | 429 | 936k|  2 |1433 | 959 |-5.032383e+00 |      --      |    Inf | unknown
 1151s|161700 |161701 | 18546k| 114.7 |   692M | 101 | 302 | 107 | 434 | 936k|  3 |1434 | 959 |-5.032322e+00 |      --      |    Inf | unknown
 1151s|161800 |161801 | 18556k| 114.7 |   692M | 101 | 302 | 107 | 445 | 937k|  4 |1435 | 959 |-5.032322e+00 |      --      |    Inf | unknown
 time | node  | left  |LP iter|LP it/n|mem/heur|mdpt |vars |cons |rows |cuts |sepa|confs|strbr|  dualbound   | primalbound  |  gap   | compl. 
 1152s|161900 |161901 | 18568k| 114.7 |   693M | 101 | 302 | 106 | 396 | 937k|  5 |1435 | 959 |-5.032322e+00 |      --      |    Inf | unknown
 1153s|162000 |162001 | 18580k| 114.7 |   694M | 101 | 302 | 102 | 393 | 938k|  2 |1435 | 959 |-5.032313e+00 |      --      |    Inf | unknown
 1160s|162100 |162101 | 18596k| 114.7 |   695M | 101 | 302 | 102 | 377 | 939k|  2 |1436 | 959 |-5.032313e+00 |      --      |    Inf | unknown
 1160s|162200 |162201 | 18605k| 114.7 |   695M | 101 | 302 | 104 | 526 | 939k|  2 |1438 | 959 |-5.032313e+00 |      --      |    Inf | unknown
 1160s|162300 |162301 | 18615k| 114.7 |   695M | 101 | 302 | 105 | 555 | 940k|  1 |1439 | 959 |-5.032251e+00 |      --      |    Inf | unknown
 1161s|162400 |162401 | 18624k| 114.7 |   695M | 101 | 302 | 105 | 520 | 940k|  4 |1439 | 959 |-5.032251e+00 |      --      |    Inf | unknown
 1161s|162500 |162501 | 18633k| 114.7 |   695M | 101 | 302 | 107 | 490 | 941k|  2 |1441 | 959 |-5.032225e+00 |      --      |    Inf | unknown
 1162s|162600 |162601 | 18646k| 114.7 |   695M | 101 | 302 | 106 | 487 | 942k|  4 |1441 | 959 |-5.032225e+00 |      --      |    Inf | unknown
 1162s|162700 |162701 | 18655k| 114.6 |   695M | 101 | 302 | 106 | 484 | 942k|  3 |1442 | 959 |-5.032225e+00 |      --      |    Inf | unknown
 1163s|162800 |162801 | 18663k| 114.6 |   696M | 101 | 302 | 106 | 493 | 943k|  2 |1443 | 959 |-5.032168e+00 |      --      |    Inf | unknown
 1164s|162900 |162901 | 18677k| 114.6 |   696M | 101 | 302 | 104 | 534 | 943k|  2 |1444 | 959 |-5.032168e+00 |      --      |    Inf | unknown
 1164s|163000 |163001 | 18687k| 114.6 |   696M | 101 | 302 | 104 | 428 | 944k|  3 |1444 | 959 |-5.032086e+00 |      --      |    Inf | unknown
 1165s|163100 |163101 | 18705k| 114.7 |   697M | 101 | 302 | 103 | 400 | 945k|  2 |1445 | 959 |-5.032086e+00 |      --      |    Inf | unknown
 1166s|163200 |163201 | 18719k| 114.7 |   697M | 101 | 302 | 102 | 462 | 945k|  1 |1445 | 959 |-5.032086e+00 |      --      |    Inf | unknown
 1166s|163300 |163301 | 18728k| 114.7 |   697M | 101 | 302 | 104 | 419 | 946k|  4 |1448 | 959 |-5.031977e+00 |      --      |    Inf | unknown
 time | node  | left  |LP iter|LP it/n|mem/heur|mdpt |vars |cons |rows |cuts |sepa|confs|strbr|  dualbound   | primalbound  |  gap   | compl. 
 1167s|163400 |163401 | 18737k| 114.7 |   698M | 101 | 302 | 106 | 346 | 946k|  3 |1450 | 959 |-5.031977e+00 |      --      |    Inf | unknown
 1167s|163500 |163501 | 18746k| 114.6 |   699M | 101 | 302 | 107 | 535 | 947k|  3 |1451 | 959 |-5.031977e+00 |      --      |    Inf | unknown
 1167s|163600 |163601 | 18756k| 114.6 |   700M | 101 | 302 | 107 | 557 | 947k|  2 |1451 | 959 |-5.031968e+00 |      --      |    Inf | unknown
 1168s|163700 |163701 | 18765k| 114.6 |   701M | 101 | 302 | 107 | 571 | 948k|  3 |1451 | 959 |-5.031968e+00 |      --      |    Inf | unknown
 1175s|163800 |163801 | 18782k| 114.7 |   701M | 101 | 302 | 107 | 489 | 948k|  2 |1451 | 959 |-5.031965e+00 |      --      |    Inf | unknown
 1175s|163900 |163901 | 18796k| 114.7 |   701M | 101 | 302 | 102 | 535 | 949k|  4 |1452 | 959 |-5.031965e+00 |      --      |    Inf | unknown
 1176s|164000 |164001 | 18806k| 114.7 |   701M | 101 | 302 | 103 | 499 | 949k|  2 |1453 | 959 |-5.031965e+00 |      --      |    Inf | unknown
 1176s|164100 |164101 | 18815k| 114.6 |   701M | 101 | 302 | 103 | 507 | 950k|  3 |1453 | 959 |-5.031932e+00 |      --      |    Inf | unknown
 1177s|164200 |164201 | 18825k| 114.6 |   701M | 101 | 302 | 104 | 474 | 951k|  4 |1454 | 959 |-5.031932e+00 |      --      |    Inf | unknown
 1177s|164300 |164301 | 18834k| 114.6 |   701M | 101 | 302 | 105 | 431 | 951k|  2 |1455 | 959 |-5.031913e+00 |      --      |    Inf | unknown
 1178s|164400 |164401 | 18844k| 114.6 |   703M | 101 | 302 | 106 | 393 | 952k|  2 |1456 | 959 |-5.031913e+00 |      --      |    Inf | unknown
 1178s|164500 |164501 | 18854k| 114.6 |   703M | 101 | 302 | 107 | 427 | 952k|  2 |1457 | 959 |-5.031913e+00 |      --      |    Inf | unknown
 1178s|164600 |164601 | 18863k| 114.6 |   703M | 101 | 302 | 108 | 367 | 953k|  2 |1458 | 959 |-5.031854e+00 |      --      |    Inf | unknown
 1179s|164700 |164701 | 18872k| 114.6 |   703M | 101 | 302 | 108 | 366 | 954k|  3 |1458 | 959 |-5.031854e+00 |      --      |    Inf | unknown
 1179s|164800 |164801 | 18882k| 114.6 |   703M | 101 | 302 | 109 | 586 | 954k|  4 |1459 | 959 |-5.031854e+00 |      --      |    Inf | unknown
 time | node  | left  |LP iter|LP it/n|mem/heur|mdpt |vars |cons |rows |cuts |sepa|confs|strbr|  dualbound   | primalbound  |  gap   | compl. 
 1180s|164900 |164901 | 18898k| 114.6 |   703M | 101 | 302 | 105 | 551 | 955k|  2 |1459 | 959 |-5.031803e+00 |      --      |    Inf | unknown
 1181s|165000 |165001 | 18908k| 114.6 |   704M | 101 | 302 | 105 | 519 | 955k|  2 |1460 | 959 |-5.031803e+00 |      --      |    Inf | unknown
 1181s|165100 |165101 | 18920k| 114.6 |   705M | 101 | 302 | 106 | 510 | 956k|  4 |1463 | 959 |-5.031797e+00 |      --      |    Inf | unknown
 1182s|165200 |165201 | 18933k| 114.6 |   707M | 101 | 302 | 104 | 546 | 956k|  2 |1463 | 959 |-5.031797e+00 |      --      |    Inf | unknown
 1182s|165300 |165301 | 18941k| 114.6 |   707M | 101 | 302 | 103 | 497 | 957k|  2 |1463 | 959 |-5.031797e+00 |      --      |    Inf | unknown
 1183s|165400 |165401 | 18949k| 114.6 |   707M | 101 | 302 | 103 | 497 | 957k|  2 |1463 | 959 |-5.031748e+00 |      --      |    Inf | unknown
 1183s|165500 |165501 | 18959k| 114.5 |   708M | 101 | 302 | 103 | 486 | 958k|  3 |1463 | 959 |-5.031748e+00 |      --      |    Inf | unknown
 1184s|165600 |165601 | 18969k| 114.5 |   708M | 101 | 302 | 103 | 427 | 959k|  3 |1463 | 959 |-5.031729e+00 |      --      |    Inf | unknown
 1185s|165700 |165701 | 18978k| 114.5 |   709M | 101 | 302 | 101 | 443 | 959k|  2 |1463 | 959 |-5.031729e+00 |      --      |    Inf | unknown
 1185s|165800 |165801 | 18987k| 114.5 |   709M | 101 | 302 | 104 | 383 | 960k|  3 |1466 | 959 |-5.031729e+00 |      --      |    Inf | unknown
 1186s|165900 |165901 | 18996k| 114.5 |   709M | 101 | 302 | 106 | 367 | 960k|  2 |1468 | 959 |-5.031694e+00 |      --      |    Inf | unknown
 1187s|166000 |166001 | 19007k| 114.5 |   709M | 101 | 302 | 106 | 346 | 961k|  2 |1468 | 959 |-5.031694e+00 |      --      |    Inf | unknown
 1189s|166100 |166101 | 19019k| 114.5 |   710M | 101 | 302 | 108 | 559 | 961k|  2 |1470 | 959 |-5.031694e+00 |      --      |    Inf | unknown
 1189s|166200 |166201 | 19029k| 114.5 |   710M | 101 | 302 | 108 | 495 | 962k|  1 |1470 | 959 |-5.031690e+00 |      --      |    Inf | unknown
 1190s|166300 |166301 | 19041k| 114.5 |   711M | 101 | 302 | 103 | 566 | 963k|  3 |1470 | 959 |-5.031690e+00 |      --      |    Inf | unknown
 time | node  | left  |LP iter|LP it/n|mem/heur|mdpt |vars |cons |rows |cuts |sepa|confs|strbr|  dualbound   | primalbound  |  gap   | compl. 
 1191s|166400 |166401 | 19052k| 114.5 |   712M | 101 | 302 | 103 | 542 | 963k|  3 |1470 | 959 |-5.031668e+00 |      --      |    Inf | unknown
 1191s|166500 |166501 | 19062k| 114.5 |   712M | 101 | 302 | 104 | 518 | 964k|  1 |1471 | 959 |-5.031668e+00 |      --      |    Inf | unknown
 1192s|166600 |166601 | 19072k| 114.5 |   713M | 101 | 302 | 103 | 526 | 964k|  2 |1471 | 959 |-5.031668e+00 |      --      |    Inf | unknown
 1192s|166700 |166701 | 19083k| 114.5 |   713M | 101 | 302 | 104 | 507 | 965k|  4 |1472 | 959 |-5.031651e+00 |      --      |    Inf | unknown
 1199s|166800 |166801 | 19098k| 114.5 |   713M | 101 | 302 | 103 | 480 | 966k|  2 |1472 | 959 |-5.031651e+00 |      --      |    Inf | unknown
 1200s|166900 |166901 | 19114k| 114.5 |   714M | 101 | 302 | 102 | 397 | 966k|  2 |1472 | 959 |-5.031645e+00 |      --      |    Inf | unknown
 1201s|167000 |167001 | 19123k| 114.5 |   714M | 101 | 302 | 101 | 450 | 967k|  2 |1472 | 959 |-5.031645e+00 |      --      |    Inf | unknown
 1201s|167100 |167101 | 19133k| 114.5 |   714M | 101 | 302 | 103 | 410 | 967k|  5 |1474 | 959 |-5.031645e+00 |      --      |    Inf | unknown
 1202s|167200 |167201 | 19148k| 114.5 |   715M | 101 | 302 | 103 | 360 | 968k|  5 |1474 | 959 |-5.031644e+00 |      --      |    Inf | unknown
 1202s|167300 |167301 | 19158k| 114.5 |   715M | 101 | 302 | 103 | 336 | 968k|  3 |1474 | 959 |-5.031644e+00 |      --      |    Inf | unknown
 1203s|167400 |167401 | 19168k| 114.5 |   715M | 101 | 302 | 105 | 547 | 969k|  2 |1476 | 959 |-5.031644e+00 |      --      |    Inf | unknown
 1203s|167500 |167501 | 19176k| 114.5 |   715M | 101 | 302 | 105 | 535 | 969k|  1 |1476 | 959 |-5.031606e+00 |      --      |    Inf | unknown
 1203s|167600 |167601 | 19185k| 114.5 |   715M | 101 | 302 | 104 | 559 | 970k|  2 |1476 | 959 |-5.031606e+00 |      --      |    Inf | unknown
 1204s|167700 |167701 | 19197k| 114.5 |   717M | 101 | 302 | 103 | 496 | 970k|  2 |1476 | 959 |-5.031558e+00 |      --      |    Inf | unknown
 1205s|167800 |167801 | 19207k| 114.5 |   717M | 101 | 302 | 104 | 487 | 971k|  2 |1477 | 959 |-5.031558e+00 |      --      |    Inf | unknown
 time | node  | left  |LP iter|LP it/n|mem/heur|mdpt |vars |cons |rows |cuts |sepa|confs|strbr|  dualbound   | primalbound  |  gap   | compl. 
 1205s|167900 |167901 | 19216k| 114.4 |   717M | 101 | 302 | 105 | 489 | 972k|  1 |1478 | 959 |-5.031558e+00 |      --      |    Inf | unknown
 1205s|168000 |168001 | 19224k| 114.4 |   717M | 101 | 302 | 104 | 485 | 972k|  2 |1478 | 959 |-5.031553e+00 |      --      |    Inf | unknown
 1206s|168100 |168101 | 19233k| 114.4 |   717M | 101 | 302 | 106 | 474 | 973k|  2 |1480 | 959 |-5.031553e+00 |      --      |    Inf | unknown
 1206s|168200 |168201 | 19243k| 114.4 |   717M | 101 | 302 | 106 | 407 | 973k|  3 |1480 | 959 |-5.031479e+00 |      --      |    Inf | unknown
 1213s|168300 |168301 | 19260k| 114.4 |   717M | 101 | 302 | 106 | 403 | 974k|  3 |1482 | 959 |-5.031479e+00 |      --      |    Inf | unknown
 1213s|168400 |168401 | 19270k| 114.4 |   717M | 101 | 302 | 107 | 426 | 974k|  4 |1483 | 959 |-5.031479e+00 |      --      |    Inf | unknown
 1214s|168500 |168501 | 19289k| 114.5 |   719M | 101 | 302 | 101 | 372 | 975k|  2 |1483 | 959 |-5.031431e+00 |      --      |    Inf | unknown
 1215s|168600 |168601 | 19299k| 114.5 |   719M | 101 | 302 | 103 | 351 | 976k|  2 |1485 | 959 |-5.031431e+00 |      --      |    Inf | unknown
 1215s|168700 |168701 | 19310k| 114.4 |   719M | 101 | 302 | 104 | 573 | 976k|  4 |1486 | 959 |-5.031431e+00 |      --      |    Inf | unknown
 1216s|168800 |168801 | 19318k| 114.4 |   720M | 101 | 302 | 104 | 570 | 977k|  3 |1486 | 959 |-5.031403e+00 |      --      |    Inf | unknown
 1216s|168900 |168901 | 19328k| 114.4 |   720M | 101 | 302 | 104 | 581 | 977k|  2 |1486 | 959 |-5.031403e+00 |      --      |    Inf | unknown
 1217s|169000 |169001 | 19338k| 114.4 |   721M | 101 | 302 | 106 | 484 | 978k|  3 |1488 | 959 |-5.031394e+00 |      --      |    Inf | unknown
 1217s|169100 |169101 | 19347k| 114.4 |   721M | 101 | 302 | 106 | 504 | 978k|  2 |1488 | 959 |-5.031394e+00 |      --      |    Inf | unknown
 1217s|169200 |169201 | 19357k| 114.4 |   721M | 101 | 302 | 109 | 465 | 979k|  2 |1491 | 959 |-5.031394e+00 |      --      |    Inf | unknown
 1218s|169300 |169301 | 19368k| 114.4 |   723M | 101 | 302 | 110 | 469 | 980k|  2 |1492 | 959 |-5.031390e+00 |      --      |    Inf | unknown
 time | node  | left  |LP iter|LP it/n|mem/heur|mdpt |vars |cons |rows |cuts |sepa|confs|strbr|  dualbound   | primalbound  |  gap   | compl. 
 1219s|169400 |169401 | 19381k| 114.4 |   723M | 101 | 302 | 107 | 512 | 980k|  4 |1492 | 959 |-5.031390e+00 |      --      |    Inf | unknown
 1219s|169500 |169501 | 19393k| 114.4 |   723M | 101 | 302 | 102 | 418 | 981k|  2 |1493 | 959 |-5.031278e+00 |      --      |    Inf | unknown
 1220s|169600 |169601 | 19401k| 114.4 |   723M | 101 | 302 | 102 | 389 | 981k|  1 |1493 | 959 |-5.031278e+00 |      --      |    Inf | unknown
 1220s|169700 |169701 | 19411k| 114.4 |   723M | 101 | 302 | 104 | 384 | 982k|  2 |1495 | 959 |-5.031278e+00 |      --      |    Inf | unknown
 1221s|169800 |169801 | 19420k| 114.4 |   724M | 101 | 302 | 104 | 403 | 982k|  2 |1495 | 959 |-5.031253e+00 |      --      |    Inf | unknown
 1221s|169900 |169901 | 19429k| 114.3 |   724M | 101 | 302 | 105 | 329 | 983k|  2 |1496 | 959 |-5.031253e+00 |      --      |    Inf | unknown
 1222s|170000 |170001 | 19439k| 114.3 |   724M | 101 | 302 | 106 | 574 | 983k|  2 |1498 | 959 |-5.031253e+00 |      --      |    Inf | unknown
 1223s|170100 |170101 | 19451k| 114.3 |   724M | 101 | 302 | 106 | 515 | 984k|  2 |1498 | 959 |-5.031236e+00 |      --      |    Inf | unknown
 1224s|170200 |170201 | 19466k| 114.4 |   726M | 101 | 302 | 101 | 522 | 985k|  2 |1498 | 959 |-5.031236e+00 |      --      |    Inf | unknown
 1224s|170300 |170301 | 19476k| 114.4 |   726M | 101 | 302 | 101 | 494 | 985k|  3 |1498 | 959 |-5.031211e+00 |      --      |    Inf | unknown
 1226s|170400 |170401 | 19491k| 114.4 |   726M | 101 | 302 | 102 | 544 | 986k|  2 |1499 | 959 |-5.031211e+00 |      --      |    Inf | unknown
 1226s|170500 |170501 | 19500k| 114.4 |   727M | 101 | 302 | 103 | 482 | 986k|  3 |1500 | 959 |-5.031211e+00 |      --      |    Inf | unknown
 1226s|170600 |170601 | 19510k| 114.3 |   727M | 101 | 302 | 104 | 512 | 987k|  2 |1501 | 959 |-5.031210e+00 |      --      |    Inf | unknown
 1228s|170700 |170701 | 19521k| 114.3 |   727M | 101 | 302 | 106 | 492 | 987k|  3 |1503 | 959 |-5.031210e+00 |      --      |    Inf | unknown
 1229s|170800 |170801 | 19530k| 114.3 |   727M | 101 | 302 | 107 | 419 | 988k|  2 |1504 | 959 |-5.031186e+00 |      --      |    Inf | unknown
 time | node  | left  |LP iter|LP it/n|mem/heur|mdpt |vars |cons |rows |cuts |sepa|confs|strbr|  dualbound   | primalbound  |  gap   | compl. 
 1229s|170900 |170901 | 19540k| 114.3 |   727M | 101 | 302 | 107 | 408 | 989k|  4 |1504 | 959 |-5.031186e+00 |      --      |    Inf | unknown
 1230s|171000 |171001 | 19550k| 114.3 |   728M | 101 | 302 | 110 | 460 | 989k|  3 |1507 | 959 |-5.031186e+00 |      --      |    Inf | unknown
 1230s|171100 |171101 | 19559k| 114.3 |   729M | 101 | 302 | 110 | 379 | 990k|  2 |1507 | 959 |-5.031180e+00 |      --      |    Inf | unknown
 1231s|171200 |171201 | 19571k| 114.3 |   729M | 101 | 302 | 109 | 372 | 990k|  2 |1509 | 959 |-5.031180e+00 |      --      |    Inf | unknown
 1231s|171300 |171301 | 19585k| 114.3 |   729M | 101 | 302 | 106 | 584 | 991k|  4 |1510 | 959 |-5.031180e+00 |      --      |    Inf | unknown
 1239s|171400 |171401 | 19598k| 114.3 |   730M | 101 | 302 | 102 | 537 | 991k|  2 |1510 | 959 |-5.031124e+00 |      --      |    Inf | unknown
 1240s|171500 |171501 | 19608k| 114.3 |   730M | 101 | 302 | 102 | 535 | 992k|  2 |1510 | 959 |-5.031124e+00 |      --      |    Inf | unknown
 1240s|171600 |171601 | 19617k| 114.3 |   730M | 101 | 302 | 102 | 501 | 992k|  3 |1511 | 959 |-5.031087e+00 |      --      |    Inf | unknown
 1241s|171700 |171701 | 19634k| 114.3 |   730M | 101 | 302 | 102 | 512 | 993k|  4 |1511 | 959 |-5.031087e+00 |      --      |    Inf | unknown
 1242s|171800 |171801 | 19646k| 114.3 |   731M | 101 | 302 | 104 | 500 | 994k|  2 |1513 | 959 |-5.031087e+00 |      --      |    Inf | unknown
 1242s|171900 |171901 | 19655k| 114.3 |   731M | 101 | 302 | 104 | 451 | 994k|  3 |1513 | 959 |-5.031048e+00 |      --      |    Inf | unknown
 1242s|172000 |172001 | 19665k| 114.3 |   731M | 101 | 302 | 105 | 484 | 995k|  3 |1514 | 959 |-5.031048e+00 |      --      |    Inf | unknown
 1243s|172100 |172101 | 19673k| 114.3 |   731M | 101 | 302 | 106 | 399 | 995k|  5 |1515 | 959 |-5.031039e+00 |      --      |    Inf | unknown
 1243s|172200 |172201 | 19683k| 114.3 |   731M | 101 | 302 | 105 | 443 | 996k|  3 |1515 | 959 |-5.031039e+00 |      --      |    Inf | unknown
 1244s|172300 |172301 | 19692k| 114.3 |   731M | 101 | 302 | 105 | 427 | 996k|  5 |1515 | 959 |-5.031039e+00 |      --      |    Inf | unknown
 time | node  | left  |LP iter|LP it/n|mem/heur|mdpt |vars |cons |rows |cuts |sepa|confs|strbr|  dualbound   | primalbound  |  gap   | compl. 
 1244s|172400 |172401 | 19704k| 114.3 |   731M | 101 | 302 | 104 | 387 | 997k|  2 |1515 | 959 |-5.030988e+00 |      --      |    Inf | unknown
 1245s|172500 |172501 | 19716k| 114.3 |   731M | 101 | 302 | 103 | 371 | 998k|  2 |1517 | 959 |-5.030988e+00 |      --      |    Inf | unknown
 1252s|172600 |172601 | 19733k| 114.3 |   731M | 101 | 302 | 103 | 560 | 998k|  3 |1517 | 959 |-5.030988e+00 |      --      |    Inf | unknown
 1253s|172700 |172701 | 19741k| 114.3 |   734M | 101 | 302 | 103 | 537 | 999k|  2 |1517 | 959 |-5.030966e+00 |      --      |    Inf | unknown
 1253s|172800 |172801 | 19751k| 114.3 |   734M | 101 | 302 | 103 | 519 | 999k|  2 |1517 | 959 |-5.030966e+00 |      --      |    Inf | unknown
 1253s|172900 |172901 | 19760k| 114.3 |   734M | 101 | 302 | 103 | 515 |1000k|  3 |1517 | 959 |-5.030938e+00 |      --      |    Inf | unknown
 1254s|173000 |173001 | 19769k| 114.3 |   734M | 101 | 302 | 103 | 488 |1000k|  4 |1518 | 959 |-5.030938e+00 |      --      |    Inf | unknown
 1254s|173100 |173101 | 19780k| 114.3 |   734M | 101 | 302 | 104 | 510 |1001k|  2 |1519 | 959 |-5.030938e+00 |      --      |    Inf | unknown
 1255s|173200 |173201 | 19790k| 114.2 |   735M | 101 | 302 | 105 | 469 |1001k|  4 |1521 | 959 |-5.030893e+00 |      --      |    Inf | unknown
 1255s|173300 |173301 | 19799k| 114.2 |   735M | 101 | 302 | 105 | 520 |1002k|  3 |1521 | 959 |-5.030893e+00 |      --      |    Inf | unknown
 1256s|173400 |173401 | 19813k| 114.3 |   735M | 101 | 302 | 106 | 429 |1002k|  1 |1522 | 959 |-5.030865e+00 |      --      |    Inf | unknown
 1256s|173500 |173501 | 19821k| 114.2 |   736M | 101 | 302 | 106 | 445 |1003k|  3 |1522 | 959 |-5.030865e+00 |      --      |    Inf | unknown
 1257s|173600 |173601 | 19840k| 114.3 |   736M | 101 | 302 | 103 | 404 |1003k|  4 |1523 | 959 |-5.030865e+00 |      --      |    Inf | unknown
 1258s|173700 |173701 | 19851k| 114.3 |   736M | 101 | 302 | 104 | 440 |1004k|  2 |1524 | 959 |-5.030843e+00 |      --      |    Inf | unknown
 1258s|173800 |173801 | 19860k| 114.3 |   737M | 101 | 302 | 106 | 338 |1005k|  2 |1526 | 959 |-5.030843e+00 |      --      |    Inf | unknown
 time | node  | left  |LP iter|LP it/n|mem/heur|mdpt |vars |cons |rows |cuts |sepa|confs|strbr|  dualbound   | primalbound  |  gap   | compl. 
 1259s|173900 |173901 | 19870k| 114.3 |   737M | 101 | 302 | 106 | 560 |1005k|  3 |1527 | 959 |-5.030843e+00 |      --      |    Inf | unknown
 1259s|174000 |174001 | 19879k| 114.2 |   737M | 101 | 302 | 106 | 561 |1006k|  2 |1527 | 959 |-5.030820e+00 |      --      |    Inf | unknown
 1259s|174100 |174101 | 19888k| 114.2 |   737M | 101 | 302 | 108 | 542 |1006k|  4 |1529 | 959 |-5.030820e+00 |      --      |    Inf | unknown
 1260s|174200 |174201 | 19898k| 114.2 |   737M | 101 | 302 | 109 | 492 |1007k|  3 |1530 | 959 |-5.030804e+00 |      --      |    Inf | unknown
 1260s|174300 |174301 | 19908k| 114.2 |   738M | 101 | 302 | 109 | 471 |1007k|  2 |1530 | 959 |-5.030804e+00 |      --      |    Inf | unknown
 1262s|174400 |174401 | 19920k| 114.2 |   739M | 101 | 302 | 110 | 564 |1008k|  3 |1531 | 959 |-5.030804e+00 |      --      |    Inf | unknown
 1262s|174500 |174501 | 19933k| 114.2 |   739M | 101 | 302 | 105 | 523 |1009k|  2 |1532 | 959 |-5.030785e+00 |      --      |    Inf | unknown
 1263s|174600 |174601 | 19946k| 114.2 |   739M | 101 | 302 | 102 | 497 |1009k|  2 |1532 | 959 |-5.030785e+00 |      --      |    Inf | unknown
 1264s|174700 |174701 | 19959k| 114.2 |   739M | 101 | 302 | 101 | 423 |1010k|  3 |1532 | 959 |-5.030781e+00 |      --      |    Inf | unknown
 1265s|174800 |174801 | 19968k| 114.2 |   739M | 101 | 302 | 106 | 413 |1010k|  1 |1537 | 959 |-5.030781e+00 |      --      |    Inf | unknown
 1266s|174900 |174901 | 19977k| 114.2 |   739M | 101 | 302 | 106 | 378 |1011k|  1 |1537 | 959 |-5.030781e+00 |      --      |    Inf | unknown
 1266s|175000 |175001 | 19987k| 114.2 |   739M | 101 | 302 | 107 | 452 |1012k|  3 |1538 | 959 |-5.030737e+00 |      --      |    Inf | unknown
 1268s|175100 |175101 | 19999k| 114.2 |   740M | 103 | 302 | 109 | 397 |1012k|  3 |1540 | 959 |-5.030737e+00 |      --      |    Inf | unknown
 1268s|175200 |175201 | 20007k| 114.2 |   741M | 103 | 302 | 109 | 526 |1013k|  2 |1540 | 959 |-5.030737e+00 |      --      |    Inf | unknown
 1269s|175300 |175301 | 20017k| 114.2 |   741M | 103 | 302 | 111 | 557 |1013k|  3 |1542 | 959 |-5.030737e+00 |      --      |    Inf | unknown
 time | node  | left  |LP iter|LP it/n|mem/heur|mdpt |vars |cons |rows |cuts |sepa|confs|strbr|  dualbound   | primalbound  |  gap   | compl. 
 1269s|175400 |175401 | 20027k| 114.2 |   743M | 103 | 302 | 111 | 498 |1014k|  4 |1542 | 959 |-5.030736e+00 |      --      |    Inf | unknown
 1270s|175500 |175501 | 20047k| 114.2 |   744M | 103 | 302 | 101 | 504 |1014k|  3 |1542 | 959 |-5.030736e+00 |      --      |    Inf | unknown
 1271s|175600 |175601 | 20059k| 114.2 |   744M | 103 | 302 | 102 | 507 |1015k|  3 |1543 | 959 |-5.030736e+00 |      --      |    Inf | unknown
 1279s|175700 |175701 | 20075k| 114.2 |   744M | 103 | 302 | 102 | 432 |1015k|  2 |1543 | 959 |-5.030736e+00 |      --      |    Inf | unknown
 1280s|175800 |175801 | 20085k| 114.2 |   744M | 103 | 302 | 103 | 425 |1016k|  2 |1544 | 959 |-5.030736e+00 |      --      |    Inf | unknown
 1280s|175900 |175901 | 20094k| 114.2 |   746M | 103 | 302 | 104 | 394 |1016k|  2 |1545 | 959 |-5.030734e+00 |      --      |    Inf | unknown
 1280s|176000 |176001 | 20104k| 114.2 |   746M | 103 | 302 | 106 | 442 |1017k|  2 |1547 | 959 |-5.030734e+00 |      --      |    Inf | unknown
 1281s|176100 |176101 | 20113k| 114.2 |   746M | 103 | 302 | 106 | 488 |1017k|  4 |1547 | 959 |-5.030734e+00 |      --      |    Inf | unknown
 1281s|176200 |176201 | 20124k| 114.2 |   746M | 103 | 302 | 106 | 512 |1018k|  1 |1548 | 959 |-5.030734e+00 |      --      |    Inf | unknown
 1282s|176300 |176301 | 20137k| 114.2 |   746M | 103 | 302 | 105 | 547 |1019k|  1 |1549 | 959 |-5.030734e+00 |      --      |    Inf | unknown
 1282s|176400 |176401 | 20145k| 114.2 |   746M | 103 | 302 | 105 | 483 |1019k|  2 |1549 | 959 |-5.030728e+00 |      --      |    Inf | unknown
 1283s|176500 |176501 | 20154k| 114.2 |   746M | 103 | 302 | 105 | 465 |1020k|  4 |1550 | 959 |-5.030728e+00 |      --      |    Inf | unknown
 1283s|176600 |176601 | 20164k| 114.2 |   746M | 103 | 302 | 105 | 443 |1020k|  4 |1551 | 959 |-5.030728e+00 |      --      |    Inf | unknown
 1284s|176700 |176701 | 20175k| 114.2 |   747M | 103 | 302 | 107 | 457 |1021k|  2 |1554 | 959 |-5.030728e+00 |      --      |    Inf | unknown
 1284s|176800 |176801 | 20182k| 114.1 |   748M | 103 | 302 | 107 | 354 |1021k|  2 |1554 | 959 |-5.030728e+00 |      --      |    Inf | unknown
 time | node  | left  |LP iter|LP it/n|mem/heur|mdpt |vars |cons |rows |cuts |sepa|confs|strbr|  dualbound   | primalbound  |  gap   | compl. 
 1284s|176900 |176901 | 20191k| 114.1 |   749M | 103 | 302 | 109 | 589 |1022k|  3 |1556 | 959 |-5.030728e+00 |      --      |    Inf | unknown
 1285s|177000 |177001 | 20201k| 114.1 |   749M | 103 | 302 | 108 | 589 |1022k|  2 |1556 | 959 |-5.030681e+00 |      --      |    Inf | unknown
 1286s|177100 |177101 | 20212k| 114.1 |   750M | 103 | 302 | 107 | 548 |1023k|  2 |1556 | 959 |-5.030681e+00 |      --      |    Inf | unknown
 1286s|177200 |177201 | 20222k| 114.1 |   751M | 103 | 302 | 108 | 512 |1024k|  4 |1558 | 959 |-5.030681e+00 |      --      |    Inf | unknown
 1287s|177300 |177301 | 20235k| 114.1 |   751M | 103 | 302 | 103 | 511 |1024k|  2 |1558 | 959 |-5.030681e+00 |      --      |    Inf | unknown
 1294s|177400 |177401 | 20253k| 114.2 |   751M | 103 | 302 | 104 | 519 |1025k|  3 |1559 | 959 |-5.030681e+00 |      --      |    Inf | unknown
 1295s|177500 |177501 | 20262k| 114.1 |   751M | 103 | 302 | 102 | 488 |1025k|  3 |1559 | 959 |-5.030680e+00 |      --      |    Inf | unknown
 1296s|177600 |177601 | 20277k| 114.2 |   752M | 103 | 302 | 102 | 405 |1026k|  2 |1559 | 959 |-5.030680e+00 |      --      |    Inf | unknown
 1296s|177700 |177701 | 20287k| 114.2 |   752M | 103 | 302 | 103 | 379 |1026k|  2 |1561 | 959 |-5.030680e+00 |      --      |    Inf | unknown
 1296s|177800 |177801 | 20296k| 114.1 |   752M | 103 | 302 | 104 | 537 |1027k|  3 |1562 | 959 |-5.030680e+00 |      --      |    Inf | unknown
 1297s|177900 |177901 | 20306k| 114.1 |   753M | 103 | 302 | 105 | 553 |1027k|  2 |1563 | 959 |-5.030680e+00 |      --      |    Inf | unknown
 1297s|178000 |178001 | 20315k| 114.1 |   753M | 103 | 302 | 105 | 508 |1028k|  1 |1563 | 959 |-5.030660e+00 |      --      |    Inf | unknown
 1298s|178100 |178101 | 20326k| 114.1 |   753M | 103 | 302 | 107 | 510 |1029k|  2 |1565 | 959 |-5.030660e+00 |      --      |    Inf | unknown
 1298s|178200 |178201 | 20334k| 114.1 |   753M | 103 | 302 | 107 | 506 |1029k|  2 |1565 | 959 |-5.030660e+00 |      --      |    Inf | unknown
 1299s|178300 |178301 | 20348k| 114.1 |   754M | 103 | 302 | 106 | 457 |1030k|  2 |1566 | 959 |-5.030660e+00 |      --      |    Inf | unknown
 time | node  | left  |LP iter|LP it/n|mem/heur|mdpt |vars |cons |rows |cuts |sepa|confs|strbr|  dualbound   | primalbound  |  gap   | compl. 
 1299s|178400 |178401 | 20359k| 114.1 |   754M | 103 | 302 | 102 | 423 |1030k|  2 |1566 | 959 |-5.030660e+00 |      --      |    Inf | unknown
 1300s|178500 |178501 | 20368k| 114.1 |   755M | 103 | 302 | 102 | 364 |1031k|  3 |1566 | 959 |-5.030636e+00 |      --      |    Inf | unknown
 1300s|178600 |178601 | 20376k| 114.1 |   755M | 103 | 302 | 104 | 326 |1031k|  2 |1568 | 959 |-5.030636e+00 |      --      |    Inf | unknown
 1300s|178700 |178701 | 20384k| 114.1 |   755M | 103 | 302 | 104 | 548 |1032k|  2 |1568 | 959 |-5.030636e+00 |      --      |    Inf | unknown
 1301s|178800 |178801 | 20394k| 114.0 |   755M | 103 | 302 | 105 | 516 |1032k|  2 |1569 | 959 |-5.030636e+00 |      --      |    Inf | unknown
 1301s|178900 |178901 | 20404k| 114.0 |   755M | 103 | 302 | 105 | 494 |1033k|  2 |1569 | 959 |-5.030636e+00 |      --      |    Inf | unknown
 1301s|179000 |179001 | 20414k| 114.0 |   755M | 103 | 302 | 104 | 533 |1033k|  2 |1569 | 959 |-5.030636e+00 |      --      |    Inf | unknown
 1302s|179100 |179101 | 20423k| 114.0 |   755M | 103 | 302 | 105 | 486 |1034k|  4 |1570 | 959 |-5.030621e+00 |      --      |    Inf | unknown
 1302s|179200 |179201 | 20433k| 114.0 |   755M | 103 | 302 | 106 | 463 |1035k|  2 |1571 | 959 |-5.030621e+00 |      --      |    Inf | unknown
 1303s|179300 |179301 | 20443k| 114.0 |   756M | 103 | 302 | 107 | 447 |1035k|  2 |1572 | 959 |-5.030621e+00 |      --      |    Inf | unknown
 1304s|179400 |179401 | 20461k| 114.0 |   757M | 103 | 302 | 105 | 373 |1036k|  3 |1573 | 959 |-5.030621e+00 |      --      |    Inf | unknown
 1305s|179500 |179501 | 20473k| 114.0 |   757M | 103 | 302 | 102 | 368 |1036k|  2 |1573 | 959 |-5.030621e+00 |      --      |    Inf | unknown
 1305s|179600 |179601 | 20481k| 114.0 |   757M | 103 | 302 | 102 | 570 |1037k|  3 |1573 | 959 |-5.030581e+00 |      --      |    Inf | unknown
 1306s|179700 |179701 | 20491k| 114.0 |   757M | 103 | 302 | 103 | 562 |1037k|  2 |1574 | 959 |-5.030581e+00 |      --      |    Inf | unknown
 1307s|179800 |179801 | 20501k| 114.0 |   757M | 103 | 302 | 107 | 526 |1038k|  2 |1578 | 959 |-5.030581e+00 |      --      |    Inf | unknown
 time | node  | left  |LP iter|LP it/n|mem/heur|mdpt |vars |cons |rows |cuts |sepa|confs|strbr|  dualbound   | primalbound  |  gap   | compl. 
 1307s|179900 |179901 | 20513k| 114.0 |   757M | 103 | 302 | 109 | 514 |1038k|  2 |1580 | 959 |-5.030581e+00 |      --      |    Inf | unknown
 1310s|180000 |180001 | 20525k| 114.0 |   760M | 103 | 302 | 110 | 484 |1039k|  5 |1582 | 959 |-5.030581e+00 |      --      |    Inf | unknown
 1310s|180100 |180101 | 20536k| 114.0 |   760M | 103 | 302 | 111 | 424 |1039k|  2 |1583 | 959 |-5.030543e+00 |      --      |    Inf | unknown
 1311s|180200 |180201 | 20546k| 114.0 |   761M | 103 | 302 | 113 | 462 |1040k|  4 |1586 | 959 |-5.030543e+00 |      --      |    Inf | unknown
 1311s|180300 |180301 | 20557k| 114.0 |   761M | 103 | 302 | 115 | 358 |1040k|  2 |1588 | 959 |-5.030543e+00 |      --      |    Inf | unknown
 1312s|180400 |180401 | 20569k| 114.0 |   762M | 103 | 302 | 112 | 381 |1041k|  2 |1589 | 959 |-5.030543e+00 |      --      |    Inf | unknown
 1312s|180500 |180501 | 20582k| 114.0 |   762M | 103 | 302 | 106 | 560 |1041k|  3 |1589 | 959 |-5.030543e+00 |      --      |    Inf | unknown
 1313s|180600 |180601 | 20590k| 114.0 |   762M | 103 | 302 | 107 | 531 |1042k|  3 |1590 | 959 |-5.030543e+00 |      --      |    Inf | unknown
 1321s|180700 |180701 | 20608k| 114.0 |   762M | 103 | 302 | 102 | 529 |1043k|  3 |1590 | 959 |-5.030535e+00 |      --      |    Inf | unknown
 1322s|180800 |180801 | 20618k| 114.0 |   762M | 103 | 302 | 102 | 526 |1043k|  4 |1591 | 959 |-5.030535e+00 |      --      |    Inf | unknown
 1322s|180900 |180901 | 20629k| 114.0 |   762M | 103 | 302 | 102 | 464 |1044k|  3 |1591 | 959 |-5.030535e+00 |      --      |    Inf | unknown
 1322s|181000 |181001 | 20639k| 114.0 |   762M | 103 | 302 | 102 | 438 |1044k|  2 |1591 | 959 |-5.030535e+00 |      --      |    Inf | unknown
 1323s|181100 |181101 | 20656k| 114.0 |   764M | 103 | 302 | 104 | 417 |1045k|  2 |1593 | 959 |-5.030535e+00 |      --      |    Inf | unknown
 1324s|181200 |181201 | 20665k| 114.0 |   764M | 103 | 302 | 105 | 428 |1045k|  5 |1594 | 959 |-5.030490e+00 |      --      |    Inf | unknown
 1324s|181300 |181301 | 20674k| 114.0 |   765M | 103 | 302 | 106 | 406 |1046k|  3 |1596 | 959 |-5.030490e+00 |      --      |    Inf | unknown
 time | node  | left  |LP iter|LP it/n|mem/heur|mdpt |vars |cons |rows |cuts |sepa|confs|strbr|  dualbound   | primalbound  |  gap   | compl. 
 1325s|181400 |181401 | 20684k| 114.0 |   765M | 103 | 302 | 107 | 512 |1047k|  4 |1597 | 959 |-5.030490e+00 |      --      |    Inf | unknown
 1325s|181500 |181501 | 20697k| 114.0 |   765M | 103 | 302 | 108 | 512 |1047k|  2 |1598 | 959 |-5.030490e+00 |      --      |    Inf | unknown
 1326s|181600 |181601 | 20706k| 114.0 |   765M | 103 | 302 | 109 | 521 |1048k|  4 |1599 | 959 |-5.030490e+00 |      --      |    Inf | unknown
 1326s|181700 |181701 | 20716k| 114.0 |   765M | 103 | 302 | 109 | 470 |1048k|  4 |1600 | 959 |-5.030488e+00 |      --      |    Inf | unknown
 1327s|181800 |181801 | 20725k| 114.0 |   765M | 103 | 302 | 108 | 477 |1049k|  2 |1600 | 959 |-5.030488e+00 |      --      |    Inf | unknown
 1327s|181900 |181901 | 20736k| 114.0 |   767M | 103 | 302 | 103 | 464 |1049k|  2 |1600 | 959 |-5.030488e+00 |      --      |    Inf | unknown
 1328s|182000 |182001 | 20746k| 114.0 |   767M | 103 | 302 | 104 | 396 |1050k|  1 |1601 | 959 |-5.030488e+00 |      --      |    Inf | unknown
 1328s|182100 |182101 | 20755k| 114.0 |   767M | 103 | 302 | 105 | 414 |1050k|  4 |1602 | 959 |-5.030488e+00 |      --      |    Inf | unknown
 1336s|182200 |182201 | 20771k| 114.0 |   767M | 103 | 302 | 103 | 565 |1051k|  2 |1602 | 959 |-5.030488e+00 |      --      |    Inf | unknown
 1336s|182300 |182301 | 20780k| 114.0 |   767M | 103 | 302 | 103 | 556 |1052k|  2 |1602 | 959 |-5.030480e+00 |      --      |    Inf | unknown
 1337s|182400 |182401 | 20789k| 114.0 |   767M | 103 | 302 | 103 | 530 |1052k|  2 |1602 | 959 |-5.030480e+00 |      --      |    Inf | unknown
 1337s|182500 |182501 | 20802k| 114.0 |   767M | 103 | 302 | 102 | 532 |1053k|  2 |1602 | 959 |-5.030480e+00 |      --      |    Inf | unknown
 1338s|182600 |182601 | 20813k| 114.0 |   767M | 103 | 302 | 104 | 495 |1053k|  2 |1605 | 959 |-5.030480e+00 |      --      |    Inf | unknown
 1338s|182700 |182701 | 20823k| 114.0 |   769M | 103 | 302 | 105 | 477 |1054k|  2 |1606 | 959 |-5.030480e+00 |      --      |    Inf | unknown
 1339s|182800 |182801 | 20840k| 114.0 |   769M | 103 | 302 | 106 | 407 |1054k|  2 |1607 | 959 |-5.030479e+00 |      --      |    Inf | unknown
 time | node  | left  |LP iter|LP it/n|mem/heur|mdpt |vars |cons |rows |cuts |sepa|confs|strbr|  dualbound   | primalbound  |  gap   | compl. 
 1340s|182900 |182901 | 20850k| 114.0 |   769M | 103 | 302 | 105 | 450 |1055k|  2 |1607 | 959 |-5.030479e+00 |      --      |    Inf | unknown
 1340s|183000 |183001 | 20859k| 114.0 |   769M | 103 | 302 | 103 | 401 |1055k|  2 |1607 | 959 |-5.030479e+00 |      --      |    Inf | unknown
 1341s|183100 |183101 | 20868k| 114.0 |   769M | 103 | 302 | 103 | 572 |1056k|  3 |1608 | 959 |-5.030479e+00 |      --      |    Inf | unknown
 1341s|183200 |183201 | 20876k| 113.9 |   769M | 103 | 302 | 103 | 503 |1056k|  2 |1608 | 959 |-5.030479e+00 |      --      |    Inf | unknown
 1341s|183300 |183301 | 20885k| 113.9 |   769M | 103 | 302 | 106 | 494 |1057k|  2 |1611 | 959 |-5.030440e+00 |      --      |    Inf | unknown
 1342s|183400 |183401 | 20896k| 113.9 |   769M | 103 | 302 | 107 | 518 |1058k|  3 |1612 | 959 |-5.030440e+00 |      --      |    Inf | unknown
 1343s|183500 |183501 | 20909k| 113.9 |   770M | 103 | 302 | 107 | 533 |1058k|  5 |1613 | 960 |-5.030440e+00 |      --      |    Inf | unknown
 1343s|183600 |183601 | 20918k| 113.9 |   770M | 103 | 302 | 106 | 445 |1059k|  4 |1613 | 960 |-5.030440e+00 |      --      |    Inf | unknown
 1343s|183700 |183701 | 20927k| 113.9 |   770M | 103 | 302 | 107 | 471 |1059k|  4 |1615 | 960 |-5.030440e+00 |      --      |    Inf | unknown
 1344s|183800 |183801 | 20936k| 113.9 |   771M | 103 | 302 | 107 | 379 |1060k|  2 |1616 | 960 |-5.030438e+00 |      --      |    Inf | unknown
 1344s|183900 |183901 | 20946k| 113.9 |   772M | 103 | 302 | 105 | 412 |1060k|  2 |1617 | 960 |-5.030438e+00 |      --      |    Inf | unknown
 1345s|184000 |184001 | 20954k| 113.9 |   772M | 103 | 302 | 105 | 611 |1061k|  2 |1617 | 960 |-5.030438e+00 |      --      |    Inf | unknown
 1346s|184100 |184101 | 20965k| 113.9 |   772M | 103 | 302 | 107 | 609 |1061k|  2 |1619 | 961 |-5.030438e+00 |      --      |    Inf | unknown
 1346s|184200 |184201 | 20974k| 113.9 |   773M | 103 | 302 | 108 | 535 |1062k|  1 |1620 | 961 |-5.030438e+00 |      --      |    Inf | unknown
 1346s|184300 |184301 | 20983k| 113.8 |   773M | 103 | 302 | 109 | 536 |1062k|  2 |1621 | 961 |-5.030438e+00 |      --      |    Inf | unknown
 time | node  | left  |LP iter|LP it/n|mem/heur|mdpt |vars |cons |rows |cuts |sepa|confs|strbr|  dualbound   | primalbound  |  gap   | compl. 
 1348s|184400 |184401 | 20993k| 113.8 |   775M | 103 | 302 | 112 | 510 |1063k|  2 |1624 | 961 |-5.030380e+00 |      --      |    Inf | unknown
 1348s|184500 |184501 | 21002k| 113.8 |   775M | 103 | 302 | 111 | 438 |1063k|  2 |1626 | 961 |-5.030380e+00 |      --      |    Inf | unknown
 1349s|184600 |184601 | 21016k| 113.8 |   776M | 103 | 302 | 104 | 413 |1064k|  2 |1626 | 961 |-5.030380e+00 |      --      |    Inf | unknown
 1357s|184700 |184701 | 21037k| 113.9 |   777M | 103 | 302 | 101 | 433 |1065k|  2 |1626 | 961 |-5.030380e+00 |      --      |    Inf | unknown
 1358s|184800 |184801 | 21050k| 113.9 |   777M | 103 | 302 | 102 | 331 |1065k|  3 |1627 | 961 |-5.030380e+00 |      --      |    Inf | unknown
 1358s|184900 |184901 | 21060k| 113.9 |   777M | 103 | 302 | 102 | 520 |1066k|  2 |1627 | 961 |-5.030357e+00 |      --      |    Inf | unknown
 1359s|185000 |185001 | 21069k| 113.9 |   777M | 103 | 302 | 103 | 509 |1066k|  3 |1628 | 961 |-5.030357e+00 |      --      |    Inf | unknown
 1359s|185100 |185101 | 21078k| 113.9 |   777M | 103 | 302 | 103 | 505 |1067k|  2 |1628 | 961 |-5.030357e+00 |      --      |    Inf | unknown
 1360s|185200 |185201 | 21087k| 113.9 |   778M | 103 | 302 | 104 | 510 |1068k|  1 |1629 | 961 |-5.030357e+00 |      --      |    Inf | unknown
 1360s|185300 |185301 | 21096k| 113.8 |   778M | 103 | 302 | 104 | 523 |1068k|  1 |1629 | 961 |-5.030357e+00 |      --      |    Inf | unknown
 1360s|185400 |185401 | 21105k| 113.8 |   778M | 103 | 302 | 105 | 411 |1069k|  2 |1630 | 961 |-5.030342e+00 |      --      |    Inf | unknown
 1361s|185500 |185501 | 21120k| 113.8 |   779M | 103 | 302 | 107 | 436 |1069k|  5 |1633 | 961 |-5.030342e+00 |      --      |    Inf | unknown
 1362s|185600 |185601 | 21129k| 113.8 |   779M | 103 | 302 | 108 | 414 |1070k|  2 |1635 | 961 |-5.030342e+00 |      --      |    Inf | unknown
 1362s|185700 |185701 | 21137k| 113.8 |   779M | 103 | 302 | 109 | 391 |1070k|  2 |1636 | 961 |-5.030342e+00 |      --      |    Inf | unknown
 1362s|185800 |185801 | 21148k| 113.8 |   779M | 103 | 302 | 108 | 557 |1071k|  2 |1637 | 961 |-5.030342e+00 |      --      |    Inf | unknown
 time | node  | left  |LP iter|LP it/n|mem/heur|mdpt |vars |cons |rows |cuts |sepa|confs|strbr|  dualbound   | primalbound  |  gap   | compl. 
 1371s|185900 |185901 | 21163k| 113.8 |   779M | 103 | 302 | 103 | 512 |1071k|  4 |1637 | 961 |-5.030342e+00 |      --      |    Inf | unknown
 1371s|186000 |186001 | 21173k| 113.8 |   780M | 103 | 302 | 103 | 513 |1072k|  2 |1637 | 961 |-5.030321e+00 |      --      |    Inf | unknown
 1371s|186100 |186101 | 21182k| 113.8 |   781M | 103 | 302 | 103 | 489 |1072k|  2 |1638 | 961 |-5.030321e+00 |      --      |    Inf | unknown
 1372s|186200 |186201 | 21192k| 113.8 |   781M | 103 | 302 | 104 | 492 |1073k|  2 |1639 | 961 |-5.030321e+00 |      --      |    Inf | unknown
 1372s|186300 |186301 | 21202k| 113.8 |   781M | 103 | 302 | 104 | 497 |1073k|  2 |1639 | 961 |-5.030321e+00 |      --      |    Inf | unknown
 1373s|186400 |186401 | 21210k| 113.8 |   781M | 103 | 302 | 104 | 374 |1074k|  3 |1640 | 961 |-5.030321e+00 |      --      |    Inf | unknown
 1373s|186500 |186501 | 21224k| 113.8 |   782M | 103 | 302 | 104 | 421 |1075k|  2 |1640 | 961 |-5.030304e+00 |      --      |    Inf | unknown
 1374s|186600 |186601 | 21239k| 113.8 |   782M | 103 | 302 | 102 | 439 |1075k|  1 |1640 | 961 |-5.030304e+00 |      --      |    Inf | unknown
 1374s|186700 |186701 | 21248k| 113.8 |   782M | 103 | 302 | 102 | 581 |1076k|  2 |1641 | 961 |-5.030304e+00 |      --      |    Inf | unknown
 1375s|186800 |186801 | 21258k| 113.8 |   782M | 103 | 302 | 103 | 568 |1076k|  2 |1642 | 961 |-5.030304e+00 |      --      |    Inf | unknown
 1375s|186900 |186901 | 21267k| 113.8 |   783M | 103 | 302 | 103 | 508 |1077k|  1 |1642 | 961 |-5.030304e+00 |      --      |    Inf | unknown
 1376s|187000 |187001 | 21278k| 113.8 |   783M | 103 | 302 | 106 | 476 |1077k|  2 |1645 | 961 |-5.030300e+00 |      --      |    Inf | unknown
 1376s|187100 |187101 | 21288k| 113.8 |   783M | 103 | 302 | 106 | 456 |1078k|  4 |1645 | 961 |-5.030300e+00 |      --      |    Inf | unknown
 1377s|187200 |187201 | 21298k| 113.8 |   783M | 103 | 302 | 107 | 450 |1078k|  2 |1646 | 961 |-5.030300e+00 |      --      |    Inf | unknown
 1385s|187300 |187301 | 21315k| 113.8 |   783M | 103 | 302 | 106 | 440 |1079k|  3 |1647 | 961 |-5.030300e+00 |      --      |    Inf | unknown
 time | node  | left  |LP iter|LP it/n|mem/heur|mdpt |vars |cons |rows |cuts |sepa|confs|strbr|  dualbound   | primalbound  |  gap   | compl. 
 1385s|187400 |187401 | 21327k| 113.8 |   783M | 103 | 302 | 102 | 371 |1080k|  3 |1647 | 961 |-5.030300e+00 |      --      |    Inf | unknown
 1386s|187500 |187501 | 21336k| 113.8 |   784M | 103 | 302 | 103 | 570 |1080k|  3 |1648 | 961 |-5.030300e+00 |      --      |    Inf | unknown
 1386s|187600 |187601 | 21348k| 113.8 |   785M | 103 | 302 | 103 | 536 |1081k|  3 |1648 | 961 |-5.030286e+00 |      --      |    Inf | unknown
 1387s|187700 |187701 | 21357k| 113.8 |   786M | 103 | 302 | 103 | 506 |1081k|  2 |1648 | 961 |-5.030286e+00 |      --      |    Inf | unknown
 1387s|187800 |187801 | 21367k| 113.8 |   786M | 103 | 302 | 104 | 522 |1082k|  2 |1650 | 962 |-5.030286e+00 |      --      |    Inf | unknown
 1388s|187900 |187901 | 21376k| 113.7 |   786M | 103 | 302 | 105 | 453 |1082k|  3 |1651 | 962 |-5.030286e+00 |      --      |    Inf | unknown
 1388s|188000 |188001 | 21387k| 113.8 |   787M | 103 | 302 | 106 | 466 |1083k|  4 |1652 | 962 |-5.030286e+00 |      --      |    Inf | unknown
 1389s|188100 |188101 | 21396k| 113.7 |   787M | 103 | 302 | 109 | 446 |1083k|  2 |1655 | 962 |-5.030268e+00 |      --      |    Inf | unknown
 1389s|188200 |188201 | 21405k| 113.7 |   787M | 103 | 302 | 110 | 427 |1084k|  3 |1656 | 962 |-5.030268e+00 |      --      |    Inf | unknown
 1390s|188300 |188301 | 21415k| 113.7 |   787M | 103 | 302 | 113 | 333 |1084k|  4 |1659 | 962 |-5.030268e+00 |      --      |    Inf | unknown
 1390s|188400 |188401 | 21425k| 113.7 |   787M | 103 | 302 | 112 | 572 |1085k|  4 |1659 | 962 |-5.030268e+00 |      --      |    Inf | unknown
 1391s|188500 |188501 | 21438k| 113.7 |   787M | 103 | 302 | 111 | 548 |1086k|  2 |1660 | 962 |-5.030268e+00 |      --      |    Inf | unknown
 1392s|188600 |188601 | 21457k| 113.8 |   789M | 103 | 302 | 103 | 502 |1086k|  3 |1661 | 962 |-5.030207e+00 |      --      |    Inf | unknown
 1392s|188700 |188701 | 21466k| 113.7 |   789M | 103 | 302 | 103 | 511 |1087k|  2 |1661 | 962 |-5.030207e+00 |      --      |    Inf | unknown
 1394s|188800 |188801 | 21476k| 113.7 |   796M | 103 | 302 | 105 | 453 |1087k|  1 |1663 | 962 |-5.030207e+00 |      --      |    Inf | unknown
 time | node  | left  |LP iter|LP it/n|mem/heur|mdpt |vars |cons |rows |cuts |sepa|confs|strbr|  dualbound   | primalbound  |  gap   | compl. 
 1394s|188900 |188901 | 21487k| 113.7 |   797M | 103 | 302 | 105 | 485 |1088k|  3 |1663 | 962 |-5.030207e+00 |      --      |    Inf | unknown
 1395s|189000 |189001 | 21496k| 113.7 |   797M | 103 | 302 | 105 | 456 |1088k|  5 |1664 | 962 |-5.030207e+00 |      --      |    Inf | unknown
 1396s|189100 |189101 | 21509k| 113.7 |   798M | 103 | 302 | 110 | 369 |1089k|  2 |1669 | 962 |-5.030205e+00 |      --      |    Inf | unknown
 1396s|189200 |189201 | 21517k| 113.7 |   799M | 103 | 302 | 110 | 381 |1090k|  1 |1669 | 962 |-5.030205e+00 |      --      |    Inf | unknown
 1397s|189300 |189301 | 21527k| 113.7 |   800M | 103 | 302 | 110 | 575 |1090k|  2 |1670 | 962 |-5.030205e+00 |      --      |    Inf | unknown
 1397s|189400 |189401 | 21536k| 113.7 |   802M | 103 | 302 | 109 | 509 |1091k|  2 |1671 | 962 |-5.030205e+00 |      --      |    Inf | unknown
 1400s|189500 |189501 | 21552k| 113.7 |   802M | 103 | 302 | 107 | 512 |1091k|  3 |1672 | 962 |-5.030205e+00 |      --      |    Inf | unknown
 1400s|189600 |189601 | 21563k| 113.7 |   802M | 103 | 302 | 105 | 549 |1092k|  2 |1674 | 962 |-5.030205e+00 |      --      |    Inf | unknown
 1401s|189700 |189701 | 21572k| 113.7 |   802M | 103 | 302 | 107 | 529 |1092k|  2 |1676 | 962 |-5.030203e+00 |      --      |    Inf | unknown
 1401s|189800 |189801 | 21582k| 113.7 |   802M | 103 | 302 | 106 | 498 |1093k|  2 |1676 | 962 |-5.030203e+00 |      --      |    Inf | unknown
 1402s|189900 |189901 | 21591k| 113.7 |   803M | 103 | 302 | 106 | 424 |1093k|  2 |1676 | 962 |-5.030203e+00 |      --      |    Inf | unknown
 1402s|190000 |190001 | 21603k| 113.7 |   803M | 103 | 302 | 106 | 372 |1094k|  2 |1677 | 962 |-5.030203e+00 |      --      |    Inf | unknown
 1411s|190100 |190101 | 21617k| 113.7 |   803M | 103 | 302 | 102 | 383 |1094k|  2 |1677 | 962 |-5.030203e+00 |      --      |    Inf | unknown
 1412s|190200 |190201 | 21635k| 113.7 |   803M | 103 | 302 | 101 | 546 |1095k|  2 |1677 | 962 |-5.030118e+00 |      --      |    Inf | unknown
 1412s|190300 |190301 | 21643k| 113.7 |   804M | 103 | 302 | 101 | 542 |1095k|  2 |1677 | 962 |-5.030118e+00 |      --      |    Inf | unknown
 time | node  | left  |LP iter|LP it/n|mem/heur|mdpt |vars |cons |rows |cuts |sepa|confs|strbr|  dualbound   | primalbound  |  gap   | compl. 
 1413s|190400 |190401 | 21652k| 113.7 |   804M | 103 | 302 | 102 | 561 |1096k|  3 |1678 | 962 |-5.030118e+00 |      --      |    Inf | unknown
 1413s|190500 |190501 | 21661k| 113.7 |   804M | 103 | 302 | 103 | 510 |1096k|  1 |1679 | 962 |-5.030118e+00 |      --      |    Inf | unknown
 1413s|190600 |190601 | 21670k| 113.7 |   804M | 103 | 302 | 103 | 498 |1097k|  2 |1679 | 962 |-5.030118e+00 |      --      |    Inf | unknown
 1414s|190700 |190701 | 21684k| 113.7 |   805M | 103 | 302 | 103 | 419 |1098k|  2 |1679 | 962 |-5.030103e+00 |      --      |    Inf | unknown
 1415s|190800 |190801 | 21693k| 113.7 |   805M | 103 | 302 | 103 | 369 |1098k|  2 |1680 | 962 |-5.030103e+00 |      --      |    Inf | unknown
 1415s|190900 |190901 | 21703k| 113.7 |   805M | 103 | 302 | 102 | 407 |1099k|  2 |1680 | 962 |-5.030103e+00 |      --      |    Inf | unknown
 1415s|191000 |191001 | 21712k| 113.7 |   805M | 103 | 302 | 102 | 336 |1099k|  2 |1680 | 962 |-5.030103e+00 |      --      |    Inf | unknown
 1416s|191100 |191101 | 21723k| 113.7 |   806M | 103 | 302 | 102 | 590 |1100k|  2 |1680 | 962 |-5.030103e+00 |      --      |    Inf | unknown
 1417s|191200 |191201 | 21733k| 113.7 |   806M | 103 | 302 | 104 | 524 |1100k|  2 |1682 | 962 |-5.030103e+00 |      --      |    Inf | unknown
 1417s|191300 |191301 | 21741k| 113.6 |   806M | 103 | 302 | 104 | 497 |1101k|  3 |1682 | 962 |-5.030092e+00 |      --      |    Inf | unknown
 1417s|191400 |191401 | 21751k| 113.6 |   806M | 103 | 302 | 105 | 490 |1101k|  2 |1683 | 962 |-5.030092e+00 |      --      |    Inf | unknown
 1418s|191500 |191501 | 21761k| 113.6 |   807M | 103 | 302 | 106 | 489 |1102k|  3 |1684 | 962 |-5.030092e+00 |      --      |    Inf | unknown
 1418s|191600 |191601 | 21769k| 113.6 |   807M | 103 | 302 | 106 | 394 |1103k|  2 |1684 | 962 |-5.030092e+00 |      --      |    Inf | unknown
 1419s|191700 |191701 | 21780k| 113.6 |   808M | 103 | 302 | 105 | 445 |1103k|  4 |1684 | 962 |-5.030092e+00 |      --      |    Inf | unknown
 1419s|191800 |191801 | 21791k| 113.6 |   808M | 103 | 302 | 105 | 404 |1104k|  4 |1686 | 962 |-5.030075e+00 |      --      |    Inf | unknown
 time | node  | left  |LP iter|LP it/n|mem/heur|mdpt |vars |cons |rows |cuts |sepa|confs|strbr|  dualbound   | primalbound  |  gap   | compl. 
 1427s|191900 |191901 | 21806k| 113.6 |   809M | 103 | 302 | 104 | 423 |1104k|  1 |1687 | 962 |-5.030075e+00 |      --      |    Inf | unknown
 1428s|192000 |192001 | 21813k| 113.6 |   809M | 103 | 302 | 104 | 561 |1105k|  2 |1687 | 962 |-5.030075e+00 |      --      |    Inf | unknown
 1428s|192100 |192101 | 21822k| 113.6 |   809M | 103 | 302 | 106 | 483 |1105k|  2 |1689 | 962 |-5.030075e+00 |      --      |    Inf | unknown
 1428s|192200 |192201 | 21831k| 113.6 |   809M | 103 | 302 | 106 | 479 |1106k|  2 |1689 | 962 |-5.030075e+00 |      --      |    Inf | unknown
 1429s|192300 |192301 | 21842k| 113.6 |   809M | 103 | 302 | 105 | 473 |1106k|  1 |1689 | 962 |-5.030028e+00 |      --      |    Inf | unknown
 1430s|192400 |192401 | 21858k| 113.6 |   809M | 103 | 302 | 106 | 458 |1107k|  2 |1691 | 962 |-5.030028e+00 |      --      |    Inf | unknown
 1430s|192500 |192501 | 21869k| 113.6 |   810M | 103 | 302 | 108 | 481 |1107k|  3 |1694 | 962 |-5.030028e+00 |      --      |    Inf | unknown
 1431s|192600 |192601 | 21882k| 113.6 |   810M | 103 | 302 | 104 | 403 |1108k|  4 |1694 | 962 |-5.030028e+00 |      --      |    Inf | unknown
 1431s|192700 |192701 | 21892k| 113.6 |   810M | 103 | 302 | 105 | 346 |1109k|  2 |1695 | 962 |-5.030028e+00 |      --      |    Inf | unknown
 1432s|192800 |192801 | 21902k| 113.6 |   814M | 103 | 302 | 107 | 534 |1109k|  1 |1697 | 962 |-5.030028e+00 |      --      |    Inf | unknown
 1432s|192900 |192901 | 21913k| 113.6 |   814M | 103 | 302 | 105 | 588 |1110k|  3 |1697 | 962 |-5.030002e+00 |      --      |    Inf | unknown
 1433s|193000 |193001 | 21922k| 113.6 |   814M | 103 | 302 | 106 | 501 |1110k|  2 |1698 | 962 |-5.030002e+00 |      --      |    Inf | unknown
 1433s|193100 |193101 | 21932k| 113.6 |   814M | 103 | 302 | 107 | 499 |1111k|  2 |1700 | 962 |-5.030002e+00 |      --      |    Inf | unknown
 1434s|193200 |193201 | 21942k| 113.6 |   814M | 103 | 302 | 108 | 513 |1111k|  3 |1701 | 963 |-5.030002e+00 |      --      |    Inf | unknown
 1434s|193300 |193301 | 21950k| 113.5 |   814M | 103 | 302 | 108 | 480 |1112k|  2 |1701 | 963 |-5.030002e+00 |      --      |    Inf | unknown
 time | node  | left  |LP iter|LP it/n|mem/heur|mdpt |vars |cons |rows |cuts |sepa|confs|strbr|  dualbound   | primalbound  |  gap   | compl. 
 1435s|193400 |193401 | 21961k| 113.5 |   814M | 103 | 302 | 115 | 437 |1112k|  2 |1708 | 963 |-5.029999e+00 |      --      |    Inf | unknown
 1436s|193500 |193501 | 21973k| 113.5 |   814M | 103 | 302 | 112 | 405 |1113k|  2 |1709 | 963 |-5.029999e+00 |      --      |    Inf | unknown
 1437s|193600 |193601 | 21982k| 113.5 |   816M | 103 | 302 | 111 | 378 |1113k|  2 |1709 | 963 |-5.029999e+00 |      --      |    Inf | unknown
 1437s|193700 |193701 | 21995k| 113.5 |   816M | 103 | 302 | 102 | 568 |1114k|  1 |1709 | 964 |-5.029999e+00 |      --      |    Inf | unknown
 1439s|193800 |193801 | 22004k| 113.5 |   816M | 103 | 302 | 103 | 513 |1115k|  2 |1710 | 964 |-5.029999e+00 |      --      |    Inf | unknown
 1439s|193900 |193901 | 22013k| 113.5 |   816M | 103 | 302 | 104 | 492 |1115k|  3 |1711 | 964 |-5.029992e+00 |      --      |    Inf | unknown
 1439s|194000 |194001 | 22022k| 113.5 |   817M | 103 | 302 | 104 | 516 |1116k|  2 |1712 | 964 |-5.029992e+00 |      --      |    Inf | unknown
 1442s|194100 |194101 | 22033k| 113.5 |   819M | 103 | 302 | 105 | 505 |1116k|  2 |1713 | 964 |-5.029992e+00 |      --      |    Inf | unknown
 1442s|194200 |194201 | 22042k| 113.5 |   819M | 103 | 302 | 106 | 475 |1117k|  4 |1714 | 964 |-5.029992e+00 |      --      |    Inf | unknown
 1443s|194300 |194301 | 22059k| 113.5 |   819M | 103 | 302 | 104 | 436 |1117k|  4 |1714 | 964 |-5.029992e+00 |      --      |    Inf | unknown
 1444s|194400 |194401 | 22072k| 113.5 |   820M | 103 | 302 | 102 | 367 |1118k|  2 |1715 | 964 |-5.029977e+00 |      --      |    Inf | unknown
 1444s|194500 |194501 | 22081k| 113.5 |   820M | 103 | 302 | 102 | 418 |1118k|  2 |1715 | 964 |-5.029977e+00 |      --      |    Inf | unknown
 1444s|194600 |194601 | 22089k| 113.5 |   820M | 103 | 302 | 102 | 563 |1119k|  2 |1715 | 964 |-5.029977e+00 |      --      |    Inf | unknown
 1445s|194700 |194701 | 22109k| 113.5 |   821M | 103 | 302 | 103 | 545 |1119k|  2 |1716 | 964 |-5.029977e+00 |      --      |    Inf | unknown
 1454s|194800 |194801 | 22125k| 113.6 |   821M | 103 | 302 | 101 | 565 |1120k|  2 |1716 | 964 |-5.029977e+00 |      --      |    Inf | unknown
 time | node  | left  |LP iter|LP it/n|mem/heur|mdpt |vars |cons |rows |cuts |sepa|confs|strbr|  dualbound   | primalbound  |  gap   | compl. 
 1455s|194900 |194901 | 22134k| 113.6 |   821M | 103 | 302 | 102 | 548 |1120k|  3 |1717 | 964 |-5.029977e+00 |      --      |    Inf | unknown
 1455s|195000 |195001 | 22142k| 113.5 |   821M | 103 | 302 | 102 | 452 |1121k|  2 |1717 | 964 |-5.029953e+00 |      --      |    Inf | unknown
 1455s|195100 |195101 | 22151k| 113.5 |   822M | 103 | 302 | 102 | 480 |1122k|  2 |1717 | 964 |-5.029953e+00 |      --      |    Inf | unknown
 1456s|195200 |195201 | 22161k| 113.5 |   822M | 103 | 302 | 104 | 427 |1122k|  2 |1719 | 964 |-5.029953e+00 |      --      |    Inf | unknown
 1456s|195300 |195301 | 22169k| 113.5 |   823M | 103 | 302 | 104 | 397 |1123k|  2 |1719 | 964 |-5.029953e+00 |      --      |    Inf | unknown
 1457s|195400 |195401 | 22183k| 113.5 |   823M | 103 | 302 | 105 | 404 |1123k|  1 |1720 | 964 |-5.029953e+00 |      --      |    Inf | unknown
 1457s|195500 |195501 | 22192k| 113.5 |   824M | 103 | 302 | 104 | 545 |1124k|  3 |1720 | 964 |-5.029952e+00 |      --      |    Inf | unknown
 1458s|195600 |195601 | 22202k| 113.5 |   824M | 103 | 302 | 106 | 559 |1124k|  2 |1723 | 964 |-5.029952e+00 |      --      |    Inf | unknown
 1458s|195700 |195701 | 22212k| 113.5 |   824M | 103 | 302 | 106 | 540 |1125k|  4 |1723 | 964 |-5.029952e+00 |      --      |    Inf | unknown
 1459s|195800 |195801 | 22222k| 113.5 |   824M | 103 | 302 | 106 | 486 |1125k|  5 |1724 | 964 |-5.029952e+00 |      --      |    Inf | unknown
 1459s|195900 |195901 | 22230k| 113.5 |   825M | 103 | 302 | 106 | 466 |1126k|  3 |1724 | 964 |-5.029952e+00 |      --      |    Inf | unknown
 1459s|196000 |196001 | 22239k| 113.5 |   825M | 103 | 302 | 108 | 423 |1126k|  1 |1726 | 964 |-5.029950e+00 |      --      |    Inf | unknown
 1460s|196100 |196101 | 22249k| 113.4 |   827M | 103 | 302 | 109 | 483 |1127k|  3 |1727 | 964 |-5.029950e+00 |      --      |    Inf | unknown
 1461s|196200 |196201 | 22265k| 113.5 |   827M | 103 | 302 | 105 | 429 |1128k|  2 |1728 | 964 |-5.029950e+00 |      --      |    Inf | unknown
 1461s|196300 |196301 | 22282k| 113.5 |   827M | 103 | 302 | 102 | 343 |1128k|  3 |1728 | 964 |-5.029950e+00 |      --      |    Inf | unknown
 time | node  | left  |LP iter|LP it/n|mem/heur|mdpt |vars |cons |rows |cuts |sepa|confs|strbr|  dualbound   | primalbound  |  gap   | compl. 
 1462s|196400 |196401 | 22290k| 113.5 |   827M | 103 | 302 | 102 | 543 |1129k|  2 |1729 | 964 |-5.029950e+00 |      --      |    Inf | unknown
 1463s|196500 |196501 | 22304k| 113.5 |   827M | 103 | 302 | 102 | 561 |1129k|  3 |1729 | 964 |-5.029950e+00 |      --      |    Inf | unknown
 1471s|196600 |196601 | 22320k| 113.5 |   828M | 103 | 302 | 102 | 533 |1130k|  2 |1730 | 964 |-5.029923e+00 |      --      |    Inf | unknown
 1471s|196700 |196701 | 22331k| 113.5 |   828M | 103 | 302 | 103 | 509 |1130k|  2 |1731 | 964 |-5.029923e+00 |      --      |    Inf | unknown
 1472s|196800 |196801 | 22342k| 113.5 |   829M | 103 | 302 | 107 | 415 |1131k|  4 |1735 | 964 |-5.029923e+00 |      --      |    Inf | unknown
 1472s|196900 |196901 | 22351k| 113.5 |   829M | 103 | 302 | 107 | 446 |1131k|  2 |1735 | 964 |-5.029923e+00 |      --      |    Inf | unknown
 1473s|197000 |197001 | 22360k| 113.5 |   830M | 103 | 302 | 108 | 454 |1132k|  4 |1736 | 964 |-5.029923e+00 |      --      |    Inf | unknown
 1473s|197100 |197101 | 22370k| 113.5 |   830M | 103 | 302 | 108 | 411 |1132k|  2 |1736 | 964 |-5.029884e+00 |      --      |    Inf | unknown
 1473s|197200 |197201 | 22380k| 113.5 |   830M | 103 | 302 | 109 | 434 |1133k|  2 |1737 | 964 |-5.029884e+00 |      --      |    Inf | unknown
 1474s|197300 |197301 | 22389k| 113.5 |   830M | 103 | 302 | 109 | 567 |1134k|  1 |1737 | 965 |-5.029884e+00 |      --      |    Inf | unknown
 1474s|197400 |197401 | 22398k| 113.5 |   830M | 103 | 302 | 111 | 554 |1134k|  2 |1739 | 965 |-5.029884e+00 |      --      |    Inf | unknown
 1475s|197500 |197501 | 22409k| 113.5 |   830M | 103 | 302 | 109 | 502 |1135k|  4 |1739 | 965 |-5.029884e+00 |      --      |    Inf | unknown
 1476s|197600 |197601 | 22423k| 113.5 |   831M | 103 | 302 | 105 | 459 |1135k|  2 |1740 | 965 |-5.029858e+00 |      --      |    Inf | unknown
 1476s|197700 |197701 | 22433k| 113.5 |   831M | 103 | 302 | 104 | 465 |1136k|  2 |1740 | 965 |-5.029858e+00 |      --      |    Inf | unknown
 1476s|197800 |197801 | 22442k| 113.4 |   832M | 103 | 302 | 103 | 433 |1136k|  2 |1740 | 965 |-5.029858e+00 |      --      |    Inf | unknown
 time | node  | left  |LP iter|LP it/n|mem/heur|mdpt |vars |cons |rows |cuts |sepa|confs|strbr|  dualbound   | primalbound  |  gap   | compl. 
 1477s|197900 |197901 | 22454k| 113.5 |   832M | 103 | 302 | 103 | 418 |1137k|  3 |1742 | 965 |-5.029858e+00 |      --      |    Inf | unknown
 1478s|198000 |198001 | 22463k| 113.4 |   833M | 103 | 302 | 104 | 450 |1137k|  3 |1743 | 965 |-5.029858e+00 |      --      |    Inf | unknown
 1478s|198100 |198101 | 22471k| 113.4 |   833M | 103 | 302 | 104 | 574 |1138k|  2 |1743 | 965 |-5.029858e+00 |      --      |    Inf | unknown
 1479s|198200 |198201 | 22480k| 113.4 |   834M | 103 | 302 | 105 | 526 |1138k|  3 |1744 | 965 |-5.029829e+00 |      --      |    Inf | unknown
 1480s|198300 |198301 | 22489k| 113.4 |   834M | 103 | 302 | 105 | 534 |1139k|  3 |1744 | 966 |-5.029829e+00 |      --      |    Inf | unknown
 1481s|198400 |198401 | 22506k| 113.4 |   834M | 103 | 302 | 103 | 503 |1140k|  2 |1744 | 966 |-5.029829e+00 |      --      |    Inf | unknown
 1482s|198500 |198501 | 22517k| 113.4 |   836M | 103 | 302 | 104 | 506 |1140k|  2 |1745 | 966 |-5.029829e+00 |      --      |    Inf | unknown
 1483s|198600 |198601 | 22531k| 113.4 |   838M | 103 | 302 | 103 | 468 |1141k|  2 |1746 | 966 |-5.029829e+00 |      --      |    Inf | unknown
 1483s|198700 |198701 | 22540k| 113.4 |   838M | 103 | 302 | 103 | 452 |1141k|  2 |1746 | 966 |-5.029805e+00 |      --      |    Inf | unknown
 1487s|198800 |198801 | 22552k| 113.4 |   838M | 103 | 302 | 104 | 349 |1142k|  2 |1749 | 966 |-5.029805e+00 |      --      |    Inf | unknown
 1487s|198900 |198901 | 22562k| 113.4 |   838M | 103 | 302 | 104 | 404 |1142k|  2 |1749 | 966 |-5.029805e+00 |      --      |    Inf | unknown
 1487s|199000 |199001 | 22571k| 113.4 |   838M | 103 | 302 | 105 | 566 |1143k|  2 |1750 | 966 |-5.029805e+00 |      --      |    Inf | unknown
 1488s|199100 |199101 | 22581k| 113.4 |   839M | 103 | 302 | 106 | 537 |1144k|  1 |1751 | 967 |-5.029805e+00 |      --      |    Inf | unknown
 1488s|199200 |199201 | 22590k| 113.4 |   839M | 103 | 302 | 107 | 540 |1144k|  5 |1752 | 967 |-5.029744e+00 |      --      |    Inf | unknown
 1489s|199300 |199301 | 22600k| 113.4 |   839M | 103 | 302 | 108 | 494 |1145k|  3 |1753 | 967 |-5.029744e+00 |      --      |    Inf | unknown
 time | node  | left  |LP iter|LP it/n|mem/heur|mdpt |vars |cons |rows |cuts |sepa|confs|strbr|  dualbound   | primalbound  |  gap   | compl. 
 1489s|199400 |199401 | 22609k| 113.4 |   839M | 103 | 302 | 110 | 483 |1145k|  4 |1755 | 967 |-5.029744e+00 |      --      |    Inf | unknown
 1489s|199500 |199501 | 22618k| 113.4 |   841M | 103 | 302 | 111 | 471 |1146k|  2 |1757 | 968 |-5.029744e+00 |      --      |    Inf | unknown
 1498s|199600 |199601 | 22635k| 113.4 |   841M | 103 | 302 | 107 | 468 |1146k|  3 |1758 | 968 |-5.029744e+00 |      --      |    Inf | unknown
 1499s|199700 |199701 | 22647k| 113.4 |   841M | 103 | 302 | 102 | 352 |1147k|  2 |1758 | 968 |-5.029714e+00 |      --      |    Inf | unknown
 1500s|199800 |199801 | 22657k| 113.4 |   841M | 103 | 302 | 102 | 348 |1147k|  3 |1758 | 968 |-5.029714e+00 |      --      |    Inf | unknown
 1500s|199900 |199901 | 22666k| 113.4 |   841M | 103 | 302 | 103 | 537 |1148k|  2 |1759 | 968 |-5.029714e+00 |      --      |    Inf | unknown
 1500s|200000 |200001 | 22675k| 113.4 |   841M | 103 | 302 | 105 | 486 |1148k|  3 |1761 | 969 |-5.029714e+00 |      --      |    Inf | unknown
 1501s|200100 |200101 | 22684k| 113.4 |   841M | 103 | 302 | 105 | 550 |1149k|  4 |1762 | 969 |-5.029714e+00 |      --      |    Inf | unknown
 1501s|200200 |200201 | 22693k| 113.3 |   842M | 103 | 302 | 106 | 521 |1150k|  5 |1763 | 969 |-5.029714e+00 |      --      |    Inf | unknown
 1502s|200300 |200301 | 22703k| 113.3 |   843M | 103 | 302 | 107 | 487 |1150k|  3 |1764 | 969 |-5.029695e+00 |      --      |    Inf | unknown
 1503s|200400 |200401 | 22721k| 113.4 |   843M | 103 | 302 | 107 | 463 |1151k|  5 |1765 | 969 |-5.029695e+00 |      --      |    Inf | unknown
 1503s|200500 |200501 | 22731k| 113.4 |   843M | 103 | 302 | 106 | 494 |1151k|  4 |1766 | 970 |-5.029695e+00 |      --      |    Inf | unknown
 1504s|200600 |200601 | 22743k| 113.4 |   843M | 103 | 302 | 102 | 421 |1152k|  3 |1766 | 970 |-5.029695e+00 |      --      |    Inf | unknown
 1504s|200700 |200701 | 22753k| 113.4 |   843M | 103 | 302 | 103 | 398 |1152k|  1 |1767 | 970 |-5.029695e+00 |      --      |    Inf | unknown
 1505s|200800 |200801 | 22762k| 113.3 |   843M | 103 | 302 | 104 | 506 |1153k|  2 |1768 | 970 |-5.029641e+00 |      --      |    Inf | unknown
 time | node  | left  |LP iter|LP it/n|mem/heur|mdpt |vars |cons |rows |cuts |sepa|confs|strbr|  dualbound   | primalbound  |  gap   | compl. 
 1505s|200900 |200901 | 22771k| 113.3 |   844M | 103 | 302 | 105 | 559 |1153k|  3 |1770 | 970 |-5.029641e+00 |      --      |    Inf | unknown
 1505s|201000 |201001 | 22780k| 113.3 |   844M | 103 | 302 | 108 | 535 |1154k|  2 |1773 | 970 |-5.029641e+00 |      --      |    Inf | unknown
 1506s|201100 |201101 | 22790k| 113.3 |   844M | 103 | 302 | 108 | 531 |1154k|  3 |1773 | 970 |-5.029641e+00 |      --      |    Inf | unknown
 1506s|201200 |201201 | 22801k| 113.3 |   845M | 103 | 302 | 108 | 516 |1155k|  2 |1773 | 970 |-5.029641e+00 |      --      |    Inf | unknown
 1514s|201300 |201301 | 22818k| 113.3 |   846M | 103 | 302 | 104 | 449 |1155k|  3 |1775 | 970 |-5.029617e+00 |      --      |    Inf | unknown
 1515s|201400 |201401 | 22826k| 113.3 |   846M | 103 | 302 | 103 | 408 |1156k|  2 |1775 | 970 |-5.029617e+00 |      --      |    Inf | unknown
 1515s|201500 |201501 | 22836k| 113.3 |   846M | 103 | 302 | 105 | 412 |1157k|  3 |1777 | 970 |-5.029617e+00 |      --      |    Inf | unknown
 1516s|201600 |201601 | 22850k| 113.3 |   846M | 103 | 302 | 104 | 348 |1157k|  2 |1778 | 970 |-5.029617e+00 |      --      |    Inf | unknown
 1516s|201700 |201701 | 22858k| 113.3 |   846M | 103 | 302 | 104 | 557 |1158k|  2 |1778 | 971 |-5.029617e+00 |      --      |    Inf | unknown
 1517s|201800 |201801 | 22868k| 113.3 |   847M | 103 | 302 | 105 | 526 |1158k|  2 |1779 | 971 |-5.029617e+00 |      --      |    Inf | unknown
 1518s|201900 |201901 | 22880k| 113.3 |   848M | 103 | 302 | 104 | 506 |1159k|  2 |1781 | 971 |-5.029590e+00 |      --      |    Inf | unknown
 1518s|202000 |202001 | 22890k| 113.3 |   849M | 103 | 302 | 104 | 527 |1159k|  4 |1781 | 971 |-5.029590e+00 |      --      |    Inf | unknown
 1518s|202100 |202101 | 22899k| 113.3 |   849M | 103 | 302 | 104 | 437 |1160k|  3 |1781 | 971 |-5.029590e+00 |      --      |    Inf | unknown
 1519s|202200 |202201 | 22908k| 113.3 |   850M | 103 | 302 | 104 | 447 |1161k|  5 |1781 | 971 |-5.029590e+00 |      --      |    Inf | unknown
 1519s|202300 |202301 | 22917k| 113.3 |   850M | 103 | 302 | 104 | 445 |1161k|  2 |1781 | 972 |-5.029590e+00 |      --      |    Inf | unknown
 time | node  | left  |LP iter|LP it/n|mem/heur|mdpt |vars |cons |rows |cuts |sepa|confs|strbr|  dualbound   | primalbound  |  gap   | compl. 
 1520s|202400 |202401 | 22934k| 113.3 |   850M | 103 | 302 | 103 | 449 |1162k|  3 |1782 | 972 |-5.029581e+00 |      --      |    Inf | unknown
 1520s|202500 |202501 | 22945k| 113.3 |   850M | 103 | 302 | 102 | 446 |1162k|  2 |1782 | 972 |-5.029581e+00 |      --      |    Inf | unknown
 1521s|202600 |202601 | 22955k| 113.3 |   850M | 103 | 302 | 103 | 552 |1163k|  2 |1783 | 972 |-5.029581e+00 |      --      |    Inf | unknown
 1522s|202700 |202701 | 22969k| 113.3 |   851M | 103 | 302 | 102 | 546 |1163k|  2 |1783 | 972 |-5.029581e+00 |      --      |    Inf | unknown
 1522s|202800 |202801 | 22980k| 113.3 |   852M | 103 | 302 | 105 | 518 |1164k|  2 |1786 | 972 |-5.029581e+00 |      --      |    Inf | unknown
 1523s|202900 |202901 | 22988k| 113.3 |   852M | 103 | 302 | 106 | 447 |1164k|  2 |1787 | 972 |-5.029556e+00 |      --      |    Inf | unknown
 1523s|203000 |203001 | 22997k| 113.3 |   853M | 103 | 302 | 106 | 487 |1165k|  2 |1787 | 972 |-5.029556e+00 |      --      |    Inf | unknown
 1523s|203100 |203101 | 23006k| 113.3 |   853M | 103 | 302 | 107 | 401 |1165k|  1 |1788 | 973 |-5.029556e+00 |      --      |    Inf | unknown
 1524s|203200 |203201 | 23014k| 113.3 |   853M | 103 | 302 | 109 | 459 |1166k|  2 |1790 | 973 |-5.029556e+00 |      --      |    Inf | unknown
 1524s|203300 |203301 | 23025k| 113.2 |   853M | 103 | 302 | 109 | 418 |1166k|  2 |1791 | 973 |-5.029556e+00 |      --      |    Inf | unknown
 1526s|203400 |203401 | 23033k| 113.2 |   854M | 103 | 302 | 110 | 573 |1167k|  3 |1792 | 973 |-5.029556e+00 |      --      |    Inf | unknown
 1526s|203500 |203501 | 23043k| 113.2 |   854M | 103 | 302 | 110 | 527 |1167k|  3 |1792 | 973 |-5.029546e+00 |      --      |    Inf | unknown
 1526s|203600 |203601 | 23054k| 113.2 |   854M | 103 | 302 | 110 | 590 |1168k|  2 |1793 | 973 |-5.029546e+00 |      --      |    Inf | unknown
 1528s|203700 |203701 | 23065k| 113.2 |   856M | 103 | 302 | 106 | 497 |1169k|  2 |1794 | 973 |-5.029546e+00 |      --      |    Inf | unknown
 1528s|203800 |203801 | 23075k| 113.2 |   856M | 103 | 302 | 106 | 503 |1169k|  2 |1795 | 973 |-5.029546e+00 |      --      |    Inf | unknown
 time | node  | left  |LP iter|LP it/n|mem/heur|mdpt |vars |cons |rows |cuts |sepa|confs|strbr|  dualbound   | primalbound  |  gap   | compl. 
 1529s|203900 |203901 | 23088k| 113.2 |   856M | 103 | 302 | 103 | 473 |1170k|  4 |1795 | 973 |-5.029546e+00 |      --      |    Inf | unknown
 1531s|204000 |204001 | 23100k| 113.2 |   856M | 103 | 302 | 105 | 495 |1170k|  2 |1797 | 973 |-5.029539e+00 |      --      |    Inf | unknown
 1532s|204100 |204101 | 23108k| 113.2 |   856M | 103 | 302 | 105 | 391 |1171k|  2 |1797 | 973 |-5.029539e+00 |      --      |    Inf | unknown
 1533s|204200 |204201 | 23126k| 113.2 |   856M | 103 | 302 | 103 | 369 |1171k|  2 |1797 | 973 |-5.029539e+00 |      --      |    Inf | unknown
 1533s|204300 |204301 | 23134k| 113.2 |   856M | 103 | 302 | 103 | 588 |1172k|  5 |1797 | 973 |-5.029539e+00 |      --      |    Inf | unknown
 1533s|204400 |204401 | 23143k| 113.2 |   856M | 103 | 302 | 105 | 523 |1172k|  1 |1799 | 973 |-5.029539e+00 |      --      |    Inf | unknown
 1534s|204500 |204501 | 23152k| 113.2 |   858M | 103 | 302 | 104 | 515 |1173k|  2 |1799 | 974 |-5.029508e+00 |      --      |    Inf | unknown
 1543s|204600 |204601 | 23166k| 113.2 |   859M | 103 | 302 | 104 | 481 |1174k|  2 |1800 | 974 |-5.029508e+00 |      --      |    Inf | unknown
 1544s|204700 |204701 | 23178k| 113.2 |   859M | 103 | 302 | 105 | 494 |1174k|  3 |1803 | 974 |-5.029508e+00 |      --      |    Inf | unknown
 1544s|204800 |204801 | 23185k| 113.2 |   859M | 103 | 302 | 105 | 514 |1175k|  2 |1803 | 974 |-5.029508e+00 |      --      |    Inf | unknown
 1545s|204900 |204901 | 23198k| 113.2 |   859M | 103 | 302 | 104 | 442 |1175k|  3 |1803 | 974 |-5.029508e+00 |      --      |    Inf | unknown
 1545s|205000 |205001 | 23206k| 113.2 |   859M | 103 | 302 | 104 | 356 |1176k|  3 |1803 | 974 |-5.029472e+00 |      --      |    Inf | unknown
 1546s|205100 |205101 | 23217k| 113.2 |   860M | 103 | 302 | 103 | 398 |1176k|  2 |1804 | 974 |-5.029472e+00 |      --      |    Inf | unknown
 1546s|205200 |205201 | 23225k| 113.2 |   860M | 103 | 302 | 102 | 543 |1177k|  2 |1804 | 975 |-5.029472e+00 |      --      |    Inf | unknown
 1546s|205300 |205301 | 23235k| 113.2 |   861M | 103 | 302 | 104 | 537 |1177k|  4 |1806 | 975 |-5.029472e+00 |      --      |    Inf | unknown
 time | node  | left  |LP iter|LP it/n|mem/heur|mdpt |vars |cons |rows |cuts |sepa|confs|strbr|  dualbound   | primalbound  |  gap   | compl. 
 1547s|205400 |205401 | 23243k| 113.2 |   862M | 103 | 302 | 104 | 491 |1178k|  2 |1806 | 975 |-5.029472e+00 |      --      |    Inf | unknown
 1547s|205500 |205501 | 23253k| 113.1 |   862M | 103 | 302 | 105 | 541 |1178k|  2 |1807 | 975 |-5.029472e+00 |      --      |    Inf | unknown
 1548s|205600 |205601 | 23262k| 113.1 |   863M | 103 | 302 | 106 | 449 |1179k|  2 |1808 | 976 |-5.029461e+00 |      --      |    Inf | unknown
 1548s|205700 |205701 | 23271k| 113.1 |   863M | 103 | 302 | 108 | 476 |1179k|  3 |1810 | 976 |-5.029461e+00 |      --      |    Inf | unknown
 1548s|205800 |205801 | 23280k| 113.1 |   863M | 103 | 302 | 109 | 461 |1180k|  2 |1811 | 976 |-5.029461e+00 |      --      |    Inf | unknown
 1549s|205900 |205901 | 23293k| 113.1 |   864M | 103 | 302 | 107 | 363 |1180k|  5 |1811 | 976 |-5.029461e+00 |      --      |    Inf | unknown
 1557s|206000 |206001 | 23309k| 113.1 |   864M | 103 | 302 | 101 | 363 |1181k|  2 |1811 | 976 |-5.029461e+00 |      --      |    Inf | unknown
 1558s|206100 |206101 | 23319k| 113.1 |   865M | 103 | 302 | 102 | 508 |1182k|  2 |1812 | 976 |-5.029436e+00 |      --      |    Inf | unknown
 1558s|206200 |206201 | 23328k| 113.1 |   866M | 103 | 302 | 103 | 577 |1182k|  2 |1813 | 976 |-5.029436e+00 |      --      |    Inf | unknown
 1559s|206300 |206301 | 23345k| 113.2 |   866M | 103 | 302 | 103 | 531 |1183k|  2 |1813 | 976 |-5.029436e+00 |      --      |    Inf | unknown
 1560s|206400 |206401 | 23354k| 113.1 |   866M | 103 | 302 | 103 | 491 |1183k|  2 |1813 | 976 |-5.029436e+00 |      --      |    Inf | unknown
 1560s|206500 |206501 | 23364k| 113.1 |   866M | 103 | 302 | 105 | 444 |1184k|  2 |1815 | 976 |-5.029436e+00 |      --      |    Inf | unknown
 1561s|206600 |206601 | 23373k| 113.1 |   866M | 103 | 302 | 104 | 410 |1184k|  4 |1815 | 976 |-5.029435e+00 |      --      |    Inf | unknown
 1561s|206700 |206701 | 23382k| 113.1 |   866M | 103 | 302 | 104 | 429 |1185k|  3 |1815 | 976 |-5.029435e+00 |      --      |    Inf | unknown
 1561s|206800 |206801 | 23391k| 113.1 |   866M | 103 | 302 | 104 | 379 |1185k|  2 |1816 | 976 |-5.029435e+00 |      --      |    Inf | unknown
 time | node  | left  |LP iter|LP it/n|mem/heur|mdpt |vars |cons |rows |cuts |sepa|confs|strbr|  dualbound   | primalbound  |  gap   | compl. 
 1562s|206900 |206901 | 23400k| 113.1 |   866M | 103 | 302 | 105 | 357 |1186k|  2 |1817 | 976 |-5.029435e+00 |      --      |    Inf | unknown
 1562s|207000 |207001 | 23408k| 113.1 |   867M | 103 | 302 | 105 | 539 |1186k|  4 |1817 | 976 |-5.029435e+00 |      --      |    Inf | unknown
 1563s|207100 |207101 | 23421k| 113.1 |   868M | 103 | 302 | 103 | 507 |1187k|  2 |1817 | 976 |-5.029435e+00 |      --      |    Inf | unknown
 1563s|207200 |207201 | 23430k| 113.1 |   868M | 103 | 302 | 104 | 545 |1187k|  2 |1819 | 976 |-5.029373e+00 |      --      |    Inf | unknown
 1564s|207300 |207301 | 23440k| 113.1 |   869M | 103 | 302 | 106 | 496 |1188k|  2 |1822 | 976 |-5.029373e+00 |      --      |    Inf | unknown
 1564s|207400 |207401 | 23449k| 113.0 |   869M | 103 | 302 | 106 | 469 |1188k|  2 |1822 | 976 |-5.029373e+00 |      --      |    Inf | unknown
 1564s|207500 |207501 | 23457k| 113.0 |   869M | 103 | 302 | 106 | 491 |1189k|  2 |1822 | 976 |-5.029373e+00 |      --      |    Inf | unknown
 1565s|207600 |207601 | 23467k| 113.0 |   869M | 103 | 302 | 106 | 413 |1189k|  2 |1822 | 976 |-5.029373e+00 |      --      |    Inf | unknown
 1565s|207700 |207701 | 23478k| 113.0 |   870M | 103 | 302 | 106 | 382 |1190k|  2 |1824 | 976 |-5.029270e+00 |      --      |    Inf | unknown
 1567s|207800 |207801 | 23488k| 113.0 |   870M | 103 | 302 | 107 | 455 |1190k|  2 |1825 | 976 |-5.029270e+00 |      --      |    Inf | unknown
 1567s|207900 |207901 | 23496k| 113.0 |   870M | 103 | 302 | 107 | 526 |1191k|  2 |1825 | 976 |-5.029270e+00 |      --      |    Inf | unknown
 1568s|208000 |208001 | 23506k| 113.0 |   871M | 103 | 302 | 107 | 526 |1192k|  3 |1825 | 976 |-5.029270e+00 |      --      |    Inf | unknown
 1568s|208100 |208101 | 23515k| 113.0 |   871M | 103 | 302 | 105 | 537 |1192k|  2 |1826 | 976 |-5.029270e+00 |      --      |    Inf | unknown
 1569s|208200 |208201 | 23531k| 113.0 |   872M | 103 | 302 | 106 | 486 |1193k|  4 |1827 | 976 |-5.029251e+00 |      --      |    Inf | unknown
 1571s|208300 |208301 | 23545k| 113.0 |   872M | 103 | 302 | 105 | 454 |1193k|  2 |1830 | 976 |-5.029251e+00 |      --      |    Inf | unknown
 time | node  | left  |LP iter|LP it/n|mem/heur|mdpt |vars |cons |rows |cuts |sepa|confs|strbr|  dualbound   | primalbound  |  gap   | compl. 
 1571s|208400 |208401 | 23554k| 113.0 |   872M | 103 | 302 | 105 | 358 |1194k|  2 |1831 | 976 |-5.029251e+00 |      --      |    Inf | unknown
 1572s|208500 |208501 | 23563k| 113.0 |   872M | 103 | 302 | 106 | 418 |1194k|  5 |1832 | 976 |-5.029251e+00 |      --      |    Inf | unknown
 1573s|208600 |208601 | 23574k| 113.0 |   872M | 103 | 302 | 107 | 402 |1195k|  4 |1833 | 976 |-5.029251e+00 |      --      |    Inf | unknown
 1574s|208700 |208701 | 23582k| 113.0 |   872M | 103 | 302 | 108 | 554 |1195k|  2 |1834 | 976 |-5.029251e+00 |      --      |    Inf | unknown
 1574s|208800 |208801 | 23591k| 113.0 |   872M | 103 | 302 | 108 | 551 |1196k|  3 |1834 | 976 |-5.029228e+00 |      --      |    Inf | unknown
 1575s|208900 |208901 | 23599k| 113.0 |   873M | 103 | 302 | 109 | 550 |1196k|  2 |1835 | 976 |-5.029228e+00 |      --      |    Inf | unknown
 1575s|209000 |209001 | 23609k| 113.0 |   873M | 103 | 302 | 109 | 484 |1197k|  5 |1835 | 976 |-5.029228e+00 |      --      |    Inf | unknown
 1575s|209100 |209101 | 23617k| 112.9 |   874M | 103 | 302 | 108 | 447 |1197k|  2 |1836 | 976 |-5.029228e+00 |      --      |    Inf | unknown
 1585s|209200 |209201 | 23634k| 113.0 |   874M | 103 | 302 | 102 | 456 |1198k|  4 |1836 | 976 |-5.029228e+00 |      --      |    Inf | unknown
 1586s|209300 |209301 | 23647k| 113.0 |   874M | 103 | 302 | 102 | 396 |1199k|  2 |1837 | 976 |-5.029124e+00 |      --      |    Inf | unknown
 1587s|209400 |209401 | 23656k| 113.0 |   874M | 103 | 302 | 103 | 468 |1199k|  2 |1838 | 976 |-5.029124e+00 |      --      |    Inf | unknown
 1587s|209500 |209501 | 23664k| 112.9 |   874M | 103 | 302 | 103 | 348 |1199k|  4 |1838 | 976 |-5.029124e+00 |      --      |    Inf | unknown
 1587s|209600 |209601 | 23673k| 112.9 |   874M | 103 | 302 | 103 | 582 |1200k|  2 |1838 | 976 |-5.029124e+00 |      --      |    Inf | unknown
 1588s|209700 |209701 | 23683k| 112.9 |   875M | 103 | 302 | 104 | 536 |1201k|  2 |1839 | 976 |-5.029124e+00 |      --      |    Inf | unknown
 1588s|209800 |209801 | 23692k| 112.9 |   875M | 103 | 302 | 105 | 466 |1201k|  2 |1840 | 976 |-5.029118e+00 |      --      |    Inf | unknown
 time | node  | left  |LP iter|LP it/n|mem/heur|mdpt |vars |cons |rows |cuts |sepa|confs|strbr|  dualbound   | primalbound  |  gap   | compl. 
 1589s|209900 |209901 | 23701k| 112.9 |   876M | 103 | 302 | 105 | 486 |1202k|  2 |1840 | 976 |-5.029118e+00 |      --      |    Inf | unknown
 1589s|210000 |210001 | 23711k| 112.9 |   876M | 103 | 302 | 106 | 520 |1202k|  3 |1841 | 976 |-5.029118e+00 |      --      |    Inf | unknown
 1590s|210100 |210101 | 23727k| 112.9 |   877M | 103 | 302 | 104 | 493 |1203k|  3 |1841 | 976 |-5.029118e+00 |      --      |    Inf | unknown
 1591s|210200 |210201 | 23740k| 112.9 |   877M | 103 | 302 | 101 | 462 |1203k|  3 |1841 | 976 |-5.029118e+00 |      --      |    Inf | unknown
 1591s|210300 |210301 | 23750k| 112.9 |   877M | 103 | 302 | 102 | 398 |1204k|  2 |1842 | 976 |-5.029089e+00 |      --      |    Inf | unknown
 1592s|210400 |210401 | 23760k| 112.9 |   877M | 103 | 302 | 102 | 402 |1204k|  3 |1842 | 976 |-5.029089e+00 |      --      |    Inf | unknown
 1601s|210500 |210501 | 23775k| 112.9 |   877M | 103 | 302 | 102 | 516 |1205k|  2 |1842 | 976 |-5.029089e+00 |      --      |    Inf | unknown
 1601s|210600 |210601 | 23784k| 112.9 |   878M | 103 | 302 | 102 | 514 |1205k|  2 |1842 | 976 |-5.029089e+00 |      --      |    Inf | unknown
 1601s|210700 |210701 | 23794k| 112.9 |   878M | 103 | 302 | 101 | 494 |1206k|  3 |1842 | 976 |-5.029089e+00 |      --      |    Inf | unknown
 1602s|210800 |210801 | 23803k| 112.9 |   878M | 103 | 302 | 101 | 507 |1207k|  2 |1842 | 976 |-5.029089e+00 |      --      |    Inf | unknown
 1603s|210900 |210901 | 23816k| 112.9 |   880M | 103 | 302 | 102 | 498 |1207k|  3 |1843 | 976 |-5.029088e+00 |      --      |    Inf | unknown
 1603s|211000 |211001 | 23824k| 112.9 |   880M | 103 | 302 | 102 | 415 |1208k|  4 |1843 | 976 |-5.029088e+00 |      --      |    Inf | unknown
 1603s|211100 |211101 | 23833k| 112.9 |   880M | 103 | 302 | 103 | 482 |1208k|  5 |1844 | 976 |-5.029088e+00 |      --      |    Inf | unknown
 1604s|211200 |211201 | 23843k| 112.9 |   881M | 103 | 302 | 103 | 438 |1209k|  5 |1844 | 976 |-5.029088e+00 |      --      |    Inf | unknown
 1604s|211300 |211301 | 23853k| 112.9 |   881M | 103 | 302 | 104 | 387 |1209k|  2 |1845 | 976 |-5.029088e+00 |      --      |    Inf | unknown
 time | node  | left  |LP iter|LP it/n|mem/heur|mdpt |vars |cons |rows |cuts |sepa|confs|strbr|  dualbound   | primalbound  |  gap   | compl. 
 1605s|211400 |211401 | 23865k| 112.9 |   882M | 103 | 302 | 103 | 499 |1210k|  2 |1845 | 976 |-5.029081e+00 |      --      |    Inf | unknown
 1605s|211500 |211501 | 23874k| 112.9 |   882M | 103 | 302 | 104 | 581 |1210k|  3 |1846 | 976 |-5.029081e+00 |      --      |    Inf | unknown
 1606s|211600 |211601 | 23883k| 112.9 |   882M | 103 | 302 | 106 | 524 |1211k|  2 |1848 | 976 |-5.029081e+00 |      --      |    Inf | unknown
 1607s|211700 |211701 | 23901k| 112.9 |   882M | 103 | 302 | 104 | 546 |1211k|  4 |1848 | 976 |-5.029081e+00 |      --      |    Inf | unknown
 1607s|211800 |211801 | 23910k| 112.9 |   882M | 103 | 302 | 107 | 504 |1212k|  3 |1851 | 976 |-5.029081e+00 |      --      |    Inf | unknown
 1607s|211900 |211901 | 23920k| 112.9 |   883M | 103 | 302 | 106 | 395 |1212k|  2 |1852 | 976 |-5.029035e+00 |      --      |    Inf | unknown
 1608s|212000 |212001 | 23930k| 112.9 |   883M | 103 | 302 | 107 | 488 |1213k|  4 |1854 | 976 |-5.029035e+00 |      --      |    Inf | unknown
 1609s|212100 |212101 | 23939k| 112.9 |   883M | 105 | 302 | 109 | 361 |1214k|  2 |1856 | 976 |-5.028980e+00 |      --      |    Inf | unknown
 1609s|212200 |212201 | 23948k| 112.8 |   883M | 105 | 302 | 111 | 535 |1214k|  2 |1858 | 976 |-5.028980e+00 |      --      |    Inf | unknown
 1610s|212300 |212301 | 23962k| 112.9 |   886M | 105 | 302 | 108 | 551 |1215k|  2 |1858 | 976 |-5.028980e+00 |      --      |    Inf | unknown
 1612s|212400 |212401 | 23972k| 112.9 |   886M | 105 | 302 | 108 | 513 |1215k|  2 |1860 | 976 |-5.028937e+00 |      --      |    Inf | unknown
 1612s|212500 |212501 | 23981k| 112.8 |   887M | 105 | 302 | 106 | 497 |1216k|  2 |1861 | 976 |-5.028937e+00 |      --      |    Inf | unknown
 1612s|212600 |212601 | 23989k| 112.8 |   887M | 105 | 302 | 104 | 414 |1216k|  2 |1861 | 976 |-5.028863e+00 |      --      |    Inf | unknown
 1614s|212700 |212701 | 24001k| 112.8 |   887M | 105 | 302 | 106 | 399 |1217k|  1 |1863 | 976 |-5.028863e+00 |      --      |    Inf | unknown
 1615s|212800 |212801 | 24009k| 112.8 |   887M | 105 | 302 | 108 | 304 |1217k|  2 |1865 | 976 |-5.028863e+00 |      --      |    Inf | unknown
 time | node  | left  |LP iter|LP it/n|mem/heur|mdpt |vars |cons |rows |cuts |sepa|confs|strbr|  dualbound   | primalbound  |  gap   | compl. 
 1615s|212900 |212901 | 24018k| 112.8 |   887M | 105 | 302 | 108 | 547 |1218k|  2 |1865 | 976 |-5.028857e+00 |      --      |    Inf | unknown
 1616s|213000 |213001 | 24028k| 112.8 |   887M | 105 | 302 | 109 | 551 |1218k|  3 |1866 | 976 |-5.028857e+00 |      --      |    Inf | unknown
 1616s|213100 |213101 | 24038k| 112.8 |   888M | 105 | 302 | 111 | 523 |1219k|  3 |1868 | 976 |-5.028857e+00 |      --      |    Inf | unknown
 1626s|213200 |213201 | 24055k| 112.8 |   889M | 105 | 302 | 106 | 509 |1219k|  3 |1868 | 976 |-5.028856e+00 |      --      |    Inf | unknown
 1626s|213300 |213301 | 24066k| 112.8 |   889M | 105 | 302 | 106 | 438 |1220k|  2 |1869 | 976 |-5.028856e+00 |      --      |    Inf | unknown
 1627s|213400 |213401 | 24076k| 112.8 |   889M | 105 | 302 | 104 | 360 |1221k|  4 |1869 | 976 |-5.028845e+00 |      --      |    Inf | unknown
 1627s|213500 |213501 | 24088k| 112.8 |   889M | 105 | 302 | 102 | 351 |1221k|  2 |1869 | 976 |-5.028845e+00 |      --      |    Inf | unknown
 1628s|213600 |213601 | 24096k| 112.8 |   889M | 105 | 302 | 102 | 543 |1222k|  2 |1869 | 976 |-5.028845e+00 |      --      |    Inf | unknown
 1629s|213700 |213701 | 24116k| 112.8 |   889M | 105 | 302 | 101 | 467 |1222k|  3 |1869 | 976 |-5.028841e+00 |      --      |    Inf | unknown
 1629s|213800 |213801 | 24125k| 112.8 |   889M | 105 | 302 | 102 | 522 |1223k|  2 |1870 | 976 |-5.028841e+00 |      --      |    Inf | unknown
 1630s|213900 |213901 | 24135k| 112.8 |   890M | 105 | 302 | 103 | 453 |1223k|  2 |1871 | 976 |-5.028841e+00 |      --      |    Inf | unknown
 1630s|214000 |214001 | 24145k| 112.8 |   891M | 105 | 302 | 103 | 440 |1224k|  2 |1871 | 976 |-5.028780e+00 |      --      |    Inf | unknown
 1630s|214100 |214101 | 24153k| 112.8 |   891M | 105 | 302 | 104 | 436 |1224k|  3 |1872 | 976 |-5.028780e+00 |      --      |    Inf | unknown
 1631s|214200 |214201 | 24163k| 112.8 |   891M | 105 | 302 | 105 | 611 |1225k|  2 |1873 | 976 |-5.028780e+00 |      --      |    Inf | unknown
 1631s|214300 |214301 | 24172k| 112.8 |   891M | 105 | 302 | 106 | 592 |1225k|  2 |1874 | 976 |-5.028776e+00 |      --      |    Inf | unknown
 time | node  | left  |LP iter|LP it/n|mem/heur|mdpt |vars |cons |rows |cuts |sepa|confs|strbr|  dualbound   | primalbound  |  gap   | compl. 
 1632s|214400 |214401 | 24184k| 112.8 |   891M | 105 | 302 | 105 | 458 |1226k|  2 |1874 | 976 |-5.028776e+00 |      --      |    Inf | unknown
 1633s|214500 |214501 | 24194k| 112.8 |   891M | 105 | 302 | 104 | 465 |1227k|  4 |1874 | 976 |-5.028675e+00 |      --      |    Inf | unknown
 1633s|214600 |214601 | 24206k| 112.8 |   892M | 105 | 302 | 102 | 445 |1227k|  5 |1874 | 976 |-5.028675e+00 |      --      |    Inf | unknown
 1642s|214700 |214701 | 24222k| 112.8 |   892M | 105 | 302 | 101 | 409 |1228k|  3 |1874 | 976 |-5.028675e+00 |      --      |    Inf | unknown
 1643s|214800 |214801 | 24232k| 112.8 |   893M | 105 | 302 | 103 | 392 |1228k|  5 |1876 | 976 |-5.028665e+00 |      --      |    Inf | unknown
 1643s|214900 |214901 | 24240k| 112.8 |   893M | 105 | 302 | 103 | 582 |1229k|  4 |1876 | 976 |-5.028665e+00 |      --      |    Inf | unknown
 1644s|215000 |215001 | 24251k| 112.8 |   893M | 105 | 302 | 103 | 593 |1229k|  2 |1876 | 976 |-5.028665e+00 |      --      |    Inf | unknown
 1644s|215100 |215101 | 24261k| 112.8 |   893M | 105 | 302 | 105 | 495 |1230k|  2 |1878 | 976 |-5.028481e+00 |      --      |    Inf | unknown
 1644s|215200 |215201 | 24270k| 112.8 |   893M | 105 | 302 | 106 | 482 |1230k|  2 |1879 | 976 |-5.028481e+00 |      --      |    Inf | unknown
 1645s|215300 |215301 | 24283k| 112.8 |   894M | 105 | 302 | 105 | 420 |1231k|  1 |1880 | 976 |-5.028444e+00 |      --      |    Inf | unknown
 1645s|215400 |215401 | 24291k| 112.8 |   894M | 105 | 302 | 106 | 375 |1231k|  2 |1881 | 976 |-5.028444e+00 |      --      |    Inf | unknown
 1646s|215500 |215501 | 24301k| 112.8 |   894M | 105 | 302 | 103 | 384 |1232k|  4 |1881 | 976 |-5.028444e+00 |      --      |    Inf | unknown
 1647s|215600 |215601 | 24311k| 112.8 |   894M | 105 | 302 | 104 | 512 |1232k|  2 |1882 | 976 |-5.028371e+00 |      --      |    Inf | unknown
 1647s|215700 |215701 | 24320k| 112.7 |   895M | 105 | 302 | 105 | 580 |1233k|  2 |1883 | 976 |-5.028371e+00 |      --      |    Inf | unknown
 1647s|215800 |215801 | 24329k| 112.7 |   895M | 105 | 302 | 105 | 434 |1233k|  2 |1884 | 976 |-5.028371e+00 |      --      |    Inf | unknown
 time | node  | left  |LP iter|LP it/n|mem/heur|mdpt |vars |cons |rows |cuts |sepa|confs|strbr|  dualbound   | primalbound  |  gap   | compl. 
 1648s|215900 |215901 | 24339k| 112.7 |   895M | 105 | 302 | 106 | 443 |1234k|  3 |1885 | 976 |-5.028342e+00 |      --      |    Inf | unknown
 1648s|216000 |216001 | 24348k| 112.7 |   896M | 105 | 302 | 106 | 484 |1235k|  3 |1886 | 977 |-5.028342e+00 |      --      |    Inf | unknown
 1649s|216100 |216101 | 24364k| 112.7 |   896M | 105 | 302 | 105 | 376 |1235k|  2 |1886 | 977 |-5.028309e+00 |      --      |    Inf | unknown
 1649s|216200 |216201 | 24374k| 112.7 |   896M | 105 | 302 | 104 | 386 |1236k|  2 |1886 | 977 |-5.028309e+00 |      --      |    Inf | unknown
 1650s|216300 |216301 | 24383k| 112.7 |   897M | 105 | 302 | 104 | 560 |1236k|  2 |1886 | 977 |-5.028309e+00 |      --      |    Inf | unknown
 1652s|216400 |216401 | 24399k| 112.7 |   898M | 105 | 302 | 102 | 507 |1237k|  4 |1887 | 977 |-5.028272e+00 |      --      |    Inf | unknown
 1652s|216500 |216501 | 24408k| 112.7 |   899M | 105 | 302 | 102 | 526 |1237k|  2 |1887 | 977 |-5.028272e+00 |      --      |    Inf | unknown
 1653s|216600 |216601 | 24418k| 112.7 |   899M | 105 | 302 | 103 | 487 |1238k|  3 |1888 | 978 |-5.028272e+00 |      --      |    Inf | unknown
 1654s|216700 |216701 | 24430k| 112.7 |   899M | 105 | 302 | 106 | 451 |1239k|  2 |1891 | 978 |-5.028267e+00 |      --      |    Inf | unknown
 1655s|216800 |216801 | 24439k| 112.7 |   899M | 105 | 302 | 106 | 400 |1239k|  4 |1891 | 978 |-5.028267e+00 |      --      |    Inf | unknown
 1655s|216900 |216901 | 24449k| 112.7 |   899M | 105 | 302 | 107 | 615 |1240k|  2 |1892 | 978 |-5.028267e+00 |      --      |    Inf | unknown
 1659s|217000 |217001 | 24461k| 112.7 |   900M | 105 | 302 | 108 | 556 |1240k|  2 |1894 | 978 |-5.028255e+00 |      --      |    Inf | unknown
 1659s|217100 |217101 | 24470k| 112.7 |   900M | 105 | 302 | 109 | 493 |1241k|  2 |1895 | 978 |-5.028255e+00 |      --      |    Inf | unknown
 1659s|217200 |217201 | 24480k| 112.7 |   902M | 105 | 302 | 108 | 486 |1242k|  2 |1895 | 978 |-5.028093e+00 |      --      |    Inf | unknown
 1660s|217300 |217301 | 24489k| 112.7 |   902M | 105 | 302 | 106 | 490 |1242k|  2 |1895 | 978 |-5.028093e+00 |      --      |    Inf | unknown
 time | node  | left  |LP iter|LP it/n|mem/heur|mdpt |vars |cons |rows |cuts |sepa|confs|strbr|  dualbound   | primalbound  |  gap   | compl. 
 1660s|217400 |217401 | 24498k| 112.7 |   902M | 105 | 302 | 105 | 393 |1243k|  2 |1895 | 978 |-5.028093e+00 |      --      |    Inf | unknown
 1661s|217500 |217501 | 24508k| 112.7 |   902M | 105 | 302 | 106 | 384 |1244k|  2 |1896 | 978 |-5.028044e+00 |      --      |    Inf | unknown
 1661s|217600 |217601 | 24517k| 112.7 |   902M | 105 | 302 | 106 | 579 |1244k|  3 |1897 | 978 |-5.028044e+00 |      --      |    Inf | unknown
 1662s|217700 |217701 | 24528k| 112.7 |   902M | 105 | 302 | 107 | 550 |1245k|  3 |1898 | 978 |-5.028044e+00 |      --      |    Inf | unknown
 1671s|217800 |217801 | 24546k| 112.7 |   902M | 105 | 302 | 102 | 517 |1245k|  2 |1898 | 978 |-5.028025e+00 |      --      |    Inf | unknown
 1672s|217900 |217901 | 24564k| 112.7 |   902M | 105 | 302 | 101 | 451 |1246k|  4 |1898 | 978 |-5.028025e+00 |      --      |    Inf | unknown
 1673s|218000 |218001 | 24577k| 112.7 |   903M | 105 | 302 | 102 | 420 |1247k|  3 |1899 | 978 |-5.027969e+00 |      --      |    Inf | unknown
 1674s|218100 |218101 | 24586k| 112.7 |   904M | 105 | 302 | 103 | 472 |1247k|  3 |1900 | 978 |-5.027969e+00 |      --      |    Inf | unknown
 1674s|218200 |218201 | 24596k| 112.7 |   904M | 105 | 302 | 104 | 371 |1248k|  1 |1901 | 978 |-5.027969e+00 |      --      |    Inf | unknown
 1674s|218300 |218301 | 24605k| 112.7 |   904M | 105 | 302 | 104 | 582 |1249k|  1 |1901 | 978 |-5.027947e+00 |      --      |    Inf | unknown
 1675s|218400 |218401 | 24616k| 112.7 |   904M | 105 | 302 | 104 | 538 |1249k|  2 |1901 | 978 |-5.027947e+00 |      --      |    Inf | unknown
 1675s|218500 |218501 | 24625k| 112.7 |   904M | 105 | 302 | 105 | 534 |1250k|  2 |1902 | 978 |-5.027947e+00 |      --      |    Inf | unknown
 1676s|218600 |218601 | 24640k| 112.7 |   904M | 105 | 302 | 105 | 509 |1251k|  2 |1903 | 978 |-5.027941e+00 |      --      |    Inf | unknown
 1677s|218700 |218701 | 24649k| 112.7 |   905M | 105 | 302 | 104 | 435 |1251k|  4 |1903 | 978 |-5.027941e+00 |      --      |    Inf | unknown
 1677s|218800 |218801 | 24658k| 112.7 |   906M | 105 | 302 | 105 | 398 |1252k|  4 |1904 | 978 |-5.027928e+00 |      --      |    Inf | unknown
 time | node  | left  |LP iter|LP it/n|mem/heur|mdpt |vars |cons |rows |cuts |sepa|confs|strbr|  dualbound   | primalbound  |  gap   | compl. 
 1686s|218900 |218901 | 24675k| 112.7 |   906M | 105 | 302 | 102 | 410 |1252k|  4 |1904 | 978 |-5.027928e+00 |      --      |    Inf | unknown
 1686s|219000 |219001 | 24685k| 112.7 |   907M | 105 | 302 | 104 | 602 |1253k|  1 |1906 | 979 |-5.027928e+00 |      --      |    Inf | unknown
 1686s|219100 |219101 | 24694k| 112.7 |   907M | 105 | 302 | 104 | 535 |1254k|  4 |1906 | 979 |-5.027872e+00 |      --      |    Inf | unknown
 1687s|219200 |219201 | 24704k| 112.7 |   907M | 105 | 302 | 105 | 556 |1254k|  2 |1907 | 979 |-5.027872e+00 |      --      |    Inf | unknown
 1687s|219300 |219301 | 24713k| 112.7 |   907M | 105 | 302 | 104 | 533 |1255k|  2 |1907 | 979 |-5.027872e+00 |      --      |    Inf | unknown
 1688s|219400 |219401 | 24723k| 112.7 |   908M | 105 | 302 | 104 | 472 |1255k|  3 |1907 | 980 |-5.027869e+00 |      --      |    Inf | unknown
 1688s|219500 |219501 | 24732k| 112.7 |   908M | 105 | 302 | 104 | 396 |1256k|  3 |1907 | 980 |-5.027869e+00 |      --      |    Inf | unknown
 1689s|219600 |219601 | 24744k| 112.7 |   908M | 105 | 302 | 103 | 603 |1257k|  2 |1908 | 980 |-5.027869e+00 |      --      |    Inf | unknown
 1690s|219700 |219701 | 24758k| 112.7 |   909M | 105 | 302 | 102 | 607 |1257k|  2 |1908 | 980 |-5.027842e+00 |      --      |    Inf | unknown
 1690s|219800 |219801 | 24768k| 112.7 |   909M | 105 | 302 | 102 | 550 |1258k|  2 |1908 | 981 |-5.027842e+00 |      --      |    Inf | unknown
 1691s|219900 |219901 | 24786k| 112.7 |   909M | 105 | 302 | 102 | 505 |1259k|  2 |1909 | 981 |-5.027820e+00 |      --      |    Inf | unknown
 1691s|220000 |220001 | 24795k| 112.7 |   911M | 105 | 302 | 103 | 458 |1259k|  2 |1910 | 981 |-5.027820e+00 |      --      |    Inf | unknown
 1692s|220100 |220101 | 24804k| 112.7 |   911M | 105 | 302 | 104 | 418 |1260k|  2 |1912 | 981 |-5.027820e+00 |      --      |    Inf | unknown
 1692s|220200 |220201 | 24813k| 112.7 |   912M | 105 | 302 | 105 | 434 |1260k|  5 |1913 | 981 |-5.027810e+00 |      --      |    Inf | unknown
 1693s|220300 |220301 | 24824k| 112.7 |   913M | 105 | 302 | 105 | 542 |1261k|  4 |1914 | 981 |-5.027810e+00 |      --      |    Inf | unknown
 time | node  | left  |LP iter|LP it/n|mem/heur|mdpt |vars |cons |rows |cuts |sepa|confs|strbr|  dualbound   | primalbound  |  gap   | compl. 
 1693s|220400 |220401 | 24833k| 112.7 |   913M | 105 | 302 | 105 | 569 |1262k|  2 |1914 | 981 |-5.027810e+00 |      --      |    Inf | unknown
 1694s|220500 |220501 | 24844k| 112.7 |   913M | 105 | 302 | 105 | 567 |1262k|  2 |1914 | 981 |-5.027808e+00 |      --      |    Inf | unknown
 1695s|220600 |220601 | 24854k| 112.7 |   917M | 105 | 302 | 107 | 481 |1263k|  2 |1916 | 982 |-5.027808e+00 |      --      |    Inf | unknown
 1696s|220700 |220701 | 24863k| 112.6 |   917M | 105 | 302 | 106 | 426 |1263k|  2 |1916 | 982 |-5.027793e+00 |      --      |    Inf | unknown
 1697s|220800 |220801 | 24877k| 112.7 |   917M | 105 | 302 | 105 | 450 |1264k|  2 |1917 | 982 |-5.027793e+00 |      --      |    Inf | unknown
 1697s|220900 |220901 | 24887k| 112.7 |   918M | 105 | 302 | 103 | 366 |1265k|  2 |1918 | 982 |-5.027793e+00 |      --      |    Inf | unknown
 1698s|221000 |221001 | 24896k| 112.6 |   918M | 105 | 302 | 103 | 571 |1265k|  2 |1918 | 983 |-5.027715e+00 |      --      |    Inf | unknown
 1699s|221100 |221101 | 24907k| 112.6 |   918M | 105 | 302 | 104 | 488 |1266k|  1 |1921 | 983 |-5.027715e+00 |      --      |    Inf | unknown
 1699s|221200 |221201 | 24916k| 112.6 |   918M | 105 | 302 | 104 | 556 |1267k|  4 |1921 | 983 |-5.027715e+00 |      --      |    Inf | unknown
 1700s|221300 |221301 | 24925k| 112.6 |   918M | 105 | 302 | 104 | 513 |1267k|  3 |1921 | 983 |-5.027703e+00 |      --      |    Inf | unknown
 1703s|221400 |221401 | 24938k| 112.6 |   918M | 105 | 302 | 105 | 454 |1268k|  3 |1922 | 983 |-5.027703e+00 |      --      |    Inf | unknown
 1703s|221500 |221501 | 24949k| 112.6 |   918M | 105 | 302 | 106 | 391 |1268k|  3 |1923 | 984 |-5.027681e+00 |      --      |    Inf | unknown
 1704s|221600 |221601 | 24959k| 112.6 |   920M | 105 | 302 | 109 | 372 |1269k|  4 |1926 | 984 |-5.027681e+00 |      --      |    Inf | unknown
 1705s|221700 |221701 | 24975k| 112.6 |   921M | 105 | 302 | 106 | 593 |1270k|  2 |1926 | 984 |-5.027681e+00 |      --      |    Inf | unknown
 1705s|221800 |221801 | 24986k| 112.6 |   921M | 105 | 302 | 105 | 538 |1270k|  2 |1926 | 984 |-5.027646e+00 |      --      |    Inf | unknown
 time | node  | left  |LP iter|LP it/n|mem/heur|mdpt |vars |cons |rows |cuts |sepa|confs|strbr|  dualbound   | primalbound  |  gap   | compl. 
 1706s|221900 |221901 | 24995k| 112.6 |   922M | 105 | 302 | 106 | 521 |1271k|  1 |1927 | 984 |-5.027646e+00 |      --      |    Inf | unknown
 1706s|222000 |222001 | 25005k| 112.6 |   922M | 105 | 302 | 106 | 450 |1272k|  1 |1928 | 985 |-5.027646e+00 |      --      |    Inf | unknown
 1716s|222100 |222101 | 25025k| 112.7 |   922M | 105 | 302 | 101 | 439 |1272k|  1 |1928 | 985 |-5.027636e+00 |      --      |    Inf | unknown
 1717s|222200 |222201 | 25035k| 112.7 |   923M | 105 | 302 | 102 | 361 |1273k|  2 |1929 | 985 |-5.027636e+00 |      --      |    Inf | unknown
 1717s|222300 |222301 | 25045k| 112.7 |   923M | 105 | 302 | 105 | 647 |1273k|  2 |1932 | 985 |-5.027636e+00 |      --      |    Inf | unknown
 1718s|222400 |222401 | 25055k| 112.6 |   924M | 105 | 302 | 105 | 584 |1274k|  3 |1932 | 985 |-5.027612e+00 |      --      |    Inf | unknown
 1718s|222500 |222501 | 25063k| 112.6 |   924M | 105 | 302 | 105 | 545 |1275k|  2 |1932 | 985 |-5.027612e+00 |      --      |    Inf | unknown
 1719s|222600 |222601 | 25074k| 112.6 |   924M | 105 | 302 | 105 | 464 |1275k|  3 |1932 | 985 |-5.027572e+00 |      --      |    Inf | unknown
 1719s|222700 |222701 | 25083k| 112.6 |   924M | 105 | 302 | 106 | 501 |1276k|  2 |1933 | 985 |-5.027572e+00 |      --      |    Inf | unknown
 1719s|222800 |222801 | 25093k| 112.6 |   926M | 105 | 302 | 106 | 448 |1277k|  2 |1933 | 985 |-5.027572e+00 |      --      |    Inf | unknown
 1720s|222900 |222901 | 25103k| 112.6 |   926M | 105 | 302 | 107 | 380 |1277k|  1 |1934 | 986 |-5.027552e+00 |      --      |    Inf | unknown
 1721s|223000 |223001 | 25117k| 112.6 |   926M | 105 | 302 | 103 | 563 |1278k|  2 |1934 | 986 |-5.027552e+00 |      --      |    Inf | unknown
 1721s|223100 |223101 | 25127k| 112.6 |   927M | 105 | 302 | 106 | 626 |1279k|  2 |1937 | 986 |-5.027552e+00 |      --      |    Inf | unknown
 1721s|223200 |223201 | 25136k| 112.6 |   928M | 105 | 302 | 106 | 518 |1279k|  2 |1938 | 986 |-5.027540e+00 |      --      |    Inf | unknown
 1722s|223300 |223301 | 25147k| 112.6 |   928M | 105 | 302 | 107 | 452 |1280k|  3 |1940 | 986 |-5.027540e+00 |      --      |    Inf | unknown
 time | node  | left  |LP iter|LP it/n|mem/heur|mdpt |vars |cons |rows |cuts |sepa|confs|strbr|  dualbound   | primalbound  |  gap   | compl. 
 1722s|223400 |223401 | 25157k| 112.6 |   928M | 105 | 302 | 108 | 447 |1281k|  4 |1941 | 986 |-5.027500e+00 |      --      |    Inf | unknown
 1723s|223500 |223501 | 25167k| 112.6 |   929M | 105 | 302 | 108 | 463 |1281k|  2 |1941 | 986 |-5.027500e+00 |      --      |    Inf | unknown
 1724s|223600 |223601 | 25185k| 112.6 |   930M | 105 | 302 | 103 | 398 |1282k|  2 |1941 | 987 |-5.027500e+00 |      --      |    Inf | unknown
 1733s|223700 |223701 | 25202k| 112.7 |   930M | 105 | 302 | 101 | 556 |1282k|  3 |1941 | 987 |-5.027431e+00 |      --      |    Inf | unknown
 1734s|223800 |223801 | 25211k| 112.6 |   931M | 105 | 302 | 101 | 489 |1283k|  2 |1941 | 987 |-5.027431e+00 |      --      |    Inf | unknown
 1734s|223900 |223901 | 25221k| 112.6 |   931M | 105 | 302 | 104 | 478 |1284k|  2 |1944 | 987 |-5.027431e+00 |      --      |    Inf | unknown
 1735s|224000 |224001 | 25231k| 112.6 |   931M | 105 | 302 | 104 | 468 |1284k|  3 |1944 | 988 |-5.027424e+00 |      --      |    Inf | unknown
 1736s|224100 |224101 | 25248k| 112.7 |   931M | 105 | 302 | 105 | 528 |1285k|  4 |1945 | 988 |-5.027424e+00 |      --      |    Inf | unknown
 1736s|224200 |224201 | 25258k| 112.7 |   931M | 105 | 302 | 106 | 380 |1286k|  4 |1946 | 988 |-5.027411e+00 |      --      |    Inf | unknown
 1736s|224300 |224301 | 25267k| 112.6 |   932M | 105 | 302 | 107 | 356 |1286k|  5 |1948 | 988 |-5.027411e+00 |      --      |    Inf | unknown
 1737s|224400 |224401 | 25277k| 112.6 |   933M | 105 | 302 | 108 | 557 |1287k|  3 |1949 | 988 |-5.027411e+00 |      --      |    Inf | unknown
 1737s|224500 |224501 | 25286k| 112.6 |   933M | 105 | 302 | 108 | 521 |1287k|  2 |1950 | 988 |-5.027392e+00 |      --      |    Inf | unknown
 1738s|224600 |224601 | 25297k| 112.6 |   935M | 105 | 302 | 110 | 518 |1288k|  4 |1953 | 988 |-5.027392e+00 |      --      |    Inf | unknown
 1738s|224700 |224701 | 25306k| 112.6 |   935M | 105 | 302 | 110 | 414 |1289k|  2 |1953 | 988 |-5.027392e+00 |      --      |    Inf | unknown
 1739s|224800 |224801 | 25316k| 112.6 |   935M | 105 | 302 | 111 | 499 |1289k|  2 |1954 | 988 |-5.027378e+00 |      --      |    Inf | unknown
 time | node  | left  |LP iter|LP it/n|mem/heur|mdpt |vars |cons |rows |cuts |sepa|confs|strbr|  dualbound   | primalbound  |  gap   | compl. 
 1739s|224900 |224901 | 25326k| 112.6 |   935M | 105 | 302 | 105 | 450 |1290k|  2 |1954 | 988 |-5.027378e+00 |      --      |    Inf | unknown
 1740s|225000 |225001 | 25337k| 112.6 |   935M | 105 | 302 | 107 | 660 |1291k|  3 |1956 | 988 |-5.027378e+00 |      --      |    Inf | unknown
 1740s|225100 |225101 | 25346k| 112.6 |   935M | 105 | 302 | 105 | 577 |1291k|  2 |1956 | 989 |-5.027374e+00 |      --      |    Inf | unknown
 1741s|225200 |225201 | 25355k| 112.6 |   935M | 105 | 302 | 106 | 533 |1292k|  2 |1957 | 989 |-5.027374e+00 |      --      |    Inf | unknown
 1741s|225300 |225301 | 25372k| 112.6 |   937M | 105 | 302 | 104 | 492 |1292k|  2 |1957 | 989 |-5.027367e+00 |      --      |    Inf | unknown
 1744s|225400 |225401 | 25388k| 112.6 |   937M | 105 | 302 | 103 | 500 |1293k|  2 |1959 | 989 |-5.027367e+00 |      --      |    Inf | unknown
 1744s|225500 |225501 | 25397k| 112.6 |   937M | 105 | 302 | 104 | 428 |1294k|  4 |1960 | 989 |-5.027367e+00 |      --      |    Inf | unknown
 1744s|225600 |225601 | 25406k| 112.6 |   937M | 105 | 302 | 105 | 420 |1294k|  2 |1961 | 990 |-5.027333e+00 |      --      |    Inf | unknown
 1745s|225700 |225701 | 25416k| 112.6 |   937M | 105 | 302 | 105 | 619 |1295k|  3 |1961 | 990 |-5.027333e+00 |      --      |    Inf | unknown
 1746s|225800 |225801 | 25426k| 112.6 |   938M | 105 | 302 | 107 | 532 |1296k|  5 |1963 | 990 |-5.027333e+00 |      --      |    Inf | unknown
 1747s|225900 |225901 | 25435k| 112.6 |   938M | 105 | 302 | 107 | 541 |1296k|  3 |1963 | 990 |-5.027307e+00 |      --      |    Inf | unknown
 1747s|226000 |226001 | 25445k| 112.6 |   939M | 105 | 302 | 108 | 495 |1297k|  3 |1964 | 990 |-5.027307e+00 |      --      |    Inf | unknown
 1749s|226100 |226101 | 25458k| 112.6 |   940M | 105 | 302 | 108 | 463 |1297k|  4 |1966 | 991 |-5.027300e+00 |      --      |    Inf | unknown
 1750s|226200 |226201 | 25467k| 112.6 |   940M | 105 | 302 | 110 | 444 |1298k|  4 |1968 | 991 |-5.027300e+00 |      --      |    Inf | unknown
 1750s|226300 |226301 | 25476k| 112.6 |   940M | 105 | 302 | 112 | 346 |1299k|  4 |1971 | 991 |-5.027300e+00 |      --      |    Inf | unknown
 time | node  | left  |LP iter|LP it/n|mem/heur|mdpt |vars |cons |rows |cuts |sepa|confs|strbr|  dualbound   | primalbound  |  gap   | compl. 
 1751s|226400 |226401 | 25486k| 112.6 |   940M | 105 | 302 | 111 | 621 |1299k|  3 |1972 | 991 |-5.027246e+00 |      --      |    Inf | unknown
 1751s|226500 |226501 | 25494k| 112.5 |   941M | 105 | 302 | 111 | 532 |1300k|  4 |1972 | 991 |-5.027246e+00 |      --      |    Inf | unknown
 1762s|226600 |226601 | 25510k| 112.6 |   941M | 105 | 302 | 108 | 520 |1301k|  3 |1973 | 991 |-5.027246e+00 |      --      |    Inf | unknown
 1762s|226700 |226701 | 25522k| 112.6 |   942M | 105 | 302 | 101 | 497 |1301k|  3 |1973 | 991 |-5.027244e+00 |      --      |    Inf | unknown
 1763s|226800 |226801 | 25532k| 112.6 |   943M | 105 | 302 | 103 | 429 |1302k|  2 |1975 | 991 |-5.027244e+00 |      --      |    Inf | unknown
 1763s|226900 |226901 | 25541k| 112.6 |   943M | 105 | 302 | 103 | 386 |1302k|  3 |1975 | 992 |-5.027213e+00 |      --      |    Inf | unknown
 1764s|227000 |227001 | 25549k| 112.5 |   943M | 105 | 302 | 103 | 336 |1303k|  3 |1975 | 992 |-5.027213e+00 |      --      |    Inf | unknown
 1764s|227100 |227101 | 25559k| 112.5 |   943M | 105 | 302 | 104 | 590 |1304k|  2 |1976 | 992 |-5.027213e+00 |      --      |    Inf | unknown
 1765s|227200 |227201 | 25577k| 112.6 |   943M | 105 | 302 | 104 | 482 |1304k|  2 |1976 | 992 |-5.027181e+00 |      --      |    Inf | unknown
 1765s|227300 |227301 | 25587k| 112.6 |   943M | 105 | 302 | 105 | 493 |1305k|  1 |1977 | 992 |-5.027181e+00 |      --      |    Inf | unknown
 1766s|227400 |227401 | 25596k| 112.6 |   944M | 105 | 302 | 104 | 467 |1306k|  2 |1978 | 992 |-5.027181e+00 |      --      |    Inf | unknown
 1766s|227500 |227501 | 25607k| 112.6 |   944M | 105 | 302 | 105 | 412 |1307k|  2 |1979 | 992 |-5.027159e+00 |      --      |    Inf | unknown
 1767s|227600 |227601 | 25617k| 112.5 |   945M | 105 | 302 | 104 | 362 |1307k|  2 |1979 | 992 |-5.027159e+00 |      --      |    Inf | unknown
 1768s|227700 |227701 | 25632k| 112.6 |   946M | 105 | 302 | 104 | 583 |1308k|  3 |1979 | 993 |-5.027159e+00 |      --      |    Inf | unknown
 1768s|227800 |227801 | 25641k| 112.5 |   946M | 105 | 302 | 104 | 581 |1309k|  2 |1979 | 993 |-5.027150e+00 |      --      |    Inf | unknown
 time | node  | left  |LP iter|LP it/n|mem/heur|mdpt |vars |cons |rows |cuts |sepa|confs|strbr|  dualbound   | primalbound  |  gap   | compl. 
 1769s|227900 |227901 | 25650k| 112.5 |   946M | 105 | 302 | 103 | 571 |1309k|  2 |1979 | 993 |-5.027150e+00 |      --      |    Inf | unknown
 1769s|228000 |228001 | 25660k| 112.5 |   946M | 105 | 302 | 103 | 487 |1310k|  2 |1980 | 993 |-5.027114e+00 |      --      |    Inf | unknown
 1769s|228100 |228101 | 25669k| 112.5 |   946M | 105 | 302 | 104 | 449 |1310k|  3 |1982 | 994 |-5.027114e+00 |      --      |    Inf | unknown
 1779s|228200 |228201 | 25686k| 112.5 |   947M | 105 | 302 | 105 | 432 |1311k|  2 |1983 | 994 |-5.027114e+00 |      --      |    Inf | unknown
 1779s|228300 |228301 | 25694k| 112.5 |   948M | 105 | 302 | 104 | 434 |1312k|  4 |1983 | 994 |-5.027111e+00 |      --      |    Inf | unknown
 1780s|228400 |228401 | 25703k| 112.5 |   948M | 105 | 302 | 104 | 595 |1312k|  2 |1983 | 994 |-5.027111e+00 |      --      |    Inf | unknown
 1780s|228500 |228501 | 25712k| 112.5 |   948M | 105 | 302 | 104 | 560 |1313k|  4 |1983 | 994 |-5.027111e+00 |      --      |    Inf | unknown
 1780s|228600 |228601 | 25722k| 112.5 |   948M | 105 | 302 | 105 | 478 |1313k|  2 |1984 | 994 |-5.027034e+00 |      --      |    Inf | unknown
 1781s|228700 |228701 | 25731k| 112.5 |   948M | 105 | 302 | 104 | 452 |1314k|  2 |1985 | 994 |-5.027034e+00 |      --      |    Inf | unknown
 1781s|228800 |228801 | 25741k| 112.5 |   950M | 105 | 302 | 104 | 411 |1315k|  1 |1985 | 994 |-5.027031e+00 |      --      |    Inf | unknown
 1783s|228900 |228901 | 25763k| 112.5 |   951M | 105 | 302 | 101 | 420 |1315k|  2 |1985 | 994 |-5.027031e+00 |      --      |    Inf | unknown
 1783s|229000 |229001 | 25772k| 112.5 |   951M | 105 | 302 | 101 | 302 |1316k|  2 |1985 | 994 |-5.027031e+00 |      --      |    Inf | unknown
 1783s|229100 |229101 | 25781k| 112.5 |   951M | 105 | 302 | 101 | 530 |1316k|  2 |1985 | 994 |-5.026996e+00 |      --      |    Inf | unknown
 1784s|229200 |229201 | 25790k| 112.5 |   951M | 105 | 302 | 102 | 525 |1317k|  3 |1986 | 995 |-5.026996e+00 |      --      |    Inf | unknown
 1784s|229300 |229301 | 25799k| 112.5 |   951M | 105 | 302 | 105 | 504 |1318k|  2 |1989 | 995 |-5.026996e+00 |      --      |    Inf | unknown
 time | node  | left  |LP iter|LP it/n|mem/heur|mdpt |vars |cons |rows |cuts |sepa|confs|strbr|  dualbound   | primalbound  |  gap   | compl. 
 1785s|229400 |229401 | 25809k| 112.5 |   951M | 105 | 302 | 106 | 534 |1318k|  4 |1990 | 995 |-5.026986e+00 |      --      |    Inf | unknown
 1785s|229500 |229501 | 25818k| 112.5 |   951M | 105 | 302 | 106 | 455 |1319k|  2 |1990 | 995 |-5.026986e+00 |      --      |    Inf | unknown
 1786s|229600 |229601 | 25828k| 112.5 |   952M | 105 | 302 | 106 | 373 |1319k|  2 |1990 | 995 |-5.026951e+00 |      --      |    Inf | unknown
 1787s|229700 |229701 | 25841k| 112.5 |   961M | 105 | 302 | 104 | 309 |1320k|  4 |1991 | 996 |-5.026951e+00 |      --      |    Inf | unknown
 1788s|229800 |229801 | 25849k| 112.5 |   961M | 105 | 302 | 104 | 544 |1321k|  2 |1991 | 996 |-5.026951e+00 |      --      |    Inf | unknown
 1789s|229900 |229901 | 25863k| 112.5 |   961M | 105 | 302 | 102 | 517 |1321k|  3 |1992 | 996 |-5.026948e+00 |      --      |    Inf | unknown
 1789s|230000 |230001 | 25873k| 112.5 |   961M | 105 | 302 | 102 | 505 |1322k|  2 |1992 | 996 |-5.026948e+00 |      --      |    Inf | unknown
 1790s|230100 |230101 | 25882k| 112.5 |   961M | 105 | 302 | 103 | 429 |1323k|  2 |1993 | 996 |-5.026948e+00 |      --      |    Inf | unknown
 1791s|230200 |230201 | 25891k| 112.5 |   962M | 105 | 302 | 103 | 442 |1323k|  2 |1993 | 996 |-5.026914e+00 |      --      |    Inf | unknown
 1793s|230300 |230301 | 25910k| 112.5 |   962M | 105 | 302 | 104 | 378 |1324k|  4 |1994 | 997 |-5.026914e+00 |      --      |    Inf | unknown
 1794s|230400 |230401 | 25919k| 112.5 |   963M | 105 | 302 | 104 | 591 |1325k|  2 |1994 | 997 |-5.026914e+00 |      --      |    Inf | unknown
 1794s|230500 |230501 | 25929k| 112.5 |   963M | 105 | 302 | 102 | 575 |1325k|  2 |1994 | 997 |-5.026860e+00 |      --      |    Inf | unknown
 1795s|230600 |230601 | 25939k| 112.5 |   963M | 105 | 302 | 104 | 562 |1326k|  5 |1996 | 997 |-5.026860e+00 |      --      |    Inf | unknown
 1795s|230700 |230701 | 25947k| 112.5 |   964M | 105 | 302 | 105 | 444 |1326k|  2 |1997 | 997 |-5.026796e+00 |      --      |    Inf | unknown
 1796s|230800 |230801 | 25963k| 112.5 |   965M | 105 | 302 | 104 | 467 |1327k|  2 |1997 | 998 |-5.026796e+00 |      --      |    Inf | unknown
 time | node  | left  |LP iter|LP it/n|mem/heur|mdpt |vars |cons |rows |cuts |sepa|confs|strbr|  dualbound   | primalbound  |  gap   | compl. 
 1807s|230900 |230901 | 25983k| 112.5 |   965M | 105 | 302 | 101 | 413 |1327k|  2 |1997 | 998 |-5.026796e+00 |      --      |    Inf | unknown
 1808s|231000 |231001 | 25994k| 112.5 |   965M | 105 | 302 | 101 | 425 |1328k|  4 |1997 | 998 |-5.026748e+00 |      --      |    Inf | unknown
 1808s|231100 |231101 | 26002k| 112.5 |   965M | 105 | 302 | 101 | 585 |1329k|  3 |1997 | 998 |-5.026748e+00 |      --      |    Inf | unknown
 1808s|231200 |231201 | 26012k| 112.5 |   966M | 105 | 302 | 102 | 527 |1329k|  3 |1998 | 998 |-5.026748e+00 |      --      |    Inf | unknown
 1809s|231300 |231301 | 26021k| 112.5 |   966M | 105 | 302 | 102 | 488 |1330k|  2 |1998 | 998 |-5.026740e+00 |      --      |    Inf | unknown
 1809s|231400 |231401 | 26030k| 112.5 |   966M | 105 | 302 | 103 | 481 |1331k|  2 |1999 | 998 |-5.026740e+00 |      --      |    Inf | unknown
 1810s|231500 |231501 | 26038k| 112.5 |   967M | 105 | 302 | 103 | 403 |1331k|  1 |1999 | 998 |-5.026739e+00 |      --      |    Inf | unknown
 1810s|231600 |231601 | 26050k| 112.5 |   969M | 105 | 302 | 103 | 432 |1332k|  4 |1999 | 998 |-5.026739e+00 |      --      |    Inf | unknown
 1811s|231700 |231701 | 26059k| 112.5 |   969M | 105 | 302 | 105 | 382 |1332k|  2 |2001 | 998 |-5.026739e+00 |      --      |    Inf | unknown
 1811s|231800 |231801 | 26068k| 112.5 |   969M | 105 | 302 | 105 | 583 |1333k|  2 |2002 | 999 |-5.026738e+00 |      --      |    Inf | unknown
 1812s|231900 |231901 | 26078k| 112.4 |   970M | 105 | 302 | 105 | 560 |1334k|  2 |2002 | 999 |-5.026738e+00 |      --      |    Inf | unknown
 1812s|232000 |232001 | 26087k| 112.4 |   970M | 105 | 302 | 105 | 518 |1334k|  3 |2002 | 999 |-5.026738e+00 |      --      |    Inf | unknown
 1813s|232100 |232101 | 26100k| 112.4 |   970M | 105 | 302 | 104 | 503 |1335k|  2 |2002 | 999 |-5.026704e+00 |      --      |    Inf | unknown
 1813s|232200 |232201 | 26110k| 112.4 |   970M | 105 | 302 | 103 | 488 |1335k|  2 |2003 |1000 |-5.026704e+00 |      --      |    Inf | unknown
 1814s|232300 |232301 | 26119k| 112.4 |   970M | 105 | 302 | 104 | 375 |1336k|  1 |2005 |1000 |-5.026672e+00 |      --      |    Inf | unknown
 time | node  | left  |LP iter|LP it/n|mem/heur|mdpt |vars |cons |rows |cuts |sepa|confs|strbr|  dualbound   | primalbound  |  gap   | compl. 
 1814s|232400 |232401 | 26129k| 112.4 |   971M | 105 | 302 | 105 | 423 |1337k|  4 |2006 |1000 |-5.026672e+00 |      --      |    Inf | unknown
 1814s|232500 |232501 | 26136k| 112.4 |   971M | 105 | 302 | 105 | 578 |1337k|  2 |2006 |1000 |-5.026672e+00 |      --      |    Inf | unknown
 1815s|232600 |232601 | 26147k| 112.4 |   972M | 105 | 302 | 105 | 503 |1338k|  2 |2006 |1000 |-5.026668e+00 |      --      |    Inf | unknown
 1816s|232700 |232701 | 26164k| 112.4 |   972M | 105 | 302 | 103 | 484 |1338k|  1 |2006 |1000 |-5.026668e+00 |      --      |    Inf | unknown
 1826s|232800 |232801 | 26180k| 112.4 |   972M | 105 | 302 | 101 | 445 |1339k|  2 |2006 |1000 |-5.026668e+00 |      --      |    Inf | unknown
 1826s|232900 |232901 | 26192k| 112.5 |   973M | 105 | 302 | 102 | 438 |1340k|  1 |2007 |1001 |-5.026596e+00 |      --      |    Inf | unknown
 1827s|233000 |233001 | 26202k| 112.4 |   973M | 105 | 302 | 102 | 435 |1340k|  4 |2007 |1001 |-5.026596e+00 |      --      |    Inf | unknown
 1828s|233100 |233101 | 26215k| 112.5 |   973M | 105 | 302 | 102 | 550 |1341k|  3 |2008 |1001 |-5.026596e+00 |      --      |    Inf | unknown
 1828s|233200 |233201 | 26224k| 112.4 |   973M | 105 | 302 | 102 | 560 |1341k|  4 |2008 |1001 |-5.026584e+00 |      --      |    Inf | unknown
 1828s|233300 |233301 | 26233k| 112.4 |   974M | 105 | 302 | 102 | 503 |1342k|  4 |2008 |1001 |-5.026584e+00 |      --      |    Inf | unknown
 1829s|233400 |233401 | 26241k| 112.4 |   975M | 105 | 302 | 102 | 447 |1343k|  2 |2008 |1002 |-5.026546e+00 |      --      |    Inf | unknown
 1829s|233500 |233501 | 26251k| 112.4 |   975M | 105 | 302 | 103 | 469 |1343k|  2 |2009 |1002 |-5.026546e+00 |      --      |    Inf | unknown
 1829s|233600 |233601 | 26259k| 112.4 |   975M | 105 | 302 | 103 | 491 |1344k|  4 |2009 |1002 |-5.026546e+00 |      --      |    Inf | unknown
 1830s|233700 |233701 | 26269k| 112.4 |   975M | 105 | 302 | 103 | 408 |1344k|  2 |2010 |1002 |-5.026461e+00 |      --      |    Inf | unknown
 1830s|233800 |233801 | 26277k| 112.4 |   975M | 105 | 302 | 105 | 587 |1345k|  3 |2012 |1003 |-5.026461e+00 |      --      |    Inf | unknown
 time | node  | left  |LP iter|LP it/n|mem/heur|mdpt |vars |cons |rows |cuts |sepa|confs|strbr|  dualbound   | primalbound  |  gap   | compl. 
 1831s|233900 |233901 | 26285k| 112.4 |   976M | 105 | 302 | 105 | 560 |1346k|  3 |2012 |1003 |-5.026461e+00 |      --      |    Inf | unknown
 1831s|234000 |234001 | 26295k| 112.4 |   977M | 105 | 302 | 107 | 532 |1346k|  4 |2014 |1003 |-5.026450e+00 |      --      |    Inf | unknown
 1831s|234100 |234101 | 26304k| 112.4 |   977M | 105 | 302 | 109 | 456 |1347k|  2 |2016 |1003 |-5.026450e+00 |      --      |    Inf | unknown
 1832s|234200 |234201 | 26314k| 112.3 |   978M | 105 | 302 | 110 | 432 |1347k|  2 |2017 |1003 |-5.026412e+00 |      --      |    Inf | unknown
 1832s|234300 |234301 | 26324k| 112.3 |   978M | 105 | 302 | 111 | 384 |1348k|  4 |2018 |1003 |-5.026412e+00 |      --      |    Inf | unknown
 1834s|234400 |234401 | 26335k| 112.3 |   979M | 105 | 302 | 112 | 324 |1349k|  1 |2019 |1003 |-5.026412e+00 |      --      |    Inf | unknown
 1835s|234500 |234501 | 26344k| 112.3 |   979M | 105 | 302 | 111 | 572 |1349k|  3 |2020 |1003 |-5.026373e+00 |      --      |    Inf | unknown
 1835s|234600 |234601 | 26358k| 112.3 |   979M | 105 | 302 | 104 | 580 |1350k|  2 |2020 |1003 |-5.026373e+00 |      --      |    Inf | unknown
 1836s|234700 |234701 | 26368k| 112.3 |   979M | 105 | 302 | 104 | 521 |1351k|  3 |2020 |1004 |-5.026373e+00 |      --      |    Inf | unknown
 1837s|234800 |234801 | 26388k| 112.4 |   980M | 105 | 302 | 101 | 475 |1351k|  2 |2020 |1004 |-5.026343e+00 |      --      |    Inf | unknown
 1839s|234900 |234901 | 26398k| 112.4 |   980M | 105 | 302 | 102 | 438 |1352k|  1 |2021 |1004 |-5.026343e+00 |      --      |    Inf | unknown
 1839s|235000 |235001 | 26407k| 112.4 |   980M | 105 | 302 | 104 | 375 |1352k|  2 |2023 |1004 |-5.026342e+00 |      --      |    Inf | unknown
 1841s|235100 |235101 | 26418k| 112.4 |   980M | 105 | 302 | 105 | 340 |1353k|  2 |2024 |1004 |-5.026342e+00 |      --      |    Inf | unknown
 1842s|235200 |235201 | 26429k| 112.4 |   981M | 105 | 302 | 105 | 591 |1354k|  2 |2024 |1004 |-5.026342e+00 |      --      |    Inf | unknown
 1842s|235300 |235301 | 26438k| 112.3 |   982M | 105 | 302 | 105 | 514 |1354k|  3 |2024 |1004 |-5.026318e+00 |      --      |    Inf | unknown
 time | node  | left  |LP iter|LP it/n|mem/heur|mdpt |vars |cons |rows |cuts |sepa|confs|strbr|  dualbound   | primalbound  |  gap   | compl. 
 1843s|235400 |235401 | 26448k| 112.3 |   982M | 105 | 302 | 106 | 519 |1355k|  2 |2025 |1004 |-5.026318e+00 |      --      |    Inf | unknown
 1843s|235500 |235501 | 26457k| 112.3 |   982M | 105 | 302 | 106 | 466 |1356k|  2 |2025 |1005 |-5.026318e+00 |      --      |    Inf | unknown
 1844s|235600 |235601 | 26466k| 112.3 |   983M | 105 | 302 | 106 | 406 |1356k|  2 |2027 |1005 |-5.026316e+00 |      --      |    Inf | unknown
 1854s|235700 |235701 | 26481k| 112.3 |   983M | 105 | 302 | 103 | 389 |1357k|  2 |2027 |1005 |-5.026316e+00 |      --      |    Inf | unknown
 1855s|235800 |235801 | 26491k| 112.3 |   984M | 105 | 302 | 105 | 546 |1357k|  2 |2029 |1005 |-5.026316e+00 |      --      |    Inf | unknown
 1855s|235900 |235901 | 26500k| 112.3 |   984M | 105 | 302 | 105 | 644 |1358k|  2 |2029 |1006 |-5.026302e+00 |      --      |    Inf | unknown
 1856s|236000 |236001 | 26514k| 112.3 |   984M | 105 | 302 | 104 | 534 |1359k|  2 |2030 |1006 |-5.026302e+00 |      --      |    Inf | unknown
 1857s|236100 |236101 | 26524k| 112.3 |   984M | 105 | 302 | 105 | 504 |1359k|  2 |2031 |1006 |-5.026268e+00 |      --      |    Inf | unknown
 1857s|236200 |236201 | 26532k| 112.3 |   984M | 105 | 302 | 103 | 475 |1360k|  1 |2031 |1006 |-5.026268e+00 |      --      |    Inf | unknown
 1857s|236300 |236301 | 26541k| 112.3 |   985M | 105 | 302 | 104 | 475 |1360k|  2 |2032 |1006 |-5.026268e+00 |      --      |    Inf | unknown
 1858s|236400 |236401 | 26549k| 112.3 |   987M | 105 | 302 | 105 | 427 |1361k|  1 |2033 |1007 |-5.026210e+00 |      --      |    Inf | unknown
 1858s|236500 |236501 | 26557k| 112.3 |   988M | 105 | 302 | 105 | 535 |1361k|  1 |2033 |1007 |-5.026210e+00 |      --      |    Inf | unknown
 1858s|236600 |236601 | 26567k| 112.3 |   988M | 105 | 302 | 105 | 581 |1362k|  2 |2033 |1007 |-5.026210e+00 |      --      |    Inf | unknown
 1859s|236700 |236701 | 26578k| 112.3 |   988M | 105 | 302 | 105 | 514 |1363k|  2 |2034 |1007 |-5.026205e+00 |      --      |    Inf | unknown
 1860s|236800 |236801 | 26595k| 112.3 |   988M | 105 | 302 | 103 | 542 |1363k|  2 |2034 |1007 |-5.026205e+00 |      --      |    Inf | unknown
 time | node  | left  |LP iter|LP it/n|mem/heur|mdpt |vars |cons |rows |cuts |sepa|confs|strbr|  dualbound   | primalbound  |  gap   | compl. 
 1860s|236900 |236901 | 26604k| 112.3 |   988M | 105 | 302 | 102 | 416 |1364k|  1 |2034 |1008 |-5.026194e+00 |      --      |    Inf | unknown
 1861s|237000 |237001 | 26613k| 112.3 |   988M | 105 | 302 | 102 | 482 |1364k|  2 |2034 |1008 |-5.026194e+00 |      --      |    Inf | unknown
 1861s|237100 |237101 | 26625k| 112.3 |   990M | 105 | 302 | 101 | 395 |1365k|  2 |2034 |1008 |-5.026194e+00 |      --      |    Inf | unknown
 1862s|237200 |237201 | 26638k| 112.3 |   990M | 105 | 302 | 101 | 545 |1366k|  2 |2034 |1008 |-5.026137e+00 |      --      |    Inf | unknown
 1863s|237300 |237301 | 26646k| 112.3 |   990M | 105 | 302 | 103 | 541 |1366k|  1 |2036 |1008 |-5.026137e+00 |      --      |    Inf | unknown
 1863s|237400 |237401 | 26656k| 112.3 |   990M | 105 | 302 | 104 | 491 |1367k|  3 |2037 |1009 |-5.026137e+00 |      --      |    Inf | unknown
 1873s|237500 |237501 | 26671k| 112.3 |   992M | 105 | 302 | 104 | 486 |1367k|  4 |2037 |1009 |-5.026137e+00 |      --      |    Inf | unknown
 1873s|237600 |237601 | 26680k| 112.3 |   992M | 105 | 302 | 105 | 429 |1368k|  2 |2038 |1009 |-5.026137e+00 |      --      |    Inf | unknown
 1874s|237700 |237701 | 26694k| 112.3 |   992M | 105 | 302 | 102 | 347 |1369k|  2 |2038 |1009 |-5.026128e+00 |      --      |    Inf | unknown
 1874s|237800 |237801 | 26703k| 112.3 |   992M | 105 | 302 | 102 | 428 |1369k|  3 |2038 |1009 |-5.026128e+00 |      --      |    Inf | unknown
 1875s|237900 |237901 | 26711k| 112.3 |   993M | 105 | 302 | 102 | 559 |1370k|  2 |2038 |1009 |-5.026128e+00 |      --      |    Inf | unknown
 1875s|238000 |238001 | 26721k| 112.3 |   993M | 105 | 302 | 104 | 513 |1370k|  2 |2040 |1009 |-5.026111e+00 |      --      |    Inf | unknown
 1876s|238100 |238101 | 26730k| 112.3 |   995M | 105 | 302 | 105 | 501 |1371k|  2 |2042 |1010 |-5.026111e+00 |      --      |    Inf | unknown
 1876s|238200 |238201 | 26738k| 112.2 |   995M | 105 | 302 | 105 | 508 |1372k|  2 |2042 |1010 |-5.026111e+00 |      --      |    Inf | unknown
 1877s|238300 |238301 | 26753k| 112.3 |   995M | 105 | 302 | 105 | 460 |1372k|  2 |2042 |1010 |-5.026072e+00 |      --      |    Inf | unknown
 time | node  | left  |LP iter|LP it/n|mem/heur|mdpt |vars |cons |rows |cuts |sepa|confs|strbr|  dualbound   | primalbound  |  gap   | compl. 
 1877s|238400 |238401 | 26763k| 112.3 |   995M | 105 | 302 | 108 | 427 |1373k|  2 |2045 |1010 |-5.026072e+00 |      --      |    Inf | unknown
 1878s|238500 |238501 | 26773k| 112.2 |   996M | 105 | 302 | 106 | 608 |1373k|  4 |2046 |1010 |-5.026072e+00 |      --      |    Inf | unknown
 1878s|238600 |238601 | 26782k| 112.2 |   996M | 105 | 302 | 107 | 540 |1374k|  2 |2047 |1010 |-5.026055e+00 |      --      |    Inf | unknown
 1878s|238700 |238701 | 26790k| 112.2 |   998M | 105 | 302 | 106 | 556 |1374k|  3 |2047 |1010 |-5.026055e+00 |      --      |    Inf | unknown
 1879s|238800 |238801 | 26807k| 112.2 |   998M | 105 | 302 | 106 | 483 |1375k|  4 |2047 |1010 |-5.026031e+00 |      --      |    Inf | unknown
 1880s|238900 |238901 | 26816k| 112.2 |   998M | 105 | 302 | 104 | 485 |1376k|  1 |2048 |1010 |-5.026031e+00 |      --      |    Inf | unknown
 1880s|239000 |239001 | 26824k| 112.2 |   999M | 105 | 302 | 104 | 476 |1376k|  3 |2048 |1010 |-5.026031e+00 |      --      |    Inf | unknown
 1880s|239100 |239101 | 26832k| 112.2 |   999M | 105 | 302 | 104 | 378 |1377k|  2 |2049 |1010 |-5.026029e+00 |      --      |    Inf | unknown
 1882s|239200 |239201 | 26842k| 112.2 |   999M | 105 | 302 | 104 | 567 |1377k|  2 |2050 |1010 |-5.026029e+00 |      --      |    Inf | unknown
 1883s|239300 |239301 | 26855k| 112.2 |  1000M | 105 | 302 | 104 | 564 |1378k|  3 |2050 |1010 |-5.026029e+00 |      --      |    Inf | unknown
 1883s|239400 |239401 | 26864k| 112.2 |  1001M | 105 | 302 | 104 | 553 |1379k|  2 |2051 |1010 |-5.026028e+00 |      --      |    Inf | unknown
 1884s|239500 |239501 | 26873k| 112.2 |  1001M | 105 | 302 | 106 | 502 |1379k|  2 |2053 |1010 |-5.026028e+00 |      --      |    Inf | unknown
 1885s|239600 |239601 | 26883k| 112.2 |  1001M | 105 | 302 | 104 | 460 |1380k|  5 |2053 |1010 |-5.026025e+00 |      --      |    Inf | unknown
 1889s|239700 |239701 | 26894k| 112.2 |  1001M | 105 | 302 | 106 | 397 |1380k|  2 |2055 |1010 |-5.026025e+00 |      --      |    Inf | unknown
 1889s|239800 |239801 | 26904k| 112.2 |  1001M | 105 | 302 | 107 | 352 |1381k|  4 |2056 |1010 |-5.026025e+00 |      --      |    Inf | unknown
 time | node  | left  |LP iter|LP it/n|mem/heur|mdpt |vars |cons |rows |cuts |sepa|confs|strbr|  dualbound   | primalbound  |  gap   | compl. 
 1890s|239900 |239901 | 26917k| 112.2 |  1001M | 105 | 302 | 104 | 535 |1382k|  2 |2056 |1010 |-5.026011e+00 |      --      |    Inf | unknown
 1890s|240000 |240001 | 26927k| 112.2 |  1001M | 105 | 302 | 106 | 540 |1382k|  2 |2058 |1010 |-5.026011e+00 |      --      |    Inf | unknown
 1891s|240100 |240101 | 26937k| 112.2 |  1001M | 105 | 302 | 106 | 541 |1383k|  5 |2059 |1010 |-5.026011e+00 |      --      |    Inf | unknown
 1891s|240200 |240201 | 26945k| 112.2 |  1002M | 105 | 302 | 105 | 470 |1383k|  2 |2059 |1010 |-5.026000e+00 |      --      |    Inf | unknown
 1891s|240300 |240301 | 26955k| 112.2 |  1003M | 105 | 302 | 106 | 487 |1384k|  4 |2060 |1010 |-5.026000e+00 |      --      |    Inf | unknown
 1892s|240400 |240401 | 26964k| 112.2 |  1003M | 105 | 302 | 107 | 380 |1385k|  5 |2062 |1010 |-5.025978e+00 |      --      |    Inf | unknown
 1904s|240500 |240501 | 26983k| 112.2 |  1003M | 105 | 302 | 101 | 370 |1385k|  2 |2062 |1010 |-5.025978e+00 |      --      |    Inf | unknown
 1904s|240600 |240601 | 26992k| 112.2 |  1003M | 105 | 302 | 101 | 636 |1386k|  3 |2062 |1010 |-5.025978e+00 |      --      |    Inf | unknown
 1905s|240700 |240701 | 27008k| 112.2 |  1004M | 105 | 302 | 101 | 517 |1387k|  2 |2062 |1010 |-5.025911e+00 |      --      |    Inf | unknown
 1906s|240800 |240801 | 27018k| 112.2 |  1005M | 105 | 302 | 103 | 516 |1387k|  4 |2064 |1010 |-5.025911e+00 |      --      |    Inf | unknown
 1906s|240900 |240901 | 27031k| 112.2 |  1006M | 105 | 302 | 103 | 468 |1388k|  3 |2064 |1010 |-5.025911e+00 |      --      |    Inf | unknown
 1907s|241000 |241001 | 27042k| 112.2 |  1007M | 105 | 302 | 104 | 438 |1388k|  4 |2065 |1010 |-5.025889e+00 |      --      |    Inf | unknown
 1907s|241100 |241101 | 27051k| 112.2 |  1007M | 105 | 302 | 105 | 448 |1389k|  2 |2066 |1010 |-5.025889e+00 |      --      |    Inf | unknown
 1908s|241200 |241201 | 27064k| 112.2 |  1007M | 105 | 302 | 107 | 599 |1390k|  2 |2070 |1010 |-5.025889e+00 |      --      |    Inf | unknown
 1908s|241300 |241301 | 27072k| 112.2 |  1007M | 105 | 302 | 108 | 587 |1390k|  2 |2071 |1010 |-5.025875e+00 |      --      |    Inf | unknown
 time | node  | left  |LP iter|LP it/n|mem/heur|mdpt |vars |cons |rows |cuts |sepa|confs|strbr|  dualbound   | primalbound  |  gap   | compl. 
 1909s|241400 |241401 | 27082k| 112.2 |  1007M | 105 | 302 | 109 | 542 |1391k|  3 |2072 |1010 |-5.025875e+00 |      --      |    Inf | unknown
 1909s|241500 |241501 | 27093k| 112.2 |  1009M | 105 | 302 | 110 | 490 |1392k|  2 |2073 |1010 |-5.025863e+00 |      --      |    Inf | unknown
 1909s|241600 |241601 | 27103k| 112.2 |  1010M | 105 | 302 | 110 | 478 |1392k|  3 |2073 |1010 |-5.025863e+00 |      --      |    Inf | unknown
 1910s|241700 |241701 | 27114k| 112.2 |  1010M | 105 | 302 | 106 | 425 |1393k|  2 |2073 |1011 |-5.025863e+00 |      --      |    Inf | unknown
 1911s|241800 |241801 | 27123k| 112.2 |  1010M | 105 | 302 | 107 | 447 |1393k|  2 |2074 |1011 |-5.025832e+00 |      --      |    Inf | unknown
 1911s|241900 |241901 | 27132k| 112.2 |  1010M | 105 | 302 | 107 | 552 |1394k|  3 |2074 |1011 |-5.025832e+00 |      --      |    Inf | unknown
 1912s|242000 |242001 | 27146k| 112.2 |  1010M | 105 | 302 | 102 | 550 |1395k|  2 |2074 |1011 |-5.025832e+00 |      --      |    Inf | unknown
 1922s|242100 |242101 | 27162k| 112.2 |  1011M | 105 | 302 | 101 | 489 |1395k|  1 |2074 |1011 |-5.025820e+00 |      --      |    Inf | unknown
 1922s|242200 |242201 | 27172k| 112.2 |  1011M | 105 | 302 | 102 | 518 |1396k|  3 |2075 |1011 |-5.025820e+00 |      --      |    Inf | unknown
 1923s|242300 |242301 | 27183k| 112.2 |  1011M | 105 | 302 | 103 | 428 |1396k|  2 |2076 |1011 |-5.025812e+00 |      --      |    Inf | unknown
 1923s|242400 |242401 | 27193k| 112.2 |  1013M | 105 | 302 | 104 | 423 |1397k|  2 |2077 |1011 |-5.025812e+00 |      --      |    Inf | unknown
 1924s|242500 |242501 | 27202k| 112.2 |  1013M | 105 | 302 | 105 | 432 |1398k|  5 |2078 |1011 |-5.025812e+00 |      --      |    Inf | unknown
 1925s|242600 |242601 | 27220k| 112.2 |  1014M | 105 | 302 | 104 | 547 |1398k|  2 |2078 |1011 |-5.025810e+00 |      --      |    Inf | unknown
 1925s|242700 |242701 | 27228k| 112.2 |  1014M | 105 | 302 | 105 | 576 |1399k|  2 |2079 |1012 |-5.025810e+00 |      --      |    Inf | unknown
 1925s|242800 |242801 | 27238k| 112.2 |  1014M | 105 | 302 | 106 | 553 |1399k|  2 |2080 |1012 |-5.025810e+00 |      --      |    Inf | unknown
 time | node  | left  |LP iter|LP it/n|mem/heur|mdpt |vars |cons |rows |cuts |sepa|confs|strbr|  dualbound   | primalbound  |  gap   | compl. 
 1926s|242900 |242901 | 27248k| 112.2 |  1014M | 105 | 302 | 105 | 514 |1400k|  5 |2082 |1012 |-5.025808e+00 |      --      |    Inf | unknown
 1926s|243000 |243001 | 27257k| 112.2 |  1014M | 105 | 302 | 105 | 419 |1401k|  2 |2082 |1012 |-5.025808e+00 |      --      |    Inf | unknown
 1927s|243100 |243101 | 27265k| 112.1 |  1015M | 105 | 302 | 107 | 377 |1401k|  5 |2084 |1012 |-5.025793e+00 |      --      |    Inf | unknown
 1927s|243200 |243201 | 27277k| 112.2 |  1015M | 105 | 302 | 105 | 390 |1402k|  2 |2084 |1012 |-5.025793e+00 |      --      |    Inf | unknown
 1928s|243300 |243301 | 27286k| 112.1 |  1015M | 105 | 302 | 105 | 557 |1402k|  2 |2085 |1012 |-5.025793e+00 |      --      |    Inf | unknown
 1928s|243400 |243401 | 27298k| 112.1 |  1015M | 105 | 302 | 104 | 531 |1403k|  5 |2086 |1012 |-5.025758e+00 |      --      |    Inf | unknown
 1929s|243500 |243501 | 27307k| 112.1 |  1015M | 105 | 302 | 104 | 490 |1404k|  2 |2087 |1012 |-5.025758e+00 |      --      |    Inf | unknown
 1929s|243600 |243601 | 27315k| 112.1 |  1016M | 105 | 302 | 104 | 470 |1404k|  2 |2087 |1012 |-5.025758e+00 |      --      |    Inf | unknown
 1930s|243700 |243701 | 27324k| 112.1 |  1016M | 105 | 302 | 104 | 405 |1405k|  3 |2087 |1012 |-5.025753e+00 |      --      |    Inf | unknown
 1930s|243800 |243801 | 27335k| 112.1 |  1016M | 105 | 302 | 107 | 395 |1405k|  2 |2090 |1012 |-5.025753e+00 |      --      |    Inf | unknown
 1932s|243900 |243901 | 27345k| 112.1 |  1018M | 105 | 302 | 110 | 577 |1406k|  2 |2093 |1013 |-5.025753e+00 |      --      |    Inf | unknown
 1932s|244000 |244001 | 27355k| 112.1 |  1018M | 105 | 302 | 110 | 572 |1407k|  2 |2094 |1013 |-5.025741e+00 |      --      |    Inf | unknown
 1933s|244100 |244101 | 27364k| 112.1 |  1018M | 105 | 302 | 111 | 508 |1407k|  3 |2095 |1013 |-5.025741e+00 |      --      |    Inf | unknown
 1933s|244200 |244201 | 27375k| 112.1 |  1018M | 105 | 302 | 111 | 519 |1408k|  2 |2096 |1013 |-5.025702e+00 |      --      |    Inf | unknown
 1934s|244300 |244301 | 27388k| 112.1 |  1018M | 105 | 302 | 105 | 465 |1409k|  3 |2096 |1013 |-5.025702e+00 |      --      |    Inf | unknown
 time | node  | left  |LP iter|LP it/n|mem/heur|mdpt |vars |cons |rows |cuts |sepa|confs|strbr|  dualbound   | primalbound  |  gap   | compl. 
 1935s|244400 |244401 | 27399k| 112.1 |  1019M | 105 | 302 | 105 | 433 |1409k|  3 |2098 |1013 |-5.025702e+00 |      --      |    Inf | unknown
 1936s|244500 |244501 | 27409k| 112.1 |  1019M | 105 | 302 | 106 | 445 |1410k|  3 |2099 |1013 |-5.025693e+00 |      --      |    Inf | unknown
 1939s|244600 |244601 | 27419k| 112.1 |  1020M | 105 | 302 | 105 | 578 |1410k|  1 |2100 |1013 |-5.025693e+00 |      --      |    Inf | unknown
 1939s|244700 |244701 | 27436k| 112.1 |  1020M | 105 | 302 | 104 | 581 |1411k|  4 |2101 |1013 |-5.025693e+00 |      --      |    Inf | unknown
 1940s|244800 |244801 | 27446k| 112.1 |  1020M | 105 | 302 | 105 | 522 |1411k|  2 |2102 |1013 |-5.025688e+00 |      --      |    Inf | unknown
 1940s|244900 |244901 | 27455k| 112.1 |  1020M | 105 | 302 | 104 | 490 |1412k|  2 |2103 |1013 |-5.025688e+00 |      --      |    Inf | unknown
 1941s|245000 |245001 | 27464k| 112.1 |  1020M | 105 | 302 | 104 | 423 |1413k|  2 |2103 |1013 |-5.025681e+00 |      --      |    Inf | unknown
 1941s|245100 |245101 | 27475k| 112.1 |  1020M | 105 | 302 | 105 | 437 |1413k|  2 |2104 |1013 |-5.025681e+00 |      --      |    Inf | unknown
 1952s|245200 |245201 | 27490k| 112.1 |  1021M | 105 | 302 | 103 | 405 |1414k|  2 |2104 |1013 |-5.025681e+00 |      --      |    Inf | unknown
 1953s|245300 |245301 | 27498k| 112.1 |  1022M | 105 | 302 | 103 | 570 |1414k|  3 |2104 |1014 |-5.025681e+00 |      --      |    Inf | unknown
 1953s|245400 |245401 | 27508k| 112.1 |  1023M | 105 | 302 | 104 | 551 |1415k|  4 |2105 |1014 |-5.025681e+00 |      --      |    Inf | unknown
 1954s|245500 |245501 | 27520k| 112.1 |  1023M | 105 | 302 | 102 | 522 |1416k|  2 |2105 |1014 |-5.025681e+00 |      --      |    Inf | unknown
 1954s|245600 |245601 | 27532k| 112.1 |  1023M | 105 | 302 | 102 | 500 |1416k|  2 |2106 |1014 |-5.025662e+00 |      --      |    Inf | unknown
 1955s|245700 |245701 | 27540k| 112.1 |  1023M | 105 | 302 | 102 | 440 |1417k|  2 |2106 |1014 |-5.025662e+00 |      --      |    Inf | unknown
 1955s|245800 |245801 | 27549k| 112.1 |  1023M | 105 | 302 | 103 | 371 |1418k|  2 |2107 |1014 |-5.025634e+00 |      --      |    Inf | unknown
 time | node  | left  |LP iter|LP it/n|mem/heur|mdpt |vars |cons |rows |cuts |sepa|confs|strbr|  dualbound   | primalbound  |  gap   | compl. 
 1956s|245900 |245901 | 27557k| 112.1 |  1024M | 105 | 302 | 103 | 359 |1418k|  5 |2107 |1014 |-5.025634e+00 |      --      |    Inf | unknown
 1956s|246000 |246001 | 27565k| 112.0 |  1024M | 105 | 302 | 105 | 527 |1419k|  1 |2109 |1014 |-5.025634e+00 |      --      |    Inf | unknown
 1956s|246100 |246101 | 27575k| 112.0 |  1025M | 105 | 302 | 105 | 536 |1419k|  2 |2109 |1014 |-5.025587e+00 |      --      |    Inf | unknown
 1957s|246200 |246201 | 27584k| 112.0 |  1026M | 105 | 302 | 105 | 532 |1420k|  2 |2109 |1014 |-5.025587e+00 |      --      |    Inf | unknown
 1957s|246300 |246301 | 27595k| 112.0 |  1026M | 105 | 302 | 104 | 507 |1420k|  2 |2109 |1014 |-5.025587e+00 |      --      |    Inf | unknown
 1958s|246400 |246401 | 27603k| 112.0 |  1026M | 105 | 302 | 106 | 432 |1421k|  2 |2111 |1014 |-5.025567e+00 |      --      |    Inf | unknown
 1959s|246500 |246501 | 27620k| 112.0 |  1026M | 105 | 302 | 103 | 440 |1422k|  2 |2111 |1014 |-5.025567e+00 |      --      |    Inf | unknown
 1959s|246600 |246601 | 27629k| 112.0 |  1027M | 105 | 302 | 103 | 587 |1422k|  2 |2111 |1014 |-5.025567e+00 |      --      |    Inf | unknown
 1960s|246700 |246701 | 27643k| 112.0 |  1027M | 105 | 302 | 101 | 566 |1423k|  2 |2111 |1014 |-5.025565e+00 |      --      |    Inf | unknown
 1970s|246800 |246801 | 27660k| 112.1 |  1027M | 105 | 302 | 102 | 541 |1424k|  2 |2112 |1014 |-5.025565e+00 |      --      |    Inf | unknown
 1970s|246900 |246901 | 27669k| 112.1 |  1028M | 105 | 302 | 102 | 487 |1424k|  1 |2112 |1014 |-5.025560e+00 |      --      |    Inf | unknown
 1971s|247000 |247001 | 27680k| 112.1 |  1028M | 105 | 302 | 101 | 459 |1425k|  2 |2112 |1014 |-5.025560e+00 |      --      |    Inf | unknown
 1972s|247100 |247101 | 27691k| 112.1 |  1030M | 105 | 302 | 103 | 475 |1425k|  2 |2114 |1014 |-5.025560e+00 |      --      |    Inf | unknown
 1972s|247200 |247201 | 27700k| 112.0 |  1030M | 105 | 302 | 104 | 323 |1426k|  2 |2115 |1014 |-5.025540e+00 |      --      |    Inf | unknown
 1972s|247300 |247301 | 27710k| 112.0 |  1030M | 105 | 302 | 104 | 579 |1427k|  2 |2115 |1015 |-5.025540e+00 |      --      |    Inf | unknown
 time | node  | left  |LP iter|LP it/n|mem/heur|mdpt |vars |cons |rows |cuts |sepa|confs|strbr|  dualbound   | primalbound  |  gap   | compl. 
 1973s|247400 |247401 | 27719k| 112.0 |  1030M | 105 | 302 | 105 | 544 |1427k|  2 |2116 |1015 |-5.025540e+00 |      --      |    Inf | unknown
 1973s|247500 |247501 | 27729k| 112.0 |  1030M | 105 | 302 | 105 | 521 |1428k|  3 |2116 |1015 |-5.025513e+00 |      --      |    Inf | unknown
 1974s|247600 |247601 | 27741k| 112.0 |  1031M | 105 | 302 | 105 | 509 |1429k|  1 |2116 |1015 |-5.025513e+00 |      --      |    Inf | unknown
 1974s|247700 |247701 | 27750k| 112.0 |  1031M | 105 | 302 | 105 | 446 |1429k|  2 |2116 |1015 |-5.025502e+00 |      --      |    Inf | unknown
 1975s|247800 |247801 | 27759k| 112.0 |  1032M | 105 | 302 | 106 | 456 |1430k|  5 |2117 |1015 |-5.025502e+00 |      --      |    Inf | unknown
 1976s|247900 |247901 | 27773k| 112.0 |  1032M | 105 | 302 | 102 | 306 |1430k|  3 |2117 |1015 |-5.025502e+00 |      --      |    Inf | unknown
 1976s|248000 |248001 | 27783k| 112.0 |  1032M | 105 | 302 | 102 | 571 |1431k|  3 |2117 |1016 |-5.025470e+00 |      --      |    Inf | unknown
 1976s|248100 |248101 | 27792k| 112.0 |  1032M | 105 | 302 | 102 | 527 |1432k|  2 |2117 |1016 |-5.025470e+00 |      --      |    Inf | unknown
 1977s|248200 |248201 | 27802k| 112.0 |  1032M | 105 | 302 | 102 | 543 |1432k|  2 |2117 |1016 |-5.025470e+00 |      --      |    Inf | unknown
 1978s|248300 |248301 | 27821k| 112.0 |  1035M | 105 | 302 | 101 | 461 |1433k|  3 |2117 |1016 |-5.025468e+00 |      --      |    Inf | unknown
 1979s|248400 |248401 | 27831k| 112.0 |  1035M | 105 | 302 | 102 | 457 |1434k|  2 |2118 |1016 |-5.025468e+00 |      --      |    Inf | unknown
 1980s|248500 |248501 | 27842k| 112.0 |  1035M | 105 | 302 | 103 | 390 |1434k|  3 |2119 |1016 |-5.025429e+00 |      --      |    Inf | unknown
 1981s|248600 |248601 | 27851k| 112.0 |  1035M | 105 | 302 | 104 | 459 |1435k|  3 |2120 |1016 |-5.025429e+00 |      --      |    Inf | unknown
 1981s|248700 |248701 | 27859k| 112.0 |  1035M | 105 | 302 | 106 | 583 |1435k|  3 |2122 |1016 |-5.025429e+00 |      --      |    Inf | unknown
 1982s|248800 |248801 | 27869k| 112.0 |  1036M | 105 | 302 | 107 | 539 |1436k|  1 |2123 |1016 |-5.025400e+00 |      --      |    Inf | unknown
 time | node  | left  |LP iter|LP it/n|mem/heur|mdpt |vars |cons |rows |cuts |sepa|confs|strbr|  dualbound   | primalbound  |  gap   | compl. 
 1982s|248900 |248901 | 27880k| 112.0 |  1036M | 105 | 302 | 107 | 515 |1436k|  2 |2123 |1016 |-5.025400e+00 |      --      |    Inf | unknown
 1984s|249000 |249001 | 27890k| 112.0 |  1036M | 105 | 302 | 107 | 464 |1437k|  2 |2125 |1016 |-5.025400e+00 |      --      |    Inf | unknown
 1984s|249100 |249101 | 27904k| 112.0 |  1037M | 105 | 302 | 103 | 438 |1438k|  2 |2125 |1016 |-5.025387e+00 |      --      |    Inf | unknown
 1988s|249200 |249201 | 27916k| 112.0 |  1037M | 105 | 302 | 106 | 443 |1438k|  3 |2128 |1016 |-5.025387e+00 |      --      |    Inf | unknown
 1988s|249300 |249301 | 27924k| 112.0 |  1037M | 105 | 302 | 106 | 598 |1439k|  2 |2128 |1016 |-5.025387e+00 |      --      |    Inf | unknown
 1989s|249400 |249401 | 27933k| 112.0 |  1037M | 105 | 302 | 107 | 569 |1440k|  3 |2129 |1017 |-5.025369e+00 |      --      |    Inf | unknown
 1989s|249500 |249501 | 27942k| 112.0 |  1037M | 105 | 302 | 106 | 516 |1440k|  3 |2130 |1017 |-5.025369e+00 |      --      |    Inf | unknown
 1989s|249600 |249601 | 27952k| 112.0 |  1038M | 105 | 302 | 108 | 485 |1441k|  2 |2132 |1017 |-5.025368e+00 |      --      |    Inf | unknown
 1990s|249700 |249701 | 27960k| 112.0 |  1039M | 105 | 302 | 108 | 482 |1441k|  1 |2132 |1017 |-5.025368e+00 |      --      |    Inf | unknown
 1990s|249800 |249801 | 27969k| 112.0 |  1040M | 105 | 302 | 109 | 436 |1442k|  4 |2133 |1017 |-5.025368e+00 |      --      |    Inf | unknown
 2002s|249900 |249901 | 27986k| 112.0 |  1040M | 105 | 302 | 104 | 373 |1442k|  3 |2133 |1017 |-5.025362e+00 |      --      |    Inf | unknown
 2002s|250000 |250001 | 27997k| 112.0 |  1041M | 105 | 302 | 104 | 576 |1443k|  4 |2134 |1017 |-5.025362e+00 |      --      |    Inf | unknown
 2003s|250100 |250101 | 28006k| 112.0 |  1041M | 105 | 302 | 103 | 533 |1444k|  3 |2134 |1018 |-5.025362e+00 |      --      |    Inf | unknown
 2003s|250200 |250201 | 28022k| 112.0 |  1042M | 105 | 302 | 103 | 592 |1444k|  5 |2135 |1018 |-5.025323e+00 |      --      |    Inf | unknown
 2004s|250300 |250301 | 28033k| 112.0 |  1042M | 105 | 302 | 104 | 552 |1445k|  3 |2136 |1018 |-5.025323e+00 |      --      |    Inf | unknown
 time | node  | left  |LP iter|LP it/n|mem/heur|mdpt |vars |cons |rows |cuts |sepa|confs|strbr|  dualbound   | primalbound  |  gap   | compl. 
 2004s|250400 |250401 | 28042k| 112.0 |  1042M | 105 | 302 | 105 | 435 |1445k|  2 |2137 |1018 |-5.025188e+00 |      --      |    Inf | unknown
 2005s|250500 |250501 | 28054k| 112.0 |  1042M | 105 | 302 | 103 | 453 |1446k|  4 |2137 |1018 |-5.025188e+00 |      --      |    Inf | unknown
 2005s|250600 |250601 | 28063k| 112.0 |  1043M | 105 | 302 | 103 | 347 |1447k|  2 |2137 |1018 |-5.025188e+00 |      --      |    Inf | unknown
 2006s|250700 |250701 | 28074k| 112.0 |  1043M | 105 | 302 | 102 | 554 |1447k|  2 |2138 |1018 |-5.025186e+00 |      --      |    Inf | unknown
 2007s|250800 |250801 | 28083k| 112.0 |  1043M | 105 | 302 | 102 | 572 |1448k|  4 |2138 |1018 |-5.025186e+00 |      --      |    Inf | unknown
 2007s|250900 |250901 | 28092k| 112.0 |  1044M | 105 | 302 | 103 | 578 |1448k|  2 |2139 |1018 |-5.025186e+00 |      --      |    Inf | unknown
 2007s|251000 |251001 | 28101k| 111.9 |  1044M | 105 | 302 | 103 | 516 |1449k|  2 |2139 |1018 |-5.025131e+00 |      --      |    Inf | unknown
 2008s|251100 |251101 | 28110k| 111.9 |  1044M | 105 | 302 | 103 | 459 |1450k|  2 |2139 |1018 |-5.025131e+00 |      --      |    Inf | unknown
 2008s|251200 |251201 | 28118k| 111.9 |  1044M | 105 | 302 | 103 | 377 |1450k|  2 |2139 |1019 |-5.025114e+00 |      --      |    Inf | unknown
 2009s|251300 |251301 | 28128k| 111.9 |  1044M | 105 | 302 | 105 | 336 |1451k|  2 |2141 |1019 |-5.025114e+00 |      --      |    Inf | unknown
 2009s|251400 |251401 | 28137k| 111.9 |  1047M | 105 | 302 | 105 | 609 |1451k|  2 |2141 |1019 |-5.025114e+00 |      --      |    Inf | unknown
 2010s|251500 |251501 | 28153k| 111.9 |  1048M | 105 | 302 | 101 | 523 |1452k|  2 |2141 |1019 |-5.025083e+00 |      --      |    Inf | unknown
 2010s|251600 |251601 | 28161k| 111.9 |  1048M | 105 | 302 | 102 | 512 |1453k|  4 |2142 |1020 |-5.025083e+00 |      --      |    Inf | unknown
 2011s|251700 |251701 | 28169k| 111.9 |  1048M | 105 | 302 | 102 | 520 |1453k|  2 |2142 |1020 |-5.025083e+00 |      --      |    Inf | unknown
 2021s|251800 |251801 | 28185k| 111.9 |  1048M | 105 | 302 | 102 | 474 |1454k|  2 |2142 |1020 |-5.025079e+00 |      --      |    Inf | unknown
 time | node  | left  |LP iter|LP it/n|mem/heur|mdpt |vars |cons |rows |cuts |sepa|confs|strbr|  dualbound   | primalbound  |  gap   | compl. 
 2022s|251900 |251901 | 28200k| 111.9 |  1048M | 105 | 302 | 102 | 384 |1454k|  2 |2142 |1020 |-5.025079e+00 |      --      |    Inf | unknown
 2022s|252000 |252001 | 28209k| 111.9 |  1048M | 105 | 302 | 103 | 574 |1455k|  5 |2144 |1020 |-5.025079e+00 |      --      |    Inf | unknown
 2022s|252100 |252101 | 28218k| 111.9 |  1049M | 105 | 302 | 103 | 553 |1455k|  2 |2144 |1021 |-5.025027e+00 |      --      |    Inf | unknown
 2023s|252200 |252201 | 28229k| 111.9 |  1050M | 105 | 302 | 104 | 513 |1456k|  2 |2145 |1021 |-5.025027e+00 |      --      |    Inf | unknown
 2024s|252300 |252301 | 28239k| 111.9 |  1050M | 105 | 302 | 104 | 489 |1457k|  2 |2145 |1021 |-5.025003e+00 |      --      |    Inf | unknown
 2024s|252400 |252401 | 28253k| 111.9 |  1050M | 105 | 302 | 103 | 487 |1457k|  4 |2146 |1022 |-5.025003e+00 |      --      |    Inf | unknown
 2025s|252500 |252501 | 28262k| 111.9 |  1050M | 105 | 302 | 104 | 403 |1458k|  2 |2147 |1022 |-5.025003e+00 |      --      |    Inf | unknown
 2025s|252600 |252601 | 28272k| 111.9 |  1052M | 105 | 302 | 106 | 362 |1458k|  2 |2149 |1022 |-5.024958e+00 |      --      |    Inf | unknown
 2025s|252700 |252701 | 28280k| 111.9 |  1052M | 105 | 302 | 106 | 603 |1459k|  4 |2149 |1022 |-5.024958e+00 |      --      |    Inf | unknown
 2026s|252800 |252801 | 28294k| 111.9 |  1052M | 105 | 302 | 106 | 575 |1460k|  2 |2151 |1023 |-5.024958e+00 |      --      |    Inf | unknown
 2027s|252900 |252901 | 28304k| 111.9 |  1053M | 105 | 302 | 107 | 506 |1460k|  3 |2152 |1023 |-5.024956e+00 |      --      |    Inf | unknown
 2027s|253000 |253001 | 28313k| 111.9 |  1053M | 105 | 302 | 108 | 507 |1461k|  4 |2153 |1023 |-5.024956e+00 |      --      |    Inf | unknown
 2028s|253100 |253101 | 28322k| 111.9 |  1053M | 105 | 302 | 109 | 434 |1462k|  3 |2155 |1023 |-5.024955e+00 |      --      |    Inf | unknown
 2028s|253200 |253201 | 28331k| 111.9 |  1054M | 105 | 302 | 108 | 451 |1462k|  2 |2156 |1023 |-5.024955e+00 |      --      |    Inf | unknown
 2028s|253300 |253301 | 28340k| 111.9 |  1054M | 105 | 302 | 109 | 359 |1463k|  2 |2157 |1023 |-5.024955e+00 |      --      |    Inf | unknown
 time | node  | left  |LP iter|LP it/n|mem/heur|mdpt |vars |cons |rows |cuts |sepa|confs|strbr|  dualbound   | primalbound  |  gap   | compl. 
 2029s|253400 |253401 | 28350k| 111.9 |  1054M | 105 | 302 | 109 | 561 |1464k|  2 |2157 |1023 |-5.024941e+00 |      --      |    Inf | unknown
 2031s|253500 |253501 | 28364k| 111.9 |  1054M | 105 | 302 | 107 | 570 |1464k|  3 |2159 |1023 |-5.024941e+00 |      --      |    Inf | unknown
 2031s|253600 |253601 | 28373k| 111.9 |  1055M | 105 | 302 | 106 | 555 |1465k|  5 |2159 |1023 |-5.024941e+00 |      --      |    Inf | unknown
 2032s|253700 |253701 | 28390k| 111.9 |  1055M | 105 | 302 | 105 | 520 |1465k|  2 |2161 |1023 |-5.024936e+00 |      --      |    Inf | unknown
 2033s|253800 |253801 | 28399k| 111.9 |  1055M | 105 | 302 | 109 | 470 |1466k|  3 |2165 |1023 |-5.024936e+00 |      --      |    Inf | unknown
 2034s|253900 |253901 | 28408k| 111.9 |  1055M | 105 | 302 | 108 | 379 |1466k|  2 |2166 |1023 |-5.024900e+00 |      --      |    Inf | unknown
 2037s|254000 |254001 | 28419k| 111.9 |  1056M | 105 | 302 | 111 | 335 |1467k|  2 |2169 |1023 |-5.024900e+00 |      --      |    Inf | unknown
 2037s|254100 |254101 | 28427k| 111.9 |  1056M | 105 | 302 | 111 | 583 |1468k|  2 |2170 |1023 |-5.024900e+00 |      --      |    Inf | unknown
 2038s|254200 |254201 | 28437k| 111.9 |  1056M | 105 | 302 | 112 | 471 |1468k|  4 |2172 |1023 |-5.024891e+00 |      --      |    Inf | unknown
 2038s|254300 |254301 | 28445k| 111.8 |  1057M | 105 | 302 | 112 | 500 |1469k|  2 |2172 |1023 |-5.024891e+00 |      --      |    Inf | unknown
 2039s|254400 |254401 | 28455k| 111.8 |  1058M | 105 | 302 | 111 | 436 |1469k|  2 |2173 |1023 |-5.024891e+00 |      --      |    Inf | unknown
 2039s|254500 |254501 | 28463k| 111.8 |  1058M | 105 | 302 | 110 | 474 |1470k|  4 |2175 |1023 |-5.024881e+00 |      --      |    Inf | unknown
 2040s|254600 |254601 | 28478k| 111.8 |  1058M | 105 | 302 | 107 | 398 |1470k|  4 |2177 |1023 |-5.024881e+00 |      --      |    Inf | unknown
 2051s|254700 |254701 | 28494k| 111.9 |  1058M | 105 | 302 | 101 | 581 |1471k|  2 |2177 |1023 |-5.024881e+00 |      --      |    Inf | unknown
 2051s|254800 |254801 | 28503k| 111.9 |  1058M | 105 | 302 | 101 | 555 |1472k|  2 |2177 |1023 |-5.024877e+00 |      --      |    Inf | unknown
 time | node  | left  |LP iter|LP it/n|mem/heur|mdpt |vars |cons |rows |cuts |sepa|confs|strbr|  dualbound   | primalbound  |  gap   | compl. 
 2052s|254900 |254901 | 28512k| 111.8 |  1058M | 105 | 302 | 101 | 552 |1472k|  2 |2177 |1023 |-5.024877e+00 |      --      |    Inf | unknown
 2052s|255000 |255001 | 28523k| 111.8 |  1058M | 105 | 302 | 102 | 475 |1473k|  3 |2178 |1023 |-5.024831e+00 |      --      |    Inf | unknown
 2053s|255100 |255101 | 28532k| 111.8 |  1058M | 105 | 302 | 104 | 491 |1473k|  2 |2180 |1023 |-5.024831e+00 |      --      |    Inf | unknown
 2053s|255200 |255201 | 28542k| 111.8 |  1060M | 105 | 302 | 105 | 370 |1474k|  1 |2181 |1023 |-5.024831e+00 |      --      |    Inf | unknown
 2053s|255300 |255301 | 28551k| 111.8 |  1060M | 105 | 302 | 105 | 388 |1475k|  2 |2181 |1023 |-5.024807e+00 |      --      |    Inf | unknown
 2054s|255400 |255401 | 28559k| 111.8 |  1060M | 105 | 302 | 106 | 572 |1475k|  2 |2182 |1023 |-5.024807e+00 |      --      |    Inf | unknown
 2055s|255500 |255501 | 28577k| 111.8 |  1060M | 105 | 302 | 104 | 540 |1476k|  2 |2183 |1023 |-5.024807e+00 |      --      |    Inf | unknown
 2055s|255600 |255601 | 28586k| 111.8 |  1060M | 105 | 302 | 104 | 561 |1476k|  2 |2183 |1023 |-5.024802e+00 |      --      |    Inf | unknown
 2056s|255700 |255701 | 28595k| 111.8 |  1060M | 105 | 302 | 103 | 498 |1477k|  2 |2184 |1023 |-5.024802e+00 |      --      |    Inf | unknown
 2056s|255800 |255801 | 28604k| 111.8 |  1060M | 105 | 302 | 103 | 417 |1478k|  3 |2184 |1023 |-5.024798e+00 |      --      |    Inf | unknown
 2057s|255900 |255901 | 28618k| 111.8 |  1060M | 105 | 302 | 102 | 390 |1478k|  3 |2185 |1023 |-5.024798e+00 |      --      |    Inf | unknown
 2068s|256000 |256001 | 28635k| 111.8 |  1062M | 105 | 302 | 102 | 338 |1479k|  2 |2185 |1023 |-5.024798e+00 |      --      |    Inf | unknown
 2068s|256100 |256101 | 28644k| 111.8 |  1062M | 105 | 302 | 102 | 580 |1479k|  2 |2185 |1023 |-5.024796e+00 |      --      |    Inf | unknown
 2068s|256200 |256201 | 28654k| 111.8 |  1062M | 105 | 302 | 102 | 517 |1480k|  2 |2185 |1023 |-5.024796e+00 |      --      |    Inf | unknown
 2069s|256300 |256301 | 28663k| 111.8 |  1063M | 105 | 302 | 103 | 509 |1481k|  2 |2186 |1023 |-5.024796e+00 |      --      |    Inf | unknown
 time | node  | left  |LP iter|LP it/n|mem/heur|mdpt |vars |cons |rows |cuts |sepa|confs|strbr|  dualbound   | primalbound  |  gap   | compl. 
 2069s|256400 |256401 | 28672k| 111.8 |  1063M | 105 | 302 | 102 | 456 |1481k|  2 |2186 |1023 |-5.024792e+00 |      --      |    Inf | unknown
 2070s|256500 |256501 | 28681k| 111.8 |  1063M | 105 | 302 | 102 | 489 |1482k|  4 |2186 |1023 |-5.024792e+00 |      --      |    Inf | unknown
 2070s|256600 |256601 | 28690k| 111.8 |  1063M | 105 | 302 | 102 | 390 |1482k|  1 |2186 |1023 |-5.024781e+00 |      --      |    Inf | unknown
 2070s|256700 |256701 | 28700k| 111.8 |  1064M | 105 | 302 | 106 | 383 |1483k|  1 |2190 |1023 |-5.024781e+00 |      --      |    Inf | unknown
 2071s|256800 |256801 | 28708k| 111.8 |  1064M | 105 | 302 | 106 | 593 |1484k|  4 |2190 |1023 |-5.024781e+00 |      --      |    Inf | unknown
 2072s|256900 |256901 | 28724k| 111.8 |  1064M | 105 | 302 | 104 | 512 |1484k|  2 |2191 |1023 |-5.024765e+00 |      --      |    Inf | unknown
 2072s|257000 |257001 | 28733k| 111.8 |  1064M | 105 | 302 | 103 | 482 |1485k|  2 |2192 |1023 |-5.024765e+00 |      --      |    Inf | unknown
 2073s|257100 |257101 | 28741k| 111.8 |  1065M | 105 | 302 | 103 | 537 |1485k|  2 |2192 |1023 |-5.024765e+00 |      --      |    Inf | unknown
 2073s|257200 |257201 | 28750k| 111.8 |  1065M | 105 | 302 | 104 | 391 |1486k|  2 |2193 |1023 |-5.024761e+00 |      --      |    Inf | unknown
 2074s|257300 |257301 | 28769k| 111.8 |  1065M | 105 | 302 | 102 | 423 |1487k|  3 |2193 |1023 |-5.024761e+00 |      --      |    Inf | unknown
 2075s|257400 |257401 | 28777k| 111.8 |  1066M | 105 | 302 | 101 | 563 |1487k|  3 |2193 |1023 |-5.024761e+00 |      --      |    Inf | unknown
 2075s|257500 |257501 | 28786k| 111.8 |  1067M | 105 | 302 | 102 | 598 |1488k|  2 |2195 |1023 |-5.024735e+00 |      --      |    Inf | unknown
 2075s|257600 |257601 | 28795k| 111.8 |  1067M | 105 | 302 | 103 | 592 |1488k|  2 |2196 |1023 |-5.024735e+00 |      --      |    Inf | unknown
 2076s|257700 |257701 | 28804k| 111.8 |  1067M | 105 | 302 | 104 | 504 |1489k|  4 |2197 |1023 |-5.024721e+00 |      --      |    Inf | unknown
 2076s|257800 |257801 | 28813k| 111.8 |  1067M | 105 | 302 | 104 | 461 |1489k|  3 |2197 |1023 |-5.024721e+00 |      --      |    Inf | unknown
 time | node  | left  |LP iter|LP it/n|mem/heur|mdpt |vars |cons |rows |cuts |sepa|confs|strbr|  dualbound   | primalbound  |  gap   | compl. 
 2078s|257900 |257901 | 28822k| 111.7 |  1067M | 105 | 302 | 105 | 450 |1490k|  2 |2198 |1023 |-5.024721e+00 |      --      |    Inf | unknown
 2078s|258000 |258001 | 28832k| 111.7 |  1068M | 105 | 302 | 107 | 389 |1491k|  2 |2200 |1023 |-5.024696e+00 |      --      |    Inf | unknown
 2079s|258100 |258101 | 28840k| 111.7 |  1068M | 105 | 302 | 107 | 544 |1491k|  2 |2200 |1023 |-5.024696e+00 |      --      |    Inf | unknown
 2079s|258200 |258201 | 28849k| 111.7 |  1068M | 105 | 302 | 108 | 569 |1492k|  2 |2201 |1023 |-5.024696e+00 |      --      |    Inf | unknown
 2081s|258300 |258301 | 28859k| 111.7 |  1069M | 105 | 302 | 108 | 503 |1492k|  2 |2201 |1023 |-5.024686e+00 |      --      |    Inf | unknown
 2081s|258400 |258401 | 28869k| 111.7 |  1069M | 105 | 302 | 107 | 488 |1493k|  2 |2202 |1023 |-5.024686e+00 |      --      |    Inf | unknown
 2085s|258500 |258501 | 28886k| 111.7 |  1070M | 105 | 302 | 104 | 428 |1494k|  2 |2203 |1023 |-5.024660e+00 |      --      |    Inf | unknown
 2086s|258600 |258601 | 28894k| 111.7 |  1071M | 105 | 302 | 104 | 451 |1494k|  5 |2204 |1023 |-5.024660e+00 |      --      |    Inf | unknown
 2086s|258700 |258701 | 28906k| 111.7 |  1071M | 105 | 302 | 104 | 376 |1495k|  4 |2206 |1023 |-5.024660e+00 |      --      |    Inf | unknown
 2087s|258800 |258801 | 28914k| 111.7 |  1071M | 105 | 302 | 104 | 542 |1495k|  2 |2206 |1023 |-5.024604e+00 |      --      |    Inf | unknown
 2087s|258900 |258901 | 28922k| 111.7 |  1071M | 105 | 302 | 105 | 552 |1496k|  2 |2207 |1023 |-5.024604e+00 |      --      |    Inf | unknown
 2088s|259000 |259001 | 28932k| 111.7 |  1072M | 105 | 302 | 106 | 509 |1497k|  3 |2208 |1023 |-5.024604e+00 |      --      |    Inf | unknown
 2088s|259100 |259101 | 28940k| 111.7 |  1073M | 105 | 302 | 106 | 527 |1497k|  4 |2209 |1023 |-5.024595e+00 |      --      |    Inf | unknown
 2089s|259200 |259201 | 28956k| 111.7 |  1073M | 105 | 302 | 105 | 419 |1498k|  3 |2209 |1023 |-5.024595e+00 |      --      |    Inf | unknown
 2100s|259300 |259301 | 28971k| 111.7 |  1073M | 105 | 302 | 101 | 373 |1498k|  3 |2209 |1023 |-5.024581e+00 |      --      |    Inf | unknown
 time | node  | left  |LP iter|LP it/n|mem/heur|mdpt |vars |cons |rows |cuts |sepa|confs|strbr|  dualbound   | primalbound  |  gap   | compl. 
 2101s|259400 |259401 | 28983k| 111.7 |  1073M | 105 | 302 | 102 | 395 |1499k|  4 |2210 |1023 |-5.024581e+00 |      --      |    Inf | unknown
 2101s|259500 |259501 | 28993k| 111.7 |  1073M | 105 | 302 | 103 | 555 |1500k|  2 |2211 |1023 |-5.024581e+00 |      --      |    Inf | unknown
 2102s|259600 |259601 | 29007k| 111.7 |  1073M | 105 | 302 | 103 | 512 |1500k|  4 |2211 |1023 |-5.024559e+00 |      --      |    Inf | unknown
 2102s|259700 |259701 | 29015k| 111.7 |  1073M | 105 | 302 | 104 | 546 |1501k|  2 |2212 |1023 |-5.024559e+00 |      --      |    Inf | unknown
 2103s|259800 |259801 | 29025k| 111.7 |  1075M | 105 | 302 | 104 | 503 |1502k|  4 |2212 |1023 |-5.024559e+00 |      --      |    Inf | unknown
 2103s|259900 |259901 | 29034k| 111.7 |  1075M | 105 | 302 | 104 | 449 |1502k|  3 |2212 |1023 |-5.024557e+00 |      --      |    Inf | unknown
 2104s|260000 |260001 | 29044k| 111.7 |  1075M | 105 | 302 | 103 | 353 |1503k|  2 |2213 |1023 |-5.024557e+00 |      --      |    Inf | unknown
 2104s|260100 |260101 | 29053k| 111.7 |  1075M | 105 | 302 | 104 | 577 |1503k|  1 |2214 |1023 |-5.024557e+00 |      --      |    Inf | unknown
 2104s|260200 |260201 | 29061k| 111.7 |  1075M | 105 | 302 | 104 | 588 |1504k|  3 |2214 |1023 |-5.024464e+00 |      --      |    Inf | unknown
 2105s|260300 |260301 | 29070k| 111.7 |  1076M | 105 | 302 | 105 | 524 |1505k|  2 |2215 |1023 |-5.024464e+00 |      --      |    Inf | unknown
 2106s|260400 |260401 | 29081k| 111.7 |  1077M | 105 | 302 | 104 | 470 |1505k|  2 |2215 |1023 |-5.024461e+00 |      --      |    Inf | unknown
 2106s|260500 |260501 | 29090k| 111.7 |  1077M | 105 | 302 | 105 | 471 |1506k|  5 |2216 |1023 |-5.024461e+00 |      --      |    Inf | unknown
 2117s|260600 |260601 | 29108k| 111.7 |  1078M | 105 | 302 | 105 | 413 |1506k|  1 |2219 |1023 |-5.024461e+00 |      --      |    Inf | unknown
 2117s|260700 |260701 | 29116k| 111.7 |  1078M | 105 | 302 | 105 | 392 |1507k|  2 |2219 |1023 |-5.024430e+00 |      --      |    Inf | unknown
 2118s|260800 |260801 | 29123k| 111.7 |  1078M | 105 | 302 | 106 | 591 |1507k|  1 |2220 |1023 |-5.024430e+00 |      --      |    Inf | unknown
 time | node  | left  |LP iter|LP it/n|mem/heur|mdpt |vars |cons |rows |cuts |sepa|confs|strbr|  dualbound   | primalbound  |  gap   | compl. 
 2118s|260900 |260901 | 29136k| 111.7 |  1078M | 105 | 302 | 107 | 530 |1508k|  2 |2222 |1023 |-5.024430e+00 |      --      |    Inf | unknown
 2119s|261000 |261001 | 29146k| 111.7 |  1080M | 105 | 302 | 108 | 545 |1509k|  2 |2223 |1023 |-5.024384e+00 |      --      |    Inf | unknown
 2119s|261100 |261101 | 29154k| 111.7 |  1081M | 105 | 302 | 109 | 498 |1509k|  2 |2224 |1023 |-5.024384e+00 |      --      |    Inf | unknown
 2120s|261200 |261201 | 29171k| 111.7 |  1081M | 105 | 302 | 105 | 447 |1510k|  2 |2224 |1023 |-5.024347e+00 |      --      |    Inf | unknown
 2120s|261300 |261301 | 29180k| 111.7 |  1081M | 105 | 302 | 104 | 489 |1510k|  2 |2225 |1023 |-5.024347e+00 |      --      |    Inf | unknown
 2121s|261400 |261401 | 29189k| 111.7 |  1082M | 105 | 302 | 104 | 394 |1511k|  3 |2225 |1023 |-5.024347e+00 |      --      |    Inf | unknown
 2121s|261500 |261501 | 29198k| 111.6 |  1082M | 105 | 302 | 105 | 554 |1511k|  3 |2227 |1023 |-5.024324e+00 |      --      |    Inf | unknown
 2122s|261600 |261601 | 29207k| 111.6 |  1082M | 105 | 302 | 105 | 548 |1512k|  2 |2228 |1023 |-5.024324e+00 |      --      |    Inf | unknown
 2122s|261700 |261701 | 29217k| 111.6 |  1082M | 105 | 302 | 106 | 566 |1513k|  2 |2229 |1023 |-5.024324e+00 |      --      |    Inf | unknown
 2122s|261800 |261801 | 29226k| 111.6 |  1083M | 105 | 302 | 107 | 541 |1513k|  3 |2230 |1023 |-5.024301e+00 |      --      |    Inf | unknown
 2123s|261900 |261901 | 29236k| 111.6 |  1083M | 105 | 302 | 108 | 479 |1514k|  3 |2231 |1023 |-5.024301e+00 |      --      |    Inf | unknown
 2124s|262000 |262001 | 29250k| 111.6 |  1083M | 105 | 302 | 105 | 365 |1514k|  2 |2231 |1023 |-5.024299e+00 |      --      |    Inf | unknown
 2124s|262100 |262101 | 29261k| 111.6 |  1083M | 105 | 302 | 101 | 330 |1515k|  2 |2231 |1023 |-5.024299e+00 |      --      |    Inf | unknown
 2125s|262200 |262201 | 29271k| 111.6 |  1084M | 105 | 302 | 101 | 584 |1516k|  2 |2231 |1023 |-5.024299e+00 |      --      |    Inf | unknown
 2127s|262300 |262301 | 29281k| 111.6 |  1084M | 105 | 302 | 103 | 531 |1516k|  2 |2233 |1023 |-5.024271e+00 |      --      |    Inf | unknown
 time | node  | left  |LP iter|LP it/n|mem/heur|mdpt |vars |cons |rows |cuts |sepa|confs|strbr|  dualbound   | primalbound  |  gap   | compl. 
 2127s|262400 |262401 | 29289k| 111.6 |  1086M | 105 | 302 | 103 | 542 |1517k|  2 |2233 |1023 |-5.024271e+00 |      --      |    Inf | unknown
 2128s|262500 |262501 | 29298k| 111.6 |  1086M | 105 | 302 | 104 | 468 |1517k|  4 |2234 |1023 |-5.024271e+00 |      --      |    Inf | unknown
 2129s|262600 |262601 | 29308k| 111.6 |  1086M | 105 | 302 | 104 | 426 |1518k|  2 |2234 |1023 |-5.024265e+00 |      --      |    Inf | unknown
 2130s|262700 |262701 | 29317k| 111.6 |  1086M | 105 | 302 | 104 | 394 |1519k|  3 |2234 |1023 |-5.024265e+00 |      --      |    Inf | unknown
 2130s|262800 |262801 | 29326k| 111.6 |  1086M | 105 | 302 | 104 | 594 |1519k|  2 |2234 |1023 |-5.024265e+00 |      --      |    Inf | unknown
 2133s|262900 |262901 | 29337k| 111.6 |  1087M | 105 | 302 | 105 | 568 |1520k|  3 |2235 |1023 |-5.024218e+00 |      --      |    Inf | unknown
 2133s|263000 |263001 | 29347k| 111.6 |  1087M | 105 | 302 | 104 | 525 |1520k|  3 |2236 |1023 |-5.024218e+00 |      --      |    Inf | unknown
 2134s|263100 |263101 | 29357k| 111.6 |  1088M | 105 | 302 | 105 | 483 |1521k|  4 |2237 |1023 |-5.024205e+00 |      --      |    Inf | unknown
 2135s|263200 |263201 | 29381k| 111.6 |  1088M | 105 | 302 | 101 | 434 |1522k|  2 |2237 |1023 |-5.024205e+00 |      --      |    Inf | unknown
 2136s|263300 |263301 | 29392k| 111.6 |  1088M | 105 | 302 | 102 | 454 |1522k|  4 |2238 |1023 |-5.024205e+00 |      --      |    Inf | unknown
 2137s|263400 |263401 | 29404k| 111.6 |  1088M | 105 | 302 | 102 | 341 |1523k|  2 |2238 |1023 |-5.024123e+00 |      --      |    Inf | unknown
 2149s|263500 |263501 | 29420k| 111.6 |  1088M | 105 | 302 | 101 | 588 |1523k|  2 |2238 |1023 |-5.024123e+00 |      --      |    Inf | unknown
 2149s|263600 |263601 | 29429k| 111.6 |  1088M | 105 | 302 | 101 | 594 |1524k|  2 |2238 |1023 |-5.024123e+00 |      --      |    Inf | unknown
 2150s|263700 |263701 | 29438k| 111.6 |  1090M | 105 | 302 | 102 | 527 |1525k|  2 |2239 |1023 |-5.024117e+00 |      --      |    Inf | unknown
 2150s|263800 |263801 | 29446k| 111.6 |  1090M | 105 | 302 | 104 | 540 |1525k|  2 |2241 |1023 |-5.024117e+00 |      --      |    Inf | unknown
 time | node  | left  |LP iter|LP it/n|mem/heur|mdpt |vars |cons |rows |cuts |sepa|confs|strbr|  dualbound   | primalbound  |  gap   | compl. 
 2151s|263900 |263901 | 29457k| 111.6 |  1090M | 105 | 302 | 105 | 433 |1526k|  3 |2242 |1023 |-5.024045e+00 |      --      |    Inf | unknown
 2151s|264000 |264001 | 29465k| 111.6 |  1090M | 105 | 302 | 105 | 421 |1526k|  2 |2242 |1023 |-5.024045e+00 |      --      |    Inf | unknown
 2151s|264100 |264101 | 29473k| 111.6 |  1090M | 105 | 302 | 105 | 386 |1527k|  2 |2242 |1023 |-5.024045e+00 |      --      |    Inf | unknown
 2152s|264200 |264201 | 29481k| 111.6 |  1090M | 105 | 302 | 105 | 542 |1527k|  2 |2242 |1023 |-5.023935e+00 |      --      |    Inf | unknown
 2152s|264300 |264301 | 29491k| 111.6 |  1090M | 105 | 302 | 107 | 573 |1528k|  4 |2244 |1023 |-5.023935e+00 |      --      |    Inf | unknown
 2153s|264400 |264401 | 29505k| 111.6 |  1091M | 109 | 302 | 103 | 462 |1529k|  2 |2244 |1023 |-5.023877e+00 |      --      |    Inf | unknown
 2153s|264500 |264501 | 29513k| 111.6 |  1092M | 109 | 302 | 103 | 485 |1529k|  2 |2244 |1023 |-5.023877e+00 |      --      |    Inf | unknown
 2154s|264600 |264601 | 29523k| 111.6 |  1092M | 109 | 302 | 103 | 406 |1530k|  2 |2245 |1023 |-5.023877e+00 |      --      |    Inf | unknown
 2154s|264700 |264701 | 29532k| 111.6 |  1093M | 109 | 302 | 103 | 555 |1530k|  2 |2246 |1023 |-5.023870e+00 |      --      |    Inf | unknown
 2155s|264800 |264801 | 29541k| 111.6 |  1093M | 109 | 302 | 103 | 494 |1531k|  4 |2246 |1023 |-5.023870e+00 |      --      |    Inf | unknown
 2155s|264900 |264901 | 29551k| 111.5 |  1093M | 109 | 302 | 103 | 484 |1532k|  2 |2246 |1023 |-5.023870e+00 |      --      |    Inf | unknown
 2155s|265000 |265001 | 29560k| 111.5 |  1093M | 109 | 302 | 104 | 397 |1532k|  2 |2247 |1023 |-5.023863e+00 |      --      |    Inf | unknown
 2156s|265100 |265101 | 29569k| 111.5 |  1093M | 109 | 302 | 106 | 356 |1533k|  2 |2249 |1023 |-5.023863e+00 |      --      |    Inf | unknown
 2156s|265200 |265201 | 29577k| 111.5 |  1095M | 109 | 302 | 106 | 553 |1533k|  2 |2249 |1023 |-5.023863e+00 |      --      |    Inf | unknown
 2167s|265300 |265301 | 29595k| 111.5 |  1095M | 109 | 302 | 101 | 506 |1534k|  2 |2249 |1023 |-5.023842e+00 |      --      |    Inf | unknown
 time | node  | left  |LP iter|LP it/n|mem/heur|mdpt |vars |cons |rows |cuts |sepa|confs|strbr|  dualbound   | primalbound  |  gap   | compl. 
 2168s|265400 |265401 | 29604k| 111.5 |  1095M | 109 | 302 | 101 | 523 |1535k|  2 |2249 |1023 |-5.023842e+00 |      --      |    Inf | unknown
 2168s|265500 |265501 | 29617k| 111.5 |  1096M | 109 | 302 | 102 | 374 |1535k|  1 |2250 |1023 |-5.023781e+00 |      --      |    Inf | unknown
 2169s|265600 |265601 | 29625k| 111.5 |  1097M | 109 | 302 | 102 | 567 |1536k|  2 |2250 |1023 |-5.023781e+00 |      --      |    Inf | unknown
 2170s|265700 |265701 | 29642k| 111.6 |  1097M | 109 | 302 | 102 | 547 |1536k|  2 |2250 |1023 |-5.023781e+00 |      --      |    Inf | unknown
 2170s|265800 |265801 | 29651k| 111.5 |  1097M | 109 | 302 | 102 | 472 |1537k|  2 |2250 |1023 |-5.023756e+00 |      --      |    Inf | unknown
 2170s|265900 |265901 | 29660k| 111.5 |  1097M | 109 | 302 | 103 | 445 |1538k|  3 |2251 |1023 |-5.023756e+00 |      --      |    Inf | unknown
 2171s|266000 |266001 | 29673k| 111.5 |  1098M | 109 | 302 | 103 | 385 |1538k|  2 |2252 |1023 |-5.023756e+00 |      --      |    Inf | unknown
 2171s|266100 |266101 | 29682k| 111.5 |  1098M | 109 | 302 | 103 | 574 |1539k|  3 |2252 |1023 |-5.023705e+00 |      --      |    Inf | unknown
 2172s|266200 |266201 | 29691k| 111.5 |  1098M | 109 | 302 | 104 | 576 |1539k|  3 |2253 |1023 |-5.023705e+00 |      --      |    Inf | unknown
 2172s|266300 |266301 | 29700k| 111.5 |  1099M | 109 | 302 | 105 | 502 |1540k|  2 |2254 |1023 |-5.023705e+00 |      --      |    Inf | unknown
 2173s|266400 |266401 | 29710k| 111.5 |  1099M | 109 | 302 | 107 | 424 |1541k|  3 |2256 |1023 |-5.023680e+00 |      --      |    Inf | unknown
 2173s|266500 |266501 | 29718k| 111.5 |  1099M | 109 | 302 | 106 | 325 |1541k|  4 |2256 |1023 |-5.023680e+00 |      --      |    Inf | unknown
 2173s|266600 |266601 | 29728k| 111.5 |  1099M | 109 | 302 | 106 | 561 |1542k|  2 |2256 |1023 |-5.023680e+00 |      --      |    Inf | unknown
 2174s|266700 |266701 | 29743k| 111.5 |  1099M | 109 | 302 | 105 | 498 |1542k|  2 |2257 |1023 |-5.023633e+00 |      --      |    Inf | unknown
 2175s|266800 |266801 | 29755k| 111.5 |  1100M | 109 | 302 | 102 | 510 |1543k|  2 |2257 |1023 |-5.023633e+00 |      --      |    Inf | unknown
 time | node  | left  |LP iter|LP it/n|mem/heur|mdpt |vars |cons |rows |cuts |sepa|confs|strbr|  dualbound   | primalbound  |  gap   | compl. 
 2177s|266900 |266901 | 29764k| 111.5 |  1105M | 109 | 302 | 104 | 394 |1544k|  4 |2259 |1023 |-5.023627e+00 |      --      |    Inf | unknown
 2177s|267000 |267001 | 29772k| 111.5 |  1105M | 109 | 302 | 104 | 590 |1544k|  2 |2259 |1023 |-5.023627e+00 |      --      |    Inf | unknown
 2178s|267100 |267101 | 29781k| 111.5 |  1105M | 109 | 302 | 104 | 577 |1545k|  3 |2259 |1023 |-5.023627e+00 |      --      |    Inf | unknown
 2179s|267200 |267201 | 29791k| 111.5 |  1105M | 109 | 302 | 106 | 444 |1545k|  3 |2261 |1023 |-5.023593e+00 |      --      |    Inf | unknown
 2179s|267300 |267301 | 29800k| 111.5 |  1105M | 109 | 302 | 105 | 494 |1546k|  2 |2261 |1023 |-5.023593e+00 |      --      |    Inf | unknown
 2180s|267400 |267401 | 29809k| 111.5 |  1105M | 109 | 302 | 106 | 404 |1546k|  2 |2262 |1023 |-5.023593e+00 |      --      |    Inf | unknown
 2184s|267500 |267501 | 29821k| 111.5 |  1106M | 109 | 302 | 107 | 552 |1547k|  3 |2263 |1023 |-5.023569e+00 |      --      |    Inf | unknown
 2185s|267600 |267601 | 29837k| 111.5 |  1107M | 109 | 302 | 103 | 541 |1547k|  2 |2263 |1023 |-5.023569e+00 |      --      |    Inf | unknown
 2186s|267700 |267701 | 29848k| 111.5 |  1107M | 109 | 302 | 104 | 479 |1548k|  2 |2264 |1023 |-5.023569e+00 |      --      |    Inf | unknown
 2186s|267800 |267801 | 29857k| 111.5 |  1107M | 109 | 302 | 104 | 460 |1549k|  4 |2265 |1023 |-5.023563e+00 |      --      |    Inf | unknown
 2186s|267900 |267901 | 29866k| 111.5 |  1107M | 109 | 302 | 104 | 365 |1549k|  4 |2265 |1023 |-5.023563e+00 |      --      |    Inf | unknown
 2187s|268000 |268001 | 29875k| 111.5 |  1107M | 109 | 302 | 103 | 537 |1550k|  1 |2265 |1023 |-5.023563e+00 |      --      |    Inf | unknown
 2188s|268100 |268101 | 29888k| 111.5 |  1107M | 109 | 302 | 103 | 513 |1550k|  2 |2265 |1023 |-5.023524e+00 |      --      |    Inf | unknown
 2188s|268200 |268201 | 29899k| 111.5 |  1108M | 109 | 302 | 102 | 492 |1551k|  1 |2266 |1023 |-5.023524e+00 |      --      |    Inf | unknown
 2189s|268300 |268301 | 29907k| 111.5 |  1110M | 109 | 302 | 104 | 353 |1552k|  2 |2268 |1023 |-5.023455e+00 |      --      |    Inf | unknown
 time | node  | left  |LP iter|LP it/n|mem/heur|mdpt |vars |cons |rows |cuts |sepa|confs|strbr|  dualbound   | primalbound  |  gap   | compl. 
 2200s|268400 |268401 | 29923k| 111.5 |  1111M | 109 | 302 | 104 | 608 |1552k|  2 |2268 |1023 |-5.023455e+00 |      --      |    Inf | unknown
 2201s|268500 |268501 | 29932k| 111.5 |  1111M | 109 | 302 | 105 | 607 |1553k|  2 |2269 |1023 |-5.023455e+00 |      --      |    Inf | unknown
 2201s|268600 |268601 | 29941k| 111.5 |  1111M | 109 | 302 | 104 | 476 |1553k|  2 |2269 |1023 |-5.023449e+00 |      --      |    Inf | unknown
 2202s|268700 |268701 | 29949k| 111.5 |  1111M | 109 | 302 | 104 | 454 |1554k|  2 |2270 |1023 |-5.023449e+00 |      --      |    Inf | unknown
 2202s|268800 |268801 | 29958k| 111.4 |  1111M | 109 | 302 | 105 | 366 |1554k|  4 |2272 |1023 |-5.023449e+00 |      --      |    Inf | unknown
 2203s|268900 |268901 | 29968k| 111.4 |  1113M | 109 | 302 | 105 | 533 |1555k|  2 |2272 |1023 |-5.023410e+00 |      --      |    Inf | unknown
 2203s|269000 |269001 | 29977k| 111.4 |  1113M | 109 | 302 | 105 | 578 |1556k|  2 |2272 |1023 |-5.023410e+00 |      --      |    Inf | unknown
 2203s|269100 |269101 | 29986k| 111.4 |  1114M | 109 | 302 | 105 | 544 |1556k|  4 |2272 |1023 |-5.023410e+00 |      --      |    Inf | unknown
 2204s|269200 |269201 | 29994k| 111.4 |  1114M | 109 | 302 | 105 | 428 |1557k|  4 |2272 |1023 |-5.023406e+00 |      --      |    Inf | unknown
 2205s|269300 |269301 | 30009k| 111.4 |  1115M | 109 | 302 | 102 | 371 |1557k|  4 |2273 |1023 |-5.023406e+00 |      --      |    Inf | unknown
 2205s|269400 |269401 | 30018k| 111.4 |  1115M | 109 | 302 | 102 | 575 |1558k|  2 |2273 |1023 |-5.023406e+00 |      --      |    Inf | unknown
 2206s|269500 |269501 | 30035k| 111.4 |  1115M | 109 | 302 | 102 | 529 |1558k|  2 |2273 |1023 |-5.023384e+00 |      --      |    Inf | unknown
 2206s|269600 |269601 | 30043k| 111.4 |  1115M | 109 | 302 | 103 | 444 |1559k|  2 |2274 |1023 |-5.023384e+00 |      --      |    Inf | unknown
 2207s|269700 |269701 | 30052k| 111.4 |  1115M | 109 | 302 | 104 | 351 |1559k|  2 |2275 |1023 |-5.023336e+00 |      --      |    Inf | unknown
 2207s|269800 |269801 | 30060k| 111.4 |  1115M | 109 | 302 | 104 | 603 |1560k|  1 |2276 |1023 |-5.023336e+00 |      --      |    Inf | unknown
 time | node  | left  |LP iter|LP it/n|mem/heur|mdpt |vars |cons |rows |cuts |sepa|confs|strbr|  dualbound   | primalbound  |  gap   | compl. 
 2208s|269900 |269901 | 30073k| 111.4 |  1116M | 109 | 302 | 105 | 557 |1561k|  2 |2277 |1023 |-5.023336e+00 |      --      |    Inf | unknown
 2208s|270000 |270001 | 30082k| 111.4 |  1116M | 109 | 302 | 105 | 501 |1561k|  3 |2277 |1023 |-5.023334e+00 |      --      |    Inf | unknown
 2209s|270100 |270101 | 30091k| 111.4 |  1117M | 109 | 302 | 104 | 393 |1562k|  2 |2277 |1023 |-5.023334e+00 |      --      |    Inf | unknown
 2220s|270200 |270201 | 30108k| 111.4 |  1117M | 109 | 302 | 102 | 392 |1562k|  1 |2277 |1023 |-5.023334e+00 |      --      |    Inf | unknown
 2220s|270300 |270301 | 30116k| 111.4 |  1117M | 109 | 302 | 103 | 579 |1563k|  3 |2278 |1023 |-5.023315e+00 |      --      |    Inf | unknown
 2221s|270400 |270401 | 30124k| 111.4 |  1118M | 109 | 302 | 102 | 549 |1564k|  2 |2278 |1023 |-5.023315e+00 |      --      |    Inf | unknown
 2221s|270500 |270501 | 30133k| 111.4 |  1119M | 109 | 302 | 102 | 439 |1564k|  2 |2278 |1023 |-5.023315e+00 |      --      |    Inf | unknown
 2222s|270600 |270601 | 30146k| 111.4 |  1119M | 109 | 302 | 103 | 398 |1565k|  2 |2279 |1023 |-5.023312e+00 |      --      |    Inf | unknown
 2222s|270700 |270701 | 30155k| 111.4 |  1121M | 109 | 302 | 103 | 384 |1565k|  4 |2279 |1023 |-5.023312e+00 |      --      |    Inf | unknown
 2223s|270800 |270801 | 30164k| 111.4 |  1121M | 109 | 302 | 103 | 611 |1566k|  3 |2279 |1023 |-5.023312e+00 |      --      |    Inf | unknown
 2223s|270900 |270901 | 30175k| 111.4 |  1121M | 109 | 302 | 105 | 500 |1566k|  3 |2282 |1023 |-5.023297e+00 |      --      |    Inf | unknown
 2224s|271000 |271001 | 30185k| 111.4 |  1121M | 109 | 302 | 106 | 495 |1567k|  4 |2283 |1023 |-5.023297e+00 |      --      |    Inf | unknown
 2224s|271100 |271101 | 30194k| 111.4 |  1121M | 109 | 302 | 106 | 379 |1567k|  3 |2283 |1023 |-5.023287e+00 |      --      |    Inf | unknown
 2225s|271200 |271201 | 30203k| 111.4 |  1121M | 109 | 302 | 106 | 598 |1568k|  2 |2283 |1023 |-5.023287e+00 |      --      |    Inf | unknown
 2225s|271300 |271301 | 30217k| 111.4 |  1121M | 109 | 302 | 106 | 520 |1569k|  3 |2285 |1023 |-5.023287e+00 |      --      |    Inf | unknown
 time | node  | left  |LP iter|LP it/n|mem/heur|mdpt |vars |cons |rows |cuts |sepa|confs|strbr|  dualbound   | primalbound  |  gap   | compl. 
 2226s|271400 |271401 | 30228k| 111.4 |  1121M | 109 | 302 | 104 | 486 |1569k|  5 |2285 |1023 |-5.023224e+00 |      --      |    Inf | unknown
 2227s|271500 |271501 | 30245k| 111.4 |  1122M | 109 | 302 | 101 | 427 |1570k|  4 |2285 |1023 |-5.023224e+00 |      --      |    Inf | unknown
 2227s|271600 |271601 | 30254k| 111.4 |  1124M | 109 | 302 | 102 | 402 |1570k|  2 |2286 |1023 |-5.023224e+00 |      --      |    Inf | unknown
 2227s|271700 |271701 | 30263k| 111.4 |  1124M | 109 | 302 | 103 | 569 |1571k|  4 |2287 |1023 |-5.023188e+00 |      --      |    Inf | unknown
 2228s|271800 |271801 | 30272k| 111.4 |  1124M | 109 | 302 | 104 | 579 |1572k|  2 |2288 |1023 |-5.023188e+00 |      --      |    Inf | unknown
 2228s|271900 |271901 | 30281k| 111.4 |  1124M | 109 | 302 | 105 | 462 |1572k|  4 |2289 |1023 |-5.023188e+00 |      --      |    Inf | unknown
 2229s|272000 |272001 | 30289k| 111.4 |  1124M | 109 | 302 | 105 | 443 |1573k|  2 |2289 |1023 |-5.023186e+00 |      --      |    Inf | unknown
 2229s|272100 |272101 | 30300k| 111.3 |  1125M | 109 | 302 | 107 | 440 |1573k|  3 |2291 |1023 |-5.023186e+00 |      --      |    Inf | unknown
 2230s|272200 |272201 | 30309k| 111.3 |  1126M | 109 | 302 | 107 | 551 |1574k|  2 |2291 |1023 |-5.023186e+00 |      --      |    Inf | unknown
 2231s|272300 |272301 | 30319k| 111.3 |  1127M | 109 | 302 | 109 | 515 |1575k|  3 |2293 |1023 |-5.023114e+00 |      --      |    Inf | unknown
 2232s|272400 |272401 | 30327k| 111.3 |  1127M | 109 | 302 | 107 | 492 |1575k|  2 |2293 |1023 |-5.023114e+00 |      --      |    Inf | unknown
 2233s|272500 |272501 | 30341k| 111.3 |  1127M | 109 | 302 | 105 | 390 |1576k|  2 |2293 |1023 |-5.023095e+00 |      --      |    Inf | unknown
 2234s|272600 |272601 | 30350k| 111.3 |  1127M | 109 | 302 | 103 | 556 |1576k|  2 |2293 |1023 |-5.023095e+00 |      --      |    Inf | unknown
 2235s|272700 |272701 | 30362k| 111.3 |  1127M | 109 | 302 | 101 | 526 |1577k|  2 |2293 |1023 |-5.023095e+00 |      --      |    Inf | unknown
 2235s|272800 |272801 | 30371k| 111.3 |  1127M | 109 | 302 | 102 | 459 |1577k|  2 |2294 |1023 |-5.023074e+00 |      --      |    Inf | unknown
 time | node  | left  |LP iter|LP it/n|mem/heur|mdpt |vars |cons |rows |cuts |sepa|confs|strbr|  dualbound   | primalbound  |  gap   | compl. 
 2238s|272900 |272901 | 30381k| 111.3 |  1127M | 109 | 302 | 103 | 510 |1578k|  3 |2295 |1023 |-5.023074e+00 |      --      |    Inf | unknown
 2239s|273000 |273001 | 30390k| 111.3 |  1128M | 109 | 302 | 103 | 374 |1579k|  2 |2295 |1023 |-5.023074e+00 |      --      |    Inf | unknown
 2239s|273100 |273101 | 30399k| 111.3 |  1129M | 109 | 302 | 104 | 494 |1579k|  2 |2296 |1023 |-5.023055e+00 |      --      |    Inf | unknown
 2240s|273200 |273201 | 30410k| 111.3 |  1129M | 109 | 302 | 104 | 526 |1580k|  2 |2296 |1023 |-5.023055e+00 |      --      |    Inf | unknown
 2240s|273300 |273301 | 30419k| 111.3 |  1129M | 109 | 302 | 103 | 517 |1580k|  2 |2296 |1023 |-5.023055e+00 |      --      |    Inf | unknown
 2241s|273400 |273401 | 30427k| 111.3 |  1129M | 109 | 302 | 103 | 432 |1581k|  3 |2296 |1023 |-5.023002e+00 |      --      |    Inf | unknown
 2241s|273500 |273501 | 30444k| 111.3 |  1129M | 109 | 302 | 101 | 387 |1582k|  3 |2296 |1023 |-5.023002e+00 |      --      |    Inf | unknown
 2254s|273600 |273601 | 30460k| 111.3 |  1129M | 109 | 302 | 101 | 607 |1582k|  2 |2296 |1023 |-5.023002e+00 |      --      |    Inf | unknown
 2254s|273700 |273701 | 30469k| 111.3 |  1129M | 109 | 302 | 101 | 498 |1583k|  3 |2296 |1023 |-5.022973e+00 |      --      |    Inf | unknown
 2255s|273800 |273801 | 30483k| 111.3 |  1130M | 109 | 302 | 102 | 447 |1583k|  2 |2297 |1023 |-5.022973e+00 |      --      |    Inf | unknown
 2255s|273900 |273901 | 30492k| 111.3 |  1130M | 109 | 302 | 104 | 376 |1584k|  5 |2299 |1023 |-5.022948e+00 |      --      |    Inf | unknown
 2256s|274000 |274001 | 30501k| 111.3 |  1131M | 109 | 302 | 104 | 584 |1585k|  3 |2299 |1023 |-5.022948e+00 |      --      |    Inf | unknown
 2256s|274100 |274101 | 30509k| 111.3 |  1131M | 109 | 302 | 104 | 517 |1585k|  2 |2299 |1023 |-5.022948e+00 |      --      |    Inf | unknown
 2257s|274200 |274201 | 30518k| 111.3 |  1131M | 109 | 302 | 106 | 463 |1586k|  2 |2301 |1023 |-5.022931e+00 |      --      |    Inf | unknown
 2257s|274300 |274301 | 30527k| 111.3 |  1131M | 109 | 302 | 106 | 438 |1586k|  2 |2301 |1023 |-5.022931e+00 |      --      |    Inf | unknown
 time | node  | left  |LP iter|LP it/n|mem/heur|mdpt |vars |cons |rows |cuts |sepa|confs|strbr|  dualbound   | primalbound  |  gap   | compl. 
 2257s|274400 |274401 | 30537k| 111.3 |  1131M | 109 | 302 | 108 | 383 |1587k|  3 |2303 |1023 |-5.022931e+00 |      --      |    Inf | unknown
 2258s|274500 |274501 | 30546k| 111.3 |  1131M | 109 | 302 | 109 | 585 |1587k|  2 |2304 |1023 |-5.022929e+00 |      --      |    Inf | unknown
 2258s|274600 |274601 | 30556k| 111.3 |  1132M | 109 | 302 | 110 | 534 |1588k|  3 |2305 |1023 |-5.022929e+00 |      --      |    Inf | unknown
 2259s|274700 |274701 | 30564k| 111.3 |  1133M | 109 | 302 | 111 | 470 |1589k|  2 |2307 |1023 |-5.022929e+00 |      --      |    Inf | unknown
 2259s|274800 |274801 | 30575k| 111.3 |  1133M | 109 | 302 | 112 | 410 |1589k|  1 |2308 |1023 |-5.022914e+00 |      --      |    Inf | unknown
 2259s|274900 |274901 | 30584k| 111.2 |  1133M | 109 | 302 | 110 | 373 |1590k|  1 |2309 |1023 |-5.022914e+00 |      --      |    Inf | unknown
 2260s|275000 |275001 | 30595k| 111.2 |  1133M | 109 | 302 | 104 | 573 |1590k|  3 |2309 |1023 |-5.022914e+00 |      --      |    Inf | unknown
 2261s|275100 |275101 | 30606k| 111.2 |  1133M | 109 | 302 | 106 | 544 |1591k|  1 |2312 |1023 |-5.022905e+00 |      --      |    Inf | unknown
 2261s|275200 |275201 | 30615k| 111.2 |  1133M | 109 | 302 | 106 | 479 |1591k|  2 |2313 |1023 |-5.022905e+00 |      --      |    Inf | unknown
 2262s|275300 |275301 | 30624k| 111.2 |  1134M | 109 | 302 | 108 | 375 |1592k|  2 |2316 |1023 |-5.022879e+00 |      --      |    Inf | unknown
 2262s|275400 |275401 | 30639k| 111.2 |  1135M | 109 | 302 | 108 | 609 |1593k|  4 |2316 |1023 |-5.022879e+00 |      --      |    Inf | unknown
 2274s|275500 |275501 | 30657k| 111.3 |  1135M | 109 | 302 | 103 | 559 |1593k|  3 |2317 |1023 |-5.022879e+00 |      --      |    Inf | unknown
 2274s|275600 |275601 | 30665k| 111.3 |  1135M | 109 | 302 | 103 | 455 |1594k|  2 |2318 |1023 |-5.022850e+00 |      --      |    Inf | unknown
 2275s|275700 |275701 | 30675k| 111.3 |  1135M | 109 | 302 | 105 | 459 |1594k|  5 |2320 |1023 |-5.022850e+00 |      --      |    Inf | unknown
 2275s|275800 |275801 | 30684k| 111.2 |  1135M | 109 | 302 | 105 | 406 |1595k|  4 |2320 |1023 |-5.022850e+00 |      --      |    Inf | unknown
 time | node  | left  |LP iter|LP it/n|mem/heur|mdpt |vars |cons |rows |cuts |sepa|confs|strbr|  dualbound   | primalbound  |  gap   | compl. 
 2275s|275900 |275901 | 30692k| 111.2 |  1135M | 109 | 302 | 106 | 558 |1595k|  2 |2321 |1023 |-5.022846e+00 |      --      |    Inf | unknown
 2276s|276000 |276001 | 30707k| 111.2 |  1136M | 109 | 302 | 104 | 579 |1596k|  2 |2322 |1023 |-5.022846e+00 |      --      |    Inf | unknown
 2277s|276100 |276101 | 30719k| 111.3 |  1136M | 109 | 302 | 101 | 489 |1597k|  2 |2322 |1023 |-5.022846e+00 |      --      |    Inf | unknown
 2277s|276200 |276201 | 30728k| 111.2 |  1137M | 109 | 302 | 102 | 412 |1597k|  3 |2323 |1023 |-5.022833e+00 |      --      |    Inf | unknown
 2278s|276300 |276301 | 30737k| 111.2 |  1137M | 109 | 302 | 103 | 369 |1598k|  3 |2324 |1023 |-5.022833e+00 |      --      |    Inf | unknown
 2278s|276400 |276401 | 30746k| 111.2 |  1138M | 109 | 302 | 103 | 569 |1598k|  2 |2324 |1023 |-5.022833e+00 |      --      |    Inf | unknown
 2278s|276500 |276501 | 30755k| 111.2 |  1140M | 109 | 302 | 104 | 522 |1599k|  2 |2325 |1023 |-5.022742e+00 |      --      |    Inf | unknown
 2279s|276600 |276601 | 30763k| 111.2 |  1142M | 109 | 302 | 105 | 463 |1599k|  2 |2326 |1023 |-5.022742e+00 |      --      |    Inf | unknown
 2279s|276700 |276701 | 30773k| 111.2 |  1142M | 109 | 302 | 106 | 402 |1600k|  4 |2327 |1023 |-5.022684e+00 |      --      |    Inf | unknown
 2280s|276800 |276801 | 30782k| 111.2 |  1143M | 109 | 302 | 107 | 583 |1601k|  1 |2328 |1023 |-5.022684e+00 |      --      |    Inf | unknown
 2280s|276900 |276901 | 30792k| 111.2 |  1144M | 109 | 302 | 108 | 513 |1601k|  3 |2329 |1023 |-5.022684e+00 |      --      |    Inf | unknown
 2280s|277000 |277001 | 30801k| 111.2 |  1144M | 109 | 302 | 110 | 461 |1602k|  2 |2331 |1023 |-5.022649e+00 |      --      |    Inf | unknown
 2281s|277100 |277101 | 30809k| 111.2 |  1144M | 109 | 302 | 111 | 468 |1602k|  1 |2332 |1023 |-5.022649e+00 |      --      |    Inf | unknown
 2282s|277200 |277201 | 30821k| 111.2 |  1145M | 109 | 302 | 105 | 444 |1603k|  2 |2332 |1023 |-5.022649e+00 |      --      |    Inf | unknown
 2282s|277300 |277301 | 30837k| 111.2 |  1145M | 109 | 302 | 102 | 575 |1604k|  2 |2332 |1023 |-5.022642e+00 |      --      |    Inf | unknown
 time | node  | left  |LP iter|LP it/n|mem/heur|mdpt |vars |cons |rows |cuts |sepa|confs|strbr|  dualbound   | primalbound  |  gap   | compl. 
 2285s|277400 |277401 | 30852k| 111.2 |  1154M | 109 | 302 | 101 | 537 |1604k|  4 |2332 |1023 |-5.022642e+00 |      --      |    Inf | unknown
 2285s|277500 |277501 | 30861k| 111.2 |  1154M | 109 | 302 | 101 | 510 |1605k|  2 |2332 |1023 |-5.022642e+00 |      --      |    Inf | unknown
 2285s|277600 |277601 | 30869k| 111.2 |  1154M | 109 | 302 | 102 | 400 |1605k|  2 |2333 |1023 |-5.022614e+00 |      --      |    Inf | unknown
 2287s|277700 |277701 | 30879k| 111.2 |  1155M | 109 | 302 | 102 | 344 |1606k|  2 |2333 |1023 |-5.022614e+00 |      --      |    Inf | unknown
 2287s|277800 |277801 | 30887k| 111.2 |  1155M | 109 | 302 | 102 | 598 |1607k|  4 |2333 |1023 |-5.022614e+00 |      --      |    Inf | unknown
 2288s|277900 |277901 | 30897k| 111.2 |  1157M | 109 | 302 | 104 | 477 |1607k|  3 |2335 |1023 |-5.022564e+00 |      --      |    Inf | unknown
 2291s|278000 |278001 | 30909k| 111.2 |  1157M | 109 | 302 | 105 | 499 |1608k|  2 |2336 |1023 |-5.022564e+00 |      --      |    Inf | unknown
 2292s|278100 |278101 | 30917k| 111.2 |  1157M | 109 | 302 | 105 | 362 |1608k|  4 |2336 |1023 |-5.022510e+00 |      --      |    Inf | unknown
 2292s|278200 |278201 | 30926k| 111.2 |  1157M | 109 | 302 | 105 | 565 |1609k|  2 |2336 |1023 |-5.022510e+00 |      --      |    Inf | unknown
 2293s|278300 |278301 | 30935k| 111.1 |  1157M | 109 | 302 | 104 | 508 |1609k|  2 |2336 |1023 |-5.022510e+00 |      --      |    Inf | unknown
 2293s|278400 |278401 | 30944k| 111.1 |  1157M | 109 | 302 | 105 | 458 |1610k|  2 |2337 |1023 |-5.022484e+00 |      --      |    Inf | unknown
 2294s|278500 |278501 | 30962k| 111.2 |  1158M | 109 | 302 | 101 | 505 |1611k|  3 |2337 |1023 |-5.022484e+00 |      --      |    Inf | unknown
 2294s|278600 |278601 | 30970k| 111.2 |  1158M | 109 | 302 | 101 | 390 |1611k|  2 |2337 |1023 |-5.022484e+00 |      --      |    Inf | unknown
 2295s|278700 |278701 | 30979k| 111.1 |  1159M | 109 | 302 | 102 | 535 |1612k|  2 |2338 |1023 |-5.022460e+00 |      --      |    Inf | unknown
 2308s|278800 |278801 | 30994k| 111.2 |  1159M | 109 | 302 | 102 | 513 |1612k|  2 |2338 |1023 |-5.022460e+00 |      --      |    Inf | unknown
 time | node  | left  |LP iter|LP it/n|mem/heur|mdpt |vars |cons |rows |cuts |sepa|confs|strbr|  dualbound   | primalbound  |  gap   | compl. 
 2308s|278900 |278901 | 31003k| 111.2 |  1159M | 109 | 302 | 102 | 509 |1613k|  2 |2338 |1023 |-5.022460e+00 |      --      |    Inf | unknown
 2309s|279000 |279001 | 31012k| 111.1 |  1160M | 109 | 302 | 102 | 468 |1614k|  3 |2338 |1023 |-5.022447e+00 |      --      |    Inf | unknown
 2309s|279100 |279101 | 31020k| 111.1 |  1160M | 109 | 302 | 102 | 344 |1614k|  2 |2338 |1023 |-5.022447e+00 |      --      |    Inf | unknown
 2310s|279200 |279201 | 31030k| 111.1 |  1161M | 109 | 302 | 101 | 555 |1615k|  3 |2338 |1023 |-5.022447e+00 |      --      |    Inf | unknown
 2310s|279300 |279301 | 31047k| 111.2 |  1161M | 109 | 302 | 104 | 548 |1615k|  2 |2341 |1023 |-5.022415e+00 |      --      |    Inf | unknown
 2311s|279400 |279401 | 31056k| 111.1 |  1161M | 109 | 302 | 104 | 529 |1616k|  2 |2341 |1023 |-5.022415e+00 |      --      |    Inf | unknown
 2311s|279500 |279501 | 31064k| 111.1 |  1161M | 109 | 302 | 105 | 379 |1616k|  2 |2342 |1023 |-5.022374e+00 |      --      |    Inf | unknown
 2311s|279600 |279601 | 31073k| 111.1 |  1162M | 109 | 302 | 105 | 591 |1617k|  2 |2342 |1023 |-5.022374e+00 |      --      |    Inf | unknown
 2312s|279700 |279701 | 31082k| 111.1 |  1163M | 109 | 302 | 105 | 583 |1618k|  2 |2342 |1023 |-5.022374e+00 |      --      |    Inf | unknown
 2313s|279800 |279801 | 31093k| 111.1 |  1163M | 109 | 302 | 102 | 488 |1618k|  2 |2342 |1023 |-5.022358e+00 |      --      |    Inf | unknown
 2313s|279900 |279901 | 31105k| 111.1 |  1164M | 109 | 302 | 101 | 489 |1619k|  2 |2342 |1023 |-5.022358e+00 |      --      |    Inf | unknown
 2314s|280000 |280001 | 31113k| 111.1 |  1165M | 109 | 302 | 101 | 434 |1619k|  2 |2342 |1023 |-5.022358e+00 |      --      |    Inf | unknown
 2314s|280100 |280101 | 31121k| 111.1 |  1165M | 109 | 302 | 101 | 596 |1620k|  2 |2342 |1023 |-5.022349e+00 |      --      |    Inf | unknown
 2314s|280200 |280201 | 31130k| 111.1 |  1165M | 109 | 302 | 103 | 495 |1620k|  2 |2344 |1023 |-5.022349e+00 |      --      |    Inf | unknown
 2315s|280300 |280301 | 31139k| 111.1 |  1165M | 109 | 302 | 103 | 563 |1621k|  2 |2344 |1023 |-5.022349e+00 |      --      |    Inf | unknown
 time | node  | left  |LP iter|LP it/n|mem/heur|mdpt |vars |cons |rows |cuts |sepa|confs|strbr|  dualbound   | primalbound  |  gap   | compl. 
 2326s|280400 |280401 | 31154k| 111.1 |  1165M | 109 | 302 | 103 | 405 |1622k|  2 |2344 |1023 |-5.022308e+00 |      --      |    Inf | unknown
 2327s|280500 |280501 | 31166k| 111.1 |  1166M | 109 | 302 | 102 | 353 |1622k|  3 |2345 |1023 |-5.022308e+00 |      --      |    Inf | unknown
 2327s|280600 |280601 | 31174k| 111.1 |  1166M | 109 | 302 | 102 | 557 |1623k|  2 |2345 |1023 |-5.022308e+00 |      --      |    Inf | unknown
 2328s|280700 |280701 | 31184k| 111.1 |  1167M | 109 | 302 | 103 | 522 |1623k|  2 |2346 |1023 |-5.022287e+00 |      --      |    Inf | unknown
 2328s|280800 |280801 | 31197k| 111.1 |  1168M | 109 | 302 | 103 | 431 |1624k|  4 |2346 |1023 |-5.022287e+00 |      --      |    Inf | unknown
 2329s|280900 |280901 | 31205k| 111.1 |  1168M | 109 | 302 | 103 | 369 |1625k|  2 |2346 |1023 |-5.022248e+00 |      --      |    Inf | unknown
 2329s|281000 |281001 | 31214k| 111.1 |  1168M | 109 | 302 | 104 | 605 |1625k|  3 |2347 |1023 |-5.022248e+00 |      --      |    Inf | unknown
 2330s|281100 |281101 | 31223k| 111.1 |  1170M | 109 | 302 | 104 | 601 |1626k|  3 |2348 |1024 |-5.022248e+00 |      --      |    Inf | unknown
 2330s|281200 |281201 | 31235k| 111.1 |  1170M | 109 | 302 | 105 | 484 |1627k|  2 |2350 |1024 |-5.022247e+00 |      --      |    Inf | unknown
 2331s|281300 |281301 | 31244k| 111.1 |  1170M | 109 | 302 | 105 | 474 |1627k|  3 |2350 |1024 |-5.022247e+00 |      --      |    Inf | unknown
 2332s|281400 |281401 | 31260k| 111.1 |  1170M | 109 | 302 | 103 | 448 |1628k|  2 |2350 |1024 |-5.022247e+00 |      --      |    Inf | unknown
 2332s|281500 |281501 | 31268k| 111.1 |  1170M | 109 | 302 | 104 | 567 |1628k|  2 |2351 |1024 |-5.022189e+00 |      --      |    Inf | unknown
 2332s|281600 |281601 | 31277k| 111.1 |  1171M | 109 | 302 | 104 | 569 |1629k|  1 |2351 |1025 |-5.022189e+00 |      --      |    Inf | unknown
 2333s|281700 |281701 | 31286k| 111.1 |  1171M | 109 | 302 | 106 | 408 |1629k|  2 |2353 |1025 |-5.022189e+00 |      --      |    Inf | unknown
 2333s|281800 |281801 | 31295k| 111.0 |  1171M | 109 | 302 | 105 | 448 |1630k|  2 |2354 |1025 |-5.022154e+00 |      --      |    Inf | unknown
 time | node  | left  |LP iter|LP it/n|mem/heur|mdpt |vars |cons |rows |cuts |sepa|confs|strbr|  dualbound   | primalbound  |  gap   | compl. 
 2334s|281900 |281901 | 31309k| 111.1 |  1171M | 109 | 302 | 105 | 381 |1630k|  2 |2354 |1025 |-5.022154e+00 |      --      |    Inf | unknown
 2334s|282000 |282001 | 31319k| 111.1 |  1172M | 109 | 302 | 105 | 600 |1631k|  3 |2355 |1025 |-5.022154e+00 |      --      |    Inf | unknown
 2335s|282100 |282101 | 31328k| 111.0 |  1172M | 109 | 302 | 105 | 526 |1632k|  2 |2355 |1025 |-5.022148e+00 |      --      |    Inf | unknown
 2337s|282200 |282201 | 31337k| 111.0 |  1172M | 109 | 302 | 104 | 465 |1632k|  2 |2357 |1025 |-5.022148e+00 |      --      |    Inf | unknown
 2337s|282300 |282301 | 31346k| 111.0 |  1173M | 109 | 302 | 104 | 327 |1633k|  2 |2357 |1026 |-5.022131e+00 |      --      |    Inf | unknown
 2337s|282400 |282401 | 31354k| 111.0 |  1174M | 109 | 302 | 104 | 579 |1633k|  1 |2357 |1026 |-5.022131e+00 |      --      |    Inf | unknown
 2339s|282500 |282501 | 31364k| 111.0 |  1174M | 109 | 302 | 106 | 519 |1634k|  2 |2359 |1026 |-5.022131e+00 |      --      |    Inf | unknown
 2340s|282600 |282601 | 31375k| 111.0 |  1175M | 109 | 302 | 104 | 494 |1635k|  2 |2359 |1026 |-5.022128e+00 |      --      |    Inf | unknown
 2340s|282700 |282701 | 31384k| 111.0 |  1176M | 109 | 302 | 104 | 426 |1635k|  2 |2359 |1026 |-5.022128e+00 |      --      |    Inf | unknown
 2343s|282800 |282801 | 31394k| 111.0 |  1176M | 109 | 302 | 106 | 378 |1636k|  2 |2361 |1027 |-5.022128e+00 |      --      |    Inf | unknown
 2344s|282900 |282901 | 31404k| 111.0 |  1176M | 109 | 302 | 104 | 549 |1636k|  2 |2362 |1027 |-5.022125e+00 |      --      |    Inf | unknown
 2344s|283000 |283001 | 31413k| 111.0 |  1177M | 109 | 302 | 104 | 522 |1637k|  3 |2362 |1027 |-5.022125e+00 |      --      |    Inf | unknown
 2345s|283100 |283101 | 31422k| 111.0 |  1178M | 109 | 302 | 104 | 501 |1638k|  4 |2362 |1027 |-5.022125e+00 |      --      |    Inf | unknown
 2346s|283200 |283201 | 31442k| 111.0 |  1178M | 109 | 302 | 101 | 443 |1638k|  3 |2362 |1027 |-5.022009e+00 |      --      |    Inf | unknown
 2346s|283300 |283301 | 31451k| 111.0 |  1178M | 109 | 302 | 101 | 358 |1639k|  2 |2362 |1027 |-5.022009e+00 |      --      |    Inf | unknown
 time | node  | left  |LP iter|LP it/n|mem/heur|mdpt |vars |cons |rows |cuts |sepa|confs|strbr|  dualbound   | primalbound  |  gap   | compl. 
 2360s|283400 |283401 | 31466k| 111.0 |  1178M | 109 | 302 | 101 | 566 |1639k|  2 |2362 |1027 |-5.022009e+00 |      --      |    Inf | unknown
 2360s|283500 |283501 | 31476k| 111.0 |  1178M | 109 | 302 | 102 | 550 |1640k|  2 |2363 |1028 |-5.022008e+00 |      --      |    Inf | unknown
 2361s|283600 |283601 | 31485k| 111.0 |  1180M | 109 | 302 | 103 | 454 |1640k|  2 |2364 |1028 |-5.022008e+00 |      --      |    Inf | unknown
 2361s|283700 |283701 | 31493k| 111.0 |  1181M | 109 | 302 | 104 | 363 |1641k|  2 |2365 |1028 |-5.022008e+00 |      --      |    Inf | unknown
 2361s|283800 |283801 | 31502k| 111.0 |  1181M | 109 | 302 | 106 | 548 |1641k|  3 |2367 |1028 |-5.022008e+00 |      --      |    Inf | unknown
 2362s|283900 |283901 | 31510k| 111.0 |  1182M | 109 | 302 | 107 | 560 |1642k|  3 |2368 |1028 |-5.022008e+00 |      --      |    Inf | unknown
 2362s|284000 |284001 | 31520k| 111.0 |  1183M | 109 | 302 | 108 | 463 |1643k|  2 |2369 |1028 |-5.021974e+00 |      --      |    Inf | unknown
 2363s|284100 |284101 | 31529k| 111.0 |  1183M | 109 | 302 | 108 | 438 |1643k|  4 |2369 |1029 |-5.021974e+00 |      --      |    Inf | unknown
 2363s|284200 |284201 | 31539k| 111.0 |  1183M | 109 | 302 | 108 | 366 |1644k|  5 |2369 |1029 |-5.021974e+00 |      --      |    Inf | unknown
 2364s|284300 |284301 | 31547k| 111.0 |  1183M | 109 | 302 | 107 | 563 |1644k|  2 |2369 |1029 |-5.021974e+00 |      --      |    Inf | unknown
 2364s|284400 |284401 | 31562k| 111.0 |  1184M | 109 | 302 | 102 | 528 |1645k|  2 |2370 |1029 |-5.021974e+00 |      --      |    Inf | unknown
 2365s|284500 |284501 | 31572k| 111.0 |  1184M | 109 | 302 | 104 | 521 |1646k|  4 |2372 |1029 |-5.021974e+00 |      --      |    Inf | unknown
 2365s|284600 |284601 | 31580k| 111.0 |  1185M | 109 | 302 | 105 | 411 |1646k|  2 |2373 |1029 |-5.021957e+00 |      --      |    Inf | unknown
 2366s|284700 |284701 | 31591k| 111.0 |  1185M | 109 | 302 | 107 | 357 |1647k|  2 |2375 |1029 |-5.021957e+00 |      --      |    Inf | unknown
 2366s|284800 |284801 | 31600k| 110.9 |  1185M | 109 | 302 | 108 | 544 |1647k|  2 |2376 |1030 |-5.021957e+00 |      --      |    Inf | unknown
 time | node  | left  |LP iter|LP it/n|mem/heur|mdpt |vars |cons |rows |cuts |sepa|confs|strbr|  dualbound   | primalbound  |  gap   | compl. 
 2366s|284900 |284901 | 31608k| 110.9 |  1185M | 109 | 302 | 108 | 493 |1648k|  2 |2376 |1030 |-5.021957e+00 |      --      |    Inf | unknown
 2367s|285000 |285001 | 31625k| 111.0 |  1187M | 109 | 302 | 105 | 439 |1649k|  2 |2376 |1030 |-5.021957e+00 |      --      |    Inf | unknown
 2379s|285100 |285101 | 31643k| 111.0 |  1187M | 109 | 302 | 101 | 410 |1650k|  3 |2376 |1030 |-5.021939e+00 |      --      |    Inf | unknown
 2379s|285200 |285201 | 31650k| 111.0 |  1187M | 109 | 302 | 101 | 566 |1650k|  2 |2376 |1030 |-5.021939e+00 |      --      |    Inf | unknown
 2380s|285300 |285301 | 31660k| 111.0 |  1187M | 109 | 302 | 102 | 494 |1651k|  2 |2377 |1030 |-5.021939e+00 |      --      |    Inf | unknown
 2380s|285400 |285401 | 31670k| 111.0 |  1188M | 109 | 302 | 102 | 487 |1651k|  4 |2377 |1030 |-5.021915e+00 |      --      |    Inf | unknown
 2381s|285500 |285501 | 31679k| 111.0 |  1189M | 109 | 302 | 104 | 457 |1652k|  2 |2379 |1031 |-5.021915e+00 |      --      |    Inf | unknown
 2381s|285600 |285601 | 31690k| 111.0 |  1189M | 109 | 302 | 105 | 337 |1652k|  2 |2380 |1031 |-5.021915e+00 |      --      |    Inf | unknown
 2382s|285700 |285701 | 31700k| 110.9 |  1189M | 109 | 302 | 105 | 583 |1653k|  3 |2380 |1031 |-5.021899e+00 |      --      |    Inf | unknown
 2383s|285800 |285801 | 31714k| 111.0 |  1189M | 109 | 302 | 101 | 608 |1654k|  2 |2380 |1031 |-5.021899e+00 |      --      |    Inf | unknown
 2383s|285900 |285901 | 31723k| 111.0 |  1189M | 109 | 302 | 103 | 506 |1654k|  5 |2382 |1031 |-5.021899e+00 |      --      |    Inf | unknown
 2383s|286000 |286001 | 31732k| 110.9 |  1189M | 109 | 302 | 104 | 435 |1655k|  2 |2383 |1031 |-5.021807e+00 |      --      |    Inf | unknown
 2384s|286100 |286101 | 31740k| 110.9 |  1190M | 109 | 302 | 105 | 351 |1656k|  4 |2384 |1032 |-5.021807e+00 |      --      |    Inf | unknown
 2384s|286200 |286201 | 31749k| 110.9 |  1191M | 109 | 302 | 105 | 557 |1656k|  2 |2384 |1032 |-5.021807e+00 |      --      |    Inf | unknown
 2384s|286300 |286301 | 31757k| 110.9 |  1191M | 109 | 302 | 105 | 531 |1657k|  3 |2384 |1032 |-5.021761e+00 |      --      |    Inf | unknown
 time | node  | left  |LP iter|LP it/n|mem/heur|mdpt |vars |cons |rows |cuts |sepa|confs|strbr|  dualbound   | primalbound  |  gap   | compl. 
 2385s|286400 |286401 | 31767k| 110.9 |  1191M | 109 | 302 | 107 | 505 |1657k|  2 |2386 |1032 |-5.021761e+00 |      --      |    Inf | unknown
 2385s|286500 |286501 | 31774k| 110.9 |  1191M | 109 | 302 | 107 | 345 |1658k|  2 |2386 |1032 |-5.021754e+00 |      --      |    Inf | unknown
 2386s|286600 |286601 | 31782k| 110.9 |  1191M | 109 | 302 | 107 | 614 |1658k|  2 |2386 |1032 |-5.021754e+00 |      --      |    Inf | unknown
 2386s|286700 |286701 | 31799k| 110.9 |  1191M | 109 | 302 | 104 | 547 |1659k|  3 |2387 |1032 |-5.021754e+00 |      --      |    Inf | unknown
 2389s|286800 |286801 | 31812k| 110.9 |  1192M | 109 | 302 | 102 | 511 |1660k|  2 |2388 |1032 |-5.021748e+00 |      --      |    Inf | unknown
 2389s|286900 |286901 | 31821k| 110.9 |  1193M | 109 | 302 | 102 | 510 |1660k|  2 |2388 |1032 |-5.021748e+00 |      --      |    Inf | unknown
 2389s|287000 |287001 | 31829k| 110.9 |  1193M | 109 | 302 | 103 | 385 |1661k|  2 |2389 |1032 |-5.021748e+00 |      --      |    Inf | unknown
 2391s|287100 |287101 | 31839k| 110.9 |  1193M | 109 | 302 | 104 | 583 |1661k|  4 |2391 |1032 |-5.021678e+00 |      --      |    Inf | unknown
 2392s|287200 |287201 | 31852k| 110.9 |  1193M | 109 | 302 | 104 | 550 |1662k|  3 |2391 |1032 |-5.021678e+00 |      --      |    Inf | unknown
 2392s|287300 |287301 | 31860k| 110.9 |  1193M | 109 | 302 | 105 | 512 |1662k|  3 |2392 |1032 |-5.021678e+00 |      --      |    Inf | unknown
 2401s|287400 |287401 | 31874k| 110.9 |  1194M | 109 | 302 | 103 | 401 |1663k|  4 |2393 |1032 |-5.021668e+00 |      --      |    Inf | unknown
 2402s|287500 |287501 | 31883k| 110.9 |  1194M | 109 | 302 | 105 | 349 |1664k|  4 |2395 |1032 |-5.021668e+00 |      --      |    Inf | unknown
 2402s|287600 |287601 | 31891k| 110.9 |  1194M | 109 | 302 | 105 | 537 |1664k|  1 |2395 |1032 |-5.021668e+00 |      --      |    Inf | unknown
 2402s|287700 |287701 | 31902k| 110.9 |  1195M | 109 | 302 | 106 | 527 |1665k|  5 |2396 |1032 |-5.021668e+00 |      --      |    Inf | unknown
 2403s|287800 |287801 | 31911k| 110.9 |  1195M | 109 | 302 | 107 | 501 |1666k|  2 |2397 |1033 |-5.021668e+00 |      --      |    Inf | unknown
 time | node  | left  |LP iter|LP it/n|mem/heur|mdpt |vars |cons |rows |cuts |sepa|confs|strbr|  dualbound   | primalbound  |  gap   | compl. 
 2403s|287900 |287901 | 31920k| 110.9 |  1195M | 109 | 302 | 110 | 372 |1666k|  4 |2402 |1033 |-5.021650e+00 |      --      |    Inf | unknown
 2404s|288000 |288001 | 31928k| 110.9 |  1195M | 109 | 302 | 110 | 561 |1667k|  2 |2402 |1033 |-5.021650e+00 |      --      |    Inf | unknown
 2404s|288100 |288101 | 31937k| 110.8 |  1196M | 109 | 302 | 111 | 544 |1667k|  3 |2403 |1033 |-5.021650e+00 |      --      |    Inf | unknown
 2404s|288200 |288201 | 31946k| 110.8 |  1196M | 109 | 302 | 110 | 471 |1668k|  3 |2403 |1033 |-5.021637e+00 |      --      |    Inf | unknown
 2405s|288300 |288301 | 31953k| 110.8 |  1197M | 109 | 302 | 112 | 477 |1668k|  2 |2405 |1033 |-5.021637e+00 |      --      |    Inf | unknown
 2405s|288400 |288401 | 31966k| 110.8 |  1197M | 109 | 302 | 106 | 375 |1669k|  2 |2405 |1033 |-5.021637e+00 |      --      |    Inf | unknown
 2406s|288500 |288501 | 31977k| 110.8 |  1199M | 109 | 302 | 101 | 516 |1669k|  3 |2405 |1033 |-5.021629e+00 |      --      |    Inf | unknown
 2407s|288600 |288601 | 31985k| 110.8 |  1199M | 109 | 302 | 103 | 534 |1670k|  4 |2407 |1034 |-5.021629e+00 |      --      |    Inf | unknown
 2407s|288700 |288701 | 31994k| 110.8 |  1199M | 109 | 302 | 104 | 566 |1671k|  2 |2408 |1034 |-5.021629e+00 |      --      |    Inf | unknown
 2420s|288800 |288801 | 32010k| 110.8 |  1199M | 109 | 302 | 106 | 444 |1671k|  3 |2410 |1034 |-5.021609e+00 |      --      |    Inf | unknown
 2421s|288900 |288901 | 32027k| 110.9 |  1199M | 109 | 302 | 103 | 314 |1672k|  4 |2410 |1034 |-5.021609e+00 |      --      |    Inf | unknown
 2422s|289000 |289001 | 32036k| 110.8 |  1199M | 109 | 302 | 103 | 579 |1672k|  2 |2410 |1034 |-5.021609e+00 |      --      |    Inf | unknown
 2422s|289100 |289101 | 32046k| 110.8 |  1199M | 109 | 302 | 105 | 552 |1673k|  2 |2412 |1034 |-5.021591e+00 |      --      |    Inf | unknown
 2423s|289200 |289201 | 32055k| 110.8 |  1199M | 109 | 302 | 106 | 504 |1673k|  2 |2413 |1034 |-5.021591e+00 |      --      |    Inf | unknown
 2423s|289300 |289301 | 32064k| 110.8 |  1200M | 109 | 302 | 106 | 351 |1674k|  2 |2413 |1034 |-5.021579e+00 |      --      |    Inf | unknown
 time | node  | left  |LP iter|LP it/n|mem/heur|mdpt |vars |cons |rows |cuts |sepa|confs|strbr|  dualbound   | primalbound  |  gap   | compl. 
 2423s|289400 |289401 | 32072k| 110.8 |  1200M | 109 | 302 | 105 | 626 |1675k|  3 |2414 |1034 |-5.021579e+00 |      --      |    Inf | unknown
 2424s|289500 |289501 | 32087k| 110.8 |  1201M | 109 | 302 | 107 | 518 |1675k|  2 |2416 |1034 |-5.021579e+00 |      --      |    Inf | unknown
 2425s|289600 |289601 | 32097k| 110.8 |  1201M | 109 | 302 | 106 | 468 |1676k|  3 |2417 |1034 |-5.021559e+00 |      --      |    Inf | unknown
 2425s|289700 |289701 | 32105k| 110.8 |  1201M | 109 | 302 | 103 | 456 |1676k|  4 |2418 |1034 |-5.021559e+00 |      --      |    Inf | unknown
 2425s|289800 |289801 | 32112k| 110.8 |  1201M | 109 | 302 | 103 | 410 |1677k|  2 |2418 |1034 |-5.021559e+00 |      --      |    Inf | unknown
 2426s|289900 |289901 | 32121k| 110.8 |  1202M | 109 | 302 | 103 | 556 |1677k|  4 |2418 |1034 |-5.021500e+00 |      --      |    Inf | unknown
 2426s|290000 |290001 | 32132k| 110.8 |  1203M | 109 | 302 | 104 | 524 |1678k|  3 |2419 |1034 |-5.021500e+00 |      --      |    Inf | unknown
 2427s|290100 |290101 | 32141k| 110.8 |  1203M | 109 | 302 | 105 | 488 |1678k|  3 |2420 |1034 |-5.021500e+00 |      --      |    Inf | unknown
 2427s|290200 |290201 | 32150k| 110.8 |  1203M | 109 | 302 | 106 | 421 |1679k|  1 |2421 |1035 |-5.021485e+00 |      --      |    Inf | unknown
 2427s|290300 |290301 | 32158k| 110.8 |  1204M | 109 | 302 | 106 | 368 |1680k|  2 |2421 |1035 |-5.021485e+00 |      --      |    Inf | unknown
 2428s|290400 |290401 | 32167k| 110.8 |  1205M | 109 | 302 | 106 | 539 |1680k|  2 |2422 |1035 |-5.021485e+00 |      --      |    Inf | unknown
 2428s|290500 |290501 | 32177k| 110.8 |  1205M | 109 | 302 | 106 | 525 |1681k|  2 |2423 |1035 |-5.021455e+00 |      --      |    Inf | unknown
 2429s|290600 |290601 | 32185k| 110.7 |  1205M | 109 | 302 | 108 | 476 |1681k|  2 |2425 |1035 |-5.021455e+00 |      --      |    Inf | unknown
 2429s|290700 |290701 | 32200k| 110.8 |  1205M | 109 | 302 | 106 | 395 |1682k|  2 |2426 |1036 |-5.021444e+00 |      --      |    Inf | unknown
 2441s|290800 |290801 | 32217k| 110.8 |  1206M | 109 | 302 | 102 | 603 |1683k|  2 |2426 |1036 |-5.021444e+00 |      --      |    Inf | unknown
 time | node  | left  |LP iter|LP it/n|mem/heur|mdpt |vars |cons |rows |cuts |sepa|confs|strbr|  dualbound   | primalbound  |  gap   | compl. 
 2442s|290900 |290901 | 32227k| 110.8 |  1207M | 109 | 302 | 102 | 557 |1683k|  2 |2427 |1036 |-5.021444e+00 |      --      |    Inf | unknown
 2443s|291000 |291001 | 32245k| 110.8 |  1207M | 109 | 302 | 102 | 466 |1684k|  2 |2427 |1036 |-5.021410e+00 |      --      |    Inf | unknown
 2443s|291100 |291101 | 32254k| 110.8 |  1207M | 109 | 302 | 102 | 474 |1685k|  4 |2427 |1036 |-5.021410e+00 |      --      |    Inf | unknown
 2444s|291200 |291201 | 32265k| 110.8 |  1207M | 109 | 302 | 101 | 334 |1685k|  2 |2427 |1036 |-5.021410e+00 |      --      |    Inf | unknown
 2444s|291300 |291301 | 32274k| 110.8 |  1207M | 109 | 302 | 101 | 575 |1686k|  2 |2427 |1036 |-5.021400e+00 |      --      |    Inf | unknown
 2445s|291400 |291401 | 32282k| 110.8 |  1207M | 109 | 302 | 103 | 487 |1686k|  2 |2429 |1036 |-5.021400e+00 |      --      |    Inf | unknown
 2445s|291500 |291501 | 32291k| 110.8 |  1208M | 109 | 302 | 104 | 450 |1687k|  3 |2430 |1036 |-5.021400e+00 |      --      |    Inf | unknown
 2445s|291600 |291601 | 32301k| 110.8 |  1208M | 109 | 302 | 104 | 487 |1688k|  3 |2430 |1037 |-5.021355e+00 |      --      |    Inf | unknown
 2446s|291700 |291701 | 32311k| 110.8 |  1208M | 109 | 302 | 104 | 439 |1688k|  4 |2430 |1037 |-5.021355e+00 |      --      |    Inf | unknown
 2446s|291800 |291801 | 32322k| 110.8 |  1209M | 109 | 302 | 104 | 580 |1689k|  4 |2430 |1037 |-5.021355e+00 |      --      |    Inf | unknown
 2447s|291900 |291901 | 32333k| 110.8 |  1210M | 109 | 302 | 104 | 557 |1689k|  2 |2432 |1037 |-5.021354e+00 |      --      |    Inf | unknown
 2447s|292000 |292001 | 32342k| 110.8 |  1210M | 109 | 302 | 103 | 481 |1690k|  1 |2432 |1037 |-5.021354e+00 |      --      |    Inf | unknown
 2448s|292100 |292101 | 32357k| 110.8 |  1210M | 109 | 302 | 102 | 376 |1691k|  2 |2432 |1037 |-5.021324e+00 |      --      |    Inf | unknown
 2449s|292200 |292201 | 32366k| 110.8 |  1210M | 109 | 302 | 102 | 574 |1691k|  2 |2432 |1037 |-5.021324e+00 |      --      |    Inf | unknown
 2449s|292300 |292301 | 32376k| 110.8 |  1212M | 109 | 302 | 103 | 554 |1692k|  2 |2433 |1038 |-5.021324e+00 |      --      |    Inf | unknown
 time | node  | left  |LP iter|LP it/n|mem/heur|mdpt |vars |cons |rows |cuts |sepa|confs|strbr|  dualbound   | primalbound  |  gap   | compl. 
 2450s|292400 |292401 | 32386k| 110.8 |  1212M | 109 | 302 | 103 | 510 |1692k|  2 |2434 |1038 |-5.021283e+00 |      --      |    Inf | unknown
 2450s|292500 |292501 | 32394k| 110.7 |  1212M | 109 | 302 | 103 | 440 |1693k|  2 |2434 |1038 |-5.021283e+00 |      --      |    Inf | unknown
 2452s|292600 |292601 | 32403k| 110.7 |  1213M | 109 | 302 | 105 | 350 |1693k|  3 |2436 |1038 |-5.021283e+00 |      --      |    Inf | unknown
 2452s|292700 |292701 | 32412k| 110.7 |  1213M | 109 | 302 | 105 | 582 |1694k|  4 |2436 |1038 |-5.021254e+00 |      --      |    Inf | unknown
 2453s|292800 |292801 | 32423k| 110.7 |  1213M | 109 | 302 | 106 | 555 |1695k|  3 |2437 |1039 |-5.021254e+00 |      --      |    Inf | unknown
 2453s|292900 |292901 | 32432k| 110.7 |  1213M | 109 | 302 | 108 | 481 |1695k|  2 |2439 |1039 |-5.021254e+00 |      --      |    Inf | unknown
 2455s|293000 |293001 | 32442k| 110.7 |  1214M | 109 | 302 | 109 | 382 |1696k|  2 |2440 |1039 |-5.021196e+00 |      --      |    Inf | unknown
 2456s|293100 |293101 | 32454k| 110.7 |  1215M | 109 | 302 | 105 | 432 |1697k|  5 |2440 |1039 |-5.021196e+00 |      --      |    Inf | unknown
 2456s|293200 |293201 | 32462k| 110.7 |  1215M | 109 | 302 | 107 | 560 |1697k|  2 |2442 |1039 |-5.021196e+00 |      --      |    Inf | unknown
 2459s|293300 |293301 | 32480k| 110.7 |  1216M | 109 | 302 | 104 | 526 |1698k|  1 |2443 |1039 |-5.021155e+00 |      --      |    Inf | unknown
 2460s|293400 |293401 | 32493k| 110.7 |  1216M | 109 | 302 | 101 | 459 |1698k|  3 |2443 |1039 |-5.021155e+00 |      --      |    Inf | unknown
 2461s|293500 |293501 | 32501k| 110.7 |  1216M | 109 | 302 | 101 | 348 |1699k|  2 |2443 |1039 |-5.021152e+00 |      --      |    Inf | unknown
 2461s|293600 |293601 | 32510k| 110.7 |  1216M | 109 | 302 | 101 | 635 |1699k|  1 |2443 |1039 |-5.021152e+00 |      --      |    Inf | unknown
 2461s|293700 |293701 | 32519k| 110.7 |  1217M | 109 | 302 | 102 | 533 |1700k|  2 |2444 |1039 |-5.021152e+00 |      --      |    Inf | unknown
 2462s|293800 |293801 | 32528k| 110.7 |  1218M | 109 | 302 | 103 | 486 |1700k|  3 |2445 |1039 |-5.021146e+00 |      --      |    Inf | unknown
 time | node  | left  |LP iter|LP it/n|mem/heur|mdpt |vars |cons |rows |cuts |sepa|confs|strbr|  dualbound   | primalbound  |  gap   | compl. 
 2462s|293900 |293901 | 32539k| 110.7 |  1219M | 109 | 302 | 103 | 468 |1701k|  2 |2445 |1039 |-5.021146e+00 |      --      |    Inf | unknown
 2476s|294000 |294001 | 32554k| 110.7 |  1219M | 109 | 302 | 101 | 362 |1701k|  2 |2445 |1039 |-5.021146e+00 |      --      |    Inf | unknown
 2477s|294100 |294101 | 32563k| 110.7 |  1219M | 109 | 302 | 102 | 583 |1702k|  2 |2446 |1039 |-5.021128e+00 |      --      |    Inf | unknown
 2477s|294200 |294201 | 32571k| 110.7 |  1219M | 109 | 302 | 102 | 573 |1703k|  4 |2446 |1039 |-5.021128e+00 |      --      |    Inf | unknown
 2477s|294300 |294301 | 32580k| 110.7 |  1219M | 109 | 302 | 104 | 501 |1703k|  2 |2448 |1039 |-5.021128e+00 |      --      |    Inf | unknown
 2478s|294400 |294401 | 32589k| 110.7 |  1219M | 109 | 302 | 104 | 417 |1704k|  2 |2448 |1039 |-5.021110e+00 |      --      |    Inf | unknown
 2478s|294500 |294501 | 32603k| 110.7 |  1219M | 109 | 302 | 104 | 342 |1704k|  2 |2448 |1039 |-5.021110e+00 |      --      |    Inf | unknown
 2479s|294600 |294601 | 32611k| 110.7 |  1221M | 109 | 302 | 106 | 575 |1705k|  2 |2450 |1039 |-5.021110e+00 |      --      |    Inf | unknown
 2479s|294700 |294701 | 32622k| 110.7 |  1221M | 109 | 302 | 104 | 521 |1706k|  2 |2451 |1039 |-5.021066e+00 |      --      |    Inf | unknown
 2480s|294800 |294801 | 32630k| 110.7 |  1221M | 109 | 302 | 105 | 486 |1706k|  4 |2452 |1039 |-5.021066e+00 |      --      |    Inf | unknown
 2481s|294900 |294901 | 32646k| 110.7 |  1222M | 109 | 302 | 103 | 361 |1707k|  2 |2452 |1039 |-5.021043e+00 |      --      |    Inf | unknown
 2481s|295000 |295001 | 32655k| 110.7 |  1222M | 109 | 302 | 103 | 570 |1707k|  3 |2452 |1039 |-5.021043e+00 |      --      |    Inf | unknown
 2482s|295100 |295101 | 32666k| 110.7 |  1222M | 109 | 302 | 101 | 588 |1708k|  2 |2452 |1039 |-5.021043e+00 |      --      |    Inf | unknown
 2482s|295200 |295201 | 32675k| 110.7 |  1222M | 109 | 302 | 103 | 478 |1709k|  2 |2454 |1039 |-5.021020e+00 |      --      |    Inf | unknown
 2482s|295300 |295301 | 32685k| 110.7 |  1222M | 109 | 302 | 104 | 441 |1709k|  4 |2455 |1040 |-5.021020e+00 |      --      |    Inf | unknown
 time | node  | left  |LP iter|LP it/n|mem/heur|mdpt |vars |cons |rows |cuts |sepa|confs|strbr|  dualbound   | primalbound  |  gap   | compl. 
 2483s|295400 |295401 | 32693k| 110.7 |  1223M | 109 | 302 | 104 | 411 |1710k|  2 |2455 |1040 |-5.021020e+00 |      --      |    Inf | unknown
 2483s|295500 |295501 | 32702k| 110.7 |  1224M | 109 | 302 | 104 | 571 |1710k|  2 |2455 |1040 |-5.021017e+00 |      --      |    Inf | unknown
 2484s|295600 |295601 | 32711k| 110.7 |  1224M | 109 | 302 | 104 | 505 |1711k|  3 |2455 |1040 |-5.021017e+00 |      --      |    Inf | unknown
 2496s|295700 |295701 | 32730k| 110.7 |  1225M | 109 | 302 | 101 | 563 |1712k|  3 |2455 |1040 |-5.021017e+00 |      --      |    Inf | unknown
 2496s|295800 |295801 | 32740k| 110.7 |  1225M | 109 | 302 | 102 | 431 |1712k|  3 |2456 |1040 |-5.020954e+00 |      --      |    Inf | unknown
 2497s|295900 |295901 | 32750k| 110.7 |  1225M | 109 | 302 | 103 | 413 |1713k|  2 |2457 |1040 |-5.020954e+00 |      --      |    Inf | unknown
 2497s|296000 |296001 | 32758k| 110.7 |  1225M | 109 | 302 | 103 | 541 |1713k|  3 |2457 |1041 |-5.020954e+00 |      --      |    Inf | unknown
 2498s|296100 |296101 | 32768k| 110.7 |  1226M | 109 | 302 | 104 | 523 |1714k|  2 |2458 |1041 |-5.020947e+00 |      --      |    Inf | unknown
 2498s|296200 |296201 | 32778k| 110.7 |  1227M | 109 | 302 | 104 | 513 |1715k|  4 |2458 |1041 |-5.020947e+00 |      --      |    Inf | unknown
 2498s|296300 |296301 | 32787k| 110.6 |  1227M | 109 | 302 | 105 | 362 |1715k|  2 |2459 |1041 |-5.020917e+00 |      --      |    Inf | unknown
 2499s|296400 |296401 | 32796k| 110.6 |  1228M | 109 | 302 | 105 | 605 |1716k|  2 |2459 |1041 |-5.020917e+00 |      --      |    Inf | unknown
 2499s|296500 |296501 | 32805k| 110.6 |  1228M | 109 | 302 | 105 | 519 |1716k|  2 |2459 |1041 |-5.020917e+00 |      --      |    Inf | unknown
 2500s|296600 |296601 | 32815k| 110.6 |  1228M | 109 | 302 | 106 | 413 |1717k|  2 |2461 |1042 |-5.020910e+00 |      --      |    Inf | unknown
 2500s|296700 |296701 | 32824k| 110.6 |  1228M | 109 | 302 | 107 | 435 |1717k|  2 |2462 |1042 |-5.020910e+00 |      --      |    Inf | unknown
 2501s|296800 |296801 | 32837k| 110.6 |  1228M | 109 | 302 | 104 | 407 |1718k|  2 |2462 |1042 |-5.020910e+00 |      --      |    Inf | unknown
 time | node  | left  |LP iter|LP it/n|mem/heur|mdpt |vars |cons |rows |cuts |sepa|confs|strbr|  dualbound   | primalbound  |  gap   | compl. 
 2501s|296900 |296901 | 32845k| 110.6 |  1230M | 109 | 302 | 104 | 544 |1719k|  4 |2462 |1042 |-5.020862e+00 |      --      |    Inf | unknown
 2502s|297000 |297001 | 32863k| 110.6 |  1230M | 109 | 302 | 102 | 515 |1719k|  2 |2463 |1042 |-5.020862e+00 |      --      |    Inf | unknown
 2502s|297100 |297101 | 32871k| 110.6 |  1230M | 109 | 302 | 104 | 537 |1720k|  1 |2465 |1042 |-5.020862e+00 |      --      |    Inf | unknown
 2503s|297200 |297201 | 32880k| 110.6 |  1230M | 109 | 302 | 105 | 378 |1720k|  2 |2466 |1042 |-5.020822e+00 |      --      |    Inf | unknown
 2503s|297300 |297301 | 32890k| 110.6 |  1230M | 109 | 302 | 106 | 378 |1721k|  4 |2467 |1042 |-5.020822e+00 |      --      |    Inf | unknown
 2505s|297400 |297401 | 32899k| 110.6 |  1230M | 109 | 302 | 107 | 601 |1721k|  3 |2468 |1042 |-5.020822e+00 |      --      |    Inf | unknown
 2506s|297500 |297501 | 32909k| 110.6 |  1230M | 109 | 302 | 108 | 469 |1722k|  2 |2469 |1042 |-5.020802e+00 |      --      |    Inf | unknown
 2506s|297600 |297601 | 32918k| 110.6 |  1230M | 109 | 302 | 108 | 454 |1723k|  3 |2469 |1043 |-5.020802e+00 |      --      |    Inf | unknown
 2507s|297700 |297701 | 32929k| 110.6 |  1232M | 109 | 302 | 106 | 414 |1723k|  3 |2471 |1043 |-5.020718e+00 |      --      |    Inf | unknown
 2509s|297800 |297801 | 32938k| 110.6 |  1232M | 109 | 302 | 106 | 612 |1724k|  3 |2473 |1043 |-5.020718e+00 |      --      |    Inf | unknown
 2509s|297900 |297901 | 32952k| 110.6 |  1232M | 109 | 302 | 105 | 556 |1724k|  3 |2473 |1043 |-5.020718e+00 |      --      |    Inf | unknown
 2510s|298000 |298001 | 32961k| 110.6 |  1232M | 109 | 302 | 105 | 466 |1725k|  3 |2473 |1043 |-5.020715e+00 |      --      |    Inf | unknown
 2513s|298100 |298101 | 32973k| 110.6 |  1232M | 109 | 302 | 103 | 437 |1726k|  5 |2474 |1044 |-5.020715e+00 |      --      |    Inf | unknown
 2514s|298200 |298201 | 32981k| 110.6 |  1232M | 109 | 302 | 102 | 420 |1726k|  2 |2474 |1044 |-5.020715e+00 |      --      |    Inf | unknown
 2514s|298300 |298301 | 32990k| 110.6 |  1233M | 109 | 302 | 102 | 559 |1727k|  2 |2474 |1044 |-5.020714e+00 |      --      |    Inf | unknown
 time | node  | left  |LP iter|LP it/n|mem/heur|mdpt |vars |cons |rows |cuts |sepa|confs|strbr|  dualbound   | primalbound  |  gap   | compl. 
 2515s|298400 |298401 | 33001k| 110.6 |  1234M | 109 | 302 | 102 | 527 |1727k|  2 |2474 |1044 |-5.020714e+00 |      --      |    Inf | unknown
 2515s|298500 |298501 | 33010k| 110.6 |  1234M | 109 | 302 | 102 | 526 |1728k|  4 |2474 |1044 |-5.020714e+00 |      --      |    Inf | unknown
 2516s|298600 |298601 | 33020k| 110.6 |  1234M | 109 | 302 | 103 | 460 |1729k|  3 |2475 |1044 |-5.020672e+00 |      --      |    Inf | unknown
 2516s|298700 |298701 | 33029k| 110.6 |  1234M | 109 | 302 | 103 | 376 |1729k|  2 |2476 |1044 |-5.020672e+00 |      --      |    Inf | unknown
 2516s|298800 |298801 | 33038k| 110.6 |  1234M | 109 | 302 | 103 | 530 |1730k|  2 |2476 |1044 |-5.020672e+00 |      --      |    Inf | unknown
 2530s|298900 |298901 | 33053k| 110.6 |  1235M | 109 | 302 | 103 | 535 |1730k|  3 |2476 |1044 |-5.020655e+00 |      --      |    Inf | unknown
 2530s|299000 |299001 | 33062k| 110.6 |  1235M | 109 | 302 | 104 | 464 |1731k|  4 |2477 |1044 |-5.020655e+00 |      --      |    Inf | unknown
 2531s|299100 |299101 | 33080k| 110.6 |  1235M | 109 | 302 | 103 | 389 |1731k|  2 |2478 |1044 |-5.020637e+00 |      --      |    Inf | unknown
 2532s|299200 |299201 | 33094k| 110.6 |  1236M | 109 | 302 | 102 | 603 |1732k|  3 |2478 |1044 |-5.020637e+00 |      --      |    Inf | unknown
 2533s|299300 |299301 | 33105k| 110.6 |  1236M | 109 | 302 | 101 | 524 |1732k|  2 |2478 |1044 |-5.020637e+00 |      --      |    Inf | unknown
 2533s|299400 |299401 | 33113k| 110.6 |  1236M | 109 | 302 | 102 | 474 |1733k|  2 |2479 |1044 |-5.020635e+00 |      --      |    Inf | unknown
 2534s|299500 |299501 | 33123k| 110.6 |  1236M | 109 | 302 | 102 | 492 |1734k|  2 |2479 |1044 |-5.020635e+00 |      --      |    Inf | unknown
 2534s|299600 |299601 | 33131k| 110.6 |  1237M | 109 | 302 | 102 | 370 |1734k|  2 |2479 |1045 |-5.020635e+00 |      --      |    Inf | unknown
 2534s|299700 |299701 | 33141k| 110.6 |  1237M | 109 | 302 | 103 | 567 |1735k|  3 |2480 |1045 |-5.020605e+00 |      --      |    Inf | unknown
 2535s|299800 |299801 | 33150k| 110.6 |  1237M | 109 | 302 | 103 | 557 |1735k|  3 |2480 |1045 |-5.020605e+00 |      --      |    Inf | unknown
 time | node  | left  |LP iter|LP it/n|mem/heur|mdpt |vars |cons |rows |cuts |sepa|confs|strbr|  dualbound   | primalbound  |  gap   | compl. 
 2535s|299900 |299901 | 33158k| 110.6 |  1237M | 109 | 302 | 105 | 550 |1736k|  1 |2482 |1045 |-5.020605e+00 |      --      |    Inf | unknown
 2536s|300000 |300001 | 33167k| 110.6 |  1238M | 109 | 302 | 106 | 407 |1737k|  3 |2483 |1045 |-5.020576e+00 |      --      |    Inf | unknown
 2536s|300100 |300101 | 33178k| 110.6 |  1238M | 109 | 302 | 107 | 361 |1737k|  2 |2485 |1045 |-5.020576e+00 |      --      |    Inf | unknown
 2537s|300200 |300201 | 33187k| 110.5 |  1238M | 109 | 302 | 107 | 559 |1738k|  4 |2485 |1046 |-5.020576e+00 |      --      |    Inf | unknown
 2537s|300300 |300301 | 33196k| 110.5 |  1239M | 109 | 302 | 108 | 479 |1738k|  2 |2486 |1046 |-5.020568e+00 |      --      |    Inf | unknown
 2538s|300400 |300401 | 33210k| 110.5 |  1239M | 109 | 302 | 105 | 480 |1739k|  3 |2487 |1046 |-5.020568e+00 |      --      |    Inf | unknown
 2550s|300500 |300501 | 33225k| 110.6 |  1239M | 109 | 302 | 102 | 382 |1740k|  2 |2487 |1046 |-5.020550e+00 |      --      |    Inf | unknown
 2551s|300600 |300601 | 33234k| 110.6 |  1239M | 109 | 302 | 103 | 579 |1740k|  2 |2488 |1046 |-5.020550e+00 |      --      |    Inf | unknown
 2551s|300700 |300701 | 33243k| 110.5 |  1239M | 109 | 302 | 104 | 571 |1741k|  3 |2489 |1046 |-5.020550e+00 |      --      |    Inf | unknown
 2551s|300800 |300801 | 33253k| 110.5 |  1240M | 109 | 302 | 104 | 466 |1741k|  3 |2490 |1046 |-5.020520e+00 |      --      |    Inf | unknown
 2552s|300900 |300901 | 33263k| 110.5 |  1240M | 109 | 302 | 107 | 446 |1742k|  3 |2493 |1046 |-5.020520e+00 |      --      |    Inf | unknown
 2552s|301000 |301001 | 33271k| 110.5 |  1240M | 109 | 302 | 108 | 446 |1742k|  4 |2494 |1046 |-5.020520e+00 |      --      |    Inf | unknown
 2552s|301100 |301101 | 33279k| 110.5 |  1241M | 109 | 302 | 108 | 564 |1743k|  3 |2494 |1046 |-5.020492e+00 |      --      |    Inf | unknown
 2553s|301200 |301201 | 33287k| 110.5 |  1242M | 109 | 302 | 108 | 503 |1744k|  3 |2494 |1047 |-5.020492e+00 |      --      |    Inf | unknown
 2554s|301300 |301301 | 33298k| 110.5 |  1242M | 109 | 302 | 106 | 529 |1744k|  2 |2494 |1047 |-5.020492e+00 |      --      |    Inf | unknown
 time | node  | left  |LP iter|LP it/n|mem/heur|mdpt |vars |cons |rows |cuts |sepa|confs|strbr|  dualbound   | primalbound  |  gap   | compl. 
 2554s|301400 |301401 | 33313k| 110.5 |  1242M | 109 | 302 | 102 | 445 |1745k|  2 |2495 |1047 |-5.020454e+00 |      --      |    Inf | unknown
 2555s|301500 |301501 | 33327k| 110.5 |  1242M | 109 | 302 | 101 | 424 |1745k|  3 |2495 |1047 |-5.020454e+00 |      --      |    Inf | unknown
 2555s|301600 |301601 | 33335k| 110.5 |  1243M | 109 | 302 | 101 | 570 |1746k|  2 |2495 |1047 |-5.020454e+00 |      --      |    Inf | unknown
 2556s|301700 |301701 | 33345k| 110.5 |  1243M | 109 | 302 | 104 | 525 |1746k|  3 |2498 |1047 |-5.020432e+00 |      --      |    Inf | unknown
 2556s|301800 |301801 | 33353k| 110.5 |  1243M | 109 | 302 | 104 | 501 |1747k|  2 |2498 |1047 |-5.020432e+00 |      --      |    Inf | unknown
 2557s|301900 |301901 | 33365k| 110.5 |  1243M | 109 | 302 | 104 | 392 |1748k|  2 |2498 |1047 |-5.020413e+00 |      --      |    Inf | unknown
 2557s|302000 |302001 | 33372k| 110.5 |  1243M | 109 | 302 | 104 | 624 |1748k|  4 |2498 |1047 |-5.020413e+00 |      --      |    Inf | unknown
 2558s|302100 |302101 | 33382k| 110.5 |  1244M | 109 | 302 | 103 | 540 |1749k|  3 |2498 |1047 |-5.020413e+00 |      --      |    Inf | unknown
 2558s|302200 |302201 | 33391k| 110.5 |  1244M | 109 | 302 | 102 | 458 |1749k|  2 |2499 |1047 |-5.020407e+00 |      --      |    Inf | unknown
 2560s|302300 |302301 | 33401k| 110.5 |  1246M | 109 | 302 | 104 | 519 |1750k|  2 |2501 |1047 |-5.020407e+00 |      --      |    Inf | unknown
 2560s|302400 |302401 | 33409k| 110.5 |  1246M | 109 | 302 | 104 | 398 |1750k|  2 |2501 |1047 |-5.020407e+00 |      --      |    Inf | unknown
 2561s|302500 |302501 | 33418k| 110.5 |  1246M | 109 | 302 | 104 | 563 |1751k|  5 |2501 |1047 |-5.020399e+00 |      --      |    Inf | unknown
 2563s|302600 |302601 | 33428k| 110.5 |  1246M | 109 | 302 | 105 | 488 |1752k|  3 |2502 |1047 |-5.020399e+00 |      --      |    Inf | unknown
 2563s|302700 |302701 | 33440k| 110.5 |  1247M | 109 | 302 | 102 | 507 |1752k|  4 |2502 |1047 |-5.020399e+00 |      --      |    Inf | unknown
 2564s|302800 |302801 | 33448k| 110.5 |  1249M | 109 | 302 | 104 | 490 |1753k|  2 |2504 |1047 |-5.020314e+00 |      --      |    Inf | unknown
 time | node  | left  |LP iter|LP it/n|mem/heur|mdpt |vars |cons |rows |cuts |sepa|confs|strbr|  dualbound   | primalbound  |  gap   | compl. 
 2567s|302900 |302901 | 33463k| 110.5 |  1250M | 109 | 302 | 104 | 421 |1753k|  2 |2505 |1047 |-5.020314e+00 |      --      |    Inf | unknown
 2567s|303000 |303001 | 33471k| 110.5 |  1250M | 109 | 302 | 104 | 543 |1754k|  2 |2505 |1047 |-5.020314e+00 |      --      |    Inf | unknown
 2568s|303100 |303101 | 33480k| 110.5 |  1251M | 109 | 302 | 104 | 517 |1755k|  2 |2505 |1047 |-5.020281e+00 |      --      |    Inf | unknown
 2569s|303200 |303201 | 33497k| 110.5 |  1252M | 109 | 302 | 102 | 472 |1755k|  4 |2506 |1047 |-5.020281e+00 |      --      |    Inf | unknown
 2569s|303300 |303301 | 33507k| 110.5 |  1252M | 109 | 302 | 103 | 389 |1756k|  2 |2507 |1047 |-5.020222e+00 |      --      |    Inf | unknown
 2582s|303400 |303401 | 33522k| 110.5 |  1252M | 109 | 302 | 102 | 587 |1757k|  2 |2507 |1047 |-5.020222e+00 |      --      |    Inf | unknown
 2583s|303500 |303501 | 33531k| 110.5 |  1252M | 109 | 302 | 104 | 577 |1757k|  3 |2509 |1047 |-5.020222e+00 |      --      |    Inf | unknown
 2583s|303600 |303601 | 33540k| 110.5 |  1252M | 109 | 302 | 105 | 509 |1758k|  3 |2510 |1047 |-5.020184e+00 |      --      |    Inf | unknown
 2584s|303700 |303701 | 33549k| 110.5 |  1252M | 109 | 302 | 106 | 405 |1758k|  2 |2511 |1047 |-5.020184e+00 |      --      |    Inf | unknown
 2584s|303800 |303801 | 33558k| 110.5 |  1253M | 109 | 302 | 106 | 396 |1759k|  4 |2512 |1047 |-5.020184e+00 |      --      |    Inf | unknown
 2584s|303900 |303901 | 33567k| 110.4 |  1253M | 109 | 302 | 106 | 574 |1759k|  2 |2512 |1047 |-5.020175e+00 |      --      |    Inf | unknown
 2585s|304000 |304001 | 33577k| 110.4 |  1255M | 109 | 302 | 107 | 522 |1760k|  2 |2513 |1047 |-5.020175e+00 |      --      |    Inf | unknown
 2586s|304100 |304101 | 33589k| 110.4 |  1255M | 109 | 302 | 103 | 482 |1761k|  2 |2513 |1047 |-5.020175e+00 |      --      |    Inf | unknown
 2586s|304200 |304201 | 33598k| 110.4 |  1255M | 109 | 302 | 104 | 377 |1761k|  1 |2514 |1047 |-5.020167e+00 |      --      |    Inf | unknown
 2587s|304300 |304301 | 33608k| 110.4 |  1255M | 109 | 302 | 102 | 401 |1762k|  1 |2514 |1047 |-5.020167e+00 |      --      |    Inf | unknown
 time | node  | left  |LP iter|LP it/n|mem/heur|mdpt |vars |cons |rows |cuts |sepa|confs|strbr|  dualbound   | primalbound  |  gap   | compl. 
 2587s|304400 |304401 | 33615k| 110.4 |  1255M | 109 | 302 | 103 | 602 |1762k|  3 |2515 |1047 |-5.020167e+00 |      --      |    Inf | unknown
 2587s|304500 |304501 | 33625k| 110.4 |  1255M | 109 | 302 | 104 | 474 |1763k|  2 |2516 |1047 |-5.020106e+00 |      --      |    Inf | unknown
 2588s|304600 |304601 | 33634k| 110.4 |  1256M | 109 | 302 | 104 | 497 |1763k|  2 |2516 |1047 |-5.020106e+00 |      --      |    Inf | unknown
 2588s|304700 |304701 | 33643k| 110.4 |  1257M | 109 | 302 | 104 | 372 |1764k|  1 |2517 |1047 |-5.020103e+00 |      --      |    Inf | unknown
 2589s|304800 |304801 | 33652k| 110.4 |  1257M | 109 | 302 | 105 | 559 |1765k|  2 |2518 |1047 |-5.020103e+00 |      --      |    Inf | unknown
 2589s|304900 |304901 | 33661k| 110.4 |  1257M | 109 | 302 | 105 | 585 |1765k|  3 |2518 |1047 |-5.020103e+00 |      --      |    Inf | unknown
 2590s|305000 |305001 | 33673k| 110.4 |  1257M | 109 | 302 | 103 | 475 |1766k|  3 |2518 |1047 |-5.020096e+00 |      --      |    Inf | unknown
 2603s|305100 |305101 | 33694k| 110.4 |  1258M | 109 | 302 | 101 | 438 |1766k|  1 |2518 |1047 |-5.020096e+00 |      --      |    Inf | unknown
 2603s|305200 |305201 | 33704k| 110.4 |  1259M | 109 | 302 | 103 | 340 |1767k|  2 |2520 |1047 |-5.020096e+00 |      --      |    Inf | unknown
 2603s|305300 |305301 | 33712k| 110.4 |  1260M | 109 | 302 | 103 | 549 |1768k|  2 |2520 |1047 |-5.020053e+00 |      --      |    Inf | unknown
 2604s|305400 |305401 | 33729k| 110.4 |  1260M | 109 | 302 | 103 | 546 |1768k|  3 |2520 |1047 |-5.020053e+00 |      --      |    Inf | unknown
 2605s|305500 |305501 | 33738k| 110.4 |  1260M | 109 | 302 | 104 | 470 |1769k|  4 |2521 |1047 |-5.020053e+00 |      --      |    Inf | unknown
 2605s|305600 |305601 | 33747k| 110.4 |  1260M | 109 | 302 | 104 | 446 |1769k|  2 |2521 |1047 |-5.020051e+00 |      --      |    Inf | unknown
 2605s|305700 |305701 | 33756k| 110.4 |  1261M | 109 | 302 | 104 | 372 |1770k|  2 |2521 |1047 |-5.020051e+00 |      --      |    Inf | unknown
 2606s|305800 |305801 | 33765k| 110.4 |  1261M | 109 | 302 | 104 | 556 |1771k|  2 |2522 |1047 |-5.020051e+00 |      --      |    Inf | unknown
 time | node  | left  |LP iter|LP it/n|mem/heur|mdpt |vars |cons |rows |cuts |sepa|confs|strbr|  dualbound   | primalbound  |  gap   | compl. 
 2606s|305900 |305901 | 33775k| 110.4 |  1261M | 109 | 302 | 103 | 537 |1771k|  3 |2522 |1047 |-5.020036e+00 |      --      |    Inf | unknown
 2607s|306000 |306001 | 33783k| 110.4 |  1262M | 109 | 302 | 103 | 470 |1772k|  4 |2522 |1047 |-5.020036e+00 |      --      |    Inf | unknown
 2607s|306100 |306101 | 33794k| 110.4 |  1263M | 109 | 302 | 104 | 392 |1773k|  2 |2524 |1047 |-5.020033e+00 |      --      |    Inf | unknown
 2608s|306200 |306201 | 33802k| 110.4 |  1263M | 109 | 302 | 104 | 589 |1773k|  2 |2524 |1047 |-5.020033e+00 |      --      |    Inf | unknown
 2608s|306300 |306301 | 33815k| 110.4 |  1264M | 109 | 302 | 103 | 555 |1774k|  2 |2524 |1047 |-5.020033e+00 |      --      |    Inf | unknown
 2609s|306400 |306401 | 33825k| 110.4 |  1265M | 109 | 302 | 102 | 492 |1774k|  2 |2524 |1047 |-5.019931e+00 |      --      |    Inf | unknown
 2609s|306500 |306501 | 33834k| 110.4 |  1265M | 109 | 302 | 102 | 427 |1775k|  2 |2524 |1047 |-5.019931e+00 |      --      |    Inf | unknown
 2610s|306600 |306601 | 33844k| 110.4 |  1266M | 109 | 302 | 104 | 392 |1776k|  2 |2527 |1047 |-5.019931e+00 |      --      |    Inf | unknown
 2610s|306700 |306701 | 33854k| 110.4 |  1266M | 109 | 302 | 105 | 557 |1776k|  1 |2528 |1047 |-5.019928e+00 |      --      |    Inf | unknown
 2611s|306800 |306801 | 33862k| 110.4 |  1266M | 109 | 302 | 106 | 553 |1777k|  3 |2529 |1047 |-5.019928e+00 |      --      |    Inf | unknown
 2613s|306900 |306901 | 33873k| 110.4 |  1267M | 109 | 302 | 107 | 547 |1777k|  3 |2530 |1047 |-5.019928e+00 |      --      |    Inf | unknown
 2613s|307000 |307001 | 33881k| 110.4 |  1267M | 109 | 302 | 107 | 425 |1778k|  2 |2530 |1047 |-5.019902e+00 |      --      |    Inf | unknown
 2613s|307100 |307101 | 33890k| 110.3 |  1267M | 109 | 302 | 104 | 308 |1779k|  1 |2530 |1047 |-5.019902e+00 |      --      |    Inf | unknown
 2614s|307200 |307201 | 33904k| 110.4 |  1267M | 109 | 302 | 103 | 589 |1779k|  2 |2530 |1047 |-5.019902e+00 |      --      |    Inf | unknown
 2616s|307300 |307301 | 33916k| 110.4 |  1267M | 109 | 302 | 104 | 518 |1780k|  3 |2533 |1047 |-5.019888e+00 |      --      |    Inf | unknown
 time | node  | left  |LP iter|LP it/n|mem/heur|mdpt |vars |cons |rows |cuts |sepa|confs|strbr|  dualbound   | primalbound  |  gap   | compl. 
 2617s|307400 |307401 | 33934k| 110.4 |  1268M | 109 | 302 | 102 | 497 |1781k|  3 |2533 |1047 |-5.019888e+00 |      --      |    Inf | unknown
 2623s|307500 |307501 | 33947k| 110.4 |  1269M | 109 | 302 | 104 | 403 |1781k|  3 |2535 |1047 |-5.019826e+00 |      --      |    Inf | unknown
 2623s|307600 |307601 | 33956k| 110.4 |  1270M | 109 | 302 | 104 | 609 |1782k|  3 |2536 |1047 |-5.019826e+00 |      --      |    Inf | unknown
 2624s|307700 |307701 | 33967k| 110.4 |  1270M | 109 | 302 | 105 | 549 |1783k|  2 |2537 |1047 |-5.019826e+00 |      --      |    Inf | unknown
 2624s|307800 |307801 | 33976k| 110.4 |  1270M | 109 | 302 | 106 | 493 |1783k|  3 |2538 |1047 |-5.019822e+00 |      --      |    Inf | unknown
 2624s|307900 |307901 | 33985k| 110.4 |  1270M | 109 | 302 | 107 | 490 |1784k|  2 |2540 |1047 |-5.019822e+00 |      --      |    Inf | unknown
 2625s|308000 |308001 | 33994k| 110.4 |  1270M | 109 | 302 | 108 | 436 |1784k|  2 |2541 |1047 |-5.019822e+00 |      --      |    Inf | unknown
 2625s|308100 |308101 | 34002k| 110.4 |  1270M | 109 | 302 | 107 | 588 |1785k|  3 |2542 |1047 |-5.019809e+00 |      --      |    Inf | unknown
 2626s|308200 |308201 | 34012k| 110.4 |  1271M | 109 | 302 | 107 | 534 |1786k|  2 |2542 |1047 |-5.019809e+00 |      --      |    Inf | unknown
 2626s|308300 |308301 | 34025k| 110.4 |  1272M | 109 | 302 | 104 | 478 |1786k|  2 |2542 |1047 |-5.019809e+00 |      --      |    Inf | unknown
 2640s|308400 |308401 | 34044k| 110.4 |  1272M | 109 | 302 | 102 | 442 |1787k|  1 |2543 |1047 |-5.019807e+00 |      --      |    Inf | unknown
 2641s|308500 |308501 | 34054k| 110.4 |  1272M | 109 | 302 | 104 | 394 |1787k|  2 |2545 |1047 |-5.019807e+00 |      --      |    Inf | unknown
 2641s|308600 |308601 | 34062k| 110.4 |  1272M | 109 | 302 | 104 | 569 |1788k|  2 |2545 |1047 |-5.019807e+00 |      --      |    Inf | unknown
 2642s|308700 |308701 | 34072k| 110.4 |  1272M | 109 | 302 | 107 | 520 |1789k|  2 |2548 |1047 |-5.019805e+00 |      --      |    Inf | unknown
 2642s|308800 |308801 | 34082k| 110.4 |  1272M | 109 | 302 | 108 | 472 |1789k|  4 |2549 |1047 |-5.019805e+00 |      --      |    Inf | unknown
 time | node  | left  |LP iter|LP it/n|mem/heur|mdpt |vars |cons |rows |cuts |sepa|confs|strbr|  dualbound   | primalbound  |  gap   | compl. 
 2643s|308900 |308901 | 34091k| 110.4 |  1272M | 109 | 302 | 109 | 368 |1790k|  4 |2550 |1047 |-5.019798e+00 |      --      |    Inf | unknown
 2643s|309000 |309001 | 34100k| 110.3 |  1273M | 109 | 302 | 109 | 563 |1790k|  2 |2550 |1047 |-5.019798e+00 |      --      |    Inf | unknown
 2643s|309100 |309101 | 34109k| 110.3 |  1274M | 109 | 302 | 110 | 554 |1791k|  2 |2551 |1047 |-5.019798e+00 |      --      |    Inf | unknown
 2644s|309200 |309201 | 34121k| 110.3 |  1275M | 109 | 302 | 104 | 453 |1792k|  2 |2551 |1047 |-5.019781e+00 |      --      |    Inf | unknown
 2644s|309300 |309301 | 34130k| 110.3 |  1275M | 109 | 302 | 105 | 497 |1792k|  2 |2552 |1047 |-5.019781e+00 |      --      |    Inf | unknown
 2646s|309400 |309401 | 34153k| 110.4 |  1276M | 109 | 302 | 101 | 449 |1793k|  3 |2552 |1047 |-5.019781e+00 |      --      |    Inf | unknown
 2646s|309500 |309501 | 34162k| 110.4 |  1276M | 109 | 302 | 101 | 590 |1793k|  2 |2552 |1047 |-5.019759e+00 |      --      |    Inf | unknown
 2646s|309600 |309601 | 34171k| 110.4 |  1276M | 109 | 302 | 101 | 541 |1794k|  4 |2552 |1047 |-5.019759e+00 |      --      |    Inf | unknown
 2647s|309700 |309701 | 34181k| 110.4 |  1277M | 109 | 302 | 101 | 468 |1795k|  2 |2552 |1047 |-5.019759e+00 |      --      |    Inf | unknown
 2647s|309800 |309801 | 34190k| 110.4 |  1278M | 109 | 302 | 103 | 454 |1795k|  3 |2554 |1047 |-5.019748e+00 |      --      |    Inf | unknown
 2648s|309900 |309901 | 34201k| 110.4 |  1278M | 109 | 302 | 103 | 324 |1796k|  2 |2554 |1047 |-5.019748e+00 |      --      |    Inf | unknown
 2648s|310000 |310001 | 34210k| 110.3 |  1278M | 109 | 302 | 103 | 546 |1796k|  4 |2554 |1047 |-5.019748e+00 |      --      |    Inf | unknown
 2649s|310100 |310101 | 34219k| 110.3 |  1278M | 109 | 302 | 103 | 523 |1797k|  2 |2554 |1047 |-5.019742e+00 |      --      |    Inf | unknown
 2662s|310200 |310201 | 34235k| 110.4 |  1278M | 109 | 302 | 101 | 475 |1798k|  3 |2554 |1047 |-5.019742e+00 |      --      |    Inf | unknown
 2662s|310300 |310301 | 34243k| 110.3 |  1280M | 109 | 302 | 102 | 385 |1798k|  2 |2555 |1047 |-5.019725e+00 |      --      |    Inf | unknown
 time | node  | left  |LP iter|LP it/n|mem/heur|mdpt |vars |cons |rows |cuts |sepa|confs|strbr|  dualbound   | primalbound  |  gap   | compl. 
 2663s|310400 |310401 | 34251k| 110.3 |  1280M | 109 | 302 | 102 | 636 |1799k|  2 |2555 |1047 |-5.019725e+00 |      --      |    Inf | unknown
 2663s|310500 |310501 | 34260k| 110.3 |  1280M | 109 | 302 | 103 | 580 |1800k|  4 |2556 |1047 |-5.019725e+00 |      --      |    Inf | unknown
 2664s|310600 |310601 | 34271k| 110.3 |  1281M | 109 | 302 | 104 | 486 |1800k|  3 |2557 |1048 |-5.019714e+00 |      --      |    Inf | unknown
 2664s|310700 |310701 | 34279k| 110.3 |  1281M | 109 | 302 | 105 | 502 |1801k|  2 |2558 |1048 |-5.019714e+00 |      --      |    Inf | unknown
 2665s|310800 |310801 | 34293k| 110.3 |  1281M | 109 | 302 | 103 | 469 |1801k|  3 |2558 |1048 |-5.019714e+00 |      --      |    Inf | unknown
 2665s|310900 |310901 | 34301k| 110.3 |  1282M | 109 | 302 | 103 | 553 |1802k|  2 |2558 |1048 |-5.019710e+00 |      --      |    Inf | unknown
 2665s|311000 |311001 | 34309k| 110.3 |  1283M | 109 | 302 | 104 | 555 |1802k|  3 |2560 |1048 |-5.019710e+00 |      --      |    Inf | unknown
 2666s|311100 |311101 | 34317k| 110.3 |  1283M | 109 | 302 | 104 | 497 |1803k|  2 |2560 |1048 |-5.019710e+00 |      --      |    Inf | unknown
 2666s|311200 |311201 | 34329k| 110.3 |  1283M | 109 | 302 | 104 | 454 |1803k|  2 |2561 |1048 |-5.019702e+00 |      --      |    Inf | unknown
 2667s|311300 |311301 | 34338k| 110.3 |  1283M | 109 | 302 | 104 | 305 |1804k|  4 |2561 |1048 |-5.019702e+00 |      --      |    Inf | unknown
 2667s|311400 |311401 | 34346k| 110.3 |  1284M | 109 | 302 | 104 | 581 |1805k|  2 |2561 |1048 |-5.019702e+00 |      --      |    Inf | unknown
 2668s|311500 |311501 | 34364k| 110.3 |  1285M | 109 | 302 | 103 | 589 |1805k|  2 |2562 |1048 |-5.019698e+00 |      --      |    Inf | unknown
 2668s|311600 |311601 | 34372k| 110.3 |  1285M | 109 | 302 | 104 | 471 |1806k|  2 |2563 |1048 |-5.019698e+00 |      --      |    Inf | unknown
 2669s|311700 |311701 | 34381k| 110.3 |  1285M | 109 | 302 | 105 | 373 |1806k|  2 |2564 |1048 |-5.019688e+00 |      --      |    Inf | unknown
 2669s|311800 |311801 | 34390k| 110.3 |  1285M | 109 | 302 | 105 | 612 |1807k|  2 |2564 |1049 |-5.019688e+00 |      --      |    Inf | unknown
 time | node  | left  |LP iter|LP it/n|mem/heur|mdpt |vars |cons |rows |cuts |sepa|confs|strbr|  dualbound   | primalbound  |  gap   | compl. 
 2669s|311900 |311901 | 34399k| 110.3 |  1285M | 109 | 302 | 105 | 593 |1808k|  2 |2564 |1049 |-5.019688e+00 |      --      |    Inf | unknown
 2672s|312000 |312001 | 34411k| 110.3 |  1285M | 109 | 302 | 104 | 458 |1808k|  2 |2565 |1049 |-5.019678e+00 |      --      |    Inf | unknown
 2672s|312100 |312101 | 34422k| 110.3 |  1286M | 109 | 302 | 101 | 461 |1809k|  3 |2565 |1049 |-5.019678e+00 |      --      |    Inf | unknown
 2673s|312200 |312201 | 34431k| 110.3 |  1286M | 109 | 302 | 101 | 367 |1809k|  2 |2565 |1049 |-5.019678e+00 |      --      |    Inf | unknown
 2674s|312300 |312301 | 34440k| 110.3 |  1287M | 109 | 302 | 102 | 542 |1810k|  2 |2566 |1050 |-5.019667e+00 |      --      |    Inf | unknown
 2675s|312400 |312401 | 34450k| 110.3 |  1287M | 109 | 302 | 103 | 533 |1810k|  3 |2567 |1050 |-5.019667e+00 |      --      |    Inf | unknown
 2675s|312500 |312501 | 34458k| 110.3 |  1287M | 109 | 302 | 103 | 526 |1811k|  2 |2567 |1050 |-5.019667e+00 |      --      |    Inf | unknown
 2678s|312600 |312601 | 34468k| 110.3 |  1289M | 109 | 302 | 104 | 421 |1812k|  2 |2568 |1050 |-5.019659e+00 |      --      |    Inf | unknown
 2679s|312700 |312701 | 34477k| 110.2 |  1289M | 109 | 302 | 105 | 384 |1812k|  4 |2569 |1050 |-5.019659e+00 |      --      |    Inf | unknown
 2679s|312800 |312801 | 34486k| 110.2 |  1289M | 109 | 302 | 106 | 558 |1813k|  3 |2570 |1050 |-5.019659e+00 |      --      |    Inf | unknown
 2680s|312900 |312901 | 34499k| 110.3 |  1292M | 109 | 302 | 105 | 542 |1813k|  2 |2570 |1051 |-5.019652e+00 |      --      |    Inf | unknown
 2680s|313000 |313001 | 34511k| 110.3 |  1292M | 109 | 302 | 103 | 488 |1814k|  3 |2572 |1051 |-5.019652e+00 |      --      |    Inf | unknown
 2681s|313100 |313101 | 34520k| 110.2 |  1292M | 109 | 302 | 104 | 389 |1815k|  3 |2573 |1051 |-5.019648e+00 |      --      |    Inf | unknown
 2681s|313200 |313201 | 34529k| 110.2 |  1292M | 109 | 302 | 104 | 603 |1815k|  2 |2573 |1051 |-5.019648e+00 |      --      |    Inf | unknown
 2695s|313300 |313301 | 34545k| 110.3 |  1292M | 109 | 302 | 104 | 552 |1816k|  1 |2573 |1051 |-5.019648e+00 |      --      |    Inf | unknown
 time | node  | left  |LP iter|LP it/n|mem/heur|mdpt |vars |cons |rows |cuts |sepa|confs|strbr|  dualbound   | primalbound  |  gap   | compl. 
 2696s|313400 |313401 | 34555k| 110.3 |  1292M | 109 | 302 | 104 | 475 |1816k|  1 |2574 |1051 |-5.019642e+00 |      --      |    Inf | unknown
 2697s|313500 |313501 | 34571k| 110.3 |  1292M | 109 | 302 | 102 | 472 |1817k|  2 |2574 |1052 |-5.019642e+00 |      --      |    Inf | unknown
 2697s|313600 |313601 | 34580k| 110.3 |  1292M | 109 | 302 | 102 | 393 |1817k|  2 |2575 |1052 |-5.019642e+00 |      --      |    Inf | unknown
 2698s|313700 |313701 | 34590k| 110.3 |  1293M | 109 | 302 | 102 | 574 |1818k|  3 |2575 |1052 |-5.019640e+00 |      --      |    Inf | unknown
 2698s|313800 |313801 | 34599k| 110.3 |  1293M | 109 | 302 | 103 | 551 |1819k|  3 |2576 |1052 |-5.019640e+00 |      --      |    Inf | unknown
 2699s|313900 |313901 | 34613k| 110.3 |  1293M | 109 | 302 | 104 | 477 |1819k|  4 |2577 |1052 |-5.019640e+00 |      --      |    Inf | unknown
 2699s|314000 |314001 | 34623k| 110.3 |  1294M | 109 | 302 | 103 | 461 |1820k|  3 |2577 |1052 |-5.019639e+00 |      --      |    Inf | unknown
 2700s|314100 |314101 | 34631k| 110.2 |  1294M | 109 | 302 | 102 | 445 |1820k|  2 |2577 |1052 |-5.019639e+00 |      --      |    Inf | unknown
 2700s|314200 |314201 | 34640k| 110.2 |  1294M | 109 | 302 | 103 | 596 |1821k|  2 |2578 |1052 |-5.019639e+00 |      --      |    Inf | unknown
 2700s|314300 |314301 | 34649k| 110.2 |  1294M | 109 | 302 | 104 | 518 |1821k|  3 |2579 |1052 |-5.019613e+00 |      --      |    Inf | unknown
 2701s|314400 |314401 | 34658k| 110.2 |  1294M | 109 | 302 | 104 | 438 |1822k|  2 |2580 |1052 |-5.019613e+00 |      --      |    Inf | unknown
 2701s|314500 |314501 | 34667k| 110.2 |  1295M | 109 | 302 | 104 | 377 |1823k|  2 |2580 |1052 |-5.019604e+00 |      --      |    Inf | unknown
 2701s|314600 |314601 | 34675k| 110.2 |  1295M | 109 | 302 | 104 | 632 |1823k|  2 |2580 |1052 |-5.019604e+00 |      --      |    Inf | unknown
 2702s|314700 |314701 | 34686k| 110.2 |  1295M | 109 | 302 | 106 | 565 |1824k|  2 |2582 |1052 |-5.019604e+00 |      --      |    Inf | unknown
 2702s|314800 |314801 | 34694k| 110.2 |  1295M | 109 | 302 | 106 | 482 |1824k|  1 |2582 |1052 |-5.019591e+00 |      --      |    Inf | unknown
 time | node  | left  |LP iter|LP it/n|mem/heur|mdpt |vars |cons |rows |cuts |sepa|confs|strbr|  dualbound   | primalbound  |  gap   | compl. 
 2703s|314900 |314901 | 34705k| 110.2 |  1296M | 109 | 302 | 106 | 457 |1825k|  4 |2583 |1052 |-5.019591e+00 |      --      |    Inf | unknown
 2703s|315000 |315001 | 34713k| 110.2 |  1296M | 109 | 302 | 106 | 435 |1825k|  2 |2583 |1052 |-5.019591e+00 |      --      |    Inf | unknown
 2704s|315100 |315101 | 34727k| 110.2 |  1296M | 109 | 302 | 103 | 598 |1826k|  2 |2583 |1052 |-5.019585e+00 |      --      |    Inf | unknown
 2716s|315200 |315201 | 34744k| 110.2 |  1297M | 109 | 302 | 104 | 569 |1827k|  2 |2586 |1052 |-5.019585e+00 |      --      |    Inf | unknown
 2717s|315300 |315301 | 34752k| 110.2 |  1297M | 109 | 302 | 104 | 530 |1827k|  2 |2586 |1052 |-5.019585e+00 |      --      |    Inf | unknown
 2717s|315400 |315401 | 34762k| 110.2 |  1297M | 109 | 302 | 105 | 429 |1828k|  2 |2587 |1052 |-5.019547e+00 |      --      |    Inf | unknown
 2718s|315500 |315501 | 34772k| 110.2 |  1299M | 109 | 302 | 106 | 405 |1828k|  2 |2588 |1052 |-5.019547e+00 |      --      |    Inf | unknown
 2718s|315600 |315601 | 34780k| 110.2 |  1299M | 109 | 302 | 106 | 594 |1829k|  2 |2588 |1052 |-5.019547e+00 |      --      |    Inf | unknown
 2718s|315700 |315701 | 34789k| 110.2 |  1299M | 109 | 302 | 108 | 562 |1830k|  2 |2590 |1053 |-5.019535e+00 |      --      |    Inf | unknown
 2719s|315800 |315801 | 34807k| 110.2 |  1299M | 109 | 302 | 105 | 457 |1830k|  3 |2590 |1053 |-5.019535e+00 |      --      |    Inf | unknown
 2720s|315900 |315901 | 34816k| 110.2 |  1300M | 109 | 302 | 104 | 401 |1831k|  4 |2591 |1053 |-5.019507e+00 |      --      |    Inf | unknown
 2720s|316000 |316001 | 34826k| 110.2 |  1301M | 109 | 302 | 105 | 612 |1831k|  4 |2592 |1053 |-5.019507e+00 |      --      |    Inf | unknown
 2721s|316100 |316101 | 34835k| 110.2 |  1303M | 109 | 302 | 106 | 563 |1832k|  2 |2593 |1053 |-5.019507e+00 |      --      |    Inf | unknown
 2721s|316200 |316201 | 34845k| 110.2 |  1303M | 109 | 302 | 106 | 464 |1833k|  2 |2595 |1053 |-5.019506e+00 |      --      |    Inf | unknown
 2722s|316300 |316301 | 34855k| 110.2 |  1303M | 109 | 302 | 106 | 413 |1833k|  3 |2595 |1053 |-5.019506e+00 |      --      |    Inf | unknown
 time | node  | left  |LP iter|LP it/n|mem/heur|mdpt |vars |cons |rows |cuts |sepa|confs|strbr|  dualbound   | primalbound  |  gap   | compl. 
 2722s|316400 |316401 | 34868k| 110.2 |  1303M | 109 | 302 | 101 | 404 |1834k|  2 |2595 |1053 |-5.019506e+00 |      --      |    Inf | unknown
 2723s|316500 |316501 | 34877k| 110.2 |  1303M | 109 | 302 | 101 | 532 |1834k|  1 |2595 |1053 |-5.019467e+00 |      --      |    Inf | unknown
 2723s|316600 |316601 | 34885k| 110.2 |  1303M | 109 | 302 | 101 | 571 |1835k|  2 |2595 |1053 |-5.019467e+00 |      --      |    Inf | unknown
 2724s|316700 |316701 | 34893k| 110.2 |  1303M | 109 | 302 | 102 | 493 |1835k|  2 |2596 |1053 |-5.019467e+00 |      --      |    Inf | unknown
 2726s|316800 |316801 | 34904k| 110.2 |  1305M | 109 | 302 | 103 | 410 |1836k|  4 |2597 |1053 |-5.019456e+00 |      --      |    Inf | unknown
 2726s|316900 |316901 | 34913k| 110.2 |  1305M | 109 | 302 | 104 | 358 |1837k|  2 |2598 |1053 |-5.019456e+00 |      --      |    Inf | unknown
 2726s|317000 |317001 | 34922k| 110.2 |  1305M | 109 | 302 | 105 | 625 |1837k|  2 |2599 |1054 |-5.019456e+00 |      --      |    Inf | unknown
 2727s|317100 |317101 | 34930k| 110.1 |  1305M | 109 | 302 | 105 | 497 |1838k|  3 |2599 |1054 |-5.019359e+00 |      --      |    Inf | unknown
 2728s|317200 |317201 | 34940k| 110.1 |  1305M | 109 | 302 | 108 | 509 |1839k|  2 |2602 |1054 |-5.019359e+00 |      --      |    Inf | unknown
 2729s|317300 |317301 | 34954k| 110.2 |  1305M | 109 | 302 | 107 | 355 |1839k|  4 |2603 |1054 |-5.019357e+00 |      --      |    Inf | unknown
 2730s|317400 |317401 | 34967k| 110.2 |  1306M | 109 | 302 | 101 | 605 |1840k|  3 |2603 |1054 |-5.019357e+00 |      --      |    Inf | unknown
 2734s|317500 |317501 | 34978k| 110.2 |  1307M | 109 | 302 | 102 | 543 |1840k|  2 |2604 |1054 |-5.019357e+00 |      --      |    Inf | unknown
 2735s|317600 |317601 | 34988k| 110.2 |  1308M | 109 | 302 | 102 | 520 |1841k|  4 |2604 |1054 |-5.019356e+00 |      --      |    Inf | unknown
 2735s|317700 |317701 | 34997k| 110.2 |  1308M | 109 | 302 | 104 | 472 |1842k|  3 |2606 |1054 |-5.019356e+00 |      --      |    Inf | unknown
 2735s|317800 |317801 | 35007k| 110.1 |  1308M | 109 | 302 | 105 | 417 |1842k|  2 |2607 |1054 |-5.019356e+00 |      --      |    Inf | unknown
 time | node  | left  |LP iter|LP it/n|mem/heur|mdpt |vars |cons |rows |cuts |sepa|confs|strbr|  dualbound   | primalbound  |  gap   | compl. 
 2736s|317900 |317901 | 35015k| 110.1 |  1308M | 109 | 302 | 105 | 560 |1843k|  2 |2607 |1054 |-5.019335e+00 |      --      |    Inf | unknown
 2737s|318000 |318001 | 35031k| 110.2 |  1309M | 109 | 302 | 105 | 492 |1843k|  2 |2608 |1054 |-5.019335e+00 |      --      |    Inf | unknown
 2737s|318100 |318101 | 35039k| 110.1 |  1309M | 109 | 302 | 104 | 517 |1844k|  2 |2608 |1054 |-5.019335e+00 |      --      |    Inf | unknown
 2738s|318200 |318201 | 35048k| 110.1 |  1309M | 109 | 302 | 105 | 466 |1844k|  2 |2610 |1054 |-5.019304e+00 |      --      |    Inf | unknown
 2752s|318300 |318301 | 35066k| 110.2 |  1310M | 109 | 302 | 101 | 429 |1845k|  2 |2610 |1054 |-5.019304e+00 |      --      |    Inf | unknown
 2753s|318400 |318401 | 35073k| 110.1 |  1310M | 109 | 302 | 101 | 530 |1845k|  1 |2610 |1054 |-5.019304e+00 |      --      |    Inf | unknown
 2753s|318500 |318501 | 35085k| 110.2 |  1310M | 109 | 302 | 101 | 534 |1846k|  2 |2610 |1054 |-5.019299e+00 |      --      |    Inf | unknown
 2754s|318600 |318601 | 35094k| 110.1 |  1310M | 109 | 302 | 101 | 466 |1846k|  2 |2610 |1054 |-5.019299e+00 |      --      |    Inf | unknown
 2754s|318700 |318701 | 35103k| 110.1 |  1310M | 109 | 302 | 103 | 375 |1847k|  3 |2612 |1054 |-5.019291e+00 |      --      |    Inf | unknown
 2754s|318800 |318801 | 35111k| 110.1 |  1310M | 109 | 302 | 103 | 634 |1847k|  2 |2612 |1054 |-5.019291e+00 |      --      |    Inf | unknown
 2755s|318900 |318901 | 35120k| 110.1 |  1311M | 109 | 302 | 103 | 557 |1848k|  3 |2612 |1055 |-5.019291e+00 |      --      |    Inf | unknown
 2755s|319000 |319001 | 35128k| 110.1 |  1311M | 109 | 302 | 104 | 447 |1849k|  2 |2613 |1055 |-5.019279e+00 |      --      |    Inf | unknown
 2756s|319100 |319101 | 35138k| 110.1 |  1312M | 109 | 302 | 105 | 488 |1849k|  3 |2614 |1055 |-5.019279e+00 |      --      |    Inf | unknown
 2756s|319200 |319201 | 35148k| 110.1 |  1312M | 109 | 302 | 106 | 419 |1850k|  2 |2615 |1055 |-5.019279e+00 |      --      |    Inf | unknown
 2756s|319300 |319301 | 35157k| 110.1 |  1312M | 109 | 302 | 106 | 577 |1850k|  2 |2615 |1055 |-5.019241e+00 |      --      |    Inf | unknown
 time | node  | left  |LP iter|LP it/n|mem/heur|mdpt |vars |cons |rows |cuts |sepa|confs|strbr|  dualbound   | primalbound  |  gap   | compl. 
 2757s|319400 |319401 | 35166k| 110.1 |  1313M | 109 | 302 | 106 | 558 |1851k|  4 |2615 |1055 |-5.019241e+00 |      --      |    Inf | unknown
 2757s|319500 |319501 | 35177k| 110.1 |  1313M | 109 | 302 | 104 | 523 |1852k|  2 |2615 |1055 |-5.019241e+00 |      --      |    Inf | unknown
 2758s|319600 |319601 | 35189k| 110.1 |  1313M | 109 | 302 | 106 | 412 |1852k|  5 |2618 |1055 |-5.019218e+00 |      --      |    Inf | unknown
 2759s|319700 |319701 | 35200k| 110.1 |  1313M | 109 | 302 | 104 | 409 |1853k|  2 |2618 |1055 |-5.019218e+00 |      --      |    Inf | unknown
 2760s|319800 |319801 | 35217k| 110.1 |  1313M | 109 | 302 | 101 | 578 |1853k|  2 |2618 |1055 |-5.019218e+00 |      --      |    Inf | unknown
 2760s|319900 |319901 | 35225k| 110.1 |  1314M | 109 | 302 | 103 | 504 |1854k|  2 |2620 |1055 |-5.019202e+00 |      --      |    Inf | unknown
 2760s|320000 |320001 | 35233k| 110.1 |  1316M | 109 | 302 | 103 | 517 |1854k|  4 |2620 |1055 |-5.019202e+00 |      --      |    Inf | unknown
 2773s|320100 |320101 | 35249k| 110.1 |  1316M | 109 | 302 | 103 | 376 |1855k|  1 |2620 |1055 |-5.019201e+00 |      --      |    Inf | unknown
 2774s|320200 |320201 | 35257k| 110.1 |  1316M | 109 | 302 | 103 | 573 |1855k|  2 |2620 |1055 |-5.019201e+00 |      --      |    Inf | unknown
 2774s|320300 |320301 | 35267k| 110.1 |  1316M | 109 | 302 | 101 | 569 |1856k|  2 |2620 |1055 |-5.019201e+00 |      --      |    Inf | unknown
 2774s|320400 |320401 | 35276k| 110.1 |  1316M | 109 | 302 | 101 | 462 |1857k|  4 |2620 |1055 |-5.019185e+00 |      --      |    Inf | unknown
 2775s|320500 |320501 | 35286k| 110.1 |  1318M | 109 | 302 | 102 | 452 |1857k|  4 |2621 |1055 |-5.019185e+00 |      --      |    Inf | unknown
 2775s|320600 |320601 | 35297k| 110.1 |  1318M | 109 | 302 | 103 | 402 |1858k|  4 |2622 |1055 |-5.019185e+00 |      --      |    Inf | unknown
 2776s|320700 |320701 | 35304k| 110.1 |  1320M | 109 | 302 | 103 | 573 |1858k|  5 |2622 |1056 |-5.019164e+00 |      --      |    Inf | unknown
 2777s|320800 |320801 | 35317k| 110.1 |  1320M | 109 | 302 | 102 | 521 |1859k|  2 |2622 |1056 |-5.019164e+00 |      --      |    Inf | unknown
 time | node  | left  |LP iter|LP it/n|mem/heur|mdpt |vars |cons |rows |cuts |sepa|confs|strbr|  dualbound   | primalbound  |  gap   | compl. 
 2777s|320900 |320901 | 35326k| 110.1 |  1320M | 109 | 302 | 102 | 525 |1859k|  2 |2622 |1056 |-5.019164e+00 |      --      |    Inf | unknown
 2777s|321000 |321001 | 35336k| 110.1 |  1320M | 109 | 302 | 102 | 432 |1860k|  2 |2623 |1056 |-5.019157e+00 |      --      |    Inf | unknown
 2778s|321100 |321101 | 35344k| 110.1 |  1320M | 109 | 302 | 102 | 435 |1861k|  2 |2623 |1056 |-5.019157e+00 |      --      |    Inf | unknown
 2778s|321200 |321201 | 35353k| 110.1 |  1320M | 109 | 302 | 104 | 543 |1861k|  2 |2625 |1056 |-5.019157e+00 |      --      |    Inf | unknown
 2779s|321300 |321301 | 35364k| 110.1 |  1320M | 109 | 302 | 106 | 523 |1862k|  2 |2627 |1057 |-5.019141e+00 |      --      |    Inf | unknown
 2779s|321400 |321401 | 35372k| 110.1 |  1320M | 109 | 302 | 107 | 450 |1862k|  4 |2628 |1057 |-5.019141e+00 |      --      |    Inf | unknown
 2779s|321500 |321501 | 35381k| 110.0 |  1321M | 109 | 302 | 107 | 386 |1863k|  4 |2628 |1057 |-5.019125e+00 |      --      |    Inf | unknown
 2780s|321600 |321601 | 35389k| 110.0 |  1321M | 109 | 302 | 107 | 618 |1863k|  2 |2628 |1057 |-5.019125e+00 |      --      |    Inf | unknown
 2780s|321700 |321701 | 35397k| 110.0 |  1322M | 109 | 302 | 108 | 571 |1864k|  1 |2629 |1057 |-5.019125e+00 |      --      |    Inf | unknown
 2781s|321800 |321801 | 35407k| 110.0 |  1322M | 109 | 302 | 108 | 485 |1865k|  2 |2630 |1057 |-5.019104e+00 |      --      |    Inf | unknown
 2783s|321900 |321901 | 35417k| 110.0 |  1322M | 109 | 302 | 109 | 442 |1865k|  3 |2633 |1058 |-5.019104e+00 |      --      |    Inf | unknown
 2783s|322000 |322001 | 35431k| 110.0 |  1323M | 109 | 302 | 106 | 431 |1866k|  5 |2633 |1058 |-5.019104e+00 |      --      |    Inf | unknown
 2784s|322100 |322101 | 35447k| 110.0 |  1323M | 109 | 302 | 101 | 559 |1866k|  2 |2633 |1058 |-5.019099e+00 |      --      |    Inf | unknown
 2785s|322200 |322201 | 35456k| 110.0 |  1323M | 109 | 302 | 101 | 597 |1867k|  2 |2633 |1058 |-5.019099e+00 |      --      |    Inf | unknown
 2787s|322300 |322301 | 35467k| 110.0 |  1324M | 109 | 302 | 102 | 497 |1867k|  4 |2634 |1058 |-5.019099e+00 |      --      |    Inf | unknown
 time | node  | left  |LP iter|LP it/n|mem/heur|mdpt |vars |cons |rows |cuts |sepa|confs|strbr|  dualbound   | primalbound  |  gap   | compl. 
 2787s|322400 |322401 | 35476k| 110.0 |  1324M | 109 | 302 | 103 | 393 |1868k|  2 |2635 |1058 |-5.019044e+00 |      --      |    Inf | unknown
 2787s|322500 |322501 | 35484k| 110.0 |  1324M | 109 | 302 | 103 | 411 |1868k|  4 |2635 |1058 |-5.019044e+00 |      --      |    Inf | unknown
 2791s|322600 |322601 | 35494k| 110.0 |  1324M | 109 | 302 | 105 | 533 |1869k|  4 |2637 |1058 |-5.019044e+00 |      --      |    Inf | unknown
 2792s|322700 |322701 | 35505k| 110.0 |  1324M | 109 | 302 | 104 | 556 |1869k|  4 |2637 |1058 |-5.019042e+00 |      --      |    Inf | unknown
 2792s|322800 |322801 | 35515k| 110.0 |  1324M | 109 | 302 | 103 | 460 |1870k|  2 |2637 |1058 |-5.019042e+00 |      --      |    Inf | unknown
 2792s|322900 |322901 | 35524k| 110.0 |  1324M | 109 | 302 | 104 | 379 |1871k|  2 |2638 |1058 |-5.019041e+00 |      --      |    Inf | unknown
 2793s|323000 |323001 | 35532k| 110.0 |  1326M | 109 | 302 | 103 | 609 |1871k|  3 |2639 |1058 |-5.019041e+00 |      --      |    Inf | unknown
 2793s|323100 |323101 | 35541k| 110.0 |  1327M | 109 | 302 | 103 | 532 |1872k|  3 |2639 |1058 |-5.019041e+00 |      --      |    Inf | unknown
 2808s|323200 |323201 | 35557k| 110.0 |  1328M | 109 | 302 | 103 | 472 |1872k|  2 |2639 |1058 |-5.019031e+00 |      --      |    Inf | unknown
 2808s|323300 |323301 | 35568k| 110.0 |  1328M | 109 | 302 | 101 | 432 |1873k|  4 |2639 |1058 |-5.019031e+00 |      --      |    Inf | unknown
 2809s|323400 |323401 | 35581k| 110.0 |  1328M | 109 | 302 | 101 | 454 |1874k|  3 |2639 |1058 |-5.019031e+00 |      --      |    Inf | unknown
 2809s|323500 |323501 | 35590k| 110.0 |  1329M | 109 | 302 | 102 | 576 |1874k|  3 |2640 |1058 |-5.018997e+00 |      --      |    Inf | unknown
 2810s|323600 |323601 | 35598k| 110.0 |  1330M | 109 | 302 | 103 | 590 |1875k|  2 |2641 |1058 |-5.018997e+00 |      --      |    Inf | unknown
 2810s|323700 |323701 | 35608k| 110.0 |  1331M | 109 | 302 | 104 | 468 |1875k|  3 |2642 |1058 |-5.018997e+00 |      --      |    Inf | unknown
 2811s|323800 |323801 | 35616k| 110.0 |  1331M | 109 | 302 | 104 | 400 |1876k|  2 |2642 |1058 |-5.018990e+00 |      --      |    Inf | unknown
 time | node  | left  |LP iter|LP it/n|mem/heur|mdpt |vars |cons |rows |cuts |sepa|confs|strbr|  dualbound   | primalbound  |  gap   | compl. 
 2811s|323900 |323901 | 35625k| 110.0 |  1333M | 109 | 302 | 106 | 347 |1876k|  2 |2644 |1058 |-5.018990e+00 |      --      |    Inf | unknown
 2812s|324000 |324001 | 35637k| 110.0 |  1333M | 109 | 302 | 105 | 577 |1877k|  3 |2644 |1058 |-5.018990e+00 |      --      |    Inf | unknown
 2812s|324100 |324101 | 35646k| 110.0 |  1333M | 109 | 302 | 104 | 521 |1878k|  2 |2644 |1058 |-5.018926e+00 |      --      |    Inf | unknown
 2813s|324200 |324201 | 35661k| 110.0 |  1334M | 109 | 302 | 102 | 480 |1878k|  3 |2645 |1058 |-5.018926e+00 |      --      |    Inf | unknown
 2813s|324300 |324301 | 35671k| 110.0 |  1334M | 109 | 302 | 104 | 398 |1879k|  4 |2647 |1058 |-5.018878e+00 |      --      |    Inf | unknown
 2814s|324400 |324401 | 35679k| 110.0 |  1334M | 109 | 302 | 105 | 616 |1879k|  2 |2648 |1058 |-5.018878e+00 |      --      |    Inf | unknown
 2814s|324500 |324501 | 35688k| 110.0 |  1334M | 109 | 302 | 105 | 535 |1880k|  3 |2648 |1059 |-5.018878e+00 |      --      |    Inf | unknown
 2814s|324600 |324601 | 35696k| 110.0 |  1334M | 109 | 302 | 107 | 484 |1880k|  2 |2650 |1059 |-5.018876e+00 |      --      |    Inf | unknown
 2815s|324700 |324701 | 35704k| 110.0 |  1336M | 109 | 302 | 107 | 502 |1881k|  2 |2651 |1059 |-5.018876e+00 |      --      |    Inf | unknown
 2815s|324800 |324801 | 35715k| 110.0 |  1336M | 109 | 302 | 105 | 406 |1881k|  2 |2651 |1059 |-5.018876e+00 |      --      |    Inf | unknown
 2816s|324900 |324901 | 35727k| 110.0 |  1336M | 109 | 302 | 101 | 600 |1882k|  2 |2651 |1059 |-5.018857e+00 |      --      |    Inf | unknown
 2829s|325000 |325001 | 35743k| 110.0 |  1341M | 109 | 302 | 102 | 489 |1883k|  2 |2652 |1060 |-5.018857e+00 |      --      |    Inf | unknown
 2829s|325100 |325101 | 35752k| 110.0 |  1341M | 109 | 302 | 103 | 524 |1883k|  2 |2653 |1060 |-5.018857e+00 |      --      |    Inf | unknown
 2830s|325200 |325201 | 35761k| 110.0 |  1341M | 109 | 302 | 103 | 499 |1884k|  3 |2653 |1060 |-5.018855e+00 |      --      |    Inf | unknown
 2830s|325300 |325301 | 35770k| 110.0 |  1342M | 109 | 302 | 104 | 327 |1884k|  2 |2654 |1060 |-5.018855e+00 |      --      |    Inf | unknown
 time | node  | left  |LP iter|LP it/n|mem/heur|mdpt |vars |cons |rows |cuts |sepa|confs|strbr|  dualbound   | primalbound  |  gap   | compl. 
 2831s|325400 |325401 | 35778k| 109.9 |  1343M | 109 | 302 | 104 | 566 |1885k|  5 |2654 |1060 |-5.018855e+00 |      --      |    Inf | unknown
 2831s|325500 |325501 | 35790k| 109.9 |  1344M | 109 | 302 | 103 | 543 |1886k|  4 |2654 |1060 |-5.018855e+00 |      --      |    Inf | unknown
 2832s|325600 |325601 | 35799k| 109.9 |  1344M | 109 | 302 | 102 | 494 |1886k|  3 |2654 |1060 |-5.018855e+00 |      --      |    Inf | unknown
 2832s|325700 |325701 | 35807k| 109.9 |  1344M | 109 | 302 | 103 | 382 |1887k|  2 |2655 |1061 |-5.018843e+00 |      --      |    Inf | unknown
 2832s|325800 |325801 | 35815k| 109.9 |  1344M | 109 | 302 | 103 | 603 |1887k|  1 |2656 |1061 |-5.018843e+00 |      --      |    Inf | unknown
 2833s|325900 |325901 | 35824k| 109.9 |  1344M | 109 | 302 | 104 | 541 |1888k|  3 |2657 |1061 |-5.018843e+00 |      --      |    Inf | unknown
 2834s|326000 |326001 | 35837k| 109.9 |  1345M | 109 | 302 | 104 | 473 |1888k|  3 |2657 |1061 |-5.018822e+00 |      --      |    Inf | unknown
 2834s|326100 |326101 | 35846k| 109.9 |  1345M | 109 | 302 | 104 | 454 |1889k|  2 |2658 |1061 |-5.018822e+00 |      --      |    Inf | unknown
 2835s|326200 |326201 | 35862k| 109.9 |  1346M | 109 | 302 | 102 | 404 |1890k|  4 |2658 |1061 |-5.018822e+00 |      --      |    Inf | unknown
 2835s|326300 |326301 | 35872k| 109.9 |  1346M | 109 | 302 | 104 | 579 |1890k|  4 |2660 |1062 |-5.018804e+00 |      --      |    Inf | unknown
 2836s|326400 |326401 | 35881k| 109.9 |  1347M | 109 | 302 | 104 | 523 |1891k|  2 |2660 |1062 |-5.018804e+00 |      --      |    Inf | unknown
 2836s|326500 |326501 | 35889k| 109.9 |  1347M | 109 | 302 | 104 | 538 |1891k|  2 |2660 |1062 |-5.018804e+00 |      --      |    Inf | unknown
 2836s|326600 |326601 | 35899k| 109.9 |  1347M | 109 | 302 | 103 | 396 |1892k|  2 |2660 |1062 |-5.018762e+00 |      --      |    Inf | unknown
 2837s|326700 |326701 | 35909k| 109.9 |  1347M | 109 | 302 | 103 | 369 |1893k|  1 |2660 |1062 |-5.018762e+00 |      --      |    Inf | unknown
 2837s|326800 |326801 | 35917k| 109.9 |  1347M | 109 | 302 | 102 | 556 |1893k|  2 |2660 |1062 |-5.018762e+00 |      --      |    Inf | unknown
 time | node  | left  |LP iter|LP it/n|mem/heur|mdpt |vars |cons |rows |cuts |sepa|confs|strbr|  dualbound   | primalbound  |  gap   | compl. 
 2838s|326900 |326901 | 35927k| 109.9 |  1347M | 109 | 302 | 102 | 513 |1894k|  2 |2661 |1062 |-5.018691e+00 |      --      |    Inf | unknown
 2838s|327000 |327001 | 35935k| 109.9 |  1348M | 109 | 302 | 103 | 440 |1894k|  2 |2662 |1062 |-5.018691e+00 |      --      |    Inf | unknown
 2841s|327100 |327101 | 35948k| 109.9 |  1349M | 109 | 302 | 104 | 376 |1895k|  2 |2663 |1062 |-5.018688e+00 |      --      |    Inf | unknown
 2841s|327200 |327201 | 35956k| 109.9 |  1350M | 109 | 302 | 104 | 604 |1895k|  3 |2663 |1062 |-5.018688e+00 |      --      |    Inf | unknown
 2841s|327300 |327301 | 35965k| 109.9 |  1350M | 109 | 302 | 104 | 573 |1896k|  2 |2663 |1063 |-5.018688e+00 |      --      |    Inf | unknown
 2843s|327400 |327401 | 35975k| 109.9 |  1350M | 109 | 302 | 103 | 460 |1897k|  4 |2664 |1063 |-5.018668e+00 |      --      |    Inf | unknown
 2844s|327500 |327501 | 35984k| 109.9 |  1350M | 109 | 302 | 104 | 439 |1897k|  2 |2665 |1063 |-5.018668e+00 |      --      |    Inf | unknown
 2844s|327600 |327601 | 35994k| 109.9 |  1350M | 109 | 302 | 104 | 388 |1898k|  2 |2665 |1063 |-5.018668e+00 |      --      |    Inf | unknown
 2848s|327700 |327701 | 36006k| 109.9 |  1350M | 109 | 302 | 105 | 564 |1898k|  2 |2666 |1063 |-5.018653e+00 |      --      |    Inf | unknown
 2849s|327800 |327801 | 36016k| 109.9 |  1351M | 109 | 302 | 106 | 576 |1899k|  4 |2668 |1063 |-5.018653e+00 |      --      |    Inf | unknown
 2850s|327900 |327901 | 36030k| 109.9 |  1352M | 109 | 302 | 105 | 466 |1900k|  1 |2669 |1063 |-5.018653e+00 |      --      |    Inf | unknown
 2850s|328000 |328001 | 36040k| 109.9 |  1352M | 109 | 302 | 103 | 437 |1900k|  2 |2670 |1063 |-5.018650e+00 |      --      |    Inf | unknown
 2851s|328100 |328101 | 36049k| 109.9 |  1352M | 109 | 302 | 104 | 434 |1901k|  4 |2672 |1063 |-5.018650e+00 |      --      |    Inf | unknown
 2851s|328200 |328201 | 36065k| 109.9 |  1352M | 109 | 302 | 104 | 563 |1901k|  2 |2672 |1063 |-5.018650e+00 |      --      |    Inf | unknown
 2852s|328300 |328301 | 36074k| 109.9 |  1352M | 109 | 302 | 104 | 548 |1902k|  3 |2672 |1063 |-5.018628e+00 |      --      |    Inf | unknown
 time | node  | left  |LP iter|LP it/n|mem/heur|mdpt |vars |cons |rows |cuts |sepa|confs|strbr|  dualbound   | primalbound  |  gap   | compl. 
 2852s|328400 |328401 | 36083k| 109.9 |  1352M | 109 | 302 | 103 | 447 |1903k|  2 |2673 |1063 |-5.018628e+00 |      --      |    Inf | unknown
 2868s|328500 |328501 | 36099k| 109.9 |  1353M | 109 | 302 | 102 | 375 |1903k|  2 |2673 |1063 |-5.018598e+00 |      --      |    Inf | unknown
 2868s|328600 |328601 | 36108k| 109.9 |  1354M | 109 | 302 | 103 | 639 |1904k|  4 |2674 |1063 |-5.018598e+00 |      --      |    Inf | unknown
 2869s|328700 |328701 | 36117k| 109.9 |  1354M | 109 | 302 | 102 | 548 |1904k|  3 |2674 |1063 |-5.018598e+00 |      --      |    Inf | unknown
 2869s|328800 |328801 | 36128k| 109.9 |  1355M | 109 | 302 | 104 | 500 |1905k|  3 |2676 |1063 |-5.018586e+00 |      --      |    Inf | unknown
 2870s|328900 |328901 | 36136k| 109.9 |  1356M | 109 | 302 | 104 | 453 |1905k|  2 |2676 |1063 |-5.018586e+00 |      --      |    Inf | unknown
 2870s|329000 |329001 | 36145k| 109.9 |  1356M | 109 | 302 | 105 | 411 |1906k|  4 |2677 |1063 |-5.018586e+00 |      --      |    Inf | unknown
 2870s|329100 |329101 | 36154k| 109.9 |  1356M | 109 | 302 | 105 | 576 |1907k|  2 |2677 |1063 |-5.018569e+00 |      --      |    Inf | unknown
 2871s|329200 |329201 | 36169k| 109.9 |  1356M | 109 | 302 | 102 | 543 |1907k|  1 |2677 |1063 |-5.018569e+00 |      --      |    Inf | unknown
 2872s|329300 |329301 | 36179k| 109.9 |  1357M | 109 | 302 | 103 | 513 |1908k|  3 |2678 |1063 |-5.018569e+00 |      --      |    Inf | unknown
 2872s|329400 |329401 | 36188k| 109.9 |  1357M | 109 | 302 | 103 | 428 |1908k|  2 |2678 |1063 |-5.018546e+00 |      --      |    Inf | unknown
 2872s|329500 |329501 | 36197k| 109.8 |  1358M | 109 | 302 | 104 | 373 |1909k|  4 |2679 |1063 |-5.018546e+00 |      --      |    Inf | unknown
 2873s|329600 |329601 | 36206k| 109.8 |  1358M | 109 | 302 | 103 | 581 |1910k|  2 |2679 |1063 |-5.018546e+00 |      --      |    Inf | unknown
 2874s|329700 |329701 | 36218k| 109.8 |  1358M | 109 | 302 | 104 | 547 |1910k|  2 |2680 |1063 |-5.018540e+00 |      --      |    Inf | unknown
 2874s|329800 |329801 | 36227k| 109.8 |  1358M | 109 | 302 | 105 | 503 |1911k|  2 |2681 |1063 |-5.018540e+00 |      --      |    Inf | unknown
 time | node  | left  |LP iter|LP it/n|mem/heur|mdpt |vars |cons |rows |cuts |sepa|confs|strbr|  dualbound   | primalbound  |  gap   | compl. 
 2874s|329900 |329901 | 36235k| 109.8 |  1358M | 109 | 302 | 106 | 334 |1911k|  2 |2683 |1063 |-5.018525e+00 |      --      |    Inf | unknown
 2875s|330000 |330001 | 36244k| 109.8 |  1358M | 109 | 302 | 106 | 594 |1912k|  2 |2684 |1063 |-5.018525e+00 |      --      |    Inf | unknown
 2876s|330100 |330101 | 36262k| 109.8 |  1359M | 109 | 302 | 106 | 572 |1913k|  2 |2684 |1063 |-5.018525e+00 |      --      |    Inf | unknown
 2876s|330200 |330201 | 36271k| 109.8 |  1360M | 109 | 302 | 108 | 504 |1913k|  4 |2686 |1063 |-5.018520e+00 |      --      |    Inf | unknown
 2890s|330300 |330301 | 36290k| 109.9 |  1360M | 109 | 302 | 101 | 458 |1914k|  1 |2686 |1063 |-5.018520e+00 |      --      |    Inf | unknown
 2891s|330400 |330401 | 36299k| 109.9 |  1360M | 109 | 302 | 101 | 375 |1914k|  2 |2686 |1063 |-5.018520e+00 |      --      |    Inf | unknown
 2891s|330500 |330501 | 36308k| 109.9 |  1360M | 109 | 302 | 103 | 573 |1915k|  2 |2688 |1063 |-5.018495e+00 |      --      |    Inf | unknown
 2892s|330600 |330601 | 36317k| 109.8 |  1360M | 109 | 302 | 104 | 572 |1916k|  2 |2689 |1063 |-5.018495e+00 |      --      |    Inf | unknown
 2892s|330700 |330701 | 36325k| 109.8 |  1360M | 109 | 302 | 104 | 527 |1916k|  3 |2689 |1063 |-5.018495e+00 |      --      |    Inf | unknown
 2893s|330800 |330801 | 36340k| 109.8 |  1362M | 109 | 302 | 105 | 481 |1917k|  2 |2690 |1063 |-5.018492e+00 |      --      |    Inf | unknown
 2894s|330900 |330901 | 36351k| 109.8 |  1362M | 109 | 302 | 101 | 348 |1918k|  1 |2690 |1063 |-5.018492e+00 |      --      |    Inf | unknown
 2894s|331000 |331001 | 36359k| 109.8 |  1362M | 109 | 302 | 101 | 580 |1918k|  1 |2690 |1063 |-5.018492e+00 |      --      |    Inf | unknown
 2894s|331100 |331101 | 36368k| 109.8 |  1362M | 109 | 302 | 101 | 542 |1919k|  3 |2690 |1064 |-5.018488e+00 |      --      |    Inf | unknown
 2895s|331200 |331201 | 36377k| 109.8 |  1362M | 109 | 302 | 101 | 471 |1919k|  2 |2690 |1064 |-5.018488e+00 |      --      |    Inf | unknown
 2895s|331300 |331301 | 36385k| 109.8 |  1362M | 109 | 302 | 102 | 358 |1920k|  2 |2691 |1064 |-5.018486e+00 |      --      |    Inf | unknown
 time | node  | left  |LP iter|LP it/n|mem/heur|mdpt |vars |cons |rows |cuts |sepa|confs|strbr|  dualbound   | primalbound  |  gap   | compl. 
 2895s|331400 |331401 | 36393k| 109.8 |  1364M | 109 | 302 | 102 | 573 |1921k|  2 |2691 |1064 |-5.018486e+00 |      --      |    Inf | unknown
 2896s|331500 |331501 | 36403k| 109.8 |  1364M | 109 | 302 | 103 | 563 |1921k|  2 |2692 |1064 |-5.018486e+00 |      --      |    Inf | unknown
 2896s|331600 |331601 | 36411k| 109.8 |  1365M | 109 | 302 | 103 | 485 |1922k|  2 |2692 |1064 |-5.018474e+00 |      --      |    Inf | unknown
 2897s|331700 |331701 | 36422k| 109.8 |  1366M | 109 | 302 | 104 | 489 |1923k|  3 |2693 |1064 |-5.018474e+00 |      --      |    Inf | unknown
 2897s|331800 |331801 | 36430k| 109.8 |  1366M | 109 | 302 | 104 | 378 |1923k|  2 |2693 |1065 |-5.018474e+00 |      --      |    Inf | unknown
 2898s|331900 |331901 | 36439k| 109.8 |  1366M | 109 | 302 | 104 | 606 |1924k|  4 |2693 |1065 |-5.018470e+00 |      --      |    Inf | unknown
 2898s|332000 |332001 | 36448k| 109.8 |  1366M | 109 | 302 | 107 | 573 |1924k|  2 |2696 |1065 |-5.018470e+00 |      --      |    Inf | unknown
 2899s|332100 |332101 | 36465k| 109.8 |  1366M | 109 | 302 | 104 | 504 |1925k|  2 |2696 |1065 |-5.018470e+00 |      --      |    Inf | unknown
 2901s|332200 |332201 | 36476k| 109.8 |  1366M | 109 | 302 | 109 | 437 |1926k|  3 |2701 |1065 |-5.018468e+00 |      --      |    Inf | unknown
 2902s|332300 |332301 | 36490k| 109.8 |  1367M | 109 | 302 | 107 | 348 |1926k|  2 |2702 |1066 |-5.018468e+00 |      --      |    Inf | unknown
 2902s|332400 |332401 | 36499k| 109.8 |  1368M | 109 | 302 | 107 | 581 |1927k|  2 |2702 |1066 |-5.018468e+00 |      --      |    Inf | unknown
 2904s|332500 |332501 | 36508k| 109.8 |  1368M | 109 | 302 | 109 | 536 |1927k|  2 |2704 |1066 |-5.018459e+00 |      --      |    Inf | unknown
 2904s|332600 |332601 | 36518k| 109.8 |  1368M | 109 | 302 | 105 | 518 |1928k|  2 |2705 |1066 |-5.018459e+00 |      --      |    Inf | unknown
 2908s|332700 |332701 | 36529k| 109.8 |  1368M | 109 | 302 | 106 | 321 |1929k|  2 |2707 |1066 |-5.018440e+00 |      --      |    Inf | unknown
 2908s|332800 |332801 | 36538k| 109.8 |  1368M | 109 | 302 | 106 | 669 |1929k|  4 |2707 |1066 |-5.018440e+00 |      --      |    Inf | unknown
 time | node  | left  |LP iter|LP it/n|mem/heur|mdpt |vars |cons |rows |cuts |sepa|confs|strbr|  dualbound   | primalbound  |  gap   | compl. 
 2908s|332900 |332901 | 36547k| 109.8 |  1368M | 109 | 302 | 107 | 562 |1930k|  3 |2708 |1066 |-5.018440e+00 |      --      |    Inf | unknown
 2909s|333000 |333001 | 36558k| 109.8 |  1368M | 109 | 302 | 106 | 472 |1931k|  2 |2709 |1066 |-5.018400e+00 |      --      |    Inf | unknown
 2909s|333100 |333101 | 36567k| 109.8 |  1369M | 109 | 302 | 107 | 474 |1931k|  3 |2710 |1066 |-5.018400e+00 |      --      |    Inf | unknown
 2925s|333200 |333201 | 36582k| 109.8 |  1369M | 109 | 302 | 104 | 360 |1932k|  2 |2710 |1066 |-5.018400e+00 |      --      |    Inf | unknown
 2925s|333300 |333301 | 36592k| 109.8 |  1369M | 109 | 302 | 103 | 534 |1932k|  2 |2711 |1066 |-5.018393e+00 |      --      |    Inf | unknown
 2925s|333400 |333401 | 36601k| 109.8 |  1369M | 109 | 302 | 103 | 546 |1933k|  2 |2711 |1067 |-5.018393e+00 |      --      |    Inf | unknown
 2926s|333500 |333501 | 36610k| 109.8 |  1369M | 109 | 302 | 104 | 502 |1934k|  4 |2712 |1067 |-5.018393e+00 |      --      |    Inf | unknown
 2927s|333600 |333601 | 36623k| 109.8 |  1371M | 109 | 302 | 103 | 466 |1934k|  2 |2712 |1067 |-5.018392e+00 |      --      |    Inf | unknown
 2927s|333700 |333701 | 36632k| 109.8 |  1371M | 109 | 302 | 103 | 349 |1935k|  5 |2713 |1067 |-5.018392e+00 |      --      |    Inf | unknown
 2927s|333800 |333801 | 36641k| 109.8 |  1372M | 109 | 302 | 104 | 567 |1935k|  3 |2714 |1067 |-5.018392e+00 |      --      |    Inf | unknown
 2928s|333900 |333901 | 36652k| 109.8 |  1372M | 109 | 302 | 103 | 521 |1936k|  2 |2714 |1067 |-5.018378e+00 |      --      |    Inf | unknown
 2928s|334000 |334001 | 36661k| 109.8 |  1372M | 109 | 302 | 104 | 505 |1937k|  3 |2715 |1067 |-5.018378e+00 |      --      |    Inf | unknown
 2929s|334100 |334101 | 36669k| 109.7 |  1374M | 109 | 302 | 104 | 387 |1937k|  3 |2715 |1067 |-5.018373e+00 |      --      |    Inf | unknown
 2930s|334200 |334201 | 36685k| 109.8 |  1374M | 109 | 302 | 103 | 589 |1938k|  4 |2715 |1068 |-5.018373e+00 |      --      |    Inf | unknown
 2930s|334300 |334301 | 36698k| 109.8 |  1374M | 109 | 302 | 101 | 558 |1939k|  2 |2715 |1068 |-5.018373e+00 |      --      |    Inf | unknown
 time | node  | left  |LP iter|LP it/n|mem/heur|mdpt |vars |cons |rows |cuts |sepa|confs|strbr|  dualbound   | primalbound  |  gap   | compl. 
 2931s|334400 |334401 | 36707k| 109.8 |  1374M | 109 | 302 | 101 | 491 |1939k|  2 |2715 |1068 |-5.018360e+00 |      --      |    Inf | unknown
 2931s|334500 |334501 | 36716k| 109.8 |  1375M | 109 | 302 | 103 | 436 |1940k|  3 |2717 |1068 |-5.018360e+00 |      --      |    Inf | unknown
 2932s|334600 |334601 | 36725k| 109.8 |  1375M | 109 | 302 | 104 | 421 |1940k|  3 |2718 |1068 |-5.018360e+00 |      --      |    Inf | unknown
 2932s|334700 |334701 | 36733k| 109.7 |  1375M | 109 | 302 | 104 | 558 |1941k|  4 |2718 |1068 |-5.018358e+00 |      --      |    Inf | unknown
 2933s|334800 |334801 | 36746k| 109.7 |  1376M | 109 | 302 | 104 | 522 |1942k|  2 |2718 |1068 |-5.018358e+00 |      --      |    Inf | unknown
 2946s|334900 |334901 | 36763k| 109.8 |  1376M | 109 | 302 | 101 | 483 |1942k|  2 |2718 |1068 |-5.018358e+00 |      --      |    Inf | unknown
 2947s|335000 |335001 | 36773k| 109.8 |  1376M | 109 | 302 | 101 | 402 |1943k|  2 |2718 |1068 |-5.018353e+00 |      --      |    Inf | unknown
 2947s|335100 |335101 | 36783k| 109.8 |  1376M | 109 | 302 | 103 | 361 |1944k|  3 |2720 |1068 |-5.018353e+00 |      --      |    Inf | unknown
 2948s|335200 |335201 | 36792k| 109.8 |  1376M | 109 | 302 | 103 | 592 |1944k|  2 |2720 |1068 |-5.018353e+00 |      --      |    Inf | unknown
 2948s|335300 |335301 | 36801k| 109.7 |  1378M | 109 | 302 | 105 | 537 |1945k|  3 |2722 |1068 |-5.018351e+00 |      --      |    Inf | unknown
 2948s|335400 |335401 | 36809k| 109.7 |  1378M | 109 | 302 | 105 | 496 |1946k|  2 |2722 |1068 |-5.018351e+00 |      --      |    Inf | unknown
 2949s|335500 |335501 | 36818k| 109.7 |  1378M | 109 | 302 | 107 | 373 |1946k|  2 |2724 |1068 |-5.018344e+00 |      --      |    Inf | unknown
 2950s|335600 |335601 | 36833k| 109.7 |  1378M | 109 | 302 | 106 | 619 |1947k|  2 |2724 |1068 |-5.018344e+00 |      --      |    Inf | unknown
 2950s|335700 |335701 | 36842k| 109.7 |  1378M | 109 | 302 | 105 | 558 |1947k|  4 |2724 |1068 |-5.018344e+00 |      --      |    Inf | unknown
 2950s|335800 |335801 | 36851k| 109.7 |  1378M | 109 | 302 | 105 | 525 |1948k|  2 |2726 |1068 |-5.018319e+00 |      --      |    Inf | unknown
 time | node  | left  |LP iter|LP it/n|mem/heur|mdpt |vars |cons |rows |cuts |sepa|confs|strbr|  dualbound   | primalbound  |  gap   | compl. 
 2951s|335900 |335901 | 36869k| 109.8 |  1379M | 109 | 302 | 103 | 442 |1949k|  3 |2726 |1069 |-5.018319e+00 |      --      |    Inf | unknown
 2952s|336000 |336001 | 36878k| 109.7 |  1380M | 109 | 302 | 105 | 481 |1949k|  4 |2728 |1069 |-5.018319e+00 |      --      |    Inf | unknown
 2952s|336100 |336101 | 36887k| 109.7 |  1380M | 109 | 302 | 106 | 560 |1950k|  1 |2729 |1069 |-5.018314e+00 |      --      |    Inf | unknown
 2953s|336200 |336201 | 36898k| 109.7 |  1380M | 109 | 302 | 106 | 544 |1950k|  3 |2732 |1069 |-5.018314e+00 |      --      |    Inf | unknown
 2953s|336300 |336301 | 36906k| 109.7 |  1380M | 109 | 302 | 106 | 538 |1951k|  2 |2732 |1069 |-5.018314e+00 |      --      |    Inf | unknown
 2954s|336400 |336401 | 36916k| 109.7 |  1380M | 109 | 302 | 107 | 455 |1952k|  2 |2733 |1069 |-5.018285e+00 |      --      |    Inf | unknown
 2954s|336500 |336501 | 36925k| 109.7 |  1380M | 109 | 302 | 109 | 324 |1952k|  2 |2735 |1070 |-5.018285e+00 |      --      |    Inf | unknown
 2956s|336600 |336601 | 36935k| 109.7 |  1391M | 109 | 302 | 108 | 584 |1953k|  3 |2736 |1070 |-5.018285e+00 |      --      |    Inf | unknown
 2957s|336700 |336701 | 36945k| 109.7 |  1394M | 109 | 302 | 108 | 522 |1953k|  2 |2737 |1070 |-5.018256e+00 |      --      |    Inf | unknown
 2957s|336800 |336801 | 36952k| 109.7 |  1394M | 109 | 302 | 108 | 457 |1954k|  2 |2737 |1070 |-5.018256e+00 |      --      |    Inf | unknown
 2959s|336900 |336901 | 36963k| 109.7 |  1394M | 109 | 302 | 109 | 393 |1955k|  2 |2739 |1070 |-5.018228e+00 |      --      |    Inf | unknown
 2959s|337000 |337001 | 36971k| 109.7 |  1394M | 109 | 302 | 108 | 646 |1955k|  3 |2739 |1070 |-5.018228e+00 |      --      |    Inf | unknown
 2960s|337100 |337101 | 36979k| 109.7 |  1394M | 109 | 302 | 109 | 559 |1956k|  1 |2740 |1070 |-5.018228e+00 |      --      |    Inf | unknown
 2961s|337200 |337201 | 36993k| 109.7 |  1394M | 109 | 302 | 104 | 467 |1956k|  2 |2740 |1070 |-5.018224e+00 |      --      |    Inf | unknown
 2966s|337300 |337301 | 37006k| 109.7 |  1394M | 109 | 302 | 104 | 493 |1957k|  2 |2743 |1070 |-5.018224e+00 |      --      |    Inf | unknown
 time | node  | left  |LP iter|LP it/n|mem/heur|mdpt |vars |cons |rows |cuts |sepa|confs|strbr|  dualbound   | primalbound  |  gap   | compl. 
 2966s|337400 |337401 | 37015k| 109.7 |  1395M | 109 | 302 | 105 | 368 |1957k|  2 |2744 |1070 |-5.018224e+00 |      --      |    Inf | unknown
 2967s|337500 |337501 | 37024k| 109.7 |  1396M | 109 | 302 | 107 | 593 |1958k|  2 |2746 |1070 |-5.018212e+00 |      --      |    Inf | unknown
 2967s|337600 |337601 | 37034k| 109.7 |  1396M | 109 | 302 | 108 | 544 |1959k|  4 |2747 |1070 |-5.018212e+00 |      --      |    Inf | unknown
 2967s|337700 |337701 | 37044k| 109.7 |  1396M | 109 | 302 | 109 | 471 |1959k|  3 |2748 |1070 |-5.018212e+00 |      --      |    Inf | unknown
 2968s|337800 |337801 | 37052k| 109.7 |  1396M | 109 | 302 | 109 | 398 |1960k|  3 |2748 |1070 |-5.018210e+00 |      --      |    Inf | unknown
 2968s|337900 |337901 | 37062k| 109.7 |  1397M | 109 | 302 | 110 | 407 |1960k|  2 |2749 |1070 |-5.018210e+00 |      --      |    Inf | unknown
 2969s|338000 |338001 | 37070k| 109.7 |  1397M | 109 | 302 | 110 | 552 |1961k|  2 |2749 |1070 |-5.018210e+00 |      --      |    Inf | unknown
 2985s|338100 |338101 | 37094k| 109.7 |  1397M | 109 | 302 | 101 | 528 |1962k|  2 |2749 |1070 |-5.018209e+00 |      --      |    Inf | unknown
 2985s|338200 |338201 | 37106k| 109.7 |  1397M | 109 | 302 | 101 | 474 |1962k|  3 |2749 |1070 |-5.018209e+00 |      --      |    Inf | unknown
 2986s|338300 |338301 | 37115k| 109.7 |  1399M | 109 | 302 | 102 | 376 |1963k|  3 |2750 |1070 |-5.018204e+00 |      --      |    Inf | unknown
 2986s|338400 |338401 | 37123k| 109.7 |  1399M | 109 | 302 | 102 | 647 |1963k|  3 |2750 |1070 |-5.018204e+00 |      --      |    Inf | unknown
 2986s|338500 |338501 | 37132k| 109.7 |  1399M | 109 | 302 | 102 | 576 |1964k|  2 |2750 |1070 |-5.018204e+00 |      --      |    Inf | unknown
 2987s|338600 |338601 | 37145k| 109.7 |  1399M | 109 | 302 | 102 | 480 |1965k|  2 |2750 |1070 |-5.018167e+00 |      --      |    Inf | unknown
 2988s|338700 |338701 | 37154k| 109.7 |  1399M | 109 | 302 | 102 | 434 |1965k|  4 |2750 |1070 |-5.018167e+00 |      --      |    Inf | unknown
 2988s|338800 |338801 | 37164k| 109.7 |  1399M | 109 | 302 | 104 | 364 |1966k|  4 |2752 |1070 |-5.018167e+00 |      --      |    Inf | unknown
 time | node  | left  |LP iter|LP it/n|mem/heur|mdpt |vars |cons |rows |cuts |sepa|confs|strbr|  dualbound   | primalbound  |  gap   | compl. 
 2988s|338900 |338901 | 37172k| 109.7 |  1399M | 109 | 302 | 104 | 546 |1966k|  2 |2752 |1071 |-5.018140e+00 |      --      |    Inf | unknown
 2989s|339000 |339001 | 37182k| 109.7 |  1400M | 109 | 302 | 105 | 552 |1967k|  2 |2754 |1071 |-5.018140e+00 |      --      |    Inf | unknown
 2989s|339100 |339101 | 37193k| 109.7 |  1402M | 109 | 302 | 106 | 492 |1968k|  2 |2755 |1071 |-5.018140e+00 |      --      |    Inf | unknown
 2990s|339200 |339201 | 37202k| 109.7 |  1402M | 109 | 302 | 107 | 436 |1968k|  2 |2756 |1071 |-5.018129e+00 |      --      |    Inf | unknown
 2990s|339300 |339301 | 37212k| 109.7 |  1402M | 109 | 302 | 108 | 378 |1969k|  2 |2757 |1071 |-5.018129e+00 |      --      |    Inf | unknown
 2990s|339400 |339401 | 37219k| 109.7 |  1402M | 109 | 302 | 108 | 586 |1969k|  2 |2757 |1071 |-5.018129e+00 |      --      |    Inf | unknown
 2991s|339500 |339501 | 37228k| 109.6 |  1402M | 109 | 302 | 108 | 534 |1970k|  2 |2757 |1071 |-5.018127e+00 |      --      |    Inf | unknown
 2992s|339600 |339601 | 37246k| 109.7 |  1403M | 109 | 302 | 101 | 454 |1971k|  3 |2757 |1071 |-5.018127e+00 |      --      |    Inf | unknown
 3006s|339700 |339701 | 37261k| 109.7 |  1403M | 109 | 302 | 101 | 367 |1971k|  2 |2757 |1071 |-5.018081e+00 |      --      |    Inf | unknown
 3006s|339800 |339801 | 37269k| 109.7 |  1404M | 109 | 302 | 101 | 590 |1972k|  2 |2757 |1072 |-5.018081e+00 |      --      |    Inf | unknown
 3007s|339900 |339901 | 37278k| 109.7 |  1405M | 109 | 302 | 102 | 527 |1972k|  2 |2758 |1072 |-5.018081e+00 |      --      |    Inf | unknown
 3007s|340000 |340001 | 37286k| 109.7 |  1405M | 109 | 302 | 102 | 469 |1973k|  4 |2758 |1072 |-5.018068e+00 |      --      |    Inf | unknown
 3008s|340100 |340101 | 37303k| 109.7 |  1406M | 109 | 302 | 102 | 448 |1974k|  2 |2758 |1072 |-5.018068e+00 |      --      |    Inf | unknown
 3008s|340200 |340201 | 37313k| 109.7 |  1406M | 109 | 302 | 102 | 403 |1974k|  2 |2758 |1072 |-5.018068e+00 |      --      |    Inf | unknown
 3009s|340300 |340301 | 37322k| 109.7 |  1406M | 109 | 302 | 101 | 521 |1975k|  2 |2758 |1072 |-5.018011e+00 |      --      |    Inf | unknown
 time | node  | left  |LP iter|LP it/n|mem/heur|mdpt |vars |cons |rows |cuts |sepa|confs|strbr|  dualbound   | primalbound  |  gap   | compl. 
 3009s|340400 |340401 | 37331k| 109.7 |  1407M | 109 | 302 | 103 | 518 |1975k|  2 |2760 |1073 |-5.018011e+00 |      --      |    Inf | unknown
 3010s|340500 |340501 | 37342k| 109.7 |  1407M | 109 | 302 | 105 | 505 |1976k|  4 |2762 |1073 |-5.018011e+00 |      --      |    Inf | unknown
 3010s|340600 |340601 | 37350k| 109.7 |  1408M | 109 | 302 | 105 | 460 |1976k|  3 |2762 |1073 |-5.017987e+00 |      --      |    Inf | unknown
 3010s|340700 |340701 | 37359k| 109.6 |  1408M | 109 | 302 | 107 | 409 |1977k|  4 |2764 |1073 |-5.017987e+00 |      --      |    Inf | unknown
 3011s|340800 |340801 | 37367k| 109.6 |  1408M | 109 | 302 | 107 | 572 |1978k|  2 |2764 |1073 |-5.017987e+00 |      --      |    Inf | unknown
 3011s|340900 |340901 | 37381k| 109.6 |  1408M | 109 | 302 | 103 | 460 |1978k|  4 |2764 |1073 |-5.017956e+00 |      --      |    Inf | unknown
 3012s|341000 |341001 | 37392k| 109.6 |  1408M | 109 | 302 | 102 | 509 |1979k|  2 |2765 |1074 |-5.017956e+00 |      --      |    Inf | unknown
 3013s|341100 |341101 | 37401k| 109.6 |  1411M | 109 | 302 | 103 | 377 |1979k|  2 |2766 |1074 |-5.017952e+00 |      --      |    Inf | unknown
 3013s|341200 |341201 | 37409k| 109.6 |  1412M | 109 | 302 | 103 | 616 |1980k|  2 |2766 |1074 |-5.017952e+00 |      --      |    Inf | unknown
 3013s|341300 |341301 | 37419k| 109.6 |  1412M | 109 | 302 | 104 | 561 |1981k|  2 |2767 |1074 |-5.017952e+00 |      --      |    Inf | unknown
 3015s|341400 |341401 | 37429k| 109.6 |  1413M | 109 | 302 | 105 | 497 |1981k|  3 |2768 |1074 |-5.017944e+00 |      --      |    Inf | unknown
 3016s|341500 |341501 | 37437k| 109.6 |  1413M | 109 | 302 | 106 | 461 |1982k|  1 |2769 |1074 |-5.017944e+00 |      --      |    Inf | unknown
 3016s|341600 |341601 | 37446k| 109.6 |  1413M | 109 | 302 | 107 | 398 |1982k|  1 |2770 |1074 |-5.017944e+00 |      --      |    Inf | unknown
 3018s|341700 |341701 | 37455k| 109.6 |  1413M | 109 | 302 | 107 | 573 |1983k|  2 |2770 |1074 |-5.017943e+00 |      --      |    Inf | unknown
 3018s|341800 |341801 | 37465k| 109.6 |  1413M | 109 | 302 | 107 | 528 |1984k|  2 |2770 |1074 |-5.017943e+00 |      --      |    Inf | unknown
 time | node  | left  |LP iter|LP it/n|mem/heur|mdpt |vars |cons |rows |cuts |sepa|confs|strbr|  dualbound   | primalbound  |  gap   | compl. 
 3019s|341900 |341901 | 37475k| 109.6 |  1413M | 109 | 302 | 106 | 506 |1984k|  2 |2770 |1074 |-5.017943e+00 |      --      |    Inf | unknown
 3022s|342000 |342001 | 37489k| 109.6 |  1413M | 109 | 302 | 102 | 413 |1985k|  2 |2771 |1074 |-5.017937e+00 |      --      |    Inf | unknown
 3023s|342100 |342101 | 37500k| 109.6 |  1415M | 109 | 302 | 103 | 463 |1985k|  4 |2772 |1074 |-5.017937e+00 |      --      |    Inf | unknown
 3024s|342200 |342201 | 37517k| 109.6 |  1416M | 109 | 302 | 102 | 546 |1986k|  1 |2772 |1074 |-5.017937e+00 |      --      |    Inf | unknown
 3024s|342300 |342301 | 37525k| 109.6 |  1416M | 109 | 302 | 104 | 536 |1986k|  3 |2774 |1074 |-5.017923e+00 |      --      |    Inf | unknown
 3024s|342400 |342401 | 37535k| 109.6 |  1417M | 109 | 302 | 105 | 447 |1987k|  2 |2775 |1074 |-5.017923e+00 |      --      |    Inf | unknown
 3039s|342500 |342501 | 37551k| 109.6 |  1417M | 109 | 302 | 106 | 380 |1988k|  4 |2777 |1074 |-5.017918e+00 |      --      |    Inf | unknown
 3040s|342600 |342601 | 37559k| 109.6 |  1417M | 109 | 302 | 107 | 599 |1988k|  1 |2778 |1074 |-5.017918e+00 |      --      |    Inf | unknown
 3040s|342700 |342701 | 37569k| 109.6 |  1417M | 109 | 302 | 105 | 535 |1989k|  2 |2779 |1074 |-5.017918e+00 |      --      |    Inf | unknown
 3041s|342800 |342801 | 37579k| 109.6 |  1417M | 109 | 302 | 105 | 487 |1989k|  4 |2781 |1074 |-5.017905e+00 |      --      |    Inf | unknown
 3041s|342900 |342901 | 37587k| 109.6 |  1418M | 109 | 302 | 106 | 495 |1990k|  3 |2782 |1075 |-5.017905e+00 |      --      |    Inf | unknown
 3041s|343000 |343001 | 37595k| 109.6 |  1419M | 109 | 302 | 106 | 358 |1990k|  2 |2782 |1075 |-5.017905e+00 |      --      |    Inf | unknown
 3042s|343100 |343101 | 37609k| 109.6 |  1419M | 109 | 302 | 104 | 561 |1991k|  2 |2782 |1075 |-5.017865e+00 |      --      |    Inf | unknown
 3043s|343200 |343201 | 37619k| 109.6 |  1419M | 109 | 302 | 102 | 583 |1992k|  4 |2783 |1075 |-5.017865e+00 |      --      |    Inf | unknown
 3043s|343300 |343301 | 37627k| 109.6 |  1419M | 109 | 302 | 104 | 520 |1992k|  4 |2785 |1075 |-5.017865e+00 |      --      |    Inf | unknown
 time | node  | left  |LP iter|LP it/n|mem/heur|mdpt |vars |cons |rows |cuts |sepa|confs|strbr|  dualbound   | primalbound  |  gap   | compl. 
 3044s|343400 |343401 | 37636k| 109.6 |  1419M | 109 | 302 | 104 | 426 |1993k|  1 |2785 |1075 |-5.017845e+00 |      --      |    Inf | unknown
 3044s|343500 |343501 | 37644k| 109.6 |  1421M | 109 | 302 | 105 | 407 |1993k|  3 |2786 |1075 |-5.017845e+00 |      --      |    Inf | unknown
 3044s|343600 |343601 | 37653k| 109.6 |  1421M | 109 | 302 | 105 | 578 |1994k|  2 |2786 |1075 |-5.017845e+00 |      --      |    Inf | unknown
 3045s|343700 |343701 | 37662k| 109.6 |  1422M | 109 | 302 | 105 | 512 |1994k|  4 |2786 |1075 |-5.017830e+00 |      --      |    Inf | unknown
 3045s|343800 |343801 | 37672k| 109.6 |  1422M | 109 | 302 | 107 | 477 |1995k|  3 |2788 |1075 |-5.017830e+00 |      --      |    Inf | unknown
 3046s|343900 |343901 | 37681k| 109.6 |  1422M | 109 | 302 | 105 | 385 |1996k|  2 |2788 |1075 |-5.017789e+00 |      --      |    Inf | unknown
 3046s|344000 |344001 | 37690k| 109.6 |  1423M | 109 | 302 | 106 | 594 |1996k|  4 |2789 |1075 |-5.017789e+00 |      --      |    Inf | unknown
 3046s|344100 |344101 | 37699k| 109.6 |  1423M | 109 | 302 | 105 | 576 |1997k|  2 |2789 |1075 |-5.017789e+00 |      --      |    Inf | unknown
 3047s|344200 |344201 | 37710k| 109.6 |  1423M | 109 | 302 | 108 | 474 |1998k|  2 |2793 |1076 |-5.017784e+00 |      --      |    Inf | unknown
 3047s|344300 |344301 | 37719k| 109.5 |  1423M | 109 | 302 | 108 | 455 |1998k|  3 |2793 |1076 |-5.017784e+00 |      --      |    Inf | unknown
 3062s|344400 |344401 | 37738k| 109.6 |  1423M | 109 | 302 | 101 | 421 |1999k|  3 |2793 |1076 |-5.017784e+00 |      --      |    Inf | unknown
 3063s|344500 |344501 | 37755k| 109.6 |  1424M | 109 | 302 | 101 | 560 |1999k|  3 |2793 |1076 |-5.017769e+00 |      --      |    Inf | unknown
 3063s|344600 |344601 | 37763k| 109.6 |  1424M | 109 | 302 | 101 | 514 |2000k|  2 |2793 |1076 |-5.017769e+00 |      --      |    Inf | unknown
 3064s|344700 |344701 | 37772k| 109.6 |  1424M | 109 | 302 | 102 | 485 |2000k|  4 |2794 |1076 |-5.017769e+00 |      --      |    Inf | unknown
 3064s|344800 |344801 | 37782k| 109.6 |  1424M | 109 | 302 | 103 | 425 |2001k|  3 |2795 |1076 |-5.017768e+00 |      --      |    Inf | unknown
 time | node  | left  |LP iter|LP it/n|mem/heur|mdpt |vars |cons |rows |cuts |sepa|confs|strbr|  dualbound   | primalbound  |  gap   | compl. 
 3065s|344900 |344901 | 37791k| 109.6 |  1425M | 109 | 302 | 103 | 358 |2002k|  1 |2795 |1076 |-5.017768e+00 |      --      |    Inf | unknown
 3065s|345000 |345001 | 37800k| 109.6 |  1425M | 109 | 302 | 103 | 599 |2002k|  4 |2795 |1076 |-5.017768e+00 |      --      |    Inf | unknown
 3065s|345100 |345101 | 37809k| 109.6 |  1425M | 109 | 302 | 104 | 571 |2003k|  2 |2796 |1077 |-5.017756e+00 |      --      |    Inf | unknown
 3066s|345200 |345201 | 37817k| 109.5 |  1425M | 109 | 302 | 104 | 436 |2003k|  4 |2796 |1077 |-5.017756e+00 |      --      |    Inf | unknown
 3066s|345300 |345301 | 37827k| 109.5 |  1426M | 109 | 302 | 104 | 349 |2004k|  2 |2797 |1077 |-5.017751e+00 |      --      |    Inf | unknown
 3067s|345400 |345401 | 37836k| 109.5 |  1426M | 109 | 302 | 104 | 592 |2005k|  2 |2797 |1077 |-5.017751e+00 |      --      |    Inf | unknown
 3067s|345500 |345501 | 37849k| 109.5 |  1427M | 109 | 302 | 103 | 587 |2005k|  5 |2798 |1077 |-5.017751e+00 |      --      |    Inf | unknown
 3068s|345600 |345601 | 37859k| 109.5 |  1427M | 109 | 302 | 103 | 482 |2006k|  4 |2798 |1077 |-5.017723e+00 |      --      |    Inf | unknown
 3068s|345700 |345701 | 37868k| 109.5 |  1427M | 109 | 302 | 105 | 415 |2006k|  4 |2800 |1077 |-5.017723e+00 |      --      |    Inf | unknown
 3068s|345800 |345801 | 37876k| 109.5 |  1427M | 109 | 302 | 106 | 462 |2007k|  3 |2802 |1077 |-5.017723e+00 |      --      |    Inf | unknown
 3069s|345900 |345901 | 37884k| 109.5 |  1427M | 109 | 302 | 106 | 558 |2008k|  2 |2802 |1077 |-5.017703e+00 |      --      |    Inf | unknown
 3069s|346000 |346001 | 37893k| 109.5 |  1428M | 109 | 302 | 108 | 558 |2008k|  2 |2804 |1077 |-5.017703e+00 |      --      |    Inf | unknown
 3070s|346100 |346101 | 37904k| 109.5 |  1429M | 109 | 302 | 107 | 475 |2009k|  3 |2804 |1077 |-5.017703e+00 |      --      |    Inf | unknown
 3070s|346200 |346201 | 37912k| 109.5 |  1429M | 109 | 302 | 106 | 419 |2009k|  1 |2805 |1077 |-5.017690e+00 |      --      |    Inf | unknown
 3070s|346300 |346301 | 37920k| 109.5 |  1429M | 109 | 302 | 105 | 330 |2010k|  2 |2805 |1078 |-5.017690e+00 |      --      |    Inf | unknown
 time | node  | left  |LP iter|LP it/n|mem/heur|mdpt |vars |cons |rows |cuts |sepa|confs|strbr|  dualbound   | primalbound  |  gap   | compl. 
 3072s|346400 |346401 | 37929k| 109.5 |  1429M | 109 | 302 | 105 | 579 |2010k|  1 |2806 |1078 |-5.017690e+00 |      --      |    Inf | unknown
 3072s|346500 |346501 | 37939k| 109.5 |  1429M | 109 | 302 | 104 | 495 |2011k|  2 |2807 |1078 |-5.017669e+00 |      --      |    Inf | unknown
 3074s|346600 |346601 | 37958k| 109.5 |  1429M | 109 | 302 | 101 | 453 |2012k|  2 |2807 |1078 |-5.017669e+00 |      --      |    Inf | unknown
 3075s|346700 |346701 | 37968k| 109.5 |  1429M | 109 | 302 | 102 | 363 |2012k|  2 |2808 |1078 |-5.017665e+00 |      --      |    Inf | unknown
 3076s|346800 |346801 | 37977k| 109.5 |  1431M | 109 | 302 | 104 | 585 |2013k|  2 |2810 |1078 |-5.017665e+00 |      --      |    Inf | unknown
 3076s|346900 |346901 | 37987k| 109.5 |  1431M | 109 | 302 | 105 | 526 |2013k|  3 |2811 |1078 |-5.017665e+00 |      --      |    Inf | unknown
 3083s|347000 |347001 | 38001k| 109.5 |  1431M | 109 | 302 | 107 | 515 |2014k|  2 |2813 |1078 |-5.017651e+00 |      --      |    Inf | unknown
 3084s|347100 |347101 | 38009k| 109.5 |  1431M | 109 | 302 | 107 | 429 |2015k|  2 |2813 |1078 |-5.017651e+00 |      --      |    Inf | unknown
 3084s|347200 |347201 | 38019k| 109.5 |  1431M | 109 | 302 | 106 | 329 |2015k|  4 |2814 |1079 |-5.017651e+00 |      --      |    Inf | unknown
 3085s|347300 |347301 | 38028k| 109.5 |  1431M | 109 | 302 | 106 | 546 |2016k|  2 |2815 |1079 |-5.017647e+00 |      --      |    Inf | unknown
 3085s|347400 |347401 | 38037k| 109.5 |  1432M | 109 | 302 | 107 | 584 |2016k|  2 |2816 |1079 |-5.017647e+00 |      --      |    Inf | unknown
 3085s|347500 |347501 | 38046k| 109.5 |  1432M | 109 | 302 | 106 | 477 |2017k|  3 |2816 |1079 |-5.017647e+00 |      --      |    Inf | unknown
 3086s|347600 |347601 | 38059k| 109.5 |  1434M | 109 | 302 | 104 | 435 |2018k|  2 |2816 |1079 |-5.017646e+00 |      --      |    Inf | unknown
 3086s|347700 |347701 | 38068k| 109.5 |  1434M | 109 | 302 | 102 | 384 |2018k|  2 |2816 |1079 |-5.017646e+00 |      --      |    Inf | unknown
 3087s|347800 |347801 | 38076k| 109.5 |  1434M | 109 | 302 | 102 | 585 |2019k|  2 |2817 |1080 |-5.017646e+00 |      --      |    Inf | unknown
 time | node  | left  |LP iter|LP it/n|mem/heur|mdpt |vars |cons |rows |cuts |sepa|confs|strbr|  dualbound   | primalbound  |  gap   | compl. 
 3103s|347900 |347901 | 38093k| 109.5 |  1434M | 109 | 302 | 103 | 573 |2019k|  3 |2818 |1080 |-5.017636e+00 |      --      |    Inf | unknown
 3103s|348000 |348001 | 38103k| 109.5 |  1434M | 109 | 302 | 106 | 459 |2020k|  4 |2821 |1080 |-5.017636e+00 |      --      |    Inf | unknown
 3103s|348100 |348101 | 38111k| 109.5 |  1435M | 109 | 302 | 107 | 346 |2020k|  3 |2822 |1080 |-5.017628e+00 |      --      |    Inf | unknown
 3104s|348200 |348201 | 38119k| 109.5 |  1435M | 109 | 302 | 106 | 623 |2021k|  4 |2822 |1080 |-5.017628e+00 |      --      |    Inf | unknown
 3104s|348300 |348301 | 38129k| 109.5 |  1436M | 109 | 302 | 105 | 561 |2022k|  2 |2822 |1080 |-5.017628e+00 |      --      |    Inf | unknown
 3105s|348400 |348401 | 38139k| 109.5 |  1436M | 109 | 302 | 107 | 500 |2022k|  2 |2824 |1081 |-5.017562e+00 |      --      |    Inf | unknown
 3105s|348500 |348501 | 38156k| 109.5 |  1436M | 109 | 302 | 104 | 436 |2023k|  2 |2824 |1081 |-5.017562e+00 |      --      |    Inf | unknown
 3106s|348600 |348601 | 38164k| 109.5 |  1436M | 109 | 302 | 104 | 401 |2023k|  3 |2824 |1081 |-5.017562e+00 |      --      |    Inf | unknown
 3106s|348700 |348701 | 38173k| 109.5 |  1436M | 109 | 302 | 103 | 526 |2024k|  2 |2824 |1081 |-5.017559e+00 |      --      |    Inf | unknown
 3107s|348800 |348801 | 38184k| 109.5 |  1437M | 109 | 302 | 101 | 569 |2025k|  3 |2824 |1081 |-5.017559e+00 |      --      |    Inf | unknown
 3108s|348900 |348901 | 38195k| 109.5 |  1437M | 109 | 302 | 102 | 521 |2025k|  3 |2825 |1081 |-5.017559e+00 |      --      |    Inf | unknown
 3108s|349000 |349001 | 38204k| 109.5 |  1437M | 109 | 302 | 103 | 507 |2026k|  4 |2826 |1081 |-5.017556e+00 |      --      |    Inf | unknown
 3108s|349100 |349101 | 38212k| 109.5 |  1438M | 109 | 302 | 103 | 361 |2026k|  2 |2826 |1081 |-5.017556e+00 |      --      |    Inf | unknown
 3109s|349200 |349201 | 38221k| 109.4 |  1438M | 109 | 302 | 103 | 568 |2027k|  2 |2826 |1081 |-5.017556e+00 |      --      |    Inf | unknown
 3109s|349300 |349301 | 38230k| 109.4 |  1438M | 109 | 302 | 103 | 546 |2027k|  3 |2826 |1081 |-5.017555e+00 |      --      |    Inf | unknown
 time | node  | left  |LP iter|LP it/n|mem/heur|mdpt |vars |cons |rows |cuts |sepa|confs|strbr|  dualbound   | primalbound  |  gap   | compl. 
 3110s|349400 |349401 | 38239k| 109.4 |  1438M | 109 | 302 | 105 | 514 |2028k|  4 |2828 |1081 |-5.017555e+00 |      --      |    Inf | unknown
 3110s|349500 |349501 | 38248k| 109.4 |  1438M | 109 | 302 | 105 | 397 |2028k|  3 |2828 |1081 |-5.017539e+00 |      --      |    Inf | unknown
 3110s|349600 |349601 | 38256k| 109.4 |  1439M | 109 | 302 | 105 | 588 |2029k|  2 |2828 |1081 |-5.017539e+00 |      --      |    Inf | unknown
 3111s|349700 |349701 | 38265k| 109.4 |  1439M | 109 | 302 | 105 | 554 |2029k|  1 |2829 |1081 |-5.017539e+00 |      --      |    Inf | unknown
 3125s|349800 |349801 | 38280k| 109.4 |  1439M | 109 | 302 | 103 | 501 |2030k|  3 |2829 |1081 |-5.017539e+00 |      --      |    Inf | unknown
 3126s|349900 |349901 | 38295k| 109.4 |  1440M | 109 | 302 | 101 | 443 |2031k|  2 |2829 |1081 |-5.017539e+00 |      --      |    Inf | unknown
 3126s|350000 |350001 | 38302k| 109.4 |  1440M | 109 | 302 | 102 | 399 |2031k|  2 |2830 |1081 |-5.017539e+00 |      --      |    Inf | unknown
 3126s|350100 |350101 | 38310k| 109.4 |  1440M | 109 | 302 | 102 | 546 |2032k|  3 |2830 |1081 |-5.017533e+00 |      --      |    Inf | unknown
 3127s|350200 |350201 | 38319k| 109.4 |  1440M | 109 | 302 | 103 | 545 |2032k|  2 |2831 |1081 |-5.017533e+00 |      --      |    Inf | unknown
 3127s|350300 |350301 | 38328k| 109.4 |  1440M | 109 | 302 | 105 | 522 |2033k|  2 |2833 |1081 |-5.017533e+00 |      --      |    Inf | unknown
 3128s|350400 |350401 | 38338k| 109.4 |  1441M | 109 | 302 | 105 | 451 |2033k|  2 |2833 |1081 |-5.017525e+00 |      --      |    Inf | unknown
 3128s|350500 |350501 | 38348k| 109.4 |  1441M | 109 | 302 | 105 | 393 |2034k|  3 |2833 |1081 |-5.017525e+00 |      --      |    Inf | unknown
 3128s|350600 |350601 | 38356k| 109.4 |  1442M | 109 | 302 | 105 | 582 |2034k|  3 |2833 |1081 |-5.017525e+00 |      --      |    Inf | unknown
 3129s|350700 |350701 | 38375k| 109.4 |  1444M | 109 | 302 | 102 | 536 |2035k|  2 |2833 |1081 |-5.017522e+00 |      --      |    Inf | unknown
 3130s|350800 |350801 | 38385k| 109.4 |  1444M | 109 | 302 | 103 | 517 |2036k|  2 |2835 |1081 |-5.017522e+00 |      --      |    Inf | unknown
 time | node  | left  |LP iter|LP it/n|mem/heur|mdpt |vars |cons |rows |cuts |sepa|confs|strbr|  dualbound   | primalbound  |  gap   | compl. 
 3130s|350900 |350901 | 38394k| 109.4 |  1445M | 109 | 302 | 104 | 366 |2036k|  2 |2836 |1081 |-5.017513e+00 |      --      |    Inf | unknown
 3130s|351000 |351001 | 38401k| 109.4 |  1445M | 109 | 302 | 104 | 608 |2037k|  2 |2836 |1081 |-5.017513e+00 |      --      |    Inf | unknown
 3131s|351100 |351101 | 38411k| 109.4 |  1445M | 109 | 302 | 106 | 539 |2037k|  3 |2838 |1081 |-5.017513e+00 |      --      |    Inf | unknown
 3132s|351200 |351201 | 38422k| 109.4 |  1445M | 109 | 302 | 106 | 481 |2038k|  2 |2838 |1081 |-5.017509e+00 |      --      |    Inf | unknown
 3132s|351300 |351301 | 38434k| 109.4 |  1446M | 109 | 302 | 101 | 452 |2038k|  2 |2838 |1081 |-5.017509e+00 |      --      |    Inf | unknown
 3133s|351400 |351401 | 38443k| 109.4 |  1446M | 109 | 302 | 101 | 381 |2039k|  3 |2838 |1081 |-5.017509e+00 |      --      |    Inf | unknown
 3133s|351500 |351501 | 38452k| 109.4 |  1448M | 109 | 302 | 101 | 551 |2040k|  2 |2838 |1081 |-5.017506e+00 |      --      |    Inf | unknown
 3134s|351600 |351601 | 38462k| 109.4 |  1449M | 109 | 302 | 101 | 550 |2040k|  2 |2838 |1081 |-5.017506e+00 |      --      |    Inf | unknown
 3136s|351700 |351701 | 38471k| 109.4 |  1449M | 109 | 302 | 106 | 508 |2041k|  2 |2843 |1081 |-5.017506e+00 |      --      |    Inf | unknown
 3136s|351800 |351801 | 38480k| 109.4 |  1449M | 109 | 302 | 107 | 419 |2041k|  2 |2844 |1081 |-5.017504e+00 |      --      |    Inf | unknown
 3137s|351900 |351901 | 38491k| 109.4 |  1449M | 109 | 302 | 110 | 409 |2042k|  4 |2847 |1082 |-5.017504e+00 |      --      |    Inf | unknown
 3137s|352000 |352001 | 38500k| 109.4 |  1449M | 109 | 302 | 110 | 608 |2042k|  2 |2847 |1082 |-5.017504e+00 |      --      |    Inf | unknown
 3139s|352100 |352101 | 38509k| 109.4 |  1449M | 109 | 302 | 113 | 523 |2043k|  1 |2850 |1082 |-5.017504e+00 |      --      |    Inf | unknown
 3140s|352200 |352201 | 38523k| 109.4 |  1450M | 109 | 302 | 106 | 469 |2044k|  2 |2851 |1082 |-5.017504e+00 |      --      |    Inf | unknown
 3140s|352300 |352301 | 38534k| 109.4 |  1450M | 109 | 302 | 105 | 409 |2044k|  3 |2854 |1082 |-5.017499e+00 |      --      |    Inf | unknown
 time | node  | left  |LP iter|LP it/n|mem/heur|mdpt |vars |cons |rows |cuts |sepa|confs|strbr|  dualbound   | primalbound  |  gap   | compl. 
 3145s|352400 |352401 | 38544k| 109.4 |  1450M | 109 | 302 | 106 | 603 |2045k|  2 |2856 |1082 |-5.017499e+00 |      --      |    Inf | unknown
 3146s|352500 |352501 | 38554k| 109.4 |  1450M | 109 | 302 | 106 | 570 |2045k|  3 |2856 |1082 |-5.017499e+00 |      --      |    Inf | unknown
 3146s|352600 |352601 | 38563k| 109.4 |  1450M | 109 | 302 | 106 | 481 |2046k|  2 |2856 |1082 |-5.017488e+00 |      --      |    Inf | unknown
 3147s|352700 |352701 | 38573k| 109.4 |  1451M | 109 | 302 | 106 | 448 |2047k|  2 |2856 |1082 |-5.017488e+00 |      --      |    Inf | unknown
 3147s|352800 |352801 | 38581k| 109.4 |  1451M | 109 | 302 | 105 | 383 |2047k|  2 |2857 |1082 |-5.017488e+00 |      --      |    Inf | unknown
 3147s|352900 |352901 | 38589k| 109.3 |  1453M | 109 | 302 | 105 | 584 |2048k|  2 |2857 |1082 |-5.017456e+00 |      --      |    Inf | unknown
 3148s|353000 |353001 | 38606k| 109.4 |  1454M | 109 | 302 | 102 | 549 |2048k|  2 |2857 |1082 |-5.017456e+00 |      --      |    Inf | unknown
 3149s|353100 |353101 | 38615k| 109.4 |  1454M | 109 | 302 | 103 | 523 |2049k|  2 |2859 |1082 |-5.017456e+00 |      --      |    Inf | unknown
 3149s|353200 |353201 | 38623k| 109.3 |  1454M | 109 | 302 | 103 | 492 |2049k|  4 |2859 |1082 |-5.017426e+00 |      --      |    Inf | unknown
 3166s|353300 |353301 | 38637k| 109.4 |  1455M | 109 | 302 | 103 | 398 |2050k|  2 |2859 |1082 |-5.017426e+00 |      --      |    Inf | unknown
 3166s|353400 |353401 | 38646k| 109.4 |  1456M | 109 | 302 | 103 | 567 |2050k|  2 |2860 |1082 |-5.017426e+00 |      --      |    Inf | unknown
 3167s|353500 |353501 | 38659k| 109.4 |  1456M | 109 | 302 | 102 | 528 |2051k|  3 |2860 |1082 |-5.017336e+00 |      --      |    Inf | unknown
 3168s|353600 |353601 | 38671k| 109.4 |  1456M | 109 | 302 | 101 | 447 |2052k|  4 |2860 |1082 |-5.017336e+00 |      --      |    Inf | unknown
 3168s|353700 |353701 | 38680k| 109.4 |  1456M | 109 | 302 | 102 | 387 |2052k|  5 |2861 |1082 |-5.017311e+00 |      --      |    Inf | unknown
 3169s|353800 |353801 | 38688k| 109.3 |  1457M | 109 | 302 | 102 | 617 |2053k|  2 |2861 |1082 |-5.017311e+00 |      --      |    Inf | unknown
 time | node  | left  |LP iter|LP it/n|mem/heur|mdpt |vars |cons |rows |cuts |sepa|confs|strbr|  dualbound   | primalbound  |  gap   | compl. 
 3169s|353900 |353901 | 38697k| 109.3 |  1457M | 109 | 302 | 102 | 552 |2053k|  2 |2861 |1082 |-5.017311e+00 |      --      |    Inf | unknown
 3169s|354000 |354001 | 38706k| 109.3 |  1457M | 109 | 302 | 102 | 465 |2054k|  2 |2861 |1082 |-5.017292e+00 |      --      |    Inf | unknown
 3170s|354100 |354101 | 38714k| 109.3 |  1458M | 109 | 302 | 103 | 503 |2055k|  2 |2862 |1082 |-5.017292e+00 |      --      |    Inf | unknown
 3170s|354200 |354201 | 38723k| 109.3 |  1458M | 109 | 302 | 104 | 415 |2055k|  2 |2863 |1082 |-5.017292e+00 |      --      |    Inf | unknown
 3171s|354300 |354301 | 38732k| 109.3 |  1458M | 109 | 302 | 106 | 517 |2056k|  2 |2865 |1082 |-5.017264e+00 |      --      |    Inf | unknown
 3171s|354400 |354401 | 38741k| 109.3 |  1458M | 109 | 302 | 106 | 520 |2056k|  2 |2865 |1082 |-5.017264e+00 |      --      |    Inf | unknown
 3171s|354500 |354501 | 38750k| 109.3 |  1458M | 109 | 302 | 108 | 490 |2057k|  3 |2867 |1082 |-5.017264e+00 |      --      |    Inf | unknown
 3172s|354600 |354601 | 38763k| 109.3 |  1459M | 109 | 302 | 104 | 414 |2057k|  2 |2867 |1082 |-5.017248e+00 |      --      |    Inf | unknown
 3173s|354700 |354701 | 38772k| 109.3 |  1460M | 109 | 302 | 104 | 322 |2058k|  2 |2870 |1082 |-5.017248e+00 |      --      |    Inf | unknown
 3173s|354800 |354801 | 38781k| 109.3 |  1460M | 109 | 302 | 104 | 623 |2059k|  3 |2870 |1082 |-5.017248e+00 |      --      |    Inf | unknown
 3173s|354900 |354901 | 38790k| 109.3 |  1460M | 109 | 302 | 104 | 551 |2059k|  2 |2870 |1082 |-5.017246e+00 |      --      |    Inf | unknown
 3187s|355000 |355001 | 38805k| 109.3 |  1461M | 109 | 302 | 105 | 507 |2060k|  2 |2871 |1082 |-5.017246e+00 |      --      |    Inf | unknown
 3188s|355100 |355101 | 38822k| 109.3 |  1461M | 109 | 302 | 103 | 394 |2060k|  2 |2872 |1082 |-5.017227e+00 |      --      |    Inf | unknown
 3188s|355200 |355201 | 38830k| 109.3 |  1461M | 109 | 302 | 103 | 610 |2061k|  1 |2872 |1082 |-5.017227e+00 |      --      |    Inf | unknown
 3189s|355300 |355301 | 38839k| 109.3 |  1463M | 109 | 302 | 103 | 550 |2062k|  2 |2872 |1082 |-5.017227e+00 |      --      |    Inf | unknown
 time | node  | left  |LP iter|LP it/n|mem/heur|mdpt |vars |cons |rows |cuts |sepa|confs|strbr|  dualbound   | primalbound  |  gap   | compl. 
 3189s|355400 |355401 | 38851k| 109.3 |  1463M | 109 | 302 | 103 | 470 |2062k|  2 |2873 |1082 |-5.017221e+00 |      --      |    Inf | unknown
 3190s|355500 |355501 | 38860k| 109.3 |  1463M | 109 | 302 | 102 | 480 |2063k|  2 |2873 |1082 |-5.017221e+00 |      --      |    Inf | unknown
 3190s|355600 |355601 | 38870k| 109.3 |  1463M | 109 | 302 | 103 | 396 |2063k|  3 |2874 |1082 |-5.017221e+00 |      --      |    Inf | unknown
 3191s|355700 |355701 | 38880k| 109.3 |  1463M | 109 | 302 | 103 | 564 |2064k|  1 |2874 |1082 |-5.017206e+00 |      --      |    Inf | unknown
 3191s|355800 |355801 | 38893k| 109.3 |  1463M | 109 | 302 | 103 | 574 |2065k|  2 |2875 |1082 |-5.017206e+00 |      --      |    Inf | unknown
 3192s|355900 |355901 | 38901k| 109.3 |  1463M | 109 | 302 | 104 | 469 |2065k|  3 |2876 |1082 |-5.017206e+00 |      --      |    Inf | unknown
 3192s|356000 |356001 | 38912k| 109.3 |  1463M | 109 | 302 | 105 | 421 |2066k|  3 |2878 |1082 |-5.017196e+00 |      --      |    Inf | unknown
 3193s|356100 |356101 | 38922k| 109.3 |  1464M | 109 | 302 | 106 | 418 |2066k|  4 |2879 |1082 |-5.017196e+00 |      --      |    Inf | unknown
 3193s|356200 |356201 | 38931k| 109.3 |  1464M | 109 | 302 | 108 | 580 |2067k|  2 |2881 |1082 |-5.017196e+00 |      --      |    Inf | unknown
 3194s|356300 |356301 | 38941k| 109.3 |  1464M | 109 | 302 | 110 | 539 |2068k|  2 |2883 |1082 |-5.017185e+00 |      --      |    Inf | unknown
 3196s|356400 |356401 | 38951k| 109.3 |  1464M | 109 | 302 | 111 | 458 |2068k|  3 |2884 |1082 |-5.017185e+00 |      --      |    Inf | unknown
 3196s|356500 |356501 | 38961k| 109.3 |  1464M | 109 | 302 | 110 | 378 |2069k|  2 |2885 |1082 |-5.017154e+00 |      --      |    Inf | unknown
 3197s|356600 |356601 | 38969k| 109.3 |  1465M | 109 | 302 | 111 | 603 |2069k|  3 |2886 |1082 |-5.017154e+00 |      --      |    Inf | unknown
 3197s|356700 |356701 | 38979k| 109.3 |  1465M | 109 | 302 | 110 | 573 |2070k|  2 |2886 |1083 |-5.017154e+00 |      --      |    Inf | unknown
 3199s|356800 |356801 | 38990k| 109.3 |  1466M | 109 | 302 | 108 | 493 |2071k|  4 |2888 |1083 |-5.017139e+00 |      --      |    Inf | unknown
 time | node  | left  |LP iter|LP it/n|mem/heur|mdpt |vars |cons |rows |cuts |sepa|confs|strbr|  dualbound   | primalbound  |  gap   | compl. 
 3200s|356900 |356901 | 39002k| 109.3 |  1466M | 109 | 302 | 104 | 432 |2071k|  3 |2889 |1083 |-5.017139e+00 |      --      |    Inf | unknown
 3206s|357000 |357001 | 39014k| 109.3 |  1466M | 109 | 302 | 103 | 397 |2072k|  2 |2890 |1083 |-5.017139e+00 |      --      |    Inf | unknown
 3206s|357100 |357101 | 39023k| 109.3 |  1467M | 109 | 302 | 102 | 565 |2072k|  3 |2890 |1083 |-5.017123e+00 |      --      |    Inf | unknown
 3207s|357200 |357201 | 39041k| 109.3 |  1467M | 109 | 302 | 101 | 516 |2073k|  2 |2890 |1083 |-5.017123e+00 |      --      |    Inf | unknown
 3208s|357300 |357301 | 39050k| 109.3 |  1467M | 109 | 302 | 101 | 497 |2073k|  2 |2890 |1083 |-5.017123e+00 |      --      |    Inf | unknown
 3208s|357400 |357401 | 39060k| 109.3 |  1467M | 109 | 302 | 101 | 412 |2074k|  2 |2890 |1083 |-5.017120e+00 |      --      |    Inf | unknown
 3209s|357500 |357501 | 39070k| 109.3 |  1467M | 109 | 302 | 101 | 360 |2075k|  3 |2890 |1083 |-5.017120e+00 |      --      |    Inf | unknown
 3209s|357600 |357601 | 39078k| 109.3 |  1469M | 109 | 302 | 101 | 584 |2075k|  2 |2890 |1083 |-5.017120e+00 |      --      |    Inf | unknown
 3209s|357700 |357701 | 39088k| 109.3 |  1469M | 109 | 302 | 102 | 528 |2076k|  2 |2891 |1083 |-5.017109e+00 |      --      |    Inf | unknown
 3210s|357800 |357801 | 39097k| 109.3 |  1469M | 109 | 302 | 102 | 500 |2077k|  3 |2891 |1083 |-5.017109e+00 |      --      |    Inf | unknown
 3227s|357900 |357901 | 39113k| 109.3 |  1470M | 109 | 302 | 104 | 361 |2077k|  2 |2893 |1083 |-5.017103e+00 |      --      |    Inf | unknown
 3227s|358000 |358001 | 39122k| 109.3 |  1470M | 109 | 302 | 105 | 612 |2078k|  2 |2895 |1083 |-5.017103e+00 |      --      |    Inf | unknown
 3227s|358100 |358101 | 39130k| 109.3 |  1470M | 109 | 302 | 105 | 550 |2078k|  2 |2895 |1083 |-5.017103e+00 |      --      |    Inf | unknown
 3228s|358200 |358201 | 39146k| 109.3 |  1470M | 109 | 302 | 101 | 472 |2079k|  2 |2895 |1083 |-5.017090e+00 |      --      |    Inf | unknown
 3229s|358300 |358301 | 39155k| 109.3 |  1471M | 109 | 302 | 102 | 440 |2079k|  2 |2896 |1084 |-5.017090e+00 |      --      |    Inf | unknown
 time | node  | left  |LP iter|LP it/n|mem/heur|mdpt |vars |cons |rows |cuts |sepa|confs|strbr|  dualbound   | primalbound  |  gap   | compl. 
 3229s|358400 |358401 | 39163k| 109.3 |  1472M | 109 | 302 | 103 | 441 |2080k|  2 |2897 |1084 |-5.017090e+00 |      --      |    Inf | unknown
 3230s|358500 |358501 | 39172k| 109.3 |  1472M | 109 | 302 | 104 | 542 |2081k|  3 |2898 |1084 |-5.017055e+00 |      --      |    Inf | unknown
 3230s|358600 |358601 | 39182k| 109.3 |  1472M | 109 | 302 | 105 | 563 |2081k|  2 |2899 |1084 |-5.017055e+00 |      --      |    Inf | unknown
 3230s|358700 |358701 | 39190k| 109.3 |  1472M | 109 | 302 | 105 | 510 |2082k|  3 |2899 |1084 |-5.017055e+00 |      --      |    Inf | unknown
 3231s|358800 |358801 | 39199k| 109.2 |  1472M | 109 | 302 | 106 | 469 |2082k|  2 |2900 |1084 |-5.017024e+00 |      --      |    Inf | unknown
 3231s|358900 |358901 | 39207k| 109.2 |  1473M | 109 | 302 | 106 | 347 |2083k|  2 |2900 |1084 |-5.017024e+00 |      --      |    Inf | unknown
 3232s|359000 |359001 | 39216k| 109.2 |  1473M | 109 | 302 | 106 | 572 |2083k|  2 |2900 |1084 |-5.017024e+00 |      --      |    Inf | unknown
 3232s|359100 |359101 | 39225k| 109.2 |  1474M | 109 | 302 | 106 | 517 |2084k|  3 |2901 |1084 |-5.016993e+00 |      --      |    Inf | unknown
 3233s|359200 |359201 | 39242k| 109.2 |  1474M | 109 | 302 | 103 | 509 |2084k|  1 |2901 |1085 |-5.016993e+00 |      --      |    Inf | unknown
 3233s|359300 |359301 | 39250k| 109.2 |  1474M | 109 | 302 | 102 | 377 |2085k|  4 |2901 |1085 |-5.016940e+00 |      --      |    Inf | unknown
 3234s|359400 |359401 | 39259k| 109.2 |  1474M | 109 | 302 | 103 | 555 |2086k|  4 |2902 |1085 |-5.016940e+00 |      --      |    Inf | unknown
 3235s|359500 |359501 | 39274k| 109.2 |  1475M | 109 | 302 | 101 | 541 |2086k|  2 |2902 |1085 |-5.016940e+00 |      --      |    Inf | unknown
 3235s|359600 |359601 | 39281k| 109.2 |  1475M | 109 | 302 | 101 | 476 |2087k|  2 |2902 |1085 |-5.016925e+00 |      --      |    Inf | unknown
 3236s|359700 |359701 | 39290k| 109.2 |  1476M | 109 | 302 | 103 | 459 |2087k|  2 |2904 |1085 |-5.016925e+00 |      --      |    Inf | unknown
 3236s|359800 |359801 | 39299k| 109.2 |  1476M | 109 | 302 | 104 | 360 |2088k|  2 |2905 |1085 |-5.016925e+00 |      --      |    Inf | unknown
 time | node  | left  |LP iter|LP it/n|mem/heur|mdpt |vars |cons |rows |cuts |sepa|confs|strbr|  dualbound   | primalbound  |  gap   | compl. 
 3236s|359900 |359901 | 39308k| 109.2 |  1476M | 109 | 302 | 104 | 575 |2088k|  5 |2905 |1086 |-5.016885e+00 |      --      |    Inf | unknown
 3251s|360000 |360001 | 39324k| 109.2 |  1477M | 109 | 302 | 103 | 521 |2089k|  2 |2905 |1086 |-5.016885e+00 |      --      |    Inf | unknown
 3251s|360100 |360101 | 39334k| 109.2 |  1477M | 109 | 302 | 102 | 525 |2090k|  2 |2905 |1086 |-5.016885e+00 |      --      |    Inf | unknown
 3252s|360200 |360201 | 39343k| 109.2 |  1477M | 109 | 302 | 103 | 476 |2090k|  2 |2907 |1086 |-5.016874e+00 |      --      |    Inf | unknown
 3252s|360300 |360301 | 39351k| 109.2 |  1477M | 109 | 302 | 104 | 344 |2091k|  2 |2908 |1086 |-5.016874e+00 |      --      |    Inf | unknown
 3252s|360400 |360401 | 39360k| 109.2 |  1477M | 109 | 302 | 104 | 602 |2091k|  3 |2908 |1087 |-5.016874e+00 |      --      |    Inf | unknown
 3253s|360500 |360501 | 39371k| 109.2 |  1478M | 109 | 302 | 105 | 501 |2092k|  3 |2909 |1087 |-5.016809e+00 |      --      |    Inf | unknown
 3253s|360600 |360601 | 39381k| 109.2 |  1478M | 109 | 302 | 105 | 455 |2093k|  2 |2909 |1087 |-5.016809e+00 |      --      |    Inf | unknown
 3254s|360700 |360701 | 39395k| 109.2 |  1478M | 109 | 302 | 103 | 373 |2093k|  2 |2910 |1087 |-5.016807e+00 |      --      |    Inf | unknown
 3254s|360800 |360801 | 39403k| 109.2 |  1479M | 109 | 302 | 103 | 628 |2094k|  5 |2910 |1087 |-5.016807e+00 |      --      |    Inf | unknown
 3255s|360900 |360901 | 39414k| 109.2 |  1480M | 109 | 302 | 103 | 580 |2094k|  4 |2911 |1087 |-5.016807e+00 |      --      |    Inf | unknown
 3255s|361000 |361001 | 39424k| 109.2 |  1482M | 109 | 302 | 104 | 511 |2095k|  3 |2912 |1087 |-5.016776e+00 |      --      |    Inf | unknown
 3256s|361100 |361101 | 39433k| 109.2 |  1482M | 109 | 302 | 105 | 419 |2095k|  1 |2913 |1087 |-5.016776e+00 |      --      |    Inf | unknown
 3256s|361200 |361201 | 39443k| 109.2 |  1482M | 109 | 302 | 104 | 417 |2096k|  2 |2913 |1087 |-5.016776e+00 |      --      |    Inf | unknown
 3257s|361300 |361301 | 39453k| 109.2 |  1483M | 109 | 302 | 104 | 583 |2097k|  4 |2913 |1088 |-5.016766e+00 |      --      |    Inf | unknown
 time | node  | left  |LP iter|LP it/n|mem/heur|mdpt |vars |cons |rows |cuts |sepa|confs|strbr|  dualbound   | primalbound  |  gap   | compl. 
 3257s|361400 |361401 | 39461k| 109.2 |  1483M | 109 | 302 | 104 | 566 |2097k|  2 |2913 |1088 |-5.016766e+00 |      --      |    Inf | unknown
 3258s|361500 |361501 | 39478k| 109.2 |  1484M | 109 | 302 | 101 | 490 |2098k|  2 |2913 |1088 |-5.016766e+00 |      --      |    Inf | unknown
 3259s|361600 |361601 | 39488k| 109.2 |  1484M | 109 | 302 | 101 | 438 |2098k|  2 |2913 |1089 |-5.016758e+00 |      --      |    Inf | unknown
 3259s|361700 |361701 | 39496k| 109.2 |  1484M | 109 | 302 | 102 | 386 |2099k|  2 |2914 |1089 |-5.016758e+00 |      --      |    Inf | unknown
 3261s|361800 |361801 | 39505k| 109.2 |  1485M | 109 | 302 | 104 | 552 |2100k|  2 |2916 |1089 |-5.016758e+00 |      --      |    Inf | unknown
 3261s|361900 |361901 | 39514k| 109.2 |  1485M | 109 | 302 | 104 | 527 |2100k|  2 |2916 |1089 |-5.016752e+00 |      --      |    Inf | unknown
 3262s|362000 |362001 | 39528k| 109.2 |  1485M | 109 | 302 | 104 | 489 |2101k|  4 |2916 |1089 |-5.016752e+00 |      --      |    Inf | unknown
 3264s|362100 |362101 | 39537k| 109.2 |  1485M | 109 | 302 | 102 | 387 |2101k|  2 |2917 |1089 |-5.016723e+00 |      --      |    Inf | unknown
 3264s|362200 |362201 | 39545k| 109.2 |  1485M | 109 | 302 | 102 | 590 |2102k|  2 |2917 |1091 |-5.016723e+00 |      --      |    Inf | unknown
 3265s|362300 |362301 | 39553k| 109.2 |  1486M | 109 | 302 | 102 | 526 |2102k|  2 |2917 |1091 |-5.016723e+00 |      --      |    Inf | unknown
 3269s|362400 |362401 | 39565k| 109.2 |  1486M | 109 | 302 | 105 | 488 |2103k|  2 |2920 |1091 |-5.016703e+00 |      --      |    Inf | unknown
 3269s|362500 |362501 | 39573k| 109.2 |  1486M | 109 | 302 | 105 | 440 |2103k|  4 |2920 |1091 |-5.016703e+00 |      --      |    Inf | unknown
 3269s|362600 |362601 | 39581k| 109.2 |  1486M | 109 | 302 | 106 | 352 |2104k|  2 |2921 |1091 |-5.016703e+00 |      --      |    Inf | unknown
 3270s|362700 |362701 | 39591k| 109.1 |  1486M | 109 | 302 | 106 | 536 |2104k|  3 |2922 |1091 |-5.016702e+00 |      --      |    Inf | unknown
 3270s|362800 |362801 | 39599k| 109.1 |  1487M | 109 | 302 | 107 | 534 |2105k|  2 |2923 |1091 |-5.016702e+00 |      --      |    Inf | unknown
 time | node  | left  |LP iter|LP it/n|mem/heur|mdpt |vars |cons |rows |cuts |sepa|confs|strbr|  dualbound   | primalbound  |  gap   | compl. 
 3271s|362900 |362901 | 39608k| 109.1 |  1487M | 109 | 302 | 108 | 516 |2106k|  3 |2924 |1091 |-5.016702e+00 |      --      |    Inf | unknown
 3271s|363000 |363001 | 39617k| 109.1 |  1488M | 109 | 302 | 110 | 478 |2106k|  3 |2926 |1091 |-5.016688e+00 |      --      |    Inf | unknown
 3288s|363100 |363101 | 39636k| 109.2 |  1489M | 109 | 302 | 102 | 358 |2107k|  2 |2927 |1091 |-5.016688e+00 |      --      |    Inf | unknown
 3289s|363200 |363201 | 39646k| 109.2 |  1489M | 109 | 302 | 102 | 578 |2107k|  1 |2927 |1091 |-5.016688e+00 |      --      |    Inf | unknown
 3289s|363300 |363301 | 39655k| 109.1 |  1489M | 109 | 302 | 103 | 547 |2108k|  2 |2928 |1091 |-5.016654e+00 |      --      |    Inf | unknown
 3289s|363400 |363401 | 39664k| 109.1 |  1489M | 109 | 302 | 103 | 465 |2109k|  4 |2928 |1092 |-5.016654e+00 |      --      |    Inf | unknown
 3290s|363500 |363501 | 39678k| 109.1 |  1490M | 109 | 302 | 104 | 403 |2109k|  4 |2929 |1092 |-5.016650e+00 |      --      |    Inf | unknown
 3291s|363600 |363601 | 39686k| 109.1 |  1490M | 109 | 302 | 103 | 651 |2110k|  3 |2930 |1092 |-5.016650e+00 |      --      |    Inf | unknown
 3291s|363700 |363701 | 39703k| 109.2 |  1490M | 109 | 302 | 103 | 526 |2110k|  4 |2930 |1092 |-5.016650e+00 |      --      |    Inf | unknown
 3292s|363800 |363801 | 39713k| 109.2 |  1490M | 109 | 302 | 105 | 469 |2111k|  4 |2932 |1092 |-5.016647e+00 |      --      |    Inf | unknown
 3293s|363900 |363901 | 39724k| 109.2 |  1491M | 109 | 302 | 103 | 472 |2111k|  3 |2932 |1092 |-5.016647e+00 |      --      |    Inf | unknown
 3293s|364000 |364001 | 39733k| 109.2 |  1491M | 109 | 302 | 104 | 387 |2112k|  2 |2933 |1092 |-5.016647e+00 |      --      |    Inf | unknown
 3293s|364100 |364101 | 39741k| 109.1 |  1491M | 109 | 302 | 104 | 511 |2113k|  2 |2933 |1092 |-5.016637e+00 |      --      |    Inf | unknown
 3294s|364200 |364201 | 39749k| 109.1 |  1491M | 109 | 302 | 105 | 543 |2113k|  4 |2934 |1092 |-5.016637e+00 |      --      |    Inf | unknown
 3294s|364300 |364301 | 39758k| 109.1 |  1491M | 109 | 302 | 105 | 523 |2114k|  3 |2935 |1092 |-5.016637e+00 |      --      |    Inf | unknown
 time | node  | left  |LP iter|LP it/n|mem/heur|mdpt |vars |cons |rows |cuts |sepa|confs|strbr|  dualbound   | primalbound  |  gap   | compl. 
 3295s|364400 |364401 | 39767k| 109.1 |  1492M | 109 | 302 | 104 | 435 |2114k|  2 |2935 |1093 |-5.016607e+00 |      --      |    Inf | unknown
 3295s|364500 |364501 | 39775k| 109.1 |  1492M | 109 | 302 | 106 | 362 |2115k|  2 |2937 |1093 |-5.016607e+00 |      --      |    Inf | unknown
 3295s|364600 |364601 | 39784k| 109.1 |  1492M | 109 | 302 | 107 | 593 |2115k|  3 |2938 |1093 |-5.016607e+00 |      --      |    Inf | unknown
 3296s|364700 |364701 | 39793k| 109.1 |  1493M | 109 | 302 | 108 | 535 |2116k|  2 |2939 |1093 |-5.016579e+00 |      --      |    Inf | unknown
 3297s|364800 |364801 | 39806k| 109.1 |  1494M | 109 | 302 | 106 | 481 |2117k|  4 |2940 |1093 |-5.016579e+00 |      --      |    Inf | unknown
 3297s|364900 |364901 | 39816k| 109.1 |  1494M | 109 | 302 | 103 | 398 |2117k|  4 |2940 |1093 |-5.016537e+00 |      --      |    Inf | unknown
 3311s|365000 |365001 | 39829k| 109.1 |  1494M | 109 | 302 | 101 | 609 |2118k|  4 |2940 |1093 |-5.016537e+00 |      --      |    Inf | unknown
 3312s|365100 |365101 | 39841k| 109.1 |  1494M | 109 | 302 | 103 | 555 |2118k|  2 |2942 |1093 |-5.016537e+00 |      --      |    Inf | unknown
 3312s|365200 |365201 | 39850k| 109.1 |  1494M | 109 | 302 | 103 | 494 |2119k|  2 |2942 |1093 |-5.016532e+00 |      --      |    Inf | unknown
 3313s|365300 |365301 | 39859k| 109.1 |  1494M | 109 | 302 | 104 | 442 |2119k|  4 |2943 |1093 |-5.016532e+00 |      --      |    Inf | unknown
 3313s|365400 |365401 | 39868k| 109.1 |  1495M | 109 | 302 | 105 | 433 |2120k|  5 |2944 |1093 |-5.016532e+00 |      --      |    Inf | unknown
 3313s|365500 |365501 | 39876k| 109.1 |  1495M | 109 | 302 | 106 | 538 |2121k|  3 |2945 |1094 |-5.016509e+00 |      --      |    Inf | unknown
 3314s|365600 |365601 | 39885k| 109.1 |  1495M | 109 | 302 | 106 | 595 |2121k|  3 |2945 |1094 |-5.016509e+00 |      --      |    Inf | unknown
 3314s|365700 |365701 | 39895k| 109.1 |  1496M | 109 | 302 | 105 | 514 |2122k|  2 |2946 |1094 |-5.016509e+00 |      --      |    Inf | unknown
 3315s|365800 |365801 | 39912k| 109.1 |  1496M | 109 | 302 | 102 | 480 |2122k|  2 |2946 |1095 |-5.016492e+00 |      --      |    Inf | unknown
 time | node  | left  |LP iter|LP it/n|mem/heur|mdpt |vars |cons |rows |cuts |sepa|confs|strbr|  dualbound   | primalbound  |  gap   | compl. 
 3316s|365900 |365901 | 39926k| 109.1 |  1496M | 109 | 302 | 103 | 392 |2123k|  4 |2948 |1095 |-5.016492e+00 |      --      |    Inf | unknown
 3316s|366000 |366001 | 39934k| 109.1 |  1496M | 109 | 302 | 103 | 594 |2123k|  2 |2948 |1095 |-5.016492e+00 |      --      |    Inf | unknown
 3317s|366100 |366101 | 39944k| 109.1 |  1496M | 109 | 302 | 104 | 566 |2124k|  2 |2949 |1095 |-5.016438e+00 |      --      |    Inf | unknown
 3317s|366200 |366201 | 39953k| 109.1 |  1497M | 109 | 302 | 105 | 487 |2124k|  2 |2950 |1095 |-5.016438e+00 |      --      |    Inf | unknown
 3318s|366300 |366301 | 39962k| 109.1 |  1497M | 109 | 302 | 105 | 397 |2125k|  3 |2950 |1095 |-5.016436e+00 |      --      |    Inf | unknown
 3318s|366400 |366401 | 39971k| 109.1 |  1497M | 109 | 302 | 105 | 564 |2125k|  2 |2950 |1095 |-5.016436e+00 |      --      |    Inf | unknown
 3318s|366500 |366501 | 39979k| 109.1 |  1498M | 109 | 302 | 106 | 569 |2126k|  2 |2951 |1095 |-5.016436e+00 |      --      |    Inf | unknown
 3319s|366600 |366601 | 39988k| 109.1 |  1498M | 109 | 302 | 107 | 482 |2127k|  2 |2952 |1095 |-5.016419e+00 |      --      |    Inf | unknown
 3319s|366700 |366701 | 39998k| 109.1 |  1498M | 109 | 302 | 109 | 479 |2127k|  2 |2955 |1095 |-5.016419e+00 |      --      |    Inf | unknown
 3321s|366800 |366801 | 40008k| 109.1 |  1498M | 109 | 302 | 108 | 360 |2128k|  2 |2956 |1096 |-5.016419e+00 |      --      |    Inf | unknown
 3322s|366900 |366901 | 40017k| 109.1 |  1499M | 109 | 302 | 108 | 541 |2128k|  2 |2956 |1096 |-5.016418e+00 |      --      |    Inf | unknown
 3322s|367000 |367001 | 40025k| 109.1 |  1500M | 109 | 302 | 108 | 523 |2129k|  4 |2957 |1096 |-5.016418e+00 |      --      |    Inf | unknown
 3324s|367100 |367101 | 40037k| 109.1 |  1500M | 109 | 302 | 111 | 468 |2130k|  3 |2961 |1096 |-5.016418e+00 |      --      |    Inf | unknown
 3325s|367200 |367201 | 40050k| 109.1 |  1501M | 109 | 302 | 106 | 470 |2130k|  2 |2961 |1096 |-5.016409e+00 |      --      |    Inf | unknown
 3325s|367300 |367301 | 40060k| 109.1 |  1501M | 109 | 302 | 107 | 351 |2131k|  2 |2963 |1097 |-5.016409e+00 |      --      |    Inf | unknown
 time | node  | left  |LP iter|LP it/n|mem/heur|mdpt |vars |cons |rows |cuts |sepa|confs|strbr|  dualbound   | primalbound  |  gap   | compl. 
 3334s|367400 |367401 | 40073k| 109.1 |  1502M | 109 | 302 | 104 | 570 |2132k|  2 |2964 |1097 |-5.016409e+00 |      --      |    Inf | unknown
 3335s|367500 |367501 | 40083k| 109.1 |  1502M | 109 | 302 | 105 | 510 |2132k|  2 |2965 |1097 |-5.016395e+00 |      --      |    Inf | unknown
 3335s|367600 |367601 | 40092k| 109.1 |  1502M | 109 | 302 | 105 | 467 |2133k|  3 |2965 |1097 |-5.016395e+00 |      --      |    Inf | unknown
 3335s|367700 |367701 | 40102k| 109.1 |  1503M | 109 | 302 | 106 | 355 |2133k|  1 |2966 |1097 |-5.016382e+00 |      --      |    Inf | unknown
 3336s|367800 |367801 | 40112k| 109.1 |  1504M | 109 | 302 | 106 | 603 |2134k|  3 |2968 |1097 |-5.016382e+00 |      --      |    Inf | unknown
 3337s|367900 |367901 | 40129k| 109.1 |  1504M | 109 | 302 | 104 | 530 |2135k|  2 |2968 |1098 |-5.016382e+00 |      --      |    Inf | unknown
 3337s|368000 |368001 | 40138k| 109.1 |  1504M | 109 | 302 | 104 | 493 |2135k|  4 |2969 |1098 |-5.016351e+00 |      --      |    Inf | unknown
 3338s|368100 |368101 | 40149k| 109.1 |  1504M | 109 | 302 | 104 | 507 |2136k|  3 |2971 |1098 |-5.016351e+00 |      --      |    Inf | unknown
 3338s|368200 |368201 | 40158k| 109.1 |  1504M | 109 | 302 | 104 | 376 |2136k|  2 |2971 |1098 |-5.016351e+00 |      --      |    Inf | unknown
 3339s|368300 |368301 | 40171k| 109.1 |  1504M | 109 | 302 | 104 | 541 |2137k|  2 |2971 |1098 |-5.016339e+00 |      --      |    Inf | unknown
 3356s|368400 |368401 | 40187k| 109.1 |  1505M | 109 | 302 | 102 | 540 |2138k|  1 |2972 |1098 |-5.016339e+00 |      --      |    Inf | unknown
 3356s|368500 |368501 | 40196k| 109.1 |  1507M | 109 | 302 | 104 | 475 |2138k|  4 |2974 |1099 |-5.016339e+00 |      --      |    Inf | unknown
 3357s|368600 |368601 | 40206k| 109.1 |  1508M | 109 | 302 | 104 | 436 |2139k|  2 |2974 |1099 |-5.016336e+00 |      --      |    Inf | unknown
 3357s|368700 |368701 | 40215k| 109.1 |  1508M | 109 | 302 | 103 | 376 |2139k|  2 |2974 |1100 |-5.016336e+00 |      --      |    Inf | unknown
 3358s|368800 |368801 | 40224k| 109.1 |  1508M | 109 | 302 | 103 | 597 |2140k|  2 |2974 |1100 |-5.016336e+00 |      --      |    Inf | unknown
 time | node  | left  |LP iter|LP it/n|mem/heur|mdpt |vars |cons |rows |cuts |sepa|confs|strbr|  dualbound   | primalbound  |  gap   | compl. 
 3358s|368900 |368901 | 40235k| 109.1 |  1508M | 109 | 302 | 105 | 511 |2141k|  2 |2976 |1100 |-5.016324e+00 |      --      |    Inf | unknown
 3359s|369000 |369001 | 40244k| 109.1 |  1508M | 109 | 302 | 105 | 489 |2141k|  2 |2976 |1100 |-5.016324e+00 |      --      |    Inf | unknown
 3359s|369100 |369101 | 40253k| 109.1 |  1508M | 109 | 302 | 104 | 392 |2142k|  3 |2976 |1100 |-5.016282e+00 |      --      |    Inf | unknown
 3359s|369200 |369201 | 40261k| 109.0 |  1509M | 109 | 302 | 103 | 611 |2143k|  2 |2976 |1100 |-5.016282e+00 |      --      |    Inf | unknown
 3360s|369300 |369301 | 40272k| 109.0 |  1510M | 109 | 302 | 103 | 583 |2143k|  1 |2976 |1101 |-5.016282e+00 |      --      |    Inf | unknown
 3361s|369400 |369401 | 40281k| 109.0 |  1510M | 109 | 302 | 104 | 485 |2144k|  4 |2978 |1101 |-5.016271e+00 |      --      |    Inf | unknown
 3361s|369500 |369501 | 40289k| 109.0 |  1511M | 109 | 302 | 103 | 451 |2144k|  2 |2978 |1101 |-5.016271e+00 |      --      |    Inf | unknown
 3362s|369600 |369601 | 40303k| 109.0 |  1511M | 109 | 302 | 104 | 399 |2145k|  2 |2979 |1101 |-5.016271e+00 |      --      |    Inf | unknown
 3362s|369700 |369701 | 40312k| 109.0 |  1511M | 109 | 302 | 104 | 558 |2146k|  2 |2979 |1101 |-5.016270e+00 |      --      |    Inf | unknown
 3362s|369800 |369801 | 40320k| 109.0 |  1511M | 109 | 302 | 104 | 519 |2146k|  2 |2980 |1101 |-5.016270e+00 |      --      |    Inf | unknown
 3363s|369900 |369901 | 40330k| 109.0 |  1512M | 109 | 302 | 104 | 544 |2147k|  4 |2982 |1102 |-5.016270e+00 |      --      |    Inf | unknown
 3364s|370000 |370001 | 40346k| 109.0 |  1513M | 109 | 302 | 104 | 451 |2147k|  3 |2982 |1102 |-5.016233e+00 |      --      |    Inf | unknown
 3364s|370100 |370101 | 40356k| 109.0 |  1513M | 109 | 302 | 105 | 361 |2148k|  1 |2983 |1102 |-5.016233e+00 |      --      |    Inf | unknown
 3364s|370200 |370201 | 40364k| 109.0 |  1514M | 109 | 302 | 105 | 605 |2148k|  4 |2983 |1102 |-5.016233e+00 |      --      |    Inf | unknown
 3379s|370300 |370301 | 40380k| 109.0 |  1515M | 109 | 302 | 102 | 540 |2149k|  2 |2983 |1102 |-5.016216e+00 |      --      |    Inf | unknown
 time | node  | left  |LP iter|LP it/n|mem/heur|mdpt |vars |cons |rows |cuts |sepa|confs|strbr|  dualbound   | primalbound  |  gap   | compl. 
 3380s|370400 |370401 | 40390k| 109.0 |  1515M | 109 | 302 | 103 | 503 |2150k|  4 |2985 |1102 |-5.016216e+00 |      --      |    Inf | unknown
 3380s|370500 |370501 | 40399k| 109.0 |  1515M | 109 | 302 | 104 | 377 |2150k|  2 |2986 |1102 |-5.016194e+00 |      --      |    Inf | unknown
 3381s|370600 |370601 | 40409k| 109.0 |  1515M | 109 | 302 | 105 | 646 |2151k|  2 |2987 |1102 |-5.016194e+00 |      --      |    Inf | unknown
 3381s|370700 |370701 | 40418k| 109.0 |  1516M | 109 | 302 | 107 | 544 |2151k|  3 |2989 |1103 |-5.016194e+00 |      --      |    Inf | unknown
 3382s|370800 |370801 | 40432k| 109.0 |  1517M | 109 | 302 | 104 | 495 |2152k|  2 |2989 |1103 |-5.016191e+00 |      --      |    Inf | unknown
 3382s|370900 |370901 | 40441k| 109.0 |  1517M | 109 | 302 | 103 | 508 |2153k|  3 |2989 |1103 |-5.016191e+00 |      --      |    Inf | unknown
 3383s|371000 |371001 | 40450k| 109.0 |  1517M | 109 | 302 | 105 | 380 |2153k|  5 |2991 |1103 |-5.016191e+00 |      --      |    Inf | unknown
 3383s|371100 |371101 | 40458k| 109.0 |  1517M | 109 | 302 | 103 | 566 |2154k|  2 |2991 |1103 |-5.016169e+00 |      --      |    Inf | unknown
 3383s|371200 |371201 | 40467k| 109.0 |  1518M | 109 | 302 | 104 | 552 |2154k|  3 |2992 |1103 |-5.016169e+00 |      --      |    Inf | unknown
 3384s|371300 |371301 | 40477k| 109.0 |  1518M | 109 | 302 | 105 | 509 |2155k|  3 |2993 |1103 |-5.016169e+00 |      --      |    Inf | unknown
 3384s|371400 |371401 | 40487k| 109.0 |  1518M | 109 | 302 | 106 | 426 |2156k|  3 |2994 |1104 |-5.016160e+00 |      --      |    Inf | unknown
 3385s|371500 |371501 | 40496k| 109.0 |  1519M | 109 | 302 | 107 | 357 |2156k|  2 |2995 |1104 |-5.016160e+00 |      --      |    Inf | unknown
 3385s|371600 |371601 | 40505k| 109.0 |  1519M | 109 | 302 | 107 | 584 |2157k|  2 |2995 |1104 |-5.016160e+00 |      --      |    Inf | unknown
 3386s|371700 |371701 | 40516k| 109.0 |  1519M | 109 | 302 | 107 | 535 |2157k|  3 |2995 |1104 |-5.016122e+00 |      --      |    Inf | unknown
 3386s|371800 |371801 | 40524k| 109.0 |  1519M | 109 | 302 | 105 | 517 |2158k|  4 |2995 |1104 |-5.016122e+00 |      --      |    Inf | unknown
 time | node  | left  |LP iter|LP it/n|mem/heur|mdpt |vars |cons |rows |cuts |sepa|confs|strbr|  dualbound   | primalbound  |  gap   | compl. 
 3386s|371900 |371901 | 40535k| 109.0 |  1519M | 109 | 302 | 104 | 372 |2159k|  4 |2996 |1105 |-5.016108e+00 |      --      |    Inf | unknown
 3387s|372000 |372001 | 40543k| 109.0 |  1521M | 109 | 302 | 106 | 504 |2159k|  2 |2998 |1105 |-5.016108e+00 |      --      |    Inf | unknown
 3388s|372100 |372101 | 40566k| 109.0 |  1523M | 109 | 302 | 101 | 549 |2160k|  2 |2998 |1105 |-5.016108e+00 |      --      |    Inf | unknown
 3390s|372200 |372201 | 40577k| 109.0 |  1523M | 109 | 302 | 103 | 493 |2160k|  2 |3000 |1105 |-5.016102e+00 |      --      |    Inf | unknown
 3391s|372300 |372301 | 40587k| 109.0 |  1525M | 109 | 302 | 103 | 428 |2161k|  2 |3000 |1105 |-5.016102e+00 |      --      |    Inf | unknown
 3391s|372400 |372401 | 40596k| 109.0 |  1525M | 109 | 302 | 104 | 417 |2162k|  1 |3001 |1105 |-5.016102e+00 |      --      |    Inf | unknown
 3393s|372500 |372501 | 40605k| 109.0 |  1525M | 109 | 302 | 104 | 556 |2162k|  4 |3003 |1105 |-5.016094e+00 |      --      |    Inf | unknown
 3394s|372600 |372601 | 40616k| 109.0 |  1525M | 109 | 302 | 104 | 577 |2163k|  4 |3003 |1105 |-5.016094e+00 |      --      |    Inf | unknown
 3394s|372700 |372701 | 40623k| 109.0 |  1525M | 109 | 302 | 104 | 516 |2163k|  2 |3003 |1105 |-5.016094e+00 |      --      |    Inf | unknown
 3399s|372800 |372801 | 40635k| 109.0 |  1525M | 109 | 302 | 106 | 457 |2164k|  4 |3005 |1105 |-5.016082e+00 |      --      |    Inf | unknown
 3400s|372900 |372901 | 40645k| 109.0 |  1526M | 109 | 302 | 106 | 400 |2165k|  4 |3005 |1105 |-5.016082e+00 |      --      |    Inf | unknown
 3400s|373000 |373001 | 40653k| 109.0 |  1526M | 109 | 302 | 106 | 530 |2165k|  2 |3005 |1105 |-5.016082e+00 |      --      |    Inf | unknown
 3400s|373100 |373101 | 40663k| 109.0 |  1528M | 109 | 302 | 105 | 551 |2166k|  4 |3006 |1105 |-5.016064e+00 |      --      |    Inf | unknown
 3401s|373200 |373201 | 40672k| 109.0 |  1528M | 109 | 302 | 105 | 479 |2166k|  2 |3006 |1105 |-5.016064e+00 |      --      |    Inf | unknown
 3401s|373300 |373301 | 40682k| 109.0 |  1529M | 109 | 302 | 106 | 403 |2167k|  3 |3008 |1105 |-5.016058e+00 |      --      |    Inf | unknown
 time | node  | left  |LP iter|LP it/n|mem/heur|mdpt |vars |cons |rows |cuts |sepa|confs|strbr|  dualbound   | primalbound  |  gap   | compl. 
 3402s|373400 |373401 | 40695k| 109.0 |  1529M | 109 | 302 | 103 | 597 |2167k|  1 |3008 |1105 |-5.016058e+00 |      --      |    Inf | unknown
 3419s|373500 |373501 | 40709k| 109.0 |  1529M | 109 | 302 | 101 | 550 |2168k|  2 |3008 |1106 |-5.016058e+00 |      --      |    Inf | unknown
 3420s|373600 |373601 | 40718k| 109.0 |  1529M | 109 | 302 | 101 | 462 |2168k|  2 |3008 |1106 |-5.016053e+00 |      --      |    Inf | unknown
 3420s|373700 |373701 | 40728k| 109.0 |  1529M | 109 | 302 | 102 | 460 |2169k|  3 |3009 |1106 |-5.016053e+00 |      --      |    Inf | unknown
 3421s|373800 |373801 | 40737k| 109.0 |  1530M | 109 | 302 | 103 | 448 |2170k|  3 |3010 |1106 |-5.016053e+00 |      --      |    Inf | unknown
 3421s|373900 |373901 | 40747k| 109.0 |  1531M | 109 | 302 | 104 | 576 |2170k|  1 |3011 |1106 |-5.016049e+00 |      --      |    Inf | unknown
 3422s|374000 |374001 | 40758k| 109.0 |  1531M | 109 | 302 | 104 | 504 |2171k|  1 |3011 |1106 |-5.016049e+00 |      --      |    Inf | unknown
 3422s|374100 |374101 | 40767k| 109.0 |  1531M | 109 | 302 | 104 | 483 |2172k|  3 |3011 |1106 |-5.016049e+00 |      --      |    Inf | unknown
 3423s|374200 |374201 | 40776k| 109.0 |  1531M | 109 | 302 | 104 | 447 |2172k|  2 |3013 |1106 |-5.016049e+00 |      --      |    Inf | unknown
 3423s|374300 |374301 | 40786k| 109.0 |  1531M | 109 | 302 | 104 | 392 |2173k|  1 |3013 |1106 |-5.016049e+00 |      --      |    Inf | unknown
 3423s|374400 |374401 | 40794k| 109.0 |  1531M | 109 | 302 | 104 | 568 |2173k|  3 |3014 |1106 |-5.016049e+00 |      --      |    Inf | unknown
 3424s|374500 |374501 | 40810k| 109.0 |  1532M | 109 | 302 | 105 | 498 |2174k|  2 |3015 |1106 |-5.016013e+00 |      --      |    Inf | unknown
 3425s|374600 |374601 | 40819k| 109.0 |  1533M | 109 | 302 | 106 | 471 |2174k|  2 |3016 |1107 |-5.016013e+00 |      --      |    Inf | unknown
 3425s|374700 |374701 | 40833k| 109.0 |  1533M | 109 | 302 | 102 | 403 |2175k|  2 |3016 |1107 |-5.016009e+00 |      --      |    Inf | unknown
 3441s|374800 |374801 | 40849k| 109.0 |  1534M | 109 | 302 | 101 | 608 |2176k|  2 |3016 |1107 |-5.016009e+00 |      --      |    Inf | unknown
 time | node  | left  |LP iter|LP it/n|mem/heur|mdpt |vars |cons |rows |cuts |sepa|confs|strbr|  dualbound   | primalbound  |  gap   | compl. 
 3441s|374900 |374901 | 40859k| 109.0 |  1535M | 109 | 302 | 103 | 595 |2176k|  3 |3018 |1107 |-5.016009e+00 |      --      |    Inf | unknown
 3441s|375000 |375001 | 40869k| 109.0 |  1535M | 109 | 302 | 103 | 492 |2177k|  4 |3018 |1107 |-5.015988e+00 |      --      |    Inf | unknown
 3442s|375100 |375101 | 40877k| 109.0 |  1535M | 109 | 302 | 105 | 419 |2177k|  1 |3020 |1107 |-5.015988e+00 |      --      |    Inf | unknown
 3442s|375200 |375201 | 40886k| 109.0 |  1535M | 109 | 302 | 105 | 436 |2178k|  4 |3020 |1108 |-5.015988e+00 |      --      |    Inf | unknown
 3443s|375300 |375301 | 40895k| 109.0 |  1535M | 109 | 302 | 105 | 569 |2179k|  2 |3020 |1108 |-5.015984e+00 |      --      |    Inf | unknown
 3443s|375400 |375401 | 40905k| 109.0 |  1536M | 109 | 302 | 106 | 569 |2179k|  2 |3021 |1108 |-5.015984e+00 |      --      |    Inf | unknown
 3444s|375500 |375501 | 40915k| 109.0 |  1537M | 109 | 302 | 107 | 437 |2180k|  1 |3023 |1108 |-5.015984e+00 |      --      |    Inf | unknown
 3444s|375600 |375601 | 40925k| 109.0 |  1537M | 109 | 302 | 107 | 463 |2180k|  4 |3023 |1108 |-5.015968e+00 |      --      |    Inf | unknown
 3444s|375700 |375701 | 40933k| 108.9 |  1537M | 109 | 302 | 106 | 383 |2181k|  2 |3023 |1109 |-5.015968e+00 |      --      |    Inf | unknown
 3445s|375800 |375801 | 40942k| 108.9 |  1538M | 109 | 302 | 104 | 580 |2181k|  3 |3023 |1109 |-5.015968e+00 |      --      |    Inf | unknown
 3445s|375900 |375901 | 40951k| 108.9 |  1539M | 109 | 302 | 105 | 478 |2182k|  1 |3024 |1109 |-5.015968e+00 |      --      |    Inf | unknown
 3446s|376000 |376001 | 40964k| 108.9 |  1539M | 109 | 302 | 102 | 452 |2183k|  3 |3024 |1109 |-5.015968e+00 |      --      |    Inf | unknown
 3446s|376100 |376101 | 40974k| 108.9 |  1541M | 109 | 302 | 103 | 378 |2183k|  2 |3025 |1109 |-5.015931e+00 |      --      |    Inf | unknown
 3447s|376200 |376201 | 40982k| 108.9 |  1541M | 109 | 302 | 102 | 609 |2184k|  2 |3025 |1109 |-5.015931e+00 |      --      |    Inf | unknown
 3447s|376300 |376301 | 40990k| 108.9 |  1541M | 109 | 302 | 103 | 556 |2184k|  3 |3026 |1109 |-5.015931e+00 |      --      |    Inf | unknown
 time | node  | left  |LP iter|LP it/n|mem/heur|mdpt |vars |cons |rows |cuts |sepa|confs|strbr|  dualbound   | primalbound  |  gap   | compl. 
 3448s|376400 |376401 | 41007k| 108.9 |  1541M | 109 | 302 | 104 | 490 |2185k|  3 |3027 |1110 |-5.015922e+00 |      --      |    Inf | unknown
 3451s|376500 |376501 | 41019k| 108.9 |  1541M | 109 | 302 | 104 | 396 |2186k|  2 |3029 |1110 |-5.015922e+00 |      --      |    Inf | unknown
 3451s|376600 |376601 | 41028k| 108.9 |  1541M | 109 | 302 | 104 | 342 |2186k|  2 |3029 |1110 |-5.015922e+00 |      --      |    Inf | unknown
 3451s|376700 |376701 | 41038k| 108.9 |  1541M | 109 | 302 | 105 | 573 |2187k|  2 |3030 |1110 |-5.015903e+00 |      --      |    Inf | unknown
 3452s|376800 |376801 | 41046k| 108.9 |  1542M | 109 | 302 | 105 | 504 |2188k|  2 |3030 |1110 |-5.015903e+00 |      --      |    Inf | unknown
 3454s|376900 |376901 | 41056k| 108.9 |  1543M | 109 | 302 | 108 | 501 |2188k|  2 |3033 |1110 |-5.015903e+00 |      --      |    Inf | unknown
 3455s|377000 |377001 | 41069k| 108.9 |  1543M | 109 | 302 | 103 | 419 |2189k|  2 |3034 |1111 |-5.015903e+00 |      --      |    Inf | unknown
 3455s|377100 |377101 | 41078k| 108.9 |  1543M | 109 | 302 | 102 | 344 |2189k|  2 |3034 |1111 |-5.015903e+00 |      --      |    Inf | unknown
 3463s|377200 |377201 | 41091k| 108.9 |  1543M | 109 | 302 | 103 | 548 |2190k|  2 |3035 |1111 |-5.015903e+00 |      --      |    Inf | unknown
 3464s|377300 |377301 | 41100k| 108.9 |  1543M | 109 | 302 | 106 | 478 |2190k|  2 |3038 |1111 |-5.015893e+00 |      --      |    Inf | unknown
 3464s|377400 |377401 | 41111k| 108.9 |  1543M | 109 | 302 | 107 | 493 |2191k|  4 |3039 |1111 |-5.015893e+00 |      --      |    Inf | unknown
 3464s|377500 |377501 | 41120k| 108.9 |  1544M | 109 | 302 | 106 | 404 |2192k|  4 |3039 |1111 |-5.015888e+00 |      --      |    Inf | unknown
 3465s|377600 |377601 | 41129k| 108.9 |  1544M | 109 | 302 | 108 | 616 |2192k|  2 |3041 |1111 |-5.015888e+00 |      --      |    Inf | unknown
 3465s|377700 |377701 | 41137k| 108.9 |  1547M | 109 | 302 | 108 | 542 |2193k|  1 |3041 |1111 |-5.015888e+00 |      --      |    Inf | unknown
 3466s|377800 |377801 | 41147k| 108.9 |  1547M | 109 | 302 | 108 | 466 |2193k|  4 |3042 |1111 |-5.015870e+00 |      --      |    Inf | unknown
 time | node  | left  |LP iter|LP it/n|mem/heur|mdpt |vars |cons |rows |cuts |sepa|confs|strbr|  dualbound   | primalbound  |  gap   | compl. 
 3466s|377900 |377901 | 41158k| 108.9 |  1547M | 109 | 302 | 107 | 482 |2194k|  2 |3043 |1111 |-5.015870e+00 |      --      |    Inf | unknown
 3467s|378000 |378001 | 41172k| 108.9 |  1547M | 109 | 302 | 105 | 409 |2195k|  2 |3045 |1111 |-5.015870e+00 |      --      |    Inf | unknown
 3467s|378100 |378101 | 41180k| 108.9 |  1547M | 109 | 302 | 104 | 546 |2195k|  1 |3045 |1111 |-5.015861e+00 |      --      |    Inf | unknown
 3484s|378200 |378201 | 41194k| 108.9 |  1549M | 109 | 302 | 101 | 518 |2196k|  1 |3045 |1111 |-5.015861e+00 |      --      |    Inf | unknown
 3485s|378300 |378301 | 41211k| 108.9 |  1549M | 109 | 302 | 101 | 530 |2196k|  3 |3045 |1111 |-5.015861e+00 |      --      |    Inf | unknown
 3486s|378400 |378401 | 41222k| 108.9 |  1550M | 109 | 302 | 104 | 416 |2197k|  3 |3048 |1111 |-5.015811e+00 |      --      |    Inf | unknown
 3486s|378500 |378501 | 41231k| 108.9 |  1550M | 109 | 302 | 104 | 397 |2197k|  3 |3048 |1111 |-5.015811e+00 |      --      |    Inf | unknown
 3486s|378600 |378601 | 41239k| 108.9 |  1550M | 109 | 302 | 104 | 563 |2198k|  2 |3048 |1111 |-5.015811e+00 |      --      |    Inf | unknown
 3487s|378700 |378701 | 41249k| 108.9 |  1550M | 109 | 302 | 107 | 509 |2199k|  2 |3051 |1111 |-5.015798e+00 |      --      |    Inf | unknown
 3487s|378800 |378801 | 41259k| 108.9 |  1550M | 109 | 302 | 106 | 479 |2199k|  2 |3051 |1111 |-5.015798e+00 |      --      |    Inf | unknown
 3488s|378900 |378901 | 41268k| 108.9 |  1550M | 109 | 302 | 107 | 374 |2200k|  3 |3052 |1111 |-5.015783e+00 |      --      |    Inf | unknown
 3488s|379000 |379001 | 41277k| 108.9 |  1550M | 109 | 302 | 105 | 565 |2200k|  2 |3052 |1111 |-5.015783e+00 |      --      |    Inf | unknown
 3488s|379100 |379101 | 41286k| 108.9 |  1550M | 109 | 302 | 105 | 584 |2201k|  2 |3053 |1111 |-5.015783e+00 |      --      |    Inf | unknown
 3489s|379200 |379201 | 41294k| 108.9 |  1552M | 109 | 302 | 104 | 445 |2201k|  2 |3053 |1111 |-5.015778e+00 |      --      |    Inf | unknown
 3489s|379300 |379301 | 41303k| 108.9 |  1552M | 109 | 302 | 106 | 465 |2202k|  2 |3056 |1111 |-5.015778e+00 |      --      |    Inf | unknown
 time | node  | left  |LP iter|LP it/n|mem/heur|mdpt |vars |cons |rows |cuts |sepa|confs|strbr|  dualbound   | primalbound  |  gap   | compl. 
 3490s|379400 |379401 | 41312k| 108.9 |  1552M | 109 | 302 | 108 | 426 |2203k|  3 |3058 |1112 |-5.015778e+00 |      --      |    Inf | unknown
 3490s|379500 |379501 | 41320k| 108.9 |  1553M | 109 | 302 | 109 | 561 |2203k|  2 |3059 |1112 |-5.015722e+00 |      --      |    Inf | unknown
 3491s|379600 |379601 | 41336k| 108.9 |  1554M | 109 | 302 | 102 | 554 |2204k|  2 |3060 |1112 |-5.015722e+00 |      --      |    Inf | unknown
 3507s|379700 |379701 | 41352k| 108.9 |  1554M | 109 | 302 | 102 | 472 |2204k|  2 |3060 |1112 |-5.015722e+00 |      --      |    Inf | unknown
 3507s|379800 |379801 | 41360k| 108.9 |  1554M | 109 | 302 | 103 | 357 |2205k|  2 |3061 |1112 |-5.015722e+00 |      --      |    Inf | unknown
 3507s|379900 |379901 | 41369k| 108.9 |  1554M | 109 | 302 | 104 | 342 |2205k|  3 |3062 |1112 |-5.015722e+00 |      --      |    Inf | unknown
 3508s|380000 |380001 | 41377k| 108.9 |  1555M | 109 | 302 | 103 | 573 |2206k|  2 |3062 |1113 |-5.015722e+00 |      --      |    Inf | unknown
 3508s|380100 |380101 | 41387k| 108.9 |  1555M | 109 | 302 | 103 | 520 |2207k|  2 |3062 |1113 |-5.015704e+00 |      --      |    Inf | unknown
 3509s|380200 |380201 | 41395k| 108.9 |  1555M | 109 | 302 | 104 | 505 |2207k|  1 |3063 |1113 |-5.015704e+00 |      --      |    Inf | unknown
 3509s|380300 |380301 | 41405k| 108.9 |  1555M | 109 | 302 | 106 | 365 |2208k|  2 |3065 |1113 |-5.015700e+00 |      --      |    Inf | unknown
 3509s|380400 |380401 | 41413k| 108.9 |  1555M | 109 | 302 | 106 | 639 |2208k|  2 |3065 |1113 |-5.015700e+00 |      --      |    Inf | unknown
 3510s|380500 |380501 | 41430k| 108.9 |  1555M | 109 | 302 | 103 | 620 |2209k|  2 |3065 |1113 |-5.015700e+00 |      --      |    Inf | unknown
 3511s|380600 |380601 | 41438k| 108.9 |  1556M | 109 | 302 | 103 | 486 |2209k|  3 |3066 |1113 |-5.015683e+00 |      --      |    Inf | unknown
 3511s|380700 |380701 | 41454k| 108.9 |  1556M | 109 | 302 | 102 | 417 |2210k|  2 |3066 |1113 |-5.015683e+00 |      --      |    Inf | unknown
 3512s|380800 |380801 | 41463k| 108.9 |  1557M | 109 | 302 | 102 | 355 |2211k|  2 |3067 |1113 |-5.015683e+00 |      --      |    Inf | unknown
 time | node  | left  |LP iter|LP it/n|mem/heur|mdpt |vars |cons |rows |cuts |sepa|confs|strbr|  dualbound   | primalbound  |  gap   | compl. 
 3512s|380900 |380901 | 41473k| 108.9 |  1557M | 109 | 302 | 103 | 578 |2211k|  2 |3068 |1113 |-5.015673e+00 |      --      |    Inf | unknown
 3513s|381000 |381001 | 41481k| 108.9 |  1557M | 109 | 302 | 103 | 521 |2212k|  3 |3068 |1113 |-5.015673e+00 |      --      |    Inf | unknown
 3513s|381100 |381101 | 41491k| 108.9 |  1557M | 109 | 302 | 105 | 542 |2212k|  3 |3070 |1113 |-5.015673e+00 |      --      |    Inf | unknown
 3514s|381200 |381201 | 41499k| 108.9 |  1557M | 109 | 302 | 106 | 455 |2213k|  3 |3071 |1113 |-5.015669e+00 |      --      |    Inf | unknown
 3514s|381300 |381301 | 41508k| 108.9 |  1557M | 109 | 302 | 107 | 350 |2213k|  2 |3072 |1113 |-5.015669e+00 |      --      |    Inf | unknown
 3514s|381400 |381401 | 41516k| 108.8 |  1558M | 109 | 302 | 107 | 560 |2214k|  3 |3072 |1113 |-5.015669e+00 |      --      |    Inf | unknown
 3515s|381500 |381501 | 41526k| 108.8 |  1559M | 109 | 302 | 107 | 554 |2215k|  2 |3073 |1113 |-5.015668e+00 |      --      |    Inf | unknown
 3517s|381600 |381601 | 41535k| 108.8 |  1560M | 109 | 302 | 107 | 487 |2215k|  2 |3074 |1114 |-5.015668e+00 |      --      |    Inf | unknown
 3518s|381700 |381701 | 41544k| 108.8 |  1560M | 109 | 302 | 107 | 382 |2216k|  2 |3075 |1114 |-5.015665e+00 |      --      |    Inf | unknown
 3518s|381800 |381801 | 41553k| 108.8 |  1560M | 109 | 302 | 108 | 632 |2216k|  2 |3077 |1114 |-5.015665e+00 |      --      |    Inf | unknown
 3519s|381900 |381901 | 41564k| 108.8 |  1560M | 109 | 302 | 104 | 611 |2217k|  4 |3077 |1114 |-5.015665e+00 |      --      |    Inf | unknown
 3521s|382000 |382001 | 41574k| 108.8 |  1560M | 109 | 302 | 105 | 470 |2217k|  1 |3079 |1114 |-5.015649e+00 |      --      |    Inf | unknown
 3521s|382100 |382101 | 41582k| 108.8 |  1560M | 109 | 302 | 105 | 443 |2218k|  2 |3079 |1114 |-5.015649e+00 |      --      |    Inf | unknown
 3522s|382200 |382201 | 41596k| 108.8 |  1560M | 109 | 302 | 101 | 405 |2218k|  1 |3079 |1114 |-5.015649e+00 |      --      |    Inf | unknown
 3528s|382300 |382301 | 41607k| 108.8 |  1560M | 109 | 302 | 102 | 552 |2219k|  4 |3080 |1114 |-5.015648e+00 |      --      |    Inf | unknown
 time | node  | left  |LP iter|LP it/n|mem/heur|mdpt |vars |cons |rows |cuts |sepa|confs|strbr|  dualbound   | primalbound  |  gap   | compl. 
 3528s|382400 |382401 | 41617k| 108.8 |  1562M | 109 | 302 | 102 | 587 |2220k|  3 |3080 |1114 |-5.015648e+00 |      --      |    Inf | unknown
 3528s|382500 |382501 | 41625k| 108.8 |  1562M | 109 | 302 | 103 | 522 |2220k|  3 |3081 |1114 |-5.015648e+00 |      --      |    Inf | unknown
 3529s|382600 |382601 | 41642k| 108.8 |  1562M | 109 | 302 | 103 | 447 |2221k|  2 |3081 |1114 |-5.015578e+00 |      --      |    Inf | unknown
 3530s|382700 |382701 | 41653k| 108.8 |  1562M | 109 | 302 | 103 | 340 |2221k|  2 |3082 |1114 |-5.015578e+00 |      --      |    Inf | unknown
 3530s|382800 |382801 | 41660k| 108.8 |  1562M | 109 | 302 | 103 | 590 |2222k|  2 |3083 |1114 |-5.015578e+00 |      --      |    Inf | unknown
 3531s|382900 |382901 | 41669k| 108.8 |  1565M | 109 | 302 | 103 | 512 |2222k|  4 |3083 |1114 |-5.015537e+00 |      --      |    Inf | unknown
 3531s|383000 |383001 | 41677k| 108.8 |  1565M | 109 | 302 | 103 | 492 |2223k|  2 |3083 |1114 |-5.015537e+00 |      --      |    Inf | unknown
 3531s|383100 |383101 | 41688k| 108.8 |  1565M | 109 | 302 | 104 | 387 |2224k|  5 |3084 |1114 |-5.015529e+00 |      --      |    Inf | unknown
 3532s|383200 |383201 | 41696k| 108.8 |  1566M | 109 | 302 | 104 | 566 |2224k|  5 |3084 |1114 |-5.015529e+00 |      --      |    Inf | unknown
 3549s|383300 |383301 | 41711k| 108.8 |  1566M | 109 | 302 | 102 | 554 |2225k|  4 |3084 |1114 |-5.015529e+00 |      --      |    Inf | unknown
 3550s|383400 |383401 | 41721k| 108.8 |  1566M | 109 | 302 | 103 | 484 |2225k|  3 |3085 |1115 |-5.015529e+00 |      --      |    Inf | unknown
 3550s|383500 |383501 | 41729k| 108.8 |  1566M | 109 | 302 | 103 | 448 |2226k|  3 |3086 |1115 |-5.015529e+00 |      --      |    Inf | unknown
 3551s|383600 |383601 | 41744k| 108.8 |  1566M | 109 | 302 | 103 | 375 |2227k|  1 |3087 |1115 |-5.015529e+00 |      --      |    Inf | unknown
 3551s|383700 |383701 | 41752k| 108.8 |  1568M | 109 | 302 | 102 | 537 |2227k|  2 |3087 |1115 |-5.015507e+00 |      --      |    Inf | unknown
 3552s|383800 |383801 | 41761k| 108.8 |  1568M | 109 | 302 | 103 | 513 |2228k|  2 |3088 |1115 |-5.015507e+00 |      --      |    Inf | unknown
 time | node  | left  |LP iter|LP it/n|mem/heur|mdpt |vars |cons |rows |cuts |sepa|confs|strbr|  dualbound   | primalbound  |  gap   | compl. 
 3552s|383900 |383901 | 41770k| 108.8 |  1569M | 109 | 302 | 103 | 546 |2228k|  3 |3088 |1115 |-5.015507e+00 |      --      |    Inf | unknown
 3553s|384000 |384001 | 41779k| 108.8 |  1570M | 109 | 302 | 105 | 451 |2229k|  2 |3090 |1115 |-5.015427e+00 |      --      |    Inf | unknown
 3553s|384100 |384101 | 41789k| 108.8 |  1570M | 109 | 302 | 106 | 350 |2229k|  4 |3091 |1115 |-5.015427e+00 |      --      |    Inf | unknown
 3554s|384200 |384201 | 41798k| 108.8 |  1570M | 109 | 302 | 106 | 564 |2230k|  2 |3091 |1115 |-5.015427e+00 |      --      |    Inf | unknown
 3554s|384300 |384301 | 41806k| 108.8 |  1570M | 109 | 302 | 107 | 495 |2231k|  1 |3092 |1116 |-5.015412e+00 |      --      |    Inf | unknown
 3554s|384400 |384401 | 41815k| 108.8 |  1571M | 109 | 302 | 108 | 445 |2231k|  1 |3094 |1116 |-5.015412e+00 |      --      |    Inf | unknown
 3555s|384500 |384501 | 41825k| 108.8 |  1571M | 109 | 302 | 109 | 380 |2232k|  3 |3095 |1116 |-5.015402e+00 |      --      |    Inf | unknown
 3555s|384600 |384601 | 41834k| 108.8 |  1571M | 109 | 302 | 109 | 593 |2232k|  2 |3095 |1116 |-5.015402e+00 |      --      |    Inf | unknown
 3571s|384700 |384701 | 41850k| 108.8 |  1571M | 109 | 302 | 103 | 547 |2233k|  1 |3096 |1116 |-5.015402e+00 |      --      |    Inf | unknown
 3572s|384800 |384801 | 41866k| 108.8 |  1573M | 109 | 302 | 101 | 476 |2234k|  2 |3096 |1116 |-5.015381e+00 |      --      |    Inf | unknown
 3573s|384900 |384901 | 41879k| 108.8 |  1573M | 109 | 302 | 101 | 450 |2234k|  1 |3096 |1116 |-5.015381e+00 |      --      |    Inf | unknown
 3574s|385000 |385001 | 41889k| 108.8 |  1573M | 109 | 302 | 101 | 410 |2235k|  2 |3096 |1116 |-5.015381e+00 |      --      |    Inf | unknown
 3574s|385100 |385101 | 41897k| 108.8 |  1573M | 109 | 302 | 101 | 521 |2235k|  2 |3096 |1116 |-5.015374e+00 |      --      |    Inf | unknown
 3574s|385200 |385201 | 41905k| 108.8 |  1573M | 109 | 302 | 102 | 520 |2236k|  1 |3097 |1116 |-5.015374e+00 |      --      |    Inf | unknown
 3575s|385300 |385301 | 41913k| 108.8 |  1573M | 109 | 302 | 102 | 486 |2236k|  3 |3097 |1117 |-5.015374e+00 |      --      |    Inf | unknown
 time | node  | left  |LP iter|LP it/n|mem/heur|mdpt |vars |cons |rows |cuts |sepa|confs|strbr|  dualbound   | primalbound  |  gap   | compl. 
 3575s|385400 |385401 | 41922k| 108.8 |  1573M | 109 | 302 | 103 | 478 |2237k|  3 |3098 |1117 |-5.015363e+00 |      --      |    Inf | unknown
 3575s|385500 |385501 | 41931k| 108.8 |  1573M | 109 | 302 | 104 | 382 |2237k|  2 |3099 |1117 |-5.015363e+00 |      --      |    Inf | unknown
 3576s|385600 |385601 | 41939k| 108.8 |  1574M | 109 | 302 | 104 | 588 |2238k|  4 |3099 |1117 |-5.015363e+00 |      --      |    Inf | unknown
 3577s|385700 |385701 | 41951k| 108.8 |  1574M | 109 | 302 | 104 | 547 |2239k|  4 |3099 |1117 |-5.015349e+00 |      --      |    Inf | unknown
 3577s|385800 |385801 | 41960k| 108.8 |  1574M | 109 | 302 | 104 | 486 |2239k|  1 |3100 |1117 |-5.015349e+00 |      --      |    Inf | unknown
 3577s|385900 |385901 | 41968k| 108.7 |  1574M | 109 | 302 | 103 | 366 |2240k|  2 |3100 |1118 |-5.015337e+00 |      --      |    Inf | unknown
 3578s|386000 |386001 | 41975k| 108.7 |  1574M | 109 | 302 | 104 | 583 |2240k|  2 |3101 |1118 |-5.015337e+00 |      --      |    Inf | unknown
 3578s|386100 |386101 | 41984k| 108.7 |  1575M | 109 | 302 | 105 | 555 |2241k|  2 |3102 |1118 |-5.015337e+00 |      --      |    Inf | unknown
 3579s|386200 |386201 | 41999k| 108.7 |  1575M | 109 | 302 | 105 | 481 |2241k|  4 |3103 |1118 |-5.015331e+00 |      --      |    Inf | unknown
 3579s|386300 |386301 | 42007k| 108.7 |  1576M | 109 | 302 | 104 | 422 |2242k|  3 |3103 |1118 |-5.015331e+00 |      --      |    Inf | unknown
 3580s|386400 |386401 | 42018k| 108.7 |  1577M | 109 | 302 | 103 | 356 |2243k|  1 |3104 |1118 |-5.015331e+00 |      --      |    Inf | unknown
 3580s|386500 |386501 | 42027k| 108.7 |  1577M | 109 | 302 | 102 | 572 |2243k|  3 |3104 |1118 |-5.015310e+00 |      --      |    Inf | unknown
 3583s|386600 |386601 | 42045k| 108.8 |  1578M | 109 | 302 | 103 | 525 |2244k|  2 |3105 |1119 |-5.015310e+00 |      --      |    Inf | unknown
 3583s|386700 |386701 | 42055k| 108.7 |  1579M | 109 | 302 | 104 | 462 |2244k|  2 |3106 |1119 |-5.015310e+00 |      --      |    Inf | unknown
 3584s|386800 |386801 | 42065k| 108.7 |  1579M | 109 | 302 | 104 | 389 |2245k|  2 |3107 |1119 |-5.015303e+00 |      --      |    Inf | unknown
 time | node  | left  |LP iter|LP it/n|mem/heur|mdpt |vars |cons |rows |cuts |sepa|confs|strbr|  dualbound   | primalbound  |  gap   | compl. 
 3586s|386900 |386901 | 42081k| 108.8 |  1579M | 109 | 302 | 104 | 381 |2246k|  2 |3108 |1119 |-5.015303e+00 |      --      |    Inf | unknown
 3587s|387000 |387001 | 42089k| 108.8 |  1580M | 109 | 302 | 103 | 564 |2246k|  2 |3108 |1119 |-5.015303e+00 |      --      |    Inf | unknown
 3587s|387100 |387101 | 42099k| 108.7 |  1580M | 109 | 302 | 104 | 511 |2247k|  2 |3110 |1119 |-5.015240e+00 |      --      |    Inf | unknown
 3593s|387200 |387201 | 42110k| 108.7 |  1581M | 109 | 302 | 106 | 498 |2247k|  4 |3112 |1119 |-5.015240e+00 |      --      |    Inf | unknown
 3594s|387300 |387301 | 42124k| 108.8 |  1582M | 109 | 302 | 104 | 389 |2248k|  1 |3114 |1119 |-5.015216e+00 |      --      |    Inf | unknown
 3594s|387400 |387401 | 42132k| 108.8 |  1582M | 109 | 302 | 104 | 559 |2248k|  4 |3114 |1119 |-5.015216e+00 |      --      |    Inf | unknown
 3594s|387500 |387501 | 42141k| 108.7 |  1582M | 109 | 302 | 104 | 556 |2249k|  2 |3115 |1119 |-5.015216e+00 |      --      |    Inf | unknown
 3595s|387600 |387601 | 42152k| 108.7 |  1582M | 109 | 302 | 102 | 465 |2250k|  2 |3115 |1119 |-5.015212e+00 |      --      |    Inf | unknown
 3595s|387700 |387701 | 42160k| 108.7 |  1582M | 109 | 302 | 102 | 463 |2250k|  1 |3115 |1119 |-5.015212e+00 |      --      |    Inf | unknown
 3596s|387800 |387801 | 42168k| 108.7 |  1582M | 109 | 302 | 103 | 379 |2251k|  2 |3116 |1119 |-5.015212e+00 |      --      |    Inf | unknown
 3596s|387900 |387901 | 42177k| 108.7 |  1582M | 109 | 302 | 103 | 544 |2251k|  2 |3116 |1119 |-5.015210e+00 |      --      |    Inf | unknown
 3614s|388000 |388001 | 42193k| 108.7 |  1583M | 109 | 302 | 101 | 581 |2252k|  2 |3116 |1119 |-5.015210e+00 |      --      |    Inf | unknown
 3615s|388100 |388101 | 42202k| 108.7 |  1583M | 109 | 302 | 101 | 458 |2252k|  3 |3116 |1119 |-5.015210e+00 |      --      |    Inf | unknown
 3615s|388200 |388201 | 42211k| 108.7 |  1583M | 109 | 302 | 102 | 409 |2253k|  2 |3117 |1119 |-5.015207e+00 |      --      |    Inf | unknown
 3615s|388300 |388301 | 42219k| 108.7 |  1583M | 109 | 302 | 102 | 412 |2254k|  1 |3117 |1119 |-5.015207e+00 |      --      |    Inf | unknown
 time | node  | left  |LP iter|LP it/n|mem/heur|mdpt |vars |cons |rows |cuts |sepa|confs|strbr|  dualbound   | primalbound  |  gap   | compl. 
 3616s|388400 |388401 | 42228k| 108.7 |  1584M | 109 | 302 | 102 | 595 |2254k|  3 |3117 |1119 |-5.015207e+00 |      --      |    Inf | unknown
 3616s|388500 |388501 | 42237k| 108.7 |  1584M | 109 | 302 | 105 | 521 |2255k|  2 |3120 |1119 |-5.015164e+00 |      --      |    Inf | unknown
 3617s|388600 |388601 | 42247k| 108.7 |  1584M | 109 | 302 | 106 | 499 |2255k|  2 |3121 |1119 |-5.015164e+00 |      --      |    Inf | unknown
 3617s|388700 |388701 | 42260k| 108.7 |  1584M | 109 | 302 | 105 | 367 |2256k|  2 |3121 |1119 |-5.015145e+00 |      --      |    Inf | unknown
 3618s|388800 |388801 | 42269k| 108.7 |  1586M | 109 | 302 | 105 | 537 |2256k|  2 |3121 |1119 |-5.015145e+00 |      --      |    Inf | unknown
 3619s|388900 |388901 | 42284k| 108.7 |  1586M | 109 | 302 | 101 | 607 |2257k|  3 |3121 |1119 |-5.015145e+00 |      --      |    Inf | unknown
 3619s|389000 |389001 | 42293k| 108.7 |  1586M | 109 | 302 | 102 | 490 |2258k|  4 |3122 |1119 |-5.015138e+00 |      --      |    Inf | unknown
 3619s|389100 |389101 | 42302k| 108.7 |  1586M | 109 | 302 | 103 | 484 |2258k|  2 |3123 |1119 |-5.015138e+00 |      --      |    Inf | unknown
 3620s|389200 |389201 | 42310k| 108.7 |  1587M | 109 | 302 | 104 | 440 |2259k|  5 |3124 |1119 |-5.015138e+00 |      --      |    Inf | unknown
 3620s|389300 |389301 | 42318k| 108.7 |  1587M | 109 | 302 | 104 | 544 |2259k|  2 |3124 |1119 |-5.015122e+00 |      --      |    Inf | unknown
 3621s|389400 |389401 | 42328k| 108.7 |  1588M | 109 | 302 | 105 | 507 |2260k|  3 |3125 |1119 |-5.015122e+00 |      --      |    Inf | unknown
 3621s|389500 |389501 | 42337k| 108.7 |  1588M | 109 | 302 | 105 | 503 |2260k|  4 |3125 |1119 |-5.015122e+00 |      --      |    Inf | unknown
 3637s|389600 |389601 | 42354k| 108.7 |  1589M | 109 | 302 | 102 | 484 |2261k|  2 |3126 |1119 |-5.015114e+00 |      --      |    Inf | unknown
 3638s|389700 |389701 | 42363k| 108.7 |  1589M | 109 | 302 | 104 | 332 |2261k|  2 |3128 |1119 |-5.015114e+00 |      --      |    Inf | unknown
 3638s|389800 |389801 | 42371k| 108.7 |  1589M | 109 | 302 | 104 | 517 |2262k|  2 |3128 |1119 |-5.015114e+00 |      --      |    Inf | unknown
 time | node  | left  |LP iter|LP it/n|mem/heur|mdpt |vars |cons |rows |cuts |sepa|confs|strbr|  dualbound   | primalbound  |  gap   | compl. 
 3639s|389900 |389901 | 42383k| 108.7 |  1590M | 109 | 302 | 105 | 461 |2263k|  2 |3129 |1119 |-5.015085e+00 |      --      |    Inf | unknown
 3639s|390000 |390001 | 42393k| 108.7 |  1590M | 109 | 302 | 103 | 524 |2263k|  3 |3129 |1119 |-5.015085e+00 |      --      |    Inf | unknown
 3639s|390100 |390101 | 42402k| 108.7 |  1590M | 109 | 302 | 104 | 381 |2264k|  2 |3130 |1119 |-5.015074e+00 |      --      |    Inf | unknown
 3640s|390200 |390201 | 42411k| 108.7 |  1590M | 109 | 302 | 104 | 560 |2264k|  5 |3131 |1119 |-5.015074e+00 |      --      |    Inf | unknown
 3640s|390300 |390301 | 42420k| 108.7 |  1590M | 109 | 302 | 104 | 524 |2265k|  2 |3132 |1119 |-5.015074e+00 |      --      |    Inf | unknown
 3641s|390400 |390401 | 42429k| 108.7 |  1591M | 109 | 302 | 104 | 509 |2265k|  2 |3132 |1119 |-5.015063e+00 |      --      |    Inf | unknown
 3641s|390500 |390501 | 42437k| 108.7 |  1591M | 109 | 302 | 104 | 477 |2266k|  2 |3132 |1119 |-5.015063e+00 |      --      |    Inf | unknown
 3642s|390600 |390601 | 42453k| 108.7 |  1592M | 109 | 302 | 103 | 385 |2266k|  3 |3133 |1119 |-5.015063e+00 |      --      |    Inf | unknown
 3642s|390700 |390701 | 42463k| 108.7 |  1592M | 109 | 302 | 103 | 551 |2267k|  3 |3134 |1119 |-5.015049e+00 |      --      |    Inf | unknown
 3643s|390800 |390801 | 42472k| 108.7 |  1592M | 109 | 302 | 103 | 529 |2268k|  3 |3134 |1119 |-5.015049e+00 |      --      |    Inf | unknown
 3643s|390900 |390901 | 42480k| 108.7 |  1592M | 109 | 302 | 103 | 520 |2268k|  4 |3135 |1119 |-5.015049e+00 |      --      |    Inf | unknown
 3644s|391000 |391001 | 42492k| 108.7 |  1592M | 109 | 302 | 103 | 470 |2269k|  2 |3135 |1119 |-5.015032e+00 |      --      |    Inf | unknown
 3644s|391100 |391101 | 42501k| 108.7 |  1592M | 109 | 302 | 102 | 360 |2269k|  2 |3135 |1119 |-5.015032e+00 |      --      |    Inf | unknown
 3645s|391200 |391201 | 42510k| 108.7 |  1593M | 109 | 302 | 101 | 546 |2270k|  1 |3135 |1119 |-5.015032e+00 |      --      |    Inf | unknown
 3645s|391300 |391301 | 42518k| 108.7 |  1593M | 109 | 302 | 102 | 457 |2270k|  2 |3136 |1119 |-5.015021e+00 |      --      |    Inf | unknown
 time | node  | left  |LP iter|LP it/n|mem/heur|mdpt |vars |cons |rows |cuts |sepa|confs|strbr|  dualbound   | primalbound  |  gap   | compl. 
 3645s|391400 |391401 | 42528k| 108.7 |  1593M | 109 | 302 | 103 | 516 |2271k|  3 |3137 |1119 |-5.015021e+00 |      --      |    Inf | unknown
 3646s|391500 |391501 | 42537k| 108.6 |  1594M | 109 | 302 | 104 | 383 |2271k|  3 |3138 |1119 |-5.014960e+00 |      --      |    Inf | unknown
 3649s|391600 |391601 | 42546k| 108.6 |  1594M | 109 | 302 | 105 | 629 |2272k|  3 |3139 |1119 |-5.014960e+00 |      --      |    Inf | unknown
 3649s|391700 |391701 | 42556k| 108.6 |  1595M | 109 | 302 | 108 | 542 |2273k|  4 |3142 |1119 |-5.014960e+00 |      --      |    Inf | unknown
 3650s|391800 |391801 | 42565k| 108.6 |  1595M | 109 | 302 | 109 | 499 |2273k|  5 |3143 |1119 |-5.014958e+00 |      --      |    Inf | unknown
 3650s|391900 |391901 | 42575k| 108.6 |  1595M | 109 | 302 | 108 | 450 |2274k|  3 |3143 |1119 |-5.014958e+00 |      --      |    Inf | unknown
 3653s|392000 |392001 | 42588k| 108.6 |  1598M | 109 | 302 | 106 | 373 |2274k|  2 |3147 |1119 |-5.014958e+00 |      --      |    Inf | unknown
 3653s|392100 |392101 | 42598k| 108.6 |  1600M | 109 | 302 | 105 | 554 |2275k|  3 |3148 |1119 |-5.014944e+00 |      --      |    Inf | unknown
 3654s|392200 |392201 | 42608k| 108.6 |  1600M | 109 | 302 | 103 | 551 |2276k|  2 |3149 |1120 |-5.014944e+00 |      --      |    Inf | unknown
 3660s|392300 |392301 | 42620k| 108.6 |  1600M | 109 | 302 | 104 | 489 |2276k|  2 |3150 |1120 |-5.014944e+00 |      --      |    Inf | unknown
 3661s|392400 |392401 | 42630k| 108.6 |  1600M | 109 | 302 | 102 | 416 |2277k|  2 |3150 |1120 |-5.014940e+00 |      --      |    Inf | unknown
 3662s|392500 |392501 | 42640k| 108.6 |  1600M | 109 | 302 | 104 | 397 |2277k|  2 |3152 |1120 |-5.014940e+00 |      --      |    Inf | unknown
 3662s|392600 |392601 | 42647k| 108.6 |  1600M | 109 | 302 | 104 | 541 |2278k|  2 |3152 |1120 |-5.014940e+00 |      --      |    Inf | unknown
 3662s|392700 |392701 | 42656k| 108.6 |  1600M | 109 | 302 | 104 | 546 |2278k|  2 |3153 |1120 |-5.014937e+00 |      --      |    Inf | unknown
 3663s|392800 |392801 | 42674k| 108.6 |  1602M | 109 | 302 | 104 | 466 |2279k|  3 |3153 |1120 |-5.014937e+00 |      --      |    Inf | unknown
 time | node  | left  |LP iter|LP it/n|mem/heur|mdpt |vars |cons |rows |cuts |sepa|confs|strbr|  dualbound   | primalbound  |  gap   | compl. 
 3664s|392900 |392901 | 42683k| 108.6 |  1602M | 109 | 302 | 105 | 427 |2280k|  4 |3154 |1120 |-5.014933e+00 |      --      |    Inf | unknown
 3664s|393000 |393001 | 42696k| 108.6 |  1602M | 109 | 302 | 102 | 560 |2280k|  2 |3154 |1120 |-5.014933e+00 |      --      |    Inf | unknown
 3665s|393100 |393101 | 42709k| 108.6 |  1604M | 109 | 302 | 101 | 549 |2281k|  2 |3154 |1120 |-5.014933e+00 |      --      |    Inf | unknown
 3683s|393200 |393201 | 42724k| 108.7 |  1610M | 109 | 302 | 101 | 484 |2281k|  2 |3154 |1121 |-5.014928e+00 |      --      |    Inf | unknown
 3684s|393300 |393301 | 42733k| 108.6 |  1610M | 109 | 302 | 101 | 510 |2282k|  2 |3154 |1121 |-5.014928e+00 |      --      |    Inf | unknown
 3684s|393400 |393401 | 42741k| 108.6 |  1610M | 109 | 302 | 101 | 357 |2283k|  2 |3154 |1121 |-5.014928e+00 |      --      |    Inf | unknown
 3684s|393500 |393501 | 42750k| 108.6 |  1611M | 109 | 302 | 101 | 558 |2283k|  3 |3154 |1121 |-5.014912e+00 |      --      |    Inf | unknown
 3685s|393600 |393601 | 42761k| 108.6 |  1611M | 109 | 302 | 102 | 544 |2284k|  3 |3155 |1121 |-5.014912e+00 |      --      |    Inf | unknown
 3685s|393700 |393701 | 42770k| 108.6 |  1611M | 109 | 302 | 103 | 478 |2284k|  2 |3156 |1121 |-5.014912e+00 |      --      |    Inf | unknown
 3686s|393800 |393801 | 42778k| 108.6 |  1613M | 109 | 302 | 104 | 468 |2285k|  2 |3157 |1121 |-5.014883e+00 |      --      |    Inf | unknown
 3686s|393900 |393901 | 42787k| 108.6 |  1613M | 109 | 302 | 104 | 361 |2286k|  4 |3157 |1122 |-5.014883e+00 |      --      |    Inf | unknown
 3687s|394000 |394001 | 42795k| 108.6 |  1614M | 109 | 302 | 105 | 580 |2286k|  2 |3158 |1122 |-5.014883e+00 |      --      |    Inf | unknown
 3687s|394100 |394101 | 42804k| 108.6 |  1614M | 109 | 302 | 106 | 497 |2287k|  2 |3159 |1122 |-5.014873e+00 |      --      |    Inf | unknown
 3687s|394200 |394201 | 42813k| 108.6 |  1614M | 109 | 302 | 106 | 470 |2287k|  2 |3161 |1122 |-5.014873e+00 |      --      |    Inf | unknown
 3688s|394300 |394301 | 42826k| 108.6 |  1616M | 109 | 302 | 104 | 375 |2288k|  2 |3161 |1122 |-5.014867e+00 |      --      |    Inf | unknown
 time | node  | left  |LP iter|LP it/n|mem/heur|mdpt |vars |cons |rows |cuts |sepa|confs|strbr|  dualbound   | primalbound  |  gap   | compl. 
 3689s|394400 |394401 | 42836k| 108.6 |  1616M | 109 | 302 | 104 | 566 |2288k|  3 |3162 |1122 |-5.014867e+00 |      --      |    Inf | unknown
 3689s|394500 |394501 | 42845k| 108.6 |  1616M | 109 | 302 | 104 | 606 |2289k|  2 |3163 |1123 |-5.014867e+00 |      --      |    Inf | unknown
 3689s|394600 |394601 | 42856k| 108.6 |  1616M | 109 | 302 | 106 | 503 |2290k|  3 |3166 |1123 |-5.014820e+00 |      --      |    Inf | unknown
 3690s|394700 |394701 | 42865k| 108.6 |  1616M | 109 | 302 | 106 | 453 |2290k|  3 |3166 |1123 |-5.014820e+00 |      --      |    Inf | unknown
 3690s|394800 |394801 | 42874k| 108.6 |  1616M | 109 | 302 | 107 | 359 |2291k|  3 |3167 |1123 |-5.014820e+00 |      --      |    Inf | unknown
 3691s|394900 |394901 | 42884k| 108.6 |  1616M | 109 | 302 | 108 | 598 |2291k|  2 |3168 |1123 |-5.014811e+00 |      --      |    Inf | unknown
 3692s|395000 |395001 | 42901k| 108.6 |  1616M | 109 | 302 | 103 | 524 |2292k|  4 |3169 |1123 |-5.014811e+00 |      --      |    Inf | unknown
 3708s|395100 |395101 | 42919k| 108.6 |  1618M | 109 | 302 | 102 | 518 |2293k|  2 |3169 |1123 |-5.014811e+00 |      --      |    Inf | unknown
 3709s|395200 |395201 | 42928k| 108.6 |  1618M | 109 | 302 | 103 | 469 |2293k|  2 |3170 |1123 |-5.014792e+00 |      --      |    Inf | unknown
 3710s|395300 |395301 | 42946k| 108.6 |  1618M | 109 | 302 | 101 | 380 |2294k|  2 |3170 |1124 |-5.014792e+00 |      --      |    Inf | unknown
 3710s|395400 |395401 | 42956k| 108.6 |  1618M | 109 | 302 | 103 | 573 |2295k|  3 |3172 |1124 |-5.014792e+00 |      --      |    Inf | unknown
 3711s|395500 |395501 | 42965k| 108.6 |  1618M | 109 | 302 | 103 | 505 |2295k|  2 |3172 |1124 |-5.014765e+00 |      --      |    Inf | unknown
 3711s|395600 |395601 | 42975k| 108.6 |  1618M | 109 | 302 | 104 | 474 |2296k|  3 |3173 |1124 |-5.014765e+00 |      --      |    Inf | unknown
 3711s|395700 |395701 | 42983k| 108.6 |  1621M | 109 | 302 | 105 | 360 |2296k|  2 |3174 |1124 |-5.014755e+00 |      --      |    Inf | unknown
 3712s|395800 |395801 | 42993k| 108.6 |  1622M | 109 | 302 | 105 | 568 |2297k|  3 |3174 |1124 |-5.014755e+00 |      --      |    Inf | unknown
 time | node  | left  |LP iter|LP it/n|mem/heur|mdpt |vars |cons |rows |cuts |sepa|confs|strbr|  dualbound   | primalbound  |  gap   | compl. 
 3712s|395900 |395901 | 43002k| 108.6 |  1622M | 109 | 302 | 105 | 609 |2298k|  1 |3174 |1125 |-5.014755e+00 |      --      |    Inf | unknown
 3713s|396000 |396001 | 43013k| 108.6 |  1622M | 109 | 302 | 107 | 493 |2298k|  2 |3176 |1125 |-5.014749e+00 |      --      |    Inf | unknown
 3713s|396100 |396101 | 43022k| 108.6 |  1622M | 109 | 302 | 105 | 431 |2299k|  2 |3176 |1125 |-5.014749e+00 |      --      |    Inf | unknown
 3714s|396200 |396201 | 43032k| 108.6 |  1622M | 109 | 302 | 107 | 365 |2299k|  4 |3178 |1125 |-5.014749e+00 |      --      |    Inf | unknown
 3714s|396300 |396301 | 43040k| 108.6 |  1622M | 109 | 302 | 106 | 599 |2300k|  2 |3178 |1125 |-5.014744e+00 |      --      |    Inf | unknown
 3715s|396400 |396401 | 43051k| 108.6 |  1622M | 109 | 302 | 107 | 529 |2301k|  2 |3180 |1125 |-5.014744e+00 |      --      |    Inf | unknown
 3715s|396500 |396501 | 43060k| 108.6 |  1623M | 109 | 302 | 108 | 492 |2301k|  3 |3181 |1125 |-5.014744e+00 |      --      |    Inf | unknown
 3715s|396600 |396601 | 43069k| 108.6 |  1624M | 109 | 302 | 108 | 411 |2302k|  3 |3182 |1125 |-5.014699e+00 |      --      |    Inf | unknown
 3716s|396700 |396701 | 43081k| 108.6 |  1624M | 109 | 302 | 102 | 401 |2302k|  2 |3182 |1125 |-5.014699e+00 |      --      |    Inf | unknown
 3716s|396800 |396801 | 43090k| 108.6 |  1624M | 109 | 302 | 102 | 560 |2303k|  4 |3182 |1125 |-5.014699e+00 |      --      |    Inf | unknown
 3717s|396900 |396901 | 43100k| 108.6 |  1624M | 109 | 302 | 102 | 549 |2304k|  2 |3183 |1125 |-5.014687e+00 |      --      |    Inf | unknown
 3718s|397000 |397001 | 43117k| 108.6 |  1625M | 109 | 302 | 102 | 461 |2304k|  2 |3183 |1125 |-5.014687e+00 |      --      |    Inf | unknown
 3720s|397100 |397101 | 43126k| 108.6 |  1625M | 109 | 302 | 103 | 390 |2305k|  3 |3184 |1125 |-5.014685e+00 |      --      |    Inf | unknown
 3721s|397200 |397201 | 43135k| 108.6 |  1625M | 109 | 302 | 102 | 594 |2305k|  2 |3184 |1125 |-5.014685e+00 |      --      |    Inf | unknown
 3721s|397300 |397301 | 43143k| 108.6 |  1626M | 109 | 302 | 104 | 560 |2306k|  3 |3186 |1125 |-5.014685e+00 |      --      |    Inf | unknown
 time | node  | left  |LP iter|LP it/n|mem/heur|mdpt |vars |cons |rows |cuts |sepa|confs|strbr|  dualbound   | primalbound  |  gap   | compl. 
 3722s|397400 |397401 | 43153k| 108.6 |  1626M | 109 | 302 | 106 | 481 |2306k|  2 |3188 |1125 |-5.014677e+00 |      --      |    Inf | unknown
 3722s|397500 |397501 | 43162k| 108.6 |  1626M | 109 | 302 | 107 | 380 |2307k|  4 |3189 |1125 |-5.014677e+00 |      --      |    Inf | unknown
 3725s|397600 |397601 | 43171k| 108.6 |  1626M | 109 | 302 | 107 | 429 |2308k|  2 |3190 |1125 |-5.014677e+00 |      --      |    Inf | unknown
 3725s|397700 |397701 | 43180k| 108.6 |  1626M | 109 | 302 | 107 | 567 |2308k|  3 |3190 |1125 |-5.014664e+00 |      --      |    Inf | unknown
 3732s|397800 |397801 | 43193k| 108.6 |  1627M | 109 | 302 | 105 | 512 |2309k|  2 |3191 |1125 |-5.014664e+00 |      --      |    Inf | unknown
 3733s|397900 |397901 | 43207k| 108.6 |  1627M | 109 | 302 | 102 | 477 |2309k|  2 |3191 |1125 |-5.014664e+00 |      --      |    Inf | unknown
 3734s|398000 |398001 | 43218k| 108.6 |  1629M | 109 | 302 | 104 | 462 |2310k|  4 |3193 |1125 |-5.014651e+00 |      --      |    Inf | unknown
 3734s|398100 |398101 | 43227k| 108.6 |  1630M | 109 | 302 | 104 | 329 |2310k|  3 |3194 |1125 |-5.014651e+00 |      --      |    Inf | unknown
 3735s|398200 |398201 | 43235k| 108.6 |  1630M | 109 | 302 | 104 | 560 |2311k|  2 |3194 |1125 |-5.014651e+00 |      --      |    Inf | unknown
 3735s|398300 |398301 | 43243k| 108.6 |  1630M | 109 | 302 | 104 | 505 |2312k|  2 |3194 |1125 |-5.014623e+00 |      --      |    Inf | unknown
 3736s|398400 |398401 | 43255k| 108.6 |  1630M | 109 | 302 | 105 | 503 |2312k|  4 |3195 |1125 |-5.014623e+00 |      --      |    Inf | unknown
 3736s|398500 |398501 | 43263k| 108.6 |  1630M | 109 | 302 | 104 | 382 |2313k|  4 |3196 |1125 |-5.014617e+00 |      --      |    Inf | unknown
 3736s|398600 |398601 | 43270k| 108.6 |  1630M | 109 | 302 | 103 | 563 |2313k|  2 |3196 |1125 |-5.014617e+00 |      --      |    Inf | unknown
 3737s|398700 |398701 | 43279k| 108.5 |  1631M | 109 | 302 | 104 | 570 |2314k|  2 |3197 |1126 |-5.014617e+00 |      --      |    Inf | unknown
 3737s|398800 |398801 | 43288k| 108.5 |  1631M | 109 | 302 | 104 | 458 |2315k|  2 |3197 |1126 |-5.014615e+00 |      --      |    Inf | unknown
 time | node  | left  |LP iter|LP it/n|mem/heur|mdpt |vars |cons |rows |cuts |sepa|confs|strbr|  dualbound   | primalbound  |  gap   | compl. 
 3755s|398900 |398901 | 43304k| 108.6 |  1632M | 109 | 302 | 103 | 482 |2315k|  3 |3198 |1126 |-5.014615e+00 |      --      |    Inf | unknown
 3756s|399000 |399001 | 43321k| 108.6 |  1632M | 109 | 302 | 102 | 416 |2316k|  3 |3198 |1126 |-5.014615e+00 |      --      |    Inf | unknown
 3757s|399100 |399101 | 43331k| 108.6 |  1633M | 109 | 302 | 103 | 567 |2316k|  4 |3200 |1126 |-5.014605e+00 |      --      |    Inf | unknown
 3757s|399200 |399201 | 43340k| 108.6 |  1633M | 109 | 302 | 103 | 528 |2317k|  4 |3200 |1126 |-5.014605e+00 |      --      |    Inf | unknown
 3758s|399300 |399301 | 43355k| 108.6 |  1633M | 109 | 302 | 105 | 548 |2317k|  6 |3202 |1126 |-5.014605e+00 |      --      |    Inf | unknown
 3759s|399400 |399401 | 43363k| 108.6 |  1633M | 109 | 302 | 106 | 477 |2318k|  2 |3203 |1126 |-5.014596e+00 |      --      |    Inf | unknown
 3759s|399500 |399501 | 43373k| 108.6 |  1633M | 109 | 302 | 104 | 400 |2318k|  2 |3203 |1126 |-5.014596e+00 |      --      |    Inf | unknown
 3759s|399600 |399601 | 43381k| 108.6 |  1634M | 109 | 302 | 104 | 595 |2319k|  2 |3204 |1126 |-5.014596e+00 |      --      |    Inf | unknown
 3760s|399700 |399701 | 43390k| 108.6 |  1635M | 109 | 302 | 104 | 536 |2320k|  3 |3205 |1127 |-5.014571e+00 |      --      |    Inf | unknown
 3760s|399800 |399801 | 43399k| 108.5 |  1636M | 109 | 302 | 104 | 528 |2320k|  2 |3205 |1127 |-5.014571e+00 |      --      |    Inf | unknown
 3761s|399900 |399901 | 43407k| 108.5 |  1636M | 109 | 302 | 104 | 368 |2321k|  2 |3205 |1127 |-5.014565e+00 |      --      |    Inf | unknown
 3761s|400000 |400001 | 43415k| 108.5 |  1636M | 109 | 302 | 106 | 608 |2321k|  3 |3207 |1127 |-5.014565e+00 |      --      |    Inf | unknown
 3761s|400100 |400101 | 43422k| 108.5 |  1636M | 109 | 302 | 107 | 534 |2322k|  2 |3208 |1127 |-5.014565e+00 |      --      |    Inf | unknown
 3762s|400200 |400201 | 43432k| 108.5 |  1636M | 109 | 302 | 105 | 482 |2322k|  4 |3208 |1127 |-5.014551e+00 |      --      |    Inf | unknown
 3762s|400300 |400301 | 43441k| 108.5 |  1636M | 109 | 302 | 106 | 492 |2323k|  3 |3209 |1127 |-5.014551e+00 |      --      |    Inf | unknown
 time | node  | left  |LP iter|LP it/n|mem/heur|mdpt |vars |cons |rows |cuts |sepa|confs|strbr|  dualbound   | primalbound  |  gap   | compl. 
 3763s|400400 |400401 | 43449k| 108.5 |  1637M | 109 | 302 | 105 | 388 |2323k|  3 |3209 |1128 |-5.014551e+00 |      --      |    Inf | unknown
 3763s|400500 |400501 | 43457k| 108.5 |  1639M | 109 | 302 | 105 | 575 |2324k|  2 |3209 |1128 |-5.014545e+00 |      --      |    Inf | unknown
 3764s|400600 |400601 | 43470k| 108.5 |  1639M | 109 | 302 | 102 | 501 |2324k|  2 |3209 |1128 |-5.014545e+00 |      --      |    Inf | unknown
 3764s|400700 |400701 | 43480k| 108.5 |  1639M | 109 | 302 | 102 | 471 |2325k|  2 |3210 |1128 |-5.014545e+00 |      --      |    Inf | unknown
 3764s|400800 |400801 | 43488k| 108.5 |  1639M | 109 | 302 | 102 | 466 |2326k|  2 |3210 |1128 |-5.014542e+00 |      --      |    Inf | unknown
 3781s|400900 |400901 | 43504k| 108.5 |  1639M | 109 | 302 | 103 | 387 |2326k|  4 |3211 |1128 |-5.014542e+00 |      --      |    Inf | unknown
 3781s|401000 |401001 | 43512k| 108.5 |  1639M | 109 | 302 | 102 | 581 |2327k|  3 |3211 |1128 |-5.014542e+00 |      --      |    Inf | unknown
 3782s|401100 |401101 | 43523k| 108.5 |  1640M | 109 | 302 | 102 | 581 |2327k|  2 |3211 |1129 |-5.014534e+00 |      --      |    Inf | unknown
 3782s|401200 |401201 | 43531k| 108.5 |  1640M | 109 | 302 | 103 | 478 |2328k|  2 |3212 |1129 |-5.014534e+00 |      --      |    Inf | unknown
 3782s|401300 |401301 | 43541k| 108.5 |  1641M | 109 | 302 | 103 | 393 |2328k|  4 |3212 |1129 |-5.014510e+00 |      --      |    Inf | unknown
 3783s|401400 |401401 | 43549k| 108.5 |  1641M | 109 | 302 | 104 | 606 |2329k|  4 |3213 |1129 |-5.014510e+00 |      --      |    Inf | unknown
 3784s|401500 |401501 | 43565k| 108.5 |  1641M | 109 | 302 | 103 | 569 |2329k|  3 |3213 |1129 |-5.014510e+00 |      --      |    Inf | unknown
 3784s|401600 |401601 | 43575k| 108.5 |  1642M | 109 | 302 | 104 | 476 |2330k|  2 |3214 |1129 |-5.014480e+00 |      --      |    Inf | unknown
 3784s|401700 |401701 | 43584k| 108.5 |  1642M | 109 | 302 | 104 | 424 |2330k|  2 |3214 |1129 |-5.014480e+00 |      --      |    Inf | unknown
 3786s|401800 |401801 | 43600k| 108.5 |  1643M | 109 | 302 | 102 | 390 |2331k|  2 |3215 |1129 |-5.014480e+00 |      --      |    Inf | unknown
 time | node  | left  |LP iter|LP it/n|mem/heur|mdpt |vars |cons |rows |cuts |sepa|confs|strbr|  dualbound   | primalbound  |  gap   | compl. 
 3786s|401900 |401901 | 43609k| 108.5 |  1643M | 109 | 302 | 102 | 574 |2332k|  3 |3215 |1130 |-5.014472e+00 |      --      |    Inf | unknown
 3786s|402000 |402001 | 43619k| 108.5 |  1643M | 109 | 302 | 103 | 587 |2332k|  4 |3216 |1130 |-5.014472e+00 |      --      |    Inf | unknown
 3787s|402100 |402101 | 43627k| 108.5 |  1643M | 109 | 302 | 103 | 492 |2333k|  2 |3216 |1130 |-5.014472e+00 |      --      |    Inf | unknown
 3787s|402200 |402201 | 43636k| 108.5 |  1644M | 109 | 302 | 103 | 501 |2333k|  2 |3217 |1130 |-5.014469e+00 |      --      |    Inf | unknown
 3787s|402300 |402301 | 43644k| 108.5 |  1645M | 109 | 302 | 103 | 360 |2334k|  2 |3217 |1130 |-5.014469e+00 |      --      |    Inf | unknown
 3788s|402400 |402401 | 43654k| 108.5 |  1645M | 109 | 302 | 103 | 580 |2334k|  2 |3218 |1130 |-5.014469e+00 |      --      |    Inf | unknown
 3788s|402500 |402501 | 43663k| 108.5 |  1645M | 109 | 302 | 104 | 482 |2335k|  1 |3219 |1130 |-5.014462e+00 |      --      |    Inf | unknown
 3789s|402600 |402601 | 43672k| 108.5 |  1645M | 109 | 302 | 104 | 479 |2336k|  2 |3219 |1130 |-5.014462e+00 |      --      |    Inf | unknown
 3789s|402700 |402701 | 43681k| 108.5 |  1645M | 109 | 302 | 104 | 400 |2336k|  2 |3219 |1130 |-5.014448e+00 |      --      |    Inf | unknown
 3790s|402800 |402801 | 43689k| 108.5 |  1645M | 109 | 302 | 104 | 573 |2337k|  2 |3219 |1130 |-5.014448e+00 |      --      |    Inf | unknown
 3790s|402900 |402901 | 43698k| 108.5 |  1645M | 109 | 302 | 104 | 574 |2337k|  3 |3220 |1130 |-5.014448e+00 |      --      |    Inf | unknown
 3793s|403000 |403001 | 43709k| 108.5 |  1646M | 109 | 302 | 106 | 487 |2338k|  4 |3222 |1131 |-5.014442e+00 |      --      |    Inf | unknown
 3793s|403100 |403101 | 43722k| 108.5 |  1647M | 109 | 302 | 103 | 465 |2338k|  2 |3222 |1131 |-5.014442e+00 |      --      |    Inf | unknown
 3794s|403200 |403201 | 43731k| 108.5 |  1647M | 109 | 302 | 104 | 379 |2339k|  2 |3223 |1131 |-5.014442e+00 |      --      |    Inf | unknown
 3796s|403300 |403301 | 43740k| 108.5 |  1647M | 109 | 302 | 105 | 542 |2340k|  3 |3224 |1131 |-5.014397e+00 |      --      |    Inf | unknown
 time | node  | left  |LP iter|LP it/n|mem/heur|mdpt |vars |cons |rows |cuts |sepa|confs|strbr|  dualbound   | primalbound  |  gap   | compl. 
 3796s|403400 |403401 | 43749k| 108.4 |  1648M | 109 | 302 | 103 | 509 |2340k|  2 |3224 |1131 |-5.014397e+00 |      --      |    Inf | unknown
 3797s|403500 |403501 | 43760k| 108.4 |  1649M | 109 | 302 | 105 | 541 |2341k|  4 |3226 |1131 |-5.014397e+00 |      --      |    Inf | unknown
 3802s|403600 |403601 | 43771k| 108.4 |  1649M | 109 | 302 | 106 | 470 |2341k|  2 |3227 |1131 |-5.014391e+00 |      --      |    Inf | unknown
 3803s|403700 |403701 | 43789k| 108.5 |  1650M | 109 | 302 | 103 | 363 |2342k|  1 |3227 |1131 |-5.014391e+00 |      --      |    Inf | unknown
 3803s|403800 |403801 | 43797k| 108.5 |  1650M | 109 | 302 | 103 | 576 |2343k|  2 |3228 |1131 |-5.014391e+00 |      --      |    Inf | unknown
 3804s|403900 |403901 | 43806k| 108.5 |  1650M | 109 | 302 | 103 | 505 |2343k|  2 |3228 |1131 |-5.014389e+00 |      --      |    Inf | unknown
 3804s|404000 |404001 | 43820k| 108.5 |  1650M | 109 | 302 | 103 | 492 |2344k|  4 |3229 |1131 |-5.014389e+00 |      --      |    Inf | unknown
 3805s|404100 |404101 | 43830k| 108.5 |  1650M | 109 | 302 | 103 | 411 |2344k|  3 |3230 |1131 |-5.014369e+00 |      --      |    Inf | unknown
 3805s|404200 |404201 | 43838k| 108.5 |  1650M | 109 | 302 | 103 | 584 |2345k|  2 |3230 |1131 |-5.014369e+00 |      --      |    Inf | unknown
 3824s|404300 |404301 | 43853k| 108.5 |  1652M | 109 | 302 | 102 | 498 |2345k|  2 |3230 |1132 |-5.014369e+00 |      --      |    Inf | unknown
 3824s|404400 |404401 | 43862k| 108.5 |  1652M | 109 | 302 | 102 | 471 |2346k|  2 |3231 |1132 |-5.014358e+00 |      --      |    Inf | unknown
 3824s|404500 |404501 | 43871k| 108.5 |  1652M | 109 | 302 | 103 | 438 |2346k|  3 |3232 |1132 |-5.014358e+00 |      --      |    Inf | unknown
 3825s|404600 |404601 | 43879k| 108.4 |  1654M | 109 | 302 | 104 | 405 |2347k|  4 |3233 |1132 |-5.014358e+00 |      --      |    Inf | unknown
 3825s|404700 |404701 | 43889k| 108.4 |  1654M | 109 | 302 | 105 | 558 |2347k|  2 |3234 |1132 |-5.014316e+00 |      --      |    Inf | unknown
 3826s|404800 |404801 | 43897k| 108.4 |  1654M | 109 | 302 | 105 | 554 |2348k|  3 |3234 |1132 |-5.014316e+00 |      --      |    Inf | unknown
 time | node  | left  |LP iter|LP it/n|mem/heur|mdpt |vars |cons |rows |cuts |sepa|confs|strbr|  dualbound   | primalbound  |  gap   | compl. 
 3826s|404900 |404901 | 43906k| 108.4 |  1654M | 109 | 302 | 107 | 457 |2349k|  3 |3236 |1132 |-5.014316e+00 |      --      |    Inf | unknown
 3827s|405000 |405001 | 43915k| 108.4 |  1654M | 109 | 302 | 105 | 406 |2349k|  2 |3236 |1132 |-5.014312e+00 |      --      |    Inf | unknown
 3827s|405100 |405101 | 43923k| 108.4 |  1654M | 109 | 302 | 106 | 414 |2350k|  2 |3237 |1132 |-5.014312e+00 |      --      |    Inf | unknown
 3827s|405200 |405201 | 43933k| 108.4 |  1654M | 109 | 302 | 106 | 559 |2350k|  2 |3238 |1132 |-5.014312e+00 |      --      |    Inf | unknown
 3828s|405300 |405301 | 43942k| 108.4 |  1654M | 109 | 302 | 107 | 512 |2351k|  2 |3239 |1132 |-5.014305e+00 |      --      |    Inf | unknown
 3828s|405400 |405401 | 43956k| 108.4 |  1655M | 109 | 302 | 103 | 498 |2352k|  4 |3239 |1133 |-5.014305e+00 |      --      |    Inf | unknown
 3829s|405500 |405501 | 43966k| 108.4 |  1655M | 109 | 302 | 101 | 384 |2352k|  2 |3239 |1133 |-5.014299e+00 |      --      |    Inf | unknown
 3829s|405600 |405601 | 43973k| 108.4 |  1656M | 109 | 302 | 101 | 580 |2353k|  3 |3239 |1133 |-5.014299e+00 |      --      |    Inf | unknown
 3830s|405700 |405701 | 43981k| 108.4 |  1656M | 109 | 302 | 102 | 558 |2353k|  3 |3240 |1133 |-5.014299e+00 |      --      |    Inf | unknown
 3830s|405800 |405801 | 43991k| 108.4 |  1656M | 109 | 302 | 104 | 490 |2354k|  4 |3242 |1133 |-5.014268e+00 |      --      |    Inf | unknown
 3830s|405900 |405901 | 43999k| 108.4 |  1656M | 109 | 302 | 104 | 408 |2354k|  3 |3242 |1133 |-5.014268e+00 |      --      |    Inf | unknown
 3831s|406000 |406001 | 44016k| 108.4 |  1657M | 109 | 302 | 104 | 424 |2355k|  4 |3243 |1133 |-5.014268e+00 |      --      |    Inf | unknown
 3832s|406100 |406101 | 44025k| 108.4 |  1657M | 109 | 302 | 103 | 541 |2355k|  2 |3243 |1133 |-5.014264e+00 |      --      |    Inf | unknown
 3849s|406200 |406201 | 44040k| 108.4 |  1658M | 109 | 302 | 101 | 500 |2356k|  2 |3243 |1133 |-5.014264e+00 |      --      |    Inf | unknown
 3849s|406300 |406301 | 44050k| 108.4 |  1658M | 109 | 302 | 101 | 488 |2357k|  2 |3243 |1134 |-5.014264e+00 |      --      |    Inf | unknown
 time | node  | left  |LP iter|LP it/n|mem/heur|mdpt |vars |cons |rows |cuts |sepa|confs|strbr|  dualbound   | primalbound  |  gap   | compl. 
 3850s|406400 |406401 | 44060k| 108.4 |  1658M | 109 | 302 | 102 | 423 |2357k|  2 |3244 |1134 |-5.014263e+00 |      --      |    Inf | unknown
 3850s|406500 |406501 | 44068k| 108.4 |  1658M | 109 | 302 | 103 | 409 |2358k|  3 |3245 |1134 |-5.014263e+00 |      --      |    Inf | unknown
 3850s|406600 |406601 | 44076k| 108.4 |  1658M | 109 | 302 | 103 | 589 |2358k|  4 |3245 |1134 |-5.014263e+00 |      --      |    Inf | unknown
 3851s|406700 |406701 | 44088k| 108.4 |  1658M | 109 | 302 | 104 | 502 |2359k|  3 |3246 |1135 |-5.014248e+00 |      --      |    Inf | unknown
 3851s|406800 |406801 | 44097k| 108.4 |  1659M | 109 | 302 | 104 | 486 |2359k|  2 |3246 |1135 |-5.014248e+00 |      --      |    Inf | unknown
 3852s|406900 |406901 | 44110k| 108.4 |  1659M | 109 | 302 | 102 | 359 |2360k|  2 |3246 |1135 |-5.014238e+00 |      --      |    Inf | unknown
 3853s|407000 |407001 | 44117k| 108.4 |  1660M | 109 | 302 | 103 | 614 |2360k|  1 |3247 |1135 |-5.014238e+00 |      --      |    Inf | unknown
 3853s|407100 |407101 | 44125k| 108.4 |  1660M | 109 | 302 | 103 | 575 |2361k|  4 |3248 |1135 |-5.014238e+00 |      --      |    Inf | unknown
 3853s|407200 |407201 | 44135k| 108.4 |  1660M | 109 | 302 | 106 | 468 |2362k|  2 |3251 |1135 |-5.014217e+00 |      --      |    Inf | unknown
 3854s|407300 |407301 | 44143k| 108.4 |  1660M | 109 | 302 | 106 | 485 |2362k|  2 |3251 |1135 |-5.014217e+00 |      --      |    Inf | unknown
 3854s|407400 |407401 | 44152k| 108.4 |  1660M | 109 | 302 | 108 | 380 |2363k|  3 |3253 |1135 |-5.014217e+00 |      --      |    Inf | unknown
 3854s|407500 |407501 | 44161k| 108.4 |  1661M | 109 | 302 | 108 | 517 |2363k|  3 |3253 |1135 |-5.014212e+00 |      --      |    Inf | unknown
 3855s|407600 |407601 | 44170k| 108.4 |  1663M | 109 | 302 | 110 | 584 |2364k|  4 |3255 |1135 |-5.014212e+00 |      --      |    Inf | unknown
 3855s|407700 |407701 | 44180k| 108.4 |  1663M | 109 | 302 | 109 | 509 |2364k|  3 |3256 |1135 |-5.014212e+00 |      --      |    Inf | unknown
 3856s|407800 |407801 | 44189k| 108.4 |  1665M | 109 | 302 | 109 | 414 |2365k|  3 |3256 |1135 |-5.014166e+00 |      --      |    Inf | unknown
 time | node  | left  |LP iter|LP it/n|mem/heur|mdpt |vars |cons |rows |cuts |sepa|confs|strbr|  dualbound   | primalbound  |  gap   | compl. 
 3859s|407900 |407901 | 44199k| 108.4 |  1665M | 109 | 302 | 109 | 377 |2365k|  3 |3258 |1135 |-5.014166e+00 |      --      |    Inf | unknown
 3859s|408000 |408001 | 44209k| 108.3 |  1665M | 109 | 302 | 106 | 538 |2366k|  2 |3259 |1135 |-5.014166e+00 |      --      |    Inf | unknown
 3860s|408100 |408101 | 44231k| 108.4 |  1666M | 109 | 302 | 101 | 527 |2367k|  1 |3259 |1135 |-5.014165e+00 |      --      |    Inf | unknown
 3861s|408200 |408201 | 44240k| 108.4 |  1666M | 109 | 302 | 103 | 448 |2367k|  3 |3261 |1135 |-5.014165e+00 |      --      |    Inf | unknown
 3863s|408300 |408301 | 44250k| 108.4 |  1667M | 109 | 302 | 104 | 393 |2368k|  4 |3262 |1135 |-5.014159e+00 |      --      |    Inf | unknown
 3863s|408400 |408401 | 44258k| 108.4 |  1667M | 109 | 302 | 104 | 582 |2368k|  2 |3262 |1135 |-5.014159e+00 |      --      |    Inf | unknown
 3864s|408500 |408501 | 44269k| 108.4 |  1667M | 109 | 302 | 104 | 546 |2369k|  1 |3262 |1135 |-5.014159e+00 |      --      |    Inf | unknown
 3868s|408600 |408601 | 44281k| 108.4 |  1669M | 109 | 302 | 107 | 484 |2370k|  3 |3265 |1135 |-5.014159e+00 |      --      |    Inf | unknown
 3869s|408700 |408701 | 44290k| 108.4 |  1670M | 109 | 302 | 108 | 505 |2370k|  1 |3266 |1135 |-5.014159e+00 |      --      |    Inf | unknown
 3869s|408800 |408801 | 44297k| 108.4 |  1670M | 109 | 302 | 106 | 359 |2371k|  1 |3266 |1135 |-5.014159e+00 |      --      |    Inf | unknown
 3870s|408900 |408901 | 44306k| 108.3 |  1670M | 109 | 302 | 106 | 564 |2371k|  3 |3267 |1135 |-5.014136e+00 |      --      |    Inf | unknown
 3870s|409000 |409001 | 44314k| 108.3 |  1670M | 109 | 302 | 107 | 564 |2372k|  2 |3268 |1135 |-5.014136e+00 |      --      |    Inf | unknown
 3871s|409100 |409101 | 44326k| 108.3 |  1670M | 109 | 302 | 103 | 453 |2372k|  3 |3268 |1135 |-5.014136e+00 |      --      |    Inf | unknown
 3890s|409200 |409201 | 44343k| 108.4 |  1683M | 109 | 302 | 101 | 405 |2373k|  3 |3268 |1135 |-5.014124e+00 |      --      |    Inf | unknown
 3890s|409300 |409301 | 44354k| 108.4 |  1683M | 109 | 302 | 101 | 402 |2374k|  3 |3268 |1135 |-5.014124e+00 |      --      |    Inf | unknown
 time | node  | left  |LP iter|LP it/n|mem/heur|mdpt |vars |cons |rows |cuts |sepa|confs|strbr|  dualbound   | primalbound  |  gap   | compl. 
 3891s|409400 |409401 | 44363k| 108.4 |  1685M | 109 | 302 | 102 | 574 |2374k|  3 |3269 |1135 |-5.014124e+00 |      --      |    Inf | unknown
 3891s|409500 |409501 | 44371k| 108.3 |  1685M | 109 | 302 | 102 | 514 |2375k|  3 |3269 |1135 |-5.014101e+00 |      --      |    Inf | unknown
 3892s|409600 |409601 | 44380k| 108.3 |  1685M | 109 | 302 | 103 | 538 |2375k|  4 |3270 |1135 |-5.014101e+00 |      --      |    Inf | unknown
 3892s|409700 |409701 | 44388k| 108.3 |  1685M | 109 | 302 | 103 | 379 |2376k|  2 |3270 |1135 |-5.014093e+00 |      --      |    Inf | unknown
 3892s|409800 |409801 | 44397k| 108.3 |  1685M | 109 | 302 | 104 | 564 |2376k|  2 |3271 |1135 |-5.014093e+00 |      --      |    Inf | unknown
 3893s|409900 |409901 | 44408k| 108.3 |  1685M | 109 | 302 | 102 | 545 |2377k|  3 |3271 |1135 |-5.014093e+00 |      --      |    Inf | unknown
 3893s|410000 |410001 | 44417k| 108.3 |  1685M | 109 | 302 | 102 | 472 |2378k|  3 |3271 |1135 |-5.014086e+00 |      --      |    Inf | unknown
 3894s|410100 |410101 | 44426k| 108.3 |  1686M | 109 | 302 | 102 | 441 |2378k|  2 |3271 |1135 |-5.014086e+00 |      --      |    Inf | unknown
 3894s|410200 |410201 | 44433k| 108.3 |  1687M | 109 | 302 | 103 | 337 |2379k|  4 |3272 |1135 |-5.014086e+00 |      --      |    Inf | unknown
 3895s|410300 |410301 | 44446k| 108.3 |  1687M | 109 | 302 | 102 | 554 |2379k|  2 |3272 |1135 |-5.014074e+00 |      --      |    Inf | unknown
 3896s|410400 |410401 | 44461k| 108.3 |  1687M | 109 | 302 | 101 | 515 |2380k|  2 |3272 |1136 |-5.014074e+00 |      --      |    Inf | unknown
 3896s|410500 |410501 | 44473k| 108.3 |  1687M | 109 | 302 | 102 | 498 |2380k|  3 |3273 |1136 |-5.014074e+00 |      --      |    Inf | unknown
 3897s|410600 |410601 | 44483k| 108.3 |  1687M | 109 | 302 | 103 | 430 |2381k|  1 |3274 |1136 |-5.014065e+00 |      --      |    Inf | unknown
 3897s|410700 |410701 | 44490k| 108.3 |  1687M | 109 | 302 | 103 | 423 |2381k|  2 |3274 |1136 |-5.014065e+00 |      --      |    Inf | unknown
 3898s|410800 |410801 | 44499k| 108.3 |  1687M | 109 | 302 | 104 | 575 |2382k|  2 |3275 |1136 |-5.014065e+00 |      --      |    Inf | unknown
 time | node  | left  |LP iter|LP it/n|mem/heur|mdpt |vars |cons |rows |cuts |sepa|confs|strbr|  dualbound   | primalbound  |  gap   | compl. 
 3898s|410900 |410901 | 44507k| 108.3 |  1687M | 109 | 302 | 104 | 548 |2383k|  2 |3275 |1136 |-5.014014e+00 |      --      |    Inf | unknown
 3898s|411000 |411001 | 44517k| 108.3 |  1688M | 109 | 302 | 106 | 487 |2383k|  3 |3277 |1136 |-5.014014e+00 |      --      |    Inf | unknown
 3899s|411100 |411101 | 44527k| 108.3 |  1689M | 109 | 302 | 107 | 395 |2384k|  2 |3278 |1136 |-5.013992e+00 |      --      |    Inf | unknown
 3916s|411200 |411201 | 44542k| 108.3 |  1689M | 109 | 302 | 103 | 607 |2384k|  2 |3278 |1136 |-5.013992e+00 |      --      |    Inf | unknown
 3916s|411300 |411301 | 44551k| 108.3 |  1690M | 109 | 302 | 102 | 600 |2385k|  2 |3278 |1136 |-5.013992e+00 |      --      |    Inf | unknown
 3917s|411400 |411401 | 44566k| 108.3 |  1690M | 109 | 302 | 101 | 462 |2386k|  3 |3278 |1136 |-5.013945e+00 |      --      |    Inf | unknown
 3918s|411500 |411501 | 44578k| 108.3 |  1690M | 109 | 302 | 101 | 439 |2386k|  2 |3278 |1136 |-5.013945e+00 |      --      |    Inf | unknown
 3918s|411600 |411601 | 44586k| 108.3 |  1690M | 109 | 302 | 103 | 358 |2387k|  2 |3280 |1136 |-5.013945e+00 |      --      |    Inf | unknown
 3918s|411700 |411701 | 44594k| 108.3 |  1690M | 109 | 302 | 103 | 522 |2387k|  2 |3280 |1136 |-5.013944e+00 |      --      |    Inf | unknown
 3919s|411800 |411801 | 44603k| 108.3 |  1691M | 109 | 302 | 104 | 552 |2388k|  3 |3281 |1136 |-5.013944e+00 |      --      |    Inf | unknown
 3919s|411900 |411901 | 44612k| 108.3 |  1691M | 109 | 302 | 104 | 494 |2388k|  2 |3281 |1136 |-5.013944e+00 |      --      |    Inf | unknown
 3920s|412000 |412001 | 44621k| 108.3 |  1691M | 109 | 302 | 105 | 470 |2389k|  3 |3282 |1136 |-5.013942e+00 |      --      |    Inf | unknown
 3920s|412100 |412101 | 44628k| 108.3 |  1691M | 109 | 302 | 105 | 371 |2389k|  2 |3282 |1136 |-5.013942e+00 |      --      |    Inf | unknown
 3920s|412200 |412201 | 44638k| 108.3 |  1692M | 109 | 302 | 107 | 598 |2390k|  2 |3284 |1136 |-5.013942e+00 |      --      |    Inf | unknown
 3921s|412300 |412301 | 44656k| 108.3 |  1692M | 109 | 302 | 103 | 562 |2391k|  4 |3284 |1136 |-5.013920e+00 |      --      |    Inf | unknown
 time | node  | left  |LP iter|LP it/n|mem/heur|mdpt |vars |cons |rows |cuts |sepa|confs|strbr|  dualbound   | primalbound  |  gap   | compl. 
 3922s|412400 |412401 | 44665k| 108.3 |  1692M | 109 | 302 | 102 | 466 |2391k|  2 |3284 |1136 |-5.013920e+00 |      --      |    Inf | unknown
 3922s|412500 |412501 | 44673k| 108.3 |  1693M | 109 | 302 | 103 | 394 |2392k|  2 |3286 |1136 |-5.013901e+00 |      --      |    Inf | unknown
 3922s|412600 |412601 | 44681k| 108.3 |  1693M | 109 | 302 | 103 | 583 |2392k|  1 |3286 |1136 |-5.013901e+00 |      --      |    Inf | unknown
 3923s|412700 |412701 | 44690k| 108.3 |  1694M | 109 | 302 | 105 | 556 |2393k|  2 |3288 |1136 |-5.013901e+00 |      --      |    Inf | unknown
 3923s|412800 |412801 | 44699k| 108.3 |  1694M | 109 | 302 | 106 | 464 |2394k|  1 |3289 |1136 |-5.013899e+00 |      --      |    Inf | unknown
 3924s|412900 |412901 | 44712k| 108.3 |  1694M | 109 | 302 | 104 | 442 |2394k|  4 |3289 |1136 |-5.013899e+00 |      --      |    Inf | unknown
 3927s|413000 |413001 | 44722k| 108.3 |  1694M | 109 | 302 | 105 | 375 |2395k|  3 |3291 |1136 |-5.013899e+00 |      --      |    Inf | unknown
 3928s|413100 |413101 | 44734k| 108.3 |  1694M | 109 | 302 | 103 | 554 |2395k|  2 |3291 |1136 |-5.013874e+00 |      --      |    Inf | unknown
 3928s|413200 |413201 | 44743k| 108.3 |  1696M | 109 | 302 | 103 | 535 |2396k|  2 |3291 |1136 |-5.013874e+00 |      --      |    Inf | unknown
 3928s|413300 |413301 | 44752k| 108.3 |  1697M | 109 | 302 | 102 | 543 |2397k|  2 |3291 |1136 |-5.013874e+00 |      --      |    Inf | unknown
 3931s|413400 |413401 | 44761k| 108.3 |  1697M | 109 | 302 | 102 | 464 |2397k|  4 |3292 |1136 |-5.013867e+00 |      --      |    Inf | unknown
 3931s|413500 |413501 | 44771k| 108.3 |  1697M | 109 | 302 | 103 | 390 |2398k|  3 |3293 |1136 |-5.013867e+00 |      --      |    Inf | unknown
 3931s|413600 |413601 | 44779k| 108.3 |  1697M | 109 | 302 | 104 | 591 |2398k|  2 |3294 |1136 |-5.013867e+00 |      --      |    Inf | unknown
 3939s|413700 |413701 | 44790k| 108.3 |  1699M | 109 | 302 | 105 | 543 |2399k|  3 |3295 |1136 |-5.013837e+00 |      --      |    Inf | unknown
 3939s|413800 |413801 | 44800k| 108.3 |  1699M | 109 | 302 | 107 | 474 |2399k|  2 |3297 |1136 |-5.013837e+00 |      --      |    Inf | unknown
 time | node  | left  |LP iter|LP it/n|mem/heur|mdpt |vars |cons |rows |cuts |sepa|confs|strbr|  dualbound   | primalbound  |  gap   | compl. 
 3940s|413900 |413901 | 44810k| 108.3 |  1699M | 109 | 302 | 107 | 389 |2400k|  2 |3298 |1136 |-5.013832e+00 |      --      |    Inf | unknown
 3940s|414000 |414001 | 44818k| 108.3 |  1699M | 109 | 302 | 107 | 645 |2400k|  2 |3298 |1136 |-5.013832e+00 |      --      |    Inf | unknown
 3941s|414100 |414101 | 44831k| 108.3 |  1701M | 109 | 302 | 102 | 515 |2401k|  4 |3298 |1136 |-5.013832e+00 |      --      |    Inf | unknown
 3941s|414200 |414201 | 44841k| 108.3 |  1701M | 109 | 302 | 102 | 459 |2402k|  2 |3298 |1136 |-5.013787e+00 |      --      |    Inf | unknown
 3942s|414300 |414301 | 44859k| 108.3 |  1701M | 109 | 302 | 102 | 453 |2402k|  3 |3299 |1136 |-5.013787e+00 |      --      |    Inf | unknown
 3942s|414400 |414401 | 44867k| 108.3 |  1701M | 109 | 302 | 102 | 406 |2403k|  2 |3299 |1136 |-5.013787e+00 |      --      |    Inf | unknown
 3943s|414500 |414501 | 44875k| 108.3 |  1701M | 109 | 302 | 102 | 564 |2403k|  2 |3299 |1136 |-5.013760e+00 |      --      |    Inf | unknown
 3962s|414600 |414601 | 44891k| 108.3 |  1701M | 109 | 302 | 101 | 580 |2404k|  3 |3299 |1136 |-5.013760e+00 |      --      |    Inf | unknown
 3962s|414700 |414701 | 44903k| 108.3 |  1702M | 109 | 302 | 101 | 542 |2404k|  2 |3299 |1136 |-5.013760e+00 |      --      |    Inf | unknown
 3963s|414800 |414801 | 44912k| 108.3 |  1702M | 109 | 302 | 103 | 460 |2405k|  3 |3301 |1136 |-5.013729e+00 |      --      |    Inf | unknown
 3963s|414900 |414901 | 44921k| 108.3 |  1703M | 109 | 302 | 103 | 343 |2406k|  4 |3301 |1136 |-5.013729e+00 |      --      |    Inf | unknown
 3964s|415000 |415001 | 44930k| 108.3 |  1703M | 109 | 302 | 104 | 561 |2406k|  2 |3302 |1136 |-5.013729e+00 |      --      |    Inf | unknown
 3964s|415100 |415101 | 44944k| 108.3 |  1703M | 109 | 302 | 104 | 557 |2407k|  4 |3302 |1136 |-5.013699e+00 |      --      |    Inf | unknown
 3965s|415200 |415201 | 44954k| 108.3 |  1704M | 109 | 302 | 103 | 526 |2407k|  2 |3302 |1136 |-5.013699e+00 |      --      |    Inf | unknown
 3965s|415300 |415301 | 44962k| 108.3 |  1704M | 109 | 302 | 103 | 348 |2408k|  2 |3303 |1136 |-5.013688e+00 |      --      |    Inf | unknown
 time | node  | left  |LP iter|LP it/n|mem/heur|mdpt |vars |cons |rows |cuts |sepa|confs|strbr|  dualbound   | primalbound  |  gap   | compl. 
 3966s|415400 |415401 | 44972k| 108.3 |  1704M | 109 | 302 | 102 | 596 |2409k|  2 |3303 |1136 |-5.013688e+00 |      --      |    Inf | unknown
 3966s|415500 |415501 | 44982k| 108.3 |  1704M | 109 | 302 | 103 | 549 |2409k|  2 |3304 |1136 |-5.013688e+00 |      --      |    Inf | unknown
 3966s|415600 |415601 | 44991k| 108.3 |  1704M | 109 | 302 | 103 | 474 |2410k|  4 |3304 |1136 |-5.013679e+00 |      --      |    Inf | unknown
 3967s|415700 |415701 | 45000k| 108.2 |  1705M | 109 | 302 | 106 | 527 |2410k|  5 |3307 |1136 |-5.013679e+00 |      --      |    Inf | unknown
 3967s|415800 |415801 | 45009k| 108.2 |  1705M | 109 | 302 | 106 | 406 |2411k|  3 |3307 |1136 |-5.013679e+00 |      --      |    Inf | unknown
 3968s|415900 |415901 | 45019k| 108.2 |  1705M | 109 | 302 | 104 | 573 |2412k|  3 |3307 |1136 |-5.013674e+00 |      --      |    Inf | unknown
 3968s|416000 |416001 | 45028k| 108.2 |  1705M | 109 | 302 | 105 | 527 |2412k|  2 |3308 |1136 |-5.013674e+00 |      --      |    Inf | unknown
 3969s|416100 |416101 | 45036k| 108.2 |  1706M | 109 | 302 | 105 | 488 |2413k|  1 |3309 |1136 |-5.013674e+00 |      --      |    Inf | unknown
 3969s|416200 |416201 | 45045k| 108.2 |  1706M | 109 | 302 | 103 | 399 |2413k|  2 |3309 |1136 |-5.013668e+00 |      --      |    Inf | unknown
 3970s|416300 |416301 | 45062k| 108.2 |  1707M | 109 | 302 | 103 | 353 |2414k|  4 |3309 |1136 |-5.013668e+00 |      --      |    Inf | unknown
 3971s|416400 |416401 | 45076k| 108.2 |  1707M | 109 | 302 | 101 | 556 |2414k|  2 |3309 |1136 |-5.013668e+00 |      --      |    Inf | unknown
 3988s|416500 |416501 | 45091k| 108.3 |  1708M | 109 | 302 | 101 | 536 |2415k|  2 |3309 |1136 |-5.013665e+00 |      --      |    Inf | unknown
 3988s|416600 |416601 | 45100k| 108.3 |  1708M | 109 | 302 | 101 | 458 |2416k|  5 |3309 |1136 |-5.013665e+00 |      --      |    Inf | unknown
 3988s|416700 |416701 | 45108k| 108.2 |  1708M | 109 | 302 | 101 | 377 |2416k|  2 |3309 |1136 |-5.013665e+00 |      --      |    Inf | unknown
 3989s|416800 |416801 | 45116k| 108.2 |  1708M | 109 | 302 | 103 | 656 |2417k|  2 |3311 |1136 |-5.013665e+00 |      --      |    Inf | unknown
 time | node  | left  |LP iter|LP it/n|mem/heur|mdpt |vars |cons |rows |cuts |sepa|confs|strbr|  dualbound   | primalbound  |  gap   | compl. 
 3989s|416900 |416901 | 45125k| 108.2 |  1708M | 109 | 302 | 104 | 562 |2417k|  3 |3312 |1136 |-5.013665e+00 |      --      |    Inf | unknown
 3990s|417000 |417001 | 45136k| 108.2 |  1708M | 109 | 302 | 105 | 514 |2418k|  2 |3313 |1136 |-5.013652e+00 |      --      |    Inf | unknown
 3990s|417100 |417101 | 45145k| 108.2 |  1709M | 109 | 302 | 106 | 446 |2418k|  2 |3314 |1136 |-5.013652e+00 |      --      |    Inf | unknown
 3990s|417200 |417201 | 45154k| 108.2 |  1709M | 109 | 302 | 106 | 410 |2419k|  4 |3314 |1136 |-5.013652e+00 |      --      |    Inf | unknown
 3991s|417300 |417301 | 45162k| 108.2 |  1710M | 109 | 302 | 107 | 547 |2420k|  1 |3315 |1136 |-5.013620e+00 |      --      |    Inf | unknown
 3991s|417400 |417401 | 45172k| 108.2 |  1710M | 109 | 302 | 106 | 566 |2420k|  4 |3315 |1136 |-5.013620e+00 |      --      |    Inf | unknown
 3992s|417500 |417501 | 45180k| 108.2 |  1710M | 109 | 302 | 105 | 492 |2421k|  2 |3315 |1136 |-5.013620e+00 |      --      |    Inf | unknown
 3992s|417600 |417601 | 45189k| 108.2 |  1711M | 109 | 302 | 106 | 443 |2421k|  3 |3317 |1136 |-5.013606e+00 |      --      |    Inf | unknown
 3992s|417700 |417701 | 45198k| 108.2 |  1711M | 109 | 302 | 106 | 322 |2422k|  2 |3318 |1136 |-5.013606e+00 |      --      |    Inf | unknown
 3993s|417800 |417801 | 45207k| 108.2 |  1711M | 109 | 302 | 106 | 558 |2422k|  1 |3318 |1136 |-5.013606e+00 |      --      |    Inf | unknown
 3993s|417900 |417901 | 45221k| 108.2 |  1712M | 109 | 302 | 102 | 514 |2423k|  3 |3318 |1136 |-5.013604e+00 |      --      |    Inf | unknown
 3994s|418000 |418001 | 45231k| 108.2 |  1713M | 109 | 302 | 101 | 500 |2424k|  4 |3318 |1136 |-5.013604e+00 |      --      |    Inf | unknown
 3997s|418100 |418101 | 45241k| 108.2 |  1713M | 109 | 302 | 103 | 382 |2424k|  4 |3320 |1136 |-5.013598e+00 |      --      |    Inf | unknown
 3998s|418200 |418201 | 45249k| 108.2 |  1713M | 109 | 302 | 103 | 593 |2425k|  1 |3320 |1136 |-5.013598e+00 |      --      |    Inf | unknown
 3998s|418300 |418301 | 45257k| 108.2 |  1713M | 109 | 302 | 105 | 541 |2425k|  5 |3322 |1136 |-5.013598e+00 |      --      |    Inf | unknown
 time | node  | left  |LP iter|LP it/n|mem/heur|mdpt |vars |cons |rows |cuts |sepa|confs|strbr|  dualbound   | primalbound  |  gap   | compl. 
 3998s|418400 |418401 | 45267k| 108.2 |  1713M | 109 | 302 | 106 | 450 |2426k|  2 |3323 |1136 |-5.013570e+00 |      --      |    Inf | unknown
 3999s|418500 |418501 | 45283k| 108.2 |  1713M | 109 | 302 | 104 | 479 |2427k|  3 |3323 |1136 |-5.013570e+00 |      --      |    Inf | unknown
 4002s|418600 |418601 | 45294k| 108.2 |  1713M | 109 | 302 | 105 | 467 |2427k|  2 |3325 |1136 |-5.013570e+00 |      --      |    Inf | unknown
 4002s|418700 |418701 | 45303k| 108.2 |  1713M | 109 | 302 | 104 | 581 |2428k|  3 |3325 |1136 |-5.013566e+00 |      --      |    Inf | unknown
 4002s|418800 |418801 | 45311k| 108.2 |  1715M | 109 | 302 | 104 | 528 |2428k|  1 |3326 |1136 |-5.013566e+00 |      --      |    Inf | unknown
 4006s|418900 |418901 | 45322k| 108.2 |  1716M | 109 | 302 | 105 | 519 |2429k|  3 |3327 |1136 |-5.013566e+00 |      --      |    Inf | unknown
 4007s|419000 |419001 | 45332k| 108.2 |  1716M | 109 | 302 | 103 | 457 |2429k|  2 |3327 |1136 |-5.013550e+00 |      --      |    Inf | unknown
 4007s|419100 |419101 | 45341k| 108.2 |  1717M | 109 | 302 | 103 | 343 |2430k|  3 |3327 |1136 |-5.013550e+00 |      --      |    Inf | unknown
 4008s|419200 |419201 | 45350k| 108.2 |  1718M | 109 | 302 | 103 | 582 |2430k|  3 |3328 |1136 |-5.013550e+00 |      --      |    Inf | unknown
 4008s|419300 |419301 | 45358k| 108.2 |  1718M | 109 | 302 | 105 | 563 |2431k|  4 |3330 |1136 |-5.013548e+00 |      --      |    Inf | unknown
 4029s|419400 |419401 | 45380k| 108.2 |  1718M | 109 | 302 | 101 | 473 |2431k|  2 |3330 |1136 |-5.013548e+00 |      --      |    Inf | unknown
 4029s|419500 |419501 | 45389k| 108.2 |  1718M | 109 | 302 | 101 | 374 |2432k|  2 |3330 |1136 |-5.013538e+00 |      --      |    Inf | unknown
 4030s|419600 |419601 | 45397k| 108.2 |  1719M | 109 | 302 | 101 | 567 |2433k|  2 |3330 |1136 |-5.013538e+00 |      --      |    Inf | unknown
 4030s|419700 |419701 | 45408k| 108.2 |  1719M | 109 | 302 | 103 | 615 |2433k|  4 |3332 |1136 |-5.013538e+00 |      --      |    Inf | unknown
 4031s|419800 |419801 | 45415k| 108.2 |  1719M | 109 | 302 | 103 | 477 |2434k|  2 |3332 |1136 |-5.013515e+00 |      --      |    Inf | unknown
 time | node  | left  |LP iter|LP it/n|mem/heur|mdpt |vars |cons |rows |cuts |sepa|confs|strbr|  dualbound   | primalbound  |  gap   | compl. 
 4031s|419900 |419901 | 45423k| 108.2 |  1720M | 109 | 302 | 104 | 438 |2434k|  2 |3333 |1136 |-5.013515e+00 |      --      |    Inf | unknown
 4031s|420000 |420001 | 45432k| 108.2 |  1720M | 109 | 302 | 105 | 324 |2435k|  2 |3334 |1136 |-5.013515e+00 |      --      |    Inf | unknown
 4032s|420100 |420101 | 45441k| 108.2 |  1720M | 109 | 302 | 105 | 565 |2435k|  3 |3334 |1136 |-5.013512e+00 |      --      |    Inf | unknown
 4032s|420200 |420201 | 45450k| 108.2 |  1720M | 109 | 302 | 107 | 497 |2436k|  2 |3336 |1136 |-5.013512e+00 |      --      |    Inf | unknown
 4033s|420300 |420301 | 45460k| 108.2 |  1720M | 109 | 302 | 108 | 468 |2437k|  3 |3337 |1136 |-5.013512e+00 |      --      |    Inf | unknown
 4033s|420400 |420401 | 45468k| 108.1 |  1722M | 109 | 302 | 107 | 459 |2437k|  4 |3339 |1136 |-5.013512e+00 |      --      |    Inf | unknown
 4034s|420500 |420501 | 45484k| 108.2 |  1722M | 109 | 302 | 104 | 380 |2438k|  4 |3339 |1136 |-5.013512e+00 |      --      |    Inf | unknown
 4034s|420600 |420601 | 45493k| 108.2 |  1722M | 109 | 302 | 104 | 604 |2438k|  3 |3340 |1136 |-5.013512e+00 |      --      |    Inf | unknown
 4035s|420700 |420701 | 45503k| 108.2 |  1722M | 109 | 302 | 106 | 535 |2439k|  2 |3342 |1136 |-5.013490e+00 |      --      |    Inf | unknown
 4035s|420800 |420801 | 45516k| 108.2 |  1722M | 109 | 302 | 103 | 487 |2440k|  2 |3342 |1136 |-5.013490e+00 |      --      |    Inf | unknown
 4036s|420900 |420901 | 45524k| 108.2 |  1722M | 109 | 302 | 102 | 361 |2440k|  2 |3342 |1136 |-5.013485e+00 |      --      |    Inf | unknown
 4036s|421000 |421001 | 45533k| 108.1 |  1722M | 109 | 302 | 101 | 570 |2441k|  2 |3342 |1136 |-5.013485e+00 |      --      |    Inf | unknown
 4037s|421100 |421101 | 45540k| 108.1 |  1722M | 109 | 302 | 102 | 508 |2441k|  1 |3343 |1136 |-5.013485e+00 |      --      |    Inf | unknown
 4037s|421200 |421201 | 45550k| 108.1 |  1723M | 109 | 302 | 102 | 463 |2442k|  3 |3343 |1136 |-5.013450e+00 |      --      |    Inf | unknown
 4037s|421300 |421301 | 45559k| 108.1 |  1723M | 109 | 302 | 104 | 492 |2442k|  2 |3345 |1136 |-5.013450e+00 |      --      |    Inf | unknown
 time | node  | left  |LP iter|LP it/n|mem/heur|mdpt |vars |cons |rows |cuts |sepa|confs|strbr|  dualbound   | primalbound  |  gap   | compl. 
 4038s|421400 |421401 | 45568k| 108.1 |  1723M | 109 | 302 | 106 | 331 |2443k|  2 |3347 |1136 |-5.013450e+00 |      --      |    Inf | unknown
 4038s|421500 |421501 | 45577k| 108.1 |  1724M | 109 | 302 | 106 | 550 |2443k|  3 |3347 |1136 |-5.013447e+00 |      --      |    Inf | unknown
 4039s|421600 |421601 | 45586k| 108.1 |  1724M | 109 | 302 | 107 | 538 |2444k|  5 |3348 |1136 |-5.013447e+00 |      --      |    Inf | unknown
 4057s|421700 |421701 | 45602k| 108.1 |  1724M | 109 | 302 | 103 | 552 |2445k|  2 |3348 |1136 |-5.013447e+00 |      --      |    Inf | unknown
 4057s|421800 |421801 | 45618k| 108.1 |  1725M | 109 | 302 | 101 | 423 |2445k|  2 |3348 |1136 |-5.013445e+00 |      --      |    Inf | unknown
 4058s|421900 |421901 | 45629k| 108.1 |  1725M | 109 | 302 | 102 | 403 |2446k|  2 |3349 |1136 |-5.013445e+00 |      --      |    Inf | unknown
 4058s|422000 |422001 | 45637k| 108.1 |  1726M | 109 | 302 | 102 | 605 |2446k|  2 |3349 |1136 |-5.013445e+00 |      --      |    Inf | unknown
 4059s|422100 |422101 | 45646k| 108.1 |  1726M | 109 | 302 | 104 | 539 |2447k|  2 |3351 |1136 |-5.013438e+00 |      --      |    Inf | unknown
 4059s|422200 |422201 | 45655k| 108.1 |  1726M | 109 | 302 | 104 | 521 |2448k|  3 |3351 |1136 |-5.013438e+00 |      --      |    Inf | unknown
 4059s|422300 |422301 | 45665k| 108.1 |  1726M | 109 | 302 | 107 | 375 |2448k|  2 |3354 |1136 |-5.013433e+00 |      --      |    Inf | unknown
 4060s|422400 |422401 | 45674k| 108.1 |  1726M | 109 | 302 | 107 | 572 |2449k|  4 |3354 |1136 |-5.013433e+00 |      --      |    Inf | unknown
 4061s|422500 |422501 | 45692k| 108.1 |  1727M | 109 | 302 | 104 | 511 |2449k|  4 |3355 |1136 |-5.013433e+00 |      --      |    Inf | unknown
 4061s|422600 |422601 | 45701k| 108.1 |  1727M | 109 | 302 | 105 | 475 |2450k|  2 |3356 |1136 |-5.013356e+00 |      --      |    Inf | unknown
 4062s|422700 |422701 | 45711k| 108.1 |  1727M | 109 | 302 | 103 | 458 |2451k|  2 |3356 |1136 |-5.013356e+00 |      --      |    Inf | unknown
 4062s|422800 |422801 | 45720k| 108.1 |  1728M | 109 | 302 | 102 | 360 |2451k|  3 |3356 |1136 |-5.013356e+00 |      --      |    Inf | unknown
 time | node  | left  |LP iter|LP it/n|mem/heur|mdpt |vars |cons |rows |cuts |sepa|confs|strbr|  dualbound   | primalbound  |  gap   | compl. 
 4062s|422900 |422901 | 45728k| 108.1 |  1728M | 109 | 302 | 102 | 556 |2452k|  4 |3356 |1136 |-5.013356e+00 |      --      |    Inf | unknown
 4063s|423000 |423001 | 45737k| 108.1 |  1731M | 109 | 302 | 103 | 515 |2452k|  2 |3357 |1136 |-5.013356e+00 |      --      |    Inf | unknown
 4063s|423100 |423101 | 45747k| 108.1 |  1731M | 109 | 302 | 104 | 512 |2453k|  2 |3358 |1136 |-5.013356e+00 |      --      |    Inf | unknown
 4064s|423200 |423201 | 45762k| 108.1 |  1732M | 109 | 302 | 103 | 437 |2454k|  3 |3358 |1136 |-5.013352e+00 |      --      |    Inf | unknown
 4067s|423300 |423301 | 45772k| 108.1 |  1732M | 109 | 302 | 103 | 347 |2454k|  2 |3359 |1136 |-5.013352e+00 |      --      |    Inf | unknown
 4068s|423400 |423401 | 45780k| 108.1 |  1732M | 109 | 302 | 103 | 519 |2455k|  1 |3359 |1136 |-5.013352e+00 |      --      |    Inf | unknown
 4068s|423500 |423501 | 45791k| 108.1 |  1732M | 109 | 302 | 102 | 535 |2455k|  2 |3359 |1137 |-5.013323e+00 |      --      |    Inf | unknown
 4069s|423600 |423601 | 45800k| 108.1 |  1733M | 109 | 302 | 103 | 512 |2456k|  2 |3360 |1137 |-5.013323e+00 |      --      |    Inf | unknown
 4069s|423700 |423701 | 45808k| 108.1 |  1734M | 109 | 302 | 102 | 343 |2456k|  2 |3360 |1137 |-5.013300e+00 |      --      |    Inf | unknown
 4071s|423800 |423801 | 45816k| 108.1 |  1734M | 109 | 302 | 103 | 571 |2457k|  2 |3361 |1137 |-5.013300e+00 |      --      |    Inf | unknown
 4072s|423900 |423901 | 45826k| 108.1 |  1734M | 109 | 302 | 103 | 543 |2457k|  4 |3361 |1137 |-5.013300e+00 |      --      |    Inf | unknown
 4072s|424000 |424001 | 45834k| 108.1 |  1734M | 109 | 302 | 104 | 482 |2458k|  1 |3362 |1137 |-5.013290e+00 |      --      |    Inf | unknown
 4081s|424100 |424101 | 45848k| 108.1 |  1734M | 109 | 302 | 106 | 485 |2459k|  4 |3365 |1137 |-5.013290e+00 |      --      |    Inf | unknown
 4081s|424200 |424201 | 45857k| 108.1 |  1734M | 109 | 302 | 106 | 375 |2459k|  3 |3366 |1137 |-5.013290e+00 |      --      |    Inf | unknown
 4082s|424300 |424301 | 45865k| 108.1 |  1734M | 109 | 302 | 106 | 561 |2460k|  4 |3366 |1137 |-5.013269e+00 |      --      |    Inf | unknown
 time | node  | left  |LP iter|LP it/n|mem/heur|mdpt |vars |cons |rows |cuts |sepa|confs|strbr|  dualbound   | primalbound  |  gap   | compl. 
 4082s|424400 |424401 | 45875k| 108.1 |  1736M | 109 | 302 | 107 | 567 |2460k|  2 |3367 |1137 |-5.013269e+00 |      --      |    Inf | unknown
 4083s|424500 |424501 | 45892k| 108.1 |  1737M | 109 | 302 | 103 | 510 |2461k|  4 |3367 |1137 |-5.013269e+00 |      --      |    Inf | unknown
 4084s|424600 |424601 | 45905k| 108.1 |  1737M | 109 | 302 | 102 | 429 |2462k|  2 |3368 |1137 |-5.013267e+00 |      --      |    Inf | unknown
 4084s|424700 |424701 | 45915k| 108.1 |  1737M | 109 | 302 | 102 | 356 |2462k|  4 |3368 |1137 |-5.013267e+00 |      --      |    Inf | unknown
 4085s|424800 |424801 | 45924k| 108.1 |  1737M | 109 | 302 | 102 | 531 |2463k|  2 |3368 |1137 |-5.013267e+00 |      --      |    Inf | unknown
 4085s|424900 |424901 | 45936k| 108.1 |  1738M | 109 | 302 | 102 | 508 |2463k|  2 |3368 |1137 |-5.013265e+00 |      --      |    Inf | unknown
 4086s|425000 |425001 | 45945k| 108.1 |  1738M | 109 | 302 | 103 | 485 |2464k|  4 |3369 |1137 |-5.013265e+00 |      --      |    Inf | unknown
 4106s|425100 |425101 | 45961k| 108.1 |  1740M | 109 | 302 | 103 | 385 |2465k|  2 |3370 |1137 |-5.013220e+00 |      --      |    Inf | unknown
 4107s|425200 |425201 | 45969k| 108.1 |  1740M | 109 | 302 | 103 | 553 |2465k|  3 |3370 |1137 |-5.013220e+00 |      --      |    Inf | unknown
 4107s|425300 |425301 | 45979k| 108.1 |  1740M | 109 | 302 | 105 | 497 |2466k|  2 |3372 |1137 |-5.013220e+00 |      --      |    Inf | unknown
 4107s|425400 |425401 | 45987k| 108.1 |  1740M | 109 | 302 | 104 | 442 |2466k|  2 |3372 |1137 |-5.013162e+00 |      --      |    Inf | unknown
 4108s|425500 |425501 | 45997k| 108.1 |  1743M | 109 | 302 | 104 | 475 |2467k|  2 |3372 |1137 |-5.013162e+00 |      --      |    Inf | unknown
 4109s|425600 |425601 | 46011k| 108.1 |  1743M | 109 | 302 | 102 | 337 |2468k|  2 |3373 |1137 |-5.013162e+00 |      --      |    Inf | unknown
 4109s|425700 |425701 | 46019k| 108.1 |  1744M | 109 | 302 | 102 | 569 |2468k|  2 |3373 |1137 |-5.013130e+00 |      --      |    Inf | unknown
 4109s|425800 |425801 | 46027k| 108.1 |  1744M | 109 | 302 | 103 | 519 |2469k|  2 |3374 |1137 |-5.013130e+00 |      --      |    Inf | unknown
 time | node  | left  |LP iter|LP it/n|mem/heur|mdpt |vars |cons |rows |cuts |sepa|confs|strbr|  dualbound   | primalbound  |  gap   | compl. 
 4110s|425900 |425901 | 46038k| 108.1 |  1745M | 109 | 302 | 103 | 471 |2469k|  2 |3374 |1137 |-5.013130e+00 |      --      |    Inf | unknown
 4111s|426000 |426001 | 46047k| 108.1 |  1745M | 109 | 302 | 103 | 423 |2470k|  4 |3375 |1137 |-5.013120e+00 |      --      |    Inf | unknown
 4111s|426100 |426101 | 46055k| 108.1 |  1745M | 109 | 302 | 103 | 382 |2470k|  2 |3376 |1137 |-5.013120e+00 |      --      |    Inf | unknown
 4111s|426200 |426201 | 46063k| 108.1 |  1745M | 109 | 302 | 103 | 564 |2471k|  2 |3376 |1137 |-5.013120e+00 |      --      |    Inf | unknown
 4112s|426300 |426301 | 46073k| 108.1 |  1745M | 109 | 302 | 104 | 533 |2472k|  3 |3377 |1137 |-5.013114e+00 |      --      |    Inf | unknown
 4113s|426400 |426401 | 46088k| 108.1 |  1745M | 109 | 302 | 104 | 467 |2472k|  2 |3377 |1137 |-5.013114e+00 |      --      |    Inf | unknown
 4113s|426500 |426501 | 46097k| 108.1 |  1745M | 109 | 302 | 104 | 342 |2473k|  2 |3379 |1137 |-5.013111e+00 |      --      |    Inf | unknown
 4113s|426600 |426601 | 46106k| 108.1 |  1746M | 109 | 302 | 104 | 603 |2473k|  2 |3380 |1137 |-5.013111e+00 |      --      |    Inf | unknown
 4114s|426700 |426701 | 46116k| 108.1 |  1747M | 109 | 302 | 105 | 561 |2474k|  4 |3381 |1137 |-5.013111e+00 |      --      |    Inf | unknown
 4133s|426800 |426801 | 46136k| 108.1 |  1747M | 109 | 302 | 101 | 492 |2474k|  5 |3381 |1137 |-5.013097e+00 |      --      |    Inf | unknown
 4133s|426900 |426901 | 46145k| 108.1 |  1747M | 109 | 302 | 102 | 432 |2475k|  2 |3382 |1137 |-5.013097e+00 |      --      |    Inf | unknown
 4133s|427000 |427001 | 46155k| 108.1 |  1747M | 109 | 302 | 103 | 361 |2476k|  2 |3383 |1137 |-5.013097e+00 |      --      |    Inf | unknown
 4134s|427100 |427101 | 46164k| 108.1 |  1747M | 109 | 302 | 103 | 523 |2476k|  1 |3383 |1137 |-5.013094e+00 |      --      |    Inf | unknown
 4134s|427200 |427201 | 46174k| 108.1 |  1747M | 109 | 302 | 106 | 575 |2477k|  2 |3386 |1137 |-5.013094e+00 |      --      |    Inf | unknown
 4135s|427300 |427301 | 46183k| 108.1 |  1747M | 109 | 302 | 106 | 476 |2477k|  3 |3386 |1137 |-5.013094e+00 |      --      |    Inf | unknown
 time | node  | left  |LP iter|LP it/n|mem/heur|mdpt |vars |cons |rows |cuts |sepa|confs|strbr|  dualbound   | primalbound  |  gap   | compl. 
 4135s|427400 |427401 | 46191k| 108.1 |  1747M | 109 | 302 | 106 | 440 |2478k|  2 |3386 |1137 |-5.013046e+00 |      --      |    Inf | unknown
 4135s|427500 |427501 | 46200k| 108.1 |  1748M | 109 | 302 | 106 | 442 |2479k|  4 |3386 |1137 |-5.013046e+00 |      --      |    Inf | unknown
 4136s|427600 |427601 | 46209k| 108.1 |  1749M | 109 | 302 | 105 | 539 |2479k|  2 |3387 |1137 |-5.013046e+00 |      --      |    Inf | unknown
 4136s|427700 |427701 | 46218k| 108.1 |  1749M | 109 | 302 | 105 | 551 |2480k|  2 |3387 |1137 |-5.013043e+00 |      --      |    Inf | unknown
 4137s|427800 |427801 | 46227k| 108.1 |  1749M | 109 | 302 | 105 | 460 |2480k|  2 |3389 |1137 |-5.013043e+00 |      --      |    Inf | unknown
 4137s|427900 |427901 | 46237k| 108.1 |  1749M | 109 | 302 | 106 | 392 |2481k|  5 |3390 |1137 |-5.013028e+00 |      --      |    Inf | unknown
 4138s|428000 |428001 | 46251k| 108.1 |  1749M | 109 | 302 | 104 | 578 |2482k|  2 |3390 |1137 |-5.013028e+00 |      --      |    Inf | unknown
 4138s|428100 |428101 | 46261k| 108.1 |  1749M | 109 | 302 | 102 | 550 |2482k|  2 |3391 |1137 |-5.013028e+00 |      --      |    Inf | unknown
 4139s|428200 |428201 | 46270k| 108.1 |  1749M | 109 | 302 | 103 | 482 |2483k|  2 |3392 |1137 |-5.013020e+00 |      --      |    Inf | unknown
 4139s|428300 |428301 | 46279k| 108.0 |  1751M | 109 | 302 | 103 | 456 |2483k|  2 |3392 |1137 |-5.013020e+00 |      --      |    Inf | unknown
 4140s|428400 |428401 | 46296k| 108.1 |  1751M | 109 | 302 | 103 | 439 |2484k|  2 |3393 |1137 |-5.013020e+00 |      --      |    Inf | unknown
 4140s|428500 |428501 | 46305k| 108.1 |  1751M | 109 | 302 | 102 | 514 |2484k|  3 |3393 |1137 |-5.013012e+00 |      --      |    Inf | unknown
 4141s|428600 |428601 | 46313k| 108.1 |  1751M | 109 | 302 | 102 | 516 |2485k|  5 |3393 |1137 |-5.013012e+00 |      --      |    Inf | unknown
 4141s|428700 |428701 | 46322k| 108.0 |  1751M | 109 | 302 | 104 | 499 |2485k|  4 |3395 |1137 |-5.013012e+00 |      --      |    Inf | unknown
 4144s|428800 |428801 | 46333k| 108.0 |  1751M | 109 | 302 | 106 | 409 |2486k|  2 |3397 |1137 |-5.012998e+00 |      --      |    Inf | unknown
 time | node  | left  |LP iter|LP it/n|mem/heur|mdpt |vars |cons |rows |cuts |sepa|confs|strbr|  dualbound   | primalbound  |  gap   | compl. 
 4144s|428900 |428901 | 46341k| 108.0 |  1751M | 109 | 302 | 106 | 366 |2487k|  2 |3397 |1137 |-5.012998e+00 |      --      |    Inf | unknown
 4145s|429000 |429001 | 46350k| 108.0 |  1751M | 109 | 302 | 107 | 561 |2487k|  3 |3398 |1137 |-5.012998e+00 |      --      |    Inf | unknown
 4147s|429100 |429101 | 46359k| 108.0 |  1752M | 109 | 302 | 107 | 567 |2488k|  2 |3399 |1137 |-5.012978e+00 |      --      |    Inf | unknown
 4147s|429200 |429201 | 46370k| 108.0 |  1753M | 109 | 302 | 104 | 460 |2488k|  3 |3399 |1137 |-5.012978e+00 |      --      |    Inf | unknown
 4154s|429300 |429301 | 46382k| 108.0 |  1753M | 109 | 302 | 103 | 411 |2489k|  4 |3401 |1137 |-5.012945e+00 |      --      |    Inf | unknown
 4154s|429400 |429401 | 46391k| 108.0 |  1753M | 109 | 302 | 103 | 543 |2490k|  2 |3401 |1137 |-5.012945e+00 |      --      |    Inf | unknown
 4155s|429500 |429501 | 46403k| 108.0 |  1753M | 109 | 302 | 103 | 533 |2490k|  3 |3401 |1137 |-5.012945e+00 |      --      |    Inf | unknown
 4156s|429600 |429601 | 46412k| 108.0 |  1755M | 109 | 302 | 102 | 497 |2491k|  3 |3401 |1137 |-5.012940e+00 |      --      |    Inf | unknown
 4156s|429700 |429701 | 46421k| 108.0 |  1756M | 109 | 302 | 101 | 454 |2491k|  2 |3401 |1137 |-5.012940e+00 |      --      |    Inf | unknown
 4156s|429800 |429801 | 46431k| 108.0 |  1756M | 109 | 302 | 102 | 426 |2492k|  2 |3402 |1137 |-5.012940e+00 |      --      |    Inf | unknown
 4157s|429900 |429901 | 46440k| 108.0 |  1757M | 109 | 302 | 103 | 577 |2492k|  1 |3403 |1137 |-5.012939e+00 |      --      |    Inf | unknown
 4157s|430000 |430001 | 46448k| 108.0 |  1757M | 109 | 302 | 104 | 551 |2493k|  2 |3404 |1137 |-5.012939e+00 |      --      |    Inf | unknown
 4177s|430100 |430101 | 46465k| 108.0 |  1757M | 109 | 302 | 105 | 425 |2493k|  2 |3405 |1137 |-5.012939e+00 |      --      |    Inf | unknown
 4178s|430200 |430201 | 46476k| 108.0 |  1758M | 109 | 302 | 102 | 502 |2494k|  2 |3405 |1137 |-5.012935e+00 |      --      |    Inf | unknown
 4179s|430300 |430301 | 46491k| 108.0 |  1758M | 109 | 302 | 101 | 419 |2495k|  3 |3405 |1137 |-5.012935e+00 |      --      |    Inf | unknown
 time | node  | left  |LP iter|LP it/n|mem/heur|mdpt |vars |cons |rows |cuts |sepa|confs|strbr|  dualbound   | primalbound  |  gap   | compl. 
 4179s|430400 |430401 | 46499k| 108.0 |  1758M | 109 | 302 | 101 | 589 |2495k|  2 |3405 |1137 |-5.012935e+00 |      --      |    Inf | unknown
 4179s|430500 |430501 | 46508k| 108.0 |  1758M | 109 | 302 | 101 | 538 |2496k|  2 |3405 |1137 |-5.012924e+00 |      --      |    Inf | unknown
 4180s|430600 |430601 | 46521k| 108.0 |  1759M | 109 | 302 | 103 | 420 |2496k|  2 |3407 |1137 |-5.012924e+00 |      --      |    Inf | unknown
 4181s|430700 |430701 | 46530k| 108.0 |  1760M | 109 | 302 | 105 | 390 |2497k|  2 |3409 |1137 |-5.012911e+00 |      --      |    Inf | unknown
 4181s|430800 |430801 | 46538k| 108.0 |  1760M | 109 | 302 | 105 | 610 |2497k|  2 |3409 |1137 |-5.012911e+00 |      --      |    Inf | unknown
 4182s|430900 |430901 | 46548k| 108.0 |  1760M | 109 | 302 | 103 | 523 |2498k|  2 |3409 |1137 |-5.012911e+00 |      --      |    Inf | unknown
 4182s|431000 |431001 | 46558k| 108.0 |  1760M | 109 | 302 | 103 | 479 |2499k|  2 |3410 |1137 |-5.012904e+00 |      --      |    Inf | unknown
 4182s|431100 |431101 | 46567k| 108.0 |  1760M | 109 | 302 | 103 | 462 |2499k|  4 |3411 |1137 |-5.012904e+00 |      --      |    Inf | unknown
 4183s|431200 |431201 | 46576k| 108.0 |  1760M | 109 | 302 | 104 | 385 |2500k|  4 |3412 |1137 |-5.012904e+00 |      --      |    Inf | unknown
 4183s|431300 |431301 | 46585k| 108.0 |  1760M | 109 | 302 | 104 | 527 |2500k|  1 |3412 |1137 |-5.012901e+00 |      --      |    Inf | unknown
 4184s|431400 |431401 | 46594k| 108.0 |  1760M | 109 | 302 | 106 | 586 |2501k|  4 |3414 |1137 |-5.012901e+00 |      --      |    Inf | unknown
 4184s|431500 |431501 | 46604k| 108.0 |  1762M | 109 | 302 | 107 | 476 |2501k|  2 |3415 |1137 |-5.012901e+00 |      --      |    Inf | unknown
 4184s|431600 |431601 | 46612k| 108.0 |  1762M | 109 | 302 | 107 | 413 |2502k|  2 |3415 |1137 |-5.012872e+00 |      --      |    Inf | unknown
 4185s|431700 |431701 | 46621k| 108.0 |  1762M | 109 | 302 | 109 | 375 |2502k|  5 |3417 |1137 |-5.012872e+00 |      --      |    Inf | unknown
 4186s|431800 |431801 | 46634k| 108.0 |  1762M | 109 | 302 | 103 | 516 |2503k|  1 |3417 |1137 |-5.012872e+00 |      --      |    Inf | unknown
 time | node  | left  |LP iter|LP it/n|mem/heur|mdpt |vars |cons |rows |cuts |sepa|confs|strbr|  dualbound   | primalbound  |  gap   | compl. 
 4203s|431900 |431901 | 46652k| 108.0 |  1763M | 109 | 302 | 102 | 514 |2504k|  2 |3418 |1137 |-5.012857e+00 |      --      |    Inf | unknown
 4204s|432000 |432001 | 46660k| 108.0 |  1763M | 109 | 302 | 103 | 456 |2504k|  2 |3419 |1137 |-5.012857e+00 |      --      |    Inf | unknown
 4204s|432100 |432101 | 46669k| 108.0 |  1763M | 109 | 302 | 105 | 382 |2505k|  2 |3421 |1137 |-5.012855e+00 |      --      |    Inf | unknown
 4205s|432200 |432201 | 46679k| 108.0 |  1764M | 109 | 302 | 106 | 587 |2505k|  2 |3422 |1137 |-5.012855e+00 |      --      |    Inf | unknown
 4205s|432300 |432301 | 46695k| 108.0 |  1764M | 109 | 302 | 105 | 562 |2506k|  2 |3422 |1137 |-5.012855e+00 |      --      |    Inf | unknown
 4206s|432400 |432401 | 46705k| 108.0 |  1765M | 109 | 302 | 106 | 479 |2506k|  2 |3424 |1137 |-5.012824e+00 |      --      |    Inf | unknown
 4206s|432500 |432501 | 46714k| 108.0 |  1765M | 109 | 302 | 106 | 480 |2507k|  2 |3426 |1137 |-5.012824e+00 |      --      |    Inf | unknown
 4207s|432600 |432601 | 46722k| 108.0 |  1766M | 109 | 302 | 106 | 432 |2507k|  2 |3427 |1137 |-5.012824e+00 |      --      |    Inf | unknown
 4207s|432700 |432701 | 46730k| 108.0 |  1766M | 109 | 302 | 107 | 540 |2508k|  2 |3428 |1137 |-5.012820e+00 |      --      |    Inf | unknown
 4207s|432800 |432801 | 46739k| 108.0 |  1766M | 109 | 302 | 108 | 570 |2508k|  1 |3429 |1137 |-5.012820e+00 |      --      |    Inf | unknown
 4208s|432900 |432901 | 46750k| 108.0 |  1766M | 109 | 302 | 106 | 460 |2509k|  2 |3430 |1137 |-5.012820e+00 |      --      |    Inf | unknown
 4209s|433000 |433001 | 46764k| 108.0 |  1767M | 109 | 302 | 102 | 452 |2510k|  2 |3430 |1137 |-5.012738e+00 |      --      |    Inf | unknown
 4209s|433100 |433101 | 46772k| 108.0 |  1767M | 109 | 302 | 102 | 369 |2510k|  3 |3430 |1137 |-5.012738e+00 |      --      |    Inf | unknown
 4210s|433200 |433201 | 46781k| 108.0 |  1768M | 109 | 302 | 102 | 544 |2511k|  2 |3431 |1137 |-5.012738e+00 |      --      |    Inf | unknown
 4210s|433300 |433301 | 46792k| 108.0 |  1770M | 109 | 302 | 103 | 509 |2512k|  2 |3432 |1137 |-5.012736e+00 |      --      |    Inf | unknown
 time | node  | left  |LP iter|LP it/n|mem/heur|mdpt |vars |cons |rows |cuts |sepa|confs|strbr|  dualbound   | primalbound  |  gap   | compl. 
 4211s|433400 |433401 | 46801k| 108.0 |  1770M | 109 | 302 | 104 | 520 |2512k|  2 |3433 |1137 |-5.012736e+00 |      --      |    Inf | unknown
 4211s|433500 |433501 | 46812k| 108.0 |  1770M | 109 | 302 | 105 | 353 |2513k|  3 |3434 |1137 |-5.012725e+00 |      --      |    Inf | unknown
 4211s|433600 |433601 | 46819k| 108.0 |  1770M | 109 | 302 | 105 | 630 |2513k|  2 |3434 |1137 |-5.012725e+00 |      --      |    Inf | unknown
 4213s|433700 |433701 | 46829k| 108.0 |  1770M | 109 | 302 | 108 | 559 |2514k|  2 |3437 |1137 |-5.012725e+00 |      --      |    Inf | unknown
 4214s|433800 |433801 | 46837k| 108.0 |  1770M | 109 | 302 | 108 | 456 |2514k|  2 |3437 |1137 |-5.012715e+00 |      --      |    Inf | unknown
 4216s|433900 |433901 | 46847k| 108.0 |  1771M | 109 | 302 | 111 | 453 |2515k|  2 |3440 |1137 |-5.012715e+00 |      --      |    Inf | unknown
 4217s|434000 |434001 | 46860k| 108.0 |  1772M | 109 | 302 | 104 | 399 |2515k|  5 |3440 |1137 |-5.012715e+00 |      --      |    Inf | unknown
 4217s|434100 |434101 | 46868k| 108.0 |  1772M | 109 | 302 | 103 | 546 |2516k|  4 |3440 |1137 |-5.012698e+00 |      --      |    Inf | unknown
 4218s|434200 |434201 | 46885k| 108.0 |  1772M | 109 | 302 | 103 | 561 |2517k|  3 |3442 |1137 |-5.012698e+00 |      --      |    Inf | unknown
 4225s|434300 |434301 | 46898k| 108.0 |  1772M | 109 | 302 | 105 | 446 |2517k|  2 |3446 |1137 |-5.012698e+00 |      --      |    Inf | unknown
 4225s|434400 |434401 | 46907k| 108.0 |  1773M | 109 | 302 | 105 | 436 |2518k|  3 |3446 |1137 |-5.012671e+00 |      --      |    Inf | unknown
 4226s|434500 |434501 | 46917k| 108.0 |  1773M | 109 | 302 | 106 | 359 |2518k|  2 |3447 |1137 |-5.012671e+00 |      --      |    Inf | unknown
 4226s|434600 |434601 | 46927k| 108.0 |  1773M | 109 | 302 | 106 | 581 |2519k|  3 |3448 |1137 |-5.012671e+00 |      --      |    Inf | unknown
 4227s|434700 |434701 | 46935k| 108.0 |  1775M | 109 | 302 | 104 | 476 |2519k|  2 |3448 |1137 |-5.012646e+00 |      --      |    Inf | unknown
 4227s|434800 |434801 | 46944k| 108.0 |  1775M | 109 | 302 | 103 | 447 |2520k|  1 |3448 |1137 |-5.012646e+00 |      --      |    Inf | unknown
 time | node  | left  |LP iter|LP it/n|mem/heur|mdpt |vars |cons |rows |cuts |sepa|confs|strbr|  dualbound   | primalbound  |  gap   | compl. 
 4228s|434900 |434901 | 46953k| 108.0 |  1775M | 109 | 302 | 105 | 397 |2521k|  2 |3450 |1137 |-5.012624e+00 |      --      |    Inf | unknown
 4228s|435000 |435001 | 46967k| 108.0 |  1775M | 109 | 302 | 103 | 589 |2521k|  1 |3450 |1137 |-5.012624e+00 |      --      |    Inf | unknown
 4249s|435100 |435101 | 46984k| 108.0 |  1775M | 109 | 302 | 102 | 545 |2522k|  2 |3451 |1137 |-5.012624e+00 |      --      |    Inf | unknown
 4249s|435200 |435201 | 46993k| 108.0 |  1775M | 109 | 302 | 103 | 467 |2522k|  2 |3452 |1137 |-5.012614e+00 |      --      |    Inf | unknown
 4250s|435300 |435301 | 47002k| 108.0 |  1775M | 109 | 302 | 102 | 492 |2523k|  2 |3452 |1137 |-5.012614e+00 |      --      |    Inf | unknown
 4250s|435400 |435401 | 47011k| 108.0 |  1775M | 109 | 302 | 102 | 416 |2524k|  2 |3452 |1137 |-5.012614e+00 |      --      |    Inf | unknown
 4250s|435500 |435501 | 47018k| 108.0 |  1776M | 109 | 302 | 102 | 577 |2524k|  2 |3452 |1137 |-5.012606e+00 |      --      |    Inf | unknown
 4251s|435600 |435601 | 47029k| 108.0 |  1776M | 109 | 302 | 103 | 535 |2525k|  2 |3453 |1137 |-5.012606e+00 |      --      |    Inf | unknown
 4251s|435700 |435701 | 47037k| 108.0 |  1776M | 109 | 302 | 105 | 529 |2525k|  3 |3455 |1137 |-5.012606e+00 |      --      |    Inf | unknown
 4252s|435800 |435801 | 47047k| 108.0 |  1777M | 109 | 302 | 105 | 413 |2526k|  2 |3456 |1137 |-5.012598e+00 |      --      |    Inf | unknown
 4252s|435900 |435901 | 47057k| 107.9 |  1777M | 109 | 302 | 106 | 337 |2526k|  2 |3457 |1137 |-5.012598e+00 |      --      |    Inf | unknown
 4253s|436000 |436001 | 47065k| 107.9 |  1777M | 109 | 302 | 106 | 535 |2527k|  1 |3457 |1137 |-5.012598e+00 |      --      |    Inf | unknown
 4253s|436100 |436101 | 47081k| 108.0 |  1777M | 109 | 302 | 103 | 536 |2527k|  4 |3457 |1137 |-5.012596e+00 |      --      |    Inf | unknown
 4254s|436200 |436201 | 47091k| 108.0 |  1777M | 109 | 302 | 106 | 474 |2528k|  2 |3461 |1137 |-5.012596e+00 |      --      |    Inf | unknown
 4254s|436300 |436301 | 47101k| 107.9 |  1779M | 109 | 302 | 106 | 353 |2529k|  2 |3462 |1137 |-5.012568e+00 |      --      |    Inf | unknown
 time | node  | left  |LP iter|LP it/n|mem/heur|mdpt |vars |cons |rows |cuts |sepa|confs|strbr|  dualbound   | primalbound  |  gap   | compl. 
 4255s|436400 |436401 | 47115k| 108.0 |  1779M | 109 | 302 | 104 | 577 |2529k|  2 |3462 |1137 |-5.012568e+00 |      --      |    Inf | unknown
 4256s|436500 |436501 | 47125k| 108.0 |  1779M | 109 | 302 | 103 | 542 |2530k|  2 |3462 |1137 |-5.012568e+00 |      --      |    Inf | unknown
 4256s|436600 |436601 | 47133k| 108.0 |  1780M | 109 | 302 | 101 | 475 |2530k|  2 |3462 |1137 |-5.012558e+00 |      --      |    Inf | unknown
 4256s|436700 |436701 | 47143k| 107.9 |  1780M | 109 | 302 | 102 | 479 |2531k|  2 |3463 |1137 |-5.012558e+00 |      --      |    Inf | unknown
 4257s|436800 |436801 | 47153k| 107.9 |  1780M | 109 | 302 | 103 | 383 |2531k|  4 |3464 |1137 |-5.012558e+00 |      --      |    Inf | unknown
 4257s|436900 |436901 | 47161k| 107.9 |  1780M | 109 | 302 | 103 | 557 |2532k|  2 |3464 |1137 |-5.012554e+00 |      --      |    Inf | unknown
 4276s|437000 |437001 | 47178k| 108.0 |  1780M | 109 | 302 | 103 | 557 |2533k|  5 |3465 |1137 |-5.012554e+00 |      --      |    Inf | unknown
 4277s|437100 |437101 | 47188k| 108.0 |  1783M | 109 | 302 | 101 | 473 |2533k|  1 |3465 |1137 |-5.012554e+00 |      --      |    Inf | unknown
 4277s|437200 |437201 | 47197k| 107.9 |  1783M | 109 | 302 | 102 | 449 |2534k|  3 |3466 |1137 |-5.012553e+00 |      --      |    Inf | unknown
 4278s|437300 |437301 | 47209k| 108.0 |  1783M | 109 | 302 | 102 | 377 |2534k|  2 |3466 |1137 |-5.012553e+00 |      --      |    Inf | unknown
 4278s|437400 |437401 | 47217k| 107.9 |  1783M | 109 | 302 | 102 | 559 |2535k|  2 |3466 |1137 |-5.012553e+00 |      --      |    Inf | unknown
 4279s|437500 |437501 | 47225k| 107.9 |  1783M | 109 | 302 | 103 | 541 |2535k|  2 |3467 |1137 |-5.012552e+00 |      --      |    Inf | unknown
 4279s|437600 |437601 | 47234k| 107.9 |  1783M | 109 | 302 | 104 | 493 |2536k|  4 |3468 |1137 |-5.012552e+00 |      --      |    Inf | unknown
 4280s|437700 |437701 | 47245k| 107.9 |  1784M | 109 | 302 | 106 | 389 |2537k|  4 |3471 |1137 |-5.012547e+00 |      --      |    Inf | unknown
 4280s|437800 |437801 | 47254k| 107.9 |  1784M | 109 | 302 | 107 | 610 |2537k|  3 |3472 |1137 |-5.012547e+00 |      --      |    Inf | unknown
 time | node  | left  |LP iter|LP it/n|mem/heur|mdpt |vars |cons |rows |cuts |sepa|confs|strbr|  dualbound   | primalbound  |  gap   | compl. 
 4281s|437900 |437901 | 47266k| 107.9 |  1785M | 109 | 302 | 105 | 549 |2538k|  4 |3472 |1137 |-5.012547e+00 |      --      |    Inf | unknown
 4282s|438000 |438001 | 47283k| 107.9 |  1785M | 109 | 302 | 101 | 481 |2538k|  2 |3472 |1137 |-5.012535e+00 |      --      |    Inf | unknown
 4282s|438100 |438101 | 47294k| 107.9 |  1785M | 109 | 302 | 102 | 425 |2539k|  3 |3473 |1137 |-5.012535e+00 |      --      |    Inf | unknown
 4283s|438200 |438201 | 47303k| 107.9 |  1785M | 109 | 302 | 103 | 404 |2539k|  2 |3474 |1137 |-5.012535e+00 |      --      |    Inf | unknown
 4283s|438300 |438301 | 47312k| 107.9 |  1785M | 109 | 302 | 103 | 557 |2540k|  2 |3474 |1137 |-5.012533e+00 |      --      |    Inf | unknown
 4283s|438400 |438401 | 47321k| 107.9 |  1785M | 109 | 302 | 104 | 480 |2541k|  3 |3475 |1137 |-5.012533e+00 |      --      |    Inf | unknown
 4284s|438500 |438501 | 47330k| 107.9 |  1786M | 109 | 302 | 104 | 499 |2541k|  1 |3475 |1137 |-5.012533e+00 |      --      |    Inf | unknown
 4284s|438600 |438601 | 47341k| 107.9 |  1787M | 109 | 302 | 105 | 434 |2542k|  3 |3476 |1137 |-5.012529e+00 |      --      |    Inf | unknown
 4285s|438700 |438701 | 47349k| 107.9 |  1788M | 109 | 302 | 105 | 371 |2542k|  3 |3477 |1137 |-5.012529e+00 |      --      |    Inf | unknown
 4285s|438800 |438801 | 47357k| 107.9 |  1788M | 109 | 302 | 105 | 558 |2543k|  3 |3477 |1137 |-5.012529e+00 |      --      |    Inf | unknown
 4288s|438900 |438901 | 47367k| 107.9 |  1788M | 109 | 302 | 105 | 536 |2544k|  2 |3477 |1137 |-5.012464e+00 |      --      |    Inf | unknown
 4288s|439000 |439001 | 47379k| 107.9 |  1788M | 109 | 302 | 101 | 421 |2544k|  2 |3477 |1137 |-5.012464e+00 |      --      |    Inf | unknown
 4289s|439100 |439101 | 47389k| 107.9 |  1788M | 109 | 302 | 103 | 353 |2545k|  2 |3479 |1137 |-5.012439e+00 |      --      |    Inf | unknown
 4289s|439200 |439201 | 47397k| 107.9 |  1788M | 109 | 302 | 103 | 561 |2545k|  2 |3479 |1137 |-5.012439e+00 |      --      |    Inf | unknown
 4291s|439300 |439301 | 47407k| 107.9 |  1788M | 109 | 302 | 104 | 555 |2546k|  3 |3480 |1137 |-5.012439e+00 |      --      |    Inf | unknown
 time | node  | left  |LP iter|LP it/n|mem/heur|mdpt |vars |cons |rows |cuts |sepa|confs|strbr|  dualbound   | primalbound  |  gap   | compl. 
 4292s|439400 |439401 | 47416k| 107.9 |  1788M | 109 | 302 | 106 | 462 |2546k|  3 |3482 |1137 |-5.012426e+00 |      --      |    Inf | unknown
 4299s|439500 |439501 | 47429k| 107.9 |  1789M | 109 | 302 | 107 | 429 |2547k|  4 |3483 |1137 |-5.012426e+00 |      --      |    Inf | unknown
 4300s|439600 |439601 | 47438k| 107.9 |  1789M | 109 | 302 | 106 | 344 |2547k|  3 |3484 |1137 |-5.012426e+00 |      --      |    Inf | unknown
 4300s|439700 |439701 | 47448k| 107.9 |  1789M | 109 | 302 | 106 | 568 |2548k|  3 |3484 |1137 |-5.012413e+00 |      --      |    Inf | unknown
 4300s|439800 |439801 | 47457k| 107.9 |  1790M | 109 | 302 | 106 | 503 |2549k|  2 |3485 |1137 |-5.012413e+00 |      --      |    Inf | unknown
 4301s|439900 |439901 | 47465k| 107.9 |  1790M | 109 | 302 | 106 | 497 |2549k|  2 |3485 |1137 |-5.012413e+00 |      --      |    Inf | unknown
 4302s|440000 |440001 | 47482k| 107.9 |  1790M | 109 | 302 | 103 | 411 |2550k|  4 |3486 |1137 |-5.012387e+00 |      --      |    Inf | unknown
 4302s|440100 |440101 | 47492k| 107.9 |  1791M | 109 | 302 | 103 | 413 |2551k|  2 |3487 |1137 |-5.012387e+00 |      --      |    Inf | unknown
 4303s|440200 |440201 | 47504k| 107.9 |  1791M | 109 | 302 | 103 | 571 |2551k|  2 |3487 |1137 |-5.012387e+00 |      --      |    Inf | unknown
 4303s|440300 |440301 | 47514k| 107.9 |  1793M | 109 | 302 | 103 | 519 |2552k|  2 |3488 |1137 |-5.012370e+00 |      --      |    Inf | unknown
 4323s|440400 |440401 | 47529k| 107.9 |  1793M | 109 | 302 | 102 | 445 |2552k|  3 |3488 |1137 |-5.012370e+00 |      --      |    Inf | unknown
 4324s|440500 |440501 | 47538k| 107.9 |  1793M | 109 | 302 | 104 | 354 |2553k|  2 |3490 |1137 |-5.012364e+00 |      --      |    Inf | unknown
 4325s|440600 |440601 | 47547k| 107.9 |  1793M | 109 | 302 | 103 | 566 |2553k|  2 |3490 |1137 |-5.012364e+00 |      --      |    Inf | unknown
 4325s|440700 |440701 | 47556k| 107.9 |  1794M | 109 | 302 | 104 | 542 |2554k|  1 |3491 |1137 |-5.012364e+00 |      --      |    Inf | unknown
 4325s|440800 |440801 | 47565k| 107.9 |  1794M | 109 | 302 | 103 | 476 |2554k|  2 |3492 |1137 |-5.012339e+00 |      --      |    Inf | unknown
 time | node  | left  |LP iter|LP it/n|mem/heur|mdpt |vars |cons |rows |cuts |sepa|confs|strbr|  dualbound   | primalbound  |  gap   | compl. 
 4326s|440900 |440901 | 47574k| 107.9 |  1794M | 109 | 302 | 103 | 490 |2555k|  2 |3492 |1137 |-5.012339e+00 |      --      |    Inf | unknown
 4326s|441000 |441001 | 47582k| 107.9 |  1794M | 109 | 302 | 103 | 357 |2555k|  3 |3492 |1137 |-5.012339e+00 |      --      |    Inf | unknown
 4326s|441100 |441101 | 47590k| 107.9 |  1796M | 109 | 302 | 104 | 528 |2556k|  2 |3493 |1137 |-5.012318e+00 |      --      |    Inf | unknown
 4327s|441200 |441201 | 47600k| 107.9 |  1796M | 109 | 302 | 105 | 513 |2557k|  2 |3494 |1137 |-5.012318e+00 |      --      |    Inf | unknown
 4328s|441300 |441301 | 47613k| 107.9 |  1796M | 109 | 302 | 103 | 489 |2557k|  1 |3494 |1137 |-5.012318e+00 |      --      |    Inf | unknown
 4328s|441400 |441401 | 47622k| 107.9 |  1796M | 109 | 302 | 103 | 424 |2558k|  4 |3495 |1137 |-5.012318e+00 |      --      |    Inf | unknown
 4328s|441500 |441501 | 47632k| 107.9 |  1796M | 109 | 302 | 103 | 335 |2558k|  1 |3496 |1137 |-5.012318e+00 |      --      |    Inf | unknown
 4329s|441600 |441601 | 47641k| 107.9 |  1796M | 109 | 302 | 103 | 559 |2559k|  3 |3496 |1137 |-5.012318e+00 |      --      |    Inf | unknown
 4329s|441700 |441701 | 47650k| 107.9 |  1796M | 109 | 302 | 104 | 534 |2559k|  1 |3497 |1137 |-5.012314e+00 |      --      |    Inf | unknown
 4330s|441800 |441801 | 47661k| 107.9 |  1796M | 109 | 302 | 103 | 447 |2560k|  2 |3497 |1137 |-5.012314e+00 |      --      |    Inf | unknown
 4331s|441900 |441901 | 47677k| 107.9 |  1797M | 109 | 302 | 101 | 388 |2561k|  4 |3497 |1137 |-5.012311e+00 |      --      |    Inf | unknown
 4331s|442000 |442001 | 47685k| 107.9 |  1797M | 109 | 302 | 103 | 621 |2561k|  2 |3499 |1137 |-5.012311e+00 |      --      |    Inf | unknown
 4331s|442100 |442101 | 47693k| 107.9 |  1798M | 109 | 302 | 103 | 562 |2562k|  3 |3499 |1137 |-5.012311e+00 |      --      |    Inf | unknown
 4350s|442200 |442201 | 47709k| 107.9 |  1799M | 109 | 302 | 102 | 456 |2562k|  2 |3500 |1137 |-5.012300e+00 |      --      |    Inf | unknown
 4350s|442300 |442301 | 47716k| 107.9 |  1799M | 109 | 302 | 102 | 499 |2563k|  1 |3500 |1137 |-5.012300e+00 |      --      |    Inf | unknown
 time | node  | left  |LP iter|LP it/n|mem/heur|mdpt |vars |cons |rows |cuts |sepa|confs|strbr|  dualbound   | primalbound  |  gap   | compl. 
 4350s|442400 |442401 | 47726k| 107.9 |  1799M | 109 | 302 | 103 | 447 |2563k|  2 |3501 |1137 |-5.012300e+00 |      --      |    Inf | unknown
 4351s|442500 |442501 | 47733k| 107.9 |  1799M | 109 | 302 | 103 | 568 |2564k|  2 |3501 |1137 |-5.012277e+00 |      --      |    Inf | unknown
 4351s|442600 |442601 | 47742k| 107.9 |  1799M | 109 | 302 | 106 | 543 |2564k|  2 |3504 |1137 |-5.012277e+00 |      --      |    Inf | unknown
 4352s|442700 |442701 | 47757k| 107.9 |  1801M | 109 | 302 | 105 | 456 |2565k|  2 |3505 |1137 |-5.012277e+00 |      --      |    Inf | unknown
 4352s|442800 |442801 | 47766k| 107.9 |  1801M | 109 | 302 | 104 | 464 |2565k|  1 |3506 |1137 |-5.012269e+00 |      --      |    Inf | unknown
 4353s|442900 |442901 | 47775k| 107.9 |  1801M | 109 | 302 | 104 | 318 |2566k|  2 |3507 |1137 |-5.012269e+00 |      --      |    Inf | unknown
 4353s|443000 |443001 | 47786k| 107.9 |  1801M | 109 | 302 | 104 | 542 |2567k|  2 |3507 |1137 |-5.012269e+00 |      --      |    Inf | unknown
 4354s|443100 |443101 | 47795k| 107.9 |  1801M | 109 | 302 | 104 | 600 |2567k|  2 |3509 |1137 |-5.012239e+00 |      --      |    Inf | unknown
 4354s|443200 |443201 | 47803k| 107.9 |  1801M | 109 | 302 | 103 | 438 |2568k|  2 |3509 |1137 |-5.012239e+00 |      --      |    Inf | unknown
 4354s|443300 |443301 | 47812k| 107.8 |  1801M | 109 | 302 | 104 | 343 |2568k|  3 |3510 |1137 |-5.012212e+00 |      --      |    Inf | unknown
 4355s|443400 |443401 | 47820k| 107.8 |  1801M | 109 | 302 | 106 | 590 |2569k|  2 |3512 |1137 |-5.012212e+00 |      --      |    Inf | unknown
 4355s|443500 |443501 | 47828k| 107.8 |  1802M | 109 | 302 | 108 | 577 |2570k|  5 |3514 |1137 |-5.012212e+00 |      --      |    Inf | unknown
 4356s|443600 |443601 | 47838k| 107.8 |  1802M | 109 | 302 | 108 | 487 |2570k|  4 |3514 |1137 |-5.012204e+00 |      --      |    Inf | unknown
 4356s|443700 |443701 | 47847k| 107.8 |  1802M | 109 | 302 | 109 | 493 |2571k|  4 |3515 |1137 |-5.012204e+00 |      --      |    Inf | unknown
 4356s|443800 |443801 | 47855k| 107.8 |  1803M | 109 | 302 | 107 | 423 |2571k|  3 |3515 |1137 |-5.012204e+00 |      --      |    Inf | unknown
 time | node  | left  |LP iter|LP it/n|mem/heur|mdpt |vars |cons |rows |cuts |sepa|confs|strbr|  dualbound   | primalbound  |  gap   | compl. 
 4357s|443900 |443901 | 47871k| 107.8 |  1803M | 109 | 302 | 102 | 532 |2572k|  1 |3515 |1137 |-5.012182e+00 |      --      |    Inf | unknown
 4358s|444000 |444001 | 47884k| 107.8 |  1803M | 109 | 302 | 102 | 521 |2572k|  2 |3516 |1137 |-5.012182e+00 |      --      |    Inf | unknown
 4361s|444100 |444101 | 47894k| 107.8 |  1803M | 109 | 302 | 104 | 555 |2573k|  2 |3518 |1137 |-5.012182e+00 |      --      |    Inf | unknown
 4361s|444200 |444201 | 47903k| 107.8 |  1803M | 109 | 302 | 104 | 418 |2573k|  1 |3519 |1137 |-5.012181e+00 |      --      |    Inf | unknown
 4363s|444300 |444301 | 47913k| 107.8 |  1804M | 109 | 302 | 106 | 335 |2574k|  2 |3521 |1137 |-5.012181e+00 |      --      |    Inf | unknown
 4363s|444400 |444401 | 47921k| 107.8 |  1805M | 109 | 302 | 105 | 551 |2575k|  3 |3521 |1137 |-5.012181e+00 |      --      |    Inf | unknown
 4364s|444500 |444501 | 47931k| 107.8 |  1805M | 109 | 302 | 105 | 500 |2575k|  3 |3521 |1137 |-5.012176e+00 |      --      |    Inf | unknown
 4372s|444600 |444601 | 47943k| 107.8 |  1805M | 109 | 302 | 104 | 474 |2576k|  2 |3522 |1137 |-5.012176e+00 |      --      |    Inf | unknown
 4373s|444700 |444701 | 47954k| 107.8 |  1805M | 109 | 302 | 102 | 410 |2576k|  2 |3522 |1137 |-5.012163e+00 |      --      |    Inf | unknown
 4373s|444800 |444801 | 47963k| 107.8 |  1805M | 109 | 302 | 103 | 601 |2577k|  5 |3523 |1137 |-5.012163e+00 |      --      |    Inf | unknown
 4374s|444900 |444901 | 47973k| 107.8 |  1805M | 109 | 302 | 104 | 601 |2578k|  2 |3524 |1137 |-5.012163e+00 |      --      |    Inf | unknown
 4374s|445000 |445001 | 47986k| 107.8 |  1805M | 109 | 302 | 105 | 489 |2578k|  3 |3526 |1137 |-5.012160e+00 |      --      |    Inf | unknown
 4375s|445100 |445101 | 47995k| 107.8 |  1807M | 109 | 302 | 105 | 474 |2579k|  5 |3526 |1137 |-5.012160e+00 |      --      |    Inf | unknown
 4375s|445200 |445201 | 48003k| 107.8 |  1807M | 109 | 302 | 105 | 429 |2579k|  2 |3527 |1137 |-5.012160e+00 |      --      |    Inf | unknown
 4375s|445300 |445301 | 48011k| 107.8 |  1807M | 109 | 302 | 102 | 531 |2580k|  2 |3527 |1137 |-5.012129e+00 |      --      |    Inf | unknown
 time | node  | left  |LP iter|LP it/n|mem/heur|mdpt |vars |cons |rows |cuts |sepa|confs|strbr|  dualbound   | primalbound  |  gap   | compl. 
 4376s|445400 |445401 | 48021k| 107.8 |  1807M | 109 | 302 | 102 | 556 |2580k|  3 |3527 |1137 |-5.012129e+00 |      --      |    Inf | unknown
 4397s|445500 |445501 | 48038k| 107.8 |  1807M | 109 | 302 | 101 | 547 |2581k|  2 |3527 |1137 |-5.012129e+00 |      --      |    Inf | unknown
 4398s|445600 |445601 | 48046k| 107.8 |  1807M | 109 | 302 | 102 | 418 |2582k|  2 |3528 |1137 |-5.012124e+00 |      --      |    Inf | unknown
 4398s|445700 |445701 | 48055k| 107.8 |  1807M | 109 | 302 | 102 | 326 |2582k|  2 |3528 |1137 |-5.012124e+00 |      --      |    Inf | unknown
 4398s|445800 |445801 | 48065k| 107.8 |  1807M | 109 | 302 | 102 | 619 |2583k|  2 |3528 |1137 |-5.012124e+00 |      --      |    Inf | unknown
 4399s|445900 |445901 | 48082k| 107.8 |  1808M | 109 | 302 | 102 | 502 |2583k|  4 |3529 |1137 |-5.012109e+00 |      --      |    Inf | unknown
 4400s|446000 |446001 | 48092k| 107.8 |  1809M | 109 | 302 | 103 | 470 |2584k|  2 |3530 |1137 |-5.012109e+00 |      --      |    Inf | unknown
 4400s|446100 |446101 | 48103k| 107.8 |  1809M | 109 | 302 | 104 | 399 |2584k|  2 |3531 |1137 |-5.012108e+00 |      --      |    Inf | unknown
 4401s|446200 |446201 | 48113k| 107.8 |  1809M | 109 | 302 | 103 | 588 |2585k|  3 |3531 |1137 |-5.012108e+00 |      --      |    Inf | unknown
 4402s|446300 |446301 | 48129k| 107.8 |  1809M | 109 | 302 | 103 | 559 |2586k|  3 |3532 |1137 |-5.012108e+00 |      --      |    Inf | unknown
 4402s|446400 |446401 | 48139k| 107.8 |  1809M | 109 | 302 | 104 | 505 |2586k|  3 |3533 |1137 |-5.012105e+00 |      --      |    Inf | unknown
 4403s|446500 |446501 | 48148k| 107.8 |  1809M | 109 | 302 | 103 | 450 |2587k|  2 |3533 |1137 |-5.012105e+00 |      --      |    Inf | unknown
 4403s|446600 |446601 | 48157k| 107.8 |  1810M | 109 | 302 | 105 | 383 |2587k|  2 |3535 |1137 |-5.012105e+00 |      --      |    Inf | unknown
 4404s|446700 |446701 | 48167k| 107.8 |  1811M | 109 | 302 | 105 | 588 |2588k|  2 |3535 |1137 |-5.012104e+00 |      --      |    Inf | unknown
 4404s|446800 |446801 | 48176k| 107.8 |  1811M | 109 | 302 | 106 | 528 |2589k|  2 |3536 |1137 |-5.012104e+00 |      --      |    Inf | unknown
 time | node  | left  |LP iter|LP it/n|mem/heur|mdpt |vars |cons |rows |cuts |sepa|confs|strbr|  dualbound   | primalbound  |  gap   | compl. 
 4405s|446900 |446901 | 48187k| 107.8 |  1812M | 109 | 302 | 106 | 516 |2589k|  2 |3537 |1137 |-5.012104e+00 |      --      |    Inf | unknown
 4405s|447000 |447001 | 48196k| 107.8 |  1812M | 109 | 302 | 105 | 460 |2590k|  4 |3537 |1137 |-5.012103e+00 |      --      |    Inf | unknown
 4405s|447100 |447101 | 48204k| 107.8 |  1812M | 109 | 302 | 105 | 388 |2590k|  2 |3537 |1137 |-5.012103e+00 |      --      |    Inf | unknown
 4406s|447200 |447201 | 48213k| 107.8 |  1812M | 109 | 302 | 105 | 559 |2591k|  3 |3538 |1137 |-5.012103e+00 |      --      |    Inf | unknown
 4425s|447300 |447301 | 48233k| 107.8 |  1812M | 109 | 302 | 101 | 517 |2591k|  4 |3538 |1137 |-5.012094e+00 |      --      |    Inf | unknown
 4426s|447400 |447401 | 48244k| 107.8 |  1813M | 109 | 302 | 102 | 488 |2592k|  2 |3539 |1137 |-5.012094e+00 |      --      |    Inf | unknown
 4426s|447500 |447501 | 48252k| 107.8 |  1813M | 109 | 302 | 103 | 394 |2593k|  2 |3540 |1137 |-5.012089e+00 |      --      |    Inf | unknown
 4426s|447600 |447601 | 48260k| 107.8 |  1813M | 109 | 302 | 103 | 588 |2593k|  2 |3540 |1137 |-5.012089e+00 |      --      |    Inf | unknown
 4427s|447700 |447701 | 48268k| 107.8 |  1814M | 109 | 302 | 104 | 525 |2594k|  2 |3541 |1137 |-5.012089e+00 |      --      |    Inf | unknown
 4427s|447800 |447801 | 48280k| 107.8 |  1814M | 109 | 302 | 103 | 465 |2594k|  2 |3541 |1137 |-5.012088e+00 |      --      |    Inf | unknown
 4428s|447900 |447901 | 48295k| 107.8 |  1815M | 109 | 302 | 101 | 460 |2595k|  2 |3541 |1137 |-5.012088e+00 |      --      |    Inf | unknown
 4429s|448000 |448001 | 48304k| 107.8 |  1815M | 109 | 302 | 103 | 364 |2596k|  2 |3543 |1137 |-5.012088e+00 |      --      |    Inf | unknown
 4429s|448100 |448101 | 48313k| 107.8 |  1815M | 109 | 302 | 103 | 543 |2596k|  2 |3543 |1137 |-5.012081e+00 |      --      |    Inf | unknown
 4430s|448200 |448201 | 48322k| 107.8 |  1816M | 109 | 302 | 106 | 559 |2597k|  2 |3546 |1137 |-5.012081e+00 |      --      |    Inf | unknown
 4430s|448300 |448301 | 48330k| 107.8 |  1817M | 109 | 302 | 106 | 543 |2597k|  2 |3546 |1137 |-5.012081e+00 |      --      |    Inf | unknown
 time | node  | left  |LP iter|LP it/n|mem/heur|mdpt |vars |cons |rows |cuts |sepa|confs|strbr|  dualbound   | primalbound  |  gap   | compl. 
 4430s|448400 |448401 | 48338k| 107.8 |  1817M | 109 | 302 | 108 | 468 |2598k|  3 |3548 |1137 |-5.012077e+00 |      --      |    Inf | unknown
 4431s|448500 |448501 | 48353k| 107.8 |  1817M | 109 | 302 | 101 | 335 |2598k|  2 |3548 |1137 |-5.012077e+00 |      --      |    Inf | unknown
 4432s|448600 |448601 | 48362k| 107.8 |  1817M | 109 | 302 | 101 | 526 |2599k|  2 |3548 |1137 |-5.012077e+00 |      --      |    Inf | unknown
 4432s|448700 |448701 | 48371k| 107.8 |  1817M | 109 | 302 | 103 | 488 |2599k|  2 |3550 |1137 |-5.012073e+00 |      --      |    Inf | unknown
 4433s|448800 |448801 | 48381k| 107.8 |  1818M | 109 | 302 | 103 | 527 |2600k|  3 |3550 |1137 |-5.012073e+00 |      --      |    Inf | unknown
 4433s|448900 |448901 | 48390k| 107.8 |  1818M | 109 | 302 | 103 | 382 |2601k|  3 |3550 |1137 |-5.012067e+00 |      --      |    Inf | unknown
 4433s|449000 |449001 | 48398k| 107.8 |  1821M | 109 | 302 | 103 | 549 |2601k|  1 |3550 |1137 |-5.012067e+00 |      --      |    Inf | unknown
 4436s|449100 |449101 | 48407k| 107.8 |  1821M | 109 | 302 | 106 | 540 |2602k|  1 |3553 |1137 |-5.012067e+00 |      --      |    Inf | unknown
 4436s|449200 |449201 | 48417k| 107.8 |  1822M | 109 | 302 | 107 | 465 |2602k|  4 |3554 |1137 |-5.012057e+00 |      --      |    Inf | unknown
 4437s|449300 |449301 | 48427k| 107.8 |  1822M | 109 | 302 | 109 | 525 |2603k|  2 |3556 |1137 |-5.012057e+00 |      --      |    Inf | unknown
 4439s|449400 |449401 | 48435k| 107.8 |  1822M | 109 | 302 | 108 | 438 |2603k|  2 |3557 |1137 |-5.012057e+00 |      --      |    Inf | unknown
 4439s|449500 |449501 | 48443k| 107.8 |  1822M | 109 | 302 | 108 | 549 |2604k|  2 |3557 |1137 |-5.012044e+00 |      --      |    Inf | unknown
 4449s|449600 |449601 | 48456k| 107.8 |  1822M | 109 | 302 | 106 | 545 |2605k|  1 |3559 |1137 |-5.012044e+00 |      --      |    Inf | unknown
 4449s|449700 |449701 | 48468k| 107.8 |  1822M | 109 | 302 | 104 | 476 |2605k|  2 |3560 |1137 |-5.012044e+00 |      --      |    Inf | unknown
 4451s|449800 |449801 | 48487k| 107.8 |  1823M | 109 | 302 | 101 | 453 |2606k|  3 |3560 |1137 |-5.012033e+00 |      --      |    Inf | unknown
 time | node  | left  |LP iter|LP it/n|mem/heur|mdpt |vars |cons |rows |cuts |sepa|confs|strbr|  dualbound   | primalbound  |  gap   | compl. 
 4451s|449900 |449901 | 48495k| 107.8 |  1823M | 109 | 302 | 101 | 374 |2606k|  4 |3560 |1137 |-5.012033e+00 |      --      |    Inf | unknown
 4451s|450000 |450001 | 48504k| 107.8 |  1823M | 109 | 302 | 101 | 555 |2607k|  2 |3560 |1137 |-5.012033e+00 |      --      |    Inf | unknown
 4452s|450100 |450101 | 48513k| 107.8 |  1824M | 109 | 302 | 103 | 485 |2608k|  4 |3562 |1137 |-5.012028e+00 |      --      |    Inf | unknown
 4452s|450200 |450201 | 48520k| 107.8 |  1824M | 109 | 302 | 104 | 460 |2608k|  2 |3563 |1137 |-5.012028e+00 |      --      |    Inf | unknown
 4452s|450300 |450301 | 48530k| 107.8 |  1825M | 109 | 302 | 104 | 415 |2609k|  2 |3563 |1137 |-5.012023e+00 |      --      |    Inf | unknown
 4453s|450400 |450401 | 48538k| 107.8 |  1826M | 109 | 302 | 105 | 612 |2609k|  2 |3564 |1137 |-5.012023e+00 |      --      |    Inf | unknown
 4453s|450500 |450501 | 48547k| 107.8 |  1826M | 109 | 302 | 107 | 557 |2610k|  4 |3566 |1137 |-5.012023e+00 |      --      |    Inf | unknown
 4476s|450600 |450601 | 48565k| 107.8 |  1826M | 109 | 302 | 101 | 472 |2610k|  2 |3566 |1137 |-5.011992e+00 |      --      |    Inf | unknown
 4476s|450700 |450701 | 48574k| 107.8 |  1827M | 109 | 302 | 102 | 476 |2611k|  2 |3567 |1137 |-5.011992e+00 |      --      |    Inf | unknown
 4477s|450800 |450801 | 48582k| 107.8 |  1827M | 109 | 302 | 102 | 418 |2611k|  2 |3567 |1137 |-5.011992e+00 |      --      |    Inf | unknown
 4477s|450900 |450901 | 48594k| 107.8 |  1828M | 109 | 302 | 102 | 534 |2612k|  2 |3567 |1137 |-5.011983e+00 |      --      |    Inf | unknown
 4478s|451000 |451001 | 48603k| 107.8 |  1828M | 109 | 302 | 104 | 500 |2612k|  1 |3569 |1137 |-5.011983e+00 |      --      |    Inf | unknown
 4478s|451100 |451101 | 48612k| 107.8 |  1828M | 109 | 302 | 103 | 501 |2613k|  2 |3569 |1137 |-5.011983e+00 |      --      |    Inf | unknown
 4478s|451200 |451201 | 48621k| 107.8 |  1829M | 109 | 302 | 104 | 425 |2614k|  3 |3570 |1137 |-5.011982e+00 |      --      |    Inf | unknown
 4479s|451300 |451301 | 48630k| 107.7 |  1829M | 109 | 302 | 104 | 426 |2614k|  2 |3570 |1137 |-5.011982e+00 |      --      |    Inf | unknown
 time | node  | left  |LP iter|LP it/n|mem/heur|mdpt |vars |cons |rows |cuts |sepa|confs|strbr|  dualbound   | primalbound  |  gap   | compl. 
 4479s|451400 |451401 | 48638k| 107.7 |  1829M | 109 | 302 | 107 | 584 |2614k|  2 |3573 |1137 |-5.011982e+00 |      --      |    Inf | unknown
 4480s|451500 |451501 | 48648k| 107.7 |  1832M | 109 | 302 | 109 | 515 |2615k|  2 |3575 |1137 |-5.011973e+00 |      --      |    Inf | unknown
 4480s|451600 |451601 | 48657k| 107.7 |  1832M | 109 | 302 | 110 | 509 |2616k|  2 |3576 |1137 |-5.011973e+00 |      --      |    Inf | unknown
 4480s|451700 |451701 | 48666k| 107.7 |  1832M | 109 | 302 | 109 | 388 |2616k|  2 |3576 |1137 |-5.011935e+00 |      --      |    Inf | unknown
 4481s|451800 |451801 | 48682k| 107.7 |  1832M | 109 | 302 | 102 | 577 |2617k|  2 |3576 |1137 |-5.011935e+00 |      --      |    Inf | unknown
 4482s|451900 |451901 | 48690k| 107.7 |  1833M | 109 | 302 | 102 | 565 |2617k|  3 |3576 |1137 |-5.011935e+00 |      --      |    Inf | unknown
 4482s|452000 |452001 | 48704k| 107.7 |  1834M | 109 | 302 | 102 | 479 |2618k|  3 |3577 |1137 |-5.011901e+00 |      --      |    Inf | unknown
 4483s|452100 |452101 | 48713k| 107.7 |  1834M | 109 | 302 | 103 | 507 |2618k|  2 |3578 |1137 |-5.011901e+00 |      --      |    Inf | unknown
 4483s|452200 |452201 | 48721k| 107.7 |  1834M | 109 | 302 | 103 | 447 |2619k|  2 |3578 |1137 |-5.011901e+00 |      --      |    Inf | unknown
 4502s|452300 |452301 | 48736k| 107.7 |  1835M | 109 | 302 | 102 | 541 |2619k|  3 |3578 |1137 |-5.011898e+00 |      --      |    Inf | unknown
 4502s|452400 |452401 | 48746k| 107.7 |  1835M | 109 | 302 | 103 | 527 |2620k|  4 |3580 |1137 |-5.011898e+00 |      --      |    Inf | unknown
 4503s|452500 |452501 | 48756k| 107.7 |  1835M | 109 | 302 | 103 | 453 |2621k|  2 |3580 |1137 |-5.011898e+00 |      --      |    Inf | unknown
 4503s|452600 |452601 | 48763k| 107.7 |  1835M | 109 | 302 | 103 | 415 |2621k|  2 |3580 |1137 |-5.011880e+00 |      --      |    Inf | unknown
 4504s|452700 |452701 | 48772k| 107.7 |  1835M | 109 | 302 | 103 | 348 |2622k|  2 |3580 |1137 |-5.011880e+00 |      --      |    Inf | unknown
 4504s|452800 |452801 | 48780k| 107.7 |  1835M | 109 | 302 | 104 | 563 |2622k|  2 |3581 |1137 |-5.011880e+00 |      --      |    Inf | unknown
 time | node  | left  |LP iter|LP it/n|mem/heur|mdpt |vars |cons |rows |cuts |sepa|confs|strbr|  dualbound   | primalbound  |  gap   | compl. 
 4504s|452900 |452901 | 48788k| 107.7 |  1836M | 109 | 302 | 102 | 485 |2623k|  4 |3581 |1137 |-5.011873e+00 |      --      |    Inf | unknown
 4505s|453000 |453001 | 48799k| 107.7 |  1836M | 109 | 302 | 103 | 525 |2624k|  4 |3582 |1137 |-5.011873e+00 |      --      |    Inf | unknown
 4505s|453100 |453101 | 48807k| 107.7 |  1838M | 109 | 302 | 103 | 380 |2624k|  2 |3583 |1137 |-5.011853e+00 |      --      |    Inf | unknown
 4506s|453200 |453201 | 48816k| 107.7 |  1838M | 109 | 302 | 103 | 576 |2625k|  3 |3583 |1137 |-5.011853e+00 |      --      |    Inf | unknown
 4506s|453300 |453301 | 48824k| 107.7 |  1838M | 109 | 302 | 104 | 563 |2625k|  4 |3584 |1137 |-5.011853e+00 |      --      |    Inf | unknown
 4507s|453400 |453401 | 48833k| 107.7 |  1838M | 109 | 302 | 105 | 468 |2626k|  2 |3585 |1137 |-5.011848e+00 |      --      |    Inf | unknown
 4507s|453500 |453501 | 48841k| 107.7 |  1838M | 109 | 302 | 105 | 482 |2626k|  3 |3585 |1137 |-5.011848e+00 |      --      |    Inf | unknown
 4508s|453600 |453601 | 48854k| 107.7 |  1838M | 109 | 302 | 102 | 406 |2627k|  2 |3585 |1137 |-5.011848e+00 |      --      |    Inf | unknown
 4508s|453700 |453701 | 48862k| 107.7 |  1838M | 109 | 302 | 101 | 536 |2627k|  2 |3585 |1137 |-5.011799e+00 |      --      |    Inf | unknown
 4508s|453800 |453801 | 48871k| 107.7 |  1838M | 109 | 302 | 103 | 575 |2628k|  2 |3587 |1137 |-5.011799e+00 |      --      |    Inf | unknown
 4509s|453900 |453901 | 48889k| 107.7 |  1841M | 109 | 302 | 103 | 484 |2629k|  2 |3587 |1137 |-5.011799e+00 |      --      |    Inf | unknown
 4513s|454000 |454001 | 48900k| 107.7 |  1842M | 109 | 302 | 103 | 425 |2629k|  3 |3587 |1137 |-5.011784e+00 |      --      |    Inf | unknown
 4514s|454100 |454101 | 48911k| 107.7 |  1843M | 109 | 302 | 101 | 398 |2630k|  2 |3587 |1137 |-5.011784e+00 |      --      |    Inf | unknown
 4514s|454200 |454201 | 48919k| 107.7 |  1843M | 109 | 302 | 101 | 593 |2630k|  3 |3587 |1137 |-5.011784e+00 |      --      |    Inf | unknown
 4514s|454300 |454301 | 48928k| 107.7 |  1843M | 109 | 302 | 103 | 553 |2631k|  2 |3589 |1137 |-5.011780e+00 |      --      |    Inf | unknown
 time | node  | left  |LP iter|LP it/n|mem/heur|mdpt |vars |cons |rows |cuts |sepa|confs|strbr|  dualbound   | primalbound  |  gap   | compl. 
 4515s|454400 |454401 | 48937k| 107.7 |  1843M | 109 | 302 | 105 | 461 |2631k|  2 |3591 |1137 |-5.011780e+00 |      --      |    Inf | unknown
 4517s|454500 |454501 | 48947k| 107.7 |  1844M | 109 | 302 | 106 | 387 |2632k|  4 |3592 |1137 |-5.011763e+00 |      --      |    Inf | unknown
 4518s|454600 |454601 | 48955k| 107.7 |  1844M | 109 | 302 | 107 | 582 |2632k|  4 |3593 |1137 |-5.011763e+00 |      --      |    Inf | unknown
 4518s|454700 |454701 | 48964k| 107.7 |  1845M | 109 | 302 | 108 | 503 |2633k|  2 |3594 |1137 |-5.011763e+00 |      --      |    Inf | unknown
 4525s|454800 |454801 | 48975k| 107.7 |  1845M | 109 | 302 | 109 | 465 |2634k|  3 |3595 |1137 |-5.011758e+00 |      --      |    Inf | unknown
 4525s|454900 |454901 | 48986k| 107.7 |  1845M | 109 | 302 | 104 | 430 |2634k|  1 |3596 |1137 |-5.011758e+00 |      --      |    Inf | unknown
 4526s|455000 |455001 | 48998k| 107.7 |  1845M | 109 | 302 | 102 | 367 |2635k|  3 |3596 |1137 |-5.011758e+00 |      --      |    Inf | unknown
 4527s|455100 |455101 | 49007k| 107.7 |  1845M | 109 | 302 | 104 | 542 |2635k|  3 |3598 |1137 |-5.011758e+00 |      --      |    Inf | unknown
 4527s|455200 |455201 | 49016k| 107.7 |  1845M | 109 | 302 | 104 | 502 |2636k|  2 |3598 |1137 |-5.011758e+00 |      --      |    Inf | unknown
 4527s|455300 |455301 | 49025k| 107.7 |  1845M | 109 | 302 | 105 | 479 |2636k|  2 |3600 |1137 |-5.011758e+00 |      --      |    Inf | unknown
 4528s|455400 |455401 | 49034k| 107.7 |  1845M | 109 | 302 | 105 | 486 |2637k|  2 |3600 |1137 |-5.011749e+00 |      --      |    Inf | unknown
 4528s|455500 |455501 | 49043k| 107.7 |  1847M | 109 | 302 | 105 | 383 |2637k|  2 |3600 |1137 |-5.011749e+00 |      --      |    Inf | unknown
 4550s|455600 |455601 | 49058k| 107.7 |  1848M | 109 | 302 | 101 | 588 |2638k|  4 |3600 |1137 |-5.011749e+00 |      --      |    Inf | unknown
 4550s|455700 |455701 | 49067k| 107.7 |  1849M | 109 | 302 | 101 | 492 |2639k|  2 |3600 |1137 |-5.011741e+00 |      --      |    Inf | unknown
 4550s|455800 |455801 | 49076k| 107.7 |  1849M | 109 | 302 | 102 | 552 |2639k|  1 |3601 |1137 |-5.011741e+00 |      --      |    Inf | unknown
 time | node  | left  |LP iter|LP it/n|mem/heur|mdpt |vars |cons |rows |cuts |sepa|confs|strbr|  dualbound   | primalbound  |  gap   | compl. 
 4551s|455900 |455901 | 49084k| 107.7 |  1849M | 109 | 302 | 103 | 389 |2640k|  2 |3602 |1137 |-5.011721e+00 |      --      |    Inf | unknown
 4551s|456000 |456001 | 49092k| 107.7 |  1849M | 109 | 302 | 104 | 612 |2640k|  2 |3603 |1137 |-5.011721e+00 |      --      |    Inf | unknown
 4552s|456100 |456101 | 49100k| 107.6 |  1849M | 109 | 302 | 104 | 516 |2641k|  3 |3603 |1137 |-5.011721e+00 |      --      |    Inf | unknown
 4552s|456200 |456201 | 49109k| 107.6 |  1849M | 109 | 302 | 104 | 456 |2641k|  2 |3603 |1137 |-5.011706e+00 |      --      |    Inf | unknown
 4553s|456300 |456301 | 49132k| 107.7 |  1850M | 109 | 302 | 101 | 417 |2642k|  2 |3603 |1137 |-5.011706e+00 |      --      |    Inf | unknown
 4554s|456400 |456401 | 49141k| 107.7 |  1850M | 109 | 302 | 103 | 388 |2643k|  4 |3605 |1137 |-5.011706e+00 |      --      |    Inf | unknown
 4554s|456500 |456501 | 49150k| 107.7 |  1850M | 109 | 302 | 104 | 535 |2643k|  3 |3606 |1137 |-5.011671e+00 |      --      |    Inf | unknown
 4554s|456600 |456601 | 49159k| 107.7 |  1850M | 109 | 302 | 106 | 538 |2644k|  2 |3608 |1137 |-5.011671e+00 |      --      |    Inf | unknown
 4555s|456700 |456701 | 49168k| 107.7 |  1851M | 109 | 302 | 107 | 496 |2644k|  4 |3609 |1137 |-5.011671e+00 |      --      |    Inf | unknown
 4555s|456800 |456801 | 49176k| 107.6 |  1851M | 109 | 302 | 108 | 410 |2645k|  4 |3610 |1137 |-5.011660e+00 |      --      |    Inf | unknown
 4556s|456900 |456901 | 49187k| 107.6 |  1851M | 109 | 302 | 103 | 361 |2645k|  2 |3610 |1137 |-5.011660e+00 |      --      |    Inf | unknown
 4556s|457000 |457001 | 49195k| 107.6 |  1852M | 109 | 302 | 103 | 571 |2646k|  2 |3610 |1137 |-5.011660e+00 |      --      |    Inf | unknown
 4557s|457100 |457101 | 49204k| 107.6 |  1853M | 109 | 302 | 103 | 487 |2646k|  2 |3611 |1137 |-5.011628e+00 |      --      |    Inf | unknown
 4557s|457200 |457201 | 49212k| 107.6 |  1853M | 109 | 302 | 102 | 463 |2647k|  3 |3611 |1137 |-5.011628e+00 |      --      |    Inf | unknown
 4557s|457300 |457301 | 49221k| 107.6 |  1853M | 109 | 302 | 103 | 404 |2648k|  2 |3612 |1137 |-5.011625e+00 |      --      |    Inf | unknown
 time | node  | left  |LP iter|LP it/n|mem/heur|mdpt |vars |cons |rows |cuts |sepa|confs|strbr|  dualbound   | primalbound  |  gap   | compl. 
 4558s|457400 |457401 | 49229k| 107.6 |  1853M | 109 | 302 | 103 | 599 |2648k|  3 |3612 |1137 |-5.011625e+00 |      --      |    Inf | unknown
 4559s|457500 |457501 | 49243k| 107.6 |  1854M | 109 | 302 | 102 | 546 |2649k|  3 |3612 |1137 |-5.011625e+00 |      --      |    Inf | unknown
 4578s|457600 |457601 | 49259k| 107.6 |  1854M | 109 | 302 | 103 | 475 |2649k|  2 |3614 |1137 |-5.011597e+00 |      --      |    Inf | unknown
 4579s|457700 |457701 | 49270k| 107.6 |  1855M | 109 | 302 | 104 | 487 |2650k|  2 |3615 |1137 |-5.011597e+00 |      --      |    Inf | unknown
 4579s|457800 |457801 | 49279k| 107.6 |  1855M | 109 | 302 | 105 | 439 |2650k|  4 |3616 |1137 |-5.011597e+00 |      --      |    Inf | unknown
 4579s|457900 |457901 | 49288k| 107.6 |  1857M | 109 | 302 | 103 | 560 |2651k|  3 |3616 |1137 |-5.011569e+00 |      --      |    Inf | unknown
 4580s|458000 |458001 | 49297k| 107.6 |  1857M | 109 | 302 | 103 | 493 |2652k|  2 |3616 |1137 |-5.011569e+00 |      --      |    Inf | unknown
 4580s|458100 |458101 | 49305k| 107.6 |  1857M | 109 | 302 | 104 | 455 |2652k|  2 |3617 |1137 |-5.011569e+00 |      --      |    Inf | unknown
 4581s|458200 |458201 | 49316k| 107.6 |  1857M | 109 | 302 | 106 | 387 |2653k|  2 |3619 |1137 |-5.011547e+00 |      --      |    Inf | unknown
 4581s|458300 |458301 | 49323k| 107.6 |  1857M | 109 | 302 | 106 | 391 |2653k|  1 |3620 |1137 |-5.011547e+00 |      --      |    Inf | unknown
 4581s|458400 |458401 | 49331k| 107.6 |  1858M | 109 | 302 | 106 | 590 |2654k|  2 |3620 |1137 |-5.011547e+00 |      --      |    Inf | unknown
 4582s|458500 |458501 | 49339k| 107.6 |  1858M | 109 | 302 | 106 | 525 |2654k|  3 |3620 |1137 |-5.011539e+00 |      --      |    Inf | unknown
 4583s|458600 |458601 | 49356k| 107.6 |  1858M | 109 | 302 | 104 | 458 |2655k|  2 |3620 |1137 |-5.011539e+00 |      --      |    Inf | unknown
 4583s|458700 |458701 | 49365k| 107.6 |  1860M | 109 | 302 | 103 | 354 |2655k|  2 |3621 |1137 |-5.011530e+00 |      --      |    Inf | unknown
 4583s|458800 |458801 | 49373k| 107.6 |  1861M | 109 | 302 | 102 | 599 |2656k|  2 |3621 |1137 |-5.011530e+00 |      --      |    Inf | unknown
 time | node  | left  |LP iter|LP it/n|mem/heur|mdpt |vars |cons |rows |cuts |sepa|confs|strbr|  dualbound   | primalbound  |  gap   | compl. 
 4584s|458900 |458901 | 49382k| 107.6 |  1861M | 109 | 302 | 104 | 581 |2657k|  2 |3623 |1137 |-5.011530e+00 |      --      |    Inf | unknown
 4585s|459000 |459001 | 49397k| 107.6 |  1861M | 109 | 302 | 104 | 488 |2657k|  2 |3624 |1137 |-5.011528e+00 |      --      |    Inf | unknown
 4585s|459100 |459101 | 49406k| 107.6 |  1861M | 109 | 302 | 104 | 455 |2658k|  4 |3625 |1137 |-5.011528e+00 |      --      |    Inf | unknown
 4585s|459200 |459201 | 49415k| 107.6 |  1863M | 109 | 302 | 104 | 387 |2658k|  4 |3627 |1137 |-5.011528e+00 |      --      |    Inf | unknown
 4586s|459300 |459301 | 49426k| 107.6 |  1863M | 109 | 302 | 104 | 578 |2659k|  2 |3627 |1137 |-5.011525e+00 |      --      |    Inf | unknown
 4589s|459400 |459401 | 49436k| 107.6 |  1863M | 109 | 302 | 103 | 493 |2659k|  2 |3627 |1137 |-5.011525e+00 |      --      |    Inf | unknown
 4589s|459500 |459501 | 49444k| 107.6 |  1864M | 109 | 302 | 102 | 504 |2660k|  3 |3628 |1137 |-5.011525e+00 |      --      |    Inf | unknown
 4590s|459600 |459601 | 49452k| 107.6 |  1865M | 109 | 302 | 102 | 473 |2661k|  3 |3628 |1137 |-5.011503e+00 |      --      |    Inf | unknown
 4592s|459700 |459701 | 49461k| 107.6 |  1865M | 109 | 302 | 104 | 382 |2661k|  2 |3630 |1137 |-5.011503e+00 |      --      |    Inf | unknown
 4593s|459800 |459801 | 49469k| 107.6 |  1865M | 109 | 302 | 104 | 542 |2662k|  2 |3630 |1137 |-5.011503e+00 |      --      |    Inf | unknown
 4593s|459900 |459901 | 49477k| 107.6 |  1865M | 109 | 302 | 105 | 524 |2662k|  2 |3631 |1137 |-5.011501e+00 |      --      |    Inf | unknown
 4593s|460000 |460001 | 49485k| 107.6 |  1865M | 109 | 302 | 106 | 495 |2663k|  2 |3632 |1137 |-5.011501e+00 |      --      |    Inf | unknown
 4598s|460100 |460101 | 49496k| 107.6 |  1865M | 111 | 302 | 108 | 369 |2663k|  4 |3635 |1137 |-5.011501e+00 |      --      |    Inf | unknown
 4599s|460200 |460201 | 49506k| 107.6 |  1865M | 111 | 302 | 104 | 546 |2664k|  3 |3635 |1137 |-5.011501e+00 |      --      |    Inf | unknown
 4599s|460300 |460301 | 49515k| 107.6 |  1866M | 111 | 302 | 104 | 536 |2664k|  2 |3636 |1137 |-5.011501e+00 |      --      |    Inf | unknown
 time | node  | left  |LP iter|LP it/n|mem/heur|mdpt |vars |cons |rows |cuts |sepa|confs|strbr|  dualbound   | primalbound  |  gap   | compl. 
 4600s|460400 |460401 | 49524k| 107.6 |  1867M | 111 | 302 | 105 | 486 |2665k|  2 |3637 |1137 |-5.011495e+00 |      --      |    Inf | unknown
 4600s|460500 |460501 | 49536k| 107.6 |  1867M | 111 | 302 | 102 | 394 |2665k|  2 |3637 |1137 |-5.011495e+00 |      --      |    Inf | unknown
 4601s|460600 |460601 | 49543k| 107.6 |  1868M | 111 | 302 | 102 | 581 |2666k|  1 |3637 |1137 |-5.011495e+00 |      --      |    Inf | unknown
 4601s|460700 |460701 | 49552k| 107.6 |  1868M | 111 | 302 | 103 | 534 |2666k|  2 |3639 |1137 |-5.011495e+00 |      --      |    Inf | unknown
 4624s|460800 |460801 | 49567k| 107.6 |  1868M | 111 | 302 | 104 | 478 |2667k|  2 |3640 |1137 |-5.011495e+00 |      --      |    Inf | unknown
 4625s|460900 |460901 | 49584k| 107.6 |  1870M | 111 | 302 | 102 | 382 |2667k|  2 |3640 |1137 |-5.011491e+00 |      --      |    Inf | unknown
 4625s|461000 |461001 | 49592k| 107.6 |  1870M | 111 | 302 | 102 | 565 |2668k|  2 |3640 |1137 |-5.011491e+00 |      --      |    Inf | unknown
 4625s|461100 |461101 | 49601k| 107.6 |  1872M | 111 | 302 | 103 | 538 |2669k|  3 |3641 |1137 |-5.011491e+00 |      --      |    Inf | unknown
 4626s|461200 |461201 | 49612k| 107.6 |  1873M | 111 | 302 | 102 | 510 |2669k|  4 |3641 |1137 |-5.011491e+00 |      --      |    Inf | unknown
 4626s|461300 |461301 | 49621k| 107.6 |  1873M | 111 | 302 | 103 | 395 |2670k|  2 |3642 |1137 |-5.011491e+00 |      --      |    Inf | unknown
 4627s|461400 |461401 | 49628k| 107.6 |  1873M | 111 | 302 | 103 | 567 |2670k|  1 |3642 |1137 |-5.011491e+00 |      --      |    Inf | unknown
 4627s|461500 |461501 | 49638k| 107.6 |  1873M | 111 | 302 | 104 | 497 |2671k|  2 |3643 |1137 |-5.011490e+00 |      --      |    Inf | unknown
 4628s|461600 |461601 | 49652k| 107.6 |  1873M | 111 | 302 | 103 | 533 |2671k|  2 |3643 |1137 |-5.011490e+00 |      --      |    Inf | unknown
 4628s|461700 |461701 | 49662k| 107.6 |  1873M | 111 | 302 | 103 | 429 |2672k|  2 |3644 |1137 |-5.011490e+00 |      --      |    Inf | unknown
 4629s|461800 |461801 | 49671k| 107.6 |  1873M | 111 | 302 | 103 | 579 |2672k|  1 |3644 |1137 |-5.011490e+00 |      --      |    Inf | unknown
 time | node  | left  |LP iter|LP it/n|mem/heur|mdpt |vars |cons |rows |cuts |sepa|confs|strbr|  dualbound   | primalbound  |  gap   | compl. 
 4629s|461900 |461901 | 49679k| 107.5 |  1874M | 111 | 302 | 103 | 571 |2673k|  2 |3644 |1137 |-5.011490e+00 |      --      |    Inf | unknown
 4629s|462000 |462001 | 49687k| 107.5 |  1874M | 111 | 302 | 103 | 491 |2673k|  1 |3645 |1137 |-5.011490e+00 |      --      |    Inf | unknown
 4630s|462100 |462101 | 49697k| 107.5 |  1874M | 111 | 302 | 105 | 403 |2674k|  2 |3647 |1137 |-5.011489e+00 |      --      |    Inf | unknown
 4630s|462200 |462201 | 49705k| 107.5 |  1875M | 111 | 302 | 105 | 579 |2675k|  3 |3647 |1137 |-5.011489e+00 |      --      |    Inf | unknown
 4631s|462300 |462301 | 49715k| 107.5 |  1875M | 111 | 302 | 105 | 558 |2675k|  4 |3648 |1137 |-5.011489e+00 |      --      |    Inf | unknown
 4650s|462400 |462401 | 49732k| 107.5 |  1875M | 111 | 302 | 103 | 479 |2676k|  1 |3649 |1137 |-5.011489e+00 |      --      |    Inf | unknown
 4651s|462500 |462501 | 49741k| 107.5 |  1875M | 111 | 302 | 103 | 415 |2676k|  2 |3650 |1137 |-5.011489e+00 |      --      |    Inf | unknown
 4651s|462600 |462601 | 49749k| 107.5 |  1876M | 111 | 302 | 105 | 630 |2677k|  2 |3652 |1137 |-5.011489e+00 |      --      |    Inf | unknown
 4652s|462700 |462701 | 49758k| 107.5 |  1876M | 111 | 302 | 105 | 539 |2677k|  2 |3652 |1137 |-5.011485e+00 |      --      |    Inf | unknown
 4652s|462800 |462801 | 49769k| 107.5 |  1877M | 111 | 302 | 103 | 567 |2678k|  2 |3652 |1137 |-5.011485e+00 |      --      |    Inf | unknown
 4653s|462900 |462901 | 49778k| 107.5 |  1877M | 111 | 302 | 103 | 494 |2679k|  2 |3653 |1137 |-5.011485e+00 |      --      |    Inf | unknown
 4653s|463000 |463001 | 49786k| 107.5 |  1877M | 111 | 302 | 104 | 513 |2679k|  4 |3655 |1137 |-5.011485e+00 |      --      |    Inf | unknown
 4654s|463100 |463101 | 49800k| 107.5 |  1877M | 111 | 302 | 103 | 559 |2680k|  2 |3655 |1137 |-5.011485e+00 |      --      |    Inf | unknown
 4655s|463200 |463201 | 49816k| 107.5 |  1877M | 111 | 302 | 101 | 457 |2680k|  2 |3655 |1137 |-5.011471e+00 |      --      |    Inf | unknown
 4655s|463300 |463301 | 49825k| 107.5 |  1878M | 111 | 302 | 101 | 418 |2681k|  1 |3655 |1137 |-5.011471e+00 |      --      |    Inf | unknown
 time | node  | left  |LP iter|LP it/n|mem/heur|mdpt |vars |cons |rows |cuts |sepa|confs|strbr|  dualbound   | primalbound  |  gap   | compl. 
 4655s|463400 |463401 | 49835k| 107.5 |  1878M | 111 | 302 | 101 | 389 |2681k|  4 |3655 |1137 |-5.011471e+00 |      --      |    Inf | unknown
 4656s|463500 |463501 | 49843k| 107.5 |  1878M | 111 | 302 | 101 | 576 |2682k|  2 |3655 |1137 |-5.011471e+00 |      --      |    Inf | unknown
 4656s|463600 |463601 | 49852k| 107.5 |  1880M | 111 | 302 | 102 | 498 |2682k|  2 |3656 |1137 |-5.011471e+00 |      --      |    Inf | unknown
 4657s|463700 |463701 | 49860k| 107.5 |  1880M | 111 | 302 | 103 | 467 |2683k|  2 |3657 |1137 |-5.011471e+00 |      --      |    Inf | unknown
 4657s|463800 |463801 | 49871k| 107.5 |  1880M | 111 | 302 | 105 | 359 |2683k|  4 |3659 |1137 |-5.011467e+00 |      --      |    Inf | unknown
 4657s|463900 |463901 | 49879k| 107.5 |  1880M | 111 | 302 | 105 | 595 |2684k|  3 |3659 |1137 |-5.011467e+00 |      --      |    Inf | unknown
 4658s|464000 |464001 | 49886k| 107.5 |  1880M | 111 | 302 | 105 | 538 |2685k|  2 |3659 |1137 |-5.011467e+00 |      --      |    Inf | unknown
 4658s|464100 |464101 | 49895k| 107.5 |  1880M | 111 | 302 | 105 | 478 |2685k|  2 |3659 |1137 |-5.011467e+00 |      --      |    Inf | unknown
 4659s|464200 |464201 | 49906k| 107.5 |  1880M | 111 | 302 | 102 | 454 |2686k|  2 |3659 |1137 |-5.011467e+00 |      --      |    Inf | unknown
 4659s|464300 |464301 | 49913k| 107.5 |  1880M | 111 | 302 | 102 | 518 |2686k|  1 |3660 |1137 |-5.011467e+00 |      --      |    Inf | unknown
 4660s|464400 |464401 | 49921k| 107.5 |  1881M | 111 | 302 | 102 | 566 |2687k|  2 |3660 |1137 |-5.011458e+00 |      --      |    Inf | unknown
 4660s|464500 |464501 | 49929k| 107.5 |  1881M | 111 | 302 | 104 | 470 |2687k|  1 |3662 |1137 |-5.011458e+00 |      --      |    Inf | unknown
 4663s|464600 |464601 | 49942k| 107.5 |  1882M | 111 | 302 | 103 | 383 |2688k|  2 |3663 |1137 |-5.011458e+00 |      --      |    Inf | unknown
 4663s|464700 |464701 | 49951k| 107.5 |  1882M | 111 | 302 | 102 | 546 |2688k|  3 |3663 |1137 |-5.011458e+00 |      --      |    Inf | unknown
 4664s|464800 |464801 | 49958k| 107.5 |  1882M | 111 | 302 | 102 | 509 |2689k|  1 |3664 |1137 |-5.011458e+00 |      --      |    Inf | unknown
 time | node  | left  |LP iter|LP it/n|mem/heur|mdpt |vars |cons |rows |cuts |sepa|confs|strbr|  dualbound   | primalbound  |  gap   | compl. 
 4666s|464900 |464901 | 49968k| 107.5 |  1882M | 111 | 302 | 106 | 387 |2689k|  2 |3668 |1137 |-5.011434e+00 |      --      |    Inf | unknown
 4667s|465000 |465001 | 49978k| 107.5 |  1882M | 111 | 302 | 106 | 341 |2690k|  4 |3668 |1137 |-5.011434e+00 |      --      |    Inf | unknown
 4667s|465100 |465101 | 49986k| 107.5 |  1883M | 111 | 302 | 106 | 579 |2690k|  1 |3668 |1137 |-5.011434e+00 |      --      |    Inf | unknown
 4668s|465200 |465201 | 50002k| 107.5 |  1883M | 111 | 302 | 103 | 531 |2691k|  3 |3669 |1137 |-5.011434e+00 |      --      |    Inf | unknown
 4673s|465300 |465301 | 50014k| 107.5 |  1885M | 111 | 302 | 104 | 459 |2692k|  4 |3671 |1137 |-5.011434e+00 |      --      |    Inf | unknown
 4674s|465400 |465401 | 50022k| 107.5 |  1885M | 111 | 302 | 104 | 464 |2692k|  2 |3671 |1137 |-5.011434e+00 |      --      |    Inf | unknown
 4674s|465500 |465501 | 50030k| 107.5 |  1885M | 111 | 302 | 104 | 566 |2693k|  3 |3671 |1137 |-5.011433e+00 |      --      |    Inf | unknown
 4674s|465600 |465601 | 50039k| 107.5 |  1885M | 111 | 302 | 105 | 563 |2693k|  2 |3672 |1137 |-5.011433e+00 |      --      |    Inf | unknown
 4675s|465700 |465701 | 50047k| 107.5 |  1886M | 111 | 302 | 105 | 486 |2694k|  3 |3672 |1138 |-5.011433e+00 |      --      |    Inf | unknown
 4675s|465800 |465801 | 50060k| 107.5 |  1886M | 111 | 302 | 104 | 391 |2694k|  2 |3674 |1138 |-5.011433e+00 |      --      |    Inf | unknown
 4676s|465900 |465901 | 50069k| 107.5 |  1886M | 111 | 302 | 103 | 574 |2695k|  2 |3675 |1138 |-5.011433e+00 |      --      |    Inf | unknown
 4698s|466000 |466001 | 50085k| 107.5 |  1886M | 111 | 302 | 102 | 533 |2695k|  2 |3675 |1138 |-5.011433e+00 |      --      |    Inf | unknown
 4699s|466100 |466101 | 50094k| 107.5 |  1887M | 111 | 302 | 101 | 472 |2696k|  2 |3675 |1138 |-5.011426e+00 |      --      |    Inf | unknown
 4699s|466200 |466201 | 50103k| 107.5 |  1887M | 111 | 302 | 101 | 441 |2697k|  3 |3675 |1138 |-5.011426e+00 |      --      |    Inf | unknown
 4699s|466300 |466301 | 50111k| 107.5 |  1887M | 111 | 302 | 101 | 587 |2697k|  2 |3675 |1138 |-5.011426e+00 |      --      |    Inf | unknown
 time | node  | left  |LP iter|LP it/n|mem/heur|mdpt |vars |cons |rows |cuts |sepa|confs|strbr|  dualbound   | primalbound  |  gap   | compl. 
 4700s|466400 |466401 | 50123k| 107.5 |  1888M | 111 | 302 | 101 | 531 |2698k|  4 |3675 |1138 |-5.011426e+00 |      --      |    Inf | unknown
 4700s|466500 |466501 | 50131k| 107.5 |  1888M | 111 | 302 | 103 | 434 |2698k|  3 |3677 |1138 |-5.011426e+00 |      --      |    Inf | unknown
 4701s|466600 |466601 | 50140k| 107.5 |  1888M | 111 | 302 | 103 | 376 |2699k|  2 |3677 |1138 |-5.011415e+00 |      --      |    Inf | unknown
 4701s|466700 |466701 | 50148k| 107.4 |  1888M | 111 | 302 | 103 | 593 |2699k|  2 |3677 |1138 |-5.011415e+00 |      --      |    Inf | unknown
 4701s|466800 |466801 | 50158k| 107.4 |  1888M | 111 | 302 | 105 | 511 |2700k|  2 |3679 |1138 |-5.011415e+00 |      --      |    Inf | unknown
 4702s|466900 |466901 | 50169k| 107.4 |  1889M | 111 | 302 | 104 | 478 |2701k|  2 |3680 |1138 |-5.011415e+00 |      --      |    Inf | unknown
 4703s|467000 |467001 | 50182k| 107.5 |  1890M | 111 | 302 | 101 | 498 |2701k|  5 |3680 |1138 |-5.011415e+00 |      --      |    Inf | unknown
 4703s|467100 |467101 | 50190k| 107.4 |  1890M | 111 | 302 | 101 | 596 |2702k|  3 |3680 |1138 |-5.011415e+00 |      --      |    Inf | unknown
 4704s|467200 |467201 | 50206k| 107.5 |  1890M | 111 | 302 | 101 | 485 |2702k|  2 |3680 |1138 |-5.011347e+00 |      --      |    Inf | unknown
 4704s|467300 |467301 | 50216k| 107.5 |  1890M | 111 | 302 | 101 | 529 |2703k|  2 |3680 |1138 |-5.011347e+00 |      --      |    Inf | unknown
 4705s|467400 |467401 | 50224k| 107.4 |  1890M | 111 | 302 | 101 | 392 |2703k|  3 |3680 |1138 |-5.011347e+00 |      --      |    Inf | unknown
 4705s|467500 |467501 | 50232k| 107.4 |  1891M | 111 | 302 | 102 | 636 |2704k|  2 |3681 |1138 |-5.011347e+00 |      --      |    Inf | unknown
 4706s|467600 |467601 | 50241k| 107.4 |  1891M | 111 | 302 | 103 | 545 |2704k|  2 |3682 |1138 |-5.011347e+00 |      --      |    Inf | unknown
 4725s|467700 |467701 | 50256k| 107.4 |  1892M | 111 | 302 | 102 | 472 |2705k|  5 |3682 |1138 |-5.011347e+00 |      --      |    Inf | unknown
 4726s|467800 |467801 | 50266k| 107.4 |  1893M | 111 | 302 | 102 | 420 |2706k|  3 |3683 |1138 |-5.011335e+00 |      --      |    Inf | unknown
 time | node  | left  |LP iter|LP it/n|mem/heur|mdpt |vars |cons |rows |cuts |sepa|confs|strbr|  dualbound   | primalbound  |  gap   | compl. 
 4726s|467900 |467901 | 50276k| 107.4 |  1893M | 111 | 302 | 103 | 576 |2706k|  4 |3684 |1138 |-5.011335e+00 |      --      |    Inf | unknown
 4726s|468000 |468001 | 50284k| 107.4 |  1893M | 111 | 302 | 104 | 540 |2707k|  2 |3685 |1138 |-5.011335e+00 |      --      |    Inf | unknown
 4727s|468100 |468101 | 50294k| 107.4 |  1893M | 111 | 302 | 105 | 457 |2707k|  2 |3686 |1138 |-5.011335e+00 |      --      |    Inf | unknown
 4728s|468200 |468201 | 50310k| 107.4 |  1893M | 111 | 302 | 101 | 464 |2708k|  2 |3686 |1138 |-5.011335e+00 |      --      |    Inf | unknown
 4728s|468300 |468301 | 50318k| 107.4 |  1893M | 111 | 302 | 102 | 596 |2709k|  2 |3687 |1138 |-5.011335e+00 |      --      |    Inf | unknown
 4729s|468400 |468401 | 50326k| 107.4 |  1893M | 111 | 302 | 102 | 559 |2709k|  2 |3687 |1138 |-5.011330e+00 |      --      |    Inf | unknown
 4729s|468500 |468501 | 50336k| 107.4 |  1894M | 111 | 302 | 102 | 525 |2710k|  2 |3687 |1138 |-5.011330e+00 |      --      |    Inf | unknown
 4729s|468600 |468601 | 50344k| 107.4 |  1894M | 111 | 302 | 103 | 428 |2710k|  3 |3688 |1138 |-5.011330e+00 |      --      |    Inf | unknown
 4730s|468700 |468701 | 50353k| 107.4 |  1894M | 111 | 302 | 104 | 504 |2711k|  3 |3689 |1139 |-5.011330e+00 |      --      |    Inf | unknown
 4730s|468800 |468801 | 50361k| 107.4 |  1894M | 111 | 302 | 104 | 588 |2711k|  2 |3689 |1139 |-5.011330e+00 |      --      |    Inf | unknown
 4731s|468900 |468901 | 50373k| 107.4 |  1896M | 111 | 302 | 104 | 463 |2712k|  2 |3690 |1139 |-5.011320e+00 |      --      |    Inf | unknown
 4731s|469000 |469001 | 50381k| 107.4 |  1896M | 111 | 302 | 104 | 415 |2712k|  2 |3690 |1139 |-5.011320e+00 |      --      |    Inf | unknown
 4731s|469100 |469101 | 50390k| 107.4 |  1896M | 111 | 302 | 104 | 337 |2713k|  2 |3690 |1139 |-5.011320e+00 |      --      |    Inf | unknown
 4732s|469200 |469201 | 50399k| 107.4 |  1896M | 111 | 302 | 103 | 582 |2714k|  3 |3690 |1139 |-5.011320e+00 |      --      |    Inf | unknown
 4733s|469300 |469301 | 50421k| 107.4 |  1897M | 111 | 302 | 101 | 554 |2714k|  2 |3690 |1139 |-5.011320e+00 |      --      |    Inf | unknown
 time | node  | left  |LP iter|LP it/n|mem/heur|mdpt |vars |cons |rows |cuts |sepa|confs|strbr|  dualbound   | primalbound  |  gap   | compl. 
 4736s|469400 |469401 | 50431k| 107.4 |  1897M | 111 | 302 | 103 | 464 |2715k|  4 |3692 |1139 |-5.011320e+00 |      --      |    Inf | unknown
 4736s|469500 |469501 | 50441k| 107.4 |  1897M | 111 | 302 | 107 | 332 |2715k|  4 |3696 |1139 |-5.011301e+00 |      --      |    Inf | unknown
 4737s|469600 |469601 | 50449k| 107.4 |  1898M | 111 | 302 | 107 | 554 |2716k|  2 |3696 |1139 |-5.011301e+00 |      --      |    Inf | unknown
 4737s|469700 |469701 | 50457k| 107.4 |  1898M | 111 | 302 | 107 | 531 |2716k|  1 |3696 |1139 |-5.011301e+00 |      --      |    Inf | unknown
 4740s|469800 |469801 | 50470k| 107.4 |  1898M | 111 | 302 | 106 | 452 |2717k|  3 |3697 |1139 |-5.011301e+00 |      --      |    Inf | unknown
 4740s|469900 |469901 | 50478k| 107.4 |  1898M | 111 | 302 | 102 | 468 |2717k|  3 |3697 |1139 |-5.011301e+00 |      --      |    Inf | unknown
 4745s|470000 |470001 | 50488k| 107.4 |  1898M | 111 | 302 | 103 | 540 |2718k|  1 |3699 |1139 |-5.011301e+00 |      --      |    Inf | unknown
 4745s|470100 |470101 | 50497k| 107.4 |  1899M | 111 | 302 | 103 | 514 |2719k|  2 |3699 |1139 |-5.011297e+00 |      --      |    Inf | unknown
 4746s|470200 |470201 | 50506k| 107.4 |  1899M | 111 | 302 | 103 | 522 |2719k|  2 |3699 |1139 |-5.011297e+00 |      --      |    Inf | unknown
 4746s|470300 |470301 | 50515k| 107.4 |  1899M | 111 | 302 | 104 | 389 |2720k|  2 |3700 |1139 |-5.011297e+00 |      --      |    Inf | unknown
 4746s|470400 |470401 | 50524k| 107.4 |  1902M | 111 | 302 | 104 | 581 |2720k|  2 |3700 |1139 |-5.011297e+00 |      --      |    Inf | unknown
 4747s|470500 |470501 | 50539k| 107.4 |  1902M | 111 | 302 | 103 | 541 |2721k|  2 |3701 |1139 |-5.011297e+00 |      --      |    Inf | unknown
 4747s|470600 |470601 | 50548k| 107.4 |  1902M | 111 | 302 | 104 | 428 |2722k|  2 |3703 |1139 |-5.011296e+00 |      --      |    Inf | unknown
 4771s|470700 |470701 | 50566k| 107.4 |  1903M | 111 | 302 | 101 | 431 |2722k|  2 |3703 |1139 |-5.011296e+00 |      --      |    Inf | unknown
 4771s|470800 |470801 | 50574k| 107.4 |  1903M | 111 | 302 | 101 | 565 |2723k|  2 |3703 |1139 |-5.011296e+00 |      --      |    Inf | unknown
 time | node  | left  |LP iter|LP it/n|mem/heur|mdpt |vars |cons |rows |cuts |sepa|confs|strbr|  dualbound   | primalbound  |  gap   | compl. 
 4771s|470900 |470901 | 50584k| 107.4 |  1904M | 111 | 302 | 102 | 493 |2723k|  2 |3704 |1139 |-5.011296e+00 |      --      |    Inf | unknown
 4772s|471000 |471001 | 50592k| 107.4 |  1904M | 111 | 302 | 102 | 464 |2724k|  4 |3704 |1139 |-5.011296e+00 |      --      |    Inf | unknown
 4772s|471100 |471101 | 50602k| 107.4 |  1904M | 111 | 302 | 105 | 369 |2724k|  4 |3707 |1140 |-5.011296e+00 |      --      |    Inf | unknown
 4772s|471200 |471201 | 50610k| 107.4 |  1904M | 111 | 302 | 105 | 521 |2725k|  2 |3707 |1140 |-5.011289e+00 |      --      |    Inf | unknown
 4773s|471300 |471301 | 50620k| 107.4 |  1904M | 111 | 302 | 106 | 545 |2726k|  2 |3708 |1140 |-5.011289e+00 |      --      |    Inf | unknown
 4774s|471400 |471401 | 50631k| 107.4 |  1905M | 111 | 302 | 102 | 468 |2726k|  4 |3708 |1140 |-5.011289e+00 |      --      |    Inf | unknown
 4774s|471500 |471501 | 50640k| 107.4 |  1905M | 111 | 302 | 102 | 425 |2727k|  2 |3708 |1140 |-5.011289e+00 |      --      |    Inf | unknown
 4774s|471600 |471601 | 50649k| 107.4 |  1905M | 111 | 302 | 102 | 587 |2727k|  2 |3708 |1140 |-5.011289e+00 |      --      |    Inf | unknown
 4775s|471700 |471701 | 50666k| 107.4 |  1906M | 111 | 302 | 101 | 511 |2728k|  4 |3708 |1140 |-5.011289e+00 |      --      |    Inf | unknown
 4776s|471800 |471801 | 50675k| 107.4 |  1908M | 111 | 302 | 101 | 489 |2728k|  2 |3708 |1140 |-5.011285e+00 |      --      |    Inf | unknown
 4776s|471900 |471901 | 50684k| 107.4 |  1908M | 111 | 302 | 102 | 387 |2729k|  4 |3709 |1140 |-5.011285e+00 |      --      |    Inf | unknown
 4776s|472000 |472001 | 50692k| 107.4 |  1908M | 111 | 302 | 103 | 587 |2730k|  1 |3710 |1140 |-5.011285e+00 |      --      |    Inf | unknown
 4777s|472100 |472101 | 50700k| 107.4 |  1908M | 111 | 302 | 103 | 582 |2730k|  1 |3710 |1140 |-5.011285e+00 |      --      |    Inf | unknown
 4777s|472200 |472201 | 50716k| 107.4 |  1908M | 111 | 302 | 103 | 531 |2731k|  2 |3711 |1141 |-5.011285e+00 |      --      |    Inf | unknown
 4798s|472300 |472301 | 50734k| 107.4 |  1908M | 111 | 302 | 102 | 410 |2731k|  1 |3712 |1141 |-5.011273e+00 |      --      |    Inf | unknown
 time | node  | left  |LP iter|LP it/n|mem/heur|mdpt |vars |cons |rows |cuts |sepa|confs|strbr|  dualbound   | primalbound  |  gap   | compl. 
 4798s|472400 |472401 | 50742k| 107.4 |  1908M | 111 | 302 | 102 | 546 |2732k|  2 |3712 |1141 |-5.011273e+00 |      --      |    Inf | unknown
 4798s|472500 |472501 | 50750k| 107.4 |  1909M | 111 | 302 | 102 | 572 |2732k|  2 |3712 |1141 |-5.011273e+00 |      --      |    Inf | unknown
 4799s|472600 |472601 | 50760k| 107.4 |  1909M | 111 | 302 | 103 | 486 |2733k|  1 |3713 |1141 |-5.011273e+00 |      --      |    Inf | unknown
 4799s|472700 |472701 | 50770k| 107.4 |  1909M | 111 | 302 | 103 | 411 |2734k|  2 |3713 |1142 |-5.011273e+00 |      --      |    Inf | unknown
 4800s|472800 |472801 | 50779k| 107.4 |  1910M | 111 | 302 | 104 | 588 |2734k|  2 |3714 |1142 |-5.011273e+00 |      --      |    Inf | unknown
 4800s|472900 |472901 | 50787k| 107.4 |  1910M | 111 | 302 | 106 | 523 |2735k|  2 |3716 |1142 |-5.011264e+00 |      --      |    Inf | unknown
 4800s|473000 |473001 | 50797k| 107.4 |  1910M | 111 | 302 | 106 | 536 |2735k|  3 |3716 |1142 |-5.011264e+00 |      --      |    Inf | unknown
 4801s|473100 |473101 | 50806k| 107.4 |  1910M | 111 | 302 | 107 | 465 |2736k|  1 |3718 |1142 |-5.011264e+00 |      --      |    Inf | unknown
 4801s|473200 |473201 | 50815k| 107.4 |  1911M | 111 | 302 | 107 | 629 |2736k|  4 |3719 |1142 |-5.011264e+00 |      --      |    Inf | unknown
 4802s|473300 |473301 | 50823k| 107.4 |  1912M | 111 | 302 | 108 | 581 |2737k|  2 |3720 |1142 |-5.011264e+00 |      --      |    Inf | unknown
 4802s|473400 |473401 | 50832k| 107.4 |  1912M | 111 | 302 | 107 | 539 |2737k|  3 |3720 |1142 |-5.011264e+00 |      --      |    Inf | unknown
 4802s|473500 |473501 | 50841k| 107.4 |  1912M | 111 | 302 | 106 | 485 |2738k|  2 |3721 |1142 |-5.011254e+00 |      --      |    Inf | unknown
 4803s|473600 |473601 | 50849k| 107.4 |  1912M | 111 | 302 | 107 | 589 |2738k|  2 |3722 |1143 |-5.011254e+00 |      --      |    Inf | unknown
 4803s|473700 |473701 | 50858k| 107.4 |  1912M | 111 | 302 | 107 | 569 |2739k|  2 |3723 |1143 |-5.011254e+00 |      --      |    Inf | unknown
 4804s|473800 |473801 | 50880k| 107.4 |  1913M | 111 | 302 | 101 | 532 |2739k|  2 |3723 |1143 |-5.011254e+00 |      --      |    Inf | unknown
 time | node  | left  |LP iter|LP it/n|mem/heur|mdpt |vars |cons |rows |cuts |sepa|confs|strbr|  dualbound   | primalbound  |  gap   | compl. 
 4805s|473900 |473901 | 50890k| 107.4 |  1913M | 111 | 302 | 101 | 408 |2740k|  2 |3723 |1143 |-5.011254e+00 |      --      |    Inf | unknown
 4805s|474000 |474001 | 50899k| 107.4 |  1914M | 111 | 302 | 102 | 603 |2740k|  2 |3724 |1143 |-5.011254e+00 |      --      |    Inf | unknown
 4806s|474100 |474101 | 50909k| 107.4 |  1915M | 111 | 302 | 104 | 574 |2741k|  2 |3726 |1143 |-5.011237e+00 |      --      |    Inf | unknown
 4806s|474200 |474201 | 50917k| 107.4 |  1915M | 111 | 302 | 104 | 508 |2742k|  3 |3726 |1143 |-5.011237e+00 |      --      |    Inf | unknown
 4809s|474300 |474301 | 50927k| 107.4 |  1915M | 111 | 302 | 105 | 438 |2742k|  4 |3727 |1143 |-5.011237e+00 |      --      |    Inf | unknown
 4809s|474400 |474401 | 50936k| 107.4 |  1916M | 111 | 302 | 105 | 449 |2743k|  4 |3727 |1143 |-5.011237e+00 |      --      |    Inf | unknown
 4810s|474500 |474501 | 50945k| 107.4 |  1916M | 111 | 302 | 106 | 561 |2743k|  4 |3728 |1143 |-5.011237e+00 |      --      |    Inf | unknown
 4812s|474600 |474601 | 50955k| 107.4 |  1916M | 113 | 302 | 107 | 467 |2744k|  2 |3729 |1143 |-5.011237e+00 |      --      |    Inf | unknown
 4813s|474700 |474701 | 50964k| 107.4 |  1916M | 113 | 302 | 106 | 467 |2744k|  4 |3731 |1143 |-5.011237e+00 |      --      |    Inf | unknown
 4813s|474800 |474801 | 50971k| 107.3 |  1916M | 113 | 302 | 106 | 574 |2745k|  1 |3731 |1143 |-5.011237e+00 |      --      |    Inf | unknown
 4823s|474900 |474901 | 50983k| 107.4 |  1917M | 113 | 302 | 107 | 521 |2745k|  2 |3734 |1143 |-5.011237e+00 |      --      |    Inf | unknown
 4823s|475000 |475001 | 50992k| 107.3 |  1917M | 113 | 302 | 108 | 498 |2746k|  2 |3735 |1143 |-5.011237e+00 |      --      |    Inf | unknown
 4823s|475100 |475101 | 51001k| 107.3 |  1917M | 113 | 302 | 108 | 444 |2747k|  3 |3736 |1143 |-5.011237e+00 |      --      |    Inf | unknown
 4824s|475200 |475201 | 51011k| 107.3 |  1917M | 113 | 302 | 106 | 530 |2747k|  2 |3737 |1143 |-5.011237e+00 |      --      |    Inf | unknown
 4825s|475300 |475301 | 51025k| 107.3 |  1917M | 113 | 302 | 102 | 501 |2748k|  3 |3737 |1143 |-5.011237e+00 |      --      |    Inf | unknown
 time | node  | left  |LP iter|LP it/n|mem/heur|mdpt |vars |cons |rows |cuts |sepa|confs|strbr|  dualbound   | primalbound  |  gap   | compl. 
 4825s|475400 |475401 | 51033k| 107.3 |  1918M | 113 | 302 | 102 | 458 |2748k|  2 |3738 |1143 |-5.011237e+00 |      --      |    Inf | unknown
 4825s|475500 |475501 | 51041k| 107.3 |  1918M | 113 | 302 | 102 | 444 |2749k|  1 |3738 |1143 |-5.011237e+00 |      --      |    Inf | unknown
 4826s|475600 |475601 | 51050k| 107.3 |  1919M | 113 | 302 | 102 | 573 |2749k|  2 |3738 |1143 |-5.011237e+00 |      --      |    Inf | unknown
 4826s|475700 |475701 | 51060k| 107.3 |  1919M | 113 | 302 | 103 | 434 |2750k|  2 |3739 |1143 |-5.011237e+00 |      --      |    Inf | unknown
 4849s|475800 |475801 | 51083k| 107.4 |  1920M | 113 | 302 | 101 | 382 |2750k|  2 |3739 |1143 |-5.011237e+00 |      --      |    Inf | unknown
 4849s|475900 |475901 | 51093k| 107.4 |  1920M | 113 | 302 | 101 | 561 |2751k|  1 |3739 |1143 |-5.011237e+00 |      --      |    Inf | unknown
 4850s|476000 |476001 | 51101k| 107.4 |  1920M | 113 | 302 | 101 | 515 |2752k|  3 |3739 |1143 |-5.011237e+00 |      --      |    Inf | unknown
 4850s|476100 |476101 | 51110k| 107.3 |  1920M | 113 | 302 | 101 | 423 |2752k|  2 |3739 |1143 |-5.011237e+00 |      --      |    Inf | unknown
 4850s|476200 |476201 | 51120k| 107.3 |  1920M | 113 | 302 | 102 | 348 |2753k|  4 |3740 |1143 |-5.011237e+00 |      --      |    Inf | unknown
 4851s|476300 |476301 | 51128k| 107.3 |  1920M | 113 | 302 | 103 | 560 |2753k|  2 |3741 |1143 |-5.011237e+00 |      --      |    Inf | unknown
 4851s|476400 |476401 | 51137k| 107.3 |  1920M | 113 | 302 | 104 | 490 |2754k|  2 |3742 |1143 |-5.011237e+00 |      --      |    Inf | unknown
 4852s|476500 |476501 | 51154k| 107.3 |  1921M | 113 | 302 | 101 | 443 |2755k|  3 |3742 |1143 |-5.011237e+00 |      --      |    Inf | unknown
 4852s|476600 |476601 | 51162k| 107.3 |  1923M | 113 | 302 | 102 | 608 |2755k|  2 |3743 |1143 |-5.011237e+00 |      --      |    Inf | unknown
 4853s|476700 |476701 | 51171k| 107.3 |  1924M | 113 | 302 | 102 | 563 |2756k|  2 |3743 |1143 |-5.011237e+00 |      --      |    Inf | unknown
 4853s|476800 |476801 | 51181k| 107.3 |  1924M | 113 | 302 | 102 | 478 |2756k|  2 |3743 |1143 |-5.011237e+00 |      --      |    Inf | unknown
 time | node  | left  |LP iter|LP it/n|mem/heur|mdpt |vars |cons |rows |cuts |sepa|confs|strbr|  dualbound   | primalbound  |  gap   | compl. 
 4853s|476900 |476901 | 51189k| 107.3 |  1924M | 113 | 302 | 103 | 366 |2757k|  3 |3744 |1143 |-5.011237e+00 |      --      |    Inf | unknown
 4854s|477000 |477001 | 51197k| 107.3 |  1924M | 113 | 302 | 105 | 554 |2757k|  2 |3746 |1143 |-5.011237e+00 |      --      |    Inf | unknown
 4854s|477100 |477101 | 51206k| 107.3 |  1924M | 113 | 302 | 105 | 555 |2758k|  3 |3746 |1143 |-5.011237e+00 |      --      |    Inf | unknown
 4854s|477200 |477201 | 51215k| 107.3 |  1924M | 113 | 302 | 106 | 427 |2758k|  2 |3747 |1143 |-5.011237e+00 |      --      |    Inf | unknown
 4855s|477300 |477301 | 51223k| 107.3 |  1924M | 113 | 302 | 105 | 391 |2759k|  2 |3747 |1143 |-5.011237e+00 |      --      |    Inf | unknown
 4855s|477400 |477401 | 51232k| 107.3 |  1926M | 113 | 302 | 106 | 580 |2760k|  2 |3748 |1143 |-5.011237e+00 |      --      |    Inf | unknown
 4856s|477500 |477501 | 51240k| 107.3 |  1926M | 113 | 302 | 107 | 533 |2760k|  2 |3749 |1143 |-5.011237e+00 |      --      |    Inf | unknown
 4876s|477600 |477601 | 51255k| 107.3 |  1926M | 113 | 302 | 103 | 450 |2761k|  2 |3749 |1143 |-5.011237e+00 |      --      |    Inf | unknown
 4876s|477700 |477701 | 51272k| 107.3 |  1926M | 113 | 302 | 101 | 602 |2761k|  4 |3749 |1143 |-5.011237e+00 |      --      |    Inf | unknown
 4877s|477800 |477801 | 51285k| 107.3 |  1927M | 113 | 302 | 101 | 546 |2762k|  2 |3749 |1143 |-5.011237e+00 |      --      |    Inf | unknown
 4878s|477900 |477901 | 51292k| 107.3 |  1927M | 113 | 302 | 101 | 498 |2762k|  2 |3749 |1143 |-5.011237e+00 |      --      |    Inf | unknown
 4878s|478000 |478001 | 51303k| 107.3 |  1927M | 113 | 302 | 101 | 361 |2763k|  4 |3749 |1143 |-5.011237e+00 |      --      |    Inf | unknown
 4879s|478100 |478101 | 51312k| 107.3 |  1928M | 113 | 302 | 102 | 564 |2763k|  3 |3750 |1143 |-5.011237e+00 |      --      |    Inf | unknown
 4879s|478200 |478201 | 51321k| 107.3 |  1929M | 113 | 302 | 102 | 504 |2764k|  2 |3750 |1143 |-5.011237e+00 |      --      |    Inf | unknown
 4879s|478300 |478301 | 51331k| 107.3 |  1930M | 113 | 302 | 103 | 451 |2764k|  4 |3751 |1143 |-5.011237e+00 |      --      |    Inf | unknown
 time | node  | left  |LP iter|LP it/n|mem/heur|mdpt |vars |cons |rows |cuts |sepa|confs|strbr|  dualbound   | primalbound  |  gap   | compl. 
 4880s|478400 |478401 | 51338k| 107.3 |  1930M | 113 | 302 | 103 | 488 |2765k|  1 |3751 |1143 |-5.011237e+00 |      --      |    Inf | unknown
 4880s|478500 |478501 | 51346k| 107.3 |  1930M | 113 | 302 | 103 | 580 |2765k|  2 |3751 |1143 |-5.011237e+00 |      --      |    Inf | unknown
 4880s|478600 |478601 | 51354k| 107.3 |  1931M | 113 | 302 | 104 | 474 |2766k|  2 |3752 |1143 |-5.011237e+00 |      --      |    Inf | unknown
 4881s|478700 |478701 | 51362k| 107.3 |  1931M | 113 | 302 | 105 | 444 |2766k|  5 |3753 |1143 |-5.011237e+00 |      --      |    Inf | unknown
 4881s|478800 |478801 | 51372k| 107.3 |  1931M | 113 | 302 | 103 | 528 |2767k|  2 |3753 |1143 |-5.011237e+00 |      --      |    Inf | unknown
 4882s|478900 |478901 | 51381k| 107.3 |  1931M | 113 | 302 | 104 | 560 |2768k|  2 |3755 |1143 |-5.011237e+00 |      --      |    Inf | unknown
 4882s|479000 |479001 | 51392k| 107.3 |  1932M | 113 | 302 | 103 | 501 |2768k|  1 |3755 |1143 |-5.011237e+00 |      --      |    Inf | unknown
 4883s|479100 |479101 | 51404k| 107.3 |  1932M | 113 | 302 | 101 | 413 |2769k|  2 |3755 |1143 |-5.011237e+00 |      --      |    Inf | unknown
 4883s|479200 |479201 | 51412k| 107.3 |  1932M | 113 | 302 | 101 | 616 |2769k|  2 |3755 |1143 |-5.011237e+00 |      --      |    Inf | unknown
 4884s|479300 |479301 | 51420k| 107.3 |  1932M | 113 | 302 | 103 | 501 |2770k|  3 |3757 |1143 |-5.011237e+00 |      --      |    Inf | unknown
 4886s|479400 |479401 | 51429k| 107.3 |  1933M | 113 | 302 | 104 | 456 |2770k|  2 |3758 |1143 |-5.011237e+00 |      --      |    Inf | unknown
 4887s|479500 |479501 | 51437k| 107.3 |  1933M | 113 | 302 | 104 | 597 |2771k|  2 |3758 |1143 |-5.011237e+00 |      --      |    Inf | unknown
 4887s|479600 |479601 | 51445k| 107.3 |  1933M | 113 | 302 | 105 | 582 |2771k|  3 |3759 |1143 |-5.011237e+00 |      --      |    Inf | unknown
 4888s|479700 |479701 | 51454k| 107.3 |  1934M | 113 | 302 | 107 | 527 |2772k|  2 |3761 |1143 |-5.011237e+00 |      --      |    Inf | unknown
 4890s|479800 |479801 | 51464k| 107.3 |  1941M | 113 | 302 | 107 | 356 |2772k|  2 |3762 |1143 |-5.011237e+00 |      --      |    Inf | unknown
 time | node  | left  |LP iter|LP it/n|mem/heur|mdpt |vars |cons |rows |cuts |sepa|confs|strbr|  dualbound   | primalbound  |  gap   | compl. 
 4891s|479900 |479901 | 51473k| 107.3 |  1942M | 113 | 302 | 106 | 555 |2773k|  2 |3763 |1143 |-5.011237e+00 |      --      |    Inf | unknown
 4896s|480000 |480001 | 51485k| 107.3 |  1942M | 113 | 302 | 108 | 544 |2773k|  2 |3765 |1143 |-5.011237e+00 |      --      |    Inf | unknown
 4896s|480100 |480101 | 51493k| 107.3 |  1942M | 113 | 302 | 108 | 420 |2774k|  1 |3766 |1143 |-5.011237e+00 |      --      |    Inf | unknown
 4897s|480200 |480201 | 51514k| 107.3 |  1942M | 113 | 302 | 101 | 352 |2774k|  4 |3766 |1143 |-5.011237e+00 |      --      |    Inf | unknown
 4898s|480300 |480301 | 51523k| 107.3 |  1942M | 113 | 302 | 102 | 538 |2775k|  3 |3767 |1143 |-5.011237e+00 |      --      |    Inf | unknown
 4898s|480400 |480401 | 51533k| 107.3 |  1943M | 113 | 302 | 104 | 479 |2776k|  3 |3769 |1143 |-5.011237e+00 |      --      |    Inf | unknown
 4899s|480500 |480501 | 51542k| 107.3 |  1943M | 113 | 302 | 105 | 448 |2776k|  2 |3770 |1143 |-5.011237e+00 |      --      |    Inf | unknown
 4921s|480600 |480601 | 51557k| 107.3 |  1943M | 113 | 302 | 103 | 589 |2777k|  4 |3770 |1143 |-5.011237e+00 |      --      |    Inf | unknown
 4922s|480700 |480701 | 51567k| 107.3 |  1943M | 113 | 302 | 102 | 554 |2777k|  2 |3771 |1143 |-5.011237e+00 |      --      |    Inf | unknown
 4923s|480800 |480801 | 51576k| 107.3 |  1948M | 113 | 302 | 104 | 536 |2778k|  3 |3773 |1143 |-5.011237e+00 |      --      |    Inf | unknown
 4923s|480900 |480901 | 51586k| 107.3 |  1949M | 113 | 302 | 105 | 431 |2778k|  5 |3774 |1143 |-5.011237e+00 |      --      |    Inf | unknown
 4923s|481000 |481001 | 51595k| 107.3 |  1949M | 113 | 302 | 107 | 500 |2779k|  2 |3776 |1143 |-5.011237e+00 |      --      |    Inf | unknown
 4924s|481100 |481101 | 51605k| 107.3 |  1949M | 113 | 302 | 109 | 535 |2779k|  2 |3778 |1143 |-5.011237e+00 |      --      |    Inf | unknown
 4924s|481200 |481201 | 51614k| 107.3 |  1949M | 113 | 302 | 111 | 381 |2780k|  2 |3780 |1143 |-5.011237e+00 |      --      |    Inf | unknown
 4925s|481300 |481301 | 51626k| 107.3 |  1950M | 113 | 302 | 103 | 444 |2780k|  3 |3780 |1143 |-5.011237e+00 |      --      |    Inf | unknown
 time | node  | left  |LP iter|LP it/n|mem/heur|mdpt |vars |cons |rows |cuts |sepa|confs|strbr|  dualbound   | primalbound  |  gap   | compl. 
 4926s|481400 |481401 | 51637k| 107.3 |  1950M | 113 | 302 | 101 | 578 |2781k|  3 |3780 |1143 |-5.011237e+00 |      --      |    Inf | unknown
 4926s|481500 |481501 | 51646k| 107.3 |  1950M | 113 | 302 | 101 | 497 |2782k|  3 |3780 |1143 |-5.011237e+00 |      --      |    Inf | unknown
 4927s|481600 |481601 | 51654k| 107.3 |  1951M | 113 | 302 | 101 | 464 |2782k|  2 |3780 |1143 |-5.011237e+00 |      --      |    Inf | unknown
 4927s|481700 |481701 | 51662k| 107.2 |  1951M | 113 | 302 | 101 | 578 |2783k|  2 |3780 |1143 |-5.011237e+00 |      --      |    Inf | unknown
 4927s|481800 |481801 | 51669k| 107.2 |  1951M | 113 | 302 | 103 | 533 |2783k|  2 |3782 |1143 |-5.011237e+00 |      --      |    Inf | unknown
 4928s|481900 |481901 | 51677k| 107.2 |  1951M | 113 | 302 | 103 | 411 |2784k|  2 |3782 |1143 |-5.011237e+00 |      --      |    Inf | unknown
 4928s|482000 |482001 | 51693k| 107.2 |  1952M | 113 | 302 | 104 | 442 |2784k|  2 |3783 |1143 |-5.011237e+00 |      --      |    Inf | unknown
 4929s|482100 |482101 | 51704k| 107.2 |  1952M | 113 | 302 | 101 | 553 |2785k|  2 |3783 |1143 |-5.011237e+00 |      --      |    Inf | unknown
 4949s|482200 |482201 | 51720k| 107.3 |  1952M | 113 | 302 | 101 | 507 |2785k|  3 |3783 |1143 |-5.011237e+00 |      --      |    Inf | unknown
 4950s|482300 |482301 | 51734k| 107.3 |  1952M | 113 | 302 | 101 | 467 |2786k|  2 |3783 |1143 |-5.011237e+00 |      --      |    Inf | unknown
 4951s|482400 |482401 | 51741k| 107.3 |  1953M | 113 | 302 | 101 | 590 |2786k|  5 |3783 |1143 |-5.011237e+00 |      --      |    Inf | unknown
 4951s|482500 |482501 | 51751k| 107.3 |  1954M | 113 | 302 | 102 | 559 |2787k|  2 |3784 |1143 |-5.011237e+00 |      --      |    Inf | unknown
 4951s|482600 |482601 | 51759k| 107.2 |  1954M | 113 | 302 | 103 | 497 |2788k|  4 |3785 |1143 |-5.011237e+00 |      --      |    Inf | unknown
 4952s|482700 |482701 | 51768k| 107.2 |  1954M | 113 | 302 | 105 | 418 |2788k|  2 |3787 |1143 |-5.011237e+00 |      --      |    Inf | unknown
 4952s|482800 |482801 | 51775k| 107.2 |  1954M | 113 | 302 | 105 | 537 |2789k|  3 |3787 |1143 |-5.011237e+00 |      --      |    Inf | unknown
 time | node  | left  |LP iter|LP it/n|mem/heur|mdpt |vars |cons |rows |cuts |sepa|confs|strbr|  dualbound   | primalbound  |  gap   | compl. 
 4952s|482900 |482901 | 51785k| 107.2 |  1954M | 113 | 302 | 106 | 568 |2789k|  2 |3788 |1143 |-5.011237e+00 |      --      |    Inf | unknown
 4953s|483000 |483001 | 51793k| 107.2 |  1954M | 113 | 302 | 107 | 498 |2790k|  2 |3789 |1143 |-5.011237e+00 |      --      |    Inf | unknown
 4953s|483100 |483101 | 51802k| 107.2 |  1954M | 113 | 302 | 108 | 372 |2790k|  2 |3790 |1143 |-5.011237e+00 |      --      |    Inf | unknown
 4954s|483200 |483201 | 51810k| 107.2 |  1955M | 113 | 302 | 105 | 576 |2791k|  2 |3791 |1143 |-5.011237e+00 |      --      |    Inf | unknown
 4954s|483300 |483301 | 51819k| 107.2 |  1955M | 113 | 302 | 106 | 485 |2791k|  3 |3792 |1143 |-5.011237e+00 |      --      |    Inf | unknown
 4954s|483400 |483401 | 51828k| 107.2 |  1955M | 113 | 302 | 107 | 408 |2792k|  2 |3793 |1143 |-5.011237e+00 |      --      |    Inf | unknown
 4955s|483500 |483501 | 51836k| 107.2 |  1955M | 113 | 302 | 106 | 604 |2792k|  4 |3794 |1143 |-5.011237e+00 |      --      |    Inf | unknown
 4955s|483600 |483601 | 51846k| 107.2 |  1956M | 113 | 302 | 105 | 560 |2793k|  2 |3794 |1143 |-5.011237e+00 |      --      |    Inf | unknown
 4955s|483700 |483701 | 51854k| 107.2 |  1956M | 113 | 302 | 106 | 437 |2793k|  2 |3795 |1143 |-5.011237e+00 |      --      |    Inf | unknown
 4956s|483800 |483801 | 51867k| 107.2 |  1957M | 113 | 302 | 102 | 464 |2794k|  1 |3795 |1143 |-5.011237e+00 |      --      |    Inf | unknown
 4957s|483900 |483901 | 51882k| 107.2 |  1957M | 113 | 302 | 101 | 575 |2795k|  2 |3795 |1143 |-5.011237e+00 |      --      |    Inf | unknown
 4957s|484000 |484001 | 51892k| 107.2 |  1957M | 113 | 302 | 102 | 527 |2795k|  2 |3796 |1143 |-5.011237e+00 |      --      |    Inf | unknown
 4961s|484100 |484101 | 51903k| 107.2 |  1959M | 113 | 302 | 104 | 403 |2796k|  2 |3798 |1143 |-5.011237e+00 |      --      |    Inf | unknown
 4961s|484200 |484201 | 51909k| 107.2 |  1959M | 113 | 302 | 104 | 436 |2796k|  1 |3798 |1143 |-5.011237e+00 |      --      |    Inf | unknown
 4962s|484300 |484301 | 51918k| 107.2 |  1959M | 113 | 302 | 105 | 564 |2797k|  4 |3799 |1143 |-5.011237e+00 |      --      |    Inf | unknown
 time | node  | left  |LP iter|LP it/n|mem/heur|mdpt |vars |cons |rows |cuts |sepa|confs|strbr|  dualbound   | primalbound  |  gap   | compl. 
 4962s|484400 |484401 | 51927k| 107.2 |  1959M | 113 | 302 | 107 | 495 |2797k|  2 |3801 |1143 |-5.011237e+00 |      --      |    Inf | unknown
 4963s|484500 |484501 | 51935k| 107.2 |  1960M | 113 | 302 | 107 | 470 |2798k|  2 |3802 |1143 |-5.011237e+00 |      --      |    Inf | unknown
 4963s|484600 |484601 | 51943k| 107.2 |  1961M | 113 | 302 | 107 | 575 |2798k|  2 |3802 |1143 |-5.011237e+00 |      --      |    Inf | unknown
 4965s|484700 |484701 | 51952k| 107.2 |  1961M | 113 | 302 | 108 | 567 |2799k|  2 |3805 |1143 |-5.011237e+00 |      --      |    Inf | unknown
 4966s|484800 |484801 | 51960k| 107.2 |  1961M | 113 | 302 | 109 | 465 |2799k|  2 |3806 |1143 |-5.011237e+00 |      --      |    Inf | unknown
 4966s|484900 |484901 | 51970k| 107.2 |  1962M | 113 | 302 | 108 | 370 |2800k|  2 |3806 |1143 |-5.011237e+00 |      --      |    Inf | unknown
 4972s|485000 |485001 | 51980k| 107.2 |  1962M | 113 | 302 | 108 | 579 |2800k|  4 |3808 |1143 |-5.011237e+00 |      --      |    Inf | unknown
 4972s|485100 |485101 | 51995k| 107.2 |  1963M | 113 | 302 | 103 | 499 |2801k|  3 |3808 |1143 |-5.011237e+00 |      --      |    Inf | unknown
 4973s|485200 |485201 | 52004k| 107.2 |  1963M | 113 | 302 | 103 | 443 |2801k|  3 |3809 |1143 |-5.011237e+00 |      --      |    Inf | unknown
 4973s|485300 |485301 | 52012k| 107.2 |  1963M | 113 | 302 | 102 | 622 |2802k|  2 |3809 |1143 |-5.011237e+00 |      --      |    Inf | unknown
 4973s|485400 |485401 | 52020k| 107.2 |  1963M | 113 | 302 | 103 | 553 |2803k|  3 |3810 |1143 |-5.011237e+00 |      --      |    Inf | unknown
 4974s|485500 |485501 | 52029k| 107.2 |  1963M | 113 | 302 | 104 | 531 |2803k|  2 |3811 |1143 |-5.011237e+00 |      --      |    Inf | unknown
 4974s|485600 |485601 | 52038k| 107.2 |  1963M | 113 | 302 | 106 | 476 |2804k|  2 |3813 |1143 |-5.011237e+00 |      --      |    Inf | unknown
 4975s|485700 |485701 | 52046k| 107.2 |  1963M | 113 | 302 | 106 | 569 |2804k|  3 |3813 |1143 |-5.011237e+00 |      --      |    Inf | unknown
 4998s|485800 |485801 | 52061k| 107.2 |  1964M | 113 | 302 | 103 | 548 |2805k|  3 |3814 |1143 |-5.011237e+00 |      --      |    Inf | unknown
 time | node  | left  |LP iter|LP it/n|mem/heur|mdpt |vars |cons |rows |cuts |sepa|confs|strbr|  dualbound   | primalbound  |  gap   | compl. 
 4998s|485900 |485901 | 52071k| 107.2 |  1964M | 113 | 302 | 103 | 460 |2805k|  2 |3815 |1143 |-5.011237e+00 |      --      |    Inf | unknown
 4999s|486000 |486001 | 52086k| 107.2 |  1965M | 113 | 302 | 103 | 377 |2806k|  2 |3816 |1143 |-5.011237e+00 |      --      |    Inf | unknown
 4999s|486100 |486101 | 52095k| 107.2 |  1965M | 113 | 302 | 103 | 583 |2806k|  2 |3816 |1143 |-5.011237e+00 |      --      |    Inf | unknown
 5000s|486200 |486201 | 52104k| 107.2 |  1965M | 113 | 302 | 103 | 471 |2807k|  2 |3817 |1143 |-5.011237e+00 |      --      |    Inf | unknown
 5000s|486300 |486301 | 52112k| 107.2 |  1965M | 113 | 302 | 103 | 431 |2807k|  2 |3817 |1143 |-5.011237e+00 |      --      |    Inf | unknown
 5001s|486400 |486401 | 52121k| 107.2 |  1965M | 113 | 302 | 103 | 541 |2808k|  2 |3818 |1143 |-5.011237e+00 |      --      |    Inf | unknown
 5001s|486500 |486501 | 52129k| 107.1 |  1965M | 113 | 302 | 103 | 531 |2809k|  2 |3818 |1143 |-5.011237e+00 |      --      |    Inf | unknown
 5001s|486600 |486601 | 52138k| 107.1 |  1966M | 113 | 302 | 103 | 489 |2809k|  3 |3818 |1143 |-5.011237e+00 |      --      |    Inf | unknown
 5002s|486700 |486701 | 52146k| 107.1 |  1966M | 113 | 302 | 104 | 371 |2810k|  3 |3819 |1143 |-5.011237e+00 |      --      |    Inf | unknown
 5002s|486800 |486801 | 52155k| 107.1 |  1967M | 113 | 302 | 104 | 598 |2810k|  2 |3820 |1143 |-5.011237e+00 |      --      |    Inf | unknown
t5002s|486810 |486809 | 52159k| 107.1 |  trysol| 113 | 302 | 103 |   0 |2810k|  0 |3820 |1143 |-5.011237e+00 | 8.499160e+01 |    Inf | unknown
 5005s|486900 |486901 | 52184k| 107.2 |  2017M | 113 | 302 | 104 | 347 |2811k|  4 |3827 |1143 |-5.011237e+00 | 8.499160e+01 |    Inf | unknown
 5008s|487000 |487001 | 52216k| 107.2 |  2017M | 113 | 302 | 108 | 455 |2811k|  2 |3836 |1143 |-5.011237e+00 | 8.499160e+01 |    Inf | unknown
 5011s|487100 |487101 | 52252k| 107.3 |  2017M | 113 | 302 | 111 | 330 |2812k|  1 |3845 |1143 |-5.011237e+00 | 8.499160e+01 |    Inf | unknown
 5014s|487200 |487201 | 52287k| 107.3 |  2018M | 113 | 302 | 121 | 353 |2812k|  1 |3855 |1143 |-5.011237e+00 | 8.499160e+01 |    Inf | unknown
 time | node  | left  |LP iter|LP it/n|mem/heur|mdpt |vars |cons |rows |cuts |sepa|confs|strbr|  dualbound   | primalbound  |  gap   | compl. 
 5016s|487300 |487301 | 52312k| 107.3 |  2018M | 113 | 302 | 131 | 439 |2813k|  4 |3865 |1143 |-5.011237e+00 | 8.499160e+01 |    Inf | unknown
 5020s|487400 |487401 | 52351k| 107.4 |  2019M | 113 | 302 | 142 | 391 |2814k|  2 |3876 |1143 |-5.011237e+00 | 8.499160e+01 |    Inf | unknown
 5023s|487500 |487501 | 52383k| 107.4 |  2020M | 113 | 302 | 152 | 420 |2814k|  2 |3886 |1143 |-5.011237e+00 | 8.499160e+01 |    Inf | unknown
 5026s|487600 |487601 | 52417k| 107.5 |  2020M | 113 | 302 | 160 | 416 |2815k|  4 |3895 |1143 |-5.011237e+00 | 8.499160e+01 |    Inf | unknown
 5029s|487700 |487701 | 52447k| 107.5 |  2020M | 113 | 302 | 173 | 399 |2815k|  2 |3908 |1143 |-5.011237e+00 | 8.499160e+01 |    Inf | unknown
t5032s|487794 |487793 | 52479k| 107.6 |  trysol| 113 | 302 | 179 |   0 |2816k|  0 |3918 |1143 |-5.011237e+00 | 7.303102e+01 |    Inf | unknown
 5032s|487800 |487801 | 52479k| 107.6 |  2025M | 113 | 302 | 179 | 434 |2816k|  2 |3918 |1143 |-5.011237e+00 | 7.303102e+01 |    Inf | unknown
t5033s|487806 |487805 | 52483k| 107.6 |  trysol| 113 | 302 | 178 |   0 |2816k|  0 |3918 |1143 |-5.011237e+00 | 3.217191e+01 |    Inf | unknown
 5035s|487900 |487901 | 52508k| 107.6 |  2029M | 113 | 302 | 184 | 381 |2816k|  2 |3928 |1143 |-5.011237e+00 | 3.217191e+01 |    Inf | unknown
 5038s|488000 |488001 | 52538k| 107.7 |  2029M | 113 | 302 | 189 | 371 |2817k|  3 |3939 |1143 |-5.011237e+00 | 3.217191e+01 |    Inf | unknown
 5040s|488100 |488101 | 52563k| 107.7 |  2029M | 113 | 302 | 197 | 397 |2817k|  2 |3947 |1143 |-5.011237e+00 | 3.217191e+01 |    Inf | unknown
 5042s|488200 |488201 | 52589k| 107.7 |  2030M | 113 | 302 | 201 | 373 |2818k|  2 |3957 |1143 |-5.011237e+00 | 3.217191e+01 |    Inf | unknown
 5045s|488300 |488301 | 52621k| 107.8 |  2031M | 113 | 302 | 201 | 428 |2819k|  2 |3969 |1143 |-5.011237e+00 | 3.217191e+01 |    Inf | unknown
 5047s|488400 |488401 | 52645k| 107.8 |  2031M | 113 | 302 | 201 | 422 |2819k|  2 |3977 |1143 |-5.011237e+00 | 3.217191e+01 |    Inf | unknown
 5050s|488500 |488501 | 52671k| 107.8 |  2031M | 113 | 302 | 201 | 345 |2820k|  4 |3988 |1143 |-5.011237e+00 | 3.217191e+01 |    Inf | unknown
 time | node  | left  |LP iter|LP it/n|mem/heur|mdpt |vars |cons |rows |cuts |sepa|confs|strbr|  dualbound   | primalbound  |  gap   | compl. 
 5053s|488600 |488601 | 52701k| 107.9 |  2032M | 113 | 302 | 201 | 334 |2820k|  2 |3999 |1143 |-5.011237e+00 | 3.217191e+01 |    Inf | unknown
 5055s|488700 |488701 | 52728k| 107.9 |  2032M | 113 | 302 | 201 | 414 |2821k|  3 |4009 |1143 |-5.011237e+00 | 3.217191e+01 |    Inf | unknown
 5057s|488800 |488801 | 52754k| 107.9 |  2033M | 113 | 302 | 201 | 336 |2821k|  1 |4022 |1143 |-5.011237e+00 | 3.217191e+01 |    Inf | unknown
 5060s|488900 |488901 | 52787k| 108.0 |  2033M | 113 | 302 | 201 | 334 |2822k|  2 |4034 |1143 |-5.011237e+00 | 3.217191e+01 |    Inf | unknown
 5063s|489000 |489001 | 52818k| 108.0 |  2033M | 113 | 302 | 201 | 437 |2822k|  2 |4046 |1143 |-5.011237e+00 | 3.217191e+01 |    Inf | unknown
 5066s|489100 |489101 | 52847k| 108.0 |  2036M | 113 | 302 | 201 | 383 |2823k|  2 |4058 |1143 |-5.011237e+00 | 3.217191e+01 |    Inf | unknown
 5069s|489200 |489201 | 52876k| 108.1 |  2037M | 113 | 302 | 201 | 382 |2823k|  2 |4070 |1143 |-5.011237e+00 | 3.217191e+01 |    Inf | unknown
 5071s|489300 |489301 | 52903k| 108.1 |  2037M | 113 | 302 | 201 | 421 |2824k|  2 |4080 |1143 |-5.011237e+00 | 3.217191e+01 |    Inf | unknown
 5073s|489400 |489401 | 52929k| 108.1 |  2037M | 113 | 302 | 201 | 451 |2825k|  4 |4088 |1143 |-5.011237e+00 | 3.217191e+01 |    Inf | unknown
 5076s|489500 |489501 | 52957k| 108.2 |  2037M | 113 | 302 | 201 | 422 |2825k|  2 |4098 |1143 |-5.011237e+00 | 3.217191e+01 |    Inf | unknown
 5078s|489600 |489601 | 52984k| 108.2 |  2038M | 113 | 302 | 201 | 446 |2826k|  5 |4109 |1143 |-5.011237e+00 | 3.217191e+01 |    Inf | unknown
 5080s|489700 |489701 | 53013k| 108.3 |  2039M | 113 | 302 | 201 | 455 |2827k|  2 |4118 |1143 |-5.011237e+00 | 3.217191e+01 |    Inf | unknown
 5083s|489800 |489801 | 53043k| 108.3 |  2039M | 113 | 302 | 201 | 386 |2827k|  4 |4133 |1143 |-5.011237e+00 | 3.217191e+01 |    Inf | unknown
 5085s|489900 |489901 | 53069k| 108.3 |  2039M | 113 | 302 | 201 | 417 |2828k|  2 |4141 |1143 |-5.011237e+00 | 3.217191e+01 |    Inf | unknown
 5088s|490000 |490001 | 53096k| 108.4 |  2041M | 113 | 302 | 201 | 452 |2828k|  2 |4151 |1143 |-5.011237e+00 | 3.217191e+01 |    Inf | unknown
 time | node  | left  |LP iter|LP it/n|mem/heur|mdpt |vars |cons |rows |cuts |sepa|confs|strbr|  dualbound   | primalbound  |  gap   | compl. 
 5091s|490100 |490101 | 53128k| 108.4 |  2041M | 113 | 302 | 201 | 393 |2829k|  4 |4160 |1143 |-5.011237e+00 | 3.217191e+01 |    Inf | unknown
 5094s|490200 |490201 | 53158k| 108.4 |  2042M | 113 | 302 | 201 | 406 |2829k|  1 |4170 |1143 |-5.011237e+00 | 3.217191e+01 |    Inf | unknown
 5096s|490300 |490301 | 53191k| 108.5 |  2042M | 113 | 302 | 201 | 454 |2830k|  2 |4177 |1143 |-5.011237e+00 | 3.217191e+01 |    Inf | unknown
 5099s|490400 |490401 | 53220k| 108.5 |  2043M | 113 | 302 | 201 | 333 |2830k|  4 |4192 |1143 |-5.011237e+00 | 3.217191e+01 |    Inf | unknown
 5101s|490500 |490501 | 53246k| 108.5 |  2043M | 113 | 302 | 201 | 392 |2831k|  2 |4203 |1143 |-5.011237e+00 | 3.217191e+01 |    Inf | unknown
t5102s|490518 |490517 | 53252k| 108.6 |  trysol| 113 | 302 | 201 |   0 |2831k|  0 |4204 |1143 |-5.011237e+00 | 1.178099e+01 |    Inf | unknown
 5103s|490600 |490601 | 53270k| 108.6 |  2047M | 113 | 302 | 201 | 426 |2831k|  2 |4212 |1143 |-5.011237e+00 | 1.178099e+01 |    Inf | unknown
 5105s|490700 |490701 | 53297k| 108.6 |  2048M | 113 | 302 | 201 | 339 |2832k|  2 |4224 |1143 |-5.011237e+00 | 1.178099e+01 |    Inf | unknown
 5107s|490800 |490801 | 53321k| 108.6 |  2048M | 113 | 302 | 201 | 326 |2832k|  2 |4230 |1143 |-5.011237e+00 | 1.178099e+01 |    Inf | unknown
 5109s|490900 |490901 | 53347k| 108.7 |  2049M | 113 | 302 | 201 | 421 |2833k|  1 |4241 |1143 |-5.011237e+00 | 1.178099e+01 |    Inf | unknown
 5111s|491000 |491001 | 53373k| 108.7 |  2049M | 113 | 302 | 201 | 381 |2833k|  4 |4251 |1143 |-5.011237e+00 | 1.178099e+01 |    Inf | unknown
 5113s|491100 |491101 | 53397k| 108.7 |  2049M | 113 | 302 | 201 | 370 |2834k|  3 |4263 |1143 |-5.011237e+00 | 1.178099e+01 |    Inf | unknown
 5115s|491200 |491201 | 53424k| 108.8 |  2049M | 113 | 302 | 201 | 400 |2834k|  2 |4273 |1143 |-5.011237e+00 | 1.178099e+01 |    Inf | unknown
 5117s|491300 |491301 | 53449k| 108.8 |  2049M | 113 | 302 | 201 | 384 |2835k|  2 |4287 |1143 |-5.011237e+00 | 1.178099e+01 |    Inf | unknown
 5119s|491400 |491401 | 53471k| 108.8 |  2050M | 113 | 302 | 201 | 390 |2835k|  3 |4297 |1143 |-5.011237e+00 | 1.178099e+01 |    Inf | unknown
 time | node  | left  |LP iter|LP it/n|mem/heur|mdpt |vars |cons |rows |cuts |sepa|confs|strbr|  dualbound   | primalbound  |  gap   | compl. 
 5121s|491500 |491501 | 53495k| 108.8 |  2050M | 113 | 302 | 201 | 373 |2836k|  2 |4307 |1143 |-5.011237e+00 | 1.178099e+01 |    Inf | unknown
 5123s|491600 |491601 | 53525k| 108.9 |  2050M | 113 | 302 | 201 | 405 |2837k|  2 |4320 |1143 |-5.011237e+00 | 1.178099e+01 |    Inf | unknown
 5125s|491700 |491701 | 53549k| 108.9 |  2051M | 113 | 302 | 201 | 377 |2837k|  3 |4333 |1143 |-5.011237e+00 | 1.178099e+01 |    Inf | unknown
 5127s|491800 |491801 | 53571k| 108.9 |  2051M | 113 | 302 | 201 | 391 |2838k|  1 |4342 |1143 |-5.011237e+00 | 1.178099e+01 |    Inf | unknown
 5129s|491900 |491901 | 53599k| 109.0 |  2053M | 113 | 302 | 201 | 374 |2838k|  1 |4352 |1143 |-5.011237e+00 | 1.178099e+01 |    Inf | unknown
 5131s|492000 |492001 | 53623k| 109.0 |  2053M | 113 | 302 | 201 | 396 |2839k|  2 |4363 |1143 |-5.011237e+00 | 1.178099e+01 |    Inf | unknown
 5133s|492100 |492101 | 53650k| 109.0 |  2053M | 113 | 302 | 201 | 353 |2839k|  1 |4373 |1143 |-5.011237e+00 | 1.178099e+01 |    Inf | unknown
 5135s|492200 |492201 | 53676k| 109.0 |  2054M | 113 | 302 | 201 | 402 |2840k|  3 |4384 |1143 |-5.011237e+00 | 1.178099e+01 |    Inf | unknown
 5136s|492300 |492301 | 53699k| 109.1 |  2054M | 113 | 302 | 201 | 375 |2840k|  1 |4393 |1143 |-5.011237e+00 | 1.178099e+01 |    Inf | unknown
 5138s|492400 |492401 | 53724k| 109.1 |  2055M | 113 | 302 | 201 | 400 |2841k|  2 |4403 |1143 |-5.011237e+00 | 1.178099e+01 |    Inf | unknown
 5140s|492500 |492501 | 53750k| 109.1 |  2055M | 113 | 302 | 201 | 394 |2841k|  2 |4415 |1143 |-5.011237e+00 | 1.178099e+01 |    Inf | unknown
 5142s|492600 |492601 | 53775k| 109.2 |  2056M | 113 | 302 | 201 | 452 |2842k|  2 |4426 |1143 |-5.011237e+00 | 1.178099e+01 |    Inf | unknown
 5144s|492700 |492701 | 53799k| 109.2 |  2056M | 113 | 302 | 201 | 432 |2842k|  1 |4433 |1143 |-5.011237e+00 | 1.178099e+01 |    Inf | unknown
 5147s|492800 |492801 | 53832k| 109.2 |  2056M | 113 | 302 | 201 | 410 |2843k|  3 |4439 |1143 |-5.011237e+00 | 1.178099e+01 |    Inf | unknown
 5149s|492900 |492901 | 53859k| 109.3 |  2057M | 113 | 302 | 201 | 393 |2843k|  2 |4448 |1143 |-5.011237e+00 | 1.178099e+01 |    Inf | unknown
 time | node  | left  |LP iter|LP it/n|mem/heur|mdpt |vars |cons |rows |cuts |sepa|confs|strbr|  dualbound   | primalbound  |  gap   | compl. 
 5151s|493000 |493001 | 53884k| 109.3 |  2058M | 113 | 302 | 201 | 371 |2844k|  2 |4459 |1143 |-5.011237e+00 | 1.178099e+01 |    Inf | unknown
t5151s|493002 |493001 | 53886k| 109.3 |  trysol| 113 | 302 | 201 |   0 |2844k|  0 |4459 |1143 |-5.011237e+00 | 9.311389e+00 |    Inf | unknown
 5153s|493100 |493101 | 53911k| 109.3 |  2062M | 113 | 302 | 201 | 314 |2844k|  2 |4468 |1143 |-5.011237e+00 | 9.311389e+00 |    Inf | unknown
 5155s|493200 |493201 | 53932k| 109.3 |  2062M | 113 | 302 | 201 | 399 |2845k|  2 |4479 |1143 |-5.011237e+00 | 9.311389e+00 |    Inf | unknown
 5156s|493300 |493301 | 53951k| 109.4 |  2063M | 113 | 302 | 201 | 426 |2845k|  2 |4486 |1143 |-5.011237e+00 | 9.311389e+00 |    Inf | unknown
 5158s|493400 |493401 | 53978k| 109.4 |  2063M | 113 | 302 | 201 | 397 |2846k|  2 |4496 |1143 |-5.011237e+00 | 9.311389e+00 |    Inf | unknown
 5163s|493500 |493501 | 54002k| 109.4 |  2064M | 113 | 302 | 201 | 348 |2847k|  2 |4506 |1143 |-5.011237e+00 | 9.311389e+00 |    Inf | unknown
 5202s|493600 |493601 | 54025k| 109.4 |  2064M | 113 | 302 | 201 | 402 |2847k|  4 |4513 |1143 |-5.011237e+00 | 9.311389e+00 |    Inf | unknown
 5263s|493700 |493701 | 54050k| 109.5 |  2064M | 113 | 302 | 201 | 333 |2848k|  2 |4524 |1143 |-5.011237e+00 | 9.311389e+00 |    Inf | unknown
 5319s|493800 |493801 | 54072k| 109.5 |  2064M | 113 | 302 | 201 | 430 |2848k|  2 |4532 |1143 |-5.011237e+00 | 9.311389e+00 |    Inf | unknown
 5332s|493900 |493901 | 54095k| 109.5 |  2065M | 113 | 302 | 201 | 386 |2848k|  3 |4543 |1143 |-5.011237e+00 | 9.311389e+00 |    Inf | unknown
 5364s|494000 |494001 | 54124k| 109.6 |  2067M | 113 | 302 | 201 | 366 |2849k|  1 |4552 |1143 |-5.011237e+00 | 9.311389e+00 |    Inf | unknown
 5365s|494100 |494101 | 54145k| 109.6 |  2067M | 113 | 302 | 201 | 368 |2849k|  2 |4560 |1143 |-5.011237e+00 | 9.311389e+00 |    Inf | unknown
 5367s|494200 |494201 | 54168k| 109.6 |  2067M | 113 | 302 | 201 | 489 |2850k|  4 |4569 |1143 |-5.011237e+00 | 9.311389e+00 |    Inf | unknown
 5369s|494300 |494301 | 54195k| 109.6 |  2068M | 113 | 302 | 201 | 387 |2851k|  3 |4581 |1143 |-5.011237e+00 | 9.311389e+00 |    Inf | unknown
 time | node  | left  |LP iter|LP it/n|mem/heur|mdpt |vars |cons |rows |cuts |sepa|confs|strbr|  dualbound   | primalbound  |  gap   | compl. 
 5371s|494400 |494401 | 54215k| 109.7 |  2068M | 113 | 302 | 201 | 406 |2851k|  4 |4591 |1143 |-5.011237e+00 | 9.311389e+00 |    Inf | unknown
 5372s|494500 |494501 | 54236k| 109.7 |  2068M | 113 | 302 | 201 | 385 |2852k|  2 |4600 |1143 |-5.011237e+00 | 9.311389e+00 |    Inf | unknown
 5374s|494600 |494601 | 54262k| 109.7 |  2068M | 113 | 302 | 201 | 413 |2852k|  1 |4615 |1143 |-5.011237e+00 | 9.311389e+00 |    Inf | unknown
 5376s|494700 |494701 | 54285k| 109.7 |  2068M | 113 | 302 | 201 | 362 |2853k|  2 |4626 |1143 |-5.011237e+00 | 9.311389e+00 |    Inf | unknown
t5377s|494778 |494777 | 54305k| 109.8 |  trysol| 113 | 302 | 201 |   0 |2853k|  0 |4635 |1143 |-5.011237e+00 | 7.675829e+00 |    Inf | unknown
 5378s|494800 |494801 | 54309k| 109.8 |  2074M | 113 | 302 | 201 | 374 |2853k|  2 |4637 |1143 |-5.011237e+00 | 7.675829e+00 |    Inf | unknown
 5384s|494900 |494901 | 54334k| 109.8 |  2074M | 113 | 302 | 201 | 349 |2854k|  2 |4649 |1143 |-5.011237e+00 | 7.675829e+00 |    Inf | unknown
 5386s|495000 |495001 | 54360k| 109.8 |  2075M | 113 | 302 | 201 | 381 |2854k|  3 |4657 |1143 |-5.011237e+00 | 7.675829e+00 |    Inf | unknown
 5414s|495100 |495101 | 54387k| 109.8 |  2075M | 113 | 302 | 201 | 445 |2855k|  2 |4666 |1143 |-5.011237e+00 | 7.675829e+00 |    Inf | unknown
 5416s|495200 |495201 | 54411k| 109.9 |  2075M | 113 | 302 | 201 | 432 |2855k|  4 |4679 |1143 |-5.011237e+00 | 7.675829e+00 |    Inf | unknown
 5418s|495300 |495301 | 54435k| 109.9 |  2075M | 113 | 302 | 201 | 396 |2855k|  1 |4688 |1143 |-5.011237e+00 | 7.675829e+00 |    Inf | unknown
 5420s|495400 |495401 | 54461k| 109.9 |  2076M | 113 | 302 | 201 | 395 |2856k|  4 |4698 |1143 |-5.011237e+00 | 7.675829e+00 |    Inf | unknown
 5422s|495500 |495501 | 54488k| 110.0 |  2076M | 113 | 302 | 201 | 330 |2857k|  2 |4711 |1143 |-5.011237e+00 | 7.675829e+00 |    Inf | unknown
 5424s|495600 |495601 | 54511k| 110.0 |  2076M | 113 | 302 | 201 | 377 |2857k|  3 |4723 |1143 |-5.011237e+00 | 7.675829e+00 |    Inf | unknown
 5426s|495700 |495701 | 54534k| 110.0 |  2076M | 113 | 302 | 201 | 380 |2857k|  1 |4735 |1143 |-5.011237e+00 | 7.675829e+00 |    Inf | unknown
 time | node  | left  |LP iter|LP it/n|mem/heur|mdpt |vars |cons |rows |cuts |sepa|confs|strbr|  dualbound   | primalbound  |  gap   | compl. 
 5428s|495800 |495801 | 54559k| 110.0 |  2077M | 113 | 302 | 201 | 466 |2858k|  2 |4743 |1143 |-5.011237e+00 | 7.675829e+00 |    Inf | unknown
 5429s|495900 |495901 | 54581k| 110.1 |  2078M | 113 | 302 | 201 | 368 |2858k|  5 |4754 |1143 |-5.011237e+00 | 7.675829e+00 |    Inf | unknown
 5431s|496000 |496001 | 54604k| 110.1 |  2078M | 113 | 302 | 201 | 406 |2859k|  3 |4766 |1143 |-5.011237e+00 | 7.675829e+00 |    Inf | unknown
 5433s|496100 |496101 | 54627k| 110.1 |  2078M | 113 | 302 | 201 | 380 |2859k|  3 |4777 |1143 |-5.011237e+00 | 7.675829e+00 |    Inf | unknown
 5441s|496200 |496201 | 54651k| 110.1 |  2078M | 113 | 302 | 201 | 475 |2860k|  5 |4784 |1143 |-5.011237e+00 | 7.675829e+00 |    Inf | unknown
 5442s|496300 |496301 | 54673k| 110.2 |  2079M | 113 | 302 | 201 | 484 |2860k|  2 |4792 |1143 |-5.011237e+00 | 7.675829e+00 |    Inf | unknown
 5444s|496400 |496401 | 54696k| 110.2 |  2079M | 113 | 302 | 201 | 378 |2861k|  1 |4804 |1143 |-5.011237e+00 | 7.675829e+00 |    Inf | unknown
 5448s|496500 |496501 | 54716k| 110.2 |  2079M | 113 | 302 | 201 | 433 |2861k|  2 |4812 |1143 |-5.011237e+00 | 7.675829e+00 |    Inf | unknown
 5450s|496600 |496601 | 54739k| 110.2 |  2080M | 113 | 302 | 201 | 445 |2862k|  1 |4823 |1143 |-5.011237e+00 | 7.675829e+00 |    Inf | unknown
 5475s|496700 |496701 | 54766k| 110.3 |  2081M | 113 | 302 | 201 | 411 |2862k|  2 |4832 |1143 |-5.011237e+00 | 7.675829e+00 |    Inf | unknown
 5477s|496800 |496801 | 54793k| 110.3 |  2081M | 113 | 302 | 201 | 354 |2863k|  4 |4844 |1143 |-5.011237e+00 | 7.675829e+00 |    Inf | unknown
 5479s|496900 |496901 | 54819k| 110.3 |  2082M | 113 | 302 | 201 | 360 |2863k|  2 |4854 |1143 |-5.011237e+00 | 7.675829e+00 |    Inf | unknown
 5481s|497000 |497001 | 54845k| 110.3 |  2083M | 113 | 302 | 201 | 355 |2864k|  3 |4863 |1143 |-5.011237e+00 | 7.675829e+00 |    Inf | unknown
 5483s|497100 |497101 | 54869k| 110.4 |  2083M | 113 | 302 | 201 | 371 |2864k|  2 |4870 |1143 |-5.011237e+00 | 7.675829e+00 |    Inf | unknown
 5485s|497200 |497201 | 54891k| 110.4 |  2083M | 113 | 302 | 201 | 422 |2865k|  2 |4879 |1143 |-5.011237e+00 | 7.675829e+00 |    Inf | unknown
 time | node  | left  |LP iter|LP it/n|mem/heur|mdpt |vars |cons |rows |cuts |sepa|confs|strbr|  dualbound   | primalbound  |  gap   | compl. 
 5496s|497300 |497301 | 54916k| 110.4 |  2084M | 113 | 302 | 201 | 440 |2865k|  1 |4889 |1143 |-5.011237e+00 | 7.675829e+00 |    Inf | unknown
 5498s|497400 |497401 | 54940k| 110.5 |  2084M | 113 | 302 | 201 | 407 |2866k|  3 |4901 |1143 |-5.011237e+00 | 7.675829e+00 |    Inf | unknown
 5500s|497500 |497501 | 54963k| 110.5 |  2084M | 113 | 302 | 201 | 375 |2866k|  2 |4915 |1143 |-5.011237e+00 | 7.675829e+00 |    Inf | unknown
 5502s|497600 |497601 | 54988k| 110.5 |  2084M | 113 | 302 | 201 | 404 |2867k|  2 |4927 |1143 |-5.011237e+00 | 7.675829e+00 |    Inf | unknown
 5504s|497700 |497701 | 55013k| 110.5 |  2084M | 113 | 302 | 201 | 385 |2867k|  3 |4937 |1143 |-5.011237e+00 | 7.675829e+00 |    Inf | unknown
 5532s|497800 |497801 | 55037k| 110.6 |  2085M | 113 | 302 | 201 | 431 |2868k|  2 |4949 |1143 |-5.011237e+00 | 7.675829e+00 |    Inf | unknown
 5534s|497900 |497901 | 55059k| 110.6 |  2087M | 113 | 302 | 201 | 438 |2868k|  2 |4959 |1143 |-5.011237e+00 | 7.675829e+00 |    Inf | unknown
 5536s|498000 |498001 | 55081k| 110.6 |  2087M | 113 | 302 | 201 | 437 |2868k|  1 |4970 |1143 |-5.011237e+00 | 7.675829e+00 |    Inf | unknown
 5538s|498100 |498101 | 55106k| 110.6 |  2087M | 113 | 302 | 201 | 404 |2869k|  2 |4981 |1143 |-5.011237e+00 | 7.675829e+00 |    Inf | unknown
 5540s|498200 |498201 | 55131k| 110.7 |  2088M | 113 | 302 | 201 | 364 |2869k|  2 |4992 |1143 |-5.011237e+00 | 7.675829e+00 |    Inf | unknown
 5542s|498300 |498301 | 55155k| 110.7 |  2089M | 113 | 302 | 201 | 359 |2870k|  3 |5001 |1143 |-5.011237e+00 | 7.675829e+00 |    Inf | unknown
 5544s|498400 |498401 | 55178k| 110.7 |  2089M | 113 | 302 | 201 | 455 |2870k|  5 |5013 |1143 |-5.011237e+00 | 7.675829e+00 |    Inf | unknown
 5546s|498500 |498501 | 55202k| 110.7 |  2089M | 113 | 302 | 201 | 344 |2871k|  2 |5024 |1143 |-5.011237e+00 | 7.675829e+00 |    Inf | unknown
 5547s|498600 |498601 | 55228k| 110.8 |  2089M | 113 | 302 | 201 | 444 |2871k|  2 |5032 |1143 |-5.011237e+00 | 7.675829e+00 |    Inf | unknown
 5549s|498700 |498701 | 55252k| 110.8 |  2089M | 113 | 302 | 201 | 410 |2872k|  2 |5041 |1143 |-5.011237e+00 | 7.675829e+00 |    Inf | unknown
 time | node  | left  |LP iter|LP it/n|mem/heur|mdpt |vars |cons |rows |cuts |sepa|confs|strbr|  dualbound   | primalbound  |  gap   | compl. 
 5551s|498800 |498801 | 55278k| 110.8 |  2090M | 113 | 302 | 201 | 331 |2872k|  2 |5050 |1143 |-5.011237e+00 | 7.675829e+00 |    Inf | unknown
 5559s|498900 |498901 | 55302k| 110.8 |  2090M | 113 | 302 | 201 | 377 |2873k|  2 |5060 |1143 |-5.011237e+00 | 7.675829e+00 |    Inf | unknown
 5561s|499000 |499001 | 55326k| 110.9 |  2092M | 113 | 302 | 201 | 441 |2873k|  2 |5068 |1143 |-5.011237e+00 | 7.675829e+00 |    Inf | unknown
 5563s|499100 |499101 | 55351k| 110.9 |  2092M | 113 | 302 | 201 | 366 |2874k|  5 |5083 |1143 |-5.011237e+00 | 7.675829e+00 |    Inf | unknown
 5568s|499200 |499201 | 55374k| 110.9 |  2093M | 113 | 302 | 201 | 408 |2874k|  3 |5094 |1143 |-5.011237e+00 | 7.675829e+00 |    Inf | unknown
 5570s|499300 |499301 | 55397k| 110.9 |  2093M | 113 | 302 | 201 | 475 |2874k|  2 |5102 |1143 |-5.011237e+00 | 7.675829e+00 |    Inf | unknown
 5598s|499400 |499401 | 55425k| 111.0 |  2093M | 113 | 302 | 201 | 338 |2875k|  2 |5110 |1143 |-5.011237e+00 | 7.675829e+00 |    Inf | unknown
 5600s|499500 |499501 | 55449k| 111.0 |  2093M | 113 | 302 | 201 | 359 |2875k|  2 |5111 |1143 |-5.011237e+00 | 7.675829e+00 |    Inf | unknown
 5603s|499600 |499601 | 55476k| 111.0 |  2094M | 113 | 302 | 201 | 344 |2876k|  2 |5111 |1143 |-5.011237e+00 | 7.675829e+00 |    Inf | unknown
 5605s|499700 |499701 | 55504k| 111.1 |  2095M | 113 | 302 | 201 | 370 |2876k|  5 |5111 |1143 |-5.011237e+00 | 7.675829e+00 |    Inf | unknown
 5606s|499800 |499801 | 55524k| 111.1 |  2095M | 113 | 302 | 201 | 436 |2877k|  5 |5113 |1143 |-5.011237e+00 | 7.675829e+00 |    Inf | unknown
 5607s|499900 |499901 | 55545k| 111.1 |  2095M | 113 | 302 | 201 | 400 |2877k|  2 |5115 |1143 |-5.011237e+00 | 7.675829e+00 |    Inf | unknown
 5608s|500000 |500001 | 55560k| 111.1 |  2097M | 113 | 302 | 201 | 430 |2878k|  2 |5118 |1143 |-5.011237e+00 | 7.675829e+00 |    Inf | unknown
 5609s|500100 |500101 | 55574k| 111.1 |  2097M | 113 | 302 | 201 | 366 |2878k|  2 |5122 |1143 |-5.011237e+00 | 7.675829e+00 |    Inf | unknown
 5616s|500200 |500201 | 55589k| 111.1 |  2097M | 113 | 302 | 201 | 390 |2879k|  2 |5127 |1143 |-5.011237e+00 | 7.675829e+00 |    Inf | unknown
 time | node  | left  |LP iter|LP it/n|mem/heur|mdpt |vars |cons |rows |cuts |sepa|confs|strbr|  dualbound   | primalbound  |  gap   | compl. 
 5617s|500300 |500301 | 55604k| 111.1 |  2097M | 113 | 302 | 201 | 420 |2879k|  5 |5131 |1143 |-5.011237e+00 | 7.675829e+00 |    Inf | unknown
 5618s|500400 |500401 | 55618k| 111.1 |  2097M | 113 | 302 | 201 | 385 |2880k|  3 |5134 |1143 |-5.011237e+00 | 7.675829e+00 |    Inf | unknown
 5618s|500500 |500501 | 55631k| 111.1 |  2097M | 113 | 302 | 201 | 434 |2880k|  4 |5140 |1143 |-5.011237e+00 | 7.675829e+00 |    Inf | unknown
 5650s|500600 |500601 | 55653k| 111.2 |  2097M | 113 | 302 | 201 | 325 |2881k|  1 |5143 |1143 |-5.011237e+00 | 7.675829e+00 |    Inf | unknown
 5650s|500700 |500701 | 55666k| 111.2 |  2098M | 113 | 302 | 201 | 389 |2881k|  2 |5145 |1143 |-5.011237e+00 | 7.675829e+00 |    Inf | unknown
 5651s|500800 |500801 | 55678k| 111.2 |  2098M | 113 | 302 | 201 | 420 |2882k|  2 |5148 |1143 |-5.011237e+00 | 7.675829e+00 |    Inf | unknown
 5652s|500900 |500901 | 55694k| 111.2 |  2098M | 113 | 302 | 201 | 413 |2882k|  4 |5152 |1143 |-5.011237e+00 | 7.675829e+00 |    Inf | unknown
 5653s|501000 |501001 | 55708k| 111.2 |  2098M | 113 | 302 | 201 | 370 |2883k|  2 |5153 |1143 |-5.011237e+00 | 7.675829e+00 |    Inf | unknown
 5654s|501100 |501101 | 55722k| 111.2 |  2100M | 113 | 302 | 201 | 404 |2883k|  5 |5158 |1143 |-5.011237e+00 | 7.675829e+00 |    Inf | unknown
 5654s|501200 |501201 | 55737k| 111.2 |  2100M | 113 | 302 | 201 | 429 |2884k|  2 |5161 |1143 |-5.011237e+00 | 7.675829e+00 |    Inf | unknown
 5655s|501300 |501301 | 55751k| 111.2 |  2100M | 113 | 302 | 201 | 405 |2884k|  2 |5161 |1143 |-5.011237e+00 | 7.675829e+00 |    Inf | unknown
 5656s|501400 |501401 | 55767k| 111.2 |  2100M | 113 | 302 | 201 | 460 |2885k|  3 |5166 |1143 |-5.011237e+00 | 7.675829e+00 |    Inf | unknown
 5657s|501500 |501501 | 55786k| 111.2 |  2102M | 113 | 302 | 201 | 386 |2885k|  4 |5170 |1143 |-5.011237e+00 | 7.675829e+00 |    Inf | unknown
 5664s|501600 |501601 | 55798k| 111.2 |  2102M | 113 | 302 | 201 | 399 |2886k|  2 |5177 |1143 |-5.011237e+00 | 7.675829e+00 |    Inf | unknown
 5664s|501700 |501701 | 55811k| 111.2 |  2102M | 113 | 302 | 201 | 468 |2886k|  2 |5181 |1143 |-5.011237e+00 | 7.675829e+00 |    Inf | unknown
 time | node  | left  |LP iter|LP it/n|mem/heur|mdpt |vars |cons |rows |cuts |sepa|confs|strbr|  dualbound   | primalbound  |  gap   | compl. 
 5671s|501800 |501801 | 55823k| 111.2 |  2102M | 113 | 302 | 201 | 343 |2887k|  2 |5186 |1143 |-5.011237e+00 | 7.675829e+00 |    Inf | unknown
 5672s|501900 |501901 | 55839k| 111.3 |  2102M | 113 | 302 | 201 | 353 |2887k|  2 |5190 |1143 |-5.011237e+00 | 7.675829e+00 |    Inf | unknown
 5673s|502000 |502001 | 55854k| 111.3 |  2102M | 113 | 302 | 201 | 383 |2888k|  1 |5190 |1143 |-5.011237e+00 | 7.675829e+00 |    Inf | unknown
 5701s|502100 |502101 | 55877k| 111.3 |  2104M | 113 | 302 | 201 | 374 |2888k|  4 |5193 |1143 |-5.011237e+00 | 7.675829e+00 |    Inf | unknown
 5702s|502200 |502201 | 55889k| 111.3 |  2104M | 113 | 302 | 201 | 350 |2889k|  2 |5199 |1143 |-5.011237e+00 | 7.675829e+00 |    Inf | unknown
 5703s|502300 |502301 | 55901k| 111.3 |  2104M | 113 | 302 | 201 | 385 |2889k|  2 |5201 |1143 |-5.011237e+00 | 7.675829e+00 |    Inf | unknown
 5704s|502400 |502401 | 55915k| 111.3 |  2104M | 113 | 302 | 201 | 403 |2890k|  2 |5204 |1143 |-5.011237e+00 | 7.675829e+00 |    Inf | unknown
 5704s|502500 |502501 | 55929k| 111.3 |  2104M | 113 | 302 | 201 | 381 |2890k|  4 |5207 |1143 |-5.011237e+00 | 7.675829e+00 |    Inf | unknown
 5705s|502600 |502601 | 55942k| 111.3 |  2106M | 113 | 302 | 201 | 381 |2891k|  2 |5210 |1143 |-5.011237e+00 | 7.675829e+00 |    Inf | unknown
 5706s|502700 |502701 | 55955k| 111.3 |  2107M | 113 | 302 | 201 | 426 |2891k|  2 |5214 |1143 |-5.011237e+00 | 7.675829e+00 |    Inf | unknown
 5707s|502800 |502801 | 55973k| 111.3 |  2107M | 113 | 302 | 201 | 403 |2892k|  2 |5218 |1143 |-5.011237e+00 | 7.675829e+00 |    Inf | unknown
 5708s|502900 |502901 | 55987k| 111.3 |  2107M | 113 | 302 | 201 | 419 |2892k|  2 |5221 |1143 |-5.011237e+00 | 7.675829e+00 |    Inf | unknown
 5714s|503000 |503001 | 56002k| 111.3 |  2108M | 113 | 302 | 201 | 388 |2893k|  5 |5226 |1143 |-5.011237e+00 | 7.675829e+00 |    Inf | unknown
 5715s|503100 |503101 | 56016k| 111.3 |  2109M | 113 | 302 | 201 | 383 |2894k|  3 |5229 |1143 |-5.011237e+00 | 7.675829e+00 |    Inf | unknown
 5716s|503200 |503201 | 56031k| 111.3 |  2109M | 113 | 302 | 201 | 451 |2894k|  2 |5233 |1143 |-5.011237e+00 | 7.675829e+00 |    Inf | unknown
 time | node  | left  |LP iter|LP it/n|mem/heur|mdpt |vars |cons |rows |cuts |sepa|confs|strbr|  dualbound   | primalbound  |  gap   | compl. 
 5743s|503300 |503301 | 56050k| 111.4 |  2109M | 113 | 302 | 201 | 404 |2895k|  2 |5237 |1143 |-5.011237e+00 | 7.675829e+00 |    Inf | unknown
 5744s|503400 |503401 | 56063k| 111.4 |  2109M | 113 | 302 | 201 | 379 |2895k|  2 |5240 |1143 |-5.011237e+00 | 7.675829e+00 |    Inf | unknown
 5745s|503500 |503501 | 56083k| 111.4 |  2110M | 113 | 302 | 201 | 471 |2896k|  3 |5243 |1143 |-5.011237e+00 | 7.675829e+00 |    Inf | unknown
 5746s|503600 |503601 | 56097k| 111.4 |  2110M | 113 | 302 | 201 | 344 |2896k|  2 |5249 |1143 |-5.011237e+00 | 7.675829e+00 |    Inf | unknown
 5747s|503700 |503701 | 56113k| 111.4 |  2110M | 113 | 302 | 201 | 401 |2897k|  2 |5254 |1143 |-5.011237e+00 | 7.675829e+00 |    Inf | unknown
 5748s|503800 |503801 | 56126k| 111.4 |  2110M | 113 | 302 | 201 | 369 |2897k|  2 |5257 |1143 |-5.011237e+00 | 7.675829e+00 |    Inf | unknown
 5749s|503900 |503901 | 56144k| 111.4 |  2111M | 113 | 302 | 201 | 352 |2898k|  3 |5259 |1143 |-5.011237e+00 | 7.675829e+00 |    Inf | unknown
 5749s|504000 |504001 | 56157k| 111.4 |  2112M | 113 | 302 | 201 | 333 |2898k|  1 |5261 |1143 |-5.011237e+00 | 7.675829e+00 |    Inf | unknown
 5750s|504100 |504101 | 56171k| 111.4 |  2113M | 113 | 302 | 201 | 468 |2899k|  2 |5264 |1143 |-5.011237e+00 | 7.675829e+00 |    Inf | unknown
 5751s|504200 |504201 | 56187k| 111.4 |  2113M | 113 | 302 | 201 | 399 |2900k|  1 |5269 |1143 |-5.011237e+00 | 7.675829e+00 |    Inf | unknown
 5760s|504300 |504301 | 56201k| 111.4 |  2113M | 113 | 302 | 201 | 392 |2900k|  4 |5271 |1143 |-5.011237e+00 | 7.675829e+00 |    Inf | unknown
 5761s|504400 |504401 | 56218k| 111.5 |  2113M | 113 | 302 | 201 | 390 |2901k|  1 |5274 |1143 |-5.011237e+00 | 7.675829e+00 |    Inf | unknown
 5762s|504500 |504501 | 56231k| 111.5 |  2113M | 113 | 302 | 201 | 340 |2901k|  2 |5279 |1143 |-5.011237e+00 | 7.675829e+00 |    Inf | unknown
 5766s|504600 |504601 | 56245k| 111.5 |  2113M | 113 | 302 | 201 | 414 |2902k|  4 |5281 |1143 |-5.011237e+00 | 7.675829e+00 |    Inf | unknown
 5767s|504700 |504701 | 56259k| 111.5 |  2113M | 113 | 302 | 201 | 441 |2902k|  5 |5284 |1143 |-5.011237e+00 | 7.675829e+00 |    Inf | unknown
 time | node  | left  |LP iter|LP it/n|mem/heur|mdpt |vars |cons |rows |cuts |sepa|confs|strbr|  dualbound   | primalbound  |  gap   | compl. 
 5768s|504800 |504801 | 56273k| 111.5 |  2114M | 113 | 302 | 201 | 414 |2903k|  3 |5289 |1143 |-5.011237e+00 | 7.675829e+00 |    Inf | unknown
 5795s|504900 |504901 | 56291k| 111.5 |  2114M | 113 | 302 | 201 | 386 |2903k|  2 |5291 |1143 |-5.011237e+00 | 7.675829e+00 |    Inf | unknown
 5796s|505000 |505001 | 56307k| 111.5 |  2115M | 113 | 302 | 201 | 369 |2904k|  2 |5294 |1143 |-5.011237e+00 | 7.675829e+00 |    Inf | unknown
 5797s|505100 |505101 | 56323k| 111.5 |  2115M | 113 | 302 | 201 | 386 |2904k|  2 |5297 |1143 |-5.011237e+00 | 7.675829e+00 |    Inf | unknown
 5798s|505200 |505201 | 56337k| 111.5 |  2115M | 113 | 302 | 201 | 400 |2905k|  4 |5301 |1143 |-5.011237e+00 | 7.675829e+00 |    Inf | unknown
 5799s|505300 |505301 | 56350k| 111.5 |  2115M | 113 | 302 | 201 | 363 |2905k|  1 |5304 |1143 |-5.011237e+00 | 7.675829e+00 |    Inf | unknown
 5800s|505400 |505401 | 56365k| 111.5 |  2116M | 113 | 302 | 201 | 388 |2906k|  4 |5310 |1143 |-5.011237e+00 | 7.675829e+00 |    Inf | unknown
 5800s|505500 |505501 | 56379k| 111.5 |  2116M | 113 | 302 | 201 | 355 |2906k|  2 |5313 |1143 |-5.011237e+00 | 7.675829e+00 |    Inf | unknown
 5801s|505600 |505601 | 56391k| 111.5 |  2117M | 113 | 302 | 201 | 388 |2907k|  2 |5320 |1143 |-5.011237e+00 | 7.675829e+00 |    Inf | unknown
 5802s|505700 |505701 | 56407k| 111.5 |  2117M | 113 | 302 | 201 | 366 |2908k|  2 |5323 |1143 |-5.011237e+00 | 7.675829e+00 |    Inf | unknown
 5808s|505800 |505801 | 56419k| 111.5 |  2119M | 113 | 302 | 201 | 370 |2908k|  2 |5326 |1143 |-5.011237e+00 | 7.675829e+00 |    Inf | unknown
 5808s|505900 |505901 | 56433k| 111.5 |  2119M | 113 | 302 | 201 | 361 |2908k|  2 |5330 |1143 |-5.011237e+00 | 7.675829e+00 |    Inf | unknown
 5809s|506000 |506001 | 56447k| 111.6 |  2119M | 113 | 302 | 201 | 400 |2909k|  3 |5332 |1143 |-5.011237e+00 | 7.675829e+00 |    Inf | unknown
 5836s|506100 |506101 | 56462k| 111.6 |  2120M | 113 | 302 | 201 | 363 |2909k|  3 |5337 |1143 |-5.011237e+00 | 7.675829e+00 |    Inf | unknown
 5837s|506200 |506201 | 56478k| 111.6 |  2121M | 113 | 302 | 201 | 461 |2910k|  2 |5339 |1143 |-5.011237e+00 | 7.675829e+00 |    Inf | unknown
 time | node  | left  |LP iter|LP it/n|mem/heur|mdpt |vars |cons |rows |cuts |sepa|confs|strbr|  dualbound   | primalbound  |  gap   | compl. 
 5838s|506300 |506301 | 56493k| 111.6 |  2122M | 113 | 302 | 201 | 377 |2911k|  3 |5340 |1143 |-5.011237e+00 | 7.675829e+00 |    Inf | unknown
 5839s|506400 |506401 | 56509k| 111.6 |  2122M | 113 | 302 | 201 | 373 |2911k|  2 |5343 |1143 |-5.011237e+00 | 7.675829e+00 |    Inf | unknown
 5840s|506500 |506501 | 56519k| 111.6 |  2122M | 113 | 302 | 201 | 385 |2912k|  4 |5350 |1143 |-5.011237e+00 | 7.675829e+00 |    Inf | unknown
 5841s|506600 |506601 | 56533k| 111.6 |  2122M | 113 | 302 | 201 | 399 |2912k|  2 |5359 |1143 |-5.011237e+00 | 7.675829e+00 |    Inf | unknown
 5841s|506700 |506701 | 56546k| 111.6 |  2124M | 113 | 302 | 201 | 424 |2913k|  3 |5365 |1143 |-5.011237e+00 | 7.675829e+00 |    Inf | unknown
 5842s|506800 |506801 | 56557k| 111.6 |  2126M | 113 | 302 | 201 | 393 |2913k|  2 |5369 |1143 |-5.011237e+00 | 7.675829e+00 |    Inf | unknown
 5843s|506900 |506901 | 56569k| 111.6 |  2127M | 113 | 302 | 201 | 344 |2914k|  3 |5374 |1143 |-5.011237e+00 | 7.675829e+00 |    Inf | unknown
 5850s|507000 |507001 | 56582k| 111.6 |  2144M | 113 | 302 | 201 | 425 |2914k|  2 |5376 |1143 |-5.011237e+00 | 7.675829e+00 |    Inf | unknown
 5851s|507100 |507101 | 56598k| 111.6 |  2144M | 113 | 302 | 201 | 440 |2915k|  3 |5380 |1143 |-5.011237e+00 | 7.675829e+00 |    Inf | unknown
 5852s|507200 |507201 | 56612k| 111.6 |  2144M | 113 | 302 | 201 | 359 |2915k|  2 |5385 |1143 |-5.011237e+00 | 7.675829e+00 |    Inf | unknown
 5858s|507300 |507301 | 56625k| 111.6 |  2144M | 113 | 302 | 201 | 393 |2916k|  2 |5391 |1143 |-5.011237e+00 | 7.675829e+00 |    Inf | unknown
 5859s|507400 |507401 | 56640k| 111.6 |  2144M | 113 | 302 | 201 | 402 |2916k|  2 |5395 |1143 |-5.011237e+00 | 7.675829e+00 |    Inf | unknown
 5860s|507500 |507501 | 56650k| 111.6 |  2144M | 113 | 302 | 201 | 360 |2917k|  3 |5399 |1143 |-5.011237e+00 | 7.675829e+00 |    Inf | unknown
 5881s|507600 |507601 | 56666k| 111.6 |  2145M | 113 | 302 | 201 | 459 |2918k|  3 |5402 |1143 |-5.011237e+00 | 7.675829e+00 |    Inf | unknown
 5882s|507700 |507701 | 56682k| 111.6 |  2146M | 113 | 302 | 201 | 416 |2918k|  2 |5404 |1143 |-5.011237e+00 | 7.675829e+00 |    Inf | unknown
 time | node  | left  |LP iter|LP it/n|mem/heur|mdpt |vars |cons |rows |cuts |sepa|confs|strbr|  dualbound   | primalbound  |  gap   | compl. 
 5882s|507800 |507801 | 56697k| 111.6 |  2146M | 113 | 302 | 201 | 361 |2919k|  2 |5405 |1143 |-5.011237e+00 | 7.675829e+00 |    Inf | unknown
 5883s|507900 |507901 | 56711k| 111.7 |  2146M | 113 | 302 | 201 | 403 |2920k|  2 |5408 |1143 |-5.011237e+00 | 7.675829e+00 |    Inf | unknown
 5884s|508000 |508001 | 56725k| 111.7 |  2147M | 113 | 302 | 201 | 396 |2920k|  2 |5413 |1143 |-5.011237e+00 | 7.675829e+00 |    Inf | unknown
 5885s|508100 |508101 | 56736k| 111.7 |  2147M | 113 | 302 | 201 | 405 |2921k|  2 |5417 |1143 |-5.011237e+00 | 7.675829e+00 |    Inf | unknown
 5891s|508200 |508201 | 56749k| 111.7 |  2148M | 113 | 302 | 201 | 382 |2921k|  2 |5422 |1143 |-5.011237e+00 | 7.675829e+00 |    Inf | unknown
 5892s|508300 |508301 | 56760k| 111.7 |  2148M | 113 | 302 | 201 | 395 |2922k|  2 |5424 |1143 |-5.011237e+00 | 7.675829e+00 |    Inf | unknown
 5893s|508400 |508401 | 56773k| 111.7 |  2150M | 113 | 302 | 201 | 367 |2922k|  4 |5427 |1143 |-5.011237e+00 | 7.675829e+00 |    Inf | unknown
 5893s|508500 |508501 | 56785k| 111.7 |  2150M | 113 | 302 | 201 | 362 |2923k|  4 |5431 |1143 |-5.011237e+00 | 7.675829e+00 |    Inf | unknown
 5922s|508600 |508601 | 56805k| 111.7 |  2150M | 113 | 302 | 201 | 369 |2923k|  1 |5433 |1143 |-5.011237e+00 | 7.675829e+00 |    Inf | unknown
 5923s|508700 |508701 | 56821k| 111.7 |  2150M | 113 | 302 | 201 | 411 |2924k|  4 |5439 |1143 |-5.011237e+00 | 7.675829e+00 |    Inf | unknown
 5924s|508800 |508801 | 56832k| 111.7 |  2151M | 113 | 302 | 201 | 429 |2924k|  2 |5443 |1143 |-5.011237e+00 | 7.675829e+00 |    Inf | unknown
 5925s|508900 |508901 | 56843k| 111.7 |  2152M | 113 | 302 | 201 | 452 |2925k|  2 |5445 |1143 |-5.011237e+00 | 7.675829e+00 |    Inf | unknown
 5925s|509000 |509001 | 56855k| 111.7 |  2152M | 113 | 302 | 201 | 393 |2925k|  4 |5452 |1143 |-5.011237e+00 | 7.675829e+00 |    Inf | unknown
 5926s|509100 |509101 | 56867k| 111.7 |  2152M | 113 | 302 | 201 | 384 |2926k|  2 |5458 |1143 |-5.011237e+00 | 7.675829e+00 |    Inf | unknown
 5927s|509200 |509201 | 56879k| 111.7 |  2152M | 113 | 302 | 201 | 388 |2926k|  2 |5462 |1143 |-5.011237e+00 | 7.675829e+00 |    Inf | unknown
 time | node  | left  |LP iter|LP it/n|mem/heur|mdpt |vars |cons |rows |cuts |sepa|confs|strbr|  dualbound   | primalbound  |  gap   | compl. 
 5928s|509300 |509301 | 56894k| 111.7 |  2153M | 113 | 302 | 201 | 398 |2927k|  2 |5468 |1143 |-5.011237e+00 | 7.675829e+00 |    Inf | unknown
 5928s|509400 |509401 | 56905k| 111.7 |  2153M | 113 | 302 | 201 | 429 |2927k|  1 |5473 |1143 |-5.011237e+00 | 7.675829e+00 |    Inf | unknown
 5936s|509500 |509501 | 56922k| 111.7 |  2154M | 113 | 302 | 201 | 417 |2928k|  3 |5475 |1143 |-5.011237e+00 | 7.675829e+00 |    Inf | unknown
 5937s|509600 |509601 | 56935k| 111.7 |  2154M | 113 | 302 | 201 | 362 |2928k|  4 |5479 |1143 |-5.011237e+00 | 7.675829e+00 |    Inf | unknown
 5937s|509700 |509701 | 56946k| 111.7 |  2154M | 113 | 302 | 201 | 380 |2929k|  2 |5485 |1143 |-5.011237e+00 | 7.675829e+00 |    Inf | unknown
 5938s|509800 |509801 | 56958k| 111.7 |  2155M | 113 | 302 | 201 | 456 |2929k|  3 |5489 |1143 |-5.011237e+00 | 7.675829e+00 |    Inf | unknown
 5943s|509900 |509901 | 56972k| 111.7 |  2155M | 113 | 302 | 201 | 369 |2930k|  2 |5493 |1143 |-5.011237e+00 | 7.675829e+00 |    Inf | unknown
 5943s|510000 |510001 | 56984k| 111.7 |  2155M | 113 | 302 | 201 | 417 |2930k|  2 |5499 |1143 |-5.011237e+00 | 7.675829e+00 |    Inf | unknown
 5969s|510100 |510101 | 56997k| 111.7 |  2155M | 113 | 302 | 201 | 371 |2931k|  1 |5504 |1143 |-5.011237e+00 | 7.675829e+00 |    Inf | unknown
 5970s|510200 |510201 | 57008k| 111.7 |  2155M | 113 | 302 | 201 | 421 |2931k|  4 |5507 |1143 |-5.011237e+00 | 7.675829e+00 |    Inf | unknown
 5971s|510300 |510301 | 57021k| 111.7 |  2156M | 113 | 302 | 201 | 382 |2932k|  4 |5510 |1143 |-5.011237e+00 | 7.675829e+00 |    Inf | unknown
 5972s|510400 |510401 | 57038k| 111.7 |  2157M | 113 | 302 | 201 | 429 |2932k|  2 |5514 |1143 |-5.011237e+00 | 7.675829e+00 |    Inf | unknown
 5973s|510500 |510501 | 57051k| 111.8 |  2159M | 113 | 302 | 201 | 384 |2933k|  2 |5517 |1143 |-5.011237e+00 | 7.675829e+00 |    Inf | unknown
 5973s|510600 |510601 | 57063k| 111.8 |  2159M | 113 | 302 | 201 | 393 |2933k|  1 |5520 |1143 |-5.011237e+00 | 7.675829e+00 |    Inf | unknown
 5974s|510700 |510701 | 57075k| 111.8 |  2159M | 113 | 302 | 201 | 419 |2934k|  1 |5523 |1143 |-5.011237e+00 | 7.675829e+00 |    Inf | unknown
 time | node  | left  |LP iter|LP it/n|mem/heur|mdpt |vars |cons |rows |cuts |sepa|confs|strbr|  dualbound   | primalbound  |  gap   | compl. 
 5975s|510800 |510801 | 57088k| 111.8 |  2159M | 113 | 302 | 201 | 326 |2934k|  2 |5528 |1143 |-5.011237e+00 | 7.675829e+00 |    Inf | unknown
 5976s|510900 |510901 | 57100k| 111.8 |  2159M | 113 | 302 | 201 | 425 |2935k|  1 |5533 |1143 |-5.011237e+00 | 7.675829e+00 |    Inf | unknown
 5983s|511000 |511001 | 57113k| 111.8 |  2159M | 113 | 302 | 201 | 410 |2935k|  4 |5537 |1143 |-5.011237e+00 | 7.675829e+00 |    Inf | unknown
 5984s|511100 |511101 | 57130k| 111.8 |  2160M | 113 | 302 | 201 | 457 |2936k|  2 |5540 |1143 |-5.011237e+00 | 7.675829e+00 |    Inf | unknown
 5985s|511200 |511201 | 57144k| 111.8 |  2162M | 113 | 302 | 201 | 389 |2936k|  2 |5545 |1143 |-5.011237e+00 | 7.675829e+00 |    Inf | unknown
 5985s|511300 |511301 | 57154k| 111.8 |  2163M | 113 | 302 | 201 | 378 |2937k|  2 |5550 |1143 |-5.011237e+00 | 7.675829e+00 |    Inf | unknown
 5986s|511400 |511401 | 57166k| 111.8 |  2164M | 113 | 302 | 201 | 391 |2937k|  2 |5553 |1143 |-5.011237e+00 | 7.675829e+00 |    Inf | unknown
 6011s|511500 |511501 | 57183k| 111.8 |  2164M | 113 | 302 | 201 | 413 |2938k|  2 |5555 |1143 |-5.011237e+00 | 7.675829e+00 |    Inf | unknown
 6012s|511600 |511601 | 57195k| 111.8 |  2165M | 113 | 302 | 201 | 392 |2939k|  2 |5557 |1143 |-5.011237e+00 | 7.675829e+00 |    Inf | unknown
 6012s|511700 |511701 | 57207k| 111.8 |  2166M | 113 | 302 | 201 | 366 |2939k|  4 |5558 |1143 |-5.011237e+00 | 7.675829e+00 |    Inf | unknown
 6014s|511800 |511801 | 57224k| 111.8 |  2166M | 113 | 302 | 201 | 368 |2940k|  3 |5560 |1143 |-5.011237e+00 | 7.675829e+00 |    Inf | unknown
 6014s|511900 |511901 | 57235k| 111.8 |  2166M | 113 | 302 | 201 | 381 |2940k|  3 |5564 |1143 |-5.011237e+00 | 7.675829e+00 |    Inf | unknown
 6015s|512000 |512001 | 57246k| 111.8 |  2166M | 113 | 302 | 201 | 447 |2941k|  2 |5568 |1143 |-5.011237e+00 | 7.675829e+00 |    Inf | unknown
 6016s|512100 |512101 | 57263k| 111.8 |  2167M | 113 | 302 | 201 | 400 |2941k|  2 |5571 |1143 |-5.011237e+00 | 7.675829e+00 |    Inf | unknown
 6017s|512200 |512201 | 57275k| 111.8 |  2168M | 113 | 302 | 201 | 429 |2942k|  2 |5574 |1143 |-5.011237e+00 | 7.675829e+00 |    Inf | unknown
 time | node  | left  |LP iter|LP it/n|mem/heur|mdpt |vars |cons |rows |cuts |sepa|confs|strbr|  dualbound   | primalbound  |  gap   | compl. 
 6022s|512300 |512301 | 57288k| 111.8 |  2169M | 113 | 302 | 201 | 361 |2942k|  2 |5579 |1143 |-5.011237e+00 | 7.675829e+00 |    Inf | unknown
 6023s|512400 |512401 | 57299k| 111.8 |  2170M | 113 | 302 | 201 | 378 |2943k|  2 |5579 |1143 |-5.011237e+00 | 7.675829e+00 |    Inf | unknown
 6024s|512500 |512501 | 57314k| 111.8 |  2170M | 113 | 302 | 201 | 396 |2943k|  4 |5585 |1143 |-5.011237e+00 | 7.675829e+00 |    Inf | unknown
 6030s|512600 |512601 | 57328k| 111.8 |  2170M | 113 | 302 | 201 | 409 |2944k|  2 |5592 |1143 |-5.011237e+00 | 7.675829e+00 |    Inf | unknown
 6031s|512700 |512701 | 57339k| 111.8 |  2171M | 113 | 302 | 201 | 375 |2944k|  2 |5597 |1143 |-5.011237e+00 | 7.675829e+00 |    Inf | unknown
 6032s|512800 |512801 | 57350k| 111.8 |  2171M | 113 | 302 | 201 | 378 |2944k|  1 |5602 |1143 |-5.011237e+00 | 7.675829e+00 |    Inf | unknown
 6033s|512900 |512901 | 57365k| 111.8 |  2171M | 113 | 302 | 201 | 326 |2945k|  1 |5606 |1143 |-5.011237e+00 | 7.675829e+00 |    Inf | unknown
 6061s|513000 |513001 | 57382k| 111.9 |  2171M | 113 | 302 | 201 | 348 |2946k|  2 |5611 |1143 |-5.011237e+00 | 7.675829e+00 |    Inf | unknown
 6062s|513100 |513101 | 57393k| 111.9 |  2173M | 113 | 302 | 201 | 466 |2946k|  1 |5612 |1143 |-5.011237e+00 | 7.675829e+00 |    Inf | unknown
 6062s|513200 |513201 | 57404k| 111.9 |  2173M | 113 | 302 | 201 | 356 |2946k|  3 |5615 |1143 |-5.011237e+00 | 7.675829e+00 |    Inf | unknown
 6063s|513300 |513301 | 57417k| 111.9 |  2173M | 113 | 302 | 201 | 385 |2947k|  3 |5619 |1143 |-5.011237e+00 | 7.675829e+00 |    Inf | unknown
 6064s|513400 |513401 | 57433k| 111.9 |  2173M | 113 | 302 | 201 | 402 |2948k|  1 |5622 |1143 |-5.011237e+00 | 7.675829e+00 |    Inf | unknown
 6065s|513500 |513501 | 57445k| 111.9 |  2173M | 113 | 302 | 201 | 375 |2948k|  1 |5626 |1143 |-5.011237e+00 | 7.675829e+00 |    Inf | unknown
 6066s|513600 |513601 | 57459k| 111.9 |  2173M | 113 | 302 | 201 | 369 |2949k|  2 |5630 |1143 |-5.011237e+00 | 7.675829e+00 |    Inf | unknown
 6067s|513700 |513701 | 57477k| 111.9 |  2174M | 113 | 302 | 201 | 414 |2949k|  2 |5632 |1143 |-5.011237e+00 | 7.675829e+00 |    Inf | unknown
 time | node  | left  |LP iter|LP it/n|mem/heur|mdpt |vars |cons |rows |cuts |sepa|confs|strbr|  dualbound   | primalbound  |  gap   | compl. 
 6073s|513800 |513801 | 57490k| 111.9 |  2175M | 113 | 302 | 201 | 439 |2950k|  1 |5642 |1143 |-5.011237e+00 | 7.675829e+00 |    Inf | unknown
 6073s|513900 |513901 | 57501k| 111.9 |  2175M | 113 | 302 | 201 | 465 |2950k|  1 |5644 |1143 |-5.011237e+00 | 7.675829e+00 |    Inf | unknown
 6074s|514000 |514001 | 57513k| 111.9 |  2176M | 113 | 302 | 201 | 417 |2951k|  4 |5646 |1143 |-5.011237e+00 | 7.675829e+00 |    Inf | unknown
 6101s|514100 |514101 | 57528k| 111.9 |  2177M | 113 | 302 | 201 | 349 |2951k|  2 |5649 |1143 |-5.011237e+00 | 7.675829e+00 |    Inf | unknown
 6101s|514200 |514201 | 57539k| 111.9 |  2178M | 113 | 302 | 201 | 427 |2952k|  2 |5653 |1143 |-5.011237e+00 | 7.675829e+00 |    Inf | unknown
 6102s|514300 |514301 | 57552k| 111.9 |  2178M | 113 | 302 | 201 | 409 |2952k|  3 |5657 |1143 |-5.011237e+00 | 7.675829e+00 |    Inf | unknown
 6103s|514400 |514401 | 57566k| 111.9 |  2178M | 113 | 302 | 201 | 401 |2953k|  4 |5661 |1143 |-5.011237e+00 | 7.675829e+00 |    Inf | unknown
 6104s|514500 |514501 | 57580k| 111.9 |  2178M | 113 | 302 | 201 | 390 |2953k|  2 |5665 |1143 |-5.011237e+00 | 7.675829e+00 |    Inf | unknown
 6105s|514600 |514601 | 57595k| 111.9 |  2178M | 113 | 302 | 201 | 389 |2954k|  2 |5669 |1143 |-5.011237e+00 | 7.675829e+00 |    Inf | unknown
 6106s|514700 |514701 | 57610k| 111.9 |  2181M | 113 | 302 | 201 | 389 |2955k|  1 |5672 |1143 |-5.011237e+00 | 7.675829e+00 |    Inf | unknown
 6114s|514800 |514801 | 57623k| 111.9 |  2181M | 113 | 302 | 201 | 376 |2955k|  1 |5675 |1143 |-5.011237e+00 | 7.675829e+00 |    Inf | unknown
 6114s|514900 |514901 | 57635k| 111.9 |  2182M | 113 | 302 | 201 | 396 |2956k|  2 |5679 |1143 |-5.011237e+00 | 7.675829e+00 |    Inf | unknown
 6115s|515000 |515001 | 57647k| 111.9 |  2183M | 113 | 302 | 201 | 369 |2956k|  2 |5683 |1143 |-5.011237e+00 | 7.675829e+00 |    Inf | unknown
 6116s|515100 |515101 | 57659k| 111.9 |  2183M | 113 | 302 | 201 | 396 |2957k|  2 |5689 |1143 |-5.011237e+00 | 7.675829e+00 |    Inf | unknown
 6121s|515200 |515201 | 57669k| 111.9 |  2184M | 113 | 302 | 201 | 463 |2958k|  3 |5692 |1143 |-5.011237e+00 | 7.675829e+00 |    Inf | unknown
 time | node  | left  |LP iter|LP it/n|mem/heur|mdpt |vars |cons |rows |cuts |sepa|confs|strbr|  dualbound   | primalbound  |  gap   | compl. 
 6122s|515300 |515301 | 57682k| 111.9 |  2184M | 113 | 302 | 201 | 370 |2958k|  3 |5696 |1143 |-5.011237e+00 | 7.675829e+00 |    Inf | unknown
 6148s|515400 |515401 | 57701k| 112.0 |  2184M | 113 | 302 | 201 | 364 |2959k|  2 |5698 |1143 |-5.011237e+00 | 7.675829e+00 |    Inf | unknown
 6149s|515500 |515501 | 57712k| 111.9 |  2184M | 113 | 302 | 201 | 435 |2959k|  2 |5702 |1143 |-5.011237e+00 | 7.675829e+00 |    Inf | unknown
 6149s|515600 |515601 | 57725k| 112.0 |  2185M | 113 | 302 | 201 | 342 |2960k|  2 |5707 |1143 |-5.011237e+00 | 7.675829e+00 |    Inf | unknown
 6150s|515700 |515701 | 57736k| 112.0 |  2186M | 113 | 302 | 201 | 432 |2960k|  2 |5712 |1143 |-5.011237e+00 | 7.675829e+00 |    Inf | unknown
 6151s|515800 |515801 | 57750k| 112.0 |  2187M | 113 | 302 | 201 | 409 |2961k|  2 |5714 |1143 |-5.011237e+00 | 7.675829e+00 |    Inf | unknown
 6152s|515900 |515901 | 57763k| 112.0 |  2187M | 113 | 302 | 201 | 332 |2961k|  2 |5722 |1143 |-5.011237e+00 | 7.675829e+00 |    Inf | unknown
 6153s|516000 |516001 | 57775k| 112.0 |  2187M | 113 | 302 | 201 | 344 |2962k|  2 |5728 |1143 |-5.011237e+00 | 7.675829e+00 |    Inf | unknown
 6153s|516100 |516101 | 57790k| 112.0 |  2187M | 113 | 302 | 201 | 392 |2962k|  1 |5730 |1143 |-5.011237e+00 | 7.675829e+00 |    Inf | unknown
 6154s|516200 |516201 | 57802k| 112.0 |  2187M | 113 | 302 | 201 | 370 |2963k|  2 |5733 |1143 |-5.011237e+00 | 7.675829e+00 |    Inf | unknown
 6160s|516300 |516301 | 57815k| 112.0 |  2188M | 113 | 302 | 201 | 412 |2964k|  2 |5737 |1143 |-5.011237e+00 | 7.675829e+00 |    Inf | unknown
 6161s|516400 |516401 | 57830k| 112.0 |  2188M | 113 | 302 | 201 | 420 |2964k|  2 |5740 |1143 |-5.011237e+00 | 7.675829e+00 |    Inf | unknown
 6162s|516500 |516501 | 57844k| 112.0 |  2188M | 113 | 302 | 201 | 355 |2965k|  2 |5746 |1143 |-5.011237e+00 | 7.675829e+00 |    Inf | unknown
 6187s|516600 |516601 | 57858k| 112.0 |  2190M | 113 | 302 | 201 | 355 |2966k|  2 |5750 |1143 |-5.011237e+00 | 7.675829e+00 |    Inf | unknown
 6188s|516700 |516701 | 57870k| 112.0 |  2190M | 113 | 302 | 201 | 397 |2966k|  4 |5751 |1143 |-5.011237e+00 | 7.675829e+00 |    Inf | unknown
 time | node  | left  |LP iter|LP it/n|mem/heur|mdpt |vars |cons |rows |cuts |sepa|confs|strbr|  dualbound   | primalbound  |  gap   | compl. 
 6189s|516800 |516801 | 57884k| 112.0 |  2191M | 113 | 302 | 201 | 332 |2967k|  2 |5755 |1143 |-5.011237e+00 | 7.675829e+00 |    Inf | unknown
 6189s|516900 |516901 | 57899k| 112.0 |  2191M | 113 | 302 | 201 | 362 |2967k|  2 |5760 |1143 |-5.011237e+00 | 7.675829e+00 |    Inf | unknown
 6190s|517000 |517001 | 57910k| 112.0 |  2193M | 113 | 302 | 201 | 386 |2968k|  2 |5764 |1143 |-5.011237e+00 | 7.675829e+00 |    Inf | unknown
 6191s|517100 |517101 | 57924k| 112.0 |  2193M | 113 | 302 | 201 | 435 |2968k|  1 |5767 |1143 |-5.011237e+00 | 7.675829e+00 |    Inf | unknown
 6192s|517200 |517201 | 57935k| 112.0 |  2193M | 113 | 302 | 201 | 352 |2969k|  2 |5768 |1143 |-5.011237e+00 | 7.675829e+00 |    Inf | unknown
 6192s|517300 |517301 | 57947k| 112.0 |  2193M | 113 | 302 | 201 | 423 |2969k|  2 |5771 |1143 |-5.011237e+00 | 7.675829e+00 |    Inf | unknown
 6200s|517400 |517401 | 57960k| 112.0 |  2194M | 113 | 302 | 201 | 373 |2970k|  2 |5776 |1143 |-5.011237e+00 | 7.675829e+00 |    Inf | unknown
 6201s|517500 |517501 | 57974k| 112.0 |  2195M | 113 | 302 | 201 | 397 |2971k|  3 |5779 |1143 |-5.011237e+00 | 7.675829e+00 |    Inf | unknown
 6202s|517600 |517601 | 57987k| 112.0 |  2196M | 113 | 302 | 201 | 368 |2971k|  2 |5780 |1143 |-5.011237e+00 | 7.675829e+00 |    Inf | unknown
 6208s|517700 |517701 | 57999k| 112.0 |  2196M | 113 | 302 | 201 | 350 |2972k|  2 |5785 |1143 |-5.011237e+00 | 7.675829e+00 |    Inf | unknown
 6208s|517800 |517801 | 58010k| 112.0 |  2196M | 113 | 302 | 201 | 383 |2972k|  2 |5789 |1143 |-5.011237e+00 | 7.675829e+00 |    Inf | unknown
 6209s|517900 |517901 | 58024k| 112.0 |  2196M | 113 | 302 | 201 | 357 |2973k|  1 |5797 |1143 |-5.011237e+00 | 7.675829e+00 |    Inf | unknown
 6238s|518000 |518001 | 58040k| 112.0 |  2196M | 113 | 302 | 201 | 385 |2973k|  1 |5800 |1143 |-5.011237e+00 | 7.675829e+00 |    Inf | unknown
 6239s|518100 |518101 | 58053k| 112.0 |  2196M | 113 | 302 | 201 | 418 |2974k|  2 |5803 |1143 |-5.011237e+00 | 7.675829e+00 |    Inf | unknown
 6240s|518200 |518201 | 58065k| 112.0 |  2198M | 113 | 302 | 201 | 409 |2975k|  1 |5804 |1143 |-5.011237e+00 | 7.675829e+00 |    Inf | unknown
 time | node  | left  |LP iter|LP it/n|mem/heur|mdpt |vars |cons |rows |cuts |sepa|confs|strbr|  dualbound   | primalbound  |  gap   | compl. 
 6241s|518300 |518301 | 58079k| 112.1 |  2200M | 113 | 302 | 201 | 361 |2975k|  2 |5806 |1143 |-5.011237e+00 | 7.675829e+00 |    Inf | unknown
 6242s|518400 |518401 | 58090k| 112.1 |  2200M | 113 | 302 | 201 | 414 |2975k|  2 |5812 |1143 |-5.011237e+00 | 7.675829e+00 |    Inf | unknown
 6242s|518500 |518501 | 58103k| 112.1 |  2200M | 113 | 302 | 201 | 415 |2976k|  2 |5818 |1143 |-5.011237e+00 | 7.675829e+00 |    Inf | unknown
 6243s|518600 |518601 | 58116k| 112.1 |  2200M | 113 | 302 | 201 | 385 |2977k|  2 |5825 |1143 |-5.011237e+00 | 7.675829e+00 |    Inf | unknown
 6244s|518700 |518701 | 58129k| 112.1 |  2201M | 113 | 302 | 201 | 415 |2977k|  2 |5826 |1143 |-5.011237e+00 | 7.675829e+00 |    Inf | unknown
 6245s|518800 |518801 | 58140k| 112.1 |  2201M | 113 | 302 | 201 | 388 |2978k|  2 |5831 |1143 |-5.011237e+00 | 7.675829e+00 |    Inf | unknown
 6262s|518900 |518901 | 58156k| 112.1 |  2201M | 113 | 302 | 201 | 397 |2978k|  1 |5835 |1143 |-5.011237e+00 | 7.675829e+00 |    Inf | unknown
 6263s|519000 |519001 | 58167k| 112.1 |  2202M | 113 | 302 | 201 | 385 |2979k|  4 |5842 |1143 |-5.011237e+00 | 7.675829e+00 |    Inf | unknown
 6264s|519100 |519101 | 58182k| 112.1 |  2202M | 113 | 302 | 201 | 395 |2979k|  2 |5845 |1143 |-5.011237e+00 | 7.675829e+00 |    Inf | unknown
 6265s|519200 |519201 | 58195k| 112.1 |  2203M | 113 | 302 | 201 | 384 |2980k|  4 |5849 |1143 |-5.011237e+00 | 7.675829e+00 |    Inf | unknown
 6266s|519300 |519301 | 58207k| 112.1 |  2203M | 113 | 302 | 201 | 378 |2980k|  2 |5854 |1143 |-5.011237e+00 | 7.675829e+00 |    Inf | unknown
 6266s|519400 |519401 | 58217k| 112.1 |  2203M | 113 | 302 | 201 | 397 |2981k|  4 |5859 |1143 |-5.011237e+00 | 7.675829e+00 |    Inf | unknown
 6295s|519500 |519501 | 58233k| 112.1 |  2203M | 113 | 302 | 201 | 415 |2981k|  2 |5862 |1143 |-5.011237e+00 | 7.675829e+00 |    Inf | unknown
 6296s|519600 |519601 | 58248k| 112.1 |  2203M | 113 | 302 | 201 | 420 |2982k|  2 |5865 |1143 |-5.011237e+00 | 7.675829e+00 |    Inf | unknown
 6297s|519700 |519701 | 58258k| 112.1 |  2204M | 113 | 302 | 201 | 439 |2982k|  2 |5870 |1143 |-5.011237e+00 | 7.675829e+00 |    Inf | unknown
 time | node  | left  |LP iter|LP it/n|mem/heur|mdpt |vars |cons |rows |cuts |sepa|confs|strbr|  dualbound   | primalbound  |  gap   | compl. 
 6298s|519800 |519801 | 58274k| 112.1 |  2205M | 113 | 302 | 201 | 353 |2983k|  4 |5874 |1143 |-5.011237e+00 | 7.675829e+00 |    Inf | unknown
 6299s|519900 |519901 | 58286k| 112.1 |  2205M | 113 | 302 | 201 | 358 |2983k|  2 |5879 |1143 |-5.011237e+00 | 7.675829e+00 |    Inf | unknown
 6299s|520000 |520001 | 58297k| 112.1 |  2206M | 113 | 302 | 201 | 370 |2984k|  2 |5882 |1143 |-5.011237e+00 | 7.675829e+00 |    Inf | unknown
 6300s|520100 |520101 | 58312k| 112.1 |  2207M | 113 | 302 | 201 | 356 |2984k|  2 |5886 |1143 |-5.011237e+00 | 7.675829e+00 |    Inf | unknown
 6301s|520200 |520201 | 58324k| 112.1 |  2207M | 113 | 302 | 201 | 397 |2985k|  1 |5889 |1143 |-5.011237e+00 | 7.675829e+00 |    Inf | unknown
 6302s|520300 |520301 | 58338k| 112.1 |  2207M | 113 | 302 | 201 | 464 |2985k|  3 |5897 |1143 |-5.011237e+00 | 7.675829e+00 |    Inf | unknown
 6310s|520400 |520401 | 58351k| 112.1 |  2207M | 113 | 302 | 201 | 390 |2986k|  1 |5900 |1143 |-5.011237e+00 | 7.675829e+00 |    Inf | unknown
 6311s|520500 |520501 | 58368k| 112.1 |  2208M | 113 | 302 | 201 | 349 |2986k|  2 |5903 |1143 |-5.011237e+00 | 7.675829e+00 |    Inf | unknown
 6312s|520600 |520601 | 58378k| 112.1 |  2208M | 113 | 302 | 201 | 412 |2987k|  2 |5904 |1143 |-5.011237e+00 | 7.675829e+00 |    Inf | unknown
 6313s|520700 |520701 | 58394k| 112.1 |  2208M | 113 | 302 | 201 | 399 |2987k|  1 |5907 |1143 |-5.011237e+00 | 7.675829e+00 |    Inf | unknown
 6318s|520800 |520801 | 58405k| 112.1 |  2208M | 113 | 302 | 201 | 391 |2988k|  4 |5913 |1143 |-5.011237e+00 | 7.675829e+00 |    Inf | unknown
 6319s|520900 |520901 | 58415k| 112.1 |  2208M | 113 | 302 | 201 | 403 |2988k|  4 |5914 |1143 |-5.011237e+00 | 7.675829e+00 |    Inf | unknown
 6319s|521000 |521001 | 58427k| 112.1 |  2209M | 113 | 302 | 201 | 340 |2989k|  4 |5917 |1143 |-5.011237e+00 | 7.675829e+00 |    Inf | unknown
 6349s|521100 |521101 | 58443k| 112.2 |  2210M | 113 | 302 | 201 | 369 |2989k|  3 |5920 |1143 |-5.011237e+00 | 7.675829e+00 |    Inf | unknown
 6350s|521200 |521201 | 58453k| 112.1 |  2211M | 113 | 302 | 201 | 433 |2990k|  1 |5926 |1143 |-5.011237e+00 | 7.675829e+00 |    Inf | unknown
 time | node  | left  |LP iter|LP it/n|mem/heur|mdpt |vars |cons |rows |cuts |sepa|confs|strbr|  dualbound   | primalbound  |  gap   | compl. 
 6351s|521300 |521301 | 58463k| 112.1 |  2211M | 113 | 302 | 201 | 372 |2990k|  2 |5928 |1143 |-5.011237e+00 | 7.675829e+00 |    Inf | unknown
 6351s|521400 |521401 | 58475k| 112.1 |  2212M | 113 | 302 | 201 | 366 |2991k|  2 |5930 |1143 |-5.011237e+00 | 7.675829e+00 |    Inf | unknown
 6353s|521500 |521501 | 58491k| 112.2 |  2212M | 113 | 302 | 201 | 400 |2991k|  2 |5934 |1143 |-5.011237e+00 | 7.675829e+00 |    Inf | unknown
 6353s|521600 |521601 | 58504k| 112.2 |  2212M | 113 | 302 | 201 | 403 |2992k|  2 |5940 |1143 |-5.011237e+00 | 7.675829e+00 |    Inf | unknown
 6354s|521700 |521701 | 58517k| 112.2 |  2212M | 113 | 302 | 201 | 400 |2992k|  1 |5945 |1143 |-5.011237e+00 | 7.675829e+00 |    Inf | unknown
 6355s|521800 |521801 | 58528k| 112.2 |  2212M | 113 | 302 | 201 | 382 |2993k|  2 |5949 |1143 |-5.011237e+00 | 7.675829e+00 |    Inf | unknown
 6360s|521900 |521901 | 58541k| 112.2 |  2212M | 113 | 302 | 201 | 443 |2993k|  1 |5953 |1143 |-5.011237e+00 | 7.675829e+00 |    Inf | unknown
 6361s|522000 |522001 | 58551k| 112.2 |  2213M | 113 | 302 | 201 | 450 |2994k|  2 |5956 |1143 |-5.011237e+00 | 7.675829e+00 |    Inf | unknown
 6361s|522100 |522101 | 58565k| 112.2 |  2213M | 113 | 302 | 201 | 476 |2994k|  2 |5959 |1143 |-5.011237e+00 | 7.675829e+00 |    Inf | unknown
 6388s|522200 |522201 | 58581k| 112.2 |  2214M | 113 | 302 | 201 | 363 |2995k|  1 |5965 |1143 |-5.011237e+00 | 7.675829e+00 |    Inf | unknown
 6388s|522300 |522301 | 58592k| 112.2 |  2214M | 113 | 302 | 201 | 485 |2995k|  3 |5970 |1143 |-5.011237e+00 | 7.675829e+00 |    Inf | unknown
 6389s|522400 |522401 | 58603k| 112.2 |  2216M | 113 | 302 | 201 | 397 |2996k|  2 |5975 |1143 |-5.011237e+00 | 7.675829e+00 |    Inf | unknown
 6390s|522500 |522501 | 58619k| 112.2 |  2216M | 113 | 302 | 201 | 364 |2996k|  2 |5978 |1143 |-5.011237e+00 | 7.675829e+00 |    Inf | unknown
 6391s|522600 |522601 | 58634k| 112.2 |  2217M | 113 | 302 | 201 | 445 |2997k|  4 |5982 |1143 |-5.011237e+00 | 7.675829e+00 |    Inf | unknown
 6392s|522700 |522701 | 58645k| 112.2 |  2217M | 113 | 302 | 201 | 454 |2997k|  3 |5986 |1143 |-5.011237e+00 | 7.675829e+00 |    Inf | unknown
 time | node  | left  |LP iter|LP it/n|mem/heur|mdpt |vars |cons |rows |cuts |sepa|confs|strbr|  dualbound   | primalbound  |  gap   | compl. 
 6393s|522800 |522801 | 58658k| 112.2 |  2217M | 113 | 302 | 201 | 364 |2998k|  1 |5990 |1143 |-5.011237e+00 | 7.675829e+00 |    Inf | unknown
 6393s|522900 |522901 | 58669k| 112.2 |  2218M | 113 | 302 | 201 | 368 |2998k|  2 |5992 |1143 |-5.011237e+00 | 7.675829e+00 |    Inf | unknown
 6394s|523000 |523001 | 58681k| 112.2 |  2218M | 113 | 302 | 201 | 450 |2999k|  2 |5997 |1143 |-5.011237e+00 | 7.675829e+00 |    Inf | unknown
 6395s|523100 |523101 | 58694k| 112.2 |  2218M | 113 | 302 | 201 | 355 |3000k|  5 |5999 |1143 |-5.011237e+00 | 7.675829e+00 |    Inf | unknown
 6402s|523200 |523201 | 58710k| 112.2 |  2218M | 113 | 302 | 201 | 446 |3000k|  2 |6001 |1143 |-5.011237e+00 | 7.675829e+00 |    Inf | unknown
 6403s|523300 |523301 | 58724k| 112.2 |  2218M | 113 | 302 | 201 | 398 |3001k|  2 |6004 |1143 |-5.011237e+00 | 7.675829e+00 |    Inf | unknown
 6410s|523400 |523401 | 58738k| 112.2 |  2218M | 113 | 302 | 201 | 402 |3001k|  3 |6009 |1143 |-5.011237e+00 | 7.675829e+00 |    Inf | unknown
 6410s|523500 |523501 | 58750k| 112.2 |  2218M | 113 | 302 | 201 | 421 |3002k|  2 |6012 |1143 |-5.011237e+00 | 7.675829e+00 |    Inf | unknown
 6411s|523600 |523601 | 58763k| 112.2 |  2218M | 113 | 302 | 201 | 402 |3003k|  2 |6014 |1143 |-5.011237e+00 | 7.675829e+00 |    Inf | unknown
 6435s|523700 |523701 | 58777k| 112.2 |  2219M | 113 | 302 | 201 | 425 |3003k|  2 |6017 |1143 |-5.011237e+00 | 7.675829e+00 |    Inf | unknown
 6436s|523800 |523801 | 58791k| 112.2 |  2220M | 113 | 302 | 201 | 384 |3004k|  2 |6021 |1143 |-5.011237e+00 | 7.675829e+00 |    Inf | unknown
 6436s|523900 |523901 | 58803k| 112.2 |  2220M | 113 | 302 | 201 | 424 |3004k|  2 |6024 |1143 |-5.011237e+00 | 7.675829e+00 |    Inf | unknown
 6437s|524000 |524001 | 58816k| 112.2 |  2220M | 113 | 302 | 201 | 412 |3005k|  2 |6028 |1143 |-5.011237e+00 | 7.675829e+00 |    Inf | unknown
 6438s|524100 |524101 | 58833k| 112.3 |  2220M | 113 | 302 | 201 | 429 |3005k|  4 |6032 |1143 |-5.011237e+00 | 7.675829e+00 |    Inf | unknown
 6439s|524200 |524201 | 58845k| 112.3 |  2221M | 113 | 302 | 201 | 466 |3006k|  1 |6036 |1143 |-5.011237e+00 | 7.675829e+00 |    Inf | unknown
 time | node  | left  |LP iter|LP it/n|mem/heur|mdpt |vars |cons |rows |cuts |sepa|confs|strbr|  dualbound   | primalbound  |  gap   | compl. 
 6440s|524300 |524301 | 58859k| 112.3 |  2222M | 113 | 302 | 201 | 358 |3007k|  4 |6041 |1143 |-5.011237e+00 | 7.675829e+00 |    Inf | unknown
 6441s|524400 |524401 | 58873k| 112.3 |  2223M | 113 | 302 | 201 | 371 |3007k|  1 |6043 |1143 |-5.011237e+00 | 7.675829e+00 |    Inf | unknown
 6447s|524500 |524501 | 58885k| 112.3 |  2225M | 113 | 302 | 201 | 483 |3008k|  4 |6045 |1143 |-5.011237e+00 | 7.675829e+00 |    Inf | unknown
 6448s|524600 |524601 | 58898k| 112.3 |  2225M | 113 | 302 | 195 | 354 |3008k|  2 |6047 |1143 |-5.011237e+00 | 7.675829e+00 |    Inf | unknown
 6449s|524700 |524701 | 58917k| 112.3 |  2225M | 113 | 302 | 193 | 390 |3009k|  2 |6053 |1143 |-5.011237e+00 | 7.675829e+00 |    Inf | unknown
 6478s|524800 |524801 | 58935k| 112.3 |  2226M | 113 | 302 | 194 | 379 |3010k|  1 |6059 |1143 |-5.011237e+00 | 7.675829e+00 |    Inf | unknown
 6479s|524900 |524901 | 58949k| 112.3 |  2226M | 113 | 302 | 196 | 377 |3010k|  4 |6063 |1143 |-5.011237e+00 | 7.675829e+00 |    Inf | unknown
 6480s|525000 |525001 | 58960k| 112.3 |  2226M | 113 | 302 | 196 | 384 |3011k|  2 |6067 |1143 |-5.011237e+00 | 7.675829e+00 |    Inf | unknown
 6480s|525100 |525101 | 58971k| 112.3 |  2226M | 113 | 302 | 195 | 438 |3011k|  4 |6072 |1143 |-5.011237e+00 | 7.675829e+00 |    Inf | unknown
 6481s|525200 |525201 | 58985k| 112.3 |  2228M | 113 | 302 | 201 | 409 |3012k|  4 |6079 |1143 |-5.011237e+00 | 7.675829e+00 |    Inf | unknown
 6482s|525300 |525301 | 58995k| 112.3 |  2231M | 113 | 302 | 201 | 460 |3012k|  4 |6085 |1143 |-5.011237e+00 | 7.675829e+00 |    Inf | unknown
 6482s|525400 |525401 | 59007k| 112.3 |  2231M | 113 | 302 | 201 | 368 |3013k|  2 |6086 |1143 |-5.011237e+00 | 7.675829e+00 |    Inf | unknown
 6483s|525500 |525501 | 59023k| 112.3 |  2231M | 113 | 302 | 201 | 403 |3013k|  2 |6094 |1143 |-5.011237e+00 | 7.675829e+00 |    Inf | unknown
 6484s|525600 |525601 | 59038k| 112.3 |  2231M | 113 | 302 | 201 | 444 |3014k|  2 |6096 |1143 |-5.011237e+00 | 7.675829e+00 |    Inf | unknown
 6485s|525700 |525701 | 59051k| 112.3 |  2231M | 113 | 302 | 201 | 454 |3014k|  3 |6103 |1143 |-5.011237e+00 | 7.675829e+00 |    Inf | unknown
 time | node  | left  |LP iter|LP it/n|mem/heur|mdpt |vars |cons |rows |cuts |sepa|confs|strbr|  dualbound   | primalbound  |  gap   | compl. 
 6492s|525800 |525801 | 59066k| 112.3 |  2231M | 113 | 302 | 201 | 360 |3015k|  2 |6109 |1143 |-5.011237e+00 | 7.675829e+00 |    Inf | unknown
 6492s|525900 |525901 | 59079k| 112.3 |  2232M | 113 | 302 | 201 | 409 |3016k|  2 |6113 |1143 |-5.011237e+00 | 7.675829e+00 |    Inf | unknown
 6499s|526000 |526001 | 59090k| 112.3 |  2233M | 113 | 302 | 201 | 402 |3016k|  1 |6117 |1143 |-5.011237e+00 | 7.675829e+00 |    Inf | unknown
 6500s|526100 |526101 | 59103k| 112.3 |  2234M | 113 | 302 | 201 | 372 |3017k|  2 |6124 |1143 |-5.011237e+00 | 7.675829e+00 |    Inf | unknown
 6501s|526200 |526201 | 59117k| 112.3 |  2234M | 113 | 302 | 201 | 412 |3017k|  4 |6130 |1143 |-5.011237e+00 | 7.675829e+00 |    Inf | unknown
 6528s|526300 |526301 | 59135k| 112.4 |  2234M | 113 | 302 | 201 | 423 |3018k|  3 |6135 |1143 |-5.011237e+00 | 7.675829e+00 |    Inf | unknown
 6529s|526400 |526401 | 59151k| 112.4 |  2234M | 113 | 302 | 201 | 391 |3018k|  2 |6137 |1143 |-5.011237e+00 | 7.675829e+00 |    Inf | unknown
 6529s|526500 |526501 | 59162k| 112.4 |  2234M | 113 | 302 | 201 | 382 |3019k|  2 |6140 |1143 |-5.011237e+00 | 7.675829e+00 |    Inf | unknown
 6530s|526600 |526601 | 59174k| 112.4 |  2235M | 113 | 302 | 201 | 429 |3020k|  2 |6142 |1143 |-5.011237e+00 | 7.675829e+00 |    Inf | unknown
 6531s|526700 |526701 | 59186k| 112.4 |  2235M | 113 | 302 | 201 | 475 |3020k|  3 |6151 |1143 |-5.011237e+00 | 7.675829e+00 |    Inf | unknown
 6532s|526800 |526801 | 59201k| 112.4 |  2235M | 113 | 302 | 201 | 438 |3021k|  2 |6158 |1143 |-5.011237e+00 | 7.675829e+00 |    Inf | unknown
 6533s|526900 |526901 | 59214k| 112.4 |  2236M | 113 | 302 | 201 | 424 |3022k|  2 |6163 |1143 |-5.011237e+00 | 7.675829e+00 |    Inf | unknown
 6538s|527000 |527001 | 59228k| 112.4 |  2236M | 113 | 302 | 201 | 368 |3022k|  2 |6168 |1143 |-5.011237e+00 | 7.675829e+00 |    Inf | unknown
 6538s|527100 |527101 | 59240k| 112.4 |  2236M | 113 | 302 | 201 | 439 |3023k|  3 |6173 |1143 |-5.011237e+00 | 7.675829e+00 |    Inf | unknown
 6539s|527200 |527201 | 59253k| 112.4 |  2237M | 113 | 302 | 201 | 385 |3023k|  3 |6176 |1143 |-5.011237e+00 | 7.675829e+00 |    Inf | unknown
 time | node  | left  |LP iter|LP it/n|mem/heur|mdpt |vars |cons |rows |cuts |sepa|confs|strbr|  dualbound   | primalbound  |  gap   | compl. 
 6562s|527300 |527301 | 59271k| 112.4 |  2237M | 113 | 302 | 201 | 376 |3024k|  2 |6179 |1143 |-5.011237e+00 | 7.675829e+00 |    Inf | unknown
 6563s|527400 |527401 | 59289k| 112.4 |  2237M | 113 | 302 | 201 | 390 |3025k|  3 |6183 |1143 |-5.011237e+00 | 7.675829e+00 |    Inf | unknown
 6564s|527500 |527501 | 59301k| 112.4 |  2237M | 113 | 302 | 201 | 429 |3025k|  2 |6187 |1143 |-5.011237e+00 | 7.675829e+00 |    Inf | unknown
 6564s|527600 |527601 | 59314k| 112.4 |  2238M | 113 | 302 | 201 | 340 |3026k|  2 |6193 |1143 |-5.011237e+00 | 7.675829e+00 |    Inf | unknown
 6565s|527700 |527701 | 59328k| 112.4 |  2240M | 113 | 302 | 201 | 425 |3027k|  1 |6197 |1143 |-5.011237e+00 | 7.675829e+00 |    Inf | unknown
 6566s|527800 |527801 | 59341k| 112.4 |  2241M | 113 | 302 | 201 | 469 |3027k|  2 |6200 |1143 |-5.011237e+00 | 7.675829e+00 |    Inf | unknown
 6567s|527900 |527901 | 59356k| 112.4 |  2242M | 113 | 302 | 201 | 380 |3028k|  2 |6203 |1143 |-5.011237e+00 | 7.675829e+00 |    Inf | unknown
 6574s|528000 |528001 | 59372k| 112.4 |  2242M | 113 | 302 | 201 | 433 |3028k|  4 |6209 |1143 |-5.011237e+00 | 7.675829e+00 |    Inf | unknown
 6575s|528100 |528101 | 59384k| 112.4 |  2243M | 113 | 302 | 201 | 463 |3029k|  2 |6216 |1143 |-5.011237e+00 | 7.675829e+00 |    Inf | unknown
 6576s|528200 |528201 | 59401k| 112.5 |  2244M | 113 | 302 | 201 | 353 |3030k|  4 |6221 |1143 |-5.011237e+00 | 7.675829e+00 |    Inf | unknown
 6583s|528300 |528301 | 59413k| 112.5 |  2245M | 113 | 302 | 201 | 418 |3030k|  3 |6229 |1143 |-5.011237e+00 | 7.675829e+00 |    Inf | unknown
 6584s|528400 |528401 | 59425k| 112.5 |  2245M | 113 | 302 | 201 | 396 |3031k|  2 |6232 |1143 |-5.011237e+00 | 7.675829e+00 |    Inf | unknown
 6584s|528500 |528501 | 59438k| 112.5 |  2247M | 113 | 302 | 201 | 427 |3031k|  5 |6237 |1143 |-5.011237e+00 | 7.675829e+00 |    Inf | unknown
 6611s|528600 |528601 | 59459k| 112.5 |  2248M | 113 | 302 | 201 | 427 |3032k|  2 |6239 |1143 |-5.011237e+00 | 7.675829e+00 |    Inf | unknown
 6612s|528700 |528701 | 59470k| 112.5 |  2248M | 113 | 302 | 201 | 434 |3032k|  2 |6246 |1143 |-5.011237e+00 | 7.675829e+00 |    Inf | unknown
 time | node  | left  |LP iter|LP it/n|mem/heur|mdpt |vars |cons |rows |cuts |sepa|confs|strbr|  dualbound   | primalbound  |  gap   | compl. 
 6613s|528800 |528801 | 59482k| 112.5 |  2248M | 113 | 302 | 201 | 368 |3033k|  4 |6250 |1143 |-5.011237e+00 | 7.675829e+00 |    Inf | unknown
 6613s|528900 |528901 | 59492k| 112.5 |  2248M | 113 | 302 | 201 | 468 |3033k|  2 |6255 |1143 |-5.011237e+00 | 7.675829e+00 |    Inf | unknown
 6614s|529000 |529001 | 59505k| 112.5 |  2248M | 113 | 302 | 201 | 423 |3034k|  4 |6255 |1143 |-5.011237e+00 | 7.675829e+00 |    Inf | unknown
 6615s|529100 |529101 | 59518k| 112.5 |  2248M | 113 | 302 | 201 | 388 |3035k|  2 |6259 |1143 |-5.011237e+00 | 7.675829e+00 |    Inf | unknown
 6616s|529200 |529201 | 59535k| 112.5 |  2249M | 113 | 302 | 201 | 398 |3035k|  4 |6263 |1143 |-5.011237e+00 | 7.675829e+00 |    Inf | unknown
 6616s|529300 |529301 | 59546k| 112.5 |  2249M | 113 | 302 | 201 | 441 |3036k|  2 |6266 |1143 |-5.011237e+00 | 7.675829e+00 |    Inf | unknown
 6623s|529400 |529401 | 59560k| 112.5 |  2250M | 113 | 302 | 201 | 346 |3036k|  4 |6269 |1143 |-5.011237e+00 | 7.675829e+00 |    Inf | unknown
 6623s|529500 |529501 | 59570k| 112.5 |  2250M | 113 | 302 | 201 | 379 |3037k|  2 |6272 |1143 |-5.011237e+00 | 7.675829e+00 |    Inf | unknown
 6624s|529600 |529601 | 59587k| 112.5 |  2250M | 113 | 302 | 201 | 404 |3037k|  4 |6276 |1143 |-5.011237e+00 | 7.675829e+00 |    Inf | unknown
 6626s|529700 |529701 | 59607k| 112.5 |  2252M | 113 | 302 | 200 | 396 |3038k|  1 |6281 |1143 |-5.011237e+00 | 7.675829e+00 |    Inf | unknown
 6652s|529800 |529801 | 59621k| 112.5 |  2253M | 113 | 302 | 196 | 395 |3039k|  2 |6283 |1143 |-5.011237e+00 | 7.675829e+00 |    Inf | unknown
 6652s|529900 |529901 | 59631k| 112.5 |  2253M | 113 | 302 | 196 | 459 |3039k|  2 |6287 |1143 |-5.011237e+00 | 7.675829e+00 |    Inf | unknown
 6653s|530000 |530001 | 59647k| 112.5 |  2253M | 113 | 302 | 190 | 396 |3040k|  2 |6292 |1143 |-5.011237e+00 | 7.675829e+00 |    Inf | unknown
 6654s|530100 |530101 | 59658k| 112.5 |  2253M | 113 | 302 | 190 | 351 |3040k|  2 |6297 |1143 |-5.011237e+00 | 7.675829e+00 |    Inf | unknown
 6655s|530200 |530201 | 59673k| 112.5 |  2255M | 113 | 302 | 189 | 433 |3041k|  2 |6299 |1143 |-5.011237e+00 | 7.675829e+00 |    Inf | unknown
 time | node  | left  |LP iter|LP it/n|mem/heur|mdpt |vars |cons |rows |cuts |sepa|confs|strbr|  dualbound   | primalbound  |  gap   | compl. 
 6656s|530300 |530301 | 59686k| 112.5 |  2255M | 113 | 302 | 191 | 365 |3041k|  2 |6303 |1143 |-5.011237e+00 | 7.675829e+00 |    Inf | unknown
 6656s|530400 |530401 | 59697k| 112.5 |  2255M | 113 | 302 | 189 | 470 |3042k|  2 |6306 |1143 |-5.011237e+00 | 7.675829e+00 |    Inf | unknown
 6657s|530500 |530501 | 59709k| 112.5 |  2255M | 113 | 302 | 188 | 388 |3042k|  2 |6308 |1143 |-5.011237e+00 | 7.675829e+00 |    Inf | unknown
 6665s|530600 |530601 | 59725k| 112.6 |  2256M | 113 | 302 | 186 | 387 |3043k|  1 |6312 |1143 |-5.011237e+00 | 7.675829e+00 |    Inf | unknown
 6666s|530700 |530701 | 59737k| 112.6 |  2256M | 113 | 302 | 184 | 416 |3044k|  2 |6315 |1143 |-5.011237e+00 | 7.675829e+00 |    Inf | unknown
 6666s|530800 |530801 | 59750k| 112.6 |  2256M | 113 | 302 | 181 | 462 |3044k|  3 |6317 |1143 |-5.011237e+00 | 7.675829e+00 |    Inf | unknown
 6667s|530900 |530901 | 59765k| 112.6 |  2256M | 113 | 302 | 181 | 339 |3045k|  2 |6321 |1143 |-5.011237e+00 | 7.675829e+00 |    Inf | unknown
 6672s|531000 |531001 | 59777k| 112.6 |  2257M | 113 | 302 | 181 | 417 |3045k|  2 |6325 |1143 |-5.011237e+00 | 7.675829e+00 |    Inf | unknown
 6705s|531100 |531101 | 59792k| 112.6 |  2257M | 113 | 302 | 180 | 379 |3046k|  2 |6327 |1143 |-5.011237e+00 | 7.675829e+00 |    Inf | unknown
 6706s|531200 |531201 | 59809k| 112.6 |  2258M | 113 | 302 | 179 | 336 |3047k|  3 |6332 |1143 |-5.011237e+00 | 7.675829e+00 |    Inf | unknown
 6707s|531300 |531301 | 59823k| 112.6 |  2258M | 113 | 302 | 180 | 425 |3047k|  3 |6337 |1143 |-5.011237e+00 | 7.675829e+00 |    Inf | unknown
 6707s|531400 |531401 | 59836k| 112.6 |  2258M | 113 | 302 | 181 | 396 |3048k|  2 |6341 |1143 |-5.011237e+00 | 7.675829e+00 |    Inf | unknown
 6708s|531500 |531501 | 59847k| 112.6 |  2258M | 113 | 302 | 184 | 396 |3048k|  2 |6345 |1143 |-5.011237e+00 | 7.675829e+00 |    Inf | unknown
 6709s|531600 |531601 | 59859k| 112.6 |  2259M | 113 | 302 | 184 | 406 |3049k|  4 |6350 |1143 |-5.011237e+00 | 7.675829e+00 |    Inf | unknown
 6710s|531700 |531701 | 59873k| 112.6 |  2259M | 113 | 302 | 185 | 405 |3049k|  2 |6353 |1143 |-5.011237e+00 | 7.675829e+00 |    Inf | unknown
 time | node  | left  |LP iter|LP it/n|mem/heur|mdpt |vars |cons |rows |cuts |sepa|confs|strbr|  dualbound   | primalbound  |  gap   | compl. 
 6711s|531800 |531801 | 59884k| 112.6 |  2260M | 113 | 302 | 185 | 381 |3050k|  3 |6357 |1143 |-5.011237e+00 | 7.675829e+00 |    Inf | unknown
 6711s|531900 |531901 | 59895k| 112.6 |  2261M | 113 | 302 | 187 | 421 |3050k|  2 |6362 |1143 |-5.011237e+00 | 7.675829e+00 |    Inf | unknown
 6712s|532000 |532001 | 59909k| 112.6 |  2262M | 113 | 302 | 185 | 437 |3051k|  2 |6365 |1143 |-5.011237e+00 | 7.675829e+00 |    Inf | unknown
 6717s|532100 |532101 | 59924k| 112.6 |  2262M | 113 | 302 | 186 | 373 |3052k|  2 |6369 |1143 |-5.011237e+00 | 7.675829e+00 |    Inf | unknown
 6717s|532200 |532201 | 59935k| 112.6 |  2262M | 113 | 302 | 191 | 402 |3052k|  2 |6374 |1143 |-5.011237e+00 | 7.675829e+00 |    Inf | unknown
 6718s|532300 |532301 | 59948k| 112.6 |  2263M | 113 | 302 | 189 | 457 |3053k|  2 |6378 |1143 |-5.011237e+00 | 7.675829e+00 |    Inf | unknown
 6746s|532400 |532401 | 59965k| 112.6 |  2263M | 113 | 302 | 188 | 385 |3053k|  4 |6383 |1143 |-5.011237e+00 | 7.675829e+00 |    Inf | unknown
 6747s|532500 |532501 | 59979k| 112.6 |  2263M | 113 | 302 | 184 | 416 |3054k|  2 |6385 |1143 |-5.011237e+00 | 7.675829e+00 |    Inf | unknown
 6748s|532600 |532601 | 59992k| 112.6 |  2263M | 113 | 302 | 182 | 381 |3054k|  2 |6391 |1143 |-5.011237e+00 | 7.675829e+00 |    Inf | unknown
 6749s|532700 |532701 | 60006k| 112.6 |  2266M | 113 | 302 | 181 | 320 |3055k|  1 |6396 |1143 |-5.011237e+00 | 7.675829e+00 |    Inf | unknown
 6750s|532800 |532801 | 60019k| 112.6 |  2266M | 113 | 302 | 183 | 427 |3055k|  3 |6399 |1143 |-5.011237e+00 | 7.675829e+00 |    Inf | unknown
 6750s|532900 |532901 | 60029k| 112.6 |  2266M | 113 | 302 | 184 | 362 |3056k|  1 |6403 |1143 |-5.011237e+00 | 7.675829e+00 |    Inf | unknown
 6751s|533000 |533001 | 60044k| 112.6 |  2267M | 113 | 302 | 180 | 376 |3056k|  2 |6406 |1143 |-5.011237e+00 | 7.675829e+00 |    Inf | unknown
 6752s|533100 |533101 | 60058k| 112.7 |  2268M | 113 | 302 | 181 | 373 |3057k|  2 |6410 |1143 |-5.011237e+00 | 7.675829e+00 |    Inf | unknown
 6759s|533200 |533201 | 60071k| 112.7 |  2268M | 113 | 302 | 181 | 418 |3058k|  3 |6414 |1143 |-5.011237e+00 | 7.675829e+00 |    Inf | unknown
 time | node  | left  |LP iter|LP it/n|mem/heur|mdpt |vars |cons |rows |cuts |sepa|confs|strbr|  dualbound   | primalbound  |  gap   | compl. 
 6760s|533300 |533301 | 60085k| 112.7 |  2270M | 113 | 302 | 180 | 370 |3058k|  2 |6418 |1143 |-5.011237e+00 | 7.675829e+00 |    Inf | unknown
 6761s|533400 |533401 | 60098k| 112.7 |  2270M | 113 | 302 | 180 | 458 |3059k|  4 |6425 |1143 |-5.011237e+00 | 7.675829e+00 |    Inf | unknown
 6766s|533500 |533501 | 60111k| 112.7 |  2270M | 113 | 302 | 179 | 392 |3059k|  2 |6430 |1143 |-5.011237e+00 | 7.675829e+00 |    Inf | unknown
 6767s|533600 |533601 | 60122k| 112.7 |  2272M | 113 | 302 | 176 | 370 |3060k|  4 |6432 |1143 |-5.011237e+00 | 7.675829e+00 |    Inf | unknown
 6767s|533700 |533701 | 60134k| 112.7 |  2273M | 113 | 302 | 177 | 401 |3060k|  1 |6434 |1143 |-5.011237e+00 | 7.675829e+00 |    Inf | unknown
 6794s|533800 |533801 | 60151k| 112.7 |  2274M | 113 | 302 | 173 | 404 |3061k|  2 |6437 |1143 |-5.011237e+00 | 7.675829e+00 |    Inf | unknown
 6795s|533900 |533901 | 60163k| 112.7 |  2274M | 113 | 302 | 171 | 430 |3061k|  2 |6441 |1143 |-5.011237e+00 | 7.675829e+00 |    Inf | unknown
 6796s|534000 |534001 | 60178k| 112.7 |  2274M | 113 | 302 | 175 | 420 |3062k|  2 |6447 |1143 |-5.011237e+00 | 7.675829e+00 |    Inf | unknown
 6797s|534100 |534101 | 60191k| 112.7 |  2274M | 113 | 302 | 169 | 392 |3062k|  2 |6448 |1143 |-5.011237e+00 | 7.675829e+00 |    Inf | unknown
 6797s|534200 |534201 | 60205k| 112.7 |  2274M | 113 | 302 | 171 | 378 |3063k|  4 |6452 |1143 |-5.011237e+00 | 7.675829e+00 |    Inf | unknown
 6798s|534300 |534301 | 60218k| 112.7 |  2274M | 113 | 302 | 172 | 390 |3063k|  1 |6455 |1143 |-5.011237e+00 | 7.675829e+00 |    Inf | unknown
 6799s|534400 |534401 | 60232k| 112.7 |  2274M | 113 | 302 | 172 | 398 |3064k|  2 |6458 |1143 |-5.011237e+00 | 7.675829e+00 |    Inf | unknown
 6800s|534500 |534501 | 60246k| 112.7 |  2277M | 113 | 302 | 165 | 364 |3064k|  2 |6459 |1143 |-5.011237e+00 | 7.675829e+00 |    Inf | unknown
 6805s|534600 |534601 | 60259k| 112.7 |  2277M | 113 | 302 | 168 | 396 |3065k|  5 |6463 |1143 |-5.011237e+00 | 7.675829e+00 |    Inf | unknown
 6806s|534700 |534701 | 60271k| 112.7 |  2277M | 113 | 302 | 168 | 435 |3065k|  3 |6467 |1143 |-5.011237e+00 | 7.675829e+00 |    Inf | unknown
 time | node  | left  |LP iter|LP it/n|mem/heur|mdpt |vars |cons |rows |cuts |sepa|confs|strbr|  dualbound   | primalbound  |  gap   | compl. 
 6807s|534800 |534801 | 60285k| 112.7 |  2278M | 113 | 302 | 165 | 435 |3066k|  2 |6472 |1143 |-5.011237e+00 | 7.675829e+00 |    Inf | unknown
 6808s|534900 |534901 | 60298k| 112.7 |  2278M | 113 | 302 | 161 | 445 |3066k|  2 |6473 |1143 |-5.011237e+00 | 7.675829e+00 |    Inf | unknown
 6835s|535000 |535001 | 60313k| 112.7 |  2278M | 113 | 302 | 162 | 394 |3067k|  2 |6477 |1143 |-5.011237e+00 | 7.675829e+00 |    Inf | unknown
 6836s|535100 |535101 | 60325k| 112.7 |  2278M | 113 | 302 | 160 | 362 |3067k|  4 |6479 |1143 |-5.011237e+00 | 7.675829e+00 |    Inf | unknown
 6837s|535200 |535201 | 60338k| 112.7 |  2278M | 113 | 302 | 156 | 393 |3068k|  4 |6482 |1143 |-5.011237e+00 | 7.675829e+00 |    Inf | unknown
 6838s|535300 |535301 | 60351k| 112.7 |  2278M | 113 | 302 | 156 | 421 |3068k|  3 |6486 |1143 |-5.011237e+00 | 7.675829e+00 |    Inf | unknown
 6839s|535400 |535401 | 60363k| 112.7 |  2278M | 113 | 302 | 158 | 422 |3069k|  1 |6492 |1143 |-5.011237e+00 | 7.675829e+00 |    Inf | unknown
 6839s|535500 |535501 | 60375k| 112.7 |  2280M | 113 | 302 | 156 | 443 |3069k|  2 |6493 |1143 |-5.011237e+00 | 7.675829e+00 |    Inf | unknown
 6840s|535600 |535601 | 60387k| 112.7 |  2280M | 113 | 302 | 156 | 462 |3070k|  2 |6495 |1143 |-5.011237e+00 | 7.675829e+00 |    Inf | unknown
 6848s|535700 |535701 | 60400k| 112.7 |  2282M | 113 | 302 | 157 | 370 |3070k|  2 |6499 |1143 |-5.011237e+00 | 7.675829e+00 |    Inf | unknown
 6849s|535800 |535801 | 60411k| 112.7 |  2282M | 113 | 302 | 157 | 359 |3071k|  1 |6502 |1143 |-5.011237e+00 | 7.675829e+00 |    Inf | unknown
 6850s|535900 |535901 | 60426k| 112.8 |  2283M | 113 | 302 | 153 | 460 |3071k|  2 |6503 |1143 |-5.011237e+00 | 7.675829e+00 |    Inf | unknown
 6855s|536000 |536001 | 60442k| 112.8 |  2283M | 113 | 302 | 151 | 350 |3072k|  5 |6508 |1143 |-5.011237e+00 | 7.675829e+00 |    Inf | unknown
 6856s|536100 |536101 | 60453k| 112.8 |  2283M | 113 | 302 | 154 | 338 |3072k|  1 |6514 |1143 |-5.011237e+00 | 7.675829e+00 |    Inf | unknown
 6856s|536200 |536201 | 60464k| 112.8 |  2284M | 113 | 302 | 155 | 435 |3073k|  4 |6517 |1143 |-5.011237e+00 | 7.675829e+00 |    Inf | unknown
 time | node  | left  |LP iter|LP it/n|mem/heur|mdpt |vars |cons |rows |cuts |sepa|confs|strbr|  dualbound   | primalbound  |  gap   | compl. 
 6887s|536300 |536301 | 60478k| 112.8 |  2284M | 113 | 302 | 162 | 404 |3073k|  3 |6525 |1143 |-5.011237e+00 | 7.675829e+00 |    Inf | unknown
 6887s|536400 |536401 | 60492k| 112.8 |  2286M | 113 | 302 | 161 | 384 |3074k|  2 |6528 |1143 |-5.011237e+00 | 7.675829e+00 |    Inf | unknown
 6888s|536500 |536501 | 60503k| 112.8 |  2286M | 113 | 302 | 164 | 418 |3074k|  1 |6531 |1143 |-5.011237e+00 | 7.675829e+00 |    Inf | unknown
 6889s|536600 |536601 | 60518k| 112.8 |  2286M | 113 | 302 | 157 | 440 |3075k|  3 |6537 |1143 |-5.011237e+00 | 7.675829e+00 |    Inf | unknown
 6890s|536700 |536701 | 60533k| 112.8 |  2286M | 113 | 302 | 157 | 462 |3075k|  2 |6538 |1143 |-5.011237e+00 | 7.675829e+00 |    Inf | unknown
 6891s|536800 |536801 | 60544k| 112.8 |  2286M | 113 | 302 | 159 | 439 |3076k|  2 |6541 |1143 |-5.011237e+00 | 7.675829e+00 |    Inf | unknown
 6891s|536900 |536901 | 60554k| 112.8 |  2287M | 113 | 302 | 159 | 397 |3076k|  4 |6542 |1143 |-5.011237e+00 | 7.675829e+00 |    Inf | unknown
 6892s|537000 |537001 | 60565k| 112.8 |  2288M | 113 | 302 | 159 | 376 |3077k|  2 |6548 |1143 |-5.011237e+00 | 7.675829e+00 |    Inf | unknown
 6893s|537100 |537101 | 60578k| 112.8 |  2288M | 113 | 302 | 159 | 451 |3077k|  1 |6549 |1143 |-5.011237e+00 | 7.675829e+00 |    Inf | unknown
 6899s|537200 |537201 | 60592k| 112.8 |  2288M | 113 | 302 | 162 | 443 |3078k|  3 |6554 |1143 |-5.011237e+00 | 7.675829e+00 |    Inf | unknown
 6900s|537300 |537301 | 60604k| 112.8 |  2288M | 113 | 302 | 159 | 377 |3078k|  1 |6559 |1143 |-5.011237e+00 | 7.675829e+00 |    Inf | unknown
 6901s|537400 |537401 | 60619k| 112.8 |  2289M | 113 | 302 | 159 | 424 |3079k|  3 |6565 |1143 |-5.011237e+00 | 7.675829e+00 |    Inf | unknown
 6901s|537500 |537501 | 60631k| 112.8 |  2289M | 113 | 302 | 158 | 419 |3079k|  3 |6570 |1143 |-5.011237e+00 | 7.675829e+00 |    Inf | unknown
 6927s|537600 |537601 | 60649k| 112.8 |  2289M | 113 | 302 | 155 | 467 |3080k|  2 |6574 |1143 |-5.011237e+00 | 7.675829e+00 |    Inf | unknown
 6928s|537700 |537701 | 60660k| 112.8 |  2290M | 113 | 302 | 156 | 496 |3080k|  2 |6578 |1143 |-5.011237e+00 | 7.675829e+00 |    Inf | unknown
 time | node  | left  |LP iter|LP it/n|mem/heur|mdpt |vars |cons |rows |cuts |sepa|confs|strbr|  dualbound   | primalbound  |  gap   | compl. 
 6929s|537800 |537801 | 60674k| 112.8 |  2291M | 113 | 302 | 158 | 430 |3081k|  1 |6583 |1143 |-5.011237e+00 | 7.675829e+00 |    Inf | unknown
 6930s|537900 |537901 | 60686k| 112.8 |  2292M | 113 | 302 | 159 | 392 |3081k|  1 |6587 |1143 |-5.011237e+00 | 7.675829e+00 |    Inf | unknown
 6930s|538000 |538001 | 60697k| 112.8 |  2292M | 113 | 302 | 158 | 396 |3082k|  2 |6589 |1143 |-5.011237e+00 | 7.675829e+00 |    Inf | unknown
 6931s|538100 |538101 | 60709k| 112.8 |  2292M | 113 | 302 | 162 | 467 |3082k|  2 |6595 |1143 |-5.011237e+00 | 7.675829e+00 |    Inf | unknown
 6932s|538200 |538201 | 60722k| 112.8 |  2292M | 113 | 302 | 164 | 450 |3083k|  2 |6601 |1143 |-5.011237e+00 | 7.675829e+00 |    Inf | unknown
 6933s|538300 |538301 | 60735k| 112.8 |  2293M | 113 | 302 | 161 | 506 |3083k|  2 |6603 |1143 |-5.011237e+00 | 7.675829e+00 |    Inf | unknown
 6934s|538400 |538401 | 60749k| 112.8 |  2293M | 113 | 302 | 161 | 441 |3084k|  4 |6606 |1143 |-5.011237e+00 | 7.675829e+00 |    Inf | unknown
 6941s|538500 |538501 | 60763k| 112.8 |  2293M | 113 | 302 | 159 | 444 |3084k|  3 |6610 |1143 |-5.011237e+00 | 7.675829e+00 |    Inf | unknown
 6942s|538600 |538601 | 60778k| 112.8 |  2293M | 113 | 302 | 155 | 406 |3085k|  2 |6613 |1143 |-5.011237e+00 | 7.675829e+00 |    Inf | unknown
 6943s|538700 |538701 | 60789k| 112.8 |  2293M | 113 | 302 | 157 | 375 |3085k|  1 |6620 |1143 |-5.011237e+00 | 7.675829e+00 |    Inf | unknown
 6944s|538800 |538801 | 60801k| 112.8 |  2293M | 113 | 302 | 158 | 412 |3086k|  3 |6625 |1143 |-5.011237e+00 | 7.675829e+00 |    Inf | unknown
 6948s|538900 |538901 | 60815k| 112.8 |  2293M | 113 | 302 | 158 | 389 |3086k|  2 |6629 |1143 |-5.011237e+00 | 7.675829e+00 |    Inf | unknown
 6949s|539000 |539001 | 60827k| 112.8 |  2294M | 113 | 302 | 157 | 388 |3087k|  5 |6634 |1143 |-5.011237e+00 | 7.675829e+00 |    Inf | unknown
 6977s|539100 |539101 | 60841k| 112.9 |  2294M | 113 | 302 | 154 | 395 |3087k|  3 |6637 |1143 |-5.011237e+00 | 7.675829e+00 |    Inf | unknown
 6978s|539200 |539201 | 60852k| 112.9 |  2295M | 113 | 302 | 149 | 393 |3088k|  3 |6639 |1143 |-5.011237e+00 | 7.675829e+00 |    Inf | unknown
 time | node  | left  |LP iter|LP it/n|mem/heur|mdpt |vars |cons |rows |cuts |sepa|confs|strbr|  dualbound   | primalbound  |  gap   | compl. 
 6979s|539300 |539301 | 60864k| 112.9 |  2296M | 113 | 302 | 153 | 350 |3088k|  2 |6645 |1143 |-5.011237e+00 | 7.675829e+00 |    Inf | unknown
 6979s|539400 |539401 | 60879k| 112.9 |  2297M | 113 | 302 | 150 | 418 |3089k|  3 |6647 |1143 |-5.011237e+00 | 7.675829e+00 |    Inf | unknown
 6980s|539500 |539501 | 60893k| 112.9 |  2297M | 113 | 302 | 155 | 377 |3089k|  2 |6655 |1143 |-5.011237e+00 | 7.675829e+00 |    Inf | unknown
 6981s|539600 |539601 | 60906k| 112.9 |  2297M | 113 | 302 | 153 | 420 |3090k|  4 |6658 |1143 |-5.011237e+00 | 7.675829e+00 |    Inf | unknown
 6982s|539700 |539701 | 60919k| 112.9 |  2297M | 113 | 302 | 154 | 477 |3090k|  4 |6664 |1143 |-5.011237e+00 | 7.675829e+00 |    Inf | unknown
 6983s|539800 |539801 | 60933k| 112.9 |  2297M | 113 | 302 | 151 | 409 |3091k|  2 |6666 |1143 |-5.011237e+00 | 7.675829e+00 |    Inf | unknown
 6990s|539900 |539901 | 60946k| 112.9 |  2297M | 113 | 302 | 151 | 425 |3091k|  2 |6670 |1143 |-5.011237e+00 | 7.675829e+00 |    Inf | unknown
 6990s|540000 |540001 | 60958k| 112.9 |  2298M | 113 | 302 | 152 | 436 |3092k|  4 |6673 |1143 |-5.011237e+00 | 7.675829e+00 |    Inf | unknown
 6991s|540100 |540101 | 60968k| 112.9 |  2298M | 113 | 302 | 153 | 384 |3092k|  1 |6676 |1143 |-5.011237e+00 | 7.675829e+00 |    Inf | unknown
 7017s|540200 |540201 | 60983k| 112.9 |  2300M | 113 | 302 | 153 | 350 |3093k|  2 |6680 |1143 |-5.011237e+00 | 7.675829e+00 |    Inf | unknown
 7018s|540300 |540301 | 60997k| 112.9 |  2300M | 113 | 302 | 146 | 406 |3093k|  2 |6682 |1143 |-5.011237e+00 | 7.675829e+00 |    Inf | unknown
 7018s|540400 |540401 | 61011k| 112.9 |  2300M | 113 | 302 | 147 | 427 |3094k|  1 |6685 |1143 |-5.011237e+00 | 7.675829e+00 |    Inf | unknown
 7019s|540500 |540501 | 61026k| 112.9 |  2300M | 113 | 302 | 144 | 423 |3094k|  2 |6691 |1143 |-5.011237e+00 | 7.675829e+00 |    Inf | unknown
 7020s|540600 |540601 | 61041k| 112.9 |  2301M | 113 | 302 | 145 | 394 |3095k|  2 |6696 |1143 |-5.011237e+00 | 7.675829e+00 |    Inf | unknown
 7021s|540700 |540701 | 61053k| 112.9 |  2302M | 113 | 302 | 143 | 379 |3095k|  2 |6698 |1143 |-5.011237e+00 | 7.675829e+00 |    Inf | unknown
 time | node  | left  |LP iter|LP it/n|mem/heur|mdpt |vars |cons |rows |cuts |sepa|confs|strbr|  dualbound   | primalbound  |  gap   | compl. 
 7022s|540800 |540801 | 61067k| 112.9 |  2302M | 113 | 302 | 145 | 329 |3096k|  2 |6704 |1143 |-5.011237e+00 | 7.675829e+00 |    Inf | unknown
 7023s|540900 |540901 | 61079k| 112.9 |  2303M | 113 | 302 | 145 | 360 |3096k|  4 |6708 |1143 |-5.011237e+00 | 7.675829e+00 |    Inf | unknown
 7030s|541000 |541001 | 61091k| 112.9 |  2303M | 113 | 302 | 148 | 423 |3097k|  2 |6715 |1143 |-5.011237e+00 | 7.675829e+00 |    Inf | unknown
 7031s|541100 |541101 | 61106k| 112.9 |  2304M | 113 | 302 | 153 | 368 |3098k|  3 |6722 |1143 |-5.011237e+00 | 7.675829e+00 |    Inf | unknown
 7036s|541200 |541201 | 61126k| 112.9 |  2306M | 113 | 302 | 153 | 458 |3098k|  4 |6727 |1143 |-5.011237e+00 | 7.675829e+00 |    Inf | unknown
 7037s|541300 |541301 | 61139k| 112.9 |  2306M | 113 | 302 | 156 | 461 |3099k|  2 |6732 |1143 |-5.011237e+00 | 7.675829e+00 |    Inf | unknown
 7038s|541400 |541401 | 61150k| 112.9 |  2306M | 113 | 302 | 155 | 364 |3099k|  2 |6735 |1143 |-5.011237e+00 | 7.675829e+00 |    Inf | unknown
 7068s|541500 |541501 | 61164k| 112.9 |  2306M | 113 | 302 | 157 | 478 |3100k|  2 |6738 |1143 |-5.011237e+00 | 7.675829e+00 |    Inf | unknown
 7068s|541600 |541601 | 61174k| 112.9 |  2306M | 113 | 302 | 153 | 446 |3100k|  2 |6741 |1143 |-5.011237e+00 | 7.675829e+00 |    Inf | unknown
 7069s|541700 |541701 | 61186k| 112.9 |  2307M | 113 | 302 | 150 | 351 |3101k|  2 |6745 |1143 |-5.011237e+00 | 7.675829e+00 |    Inf | unknown
 7070s|541800 |541801 | 61199k| 113.0 |  2307M | 113 | 302 | 145 | 403 |3101k|  3 |6747 |1143 |-5.011237e+00 | 7.675829e+00 |    Inf | unknown
 7071s|541900 |541901 | 61216k| 113.0 |  2308M | 113 | 302 | 141 | 400 |3102k|  2 |6752 |1143 |-5.011237e+00 | 7.675829e+00 |    Inf | unknown
 7072s|542000 |542001 | 61232k| 113.0 |  2310M | 113 | 302 | 138 | 384 |3103k|  2 |6757 |1143 |-5.011237e+00 | 7.675829e+00 |    Inf | unknown
 7073s|542100 |542101 | 61243k| 113.0 |  2310M | 113 | 302 | 137 | 435 |3103k|  3 |6761 |1143 |-5.011237e+00 | 7.675829e+00 |    Inf | unknown
 7074s|542200 |542201 | 61255k| 113.0 |  2310M | 113 | 302 | 137 | 405 |3104k|  3 |6763 |1143 |-5.011237e+00 | 7.675829e+00 |    Inf | unknown
 time | node  | left  |LP iter|LP it/n|mem/heur|mdpt |vars |cons |rows |cuts |sepa|confs|strbr|  dualbound   | primalbound  |  gap   | compl. 
 7079s|542300 |542301 | 61270k| 113.0 |  2310M | 113 | 302 | 141 | 356 |3104k|  2 |6771 |1143 |-5.011237e+00 | 7.675829e+00 |    Inf | unknown
 7080s|542400 |542401 | 61283k| 113.0 |  2310M | 113 | 302 | 143 | 362 |3105k|  4 |6774 |1143 |-5.011237e+00 | 7.675829e+00 |    Inf | unknown
 7081s|542500 |542501 | 61295k| 113.0 |  2311M | 113 | 302 | 145 | 410 |3105k|  1 |6776 |1143 |-5.011237e+00 | 7.675829e+00 |    Inf | unknown
 7081s|542600 |542601 | 61306k| 113.0 |  2311M | 113 | 302 | 145 | 386 |3106k|  4 |6779 |1143 |-5.011237e+00 | 7.675829e+00 |    Inf | unknown
 7106s|542700 |542701 | 61322k| 113.0 |  2311M | 113 | 302 | 142 | 398 |3106k|  2 |6783 |1143 |-5.011237e+00 | 7.675829e+00 |    Inf | unknown
 7107s|542800 |542801 | 61338k| 113.0 |  2311M | 113 | 302 | 146 | 407 |3107k|  2 |6787 |1143 |-5.011237e+00 | 7.675829e+00 |    Inf | unknown
 7108s|542900 |542901 | 61351k| 113.0 |  2312M | 113 | 302 | 149 | 344 |3107k|  2 |6794 |1143 |-5.011237e+00 | 7.675829e+00 |    Inf | unknown
 7108s|543000 |543001 | 61364k| 113.0 |  2312M | 113 | 302 | 148 | 411 |3108k|  1 |6797 |1143 |-5.011237e+00 | 7.675829e+00 |    Inf | unknown
 7109s|543100 |543101 | 61374k| 113.0 |  2312M | 113 | 302 | 148 | 450 |3108k|  1 |6800 |1143 |-5.011237e+00 | 7.675829e+00 |    Inf | unknown
 7110s|543200 |543201 | 61388k| 113.0 |  2312M | 113 | 302 | 147 | 423 |3109k|  2 |6804 |1143 |-5.011237e+00 | 7.675829e+00 |    Inf | unknown
 7111s|543300 |543301 | 61404k| 113.0 |  2314M | 113 | 302 | 153 | 411 |3110k|  2 |6811 |1143 |-5.011237e+00 | 7.675829e+00 |    Inf | unknown
 7119s|543400 |543401 | 61418k| 113.0 |  2315M | 113 | 302 | 156 | 452 |3110k|  5 |6815 |1143 |-5.011237e+00 | 7.675829e+00 |    Inf | unknown
 7120s|543500 |543501 | 61433k| 113.0 |  2315M | 113 | 302 | 152 | 409 |3111k|  3 |6819 |1143 |-5.011237e+00 | 7.675829e+00 |    Inf | unknown
 7121s|543600 |543601 | 61449k| 113.0 |  2316M | 113 | 302 | 154 | 427 |3111k|  3 |6827 |1143 |-5.011237e+00 | 7.675829e+00 |    Inf | unknown
 7128s|543700 |543701 | 61465k| 113.0 |  2319M | 113 | 302 | 154 | 412 |3112k|  3 |6832 |1143 |-5.011237e+00 | 7.675829e+00 |    Inf | unknown
 time | node  | left  |LP iter|LP it/n|mem/heur|mdpt |vars |cons |rows |cuts |sepa|confs|strbr|  dualbound   | primalbound  |  gap   | compl. 
 7128s|543800 |543801 | 61477k| 113.0 |  2319M | 113 | 302 | 154 | 433 |3112k|  1 |6836 |1143 |-5.011237e+00 | 7.675829e+00 |    Inf | unknown
 7129s|543900 |543901 | 61489k| 113.0 |  2319M | 113 | 302 | 157 | 377 |3113k|  2 |6840 |1143 |-5.011237e+00 | 7.675829e+00 |    Inf | unknown
 7159s|544000 |544001 | 61502k| 113.1 |  2319M | 113 | 302 | 155 | 452 |3113k|  2 |6843 |1143 |-5.011237e+00 | 7.675829e+00 |    Inf | unknown
 7159s|544100 |544101 | 61515k| 113.1 |  2319M | 113 | 302 | 154 | 367 |3114k|  4 |6849 |1143 |-5.011237e+00 | 7.675829e+00 |    Inf | unknown
 7160s|544200 |544201 | 61527k| 113.1 |  2319M | 113 | 302 | 148 | 401 |3114k|  1 |6850 |1143 |-5.011237e+00 | 7.675829e+00 |    Inf | unknown
 7161s|544300 |544301 | 61540k| 113.1 |  2319M | 113 | 302 | 146 | 449 |3115k|  3 |6854 |1143 |-5.011237e+00 | 7.675829e+00 |    Inf | unknown
 7162s|544400 |544401 | 61554k| 113.1 |  2320M | 113 | 302 | 144 | 321 |3115k|  2 |6857 |1143 |-5.011237e+00 | 7.675829e+00 |    Inf | unknown
 7163s|544500 |544501 | 61566k| 113.1 |  2320M | 113 | 302 | 146 | 375 |3116k|  2 |6859 |1143 |-5.011237e+00 | 7.675829e+00 |    Inf | unknown
 7163s|544600 |544601 | 61577k| 113.1 |  2320M | 113 | 302 | 143 | 441 |3116k|  2 |6861 |1143 |-5.011237e+00 | 7.675829e+00 |    Inf | unknown
 7164s|544700 |544701 | 61593k| 113.1 |  2321M | 113 | 302 | 137 | 376 |3117k|  3 |6865 |1143 |-5.011237e+00 | 7.675829e+00 |    Inf | unknown
 7169s|544800 |544801 | 61605k| 113.1 |  2321M | 113 | 302 | 139 | 390 |3118k|  2 |6868 |1143 |-5.011237e+00 | 7.675829e+00 |    Inf | unknown
 7170s|544900 |544901 | 61620k| 113.1 |  2322M | 113 | 302 | 141 | 385 |3118k|  1 |6874 |1143 |-5.011237e+00 | 7.675829e+00 |    Inf | unknown
 7171s|545000 |545001 | 61632k| 113.1 |  2322M | 113 | 302 | 143 | 411 |3119k|  2 |6879 |1143 |-5.011237e+00 | 7.675829e+00 |    Inf | unknown
 7198s|545100 |545101 | 61647k| 113.1 |  2322M | 113 | 302 | 146 | 414 |3119k|  3 |6884 |1143 |-5.011237e+00 | 7.675829e+00 |    Inf | unknown
 7199s|545200 |545201 | 61661k| 113.1 |  2322M | 113 | 302 | 143 | 443 |3120k|  2 |6887 |1143 |-5.011237e+00 | 7.675829e+00 |    Inf | unknown
 time | node  | left  |LP iter|LP it/n|mem/heur|mdpt |vars |cons |rows |cuts |sepa|confs|strbr|  dualbound   | primalbound  |  gap   | compl. 
 7200s|545300 |545301 | 61672k| 113.1 |  2322M | 113 | 302 | 146 | 372 |3120k|  2 |6890 |1143 |-5.011237e+00 | 7.675829e+00 |    Inf | unknown
 7201s|545400 |545401 | 61683k| 113.1 |  2323M | 113 | 302 | 147 | 392 |3121k|  2 |6892 |1143 |-5.011237e+00 | 7.675829e+00 |    Inf | unknown
 7202s|545500 |545501 | 61695k| 113.1 |  2325M | 113 | 302 | 146 | 417 |3121k|  2 |6897 |1143 |-5.011237e+00 | 7.675829e+00 |    Inf | unknown
 7202s|545600 |545601 | 61706k| 113.1 |  2325M | 113 | 302 | 145 | 432 |3122k|  2 |6900 |1143 |-5.011237e+00 | 7.675829e+00 |    Inf | unknown
 7203s|545700 |545701 | 61722k| 113.1 |  2326M | 113 | 302 | 148 | 411 |3122k|  2 |6905 |1143 |-5.011237e+00 | 7.675829e+00 |    Inf | unknown
 7204s|545800 |545801 | 61735k| 113.1 |  2326M | 113 | 302 | 151 | 419 |3123k|  3 |6908 |1143 |-5.011237e+00 | 7.675829e+00 |    Inf | unknown
 7205s|545900 |545901 | 61749k| 113.1 |  2326M | 113 | 302 | 147 | 390 |3123k|  2 |6911 |1143 |-5.011237e+00 | 7.675829e+00 |    Inf | unknown
 7212s|546000 |546001 | 61760k| 113.1 |  2326M | 113 | 302 | 147 | 432 |3124k|  3 |6914 |1143 |-5.011237e+00 | 7.675829e+00 |    Inf | unknown
 7212s|546100 |546101 | 61771k| 113.1 |  2326M | 113 | 302 | 147 | 456 |3124k|  5 |6918 |1143 |-5.011237e+00 | 7.675829e+00 |    Inf | unknown
 7213s|546200 |546201 | 61785k| 113.1 |  2327M | 113 | 302 | 149 | 330 |3125k|  5 |6921 |1143 |-5.011237e+00 | 7.675829e+00 |    Inf | unknown
 7220s|546300 |546301 | 61799k| 113.1 |  2327M | 113 | 302 | 150 | 401 |3125k|  2 |6923 |1143 |-5.011237e+00 | 7.675829e+00 |    Inf | unknown
 7220s|546400 |546401 | 61811k| 113.1 |  2327M | 113 | 302 | 149 | 410 |3126k|  1 |6926 |1143 |-5.011237e+00 | 7.675829e+00 |    Inf | unknown
 7222s|546500 |546501 | 61828k| 113.1 |  2328M | 113 | 302 | 145 | 371 |3126k|  2 |6930 |1143 |-5.011237e+00 | 7.675829e+00 |    Inf | unknown
 7251s|546600 |546601 | 61842k| 113.1 |  2330M | 113 | 302 | 146 | 359 |3127k|  2 |6934 |1143 |-5.011237e+00 | 7.675829e+00 |    Inf | unknown
 7252s|546700 |546701 | 61857k| 113.1 |  2331M | 113 | 302 | 146 | 443 |3127k|  1 |6939 |1143 |-5.011237e+00 | 7.675829e+00 |    Inf | unknown
 time | node  | left  |LP iter|LP it/n|mem/heur|mdpt |vars |cons |rows |cuts |sepa|confs|strbr|  dualbound   | primalbound  |  gap   | compl. 
 7252s|546800 |546801 | 61867k| 113.1 |  2331M | 113 | 302 | 148 | 397 |3128k|  3 |6942 |1143 |-5.011237e+00 | 7.675829e+00 |    Inf | unknown
 7253s|546900 |546901 | 61879k| 113.1 |  2331M | 113 | 302 | 150 | 355 |3128k|  2 |6949 |1143 |-5.011237e+00 | 7.675829e+00 |    Inf | unknown
 7254s|547000 |547001 | 61891k| 113.1 |  2331M | 113 | 302 | 149 | 420 |3129k|  2 |6951 |1143 |-5.011237e+00 | 7.675829e+00 |    Inf | unknown
 7255s|547100 |547101 | 61902k| 113.1 |  2331M | 113 | 302 | 146 | 328 |3129k|  2 |6953 |1143 |-5.011237e+00 | 7.675829e+00 |    Inf | unknown
 7255s|547200 |547201 | 61913k| 113.1 |  2331M | 113 | 302 | 146 | 369 |3130k|  2 |6956 |1143 |-5.011237e+00 | 7.675829e+00 |    Inf | unknown
 7256s|547300 |547301 | 61929k| 113.2 |  2331M | 113 | 302 | 145 | 389 |3131k|  3 |6959 |1143 |-5.011237e+00 | 7.675829e+00 |    Inf | unknown
 7263s|547400 |547401 | 61949k| 113.2 |  2332M | 113 | 302 | 146 | 388 |3131k|  1 |6964 |1143 |-5.011237e+00 | 7.675829e+00 |    Inf | unknown
 7264s|547500 |547501 | 61962k| 113.2 |  2332M | 113 | 302 | 145 | 441 |3132k|  3 |6965 |1143 |-5.011237e+00 | 7.675829e+00 |    Inf | unknown
 7265s|547600 |547601 | 61974k| 113.2 |  2333M | 113 | 302 | 149 | 391 |3132k|  2 |6970 |1143 |-5.011237e+00 | 7.675829e+00 |    Inf | unknown
 7266s|547700 |547701 | 61987k| 113.2 |  2334M | 113 | 302 | 149 | 390 |3133k|  4 |6973 |1143 |-5.011237e+00 | 7.675829e+00 |    Inf | unknown
 7292s|547800 |547801 | 62004k| 113.2 |  2334M | 113 | 302 | 150 | 390 |3133k|  1 |6979 |1143 |-5.011237e+00 | 7.675829e+00 |    Inf | unknown
 7293s|547900 |547901 | 62017k| 113.2 |  2334M | 113 | 302 | 150 | 443 |3134k|  2 |6984 |1143 |-5.011237e+00 | 7.675829e+00 |    Inf | unknown
 7294s|548000 |548001 | 62033k| 113.2 |  2334M | 113 | 302 | 145 | 403 |3134k|  2 |6988 |1143 |-5.011237e+00 | 7.675829e+00 |    Inf | unknown
 7295s|548100 |548101 | 62045k| 113.2 |  2334M | 113 | 302 | 145 | 384 |3135k|  4 |6991 |1143 |-5.011237e+00 | 7.675829e+00 |    Inf | unknown
 7296s|548200 |548201 | 62060k| 113.2 |  2334M | 113 | 302 | 146 | 472 |3135k|  4 |6995 |1143 |-5.011237e+00 | 7.675829e+00 |    Inf | unknown
 time | node  | left  |LP iter|LP it/n|mem/heur|mdpt |vars |cons |rows |cuts |sepa|confs|strbr|  dualbound   | primalbound  |  gap   | compl. 
 7297s|548300 |548301 | 62073k| 113.2 |  2335M | 113 | 302 | 147 | 382 |3136k|  4 |6997 |1143 |-5.011237e+00 | 7.675829e+00 |    Inf | unknown
 7297s|548400 |548401 | 62086k| 113.2 |  2335M | 113 | 302 | 151 | 363 |3137k|  2 |7004 |1143 |-5.011237e+00 | 7.675829e+00 |    Inf | unknown
 7298s|548500 |548501 | 62097k| 113.2 |  2335M | 113 | 302 | 153 | 418 |3137k|  2 |7008 |1143 |-5.011237e+00 | 7.675829e+00 |    Inf | unknown
 7299s|548600 |548601 | 62108k| 113.2 |  2335M | 113 | 302 | 151 | 442 |3137k|  1 |7012 |1143 |-5.011237e+00 | 7.675829e+00 |    Inf | unknown
 7300s|548700 |548701 | 62122k| 113.2 |  2335M | 113 | 302 | 151 | 414 |3138k|  2 |7016 |1143 |-5.011237e+00 | 7.675829e+00 |    Inf | unknown
 7308s|548800 |548801 | 62136k| 113.2 |  2335M | 113 | 302 | 149 | 461 |3138k|  2 |7023 |1143 |-5.011237e+00 | 7.675829e+00 |    Inf | unknown
 7308s|548900 |548901 | 62149k| 113.2 |  2336M | 113 | 302 | 154 | 362 |3139k|  2 |7029 |1143 |-5.011237e+00 | 7.675829e+00 |    Inf | unknown
 7309s|549000 |549001 | 62160k| 113.2 |  2336M | 113 | 302 | 156 | 485 |3139k|  2 |7036 |1143 |-5.011237e+00 | 7.675829e+00 |    Inf | unknown
 7310s|549100 |549101 | 62173k| 113.2 |  2336M | 113 | 302 | 157 | 455 |3140k|  2 |7038 |1143 |-5.011237e+00 | 7.675829e+00 |    Inf | unknown
 7316s|549200 |549201 | 62186k| 113.2 |  2337M | 113 | 302 | 161 | 367 |3140k|  4 |7044 |1143 |-5.011237e+00 | 7.675829e+00 |    Inf | unknown
 7316s|549300 |549301 | 62199k| 113.2 |  2338M | 113 | 302 | 161 | 379 |3141k|  1 |7049 |1143 |-5.011237e+00 | 7.675829e+00 |    Inf | unknown
 7317s|549400 |549401 | 62214k| 113.2 |  2340M | 113 | 302 | 164 | 375 |3141k|  2 |7055 |1143 |-5.011237e+00 | 7.675829e+00 |    Inf | unknown
 7341s|549500 |549501 | 62228k| 113.2 |  2340M | 113 | 302 | 160 | 385 |3142k|  5 |7057 |1143 |-5.011237e+00 | 7.675829e+00 |    Inf | unknown
 7341s|549600 |549601 | 62240k| 113.2 |  2340M | 113 | 302 | 159 | 459 |3142k|  1 |7060 |1143 |-5.011237e+00 | 7.675829e+00 |    Inf | unknown
 7342s|549700 |549701 | 62257k| 113.3 |  2340M | 113 | 302 | 160 | 389 |3143k|  2 |7067 |1143 |-5.011237e+00 | 7.675829e+00 |    Inf | unknown
 time | node  | left  |LP iter|LP it/n|mem/heur|mdpt |vars |cons |rows |cuts |sepa|confs|strbr|  dualbound   | primalbound  |  gap   | compl. 
 7343s|549800 |549801 | 62269k| 113.3 |  2340M | 113 | 302 | 162 | 357 |3143k|  1 |7071 |1143 |-5.011237e+00 | 7.675829e+00 |    Inf | unknown
 7344s|549900 |549901 | 62282k| 113.3 |  2340M | 113 | 302 | 156 | 400 |3144k|  2 |7075 |1143 |-5.011237e+00 | 7.675829e+00 |    Inf | unknown
 7345s|550000 |550001 | 62294k| 113.3 |  2340M | 113 | 302 | 152 | 430 |3144k|  2 |7078 |1143 |-5.011237e+00 | 7.675829e+00 |    Inf | unknown
 7346s|550100 |550101 | 62310k| 113.3 |  2340M | 113 | 302 | 145 | 396 |3145k|  2 |7080 |1143 |-5.011237e+00 | 7.675829e+00 |    Inf | unknown
 7352s|550200 |550201 | 62324k| 113.3 |  2340M | 113 | 302 | 145 | 414 |3145k|  1 |7086 |1143 |-5.011237e+00 | 7.675829e+00 |    Inf | unknown
 7352s|550300 |550301 | 62336k| 113.3 |  2342M | 113 | 302 | 145 | 420 |3146k|  2 |7089 |1143 |-5.011237e+00 | 7.675829e+00 |    Inf | unknown
 7353s|550400 |550401 | 62348k| 113.3 |  2342M | 113 | 302 | 151 | 429 |3146k|  1 |7097 |1143 |-5.011237e+00 | 7.675829e+00 |    Inf | unknown
 7383s|550500 |550501 | 62361k| 113.3 |  2342M | 113 | 302 | 148 | 441 |3147k|  2 |7103 |1143 |-5.011237e+00 | 7.675829e+00 |    Inf | unknown
 7384s|550600 |550601 | 62373k| 113.3 |  2343M | 113 | 302 | 150 | 469 |3147k|  2 |7109 |1143 |-5.011237e+00 | 7.675829e+00 |    Inf | unknown
 7385s|550700 |550701 | 62389k| 113.3 |  2344M | 113 | 302 | 147 | 452 |3148k|  3 |7113 |1143 |-5.011237e+00 | 7.675829e+00 |    Inf | unknown
 7386s|550800 |550801 | 62403k| 113.3 |  2345M | 113 | 302 | 147 | 368 |3148k|  2 |7117 |1143 |-5.011237e+00 | 7.675829e+00 |    Inf | unknown
 7387s|550900 |550901 | 62416k| 113.3 |  2345M | 113 | 302 | 146 | 486 |3149k|  3 |7120 |1143 |-5.011237e+00 | 7.675829e+00 |    Inf | unknown
 7388s|551000 |551001 | 62429k| 113.3 |  2346M | 113 | 302 | 148 | 366 |3149k|  4 |7127 |1143 |-5.011237e+00 | 7.675829e+00 |    Inf | unknown
 7388s|551100 |551101 | 62440k| 113.3 |  2346M | 113 | 302 | 148 | 426 |3150k|  2 |7131 |1143 |-5.011237e+00 | 7.675829e+00 |    Inf | unknown
 7389s|551200 |551201 | 62451k| 113.3 |  2348M | 113 | 302 | 147 | 399 |3151k|  3 |7135 |1143 |-5.011237e+00 | 7.675829e+00 |    Inf | unknown
 time | node  | left  |LP iter|LP it/n|mem/heur|mdpt |vars |cons |rows |cuts |sepa|confs|strbr|  dualbound   | primalbound  |  gap   | compl. 
 7396s|551300 |551301 | 62466k| 113.3 |  2348M | 113 | 302 | 148 | 400 |3151k|  1 |7140 |1143 |-5.011237e+00 | 7.675829e+00 |    Inf | unknown
 7397s|551400 |551401 | 62483k| 113.3 |  2348M | 113 | 302 | 146 | 398 |3152k|  2 |7144 |1143 |-5.011237e+00 | 7.675829e+00 |    Inf | unknown
 7398s|551500 |551501 | 62496k| 113.3 |  2349M | 113 | 302 | 151 | 409 |3152k|  1 |7152 |1143 |-5.011237e+00 | 7.675829e+00 |    Inf | unknown
 7405s|551600 |551601 | 62513k| 113.3 |  2349M | 113 | 302 | 155 | 422 |3153k|  1 |7156 |1143 |-5.011237e+00 | 7.675829e+00 |    Inf | unknown
 7406s|551700 |551701 | 62524k| 113.3 |  2349M | 113 | 302 | 157 | 352 |3153k|  2 |7158 |1143 |-5.011237e+00 | 7.675829e+00 |    Inf | unknown
 7406s|551800 |551801 | 62536k| 113.3 |  2349M | 113 | 302 | 166 | 413 |3154k|  2 |7167 |1143 |-5.011237e+00 | 7.675829e+00 |    Inf | unknown
 7438s|551900 |551901 | 62551k| 113.3 |  2349M | 113 | 302 | 169 | 366 |3154k|  2 |7170 |1143 |-5.011237e+00 | 7.675829e+00 |    Inf | unknown
 7438s|552000 |552001 | 62562k| 113.3 |  2351M | 113 | 302 | 171 | 399 |3155k|  2 |7173 |1143 |-5.011237e+00 | 7.675829e+00 |    Inf | unknown
 7439s|552100 |552101 | 62574k| 113.3 |  2352M | 113 | 302 | 169 | 382 |3155k|  1 |7177 |1143 |-5.011237e+00 | 7.675829e+00 |    Inf | unknown
 7440s|552200 |552201 | 62587k| 113.3 |  2352M | 113 | 302 | 170 | 400 |3156k|  2 |7182 |1143 |-5.011237e+00 | 7.675829e+00 |    Inf | unknown
 7441s|552300 |552301 | 62603k| 113.3 |  2352M | 113 | 302 | 165 | 395 |3157k|  1 |7184 |1143 |-5.011237e+00 | 7.675829e+00 |    Inf | unknown
 7442s|552400 |552401 | 62616k| 113.3 |  2352M | 113 | 302 | 167 | 482 |3157k|  2 |7189 |1143 |-5.011237e+00 | 7.675829e+00 |    Inf | unknown
 7443s|552500 |552501 | 62631k| 113.4 |  2352M | 113 | 302 | 162 | 385 |3158k|  2 |7194 |1143 |-5.011237e+00 | 7.675829e+00 |    Inf | unknown
 7448s|552600 |552601 | 62646k| 113.4 |  2352M | 113 | 302 | 164 | 430 |3158k|  3 |7201 |1143 |-5.011237e+00 | 7.675829e+00 |    Inf | unknown
 7449s|552700 |552701 | 62661k| 113.4 |  2352M | 113 | 302 | 166 | 390 |3159k|  2 |7206 |1143 |-5.011237e+00 | 7.675829e+00 |    Inf | unknown
 time | node  | left  |LP iter|LP it/n|mem/heur|mdpt |vars |cons |rows |cuts |sepa|confs|strbr|  dualbound   | primalbound  |  gap   | compl. 
 7475s|552800 |552801 | 62675k| 113.4 |  2352M | 113 | 302 | 161 | 369 |3159k|  2 |7209 |1143 |-5.011237e+00 | 7.675829e+00 |    Inf | unknown
 7476s|552900 |552901 | 62689k| 113.4 |  2353M | 113 | 302 | 167 | 417 |3160k|  2 |7217 |1143 |-5.011237e+00 | 7.675829e+00 |    Inf | unknown
 7477s|553000 |553001 | 62702k| 113.4 |  2353M | 113 | 302 | 161 | 401 |3161k|  4 |7219 |1143 |-5.011237e+00 | 7.675829e+00 |    Inf | unknown
 7478s|553100 |553101 | 62714k| 113.4 |  2353M | 113 | 302 | 161 | 430 |3161k|  2 |7223 |1143 |-5.011237e+00 | 7.675829e+00 |    Inf | unknown
 7479s|553200 |553201 | 62729k| 113.4 |  2353M | 113 | 302 | 160 | 372 |3162k|  2 |7227 |1143 |-5.011237e+00 | 7.675829e+00 |    Inf | unknown
 7480s|553300 |553301 | 62741k| 113.4 |  2354M | 113 | 302 | 157 | 419 |3162k|  3 |7231 |1143 |-5.011237e+00 | 7.675829e+00 |    Inf | unknown
 7481s|553400 |553401 | 62756k| 113.4 |  2354M | 113 | 302 | 153 | 371 |3163k|  2 |7234 |1143 |-5.011237e+00 | 7.675829e+00 |    Inf | unknown
 7481s|553500 |553501 | 62769k| 113.4 |  2355M | 113 | 302 | 154 | 374 |3163k|  5 |7240 |1143 |-5.011237e+00 | 7.675829e+00 |    Inf | unknown
 7482s|553600 |553601 | 62780k| 113.4 |  2355M | 113 | 302 | 153 | 420 |3164k|  5 |7244 |1143 |-5.011237e+00 | 7.675829e+00 |    Inf | unknown
 7490s|553700 |553701 | 62793k| 113.4 |  2355M | 113 | 302 | 157 | 371 |3164k|  1 |7250 |1143 |-5.011237e+00 | 7.675829e+00 |    Inf | unknown
 7491s|553800 |553801 | 62808k| 113.4 |  2356M | 113 | 302 | 150 | 403 |3165k|  3 |7252 |1143 |-5.011237e+00 | 7.675829e+00 |    Inf | unknown
 7492s|553900 |553901 | 62821k| 113.4 |  2356M | 113 | 302 | 151 | 410 |3165k|  4 |7254 |1143 |-5.011237e+00 | 7.675829e+00 |    Inf | unknown
 7497s|554000 |554001 | 62837k| 113.4 |  2357M | 113 | 302 | 151 | 363 |3166k|  2 |7257 |1143 |-5.011237e+00 | 7.675829e+00 |    Inf | unknown
 7498s|554100 |554101 | 62848k| 113.4 |  2357M | 113 | 302 | 154 | 367 |3167k|  2 |7262 |1143 |-5.011237e+00 | 7.675829e+00 |    Inf | unknown
 7499s|554200 |554201 | 62864k| 113.4 |  2357M | 113 | 302 | 160 | 383 |3167k|  3 |7268 |1143 |-5.011237e+00 | 7.675829e+00 |    Inf | unknown
 time | node  | left  |LP iter|LP it/n|mem/heur|mdpt |vars |cons |rows |cuts |sepa|confs|strbr|  dualbound   | primalbound  |  gap   | compl. 
 7529s|554300 |554301 | 62878k| 113.4 |  2357M | 113 | 302 | 163 | 476 |3167k|  4 |7272 |1143 |-5.011237e+00 | 7.675829e+00 |    Inf | unknown
 7530s|554400 |554401 | 62890k| 113.4 |  2357M | 113 | 302 | 165 | 341 |3168k|  2 |7279 |1143 |-5.011237e+00 | 7.675829e+00 |    Inf | unknown
 7530s|554500 |554501 | 62901k| 113.4 |  2357M | 113 | 302 | 165 | 409 |3169k|  3 |7284 |1143 |-5.011237e+00 | 7.675829e+00 |    Inf | unknown
 7531s|554600 |554601 | 62915k| 113.4 |  2357M | 113 | 302 | 159 | 418 |3169k|  2 |7286 |1143 |-5.011237e+00 | 7.675829e+00 |    Inf | unknown
 7532s|554700 |554701 | 62928k| 113.4 |  2358M | 113 | 302 | 155 | 450 |3169k|  1 |7290 |1143 |-5.011237e+00 | 7.675829e+00 |    Inf | unknown
 7533s|554800 |554801 | 62942k| 113.4 |  2359M | 113 | 302 | 154 | 356 |3170k|  2 |7294 |1143 |-5.011237e+00 | 7.675829e+00 |    Inf | unknown
 7534s|554900 |554901 | 62953k| 113.4 |  2359M | 113 | 302 | 157 | 341 |3170k|  2 |7300 |1143 |-5.011237e+00 | 7.675829e+00 |    Inf | unknown
 7534s|555000 |555001 | 62965k| 113.4 |  2359M | 113 | 302 | 157 | 400 |3171k|  4 |7306 |1143 |-5.011237e+00 | 7.675829e+00 |    Inf | unknown
 7535s|555100 |555101 | 62980k| 113.5 |  2359M | 113 | 302 | 156 | 457 |3171k|  2 |7309 |1143 |-5.011237e+00 | 7.675829e+00 |    Inf | unknown
 7536s|555200 |555201 | 62994k| 113.5 |  2359M | 113 | 302 | 155 | 320 |3172k|  1 |7312 |1143 |-5.011237e+00 | 7.675829e+00 |    Inf | unknown
 7542s|555300 |555301 | 63005k| 113.5 |  2360M | 113 | 302 | 157 | 378 |3172k|  1 |7316 |1143 |-5.011237e+00 | 7.675829e+00 |    Inf | unknown
 7542s|555400 |555401 | 63017k| 113.5 |  2361M | 113 | 302 | 160 | 400 |3173k|  2 |7325 |1143 |-5.011237e+00 | 7.675829e+00 |    Inf | unknown
 7543s|555500 |555501 | 63028k| 113.5 |  2361M | 113 | 302 | 159 | 354 |3173k|  3 |7328 |1143 |-5.011237e+00 | 7.675829e+00 |    Inf | unknown
 7570s|555600 |555601 | 63045k| 113.5 |  2361M | 113 | 302 | 153 | 470 |3174k|  3 |7332 |1143 |-5.011237e+00 | 7.675829e+00 |    Inf | unknown
 7571s|555700 |555701 | 63055k| 113.5 |  2363M | 113 | 302 | 153 | 412 |3174k|  1 |7335 |1143 |-5.011237e+00 | 7.675829e+00 |    Inf | unknown
 time | node  | left  |LP iter|LP it/n|mem/heur|mdpt |vars |cons |rows |cuts |sepa|confs|strbr|  dualbound   | primalbound  |  gap   | compl. 
 7572s|555800 |555801 | 63070k| 113.5 |  2364M | 113 | 302 | 153 | 359 |3175k|  4 |7341 |1143 |-5.011237e+00 | 7.675829e+00 |    Inf | unknown
 7572s|555900 |555901 | 63081k| 113.5 |  2364M | 113 | 302 | 155 | 407 |3175k|  3 |7345 |1143 |-5.011237e+00 | 7.675829e+00 |    Inf | unknown
 7573s|556000 |556001 | 63094k| 113.5 |  2364M | 113 | 302 | 154 | 429 |3176k|  2 |7347 |1143 |-5.011237e+00 | 7.675829e+00 |    Inf | unknown
 7574s|556100 |556101 | 63107k| 113.5 |  2364M | 113 | 302 | 155 | 337 |3176k|  2 |7351 |1143 |-5.011237e+00 | 7.675829e+00 |    Inf | unknown
 7575s|556200 |556201 | 63122k| 113.5 |  2364M | 113 | 302 | 157 | 390 |3177k|  2 |7354 |1143 |-5.011237e+00 | 7.675829e+00 |    Inf | unknown
 7576s|556300 |556301 | 63134k| 113.5 |  2365M | 113 | 302 | 151 | 435 |3177k|  2 |7358 |1143 |-5.011237e+00 | 7.675829e+00 |    Inf | unknown
 7577s|556400 |556401 | 63150k| 113.5 |  2365M | 113 | 302 | 151 | 381 |3178k|  2 |7365 |1143 |-5.011237e+00 | 7.675829e+00 |    Inf | unknown
 7577s|556500 |556501 | 63160k| 113.5 |  2365M | 113 | 302 | 152 | 358 |3178k|  2 |7368 |1143 |-5.011237e+00 | 7.675829e+00 |    Inf | unknown
 7585s|556600 |556601 | 63175k| 113.5 |  2365M | 113 | 302 | 150 | 404 |3179k|  2 |7369 |1143 |-5.011237e+00 | 7.675829e+00 |    Inf | unknown
 7586s|556700 |556701 | 63188k| 113.5 |  2367M | 113 | 302 | 147 | 387 |3179k|  4 |7373 |1143 |-5.011237e+00 | 7.675829e+00 |    Inf | unknown
 7586s|556800 |556801 | 63199k| 113.5 |  2367M | 113 | 302 | 151 | 373 |3180k|  4 |7378 |1143 |-5.011237e+00 | 7.675829e+00 |    Inf | unknown
 7587s|556900 |556901 | 63209k| 113.5 |  2367M | 113 | 302 | 149 | 448 |3180k|  2 |7384 |1143 |-5.011237e+00 | 7.675829e+00 |    Inf | unknown
 7592s|557000 |557001 | 63224k| 113.5 |  2367M | 113 | 302 | 153 | 325 |3181k|  2 |7390 |1143 |-5.011237e+00 | 7.675829e+00 |    Inf | unknown
 7593s|557100 |557101 | 63237k| 113.5 |  2367M | 113 | 302 | 157 | 398 |3181k|  2 |7394 |1143 |-5.011237e+00 | 7.675829e+00 |    Inf | unknown
 7594s|557200 |557201 | 63250k| 113.5 |  2367M | 113 | 302 | 163 | 431 |3182k|  3 |7400 |1143 |-5.011237e+00 | 7.675829e+00 |    Inf | unknown
 time | node  | left  |LP iter|LP it/n|mem/heur|mdpt |vars |cons |rows |cuts |sepa|confs|strbr|  dualbound   | primalbound  |  gap   | compl. 
 7624s|557300 |557301 | 63271k| 113.5 |  2367M | 113 | 302 | 169 | 410 |3182k|  4 |7406 |1143 |-5.011237e+00 | 7.675829e+00 |    Inf | unknown
 7624s|557400 |557401 | 63282k| 113.5 |  2367M | 113 | 302 | 170 | 366 |3182k|  2 |7407 |1143 |-5.011237e+00 | 7.675829e+00 |    Inf | unknown
 7625s|557500 |557501 | 63294k| 113.5 |  2367M | 113 | 302 | 174 | 456 |3183k|  1 |7416 |1143 |-5.011237e+00 | 7.675829e+00 |    Inf | unknown
 7626s|557600 |557601 | 63307k| 113.5 |  2368M | 113 | 302 | 175 | 382 |3184k|  5 |7419 |1143 |-5.011237e+00 | 7.675829e+00 |    Inf | unknown
 7627s|557700 |557701 | 63319k| 113.5 |  2369M | 113 | 302 | 172 | 405 |3184k|  4 |7424 |1143 |-5.011237e+00 | 7.675829e+00 |    Inf | unknown
 7627s|557800 |557801 | 63331k| 113.5 |  2369M | 113 | 302 | 174 | 391 |3185k|  2 |7426 |1143 |-5.011237e+00 | 7.675829e+00 |    Inf | unknown
 7628s|557900 |557901 | 63343k| 113.5 |  2372M | 113 | 302 | 177 | 369 |3185k|  2 |7429 |1143 |-5.011237e+00 | 7.675829e+00 |    Inf | unknown
 7634s|558000 |558001 | 63359k| 113.5 |  2372M | 113 | 302 | 179 | 363 |3186k|  3 |7433 |1143 |-5.011237e+00 | 7.675829e+00 |    Inf | unknown
 7635s|558100 |558101 | 63371k| 113.5 |  2372M | 113 | 302 | 183 | 393 |3186k|  2 |7440 |1143 |-5.011237e+00 | 7.675829e+00 |    Inf | unknown
 7636s|558200 |558201 | 63385k| 113.5 |  2372M | 113 | 302 | 179 | 393 |3187k|  2 |7443 |1143 |-5.011237e+00 | 7.675829e+00 |    Inf | unknown
 7665s|558300 |558301 | 63400k| 113.6 |  2372M | 113 | 302 | 173 | 368 |3187k|  2 |7446 |1143 |-5.011237e+00 | 7.675829e+00 |    Inf | unknown
 7666s|558400 |558401 | 63411k| 113.6 |  2373M | 113 | 302 | 167 | 444 |3188k|  2 |7449 |1143 |-5.011237e+00 | 7.675829e+00 |    Inf | unknown
 7667s|558500 |558501 | 63424k| 113.6 |  2373M | 113 | 302 | 170 | 340 |3188k|  2 |7458 |1143 |-5.011237e+00 | 7.675829e+00 |    Inf | unknown
 7667s|558600 |558601 | 63435k| 113.6 |  2374M | 113 | 302 | 172 | 409 |3189k|  3 |7462 |1143 |-5.011237e+00 | 7.675829e+00 |    Inf | unknown
 7668s|558700 |558701 | 63450k| 113.6 |  2374M | 113 | 302 | 173 | 376 |3190k|  3 |7466 |1143 |-5.011237e+00 | 7.675829e+00 |    Inf | unknown
 time | node  | left  |LP iter|LP it/n|mem/heur|mdpt |vars |cons |rows |cuts |sepa|confs|strbr|  dualbound   | primalbound  |  gap   | compl. 
 7669s|558800 |558801 | 63463k| 113.6 |  2374M | 113 | 302 | 169 | 363 |3190k|  1 |7470 |1143 |-5.011237e+00 | 7.675829e+00 |    Inf | unknown
 7670s|558900 |558901 | 63475k| 113.6 |  2374M | 113 | 302 | 168 | 387 |3191k|  2 |7474 |1143 |-5.011237e+00 | 7.675829e+00 |    Inf | unknown
 7671s|559000 |559001 | 63489k| 113.6 |  2374M | 113 | 302 | 169 | 494 |3191k|  2 |7479 |1143 |-5.011237e+00 | 7.675829e+00 |    Inf | unknown
 7679s|559100 |559101 | 63503k| 113.6 |  2374M | 113 | 302 | 170 | 412 |3192k|  3 |7483 |1143 |-5.011237e+00 | 7.675829e+00 |    Inf | unknown
 7680s|559200 |559201 | 63516k| 113.6 |  2375M | 113 | 302 | 172 | 438 |3192k|  5 |7486 |1143 |-5.011237e+00 | 7.675829e+00 |    Inf | unknown
 7681s|559300 |559301 | 63529k| 113.6 |  2375M | 113 | 302 | 173 | 389 |3193k|  1 |7488 |1143 |-5.011237e+00 | 7.675829e+00 |    Inf | unknown
 7687s|559400 |559401 | 63547k| 113.6 |  2376M | 113 | 302 | 168 | 383 |3193k|  4 |7491 |1143 |-5.011237e+00 | 7.675829e+00 |    Inf | unknown
 7688s|559500 |559501 | 63558k| 113.6 |  2377M | 113 | 302 | 172 | 379 |3194k|  2 |7499 |1143 |-5.011237e+00 | 7.675829e+00 |    Inf | unknown
 7689s|559600 |559601 | 63570k| 113.6 |  2377M | 113 | 302 | 175 | 496 |3194k|  4 |7506 |1143 |-5.011237e+00 | 7.675829e+00 |    Inf | unknown
 7715s|559700 |559701 | 63588k| 113.6 |  2377M | 113 | 302 | 166 | 395 |3195k|  1 |7510 |1143 |-5.011237e+00 | 7.675829e+00 |    Inf | unknown
 7716s|559800 |559801 | 63599k| 113.6 |  2377M | 113 | 302 | 165 | 396 |3195k|  2 |7513 |1143 |-5.011237e+00 | 7.675829e+00 |    Inf | unknown
 7717s|559900 |559901 | 63610k| 113.6 |  2377M | 113 | 302 | 164 | 385 |3196k|  2 |7517 |1143 |-5.011237e+00 | 7.675829e+00 |    Inf | unknown
 7717s|560000 |560001 | 63621k| 113.6 |  2377M | 113 | 302 | 161 | 365 |3196k|  1 |7520 |1143 |-5.011237e+00 | 7.675829e+00 |    Inf | unknown
 7718s|560100 |560101 | 63633k| 113.6 |  2377M | 113 | 302 | 161 | 403 |3197k|  2 |7523 |1143 |-5.011237e+00 | 7.675829e+00 |    Inf | unknown
 7719s|560200 |560201 | 63650k| 113.6 |  2378M | 113 | 302 | 157 | 400 |3197k|  2 |7526 |1143 |-5.011237e+00 | 7.675829e+00 |    Inf | unknown
 time | node  | left  |LP iter|LP it/n|mem/heur|mdpt |vars |cons |rows |cuts |sepa|confs|strbr|  dualbound   | primalbound  |  gap   | compl. 
 7720s|560300 |560301 | 63664k| 113.6 |  2379M | 113 | 302 | 157 | 405 |3198k|  1 |7529 |1143 |-5.011237e+00 | 7.675829e+00 |    Inf | unknown
 7726s|560400 |560401 | 63676k| 113.6 |  2380M | 113 | 302 | 162 | 430 |3198k|  2 |7538 |1143 |-5.011237e+00 | 7.675829e+00 |    Inf | unknown
 7727s|560500 |560501 | 63687k| 113.6 |  2380M | 113 | 302 | 162 | 456 |3199k|  2 |7542 |1143 |-5.011237e+00 | 7.675829e+00 |    Inf | unknown
 7728s|560600 |560601 | 63698k| 113.6 |  2381M | 113 | 302 | 164 | 378 |3199k|  3 |7545 |1143 |-5.011237e+00 | 7.675829e+00 |    Inf | unknown
 7729s|560700 |560701 | 63717k| 113.6 |  2382M | 113 | 302 | 158 | 352 |3200k|  2 |7549 |1143 |-5.011237e+00 | 7.675829e+00 |    Inf | unknown
 7756s|560800 |560801 | 63732k| 113.6 |  2382M | 113 | 302 | 158 | 401 |3200k|  3 |7557 |1143 |-5.011237e+00 | 7.675829e+00 |    Inf | unknown
 7756s|560900 |560901 | 63745k| 113.6 |  2385M | 113 | 302 | 161 | 363 |3201k|  2 |7564 |1143 |-5.011237e+00 | 7.675829e+00 |    Inf | unknown
 7757s|561000 |561001 | 63755k| 113.6 |  2385M | 113 | 302 | 161 | 445 |3201k|  2 |7567 |1143 |-5.011237e+00 | 7.675829e+00 |    Inf | unknown
 7758s|561100 |561101 | 63767k| 113.6 |  2385M | 113 | 302 | 163 | 413 |3202k|  2 |7570 |1143 |-5.011237e+00 | 7.675829e+00 |    Inf | unknown
 7759s|561200 |561201 | 63781k| 113.6 |  2386M | 113 | 302 | 158 | 378 |3202k|  2 |7571 |1143 |-5.011237e+00 | 7.675829e+00 |    Inf | unknown
 7759s|561300 |561301 | 63793k| 113.6 |  2387M | 113 | 302 | 161 | 395 |3203k|  4 |7576 |1143 |-5.011237e+00 | 7.675829e+00 |    Inf | unknown
 7760s|561400 |561401 | 63807k| 113.7 |  2387M | 113 | 302 | 161 | 443 |3204k|  2 |7581 |1143 |-5.011237e+00 | 7.675829e+00 |    Inf | unknown
 7768s|561500 |561501 | 63819k| 113.7 |  2387M | 113 | 302 | 160 | 410 |3204k|  4 |7589 |1143 |-5.011237e+00 | 7.675829e+00 |    Inf | unknown
 7769s|561600 |561601 | 63833k| 113.7 |  2388M | 113 | 302 | 159 | 430 |3205k|  1 |7594 |1143 |-5.011237e+00 | 7.675829e+00 |    Inf | unknown
 7770s|561700 |561701 | 63849k| 113.7 |  2388M | 113 | 302 | 161 | 416 |3205k|  2 |7599 |1143 |-5.011237e+00 | 7.675829e+00 |    Inf | unknown
 time | node  | left  |LP iter|LP it/n|mem/heur|mdpt |vars |cons |rows |cuts |sepa|confs|strbr|  dualbound   | primalbound  |  gap   | compl. 
 7770s|561800 |561801 | 63860k| 113.7 |  2388M | 113 | 302 | 162 | 361 |3206k|  2 |7604 |1143 |-5.011237e+00 | 7.675829e+00 |    Inf | unknown
 7777s|561900 |561901 | 63872k| 113.7 |  2388M | 113 | 302 | 160 | 388 |3206k|  5 |7609 |1143 |-5.011237e+00 | 7.675829e+00 |    Inf | unknown
 7778s|562000 |562001 | 63887k| 113.7 |  2388M | 113 | 302 | 153 | 466 |3207k|  2 |7610 |1143 |-5.011237e+00 | 7.675829e+00 |    Inf | unknown
 7805s|562100 |562101 | 63905k| 113.7 |  2389M | 113 | 302 | 147 | 370 |3207k|  1 |7611 |1143 |-5.011237e+00 | 7.675829e+00 |    Inf | unknown
 7806s|562200 |562201 | 63918k| 113.7 |  2391M | 113 | 302 | 148 | 409 |3208k|  2 |7618 |1143 |-5.011237e+00 | 7.675829e+00 |    Inf | unknown
 7806s|562300 |562301 | 63928k| 113.7 |  2392M | 113 | 302 | 148 | 443 |3208k|  1 |7620 |1143 |-5.011237e+00 | 7.675829e+00 |    Inf | unknown
 7807s|562400 |562401 | 63941k| 113.7 |  2392M | 113 | 302 | 151 | 360 |3209k|  4 |7627 |1143 |-5.011237e+00 | 7.675829e+00 |    Inf | unknown
 7808s|562500 |562501 | 63953k| 113.7 |  2392M | 113 | 302 | 149 | 384 |3209k|  3 |7631 |1143 |-5.011237e+00 | 7.675829e+00 |    Inf | unknown
 7808s|562600 |562601 | 63963k| 113.7 |  2392M | 113 | 302 | 151 | 415 |3210k|  2 |7635 |1143 |-5.011237e+00 | 7.675829e+00 |    Inf | unknown
 7809s|562700 |562701 | 63981k| 113.7 |  2392M | 113 | 302 | 153 | 475 |3211k|  2 |7642 |1143 |-5.011237e+00 | 7.675829e+00 |    Inf | unknown
 7810s|562800 |562801 | 63995k| 113.7 |  2393M | 113 | 302 | 151 | 423 |3211k|  2 |7646 |1143 |-5.011237e+00 | 7.675829e+00 |    Inf | unknown
 7811s|562900 |562901 | 64009k| 113.7 |  2393M | 113 | 302 | 150 | 427 |3212k|  2 |7649 |1143 |-5.011237e+00 | 7.675829e+00 |    Inf | unknown
 7820s|563000 |563001 | 64024k| 113.7 |  2393M | 113 | 302 | 151 | 424 |3212k|  5 |7654 |1143 |-5.011237e+00 | 7.675829e+00 |    Inf | unknown
 7821s|563100 |563101 | 64035k| 113.7 |  2394M | 113 | 302 | 150 | 441 |3213k|  2 |7655 |1143 |-5.011237e+00 | 7.675829e+00 |    Inf | unknown
 7822s|563200 |563201 | 64048k| 113.7 |  2395M | 113 | 302 | 151 | 406 |3213k|  2 |7658 |1143 |-5.011237e+00 | 7.675829e+00 |    Inf | unknown
 time | node  | left  |LP iter|LP it/n|mem/heur|mdpt |vars |cons |rows |cuts |sepa|confs|strbr|  dualbound   | primalbound  |  gap   | compl. 
 7822s|563300 |563301 | 64059k| 113.7 |  2395M | 113 | 302 | 150 | 361 |3214k|  4 |7662 |1143 |-5.011237e+00 | 7.675829e+00 |    Inf | unknown
 7823s|563400 |563401 | 64070k| 113.7 |  2395M | 113 | 302 | 148 | 368 |3214k|  1 |7667 |1143 |-5.011237e+00 | 7.675829e+00 |    Inf | unknown
 7824s|563500 |563501 | 64082k| 113.7 |  2396M | 113 | 302 | 147 | 434 |3215k|  3 |7669 |1143 |-5.011237e+00 | 7.675829e+00 |    Inf | unknown
 7852s|563600 |563601 | 64100k| 113.7 |  2396M | 113 | 302 | 139 | 386 |3215k|  2 |7671 |1143 |-5.011237e+00 | 7.675829e+00 |    Inf | unknown
 7853s|563700 |563701 | 64114k| 113.7 |  2396M | 113 | 302 | 139 | 426 |3216k|  1 |7675 |1143 |-5.011237e+00 | 7.675829e+00 |    Inf | unknown
 7854s|563800 |563801 | 64123k| 113.7 |  2396M | 113 | 302 | 140 | 434 |3216k|  2 |7677 |1143 |-5.011237e+00 | 7.675829e+00 |    Inf | unknown
 7854s|563900 |563901 | 64137k| 113.7 |  2400M | 113 | 302 | 138 | 405 |3217k|  2 |7681 |1143 |-5.011237e+00 | 7.675829e+00 |    Inf | unknown
 7855s|564000 |564001 | 64148k| 113.7 |  2400M | 113 | 302 | 141 | 410 |3217k|  1 |7686 |1143 |-5.011237e+00 | 7.675829e+00 |    Inf | unknown
 7856s|564100 |564101 | 64161k| 113.7 |  2400M | 113 | 302 | 145 | 467 |3218k|  2 |7693 |1143 |-5.011237e+00 | 7.675829e+00 |    Inf | unknown
 7857s|564200 |564201 | 64174k| 113.7 |  2401M | 113 | 302 | 148 | 354 |3219k|  2 |7698 |1143 |-5.011237e+00 | 7.675829e+00 |    Inf | unknown
 7857s|564300 |564301 | 64186k| 113.7 |  2401M | 113 | 302 | 147 | 370 |3219k|  2 |7700 |1143 |-5.011237e+00 | 7.675829e+00 |    Inf | unknown
 7863s|564400 |564401 | 64197k| 113.7 |  2401M | 113 | 302 | 145 | 402 |3220k|  2 |7704 |1143 |-5.011237e+00 | 7.675829e+00 |    Inf | unknown
 7864s|564500 |564501 | 64210k| 113.7 |  2401M | 113 | 302 | 147 | 340 |3220k|  3 |7708 |1143 |-5.011237e+00 | 7.675829e+00 |    Inf | unknown
 7865s|564600 |564601 | 64225k| 113.7 |  2401M | 113 | 302 | 150 | 408 |3221k|  3 |7713 |1143 |-5.011237e+00 | 7.675829e+00 |    Inf | unknown
 7872s|564700 |564701 | 64236k| 113.7 |  2402M | 113 | 302 | 153 | 404 |3221k|  2 |7719 |1143 |-5.011237e+00 | 7.675829e+00 |    Inf | unknown
 time | node  | left  |LP iter|LP it/n|mem/heur|mdpt |vars |cons |rows |cuts |sepa|confs|strbr|  dualbound   | primalbound  |  gap   | compl. 
 7872s|564800 |564801 | 64250k| 113.8 |  2405M | 113 | 302 | 145 | 410 |3222k|  3 |7721 |1143 |-5.011237e+00 | 7.675829e+00 |    Inf | unknown
 7873s|564900 |564901 | 64262k| 113.8 |  2405M | 113 | 302 | 144 | 420 |3222k|  2 |7728 |1143 |-5.011237e+00 | 7.675829e+00 |    Inf | unknown
 7903s|565000 |565001 | 64279k| 113.8 |  2406M | 113 | 302 | 143 | 426 |3223k|  2 |7732 |1143 |-5.011237e+00 | 7.675829e+00 |    Inf | unknown
 7904s|565100 |565101 | 64291k| 113.8 |  2406M | 113 | 302 | 141 | 405 |3223k|  2 |7733 |1143 |-5.011237e+00 | 7.675829e+00 |    Inf | unknown
 7905s|565200 |565201 | 64304k| 113.8 |  2406M | 113 | 302 | 142 | 412 |3224k|  4 |7739 |1143 |-5.011237e+00 | 7.675829e+00 |    Inf | unknown
 7905s|565300 |565301 | 64315k| 113.8 |  2406M | 113 | 302 | 139 | 435 |3224k|  1 |7742 |1143 |-5.011237e+00 | 7.675829e+00 |    Inf | unknown
 7906s|565400 |565401 | 64330k| 113.8 |  2406M | 113 | 302 | 138 | 438 |3225k|  3 |7746 |1143 |-5.011237e+00 | 7.675829e+00 |    Inf | unknown
 7907s|565500 |565501 | 64343k| 113.8 |  2407M | 113 | 302 | 140 | 375 |3225k|  3 |7751 |1143 |-5.011237e+00 | 7.675829e+00 |    Inf | unknown
 7908s|565600 |565601 | 64357k| 113.8 |  2407M | 113 | 302 | 133 | 422 |3226k|  4 |7755 |1143 |-5.011237e+00 | 7.675829e+00 |    Inf | unknown
 7909s|565700 |565701 | 64368k| 113.8 |  2408M | 113 | 302 | 136 | 468 |3226k|  1 |7759 |1143 |-5.011237e+00 | 7.675829e+00 |    Inf | unknown
 7910s|565800 |565801 | 64383k| 113.8 |  2408M | 113 | 302 | 140 | 361 |3227k|  2 |7763 |1143 |-5.011237e+00 | 7.675829e+00 |    Inf | unknown
 7915s|565900 |565901 | 64394k| 113.8 |  2408M | 113 | 302 | 141 | 454 |3227k|  3 |7766 |1143 |-5.011237e+00 | 7.675829e+00 |    Inf | unknown
 7916s|566000 |566001 | 64405k| 113.8 |  2408M | 113 | 302 | 141 | 425 |3228k|  3 |7771 |1143 |-5.011237e+00 | 7.675829e+00 |    Inf | unknown
 7917s|566100 |566101 | 64419k| 113.8 |  2408M | 113 | 302 | 143 | 374 |3228k|  4 |7777 |1143 |-5.011237e+00 | 7.675829e+00 |    Inf | unknown
 7947s|566200 |566201 | 64434k| 113.8 |  2408M | 113 | 302 | 142 | 442 |3229k|  2 |7782 |1143 |-5.011237e+00 | 7.675829e+00 |    Inf | unknown
 time | node  | left  |LP iter|LP it/n|mem/heur|mdpt |vars |cons |rows |cuts |sepa|confs|strbr|  dualbound   | primalbound  |  gap   | compl. 
 7948s|566300 |566301 | 64444k| 113.8 |  2409M | 113 | 302 | 146 | 398 |3229k|  2 |7787 |1143 |-5.011237e+00 | 7.675829e+00 |    Inf | unknown
 7948s|566400 |566401 | 64456k| 113.8 |  2409M | 113 | 302 | 148 | 453 |3229k|  1 |7793 |1143 |-5.011237e+00 | 7.675829e+00 |    Inf | unknown
 7949s|566500 |566501 | 64469k| 113.8 |  2410M | 113 | 302 | 148 | 430 |3230k|  2 |7796 |1143 |-5.011237e+00 | 7.675829e+00 |    Inf | unknown
 7950s|566600 |566601 | 64481k| 113.8 |  2410M | 113 | 302 | 147 | 348 |3230k|  2 |7799 |1143 |-5.011237e+00 | 7.675829e+00 |    Inf | unknown
 7951s|566700 |566701 | 64494k| 113.8 |  2413M | 113 | 302 | 141 | 435 |3231k|  3 |7802 |1143 |-5.011237e+00 | 7.675829e+00 |    Inf | unknown
 7952s|566800 |566801 | 64510k| 113.8 |  2413M | 113 | 302 | 133 | 452 |3232k|  2 |7805 |1143 |-5.011237e+00 | 7.675829e+00 |    Inf | unknown
 7952s|566900 |566901 | 64520k| 113.8 |  2413M | 113 | 302 | 135 | 359 |3232k|  1 |7809 |1143 |-5.011237e+00 | 7.675829e+00 |    Inf | unknown
 7953s|567000 |567001 | 64531k| 113.8 |  2415M | 113 | 302 | 136 | 466 |3232k|  2 |7814 |1143 |-5.011237e+00 | 7.675829e+00 |    Inf | unknown
 7954s|567100 |567101 | 64543k| 113.8 |  2416M | 113 | 302 | 132 | 450 |3233k|  2 |7815 |1143 |-5.011237e+00 | 7.675829e+00 |    Inf | unknown
 7962s|567200 |567201 | 64554k| 113.8 |  2416M | 113 | 302 | 132 | 362 |3233k|  4 |7817 |1143 |-5.011237e+00 | 7.675829e+00 |    Inf | unknown
 7963s|567300 |567301 | 64569k| 113.8 |  2416M | 113 | 302 | 132 | 398 |3234k|  2 |7820 |1143 |-5.011237e+00 | 7.675829e+00 |    Inf | unknown
 7964s|567400 |567401 | 64584k| 113.8 |  2417M | 113 | 302 | 131 | 377 |3235k|  2 |7825 |1143 |-5.011237e+00 | 7.675829e+00 |    Inf | unknown
 7965s|567500 |567501 | 64596k| 113.8 |  2418M | 113 | 302 | 132 | 394 |3235k|  3 |7828 |1143 |-5.011237e+00 | 7.675829e+00 |    Inf | unknown
 7970s|567600 |567601 | 64606k| 113.8 |  2418M | 113 | 302 | 135 | 428 |3236k|  3 |7834 |1143 |-5.011237e+00 | 7.675829e+00 |    Inf | unknown
 7971s|567700 |567701 | 64619k| 113.8 |  2419M | 113 | 302 | 134 | 419 |3236k|  2 |7836 |1143 |-5.011237e+00 | 7.675829e+00 |    Inf | unknown
 time | node  | left  |LP iter|LP it/n|mem/heur|mdpt |vars |cons |rows |cuts |sepa|confs|strbr|  dualbound   | primalbound  |  gap   | compl. 
 8001s|567800 |567801 | 64635k| 113.8 |  2419M | 113 | 302 | 129 | 413 |3237k|  3 |7840 |1143 |-5.011237e+00 | 7.675829e+00 |    Inf | unknown
 8002s|567900 |567901 | 64649k| 113.8 |  2419M | 113 | 302 | 133 | 390 |3237k|  3 |7844 |1143 |-5.011237e+00 | 7.675829e+00 |    Inf | unknown
 8003s|568000 |568001 | 64662k| 113.8 |  2420M | 113 | 302 | 136 | 390 |3238k|  4 |7849 |1143 |-5.011237e+00 | 7.675829e+00 |    Inf | unknown
 8004s|568100 |568101 | 64674k| 113.8 |  2420M | 113 | 302 | 134 | 384 |3238k|  5 |7852 |1143 |-5.011237e+00 | 7.675829e+00 |    Inf | unknown
 8005s|568200 |568201 | 64691k| 113.8 |  2420M | 113 | 302 | 127 | 443 |3239k|  2 |7854 |1143 |-5.011237e+00 | 7.675829e+00 |    Inf | unknown
 8006s|568300 |568301 | 64704k| 113.9 |  2421M | 113 | 302 | 129 | 428 |3240k|  2 |7860 |1143 |-5.011237e+00 | 7.675829e+00 |    Inf | unknown
 8006s|568400 |568401 | 64715k| 113.9 |  2422M | 113 | 302 | 134 | 370 |3240k|  2 |7866 |1143 |-5.011237e+00 | 7.675829e+00 |    Inf | unknown
 8007s|568500 |568501 | 64727k| 113.9 |  2424M | 113 | 302 | 139 | 381 |3241k|  3 |7873 |1143 |-5.011237e+00 | 7.675829e+00 |    Inf | unknown
 8008s|568600 |568601 | 64738k| 113.9 |  2424M | 113 | 302 | 142 | 488 |3241k|  2 |7879 |1143 |-5.011237e+00 | 7.675829e+00 |    Inf | unknown
 8013s|568700 |568701 | 64755k| 113.9 |  2424M | 113 | 302 | 139 | 406 |3242k|  3 |7884 |1143 |-5.011237e+00 | 7.675829e+00 |    Inf | unknown
 8014s|568800 |568801 | 64769k| 113.9 |  2424M | 113 | 302 | 144 | 368 |3243k|  3 |7892 |1143 |-5.011237e+00 | 7.675829e+00 |    Inf | unknown
 8014s|568900 |568901 | 64778k| 113.9 |  2424M | 113 | 302 | 146 | 434 |3243k|  2 |7895 |1143 |-5.011237e+00 | 7.675829e+00 |    Inf | unknown
 8041s|569000 |569001 | 64794k| 113.9 |  2424M | 113 | 302 | 139 | 412 |3244k|  2 |7898 |1143 |-5.011237e+00 | 7.675829e+00 |    Inf | unknown
 8042s|569100 |569101 | 64811k| 113.9 |  2424M | 113 | 302 | 127 | 403 |3244k|  2 |7900 |1143 |-5.011237e+00 | 7.675829e+00 |    Inf | unknown
 8043s|569200 |569201 | 64822k| 113.9 |  2426M | 113 | 302 | 126 | 410 |3245k|  2 |7901 |1143 |-5.011237e+00 | 7.675829e+00 |    Inf | unknown
 time | node  | left  |LP iter|LP it/n|mem/heur|mdpt |vars |cons |rows |cuts |sepa|confs|strbr|  dualbound   | primalbound  |  gap   | compl. 
 8044s|569300 |569301 | 64834k| 113.9 |  2426M | 113 | 302 | 124 | 473 |3245k|  1 |7905 |1143 |-5.011237e+00 | 7.675829e+00 |    Inf | unknown
 8044s|569400 |569401 | 64844k| 113.9 |  2426M | 113 | 302 | 125 | 399 |3246k|  1 |7909 |1143 |-5.011237e+00 | 7.675829e+00 |    Inf | unknown
 8045s|569500 |569501 | 64856k| 113.9 |  2426M | 113 | 302 | 123 | 448 |3246k|  2 |7911 |1143 |-5.011237e+00 | 7.675829e+00 |    Inf | unknown
 8046s|569600 |569601 | 64871k| 113.9 |  2426M | 113 | 302 | 123 | 430 |3247k|  2 |7915 |1143 |-5.011237e+00 | 7.675829e+00 |    Inf | unknown
 8047s|569700 |569701 | 64883k| 113.9 |  2429M | 113 | 302 | 126 | 430 |3248k|  2 |7918 |1143 |-5.011237e+00 | 7.675829e+00 |    Inf | unknown
 8048s|569800 |569801 | 64897k| 113.9 |  2429M | 113 | 302 | 127 | 464 |3248k|  2 |7922 |1143 |-5.011237e+00 | 7.675829e+00 |    Inf | unknown
 8055s|569900 |569901 | 64909k| 113.9 |  2430M | 113 | 302 | 127 | 430 |3249k|  2 |7926 |1143 |-5.011237e+00 | 7.675829e+00 |    Inf | unknown
 8056s|570000 |570001 | 64921k| 113.9 |  2431M | 113 | 302 | 124 | 417 |3249k|  3 |7929 |1143 |-5.011237e+00 | 7.675829e+00 |    Inf | unknown
 8057s|570100 |570101 | 64935k| 113.9 |  2431M | 113 | 302 | 123 | 436 |3250k|  2 |7930 |1143 |-5.011237e+00 | 7.675829e+00 |    Inf | unknown
 8061s|570200 |570201 | 64947k| 113.9 |  2431M | 113 | 302 | 129 | 385 |3250k|  2 |7937 |1143 |-5.011237e+00 | 7.675829e+00 |    Inf | unknown
 8062s|570300 |570301 | 64962k| 113.9 |  2431M | 113 | 302 | 130 | 416 |3251k|  3 |7944 |1143 |-5.011237e+00 | 7.675829e+00 |    Inf | unknown
 8063s|570400 |570401 | 64976k| 113.9 |  2432M | 113 | 302 | 129 | 409 |3251k|  3 |7948 |1143 |-5.011237e+00 | 7.675829e+00 |    Inf | unknown
 8092s|570500 |570501 | 64993k| 113.9 |  2433M | 113 | 302 | 128 | 326 |3252k|  2 |7949 |1143 |-5.011237e+00 | 7.675829e+00 |    Inf | unknown
 8092s|570600 |570601 | 65003k| 113.9 |  2433M | 113 | 302 | 123 | 390 |3253k|  3 |7949 |1143 |-5.011237e+00 | 7.675829e+00 |    Inf | unknown
 8093s|570700 |570701 | 65016k| 113.9 |  2433M | 113 | 302 | 121 | 485 |3253k|  2 |7954 |1143 |-5.011237e+00 | 7.675829e+00 |    Inf | unknown
 time | node  | left  |LP iter|LP it/n|mem/heur|mdpt |vars |cons |rows |cuts |sepa|confs|strbr|  dualbound   | primalbound  |  gap   | compl. 
 8094s|570800 |570801 | 65029k| 113.9 |  2435M | 113 | 302 | 123 | 394 |3254k|  3 |7959 |1143 |-5.011237e+00 | 7.675829e+00 |    Inf | unknown
 8095s|570900 |570901 | 65044k| 113.9 |  2436M | 113 | 302 | 123 | 361 |3254k|  1 |7963 |1143 |-5.011237e+00 | 7.675829e+00 |    Inf | unknown
 8096s|571000 |571001 | 65058k| 113.9 |  2436M | 113 | 302 | 127 | 402 |3255k|  1 |7968 |1143 |-5.011237e+00 | 7.675829e+00 |    Inf | unknown
 8097s|571100 |571101 | 65073k| 113.9 |  2437M | 113 | 302 | 123 | 402 |3256k|  2 |7970 |1143 |-5.011237e+00 | 7.675829e+00 |    Inf | unknown
 8097s|571200 |571201 | 65084k| 113.9 |  2437M | 113 | 302 | 120 | 384 |3256k|  2 |7973 |1143 |-5.011237e+00 | 7.675829e+00 |    Inf | unknown
 8102s|571300 |571301 | 65097k| 113.9 |  2438M | 113 | 302 | 119 | 435 |3257k|  3 |7976 |1143 |-5.011237e+00 | 7.675829e+00 |    Inf | unknown
 8103s|571400 |571401 | 65108k| 113.9 |  2438M | 113 | 302 | 123 | 334 |3257k|  2 |7980 |1143 |-5.011237e+00 | 7.675829e+00 |    Inf | unknown
 8104s|571500 |571501 | 65121k| 113.9 |  2438M | 113 | 302 | 123 | 373 |3258k|  3 |7985 |1143 |-5.011237e+00 | 7.675829e+00 |    Inf | unknown
 8132s|571600 |571601 | 65135k| 113.9 |  2438M | 113 | 302 | 122 | 419 |3258k|  2 |7989 |1143 |-5.011237e+00 | 7.675829e+00 |    Inf | unknown
 8133s|571700 |571701 | 65147k| 113.9 |  2440M | 113 | 302 | 124 | 314 |3259k|  2 |7992 |1143 |-5.011237e+00 | 7.675829e+00 |    Inf | unknown
 8134s|571800 |571801 | 65162k| 114.0 |  2441M | 113 | 302 | 122 | 475 |3259k|  4 |7994 |1143 |-5.011237e+00 | 7.675829e+00 |    Inf | unknown
 8135s|571900 |571901 | 65177k| 114.0 |  2442M | 113 | 302 | 119 | 475 |3260k|  2 |7996 |1143 |-5.011237e+00 | 7.675829e+00 |    Inf | unknown
 8136s|572000 |572001 | 65190k| 114.0 |  2442M | 113 | 302 | 120 | 384 |3261k|  1 |8000 |1143 |-5.011237e+00 | 7.675829e+00 |    Inf | unknown
 8137s|572100 |572101 | 65206k| 114.0 |  2442M | 113 | 302 | 117 | 412 |3261k|  2 |8003 |1143 |-5.011237e+00 | 7.675829e+00 |    Inf | unknown
 8137s|572200 |572201 | 65217k| 114.0 |  2442M | 113 | 302 | 120 | 418 |3262k|  2 |8008 |1143 |-5.011237e+00 | 7.675829e+00 |    Inf | unknown
 time | node  | left  |LP iter|LP it/n|mem/heur|mdpt |vars |cons |rows |cuts |sepa|confs|strbr|  dualbound   | primalbound  |  gap   | compl. 
 8138s|572300 |572301 | 65233k| 114.0 |  2442M | 113 | 302 | 122 | 381 |3263k|  2 |8011 |1143 |-5.011237e+00 | 7.675829e+00 |    Inf | unknown
 8139s|572400 |572401 | 65249k| 114.0 |  2443M | 113 | 302 | 123 | 478 |3263k|  3 |8015 |1143 |-5.011237e+00 | 7.675829e+00 |    Inf | unknown
 8147s|572500 |572501 | 65262k| 114.0 |  2443M | 113 | 302 | 124 | 437 |3264k|  4 |8020 |1143 |-5.011237e+00 | 7.675829e+00 |    Inf | unknown
 8148s|572600 |572601 | 65276k| 114.0 |  2443M | 113 | 302 | 119 | 367 |3264k|  2 |8022 |1143 |-5.011237e+00 | 7.675829e+00 |    Inf | unknown
 8149s|572700 |572701 | 65290k| 114.0 |  2443M | 113 | 302 | 115 | 409 |3265k|  2 |8024 |1143 |-5.011237e+00 | 7.675829e+00 |    Inf | unknown
 8154s|572800 |572801 | 65302k| 114.0 |  2443M | 113 | 302 | 117 | 427 |3266k|  2 |8029 |1143 |-5.011237e+00 | 7.675829e+00 |    Inf | unknown
 8155s|572900 |572901 | 65316k| 114.0 |  2444M | 113 | 302 | 124 | 330 |3266k|  2 |8040 |1143 |-5.011237e+00 | 7.675829e+00 |    Inf | unknown
 8186s|573000 |573001 | 65331k| 114.0 |  2444M | 113 | 302 | 124 | 390 |3267k|  2 |8042 |1143 |-5.011237e+00 | 7.675829e+00 |    Inf | unknown
 8187s|573100 |573101 | 65343k| 114.0 |  2445M | 113 | 302 | 125 | 411 |3267k|  2 |8045 |1143 |-5.011237e+00 | 7.675829e+00 |    Inf | unknown
 8187s|573200 |573201 | 65355k| 114.0 |  2446M | 113 | 302 | 128 | 412 |3268k|  1 |8052 |1143 |-5.011237e+00 | 7.675829e+00 |    Inf | unknown
 8188s|573300 |573301 | 65369k| 114.0 |  2446M | 113 | 302 | 122 | 452 |3268k|  3 |8057 |1143 |-5.011237e+00 | 7.675829e+00 |    Inf | unknown
 8189s|573400 |573401 | 65380k| 114.0 |  2447M | 113 | 302 | 126 | 463 |3269k|  4 |8062 |1143 |-5.011237e+00 | 7.675829e+00 |    Inf | unknown
 8190s|573500 |573501 | 65398k| 114.0 |  2447M | 113 | 302 | 119 | 371 |3270k|  2 |8065 |1143 |-5.011237e+00 | 7.675829e+00 |    Inf | unknown
 8191s|573600 |573601 | 65411k| 114.0 |  2447M | 113 | 302 | 120 | 354 |3270k|  1 |8072 |1143 |-5.011237e+00 | 7.675829e+00 |    Inf | unknown
 8192s|573700 |573701 | 65423k| 114.0 |  2447M | 113 | 302 | 122 | 398 |3271k|  4 |8076 |1143 |-5.011237e+00 | 7.675829e+00 |    Inf | unknown
 time | node  | left  |LP iter|LP it/n|mem/heur|mdpt |vars |cons |rows |cuts |sepa|confs|strbr|  dualbound   | primalbound  |  gap   | compl. 
 8192s|573800 |573801 | 65435k| 114.0 |  2447M | 113 | 302 | 124 | 446 |3271k|  2 |8082 |1143 |-5.011237e+00 | 7.675829e+00 |    Inf | unknown
 8198s|573900 |573901 | 65449k| 114.0 |  2447M | 113 | 302 | 124 | 470 |3272k|  1 |8085 |1143 |-5.011237e+00 | 7.675829e+00 |    Inf | unknown
 8198s|574000 |574001 | 65460k| 114.0 |  2448M | 113 | 302 | 124 | 528 |3272k|  4 |8088 |1143 |-5.011237e+00 | 7.675829e+00 |    Inf | unknown
 8199s|574100 |574101 | 65472k| 114.0 |  2449M | 113 | 302 | 119 | 340 |3273k|  2 |8091 |1143 |-5.011237e+00 | 7.675829e+00 |    Inf | unknown
 8230s|574200 |574201 | 65487k| 114.0 |  2449M | 113 | 302 | 117 | 431 |3274k|  5 |8094 |1143 |-5.011237e+00 | 7.675829e+00 |    Inf | unknown
 8231s|574300 |574301 | 65500k| 114.0 |  2449M | 113 | 302 | 121 | 392 |3274k|  2 |8101 |1143 |-5.011237e+00 | 7.675829e+00 |    Inf | unknown
 8232s|574400 |574401 | 65516k| 114.1 |  2451M | 113 | 302 | 118 | 392 |3275k|  4 |8103 |1143 |-5.011237e+00 | 7.675829e+00 |    Inf | unknown
 8233s|574500 |574501 | 65531k| 114.1 |  2451M | 113 | 302 | 117 | 450 |3275k|  1 |8107 |1143 |-5.011237e+00 | 7.675829e+00 |    Inf | unknown
 8234s|574600 |574601 | 65543k| 114.1 |  2451M | 113 | 302 | 116 | 441 |3276k|  2 |8111 |1143 |-5.011237e+00 | 7.675829e+00 |    Inf | unknown
 8235s|574700 |574701 | 65555k| 114.1 |  2451M | 113 | 302 | 117 | 390 |3277k|  2 |8114 |1143 |-5.011237e+00 | 7.675829e+00 |    Inf | unknown
 8235s|574800 |574801 | 65567k| 114.1 |  2452M | 113 | 302 | 120 | 447 |3277k|  2 |8118 |1143 |-5.011237e+00 | 7.675829e+00 |    Inf | unknown
 8236s|574900 |574901 | 65580k| 114.1 |  2452M | 113 | 302 | 121 | 398 |3278k|  1 |8122 |1143 |-5.011237e+00 | 7.675829e+00 |    Inf | unknown
 8237s|575000 |575001 | 65595k| 114.1 |  2452M | 113 | 302 | 120 | 363 |3278k|  2 |8127 |1143 |-5.011237e+00 | 7.675829e+00 |    Inf | unknown
 8245s|575100 |575101 | 65607k| 114.1 |  2452M | 113 | 302 | 119 | 394 |3279k|  4 |8130 |1143 |-5.011237e+00 | 7.675829e+00 |    Inf | unknown
 8246s|575200 |575201 | 65619k| 114.1 |  2452M | 113 | 302 | 119 | 410 |3279k|  2 |8132 |1143 |-5.011237e+00 | 7.675829e+00 |    Inf | unknown
 time | node  | left  |LP iter|LP it/n|mem/heur|mdpt |vars |cons |rows |cuts |sepa|confs|strbr|  dualbound   | primalbound  |  gap   | compl. 
 8247s|575300 |575301 | 65634k| 114.1 |  2452M | 113 | 302 | 120 | 407 |3280k|  2 |8137 |1143 |-5.011237e+00 | 7.675829e+00 |    Inf | unknown
 8253s|575400 |575401 | 65649k| 114.1 |  2454M | 113 | 302 | 119 | 480 |3280k|  2 |8140 |1143 |-5.011237e+00 | 7.675829e+00 |    Inf | unknown
 8253s|575500 |575501 | 65663k| 114.1 |  2454M | 113 | 302 | 118 | 390 |3281k|  2 |8142 |1143 |-5.011237e+00 | 7.675829e+00 |    Inf | unknown
 8285s|575600 |575601 | 65678k| 114.1 |  2454M | 113 | 302 | 119 | 370 |3281k|  2 |8147 |1143 |-5.011237e+00 | 7.675829e+00 |    Inf | unknown
 8286s|575700 |575701 | 65694k| 114.1 |  2455M | 113 | 302 | 121 | 429 |3282k|  3 |8151 |1143 |-5.011237e+00 | 7.675829e+00 |    Inf | unknown
 8287s|575800 |575801 | 65705k| 114.1 |  2455M | 113 | 302 | 125 | 481 |3283k|  2 |8155 |1143 |-5.011237e+00 | 7.675829e+00 |    Inf | unknown
 8287s|575900 |575901 | 65716k| 114.1 |  2456M | 113 | 302 | 122 | 385 |3283k|  4 |8158 |1143 |-5.011237e+00 | 7.675829e+00 |    Inf | unknown
 8288s|576000 |576001 | 65728k| 114.1 |  2456M | 113 | 302 | 125 | 422 |3284k|  2 |8161 |1143 |-5.011237e+00 | 7.675829e+00 |    Inf | unknown
 8289s|576100 |576101 | 65745k| 114.1 |  2456M | 113 | 302 | 122 | 472 |3284k|  2 |8165 |1143 |-5.011237e+00 | 7.675829e+00 |    Inf | unknown
 8290s|576200 |576201 | 65761k| 114.1 |  2456M | 113 | 302 | 128 | 374 |3285k|  4 |8175 |1143 |-5.011237e+00 | 7.675829e+00 |    Inf | unknown
 8295s|576300 |576301 | 65777k| 114.1 |  2456M | 113 | 302 | 126 | 420 |3286k|  2 |8177 |1143 |-5.011237e+00 | 7.675829e+00 |    Inf | unknown
 8296s|576400 |576401 | 65792k| 114.1 |  2456M | 113 | 302 | 128 | 505 |3286k|  2 |8182 |1143 |-5.011237e+00 | 7.675829e+00 |    Inf | unknown
 8296s|576500 |576501 | 65805k| 114.1 |  2457M | 113 | 302 | 131 | 392 |3287k|  4 |8187 |1143 |-5.011237e+00 | 7.675829e+00 |    Inf | unknown
 8326s|576600 |576601 | 65819k| 114.1 |  2458M | 113 | 302 | 132 | 419 |3287k|  3 |8194 |1143 |-5.011237e+00 | 7.675829e+00 |    Inf | unknown
 8327s|576700 |576701 | 65828k| 114.1 |  2459M | 113 | 302 | 132 | 405 |3288k|  1 |8198 |1143 |-5.011237e+00 | 7.675829e+00 |    Inf | unknown
 time | node  | left  |LP iter|LP it/n|mem/heur|mdpt |vars |cons |rows |cuts |sepa|confs|strbr|  dualbound   | primalbound  |  gap   | compl. 
 8327s|576800 |576801 | 65841k| 114.1 |  2459M | 113 | 302 | 135 | 423 |3288k|  1 |8203 |1143 |-5.011237e+00 | 7.675829e+00 |    Inf | unknown
 8328s|576900 |576901 | 65854k| 114.1 |  2460M | 113 | 302 | 135 | 418 |3289k|  3 |8207 |1143 |-5.011237e+00 | 7.675829e+00 |    Inf | unknown
 8329s|577000 |577001 | 65868k| 114.2 |  2461M | 113 | 302 | 137 | 425 |3290k|  2 |8211 |1143 |-5.011237e+00 | 7.675829e+00 |    Inf | unknown
 8330s|577100 |577101 | 65882k| 114.2 |  2461M | 113 | 302 | 132 | 424 |3290k|  1 |8215 |1143 |-5.011237e+00 | 7.675829e+00 |    Inf | unknown
 8331s|577200 |577201 | 65895k| 114.2 |  2461M | 113 | 302 | 133 | 427 |3291k|  3 |8219 |1143 |-5.011237e+00 | 7.675829e+00 |    Inf | unknown
 8332s|577300 |577301 | 65906k| 114.2 |  2463M | 113 | 302 | 124 | 487 |3291k|  2 |8223 |1143 |-5.011237e+00 | 7.675829e+00 |    Inf | unknown
 8338s|577400 |577401 | 65922k| 114.2 |  2463M | 113 | 302 | 120 | 376 |3292k|  2 |8228 |1143 |-5.011237e+00 | 7.675829e+00 |    Inf | unknown
 8339s|577500 |577501 | 65933k| 114.2 |  2463M | 113 | 302 | 119 | 438 |3293k|  4 |8229 |1143 |-5.011237e+00 | 7.675829e+00 |    Inf | unknown
 8340s|577600 |577601 | 65943k| 114.2 |  2463M | 113 | 302 | 125 | 407 |3293k|  1 |8236 |1143 |-5.011237e+00 | 7.675829e+00 |    Inf | unknown
 8344s|577700 |577701 | 65958k| 114.2 |  2463M | 113 | 302 | 129 | 376 |3294k|  2 |8242 |1143 |-5.011237e+00 | 7.675829e+00 |    Inf | unknown
 8345s|577800 |577801 | 65973k| 114.2 |  2464M | 113 | 302 | 124 | 471 |3294k|  3 |8244 |1143 |-5.011237e+00 | 7.675829e+00 |    Inf | unknown
 8373s|577900 |577901 | 65988k| 114.2 |  2464M | 113 | 302 | 124 | 447 |3295k|  1 |8248 |1143 |-5.011237e+00 | 7.675829e+00 |    Inf | unknown
 8373s|578000 |578001 | 65998k| 114.2 |  2464M | 113 | 302 | 121 | 438 |3295k|  2 |8249 |1143 |-5.011237e+00 | 7.675829e+00 |    Inf | unknown
 8374s|578100 |578101 | 66014k| 114.2 |  2465M | 113 | 302 | 120 | 434 |3296k|  2 |8256 |1143 |-5.011237e+00 | 7.675829e+00 |    Inf | unknown
 8375s|578200 |578201 | 66027k| 114.2 |  2465M | 113 | 302 | 122 | 448 |3296k|  2 |8260 |1143 |-5.011237e+00 | 7.675829e+00 |    Inf | unknown
 time | node  | left  |LP iter|LP it/n|mem/heur|mdpt |vars |cons |rows |cuts |sepa|confs|strbr|  dualbound   | primalbound  |  gap   | compl. 
 8376s|578300 |578301 | 66039k| 114.2 |  2466M | 113 | 302 | 124 | 397 |3297k|  2 |8263 |1143 |-5.011237e+00 | 7.675829e+00 |    Inf | unknown
 8377s|578400 |578401 | 66051k| 114.2 |  2466M | 113 | 302 | 125 | 359 |3297k|  2 |8266 |1143 |-5.011237e+00 | 7.675829e+00 |    Inf | unknown
 8377s|578500 |578501 | 66062k| 114.2 |  2466M | 113 | 302 | 126 | 464 |3298k|  3 |8270 |1143 |-5.011237e+00 | 7.675829e+00 |    Inf | unknown
 8378s|578600 |578601 | 66076k| 114.2 |  2467M | 113 | 302 | 125 | 367 |3298k|  5 |8276 |1143 |-5.011237e+00 | 7.675829e+00 |    Inf | unknown
 8379s|578700 |578701 | 66087k| 114.2 |  2467M | 113 | 302 | 129 | 451 |3299k|  2 |8282 |1143 |-5.011237e+00 | 7.675829e+00 |    Inf | unknown
 8380s|578800 |578801 | 66103k| 114.2 |  2467M | 113 | 302 | 125 | 474 |3299k|  4 |8287 |1143 |-5.011237e+00 | 7.675829e+00 |    Inf | unknown
 8385s|578900 |578901 | 66118k| 114.2 |  2467M | 113 | 302 | 128 | 365 |3300k|  3 |8292 |1143 |-5.011237e+00 | 7.675829e+00 |    Inf | unknown
 8385s|579000 |579001 | 66129k| 114.2 |  2467M | 113 | 302 | 128 | 445 |3300k|  2 |8297 |1143 |-5.011237e+00 | 7.675829e+00 |    Inf | unknown
 8386s|579100 |579101 | 66139k| 114.2 |  2468M | 113 | 302 | 125 | 446 |3301k|  2 |8301 |1143 |-5.011237e+00 | 7.675829e+00 |    Inf | unknown
 8415s|579200 |579201 | 66155k| 114.2 |  2470M | 113 | 302 | 123 | 386 |3301k|  4 |8305 |1143 |-5.011237e+00 | 7.675829e+00 |    Inf | unknown
 8415s|579300 |579301 | 66168k| 114.2 |  2470M | 113 | 302 | 122 | 431 |3302k|  2 |8308 |1143 |-5.011237e+00 | 7.675829e+00 |    Inf | unknown
 8416s|579400 |579401 | 66178k| 114.2 |  2470M | 113 | 302 | 118 | 407 |3302k|  2 |8312 |1143 |-5.011237e+00 | 7.675829e+00 |    Inf | unknown
 8417s|579500 |579501 | 66190k| 114.2 |  2471M | 113 | 302 | 116 | 333 |3303k|  2 |8314 |1143 |-5.011237e+00 | 7.675829e+00 |    Inf | unknown
 8418s|579600 |579601 | 66204k| 114.2 |  2471M | 113 | 302 | 116 | 363 |3303k|  3 |8318 |1143 |-5.011237e+00 | 7.675829e+00 |    Inf | unknown
 8419s|579700 |579701 | 66219k| 114.2 |  2471M | 113 | 302 | 117 | 397 |3304k|  2 |8321 |1143 |-5.011237e+00 | 7.675829e+00 |    Inf | unknown
 time | node  | left  |LP iter|LP it/n|mem/heur|mdpt |vars |cons |rows |cuts |sepa|confs|strbr|  dualbound   | primalbound  |  gap   | compl. 
 8420s|579800 |579801 | 66238k| 114.2 |  2472M | 113 | 302 | 116 | 380 |3304k|  2 |8325 |1143 |-5.011237e+00 | 7.675829e+00 |    Inf | unknown
 8420s|579900 |579901 | 66249k| 114.2 |  2473M | 113 | 302 | 118 | 448 |3305k|  1 |8329 |1143 |-5.011237e+00 | 7.675829e+00 |    Inf | unknown
 8421s|580000 |580001 | 66262k| 114.2 |  2474M | 113 | 302 | 123 | 382 |3306k|  2 |8335 |1143 |-5.011237e+00 | 7.675829e+00 |    Inf | unknown
 8429s|580100 |580101 | 66273k| 114.2 |  2474M | 113 | 302 | 130 | 363 |3306k|  2 |8344 |1143 |-5.011237e+00 | 7.675829e+00 |    Inf | unknown
 8430s|580200 |580201 | 66286k| 114.2 |  2474M | 113 | 302 | 130 | 410 |3307k|  2 |8348 |1143 |-5.011237e+00 | 7.675829e+00 |    Inf | unknown
 8430s|580300 |580301 | 66296k| 114.2 |  2474M | 113 | 302 | 131 | 420 |3307k|  4 |8350 |1143 |-5.011237e+00 | 7.675829e+00 |    Inf | unknown
 8435s|580400 |580401 | 66309k| 114.2 |  2474M | 113 | 302 | 131 | 376 |3308k|  2 |8355 |1143 |-5.011237e+00 | 7.675829e+00 |    Inf | unknown
 8436s|580500 |580501 | 66327k| 114.3 |  2474M | 113 | 302 | 119 | 376 |3308k|  2 |8359 |1143 |-5.011237e+00 | 7.675829e+00 |    Inf | unknown
 8437s|580600 |580601 | 66339k| 114.3 |  2475M | 113 | 302 | 123 | 471 |3309k|  3 |8366 |1143 |-5.011237e+00 | 7.675829e+00 |    Inf | unknown
 8467s|580700 |580701 | 66358k| 114.3 |  2475M | 113 | 302 | 117 | 356 |3309k|  1 |8370 |1143 |-5.011237e+00 | 7.675829e+00 |    Inf | unknown
 8468s|580800 |580801 | 66369k| 114.3 |  2476M | 113 | 302 | 121 | 394 |3310k|  4 |8374 |1143 |-5.011237e+00 | 7.675829e+00 |    Inf | unknown
 8468s|580900 |580901 | 66380k| 114.3 |  2476M | 113 | 302 | 118 | 381 |3310k|  2 |8377 |1143 |-5.011237e+00 | 7.675829e+00 |    Inf | unknown
 8469s|581000 |581001 | 66392k| 114.3 |  2476M | 113 | 302 | 125 | 371 |3311k|  2 |8384 |1143 |-5.011237e+00 | 7.675829e+00 |    Inf | unknown
 8470s|581100 |581101 | 66404k| 114.3 |  2477M | 113 | 302 | 131 | 378 |3311k|  1 |8392 |1143 |-5.011237e+00 | 7.675829e+00 |    Inf | unknown
 8471s|581200 |581201 | 66422k| 114.3 |  2477M | 113 | 302 | 121 | 505 |3312k|  2 |8396 |1143 |-5.011237e+00 | 7.675829e+00 |    Inf | unknown
 time | node  | left  |LP iter|LP it/n|mem/heur|mdpt |vars |cons |rows |cuts |sepa|confs|strbr|  dualbound   | primalbound  |  gap   | compl. 
 8472s|581300 |581301 | 66435k| 114.3 |  2477M | 113 | 302 | 120 | 309 |3313k|  2 |8402 |1143 |-5.011237e+00 | 7.675829e+00 |    Inf | unknown
 8484s|581400 |581401 | 66450k| 114.3 |  2477M | 113 | 302 | 118 | 415 |3313k|  2 |8406 |1143 |-5.011237e+00 | 7.675829e+00 |    Inf | unknown
 8485s|581500 |581501 | 66462k| 114.3 |  2478M | 113 | 302 | 125 | 416 |3314k|  2 |8413 |1143 |-5.011237e+00 | 7.675829e+00 |    Inf | unknown
 8485s|581600 |581601 | 66473k| 114.3 |  2478M | 113 | 302 | 122 | 372 |3314k|  1 |8416 |1143 |-5.011237e+00 | 7.675829e+00 |    Inf | unknown
 8486s|581700 |581701 | 66484k| 114.3 |  2480M | 113 | 302 | 121 | 424 |3315k|  2 |8420 |1143 |-5.011237e+00 | 7.675829e+00 |    Inf | unknown
 8487s|581800 |581801 | 66497k| 114.3 |  2480M | 113 | 302 | 120 | 403 |3315k|  2 |8424 |1143 |-5.011237e+00 | 7.675829e+00 |    Inf | unknown
 8516s|581900 |581901 | 66511k| 114.3 |  2480M | 113 | 302 | 116 | 437 |3316k|  3 |8425 |1143 |-5.011237e+00 | 7.675829e+00 |    Inf | unknown
 8517s|582000 |582001 | 66526k| 114.3 |  2480M | 113 | 302 | 115 | 478 |3316k|  2 |8431 |1143 |-5.011237e+00 | 7.675829e+00 |    Inf | unknown
 8518s|582100 |582101 | 66541k| 114.3 |  2480M | 113 | 302 | 122 | 454 |3317k|  2 |8442 |1143 |-5.011237e+00 | 7.675829e+00 |    Inf | unknown
 8518s|582200 |582201 | 66552k| 114.3 |  2480M | 113 | 302 | 126 | 373 |3317k|  2 |8446 |1143 |-5.011237e+00 | 7.675829e+00 |    Inf | unknown
 8519s|582300 |582301 | 66567k| 114.3 |  2480M | 113 | 302 | 131 | 399 |3318k|  1 |8451 |1143 |-5.011237e+00 | 7.675829e+00 |    Inf | unknown
 8520s|582400 |582401 | 66578k| 114.3 |  2480M | 113 | 302 | 134 | 407 |3319k|  1 |8455 |1143 |-5.011237e+00 | 7.675829e+00 |    Inf | unknown
 8521s|582500 |582501 | 66591k| 114.3 |  2481M | 113 | 302 | 135 | 480 |3319k|  1 |8458 |1143 |-5.011237e+00 | 7.675829e+00 |    Inf | unknown
 8522s|582600 |582601 | 66606k| 114.3 |  2482M | 113 | 302 | 136 | 480 |3320k|  2 |8463 |1143 |-5.011237e+00 | 7.675829e+00 |    Inf | unknown
 8529s|582700 |582701 | 66622k| 114.3 |  2482M | 113 | 302 | 128 | 397 |3320k|  1 |8466 |1143 |-5.011237e+00 | 7.675829e+00 |    Inf | unknown
 time | node  | left  |LP iter|LP it/n|mem/heur|mdpt |vars |cons |rows |cuts |sepa|confs|strbr|  dualbound   | primalbound  |  gap   | compl. 
 8530s|582800 |582801 | 66634k| 114.3 |  2482M | 113 | 302 | 129 | 404 |3321k|  2 |8474 |1143 |-5.011237e+00 | 7.675829e+00 |    Inf | unknown
 8531s|582900 |582901 | 66644k| 114.3 |  2482M | 113 | 302 | 129 | 420 |3321k|  4 |8478 |1143 |-5.011237e+00 | 7.675829e+00 |    Inf | unknown
 8531s|583000 |583001 | 66656k| 114.3 |  2483M | 113 | 302 | 131 | 411 |3322k|  3 |8484 |1143 |-5.011237e+00 | 7.675829e+00 |    Inf | unknown
 8538s|583100 |583101 | 66671k| 114.3 |  2484M | 113 | 302 | 131 | 396 |3322k|  2 |8489 |1143 |-5.011237e+00 | 7.675829e+00 |    Inf | unknown
 8539s|583200 |583201 | 66684k| 114.3 |  2484M | 113 | 302 | 132 | 423 |3323k|  3 |8493 |1143 |-5.011237e+00 | 7.675829e+00 |    Inf | unknown
 8567s|583300 |583301 | 66700k| 114.3 |  2485M | 113 | 302 | 134 | 376 |3323k|  3 |8499 |1143 |-5.011237e+00 | 7.675829e+00 |    Inf | unknown
 8568s|583400 |583401 | 66713k| 114.3 |  2485M | 113 | 302 | 132 | 406 |3324k|  2 |8503 |1143 |-5.011237e+00 | 7.675829e+00 |    Inf | unknown
 8569s|583500 |583501 | 66728k| 114.4 |  2486M | 113 | 302 | 129 | 445 |3325k|  4 |8507 |1143 |-5.011237e+00 | 7.675829e+00 |    Inf | unknown
 8570s|583600 |583601 | 66740k| 114.4 |  2486M | 113 | 302 | 129 | 450 |3325k|  1 |8512 |1143 |-5.011237e+00 | 7.675829e+00 |    Inf | unknown
 8571s|583700 |583701 | 66753k| 114.4 |  2487M | 113 | 302 | 131 | 414 |3326k|  2 |8519 |1143 |-5.011237e+00 | 7.675829e+00 |    Inf | unknown
 8572s|583800 |583801 | 66764k| 114.4 |  2487M | 113 | 302 | 136 | 373 |3326k|  1 |8527 |1143 |-5.011237e+00 | 7.675829e+00 |    Inf | unknown
 8573s|583900 |583901 | 66781k| 114.4 |  2487M | 113 | 302 | 137 | 377 |3327k|  2 |8534 |1143 |-5.011237e+00 | 7.675829e+00 |    Inf | unknown
 8573s|584000 |584001 | 66793k| 114.4 |  2487M | 113 | 302 | 137 | 356 |3327k|  2 |8539 |1143 |-5.011237e+00 | 7.675829e+00 |    Inf | unknown
 8580s|584100 |584101 | 66807k| 114.4 |  2488M | 113 | 302 | 137 | 395 |3328k|  3 |8544 |1143 |-5.011237e+00 | 7.675829e+00 |    Inf | unknown
 8580s|584200 |584201 | 66817k| 114.4 |  2489M | 113 | 302 | 132 | 389 |3328k|  2 |8546 |1143 |-5.011237e+00 | 7.675829e+00 |    Inf | unknown
 time | node  | left  |LP iter|LP it/n|mem/heur|mdpt |vars |cons |rows |cuts |sepa|confs|strbr|  dualbound   | primalbound  |  gap   | compl. 
 8581s|584300 |584301 | 66836k| 114.4 |  2489M | 113 | 302 | 129 | 369 |3329k|  2 |8551 |1143 |-5.011237e+00 | 7.675829e+00 |    Inf | unknown
 8582s|584400 |584401 | 66847k| 114.4 |  2489M | 113 | 302 | 131 | 359 |3329k|  3 |8556 |1143 |-5.011237e+00 | 7.675829e+00 |    Inf | unknown
 8612s|584500 |584501 | 66865k| 114.4 |  2489M | 113 | 302 | 126 | 424 |3330k|  3 |8561 |1143 |-5.011237e+00 | 7.675829e+00 |    Inf | unknown
 8613s|584600 |584601 | 66879k| 114.4 |  2490M | 113 | 302 | 129 | 333 |3331k|  2 |8567 |1143 |-5.011237e+00 | 7.675829e+00 |    Inf | unknown
 8614s|584700 |584701 | 66890k| 114.4 |  2490M | 113 | 302 | 131 | 486 |3331k|  2 |8574 |1143 |-5.011237e+00 | 7.675829e+00 |    Inf | unknown
 8614s|584800 |584801 | 66904k| 114.4 |  2490M | 113 | 302 | 128 | 379 |3332k|  2 |8576 |1143 |-5.011237e+00 | 7.675829e+00 |    Inf | unknown
 8615s|584900 |584901 | 66915k| 114.4 |  2490M | 113 | 302 | 126 | 431 |3332k|  1 |8578 |1143 |-5.011237e+00 | 7.675829e+00 |    Inf | unknown
 8616s|585000 |585001 | 66928k| 114.4 |  2490M | 113 | 302 | 128 | 393 |3333k|  3 |8581 |1143 |-5.011237e+00 | 7.675829e+00 |    Inf | unknown
 8617s|585100 |585101 | 66942k| 114.4 |  2492M | 113 | 302 | 130 | 417 |3333k|  2 |8586 |1143 |-5.011237e+00 | 7.675829e+00 |    Inf | unknown
 8618s|585200 |585201 | 66960k| 114.4 |  2492M | 113 | 302 | 120 | 407 |3334k|  2 |8588 |1143 |-5.011237e+00 | 7.675829e+00 |    Inf | unknown
 8625s|585300 |585301 | 66973k| 114.4 |  2492M | 113 | 302 | 127 | 451 |3334k|  4 |8599 |1143 |-5.011237e+00 | 7.675829e+00 |    Inf | unknown
 8626s|585400 |585401 | 66984k| 114.4 |  2494M | 113 | 302 | 130 | 503 |3335k|  4 |8604 |1143 |-5.011237e+00 | 7.675829e+00 |    Inf | unknown
 8627s|585500 |585501 | 66996k| 114.4 |  2494M | 113 | 302 | 136 | 424 |3335k|  3 |8610 |1143 |-5.011237e+00 | 7.675829e+00 |    Inf | unknown
 8628s|585600 |585601 | 67008k| 114.4 |  2494M | 113 | 302 | 137 | 373 |3336k|  1 |8611 |1143 |-5.011237e+00 | 7.675829e+00 |    Inf | unknown
 8635s|585700 |585701 | 67021k| 114.4 |  2494M | 113 | 302 | 143 | 426 |3336k|  2 |8618 |1143 |-5.011237e+00 | 7.675829e+00 |    Inf | unknown
 time | node  | left  |LP iter|LP it/n|mem/heur|mdpt |vars |cons |rows |cuts |sepa|confs|strbr|  dualbound   | primalbound  |  gap   | compl. 
 8636s|585800 |585801 | 67035k| 114.4 |  2494M | 113 | 302 | 147 | 385 |3337k|  2 |8622 |1143 |-5.011237e+00 | 7.675829e+00 |    Inf | unknown
 8636s|585900 |585901 | 67047k| 114.4 |  2494M | 113 | 302 | 153 | 387 |3337k|  4 |8628 |1143 |-5.011237e+00 | 7.675829e+00 |    Inf | unknown
 8667s|586000 |586001 | 67061k| 114.4 |  2495M | 113 | 302 | 157 | 359 |3338k|  2 |8632 |1143 |-5.011237e+00 | 7.675829e+00 |    Inf | unknown
 8668s|586100 |586101 | 67075k| 114.4 |  2495M | 113 | 302 | 153 | 439 |3339k|  3 |8636 |1143 |-5.011237e+00 | 7.675829e+00 |    Inf | unknown
 8668s|586200 |586201 | 67088k| 114.4 |  2495M | 113 | 302 | 155 | 426 |3339k|  2 |8640 |1143 |-5.011237e+00 | 7.675829e+00 |    Inf | unknown
 8669s|586300 |586301 | 67101k| 114.4 |  2495M | 113 | 302 | 149 | 413 |3340k|  4 |8643 |1143 |-5.011237e+00 | 7.675829e+00 |    Inf | unknown
 8670s|586400 |586401 | 67114k| 114.4 |  2495M | 113 | 302 | 149 | 445 |3340k|  1 |8647 |1143 |-5.011237e+00 | 7.675829e+00 |    Inf | unknown
 8671s|586500 |586501 | 67126k| 114.4 |  2495M | 113 | 302 | 150 | 362 |3341k|  1 |8650 |1143 |-5.011237e+00 | 7.675829e+00 |    Inf | unknown
 8672s|586600 |586601 | 67141k| 114.5 |  2496M | 113 | 302 | 150 | 414 |3341k|  3 |8653 |1143 |-5.011237e+00 | 7.675829e+00 |    Inf | unknown
 8672s|586700 |586701 | 67152k| 114.5 |  2496M | 113 | 302 | 149 | 409 |3342k|  2 |8660 |1143 |-5.011237e+00 | 7.675829e+00 |    Inf | unknown
 8679s|586800 |586801 | 67167k| 114.5 |  2497M | 113 | 302 | 145 | 471 |3342k|  4 |8666 |1143 |-5.011237e+00 | 7.675829e+00 |    Inf | unknown
 8680s|586900 |586901 | 67180k| 114.5 |  2498M | 113 | 302 | 144 | 342 |3343k|  3 |8668 |1143 |-5.011237e+00 | 7.675829e+00 |    Inf | unknown
 8680s|587000 |587001 | 67193k| 114.5 |  2498M | 113 | 302 | 144 | 334 |3343k|  2 |8671 |1143 |-5.011237e+00 | 7.675829e+00 |    Inf | unknown
 8714s|587100 |587101 | 67210k| 114.5 |  2498M | 113 | 302 | 139 | 398 |3344k|  2 |8673 |1143 |-5.011237e+00 | 7.675829e+00 |    Inf | unknown
 8715s|587200 |587201 | 67222k| 114.5 |  2498M | 113 | 302 | 139 | 451 |3344k|  4 |8675 |1143 |-5.011237e+00 | 7.675829e+00 |    Inf | unknown
 time | node  | left  |LP iter|LP it/n|mem/heur|mdpt |vars |cons |rows |cuts |sepa|confs|strbr|  dualbound   | primalbound  |  gap   | compl. 
 8715s|587300 |587301 | 67234k| 114.5 |  2498M | 113 | 302 | 141 | 344 |3345k|  2 |8680 |1143 |-5.011237e+00 | 7.675829e+00 |    Inf | unknown
 8716s|587400 |587401 | 67248k| 114.5 |  2498M | 113 | 302 | 139 | 446 |3345k|  2 |8684 |1143 |-5.011237e+00 | 7.675829e+00 |    Inf | unknown
 8717s|587500 |587501 | 67261k| 114.5 |  2498M | 113 | 302 | 134 | 404 |3346k|  2 |8685 |1143 |-5.011237e+00 | 7.675829e+00 |    Inf | unknown
 8718s|587600 |587601 | 67276k| 114.5 |  2498M | 113 | 302 | 133 | 370 |3346k|  1 |8690 |1143 |-5.011237e+00 | 7.675829e+00 |    Inf | unknown
 8719s|587700 |587701 | 67288k| 114.5 |  2500M | 113 | 302 | 137 | 366 |3347k|  2 |8697 |1143 |-5.011237e+00 | 7.675829e+00 |    Inf | unknown
 8720s|587800 |587801 | 67301k| 114.5 |  2501M | 113 | 302 | 136 | 412 |3347k|  2 |8700 |1143 |-5.011237e+00 | 7.675829e+00 |    Inf | unknown
 8728s|587900 |587901 | 67314k| 114.5 |  2501M | 113 | 302 | 144 | 385 |3348k|  4 |8708 |1143 |-5.011237e+00 | 7.675829e+00 |    Inf | unknown
 8729s|588000 |588001 | 67326k| 114.5 |  2502M | 113 | 302 | 144 | 400 |3349k|  2 |8711 |1143 |-5.011237e+00 | 7.675829e+00 |    Inf | unknown
 8730s|588100 |588101 | 67341k| 114.5 |  2503M | 113 | 302 | 143 | 452 |3349k|  3 |8712 |1143 |-5.011237e+00 | 7.675829e+00 |    Inf | unknown
 8737s|588200 |588201 | 67362k| 114.5 |  2503M | 113 | 302 | 137 | 450 |3350k|  4 |8714 |1143 |-5.011237e+00 | 7.675829e+00 |    Inf | unknown
 8738s|588300 |588301 | 67373k| 114.5 |  2503M | 113 | 302 | 137 | 404 |3350k|  3 |8716 |1143 |-5.011237e+00 | 7.675829e+00 |    Inf | unknown
 8766s|588400 |588401 | 67388k| 114.5 |  2503M | 113 | 302 | 136 | 478 |3351k|  2 |8720 |1143 |-5.011237e+00 | 7.675829e+00 |    Inf | unknown
 8767s|588500 |588501 | 67400k| 114.5 |  2505M | 113 | 302 | 132 | 390 |3352k|  3 |8722 |1143 |-5.011237e+00 | 7.675829e+00 |    Inf | unknown
 8768s|588600 |588601 | 67413k| 114.5 |  2505M | 113 | 302 | 135 | 377 |3352k|  2 |8730 |1143 |-5.011237e+00 | 7.675829e+00 |    Inf | unknown
 8769s|588700 |588701 | 67425k| 114.5 |  2505M | 113 | 302 | 133 | 467 |3353k|  2 |8734 |1143 |-5.011237e+00 | 7.675829e+00 |    Inf | unknown
 time | node  | left  |LP iter|LP it/n|mem/heur|mdpt |vars |cons |rows |cuts |sepa|confs|strbr|  dualbound   | primalbound  |  gap   | compl. 
 8770s|588800 |588801 | 67440k| 114.5 |  2505M | 113 | 302 | 133 | 396 |3353k|  3 |8738 |1143 |-5.011237e+00 | 7.675829e+00 |    Inf | unknown
 8770s|588900 |588901 | 67454k| 114.5 |  2505M | 113 | 302 | 131 | 414 |3354k|  3 |8739 |1143 |-5.011237e+00 | 7.675829e+00 |    Inf | unknown
 8771s|589000 |589001 | 67466k| 114.5 |  2505M | 113 | 302 | 135 | 449 |3354k|  3 |8744 |1143 |-5.011237e+00 | 7.675829e+00 |    Inf | unknown
 8772s|589100 |589101 | 67480k| 114.5 |  2505M | 113 | 302 | 135 | 475 |3355k|  2 |8747 |1143 |-5.011237e+00 | 7.675829e+00 |    Inf | unknown
 8777s|589200 |589201 | 67492k| 114.5 |  2505M | 113 | 302 | 140 | 391 |3355k|  2 |8753 |1143 |-5.011237e+00 | 7.675829e+00 |    Inf | unknown
 8777s|589300 |589301 | 67505k| 114.5 |  2505M | 113 | 302 | 143 | 472 |3356k|  1 |8757 |1143 |-5.011237e+00 | 7.675829e+00 |    Inf | unknown
 8803s|589400 |589401 | 67521k| 114.6 |  2506M | 113 | 302 | 135 | 382 |3357k|  2 |8762 |1143 |-5.011237e+00 | 7.675829e+00 |    Inf | unknown
 8804s|589500 |589501 | 67536k| 114.6 |  2506M | 113 | 302 | 134 | 422 |3357k|  2 |8763 |1143 |-5.011237e+00 | 7.675829e+00 |    Inf | unknown
 8805s|589600 |589601 | 67548k| 114.6 |  2507M | 113 | 302 | 135 | 421 |3358k|  3 |8766 |1143 |-5.011237e+00 | 7.675829e+00 |    Inf | unknown
 8806s|589700 |589701 | 67565k| 114.6 |  2507M | 113 | 302 | 131 | 391 |3358k|  1 |8767 |1143 |-5.011237e+00 | 7.675829e+00 |    Inf | unknown
 8806s|589800 |589801 | 67577k| 114.6 |  2508M | 113 | 302 | 132 | 362 |3359k|  1 |8770 |1143 |-5.011237e+00 | 7.675829e+00 |    Inf | unknown
 8807s|589900 |589901 | 67592k| 114.6 |  2509M | 113 | 302 | 127 | 409 |3359k|  1 |8775 |1143 |-5.011237e+00 | 7.675829e+00 |    Inf | unknown
 8808s|590000 |590001 | 67604k| 114.6 |  2509M | 113 | 302 | 128 | 457 |3360k|  2 |8780 |1143 |-5.011237e+00 | 7.675829e+00 |    Inf | unknown
 8809s|590100 |590101 | 67617k| 114.6 |  2509M | 113 | 302 | 134 | 398 |3360k|  1 |8789 |1143 |-5.011237e+00 | 7.675829e+00 |    Inf | unknown
 8817s|590200 |590201 | 67629k| 114.6 |  2509M | 113 | 302 | 141 | 491 |3361k|  4 |8796 |1143 |-5.011237e+00 | 7.675829e+00 |    Inf | unknown
 time | node  | left  |LP iter|LP it/n|mem/heur|mdpt |vars |cons |rows |cuts |sepa|confs|strbr|  dualbound   | primalbound  |  gap   | compl. 
 8818s|590300 |590301 | 67643k| 114.6 |  2510M | 113 | 302 | 142 | 413 |3361k|  3 |8802 |1143 |-5.011237e+00 | 7.675829e+00 |    Inf | unknown
 8819s|590400 |590401 | 67659k| 114.6 |  2510M | 113 | 302 | 147 | 417 |3362k|  1 |8809 |1143 |-5.011237e+00 | 7.675829e+00 |    Inf | unknown
 8826s|590500 |590501 | 67673k| 114.6 |  2511M | 113 | 302 | 147 | 454 |3362k|  4 |8813 |1143 |-5.011237e+00 | 7.675829e+00 |    Inf | unknown
 8827s|590600 |590601 | 67687k| 114.6 |  2511M | 113 | 302 | 146 | 396 |3363k|  2 |8817 |1143 |-5.011237e+00 | 7.675829e+00 |    Inf | unknown
 8854s|590700 |590701 | 67705k| 114.6 |  2511M | 113 | 302 | 140 | 422 |3364k|  3 |8820 |1143 |-5.011237e+00 | 7.675829e+00 |    Inf | unknown
 8854s|590800 |590801 | 67716k| 114.6 |  2511M | 113 | 302 | 139 | 403 |3364k|  2 |8826 |1143 |-5.011237e+00 | 7.675829e+00 |    Inf | unknown
 8855s|590900 |590901 | 67729k| 114.6 |  2512M | 113 | 302 | 141 | 400 |3365k|  2 |8834 |1143 |-5.011237e+00 | 7.675829e+00 |    Inf | unknown
 8856s|591000 |591001 | 67742k| 114.6 |  2513M | 113 | 302 | 138 | 455 |3365k|  4 |8837 |1143 |-5.011237e+00 | 7.675829e+00 |    Inf | unknown
 8857s|591100 |591101 | 67754k| 114.6 |  2513M | 113 | 302 | 141 | 480 |3366k|  1 |8843 |1143 |-5.011237e+00 | 7.675829e+00 |    Inf | unknown
 8858s|591200 |591201 | 67770k| 114.6 |  2514M | 113 | 302 | 137 | 434 |3366k|  3 |8846 |1143 |-5.011237e+00 | 7.675829e+00 |    Inf | unknown
 8858s|591300 |591301 | 67781k| 114.6 |  2514M | 113 | 302 | 138 | 424 |3367k|  2 |8852 |1143 |-5.011237e+00 | 7.675829e+00 |    Inf | unknown
 8859s|591400 |591401 | 67794k| 114.6 |  2514M | 113 | 302 | 139 | 422 |3367k|  3 |8858 |1143 |-5.011237e+00 | 7.675829e+00 |    Inf | unknown
 8866s|591500 |591501 | 67809k| 114.6 |  2515M | 113 | 302 | 136 | 359 |3368k|  2 |8863 |1143 |-5.011237e+00 | 7.675829e+00 |    Inf | unknown
 8867s|591600 |591601 | 67822k| 114.6 |  2515M | 113 | 302 | 136 | 460 |3368k|  1 |8867 |1143 |-5.011237e+00 | 7.675829e+00 |    Inf | unknown
 8868s|591700 |591701 | 67834k| 114.6 |  2515M | 113 | 302 | 132 | 402 |3369k|  1 |8872 |1143 |-5.011237e+00 | 7.675829e+00 |    Inf | unknown
 time | node  | left  |LP iter|LP it/n|mem/heur|mdpt |vars |cons |rows |cuts |sepa|confs|strbr|  dualbound   | primalbound  |  gap   | compl. 
 8899s|591800 |591801 | 67851k| 114.6 |  2516M | 113 | 302 | 135 | 380 |3369k|  2 |8877 |1143 |-5.011237e+00 | 7.675829e+00 |    Inf | unknown
 8900s|591900 |591901 | 67867k| 114.7 |  2516M | 113 | 302 | 131 | 403 |3370k|  3 |8881 |1143 |-5.011237e+00 | 7.675829e+00 |    Inf | unknown
 8900s|592000 |592001 | 67879k| 114.7 |  2516M | 113 | 302 | 131 | 488 |3370k|  1 |8886 |1143 |-5.011237e+00 | 7.675829e+00 |    Inf | unknown
 8901s|592100 |592101 | 67892k| 114.7 |  2517M | 113 | 302 | 131 | 393 |3371k|  2 |8891 |1143 |-5.011237e+00 | 7.675829e+00 |    Inf | unknown
 8902s|592200 |592201 | 67907k| 114.7 |  2518M | 113 | 302 | 133 | 404 |3372k|  2 |8898 |1143 |-5.011237e+00 | 7.675829e+00 |    Inf | unknown
 8903s|592300 |592301 | 67923k| 114.7 |  2519M | 113 | 302 | 136 | 417 |3372k|  2 |8902 |1143 |-5.011237e+00 | 7.675829e+00 |    Inf | unknown
 8904s|592400 |592401 | 67937k| 114.7 |  2520M | 113 | 302 | 138 | 415 |3373k|  2 |8906 |1143 |-5.011237e+00 | 7.675829e+00 |    Inf | unknown
 8905s|592500 |592501 | 67950k| 114.7 |  2520M | 113 | 302 | 137 | 368 |3373k|  4 |8910 |1143 |-5.011237e+00 | 7.675829e+00 |    Inf | unknown
 8905s|592600 |592601 | 67961k| 114.7 |  2520M | 113 | 302 | 141 | 450 |3374k|  3 |8916 |1143 |-5.011237e+00 | 7.675829e+00 |    Inf | unknown
 8913s|592700 |592701 | 67976k| 114.7 |  2520M | 113 | 302 | 141 | 430 |3374k|  3 |8924 |1143 |-5.011237e+00 | 7.675829e+00 |    Inf | unknown
 8914s|592800 |592801 | 67991k| 114.7 |  2520M | 113 | 302 | 134 | 387 |3375k|  2 |8927 |1143 |-5.011237e+00 | 7.675829e+00 |    Inf | unknown
 8915s|592900 |592901 | 68003k| 114.7 |  2521M | 113 | 302 | 138 | 368 |3375k|  2 |8933 |1143 |-5.011237e+00 | 7.675829e+00 |    Inf | unknown
 8921s|593000 |593001 | 68017k| 114.7 |  2521M | 113 | 302 | 138 | 394 |3376k|  2 |8939 |1143 |-5.011237e+00 | 7.675829e+00 |    Inf | unknown
 8921s|593100 |593101 | 68029k| 114.7 |  2521M | 113 | 302 | 138 | 413 |3376k|  5 |8943 |1143 |-5.011237e+00 | 7.675829e+00 |    Inf | unknown
 8922s|593200 |593201 | 68043k| 114.7 |  2521M | 113 | 302 | 135 | 410 |3377k|  1 |8948 |1143 |-5.011237e+00 | 7.675829e+00 |    Inf | unknown
 time | node  | left  |LP iter|LP it/n|mem/heur|mdpt |vars |cons |rows |cuts |sepa|confs|strbr|  dualbound   | primalbound  |  gap   | compl. 
 8952s|593300 |593301 | 68057k| 114.7 |  2523M | 113 | 302 | 133 | 398 |3377k|  3 |8951 |1143 |-5.011237e+00 | 7.675829e+00 |    Inf | unknown
 8953s|593400 |593401 | 68067k| 114.7 |  2524M | 113 | 302 | 130 | 388 |3378k|  2 |8954 |1143 |-5.011237e+00 | 7.675829e+00 |    Inf | unknown
 8954s|593500 |593501 | 68080k| 114.7 |  2524M | 113 | 302 | 126 | 489 |3378k|  2 |8956 |1143 |-5.011237e+00 | 7.675829e+00 |    Inf | unknown
 8955s|593600 |593601 | 68094k| 114.7 |  2525M | 113 | 302 | 124 | 447 |3379k|  2 |8960 |1143 |-5.011237e+00 | 7.675829e+00 |    Inf | unknown
 8955s|593700 |593701 | 68108k| 114.7 |  2525M | 113 | 302 | 123 | 395 |3379k|  1 |8964 |1143 |-5.011237e+00 | 7.675829e+00 |    Inf | unknown
 8956s|593800 |593801 | 68123k| 114.7 |  2525M | 113 | 302 | 126 | 415 |3380k|  3 |8969 |1143 |-5.011237e+00 | 7.675829e+00 |    Inf | unknown
 8957s|593900 |593901 | 68135k| 114.7 |  2526M | 113 | 302 | 124 | 355 |3380k|  4 |8972 |1143 |-5.011237e+00 | 7.675829e+00 |    Inf | unknown
 8958s|594000 |594001 | 68147k| 114.7 |  2526M | 113 | 302 | 130 | 415 |3381k|  2 |8980 |1143 |-5.011237e+00 | 7.675829e+00 |    Inf | unknown
 8962s|594100 |594101 | 68159k| 114.7 |  2527M | 113 | 302 | 132 | 496 |3381k|  4 |8985 |1143 |-5.011237e+00 | 7.675829e+00 |    Inf | unknown
 8963s|594200 |594201 | 68172k| 114.7 |  2527M | 113 | 302 | 135 | 414 |3382k|  3 |8992 |1143 |-5.011237e+00 | 7.675829e+00 |    Inf | unknown
 8990s|594300 |594301 | 68190k| 114.7 |  2529M | 113 | 302 | 138 | 442 |3382k|  2 |8995 |1143 |-5.011237e+00 | 7.675829e+00 |    Inf | unknown
 8991s|594400 |594401 | 68203k| 114.7 |  2529M | 113 | 302 | 135 | 415 |3383k|  4 |8996 |1143 |-5.011237e+00 | 7.675829e+00 |    Inf | unknown
 8992s|594500 |594501 | 68216k| 114.7 |  2529M | 113 | 302 | 141 | 339 |3383k|  1 |9004 |1143 |-5.011237e+00 | 7.675829e+00 |    Inf | unknown
 8992s|594600 |594601 | 68227k| 114.7 |  2529M | 113 | 302 | 139 | 409 |3384k|  4 |9008 |1143 |-5.011237e+00 | 7.675829e+00 |    Inf | unknown
 8993s|594700 |594701 | 68239k| 114.7 |  2529M | 113 | 302 | 137 | 440 |3384k|  2 |9016 |1143 |-5.011237e+00 | 7.675829e+00 |    Inf | unknown
 time | node  | left  |LP iter|LP it/n|mem/heur|mdpt |vars |cons |rows |cuts |sepa|confs|strbr|  dualbound   | primalbound  |  gap   | compl. 
 8994s|594800 |594801 | 68254k| 114.7 |  2530M | 113 | 302 | 136 | 347 |3385k|  3 |9021 |1143 |-5.011237e+00 | 7.675829e+00 |    Inf | unknown
 8995s|594900 |594901 | 68267k| 114.7 |  2531M | 113 | 302 | 134 | 379 |3385k|  2 |9023 |1143 |-5.011237e+00 | 7.675829e+00 |    Inf | unknown
 8996s|595000 |595001 | 68277k| 114.7 |  2531M | 113 | 302 | 136 | 498 |3386k|  5 |9027 |1143 |-5.011237e+00 | 7.675829e+00 |    Inf | unknown
 8996s|595100 |595101 | 68290k| 114.8 |  2532M | 113 | 302 | 137 | 372 |3386k|  4 |9033 |1143 |-5.011237e+00 | 7.675829e+00 |    Inf | unknown
 8997s|595200 |595201 | 68304k| 114.8 |  2533M | 113 | 302 | 137 | 375 |3387k|  3 |9037 |1143 |-5.011237e+00 | 7.675829e+00 |    Inf | unknown
 9004s|595300 |595301 | 68316k| 114.8 |  2533M | 113 | 302 | 133 | 419 |3387k|  2 |9040 |1143 |-5.011237e+00 | 7.675829e+00 |    Inf | unknown
 9005s|595400 |595401 | 68327k| 114.8 |  2533M | 113 | 302 | 135 | 415 |3388k|  1 |9045 |1143 |-5.011237e+00 | 7.675829e+00 |    Inf | unknown
 9006s|595500 |595501 | 68344k| 114.8 |  2533M | 113 | 302 | 137 | 473 |3389k|  1 |9053 |1143 |-5.011237e+00 | 7.675829e+00 |    Inf | unknown
 9013s|595600 |595601 | 68356k| 114.8 |  2533M | 113 | 302 | 140 | 472 |3389k|  2 |9059 |1143 |-5.011237e+00 | 7.675829e+00 |    Inf | unknown
 9014s|595700 |595701 | 68370k| 114.8 |  2536M | 113 | 302 | 135 | 416 |3390k|  2 |9064 |1143 |-5.011237e+00 | 7.675829e+00 |    Inf | unknown
 9048s|595800 |595801 | 68384k| 114.8 |  2536M | 113 | 302 | 133 | 434 |3390k|  2 |9067 |1143 |-5.011237e+00 | 7.675829e+00 |    Inf | unknown
 9049s|595900 |595901 | 68395k| 114.8 |  2536M | 113 | 302 | 135 | 422 |3391k|  2 |9071 |1143 |-5.011237e+00 | 7.675829e+00 |    Inf | unknown
 9050s|596000 |596001 | 68408k| 114.8 |  2536M | 113 | 302 | 136 | 356 |3391k|  2 |9076 |1143 |-5.011237e+00 | 7.675829e+00 |    Inf | unknown
 9051s|596100 |596101 | 68423k| 114.8 |  2536M | 113 | 302 | 134 | 381 |3392k|  2 |9083 |1143 |-5.011237e+00 | 7.675829e+00 |    Inf | unknown
 9051s|596200 |596201 | 68436k| 114.8 |  2536M | 113 | 302 | 131 | 435 |3392k|  3 |9086 |1143 |-5.011237e+00 | 7.675829e+00 |    Inf | unknown
 time | node  | left  |LP iter|LP it/n|mem/heur|mdpt |vars |cons |rows |cuts |sepa|confs|strbr|  dualbound   | primalbound  |  gap   | compl. 
 9052s|596300 |596301 | 68447k| 114.8 |  2537M | 113 | 302 | 133 | 381 |3393k|  3 |9091 |1143 |-5.011237e+00 | 7.675829e+00 |    Inf | unknown
 9053s|596400 |596401 | 68461k| 114.8 |  2537M | 113 | 302 | 134 | 412 |3393k|  2 |9095 |1143 |-5.011237e+00 | 7.675829e+00 |    Inf | unknown
 9054s|596500 |596501 | 68477k| 114.8 |  2538M | 113 | 302 | 130 | 402 |3394k|  2 |9098 |1143 |-5.011237e+00 | 7.675829e+00 |    Inf | unknown
 9055s|596600 |596601 | 68490k| 114.8 |  2538M | 113 | 302 | 132 | 434 |3394k|  4 |9103 |1143 |-5.011237e+00 | 7.675829e+00 |    Inf | unknown
 9074s|596700 |596701 | 68503k| 114.8 |  2539M | 113 | 302 | 129 | 369 |3395k|  2 |9109 |1143 |-5.011237e+00 | 7.675829e+00 |    Inf | unknown
 9075s|596800 |596801 | 68515k| 114.8 |  2539M | 113 | 302 | 133 | 390 |3395k|  2 |9116 |1143 |-5.011237e+00 | 7.675829e+00 |    Inf | unknown
 9076s|596900 |596901 | 68526k| 114.8 |  2539M | 113 | 302 | 131 | 409 |3396k|  3 |9119 |1143 |-5.011237e+00 | 7.675829e+00 |    Inf | unknown
 9077s|597000 |597001 | 68543k| 114.8 |  2540M | 113 | 302 | 135 | 345 |3396k|  4 |9125 |1143 |-5.011237e+00 | 7.675829e+00 |    Inf | unknown
 9078s|597100 |597101 | 68555k| 114.8 |  2540M | 113 | 302 | 141 | 477 |3397k|  2 |9131 |1143 |-5.011237e+00 | 7.675829e+00 |    Inf | unknown
 9078s|597200 |597201 | 68569k| 114.8 |  2540M | 113 | 302 | 144 | 421 |3398k|  2 |9135 |1143 |-5.011237e+00 | 7.675829e+00 |    Inf | unknown
 9107s|597300 |597301 | 68585k| 114.8 |  2541M | 113 | 302 | 140 | 480 |3398k|  2 |9138 |1143 |-5.011237e+00 | 7.675829e+00 |    Inf | unknown
 9108s|597400 |597401 | 68598k| 114.8 |  2542M | 113 | 302 | 134 | 408 |3398k|  2 |9145 |1143 |-5.011237e+00 | 7.675829e+00 |    Inf | unknown
 9109s|597500 |597501 | 68613k| 114.8 |  2542M | 113 | 302 | 137 | 430 |3399k|  2 |9150 |1143 |-5.011237e+00 | 7.675829e+00 |    Inf | unknown
 9109s|597600 |597601 | 68625k| 114.8 |  2543M | 113 | 302 | 137 | 416 |3399k|  2 |9154 |1143 |-5.011237e+00 | 7.675829e+00 |    Inf | unknown
 9110s|597700 |597701 | 68637k| 114.8 |  2543M | 113 | 302 | 135 | 361 |3400k|  2 |9156 |1143 |-5.011237e+00 | 7.675829e+00 |    Inf | unknown
 time | node  | left  |LP iter|LP it/n|mem/heur|mdpt |vars |cons |rows |cuts |sepa|confs|strbr|  dualbound   | primalbound  |  gap   | compl. 
 9111s|597800 |597801 | 68652k| 114.8 |  2545M | 113 | 302 | 128 | 343 |3401k|  2 |9157 |1143 |-5.011237e+00 | 7.675829e+00 |    Inf | unknown
 9112s|597900 |597901 | 68665k| 114.8 |  2545M | 113 | 302 | 132 | 420 |3401k|  2 |9163 |1143 |-5.011237e+00 | 7.675829e+00 |    Inf | unknown
 9113s|598000 |598001 | 68676k| 114.8 |  2545M | 113 | 302 | 131 | 406 |3402k|  2 |9167 |1143 |-5.011237e+00 | 7.675829e+00 |    Inf | unknown
 9113s|598100 |598101 | 68690k| 114.8 |  2547M | 113 | 302 | 138 | 384 |3402k|  4 |9176 |1143 |-5.011237e+00 | 7.675829e+00 |    Inf | unknown
 9114s|598200 |598201 | 68702k| 114.8 |  2550M | 113 | 302 | 143 | 409 |3403k|  2 |9185 |1143 |-5.011237e+00 | 7.675829e+00 |    Inf | unknown
 9122s|598300 |598301 | 68718k| 114.9 |  2550M | 113 | 302 | 141 | 418 |3404k|  2 |9192 |1143 |-5.011237e+00 | 7.675829e+00 |    Inf | unknown
 9123s|598400 |598401 | 68736k| 114.9 |  2550M | 113 | 302 | 146 | 360 |3404k|  4 |9197 |1143 |-5.011237e+00 | 7.675829e+00 |    Inf | unknown
 9124s|598500 |598501 | 68750k| 114.9 |  2550M | 113 | 302 | 149 | 401 |3405k|  4 |9201 |1143 |-5.011237e+00 | 7.675829e+00 |    Inf | unknown
 9129s|598600 |598601 | 68762k| 114.9 |  2550M | 113 | 302 | 152 | 403 |3405k|  2 |9204 |1143 |-5.011237e+00 | 7.675829e+00 |    Inf | unknown
 9130s|598700 |598701 | 68775k| 114.9 |  2550M | 113 | 302 | 155 | 356 |3406k|  4 |9211 |1143 |-5.011237e+00 | 7.675829e+00 |    Inf | unknown
 9160s|598800 |598801 | 68792k| 114.9 |  2550M | 113 | 302 | 148 | 417 |3406k|  2 |9215 |1143 |-5.011237e+00 | 7.675829e+00 |    Inf | unknown
 9160s|598900 |598901 | 68802k| 114.9 |  2550M | 113 | 302 | 148 | 428 |3407k|  2 |9219 |1143 |-5.011237e+00 | 7.675829e+00 |    Inf | unknown
 9161s|599000 |599001 | 68814k| 114.9 |  2552M | 113 | 302 | 140 | 481 |3407k|  3 |9223 |1143 |-5.011237e+00 | 7.675829e+00 |    Inf | unknown
 9162s|599100 |599101 | 68826k| 114.9 |  2553M | 113 | 302 | 143 | 427 |3408k|  3 |9227 |1143 |-5.011237e+00 | 7.675829e+00 |    Inf | unknown
 9162s|599200 |599201 | 68836k| 114.9 |  2553M | 113 | 302 | 145 | 403 |3408k|  2 |9233 |1143 |-5.011237e+00 | 7.675829e+00 |    Inf | unknown
 time | node  | left  |LP iter|LP it/n|mem/heur|mdpt |vars |cons |rows |cuts |sepa|confs|strbr|  dualbound   | primalbound  |  gap   | compl. 
 9163s|599300 |599301 | 68852k| 114.9 |  2553M | 113 | 302 | 144 | 361 |3409k|  2 |9235 |1143 |-5.011237e+00 | 7.675829e+00 |    Inf | unknown
 9165s|599400 |599401 | 68869k| 114.9 |  2555M | 113 | 302 | 144 | 479 |3410k|  3 |9239 |1143 |-5.011237e+00 | 7.675829e+00 |    Inf | unknown
 9165s|599500 |599501 | 68883k| 114.9 |  2556M | 113 | 302 | 140 | 458 |3410k|  2 |9245 |1143 |-5.011237e+00 | 7.675829e+00 |    Inf | unknown
 9166s|599600 |599601 | 68894k| 114.9 |  2556M | 113 | 302 | 143 | 462 |3411k|  3 |9251 |1143 |-5.011237e+00 | 7.675829e+00 |    Inf | unknown
 9172s|599700 |599701 | 68907k| 114.9 |  2557M | 113 | 302 | 148 | 460 |3411k|  2 |9257 |1143 |-5.011237e+00 | 7.675829e+00 |    Inf | unknown
 9173s|599800 |599801 | 68919k| 114.9 |  2558M | 113 | 302 | 146 | 396 |3412k|  2 |9261 |1143 |-5.011237e+00 | 7.675829e+00 |    Inf | unknown
 9173s|599900 |599901 | 68932k| 114.9 |  2559M | 113 | 302 | 146 | 443 |3412k|  2 |9265 |1143 |-5.011237e+00 | 7.675829e+00 |    Inf | unknown
 9204s|600000 |600001 | 68949k| 114.9 |  2559M | 113 | 302 | 142 | 439 |3413k|  3 |9269 |1143 |-5.011237e+00 | 7.675829e+00 |    Inf | unknown
 9205s|600100 |600101 | 68963k| 114.9 |  2559M | 113 | 302 | 142 | 478 |3413k|  2 |9272 |1143 |-5.011237e+00 | 7.675829e+00 |    Inf | unknown
 9206s|600200 |600201 | 68978k| 114.9 |  2559M | 113 | 302 | 140 | 356 |3414k|  2 |9275 |1143 |-5.011237e+00 | 7.675829e+00 |    Inf | unknown
 9207s|600300 |600301 | 68993k| 114.9 |  2559M | 113 | 302 | 140 | 374 |3415k|  1 |9281 |1143 |-5.011237e+00 | 7.675829e+00 |    Inf | unknown
 9208s|600400 |600401 | 69008k| 114.9 |  2560M | 113 | 302 | 139 | 424 |3415k|  2 |9283 |1143 |-5.011237e+00 | 7.675829e+00 |    Inf | unknown
 9209s|600500 |600501 | 69019k| 114.9 |  2560M | 113 | 302 | 134 | 403 |3416k|  2 |9285 |1143 |-5.011237e+00 | 7.675829e+00 |    Inf | unknown
 9209s|600600 |600601 | 69031k| 114.9 |  2560M | 113 | 302 | 134 | 380 |3416k|  2 |9287 |1143 |-5.011237e+00 | 7.675829e+00 |    Inf | unknown
 9210s|600700 |600701 | 69044k| 114.9 |  2561M | 113 | 302 | 132 | 464 |3417k|  2 |9290 |1143 |-5.011237e+00 | 7.675829e+00 |    Inf | unknown
 time | node  | left  |LP iter|LP it/n|mem/heur|mdpt |vars |cons |rows |cuts |sepa|confs|strbr|  dualbound   | primalbound  |  gap   | compl. 
 9216s|600800 |600801 | 69055k| 114.9 |  2561M | 113 | 302 | 135 | 351 |3417k|  2 |9295 |1143 |-5.011237e+00 | 7.675829e+00 |    Inf | unknown
 9217s|600900 |600901 | 69069k| 114.9 |  2562M | 113 | 302 | 136 | 387 |3418k|  2 |9300 |1143 |-5.011237e+00 | 7.675829e+00 |    Inf | unknown
 9218s|601000 |601001 | 69084k| 114.9 |  2562M | 113 | 302 | 141 | 448 |3418k|  2 |9306 |1143 |-5.011237e+00 | 7.675829e+00 |    Inf | unknown
 9224s|601100 |601101 | 69101k| 115.0 |  2562M | 113 | 302 | 142 | 380 |3419k|  4 |9310 |1143 |-5.011237e+00 | 7.675829e+00 |    Inf | unknown
 9225s|601200 |601201 | 69112k| 115.0 |  2562M | 113 | 302 | 145 | 376 |3420k|  2 |9315 |1143 |-5.011237e+00 | 7.675829e+00 |    Inf | unknown
 9252s|601300 |601301 | 69125k| 115.0 |  2562M | 113 | 302 | 145 | 415 |3420k|  2 |9320 |1143 |-5.011237e+00 | 7.675829e+00 |    Inf | unknown
 9253s|601400 |601401 | 69138k| 115.0 |  2563M | 113 | 302 | 150 | 401 |3421k|  4 |9326 |1143 |-5.011237e+00 | 7.675829e+00 |    Inf | unknown
 9254s|601500 |601501 | 69153k| 115.0 |  2563M | 113 | 302 | 154 | 400 |3421k|  2 |9335 |1143 |-5.011237e+00 | 7.675829e+00 |    Inf | unknown
 9255s|601600 |601601 | 69164k| 115.0 |  2565M | 113 | 302 | 156 | 425 |3422k|  4 |9338 |1143 |-5.011237e+00 | 7.675829e+00 |    Inf | unknown
 9256s|601700 |601701 | 69177k| 115.0 |  2565M | 113 | 302 | 153 | 414 |3422k|  3 |9343 |1143 |-5.011237e+00 | 7.675829e+00 |    Inf | unknown
 9256s|601800 |601801 | 69189k| 115.0 |  2565M | 113 | 302 | 154 | 390 |3423k|  2 |9347 |1143 |-5.011237e+00 | 7.675829e+00 |    Inf | unknown
 9257s|601900 |601901 | 69203k| 115.0 |  2565M | 113 | 302 | 152 | 415 |3423k|  3 |9348 |1143 |-5.011237e+00 | 7.675829e+00 |    Inf | unknown
 9258s|602000 |602001 | 69218k| 115.0 |  2565M | 113 | 302 | 155 | 431 |3424k|  2 |9356 |1143 |-5.011237e+00 | 7.675829e+00 |    Inf | unknown
 9265s|602100 |602101 | 69230k| 115.0 |  2566M | 113 | 302 | 160 | 420 |3425k|  2 |9363 |1143 |-5.011237e+00 | 7.675829e+00 |    Inf | unknown
 9266s|602200 |602201 | 69243k| 115.0 |  2567M | 113 | 302 | 160 | 421 |3425k|  2 |9370 |1143 |-5.011237e+00 | 7.675829e+00 |    Inf | unknown
 time | node  | left  |LP iter|LP it/n|mem/heur|mdpt |vars |cons |rows |cuts |sepa|confs|strbr|  dualbound   | primalbound  |  gap   | compl. 
 9267s|602300 |602301 | 69255k| 115.0 |  2567M | 113 | 302 | 163 | 368 |3426k|  2 |9380 |1143 |-5.011237e+00 | 7.675829e+00 |    Inf | unknown
 9295s|602400 |602401 | 69272k| 115.0 |  2570M | 113 | 302 | 156 | 420 |3426k|  4 |9385 |1143 |-5.011237e+00 | 7.675829e+00 |    Inf | unknown
 9295s|602500 |602501 | 69284k| 115.0 |  2570M | 113 | 302 | 160 | 476 |3427k|  2 |9395 |1143 |-5.011237e+00 | 7.675829e+00 |    Inf | unknown
 9296s|602600 |602601 | 69299k| 115.0 |  2570M | 113 | 302 | 163 | 376 |3427k|  4 |9401 |1143 |-5.011237e+00 | 7.675829e+00 |    Inf | unknown
 9297s|602700 |602701 | 69310k| 115.0 |  2570M | 113 | 302 | 166 | 422 |3428k|  2 |9406 |1143 |-5.011237e+00 | 7.675829e+00 |    Inf | unknown
 9298s|602800 |602801 | 69324k| 115.0 |  2573M | 113 | 302 | 166 | 457 |3428k|  2 |9408 |1143 |-5.011237e+00 | 7.675829e+00 |    Inf | unknown
 9299s|602900 |602901 | 69335k| 115.0 |  2574M | 113 | 302 | 168 | 467 |3429k|  3 |9412 |1143 |-5.011237e+00 | 7.675829e+00 |    Inf | unknown
 9300s|603000 |603001 | 69348k| 115.0 |  2574M | 113 | 302 | 163 | 435 |3429k|  2 |9416 |1143 |-5.011237e+00 | 7.675829e+00 |    Inf | unknown
 9301s|603100 |603101 | 69363k| 115.0 |  2574M | 113 | 302 | 154 | 430 |3430k|  4 |9420 |1143 |-5.011237e+00 | 7.675829e+00 |    Inf | unknown
 9301s|603200 |603201 | 69377k| 115.0 |  2576M | 113 | 302 | 155 | 380 |3431k|  2 |9426 |1143 |-5.011237e+00 | 7.675829e+00 |    Inf | unknown
 9310s|603300 |603301 | 69389k| 115.0 |  2576M | 113 | 302 | 156 | 438 |3431k|  4 |9430 |1143 |-5.011237e+00 | 7.675829e+00 |    Inf | unknown
 9310s|603400 |603401 | 69399k| 115.0 |  2576M | 113 | 302 | 154 | 472 |3432k|  3 |9433 |1143 |-5.011237e+00 | 7.675829e+00 |    Inf | unknown
 9311s|603500 |603501 | 69415k| 115.0 |  2577M | 113 | 302 | 146 | 452 |3432k|  1 |9435 |1143 |-5.011237e+00 | 7.675829e+00 |    Inf | unknown
 9312s|603600 |603601 | 69429k| 115.0 |  2577M | 113 | 302 | 152 | 352 |3433k|  2 |9444 |1143 |-5.011237e+00 | 7.675829e+00 |    Inf | unknown
 9317s|603700 |603701 | 69443k| 115.0 |  2577M | 113 | 302 | 153 | 440 |3433k|  2 |9448 |1143 |-5.011237e+00 | 7.675829e+00 |    Inf | unknown
 time | node  | left  |LP iter|LP it/n|mem/heur|mdpt |vars |cons |rows |cuts |sepa|confs|strbr|  dualbound   | primalbound  |  gap   | compl. 
 9318s|603800 |603801 | 69456k| 115.0 |  2577M | 113 | 302 | 150 | 430 |3434k|  2 |9453 |1143 |-5.011237e+00 | 7.675829e+00 |    Inf | unknown
 9351s|603900 |603901 | 69471k| 115.0 |  2577M | 113 | 302 | 148 | 464 |3434k|  2 |9457 |1143 |-5.011237e+00 | 7.675829e+00 |    Inf | unknown
 9352s|604000 |604001 | 69484k| 115.0 |  2577M | 113 | 302 | 149 | 452 |3435k|  2 |9461 |1143 |-5.011237e+00 | 7.675829e+00 |    Inf | unknown
 9353s|604100 |604101 | 69497k| 115.0 |  2578M | 113 | 302 | 151 | 399 |3435k|  5 |9468 |1143 |-5.011237e+00 | 7.675829e+00 |    Inf | unknown
 9353s|604200 |604201 | 69507k| 115.0 |  2579M | 113 | 302 | 151 | 490 |3436k|  2 |9472 |1143 |-5.011237e+00 | 7.675829e+00 |    Inf | unknown
 9354s|604300 |604301 | 69520k| 115.0 |  2579M | 113 | 302 | 152 | 398 |3436k|  2 |9477 |1143 |-5.011237e+00 | 7.675829e+00 |    Inf | unknown
 9355s|604400 |604401 | 69531k| 115.0 |  2579M | 113 | 302 | 152 | 433 |3437k|  4 |9484 |1143 |-5.011237e+00 | 7.675829e+00 |    Inf | unknown
 9356s|604500 |604501 | 69547k| 115.0 |  2580M | 113 | 302 | 148 | 362 |3437k|  2 |9489 |1143 |-5.011237e+00 | 7.675829e+00 |    Inf | unknown
 9357s|604600 |604601 | 69559k| 115.0 |  2580M | 113 | 302 | 149 | 452 |3438k|  2 |9493 |1143 |-5.011237e+00 | 7.675829e+00 |    Inf | unknown
 9357s|604700 |604701 | 69571k| 115.0 |  2580M | 113 | 302 | 155 | 336 |3438k|  2 |9500 |1143 |-5.011237e+00 | 7.675829e+00 |    Inf | unknown
 9358s|604800 |604801 | 69583k| 115.0 |  2581M | 113 | 302 | 158 | 403 |3439k|  2 |9509 |1143 |-5.011237e+00 | 7.675829e+00 |    Inf | unknown
 9364s|604900 |604901 | 69595k| 115.0 |  2583M | 113 | 302 | 158 | 426 |3440k|  2 |9514 |1143 |-5.011237e+00 | 7.675829e+00 |    Inf | unknown
 9365s|605000 |605001 | 69610k| 115.1 |  2584M | 113 | 302 | 155 | 433 |3440k|  2 |9518 |1143 |-5.011237e+00 | 7.675829e+00 |    Inf | unknown
 9396s|605100 |605101 | 69625k| 115.1 |  2584M | 113 | 302 | 150 | 397 |3441k|  2 |9521 |1143 |-5.011237e+00 | 7.675829e+00 |    Inf | unknown
 9397s|605200 |605201 | 69643k| 115.1 |  2584M | 113 | 302 | 146 | 489 |3441k|  3 |9524 |1143 |-5.011237e+00 | 7.675829e+00 |    Inf | unknown
 time | node  | left  |LP iter|LP it/n|mem/heur|mdpt |vars |cons |rows |cuts |sepa|confs|strbr|  dualbound   | primalbound  |  gap   | compl. 
 9398s|605300 |605301 | 69655k| 115.1 |  2584M | 113 | 302 | 148 | 339 |3442k|  2 |9530 |1143 |-5.011237e+00 | 7.675829e+00 |    Inf | unknown
 9398s|605400 |605401 | 69664k| 115.1 |  2584M | 113 | 302 | 144 | 376 |3442k|  3 |9533 |1143 |-5.011237e+00 | 7.675829e+00 |    Inf | unknown
 9399s|605500 |605501 | 69676k| 115.1 |  2584M | 113 | 302 | 144 | 485 |3443k|  3 |9542 |1143 |-5.011237e+00 | 7.675829e+00 |    Inf | unknown
 9400s|605600 |605601 | 69691k| 115.1 |  2584M | 113 | 302 | 135 | 438 |3443k|  1 |9546 |1143 |-5.011237e+00 | 7.675829e+00 |    Inf | unknown
 9400s|605700 |605701 | 69701k| 115.1 |  2584M | 113 | 302 | 136 | 395 |3443k|  3 |9549 |1143 |-5.011237e+00 | 7.675829e+00 |    Inf | unknown
 9401s|605800 |605801 | 69712k| 115.1 |  2585M | 113 | 302 | 137 | 484 |3444k|  1 |9553 |1143 |-5.011237e+00 | 7.675829e+00 |    Inf | unknown
 9402s|605900 |605901 | 69728k| 115.1 |  2586M | 113 | 302 | 139 | 355 |3445k|  2 |9556 |1143 |-5.011237e+00 | 7.675829e+00 |    Inf | unknown
 9403s|606000 |606001 | 69739k| 115.1 |  2586M | 113 | 302 | 138 | 439 |3445k|  2 |9560 |1143 |-5.011237e+00 | 7.675829e+00 |    Inf | unknown
 9412s|606100 |606101 | 69752k| 115.1 |  2586M | 113 | 302 | 134 | 423 |3446k|  2 |9565 |1143 |-5.011237e+00 | 7.675829e+00 |    Inf | unknown
 9413s|606200 |606201 | 69767k| 115.1 |  2587M | 113 | 302 | 134 | 401 |3446k|  2 |9572 |1143 |-5.011237e+00 | 7.675829e+00 |    Inf | unknown
 9413s|606300 |606301 | 69781k| 115.1 |  2587M | 113 | 302 | 135 | 362 |3447k|  4 |9576 |1143 |-5.011237e+00 | 7.675829e+00 |    Inf | unknown
 9418s|606400 |606401 | 69792k| 115.1 |  2587M | 113 | 302 | 139 | 411 |3448k|  2 |9584 |1143 |-5.011237e+00 | 7.675829e+00 |    Inf | unknown
 9419s|606500 |606501 | 69804k| 115.1 |  2587M | 113 | 302 | 140 | 408 |3448k|  2 |9591 |1143 |-5.011237e+00 | 7.675829e+00 |    Inf | unknown
 9420s|606600 |606601 | 69816k| 115.1 |  2587M | 113 | 302 | 144 | 386 |3449k|  2 |9599 |1143 |-5.011237e+00 | 7.675829e+00 |    Inf | unknown
 9455s|606700 |606701 | 69836k| 115.1 |  2588M | 113 | 302 | 144 | 418 |3449k|  2 |9606 |1143 |-5.011237e+00 | 7.675829e+00 |    Inf | unknown
 time | node  | left  |LP iter|LP it/n|mem/heur|mdpt |vars |cons |rows |cuts |sepa|confs|strbr|  dualbound   | primalbound  |  gap   | compl. 
 9456s|606800 |606801 | 69849k| 115.1 |  2588M | 113 | 302 | 144 | 337 |3450k|  4 |9611 |1143 |-5.011237e+00 | 7.675829e+00 |    Inf | unknown
 9457s|606900 |606901 | 69865k| 115.1 |  2588M | 113 | 302 | 143 | 473 |3451k|  4 |9615 |1143 |-5.011237e+00 | 7.675829e+00 |    Inf | unknown
 9457s|607000 |607001 | 69877k| 115.1 |  2588M | 113 | 302 | 139 | 440 |3451k|  2 |9620 |1143 |-5.011237e+00 | 7.675829e+00 |    Inf | unknown
 9458s|607100 |607101 | 69891k| 115.1 |  2588M | 113 | 302 | 133 | 376 |3452k|  2 |9624 |1143 |-5.011237e+00 | 7.675829e+00 |    Inf | unknown
 9459s|607200 |607201 | 69904k| 115.1 |  2589M | 113 | 302 | 131 | 456 |3452k|  2 |9628 |1143 |-5.011237e+00 | 7.675829e+00 |    Inf | unknown
 9460s|607300 |607301 | 69917k| 115.1 |  2590M | 113 | 302 | 132 | 403 |3453k|  3 |9632 |1143 |-5.011237e+00 | 7.675829e+00 |    Inf | unknown
 9461s|607400 |607401 | 69934k| 115.1 |  2590M | 113 | 302 | 132 | 392 |3453k|  4 |9637 |1143 |-5.011237e+00 | 7.675829e+00 |    Inf | unknown
 9470s|607500 |607501 | 69947k| 115.1 |  2591M | 113 | 302 | 139 | 440 |3454k|  2 |9645 |1143 |-5.011237e+00 | 7.675829e+00 |    Inf | unknown
 9471s|607600 |607601 | 69960k| 115.1 |  2592M | 113 | 302 | 137 | 435 |3455k|  3 |9651 |1143 |-5.011237e+00 | 7.675829e+00 |    Inf | unknown
 9472s|607700 |607701 | 69972k| 115.1 |  2592M | 113 | 302 | 138 | 358 |3455k|  4 |9654 |1143 |-5.011237e+00 | 7.675829e+00 |    Inf | unknown
 9473s|607800 |607801 | 69989k| 115.1 |  2593M | 113 | 302 | 132 | 470 |3456k|  2 |9656 |1143 |-5.011237e+00 | 7.675829e+00 |    Inf | unknown
 9506s|607900 |607901 | 70007k| 115.2 |  2593M | 113 | 302 | 127 | 478 |3456k|  2 |9662 |1143 |-5.011237e+00 | 7.675829e+00 |    Inf | unknown
 9507s|608000 |608001 | 70019k| 115.2 |  2594M | 113 | 302 | 127 | 404 |3457k|  4 |9670 |1143 |-5.011237e+00 | 7.675829e+00 |    Inf | unknown
 9507s|608100 |608101 | 70030k| 115.2 |  2594M | 113 | 302 | 129 | 421 |3457k|  5 |9673 |1143 |-5.011237e+00 | 7.675829e+00 |    Inf | unknown
 9508s|608200 |608201 | 70044k| 115.2 |  2594M | 113 | 302 | 132 | 440 |3458k|  3 |9678 |1143 |-5.011237e+00 | 7.675829e+00 |    Inf | unknown
 time | node  | left  |LP iter|LP it/n|mem/heur|mdpt |vars |cons |rows |cuts |sepa|confs|strbr|  dualbound   | primalbound  |  gap   | compl. 
 9509s|608300 |608301 | 70061k| 115.2 |  2595M | 113 | 302 | 131 | 389 |3458k|  4 |9682 |1143 |-5.011237e+00 | 7.675829e+00 |    Inf | unknown
 9510s|608400 |608401 | 70073k| 115.2 |  2595M | 113 | 302 | 129 | 461 |3459k|  2 |9687 |1143 |-5.011237e+00 | 7.675829e+00 |    Inf | unknown
 9511s|608500 |608501 | 70085k| 115.2 |  2596M | 113 | 302 | 130 | 395 |3460k|  3 |9696 |1143 |-5.011237e+00 | 7.675829e+00 |    Inf | unknown
 9512s|608600 |608601 | 70098k| 115.2 |  2596M | 113 | 302 | 130 | 419 |3460k|  3 |9700 |1143 |-5.011237e+00 | 7.675829e+00 |    Inf | unknown
 9512s|608700 |608701 | 70111k| 115.2 |  2596M | 113 | 302 | 134 | 413 |3461k|  2 |9705 |1143 |-5.011237e+00 | 7.675829e+00 |    Inf | unknown
 9520s|608800 |608801 | 70123k| 115.2 |  2596M | 113 | 302 | 137 | 450 |3461k|  4 |9712 |1143 |-5.011237e+00 | 7.675829e+00 |    Inf | unknown
 9521s|608900 |608901 | 70137k| 115.2 |  2597M | 113 | 302 | 136 | 370 |3462k|  2 |9718 |1143 |-5.011237e+00 | 7.675829e+00 |    Inf | unknown
 9522s|609000 |609001 | 70150k| 115.2 |  2597M | 113 | 302 | 134 | 395 |3462k|  5 |9725 |1143 |-5.011237e+00 | 7.675829e+00 |    Inf | unknown
 9531s|609100 |609101 | 70165k| 115.2 |  2598M | 113 | 302 | 132 | 417 |3463k|  1 |9730 |1143 |-5.011237e+00 | 7.675829e+00 |    Inf | unknown
 9532s|609200 |609201 | 70180k| 115.2 |  2598M | 113 | 302 | 125 | 408 |3464k|  4 |9731 |1143 |-5.011237e+00 | 7.675829e+00 |    Inf | unknown
 9533s|609300 |609301 | 70197k| 115.2 |  2598M | 113 | 302 | 126 | 368 |3464k|  2 |9735 |1143 |-5.011237e+00 | 7.675829e+00 |    Inf | unknown
 9534s|609400 |609401 | 70210k| 115.2 |  2598M | 113 | 302 | 124 | 465 |3465k|  3 |9739 |1143 |-5.011237e+00 | 7.675829e+00 |    Inf | unknown
 9561s|609500 |609501 | 70227k| 115.2 |  2600M | 113 | 302 | 120 | 442 |3465k|  3 |9742 |1143 |-5.011237e+00 | 7.675829e+00 |    Inf | unknown
 9562s|609600 |609601 | 70239k| 115.2 |  2600M | 113 | 302 | 124 | 395 |3466k|  5 |9746 |1143 |-5.011237e+00 | 7.675829e+00 |    Inf | unknown
 9563s|609700 |609701 | 70256k| 115.2 |  2600M | 113 | 302 | 116 | 421 |3466k|  3 |9746 |1143 |-5.011237e+00 | 7.675829e+00 |    Inf | unknown
 time | node  | left  |LP iter|LP it/n|mem/heur|mdpt |vars |cons |rows |cuts |sepa|confs|strbr|  dualbound   | primalbound  |  gap   | compl. 
 9564s|609800 |609801 | 70268k| 115.2 |  2600M | 113 | 302 | 116 | 399 |3467k|  3 |9750 |1143 |-5.011237e+00 | 7.675829e+00 |    Inf | unknown
 9565s|609900 |609901 | 70281k| 115.2 |  2601M | 113 | 302 | 119 | 429 |3468k|  2 |9754 |1143 |-5.011237e+00 | 7.675829e+00 |    Inf | unknown
 9565s|610000 |610001 | 70293k| 115.2 |  2603M | 113 | 302 | 117 | 477 |3468k|  1 |9756 |1143 |-5.011237e+00 | 7.675829e+00 |    Inf | unknown
 9572s|610100 |610101 | 70306k| 115.2 |  2603M | 113 | 302 | 122 | 431 |3469k|  3 |9761 |1143 |-5.011237e+00 | 7.675829e+00 |    Inf | unknown
 9572s|610200 |610201 | 70319k| 115.2 |  2603M | 113 | 302 | 126 | 457 |3469k|  2 |9766 |1143 |-5.011237e+00 | 7.675829e+00 |    Inf | unknown
 9573s|610300 |610301 | 70329k| 115.2 |  2603M | 113 | 302 | 127 | 387 |3470k|  2 |9770 |1143 |-5.011237e+00 | 7.675829e+00 |    Inf | unknown
 9574s|610400 |610401 | 70342k| 115.2 |  2603M | 113 | 302 | 131 | 414 |3470k|  4 |9776 |1143 |-5.011237e+00 | 7.675829e+00 |    Inf | unknown
 9608s|610500 |610501 | 70362k| 115.3 |  2604M | 113 | 302 | 125 | 442 |3471k|  4 |9778 |1143 |-5.011237e+00 | 7.675829e+00 |    Inf | unknown
 9609s|610600 |610601 | 70377k| 115.3 |  2604M | 113 | 302 | 118 | 472 |3472k|  1 |9782 |1143 |-5.011237e+00 | 7.675829e+00 |    Inf | unknown
 9610s|610700 |610701 | 70391k| 115.3 |  2605M | 113 | 302 | 117 | 376 |3472k|  4 |9787 |1143 |-5.011237e+00 | 7.675829e+00 |    Inf | unknown
 9610s|610800 |610801 | 70404k| 115.3 |  2606M | 113 | 302 | 122 | 383 |3473k|  2 |9793 |1143 |-5.011237e+00 | 7.675829e+00 |    Inf | unknown
 9611s|610900 |610901 | 70418k| 115.3 |  2606M | 113 | 302 | 121 | 467 |3473k|  2 |9795 |1143 |-5.011237e+00 | 7.675829e+00 |    Inf | unknown
 9612s|611000 |611001 | 70430k| 115.3 |  2606M | 113 | 302 | 124 | 408 |3474k|  3 |9800 |1143 |-5.011237e+00 | 7.675829e+00 |    Inf | unknown
 9613s|611100 |611101 | 70441k| 115.3 |  2606M | 113 | 302 | 126 | 473 |3475k|  3 |9806 |1143 |-5.011237e+00 | 7.675829e+00 |    Inf | unknown
 9614s|611200 |611201 | 70454k| 115.3 |  2606M | 113 | 302 | 127 | 440 |3475k|  2 |9815 |1143 |-5.011237e+00 | 7.675829e+00 |    Inf | unknown
 time | node  | left  |LP iter|LP it/n|mem/heur|mdpt |vars |cons |rows |cuts |sepa|confs|strbr|  dualbound   | primalbound  |  gap   | compl. 
 9614s|611300 |611301 | 70468k| 115.3 |  2606M | 113 | 302 | 128 | 342 |3476k|  2 |9817 |1143 |-5.011237e+00 | 7.675829e+00 |    Inf | unknown
 9623s|611400 |611401 | 70481k| 115.3 |  2606M | 113 | 302 | 126 | 445 |3476k|  2 |9823 |1143 |-5.011237e+00 | 7.675829e+00 |    Inf | unknown
 9624s|611500 |611501 | 70492k| 115.3 |  2607M | 113 | 302 | 125 | 481 |3477k|  1 |9828 |1143 |-5.011237e+00 | 7.675829e+00 |    Inf | unknown
 9625s|611600 |611601 | 70506k| 115.3 |  2609M | 113 | 302 | 122 | 410 |3477k|  2 |9832 |1143 |-5.011237e+00 | 7.675829e+00 |    Inf | unknown
 9630s|611700 |611701 | 70518k| 115.3 |  2611M | 113 | 302 | 118 | 438 |3478k|  4 |9835 |1143 |-5.011237e+00 | 7.675829e+00 |    Inf | unknown
 9631s|611800 |611801 | 70532k| 115.3 |  2611M | 113 | 302 | 120 | 434 |3478k|  2 |9843 |1143 |-5.011237e+00 | 7.675829e+00 |    Inf | unknown
 9656s|611900 |611901 | 70546k| 115.3 |  2611M | 113 | 302 | 122 | 366 |3479k|  5 |9848 |1143 |-5.011237e+00 | 7.675829e+00 |    Inf | unknown
 9657s|612000 |612001 | 70558k| 115.3 |  2611M | 113 | 302 | 118 | 407 |3479k|  4 |9849 |1143 |-5.011237e+00 | 7.675829e+00 |    Inf | unknown
 9658s|612100 |612101 | 70574k| 115.3 |  2611M | 113 | 302 | 115 | 449 |3480k|  2 |9855 |1143 |-5.011237e+00 | 7.675829e+00 |    Inf | unknown
 9659s|612200 |612201 | 70587k| 115.3 |  2611M | 113 | 302 | 117 | 368 |3480k|  2 |9858 |1143 |-5.011237e+00 | 7.675829e+00 |    Inf | unknown
 9660s|612300 |612301 | 70600k| 115.3 |  2611M | 113 | 302 | 118 | 416 |3481k|  2 |9863 |1143 |-5.011237e+00 | 7.675829e+00 |    Inf | unknown
 9660s|612400 |612401 | 70616k| 115.3 |  2611M | 113 | 302 | 118 | 410 |3481k|  1 |9869 |1143 |-5.011237e+00 | 7.675829e+00 |    Inf | unknown
 9661s|612500 |612501 | 70628k| 115.3 |  2611M | 113 | 302 | 123 | 421 |3482k|  2 |9877 |1143 |-5.011237e+00 | 7.675829e+00 |    Inf | unknown
 9662s|612600 |612601 | 70641k| 115.3 |  2612M | 113 | 302 | 122 | 438 |3482k|  3 |9882 |1143 |-5.011237e+00 | 7.675829e+00 |    Inf | unknown
 9667s|612700 |612701 | 70654k| 115.3 |  2613M | 113 | 302 | 128 | 414 |3483k|  2 |9889 |1143 |-5.011237e+00 | 7.675829e+00 |    Inf | unknown
 time | node  | left  |LP iter|LP it/n|mem/heur|mdpt |vars |cons |rows |cuts |sepa|confs|strbr|  dualbound   | primalbound  |  gap   | compl. 
 9668s|612800 |612801 | 70667k| 115.3 |  2613M | 113 | 302 | 123 | 392 |3483k|  1 |9891 |1143 |-5.011237e+00 | 7.675829e+00 |    Inf | unknown
 9669s|612900 |612901 | 70679k| 115.3 |  2613M | 113 | 302 | 123 | 468 |3484k|  2 |9899 |1143 |-5.011237e+00 | 7.675829e+00 |    Inf | unknown
 9702s|613000 |613001 | 70695k| 115.3 |  2613M | 113 | 302 | 117 | 444 |3484k|  3 |9902 |1143 |-5.011237e+00 | 7.675829e+00 |    Inf | unknown
 9703s|613100 |613101 | 70711k| 115.3 |  2614M | 113 | 302 | 112 | 436 |3485k|  4 |9907 |1143 |-5.011237e+00 | 7.675829e+00 |    Inf | unknown
 9704s|613200 |613201 | 70725k| 115.3 |  2615M | 113 | 302 | 113 | 434 |3485k|  4 |9911 |1143 |-5.011237e+00 | 7.675829e+00 |    Inf | unknown
 9704s|613300 |613301 | 70736k| 115.3 |  2615M | 113 | 302 | 118 | 504 |3486k|  2 |9916 |1143 |-5.011237e+00 | 7.675829e+00 |    Inf | unknown
 9705s|613400 |613401 | 70750k| 115.3 |  2615M | 113 | 302 | 122 | 409 |3487k|  2 |9924 |1143 |-5.011237e+00 | 7.675829e+00 |    Inf | unknown
 9706s|613500 |613501 | 70762k| 115.3 |  2616M | 113 | 302 | 122 | 399 |3487k|  2 |9927 |1143 |-5.011237e+00 | 7.675829e+00 |    Inf | unknown
 9707s|613600 |613601 | 70774k| 115.3 |  2616M | 113 | 302 | 117 | 421 |3488k|  2 |9931 |1143 |-5.011237e+00 | 7.675829e+00 |    Inf | unknown
 9707s|613700 |613701 | 70785k| 115.3 |  2616M | 113 | 302 | 117 | 430 |3488k|  2 |9936 |1143 |-5.011237e+00 | 7.675829e+00 |    Inf | unknown
 9708s|613800 |613801 | 70798k| 115.3 |  2617M | 113 | 302 | 116 | 420 |3489k|  1 |9939 |1143 |-5.011237e+00 | 7.675829e+00 |    Inf | unknown
 9716s|613900 |613901 | 70812k| 115.3 |  2618M | 113 | 302 | 124 | 428 |3489k|  2 |9948 |1143 |-5.011237e+00 | 7.675829e+00 |    Inf | unknown
 9717s|614000 |614001 | 70829k| 115.4 |  2618M | 113 | 302 | 119 | 412 |3490k|  2 |9952 |1143 |-5.011237e+00 | 7.675829e+00 |    Inf | unknown
 9718s|614100 |614101 | 70843k| 115.4 |  2618M | 113 | 302 | 113 | 433 |3490k|  3 |9953 |1143 |-5.011237e+00 | 7.675829e+00 |    Inf | unknown
 9719s|614200 |614201 | 70855k| 115.4 |  2618M | 113 | 302 | 108 | 437 |3491k|  2 |9955 |1143 |-5.011237e+00 | 7.675829e+00 |    Inf | unknown
 time | node  | left  |LP iter|LP it/n|mem/heur|mdpt |vars |cons |rows |cuts |sepa|confs|strbr|  dualbound   | primalbound  |  gap   | compl. 
 9723s|614300 |614301 | 70870k| 115.4 |  2619M | 113 | 302 | 109 | 449 |3491k|  1 |9958 |1143 |-5.011237e+00 | 7.675829e+00 |    Inf | unknown
 9749s|614400 |614401 | 70885k| 115.4 |  2620M | 113 | 302 | 112 | 403 |3492k|  2 |9962 |1143 |-5.011237e+00 | 7.675829e+00 |    Inf | unknown
 9749s|614500 |614501 | 70896k| 115.4 |  2621M | 113 | 302 | 112 | 427 |3493k|  2 |9964 |1143 |-5.011237e+00 | 7.675829e+00 |    Inf | unknown
 9750s|614600 |614601 | 70910k| 115.4 |  2621M | 113 | 302 | 112 | 465 |3493k|  2 |9967 |1143 |-5.011237e+00 | 7.675829e+00 |    Inf | unknown
 9751s|614700 |614701 | 70921k| 115.4 |  2622M | 113 | 302 | 116 | 416 |3494k|  1 |9974 |1143 |-5.011237e+00 | 7.675829e+00 |    Inf | unknown
 9752s|614800 |614801 | 70935k| 115.4 |  2622M | 113 | 302 | 112 | 408 |3494k|  4 |9976 |1143 |-5.011237e+00 | 7.675829e+00 |    Inf | unknown
 9753s|614900 |614901 | 70953k| 115.4 |  2622M | 113 | 302 | 108 | 425 |3495k|  1 |9978 |1143 |-5.011237e+00 | 7.675829e+00 |    Inf | unknown
 9754s|615000 |615001 | 70966k| 115.4 |  2622M | 113 | 302 | 109 | 387 |3495k|  2 |9982 |1143 |-5.011237e+00 | 7.675829e+00 |    Inf | unknown
 9755s|615100 |615101 | 70978k| 115.4 |  2622M | 113 | 302 | 115 | 460 |3496k|  2 |9988 |1143 |-5.011237e+00 | 7.675829e+00 |    Inf | unknown
 9761s|615200 |615201 | 70991k| 115.4 |  2624M | 113 | 302 | 115 | 406 |3496k|  3 |9991 |1143 |-5.011237e+00 | 7.675829e+00 |    Inf | unknown
 9762s|615300 |615301 | 71003k| 115.4 |  2624M | 113 | 302 | 111 | 420 |3497k|  3 |9991 |1143 |-5.011237e+00 | 7.675829e+00 |    Inf | unknown
 9762s|615400 |615401 | 71014k| 115.4 |  2625M | 113 | 302 | 110 | 421 |3497k|  3 |9995 |1143 |-5.011237e+00 | 7.675829e+00 |    Inf | unknown
 9791s|615500 |615501 | 71028k| 115.4 |  2625M | 113 | 302 | 111 | 370 |3498k|  2 |9999 |1143 |-5.011237e+00 | 7.675829e+00 |    Inf | unknown
 9792s|615600 |615601 | 71041k| 115.4 |  2625M | 113 | 302 | 110 | 413 |3498k|  2 |  10k|1143 |-5.011237e+00 | 7.675829e+00 |    Inf | unknown
 9792s|615700 |615701 | 71057k| 115.4 |  2625M | 113 | 302 | 111 | 418 |3499k|  1 |  10k|1143 |-5.011237e+00 | 7.675829e+00 |    Inf | unknown
 time | node  | left  |LP iter|LP it/n|mem/heur|mdpt |vars |cons |rows |cuts |sepa|confs|strbr|  dualbound   | primalbound  |  gap   | compl. 
 9793s|615800 |615801 | 71072k| 115.4 |  2626M | 113 | 302 | 115 | 402 |3500k|  2 |  10k|1143 |-5.011237e+00 | 7.675829e+00 |    Inf | unknown
 9794s|615900 |615901 | 71084k| 115.4 |  2626M | 113 | 302 | 112 | 437 |3500k|  3 |  10k|1143 |-5.011237e+00 | 7.675829e+00 |    Inf | unknown
 9795s|616000 |616001 | 71094k| 115.4 |  2627M | 113 | 302 | 112 | 486 |3501k|  1 |  10k|1143 |-5.011237e+00 | 7.675829e+00 |    Inf | unknown
 9796s|616100 |616101 | 71108k| 115.4 |  2627M | 113 | 302 | 116 | 425 |3501k|  2 |  10k|1143 |-5.011237e+00 | 7.675829e+00 |    Inf | unknown
 9796s|616200 |616201 | 71121k| 115.4 |  2627M | 113 | 302 | 115 | 380 |3502k|  2 |  10k|1143 |-5.011237e+00 | 7.675829e+00 |    Inf | unknown
 9797s|616300 |616301 | 71134k| 115.4 |  2627M | 113 | 302 | 114 | 466 |3502k|  2 |  10k|1143 |-5.011237e+00 | 7.675829e+00 |    Inf | unknown
 9805s|616400 |616401 | 71149k| 115.4 |  2628M | 113 | 302 | 112 | 400 |3503k|  2 |  10k|1143 |-5.011237e+00 | 7.675829e+00 |    Inf | unknown
 9806s|616500 |616501 | 71159k| 115.4 |  2629M | 113 | 302 | 114 | 384 |3503k|  3 |  10k|1143 |-5.011237e+00 | 7.675829e+00 |    Inf | unknown
 9806s|616600 |616601 | 71174k| 115.4 |  2629M | 113 | 302 | 109 | 446 |3504k|  5 |  10k|1143 |-5.011237e+00 | 7.675829e+00 |    Inf | unknown
 9807s|616700 |616701 | 71189k| 115.4 |  2630M | 113 | 302 | 111 | 396 |3504k|  3 |  10k|1143 |-5.011237e+00 | 7.675829e+00 |    Inf | unknown
 9812s|616800 |616801 | 71200k| 115.4 |  2630M | 113 | 302 | 118 | 404 |3505k|  2 |  10k|1143 |-5.011237e+00 | 7.675829e+00 |    Inf | unknown
 9842s|616900 |616901 | 71214k| 115.4 |  2631M | 113 | 302 | 118 | 462 |3505k|  2 |  10k|1143 |-5.011237e+00 | 7.675829e+00 |    Inf | unknown
 9842s|617000 |617001 | 71227k| 115.4 |  2631M | 113 | 302 | 118 | 419 |3506k|  4 |  10k|1143 |-5.011237e+00 | 7.675829e+00 |    Inf | unknown
 9843s|617100 |617101 | 71239k| 115.4 |  2631M | 113 | 302 | 116 | 396 |3507k|  3 |  10k|1143 |-5.011237e+00 | 7.675829e+00 |    Inf | unknown
 9844s|617200 |617201 | 71252k| 115.4 |  2632M | 113 | 302 | 117 | 409 |3507k|  2 |  10k|1143 |-5.011237e+00 | 7.675829e+00 |    Inf | unknown
 time | node  | left  |LP iter|LP it/n|mem/heur|mdpt |vars |cons |rows |cuts |sepa|confs|strbr|  dualbound   | primalbound  |  gap   | compl. 
 9845s|617300 |617301 | 71268k| 115.4 |  2632M | 113 | 302 | 108 | 347 |3508k|  1 |  10k|1143 |-5.011237e+00 | 7.675829e+00 |    Inf | unknown
 9846s|617400 |617401 | 71280k| 115.4 |  2632M | 113 | 302 | 108 | 422 |3508k|  2 |  10k|1143 |-5.011237e+00 | 7.675829e+00 |    Inf | unknown
 9847s|617500 |617501 | 71295k| 115.5 |  2632M | 113 | 302 | 111 | 489 |3509k|  2 |  10k|1143 |-5.011237e+00 | 7.675829e+00 |    Inf | unknown
 9847s|617600 |617601 | 71308k| 115.5 |  2632M | 113 | 302 | 115 | 463 |3510k|  1 |  10k|1143 |-5.011237e+00 | 7.675829e+00 |    Inf | unknown
 9848s|617700 |617701 | 71320k| 115.5 |  2633M | 113 | 302 | 118 | 417 |3510k|  1 |  10k|1143 |-5.011237e+00 | 7.675829e+00 |    Inf | unknown
 9854s|617800 |617801 | 71332k| 115.5 |  2633M | 113 | 302 | 115 | 474 |3511k|  3 |  10k|1143 |-5.011237e+00 | 7.675829e+00 |    Inf | unknown
 9855s|617900 |617901 | 71346k| 115.5 |  2633M | 113 | 302 | 116 | 424 |3511k|  2 |  10k|1143 |-5.011237e+00 | 7.675829e+00 |    Inf | unknown
 9856s|618000 |618001 | 71360k| 115.5 |  2634M | 113 | 302 | 122 | 341 |3512k|  2 |  10k|1143 |-5.011237e+00 | 7.675829e+00 |    Inf | unknown
 9857s|618100 |618101 | 71371k| 115.5 |  2634M | 113 | 302 | 124 | 422 |3513k|  4 |  10k|1143 |-5.011237e+00 | 7.675829e+00 |    Inf | unknown
 9886s|618200 |618201 | 71393k| 115.5 |  2634M | 113 | 302 | 120 | 410 |3513k|  3 |  10k|1143 |-5.011237e+00 | 7.675829e+00 |    Inf | unknown
 9887s|618300 |618301 | 71406k| 115.5 |  2634M | 113 | 302 | 122 | 461 |3514k|  2 |  10k|1143 |-5.011237e+00 | 7.675829e+00 |    Inf | unknown
 9888s|618400 |618401 | 71420k| 115.5 |  2636M | 113 | 302 | 119 | 462 |3514k|  3 |  10k|1143 |-5.011237e+00 | 7.675829e+00 |    Inf | unknown
 9889s|618500 |618501 | 71434k| 115.5 |  2636M | 113 | 302 | 119 | 370 |3515k|  2 |  10k|1143 |-5.011237e+00 | 7.675829e+00 |    Inf | unknown
 9890s|618600 |618601 | 71444k| 115.5 |  2636M | 113 | 302 | 124 | 462 |3516k|  1 |  10k|1143 |-5.011237e+00 | 7.675829e+00 |    Inf | unknown
 9890s|618700 |618701 | 71456k| 115.5 |  2637M | 113 | 302 | 127 | 429 |3516k|  3 |  10k|1143 |-5.011237e+00 | 7.675829e+00 |    Inf | unknown
 time | node  | left  |LP iter|LP it/n|mem/heur|mdpt |vars |cons |rows |cuts |sepa|confs|strbr|  dualbound   | primalbound  |  gap   | compl. 
 9891s|618800 |618801 | 71468k| 115.5 |  2637M | 113 | 302 | 128 | 400 |3517k|  3 |  10k|1143 |-5.011237e+00 | 7.675829e+00 |    Inf | unknown
 9892s|618900 |618901 | 71480k| 115.5 |  2637M | 113 | 302 | 131 | 415 |3517k|  4 |  10k|1143 |-5.011237e+00 | 7.675829e+00 |    Inf | unknown
 9893s|619000 |619001 | 71497k| 115.5 |  2637M | 113 | 302 | 129 | 478 |3518k|  2 |  10k|1143 |-5.011237e+00 | 7.675829e+00 |    Inf | unknown
 9903s|619100 |619101 | 71515k| 115.5 |  2637M | 113 | 302 | 122 | 416 |3519k|  2 |  10k|1143 |-5.011237e+00 | 7.675829e+00 |    Inf | unknown
 9903s|619200 |619201 | 71529k| 115.5 |  2638M | 113 | 302 | 122 | 481 |3519k|  2 |  10k|1143 |-5.011237e+00 | 7.675829e+00 |    Inf | unknown
 9904s|619300 |619301 | 71541k| 115.5 |  2638M | 113 | 302 | 121 | 444 |3520k|  2 |  10k|1143 |-5.011237e+00 | 7.675829e+00 |    Inf | unknown
 9909s|619400 |619401 | 71552k| 115.5 |  2638M | 113 | 302 | 128 | 410 |3520k|  2 |  10k|1143 |-5.011237e+00 | 7.675829e+00 |    Inf | unknown
 9910s|619500 |619501 | 71567k| 115.5 |  2638M | 113 | 302 | 131 | 429 |3521k|  2 |  10k|1143 |-5.011237e+00 | 7.675829e+00 |    Inf | unknown
 9941s|619600 |619601 | 71583k| 115.5 |  2639M | 113 | 302 | 132 | 427 |3522k|  2 |  10k|1143 |-5.011237e+00 | 7.675829e+00 |    Inf | unknown
 9942s|619700 |619701 | 71598k| 115.5 |  2639M | 113 | 302 | 132 | 435 |3522k|  4 |  10k|1143 |-5.011237e+00 | 7.675829e+00 |    Inf | unknown
 9943s|619800 |619801 | 71609k| 115.5 |  2639M | 113 | 302 | 134 | 414 |3523k|  3 |  10k|1143 |-5.011237e+00 | 7.675829e+00 |    Inf | unknown
 9944s|619900 |619901 | 71624k| 115.5 |  2639M | 113 | 302 | 125 | 416 |3523k|  4 |  10k|1143 |-5.011237e+00 | 7.675829e+00 |    Inf | unknown
 9945s|620000 |620001 | 71639k| 115.5 |  2640M | 113 | 302 | 120 | 379 |3524k|  2 |  10k|1143 |-5.011237e+00 | 7.675829e+00 |    Inf | unknown
 9945s|620100 |620101 | 71651k| 115.5 |  2640M | 113 | 302 | 121 | 398 |3525k|  2 |  10k|1143 |-5.011237e+00 | 7.675829e+00 |    Inf | unknown
 9946s|620200 |620201 | 71662k| 115.5 |  2641M | 113 | 302 | 122 | 425 |3525k|  2 |  10k|1143 |-5.011237e+00 | 7.675829e+00 |    Inf | unknown
 time | node  | left  |LP iter|LP it/n|mem/heur|mdpt |vars |cons |rows |cuts |sepa|confs|strbr|  dualbound   | primalbound  |  gap   | compl. 
 9947s|620300 |620301 | 71672k| 115.5 |  2641M | 113 | 302 | 126 | 433 |3526k|  2 |  10k|1143 |-5.011237e+00 | 7.675829e+00 |    Inf | unknown
 9954s|620400 |620401 | 71688k| 115.5 |  2642M | 113 | 302 | 134 | 388 |3526k|  3 |  10k|1143 |-5.011237e+00 | 7.675829e+00 |    Inf | unknown
 9955s|620500 |620501 | 71701k| 115.5 |  2642M | 113 | 302 | 136 | 396 |3527k|  4 |  10k|1143 |-5.011237e+00 | 7.675829e+00 |    Inf | unknown
 9955s|620600 |620601 | 71714k| 115.6 |  2642M | 113 | 302 | 137 | 394 |3527k|  3 |  10k|1143 |-5.011237e+00 | 7.675829e+00 |    Inf | unknown
 9956s|620700 |620701 | 71725k| 115.6 |  2643M | 113 | 302 | 140 | 403 |3528k|  2 |  10k|1143 |-5.011237e+00 | 7.675829e+00 |    Inf | unknown
 9986s|620800 |620801 | 71746k| 115.6 |  2645M | 113 | 302 | 129 | 444 |3528k|  2 |  10k|1143 |-5.011237e+00 | 7.675829e+00 |    Inf | unknown
 9987s|620900 |620901 | 71759k| 115.6 |  2645M | 113 | 302 | 129 | 343 |3529k|  2 |  10k|1143 |-5.011237e+00 | 7.675829e+00 |    Inf | unknown
 9988s|621000 |621001 | 71771k| 115.6 |  2646M | 113 | 302 | 129 | 445 |3530k|  2 |  10k|1143 |-5.011237e+00 | 7.675829e+00 |    Inf | unknown
 9988s|621100 |621101 | 71782k| 115.6 |  2648M | 113 | 302 | 127 | 442 |3530k|  2 |  10k|1143 |-5.011237e+00 | 7.675829e+00 |    Inf | unknown
 9989s|621200 |621201 | 71793k| 115.6 |  2648M | 113 | 302 | 133 | 380 |3530k|  2 |  10k|1143 |-5.011237e+00 | 7.675829e+00 |    Inf | unknown
 9990s|621300 |621301 | 71805k| 115.6 |  2648M | 113 | 302 | 140 | 372 |3531k|  3 |  10k|1143 |-5.011237e+00 | 7.675829e+00 |    Inf | unknown
 9991s|621400 |621401 | 71815k| 115.6 |  2648M | 113 | 302 | 142 | 460 |3532k|  2 |  10k|1143 |-5.011237e+00 | 7.675829e+00 |    Inf | unknown
 9992s|621500 |621501 | 71831k| 115.6 |  2648M | 113 | 302 | 141 | 387 |3532k|  2 |  10k|1143 |-5.011237e+00 | 7.675829e+00 |    Inf | unknown
 9992s|621600 |621601 | 71845k| 115.6 |  2649M | 113 | 302 | 141 | 437 |3533k|  2 |  10k|1143 |-5.011237e+00 | 7.675829e+00 |    Inf | unknown
  167m|621700 |621701 | 71863k| 115.6 |  2649M | 113 | 302 | 129 | 418 |3533k|  4 |  10k|1143 |-5.011237e+00 | 7.675829e+00 |    Inf | unknown
 time | node  | left  |LP iter|LP it/n|mem/heur|mdpt |vars |cons |rows |cuts |sepa|confs|strbr|  dualbound   | primalbound  |  gap   | compl. 
  167m|621800 |621801 | 71876k| 115.6 |  2651M | 113 | 302 | 132 | 364 |3534k|  2 |  10k|1143 |-5.011237e+00 | 7.675829e+00 |    Inf | unknown
  167m|621900 |621901 | 71890k| 115.6 |  2651M | 113 | 302 | 130 | 405 |3535k|  4 |  10k|1143 |-5.011237e+00 | 7.675829e+00 |    Inf | unknown
  167m|622000 |622001 | 71901k| 115.6 |  2651M | 113 | 302 | 135 | 465 |3535k|  2 |  10k|1143 |-5.011237e+00 | 7.675829e+00 |    Inf | unknown
  167m|622100 |622101 | 71913k| 115.6 |  2651M | 113 | 302 | 138 | 464 |3536k|  2 |  10k|1143 |-5.011237e+00 | 7.675829e+00 |    Inf | unknown
  167m|622200 |622201 | 71927k| 115.6 |  2651M | 113 | 302 | 134 | 432 |3536k|  1 |  10k|1143 |-5.011237e+00 | 7.675829e+00 |    Inf | unknown
  167m|622300 |622301 | 71943k| 115.6 |  2651M | 113 | 302 | 138 | 397 |3537k|  2 |  10k|1143 |-5.011237e+00 | 7.675829e+00 |    Inf | unknown
  167m|622400 |622401 | 71953k| 115.6 |  2652M | 113 | 302 | 141 | 470 |3537k|  1 |  10k|1143 |-5.011237e+00 | 7.675829e+00 |    Inf | unknown
  167m|622500 |622501 | 71969k| 115.6 |  2653M | 113 | 302 | 132 | 448 |3538k|  1 |  10k|1143 |-5.011237e+00 | 7.675829e+00 |    Inf | unknown
  167m|622600 |622601 | 71981k| 115.6 |  2654M | 113 | 302 | 132 | 435 |3538k|  1 |  10k|1143 |-5.011237e+00 | 7.675829e+00 |    Inf | unknown
  167m|622700 |622701 | 71993k| 115.6 |  2654M | 113 | 302 | 133 | 388 |3538k|  2 |  10k|1143 |-5.011237e+00 | 7.675829e+00 |    Inf | unknown
  167m|622800 |622801 | 72004k| 115.6 |  2655M | 113 | 302 | 130 | 386 |3539k|  4 |  10k|1143 |-5.011237e+00 | 7.675829e+00 |    Inf | unknown
  167m|622900 |622901 | 72016k| 115.6 |  2655M | 113 | 302 | 132 | 455 |3539k|  2 |  10k|1143 |-5.011237e+00 | 7.675829e+00 |    Inf | unknown
  167m|623000 |623001 | 72029k| 115.6 |  2655M | 113 | 302 | 135 | 461 |3540k|  2 |  10k|1143 |-5.011237e+00 | 7.675829e+00 |    Inf | unknown
  168m|623100 |623101 | 72040k| 115.6 |  2655M | 113 | 302 | 137 | 429 |3540k|  1 |  10k|1143 |-5.011237e+00 | 7.675829e+00 |    Inf | unknown
  168m|623200 |623201 | 72057k| 115.6 |  2655M | 113 | 302 | 138 | 448 |3541k|  2 |  10k|1143 |-5.011237e+00 | 7.675829e+00 |    Inf | unknown
 time | node  | left  |LP iter|LP it/n|mem/heur|mdpt |vars |cons |rows |cuts |sepa|confs|strbr|  dualbound   | primalbound  |  gap   | compl. 
  168m|623300 |623301 | 72067k| 115.6 |  2655M | 113 | 302 | 141 | 358 |3541k|  3 |  10k|1143 |-5.011237e+00 | 7.675829e+00 |    Inf | unknown
  168m|623400 |623401 | 72084k| 115.6 |  2656M | 113 | 302 | 135 | 404 |3542k|  2 |  10k|1143 |-5.011237e+00 | 7.675829e+00 |    Inf | unknown
  168m|623500 |623501 | 72098k| 115.6 |  2658M | 113 | 302 | 134 | 466 |3542k|  2 |  10k|1143 |-5.011237e+00 | 7.675829e+00 |    Inf | unknown
  168m|623600 |623601 | 72109k| 115.6 |  2658M | 113 | 302 | 134 | 391 |3543k|  2 |  10k|1143 |-5.011237e+00 | 7.675829e+00 |    Inf | unknown
  168m|623700 |623701 | 72127k| 115.6 |  2658M | 113 | 302 | 131 | 411 |3544k|  2 |  10k|1143 |-5.011237e+00 | 7.675829e+00 |    Inf | unknown
  168m|623800 |623801 | 72139k| 115.6 |  2658M | 113 | 302 | 131 | 438 |3544k|  5 |  10k|1143 |-5.011237e+00 | 7.675829e+00 |    Inf | unknown
  168m|623900 |623901 | 72151k| 115.6 |  2660M | 113 | 302 | 136 | 360 |3545k|  2 |  10k|1143 |-5.011237e+00 | 7.675829e+00 |    Inf | unknown
  168m|624000 |624001 | 72163k| 115.6 |  2660M | 113 | 302 | 137 | 452 |3545k|  2 |  10k|1143 |-5.011237e+00 | 7.675829e+00 |    Inf | unknown
  168m|624100 |624101 | 72175k| 115.6 |  2660M | 113 | 302 | 134 | 415 |3546k|  1 |  10k|1143 |-5.011237e+00 | 7.675829e+00 |    Inf | unknown
  168m|624200 |624201 | 72188k| 115.6 |  2660M | 113 | 302 | 135 | 397 |3546k|  1 |  10k|1143 |-5.011237e+00 | 7.675829e+00 |    Inf | unknown
  168m|624300 |624301 | 72201k| 115.6 |  2661M | 113 | 302 | 138 | 406 |3546k|  2 |  10k|1143 |-5.011237e+00 | 7.675829e+00 |    Inf | unknown
  168m|624400 |624401 | 72216k| 115.7 |  2661M | 113 | 302 | 136 | 429 |3547k|  2 |  10k|1143 |-5.011237e+00 | 7.675829e+00 |    Inf | unknown
  168m|624500 |624501 | 72228k| 115.7 |  2661M | 113 | 302 | 136 | 360 |3547k|  4 |  10k|1143 |-5.011237e+00 | 7.675829e+00 |    Inf | unknown
  168m|624600 |624601 | 72241k| 115.7 |  2661M | 113 | 302 | 135 | 424 |3548k|  3 |  10k|1143 |-5.011237e+00 | 7.675829e+00 |    Inf | unknown
  168m|624700 |624701 | 72253k| 115.7 |  2661M | 113 | 302 | 138 | 388 |3549k|  1 |  10k|1143 |-5.011237e+00 | 7.675829e+00 |    Inf | unknown
 time | node  | left  |LP iter|LP it/n|mem/heur|mdpt |vars |cons |rows |cuts |sepa|confs|strbr|  dualbound   | primalbound  |  gap   | compl. 
  168m|624800 |624801 | 72265k| 115.7 |  2661M | 113 | 302 | 135 | 408 |3549k|  4 |  10k|1143 |-5.011237e+00 | 7.675829e+00 |    Inf | unknown
  169m|624900 |624901 | 72281k| 115.7 |  2662M | 113 | 302 | 129 | 447 |3550k|  2 |  10k|1143 |-5.011237e+00 | 7.675829e+00 |    Inf | unknown
  169m|625000 |625001 | 72293k| 115.7 |  2662M | 113 | 302 | 128 | 454 |3550k|  2 |  10k|1143 |-5.011237e+00 | 7.675829e+00 |    Inf | unknown
  169m|625100 |625101 | 72308k| 115.7 |  2662M | 113 | 302 | 126 | 390 |3551k|  2 |  10k|1143 |-5.011237e+00 | 7.675829e+00 |    Inf | unknown
  169m|625200 |625201 | 72323k| 115.7 |  2663M | 113 | 302 | 123 | 395 |3551k|  3 |  10k|1143 |-5.011237e+00 | 7.675829e+00 |    Inf | unknown
  169m|625300 |625301 | 72335k| 115.7 |  2665M | 113 | 302 | 123 | 461 |3552k|  2 |  10k|1143 |-5.011237e+00 | 7.675829e+00 |    Inf | unknown
  169m|625400 |625401 | 72346k| 115.7 |  2665M | 113 | 302 | 126 | 428 |3552k|  3 |  10k|1143 |-5.011237e+00 | 7.675829e+00 |    Inf | unknown
  169m|625500 |625501 | 72360k| 115.7 |  2665M | 113 | 302 | 130 | 432 |3553k|  1 |  10k|1143 |-5.011237e+00 | 7.675829e+00 |    Inf | unknown
  169m|625600 |625601 | 72371k| 115.7 |  2665M | 113 | 302 | 131 | 418 |3553k|  2 |  10k|1143 |-5.011237e+00 | 7.675829e+00 |    Inf | unknown
  169m|625700 |625701 | 72382k| 115.7 |  2665M | 113 | 302 | 131 | 435 |3554k|  2 |  10k|1143 |-5.011237e+00 | 7.675829e+00 |    Inf | unknown
  169m|625800 |625801 | 72395k| 115.7 |  2666M | 113 | 302 | 131 | 409 |3554k|  3 |  10k|1143 |-5.011237e+00 | 7.675829e+00 |    Inf | unknown
  169m|625900 |625901 | 72409k| 115.7 |  2666M | 113 | 302 | 131 | 413 |3555k|  2 |  10k|1143 |-5.011237e+00 | 7.675829e+00 |    Inf | unknown
  170m|626000 |626001 | 72423k| 115.7 |  2666M | 113 | 302 | 131 | 376 |3555k|  2 |  10k|1143 |-5.011237e+00 | 7.675829e+00 |    Inf | unknown
  170m|626100 |626101 | 72437k| 115.7 |  2667M | 113 | 302 | 132 | 413 |3556k|  2 |  10k|1143 |-5.011237e+00 | 7.675829e+00 |    Inf | unknown
  170m|626200 |626201 | 72451k| 115.7 |  2667M | 113 | 302 | 131 | 454 |3557k|  4 |  10k|1143 |-5.011237e+00 | 7.675829e+00 |    Inf | unknown
 time | node  | left  |LP iter|LP it/n|mem/heur|mdpt |vars |cons |rows |cuts |sepa|confs|strbr|  dualbound   | primalbound  |  gap   | compl. 
  170m|626300 |626301 | 72467k| 115.7 |  2667M | 113 | 302 | 123 | 387 |3557k|  4 |  10k|1143 |-5.011237e+00 | 7.675829e+00 |    Inf | unknown
  170m|626400 |626401 | 72480k| 115.7 |  2667M | 113 | 302 | 123 | 470 |3558k|  2 |  10k|1143 |-5.011237e+00 | 7.675829e+00 |    Inf | unknown
  170m|626500 |626501 | 72492k| 115.7 |  2667M | 113 | 302 | 120 | 438 |3558k|  2 |  10k|1143 |-5.011237e+00 | 7.675829e+00 |    Inf | unknown
  170m|626600 |626601 | 72505k| 115.7 |  2668M | 113 | 302 | 121 | 346 |3559k|  2 |  10k|1143 |-5.011237e+00 | 7.675829e+00 |    Inf | unknown
  170m|626700 |626701 | 72518k| 115.7 |  2668M | 113 | 302 | 122 | 440 |3560k|  4 |  10k|1143 |-5.011237e+00 | 7.675829e+00 |    Inf | unknown
  170m|626800 |626801 | 72533k| 115.7 |  2669M | 113 | 302 | 125 | 466 |3560k|  3 |  10k|1143 |-5.011237e+00 | 7.675829e+00 |    Inf | unknown
  170m|626900 |626901 | 72546k| 115.7 |  2669M | 113 | 302 | 125 | 441 |3561k|  4 |  10k|1143 |-5.011237e+00 | 7.675829e+00 |    Inf | unknown
  170m|627000 |627001 | 72560k| 115.7 |  2670M | 113 | 302 | 122 | 391 |3561k|  1 |  10k|1143 |-5.011237e+00 | 7.675829e+00 |    Inf | unknown
  170m|627100 |627101 | 72573k| 115.7 |  2670M | 113 | 302 | 128 | 405 |3562k|  2 |  10k|1143 |-5.011237e+00 | 7.675829e+00 |    Inf | unknown
  170m|627200 |627201 | 72589k| 115.7 |  2670M | 113 | 302 | 124 | 428 |3562k|  3 |  10k|1143 |-5.011237e+00 | 7.675829e+00 |    Inf | unknown
  171m|627300 |627301 | 72603k| 115.7 |  2670M | 113 | 302 | 121 | 436 |3563k|  3 |  10k|1143 |-5.011237e+00 | 7.675829e+00 |    Inf | unknown
  171m|627400 |627401 | 72617k| 115.7 |  2671M | 113 | 302 | 122 | 434 |3563k|  1 |  10k|1143 |-5.011237e+00 | 7.675829e+00 |    Inf | unknown
  171m|627500 |627501 | 72632k| 115.7 |  2671M | 113 | 302 | 120 | 359 |3564k|  3 |  10k|1143 |-5.011237e+00 | 7.675829e+00 |    Inf | unknown
  171m|627600 |627601 | 72643k| 115.7 |  2672M | 113 | 302 | 118 | 458 |3565k|  2 |  10k|1143 |-5.011237e+00 | 7.675829e+00 |    Inf | unknown
  171m|627700 |627701 | 72658k| 115.7 |  2674M | 113 | 302 | 118 | 510 |3565k|  3 |  10k|1143 |-5.011237e+00 | 7.675829e+00 |    Inf | unknown
 time | node  | left  |LP iter|LP it/n|mem/heur|mdpt |vars |cons |rows |cuts |sepa|confs|strbr|  dualbound   | primalbound  |  gap   | compl. 
  171m|627800 |627801 | 72669k| 115.7 |  2674M | 113 | 302 | 122 | 432 |3566k|  4 |  10k|1143 |-5.011237e+00 | 7.675829e+00 |    Inf | unknown
  171m|627900 |627901 | 72685k| 115.8 |  2674M | 113 | 302 | 125 | 431 |3566k|  2 |  10k|1143 |-5.011237e+00 | 7.675829e+00 |    Inf | unknown
  171m|628000 |628001 | 72699k| 115.8 |  2675M | 113 | 302 | 130 | 440 |3567k|  1 |  10k|1143 |-5.011237e+00 | 7.675829e+00 |    Inf | unknown
  171m|628100 |628101 | 72713k| 115.8 |  2675M | 113 | 302 | 134 | 473 |3567k|  4 |  10k|1143 |-5.011237e+00 | 7.675829e+00 |    Inf | unknown
  171m|628200 |628201 | 72729k| 115.8 |  2675M | 113 | 302 | 136 | 364 |3568k|  2 |  10k|1143 |-5.011237e+00 | 7.675829e+00 |    Inf | unknown
  171m|628300 |628301 | 72740k| 115.8 |  2675M | 113 | 302 | 138 | 435 |3568k|  2 |  10k|1143 |-5.011237e+00 | 7.675829e+00 |    Inf | unknown
  171m|628400 |628401 | 72754k| 115.8 |  2675M | 113 | 302 | 138 | 417 |3569k|  2 |  10k|1143 |-5.011237e+00 | 7.675829e+00 |    Inf | unknown
  171m|628500 |628501 | 72770k| 115.8 |  2676M | 113 | 302 | 131 | 453 |3569k|  2 |  10k|1143 |-5.011237e+00 | 7.675829e+00 |    Inf | unknown
  171m|628600 |628601 | 72784k| 115.8 |  2676M | 113 | 302 | 128 | 392 |3570k|  3 |  10k|1143 |-5.011237e+00 | 7.675829e+00 |    Inf | unknown
  172m|628700 |628701 | 72798k| 115.8 |  2676M | 113 | 302 | 130 | 403 |3571k|  2 |  10k|1143 |-5.011237e+00 | 7.675829e+00 |    Inf | unknown
  172m|628800 |628801 | 72811k| 115.8 |  2677M | 113 | 302 | 133 | 413 |3571k|  2 |  10k|1143 |-5.011237e+00 | 7.675829e+00 |    Inf | unknown
  172m|628900 |628901 | 72824k| 115.8 |  2677M | 113 | 302 | 136 | 364 |3572k|  1 |  10k|1143 |-5.011237e+00 | 7.675829e+00 |    Inf | unknown
  172m|629000 |629001 | 72842k| 115.8 |  2678M | 113 | 302 | 131 | 351 |3573k|  4 |  10k|1143 |-5.011237e+00 | 7.675829e+00 |    Inf | unknown
  172m|629100 |629101 | 72855k| 115.8 |  2678M | 113 | 302 | 135 | 419 |3573k|  2 |  10k|1143 |-5.011237e+00 | 7.675829e+00 |    Inf | unknown
  172m|629200 |629201 | 72866k| 115.8 |  2678M | 113 | 302 | 138 | 477 |3574k|  2 |  10k|1143 |-5.011237e+00 | 7.675829e+00 |    Inf | unknown
 time | node  | left  |LP iter|LP it/n|mem/heur|mdpt |vars |cons |rows |cuts |sepa|confs|strbr|  dualbound   | primalbound  |  gap   | compl. 
  172m|629300 |629301 | 72880k| 115.8 |  2679M | 113 | 302 | 135 | 411 |3574k|  3 |  10k|1143 |-5.011237e+00 | 7.675829e+00 |    Inf | unknown
  172m|629400 |629401 | 72893k| 115.8 |  2680M | 113 | 302 | 135 | 493 |3575k|  2 |  10k|1143 |-5.011237e+00 | 7.675829e+00 |    Inf | unknown
  172m|629500 |629501 | 72907k| 115.8 |  2680M | 113 | 302 | 138 | 441 |3575k|  4 |  10k|1143 |-5.011237e+00 | 7.675829e+00 |    Inf | unknown
  172m|629600 |629601 | 72923k| 115.8 |  2680M | 113 | 302 | 132 | 426 |3576k|  5 |  10k|1143 |-5.011237e+00 | 7.675829e+00 |    Inf | unknown
  172m|629700 |629701 | 72936k| 115.8 |  2680M | 113 | 302 | 128 | 420 |3577k|  3 |  10k|1143 |-5.011237e+00 | 7.675829e+00 |    Inf | unknown
L 172m|629750 |629751 | 72942k| 115.8 |    alns| 113 | 302 | 130 | 439 |3577k|  1 |  10k|1143 |-5.011237e+00 | 7.505080e+00 |    Inf | unknown
L 172m|629750 |629751 | 72942k| 115.8 |    alns| 113 | 302 | 130 | 439 |3577k|  1 |  10k|1143 |-5.011237e+00 | 7.450530e+00 |    Inf | unknown
  172m|629800 |629801 | 72949k| 115.8 |  2685M | 113 | 302 | 132 | 411 |3577k|  2 |  10k|1143 |-5.011237e+00 | 7.450530e+00 |    Inf | unknown
L 172m|629801 |629802 | 72950k| 115.8 |    alns| 113 | 302 | 133 | 413 |3577k|  2 |  10k|1143 |-5.011237e+00 | 7.323032e+00 |    Inf | unknown
L 172m|629801 |629802 | 72950k| 115.8 |    alns| 113 | 302 | 133 | 413 |3577k|  2 |  10k|1143 |-5.011237e+00 | 7.001645e+00 |    Inf | unknown
L 172m|629801 |629802 | 72950k| 115.8 |    alns| 113 | 302 | 133 | 413 |3577k|  2 |  10k|1143 |-5.011237e+00 | 6.992194e+00 |    Inf | unknown
L 172m|629873 |629874 | 72958k| 115.8 |    alns| 113 | 302 | 132 | 441 |3578k|  2 |  10k|1143 |-5.011237e+00 | 6.705714e+00 |    Inf | unknown
L 172m|629873 |629874 | 72958k| 115.8 |    alns| 113 | 302 | 132 | 441 |3578k|  2 |  10k|1143 |-5.011237e+00 | 6.631013e+00 |    Inf | unknown
L 172m|629873 |629874 | 72958k| 115.8 |    alns| 113 | 302 | 132 | 441 |3578k|  2 |  10k|1143 |-5.011237e+00 | 6.576261e+00 |    Inf | unknown
  172m|629900 |629901 | 72962k| 115.8 |  2696M | 113 | 302 | 131 | 385 |3578k|  4 |  10k|1143 |-5.011237e+00 | 6.576261e+00 |    Inf | unknown
 time | node  | left  |LP iter|LP it/n|mem/heur|mdpt |vars |cons |rows |cuts |sepa|confs|strbr|  dualbound   | primalbound  |  gap   | compl. 
  172m|630000 |630001 | 72975k| 115.8 |  2696M | 113 | 302 | 136 | 432 |3578k|  2 |  10k|1143 |-5.011237e+00 | 6.576261e+00 |    Inf | unknown
  173m|630100 |630101 | 72991k| 115.8 |  2698M | 113 | 302 | 133 | 463 |3579k|  4 |  10k|1143 |-5.011237e+00 | 6.576261e+00 |    Inf | unknown
  173m|630200 |630201 | 73004k| 115.8 |  2700M | 113 | 302 | 137 | 389 |3579k|  2 |  10k|1143 |-5.011237e+00 | 6.576261e+00 |    Inf | unknown
  173m|630300 |630301 | 73018k| 115.8 |  2700M | 113 | 302 | 131 | 466 |3580k|  2 |  10k|1143 |-5.011237e+00 | 6.576261e+00 |    Inf | unknown
  173m|630400 |630401 | 73030k| 115.8 |  2700M | 113 | 302 | 131 | 449 |3581k|  2 |  10k|1143 |-5.011237e+00 | 6.576261e+00 |    Inf | unknown
  173m|630500 |630501 | 73045k| 115.8 |  2700M | 113 | 302 | 132 | 369 |3581k|  4 |  10k|1143 |-5.011237e+00 | 6.576261e+00 |    Inf | unknown
  173m|630600 |630601 | 73057k| 115.9 |  2702M | 113 | 302 | 131 | 453 |3582k|  2 |  10k|1143 |-5.011237e+00 | 6.576261e+00 |    Inf | unknown
  173m|630700 |630701 | 73069k| 115.9 |  2703M | 113 | 302 | 130 | 455 |3582k|  1 |  10k|1143 |-5.011237e+00 | 6.576261e+00 |    Inf | unknown
  173m|630800 |630801 | 73084k| 115.9 |  2704M | 113 | 302 | 132 | 464 |3583k|  1 |  10k|1143 |-5.011237e+00 | 6.576261e+00 |    Inf | unknown
  173m|630900 |630901 | 73099k| 115.9 |  2705M | 113 | 302 | 132 | 401 |3583k|  4 |  10k|1143 |-5.011237e+00 | 6.576261e+00 |    Inf | unknown
  173m|631000 |631001 | 73111k| 115.9 |  2706M | 113 | 302 | 130 | 447 |3584k|  2 |  10k|1143 |-5.011237e+00 | 6.576261e+00 |    Inf | unknown
  173m|631100 |631101 | 73125k| 115.9 |  2706M | 113 | 302 | 124 | 427 |3584k|  1 |  10k|1143 |-5.011237e+00 | 6.576261e+00 |    Inf | unknown
  173m|631200 |631201 | 73140k| 115.9 |  2706M | 113 | 302 | 128 | 384 |3585k|  2 |  10k|1143 |-5.011237e+00 | 6.576261e+00 |    Inf | unknown
  173m|631300 |631301 | 73151k| 115.9 |  2706M | 113 | 302 | 135 | 463 |3585k|  2 |  10k|1143 |-5.011237e+00 | 6.576261e+00 |    Inf | unknown
  173m|631400 |631401 | 73164k| 115.9 |  2706M | 113 | 302 | 131 | 402 |3586k|  3 |  10k|1143 |-5.011237e+00 | 6.576261e+00 |    Inf | unknown
 time | node  | left  |LP iter|LP it/n|mem/heur|mdpt |vars |cons |rows |cuts |sepa|confs|strbr|  dualbound   | primalbound  |  gap   | compl. 
  173m|631500 |631501 | 73178k| 115.9 |  2706M | 113 | 302 | 133 | 412 |3587k|  2 |  10k|1143 |-5.011237e+00 | 6.576261e+00 |    Inf | unknown
  173m|631600 |631601 | 73189k| 115.9 |  2707M | 113 | 302 | 135 | 469 |3587k|  2 |  10k|1143 |-5.011237e+00 | 6.576261e+00 |    Inf | unknown
  173m|631700 |631701 | 73204k| 115.9 |  2707M | 113 | 302 | 134 | 355 |3588k|  2 |  10k|1143 |-5.011237e+00 | 6.576261e+00 |    Inf | unknown
  173m|631800 |631801 | 73215k| 115.9 |  2709M | 113 | 302 | 132 | 467 |3588k|  2 |  10k|1143 |-5.011237e+00 | 6.576261e+00 |    Inf | unknown
  173m|631900 |631901 | 73229k| 115.9 |  2709M | 113 | 302 | 133 | 414 |3588k|  3 |  10k|1143 |-5.011237e+00 | 6.576261e+00 |    Inf | unknown
  174m|632000 |632001 | 73244k| 115.9 |  2710M | 113 | 302 | 133 | 385 |3589k|  5 |  10k|1143 |-5.011237e+00 | 6.576261e+00 |    Inf | unknown
  174m|632100 |632101 | 73258k| 115.9 |  2710M | 113 | 302 | 131 | 416 |3590k|  3 |  10k|1143 |-5.011237e+00 | 6.576261e+00 |    Inf | unknown
  174m|632200 |632201 | 73270k| 115.9 |  2710M | 113 | 302 | 127 | 483 |3590k|  1 |  10k|1143 |-5.011237e+00 | 6.576261e+00 |    Inf | unknown
  174m|632300 |632301 | 73283k| 115.9 |  2710M | 113 | 302 | 134 | 372 |3591k|  2 |  10k|1143 |-5.011237e+00 | 6.576261e+00 |    Inf | unknown
  174m|632400 |632401 | 73297k| 115.9 |  2710M | 113 | 302 | 141 | 468 |3592k|  2 |  10k|1143 |-5.011237e+00 | 6.576261e+00 |    Inf | unknown
  174m|632500 |632501 | 73317k| 115.9 |  2712M | 113 | 302 | 141 | 463 |3592k|  2 |  10k|1143 |-5.011237e+00 | 6.576261e+00 |    Inf | unknown
  174m|632600 |632601 | 73334k| 115.9 |  2712M | 113 | 302 | 129 | 399 |3593k|  3 |  10k|1143 |-5.011237e+00 | 6.576261e+00 |    Inf | unknown
  174m|632700 |632701 | 73349k| 115.9 |  2712M | 113 | 302 | 123 | 410 |3593k|  4 |  10k|1143 |-5.011237e+00 | 6.576261e+00 |    Inf | unknown
  174m|632800 |632801 | 73362k| 115.9 |  2712M | 113 | 302 | 123 | 418 |3594k|  3 |  10k|1143 |-5.011237e+00 | 6.576261e+00 |    Inf | unknown
  174m|632900 |632901 | 73374k| 115.9 |  2713M | 113 | 302 | 125 | 359 |3594k|  2 |  10k|1143 |-5.011237e+00 | 6.576261e+00 |    Inf | unknown
 time | node  | left  |LP iter|LP it/n|mem/heur|mdpt |vars |cons |rows |cuts |sepa|confs|strbr|  dualbound   | primalbound  |  gap   | compl. 
  174m|633000 |633001 | 73387k| 115.9 |  2713M | 113 | 302 | 128 | 355 |3595k|  2 |  10k|1143 |-5.011237e+00 | 6.576261e+00 |    Inf | unknown
  174m|633100 |633101 | 73399k| 115.9 |  2713M | 113 | 302 | 133 | 463 |3596k|  2 |  10k|1143 |-5.011237e+00 | 6.576261e+00 |    Inf | unknown
  174m|633200 |633201 | 73414k| 115.9 |  2713M | 113 | 302 | 131 | 413 |3596k|  1 |  10k|1143 |-5.011237e+00 | 6.576261e+00 |    Inf | unknown
  174m|633300 |633301 | 73429k| 115.9 |  2715M | 113 | 302 | 125 | 460 |3597k|  1 |  10k|1143 |-5.011237e+00 | 6.576261e+00 |    Inf | unknown
  174m|633400 |633401 | 73442k| 115.9 |  2724M | 113 | 302 | 127 | 465 |3597k|  2 |  10k|1143 |-5.011237e+00 | 6.576261e+00 |    Inf | unknown
  175m|633500 |633501 | 73458k| 116.0 |  2727M | 113 | 302 | 125 | 399 |3598k|  4 |  10k|1143 |-5.011237e+00 | 6.576261e+00 |    Inf | unknown
  175m|633600 |633601 | 73469k| 116.0 |  2727M | 113 | 302 | 130 | 434 |3599k|  2 |  10k|1143 |-5.011237e+00 | 6.576261e+00 |    Inf | unknown
  175m|633700 |633701 | 73483k| 116.0 |  2728M | 113 | 302 | 129 | 454 |3599k|  2 |  10k|1143 |-5.011237e+00 | 6.576261e+00 |    Inf | unknown
  175m|633800 |633801 | 73497k| 116.0 |  2729M | 113 | 302 | 125 | 455 |3600k|  3 |  10k|1143 |-5.011237e+00 | 6.576261e+00 |    Inf | unknown
  175m|633900 |633901 | 73509k| 116.0 |  2729M | 113 | 302 | 130 | 469 |3600k|  2 |  10k|1143 |-5.011237e+00 | 6.576261e+00 |    Inf | unknown
  175m|634000 |634001 | 73524k| 116.0 |  2729M | 113 | 302 | 127 | 435 |3601k|  2 |  10k|1143 |-5.011237e+00 | 6.576261e+00 |    Inf | unknown
  175m|634100 |634101 | 73537k| 116.0 |  2731M | 113 | 302 | 131 | 365 |3602k|  2 |  10k|1143 |-5.011237e+00 | 6.576261e+00 |    Inf | unknown
  175m|634200 |634201 | 73550k| 116.0 |  2732M | 113 | 302 | 130 | 375 |3602k|  2 |  10k|1143 |-5.011237e+00 | 6.576261e+00 |    Inf | unknown
  175m|634300 |634301 | 73563k| 116.0 |  2732M | 113 | 302 | 130 | 439 |3603k|  2 |  10k|1143 |-5.011237e+00 | 6.576261e+00 |    Inf | unknown
  175m|634400 |634401 | 73577k| 116.0 |  2732M | 113 | 302 | 129 | 381 |3603k|  1 |  10k|1143 |-5.011237e+00 | 6.576261e+00 |    Inf | unknown
 time | node  | left  |LP iter|LP it/n|mem/heur|mdpt |vars |cons |rows |cuts |sepa|confs|strbr|  dualbound   | primalbound  |  gap   | compl. 
  175m|634500 |634501 | 73590k| 116.0 |  2732M | 113 | 302 | 128 | 412 |3604k|  3 |  10k|1143 |-5.011237e+00 | 6.576261e+00 |    Inf | unknown
  175m|634600 |634601 | 73602k| 116.0 |  2733M | 113 | 302 | 127 | 416 |3604k|  2 |  10k|1143 |-5.011237e+00 | 6.576261e+00 |    Inf | unknown
  175m|634700 |634701 | 73619k| 116.0 |  2733M | 113 | 302 | 126 | 361 |3605k|  2 |  10k|1143 |-5.011237e+00 | 6.576261e+00 |    Inf | unknown
  175m|634800 |634801 | 73635k| 116.0 |  2733M | 113 | 302 | 123 | 438 |3606k|  2 |  10k|1143 |-5.011237e+00 | 6.576261e+00 |    Inf | unknown
  175m|634900 |634901 | 73647k| 116.0 |  2735M | 113 | 302 | 124 | 408 |3606k|  2 |  10k|1143 |-5.011237e+00 | 6.576261e+00 |    Inf | unknown
  175m|635000 |635001 | 73662k| 116.0 |  2736M | 113 | 302 | 127 | 372 |3607k|  2 |  10k|1143 |-5.011237e+00 | 6.576261e+00 |    Inf | unknown
  176m|635100 |635101 | 73677k| 116.0 |  2736M | 113 | 302 | 124 | 417 |3607k|  2 |  10k|1143 |-5.011237e+00 | 6.576261e+00 |    Inf | unknown
  176m|635200 |635201 | 73688k| 116.0 |  2736M | 113 | 302 | 125 | 454 |3608k|  2 |  10k|1143 |-5.011237e+00 | 6.576261e+00 |    Inf | unknown
  176m|635300 |635301 | 73703k| 116.0 |  2736M | 113 | 302 | 126 | 436 |3609k|  3 |  10k|1143 |-5.011237e+00 | 6.576261e+00 |    Inf | unknown
  176m|635400 |635401 | 73717k| 116.0 |  2737M | 113 | 302 | 129 | 474 |3609k|  1 |  11k|1143 |-5.011237e+00 | 6.576261e+00 |    Inf | unknown
  176m|635500 |635501 | 73729k| 116.0 |  2738M | 113 | 302 | 134 | 448 |3610k|  3 |  11k|1143 |-5.011237e+00 | 6.576261e+00 |    Inf | unknown
  176m|635600 |635601 | 73744k| 116.0 |  2738M | 113 | 302 | 128 | 403 |3610k|  2 |  11k|1143 |-5.011237e+00 | 6.576261e+00 |    Inf | unknown
  176m|635700 |635701 | 73758k| 116.0 |  2740M | 113 | 302 | 123 | 401 |3611k|  2 |  11k|1143 |-5.011237e+00 | 6.576261e+00 |    Inf | unknown
  176m|635800 |635801 | 73771k| 116.0 |  2740M | 113 | 302 | 124 | 403 |3611k|  2 |  11k|1143 |-5.011237e+00 | 6.576261e+00 |    Inf | unknown
  176m|635900 |635901 | 73785k| 116.0 |  2741M | 113 | 302 | 127 | 352 |3612k|  3 |  11k|1143 |-5.011237e+00 | 6.576261e+00 |    Inf | unknown
 time | node  | left  |LP iter|LP it/n|mem/heur|mdpt |vars |cons |rows |cuts |sepa|confs|strbr|  dualbound   | primalbound  |  gap   | compl. 
  176m|636000 |636001 | 73799k| 116.0 |  2741M | 113 | 302 | 127 | 422 |3613k|  3 |  11k|1143 |-5.011237e+00 | 6.576261e+00 |    Inf | unknown
  176m|636100 |636101 | 73810k| 116.0 |  2742M | 113 | 302 | 126 | 454 |3613k|  4 |  11k|1143 |-5.011237e+00 | 6.576261e+00 |    Inf | unknown
  177m|636200 |636201 | 73826k| 116.0 |  2743M | 113 | 302 | 126 | 405 |3614k|  4 |  11k|1143 |-5.011237e+00 | 6.576261e+00 |    Inf | unknown
  177m|636300 |636301 | 73841k| 116.0 |  2743M | 113 | 302 | 122 | 378 |3614k|  4 |  11k|1143 |-5.011237e+00 | 6.576261e+00 |    Inf | unknown
  177m|636400 |636401 | 73856k| 116.1 |  2744M | 113 | 302 | 119 | 424 |3615k|  4 |  11k|1143 |-5.011237e+00 | 6.576261e+00 |    Inf | unknown
  177m|636500 |636501 | 73870k| 116.1 |  2745M | 113 | 302 | 116 | 422 |3616k|  1 |  11k|1143 |-5.011237e+00 | 6.576261e+00 |    Inf | unknown
  177m|636600 |636601 | 73882k| 116.1 |  2746M | 113 | 302 | 118 | 377 |3616k|  3 |  11k|1143 |-5.011237e+00 | 6.576261e+00 |    Inf | unknown
  177m|636700 |636701 | 73893k| 116.1 |  2747M | 113 | 302 | 118 | 427 |3617k|  2 |  11k|1143 |-5.011237e+00 | 6.576261e+00 |    Inf | unknown
  177m|636800 |636801 | 73905k| 116.1 |  2747M | 113 | 302 | 122 | 436 |3617k|  1 |  11k|1143 |-5.011237e+00 | 6.576261e+00 |    Inf | unknown
  177m|636900 |636901 | 73918k| 116.1 |  2747M | 113 | 302 | 126 | 408 |3618k|  2 |  11k|1143 |-5.011237e+00 | 6.576261e+00 |    Inf | unknown
  177m|637000 |637001 | 73931k| 116.1 |  2747M | 113 | 302 | 129 | 443 |3619k|  2 |  11k|1143 |-5.011237e+00 | 6.576261e+00 |    Inf | unknown
  177m|637100 |637101 | 73951k| 116.1 |  2748M | 113 | 302 | 117 | 418 |3619k|  1 |  11k|1143 |-5.011237e+00 | 6.576261e+00 |    Inf | unknown
  177m|637200 |637201 | 73968k| 116.1 |  2748M | 113 | 302 | 114 | 432 |3620k|  3 |  11k|1143 |-5.011237e+00 | 6.576261e+00 |    Inf | unknown
  177m|637300 |637301 | 73980k| 116.1 |  2749M | 113 | 302 | 122 | 503 |3620k|  2 |  11k|1143 |-5.011237e+00 | 6.576261e+00 |    Inf | unknown
  177m|637400 |637401 | 73992k| 116.1 |  2750M | 113 | 302 | 125 | 490 |3621k|  2 |  11k|1143 |-5.011237e+00 | 6.576261e+00 |    Inf | unknown
 time | node  | left  |LP iter|LP it/n|mem/heur|mdpt |vars |cons |rows |cuts |sepa|confs|strbr|  dualbound   | primalbound  |  gap   | compl. 
  177m|637500 |637501 | 74006k| 116.1 |  2751M | 113 | 302 | 126 | 426 |3622k|  1 |  11k|1143 |-5.011237e+00 | 6.576261e+00 |    Inf | unknown
  177m|637600 |637601 | 74019k| 116.1 |  2751M | 113 | 302 | 123 | 497 |3622k|  2 |  11k|1143 |-5.011237e+00 | 6.576261e+00 |    Inf | unknown
  177m|637700 |637701 | 74032k| 116.1 |  2751M | 113 | 302 | 123 | 456 |3622k|  2 |  11k|1143 |-5.011237e+00 | 6.576261e+00 |    Inf | unknown
  178m|637800 |637801 | 74047k| 116.1 |  2751M | 113 | 302 | 120 | 438 |3623k|  3 |  11k|1143 |-5.011237e+00 | 6.576261e+00 |    Inf | unknown
  178m|637900 |637901 | 74059k| 116.1 |  2751M | 113 | 302 | 118 | 479 |3624k|  3 |  11k|1143 |-5.011237e+00 | 6.576261e+00 |    Inf | unknown
  178m|638000 |638001 | 74071k| 116.1 |  2754M | 113 | 302 | 119 | 459 |3624k|  2 |  11k|1143 |-5.011237e+00 | 6.576261e+00 |    Inf | unknown
  178m|638100 |638101 | 74085k| 116.1 |  2755M | 113 | 302 | 118 | 386 |3625k|  2 |  11k|1143 |-5.011237e+00 | 6.576261e+00 |    Inf | unknown
  178m|638200 |638201 | 74100k| 116.1 |  2755M | 113 | 302 | 116 | 460 |3625k|  2 |  11k|1143 |-5.011237e+00 | 6.576261e+00 |    Inf | unknown
  178m|638300 |638301 | 74115k| 116.1 |  2755M | 113 | 302 | 116 | 354 |3626k|  1 |  11k|1143 |-5.011237e+00 | 6.576261e+00 |    Inf | unknown
  178m|638400 |638401 | 74127k| 116.1 |  2756M | 113 | 302 | 119 | 378 |3626k|  3 |  11k|1143 |-5.011237e+00 | 6.576261e+00 |    Inf | unknown
  178m|638500 |638501 | 74140k| 116.1 |  2756M | 113 | 302 | 123 | 447 |3627k|  2 |  11k|1143 |-5.011237e+00 | 6.576261e+00 |    Inf | unknown
  178m|638600 |638601 | 74154k| 116.1 |  2757M | 113 | 302 | 124 | 398 |3627k|  1 |  11k|1143 |-5.011237e+00 | 6.576261e+00 |    Inf | unknown
  178m|638700 |638701 | 74168k| 116.1 |  2757M | 113 | 302 | 124 | 363 |3628k|  2 |  11k|1143 |-5.011237e+00 | 6.576261e+00 |    Inf | unknown
  178m|638800 |638801 | 74183k| 116.1 |  2757M | 113 | 302 | 122 | 419 |3629k|  3 |  11k|1143 |-5.011237e+00 | 6.576261e+00 |    Inf | unknown
  178m|638900 |638901 | 74198k| 116.1 |  2759M | 113 | 302 | 114 | 377 |3629k|  2 |  11k|1143 |-5.011237e+00 | 6.576261e+00 |    Inf | unknown
 time | node  | left  |LP iter|LP it/n|mem/heur|mdpt |vars |cons |rows |cuts |sepa|confs|strbr|  dualbound   | primalbound  |  gap   | compl. 
  178m|639000 |639001 | 74213k| 116.1 |  2759M | 113 | 302 | 117 | 374 |3630k|  2 |  11k|1143 |-5.011237e+00 | 6.576261e+00 |    Inf | unknown
  179m|639100 |639101 | 74229k| 116.1 |  2759M | 113 | 302 | 108 | 433 |3631k|  2 |  11k|1143 |-5.011237e+00 | 6.576261e+00 |    Inf | unknown
  179m|639200 |639201 | 74242k| 116.1 |  2760M | 113 | 302 | 116 | 448 |3631k|  3 |  11k|1143 |-5.011237e+00 | 6.576261e+00 |    Inf | unknown
  179m|639300 |639301 | 74255k| 116.1 |  2760M | 113 | 302 | 114 | 427 |3632k|  2 |  11k|1143 |-5.011237e+00 | 6.576261e+00 |    Inf | unknown
  179m|639400 |639401 | 74268k| 116.1 |  2761M | 113 | 302 | 110 | 440 |3632k|  3 |  11k|1143 |-5.011237e+00 | 6.576261e+00 |    Inf | unknown
  179m|639500 |639501 | 74284k| 116.2 |  2761M | 113 | 302 | 114 | 386 |3633k|  3 |  11k|1143 |-5.011237e+00 | 6.576261e+00 |    Inf | unknown
  179m|639600 |639601 | 74295k| 116.2 |  2761M | 113 | 302 | 117 | 468 |3634k|  2 |  11k|1143 |-5.011237e+00 | 6.576261e+00 |    Inf | unknown
  179m|639700 |639701 | 74307k| 116.2 |  2762M | 113 | 302 | 115 | 442 |3634k|  2 |  11k|1143 |-5.011237e+00 | 6.576261e+00 |    Inf | unknown
  179m|639800 |639801 | 74322k| 116.2 |  2763M | 113 | 302 | 113 | 402 |3635k|  2 |  11k|1143 |-5.011237e+00 | 6.576261e+00 |    Inf | unknown
  179m|639900 |639901 | 74338k| 116.2 |  2764M | 113 | 302 | 112 | 397 |3635k|  3 |  11k|1143 |-5.011237e+00 | 6.576261e+00 |    Inf | unknown
  179m|640000 |640001 | 74349k| 116.2 |  2764M | 113 | 302 | 115 | 466 |3636k|  2 |  11k|1143 |-5.011237e+00 | 6.576261e+00 |    Inf | unknown
  179m|640100 |640101 | 74361k| 116.2 |  2765M | 113 | 302 | 114 | 356 |3636k|  3 |  11k|1143 |-5.011237e+00 | 6.576261e+00 |    Inf | unknown
  179m|640200 |640201 | 74374k| 116.2 |  2765M | 113 | 302 | 117 | 431 |3637k|  2 |  11k|1143 |-5.011237e+00 | 6.576261e+00 |    Inf | unknown
  179m|640300 |640301 | 74389k| 116.2 |  2765M | 113 | 302 | 119 | 498 |3638k|  2 |  11k|1143 |-5.011237e+00 | 6.576261e+00 |    Inf | unknown
  179m|640400 |640401 | 74407k| 116.2 |  2766M | 113 | 302 | 116 | 415 |3638k|  4 |  11k|1143 |-5.011237e+00 | 6.576261e+00 |    Inf | unknown
 time | node  | left  |LP iter|LP it/n|mem/heur|mdpt |vars |cons |rows |cuts |sepa|confs|strbr|  dualbound   | primalbound  |  gap   | compl. 
  179m|640500 |640501 | 74420k| 116.2 |  2766M | 113 | 302 | 114 | 403 |3639k|  2 |  11k|1143 |-5.011237e+00 | 6.576261e+00 |    Inf | unknown
  179m|640600 |640601 | 74434k| 116.2 |  2766M | 113 | 302 | 115 | 410 |3639k|  1 |  11k|1143 |-5.011237e+00 | 6.576261e+00 |    Inf | unknown
  180m|640700 |640701 | 74447k| 116.2 |  2767M | 113 | 302 | 120 | 429 |3640k|  2 |  11k|1143 |-5.011237e+00 | 6.576261e+00 |    Inf | unknown
  180m|640800 |640801 | 74459k| 116.2 |  2768M | 113 | 302 | 117 | 394 |3641k|  2 |  11k|1143 |-5.011237e+00 | 6.576261e+00 |    Inf | unknown
  180m|640900 |640901 | 74471k| 116.2 |  2768M | 113 | 302 | 117 | 399 |3641k|  2 |  11k|1143 |-5.011237e+00 | 6.576261e+00 |    Inf | unknown
  180m|641000 |641001 | 74482k| 116.2 |  2768M | 113 | 302 | 115 | 409 |3642k|  3 |  11k|1143 |-5.011237e+00 | 6.576261e+00 |    Inf | unknown
  180m|641100 |641101 | 74495k| 116.2 |  2769M | 113 | 302 | 115 | 412 |3642k|  3 |  11k|1143 |-5.011237e+00 | 6.576261e+00 |    Inf | unknown
  180m|641200 |641201 | 74513k| 116.2 |  2769M | 113 | 302 | 111 | 410 |3643k|  2 |  11k|1143 |-5.011237e+00 | 6.576261e+00 |    Inf | unknown
  180m|641300 |641301 | 74525k| 116.2 |  2770M | 113 | 302 | 110 | 395 |3644k|  3 |  11k|1143 |-5.011237e+00 | 6.576261e+00 |    Inf | unknown
  180m|641400 |641401 | 74542k| 116.2 |  2772M | 113 | 302 | 112 | 425 |3644k|  3 |  11k|1143 |-5.011237e+00 | 6.576261e+00 |    Inf | unknown

SCIP Status        : solving was interrupted [time limit reached]
Solving Time (sec) : 10800.21
Solving Nodes      : 641417
Primal Bound       : +6.57626093891481e+00 (14 solutions)
Dual Bound         : -5.01123684531408e+00
Gap                : infinite

