Solver command line: ['/cvmfs/soft.computecanada.ca/easybuild/software/2023/x86-64-v4/Compiler/gcc12/scipoptsuite/9.0.0/bin/scip', '/tmp/tmplddzcjm_.pyomo', '-AMPL']

SCIP version 9.0.0 [precision: 8 byte] [memory: block] [mode: optimized] [LP solver: Soplex 7.0.0] [GitHash: 7205bedd94]
Copyright (c) 2002-2024 Zuse Institute Berlin (ZIB)

External libraries: 
  Readline 8.1         GNU library for command line editing (gnu.org/s/readline)
  Soplex 7.0.0         Linear Programming Solver developed at Zuse Institute Berlin (soplex.zib.de) [GitHash: 6657fb3b]
  CppAD 20180000.0     Algorithmic Differentiation of C++ algorithms developed by B. Bell (github.com/coin-or/CppAD)
  ZLIB 1.2.13          General purpose compression library by J. Gailly and M. Adler (zlib.net)
  GMP 6.2.1            GNU Multiple Precision Arithmetic Library developed by T. Granlund (gmplib.org)
  ZIMPL 3.5.3          Zuse Institute Mathematical Programming Language developed by T. Koch (zimpl.zib.de)
  AMPL/MP 690e9e7      AMPL .nl file reader library (github.com/ampl/mp)
  PaPILO 2.2.0         parallel presolve for integer and linear optimization (github.com/scipopt/papilo) (built with TBB) [GitHash: df30ae49]
  bliss 0.77           Computing Graph Automorphisms by T. Junttila and P. Kaski (users.aalto.fi/~tjunttil/bliss)
  sassy 1.1            Symmetry preprocessor by Markus Anders (github.com/markusa4/sassy)
  Ipopt 3.14.14        Interior Point Optimizer developed by A. Waechter et.al. (github.com/coin-or/Ipopt)

reading user parameter file <scip.set>
===========================

limits/time = 10800

read problem </tmp/tmplddzcjm_.pyomo.nl>
============

original problem has 201 variables (0 bin, 200 int, 0 impl, 1 cont) and 201 constraints

solve problem
=============

  [nonlinear] <objcons>: 0.5*((0.00294665*<i0>)*<i0>)+0.0497307*sin(<i0>)+0.5*((0.00530587*<i1>)*<i1>)+0.0898127*sin(<i1>)+0.5*((0.00191521*<i2>)*<i2>)+0.0961527*sin(<i2>)+0.5*((0.000679004*<i3>)*<i3>)+0.000220509*sin(<i3>)+0.5*((0.00786985*<i4>)*<i4>)+0.0831102*sin(<i4>)+0.5*((0.00656334*<i5>)*<i5>)+0.0557261*sin(<i5>)+0.5*((0.00637521*<i6>)*<i6>)+0.0935017*sin(<i6>)+0.5*((0.00575603*<i7>)*<i7>)+0.0718441*sin(<i7>)+0.5*((0.000390629*<i8>)*<i8>)+0.0958085*sin(<i8>)+0.5*((0.00357814*<i9>)*<i9>)+0.075915*sin(<i9>)+0.5*((0.00945683*<i10>)*<i10>)+0.0263894*sin(<i10>)+0.5*((0.000600447*<i11>)*<i11>)+0.0135752*sin(<i11>)+0.5*((0.00864042*<i12>)*<i12>)+0.0901589*sin(<i12>)+0.5*((0.00877291*<i13>)*<i13>)+0.0516073*sin(<i13>)+0.5*((0.000511937*<i14>)*<i14>)+0.0849436*sin(<i14>)+0.5*((0.00652419*<i15>)*<i15>)+0.00552972*sin(<i15>)+0.5*((0.00551751*<i16>)*<i16>)+0.0429952*sin(<i16>)+0.5*((0.00597513*<i17>)*<i17>)+0.0205567*sin(<i17>)+0.5*((0.00483529*<i18>)*<i18>)+0.0870591*sin(<i18>)+0.5*((0.00282988*<i19>)*<i19>)+0.0694034*sin(<i19>)+0.5*((0.00297726*<i20>)*<i20>)+0.00624292*sin(<i20>)+0.5*((0.00561509*<i21>)*<i21>)+0.0614763*sin(<i21>)+0.5*((0.00396047*<i22>)*<i22>)+0.0839285*sin(<i22>)+0.5*((0.00788701*<i23>)*<i23>)+0.00337823*sin(<i23>)+0.5*((0.00418484*<i24>)*<i24>)+0.0612615*sin(<i24>)+0.5*((0.00143904*<i25>)*<i25>)+0.0925817*sin(<i25>)+0.5*((0.00150907*<i26>)*<i26>)+0.0151461*sin(<i26>)+0.5*((0.000552414*<i27>)*<i27>)+0.0727936*sin(<i27>)+0.5*((0.00718037*<i28>)*<i28>)+0.0150821*sin(<i28>)+0.5*((0.00292317*<i29>)*<i29>)+0.0839952*sin(<i29>)+0.5*((0.00198774*<i30>)*<i30>)+0.0182618*sin(<i30>)+0.5*((0.00831364*<i31>)*<i31>)+0.0391103*sin(<i31>)+0.5*((0.00567991*<i32>)*<i32>)+0.0360203*sin(<i32>)+0.5*((0.000823397*<i33>)*<i33>)+0.0397942*sin(<i33>)+0.5*((0.00544999*<i34>)*<i34>)+0.0990217*sin(<i34>)+0.5*((0.00158959*<i35>)*<i35>)+0.0198743*sin(<i35>)+0.5*((0.00676762*<i36>)*<i36>)+0.0369253*sin(<i36>)+0.5*((0.00118472*<i37>)*<i37>)+0.0769394*sin(<i37>)+0.5*((0.00444996*<i38>)*<i38>)+0.044547*sin(<i38>)+0.5*((0.00887982*<i39>)*<i39>)+0.055627*sin(<i39>)+0.5*((0.00797268*<i40>)*<i40>)+0.0763801*sin(<i40>)+0.5*((0.000679787*<i41>)*<i41>)+0.0999783*sin(<i41>)+0.5*((0.00960788*<i42>)*<i42>)+0.0817925*sin(<i42>)+0.5*((0.00659205*<i43>)*<i43>)+0.0438958*sin(<i43>)+0.5*((0.00718776*<i44>)*<i44>)+0.0341977*sin(<i44>)+0.5*((0.00743577*<i45>)*<i45>)+0.0336012*sin(<i45>)+0.5*((0.00887736*<i46>)*<i46>)+0.0879463*sin(<i46>)+0.5*((0.00133946*<i47>)*<i47>)+0.0751561*sin(<i47>)+0.5*((0.00776975*<i48>)*<i48>)+0.00771205*sin(<i48>)+0.5*((0.00837992*<i49>)*<i49>)+0.0526245*sin(<i49>)+0.5*((0.00829305*<i50>)*<i50>)+0.0673067*sin(<i50>)+0.5*((0.00029157*<i51>)*<i51>)+0.0487621*sin(<i51>)+0.5*((0.00390374*<i52>)*<i52>)+0.0523963*sin(<i52>)+0.5*((0.00437252*<i53>)*<i53>)+0.0858867*sin(<i53>)+0.5*((0.00520635*<i54>)*<i54>)+0.0335649*sin(<i54>)+0.5*((0.00492873*<i55>)*<i55>)+0.0135155*sin(<i55>)+0.5*((0.00130429*<i56>)*<i56>)+0.0609697*sin(<i56>)+0.5*((0.00984384*<i57>)*<i57>)+0.066022*sin(<i57>)+0.5*((0.000657023*<i58>)*<i58>)+0.0977032*sin(<i58>)+0.5*((0.00579284*<i59>)*<i59>)+0.0822222*sin(<i59>)+0.5*((0.00580775*<i60>)*<i60>)+0.0778657*sin(<i60>)+0.5*((0.00954338*<i61>)*<i61>)+0.0942852*sin(<i61>)+0.5*((0.00197444*<i62>)*<i62>)+0.0398717*sin(<i62>)+0.5*((0.000833254*<i63>)*<i63>)+0.0302238*sin(<i63>)+0.5*((0.00883864*<i64>)*<i64>)+0.0693317*sin(<i64>)+0.5*((0.000156962*<i65>)*<i65>)+0.0559401*sin(<i65>)+0.5*((0.00795595*<i66>)*<i66>)+0.0515847*sin(<i66>)+0.5*((0.0076819*<i67>)*<i67>)+0.0222699*sin(<i67>)+0.5*((0.00872044*<i68>)*<i68>)+0.064986*sin(<i68>)+0.5*((0.0091611*<i69>)*<i69>)+0.0677377*sin(<i69>)+0.5*((0.00273813*<i70>)*<i70>)+0.0386348*sin(<i70>)+0.5*((0.00236381*<i71>)*<i71>)+0.0261412*sin(<i71>)+0.5*((0.0031052*<i72>)*<i72>)+0.0998761*sin(<i72>)+0.5*((0.00715643*<i73>)*<i73>)+0.0264416*sin(<i73>)+0.5*((0.000827355*<i74>)*<i74>)+0.0164752*sin(<i74>)+0.5*((0.00675486*<i75>)*<i75>)+0.0783198*sin(<i75>)+0.5*((0.00858525*<i76>)*<i76>)+0.0480232*sin(<i76>)+0.5*((0.00692897*<i77>)*<i77>)+0.0953318*sin(<i77>)+0.5*((0.00785084*<i78>)*<i78>)+0.0362838*sin(<i78>)+0.5*((0.00353281*<i79>)*<i79>)+0.0603036*sin(<i79>)+0.5*((0.00220192*<i80>)*<i80>)+0.000951148*sin(<i80>)+0.5*((0.00245372*<i81>)*<i81>)+0.076818*sin(<i81>)+0.5*((0.00727413*<i82>)*<i82>)+0.0965887*sin(<i82>)+0.5*((0.000641278*<i83>)*<i83>)+0.0685798*sin(<i83>)+0.5*((0.00453737*<i84>)*<i84>)+0.0837314*sin(<i84>)+0.5*((0.00487677*<i85>)*<i85>)+0.0103022*sin(<i85>)+0.5*((0.00640875*<i86>)*<i86>)+0.0788262*sin(<i86>)+0.5*((0.00106169*<i87>)*<i87>)+0.0430599*sin(<i87>)+0.5*((0.0057361*<i88>)*<i88>)+0.0175258*sin(<i88>)+0.5*((0.00960346*<i89>)*<i89>)+0.0900378*sin(<i89>)+0.5*((0.00515681*<i90>)*<i90>)+0.0663019*sin(<i90>)+0.5*((0.00569825*<i91>)*<i91>)+0.0215736*sin(<i91>)+0.5*((0.00988007*<i92>)*<i92>)+0.0267246*sin(<i92>)+0.5*((0.00832871*<i93>)*<i93>)+0.0155288*sin(<i93>)+0.5*((0.00498144*<i94>)*<i94>)+0.0653087*sin(<i94>)+0.5*((0.000801513*<i95>)*<i95>)+0.0709351*sin(<i95>)+0.5*((0.00871047*<i96>)*<i96>)+0.00620527*sin(<i96>)+0.5*((0.00713086*<i97>)*<i97>)+0.0976029*sin(<i97>)+0.5*((0.00732112*<i98>)*<i98>)+0.0301753*sin(<i98>)+0.5*((0.0082362*<i99>)*<i99>)+0.065688*sin(<i99>)+0.5*((0.00744979*<i100>)*<i100>)+0.0795443*sin(<i100>)+0.5*((0.00413063*<i101>)*<i101>)+0.0875094*sin(<i101>)+0.5*((0.00514705*<i102>)*<i102>)+0.0705955*sin(<i102>)+0.5*((0.00846541*<i103>)*<i103>)+0.066329*sin(<i103>)+0.5*((0.00858862*<i104>)*<i104>)+0.0479083*sin(<i104>)+0.5*((0.00310504*<i105>)*<i105>)+0.0358978*sin(<i105>)+0.5*((0.00119386*<i106>)*<i106>)+0.0954368*sin(<i106>)+0.5*((0.00520959*<i107>)*<i107>)+0.0609171*sin(<i107>)+0.5*((0.0044895*<i108>)*<i108>)+0.0856975*sin(<i108>)+0.5*((0.00897287*<i109>)*<i109>)+0.0880427*sin(<i109>)+0.5*((0.00493102*<i110>)*<i110>)+0.0179206*sin(<i110>)+0.5*((0.00504478*<i111>)*<i111>)+0.0216848*sin(<i111>)+0.5*((0.00365124*<i112>)*<i112>)+0.00353646*sin(<i112>)+0.5*((0.00783006*<i113>)*<i113>)+0.0150489*sin(<i113>)+0.5*((0.00947923*<i114>)*<i114>)+0.0115382*sin(<i114>)+0.5*((0.00130015*<i115>)*<i115>)+0.0903685*sin(<i115>)+0.5*((0.00661113*<i116>)*<i116>)+0.0980122*sin(<i116>)+0.5*((0.00163732*<i117>)*<i117>)+0.0509912*sin(<i117>)+0.5*((0.00308939*<i118>)*<i118>)+0.0446429*sin(<i118>)+0.5*((0.0096663*<i119>)*<i119>)+0.0684698*sin(<i119>)+0.5*((0.00482855*<i120>)*<i120>)+0.012406*sin(<i120>)+0.5*((0.00540747*<i121>)*<i121>)+0.0698861*sin(<i121>)+0.5*((0.00711173*<i122>)*<i122>)+0.0439396*sin(<i122>)+0.5*((0.00687432*<i123>)*<i123>)+0.0655787*sin(<i123>)+0.5*((0.000369691*<i124>)*<i124>)+0.079695*sin(<i124>)+0.5*((0.00888171*<i125>)*<i125>)+0.0548394*sin(<i125>)+0.5*((0.00188584*<i126>)*<i126>)+0.0305251*sin(<i126>)+0.5*((0.00782028*<i127>)*<i127>)+0.0329211*sin(<i127>)+0.5*((0.00643926*<i128>)*<i128>)+0.0210396*sin(<i128>)+0.5*((0.00485399*<i129>)*<i129>)+0.0787458*sin(<i129>)+0.5*((0.00929045*<i130>)*<i130>)+0.0404182*sin(<i130>)+0.5*((0.00269881*<i131>)*<i131>)+0.0709866*sin(<i131>)+0.5*((0.00814179*<i132>)*<i132>)+0.0287615*sin(<i132>)+0.5*((0.00695042*<i133>)*<i133>)+0.0286125*sin(<i133>)+0.5*((0.00235531*<i134>)*<i134>)+0.0333316*sin(<i134>)+0.5*((0.00953303*<i135>)*<i135>)+0.0505426*sin(<i135>)+0.5*((0.00585436*<i136>)*<i136>)+0.092182*sin(<i136>)+0.5*((0.00583066*<i137>)*<i137>)+0.0721705*sin(<i137>)+0.5*((0.0015721*<i138>)*<i138>)+0.0266956*sin(<i138>)+0.5*((0.0042524*<i139>)*<i139>)+0.00374396*sin(<i139>)+0.5*((0.00235022*<i140>)*<i140>)+0.0442275*sin(<i140>)+0.5*((0.00600507*<i141>)*<i141>)+0.028976*sin(<i141>)+0.5*((0.00360608*<i142>)*<i142>)+0.0771871*sin(<i142>)+0.5*((0.00168873*<i143>)*<i143>)+0.0400598*sin(<i143>)+0.5*((0.00347246*<i144>)*<i144>)+0.0186226*sin(<i144>)+0.5*((0.00214517*<i145>)*<i145>)+0.0888316*sin(<i145>)+0.5*((0.00794528*<i146>)*<i146>)+0.0809341*sin(<i146>)+0.5*((0.00791709*<i147>)*<i147>)+0.0342148*sin(<i147>)+0.5*((0.0016454*<i148>)*<i148>)+0.0287691*sin(<i148>)+0.5*((0.00750364*<i149>)*<i149>)+0.0619892*sin(<i149>)+0.5*((0.000558966*<i150>)*<i150>)+0.0771219*sin(<i150>)+0.5*((0.0023247*<i151>)*<i151>)+0.0702112*sin(<i151>)+0.5*((0.00650096*<i152>)*<i152>)+0.0879155*sin(<i152>)+0.5*((0.00718242*<i153>)*<i153>)+0.0587804*sin(<i153>)+0.5*((0.00480049*<i154>)*<i154>)+0.0282431*sin(<i154>)+0.5*((0.00337615*<i155>)*<i155>)+0.0604398*sin(<i155>)+0.5*((0.00389706*<i156>)*<i156>)+0.0644345*sin(<i156>)+0.5*((0.00858797*<i157>)*<i157>)+0.00737435*sin(<i157>)+0.5*((0.00511386*<i158>)*<i158>)+0.00980345*sin(<i158>)+0.5*((0.0087469*<i159>)*<i159>)+0.0412497*sin(<i159>)+0.5*((0.00946439*<i160>)*<i160>)+0.0337803*sin(<i160>)+0.5*((0.00935734*<i161>)*<i161>)+0.0344682*sin(<i161>)+0.5*((0.00493038*<i162>)*<i162>)+0.0493217*sin(<i162>)+0.5*((0.00600518*<i163>)*<i163>)+0.0316295*sin(<i163>)+0.5*((0.0020717*<i164>)*<i164>)+0.019735*sin(<i164>)+0.5*((0.00956188*<i165>)*<i165>)+0.043841*sin(<i165>)+0.5*((0.0098681*<i166>)*<i166>)+0.0189816*sin(<i166>)+0.5*((0.00829379*<i167>)*<i167>)+0.0686237*sin(<i167>)+0.5*((0.00537889*<i168>)*<i168>)+0.0396108*sin(<i168>)+0.5*((0.000835376*<i169>)*<i169>)+0.0365641*sin(<i169>)+0.5*((0.00313887*<i170>)*<i170>)+0.0595278*sin(<i170>)+0.5*((0.00106113*<i171>)*<i171>)+0.0140789*sin(<i171>)+0.5*((0.00204909*<i172>)*<i172>)+0.0649072*sin(<i172>)+0.5*((0.00325518*<i173>)*<i173>)+0.0116965*sin(<i173>)+0.5*((0.00501609*<i174>)*<i174>)+0.081321*sin(<i174>)+0.5*((0.00878319*<i175>)*<i175>)+0.0473765*sin(<i175>)+0.5*((0.00261009*<i176>)*<i176>)+0.00741174*sin(<i176>)+0.5*((0.00530137*<i177>)*<i177>)+0.0435619*sin(<i177>)+0.5*((0.00843863*<i178>)*<i178>)+0.0495813*sin(<i178>)+0.5*((0.00136564*<i179>)*<i179>)+0.0426032*sin(<i179>)+0.5*((0.00400224*<i180>)*<i180>)+0.0100765*sin(<i180>)+0.5*((0.00568485*<i181>)*<i181>)+0.0937134*sin(<i181>)+0.5*((0.00186041*<i182>)*<i182>)+0.0452913*sin(<i182>)+0.5*((0.000137159*<i183>)*<i183>)+0.091478*sin(<i183>)+0.5*((0.00592789*<i184>)*<i184>)+0.0983324*sin(<i184>)+0.5*((0.000157152*<i185>)*<i185>)+0.0417928*sin(<i185>)+0.5*((0.00585994*<i186>)*<i186>)+0.0950906*sin(<i186>)+0.5*((0.00408663*<i187>)*<i187>)+0.039476*sin(<i187>)+0.5*((0.00228624*<i188>)*<i188>)+0.0402742*sin(<i188>)+0.5*((0.00189884*<i189>)*<i189>)+0.00950075*sin(<i189>)+0.5*((0.00913303*<i190>)*<i190>)+0.0822465*sin(<i190>)+0.5*((0.0059022*<i191>)*<i191>)+0.0301003*sin(<i191>)+0.5*((0.00171194*<i192>)*<i192>)+0.0599699*sin(<i192>)+0.5*((0.00714474*<i193>)*<i193>)+0.0596015*sin(<i193>)+0.5*((0.00238446*<i194>)*<i194>)+0.0483551*sin(<i194>)+0.5*((0.00921805*<i195>)*<i195>)+0.00278516*sin(<i195>)+0.5*((0.00721274*<i196>)*<i196>)+0.0296265*sin(<i196>)+0.5*((0.00676923*<i197>)*<i197>)+0.0908089*sin(<i197>)+0.5*((0.00986811*<i198>)*<i198>)+0.0538943*sin(<i198>)+0.5*((0.00539745*<i199>)*<i199>)+0.0146047*sin(<i199>)-<nlobjvar> <= 0;
violation: right hand side is violated by 0.686922448218587
all 1 solutions given by solution candidate storage are infeasible

presolving:
   (0.0s) symmetry computation started: requiring (bin +, int +, cont +), (fixed: bin -, int -, cont -)
   (0.0s) no symmetry present (symcode time: 0.00)
presolving (1 rounds: 1 fast, 1 medium, 1 exhaustive):
 0 deleted vars, 0 deleted constraints, 0 added constraints, 1 tightened bounds, 0 added holes, 0 changed sides, 0 changed coefficients
 0 implications, 0 cliques
presolved problem has 201 variables (0 bin, 200 int, 0 impl, 1 cont) and 201 constraints
    200 constraints of type <linear>
      1 constraints of type <nonlinear>
Presolving Time: 0.03

 time | node  | left  |LP iter|LP it/n|mem/heur|mdpt |vars |cons |rows |cuts |sepa|confs|strbr|  dualbound   | primalbound  |  gap   | compl. 
  0.3s|     1 |     0 |   129 |     - |    29M |   0 | 602 | 201 | 601 |   0 |  0 |   0 |   0 |-1.042221e+01 |      --      |    Inf | unknown
  0.6s|     1 |     0 |  1101 |     - |    30M |   0 | 602 | 201 | 729 | 128 |  1 |   0 |   0 |-1.042221e+01 |      --      |    Inf | unknown
  1.2s|     1 |     0 |  5222 |     - |    35M |   0 | 602 | 201 | 884 | 283 |  2 |   0 |   0 |-1.039051e+01 |      --      |    Inf | unknown
  1.5s|     1 |     0 |  7902 |     - |    39M |   0 | 602 | 201 | 981 | 380 |  3 |   0 |   0 |-1.034510e+01 |      --      |    Inf | unknown
  1.8s|     1 |     0 |  9210 |     - |    42M |   0 | 602 | 201 |1025 | 424 |  4 |   0 |   0 |-1.032943e+01 |      --      |    Inf | unknown
  1.9s|     1 |     0 |  9616 |     - |    51M |   0 | 602 | 201 |1041 | 440 |  5 |   0 |   0 |-1.032427e+01 |      --      |    Inf | unknown
  2.1s|     1 |     0 |  9714 |     - |    58M |   0 | 602 | 201 |1045 | 444 |  6 |   0 |   0 |-1.032404e+01 |      --      |    Inf | unknown
  2.2s|     1 |     0 |  9908 |     - |    63M |   0 | 602 | 201 |1049 | 448 |  7 |   0 |   0 |-1.032362e+01 |      --      |    Inf | unknown
  2.3s|     1 |     0 | 10010 |     - |    70M |   0 | 602 | 201 |1051 | 450 |  8 |   0 |   0 |-1.032352e+01 |      --      |    Inf | unknown
  2.5s|     1 |     0 | 10115 |     - |    77M |   0 | 602 | 201 |1053 | 452 |  9 |   0 |   0 |-1.032343e+01 |      --      |    Inf | unknown
  2.6s|     1 |     0 | 10163 |     - |    79M |   0 | 602 | 201 |1055 | 454 | 10 |   0 |   0 |-1.032341e+01 |      --      |    Inf | unknown
  2.7s|     1 |     0 | 10217 |     - |    79M |   0 | 602 | 201 | 612 | 455 | 11 |   0 |   0 |-1.032337e+01 |      --      |    Inf | unknown
  2.8s|     1 |     0 | 10223 |     - |    79M |   0 | 602 | 201 | 613 | 456 | 12 |   0 |   0 |-1.032337e+01 |      --      |    Inf | unknown
  2.8s|     1 |     0 | 10230 |     - |    79M |   0 | 602 | 201 | 615 | 458 | 13 |   0 |   0 |-1.032336e+01 |      --      |    Inf | unknown
  2.9s|     1 |     0 | 10234 |     - |    79M |   0 | 602 | 201 | 616 | 459 | 14 |   0 |   0 |-1.032336e+01 |      --      |    Inf | unknown
 time | node  | left  |LP iter|LP it/n|mem/heur|mdpt |vars |cons |rows |cuts |sepa|confs|strbr|  dualbound   | primalbound  |  gap   | compl. 
  3.0s|     1 |     0 | 10240 |     - |    79M |   0 | 602 | 201 | 617 | 460 | 15 |   0 |   0 |-1.032336e+01 |      --      |    Inf | unknown
  5.0s|     1 |     2 | 12944 |     - |    79M |   0 | 602 | 201 | 617 | 460 | 15 |   0 |  28 |-1.032297e+01 |      --      |    Inf | unknown
 28.4s|   100 |   101 | 55930 | 461.5 |    84M |  21 | 602 | 201 | 551 |1263 |  1 |   0 | 658 |-1.032297e+01 |      --      |    Inf | unknown
 34.7s|   200 |   201 |114516 | 524.0 |    86M |  29 | 602 | 201 | 612 |2027 |  4 |   0 | 658 |-1.032297e+01 |      --      |    Inf | unknown
 40.7s|   300 |   301 |169221 | 531.7 |    91M |  31 | 602 | 201 | 599 |3029 |  3 |   0 | 663 |-1.028533e+01 |      --      |    Inf | unknown
 47.2s|   400 |   401 |224910 | 538.0 |    91M |  33 | 602 | 201 | 622 |3980 |  2 |   0 | 664 |-1.028533e+01 |      --      |    Inf | unknown
 53.6s|   500 |   501 |279233 | 539.1 |    91M |  33 | 602 | 201 | 644 |4977 |  3 |   0 | 664 |-1.028533e+01 |      --      |    Inf | unknown
 61.1s|   600 |   601 |335118 | 542.4 |    92M |  33 | 602 | 201 | 570 |6006 |  2 |   0 | 664 |-1.028533e+01 |      --      |    Inf | unknown
 68.4s|   700 |   701 |394229 | 549.3 |    92M |  37 | 602 | 201 | 585 |7075 |  2 |   0 | 664 |-1.028533e+01 |      --      |    Inf | unknown
 75.3s|   800 |   801 |448905 | 549.0 |    93M |  45 | 602 | 201 | 566 |8182 |  2 |   0 | 664 |-1.028533e+01 |      --      |    Inf | unknown
 80.8s|   900 |   901 |492754 | 536.7 |    94M |  45 | 602 | 201 | 612 |9015 |  4 |   0 | 664 |-1.028533e+01 |      --      |    Inf | unknown
 86.2s|  1000 |  1001 |542664 | 533.0 |    95M |  45 | 602 | 201 | 668 |9884 |  2 |   0 | 664 |-1.028533e+01 |      --      |    Inf | unknown
 91.5s|  1100 |  1101 |592166 | 529.5 |    95M |  45 | 602 | 201 | 664 |  10k|  1 |   0 | 664 |-1.028533e+01 |      --      |    Inf | unknown
 96.0s|  1200 |  1201 |631507 | 518.2 |    96M |  45 | 602 | 201 | 588 |  11k|  4 |   0 | 664 |-1.028431e+01 |      --      |    Inf | unknown
  101s|  1300 |  1301 |671919 | 509.4 |    96M |  45 | 602 | 201 | 642 |  12k|  5 |   0 | 664 |-1.028431e+01 |      --      |    Inf | unknown
 time | node  | left  |LP iter|LP it/n|mem/heur|mdpt |vars |cons |rows |cuts |sepa|confs|strbr|  dualbound   | primalbound  |  gap   | compl. 
  106s|  1400 |  1401 |712629 | 502.1 |    97M |  45 | 602 | 201 | 619 |  13k|  2 |   0 | 665 |-1.028431e+01 |      --      |    Inf | unknown
  110s|  1500 |  1501 |755358 | 497.1 |    97M |  45 | 602 | 201 | 680 |  14k|  5 |   0 | 666 |-1.028431e+01 |      --      |    Inf | unknown
  116s|  1600 |  1601 |808367 | 499.1 |   100M |  45 | 602 | 201 | 675 |  15k|  4 |   0 | 666 |-1.028431e+01 |      --      |    Inf | unknown
  121s|  1700 |  1701 |853269 | 496.2 |   100M |  45 | 602 | 201 | 729 |  16k|  1 |   0 | 667 |-1.028431e+01 |      --      |    Inf | unknown
  128s|  1800 |  1801 |908374 | 499.2 |   100M |  45 | 602 | 201 | 586 |  17k|  1 |   0 | 668 |-1.028431e+01 |      --      |    Inf | unknown
  132s|  1900 |  1901 |945158 | 492.3 |   100M |  45 | 602 | 201 | 594 |  18k|  2 |   0 | 669 |-1.028431e+01 |      --      |    Inf | unknown
  138s|  2000 |  2001 |993381 | 491.8 |   101M |  45 | 602 | 201 | 645 |  18k|  2 |   0 | 670 |-1.028431e+01 |      --      |    Inf | unknown
  142s|  2100 |  2101 |  1035k| 488.5 |   102M |  45 | 602 | 201 | 640 |  19k|  2 |   0 | 673 |-1.028431e+01 |      --      |    Inf | unknown
  148s|  2200 |  2201 |  1078k| 485.9 |   102M |  45 | 602 | 201 | 732 |  20k|  2 |   0 | 673 |-1.028431e+01 |      --      |    Inf | unknown
  153s|  2300 |  2301 |  1124k| 484.9 |   103M |  45 | 602 | 201 | 734 |  21k|  3 |   0 | 675 |-1.028431e+01 |      --      |    Inf | unknown
  157s|  2400 |  2401 |  1161k| 479.8 |   103M |  55 | 602 | 201 | 714 |  22k|  2 |   0 | 677 |-1.028431e+01 |      --      |    Inf | unknown
  162s|  2500 |  2501 |  1211k| 480.6 |   104M |  59 | 602 | 201 | 571 |  23k|  2 |   0 | 678 |-1.028431e+01 |      --      |    Inf | unknown
  168s|  2600 |  2601 |  1257k| 480.1 |   105M |  59 | 602 | 201 | 637 |  24k|  3 |   0 | 680 |-1.028233e+01 |      --      |    Inf | unknown
  173s|  2700 |  2701 |  1299k| 477.6 |   108M |  59 | 602 | 201 | 660 |  25k|  2 |   0 | 682 |-1.028233e+01 |      --      |    Inf | unknown
  178s|  2800 |  2801 |  1345k| 477.2 |   108M |  59 | 602 | 201 | 792 |  26k|  2 |   0 | 685 |-1.028233e+01 |      --      |    Inf | unknown
 time | node  | left  |LP iter|LP it/n|mem/heur|mdpt |vars |cons |rows |cuts |sepa|confs|strbr|  dualbound   | primalbound  |  gap   | compl. 
  184s|  2900 |  2901 |  1392k| 476.6 |   109M |  59 | 602 | 201 | 788 |  27k|  3 |   0 | 686 |-1.028233e+01 |      --      |    Inf | unknown
  188s|  3000 |  3001 |  1427k| 472.4 |   110M |  59 | 602 | 201 | 616 |  28k|  2 |   0 | 690 |-1.028145e+01 |      --      |    Inf | unknown
  191s|  3100 |  3101 |  1457k| 467.1 |   111M |  65 | 602 | 201 | 628 |  28k|  2 |   0 | 691 |-1.028145e+01 |      --      |    Inf | unknown
  196s|  3200 |  3201 |  1493k| 463.6 |   111M |  65 | 602 | 201 | 647 |  29k|  3 |   0 | 695 |-1.028133e+01 |      --      |    Inf | unknown
  200s|  3300 |  3301 |  1525k| 459.4 |   112M |  65 | 602 | 201 | 533 |  30k|  2 |   0 | 695 |-1.028133e+01 |      --      |    Inf | unknown
  205s|  3400 |  3401 |  1577k| 461.1 |   113M |  65 | 602 | 201 | 576 |  31k|  2 |   0 | 698 |-1.028100e+01 |      --      |    Inf | unknown
  210s|  3500 |  3501 |  1614k| 458.4 |   113M |  65 | 602 | 201 | 720 |  32k|  5 |   0 | 698 |-1.028100e+01 |      --      |    Inf | unknown
  214s|  3600 |  3601 |  1647k| 454.9 |   114M |  65 | 602 | 203 | 769 |  33k|  2 |   2 | 701 |-1.028062e+01 |      --      |    Inf | unknown
  218s|  3700 |  3701 |  1685k| 453.0 |   114M |  65 | 602 | 204 | 759 |  34k|  2 |   3 | 704 |-1.027985e+01 |      --      |    Inf | unknown
  222s|  3800 |  3801 |  1719k| 449.8 |   116M |  65 | 602 | 204 | 704 |  35k|  2 |   3 | 706 |-1.027985e+01 |      --      |    Inf | unknown
  226s|  3900 |  3901 |  1757k| 448.1 |   117M |  65 | 602 | 205 | 790 |  36k|  1 |   4 | 706 |-1.027927e+01 |      --      |    Inf | unknown
  231s|  4000 |  4001 |  1796k| 446.7 |   117M |  65 | 602 | 203 | 734 |  36k|  1 |   4 | 708 |-1.027927e+01 |      --      |    Inf | unknown
  235s|  4100 |  4101 |  1835k| 445.2 |   118M |  65 | 602 | 202 | 721 |  37k|  2 |   4 | 708 |-1.027815e+01 |      --      |    Inf | unknown
  240s|  4200 |  4201 |  1878k| 444.8 |   118M |  65 | 602 | 201 | 668 |  38k|  2 |   4 | 709 |-1.027764e+01 |      --      |    Inf | unknown
  245s|  4300 |  4301 |  1919k| 444.2 |   118M |  65 | 602 | 201 | 711 |  39k|  2 |   4 | 709 |-1.027764e+01 |      --      |    Inf | unknown
 time | node  | left  |LP iter|LP it/n|mem/heur|mdpt |vars |cons |rows |cuts |sepa|confs|strbr|  dualbound   | primalbound  |  gap   | compl. 
  249s|  4400 |  4401 |  1954k| 442.1 |   120M |  65 | 602 | 201 | 686 |  39k|  2 |   4 | 709 |-1.027689e+01 |      --      |    Inf | unknown
  254s|  4500 |  4501 |  1996k| 441.6 |   121M |  65 | 602 | 201 | 693 |  40k|  2 |   4 | 709 |-1.027689e+01 |      --      |    Inf | unknown
  259s|  4600 |  4601 |  2033k| 440.0 |   121M |  65 | 602 | 202 | 668 |  41k|  1 |   5 | 711 |-1.027610e+01 |      --      |    Inf | unknown
  265s|  4700 |  4701 |  2072k| 439.0 |   121M |  65 | 602 | 203 | 628 |  42k|  2 |   6 | 712 |-1.027528e+01 |      --      |    Inf | unknown
  269s|  4800 |  4801 |  2101k| 435.8 |   122M |  65 | 602 | 206 | 680 |  43k|  2 |   9 | 713 |-1.027528e+01 |      --      |    Inf | unknown
  275s|  4900 |  4901 |  2148k| 436.5 |   123M |  65 | 602 | 207 | 644 |  44k|  2 |  10 | 714 |-1.027438e+01 |      --      |    Inf | unknown
  280s|  5000 |  5001 |  2182k| 434.6 |   124M |  65 | 602 | 207 | 604 |  45k|  2 |  11 | 714 |-1.027438e+01 |      --      |    Inf | unknown
  285s|  5100 |  5101 |  2215k| 432.5 |   125M |  65 | 602 | 207 | 622 |  46k|  2 |  13 | 716 |-1.027418e+01 |      --      |    Inf | unknown
  291s|  5200 |  5201 |  2258k| 432.5 |   125M |  65 | 602 | 205 | 794 |  47k|  2 |  14 | 716 |-1.027418e+01 |      --      |    Inf | unknown
  296s|  5300 |  5301 |  2299k| 431.9 |   125M |  65 | 602 | 204 | 829 |  48k|  4 |  14 | 718 |-1.027341e+01 |      --      |    Inf | unknown
  300s|  5400 |  5401 |  2331k| 429.9 |   125M |  65 | 602 | 203 | 689 |  49k|  2 |  14 | 718 |-1.027251e+01 |      --      |    Inf | unknown
  304s|  5500 |  5501 |  2370k| 429.2 |   126M |  65 | 602 | 201 | 761 |  50k|  5 |  14 | 718 |-1.027251e+01 |      --      |    Inf | unknown
  308s|  5600 |  5601 |  2406k| 428.0 |   128M |  65 | 602 | 201 | 794 |  51k|  2 |  14 | 718 |-1.027125e+01 |      --      |    Inf | unknown
  313s|  5700 |  5701 |  2440k| 426.5 |   128M |  65 | 602 | 201 | 729 |  52k|  2 |  14 | 719 |-1.027125e+01 |      --      |    Inf | unknown
  317s|  5800 |  5801 |  2479k| 425.7 |   129M |  65 | 602 | 201 | 699 |  53k|  2 |  14 | 719 |-1.027019e+01 |      --      |    Inf | unknown
 time | node  | left  |LP iter|LP it/n|mem/heur|mdpt |vars |cons |rows |cuts |sepa|confs|strbr|  dualbound   | primalbound  |  gap   | compl. 
  321s|  5900 |  5901 |  2513k| 424.4 |   129M |  65 | 602 | 202 | 723 |  54k|  3 |  15 | 721 |-1.027006e+01 |      --      |    Inf | unknown
  326s|  6000 |  6001 |  2551k| 423.6 |   131M |  65 | 602 | 202 | 708 |  54k|  5 |  15 | 721 |-1.027006e+01 |      --      |    Inf | unknown
  330s|  6100 |  6101 |  2587k| 422.6 |   131M |  65 | 602 | 203 | 705 |  55k|  2 |  16 | 723 |-1.027000e+01 |      --      |    Inf | unknown
  335s|  6200 |  6201 |  2626k| 422.0 |   131M |  65 | 602 | 203 | 734 |  56k|  2 |  17 | 723 |-1.027000e+01 |      --      |    Inf | unknown
  340s|  6300 |  6301 |  2666k| 421.7 |   132M |  65 | 602 | 203 | 676 |  57k|  4 |  17 | 726 |-1.026963e+01 |      --      |    Inf | unknown
  345s|  6400 |  6401 |  2706k| 421.3 |   132M |  65 | 602 | 203 | 652 |  58k|  2 |  17 | 727 |-1.026904e+01 |      --      |    Inf | unknown
  349s|  6500 |  6501 |  2744k| 420.8 |   133M |  65 | 602 | 201 | 609 |  59k|  2 |  17 | 729 |-1.026904e+01 |      --      |    Inf | unknown
  354s|  6600 |  6601 |  2782k| 420.2 |   133M |  65 | 602 | 201 | 735 |  60k|  2 |  17 | 729 |-1.026894e+01 |      --      |    Inf | unknown
  358s|  6700 |  6701 |  2817k| 419.1 |   134M |  65 | 602 | 201 | 622 |  61k|  4 |  17 | 731 |-1.026894e+01 |      --      |    Inf | unknown
  363s|  6800 |  6801 |  2862k| 419.6 |   135M |  65 | 602 | 202 | 647 |  62k|  4 |  18 | 732 |-1.026859e+01 |      --      |    Inf | unknown
  366s|  6900 |  6901 |  2891k| 417.6 |   135M |  65 | 602 | 202 | 822 |  63k|  4 |  18 | 732 |-1.026859e+01 |      --      |    Inf | unknown
  370s|  7000 |  7001 |  2920k| 415.9 |   136M |  65 | 602 | 202 | 808 |  64k|  2 |  18 | 734 |-1.026844e+01 |      --      |    Inf | unknown
  375s|  7100 |  7101 |  2967k| 416.6 |   136M |  65 | 602 | 202 | 768 |  65k|  3 |  18 | 736 |-1.026786e+01 |      --      |    Inf | unknown
  379s|  7200 |  7201 |  3002k| 415.6 |   136M |  65 | 602 | 202 | 792 |  66k|  3 |  18 | 738 |-1.026786e+01 |      --      |    Inf | unknown
  384s|  7300 |  7301 |  3048k| 416.3 |   137M |  65 | 602 | 201 | 758 |  67k|  1 |  18 | 740 |-1.026747e+01 |      --      |    Inf | unknown
 time | node  | left  |LP iter|LP it/n|mem/heur|mdpt |vars |cons |rows |cuts |sepa|confs|strbr|  dualbound   | primalbound  |  gap   | compl. 
  388s|  7400 |  7401 |  3081k| 415.0 |   137M |  65 | 602 | 201 | 743 |  68k|  2 |  18 | 740 |-1.026747e+01 |      --      |    Inf | unknown
  392s|  7500 |  7501 |  3115k| 414.1 |   138M |  65 | 602 | 201 | 769 |  69k|  3 |  18 | 741 |-1.026730e+01 |      --      |    Inf | unknown
  397s|  7600 |  7601 |  3157k| 414.1 |   140M |  65 | 602 | 201 | 718 |  70k|  2 |  18 | 742 |-1.026633e+01 |      --      |    Inf | unknown
  402s|  7700 |  7701 |  3198k| 414.1 |   140M |  65 | 602 | 201 | 782 |  71k|  3 |  18 | 743 |-1.026633e+01 |      --      |    Inf | unknown
  406s|  7800 |  7801 |  3231k| 413.0 |   140M |  65 | 602 | 201 | 585 |  72k|  2 |  18 | 744 |-1.026492e+01 |      --      |    Inf | unknown
  410s|  7900 |  7901 |  3266k| 412.3 |   140M |  65 | 602 | 202 | 742 |  73k|  3 |  19 | 744 |-1.026492e+01 |      --      |    Inf | unknown
  414s|  8000 |  8001 |  3299k| 411.2 |   140M |  65 | 602 | 202 | 704 |  73k|  4 |  19 | 745 |-1.026472e+01 |      --      |    Inf | unknown
  419s|  8100 |  8101 |  3338k| 410.9 |   141M |  65 | 602 | 202 | 567 |  74k|  2 |  19 | 746 |-1.026468e+01 |      --      |    Inf | unknown
  423s|  8200 |  8201 |  3373k| 410.2 |   141M |  65 | 602 | 202 | 596 |  75k|  2 |  19 | 746 |-1.026468e+01 |      --      |    Inf | unknown
  428s|  8300 |  8301 |  3417k| 410.6 |   142M |  65 | 602 | 202 | 636 |  76k|  2 |  20 | 747 |-1.026458e+01 |      --      |    Inf | unknown
  432s|  8400 |  8401 |  3451k| 409.7 |   142M |  65 | 602 | 202 | 578 |  77k|  2 |  20 | 748 |-1.026458e+01 |      --      |    Inf | unknown
  436s|  8500 |  8501 |  3488k| 409.2 |   142M |  65 | 602 | 202 | 658 |  78k|  4 |  20 | 748 |-1.026455e+01 |      --      |    Inf | unknown
  440s|  8600 |  8601 |  3518k| 408.0 |   143M |  65 | 602 | 202 | 758 |  79k|  2 |  20 | 750 |-1.026455e+01 |      --      |    Inf | unknown
  445s|  8700 |  8701 |  3560k| 408.1 |   144M |  65 | 602 | 201 | 745 |  80k|  3 |  20 | 754 |-1.026423e+01 |      --      |    Inf | unknown
  450s|  8800 |  8801 |  3600k| 408.0 |   145M |  65 | 602 | 202 | 740 |  81k|  2 |  21 | 755 |-1.026417e+01 |      --      |    Inf | unknown
 time | node  | left  |LP iter|LP it/n|mem/heur|mdpt |vars |cons |rows |cuts |sepa|confs|strbr|  dualbound   | primalbound  |  gap   | compl. 
  454s|  8900 |  8901 |  3638k| 407.8 |   145M |  65 | 602 | 202 | 767 |  82k|  4 |  21 | 755 |-1.026417e+01 |      --      |    Inf | unknown
  458s|  9000 |  9001 |  3672k| 406.9 |   145M |  65 | 602 | 201 | 733 |  83k|  2 |  21 | 755 |-1.026401e+01 |      --      |    Inf | unknown
  462s|  9100 |  9101 |  3704k| 406.0 |   147M |  65 | 602 | 201 | 729 |  83k|  4 |  21 | 755 |-1.026401e+01 |      --      |    Inf | unknown
  466s|  9200 |  9201 |  3738k| 405.3 |   147M |  65 | 602 | 201 | 700 |  84k|  1 |  21 | 757 |-1.026389e+01 |      --      |    Inf | unknown
  471s|  9300 |  9301 |  3774k| 404.8 |   147M |  65 | 602 | 201 | 700 |  85k|  4 |  21 | 757 |-1.026347e+01 |      --      |    Inf | unknown
  475s|  9400 |  9401 |  3810k| 404.3 |   147M |  65 | 602 | 202 | 681 |  86k|  1 |  22 | 759 |-1.026347e+01 |      --      |    Inf | unknown
  479s|  9500 |  9501 |  3843k| 403.6 |   147M |  65 | 602 | 202 | 719 |  87k|  2 |  22 | 761 |-1.026311e+01 |      --      |    Inf | unknown
  483s|  9600 |  9601 |  3874k| 402.6 |   148M |  65 | 602 | 202 | 674 |  87k|  1 |  22 | 761 |-1.026311e+01 |      --      |    Inf | unknown
  486s|  9700 |  9701 |  3906k| 401.7 |   148M |  65 | 602 | 202 | 646 |  88k|  2 |  22 | 762 |-1.026304e+01 |      --      |    Inf | unknown
  491s|  9800 |  9801 |  3944k| 401.5 |   150M |  65 | 602 | 201 | 654 |  89k|  2 |  22 | 763 |-1.026250e+01 |      --      |    Inf | unknown
  495s|  9900 |  9901 |  3978k| 400.8 |   150M |  65 | 602 | 201 | 568 |  90k|  2 |  22 | 764 |-1.026250e+01 |      --      |    Inf | unknown
  500s| 10000 | 10001 |  4023k| 401.3 |   150M |  65 | 602 | 201 | 582 |  91k|  4 |  22 | 764 |-1.026247e+01 |      --      |    Inf | unknown
  505s| 10100 | 10101 |  4066k| 401.7 |   151M |  65 | 602 | 201 | 695 |  92k|  5 |  22 | 764 |-1.026247e+01 |      --      |    Inf | unknown
  509s| 10200 | 10201 |  4098k| 400.9 |   151M |  65 | 602 | 201 | 649 |  93k|  4 |  22 | 764 |-1.026231e+01 |      --      |    Inf | unknown
  513s| 10300 | 10301 |  4132k| 400.3 |   152M |  65 | 602 | 201 | 790 |  93k|  4 |  22 | 765 |-1.026231e+01 |      --      |    Inf | unknown
 time | node  | left  |LP iter|LP it/n|mem/heur|mdpt |vars |cons |rows |cuts |sepa|confs|strbr|  dualbound   | primalbound  |  gap   | compl. 
  517s| 10400 | 10401 |  4162k| 399.3 |   152M |  65 | 602 | 201 | 842 |  94k|  2 |  22 | 766 |-1.026196e+01 |      --      |    Inf | unknown
  521s| 10500 | 10501 |  4201k| 399.2 |   152M |  65 | 602 | 201 | 704 |  95k|  2 |  22 | 767 |-1.026190e+01 |      --      |    Inf | unknown
  526s| 10600 | 10601 |  4243k| 399.4 |   152M |  65 | 602 | 201 | 738 |  96k|  2 |  22 | 767 |-1.026190e+01 |      --      |    Inf | unknown
  532s| 10700 | 10701 |  4293k| 400.3 |   153M |  65 | 602 | 201 | 787 |  97k|  2 |  22 | 768 |-1.026176e+01 |      --      |    Inf | unknown
  535s| 10800 | 10801 |  4325k| 399.6 |   153M |  65 | 602 | 201 | 719 |  98k|  2 |  22 | 768 |-1.026176e+01 |      --      |    Inf | unknown
  539s| 10900 | 10901 |  4357k| 398.9 |   153M |  65 | 602 | 201 | 741 |  99k|  2 |  22 | 769 |-1.026162e+01 |      --      |    Inf | unknown
  544s| 11000 | 11001 |  4399k| 399.0 |   154M |  65 | 602 | 201 | 720 |  99k|  5 |  22 | 771 |-1.026150e+01 |      --      |    Inf | unknown
  548s| 11100 | 11101 |  4433k| 398.6 |   155M |  65 | 602 | 201 | 642 | 100k|  2 |  22 | 773 |-1.026150e+01 |      --      |    Inf | unknown
  552s| 11200 | 11201 |  4471k| 398.3 |   155M |  69 | 602 | 201 | 657 | 101k|  5 |  22 | 773 |-1.026150e+01 |      --      |    Inf | unknown
  558s| 11300 | 11301 |  4515k| 398.8 |   155M |  69 | 602 | 201 | 664 | 102k|  1 |  22 | 773 |-1.026130e+01 |      --      |    Inf | unknown
  561s| 11400 | 11401 |  4545k| 397.9 |   156M |  69 | 602 | 201 | 787 | 103k|  2 |  22 | 773 |-1.026130e+01 |      --      |    Inf | unknown
  565s| 11500 | 11501 |  4580k| 397.5 |   157M |  69 | 602 | 201 | 768 | 104k|  2 |  22 | 775 |-1.026127e+01 |      --      |    Inf | unknown
  570s| 11600 | 11601 |  4621k| 397.5 |   159M |  69 | 602 | 201 | 713 | 105k|  2 |  22 | 775 |-1.026127e+01 |      --      |    Inf | unknown
  575s| 11700 | 11701 |  4666k| 398.0 |   159M |  69 | 602 | 201 | 609 | 105k|  2 |  22 | 778 |-1.026109e+01 |      --      |    Inf | unknown
  579s| 11800 | 11801 |  4698k| 397.4 |   160M |  69 | 602 | 201 | 828 | 106k|  4 |  22 | 778 |-1.026109e+01 |      --      |    Inf | unknown
 time | node  | left  |LP iter|LP it/n|mem/heur|mdpt |vars |cons |rows |cuts |sepa|confs|strbr|  dualbound   | primalbound  |  gap   | compl. 
  583s| 11900 | 11901 |  4730k| 396.7 |   160M |  69 | 602 | 201 | 795 | 107k|  5 |  22 | 781 |-1.026108e+01 |      --      |    Inf | unknown
  588s| 12000 | 12001 |  4772k| 396.9 |   160M |  69 | 602 | 201 | 697 | 108k|  3 |  22 | 781 |-1.026078e+01 |      --      |    Inf | unknown
  592s| 12100 | 12101 |  4805k| 396.4 |   161M |  69 | 602 | 201 | 707 | 109k|  2 |  22 | 782 |-1.026078e+01 |      --      |    Inf | unknown
  596s| 12200 | 12201 |  4842k| 396.2 |   162M |  69 | 602 | 202 | 600 | 110k|  1 |  23 | 783 |-1.026067e+01 |      --      |    Inf | unknown
  602s| 12300 | 12301 |  4885k| 396.4 |   162M |  69 | 602 | 202 | 825 | 111k|  2 |  23 | 785 |-1.026067e+01 |      --      |    Inf | unknown
  608s| 12400 | 12401 |  4932k| 397.0 |   162M |  69 | 602 | 204 | 679 | 112k|  2 |  25 | 788 |-1.026049e+01 |      --      |    Inf | unknown
  612s| 12500 | 12501 |  4962k| 396.2 |   162M |  78 | 602 | 205 | 782 | 113k|  2 |  26 | 789 |-1.026049e+01 |      --      |    Inf | unknown
  618s| 12600 | 12601 |  5006k| 396.6 |   162M |  79 | 602 | 205 | 717 | 114k|  4 |  27 | 791 |-1.026049e+01 |      --      |    Inf | unknown
  622s| 12700 | 12701 |  5038k| 396.0 |   164M |  79 | 602 | 205 | 799 | 114k|  3 |  27 | 791 |-1.026049e+01 |      --      |    Inf | unknown
  628s| 12800 | 12801 |  5079k| 396.0 |   165M |  79 | 602 | 205 | 649 | 115k|  3 |  29 | 794 |-1.026049e+01 |      --      |    Inf | unknown
  633s| 12900 | 12901 |  5117k| 395.9 |   165M |  79 | 602 | 203 | 788 | 116k|  3 |  29 | 795 |-1.026043e+01 |      --      |    Inf | unknown
  637s| 13000 | 13001 |  5148k| 395.3 |   165M |  79 | 602 | 203 | 660 | 117k|  5 |  29 | 796 |-1.026043e+01 |      --      |    Inf | unknown
  640s| 13100 | 13101 |  5180k| 394.7 |   165M |  79 | 602 | 203 | 675 | 118k|  2 |  29 | 797 |-1.026043e+01 |      --      |    Inf | unknown
  646s| 13200 | 13201 |  5222k| 394.9 |   165M |  79 | 602 | 201 | 592 | 119k|  2 |  29 | 797 |-1.026043e+01 |      --      |    Inf | unknown
  650s| 13300 | 13301 |  5254k| 394.3 |   168M |  79 | 602 | 201 | 676 | 119k|  2 |  29 | 798 |-1.025969e+01 |      --      |    Inf | unknown
 time | node  | left  |LP iter|LP it/n|mem/heur|mdpt |vars |cons |rows |cuts |sepa|confs|strbr|  dualbound   | primalbound  |  gap   | compl. 
  653s| 13400 | 13401 |  5283k| 393.6 |   168M |  79 | 602 | 201 | 851 | 120k|  2 |  29 | 798 |-1.025969e+01 |      --      |    Inf | unknown
  658s| 13500 | 13501 |  5324k| 393.6 |   169M |  79 | 602 | 201 | 741 | 121k|  4 |  29 | 800 |-1.025969e+01 |      --      |    Inf | unknown
  662s| 13600 | 13601 |  5360k| 393.4 |   169M |  79 | 602 | 201 | 856 | 122k|  2 |  29 | 800 |-1.025969e+01 |      --      |    Inf | unknown
  666s| 13700 | 13701 |  5389k| 392.7 |   169M |  79 | 602 | 202 | 679 | 123k|  3 |  30 | 801 |-1.025967e+01 |      --      |    Inf | unknown
  671s| 13800 | 13801 |  5427k| 392.6 |   169M |  79 | 602 | 202 | 811 | 123k|  4 |  30 | 801 |-1.025967e+01 |      --      |    Inf | unknown
  677s| 13900 | 13901 |  5472k| 393.0 |   172M |  79 | 602 | 202 | 644 | 124k|  4 |  30 | 802 |-1.025967e+01 |      --      |    Inf | unknown
  681s| 14000 | 14001 |  5499k| 392.1 |   172M |  79 | 602 | 202 | 737 | 125k|  2 |  30 | 802 |-1.025967e+01 |      --      |    Inf | unknown
  685s| 14100 | 14101 |  5530k| 391.5 |   172M |  79 | 602 | 204 | 811 | 126k|  1 |  32 | 802 |-1.025967e+01 |      --      |    Inf | unknown
  689s| 14200 | 14201 |  5566k| 391.3 |   172M |  79 | 602 | 203 | 670 | 127k|  2 |  32 | 805 |-1.025964e+01 |      --      |    Inf | unknown
  693s| 14300 | 14301 |  5596k| 390.7 |   172M |  79 | 602 | 203 | 829 | 128k|  4 |  32 | 805 |-1.025964e+01 |      --      |    Inf | unknown
  697s| 14400 | 14401 |  5630k| 390.3 |   173M |  79 | 602 | 203 | 677 | 129k|  3 |  32 | 808 |-1.025964e+01 |      --      |    Inf | unknown
  702s| 14500 | 14501 |  5671k| 390.4 |   174M |  79 | 602 | 201 | 783 | 129k|  4 |  32 | 808 |-1.025964e+01 |      --      |    Inf | unknown
  705s| 14600 | 14601 |  5701k| 389.8 |   174M |  79 | 602 | 201 | 703 | 130k|  2 |  32 | 808 |-1.025938e+01 |      --      |    Inf | unknown
  708s| 14700 | 14701 |  5725k| 388.8 |   174M |  79 | 602 | 201 | 804 | 131k|  2 |  32 | 808 |-1.025938e+01 |      --      |    Inf | unknown
  712s| 14800 | 14801 |  5759k| 388.5 |   175M |  79 | 602 | 201 | 684 | 132k|  2 |  32 | 808 |-1.025938e+01 |      --      |    Inf | unknown
 time | node  | left  |LP iter|LP it/n|mem/heur|mdpt |vars |cons |rows |cuts |sepa|confs|strbr|  dualbound   | primalbound  |  gap   | compl. 
  716s| 14900 | 14901 |  5793k| 388.2 |   175M |  79 | 602 | 201 | 684 | 133k|  2 |  32 | 812 |-1.025938e+01 |      --      |    Inf | unknown
  721s| 15000 | 15001 |  5834k| 388.3 |   176M |  79 | 602 | 202 | 852 | 134k|  2 |  33 | 812 |-1.025912e+01 |      --      |    Inf | unknown
  725s| 15100 | 15101 |  5869k| 388.0 |   177M |  79 | 602 | 202 | 747 | 134k|  5 |  33 | 813 |-1.025912e+01 |      --      |    Inf | unknown
  728s| 15200 | 15201 |  5896k| 387.3 |   178M |  79 | 602 | 202 | 839 | 135k|  3 |  33 | 814 |-1.025912e+01 |      --      |    Inf | unknown
  732s| 15300 | 15301 |  5936k| 387.4 |   178M |  79 | 602 | 202 | 739 | 136k|  4 |  33 | 815 |-1.025912e+01 |      --      |    Inf | unknown
  736s| 15400 | 15401 |  5965k| 386.8 |   178M |  79 | 602 | 201 | 730 | 137k|  2 |  33 | 816 |-1.025907e+01 |      --      |    Inf | unknown
  741s| 15500 | 15501 |  6007k| 386.9 |   178M |  79 | 602 | 202 | 584 | 138k|  2 |  34 | 816 |-1.025907e+01 |      --      |    Inf | unknown
  746s| 15600 | 15601 |  6052k| 387.4 |   178M |  79 | 602 | 202 | 737 | 139k|  2 |  34 | 819 |-1.025907e+01 |      --      |    Inf | unknown
  751s| 15700 | 15701 |  6093k| 387.5 |   180M |  79 | 602 | 202 | 685 | 139k|  3 |  34 | 819 |-1.025907e+01 |      --      |    Inf | unknown
  754s| 15800 | 15801 |  6126k| 387.1 |   180M |  79 | 602 | 202 | 713 | 140k|  2 |  34 | 819 |-1.025873e+01 |      --      |    Inf | unknown
  758s| 15900 | 15901 |  6158k| 386.7 |   180M |  79 | 602 | 201 | 802 | 141k|  2 |  34 | 820 |-1.025873e+01 |      --      |    Inf | unknown
  762s| 16000 | 16001 |  6193k| 386.5 |   180M |  79 | 602 | 201 | 649 | 142k|  4 |  34 | 822 |-1.025873e+01 |      --      |    Inf | unknown
  767s| 16100 | 16101 |  6234k| 386.6 |   180M |  79 | 602 | 201 | 749 | 143k|  2 |  34 | 822 |-1.025873e+01 |      --      |    Inf | unknown
  771s| 16200 | 16201 |  6266k| 386.2 |   181M |  79 | 602 | 201 | 660 | 144k|  5 |  34 | 823 |-1.025854e+01 |      --      |    Inf | unknown
  775s| 16300 | 16301 |  6302k| 386.0 |   182M |  79 | 602 | 201 | 713 | 144k|  2 |  34 | 824 |-1.025854e+01 |      --      |    Inf | unknown
 time | node  | left  |LP iter|LP it/n|mem/heur|mdpt |vars |cons |rows |cuts |sepa|confs|strbr|  dualbound   | primalbound  |  gap   | compl. 
  779s| 16400 | 16401 |  6338k| 385.9 |   182M |  79 | 602 | 201 | 587 | 145k|  2 |  34 | 824 |-1.025854e+01 |      --      |    Inf | unknown
  783s| 16500 | 16501 |  6373k| 385.7 |   182M |  79 | 602 | 201 | 772 | 146k|  2 |  34 | 825 |-1.025854e+01 |      --      |    Inf | unknown
  787s| 16600 | 16601 |  6405k| 385.3 |   182M |  79 | 602 | 201 | 757 | 147k|  5 |  34 | 825 |-1.025852e+01 |      --      |    Inf | unknown
  792s| 16700 | 16701 |  6449k| 385.6 |   182M |  79 | 602 | 202 | 683 | 148k|  2 |  35 | 826 |-1.025852e+01 |      --      |    Inf | unknown
  795s| 16800 | 16801 |  6476k| 384.9 |   183M |  81 | 602 | 203 | 821 | 148k|  5 |  36 | 826 |-1.025852e+01 |      --      |    Inf | unknown
  800s| 16900 | 16901 |  6521k| 385.3 |   183M |  81 | 602 | 204 | 681 | 149k|  4 |  37 | 827 |-1.025797e+01 |      --      |    Inf | unknown
  805s| 17000 | 17001 |  6560k| 385.3 |   185M |  81 | 602 | 202 | 756 | 150k|  3 |  37 | 827 |-1.025797e+01 |      --      |    Inf | unknown
  808s| 17100 | 17101 |  6590k| 384.8 |   185M |  81 | 602 | 202 | 822 | 151k|  2 |  37 | 828 |-1.025795e+01 |      --      |    Inf | unknown
  813s| 17200 | 17201 |  6627k| 384.7 |   186M |  81 | 602 | 201 | 713 | 152k|  3 |  37 | 830 |-1.025795e+01 |      --      |    Inf | unknown
  817s| 17300 | 17301 |  6657k| 384.3 |   186M |  81 | 602 | 201 | 784 | 153k|  3 |  37 | 831 |-1.025794e+01 |      --      |    Inf | unknown
  821s| 17400 | 17401 |  6695k| 384.2 |   186M |  81 | 602 | 201 | 647 | 154k|  3 |  37 | 833 |-1.025794e+01 |      --      |    Inf | unknown
  825s| 17500 | 17501 |  6725k| 383.7 |   187M |  81 | 602 | 201 | 685 | 155k|  2 |  37 | 833 |-1.025767e+01 |      --      |    Inf | unknown
  830s| 17600 | 17601 |  6772k| 384.2 |   188M |  81 | 602 | 201 | 832 | 156k|  2 |  37 | 834 |-1.025767e+01 |      --      |    Inf | unknown
  834s| 17700 | 17701 |  6809k| 384.2 |   188M |  81 | 602 | 201 | 645 | 157k|  2 |  37 | 834 |-1.025760e+01 |      --      |    Inf | unknown
  838s| 17800 | 17801 |  6843k| 383.9 |   188M |  81 | 602 | 201 | 736 | 158k|  3 |  37 | 836 |-1.025760e+01 |      --      |    Inf | unknown
 time | node  | left  |LP iter|LP it/n|mem/heur|mdpt |vars |cons |rows |cuts |sepa|confs|strbr|  dualbound   | primalbound  |  gap   | compl. 
  843s| 17900 | 17901 |  6879k| 383.8 |   189M |  81 | 602 | 201 | 845 | 159k|  2 |  37 | 837 |-1.025760e+01 |      --      |    Inf | unknown
  848s| 18000 | 18001 |  6915k| 383.6 |   189M |  81 | 602 | 202 | 695 | 159k|  5 |  38 | 839 |-1.025735e+01 |      --      |    Inf | unknown
  854s| 18100 | 18101 |  6962k| 384.1 |   194M |  81 | 602 | 202 | 744 | 160k|  2 |  38 | 839 |-1.025735e+01 |      --      |    Inf | unknown
  861s| 18200 | 18201 |  7017k| 385.1 |   195M |  81 | 602 | 201 | 634 | 161k|  3 |  38 | 840 |-1.025720e+01 |      --      |    Inf | unknown
  866s| 18300 | 18301 |  7052k| 384.8 |   195M |  81 | 602 | 201 | 719 | 162k|  2 |  38 | 843 |-1.025720e+01 |      --      |    Inf | unknown
  869s| 18400 | 18401 |  7085k| 384.5 |   195M |  81 | 602 | 202 | 819 | 163k|  2 |  39 | 844 |-1.025713e+01 |      --      |    Inf | unknown
  875s| 18500 | 18501 |  7128k| 384.8 |   196M |  81 | 602 | 202 | 686 | 164k|  5 |  39 | 846 |-1.025713e+01 |      --      |    Inf | unknown
  879s| 18600 | 18601 |  7162k| 384.6 |   196M |  81 | 602 | 203 | 741 | 165k|  4 |  40 | 846 |-1.025712e+01 |      --      |    Inf | unknown
  885s| 18700 | 18701 |  7213k| 385.2 |   197M |  81 | 602 | 202 | 595 | 166k|  4 |  40 | 847 |-1.025712e+01 |      --      |    Inf | unknown
  890s| 18800 | 18801 |  7258k| 385.6 |   198M |  81 | 602 | 201 | 736 | 167k|  4 |  40 | 848 |-1.025594e+01 |      --      |    Inf | unknown
  894s| 18900 | 18901 |  7293k| 385.4 |   198M |  81 | 602 | 201 | 750 | 168k|  2 |  40 | 849 |-1.025594e+01 |      --      |    Inf | unknown
  898s| 19000 | 19001 |  7325k| 385.0 |   198M |  81 | 602 | 202 | 651 | 169k|  2 |  41 | 849 |-1.025583e+01 |      --      |    Inf | unknown
  903s| 19100 | 19101 |  7362k| 384.9 |   200M |  81 | 602 | 202 | 764 | 170k|  2 |  41 | 850 |-1.025583e+01 |      --      |    Inf | unknown
  907s| 19200 | 19201 |  7400k| 384.9 |   201M |  81 | 602 | 202 | 858 | 171k|  2 |  41 | 853 |-1.025572e+01 |      --      |    Inf | unknown
  913s| 19300 | 19301 |  7452k| 385.6 |   201M |  81 | 602 | 201 | 725 | 172k|  5 |  41 | 853 |-1.025572e+01 |      --      |    Inf | unknown
 time | node  | left  |LP iter|LP it/n|mem/heur|mdpt |vars |cons |rows |cuts |sepa|confs|strbr|  dualbound   | primalbound  |  gap   | compl. 
  917s| 19400 | 19401 |  7485k| 385.3 |   201M |  81 | 602 | 201 | 762 | 173k|  3 |  41 | 856 |-1.025561e+01 |      --      |    Inf | unknown
  921s| 19500 | 19501 |  7521k| 385.2 |   201M |  81 | 602 | 201 | 594 | 174k|  2 |  41 | 856 |-1.025561e+01 |      --      |    Inf | unknown
  926s| 19600 | 19601 |  7560k| 385.2 |   202M |  81 | 602 | 201 | 688 | 175k|  1 |  41 | 856 |-1.025545e+01 |      --      |    Inf | unknown
  929s| 19700 | 19701 |  7590k| 384.8 |   202M |  81 | 602 | 201 | 788 | 176k|  4 |  41 | 856 |-1.025545e+01 |      --      |    Inf | unknown
  934s| 19800 | 19801 |  7639k| 385.3 |   203M |  81 | 602 | 201 | 655 | 177k|  4 |  41 | 857 |-1.025529e+01 |      --      |    Inf | unknown
  939s| 19900 | 19901 |  7676k| 385.3 |   204M |  81 | 602 | 201 | 772 | 177k|  2 |  41 | 858 |-1.025529e+01 |      --      |    Inf | unknown
  945s| 20000 | 20001 |  7720k| 385.6 |   204M |  81 | 602 | 201 | 866 | 178k|  3 |  41 | 858 |-1.025529e+01 |      --      |    Inf | unknown
  948s| 20100 | 20101 |  7752k| 385.2 |   204M |  81 | 602 | 201 | 681 | 179k|  2 |  41 | 860 |-1.025518e+01 |      --      |    Inf | unknown
  952s| 20200 | 20201 |  7788k| 385.1 |   205M |  81 | 602 | 201 | 777 | 180k|  2 |  41 | 862 |-1.025518e+01 |      --      |    Inf | unknown
  956s| 20300 | 20301 |  7819k| 384.7 |   205M |  81 | 602 | 201 | 658 | 181k|  4 |  41 | 864 |-1.025506e+01 |      --      |    Inf | unknown
  960s| 20400 | 20401 |  7853k| 384.5 |   207M |  81 | 602 | 201 | 704 | 182k|  3 |  41 | 865 |-1.025506e+01 |      --      |    Inf | unknown
  963s| 20500 | 20501 |  7883k| 384.1 |   208M |  81 | 602 | 201 | 808 | 183k|  2 |  41 | 865 |-1.025505e+01 |      --      |    Inf | unknown
  968s| 20600 | 20601 |  7925k| 384.2 |   208M |  81 | 602 | 201 | 682 | 184k|  1 |  41 | 867 |-1.025505e+01 |      --      |    Inf | unknown
  971s| 20700 | 20701 |  7954k| 383.8 |   208M |  81 | 602 | 201 | 762 | 184k|  1 |  41 | 867 |-1.025491e+01 |      --      |    Inf | unknown
  975s| 20800 | 20801 |  7988k| 383.6 |   208M |  81 | 602 | 201 | 582 | 185k|  2 |  41 | 868 |-1.025491e+01 |      --      |    Inf | unknown
 time | node  | left  |LP iter|LP it/n|mem/heur|mdpt |vars |cons |rows |cuts |sepa|confs|strbr|  dualbound   | primalbound  |  gap   | compl. 
  980s| 20900 | 20901 |  8030k| 383.8 |   210M |  81 | 602 | 201 | 675 | 186k|  2 |  41 | 870 |-1.025467e+01 |      --      |    Inf | unknown
  984s| 21000 | 21001 |  8057k| 383.2 |   211M |  81 | 602 | 201 | 798 | 187k|  4 |  41 | 870 |-1.025467e+01 |      --      |    Inf | unknown
  988s| 21100 | 21101 |  8094k| 383.1 |   211M |  81 | 602 | 201 | 668 | 188k|  4 |  41 | 871 |-1.025456e+01 |      --      |    Inf | unknown
  991s| 21200 | 21201 |  8123k| 382.7 |   211M |  81 | 602 | 201 | 783 | 189k|  2 |  41 | 872 |-1.025456e+01 |      --      |    Inf | unknown
  996s| 21300 | 21301 |  8163k| 382.8 |   212M |  81 | 602 | 201 | 817 | 190k|  2 |  41 | 874 |-1.025451e+01 |      --      |    Inf | unknown
 1001s| 21400 | 21401 |  8202k| 382.8 |   212M |  81 | 602 | 201 | 713 | 191k|  2 |  41 | 875 |-1.025451e+01 |      --      |    Inf | unknown
 1004s| 21500 | 21501 |  8233k| 382.5 |   213M |  81 | 602 | 201 | 783 | 192k|  2 |  41 | 877 |-1.025444e+01 |      --      |    Inf | unknown
 1009s| 21600 | 21601 |  8273k| 382.6 |   214M |  81 | 602 | 201 | 586 | 193k|  2 |  41 | 878 |-1.025444e+01 |      --      |    Inf | unknown
 1013s| 21700 | 21701 |  8311k| 382.6 |   215M |  81 | 602 | 201 | 754 | 194k|  5 |  41 | 879 |-1.025434e+01 |      --      |    Inf | unknown
 1017s| 21800 | 21801 |  8345k| 382.4 |   216M |  81 | 602 | 201 | 775 | 195k|  2 |  41 | 880 |-1.025434e+01 |      --      |    Inf | unknown
 1022s| 21900 | 21901 |  8384k| 382.4 |   216M |  81 | 602 | 201 | 668 | 195k|  3 |  41 | 881 |-1.025421e+01 |      --      |    Inf | unknown
 1026s| 22000 | 22001 |  8417k| 382.2 |   217M |  81 | 602 | 201 | 790 | 196k|  4 |  41 | 882 |-1.025421e+01 |      --      |    Inf | unknown
 1030s| 22100 | 22101 |  8458k| 382.3 |   218M |  81 | 602 | 202 | 838 | 197k|  2 |  42 | 883 |-1.025421e+01 |      --      |    Inf | unknown
 1034s| 22200 | 22201 |  8487k| 381.9 |   218M |  81 | 602 | 202 | 698 | 198k|  4 |  42 | 884 |-1.025406e+01 |      --      |    Inf | unknown
 1038s| 22300 | 22301 |  8522k| 381.7 |   218M |  81 | 602 | 202 | 721 | 199k|  2 |  42 | 886 |-1.025406e+01 |      --      |    Inf | unknown
 time | node  | left  |LP iter|LP it/n|mem/heur|mdpt |vars |cons |rows |cuts |sepa|confs|strbr|  dualbound   | primalbound  |  gap   | compl. 
 1043s| 22400 | 22401 |  8560k| 381.7 |   218M |  81 | 602 | 202 | 609 | 200k|  2 |  42 | 886 |-1.025359e+01 |      --      |    Inf | unknown
 1046s| 22500 | 22501 |  8588k| 381.3 |   219M |  81 | 602 | 202 | 741 | 201k|  2 |  42 | 886 |-1.025359e+01 |      --      |    Inf | unknown
 1051s| 22600 | 22601 |  8632k| 381.6 |   220M |  81 | 602 | 201 | 828 | 202k|  4 |  42 | 888 |-1.025351e+01 |      --      |    Inf | unknown
 1055s| 22700 | 22701 |  8668k| 381.4 |   221M |  81 | 602 | 201 | 720 | 203k|  4 |  42 | 888 |-1.025351e+01 |      --      |    Inf | unknown
 1059s| 22800 | 22801 |  8705k| 381.4 |   221M |  81 | 602 | 201 | 731 | 204k|  2 |  42 | 891 |-1.025351e+01 |      --      |    Inf | unknown
 1064s| 22900 | 22901 |  8742k| 381.4 |   221M |  81 | 602 | 202 | 631 | 204k|  3 |  43 | 891 |-1.025351e+01 |      --      |    Inf | unknown
 1068s| 23000 | 23001 |  8780k| 381.3 |   222M |  81 | 602 | 202 | 698 | 205k|  3 |  43 | 891 |-1.025337e+01 |      --      |    Inf | unknown
 1072s| 23100 | 23101 |  8814k| 381.2 |   223M |  81 | 602 | 202 | 797 | 206k|  5 |  43 | 891 |-1.025337e+01 |      --      |    Inf | unknown
 1076s| 23200 | 23201 |  8856k| 381.3 |   224M |  81 | 602 | 202 | 682 | 207k|  2 |  43 | 891 |-1.025312e+01 |      --      |    Inf | unknown
 1080s| 23300 | 23301 |  8885k| 380.9 |   225M |  81 | 602 | 202 | 711 | 208k|  2 |  44 | 891 |-1.025312e+01 |      --      |    Inf | unknown
 1084s| 23400 | 23401 |  8917k| 380.7 |   227M |  81 | 602 | 202 | 764 | 209k|  5 |  44 | 891 |-1.025310e+01 |      --      |    Inf | unknown
 1089s| 23500 | 23501 |  8958k| 380.8 |   227M |  81 | 602 | 202 | 717 | 210k|  3 |  44 | 891 |-1.025310e+01 |      --      |    Inf | unknown
 1092s| 23600 | 23601 |  8988k| 380.5 |   227M |  81 | 602 | 203 | 752 | 210k|  2 |  45 | 891 |-1.025302e+01 |      --      |    Inf | unknown
 1097s| 23700 | 23701 |  9028k| 380.6 |   228M |  81 | 602 | 202 | 620 | 211k|  2 |  45 | 891 |-1.025302e+01 |      --      |    Inf | unknown
 1102s| 23800 | 23801 |  9070k| 380.7 |   228M |  81 | 602 | 202 | 717 | 212k|  5 |  45 | 891 |-1.025297e+01 |      --      |    Inf | unknown
 time | node  | left  |LP iter|LP it/n|mem/heur|mdpt |vars |cons |rows |cuts |sepa|confs|strbr|  dualbound   | primalbound  |  gap   | compl. 
 1106s| 23900 | 23901 |  9104k| 380.5 |   228M |  81 | 602 | 201 | 811 | 213k|  3 |  45 | 891 |-1.025297e+01 |      --      |    Inf | unknown
 1109s| 24000 | 24001 |  9133k| 380.2 |   230M |  81 | 602 | 201 | 649 | 214k|  3 |  45 | 891 |-1.025283e+01 |      --      |    Inf | unknown
 1113s| 24100 | 24101 |  9165k| 379.9 |   230M |  81 | 602 | 201 | 749 | 214k|  2 |  45 | 891 |-1.025283e+01 |      --      |    Inf | unknown
 1118s| 24200 | 24201 |  9205k| 380.0 |   230M |  81 | 602 | 201 | 832 | 215k|  2 |  45 | 891 |-1.025283e+01 |      --      |    Inf | unknown
 1122s| 24300 | 24301 |  9239k| 379.8 |   231M |  81 | 602 | 201 | 672 | 216k|  2 |  45 | 891 |-1.025263e+01 |      --      |    Inf | unknown
 1126s| 24400 | 24401 |  9275k| 379.7 |   233M |  81 | 602 | 201 | 735 | 217k|  2 |  45 | 891 |-1.025263e+01 |      --      |    Inf | unknown
 1131s| 24500 | 24501 |  9309k| 379.6 |   233M |  81 | 602 | 201 | 611 | 218k|  2 |  45 | 891 |-1.025254e+01 |      --      |    Inf | unknown
 1135s| 24600 | 24601 |  9347k| 379.6 |   233M |  81 | 602 | 201 | 733 | 219k|  2 |  45 | 891 |-1.025254e+01 |      --      |    Inf | unknown
 1139s| 24700 | 24701 |  9379k| 379.3 |   234M |  81 | 602 | 201 | 797 | 220k|  2 |  45 | 891 |-1.025251e+01 |      --      |    Inf | unknown
 1142s| 24800 | 24801 |  9411k| 379.1 |   234M |  81 | 602 | 201 | 668 | 220k|  2 |  45 | 893 |-1.025251e+01 |      --      |    Inf | unknown
 1146s| 24900 | 24901 |  9445k| 379.0 |   235M |  81 | 602 | 201 | 765 | 221k|  4 |  45 | 893 |-1.025242e+01 |      --      |    Inf | unknown
 1150s| 25000 | 25001 |  9479k| 378.8 |   235M |  81 | 602 | 201 | 569 | 222k|  2 |  45 | 894 |-1.025242e+01 |      --      |    Inf | unknown
 1156s| 25100 | 25101 |  9523k| 379.0 |   235M |  81 | 602 | 201 | 710 | 223k|  2 |  45 | 895 |-1.025213e+01 |      --      |    Inf | unknown
 1160s| 25200 | 25201 |  9558k| 378.9 |   235M |  81 | 602 | 201 | 762 | 224k|  2 |  45 | 895 |-1.025213e+01 |      --      |    Inf | unknown
 1163s| 25300 | 25301 |  9588k| 378.6 |   236M |  81 | 602 | 201 | 636 | 225k|  1 |  45 | 896 |-1.025174e+01 |      --      |    Inf | unknown
 time | node  | left  |LP iter|LP it/n|mem/heur|mdpt |vars |cons |rows |cuts |sepa|confs|strbr|  dualbound   | primalbound  |  gap   | compl. 
 1167s| 25400 | 25401 |  9618k| 378.3 |   237M |  81 | 602 | 201 | 780 | 225k|  4 |  45 | 896 |-1.025174e+01 |      --      |    Inf | unknown
 1171s| 25500 | 25501 |  9657k| 378.3 |   237M |  81 | 602 | 201 | 773 | 226k|  2 |  45 | 897 |-1.025166e+01 |      --      |    Inf | unknown
 1175s| 25600 | 25601 |  9693k| 378.3 |   238M |  81 | 602 | 201 | 725 | 227k|  2 |  45 | 898 |-1.025166e+01 |      --      |    Inf | unknown
 1179s| 25700 | 25701 |  9729k| 378.2 |   239M |  81 | 602 | 201 | 745 | 228k|  1 |  45 | 898 |-1.025161e+01 |      --      |    Inf | unknown
 1184s| 25800 | 25801 |  9767k| 378.2 |   240M |  81 | 602 | 202 | 712 | 229k|  4 |  46 | 899 |-1.025161e+01 |      --      |    Inf | unknown
 1189s| 25900 | 25901 |  9812k| 378.5 |   240M |  81 | 602 | 202 | 772 | 230k|  2 |  46 | 899 |-1.025161e+01 |      --      |    Inf | unknown
 1193s| 26000 | 26001 |  9846k| 378.3 |   241M |  81 | 602 | 202 | 829 | 231k|  3 |  46 | 899 |-1.025161e+01 |      --      |    Inf | unknown
 1197s| 26100 | 26101 |  9884k| 378.3 |   242M |  81 | 602 | 202 | 634 | 232k|  2 |  46 | 899 |-1.025126e+01 |      --      |    Inf | unknown
 1201s| 26200 | 26201 |  9917k| 378.1 |   242M |  81 | 602 | 201 | 705 | 233k|  2 |  46 | 899 |-1.025126e+01 |      --      |    Inf | unknown
 1206s| 26300 | 26301 |  9955k| 378.2 |   244M |  81 | 602 | 201 | 799 | 234k|  4 |  46 | 899 |-1.025126e+01 |      --      |    Inf | unknown
 1210s| 26400 | 26401 |  9994k| 378.2 |   244M |  81 | 602 | 201 | 670 | 235k|  2 |  46 | 901 |-1.025120e+01 |      --      |    Inf | unknown
 1214s| 26500 | 26501 | 10036k| 378.4 |   244M |  81 | 602 | 202 | 812 | 236k|  2 |  47 | 901 |-1.025120e+01 |      --      |    Inf | unknown
 1220s| 26600 | 26601 | 10080k| 378.6 |   244M |  81 | 602 | 202 | 656 | 237k|  4 |  47 | 902 |-1.025085e+01 |      --      |    Inf | unknown
 1224s| 26700 | 26701 | 10114k| 378.5 |   245M |  81 | 602 | 202 | 740 | 237k|  3 |  47 | 903 |-1.025085e+01 |      --      |    Inf | unknown
 1228s| 26800 | 26801 | 10148k| 378.3 |   246M |  81 | 602 | 201 | 832 | 238k|  3 |  47 | 903 |-1.025083e+01 |      --      |    Inf | unknown
 time | node  | left  |LP iter|LP it/n|mem/heur|mdpt |vars |cons |rows |cuts |sepa|confs|strbr|  dualbound   | primalbound  |  gap   | compl. 
 1232s| 26900 | 26901 | 10178k| 378.0 |   246M |  81 | 602 | 201 | 678 | 239k|  2 |  47 | 903 |-1.025083e+01 |      --      |    Inf | unknown
 1235s| 27000 | 27001 | 10206k| 377.7 |   246M |  81 | 602 | 201 | 770 | 240k|  2 |  47 | 903 |-1.025078e+01 |      --      |    Inf | unknown
 1239s| 27100 | 27101 | 10244k| 377.7 |   247M |  81 | 602 | 201 | 581 | 241k|  1 |  47 | 903 |-1.025078e+01 |      --      |    Inf | unknown
 1245s| 27200 | 27201 | 10292k| 378.0 |   248M |  81 | 602 | 201 | 712 | 242k|  2 |  47 | 904 |-1.025075e+01 |      --      |    Inf | unknown
 1250s| 27300 | 27301 | 10330k| 378.0 |   248M |  81 | 602 | 201 | 758 | 243k|  4 |  47 | 904 |-1.025075e+01 |      --      |    Inf | unknown
 1253s| 27400 | 27401 | 10363k| 377.9 |   249M |  81 | 602 | 201 | 613 | 244k|  2 |  47 | 904 |-1.025047e+01 |      --      |    Inf | unknown
 1258s| 27500 | 27501 | 10399k| 377.8 |   250M |  81 | 602 | 202 | 784 | 244k|  5 |  48 | 904 |-1.025047e+01 |      --      |    Inf | unknown
 1261s| 27600 | 27601 | 10429k| 377.5 |   250M |  81 | 602 | 202 | 833 | 245k|  3 |  48 | 904 |-1.025035e+01 |      --      |    Inf | unknown
 1265s| 27700 | 27701 | 10466k| 377.5 |   250M |  81 | 602 | 202 | 657 | 246k|  2 |  48 | 905 |-1.025035e+01 |      --      |    Inf | unknown
 1269s| 27800 | 27801 | 10496k| 377.2 |   251M |  81 | 602 | 202 | 737 | 247k|  3 |  48 | 906 |-1.025031e+01 |      --      |    Inf | unknown
 1276s| 27900 | 27901 | 10553k| 377.9 |   251M |  81 | 602 | 201 | 623 | 248k|  2 |  48 | 906 |-1.025031e+01 |      --      |    Inf | unknown
 1279s| 28000 | 28001 | 10584k| 377.7 |   251M |  81 | 602 | 202 | 762 | 249k|  2 |  49 | 907 |-1.025029e+01 |      --      |    Inf | unknown
 1283s| 28100 | 28101 | 10616k| 377.5 |   253M |  81 | 602 | 203 | 768 | 250k|  4 |  50 | 908 |-1.025029e+01 |      --      |    Inf | unknown
 1287s| 28200 | 28201 | 10647k| 377.2 |   254M |  81 | 602 | 203 | 609 | 251k|  3 |  50 | 908 |-1.025018e+01 |      --      |    Inf | unknown
 1291s| 28300 | 28301 | 10685k| 377.2 |   255M |  81 | 602 | 203 | 751 | 252k|  3 |  50 | 909 |-1.025018e+01 |      --      |    Inf | unknown
 time | node  | left  |LP iter|LP it/n|mem/heur|mdpt |vars |cons |rows |cuts |sepa|confs|strbr|  dualbound   | primalbound  |  gap   | compl. 
 1296s| 28400 | 28401 | 10722k| 377.2 |   256M |  81 | 602 | 202 | 812 | 252k|  1 |  50 | 910 |-1.025018e+01 |      --      |    Inf | unknown
 1300s| 28500 | 28501 | 10762k| 377.3 |   256M |  81 | 602 | 201 | 729 | 253k|  1 |  50 | 910 |-1.025012e+01 |      --      |    Inf | unknown
 1305s| 28600 | 28601 | 10796k| 377.1 |   257M |  81 | 602 | 201 | 756 | 254k|  2 |  50 | 911 |-1.025012e+01 |      --      |    Inf | unknown
 1310s| 28700 | 28701 | 10838k| 377.3 |   258M |  81 | 602 | 201 | 598 | 255k|  3 |  50 | 911 |-1.025003e+01 |      --      |    Inf | unknown
 1313s| 28800 | 28801 | 10868k| 377.0 |   258M |  81 | 602 | 201 | 677 | 256k|  2 |  50 | 911 |-1.025003e+01 |      --      |    Inf | unknown
 1317s| 28900 | 28901 | 10895k| 376.7 |   258M |  81 | 602 | 201 | 816 | 257k|  3 |  50 | 911 |-1.025000e+01 |      --      |    Inf | unknown
 1320s| 29000 | 29001 | 10930k| 376.6 |   259M |  81 | 602 | 201 | 668 | 258k|  5 |  50 | 911 |-1.025000e+01 |      --      |    Inf | unknown
 1325s| 29100 | 29101 | 10968k| 376.6 |   259M |  81 | 602 | 201 | 733 | 259k|  1 |  50 | 911 |-1.024975e+01 |      --      |    Inf | unknown
 1330s| 29200 | 29201 | 11010k| 376.7 |   259M |  81 | 602 | 201 | 599 | 259k|  5 |  50 | 911 |-1.024975e+01 |      --      |    Inf | unknown
 1334s| 29300 | 29301 | 11046k| 376.7 |   259M |  81 | 602 | 202 | 721 | 260k|  2 |  51 | 911 |-1.024966e+01 |      --      |    Inf | unknown
 1339s| 29400 | 29401 | 11085k| 376.7 |   259M |  81 | 602 | 203 | 829 | 261k|  2 |  52 | 911 |-1.024966e+01 |      --      |    Inf | unknown
 1343s| 29500 | 29501 | 11119k| 376.6 |   261M |  81 | 602 | 203 | 634 | 262k|  3 |  52 | 911 |-1.024961e+01 |      --      |    Inf | unknown
 1347s| 29600 | 29601 | 11157k| 376.6 |   263M |  81 | 602 | 203 | 762 | 263k|  3 |  52 | 911 |-1.024961e+01 |      --      |    Inf | unknown
 1351s| 29700 | 29701 | 11187k| 376.4 |   263M |  81 | 602 | 203 | 779 | 264k|  2 |  52 | 911 |-1.024956e+01 |      --      |    Inf | unknown
 1355s| 29800 | 29801 | 11221k| 376.2 |   263M |  81 | 602 | 202 | 706 | 265k|  2 |  52 | 911 |-1.024956e+01 |      --      |    Inf | unknown
 time | node  | left  |LP iter|LP it/n|mem/heur|mdpt |vars |cons |rows |cuts |sepa|confs|strbr|  dualbound   | primalbound  |  gap   | compl. 
 1360s| 29900 | 29901 | 11268k| 376.5 |   263M |  81 | 602 | 201 | 728 | 266k|  1 |  52 | 911 |-1.024927e+01 |      --      |    Inf | unknown
 1365s| 30000 | 30001 | 11307k| 376.6 |   264M |  81 | 602 | 201 | 599 | 266k|  5 |  52 | 912 |-1.024927e+01 |      --      |    Inf | unknown
 1369s| 30100 | 30101 | 11338k| 376.4 |   265M |  81 | 602 | 201 | 695 | 267k|  2 |  52 | 912 |-1.024925e+01 |      --      |    Inf | unknown
 1372s| 30200 | 30201 | 11367k| 376.1 |   266M |  81 | 602 | 201 | 809 | 268k|  2 |  52 | 912 |-1.024925e+01 |      --      |    Inf | unknown
 1377s| 30300 | 30301 | 11410k| 376.3 |   266M |  81 | 602 | 201 | 648 | 269k|  4 |  52 | 912 |-1.024914e+01 |      --      |    Inf | unknown
 1381s| 30400 | 30401 | 11441k| 376.1 |   266M |  81 | 602 | 202 | 753 | 270k|  3 |  53 | 912 |-1.024914e+01 |      --      |    Inf | unknown
 1384s| 30500 | 30501 | 11469k| 375.7 |   266M |  81 | 602 | 202 | 857 | 271k|  4 |  53 | 912 |-1.024914e+01 |      --      |    Inf | unknown
 1389s| 30600 | 30601 | 11516k| 376.0 |   267M |  81 | 602 | 202 | 658 | 272k|  2 |  53 | 912 |-1.024905e+01 |      --      |    Inf | unknown
 1395s| 30700 | 30701 | 11558k| 376.2 |   269M |  81 | 602 | 202 | 800 | 273k|  2 |  53 | 912 |-1.024905e+01 |      --      |    Inf | unknown
 1399s| 30800 | 30801 | 11594k| 376.1 |   269M |  81 | 602 | 201 | 668 | 274k|  3 |  53 | 912 |-1.024891e+01 |      --      |    Inf | unknown
 1403s| 30900 | 30901 | 11633k| 376.2 |   270M |  81 | 602 | 201 | 736 | 275k|  2 |  53 | 914 |-1.024891e+01 |      --      |    Inf | unknown
 1407s| 31000 | 31001 | 11669k| 376.1 |   270M |  81 | 602 | 201 | 829 | 276k|  2 |  53 | 915 |-1.024888e+01 |      --      |    Inf | unknown
 1412s| 31100 | 31101 | 11708k| 376.2 |   271M |  81 | 602 | 201 | 672 | 277k|  4 |  53 | 915 |-1.024888e+01 |      --      |    Inf | unknown
 1416s| 31200 | 31201 | 11747k| 376.2 |   272M |  81 | 602 | 201 | 733 | 277k|  3 |  53 | 916 |-1.024878e+01 |      --      |    Inf | unknown
 1421s| 31300 | 31301 | 11785k| 376.2 |   273M |  81 | 602 | 201 | 574 | 278k|  2 |  53 | 916 |-1.024878e+01 |      --      |    Inf | unknown
 time | node  | left  |LP iter|LP it/n|mem/heur|mdpt |vars |cons |rows |cuts |sepa|confs|strbr|  dualbound   | primalbound  |  gap   | compl. 
 1425s| 31400 | 31401 | 11818k| 376.1 |   273M |  81 | 602 | 201 | 668 | 279k|  3 |  53 | 916 |-1.024848e+01 |      --      |    Inf | unknown
 1429s| 31500 | 31501 | 11854k| 376.0 |   274M |  81 | 602 | 201 | 731 | 280k|  3 |  53 | 917 |-1.024848e+01 |      --      |    Inf | unknown
 1433s| 31600 | 31601 | 11889k| 375.9 |   274M |  81 | 602 | 202 | 592 | 281k|  2 |  54 | 917 |-1.024838e+01 |      --      |    Inf | unknown
 1437s| 31700 | 31701 | 11922k| 375.8 |   275M |  81 | 602 | 203 | 749 | 282k|  2 |  55 | 918 |-1.024838e+01 |      --      |    Inf | unknown
 1441s| 31800 | 31801 | 11953k| 375.6 |   276M |  81 | 602 | 203 | 779 | 283k|  4 |  55 | 918 |-1.024834e+01 |      --      |    Inf | unknown
 1446s| 31900 | 31901 | 11999k| 375.9 |   277M |  81 | 602 | 202 | 673 | 284k|  2 |  55 | 919 |-1.024834e+01 |      --      |    Inf | unknown
 1450s| 32000 | 32001 | 12035k| 375.8 |   277M |  81 | 602 | 202 | 787 | 285k|  2 |  55 | 919 |-1.024824e+01 |      --      |    Inf | unknown
 1455s| 32100 | 32101 | 12070k| 375.7 |   277M |  81 | 602 | 201 | 633 | 285k|  4 |  55 | 919 |-1.024824e+01 |      --      |    Inf | unknown
 1459s| 32200 | 32201 | 12102k| 375.6 |   278M |  81 | 602 | 201 | 715 | 286k|  2 |  55 | 919 |-1.024812e+01 |      --      |    Inf | unknown
 1462s| 32300 | 32301 | 12131k| 375.3 |   278M |  81 | 602 | 201 | 796 | 287k|  2 |  55 | 920 |-1.024812e+01 |      --      |    Inf | unknown
 1467s| 32400 | 32401 | 12173k| 375.4 |   279M |  81 | 602 | 201 | 651 | 288k|  3 |  55 | 920 |-1.024811e+01 |      --      |    Inf | unknown
 1471s| 32500 | 32501 | 12204k| 375.2 |   282M |  81 | 602 | 201 | 780 | 289k|  2 |  55 | 920 |-1.024811e+01 |      --      |    Inf | unknown
 1477s| 32600 | 32601 | 12254k| 375.6 |   282M |  81 | 602 | 201 | 782 | 290k|  2 |  55 | 920 |-1.024811e+01 |      --      |    Inf | unknown
 1482s| 32700 | 32701 | 12287k| 375.5 |   282M |  81 | 602 | 201 | 657 | 291k|  3 |  55 | 920 |-1.024797e+01 |      --      |    Inf | unknown
 1486s| 32800 | 32801 | 12322k| 375.4 |   284M |  81 | 602 | 201 | 797 | 292k|  3 |  55 | 920 |-1.024797e+01 |      --      |    Inf | unknown
 time | node  | left  |LP iter|LP it/n|mem/heur|mdpt |vars |cons |rows |cuts |sepa|confs|strbr|  dualbound   | primalbound  |  gap   | compl. 
 1489s| 32900 | 32901 | 12351k| 375.1 |   284M |  81 | 602 | 201 | 625 | 293k|  3 |  55 | 920 |-1.024791e+01 |      --      |    Inf | unknown
 1493s| 33000 | 33001 | 12382k| 374.9 |   286M |  81 | 602 | 201 | 723 | 293k|  2 |  55 | 920 |-1.024791e+01 |      --      |    Inf | unknown
 1496s| 33100 | 33101 | 12410k| 374.7 |   286M |  81 | 602 | 201 | 816 | 294k|  2 |  55 | 921 |-1.024787e+01 |      --      |    Inf | unknown
 1501s| 33200 | 33201 | 12448k| 374.7 |   286M |  81 | 602 | 201 | 676 | 295k|  5 |  55 | 921 |-1.024787e+01 |      --      |    Inf | unknown
 1505s| 33300 | 33301 | 12487k| 374.7 |   286M |  81 | 602 | 201 | 765 | 296k|  3 |  55 | 922 |-1.024778e+01 |      --      |    Inf | unknown
 1510s| 33400 | 33401 | 12530k| 374.9 |   286M |  81 | 602 | 201 | 626 | 297k|  2 |  55 | 922 |-1.024778e+01 |      --      |    Inf | unknown
 1514s| 33500 | 33501 | 12562k| 374.7 |   287M |  81 | 602 | 201 | 702 | 298k|  2 |  55 | 922 |-1.024769e+01 |      --      |    Inf | unknown
 1517s| 33600 | 33601 | 12592k| 374.5 |   288M |  81 | 602 | 201 | 794 | 299k|  2 |  55 | 922 |-1.024769e+01 |      --      |    Inf | unknown
 1522s| 33700 | 33701 | 12632k| 374.6 |   288M |  81 | 602 | 201 | 586 | 299k|  1 |  55 | 922 |-1.024743e+01 |      --      |    Inf | unknown
 1526s| 33800 | 33801 | 12664k| 374.4 |   289M |  81 | 602 | 201 | 759 | 300k|  2 |  55 | 922 |-1.024743e+01 |      --      |    Inf | unknown
 1529s| 33900 | 33901 | 12693k| 374.1 |   289M |  81 | 602 | 202 | 796 | 301k|  5 |  56 | 922 |-1.024710e+01 |      --      |    Inf | unknown
 1535s| 34000 | 34001 | 12743k| 374.5 |   289M |  81 | 602 | 202 | 703 | 302k|  2 |  56 | 923 |-1.024710e+01 |      --      |    Inf | unknown
 1540s| 34100 | 34101 | 12784k| 374.6 |   289M |  81 | 602 | 202 | 765 | 303k|  3 |  56 | 924 |-1.024706e+01 |      --      |    Inf | unknown
 1544s| 34200 | 34201 | 12818k| 374.5 |   290M |  81 | 602 | 202 | 641 | 304k|  4 |  57 | 925 |-1.024706e+01 |      --      |    Inf | unknown
 1548s| 34300 | 34301 | 12847k| 374.3 |   290M |  81 | 602 | 202 | 673 | 305k|  2 |  57 | 926 |-1.024668e+01 |      --      |    Inf | unknown
 time | node  | left  |LP iter|LP it/n|mem/heur|mdpt |vars |cons |rows |cuts |sepa|confs|strbr|  dualbound   | primalbound  |  gap   | compl. 
 1551s| 34400 | 34401 | 12877k| 374.1 |   290M |  81 | 602 | 202 | 820 | 306k|  3 |  57 | 926 |-1.024668e+01 |      --      |    Inf | unknown
 1556s| 34500 | 34501 | 12919k| 374.2 |   292M |  81 | 602 | 202 | 641 | 306k|  2 |  57 | 926 |-1.024652e+01 |      --      |    Inf | unknown
 1561s| 34600 | 34601 | 12962k| 374.4 |   292M |  81 | 602 | 201 | 762 | 307k|  3 |  57 | 926 |-1.024652e+01 |      --      |    Inf | unknown
 1564s| 34700 | 34701 | 12993k| 374.2 |   293M |  81 | 602 | 202 | 829 | 308k|  3 |  58 | 926 |-1.024652e+01 |      --      |    Inf | unknown
 1568s| 34800 | 34801 | 13025k| 374.0 |   295M |  81 | 602 | 202 | 639 | 309k|  2 |  58 | 926 |-1.024640e+01 |      --      |    Inf | unknown
 1574s| 34900 | 34901 | 13068k| 374.2 |   295M |  81 | 602 | 203 | 833 | 310k|  3 |  59 | 927 |-1.024640e+01 |      --      |    Inf | unknown
 1577s| 35000 | 35001 | 13095k| 373.9 |   295M |  81 | 602 | 203 | 738 | 310k|  2 |  59 | 927 |-1.024614e+01 |      --      |    Inf | unknown
 1580s| 35100 | 35101 | 13129k| 373.8 |   295M |  85 | 602 | 202 | 641 | 311k|  2 |  59 | 927 |-1.024614e+01 |      --      |    Inf | unknown
 1585s| 35200 | 35201 | 13164k| 373.7 |   295M |  85 | 602 | 203 | 631 | 312k|  3 |  60 | 927 |-1.024614e+01 |      --      |    Inf | unknown
 1589s| 35300 | 35301 | 13204k| 373.8 |   295M |  85 | 602 | 202 | 703 | 313k|  2 |  60 | 930 |-1.024614e+01 |      --      |    Inf | unknown
 1595s| 35400 | 35401 | 13250k| 374.0 |   297M |  85 | 602 | 202 | 818 | 314k|  2 |  60 | 930 |-1.024614e+01 |      --      |    Inf | unknown
 1600s| 35500 | 35501 | 13286k| 374.0 |   297M |  85 | 602 | 201 | 680 | 315k|  4 |  60 | 930 |-1.024614e+01 |      --      |    Inf | unknown
 1603s| 35600 | 35601 | 13319k| 373.9 |   297M |  85 | 602 | 201 | 743 | 315k|  3 |  60 | 930 |-1.024614e+01 |      --      |    Inf | unknown
 1608s| 35700 | 35701 | 13353k| 373.8 |   297M |  85 | 602 | 201 | 767 | 316k|  2 |  60 | 930 |-1.024614e+01 |      --      |    Inf | unknown
 1612s| 35800 | 35801 | 13390k| 373.8 |   297M |  85 | 602 | 201 | 594 | 317k|  2 |  60 | 931 |-1.024614e+01 |      --      |    Inf | unknown
 time | node  | left  |LP iter|LP it/n|mem/heur|mdpt |vars |cons |rows |cuts |sepa|confs|strbr|  dualbound   | primalbound  |  gap   | compl. 
 1615s| 35900 | 35901 | 13421k| 373.6 |   298M |  85 | 602 | 201 | 648 | 318k|  3 |  60 | 932 |-1.024614e+01 |      --      |    Inf | unknown
 1619s| 36000 | 36001 | 13459k| 373.6 |   300M |  85 | 602 | 202 | 804 | 319k|  2 |  61 | 932 |-1.024614e+01 |      --      |    Inf | unknown
 1623s| 36100 | 36101 | 13498k| 373.6 |   300M |  85 | 602 | 202 | 802 | 319k|  4 |  61 | 932 |-1.024614e+01 |      --      |    Inf | unknown
 1630s| 36200 | 36201 | 13546k| 373.9 |   300M |  85 | 602 | 201 | 603 | 320k|  2 |  61 | 932 |-1.024614e+01 |      --      |    Inf | unknown
 1633s| 36300 | 36301 | 13579k| 373.8 |   300M |  85 | 602 | 201 | 664 | 321k|  1 |  61 | 934 |-1.024614e+01 |      --      |    Inf | unknown
 1637s| 36400 | 36401 | 13608k| 373.6 |   300M |  85 | 602 | 201 | 778 | 322k|  2 |  61 | 934 |-1.024614e+01 |      --      |    Inf | unknown
 1640s| 36500 | 36501 | 13639k| 373.4 |   301M |  85 | 602 | 201 | 832 | 322k|  2 |  61 | 934 |-1.024614e+01 |      --      |    Inf | unknown
 1645s| 36600 | 36601 | 13679k| 373.5 |   301M |  85 | 602 | 201 | 635 | 323k|  2 |  61 | 935 |-1.024614e+01 |      --      |    Inf | unknown
 1650s| 36700 | 36701 | 13720k| 373.6 |   302M |  85 | 602 | 201 | 684 | 324k|  1 |  61 | 936 |-1.024614e+01 |      --      |    Inf | unknown
 1655s| 36800 | 36801 | 13760k| 373.6 |   302M |  85 | 602 | 201 | 817 | 325k|  3 |  61 | 936 |-1.024614e+01 |      --      |    Inf | unknown
 1659s| 36900 | 36901 | 13794k| 373.6 |   302M |  85 | 602 | 201 | 589 | 326k|  2 |  61 | 939 |-1.024614e+01 |      --      |    Inf | unknown
 1663s| 37000 | 37001 | 13831k| 373.5 |   304M |  87 | 602 | 201 | 675 | 326k|  3 |  61 | 940 |-1.024614e+01 |      --      |    Inf | unknown
 1666s| 37100 | 37101 | 13860k| 373.3 |   305M |  87 | 602 | 201 | 755 | 327k|  2 |  61 | 940 |-1.024614e+01 |      --      |    Inf | unknown
 1669s| 37200 | 37201 | 13887k| 373.1 |   305M |  87 | 602 | 201 | 786 | 328k|  2 |  61 | 940 |-1.024614e+01 |      --      |    Inf | unknown
 1673s| 37300 | 37301 | 13917k| 372.9 |   306M |  87 | 602 | 201 | 785 | 329k|  3 |  61 | 940 |-1.024614e+01 |      --      |    Inf | unknown
 time | node  | left  |LP iter|LP it/n|mem/heur|mdpt |vars |cons |rows |cuts |sepa|confs|strbr|  dualbound   | primalbound  |  gap   | compl. 
 1678s| 37400 | 37401 | 13961k| 373.0 |   308M |  87 | 602 | 201 | 667 | 329k|  2 |  61 | 940 |-1.024614e+01 |      --      |    Inf | unknown
 1682s| 37500 | 37501 | 13998k| 373.0 |   308M |  87 | 602 | 201 | 695 | 330k|  1 |  61 | 941 |-1.024614e+01 |      --      |    Inf | unknown
 1685s| 37600 | 37601 | 14027k| 372.8 |   309M |  87 | 602 | 201 | 764 | 331k|  3 |  61 | 942 |-1.024614e+01 |      --      |    Inf | unknown
 1690s| 37700 | 37701 | 14064k| 372.8 |   310M |  87 | 602 | 201 | 807 | 332k|  2 |  61 | 942 |-1.024614e+01 |      --      |    Inf | unknown
 1693s| 37800 | 37801 | 14092k| 372.6 |   310M |  87 | 602 | 201 | 623 | 333k|  2 |  61 | 943 |-1.024614e+01 |      --      |    Inf | unknown
 1698s| 37900 | 37901 | 14127k| 372.5 |   310M |  87 | 602 | 201 | 659 | 333k|  2 |  61 | 943 |-1.024614e+01 |      --      |    Inf | unknown
 1701s| 38000 | 38001 | 14155k| 372.3 |   311M |  87 | 602 | 201 | 765 | 334k|  3 |  61 | 943 |-1.024614e+01 |      --      |    Inf | unknown
 1704s| 38100 | 38101 | 14183k| 372.0 |   312M |  87 | 602 | 201 | 800 | 335k|  3 |  61 | 944 |-1.024614e+01 |      --      |    Inf | unknown
 1708s| 38200 | 38201 | 14223k| 372.1 |   313M |  87 | 602 | 201 | 847 | 336k|  2 |  61 | 944 |-1.024614e+01 |      --      |    Inf | unknown
 1712s| 38300 | 38301 | 14253k| 371.9 |   313M |  87 | 602 | 201 | 620 | 336k|  2 |  61 | 945 |-1.024614e+01 |      --      |    Inf | unknown
 1718s| 38400 | 38401 | 14299k| 372.1 |   314M |  87 | 602 | 201 | 711 | 337k|  4 |  61 | 946 |-1.024614e+01 |      --      |    Inf | unknown
 1722s| 38500 | 38501 | 14333k| 372.0 |   314M |  87 | 602 | 202 | 778 | 338k|  2 |  62 | 947 |-1.024614e+01 |      --      |    Inf | unknown
 1725s| 38600 | 38601 | 14365k| 371.9 |   314M |  87 | 602 | 202 | 816 | 339k|  2 |  62 | 947 |-1.024614e+01 |      --      |    Inf | unknown
 1729s| 38700 | 38701 | 14397k| 371.8 |   315M |  87 | 602 | 203 | 612 | 340k|  2 |  63 | 948 |-1.024614e+01 |      --      |    Inf | unknown
 1733s| 38800 | 38801 | 14440k| 371.9 |   316M |  87 | 602 | 203 | 644 | 340k|  1 |  63 | 948 |-1.024614e+01 |      --      |    Inf | unknown
 time | node  | left  |LP iter|LP it/n|mem/heur|mdpt |vars |cons |rows |cuts |sepa|confs|strbr|  dualbound   | primalbound  |  gap   | compl. 
 1737s| 38900 | 38901 | 14477k| 371.9 |   316M |  87 | 602 | 202 | 700 | 341k|  1 |  63 | 948 |-1.024614e+01 |      --      |    Inf | unknown
 1741s| 39000 | 39001 | 14512k| 371.9 |   317M |  87 | 602 | 202 | 778 | 342k|  2 |  63 | 948 |-1.024614e+01 |      --      |    Inf | unknown
 1747s| 39100 | 39101 | 14555k| 372.0 |   318M |  87 | 602 | 201 | 821 | 343k|  2 |  63 | 948 |-1.024614e+01 |      --      |    Inf | unknown
 1752s| 39200 | 39201 | 14590k| 372.0 |   319M |  87 | 602 | 201 | 657 | 344k|  2 |  63 | 948 |-1.024614e+01 |      --      |    Inf | unknown
 1755s| 39300 | 39301 | 14622k| 371.8 |   321M |  87 | 602 | 202 | 699 | 345k|  4 |  64 | 948 |-1.024614e+01 |      --      |    Inf | unknown
 1758s| 39400 | 39401 | 14651k| 371.6 |   321M |  87 | 602 | 202 | 753 | 346k|  3 |  64 | 948 |-1.024614e+01 |      --      |    Inf | unknown
 1763s| 39500 | 39501 | 14687k| 371.6 |   321M |  89 | 602 | 202 | 817 | 347k|  5 |  64 | 948 |-1.024614e+01 |      --      |    Inf | unknown
 1767s| 39600 | 39601 | 14725k| 371.6 |   321M |  89 | 602 | 202 | 903 | 347k|  5 |  64 | 950 |-1.024614e+01 |      --      |    Inf | unknown
 1772s| 39700 | 39701 | 14765k| 371.7 |   321M |  89 | 602 | 202 | 637 | 348k|  2 |  65 | 951 |-1.024614e+01 |      --      |    Inf | unknown
 1776s| 39800 | 39801 | 14800k| 371.6 |   321M |  89 | 602 | 202 | 673 | 349k|  2 |  65 | 952 |-1.024614e+01 |      --      |    Inf | unknown
 1779s| 39900 | 39901 | 14827k| 371.4 |   323M |  89 | 602 | 202 | 710 | 350k|  2 |  65 | 952 |-1.024614e+01 |      --      |    Inf | unknown
 1783s| 40000 | 40001 | 14857k| 371.2 |   323M |  89 | 602 | 202 | 849 | 351k|  3 |  65 | 954 |-1.024614e+01 |      --      |    Inf | unknown
 1787s| 40100 | 40101 | 14886k| 371.0 |   323M |  89 | 602 | 202 | 808 | 352k|  2 |  65 | 954 |-1.024614e+01 |      --      |    Inf | unknown
 1790s| 40200 | 40201 | 14918k| 370.9 |   324M |  89 | 602 | 201 | 681 | 353k|  2 |  65 | 954 |-1.024614e+01 |      --      |    Inf | unknown
 1795s| 40300 | 40301 | 14963k| 371.0 |   324M |  89 | 602 | 201 | 626 | 353k|  4 |  65 | 954 |-1.024614e+01 |      --      |    Inf | unknown
 time | node  | left  |LP iter|LP it/n|mem/heur|mdpt |vars |cons |rows |cuts |sepa|confs|strbr|  dualbound   | primalbound  |  gap   | compl. 
 1799s| 40400 | 40401 | 14997k| 371.0 |   324M |  89 | 602 | 202 | 703 | 354k|  2 |  66 | 954 |-1.024614e+01 |      --      |    Inf | unknown
 1804s| 40500 | 40501 | 15032k| 370.9 |   325M |  89 | 602 | 202 | 727 | 355k|  2 |  66 | 954 |-1.024614e+01 |      --      |    Inf | unknown
 1808s| 40600 | 40601 | 15064k| 370.8 |   325M |  89 | 602 | 202 | 786 | 356k|  5 |  66 | 954 |-1.024614e+01 |      --      |    Inf | unknown
 1811s| 40700 | 40701 | 15092k| 370.6 |   327M |  89 | 602 | 201 | 873 | 357k|  2 |  66 | 954 |-1.024614e+01 |      --      |    Inf | unknown
 1816s| 40800 | 40801 | 15128k| 370.6 |   329M |  89 | 602 | 202 | 615 | 357k|  2 |  67 | 954 |-1.024614e+01 |      --      |    Inf | unknown
 1820s| 40900 | 40901 | 15164k| 370.5 |   329M |  89 | 602 | 202 | 675 | 358k|  2 |  67 | 954 |-1.024614e+01 |      --      |    Inf | unknown
 1824s| 41000 | 41001 | 15206k| 370.6 |   329M |  89 | 602 | 203 | 728 | 359k|  3 |  68 | 954 |-1.024614e+01 |      --      |    Inf | unknown
 1828s| 41100 | 41101 | 15239k| 370.5 |   330M |  89 | 602 | 203 | 717 | 360k|  4 |  68 | 954 |-1.024614e+01 |      --      |    Inf | unknown
 1831s| 41200 | 41201 | 15264k| 370.2 |   330M |  89 | 602 | 202 | 765 | 361k|  2 |  68 | 957 |-1.024614e+01 |      --      |    Inf | unknown
 1835s| 41300 | 41301 | 15299k| 370.2 |   330M |  89 | 602 | 203 | 806 | 361k|  1 |  69 | 958 |-1.024614e+01 |      --      |    Inf | unknown
 1841s| 41400 | 41401 | 15342k| 370.4 |   331M |  89 | 602 | 202 | 602 | 362k|  1 |  69 | 958 |-1.024614e+01 |      --      |    Inf | unknown
 1845s| 41500 | 41501 | 15374k| 370.2 |   331M |  89 | 602 | 203 | 612 | 363k|  2 |  70 | 959 |-1.024614e+01 |      --      |    Inf | unknown
 1848s| 41600 | 41601 | 15406k| 370.1 |   331M |  89 | 602 | 203 | 717 | 364k|  2 |  70 | 959 |-1.024614e+01 |      --      |    Inf | unknown
 1852s| 41700 | 41701 | 15443k| 370.1 |   331M |  89 | 602 | 202 | 818 | 365k|  2 |  70 | 959 |-1.024614e+01 |      --      |    Inf | unknown
 1857s| 41800 | 41801 | 15478k| 370.1 |   332M |  89 | 602 | 202 | 773 | 365k|  4 |  70 | 960 |-1.024614e+01 |      --      |    Inf | unknown
 time | node  | left  |LP iter|LP it/n|mem/heur|mdpt |vars |cons |rows |cuts |sepa|confs|strbr|  dualbound   | primalbound  |  gap   | compl. 
 1860s| 41900 | 41901 | 15505k| 369.8 |   332M |  89 | 602 | 202 | 841 | 366k|  4 |  71 | 960 |-1.024614e+01 |      --      |    Inf | unknown
 1863s| 42000 | 42001 | 15535k| 369.7 |   332M |  91 | 602 | 202 | 627 | 367k|  2 |  71 | 960 |-1.024614e+01 |      --      |    Inf | unknown
 1870s| 42100 | 42101 | 15577k| 369.8 |   333M |  91 | 602 | 203 | 676 | 368k|  4 |  72 | 961 |-1.024608e+01 |      --      |    Inf | unknown
 1874s| 42200 | 42201 | 15609k| 369.7 |   333M |  91 | 602 | 204 | 664 | 369k|  5 |  73 | 961 |-1.024608e+01 |      --      |    Inf | unknown
 1879s| 42300 | 42301 | 15646k| 369.7 |   333M |  91 | 602 | 204 | 741 | 369k|  3 |  74 | 961 |-1.024608e+01 |      --      |    Inf | unknown
 1883s| 42400 | 42401 | 15677k| 369.5 |   334M |  91 | 602 | 206 | 803 | 370k|  2 |  76 | 963 |-1.024608e+01 |      --      |    Inf | unknown
 1888s| 42500 | 42501 | 15714k| 369.5 |   334M |  91 | 602 | 206 | 741 | 371k|  2 |  76 | 963 |-1.024608e+01 |      --      |    Inf | unknown
 1891s| 42600 | 42601 | 15741k| 369.3 |   334M |  91 | 602 | 206 | 793 | 372k|  2 |  76 | 963 |-1.024600e+01 |      --      |    Inf | unknown
 1895s| 42700 | 42701 | 15773k| 369.2 |   335M |  91 | 602 | 204 | 832 | 372k|  2 |  76 | 963 |-1.024600e+01 |      --      |    Inf | unknown
 1901s| 42800 | 42801 | 15813k| 369.3 |   335M |  91 | 602 | 202 | 652 | 373k|  2 |  77 | 963 |-1.024600e+01 |      --      |    Inf | unknown
 1904s| 42900 | 42901 | 15843k| 369.1 |   335M |  91 | 602 | 202 | 701 | 374k|  2 |  77 | 963 |-1.024600e+01 |      --      |    Inf | unknown
 1908s| 43000 | 43001 | 15877k| 369.0 |   336M |  91 | 602 | 202 | 676 | 375k|  4 |  77 | 963 |-1.024600e+01 |      --      |    Inf | unknown
 1912s| 43100 | 43101 | 15912k| 369.0 |   338M |  91 | 602 | 203 | 800 | 376k|  3 |  78 | 964 |-1.024581e+01 |      --      |    Inf | unknown
 1917s| 43200 | 43201 | 15958k| 369.2 |   338M |  91 | 602 | 202 | 746 | 377k|  4 |  78 | 964 |-1.024581e+01 |      --      |    Inf | unknown
 1920s| 43300 | 43301 | 15988k| 369.0 |   338M |  91 | 602 | 202 | 822 | 378k|  4 |  78 | 964 |-1.024581e+01 |      --      |    Inf | unknown
 time | node  | left  |LP iter|LP it/n|mem/heur|mdpt |vars |cons |rows |cuts |sepa|confs|strbr|  dualbound   | primalbound  |  gap   | compl. 
 1925s| 43400 | 43401 | 16023k| 369.0 |   338M |  91 | 602 | 201 | 836 | 378k|  1 |  78 | 965 |-1.024581e+01 |      --      |    Inf | unknown
 1928s| 43500 | 43501 | 16055k| 368.9 |   339M |  91 | 602 | 201 | 820 | 379k|  1 |  78 | 965 |-1.024581e+01 |      --      |    Inf | unknown
 1934s| 43600 | 43601 | 16094k| 368.9 |   341M |  91 | 602 | 201 | 640 | 380k|  2 |  78 | 966 |-1.024559e+01 |      --      |    Inf | unknown
 1938s| 43700 | 43701 | 16129k| 368.9 |   342M |  91 | 602 | 201 | 651 | 381k|  4 |  78 | 967 |-1.024559e+01 |      --      |    Inf | unknown
 1941s| 43800 | 43801 | 16161k| 368.8 |   342M |  91 | 602 | 201 | 706 | 382k|  2 |  78 | 967 |-1.024559e+01 |      --      |    Inf | unknown
 1946s| 43900 | 43901 | 16199k| 368.8 |   342M |  91 | 602 | 201 | 764 | 383k|  2 |  78 | 967 |-1.024559e+01 |      --      |    Inf | unknown
 1950s| 44000 | 44001 | 16234k| 368.7 |   343M |  91 | 602 | 201 | 759 | 384k|  2 |  78 | 967 |-1.024539e+01 |      --      |    Inf | unknown
 1954s| 44100 | 44101 | 16270k| 368.7 |   343M |  91 | 602 | 202 | 807 | 384k|  2 |  79 | 967 |-1.024539e+01 |      --      |    Inf | unknown
 1959s| 44200 | 44201 | 16308k| 368.7 |   343M |  91 | 602 | 202 | 784 | 385k|  2 |  79 | 967 |-1.024539e+01 |      --      |    Inf | unknown
 1963s| 44300 | 44301 | 16341k| 368.7 |   345M |  91 | 602 | 202 | 751 | 386k|  2 |  79 | 967 |-1.024539e+01 |      --      |    Inf | unknown
 1967s| 44400 | 44401 | 16376k| 368.6 |   345M |  91 | 602 | 201 | 650 | 387k|  3 |  79 | 967 |-1.024539e+01 |      --      |    Inf | unknown
 1972s| 44500 | 44501 | 16416k| 368.7 |   346M |  91 | 602 | 201 | 686 | 388k|  1 |  79 | 968 |-1.024537e+01 |      --      |    Inf | unknown
 1975s| 44600 | 44601 | 16453k| 368.7 |   346M |  91 | 602 | 201 | 714 | 388k|  1 |  79 | 968 |-1.024537e+01 |      --      |    Inf | unknown
 1979s| 44700 | 44701 | 16484k| 368.6 |   346M |  91 | 602 | 202 | 713 | 389k|  3 |  80 | 968 |-1.024537e+01 |      --      |    Inf | unknown
 1982s| 44800 | 44801 | 16514k| 368.4 |   346M |  91 | 602 | 203 | 769 | 390k|  4 |  81 | 970 |-1.024537e+01 |      --      |    Inf | unknown
 time | node  | left  |LP iter|LP it/n|mem/heur|mdpt |vars |cons |rows |cuts |sepa|confs|strbr|  dualbound   | primalbound  |  gap   | compl. 
 1989s| 44900 | 44901 | 16557k| 368.5 |   348M |  91 | 602 | 203 | 843 | 391k|  3 |  81 | 970 |-1.024537e+01 |      --      |    Inf | unknown
 1993s| 45000 | 45001 | 16594k| 368.5 |   348M |  91 | 602 | 201 | 862 | 392k|  2 |  81 | 971 |-1.024531e+01 |      --      |    Inf | unknown
 1996s| 45100 | 45101 | 16624k| 368.4 |   348M |  93 | 602 | 202 | 736 | 392k|  4 |  82 | 973 |-1.024531e+01 |      --      |    Inf | unknown
 2000s| 45200 | 45201 | 16659k| 368.4 |   348M |  93 | 602 | 202 | 579 | 393k|  2 |  82 | 973 |-1.024531e+01 |      --      |    Inf | unknown
 2005s| 45300 | 45301 | 16703k| 368.5 |   349M |  93 | 602 | 202 | 709 | 394k|  4 |  82 | 974 |-1.024531e+01 |      --      |    Inf | unknown
 2009s| 45400 | 45401 | 16739k| 368.5 |   349M |  93 | 602 | 201 | 710 | 395k|  4 |  82 | 974 |-1.024531e+01 |      --      |    Inf | unknown
 2012s| 45500 | 45501 | 16767k| 368.3 |   349M |  93 | 602 | 201 | 675 | 396k|  3 |  82 | 976 |-1.024531e+01 |      --      |    Inf | unknown
 2019s| 45600 | 45601 | 16815k| 368.5 |   351M |  93 | 602 | 201 | 803 | 397k|  3 |  82 | 976 |-1.024531e+01 |      --      |    Inf | unknown
 2022s| 45700 | 45701 | 16846k| 368.4 |   351M |  93 | 602 | 201 | 762 | 397k|  2 |  82 | 977 |-1.024531e+01 |      --      |    Inf | unknown
 2026s| 45800 | 45801 | 16881k| 368.4 |   352M |  93 | 602 | 201 | 755 | 398k|  1 |  82 | 977 |-1.024531e+01 |      --      |    Inf | unknown
 2029s| 45900 | 45901 | 16909k| 368.2 |   352M |  93 | 602 | 201 | 823 | 399k|  2 |  82 | 978 |-1.024531e+01 |      --      |    Inf | unknown
 2034s| 46000 | 46001 | 16954k| 368.4 |   354M |  93 | 602 | 201 | 840 | 400k|  3 |  82 | 979 |-1.024531e+01 |      --      |    Inf | unknown
 2038s| 46100 | 46101 | 16984k| 368.2 |   354M |  93 | 602 | 201 | 804 | 401k|  2 |  82 | 979 |-1.024531e+01 |      --      |    Inf | unknown
 2042s| 46200 | 46201 | 17018k| 368.2 |   355M |  93 | 602 | 201 | 896 | 402k|  3 |  82 | 979 |-1.024531e+01 |      --      |    Inf | unknown
 2046s| 46300 | 46301 | 17052k| 368.1 |   355M |  93 | 602 | 201 | 701 | 402k|  1 |  82 | 979 |-1.024531e+01 |      --      |    Inf | unknown
 time | node  | left  |LP iter|LP it/n|mem/heur|mdpt |vars |cons |rows |cuts |sepa|confs|strbr|  dualbound   | primalbound  |  gap   | compl. 
 2050s| 46400 | 46401 | 17089k| 368.1 |   355M |  93 | 602 | 201 | 629 | 403k|  2 |  82 | 979 |-1.024531e+01 |      --      |    Inf | unknown
 2055s| 46500 | 46501 | 17126k| 368.1 |   356M |  93 | 602 | 202 | 696 | 404k|  5 |  83 | 980 |-1.024531e+01 |      --      |    Inf | unknown
 2059s| 46600 | 46601 | 17158k| 368.0 |   356M |  93 | 602 | 202 | 651 | 405k|  2 |  83 | 981 |-1.024531e+01 |      --      |    Inf | unknown
 2064s| 46700 | 46701 | 17207k| 368.3 |   357M |  93 | 602 | 202 | 713 | 406k|  2 |  83 | 981 |-1.024531e+01 |      --      |    Inf | unknown
 2068s| 46800 | 46801 | 17238k| 368.1 |   359M |  93 | 602 | 201 | 746 | 407k|  2 |  83 | 982 |-1.024531e+01 |      --      |    Inf | unknown
 2071s| 46900 | 46901 | 17265k| 367.9 |   359M |  93 | 602 | 201 | 763 | 407k|  3 |  83 | 982 |-1.024531e+01 |      --      |    Inf | unknown
 2074s| 47000 | 47001 | 17297k| 367.8 |   360M |  93 | 602 | 201 | 785 | 408k|  3 |  83 | 983 |-1.024531e+01 |      --      |    Inf | unknown
 2078s| 47100 | 47101 | 17324k| 367.6 |   360M |  93 | 602 | 201 | 750 | 409k|  2 |  83 | 984 |-1.024531e+01 |      --      |    Inf | unknown
 2083s| 47200 | 47201 | 17362k| 367.6 |   360M |  93 | 602 | 201 | 772 | 410k|  4 |  83 | 984 |-1.024531e+01 |      --      |    Inf | unknown
 2087s| 47300 | 47301 | 17400k| 367.7 |   360M |  93 | 602 | 201 | 897 | 411k|  3 |  83 | 984 |-1.024531e+01 |      --      |    Inf | unknown
 2092s| 47400 | 47401 | 17439k| 367.7 |   361M |  93 | 602 | 201 | 833 | 411k|  1 |  83 | 984 |-1.024531e+01 |      --      |    Inf | unknown
 2095s| 47500 | 47501 | 17474k| 367.7 |   361M |  93 | 602 | 201 | 712 | 412k|  4 |  83 | 984 |-1.024531e+01 |      --      |    Inf | unknown
 2100s| 47600 | 47601 | 17512k| 367.7 |   363M |  93 | 602 | 201 | 646 | 413k|  3 |  83 | 984 |-1.024531e+01 |      --      |    Inf | unknown
 2104s| 47700 | 47701 | 17547k| 367.7 |   363M |  93 | 602 | 201 | 633 | 414k|  5 |  83 | 984 |-1.024531e+01 |      --      |    Inf | unknown
 2107s| 47800 | 47801 | 17574k| 367.5 |   363M |  93 | 602 | 201 | 700 | 415k|  3 |  83 | 984 |-1.024531e+01 |      --      |    Inf | unknown
 time | node  | left  |LP iter|LP it/n|mem/heur|mdpt |vars |cons |rows |cuts |sepa|confs|strbr|  dualbound   | primalbound  |  gap   | compl. 
 2112s| 47900 | 47901 | 17613k| 367.5 |   365M |  93 | 602 | 201 | 677 | 416k|  5 |  83 | 986 |-1.024531e+01 |      --      |    Inf | unknown
 2116s| 48000 | 48001 | 17645k| 367.4 |   366M |  93 | 602 | 201 | 718 | 417k|  2 |  83 | 986 |-1.024531e+01 |      --      |    Inf | unknown
 2121s| 48100 | 48101 | 17689k| 367.6 |   367M |  93 | 602 | 201 | 759 | 418k|  2 |  83 | 987 |-1.024531e+01 |      --      |    Inf | unknown
 2124s| 48200 | 48201 | 17720k| 367.4 |   367M |  93 | 602 | 201 | 763 | 418k|  2 |  83 | 987 |-1.024531e+01 |      --      |    Inf | unknown
 2127s| 48300 | 48301 | 17747k| 367.2 |   367M |  93 | 602 | 201 | 775 | 419k|  2 |  83 | 988 |-1.024531e+01 |      --      |    Inf | unknown
 2130s| 48400 | 48401 | 17774k| 367.0 |   367M |  93 | 602 | 201 | 861 | 420k|  2 |  83 | 988 |-1.024531e+01 |      --      |    Inf | unknown
 2134s| 48500 | 48501 | 17806k| 366.9 |   367M |  93 | 602 | 201 | 892 | 421k|  2 |  83 | 989 |-1.024531e+01 |      --      |    Inf | unknown
 2137s| 48600 | 48601 | 17838k| 366.8 |   368M |  93 | 602 | 201 | 784 | 422k|  2 |  83 | 989 |-1.024531e+01 |      --      |    Inf | unknown
 2143s| 48700 | 48701 | 17879k| 366.9 |   369M |  93 | 602 | 201 | 743 | 422k|  3 |  83 | 989 |-1.024531e+01 |      --      |    Inf | unknown
 2147s| 48800 | 48801 | 17910k| 366.8 |   369M |  93 | 602 | 201 | 672 | 423k|  2 |  83 | 989 |-1.024531e+01 |      --      |    Inf | unknown
 2152s| 48900 | 48901 | 17950k| 366.9 |   369M |  93 | 602 | 201 | 712 | 424k|  3 |  83 | 989 |-1.024531e+01 |      --      |    Inf | unknown
 2156s| 49000 | 49001 | 17984k| 366.8 |   369M |  93 | 602 | 202 | 658 | 425k|  2 |  84 | 989 |-1.024531e+01 |      --      |    Inf | unknown
 2160s| 49100 | 49101 | 18017k| 366.8 |   370M |  93 | 602 | 202 | 750 | 426k|  2 |  84 | 991 |-1.024531e+01 |      --      |    Inf | unknown
 2163s| 49200 | 49201 | 18048k| 366.6 |   371M |  93 | 602 | 202 | 738 | 427k|  3 |  84 | 992 |-1.024531e+01 |      --      |    Inf | unknown
 2166s| 49300 | 49301 | 18078k| 366.5 |   372M |  93 | 602 | 202 | 795 | 427k|  2 |  84 | 992 |-1.024531e+01 |      --      |    Inf | unknown
 time | node  | left  |LP iter|LP it/n|mem/heur|mdpt |vars |cons |rows |cuts |sepa|confs|strbr|  dualbound   | primalbound  |  gap   | compl. 
 2171s| 49400 | 49401 | 18117k| 366.5 |   372M |  93 | 602 | 201 | 785 | 428k|  2 |  84 | 994 |-1.024531e+01 |      --      |    Inf | unknown
 2175s| 49500 | 49501 | 18150k| 366.5 |   372M |  93 | 602 | 201 | 835 | 429k|  4 |  84 | 995 |-1.024531e+01 |      --      |    Inf | unknown
 2179s| 49600 | 49601 | 18192k| 366.6 |   372M |  93 | 602 | 201 | 814 | 430k|  4 |  84 | 995 |-1.024531e+01 |      --      |    Inf | unknown
 2184s| 49700 | 49701 | 18226k| 366.5 |   374M |  93 | 602 | 202 | 827 | 431k|  2 |  85 | 995 |-1.024531e+01 |      --      |    Inf | unknown
 2187s| 49800 | 49801 | 18253k| 366.3 |   375M |  93 | 602 | 202 | 830 | 431k|  2 |  85 | 996 |-1.024531e+01 |      --      |    Inf | unknown
 2191s| 49900 | 49901 | 18286k| 366.3 |   375M |  93 | 602 | 203 | 747 | 432k|  2 |  86 | 996 |-1.024531e+01 |      --      |    Inf | unknown
 2194s| 50000 | 50001 | 18315k| 366.1 |   376M |  93 | 602 | 204 | 654 | 433k|  2 |  87 | 996 |-1.024531e+01 |      --      |    Inf | unknown
 2198s| 50100 | 50101 | 18348k| 366.0 |   376M |  93 | 602 | 203 | 680 | 434k|  2 |  87 | 997 |-1.024531e+01 |      --      |    Inf | unknown
 2200s| 50200 | 50201 | 18372k| 365.8 |   376M |  93 | 602 | 203 | 738 | 435k|  2 |  87 | 998 |-1.024531e+01 |      --      |    Inf | unknown
 2206s| 50300 | 50301 | 18409k| 365.8 |   376M |  93 | 602 | 203 | 699 | 435k|  3 |  87 | 998 |-1.024531e+01 |      --      |    Inf | unknown
 2210s| 50400 | 50401 | 18448k| 365.8 |   376M |  93 | 602 | 201 | 688 | 436k|  2 |  87 | 998 |-1.024531e+01 |      --      |    Inf | unknown
 2213s| 50500 | 50501 | 18475k| 365.6 |   377M |  93 | 602 | 201 | 733 | 437k|  2 |  87 | 998 |-1.024531e+01 |      --      |    Inf | unknown
 2217s| 50600 | 50601 | 18507k| 365.6 |   379M |  93 | 602 | 201 | 781 | 438k|  2 |  87 | 999 |-1.024531e+01 |      --      |    Inf | unknown
 2220s| 50700 | 50701 | 18536k| 365.4 |   380M |  93 | 602 | 201 | 819 | 438k|  3 |  87 | 999 |-1.024531e+01 |      --      |    Inf | unknown
 2223s| 50800 | 50801 | 18564k| 365.3 |   380M |  93 | 602 | 201 | 779 | 439k|  2 |  87 |1000 |-1.024531e+01 |      --      |    Inf | unknown
 time | node  | left  |LP iter|LP it/n|mem/heur|mdpt |vars |cons |rows |cuts |sepa|confs|strbr|  dualbound   | primalbound  |  gap   | compl. 
 2226s| 50900 | 50901 | 18589k| 365.0 |   380M |  93 | 602 | 201 | 769 | 440k|  1 |  87 |1000 |-1.024531e+01 |      --      |    Inf | unknown
 2230s| 51000 | 51001 | 18622k| 364.9 |   380M |  93 | 602 | 201 | 869 | 441k|  2 |  87 |1000 |-1.024531e+01 |      --      |    Inf | unknown
 2234s| 51100 | 51101 | 18658k| 364.9 |   381M |  93 | 602 | 201 | 850 | 441k|  2 |  87 |1002 |-1.024531e+01 |      --      |    Inf | unknown
 2241s| 51200 | 51201 | 18703k| 365.1 |   381M |  93 | 602 | 201 | 556 | 442k|  3 |  87 |1002 |-1.024531e+01 |      --      |    Inf | unknown
 2244s| 51300 | 51301 | 18735k| 365.0 |   382M |  93 | 602 | 201 | 649 | 443k|  2 |  87 |1002 |-1.024531e+01 |      --      |    Inf | unknown
 2248s| 51400 | 51401 | 18765k| 364.9 |   384M |  93 | 602 | 201 | 640 | 444k|  2 |  87 |1004 |-1.024531e+01 |      --      |    Inf | unknown
 2252s| 51500 | 51501 | 18796k| 364.8 |   386M |  93 | 602 | 201 | 739 | 445k|  2 |  87 |1004 |-1.024531e+01 |      --      |    Inf | unknown
 2256s| 51600 | 51601 | 18835k| 364.8 |   386M |  93 | 602 | 201 | 784 | 446k|  5 |  87 |1004 |-1.024531e+01 |      --      |    Inf | unknown
 2260s| 51700 | 51701 | 18869k| 364.8 |   387M |  93 | 602 | 201 | 754 | 446k|  2 |  87 |1004 |-1.024531e+01 |      --      |    Inf | unknown
 2263s| 51800 | 51801 | 18895k| 364.6 |   387M |  93 | 602 | 201 | 766 | 447k|  2 |  87 |1006 |-1.024531e+01 |      --      |    Inf | unknown
 2267s| 51900 | 51901 | 18927k| 364.5 |   388M |  93 | 602 | 201 | 782 | 448k|  4 |  87 |1006 |-1.024531e+01 |      --      |    Inf | unknown
 2271s| 52000 | 52001 | 18966k| 364.5 |   388M |  93 | 602 | 201 | 802 | 449k|  3 |  87 |1007 |-1.024531e+01 |      --      |    Inf | unknown
 2274s| 52100 | 52101 | 18992k| 364.3 |   388M |  95 | 602 | 201 | 802 | 449k|  2 |  87 |1008 |-1.024531e+01 |      --      |    Inf | unknown
 2279s| 52200 | 52201 | 19028k| 364.3 |   388M |  95 | 602 | 201 | 825 | 450k|  5 |  87 |1008 |-1.024531e+01 |      --      |    Inf | unknown
 2282s| 52300 | 52301 | 19056k| 364.2 |   389M |  95 | 602 | 201 | 810 | 451k|  3 |  87 |1008 |-1.024504e+01 |      --      |    Inf | unknown
 time | node  | left  |LP iter|LP it/n|mem/heur|mdpt |vars |cons |rows |cuts |sepa|confs|strbr|  dualbound   | primalbound  |  gap   | compl. 
 2284s| 52400 | 52401 | 19081k| 364.0 |   389M |  95 | 602 | 201 | 837 | 451k|  2 |  87 |1008 |-1.024504e+01 |      --      |    Inf | unknown
 2287s| 52500 | 52501 | 19108k| 363.8 |   390M |  95 | 602 | 201 | 887 | 452k|  2 |  87 |1008 |-1.024504e+01 |      --      |    Inf | unknown
 2291s| 52600 | 52601 | 19141k| 363.7 |   390M |  95 | 602 | 201 | 905 | 453k|  1 |  87 |1008 |-1.024504e+01 |      --      |    Inf | unknown
 2296s| 52700 | 52701 | 19186k| 363.9 |   390M |  95 | 602 | 201 | 848 | 454k|  2 |  87 |1009 |-1.024504e+01 |      --      |    Inf | unknown
 2302s| 52800 | 52801 | 19222k| 363.9 |   390M |  95 | 602 | 202 | 616 | 455k|  2 |  88 |1009 |-1.024493e+01 |      --      |    Inf | unknown
 2306s| 52900 | 52901 | 19256k| 363.8 |   390M |  95 | 602 | 202 | 570 | 455k|  2 |  88 |1009 |-1.024493e+01 |      --      |    Inf | unknown
 2309s| 53000 | 53001 | 19285k| 363.7 |   392M |  95 | 602 | 202 | 613 | 456k|  2 |  88 |1009 |-1.024493e+01 |      --      |    Inf | unknown
 2312s| 53100 | 53101 | 19315k| 363.6 |   392M |  95 | 602 | 202 | 681 | 457k|  3 |  88 |1009 |-1.024493e+01 |      --      |    Inf | unknown
 2316s| 53200 | 53201 | 19347k| 363.5 |   392M |  95 | 602 | 201 | 641 | 458k|  4 |  88 |1010 |-1.024484e+01 |      --      |    Inf | unknown
 2320s| 53300 | 53301 | 19384k| 363.5 |   392M |  95 | 602 | 201 | 702 | 459k|  3 |  88 |1010 |-1.024484e+01 |      --      |    Inf | unknown
 2323s| 53400 | 53401 | 19411k| 363.3 |   392M |  95 | 602 | 201 | 724 | 460k|  3 |  88 |1010 |-1.024484e+01 |      --      |    Inf | unknown
 2327s| 53500 | 53501 | 19448k| 363.3 |   392M |  95 | 602 | 201 | 730 | 460k|  2 |  88 |1010 |-1.024484e+01 |      --      |    Inf | unknown
 2332s| 53600 | 53601 | 19487k| 363.4 |   394M |  95 | 602 | 201 | 749 | 461k|  2 |  88 |1010 |-1.024484e+01 |      --      |    Inf | unknown
 2336s| 53700 | 53701 | 19522k| 363.4 |   394M |  95 | 602 | 201 | 712 | 462k|  2 |  88 |1010 |-1.024478e+01 |      --      |    Inf | unknown
 2340s| 53800 | 53801 | 19552k| 363.3 |   394M |  95 | 602 | 201 | 754 | 463k|  2 |  88 |1010 |-1.024478e+01 |      --      |    Inf | unknown
 time | node  | left  |LP iter|LP it/n|mem/heur|mdpt |vars |cons |rows |cuts |sepa|confs|strbr|  dualbound   | primalbound  |  gap   | compl. 
 2343s| 53900 | 53901 | 19582k| 363.1 |   394M |  95 | 602 | 201 | 800 | 464k|  4 |  88 |1010 |-1.024478e+01 |      --      |    Inf | unknown
 2346s| 54000 | 54001 | 19608k| 362.9 |   395M |  95 | 602 | 201 | 796 | 465k|  1 |  88 |1010 |-1.024478e+01 |      --      |    Inf | unknown
 2350s| 54100 | 54101 | 19640k| 362.9 |   395M |  95 | 602 | 201 | 737 | 465k|  2 |  88 |1011 |-1.024478e+01 |      --      |    Inf | unknown
 2354s| 54200 | 54201 | 19674k| 362.8 |   397M |  95 | 602 | 201 | 783 | 466k|  2 |  88 |1012 |-1.024474e+01 |      --      |    Inf | unknown
 2360s| 54300 | 54301 | 19721k| 363.0 |   398M |  95 | 602 | 201 | 812 | 467k|  2 |  88 |1012 |-1.024474e+01 |      --      |    Inf | unknown
 2363s| 54400 | 54401 | 19750k| 362.9 |   398M |  95 | 602 | 201 | 829 | 468k|  2 |  88 |1014 |-1.024474e+01 |      --      |    Inf | unknown
 2366s| 54500 | 54501 | 19780k| 362.8 |   399M |  95 | 602 | 201 | 785 | 469k|  2 |  88 |1014 |-1.024474e+01 |      --      |    Inf | unknown
 2370s| 54600 | 54601 | 19815k| 362.7 |   401M |  95 | 602 | 201 | 753 | 469k|  2 |  88 |1015 |-1.024474e+01 |      --      |    Inf | unknown
 2374s| 54700 | 54701 | 19847k| 362.7 |   401M |  95 | 602 | 202 | 831 | 470k|  4 |  89 |1015 |-1.024442e+01 |      --      |    Inf | unknown
 2377s| 54800 | 54801 | 19876k| 362.5 |   402M |  95 | 602 | 202 | 840 | 471k|  4 |  89 |1016 |-1.024442e+01 |      --      |    Inf | unknown
 2380s| 54900 | 54901 | 19901k| 362.3 |   402M |  95 | 602 | 202 | 821 | 472k|  1 |  89 |1016 |-1.024442e+01 |      --      |    Inf | unknown
 2384s| 55000 | 55001 | 19939k| 362.4 |   402M |  95 | 602 | 202 | 833 | 473k|  2 |  89 |1018 |-1.024442e+01 |      --      |    Inf | unknown
 2389s| 55100 | 55101 | 19972k| 362.3 |   402M |  95 | 602 | 201 | 876 | 473k|  2 |  89 |1018 |-1.024442e+01 |      --      |    Inf | unknown
 2393s| 55200 | 55201 | 20011k| 362.3 |   403M |  95 | 602 | 201 | 697 | 474k|  2 |  89 |1018 |-1.024436e+01 |      --      |    Inf | unknown
 2397s| 55300 | 55301 | 20048k| 362.4 |   404M |  95 | 602 | 201 | 619 | 475k|  4 |  89 |1019 |-1.024436e+01 |      --      |    Inf | unknown
 time | node  | left  |LP iter|LP it/n|mem/heur|mdpt |vars |cons |rows |cuts |sepa|confs|strbr|  dualbound   | primalbound  |  gap   | compl. 
 2400s| 55400 | 55401 | 20079k| 362.3 |   405M |  95 | 602 | 201 | 624 | 476k|  2 |  89 |1019 |-1.024436e+01 |      --      |    Inf | unknown
 2403s| 55500 | 55501 | 20109k| 362.2 |   405M |  95 | 602 | 201 | 625 | 477k|  3 |  89 |1021 |-1.024436e+01 |      --      |    Inf | unknown
 2408s| 55600 | 55601 | 20144k| 362.1 |   405M |  95 | 602 | 201 | 589 | 478k|  2 |  89 |1022 |-1.024436e+01 |      --      |    Inf | unknown
 2412s| 55700 | 55701 | 20184k| 362.2 |   406M |  95 | 602 | 201 | 617 | 478k|  2 |  89 |1022 |-1.024436e+01 |      --      |    Inf | unknown
 2414s| 55800 | 55801 | 20206k| 362.0 |   407M | 107 | 602 | 201 | 821 | 479k|  2 |  89 |1022 |-1.024436e+01 |      --      |    Inf | unknown
 2417s| 55900 | 55901 | 20234k| 361.8 |   407M | 107 | 602 | 201 | 799 | 480k|  2 |  89 |1022 |-1.024436e+01 |      --      |    Inf | unknown
 2422s| 56000 | 56001 | 20271k| 361.8 |   408M | 107 | 602 | 201 | 799 | 480k|  3 |  89 |1022 |-1.024436e+01 |      --      |    Inf | unknown
 2425s| 56100 | 56101 | 20297k| 361.6 |   408M | 107 | 602 | 201 | 665 | 481k|  2 |  89 |1022 |-1.024436e+01 |      --      |    Inf | unknown
 2430s| 56200 | 56201 | 20336k| 361.7 |   408M | 107 | 602 | 201 | 665 | 482k|  5 |  89 |1023 |-1.024436e+01 |      --      |    Inf | unknown
 2433s| 56300 | 56301 | 20364k| 361.5 |   409M | 107 | 602 | 201 | 911 | 483k|  2 |  89 |1023 |-1.024436e+01 |      --      |    Inf | unknown
 2436s| 56400 | 56401 | 20390k| 361.4 |   409M | 107 | 602 | 201 | 803 | 484k|  4 |  89 |1023 |-1.024436e+01 |      --      |    Inf | unknown
 2439s| 56500 | 56501 | 20415k| 361.2 |   409M | 107 | 602 | 202 | 820 | 484k|  2 |  90 |1024 |-1.024436e+01 |      --      |    Inf | unknown
 2442s| 56600 | 56601 | 20449k| 361.1 |   411M | 107 | 602 | 202 | 735 | 485k|  2 |  90 |1024 |-1.024436e+01 |      --      |    Inf | unknown
 2447s| 56700 | 56701 | 20490k| 361.2 |   412M | 107 | 602 | 202 | 733 | 486k|  4 |  90 |1024 |-1.024436e+01 |      --      |    Inf | unknown
 2452s| 56800 | 56801 | 20521k| 361.1 |   412M | 107 | 602 | 201 | 603 | 487k|  2 |  90 |1025 |-1.024436e+01 |      --      |    Inf | unknown
 time | node  | left  |LP iter|LP it/n|mem/heur|mdpt |vars |cons |rows |cuts |sepa|confs|strbr|  dualbound   | primalbound  |  gap   | compl. 
 2455s| 56900 | 56901 | 20550k| 361.0 |   412M | 107 | 602 | 201 | 879 | 488k|  2 |  90 |1025 |-1.024436e+01 |      --      |    Inf | unknown
 2458s| 57000 | 57001 | 20578k| 360.8 |   413M | 107 | 602 | 201 | 810 | 488k|  2 |  90 |1025 |-1.024436e+01 |      --      |    Inf | unknown
 2461s| 57100 | 57101 | 20604k| 360.7 |   413M | 107 | 602 | 201 | 789 | 489k|  2 |  90 |1026 |-1.024436e+01 |      --      |    Inf | unknown
 2465s| 57200 | 57201 | 20632k| 360.5 |   413M | 107 | 602 | 202 | 703 | 490k|  3 |  91 |1026 |-1.024436e+01 |      --      |    Inf | unknown
 2468s| 57300 | 57301 | 20665k| 360.5 |   414M | 107 | 602 | 202 | 604 | 491k|  2 |  91 |1026 |-1.024436e+01 |      --      |    Inf | unknown
 2472s| 57400 | 57401 | 20698k| 360.4 |   415M | 107 | 602 | 202 | 871 | 491k|  2 |  91 |1026 |-1.024436e+01 |      --      |    Inf | unknown
 2475s| 57500 | 57501 | 20724k| 360.3 |   415M | 107 | 602 | 202 | 867 | 492k|  3 |  91 |1026 |-1.024436e+01 |      --      |    Inf | unknown
 2480s| 57600 | 57601 | 20765k| 360.3 |   415M | 107 | 602 | 202 | 727 | 493k|  5 |  91 |1026 |-1.024436e+01 |      --      |    Inf | unknown
 2483s| 57700 | 57701 | 20788k| 360.1 |   415M | 107 | 602 | 201 | 752 | 493k|  2 |  91 |1027 |-1.024436e+01 |      --      |    Inf | unknown
 2486s| 57800 | 57801 | 20812k| 359.9 |   415M | 107 | 602 | 201 | 627 | 494k|  2 |  91 |1027 |-1.024436e+01 |      --      |    Inf | unknown
 2491s| 57900 | 57901 | 20856k| 360.1 |   416M | 107 | 602 | 201 | 622 | 495k|  2 |  91 |1027 |-1.024436e+01 |      --      |    Inf | unknown
 2494s| 58000 | 58001 | 20885k| 359.9 |   418M | 107 | 602 | 202 | 834 | 496k|  2 |  92 |1028 |-1.024436e+01 |      --      |    Inf | unknown
 2497s| 58100 | 58101 | 20910k| 359.7 |   418M | 107 | 602 | 202 | 814 | 497k|  4 |  92 |1029 |-1.024436e+01 |      --      |    Inf | unknown
 2501s| 58200 | 58201 | 20948k| 359.8 |   418M | 107 | 602 | 202 | 775 | 497k|  5 |  92 |1029 |-1.024436e+01 |      --      |    Inf | unknown
 2504s| 58300 | 58301 | 20973k| 359.6 |   418M | 107 | 602 | 202 | 767 | 498k|  2 |  92 |1029 |-1.024436e+01 |      --      |    Inf | unknown
 time | node  | left  |LP iter|LP it/n|mem/heur|mdpt |vars |cons |rows |cuts |sepa|confs|strbr|  dualbound   | primalbound  |  gap   | compl. 
 2510s| 58400 | 58401 | 21017k| 359.7 |   421M | 107 | 602 | 201 | 661 | 499k|  5 |  92 |1029 |-1.024436e+01 |      --      |    Inf | unknown
 2513s| 58500 | 58501 | 21047k| 359.6 |   421M | 107 | 602 | 201 | 841 | 500k|  1 |  92 |1029 |-1.024436e+01 |      --      |    Inf | unknown
 2517s| 58600 | 58601 | 21077k| 359.5 |   422M | 107 | 602 | 201 | 864 | 501k|  2 |  92 |1030 |-1.024436e+01 |      --      |    Inf | unknown
 2520s| 58700 | 58701 | 21109k| 359.4 |   423M | 107 | 602 | 201 | 722 | 501k|  4 |  92 |1031 |-1.024436e+01 |      --      |    Inf | unknown
 2523s| 58800 | 58801 | 21138k| 359.3 |   424M | 107 | 602 | 201 | 763 | 502k|  3 |  92 |1031 |-1.024436e+01 |      --      |    Inf | unknown
 2528s| 58900 | 58901 | 21179k| 359.4 |   424M | 107 | 602 | 201 | 715 | 503k|  3 |  92 |1032 |-1.024436e+01 |      --      |    Inf | unknown
 2532s| 59000 | 59001 | 21213k| 359.4 |   425M | 107 | 602 | 201 | 692 | 504k|  4 |  92 |1033 |-1.024436e+01 |      --      |    Inf | unknown
 2535s| 59100 | 59101 | 21240k| 359.2 |   425M | 107 | 602 | 201 | 807 | 504k|  2 |  92 |1034 |-1.024436e+01 |      --      |    Inf | unknown
 2539s| 59200 | 59201 | 21267k| 359.1 |   425M | 107 | 602 | 201 | 833 | 505k|  2 |  92 |1034 |-1.024436e+01 |      --      |    Inf | unknown
 2543s| 59300 | 59301 | 21294k| 358.9 |   426M | 107 | 602 | 203 | 789 | 506k|  2 |  94 |1034 |-1.024436e+01 |      --      |    Inf | unknown
 2546s| 59400 | 59401 | 21320k| 358.8 |   426M | 107 | 602 | 203 | 751 | 507k|  4 |  94 |1034 |-1.024436e+01 |      --      |    Inf | unknown
 2551s| 59500 | 59501 | 21353k| 358.7 |   426M | 107 | 602 | 203 | 625 | 507k|  4 |  94 |1034 |-1.024436e+01 |      --      |    Inf | unknown
 2557s| 59600 | 59601 | 21393k| 358.8 |   427M | 107 | 602 | 204 | 914 | 508k|  5 |  95 |1034 |-1.024436e+01 |      --      |    Inf | unknown
 2562s| 59700 | 59701 | 21426k| 358.7 |   427M | 107 | 602 | 202 | 815 | 509k|  4 |  95 |1034 |-1.024436e+01 |      --      |    Inf | unknown
 2566s| 59800 | 59801 | 21463k| 358.8 |   427M | 107 | 602 | 202 | 812 | 510k|  2 |  95 |1036 |-1.024436e+01 |      --      |    Inf | unknown
 time | node  | left  |LP iter|LP it/n|mem/heur|mdpt |vars |cons |rows |cuts |sepa|confs|strbr|  dualbound   | primalbound  |  gap   | compl. 
 2570s| 59900 | 59901 | 21492k| 358.6 |   429M | 107 | 602 | 202 | 734 | 511k|  2 |  95 |1036 |-1.024436e+01 |      --      |    Inf | unknown
 2573s| 60000 | 60001 | 21519k| 358.5 |   429M | 107 | 602 | 203 | 665 | 511k|  2 |  96 |1036 |-1.024436e+01 |      --      |    Inf | unknown
 2578s| 60100 | 60101 | 21554k| 358.5 |   430M | 107 | 602 | 202 | 577 | 512k|  2 |  96 |1037 |-1.024436e+01 |      --      |    Inf | unknown
 2583s| 60200 | 60201 | 21587k| 358.4 |   431M | 107 | 602 | 202 | 887 | 513k|  1 |  96 |1037 |-1.024436e+01 |      --      |    Inf | unknown
 2589s| 60300 | 60301 | 21627k| 358.5 |   431M | 107 | 602 | 201 | 846 | 514k|  3 |  96 |1037 |-1.024436e+01 |      --      |    Inf | unknown
 2593s| 60400 | 60401 | 21658k| 358.4 |   431M | 107 | 602 | 201 | 773 | 515k|  4 |  96 |1037 |-1.024436e+01 |      --      |    Inf | unknown
 2597s| 60500 | 60501 | 21691k| 358.4 |   433M | 107 | 602 | 201 | 681 | 515k|  2 |  96 |1038 |-1.024436e+01 |      --      |    Inf | unknown
 2602s| 60600 | 60601 | 21730k| 358.4 |   433M | 107 | 602 | 201 | 641 | 516k|  3 |  96 |1038 |-1.024436e+01 |      --      |    Inf | unknown
 2604s| 60700 | 60701 | 21756k| 358.3 |   433M | 107 | 602 | 201 | 874 | 517k|  2 |  96 |1038 |-1.024436e+01 |      --      |    Inf | unknown
 2607s| 60800 | 60801 | 21780k| 358.1 |   433M | 107 | 602 | 201 | 853 | 518k|  2 |  96 |1038 |-1.024436e+01 |      --      |    Inf | unknown
 2611s| 60900 | 60901 | 21812k| 358.0 |   433M | 107 | 602 | 202 | 823 | 519k|  3 |  97 |1038 |-1.024436e+01 |      --      |    Inf | unknown
 2616s| 61000 | 61001 | 21848k| 358.0 |   433M | 107 | 602 | 202 | 748 | 520k|  2 |  97 |1038 |-1.024436e+01 |      --      |    Inf | unknown
 2620s| 61100 | 61101 | 21883k| 358.0 |   434M | 107 | 602 | 203 | 684 | 520k|  2 |  98 |1038 |-1.024436e+01 |      --      |    Inf | unknown
 2623s| 61200 | 61201 | 21906k| 357.8 |   434M | 107 | 602 | 203 | 613 | 521k|  2 |  98 |1039 |-1.024436e+01 |      --      |    Inf | unknown
 2626s| 61300 | 61301 | 21943k| 357.8 |   435M | 107 | 602 | 203 | 911 | 522k|  5 |  98 |1039 |-1.024436e+01 |      --      |    Inf | unknown
 time | node  | left  |LP iter|LP it/n|mem/heur|mdpt |vars |cons |rows |cuts |sepa|confs|strbr|  dualbound   | primalbound  |  gap   | compl. 
 2630s| 61400 | 61401 | 21977k| 357.8 |   435M | 107 | 602 | 201 | 847 | 523k|  3 |  98 |1039 |-1.024436e+01 |      --      |    Inf | unknown
 2633s| 61500 | 61501 | 22004k| 357.6 |   435M | 107 | 602 | 201 | 789 | 524k|  5 |  98 |1040 |-1.024436e+01 |      --      |    Inf | unknown
 2636s| 61600 | 61601 | 22031k| 357.5 |   435M | 107 | 602 | 201 | 680 | 524k|  2 |  98 |1040 |-1.024436e+01 |      --      |    Inf | unknown
 2640s| 61700 | 61701 | 22065k| 357.5 |   436M | 107 | 602 | 201 | 662 | 525k|  2 |  98 |1041 |-1.024436e+01 |      --      |    Inf | unknown
 2643s| 61800 | 61801 | 22090k| 357.3 |   436M | 107 | 602 | 202 | 874 | 526k|  2 |  99 |1041 |-1.024436e+01 |      --      |    Inf | unknown
 2649s| 61900 | 61901 | 22132k| 357.4 |   439M | 107 | 602 | 203 | 829 | 527k|  2 | 100 |1041 |-1.024436e+01 |      --      |    Inf | unknown
 2652s| 62000 | 62001 | 22154k| 357.2 |   439M | 107 | 602 | 203 | 786 | 527k|  2 | 100 |1041 |-1.024436e+01 |      --      |    Inf | unknown
 2655s| 62100 | 62101 | 22190k| 357.2 |   439M | 107 | 602 | 203 | 776 | 528k|  3 | 100 |1041 |-1.024436e+01 |      --      |    Inf | unknown
 2659s| 62200 | 62201 | 22218k| 357.0 |   439M | 107 | 602 | 203 | 677 | 529k|  3 | 100 |1041 |-1.024436e+01 |      --      |    Inf | unknown
 2661s| 62300 | 62301 | 22243k| 356.9 |   440M | 107 | 602 | 203 | 633 | 530k|  3 | 100 |1041 |-1.024436e+01 |      --      |    Inf | unknown
 2665s| 62400 | 62401 | 22272k| 356.8 |   441M | 107 | 602 | 201 | 900 | 530k|  2 | 100 |1041 |-1.024436e+01 |      --      |    Inf | unknown
 2669s| 62500 | 62501 | 22309k| 356.8 |   441M | 107 | 602 | 201 | 836 | 531k|  2 | 100 |1041 |-1.024436e+01 |      --      |    Inf | unknown
 2672s| 62600 | 62601 | 22336k| 356.7 |   442M | 107 | 602 | 201 | 757 | 532k|  2 | 100 |1041 |-1.024436e+01 |      --      |    Inf | unknown
 2675s| 62700 | 62701 | 22364k| 356.5 |   443M | 107 | 602 | 201 | 788 | 533k|  4 | 100 |1041 |-1.024436e+01 |      --      |    Inf | unknown
 2681s| 62800 | 62801 | 22401k| 356.6 |   443M | 107 | 602 | 201 | 712 | 534k|  2 | 100 |1041 |-1.024436e+01 |      --      |    Inf | unknown
 time | node  | left  |LP iter|LP it/n|mem/heur|mdpt |vars |cons |rows |cuts |sepa|confs|strbr|  dualbound   | primalbound  |  gap   | compl. 
 2684s| 62900 | 62901 | 22433k| 356.5 |   443M | 107 | 602 | 201 | 886 | 534k|  2 | 100 |1041 |-1.024436e+01 |      --      |    Inf | unknown
 2689s| 63000 | 63001 | 22472k| 356.5 |   445M | 107 | 602 | 201 | 826 | 535k|  2 | 100 |1042 |-1.024436e+01 |      --      |    Inf | unknown
 2692s| 63100 | 63101 | 22501k| 356.5 |   445M | 107 | 602 | 201 | 808 | 536k|  3 | 100 |1042 |-1.024436e+01 |      --      |    Inf | unknown
 2695s| 63200 | 63201 | 22527k| 356.3 |   445M | 107 | 602 | 201 | 795 | 537k|  2 | 100 |1042 |-1.024436e+01 |      --      |    Inf | unknown
 2698s| 63300 | 63301 | 22557k| 356.2 |   445M | 107 | 602 | 202 | 659 | 538k|  1 | 101 |1042 |-1.024436e+01 |      --      |    Inf | unknown
 2704s| 63400 | 63401 | 22592k| 356.2 |   447M | 107 | 602 | 203 | 617 | 538k|  2 | 102 |1042 |-1.024436e+01 |      --      |    Inf | unknown
 2707s| 63500 | 63501 | 22622k| 356.1 |   448M | 107 | 602 | 203 | 834 | 539k|  1 | 102 |1042 |-1.024436e+01 |      --      |    Inf | unknown
 2710s| 63600 | 63601 | 22651k| 356.0 |   449M | 107 | 602 | 203 | 823 | 540k|  2 | 102 |1043 |-1.024436e+01 |      --      |    Inf | unknown
 2713s| 63700 | 63701 | 22686k| 356.0 |   449M | 107 | 602 | 201 | 708 | 541k|  2 | 102 |1043 |-1.024436e+01 |      --      |    Inf | unknown
 2716s| 63800 | 63801 | 22711k| 355.8 |   449M | 107 | 602 | 201 | 689 | 541k|  1 | 102 |1043 |-1.024436e+01 |      --      |    Inf | unknown
 2719s| 63900 | 63901 | 22736k| 355.7 |   449M | 107 | 602 | 201 | 644 | 542k|  2 | 102 |1043 |-1.024436e+01 |      --      |    Inf | unknown
 2721s| 64000 | 64001 | 22759k| 355.5 |   449M | 107 | 602 | 201 | 866 | 543k|  2 | 102 |1044 |-1.024436e+01 |      --      |    Inf | unknown
 2725s| 64100 | 64101 | 22790k| 355.4 |   449M | 107 | 602 | 202 | 834 | 543k|  3 | 103 |1044 |-1.024436e+01 |      --      |    Inf | unknown
 2728s| 64200 | 64201 | 22820k| 355.3 |   450M | 107 | 602 | 203 | 797 | 544k|  1 | 104 |1044 |-1.024436e+01 |      --      |    Inf | unknown
 2734s| 64300 | 64301 | 22852k| 355.2 |   451M | 107 | 602 | 203 | 731 | 545k|  4 | 104 |1044 |-1.024436e+01 |      --      |    Inf | unknown
 time | node  | left  |LP iter|LP it/n|mem/heur|mdpt |vars |cons |rows |cuts |sepa|confs|strbr|  dualbound   | primalbound  |  gap   | compl. 
 2737s| 64400 | 64401 | 22877k| 355.1 |   451M | 107 | 602 | 203 | 648 | 546k|  2 | 104 |1044 |-1.024436e+01 |      --      |    Inf | unknown
 2740s| 64500 | 64501 | 22908k| 355.0 |   451M | 107 | 602 | 202 | 760 | 546k|  4 | 104 |1044 |-1.024436e+01 |      --      |    Inf | unknown
 2744s| 64600 | 64601 | 22945k| 355.0 |   452M | 107 | 602 | 202 | 809 | 547k|  2 | 104 |1045 |-1.024436e+01 |      --      |    Inf | unknown
 2748s| 64700 | 64701 | 22983k| 355.1 |   453M | 107 | 602 | 201 | 776 | 548k|  2 | 104 |1045 |-1.024436e+01 |      --      |    Inf | unknown
 2751s| 64800 | 64801 | 23009k| 354.9 |   454M | 107 | 602 | 202 | 784 | 549k|  3 | 105 |1045 |-1.024436e+01 |      --      |    Inf | unknown
 2754s| 64900 | 64901 | 23032k| 354.7 |   455M | 107 | 602 | 202 | 639 | 549k|  2 | 105 |1046 |-1.024436e+01 |      --      |    Inf | unknown
 2757s| 65000 | 65001 | 23060k| 354.6 |   455M | 107 | 602 | 202 | 639 | 550k|  5 | 105 |1046 |-1.024436e+01 |      --      |    Inf | unknown
 2761s| 65100 | 65101 | 23089k| 354.5 |   455M | 107 | 602 | 202 | 842 | 551k|  1 | 105 |1046 |-1.024436e+01 |      --      |    Inf | unknown
 2765s| 65200 | 65201 | 23124k| 354.5 |   455M | 107 | 602 | 202 | 848 | 552k|  3 | 105 |1046 |-1.024436e+01 |      --      |    Inf | unknown
 2768s| 65300 | 65301 | 23152k| 354.4 |   456M | 107 | 602 | 202 | 799 | 552k|  3 | 105 |1046 |-1.024436e+01 |      --      |    Inf | unknown
 2772s| 65400 | 65401 | 23186k| 354.4 |   456M | 107 | 602 | 201 | 797 | 553k|  2 | 105 |1046 |-1.024436e+01 |      --      |    Inf | unknown
 2775s| 65500 | 65501 | 23213k| 354.3 |   456M | 107 | 602 | 201 | 694 | 554k|  5 | 105 |1046 |-1.024436e+01 |      --      |    Inf | unknown
 2778s| 65600 | 65601 | 23238k| 354.1 |   458M | 107 | 602 | 201 | 763 | 554k|  4 | 105 |1046 |-1.024436e+01 |      --      |    Inf | unknown
 2781s| 65700 | 65701 | 23263k| 353.9 |   458M | 107 | 602 | 201 | 890 | 555k|  2 | 105 |1046 |-1.024436e+01 |      --      |    Inf | unknown
 2785s| 65800 | 65801 | 23302k| 354.0 |   459M | 107 | 602 | 201 | 822 | 556k|  2 | 105 |1046 |-1.024436e+01 |      --      |    Inf | unknown
 time | node  | left  |LP iter|LP it/n|mem/heur|mdpt |vars |cons |rows |cuts |sepa|confs|strbr|  dualbound   | primalbound  |  gap   | compl. 
 2789s| 65900 | 65901 | 23327k| 353.8 |   459M | 107 | 602 | 202 | 816 | 557k|  2 | 106 |1046 |-1.024436e+01 |      --      |    Inf | unknown
 2792s| 66000 | 66001 | 23354k| 353.7 |   460M | 107 | 602 | 202 | 737 | 558k|  4 | 106 |1046 |-1.024436e+01 |      --      |    Inf | unknown
 2794s| 66100 | 66101 | 23379k| 353.6 |   460M | 107 | 602 | 202 | 671 | 558k|  2 | 106 |1047 |-1.024436e+01 |      --      |    Inf | unknown
 2799s| 66200 | 66201 | 23407k| 353.4 |   461M | 107 | 602 | 202 | 854 | 559k|  2 | 106 |1047 |-1.024436e+01 |      --      |    Inf | unknown
 2803s| 66300 | 66301 | 23445k| 353.5 |   461M | 107 | 602 | 202 | 842 | 560k|  2 | 106 |1047 |-1.024436e+01 |      --      |    Inf | unknown
 2808s| 66400 | 66401 | 23481k| 353.5 |   461M | 107 | 602 | 201 | 757 | 560k|  1 | 106 |1047 |-1.024436e+01 |      --      |    Inf | unknown
 2812s| 66500 | 66501 | 23515k| 353.5 |   462M | 107 | 602 | 201 | 713 | 561k|  3 | 106 |1047 |-1.024436e+01 |      --      |    Inf | unknown
 2816s| 66600 | 66601 | 23543k| 353.4 |   462M | 107 | 602 | 201 | 675 | 562k|  2 | 106 |1048 |-1.024436e+01 |      --      |    Inf | unknown
 2819s| 66700 | 66701 | 23568k| 353.2 |   462M | 107 | 602 | 201 | 750 | 563k|  4 | 106 |1048 |-1.024436e+01 |      --      |    Inf | unknown
 2822s| 66800 | 66801 | 23593k| 353.1 |   462M | 107 | 602 | 201 | 851 | 563k|  2 | 106 |1048 |-1.024436e+01 |      --      |    Inf | unknown
 2828s| 66900 | 66901 | 23632k| 353.1 |   463M | 107 | 602 | 201 | 766 | 564k|  2 | 106 |1048 |-1.024436e+01 |      --      |    Inf | unknown
 2832s| 67000 | 67001 | 23668k| 353.1 |   464M | 107 | 602 | 201 | 746 | 565k|  3 | 106 |1048 |-1.024436e+01 |      --      |    Inf | unknown
 2836s| 67100 | 67101 | 23704k| 353.1 |   464M | 107 | 602 | 201 | 707 | 566k|  3 | 106 |1048 |-1.024436e+01 |      --      |    Inf | unknown
 2839s| 67200 | 67201 | 23733k| 353.0 |   464M | 107 | 602 | 201 | 682 | 566k|  4 | 106 |1048 |-1.024436e+01 |      --      |    Inf | unknown
 2842s| 67300 | 67301 | 23756k| 352.9 |   464M | 107 | 602 | 201 | 858 | 567k|  3 | 106 |1048 |-1.024436e+01 |      --      |    Inf | unknown
 time | node  | left  |LP iter|LP it/n|mem/heur|mdpt |vars |cons |rows |cuts |sepa|confs|strbr|  dualbound   | primalbound  |  gap   | compl. 
 2845s| 67400 | 67401 | 23786k| 352.8 |   464M | 107 | 602 | 201 | 837 | 568k|  3 | 106 |1048 |-1.024436e+01 |      --      |    Inf | unknown
 2848s| 67500 | 67501 | 23810k| 352.6 |   464M | 107 | 602 | 201 | 844 | 569k|  3 | 106 |1048 |-1.024436e+01 |      --      |    Inf | unknown
 2851s| 67600 | 67601 | 23839k| 352.5 |   465M | 107 | 602 | 201 | 700 | 569k|  1 | 106 |1048 |-1.024436e+01 |      --      |    Inf | unknown
 2854s| 67700 | 67701 | 23869k| 352.4 |   466M | 107 | 602 | 201 | 708 | 570k|  2 | 106 |1048 |-1.024436e+01 |      --      |    Inf | unknown
 2860s| 67800 | 67801 | 23909k| 352.5 |   466M | 107 | 602 | 201 | 751 | 571k|  3 | 106 |1048 |-1.024436e+01 |      --      |    Inf | unknown
 2862s| 67900 | 67901 | 23933k| 352.3 |   466M | 107 | 602 | 201 | 825 | 571k|  3 | 106 |1048 |-1.024436e+01 |      --      |    Inf | unknown
 2867s| 68000 | 68001 | 23977k| 352.5 |   468M | 107 | 602 | 201 | 764 | 572k|  4 | 106 |1048 |-1.024436e+01 |      --      |    Inf | unknown
 2871s| 68100 | 68101 | 24008k| 352.4 |   469M | 107 | 602 | 201 | 716 | 573k|  2 | 106 |1048 |-1.024436e+01 |      --      |    Inf | unknown
 2874s| 68200 | 68201 | 24037k| 352.3 |   470M | 107 | 602 | 201 | 750 | 574k|  2 | 106 |1048 |-1.024436e+01 |      --      |    Inf | unknown
 2877s| 68300 | 68301 | 24065k| 352.2 |   471M | 107 | 602 | 201 | 646 | 575k|  4 | 106 |1048 |-1.024436e+01 |      --      |    Inf | unknown
 2880s| 68400 | 68401 | 24092k| 352.1 |   471M | 107 | 602 | 201 | 903 | 575k|  2 | 106 |1048 |-1.024436e+01 |      --      |    Inf | unknown
 2884s| 68500 | 68501 | 24120k| 352.0 |   471M | 107 | 602 | 201 | 825 | 576k|  2 | 106 |1048 |-1.024436e+01 |      --      |    Inf | unknown
 2889s| 68600 | 68601 | 24154k| 352.0 |   471M | 107 | 602 | 201 | 743 | 577k|  2 | 106 |1048 |-1.024436e+01 |      --      |    Inf | unknown
 2893s| 68700 | 68701 | 24189k| 352.0 |   473M | 107 | 602 | 201 | 765 | 578k|  5 | 106 |1048 |-1.024436e+01 |      --      |    Inf | unknown
 2896s| 68800 | 68801 | 24223k| 351.9 |   473M | 107 | 602 | 201 | 640 | 578k|  3 | 106 |1048 |-1.024436e+01 |      --      |    Inf | unknown
 time | node  | left  |LP iter|LP it/n|mem/heur|mdpt |vars |cons |rows |cuts |sepa|confs|strbr|  dualbound   | primalbound  |  gap   | compl. 
 2899s| 68900 | 68901 | 24247k| 351.8 |   475M | 107 | 602 | 201 | 753 | 579k|  3 | 106 |1048 |-1.024436e+01 |      --      |    Inf | unknown
 2902s| 69000 | 69001 | 24273k| 351.7 |   475M | 107 | 602 | 201 | 875 | 580k|  5 | 106 |1048 |-1.024436e+01 |      --      |    Inf | unknown
 2905s| 69100 | 69101 | 24303k| 351.6 |   475M | 107 | 602 | 201 | 808 | 580k|  2 | 106 |1048 |-1.024436e+01 |      --      |    Inf | unknown
 2909s| 69200 | 69201 | 24332k| 351.5 |   477M | 107 | 602 | 201 | 806 | 581k|  4 | 106 |1048 |-1.024436e+01 |      --      |    Inf | unknown
 2913s| 69300 | 69301 | 24368k| 351.5 |   478M | 107 | 602 | 201 | 758 | 582k|  2 | 106 |1048 |-1.024436e+01 |      --      |    Inf | unknown
 2916s| 69400 | 69401 | 24391k| 351.3 |   478M | 107 | 602 | 201 | 657 | 583k|  4 | 106 |1048 |-1.024436e+01 |      --      |    Inf | unknown
 2920s| 69500 | 69501 | 24424k| 351.3 |   479M | 107 | 602 | 201 | 884 | 584k|  2 | 106 |1048 |-1.024436e+01 |      --      |    Inf | unknown
 2926s| 69600 | 69601 | 24472k| 351.5 |   479M | 107 | 602 | 201 | 875 | 585k|  3 | 106 |1048 |-1.024436e+01 |      --      |    Inf | unknown
 2929s| 69700 | 69701 | 24499k| 351.4 |   479M | 107 | 602 | 201 | 810 | 585k|  1 | 106 |1048 |-1.024436e+01 |      --      |    Inf | unknown
 2933s| 69800 | 69801 | 24532k| 351.3 |   479M | 107 | 602 | 201 | 685 | 586k|  3 | 106 |1048 |-1.024436e+01 |      --      |    Inf | unknown
 2936s| 69900 | 69901 | 24558k| 351.2 |   479M | 107 | 602 | 201 | 636 | 587k|  2 | 106 |1048 |-1.024436e+01 |      --      |    Inf | unknown
 2939s| 70000 | 70001 | 24588k| 351.1 |   480M | 107 | 602 | 201 | 721 | 588k|  2 | 106 |1048 |-1.024436e+01 |      --      |    Inf | unknown
 2943s| 70100 | 70101 | 24617k| 351.0 |   480M | 107 | 602 | 201 | 883 | 588k|  3 | 106 |1048 |-1.024436e+01 |      --      |    Inf | unknown
 2946s| 70200 | 70201 | 24647k| 351.0 |   481M | 107 | 602 | 201 | 814 | 589k|  2 | 106 |1048 |-1.024436e+01 |      --      |    Inf | unknown
 2952s| 70300 | 70301 | 24682k| 351.0 |   481M | 107 | 602 | 201 | 809 | 590k|  5 | 106 |1048 |-1.024436e+01 |      --      |    Inf | unknown
 time | node  | left  |LP iter|LP it/n|mem/heur|mdpt |vars |cons |rows |cuts |sepa|confs|strbr|  dualbound   | primalbound  |  gap   | compl. 
 2956s| 70400 | 70401 | 24720k| 351.0 |   482M | 107 | 602 | 201 | 713 | 591k|  1 | 106 |1049 |-1.024436e+01 |      --      |    Inf | unknown
 2960s| 70500 | 70501 | 24752k| 351.0 |   482M | 107 | 602 | 202 | 646 | 592k|  1 | 107 |1049 |-1.024436e+01 |      --      |    Inf | unknown
 2962s| 70600 | 70601 | 24776k| 350.8 |   482M | 107 | 602 | 202 | 920 | 592k|  5 | 107 |1049 |-1.024436e+01 |      --      |    Inf | unknown
 2966s| 70700 | 70701 | 24801k| 350.7 |   482M | 107 | 602 | 202 | 846 | 593k|  2 | 107 |1049 |-1.024436e+01 |      --      |    Inf | unknown
 2970s| 70800 | 70801 | 24834k| 350.6 |   483M | 107 | 602 | 202 | 782 | 594k|  2 | 107 |1049 |-1.024436e+01 |      --      |    Inf | unknown
 2974s| 70900 | 70901 | 24867k| 350.6 |   483M | 107 | 602 | 203 | 793 | 595k|  4 | 108 |1049 |-1.024436e+01 |      --      |    Inf | unknown
 2978s| 71000 | 71001 | 24899k| 350.6 |   483M | 107 | 602 | 202 | 617 | 595k|  3 | 108 |1049 |-1.024436e+01 |      --      |    Inf | unknown
 2982s| 71100 | 71101 | 24935k| 350.6 |   484M | 107 | 602 | 202 | 755 | 596k|  1 | 108 |1049 |-1.024436e+01 |      --      |    Inf | unknown
 2987s| 71200 | 71201 | 24971k| 350.6 |   485M | 107 | 602 | 202 | 844 | 597k|  2 | 108 |1049 |-1.024436e+01 |      --      |    Inf | unknown
 2991s| 71300 | 71301 | 25001k| 350.5 |   485M | 107 | 602 | 201 | 819 | 598k|  2 | 108 |1049 |-1.024436e+01 |      --      |    Inf | unknown
 2994s| 71400 | 71401 | 25028k| 350.4 |   486M | 107 | 602 | 201 | 704 | 599k|  4 | 108 |1049 |-1.024436e+01 |      --      |    Inf | unknown
 2997s| 71500 | 71501 | 25059k| 350.3 |   486M | 107 | 602 | 201 | 676 | 599k|  2 | 108 |1049 |-1.024436e+01 |      --      |    Inf | unknown
 3000s| 71600 | 71601 | 25091k| 350.3 |   488M | 107 | 602 | 201 | 654 | 600k|  3 | 108 |1049 |-1.024436e+01 |      --      |    Inf | unknown
 3003s| 71700 | 71701 | 25115k| 350.1 |   488M | 107 | 602 | 201 | 891 | 601k|  2 | 108 |1049 |-1.024436e+01 |      --      |    Inf | unknown
 3007s| 71800 | 71801 | 25152k| 350.2 |   488M | 107 | 602 | 201 | 773 | 602k|  2 | 108 |1049 |-1.024436e+01 |      --      |    Inf | unknown
 time | node  | left  |LP iter|LP it/n|mem/heur|mdpt |vars |cons |rows |cuts |sepa|confs|strbr|  dualbound   | primalbound  |  gap   | compl. 
 3011s| 71900 | 71901 | 25189k| 350.2 |   488M | 107 | 602 | 201 | 799 | 603k|  2 | 108 |1049 |-1.024436e+01 |      --      |    Inf | unknown
 3016s| 72000 | 72001 | 25225k| 350.2 |   491M | 107 | 602 | 201 | 759 | 603k|  4 | 108 |1049 |-1.024436e+01 |      --      |    Inf | unknown
 3019s| 72100 | 72101 | 25254k| 350.1 |   493M | 107 | 602 | 201 | 747 | 604k|  3 | 108 |1049 |-1.024436e+01 |      --      |    Inf | unknown
 3022s| 72200 | 72201 | 25280k| 350.0 |   494M | 107 | 602 | 201 | 917 | 605k|  2 | 108 |1049 |-1.024436e+01 |      --      |    Inf | unknown
 3026s| 72300 | 72301 | 25311k| 350.0 |   494M | 107 | 602 | 201 | 834 | 606k|  2 | 108 |1049 |-1.024436e+01 |      --      |    Inf | unknown
 3030s| 72400 | 72401 | 25346k| 350.0 |   494M | 107 | 602 | 201 | 788 | 607k|  2 | 108 |1049 |-1.024436e+01 |      --      |    Inf | unknown
 3034s| 72500 | 72501 | 25374k| 349.9 |   494M | 107 | 602 | 201 | 750 | 607k|  3 | 108 |1049 |-1.024436e+01 |      --      |    Inf | unknown
 3037s| 72600 | 72601 | 25400k| 349.7 |   495M | 107 | 602 | 201 | 739 | 608k|  3 | 108 |1049 |-1.024436e+01 |      --      |    Inf | unknown
 3041s| 72700 | 72701 | 25440k| 349.8 |   496M | 107 | 602 | 201 | 657 | 609k|  4 | 108 |1049 |-1.024436e+01 |      --      |    Inf | unknown
 3044s| 72800 | 72801 | 25464k| 349.7 |   496M | 107 | 602 | 201 | 862 | 609k|  3 | 108 |1049 |-1.024436e+01 |      --      |    Inf | unknown
 3048s| 72900 | 72901 | 25498k| 349.6 |   497M | 107 | 602 | 201 | 848 | 610k|  2 | 108 |1049 |-1.024436e+01 |      --      |    Inf | unknown
 3051s| 73000 | 73001 | 25525k| 349.5 |   498M | 107 | 602 | 201 | 782 | 611k|  3 | 108 |1050 |-1.024436e+01 |      --      |    Inf | unknown
 3054s| 73100 | 73101 | 25553k| 349.4 |   498M | 107 | 602 | 201 | 725 | 612k|  1 | 108 |1050 |-1.024436e+01 |      --      |    Inf | unknown
 3058s| 73200 | 73201 | 25585k| 349.4 |   499M | 107 | 602 | 201 | 648 | 612k|  3 | 108 |1050 |-1.024436e+01 |      --      |    Inf | unknown
 3062s| 73300 | 73301 | 25618k| 349.4 |   499M | 107 | 602 | 201 | 889 | 613k|  2 | 108 |1050 |-1.024436e+01 |      --      |    Inf | unknown
 time | node  | left  |LP iter|LP it/n|mem/heur|mdpt |vars |cons |rows |cuts |sepa|confs|strbr|  dualbound   | primalbound  |  gap   | compl. 
 3068s| 73400 | 73401 | 25658k| 349.4 |   500M | 107 | 602 | 201 | 848 | 614k|  1 | 108 |1050 |-1.024436e+01 |      --      |    Inf | unknown
 3071s| 73500 | 73501 | 25687k| 349.3 |   500M | 107 | 602 | 201 | 817 | 615k|  2 | 108 |1050 |-1.024436e+01 |      --      |    Inf | unknown
 3074s| 73600 | 73601 | 25722k| 349.4 |   500M | 107 | 602 | 201 | 738 | 615k|  4 | 108 |1050 |-1.024436e+01 |      --      |    Inf | unknown
 3077s| 73700 | 73701 | 25746k| 349.2 |   500M | 107 | 602 | 202 | 726 | 616k|  3 | 109 |1051 |-1.024436e+01 |      --      |    Inf | unknown
 3081s| 73800 | 73801 | 25777k| 349.2 |   501M | 107 | 602 | 202 | 675 | 617k|  5 | 109 |1051 |-1.024436e+01 |      --      |    Inf | unknown
 3084s| 73900 | 73901 | 25805k| 349.1 |   501M | 107 | 602 | 203 | 881 | 618k|  2 | 110 |1051 |-1.024436e+01 |      --      |    Inf | unknown
 3087s| 74000 | 74001 | 25837k| 349.0 |   501M | 107 | 602 | 203 | 834 | 618k|  2 | 110 |1051 |-1.024436e+01 |      --      |    Inf | unknown
 3090s| 74100 | 74101 | 25861k| 348.9 |   502M | 107 | 602 | 203 | 792 | 619k|  3 | 110 |1051 |-1.024436e+01 |      --      |    Inf | unknown
 3096s| 74200 | 74201 | 25896k| 348.9 |   502M | 107 | 602 | 202 | 775 | 620k|  2 | 110 |1051 |-1.024436e+01 |      --      |    Inf | unknown
 3099s| 74300 | 74301 | 25922k| 348.8 |   502M | 107 | 602 | 202 | 675 | 620k|  2 | 110 |1051 |-1.024436e+01 |      --      |    Inf | unknown
 3102s| 74400 | 74401 | 25953k| 348.7 |   502M | 107 | 602 | 201 | 908 | 621k|  2 | 110 |1051 |-1.024436e+01 |      --      |    Inf | unknown
 3106s| 74500 | 74501 | 25991k| 348.7 |   503M | 107 | 602 | 201 | 832 | 622k|  2 | 110 |1051 |-1.024436e+01 |      --      |    Inf | unknown
 3109s| 74600 | 74601 | 26017k| 348.6 |   503M | 107 | 602 | 201 | 833 | 623k|  5 | 110 |1051 |-1.024436e+01 |      --      |    Inf | unknown
 3112s| 74700 | 74701 | 26047k| 348.6 |   504M | 107 | 602 | 201 | 847 | 623k|  3 | 110 |1051 |-1.024436e+01 |      --      |    Inf | unknown
 3115s| 74800 | 74801 | 26072k| 348.4 |   504M | 107 | 602 | 203 | 666 | 624k|  4 | 112 |1052 |-1.024436e+01 |      --      |    Inf | unknown
 time | node  | left  |LP iter|LP it/n|mem/heur|mdpt |vars |cons |rows |cuts |sepa|confs|strbr|  dualbound   | primalbound  |  gap   | compl. 
 3118s| 74900 | 74901 | 26095k| 348.3 |   504M | 107 | 602 | 203 | 652 | 625k|  2 | 112 |1052 |-1.024436e+01 |      --      |    Inf | unknown
 3121s| 75000 | 75001 | 26123k| 348.2 |   504M | 107 | 602 | 203 | 842 | 626k|  2 | 112 |1052 |-1.024436e+01 |      --      |    Inf | unknown
 3127s| 75100 | 75101 | 26165k| 348.3 |   506M | 107 | 602 | 204 | 828 | 626k|  2 | 113 |1052 |-1.024436e+01 |      --      |    Inf | unknown
 3131s| 75200 | 75201 | 26207k| 348.4 |   506M | 107 | 602 | 202 | 776 | 627k|  4 | 113 |1052 |-1.024436e+01 |      --      |    Inf | unknown
 3135s| 75300 | 75301 | 26237k| 348.3 |   506M | 107 | 602 | 201 | 721 | 628k|  2 | 113 |1052 |-1.024436e+01 |      --      |    Inf | unknown
 3138s| 75400 | 75401 | 26263k| 348.2 |   507M | 107 | 602 | 201 | 634 | 629k|  2 | 113 |1052 |-1.024436e+01 |      --      |    Inf | unknown
 3141s| 75500 | 75501 | 26294k| 348.1 |   507M | 107 | 602 | 201 | 902 | 630k|  2 | 113 |1052 |-1.024436e+01 |      --      |    Inf | unknown
 3145s| 75600 | 75601 | 26324k| 348.1 |   508M | 107 | 602 | 201 | 891 | 630k|  2 | 113 |1052 |-1.024436e+01 |      --      |    Inf | unknown
 3149s| 75700 | 75701 | 26356k| 348.0 |   508M | 107 | 602 | 201 | 806 | 631k|  2 | 113 |1052 |-1.024436e+01 |      --      |    Inf | unknown
 3152s| 75800 | 75801 | 26385k| 348.0 |   508M | 107 | 602 | 201 | 762 | 632k|  4 | 113 |1052 |-1.024436e+01 |      --      |    Inf | unknown
 3158s| 75900 | 75901 | 26419k| 348.0 |   508M | 107 | 602 | 201 | 693 | 633k|  2 | 113 |1052 |-1.024436e+01 |      --      |    Inf | unknown
 3163s| 76000 | 76001 | 26462k| 348.1 |   511M | 107 | 602 | 201 | 644 | 633k|  2 | 113 |1052 |-1.024436e+01 |      --      |    Inf | unknown
 3165s| 76100 | 76101 | 26487k| 347.9 |   511M | 107 | 602 | 201 | 862 | 634k|  1 | 113 |1052 |-1.024436e+01 |      --      |    Inf | unknown
 3169s| 76200 | 76201 | 26516k| 347.9 |   511M | 107 | 602 | 201 | 756 | 635k|  3 | 113 |1053 |-1.024436e+01 |      --      |    Inf | unknown
 3173s| 76300 | 76301 | 26549k| 347.8 |   511M | 107 | 602 | 201 | 739 | 636k|  4 | 113 |1053 |-1.024436e+01 |      --      |    Inf | unknown
 time | node  | left  |LP iter|LP it/n|mem/heur|mdpt |vars |cons |rows |cuts |sepa|confs|strbr|  dualbound   | primalbound  |  gap   | compl. 
 3176s| 76400 | 76401 | 26577k| 347.7 |   511M | 107 | 602 | 201 | 723 | 636k|  2 | 113 |1053 |-1.024436e+01 |      --      |    Inf | unknown
 3182s| 76500 | 76501 | 26616k| 347.8 |   511M | 107 | 602 | 201 | 673 | 637k|  3 | 113 |1054 |-1.024436e+01 |      --      |    Inf | unknown
 3185s| 76600 | 76601 | 26640k| 347.7 |   511M | 107 | 602 | 201 | 920 | 638k|  2 | 113 |1055 |-1.024436e+01 |      --      |    Inf | unknown
 3189s| 76700 | 76701 | 26675k| 347.7 |   512M | 107 | 602 | 201 | 823 | 639k|  3 | 113 |1056 |-1.024436e+01 |      --      |    Inf | unknown
 3193s| 76800 | 76801 | 26714k| 347.7 |   512M | 107 | 602 | 201 | 849 | 640k|  2 | 113 |1056 |-1.024436e+01 |      --      |    Inf | unknown
 3196s| 76900 | 76901 | 26742k| 347.6 |   512M | 107 | 602 | 201 | 716 | 640k|  4 | 113 |1056 |-1.024436e+01 |      --      |    Inf | unknown
 3199s| 77000 | 77001 | 26771k| 347.6 |   513M | 107 | 602 | 201 | 708 | 641k|  2 | 113 |1056 |-1.024436e+01 |      --      |    Inf | unknown
 3202s| 77100 | 77101 | 26795k| 347.4 |   513M | 107 | 602 | 201 | 582 | 642k|  1 | 113 |1057 |-1.024436e+01 |      --      |    Inf | unknown
 3205s| 77200 | 77201 | 26822k| 347.3 |   514M | 107 | 602 | 201 | 869 | 642k|  2 | 113 |1057 |-1.024436e+01 |      --      |    Inf | unknown
 3208s| 77300 | 77301 | 26852k| 347.2 |   514M | 107 | 602 | 201 | 795 | 643k|  2 | 113 |1059 |-1.024436e+01 |      --      |    Inf | unknown
 3215s| 77400 | 77401 | 26896k| 347.4 |   517M | 107 | 602 | 201 | 757 | 644k|  1 | 113 |1059 |-1.024436e+01 |      --      |    Inf | unknown
 3219s| 77500 | 77501 | 26929k| 347.3 |   517M | 107 | 602 | 201 | 715 | 645k|  3 | 113 |1059 |-1.024436e+01 |      --      |    Inf | unknown
 3222s| 77600 | 77601 | 26965k| 347.4 |   517M | 107 | 602 | 201 | 672 | 646k|  2 | 113 |1059 |-1.024436e+01 |      --      |    Inf | unknown
 3225s| 77700 | 77701 | 26988k| 347.2 |   517M | 107 | 602 | 201 | 880 | 646k|  2 | 113 |1059 |-1.024436e+01 |      --      |    Inf | unknown
 3228s| 77800 | 77801 | 27015k| 347.1 |   517M | 107 | 602 | 201 | 855 | 647k|  3 | 113 |1059 |-1.024436e+01 |      --      |    Inf | unknown
 time | node  | left  |LP iter|LP it/n|mem/heur|mdpt |vars |cons |rows |cuts |sepa|confs|strbr|  dualbound   | primalbound  |  gap   | compl. 
 3231s| 77900 | 77901 | 27040k| 347.0 |   517M | 107 | 602 | 201 | 805 | 648k|  2 | 113 |1059 |-1.024436e+01 |      --      |    Inf | unknown
 3235s| 78000 | 78001 | 27079k| 347.0 |   518M | 107 | 602 | 201 | 816 | 649k|  3 | 113 |1059 |-1.024436e+01 |      --      |    Inf | unknown
 3239s| 78100 | 78101 | 27106k| 346.9 |   518M | 107 | 602 | 201 | 739 | 649k|  2 | 113 |1059 |-1.024436e+01 |      --      |    Inf | unknown
 3244s| 78200 | 78201 | 27141k| 347.0 |   519M | 107 | 602 | 201 | 646 | 650k|  2 | 113 |1059 |-1.024436e+01 |      --      |    Inf | unknown
 3246s| 78300 | 78301 | 27162k| 346.8 |   519M | 107 | 602 | 201 | 802 | 651k|  3 | 113 |1061 |-1.024436e+01 |      --      |    Inf | unknown
 3250s| 78400 | 78401 | 27198k| 346.8 |   521M | 107 | 602 | 201 | 852 | 652k|  2 | 113 |1061 |-1.024436e+01 |      --      |    Inf | unknown
 3253s| 78500 | 78501 | 27225k| 346.7 |   522M | 107 | 602 | 201 | 768 | 652k|  2 | 113 |1061 |-1.024436e+01 |      --      |    Inf | unknown
 3256s| 78600 | 78601 | 27256k| 346.7 |   522M | 107 | 602 | 201 | 764 | 653k|  3 | 113 |1061 |-1.024436e+01 |      --      |    Inf | unknown
 3259s| 78700 | 78701 | 27277k| 346.5 |   523M | 107 | 602 | 202 | 661 | 654k|  1 | 114 |1061 |-1.024436e+01 |      --      |    Inf | unknown
 3262s| 78800 | 78801 | 27306k| 346.4 |   523M | 107 | 602 | 202 | 882 | 654k|  4 | 114 |1061 |-1.024436e+01 |      --      |    Inf | unknown
 3266s| 78900 | 78901 | 27337k| 346.4 |   523M | 107 | 602 | 202 | 853 | 655k|  3 | 114 |1061 |-1.024436e+01 |      --      |    Inf | unknown
 3268s| 79000 | 79001 | 27362k| 346.2 |   523M | 107 | 602 | 202 | 778 | 656k|  2 | 114 |1061 |-1.024436e+01 |      --      |    Inf | unknown
 3274s| 79100 | 79101 | 27397k| 346.2 |   523M | 107 | 602 | 204 | 798 | 657k|  4 | 116 |1061 |-1.024436e+01 |      --      |    Inf | unknown
 3279s| 79200 | 79201 | 27442k| 346.4 |   523M | 107 | 602 | 203 | 735 | 658k|  2 | 116 |1061 |-1.024436e+01 |      --      |    Inf | unknown
 3283s| 79300 | 79301 | 27481k| 346.4 |   525M | 107 | 602 | 201 | 662 | 658k|  3 | 116 |1061 |-1.024436e+01 |      --      |    Inf | unknown
 time | node  | left  |LP iter|LP it/n|mem/heur|mdpt |vars |cons |rows |cuts |sepa|confs|strbr|  dualbound   | primalbound  |  gap   | compl. 
 3286s| 79400 | 79401 | 27506k| 346.3 |   525M | 107 | 602 | 201 | 927 | 659k|  5 | 116 |1061 |-1.024436e+01 |      --      |    Inf | unknown
 3290s| 79500 | 79501 | 27534k| 346.2 |   525M | 107 | 602 | 201 | 877 | 660k|  3 | 116 |1062 |-1.024436e+01 |      --      |    Inf | unknown
 3293s| 79600 | 79601 | 27564k| 346.2 |   525M | 107 | 602 | 201 | 715 | 661k|  1 | 116 |1062 |-1.024436e+01 |      --      |    Inf | unknown
 3296s| 79700 | 79701 | 27592k| 346.1 |   526M | 107 | 602 | 201 | 716 | 662k|  2 | 116 |1062 |-1.024436e+01 |      --      |    Inf | unknown
 3303s| 79800 | 79801 | 27636k| 346.2 |   526M | 107 | 602 | 201 | 738 | 662k|  4 | 116 |1062 |-1.024436e+01 |      --      |    Inf | unknown
 3307s| 79900 | 79901 | 27664k| 346.1 |   527M | 107 | 602 | 201 | 920 | 663k|  2 | 116 |1062 |-1.024436e+01 |      --      |    Inf | unknown
 3310s| 80000 | 80001 | 27692k| 346.0 |   528M | 107 | 602 | 201 | 902 | 664k|  3 | 116 |1063 |-1.024436e+01 |      --      |    Inf | unknown
 3313s| 80100 | 80101 | 27726k| 346.0 |   528M | 107 | 602 | 201 | 802 | 665k|  2 | 116 |1063 |-1.024436e+01 |      --      |    Inf | unknown
 3318s| 80200 | 80201 | 27763k| 346.1 |   530M | 107 | 602 | 201 | 834 | 666k|  4 | 116 |1064 |-1.024436e+01 |      --      |    Inf | unknown
 3320s| 80300 | 80301 | 27785k| 345.9 |   530M | 107 | 602 | 201 | 727 | 666k|  2 | 116 |1064 |-1.024436e+01 |      --      |    Inf | unknown
 3324s| 80400 | 80401 | 27818k| 345.9 |   530M | 107 | 602 | 202 | 629 | 667k|  2 | 117 |1064 |-1.024436e+01 |      --      |    Inf | unknown
 3327s| 80500 | 80501 | 27845k| 345.8 |   531M | 107 | 602 | 202 | 879 | 668k|  2 | 117 |1064 |-1.024436e+01 |      --      |    Inf | unknown
 3330s| 80600 | 80601 | 27875k| 345.7 |   531M | 107 | 602 | 202 | 827 | 669k|  2 | 117 |1065 |-1.024436e+01 |      --      |    Inf | unknown
 3336s| 80700 | 80701 | 27912k| 345.8 |   533M | 107 | 602 | 202 | 849 | 670k|  4 | 117 |1065 |-1.024436e+01 |      --      |    Inf | unknown
 3340s| 80800 | 80801 | 27944k| 345.7 |   534M | 107 | 602 | 202 | 752 | 670k|  3 | 117 |1065 |-1.024436e+01 |      --      |    Inf | unknown
 time | node  | left  |LP iter|LP it/n|mem/heur|mdpt |vars |cons |rows |cuts |sepa|confs|strbr|  dualbound   | primalbound  |  gap   | compl. 
 3345s| 80900 | 80901 | 27984k| 345.8 |   534M | 107 | 602 | 201 | 682 | 671k|  2 | 117 |1065 |-1.024436e+01 |      --      |    Inf | unknown
 3347s| 81000 | 81001 | 28007k| 345.6 |   534M | 107 | 602 | 201 | 855 | 672k|  1 | 117 |1065 |-1.024436e+01 |      --      |    Inf | unknown
 3350s| 81100 | 81101 | 28032k| 345.5 |   534M | 107 | 602 | 201 | 883 | 672k|  2 | 117 |1065 |-1.024436e+01 |      --      |    Inf | unknown
 3353s| 81200 | 81201 | 28057k| 345.4 |   536M | 107 | 602 | 201 | 789 | 673k|  2 | 117 |1065 |-1.024436e+01 |      --      |    Inf | unknown
 3356s| 81300 | 81301 | 28088k| 345.4 |   536M | 107 | 602 | 201 | 742 | 674k|  3 | 117 |1065 |-1.024436e+01 |      --      |    Inf | unknown
 3360s| 81400 | 81401 | 28119k| 345.3 |   536M | 107 | 602 | 201 | 699 | 675k|  3 | 117 |1065 |-1.024436e+01 |      --      |    Inf | unknown
 3365s| 81500 | 81501 | 28154k| 345.3 |   536M | 107 | 602 | 201 | 619 | 675k|  3 | 117 |1065 |-1.024436e+01 |      --      |    Inf | unknown
 3368s| 81600 | 81601 | 28181k| 345.2 |   537M | 107 | 602 | 201 | 900 | 676k|  5 | 117 |1065 |-1.024436e+01 |      --      |    Inf | unknown
 3372s| 81700 | 81701 | 28218k| 345.3 |   537M | 107 | 602 | 201 | 857 | 677k|  2 | 117 |1065 |-1.024436e+01 |      --      |    Inf | unknown
 3376s| 81800 | 81801 | 28251k| 345.2 |   540M | 107 | 602 | 201 | 805 | 678k|  2 | 117 |1065 |-1.024436e+01 |      --      |    Inf | unknown
 3380s| 81900 | 81901 | 28285k| 345.2 |   540M | 107 | 602 | 201 | 747 | 679k|  4 | 117 |1065 |-1.024436e+01 |      --      |    Inf | unknown
 3384s| 82000 | 82001 | 28313k| 345.2 |   541M | 107 | 602 | 201 | 661 | 679k|  4 | 117 |1065 |-1.024436e+01 |      --      |    Inf | unknown
 3386s| 82100 | 82101 | 28338k| 345.1 |   541M | 107 | 602 | 201 | 909 | 680k|  2 | 117 |1065 |-1.024436e+01 |      --      |    Inf | unknown
 3390s| 82200 | 82201 | 28369k| 345.0 |   541M | 107 | 602 | 201 | 830 | 681k|  2 | 117 |1067 |-1.024436e+01 |      --      |    Inf | unknown
 3393s| 82300 | 82301 | 28396k| 344.9 |   541M | 107 | 602 | 201 | 812 | 682k|  5 | 117 |1067 |-1.024436e+01 |      --      |    Inf | unknown
 time | node  | left  |LP iter|LP it/n|mem/heur|mdpt |vars |cons |rows |cuts |sepa|confs|strbr|  dualbound   | primalbound  |  gap   | compl. 
 3398s| 82400 | 82401 | 28433k| 344.9 |   541M | 107 | 602 | 201 | 766 | 682k|  2 | 117 |1067 |-1.024436e+01 |      --      |    Inf | unknown
 3403s| 82500 | 82501 | 28476k| 345.0 |   543M | 107 | 602 | 201 | 699 | 683k|  2 | 117 |1067 |-1.024436e+01 |      --      |    Inf | unknown
 3406s| 82600 | 82601 | 28503k| 345.0 |   543M | 107 | 602 | 201 | 564 | 684k|  2 | 117 |1067 |-1.024436e+01 |      --      |    Inf | unknown
 3409s| 82700 | 82701 | 28532k| 344.9 |   544M | 107 | 602 | 201 | 899 | 685k|  3 | 117 |1068 |-1.024436e+01 |      --      |    Inf | unknown
 3412s| 82800 | 82801 | 28561k| 344.8 |   544M | 107 | 602 | 201 | 860 | 686k|  5 | 117 |1070 |-1.024436e+01 |      --      |    Inf | unknown
 3415s| 82900 | 82901 | 28587k| 344.7 |   544M | 107 | 602 | 201 | 787 | 686k|  4 | 117 |1070 |-1.024436e+01 |      --      |    Inf | unknown
 3422s| 83000 | 83001 | 28628k| 344.8 |   544M | 107 | 602 | 201 | 672 | 687k|  2 | 117 |1070 |-1.024436e+01 |      --      |    Inf | unknown
 3427s| 83100 | 83101 | 28662k| 344.8 |   545M | 107 | 602 | 201 | 680 | 688k|  2 | 117 |1070 |-1.024436e+01 |      --      |    Inf | unknown
 3429s| 83200 | 83201 | 28685k| 344.7 |   545M | 107 | 602 | 201 | 845 | 689k|  2 | 117 |1070 |-1.024436e+01 |      --      |    Inf | unknown
 3433s| 83300 | 83301 | 28720k| 344.7 |   546M | 107 | 602 | 201 | 862 | 689k|  2 | 117 |1070 |-1.024436e+01 |      --      |    Inf | unknown
 3436s| 83400 | 83401 | 28749k| 344.6 |   546M | 107 | 602 | 201 | 875 | 690k|  2 | 117 |1070 |-1.024436e+01 |      --      |    Inf | unknown
 3440s| 83500 | 83501 | 28777k| 344.5 |   546M | 107 | 602 | 201 | 675 | 691k|  3 | 117 |1072 |-1.024436e+01 |      --      |    Inf | unknown
 3443s| 83600 | 83601 | 28806k| 344.5 |   546M | 107 | 602 | 201 | 709 | 692k|  2 | 117 |1072 |-1.024436e+01 |      --      |    Inf | unknown
 3446s| 83700 | 83701 | 28834k| 344.4 |   546M | 107 | 602 | 201 | 636 | 692k|  2 | 117 |1074 |-1.024436e+01 |      --      |    Inf | unknown
 3451s| 83800 | 83801 | 28865k| 344.3 |   547M | 107 | 602 | 201 | 830 | 693k|  2 | 117 |1074 |-1.024436e+01 |      --      |    Inf | unknown
 time | node  | left  |LP iter|LP it/n|mem/heur|mdpt |vars |cons |rows |cuts |sepa|confs|strbr|  dualbound   | primalbound  |  gap   | compl. 
 3455s| 83900 | 83901 | 28894k| 344.3 |   547M | 107 | 602 | 201 | 777 | 694k|  2 | 117 |1074 |-1.024436e+01 |      --      |    Inf | unknown
 3459s| 84000 | 84001 | 28926k| 344.2 |   548M | 107 | 602 | 201 | 785 | 694k|  2 | 117 |1074 |-1.024436e+01 |      --      |    Inf | unknown
 3462s| 84100 | 84101 | 28962k| 344.3 |   548M | 107 | 602 | 201 | 764 | 695k|  2 | 117 |1074 |-1.024436e+01 |      --      |    Inf | unknown
 3466s| 84200 | 84201 | 28996k| 344.3 |   549M | 107 | 602 | 201 | 694 | 696k|  2 | 117 |1075 |-1.024436e+01 |      --      |    Inf | unknown
 3469s| 84300 | 84301 | 29023k| 344.2 |   549M | 107 | 602 | 201 | 880 | 697k|  4 | 117 |1075 |-1.024436e+01 |      --      |    Inf | unknown
 3471s| 84400 | 84401 | 29044k| 344.0 |   550M | 107 | 602 | 202 | 820 | 697k|  2 | 118 |1076 |-1.024436e+01 |      --      |    Inf | unknown
 3474s| 84500 | 84501 | 29067k| 343.9 |   550M | 107 | 602 | 202 | 792 | 698k|  4 | 118 |1076 |-1.024436e+01 |      --      |    Inf | unknown
 3478s| 84600 | 84601 | 29096k| 343.8 |   550M | 107 | 602 | 202 | 761 | 699k|  1 | 118 |1076 |-1.024436e+01 |      --      |    Inf | unknown
 3483s| 84700 | 84701 | 29132k| 343.8 |   551M | 107 | 602 | 202 | 739 | 700k|  4 | 118 |1077 |-1.024436e+01 |      --      |    Inf | unknown
 3487s| 84800 | 84801 | 29165k| 343.8 |   551M | 107 | 602 | 201 | 633 | 700k|  2 | 118 |1077 |-1.024436e+01 |      --      |    Inf | unknown
 3491s| 84900 | 84901 | 29195k| 343.8 |   552M | 107 | 602 | 201 | 908 | 701k|  2 | 118 |1077 |-1.024436e+01 |      --      |    Inf | unknown
 3495s| 85000 | 85001 | 29233k| 343.8 |   552M | 107 | 602 | 201 | 829 | 702k|  2 | 118 |1077 |-1.024436e+01 |      --      |    Inf | unknown
 3498s| 85100 | 85101 | 29258k| 343.7 |   554M | 107 | 602 | 201 | 839 | 703k|  3 | 118 |1077 |-1.024436e+01 |      --      |    Inf | unknown
 3501s| 85200 | 85201 | 29289k| 343.7 |   555M | 107 | 602 | 201 | 688 | 703k|  1 | 118 |1077 |-1.024436e+01 |      --      |    Inf | unknown
 3506s| 85300 | 85301 | 29329k| 343.7 |   557M | 107 | 602 | 201 | 629 | 704k|  2 | 118 |1077 |-1.024436e+01 |      --      |    Inf | unknown
 time | node  | left  |LP iter|LP it/n|mem/heur|mdpt |vars |cons |rows |cuts |sepa|confs|strbr|  dualbound   | primalbound  |  gap   | compl. 
 3510s| 85400 | 85401 | 29359k| 343.7 |   557M | 107 | 602 | 201 | 870 | 705k|  2 | 118 |1077 |-1.024436e+01 |      --      |    Inf | unknown
 3512s| 85500 | 85501 | 29383k| 343.5 |   557M | 107 | 602 | 201 | 869 | 706k|  3 | 118 |1077 |-1.024436e+01 |      --      |    Inf | unknown
 3518s| 85600 | 85601 | 29416k| 343.5 |   557M | 107 | 602 | 201 | 776 | 706k|  2 | 118 |1077 |-1.024436e+01 |      --      |    Inf | unknown
 3521s| 85700 | 85701 | 29441k| 343.4 |   559M | 107 | 602 | 201 | 759 | 707k|  2 | 118 |1077 |-1.024436e+01 |      --      |    Inf | unknown
 3525s| 85800 | 85801 | 29474k| 343.4 |   559M | 107 | 602 | 201 | 683 | 708k|  2 | 118 |1077 |-1.024436e+01 |      --      |    Inf | unknown
 3528s| 85900 | 85901 | 29504k| 343.4 |   559M | 107 | 602 | 201 | 667 | 708k|  3 | 118 |1078 |-1.024436e+01 |      --      |    Inf | unknown
 3532s| 86000 | 86001 | 29537k| 343.3 |   559M | 107 | 602 | 201 | 847 | 709k|  4 | 118 |1078 |-1.024436e+01 |      --      |    Inf | unknown
 3535s| 86100 | 86101 | 29562k| 343.2 |   559M | 107 | 602 | 201 | 822 | 710k|  2 | 118 |1079 |-1.024436e+01 |      --      |    Inf | unknown
 3538s| 86200 | 86201 | 29589k| 343.1 |   559M | 107 | 602 | 201 | 740 | 711k|  3 | 118 |1080 |-1.024436e+01 |      --      |    Inf | unknown
 3541s| 86300 | 86301 | 29616k| 343.1 |   559M | 107 | 602 | 202 | 762 | 711k|  3 | 119 |1080 |-1.024436e+01 |      --      |    Inf | unknown
 3547s| 86400 | 86401 | 29647k| 343.0 |   561M | 107 | 602 | 202 | 608 | 712k|  2 | 119 |1080 |-1.024436e+01 |      --      |    Inf | unknown
 3550s| 86500 | 86501 | 29675k| 343.0 |   561M | 107 | 602 | 202 | 900 | 713k|  2 | 119 |1080 |-1.024436e+01 |      --      |    Inf | unknown
 3554s| 86600 | 86601 | 29713k| 343.0 |   562M | 107 | 602 | 202 | 827 | 713k|  4 | 119 |1080 |-1.024436e+01 |      --      |    Inf | unknown
 3558s| 86700 | 86701 | 29747k| 343.0 |   562M | 107 | 602 | 201 | 807 | 714k|  4 | 119 |1080 |-1.024436e+01 |      --      |    Inf | unknown
 3561s| 86800 | 86801 | 29776k| 342.9 |   562M | 107 | 602 | 201 | 724 | 715k|  2 | 119 |1080 |-1.024436e+01 |      --      |    Inf | unknown
 time | node  | left  |LP iter|LP it/n|mem/heur|mdpt |vars |cons |rows |cuts |sepa|confs|strbr|  dualbound   | primalbound  |  gap   | compl. 
 3564s| 86900 | 86901 | 29803k| 342.8 |   562M | 107 | 602 | 201 | 702 | 716k|  5 | 119 |1080 |-1.024436e+01 |      --      |    Inf | unknown
 3567s| 87000 | 87001 | 29826k| 342.7 |   563M | 107 | 602 | 201 | 678 | 717k|  3 | 119 |1080 |-1.024436e+01 |      --      |    Inf | unknown
 3570s| 87100 | 87101 | 29849k| 342.6 |   564M | 107 | 602 | 201 | 903 | 717k|  3 | 119 |1080 |-1.024436e+01 |      --      |    Inf | unknown
 3573s| 87200 | 87201 | 29881k| 342.6 |   564M | 107 | 602 | 201 | 765 | 718k|  1 | 119 |1080 |-1.024436e+01 |      --      |    Inf | unknown
 3579s| 87300 | 87301 | 29918k| 342.6 |   565M | 107 | 602 | 201 | 790 | 719k|  2 | 119 |1080 |-1.024436e+01 |      --      |    Inf | unknown
 3582s| 87400 | 87401 | 29943k| 342.5 |   565M | 107 | 602 | 201 | 761 | 719k|  2 | 119 |1080 |-1.024436e+01 |      --      |    Inf | unknown
 3586s| 87500 | 87501 | 29979k| 342.5 |   565M | 107 | 602 | 201 | 641 | 720k|  2 | 119 |1080 |-1.024436e+01 |      --      |    Inf | unknown
 3589s| 87600 | 87601 | 30003k| 342.4 |   565M | 107 | 602 | 202 | 851 | 721k|  2 | 120 |1080 |-1.024436e+01 |      --      |    Inf | unknown
 3593s| 87700 | 87701 | 30036k| 342.4 |   565M | 107 | 602 | 202 | 838 | 722k|  2 | 120 |1081 |-1.024436e+01 |      --      |    Inf | unknown
 3596s| 87800 | 87801 | 30059k| 342.3 |   566M | 107 | 602 | 202 | 808 | 722k|  2 | 120 |1081 |-1.024436e+01 |      --      |    Inf | unknown
 3599s| 87900 | 87901 | 30086k| 342.2 |   567M | 107 | 602 | 202 | 674 | 723k|  2 | 120 |1081 |-1.024436e+01 |      --      |    Inf | unknown
 3603s| 88000 | 88001 | 30117k| 342.1 |   567M | 107 | 602 | 202 | 691 | 724k|  4 | 120 |1082 |-1.024436e+01 |      --      |    Inf | unknown
 3608s| 88100 | 88101 | 30148k| 342.1 |   567M | 107 | 602 | 202 | 622 | 724k|  1 | 121 |1082 |-1.024436e+01 |      --      |    Inf | unknown
 3611s| 88200 | 88201 | 30176k| 342.0 |   568M | 107 | 602 | 202 | 836 | 725k|  3 | 121 |1083 |-1.024436e+01 |      --      |    Inf | unknown
 3614s| 88300 | 88301 | 30207k| 342.0 |   568M | 107 | 602 | 202 | 804 | 726k|  5 | 121 |1083 |-1.024436e+01 |      --      |    Inf | unknown
 time | node  | left  |LP iter|LP it/n|mem/heur|mdpt |vars |cons |rows |cuts |sepa|confs|strbr|  dualbound   | primalbound  |  gap   | compl. 
 3617s| 88400 | 88401 | 30237k| 341.9 |   568M | 107 | 602 | 202 | 721 | 726k|  2 | 121 |1083 |-1.024436e+01 |      --      |    Inf | unknown
 3620s| 88500 | 88501 | 30261k| 341.8 |   571M | 107 | 602 | 203 | 730 | 727k|  5 | 122 |1084 |-1.024436e+01 |      --      |    Inf | unknown
 3623s| 88600 | 88601 | 30287k| 341.7 |   571M | 107 | 602 | 203 | 725 | 728k|  3 | 122 |1084 |-1.024436e+01 |      --      |    Inf | unknown
 3626s| 88700 | 88701 | 30314k| 341.7 |   571M | 107 | 602 | 202 | 917 | 728k|  3 | 122 |1084 |-1.024436e+01 |      --      |    Inf | unknown
 3630s| 88800 | 88801 | 30345k| 341.6 |   571M | 107 | 602 | 202 | 828 | 729k|  2 | 122 |1085 |-1.024436e+01 |      --      |    Inf | unknown
 3634s| 88900 | 88901 | 30380k| 341.6 |   575M | 107 | 602 | 201 | 788 | 730k|  2 | 122 |1086 |-1.024436e+01 |      --      |    Inf | unknown
 3637s| 89000 | 89001 | 30407k| 341.5 |   575M | 107 | 602 | 201 | 820 | 731k|  2 | 122 |1086 |-1.024436e+01 |      --      |    Inf | unknown
 3640s| 89100 | 89101 | 30430k| 341.4 |   575M | 107 | 602 | 202 | 626 | 731k|  2 | 123 |1087 |-1.024436e+01 |      --      |    Inf | unknown
 3647s| 89200 | 89201 | 30474k| 341.5 |   576M | 107 | 602 | 202 | 614 | 732k|  2 | 123 |1087 |-1.024436e+01 |      --      |    Inf | unknown
 3650s| 89300 | 89301 | 30498k| 341.4 |   576M | 107 | 602 | 203 | 834 | 733k|  2 | 124 |1088 |-1.024436e+01 |      --      |    Inf | unknown
 3653s| 89400 | 89401 | 30523k| 341.3 |   577M | 107 | 602 | 203 | 790 | 734k|  2 | 124 |1088 |-1.024436e+01 |      --      |    Inf | unknown
 3656s| 89500 | 89501 | 30555k| 341.3 |   577M | 107 | 602 | 202 | 698 | 734k|  2 | 124 |1088 |-1.024436e+01 |      --      |    Inf | unknown
 3660s| 89600 | 89601 | 30584k| 341.2 |   577M | 107 | 602 | 202 | 721 | 735k|  2 | 124 |1089 |-1.024436e+01 |      --      |    Inf | unknown
 3663s| 89700 | 89701 | 30610k| 341.1 |   577M | 107 | 602 | 202 | 760 | 736k|  2 | 124 |1089 |-1.024436e+01 |      --      |    Inf | unknown
 3665s| 89800 | 89801 | 30629k| 341.0 |   578M | 107 | 602 | 201 | 907 | 736k|  2 | 124 |1089 |-1.024436e+01 |      --      |    Inf | unknown
 time | node  | left  |LP iter|LP it/n|mem/heur|mdpt |vars |cons |rows |cuts |sepa|confs|strbr|  dualbound   | primalbound  |  gap   | compl. 
 3668s| 89900 | 89901 | 30656k| 340.9 |   580M | 107 | 602 | 201 | 852 | 737k|  2 | 124 |1089 |-1.024436e+01 |      --      |    Inf | unknown
 3671s| 90000 | 90001 | 30687k| 340.9 |   580M | 107 | 602 | 201 | 827 | 738k|  2 | 124 |1090 |-1.024436e+01 |      --      |    Inf | unknown
 3679s| 90100 | 90101 | 30729k| 341.0 |   580M | 107 | 602 | 201 | 742 | 739k|  2 | 124 |1091 |-1.024436e+01 |      --      |    Inf | unknown
 3682s| 90200 | 90201 | 30761k| 340.9 |   581M | 107 | 602 | 201 | 707 | 739k|  5 | 124 |1091 |-1.024436e+01 |      --      |    Inf | unknown
 3685s| 90300 | 90301 | 30785k| 340.8 |   581M | 107 | 602 | 201 | 598 | 740k|  1 | 124 |1091 |-1.024436e+01 |      --      |    Inf | unknown
 3688s| 90400 | 90401 | 30810k| 340.7 |   581M | 107 | 602 | 201 | 936 | 741k|  2 | 124 |1091 |-1.024436e+01 |      --      |    Inf | unknown
 3692s| 90500 | 90501 | 30839k| 340.7 |   582M | 107 | 602 | 201 | 833 | 742k|  2 | 124 |1091 |-1.024436e+01 |      --      |    Inf | unknown
 3695s| 90600 | 90601 | 30868k| 340.6 |   583M | 107 | 602 | 202 | 845 | 742k|  3 | 125 |1091 |-1.024436e+01 |      --      |    Inf | unknown
 3698s| 90700 | 90701 | 30901k| 340.6 |   583M | 107 | 602 | 202 | 721 | 743k|  4 | 125 |1091 |-1.024436e+01 |      --      |    Inf | unknown
 3701s| 90800 | 90801 | 30926k| 340.5 |   583M | 107 | 602 | 202 | 634 | 744k|  2 | 125 |1091 |-1.024436e+01 |      --      |    Inf | unknown
 3707s| 90900 | 90901 | 30957k| 340.5 |   583M | 107 | 602 | 202 | 829 | 745k|  5 | 125 |1091 |-1.024436e+01 |      --      |    Inf | unknown
 3712s| 91000 | 91001 | 30999k| 340.5 |   585M | 107 | 602 | 201 | 817 | 745k|  3 | 125 |1091 |-1.024436e+01 |      --      |    Inf | unknown
 3715s| 91100 | 91101 | 31026k| 340.5 |   585M | 107 | 602 | 201 | 785 | 746k|  2 | 125 |1091 |-1.024436e+01 |      --      |    Inf | unknown
 3718s| 91200 | 91201 | 31054k| 340.4 |   586M | 107 | 602 | 201 | 764 | 747k|  4 | 125 |1091 |-1.024436e+01 |      --      |    Inf | unknown
 3722s| 91300 | 91301 | 31085k| 340.4 |   586M | 107 | 602 | 201 | 660 | 748k|  1 | 125 |1092 |-1.024436e+01 |      --      |    Inf | unknown
 time | node  | left  |LP iter|LP it/n|mem/heur|mdpt |vars |cons |rows |cuts |sepa|confs|strbr|  dualbound   | primalbound  |  gap   | compl. 
 3726s| 91400 | 91401 | 31112k| 340.3 |   586M | 107 | 602 | 201 | 632 | 748k|  1 | 125 |1092 |-1.024436e+01 |      --      |    Inf | unknown
 3729s| 91500 | 91501 | 31141k| 340.2 |   586M | 107 | 602 | 202 | 873 | 749k|  3 | 126 |1092 |-1.024436e+01 |      --      |    Inf | unknown
 3732s| 91600 | 91601 | 31168k| 340.2 |   586M | 107 | 602 | 202 | 857 | 750k|  5 | 126 |1092 |-1.024436e+01 |      --      |    Inf | unknown
 3738s| 91700 | 91701 | 31205k| 340.2 |   587M | 107 | 602 | 202 | 777 | 751k|  2 | 126 |1092 |-1.024436e+01 |      --      |    Inf | unknown
 3742s| 91800 | 91801 | 31241k| 340.2 |   588M | 107 | 602 | 202 | 739 | 751k|  3 | 126 |1092 |-1.024436e+01 |      --      |    Inf | unknown
 3745s| 91900 | 91901 | 31269k| 340.2 |   589M | 107 | 602 | 201 | 762 | 752k|  3 | 126 |1092 |-1.024436e+01 |      --      |    Inf | unknown
 3747s| 92000 | 92001 | 31291k| 340.0 |   590M | 107 | 602 | 201 | 948 | 753k|  2 | 126 |1092 |-1.024436e+01 |      --      |    Inf | unknown
 3750s| 92100 | 92101 | 31316k| 339.9 |   590M | 107 | 602 | 201 | 856 | 754k|  5 | 126 |1092 |-1.024436e+01 |      --      |    Inf | unknown
 3754s| 92200 | 92201 | 31345k| 339.9 |   591M | 107 | 602 | 202 | 826 | 754k|  4 | 128 |1092 |-1.024436e+01 |      --      |    Inf | unknown
 3757s| 92300 | 92301 | 31377k| 339.8 |   592M | 107 | 602 | 202 | 736 | 755k|  2 | 128 |1092 |-1.024436e+01 |      --      |    Inf | unknown
 3760s| 92400 | 92401 | 31402k| 339.7 |   592M | 107 | 602 | 203 | 706 | 756k|  1 | 129 |1093 |-1.024436e+01 |      --      |    Inf | unknown
 3764s| 92500 | 92501 | 31431k| 339.7 |   593M | 107 | 602 | 203 | 655 | 757k|  2 | 129 |1093 |-1.024436e+01 |      --      |    Inf | unknown
 3767s| 92600 | 92601 | 31456k| 339.6 |   593M | 107 | 602 | 203 | 838 | 757k|  4 | 129 |1093 |-1.024436e+01 |      --      |    Inf | unknown
 3774s| 92700 | 92701 | 31500k| 339.7 |   593M | 107 | 602 | 201 | 852 | 758k|  5 | 129 |1093 |-1.024436e+01 |      --      |    Inf | unknown
 3776s| 92800 | 92801 | 31527k| 339.6 |   594M | 107 | 602 | 202 | 800 | 759k|  2 | 130 |1093 |-1.024436e+01 |      --      |    Inf | unknown
 time | node  | left  |LP iter|LP it/n|mem/heur|mdpt |vars |cons |rows |cuts |sepa|confs|strbr|  dualbound   | primalbound  |  gap   | compl. 
 3780s| 92900 | 92901 | 31560k| 339.6 |   594M | 107 | 602 | 202 | 747 | 759k|  2 | 130 |1093 |-1.024436e+01 |      --      |    Inf | unknown
 3785s| 93000 | 93001 | 31598k| 339.7 |   594M | 107 | 602 | 201 | 677 | 760k|  2 | 130 |1093 |-1.024436e+01 |      --      |    Inf | unknown
 3787s| 93100 | 93101 | 31618k| 339.5 |   594M | 107 | 602 | 201 | 862 | 761k|  2 | 130 |1093 |-1.024436e+01 |      --      |    Inf | unknown
 3790s| 93200 | 93201 | 31645k| 339.4 |   595M | 107 | 602 | 201 | 825 | 762k|  4 | 130 |1093 |-1.024436e+01 |      --      |    Inf | unknown
 3793s| 93300 | 93301 | 31670k| 339.3 |   595M | 109 | 602 | 201 | 812 | 762k|  2 | 130 |1093 |-1.024436e+01 |      --      |    Inf | unknown
 3796s| 93400 | 93401 | 31702k| 339.3 |   595M | 109 | 602 | 201 | 782 | 763k|  3 | 130 |1094 |-1.024436e+01 |      --      |    Inf | unknown
 3803s| 93500 | 93501 | 31746k| 339.4 |   596M | 109 | 602 | 201 | 689 | 764k|  4 | 130 |1095 |-1.024436e+01 |      --      |    Inf | unknown
 3806s| 93600 | 93601 | 31767k| 339.3 |   596M | 109 | 602 | 201 | 856 | 764k|  1 | 130 |1095 |-1.024436e+01 |      --      |    Inf | unknown
 3810s| 93700 | 93701 | 31800k| 339.3 |   597M | 109 | 602 | 201 | 849 | 765k|  2 | 130 |1095 |-1.024436e+01 |      --      |    Inf | unknown
 3813s| 93800 | 93801 | 31829k| 339.2 |   598M | 109 | 602 | 201 | 802 | 766k|  2 | 130 |1095 |-1.024436e+01 |      --      |    Inf | unknown
 3816s| 93900 | 93901 | 31855k| 339.1 |   598M | 109 | 602 | 201 | 762 | 767k|  3 | 130 |1095 |-1.024436e+01 |      --      |    Inf | unknown
 3818s| 94000 | 94001 | 31877k| 339.0 |   600M | 109 | 602 | 201 | 624 | 767k|  4 | 130 |1095 |-1.024436e+01 |      --      |    Inf | unknown
 3821s| 94100 | 94101 | 31900k| 338.9 |   600M | 109 | 602 | 201 | 846 | 768k|  2 | 130 |1095 |-1.024436e+01 |      --      |    Inf | unknown
 3824s| 94200 | 94201 | 31925k| 338.8 |   600M | 109 | 602 | 201 | 728 | 769k|  4 | 130 |1095 |-1.024436e+01 |      --      |    Inf | unknown
 3830s| 94300 | 94301 | 31954k| 338.8 |   600M | 109 | 602 | 201 | 810 | 769k|  5 | 130 |1095 |-1.024436e+01 |      --      |    Inf | unknown
 time | node  | left  |LP iter|LP it/n|mem/heur|mdpt |vars |cons |rows |cuts |sepa|confs|strbr|  dualbound   | primalbound  |  gap   | compl. 
 3835s| 94400 | 94401 | 31996k| 338.8 |   601M | 109 | 602 | 201 | 695 | 770k|  4 | 130 |1095 |-1.024436e+01 |      --      |    Inf | unknown
 3838s| 94500 | 94501 | 32018k| 338.7 |   601M | 109 | 602 | 201 | 697 | 770k|  1 | 130 |1095 |-1.024436e+01 |      --      |    Inf | unknown
 3841s| 94600 | 94601 | 32049k| 338.7 |   603M | 109 | 602 | 201 | 877 | 771k|  2 | 130 |1095 |-1.024436e+01 |      --      |    Inf | unknown
 3845s| 94700 | 94701 | 32077k| 338.6 |   603M | 109 | 602 | 202 | 788 | 772k|  2 | 131 |1095 |-1.024436e+01 |      --      |    Inf | unknown
 3848s| 94800 | 94801 | 32102k| 338.5 |   603M | 109 | 602 | 202 | 739 | 773k|  4 | 131 |1096 |-1.024436e+01 |      --      |    Inf | unknown
 3852s| 94900 | 94901 | 32131k| 338.5 |   603M | 109 | 602 | 203 | 653 | 773k|  2 | 132 |1096 |-1.024436e+01 |      --      |    Inf | unknown
 3856s| 95000 | 95001 | 32164k| 338.5 |   603M | 109 | 602 | 203 | 907 | 774k|  2 | 132 |1096 |-1.024436e+01 |      --      |    Inf | unknown
 3860s| 95100 | 95101 | 32196k| 338.4 |   604M | 109 | 602 | 204 | 860 | 775k|  2 | 133 |1096 |-1.024436e+01 |      --      |    Inf | unknown
 3868s| 95200 | 95201 | 32239k| 338.5 |   606M | 109 | 602 | 205 | 781 | 776k|  2 | 135 |1096 |-1.024436e+01 |      --      |    Inf | unknown
 3872s| 95300 | 95301 | 32271k| 338.5 |   606M | 109 | 602 | 206 | 721 | 776k|  1 | 136 |1096 |-1.024436e+01 |      --      |    Inf | unknown
 3877s| 95400 | 95401 | 32306k| 338.5 |   606M | 109 | 602 | 205 | 641 | 777k|  3 | 136 |1096 |-1.024436e+01 |      --      |    Inf | unknown
 3880s| 95500 | 95501 | 32331k| 338.4 |   606M | 109 | 602 | 206 | 922 | 778k|  5 | 138 |1096 |-1.024436e+01 |      --      |    Inf | unknown
 3884s| 95600 | 95601 | 32364k| 338.4 |   606M | 109 | 602 | 205 | 818 | 779k|  4 | 139 |1096 |-1.024436e+01 |      --      |    Inf | unknown
 3890s| 95700 | 95701 | 32400k| 338.5 |   607M | 109 | 602 | 206 | 794 | 780k|  5 | 140 |1097 |-1.024436e+01 |      --      |    Inf | unknown
 3894s| 95800 | 95801 | 32432k| 338.4 |   608M | 109 | 602 | 205 | 698 | 780k|  2 | 141 |1097 |-1.024436e+01 |      --      |    Inf | unknown
 time | node  | left  |LP iter|LP it/n|mem/heur|mdpt |vars |cons |rows |cuts |sepa|confs|strbr|  dualbound   | primalbound  |  gap   | compl. 
 3898s| 95900 | 95901 | 32457k| 338.3 |   608M | 109 | 602 | 205 | 785 | 781k|  2 | 142 |1098 |-1.024436e+01 |      --      |    Inf | unknown
 3902s| 96000 | 96001 | 32493k| 338.4 |   608M | 109 | 602 | 205 | 896 | 782k|  2 | 142 |1098 |-1.024436e+01 |      --      |    Inf | unknown
 3910s| 96100 | 96101 | 32534k| 338.5 |   608M | 109 | 602 | 202 | 751 | 783k|  1 | 142 |1098 |-1.024436e+01 |      --      |    Inf | unknown
 3914s| 96200 | 96201 | 32565k| 338.4 |   609M | 109 | 602 | 201 | 783 | 783k|  2 | 142 |1098 |-1.024436e+01 |      --      |    Inf | unknown
 3918s| 96300 | 96301 | 32595k| 338.4 |   609M | 109 | 602 | 202 | 677 | 784k|  3 | 143 |1098 |-1.024436e+01 |      --      |    Inf | unknown
 3921s| 96400 | 96401 | 32621k| 338.3 |   609M | 109 | 602 | 202 | 905 | 785k|  2 | 143 |1098 |-1.024436e+01 |      --      |    Inf | unknown
 3925s| 96500 | 96501 | 32650k| 338.2 |   610M | 109 | 602 | 202 | 849 | 786k|  2 | 143 |1098 |-1.024436e+01 |      --      |    Inf | unknown
 3930s| 96600 | 96601 | 32687k| 338.3 |   610M | 109 | 602 | 202 | 784 | 787k|  2 | 143 |1098 |-1.024436e+01 |      --      |    Inf | unknown
 3934s| 96700 | 96701 | 32716k| 338.2 |   610M | 109 | 602 | 204 | 725 | 787k|  4 | 145 |1098 |-1.024436e+01 |      --      |    Inf | unknown
 3941s| 96800 | 96801 | 32757k| 338.3 |   611M | 109 | 602 | 204 | 675 | 788k|  5 | 145 |1099 |-1.024436e+01 |      --      |    Inf | unknown
 3943s| 96900 | 96901 | 32782k| 338.2 |   611M | 109 | 602 | 203 | 769 | 789k|  5 | 145 |1099 |-1.024436e+01 |      --      |    Inf | unknown
 3947s| 97000 | 97001 | 32811k| 338.2 |   611M | 109 | 602 | 204 | 823 | 790k|  2 | 146 |1100 |-1.024436e+01 |      --      |    Inf | unknown
 3949s| 97100 | 97101 | 32838k| 338.1 |   612M | 109 | 602 | 205 | 803 | 790k|  3 | 147 |1100 |-1.024436e+01 |      --      |    Inf | unknown
 3953s| 97200 | 97201 | 32871k| 338.1 |   612M | 109 | 602 | 203 | 688 | 791k|  2 | 147 |1100 |-1.024436e+01 |      --      |    Inf | unknown
 3955s| 97300 | 97301 | 32894k| 338.0 |   612M | 109 | 602 | 203 | 697 | 792k|  2 | 147 |1100 |-1.024436e+01 |      --      |    Inf | unknown
 time | node  | left  |LP iter|LP it/n|mem/heur|mdpt |vars |cons |rows |cuts |sepa|confs|strbr|  dualbound   | primalbound  |  gap   | compl. 
 3959s| 97400 | 97401 | 32923k| 337.9 |   613M | 109 | 602 | 202 | 832 | 792k|  2 | 147 |1100 |-1.024436e+01 |      --      |    Inf | unknown
 3962s| 97500 | 97501 | 32947k| 337.8 |   613M | 109 | 602 | 202 | 901 | 793k|  2 | 147 |1100 |-1.024436e+01 |      --      |    Inf | unknown
 3965s| 97600 | 97601 | 32984k| 337.9 |   613M | 109 | 602 | 202 | 775 | 794k|  4 | 148 |1100 |-1.024436e+01 |      --      |    Inf | unknown
 3972s| 97700 | 97701 | 33018k| 337.9 |   613M | 109 | 602 | 202 | 717 | 795k|  4 | 148 |1101 |-1.024436e+01 |      --      |    Inf | unknown
 3974s| 97800 | 97801 | 33041k| 337.7 |   614M | 109 | 602 | 202 | 877 | 795k|  3 | 148 |1101 |-1.024436e+01 |      --      |    Inf | unknown
 3978s| 97900 | 97901 | 33073k| 337.7 |   615M | 109 | 602 | 202 | 800 | 796k|  2 | 148 |1101 |-1.024436e+01 |      --      |    Inf | unknown
 3982s| 98000 | 98001 | 33105k| 337.7 |   616M | 109 | 602 | 202 | 783 | 797k|  2 | 149 |1102 |-1.024436e+01 |      --      |    Inf | unknown
 3985s| 98100 | 98101 | 33132k| 337.6 |   616M | 109 | 602 | 202 | 673 | 798k|  3 | 149 |1102 |-1.024436e+01 |      --      |    Inf | unknown
 3989s| 98200 | 98201 | 33164k| 337.6 |   616M | 109 | 602 | 202 | 654 | 799k|  2 | 149 |1102 |-1.024436e+01 |      --      |    Inf | unknown
 3991s| 98300 | 98301 | 33191k| 337.6 |   619M | 109 | 602 | 202 | 841 | 799k|  1 | 149 |1102 |-1.024436e+01 |      --      |    Inf | unknown
 3995s| 98400 | 98401 | 33222k| 337.5 |   620M | 109 | 602 | 202 | 887 | 800k|  3 | 149 |1103 |-1.024436e+01 |      --      |    Inf | unknown
 4002s| 98500 | 98501 | 33265k| 337.6 |   620M | 109 | 602 | 202 | 741 | 801k|  2 | 150 |1103 |-1.024436e+01 |      --      |    Inf | unknown
 4006s| 98600 | 98601 | 33294k| 337.6 |   621M | 109 | 602 | 204 | 707 | 802k|  2 | 152 |1103 |-1.024436e+01 |      --      |    Inf | unknown
 4009s| 98700 | 98701 | 33320k| 337.5 |   621M | 109 | 602 | 204 | 763 | 802k|  2 | 152 |1103 |-1.024436e+01 |      --      |    Inf | unknown
 4012s| 98800 | 98801 | 33345k| 337.4 |   621M | 109 | 602 | 206 | 850 | 803k|  2 | 154 |1103 |-1.024436e+01 |      --      |    Inf | unknown
 time | node  | left  |LP iter|LP it/n|mem/heur|mdpt |vars |cons |rows |cuts |sepa|confs|strbr|  dualbound   | primalbound  |  gap   | compl. 
 4017s| 98900 | 98901 | 33383k| 337.4 |   623M | 109 | 602 | 206 | 833 | 804k|  5 | 154 |1103 |-1.024436e+01 |      --      |    Inf | unknown
 4021s| 99000 | 99001 | 33414k| 337.4 |   624M | 109 | 602 | 206 | 759 | 805k|  3 | 154 |1103 |-1.024436e+01 |      --      |    Inf | unknown
 4025s| 99100 | 99101 | 33444k| 337.4 |   624M | 109 | 602 | 204 | 706 | 806k|  2 | 154 |1103 |-1.024436e+01 |      --      |    Inf | unknown
 4028s| 99200 | 99201 | 33469k| 337.3 |   624M | 109 | 602 | 204 | 915 | 806k|  4 | 154 |1103 |-1.024436e+01 |      --      |    Inf | unknown
 4032s| 99300 | 99301 | 33509k| 337.4 |   624M | 109 | 602 | 201 | 860 | 807k|  1 | 154 |1103 |-1.024436e+01 |      --      |    Inf | unknown
 4037s| 99400 | 99401 | 33543k| 337.4 |   625M | 109 | 602 | 201 | 808 | 808k|  4 | 154 |1103 |-1.024436e+01 |      --      |    Inf | unknown
 4043s| 99500 | 99501 | 33583k| 337.4 |   625M | 109 | 602 | 201 | 678 | 809k|  2 | 154 |1103 |-1.024436e+01 |      --      |    Inf | unknown
 4046s| 99600 | 99601 | 33609k| 337.3 |   626M | 109 | 602 | 201 | 614 | 810k|  2 | 154 |1103 |-1.024436e+01 |      --      |    Inf | unknown
 4048s| 99700 | 99701 | 33632k| 337.2 |   627M | 109 | 602 | 201 | 887 | 810k|  2 | 154 |1103 |-1.024436e+01 |      --      |    Inf | unknown
 4051s| 99800 | 99801 | 33657k| 337.1 |   627M | 109 | 602 | 201 | 825 | 811k|  1 | 154 |1103 |-1.024436e+01 |      --      |    Inf | unknown
 4056s| 99900 | 99901 | 33696k| 337.2 |   627M | 109 | 602 | 201 | 761 | 812k|  2 | 154 |1103 |-1.024436e+01 |      --      |    Inf | unknown
 4059s|100000 |100001 | 33720k| 337.1 |   627M | 109 | 602 | 201 | 682 | 813k|  2 | 154 |1103 |-1.024436e+01 |      --      |    Inf | unknown
 4062s|100100 |100101 | 33751k| 337.1 |   627M | 109 | 602 | 201 | 742 | 813k|  4 | 154 |1103 |-1.024436e+01 |      --      |    Inf | unknown
 4068s|100200 |100201 | 33785k| 337.1 |   628M | 109 | 602 | 201 | 860 | 814k|  2 | 154 |1103 |-1.024436e+01 |      --      |    Inf | unknown
 4071s|100300 |100301 | 33810k| 337.0 |   629M | 109 | 602 | 201 | 799 | 815k|  4 | 154 |1103 |-1.024436e+01 |      --      |    Inf | unknown
 time | node  | left  |LP iter|LP it/n|mem/heur|mdpt |vars |cons |rows |cuts |sepa|confs|strbr|  dualbound   | primalbound  |  gap   | compl. 
 4074s|100400 |100401 | 33838k| 336.9 |   629M | 109 | 602 | 201 | 729 | 815k|  3 | 154 |1103 |-1.024436e+01 |      --      |    Inf | unknown
 4077s|100500 |100501 | 33865k| 336.9 |   629M | 109 | 602 | 201 | 696 | 816k|  3 | 154 |1103 |-1.024436e+01 |      --      |    Inf | unknown
 4080s|100600 |100601 | 33893k| 336.8 |   630M | 109 | 602 | 201 | 944 | 817k|  2 | 154 |1103 |-1.024436e+01 |      --      |    Inf | unknown
 4083s|100700 |100701 | 33920k| 336.7 |   630M | 109 | 602 | 201 | 856 | 818k|  4 | 154 |1103 |-1.024436e+01 |      --      |    Inf | unknown
 4087s|100800 |100801 | 33947k| 336.7 |   631M | 109 | 602 | 202 | 789 | 818k|  3 | 155 |1103 |-1.024436e+01 |      --      |    Inf | unknown
 4090s|100900 |100901 | 33974k| 336.6 |   632M | 109 | 602 | 202 | 727 | 819k|  1 | 155 |1103 |-1.024436e+01 |      --      |    Inf | unknown
 4094s|101000 |101001 | 34011k| 336.6 |   634M | 109 | 602 | 203 | 696 | 820k|  2 | 156 |1103 |-1.024436e+01 |      --      |    Inf | unknown
 4100s|101100 |101101 | 34044k| 336.6 |   634M | 109 | 602 | 203 | 862 | 821k|  3 | 156 |1104 |-1.024436e+01 |      --      |    Inf | unknown
 4103s|101200 |101201 | 34071k| 336.6 |   634M | 109 | 602 | 203 | 810 | 821k|  2 | 156 |1104 |-1.024436e+01 |      --      |    Inf | unknown
 4107s|101300 |101301 | 34104k| 336.6 |   635M | 109 | 602 | 201 | 783 | 822k|  2 | 156 |1104 |-1.024436e+01 |      --      |    Inf | unknown
 4110s|101400 |101401 | 34130k| 336.5 |   635M | 109 | 602 | 202 | 682 | 823k|  5 | 157 |1104 |-1.024436e+01 |      --      |    Inf | unknown
 4112s|101500 |101501 | 34153k| 336.4 |   636M | 109 | 602 | 202 | 775 | 824k|  4 | 157 |1104 |-1.024436e+01 |      --      |    Inf | unknown
 4116s|101600 |101601 | 34187k| 336.4 |   637M | 109 | 602 | 202 | 898 | 825k|  2 | 157 |1104 |-1.024436e+01 |      --      |    Inf | unknown
 4119s|101700 |101701 | 34213k| 336.3 |   637M | 109 | 602 | 202 | 769 | 825k|  2 | 157 |1104 |-1.024436e+01 |      --      |    Inf | unknown
 4123s|101800 |101801 | 34249k| 336.3 |   637M | 109 | 602 | 202 | 832 | 826k|  4 | 157 |1104 |-1.024436e+01 |      --      |    Inf | unknown
 time | node  | left  |LP iter|LP it/n|mem/heur|mdpt |vars |cons |rows |cuts |sepa|confs|strbr|  dualbound   | primalbound  |  gap   | compl. 
 4128s|101900 |101901 | 34287k| 336.4 |   638M | 109 | 602 | 201 | 666 | 827k|  4 | 157 |1105 |-1.024436e+01 |      --      |    Inf | unknown
 4131s|102000 |102001 | 34310k| 336.3 |   638M | 109 | 602 | 201 | 946 | 828k|  2 | 157 |1105 |-1.024436e+01 |      --      |    Inf | unknown
 4134s|102100 |102101 | 34339k| 336.2 |   638M | 109 | 602 | 201 | 801 | 828k|  2 | 157 |1105 |-1.024436e+01 |      --      |    Inf | unknown
 4137s|102200 |102201 | 34366k| 336.2 |   639M | 109 | 602 | 201 | 779 | 829k|  2 | 157 |1105 |-1.024436e+01 |      --      |    Inf | unknown
 4140s|102300 |102301 | 34396k| 336.1 |   639M | 109 | 602 | 201 | 671 | 830k|  1 | 157 |1105 |-1.024436e+01 |      --      |    Inf | unknown
 4145s|102400 |102401 | 34429k| 336.1 |   639M | 109 | 602 | 202 | 673 | 831k|  4 | 158 |1105 |-1.024436e+01 |      --      |    Inf | unknown
 4149s|102500 |102501 | 34464k| 336.1 |   640M | 109 | 602 | 202 | 855 | 831k|  2 | 158 |1105 |-1.024436e+01 |      --      |    Inf | unknown
 4152s|102600 |102601 | 34490k| 336.1 |   640M | 109 | 602 | 202 | 839 | 832k|  5 | 158 |1105 |-1.024436e+01 |      --      |    Inf | unknown
 4159s|102700 |102701 | 34534k| 336.2 |   640M | 109 | 602 | 203 | 820 | 833k|  3 | 160 |1105 |-1.024436e+01 |      --      |    Inf | unknown
 4162s|102800 |102801 | 34568k| 336.2 |   641M | 109 | 602 | 203 | 710 | 834k|  3 | 160 |1105 |-1.024436e+01 |      --      |    Inf | unknown
 4165s|102900 |102901 | 34594k| 336.1 |   641M | 109 | 602 | 203 | 763 | 835k|  4 | 160 |1106 |-1.024436e+01 |      --      |    Inf | unknown
 4168s|103000 |103001 | 34624k| 336.1 |   642M | 109 | 602 | 203 | 879 | 836k|  2 | 160 |1106 |-1.024436e+01 |      --      |    Inf | unknown
 4172s|103100 |103101 | 34656k| 336.1 |   642M | 109 | 602 | 203 | 829 | 836k|  1 | 160 |1106 |-1.024436e+01 |      --      |    Inf | unknown
 4175s|103200 |103201 | 34684k| 336.0 |   643M | 109 | 602 | 201 | 736 | 837k|  2 | 160 |1106 |-1.024436e+01 |      --      |    Inf | unknown
 4182s|103300 |103301 | 34719k| 336.0 |   643M | 109 | 602 | 201 | 709 | 838k|  3 | 160 |1107 |-1.024436e+01 |      --      |    Inf | unknown
 time | node  | left  |LP iter|LP it/n|mem/heur|mdpt |vars |cons |rows |cuts |sepa|confs|strbr|  dualbound   | primalbound  |  gap   | compl. 
 4184s|103400 |103401 | 34744k| 335.9 |   643M | 109 | 602 | 201 | 877 | 838k|  2 | 160 |1107 |-1.024436e+01 |      --      |    Inf | unknown
 4189s|103500 |103501 | 34786k| 336.0 |   645M | 109 | 602 | 201 | 883 | 839k|  2 | 160 |1107 |-1.024436e+01 |      --      |    Inf | unknown
 4191s|103600 |103601 | 34811k| 335.9 |   645M | 109 | 602 | 201 | 829 | 840k|  4 | 160 |1107 |-1.024436e+01 |      --      |    Inf | unknown
 4195s|103700 |103701 | 34845k| 335.9 |   645M | 109 | 602 | 201 | 736 | 841k|  3 | 160 |1107 |-1.024436e+01 |      --      |    Inf | unknown
 4198s|103800 |103801 | 34875k| 335.9 |   645M | 109 | 602 | 201 | 667 | 842k|  5 | 160 |1107 |-1.024436e+01 |      --      |    Inf | unknown
 4201s|103900 |103901 | 34900k| 335.8 |   645M | 109 | 602 | 201 | 847 | 842k|  3 | 160 |1107 |-1.024436e+01 |      --      |    Inf | unknown
 4205s|104000 |104001 | 34931k| 335.8 |   646M | 109 | 602 | 201 | 812 | 843k|  1 | 160 |1107 |-1.024436e+01 |      --      |    Inf | unknown
 4211s|104100 |104101 | 34966k| 335.8 |   647M | 109 | 602 | 201 | 768 | 844k|  2 | 160 |1107 |-1.024436e+01 |      --      |    Inf | unknown
 4215s|104200 |104201 | 35004k| 335.8 |   647M | 109 | 602 | 201 | 701 | 845k|  2 | 160 |1107 |-1.024436e+01 |      --      |    Inf | unknown
 4220s|104300 |104301 | 35039k| 335.9 |   648M | 109 | 602 | 201 | 771 | 845k|  3 | 160 |1107 |-1.024436e+01 |      --      |    Inf | unknown
 4222s|104400 |104401 | 35060k| 335.7 |   648M | 109 | 602 | 201 | 874 | 846k|  2 | 160 |1107 |-1.024436e+01 |      --      |    Inf | unknown
 4225s|104500 |104501 | 35088k| 335.7 |   648M | 109 | 602 | 201 | 777 | 847k|  1 | 160 |1107 |-1.024436e+01 |      --      |    Inf | unknown
 4228s|104600 |104601 | 35115k| 335.6 |   648M | 109 | 602 | 202 | 724 | 847k|  2 | 161 |1107 |-1.024436e+01 |      --      |    Inf | unknown
 4231s|104700 |104701 | 35139k| 335.5 |   648M | 109 | 602 | 202 | 692 | 848k|  2 | 161 |1107 |-1.024436e+01 |      --      |    Inf | unknown
 4233s|104800 |104801 | 35161k| 335.4 |   650M | 109 | 602 | 202 | 835 | 849k|  1 | 161 |1107 |-1.024436e+01 |      --      |    Inf | unknown
 time | node  | left  |LP iter|LP it/n|mem/heur|mdpt |vars |cons |rows |cuts |sepa|confs|strbr|  dualbound   | primalbound  |  gap   | compl. 
 4238s|104900 |104901 | 35197k| 335.4 |   650M | 109 | 602 | 203 | 843 | 849k|  3 | 163 |1107 |-1.024436e+01 |      --      |    Inf | unknown
 4243s|105000 |105001 | 35231k| 335.4 |   653M | 109 | 602 | 202 | 752 | 850k|  2 | 163 |1107 |-1.024436e+01 |      --      |    Inf | unknown
 4247s|105100 |105101 | 35265k| 335.5 |   653M | 109 | 602 | 202 | 708 | 851k|  5 | 163 |1107 |-1.024436e+01 |      --      |    Inf | unknown
 4249s|105200 |105201 | 35289k| 335.4 |   653M | 109 | 602 | 203 | 681 | 852k|  2 | 164 |1107 |-1.024436e+01 |      --      |    Inf | unknown
 4253s|105300 |105301 | 35316k| 335.3 |   653M | 109 | 602 | 203 | 849 | 852k|  5 | 164 |1107 |-1.024436e+01 |      --      |    Inf | unknown
 4256s|105400 |105401 | 35344k| 335.2 |   654M | 109 | 602 | 203 | 807 | 853k|  3 | 164 |1107 |-1.024436e+01 |      --      |    Inf | unknown
 4260s|105500 |105501 | 35378k| 335.2 |   654M | 109 | 602 | 202 | 779 | 854k|  2 | 164 |1107 |-1.024436e+01 |      --      |    Inf | unknown
 4264s|105600 |105601 | 35408k| 335.2 |   655M | 109 | 602 | 202 | 705 | 855k|  2 | 164 |1107 |-1.024436e+01 |      --      |    Inf | unknown
 4267s|105700 |105701 | 35434k| 335.1 |   656M | 109 | 602 | 201 | 811 | 855k|  1 | 164 |1107 |-1.024436e+01 |      --      |    Inf | unknown
 4270s|105800 |105801 | 35462k| 335.1 |   657M | 109 | 602 | 201 | 874 | 856k|  1 | 164 |1107 |-1.024436e+01 |      --      |    Inf | unknown
 4277s|105900 |105901 | 35497k| 335.1 |   657M | 109 | 602 | 201 | 808 | 857k|  2 | 164 |1107 |-1.024436e+01 |      --      |    Inf | unknown
 4280s|106000 |106001 | 35530k| 335.1 |   657M | 109 | 602 | 201 | 759 | 858k|  4 | 164 |1107 |-1.024436e+01 |      --      |    Inf | unknown
 4284s|106100 |106101 | 35561k| 335.1 |   658M | 109 | 602 | 201 | 688 | 858k|  5 | 164 |1107 |-1.024436e+01 |      --      |    Inf | unknown
 4286s|106200 |106201 | 35582k| 335.0 |   658M | 109 | 602 | 201 | 855 | 859k|  4 | 164 |1109 |-1.024436e+01 |      --      |    Inf | unknown
 4290s|106300 |106301 | 35615k| 335.0 |   658M | 109 | 602 | 201 | 797 | 860k|  3 | 164 |1109 |-1.024436e+01 |      --      |    Inf | unknown
 time | node  | left  |LP iter|LP it/n|mem/heur|mdpt |vars |cons |rows |cuts |sepa|confs|strbr|  dualbound   | primalbound  |  gap   | compl. 
 4292s|106400 |106401 | 35640k| 334.9 |   658M | 109 | 602 | 201 | 784 | 860k|  2 | 164 |1110 |-1.024436e+01 |      --      |    Inf | unknown
 4295s|106500 |106501 | 35664k| 334.8 |   658M | 109 | 602 | 201 | 753 | 861k|  2 | 164 |1110 |-1.024436e+01 |      --      |    Inf | unknown
 4298s|106600 |106601 | 35690k| 334.7 |   659M | 109 | 602 | 201 | 730 | 862k|  4 | 164 |1110 |-1.024436e+01 |      --      |    Inf | unknown
 4304s|106700 |106701 | 35721k| 334.7 |   659M | 109 | 602 | 201 | 845 | 862k|  2 | 164 |1110 |-1.024436e+01 |      --      |    Inf | unknown
 4308s|106800 |106801 | 35754k| 334.7 |   661M | 109 | 602 | 201 | 782 | 863k|  2 | 164 |1110 |-1.024436e+01 |      --      |    Inf | unknown
 4313s|106900 |106901 | 35796k| 334.8 |   661M | 109 | 602 | 201 | 748 | 864k|  2 | 164 |1110 |-1.024436e+01 |      --      |    Inf | unknown
 4316s|107000 |107001 | 35822k| 334.7 |   662M | 109 | 602 | 201 | 763 | 865k|  2 | 164 |1110 |-1.024436e+01 |      --      |    Inf | unknown
 4319s|107100 |107101 | 35848k| 334.6 |   662M | 109 | 602 | 201 | 670 | 866k|  2 | 164 |1111 |-1.024436e+01 |      --      |    Inf | unknown
 4322s|107200 |107201 | 35877k| 334.6 |   662M | 109 | 602 | 201 | 879 | 866k|  4 | 164 |1111 |-1.024436e+01 |      --      |    Inf | unknown
 4325s|107300 |107301 | 35910k| 334.6 |   662M | 109 | 602 | 201 | 812 | 867k|  2 | 164 |1111 |-1.024436e+01 |      --      |    Inf | unknown
 4329s|107400 |107401 | 35940k| 334.5 |   663M | 109 | 602 | 201 | 805 | 868k|  2 | 164 |1111 |-1.024436e+01 |      --      |    Inf | unknown
 4335s|107500 |107501 | 35977k| 334.6 |   664M | 109 | 602 | 201 | 692 | 869k|  2 | 164 |1112 |-1.024436e+01 |      --      |    Inf | unknown
 4338s|107600 |107601 | 36002k| 334.5 |   665M | 109 | 602 | 201 | 902 | 869k|  2 | 164 |1112 |-1.024436e+01 |      --      |    Inf | unknown
 4342s|107700 |107701 | 36036k| 334.5 |   666M | 109 | 602 | 201 | 842 | 870k|  2 | 164 |1112 |-1.024436e+01 |      --      |    Inf | unknown
 4346s|107800 |107801 | 36070k| 334.5 |   666M | 109 | 602 | 201 | 775 | 871k|  2 | 164 |1112 |-1.024436e+01 |      --      |    Inf | unknown
 time | node  | left  |LP iter|LP it/n|mem/heur|mdpt |vars |cons |rows |cuts |sepa|confs|strbr|  dualbound   | primalbound  |  gap   | compl. 
 4350s|107900 |107901 | 36110k| 334.6 |   666M | 109 | 602 | 201 | 682 | 872k|  1 | 164 |1113 |-1.024436e+01 |      --      |    Inf | unknown
 4353s|108000 |108001 | 36135k| 334.5 |   666M | 109 | 602 | 201 | 634 | 873k|  2 | 164 |1113 |-1.024436e+01 |      --      |    Inf | unknown
 4356s|108100 |108101 | 36163k| 334.4 |   667M | 109 | 602 | 201 | 849 | 873k|  2 | 164 |1114 |-1.024436e+01 |      --      |    Inf | unknown
 4359s|108200 |108201 | 36193k| 334.4 |   667M | 109 | 602 | 202 | 804 | 874k|  2 | 165 |1114 |-1.024429e+01 |      --      |    Inf | unknown
 4365s|108300 |108301 | 36226k| 334.4 |   668M | 109 | 602 | 202 | 736 | 875k|  1 | 165 |1114 |-1.024429e+01 |      --      |    Inf | unknown
 4368s|108400 |108401 | 36259k| 334.4 |   668M | 113 | 602 | 203 | 614 | 876k|  2 | 166 |1114 |-1.024429e+01 |      --      |    Inf | unknown
 4371s|108500 |108501 | 36287k| 334.4 |   668M | 113 | 602 | 202 | 861 | 876k|  2 | 166 |1115 |-1.024429e+01 |      --      |    Inf | unknown
 4374s|108600 |108601 | 36316k| 334.3 |   669M | 113 | 602 | 202 | 718 | 877k|  2 | 166 |1115 |-1.024429e+01 |      --      |    Inf | unknown
 4377s|108700 |108701 | 36344k| 334.3 |   671M | 113 | 602 | 202 | 684 | 878k|  4 | 166 |1115 |-1.024392e+01 |      --      |    Inf | unknown
 4380s|108800 |108801 | 36365k| 334.2 |   672M | 113 | 602 | 201 | 918 | 879k|  1 | 166 |1115 |-1.024392e+01 |      --      |    Inf | unknown
 4383s|108900 |108901 | 36396k| 334.1 |   672M | 113 | 602 | 201 | 865 | 879k|  3 | 166 |1116 |-1.024392e+01 |      --      |    Inf | unknown
 4388s|109000 |109001 | 36427k| 334.1 |   672M | 113 | 602 | 201 | 806 | 880k|  2 | 166 |1116 |-1.024376e+01 |      --      |    Inf | unknown
 4391s|109100 |109101 | 36457k| 334.1 |   672M | 113 | 602 | 201 | 625 | 881k|  5 | 166 |1116 |-1.024376e+01 |      --      |    Inf | unknown
 4394s|109200 |109201 | 36485k| 334.0 |   672M | 113 | 602 | 201 | 861 | 882k|  2 | 166 |1116 |-1.024376e+01 |      --      |    Inf | unknown
 4401s|109300 |109301 | 36526k| 334.1 |   677M | 113 | 602 | 201 | 839 | 883k|  1 | 166 |1116 |-1.024356e+01 |      --      |    Inf | unknown
 time | node  | left  |LP iter|LP it/n|mem/heur|mdpt |vars |cons |rows |cuts |sepa|confs|strbr|  dualbound   | primalbound  |  gap   | compl. 
 4404s|109400 |109401 | 36556k| 334.1 |   678M | 113 | 602 | 202 | 738 | 883k|  2 | 167 |1116 |-1.024356e+01 |      --      |    Inf | unknown
 4406s|109500 |109501 | 36580k| 334.0 |   678M | 113 | 602 | 202 | 939 | 884k|  3 | 167 |1116 |-1.024356e+01 |      --      |    Inf | unknown
 4410s|109600 |109601 | 36608k| 333.9 |   679M | 113 | 602 | 202 | 764 | 885k|  2 | 167 |1116 |-1.024348e+01 |      --      |    Inf | unknown
 4414s|109700 |109701 | 36641k| 333.9 |   679M | 113 | 602 | 202 | 748 | 885k|  2 | 167 |1116 |-1.024348e+01 |      --      |    Inf | unknown
 4417s|109800 |109801 | 36669k| 333.9 |   679M | 113 | 602 | 202 | 669 | 886k|  4 | 167 |1116 |-1.024346e+01 |      --      |    Inf | unknown
 4423s|109900 |109901 | 36701k| 333.9 |   680M | 113 | 602 | 201 | 907 | 887k|  3 | 167 |1116 |-1.024346e+01 |      --      |    Inf | unknown
 4427s|110000 |110001 | 36733k| 333.9 |   681M | 113 | 602 | 201 | 871 | 888k|  2 | 167 |1116 |-1.024346e+01 |      --      |    Inf | unknown
 4431s|110100 |110101 | 36774k| 333.9 |   681M | 113 | 602 | 201 | 734 | 889k|  2 | 167 |1116 |-1.024345e+01 |      --      |    Inf | unknown
 4436s|110200 |110201 | 36810k| 333.9 |   681M | 113 | 602 | 201 | 671 | 890k|  3 | 167 |1116 |-1.024345e+01 |      --      |    Inf | unknown
 4439s|110300 |110301 | 36837k| 333.9 |   681M | 113 | 602 | 201 | 862 | 890k|  4 | 167 |1116 |-1.024345e+01 |      --      |    Inf | unknown
 4441s|110400 |110401 | 36862k| 333.8 |   682M | 113 | 602 | 201 | 795 | 891k|  2 | 167 |1117 |-1.024344e+01 |      --      |    Inf | unknown
 4444s|110500 |110501 | 36890k| 333.8 |   682M | 113 | 602 | 202 | 724 | 892k|  2 | 168 |1117 |-1.024344e+01 |      --      |    Inf | unknown
 4447s|110600 |110601 | 36914k| 333.7 |   682M | 113 | 602 | 202 | 838 | 892k|  3 | 168 |1119 |-1.024344e+01 |      --      |    Inf | unknown
 4455s|110700 |110701 | 36955k| 333.7 |   683M | 113 | 602 | 202 | 740 | 893k|  2 | 168 |1119 |-1.024343e+01 |      --      |    Inf | unknown
 4458s|110800 |110801 | 36984k| 333.7 |   683M | 113 | 602 | 202 | 767 | 894k|  2 | 168 |1122 |-1.024343e+01 |      --      |    Inf | unknown
 time | node  | left  |LP iter|LP it/n|mem/heur|mdpt |vars |cons |rows |cuts |sepa|confs|strbr|  dualbound   | primalbound  |  gap   | compl. 
 4462s|110900 |110901 | 37018k| 333.7 |   683M | 113 | 602 | 201 | 716 | 895k|  2 | 168 |1122 |-1.024343e+01 |      --      |    Inf | unknown
 4465s|111000 |111001 | 37044k| 333.6 |   683M | 113 | 602 | 201 | 809 | 895k|  2 | 168 |1122 |-1.024333e+01 |      --      |    Inf | unknown
 4468s|111100 |111101 | 37073k| 333.6 |   684M | 113 | 602 | 201 | 811 | 896k|  2 | 168 |1122 |-1.024333e+01 |      --      |    Inf | unknown
 4471s|111200 |111201 | 37102k| 333.6 |   684M | 113 | 602 | 201 | 722 | 897k|  5 | 168 |1124 |-1.024333e+01 |      --      |    Inf | unknown
 4475s|111300 |111301 | 37138k| 333.6 |   686M | 113 | 602 | 201 | 654 | 898k|  4 | 168 |1124 |-1.024329e+01 |      --      |    Inf | unknown
 4478s|111400 |111401 | 37163k| 333.5 |   686M | 113 | 602 | 202 | 918 | 898k|  3 | 169 |1124 |-1.024329e+01 |      --      |    Inf | unknown
 4483s|111500 |111501 | 37194k| 333.5 |   686M | 113 | 602 | 204 | 734 | 899k|  2 | 171 |1124 |-1.024329e+01 |      --      |    Inf | unknown
 4486s|111600 |111601 | 37219k| 333.4 |   686M | 113 | 602 | 204 | 749 | 900k|  2 | 171 |1124 |-1.024327e+01 |      --      |    Inf | unknown
 4488s|111700 |111701 | 37244k| 333.3 |   687M | 113 | 602 | 206 | 909 | 901k|  2 | 173 |1124 |-1.024327e+01 |      --      |    Inf | unknown
 4493s|111800 |111801 | 37289k| 333.5 |   687M | 113 | 602 | 205 | 836 | 901k|  4 | 173 |1124 |-1.024327e+01 |      --      |    Inf | unknown
 4496s|111900 |111901 | 37316k| 333.4 |   687M | 113 | 602 | 203 | 824 | 902k|  2 | 173 |1124 |-1.024315e+01 |      --      |    Inf | unknown
 4501s|112000 |112001 | 37345k| 333.4 |   689M | 113 | 602 | 201 | 574 | 903k|  1 | 173 |1124 |-1.024315e+01 |      --      |    Inf | unknown
 4504s|112100 |112101 | 37374k| 333.3 |   689M | 113 | 602 | 201 | 873 | 904k|  1 | 173 |1124 |-1.024315e+01 |      --      |    Inf | unknown
 4507s|112200 |112201 | 37407k| 333.3 |   689M | 113 | 602 | 201 | 800 | 905k|  3 | 173 |1124 |-1.024314e+01 |      --      |    Inf | unknown
 4515s|112300 |112301 | 37454k| 333.4 |   689M | 113 | 602 | 201 | 745 | 905k|  5 | 173 |1126 |-1.024314e+01 |      --      |    Inf | unknown
 time | node  | left  |LP iter|LP it/n|mem/heur|mdpt |vars |cons |rows |cuts |sepa|confs|strbr|  dualbound   | primalbound  |  gap   | compl. 
 4518s|112400 |112401 | 37475k| 333.3 |   689M | 113 | 602 | 201 | 894 | 906k|  2 | 173 |1126 |-1.024314e+01 |      --      |    Inf | unknown
 4522s|112500 |112501 | 37512k| 333.4 |   690M | 113 | 602 | 201 | 856 | 907k|  2 | 173 |1126 |-1.024310e+01 |      --      |    Inf | unknown
 4525s|112600 |112601 | 37544k| 333.3 |   692M | 113 | 602 | 201 | 724 | 908k|  2 | 173 |1126 |-1.024310e+01 |      --      |    Inf | unknown
 4528s|112700 |112701 | 37569k| 333.3 |   692M | 113 | 602 | 203 | 658 | 909k|  4 | 175 |1126 |-1.024281e+01 |      --      |    Inf | unknown
 4531s|112800 |112801 | 37594k| 333.2 |   693M | 113 | 602 | 203 | 874 | 909k|  3 | 175 |1126 |-1.024281e+01 |      --      |    Inf | unknown
 4533s|112900 |112901 | 37615k| 333.1 |   693M | 113 | 602 | 203 | 860 | 910k|  2 | 175 |1126 |-1.024281e+01 |      --      |    Inf | unknown
 4537s|113000 |113001 | 37652k| 333.1 |   693M | 113 | 602 | 203 | 713 | 911k|  3 | 175 |1127 |-1.024277e+01 |      --      |    Inf | unknown
 4545s|113100 |113101 | 37689k| 333.2 |   693M | 113 | 602 | 201 | 599 | 911k|  3 | 175 |1127 |-1.024277e+01 |      --      |    Inf | unknown
 4548s|113200 |113201 | 37716k| 333.1 |   693M | 113 | 602 | 201 | 886 | 912k|  3 | 175 |1128 |-1.024277e+01 |      --      |    Inf | unknown
 4550s|113300 |113301 | 37739k| 333.0 |   694M | 113 | 602 | 201 | 728 | 913k|  2 | 175 |1129 |-1.024268e+01 |      --      |    Inf | unknown
 4554s|113400 |113401 | 37775k| 333.0 |   694M | 113 | 602 | 201 | 702 | 914k|  2 | 175 |1129 |-1.024268e+01 |      --      |    Inf | unknown
 4556s|113500 |113501 | 37795k| 332.9 |   696M | 113 | 602 | 201 | 876 | 914k|  2 | 175 |1129 |-1.024268e+01 |      --      |    Inf | unknown
 4560s|113600 |113601 | 37824k| 332.9 |   696M | 113 | 602 | 201 | 798 | 915k|  1 | 175 |1129 |-1.024257e+01 |      --      |    Inf | unknown
 4563s|113700 |113701 | 37854k| 332.8 |   696M | 113 | 602 | 202 | 763 | 916k|  3 | 176 |1129 |-1.024257e+01 |      --      |    Inf | unknown
 4566s|113800 |113801 | 37878k| 332.8 |   696M | 113 | 602 | 202 | 681 | 916k|  2 | 176 |1129 |-1.024257e+01 |      --      |    Inf | unknown
 time | node  | left  |LP iter|LP it/n|mem/heur|mdpt |vars |cons |rows |cuts |sepa|confs|strbr|  dualbound   | primalbound  |  gap   | compl. 
 4568s|113900 |113901 | 37906k| 332.7 |   698M | 113 | 602 | 202 | 872 | 917k|  2 | 176 |1130 |-1.024251e+01 |      --      |    Inf | unknown
 4575s|114000 |114001 | 37940k| 332.7 |   698M | 113 | 602 | 202 | 807 | 918k|  4 | 176 |1131 |-1.024251e+01 |      --      |    Inf | unknown
 4579s|114100 |114101 | 37974k| 332.7 |   698M | 113 | 602 | 201 | 681 | 919k|  2 | 176 |1131 |-1.024251e+01 |      --      |    Inf | unknown
 4584s|114200 |114201 | 38016k| 332.8 |   698M | 113 | 602 | 201 | 645 | 920k|  3 | 176 |1131 |-1.024225e+01 |      --      |    Inf | unknown
 4586s|114300 |114301 | 38040k| 332.7 |   698M | 113 | 602 | 201 | 860 | 921k|  2 | 176 |1131 |-1.024225e+01 |      --      |    Inf | unknown
 4589s|114400 |114401 | 38068k| 332.7 |   699M | 113 | 602 | 201 | 793 | 921k|  2 | 176 |1132 |-1.024225e+01 |      --      |    Inf | unknown
 4592s|114500 |114501 | 38095k| 332.6 |   699M | 113 | 602 | 201 | 696 | 922k|  2 | 176 |1132 |-1.024222e+01 |      --      |    Inf | unknown
 4595s|114600 |114601 | 38118k| 332.5 |   700M | 113 | 602 | 201 | 844 | 923k|  2 | 176 |1132 |-1.024222e+01 |      --      |    Inf | unknown
 4599s|114700 |114701 | 38155k| 332.6 |   700M | 113 | 602 | 201 | 779 | 924k|  4 | 176 |1132 |-1.024222e+01 |      --      |    Inf | unknown
 4606s|114800 |114801 | 38194k| 332.6 |   701M | 113 | 602 | 202 | 745 | 924k|  2 | 177 |1133 |-1.024209e+01 |      --      |    Inf | unknown
 4608s|114900 |114901 | 38217k| 332.5 |   701M | 113 | 602 | 202 | 628 | 925k|  2 | 177 |1133 |-1.024209e+01 |      --      |    Inf | unknown
 4611s|115000 |115001 | 38242k| 332.5 |   701M | 113 | 602 | 202 | 857 | 926k|  2 | 177 |1133 |-1.024209e+01 |      --      |    Inf | unknown
 4615s|115100 |115101 | 38278k| 332.5 |   701M | 113 | 602 | 202 | 794 | 927k|  2 | 177 |1133 |-1.024204e+01 |      --      |    Inf | unknown
 4617s|115200 |115201 | 38304k| 332.4 |   702M | 113 | 602 | 201 | 723 | 927k|  2 | 177 |1135 |-1.024204e+01 |      --      |    Inf | unknown
 4621s|115300 |115301 | 38331k| 332.4 |   702M | 113 | 602 | 201 | 944 | 928k|  1 | 177 |1136 |-1.024204e+01 |      --      |    Inf | unknown
 time | node  | left  |LP iter|LP it/n|mem/heur|mdpt |vars |cons |rows |cuts |sepa|confs|strbr|  dualbound   | primalbound  |  gap   | compl. 
 4625s|115400 |115401 | 38359k| 332.3 |   702M | 113 | 602 | 201 | 818 | 929k|  2 | 177 |1137 |-1.024196e+01 |      --      |    Inf | unknown
 4629s|115500 |115501 | 38391k| 332.3 |   703M | 113 | 602 | 201 | 691 | 930k|  5 | 177 |1137 |-1.024196e+01 |      --      |    Inf | unknown
 4631s|115600 |115601 | 38417k| 332.2 |   703M | 113 | 602 | 201 | 633 | 930k|  2 | 177 |1138 |-1.024192e+01 |      --      |    Inf | unknown
 4638s|115700 |115701 | 38451k| 332.2 |   705M | 113 | 602 | 201 | 901 | 931k|  2 | 177 |1138 |-1.024192e+01 |      --      |    Inf | unknown
 4641s|115800 |115801 | 38479k| 332.2 |   707M | 113 | 602 | 201 | 784 | 932k|  5 | 177 |1138 |-1.024192e+01 |      --      |    Inf | unknown
 4645s|115900 |115901 | 38511k| 332.2 |   707M | 113 | 602 | 201 | 671 | 932k|  4 | 177 |1138 |-1.024171e+01 |      --      |    Inf | unknown
 4648s|116000 |116001 | 38544k| 332.2 |   708M | 113 | 602 | 201 | 683 | 933k|  4 | 177 |1139 |-1.024171e+01 |      --      |    Inf | unknown
 4651s|116100 |116101 | 38567k| 332.1 |   708M | 113 | 602 | 201 | 877 | 934k|  3 | 177 |1139 |-1.024171e+01 |      --      |    Inf | unknown
 4654s|116200 |116201 | 38595k| 332.1 |   708M | 113 | 602 | 201 | 843 | 935k|  2 | 177 |1139 |-1.024171e+01 |      --      |    Inf | unknown
 4658s|116300 |116301 | 38626k| 332.0 |   708M | 113 | 602 | 201 | 749 | 936k|  3 | 177 |1139 |-1.024171e+01 |      --      |    Inf | unknown
 4661s|116400 |116401 | 38651k| 332.0 |   708M | 113 | 602 | 201 | 911 | 936k|  3 | 177 |1139 |-1.024171e+01 |      --      |    Inf | unknown
 4664s|116500 |116501 | 38682k| 332.0 |   709M | 113 | 602 | 201 | 768 | 937k|  2 | 177 |1140 |-1.024171e+01 |      --      |    Inf | unknown
 4672s|116600 |116601 | 38719k| 332.0 |   709M | 113 | 602 | 201 | 781 | 938k|  3 | 177 |1140 |-1.024171e+01 |      --      |    Inf | unknown
 4674s|116700 |116701 | 38744k| 331.9 |   710M | 113 | 602 | 201 | 675 | 939k|  2 | 177 |1140 |-1.024171e+01 |      --      |    Inf | unknown
 4677s|116800 |116801 | 38775k| 331.9 |   710M | 113 | 602 | 201 | 901 | 939k|  3 | 177 |1140 |-1.024171e+01 |      --      |    Inf | unknown
 time | node  | left  |LP iter|LP it/n|mem/heur|mdpt |vars |cons |rows |cuts |sepa|confs|strbr|  dualbound   | primalbound  |  gap   | compl. 
 4681s|116900 |116901 | 38805k| 331.9 |   710M | 113 | 602 | 201 | 813 | 940k|  2 | 177 |1140 |-1.024171e+01 |      --      |    Inf | unknown
 4684s|117000 |117001 | 38830k| 331.8 |   710M | 113 | 602 | 201 | 710 | 941k|  2 | 177 |1140 |-1.024171e+01 |      --      |    Inf | unknown
 4687s|117100 |117101 | 38860k| 331.8 |   712M | 113 | 602 | 201 | 736 | 942k|  2 | 177 |1142 |-1.024171e+01 |      --      |    Inf | unknown
 4690s|117200 |117201 | 38891k| 331.8 |   712M | 113 | 602 | 201 | 905 | 942k|  3 | 177 |1142 |-1.024171e+01 |      --      |    Inf | unknown
 4693s|117300 |117301 | 38913k| 331.7 |   712M | 113 | 602 | 201 | 815 | 943k|  2 | 177 |1142 |-1.024171e+01 |      --      |    Inf | unknown
 4700s|117400 |117401 | 38945k| 331.7 |   712M | 113 | 602 | 201 | 694 | 944k|  2 | 177 |1142 |-1.024171e+01 |      --      |    Inf | unknown
 4702s|117500 |117501 | 38969k| 331.6 |   712M | 113 | 602 | 201 | 907 | 944k|  1 | 177 |1143 |-1.024171e+01 |      --      |    Inf | unknown
 4706s|117600 |117601 | 39001k| 331.6 |   713M | 113 | 602 | 201 | 801 | 945k|  2 | 177 |1143 |-1.024171e+01 |      --      |    Inf | unknown
 4710s|117700 |117701 | 39036k| 331.6 |   713M | 113 | 602 | 201 | 712 | 946k|  4 | 177 |1144 |-1.024171e+01 |      --      |    Inf | unknown
 4713s|117800 |117801 | 39067k| 331.6 |   715M | 113 | 602 | 201 | 589 | 947k|  3 | 177 |1144 |-1.024171e+01 |      --      |    Inf | unknown
 4717s|117900 |117901 | 39096k| 331.5 |   716M | 113 | 602 | 201 | 861 | 947k|  2 | 177 |1144 |-1.024171e+01 |      --      |    Inf | unknown
 4721s|118000 |118001 | 39125k| 331.5 |   716M | 113 | 602 | 201 | 793 | 948k|  3 | 177 |1145 |-1.024171e+01 |      --      |    Inf | unknown
 4725s|118100 |118101 | 39160k| 331.5 |   716M | 113 | 602 | 202 | 726 | 949k|  4 | 178 |1145 |-1.024171e+01 |      --      |    Inf | unknown
 4727s|118200 |118201 | 39181k| 331.4 |   716M | 113 | 602 | 202 | 864 | 949k|  3 | 178 |1145 |-1.024171e+01 |      --      |    Inf | unknown
 4733s|118300 |118301 | 39210k| 331.4 |   716M | 113 | 602 | 202 | 810 | 950k|  2 | 178 |1146 |-1.024171e+01 |      --      |    Inf | unknown
 time | node  | left  |LP iter|LP it/n|mem/heur|mdpt |vars |cons |rows |cuts |sepa|confs|strbr|  dualbound   | primalbound  |  gap   | compl. 
 4737s|118400 |118401 | 39239k| 331.3 |   717M | 113 | 602 | 202 | 715 | 951k|  2 | 178 |1147 |-1.024171e+01 |      --      |    Inf | unknown
 4740s|118500 |118501 | 39272k| 331.3 |   718M | 113 | 602 | 201 | 698 | 951k|  3 | 178 |1147 |-1.024171e+01 |      --      |    Inf | unknown
 4742s|118600 |118601 | 39294k| 331.2 |   718M | 113 | 602 | 201 | 869 | 952k|  2 | 178 |1147 |-1.024171e+01 |      --      |    Inf | unknown
 4747s|118700 |118701 | 39329k| 331.2 |   718M | 113 | 602 | 201 | 841 | 953k|  2 | 178 |1149 |-1.024171e+01 |      --      |    Inf | unknown
 4750s|118800 |118801 | 39356k| 331.2 |   718M | 113 | 602 | 201 | 729 | 954k|  2 | 178 |1149 |-1.024171e+01 |      --      |    Inf | unknown
 4753s|118900 |118901 | 39379k| 331.1 |   718M | 113 | 602 | 202 | 573 | 954k|  2 | 179 |1149 |-1.024171e+01 |      --      |    Inf | unknown
 4756s|119000 |119001 | 39403k| 331.0 |   718M | 113 | 602 | 203 | 839 | 955k|  2 | 180 |1149 |-1.024171e+01 |      --      |    Inf | unknown
 4760s|119100 |119101 | 39434k| 331.0 |   720M | 113 | 602 | 203 | 808 | 956k|  2 | 180 |1149 |-1.024171e+01 |      --      |    Inf | unknown
 4767s|119200 |119201 | 39469k| 331.0 |   720M | 113 | 602 | 204 | 774 | 957k|  4 | 182 |1150 |-1.024171e+01 |      --      |    Inf | unknown
 4769s|119300 |119301 | 39489k| 330.9 |   720M | 113 | 602 | 204 | 924 | 957k|  2 | 182 |1151 |-1.024171e+01 |      --      |    Inf | unknown
 4771s|119400 |119401 | 39513k| 330.9 |   721M | 113 | 602 | 203 | 793 | 958k|  4 | 182 |1151 |-1.024171e+01 |      --      |    Inf | unknown
 4775s|119500 |119501 | 39548k| 330.9 |   721M | 113 | 602 | 203 | 739 | 959k|  1 | 182 |1151 |-1.024171e+01 |      --      |    Inf | unknown
 4779s|119600 |119601 | 39575k| 330.8 |   722M | 113 | 602 | 202 | 661 | 959k|  4 | 182 |1151 |-1.024171e+01 |      --      |    Inf | unknown
 4781s|119700 |119701 | 39599k| 330.7 |   722M | 113 | 602 | 202 | 900 | 960k|  2 | 182 |1151 |-1.024171e+01 |      --      |    Inf | unknown
 4785s|119800 |119801 | 39627k| 330.7 |   723M | 113 | 602 | 201 | 840 | 961k|  2 | 182 |1151 |-1.024171e+01 |      --      |    Inf | unknown
 time | node  | left  |LP iter|LP it/n|mem/heur|mdpt |vars |cons |rows |cuts |sepa|confs|strbr|  dualbound   | primalbound  |  gap   | compl. 
 4788s|119900 |119901 | 39652k| 330.6 |   725M | 113 | 602 | 201 | 692 | 961k|  2 | 182 |1151 |-1.024171e+01 |      --      |    Inf | unknown
 4795s|120000 |120001 | 39688k| 330.7 |   725M | 113 | 602 | 201 | 788 | 962k|  4 | 182 |1151 |-1.024171e+01 |      --      |    Inf | unknown
 4798s|120100 |120101 | 39715k| 330.6 |   725M | 113 | 602 | 201 | 823 | 963k|  4 | 182 |1151 |-1.024171e+01 |      --      |    Inf | unknown
 4800s|120200 |120201 | 39739k| 330.5 |   725M | 113 | 602 | 201 | 726 | 964k|  2 | 182 |1151 |-1.024171e+01 |      --      |    Inf | unknown
 4804s|120300 |120301 | 39775k| 330.6 |   725M | 113 | 602 | 201 | 708 | 964k|  2 | 182 |1151 |-1.024171e+01 |      --      |    Inf | unknown
 4808s|120400 |120401 | 39804k| 330.5 |   725M | 113 | 602 | 201 | 851 | 965k|  1 | 182 |1152 |-1.024171e+01 |      --      |    Inf | unknown
 4810s|120500 |120501 | 39827k| 330.4 |   726M | 113 | 602 | 202 | 876 | 966k|  2 | 183 |1152 |-1.024171e+01 |      --      |    Inf | unknown
 4813s|120600 |120601 | 39854k| 330.4 |   726M | 113 | 602 | 202 | 750 | 967k|  4 | 183 |1152 |-1.024171e+01 |      --      |    Inf | unknown
 4816s|120700 |120701 | 39876k| 330.3 |   726M | 113 | 602 | 202 | 654 | 967k|  2 | 183 |1152 |-1.024171e+01 |      --      |    Inf | unknown
 4818s|120800 |120801 | 39898k| 330.2 |   727M | 113 | 602 | 202 | 894 | 968k|  2 | 183 |1152 |-1.024171e+01 |      --      |    Inf | unknown
 4825s|120900 |120901 | 39932k| 330.2 |   727M | 113 | 602 | 202 | 765 | 969k|  3 | 183 |1152 |-1.024171e+01 |      --      |    Inf | unknown
 4830s|121000 |121001 | 39968k| 330.2 |   729M | 113 | 602 | 201 | 721 | 969k|  5 | 183 |1152 |-1.024171e+01 |      --      |    Inf | unknown
 4833s|121100 |121101 | 39993k| 330.2 |   730M | 113 | 602 | 201 | 912 | 970k|  2 | 183 |1152 |-1.024171e+01 |      --      |    Inf | unknown
 4835s|121200 |121201 | 40016k| 330.1 |   730M | 113 | 602 | 201 | 863 | 971k|  3 | 183 |1153 |-1.024171e+01 |      --      |    Inf | unknown
 4839s|121300 |121301 | 40054k| 330.1 |   731M | 113 | 602 | 201 | 822 | 971k|  2 | 183 |1153 |-1.024171e+01 |      --      |    Inf | unknown
 time | node  | left  |LP iter|LP it/n|mem/heur|mdpt |vars |cons |rows |cuts |sepa|confs|strbr|  dualbound   | primalbound  |  gap   | compl. 
 4842s|121400 |121401 | 40079k| 330.1 |   731M | 113 | 602 | 201 | 652 | 972k|  4 | 183 |1153 |-1.024171e+01 |      --      |    Inf | unknown
 4845s|121500 |121501 | 40101k| 330.0 |   731M | 113 | 602 | 201 | 872 | 973k|  3 | 183 |1153 |-1.024171e+01 |      --      |    Inf | unknown
 4848s|121600 |121601 | 40126k| 329.9 |   731M | 113 | 602 | 201 | 849 | 973k|  2 | 183 |1154 |-1.024171e+01 |      --      |    Inf | unknown
 4851s|121700 |121701 | 40159k| 329.9 |   731M | 113 | 602 | 201 | 710 | 974k|  2 | 183 |1154 |-1.024171e+01 |      --      |    Inf | unknown
 4857s|121800 |121801 | 40189k| 329.9 |   733M | 113 | 602 | 201 | 565 | 975k|  1 | 183 |1154 |-1.024171e+01 |      --      |    Inf | unknown
 4860s|121900 |121901 | 40216k| 329.8 |   734M | 113 | 602 | 201 | 874 | 976k|  2 | 183 |1155 |-1.024171e+01 |      --      |    Inf | unknown
 4864s|122000 |122001 | 40251k| 329.8 |   734M | 113 | 602 | 201 | 796 | 977k|  3 | 183 |1155 |-1.024171e+01 |      --      |    Inf | unknown
 4868s|122100 |122101 | 40285k| 329.9 |   734M | 113 | 602 | 201 | 715 | 977k|  2 | 183 |1155 |-1.024171e+01 |      --      |    Inf | unknown
 4870s|122200 |122201 | 40308k| 329.8 |   734M | 113 | 602 | 201 | 907 | 978k|  4 | 183 |1156 |-1.024171e+01 |      --      |    Inf | unknown
 4874s|122300 |122301 | 40340k| 329.8 |   734M | 113 | 602 | 201 | 833 | 979k|  2 | 183 |1157 |-1.024171e+01 |      --      |    Inf | unknown
 4878s|122400 |122401 | 40367k| 329.7 |   735M | 113 | 602 | 201 | 759 | 979k|  2 | 183 |1157 |-1.024171e+01 |      --      |    Inf | unknown
 4881s|122500 |122501 | 40392k| 329.7 |   737M | 113 | 602 | 201 | 666 | 980k|  3 | 183 |1157 |-1.024171e+01 |      --      |    Inf | unknown
 4883s|122600 |122601 | 40416k| 329.6 |   737M | 113 | 602 | 201 | 801 | 981k|  2 | 183 |1157 |-1.024171e+01 |      --      |    Inf | unknown
 4891s|122700 |122701 | 40455k| 329.6 |   737M | 113 | 602 | 201 | 796 | 982k|  2 | 183 |1157 |-1.024171e+01 |      --      |    Inf | unknown
 4895s|122800 |122801 | 40495k| 329.7 |   738M | 113 | 602 | 201 | 749 | 982k|  4 | 183 |1157 |-1.024171e+01 |      --      |    Inf | unknown
 time | node  | left  |LP iter|LP it/n|mem/heur|mdpt |vars |cons |rows |cuts |sepa|confs|strbr|  dualbound   | primalbound  |  gap   | compl. 
 4899s|122900 |122901 | 40527k| 329.7 |   738M | 113 | 602 | 201 | 803 | 983k|  2 | 183 |1157 |-1.024171e+01 |      --      |    Inf | unknown
 4901s|123000 |123001 | 40550k| 329.6 |   738M | 113 | 602 | 201 | 904 | 984k|  2 | 183 |1157 |-1.024171e+01 |      --      |    Inf | unknown
 4904s|123100 |123101 | 40576k| 329.5 |   740M | 113 | 602 | 201 | 748 | 985k|  2 | 183 |1157 |-1.024171e+01 |      --      |    Inf | unknown
 4908s|123200 |123201 | 40606k| 329.5 |   741M | 113 | 602 | 201 | 675 | 985k|  1 | 183 |1157 |-1.024171e+01 |      --      |    Inf | unknown
 4910s|123300 |123301 | 40628k| 329.4 |   741M | 113 | 602 | 201 | 919 | 986k|  2 | 183 |1157 |-1.024171e+01 |      --      |    Inf | unknown
 4914s|123400 |123401 | 40654k| 329.4 |   741M | 113 | 602 | 202 | 829 | 987k|  3 | 184 |1157 |-1.024171e+01 |      --      |    Inf | unknown
 4917s|123500 |123501 | 40685k| 329.4 |   741M | 113 | 602 | 202 | 753 | 988k|  2 | 184 |1157 |-1.024171e+01 |      --      |    Inf | unknown
 4924s|123600 |123601 | 40718k| 329.4 |   741M | 113 | 602 | 202 | 566 | 988k|  2 | 184 |1157 |-1.024171e+01 |      --      |    Inf | unknown
 4927s|123700 |123701 | 40745k| 329.3 |   742M | 113 | 602 | 202 | 864 | 989k|  1 | 184 |1157 |-1.024171e+01 |      --      |    Inf | unknown
 4930s|123800 |123801 | 40770k| 329.2 |   742M | 113 | 602 | 202 | 823 | 990k|  1 | 184 |1157 |-1.024171e+01 |      --      |    Inf | unknown
 4934s|123900 |123901 | 40806k| 329.3 |   742M | 113 | 602 | 201 | 775 | 990k|  2 | 184 |1157 |-1.024171e+01 |      --      |    Inf | unknown
 4936s|124000 |124001 | 40828k| 329.2 |   742M | 113 | 602 | 201 | 926 | 991k|  2 | 184 |1157 |-1.024171e+01 |      --      |    Inf | unknown
 4941s|124100 |124101 | 40866k| 329.2 |   743M | 113 | 602 | 201 | 876 | 992k|  4 | 184 |1157 |-1.024171e+01 |      --      |    Inf | unknown
 4944s|124200 |124201 | 40895k| 329.2 |   743M | 113 | 602 | 201 | 754 | 993k|  5 | 184 |1157 |-1.024171e+01 |      --      |    Inf | unknown
 4947s|124300 |124301 | 40921k| 329.1 |   743M | 113 | 602 | 201 | 684 | 994k|  5 | 184 |1158 |-1.024171e+01 |      --      |    Inf | unknown
 time | node  | left  |LP iter|LP it/n|mem/heur|mdpt |vars |cons |rows |cuts |sepa|confs|strbr|  dualbound   | primalbound  |  gap   | compl. 
 4949s|124400 |124401 | 40942k| 329.0 |   744M | 113 | 602 | 201 | 821 | 994k|  4 | 184 |1158 |-1.024171e+01 |      --      |    Inf | unknown
 4957s|124500 |124501 | 40974k| 329.0 |   745M | 113 | 602 | 201 | 804 | 995k|  4 | 184 |1158 |-1.024171e+01 |      --      |    Inf | unknown
 4961s|124600 |124601 | 41005k| 329.0 |   746M | 113 | 602 | 201 | 707 | 996k|  2 | 184 |1158 |-1.024171e+01 |      --      |    Inf | unknown
 4964s|124700 |124701 | 41036k| 329.0 |   747M | 113 | 602 | 202 | 607 | 996k|  2 | 185 |1158 |-1.024171e+01 |      --      |    Inf | unknown
 4968s|124800 |124801 | 41067k| 329.0 |   747M | 113 | 602 | 202 | 858 | 997k|  2 | 185 |1159 |-1.024171e+01 |      --      |    Inf | unknown
 4970s|124900 |124901 | 41090k| 328.9 |   747M | 113 | 602 | 202 | 813 | 998k|  5 | 185 |1159 |-1.024171e+01 |      --      |    Inf | unknown
 4973s|125000 |125001 | 41113k| 328.8 |   747M | 113 | 602 | 202 | 721 | 998k|  2 | 185 |1160 |-1.024171e+01 |      --      |    Inf | unknown
 4975s|125100 |125101 | 41133k| 328.7 |   749M | 113 | 602 | 202 | 955 | 999k|  3 | 185 |1160 |-1.024171e+01 |      --      |    Inf | unknown
 4978s|125200 |125201 | 41162k| 328.7 |   749M | 113 | 602 | 202 | 823 |1000k|  2 | 185 |1160 |-1.024171e+01 |      --      |    Inf | unknown
 4984s|125300 |125301 | 41195k| 328.7 |   750M | 113 | 602 | 201 | 723 |1001k|  2 | 185 |1160 |-1.024171e+01 |      --      |    Inf | unknown
 4988s|125400 |125401 | 41226k| 328.7 |   750M | 113 | 602 | 201 | 611 |1001k|  2 | 185 |1161 |-1.024171e+01 |      --      |    Inf | unknown
 4991s|125500 |125501 | 41252k| 328.6 |   750M | 113 | 602 | 201 | 860 |1002k|  3 | 185 |1161 |-1.024171e+01 |      --      |    Inf | unknown
 4995s|125600 |125601 | 41288k| 328.7 |   750M | 113 | 602 | 201 | 760 |1003k|  2 | 185 |1161 |-1.024171e+01 |      --      |    Inf | unknown
 4998s|125700 |125701 | 41313k| 328.6 |   751M | 113 | 602 | 201 | 744 |1003k|  2 | 185 |1162 |-1.024171e+01 |      --      |    Inf | unknown
 5001s|125800 |125801 | 41341k| 328.6 |   751M | 113 | 602 | 201 | 729 |1004k|  2 | 185 |1162 |-1.024171e+01 |      --      |    Inf | unknown
 time | node  | left  |LP iter|LP it/n|mem/heur|mdpt |vars |cons |rows |cuts |sepa|confs|strbr|  dualbound   | primalbound  |  gap   | compl. 
 5004s|125900 |125901 | 41366k| 328.5 |   751M | 113 | 602 | 201 | 819 |1005k|  2 | 185 |1162 |-1.024171e+01 |      --      |    Inf | unknown
 5008s|126000 |126001 | 41393k| 328.4 |   751M | 113 | 602 | 201 | 771 |1006k|  2 | 185 |1163 |-1.024171e+01 |      --      |    Inf | unknown
 5011s|126100 |126101 | 41424k| 328.4 |   751M | 113 | 602 | 201 | 697 |1006k|  4 | 185 |1163 |-1.024171e+01 |      --      |    Inf | unknown
 5014s|126200 |126201 | 41450k| 328.4 |   752M | 113 | 602 | 202 | 918 |1007k|  2 | 186 |1163 |-1.024171e+01 |      --      |    Inf | unknown
 5022s|126300 |126301 | 41488k| 328.4 |   753M | 113 | 602 | 202 | 804 |1008k|  1 | 186 |1163 |-1.024171e+01 |      --      |    Inf | unknown
 5025s|126400 |126401 | 41516k| 328.4 |   754M | 113 | 602 | 202 | 778 |1009k|  3 | 186 |1163 |-1.024171e+01 |      --      |    Inf | unknown
 5028s|126500 |126501 | 41548k| 328.4 |   754M | 113 | 602 | 202 | 583 |1009k|  1 | 186 |1163 |-1.024171e+01 |      --      |    Inf | unknown
 5032s|126600 |126601 | 41576k| 328.3 |   754M | 113 | 602 | 202 | 863 |1010k|  2 | 186 |1163 |-1.024171e+01 |      --      |    Inf | unknown
 5036s|126700 |126701 | 41612k| 328.4 |   754M | 113 | 602 | 201 | 827 |1011k|  3 | 186 |1163 |-1.024171e+01 |      --      |    Inf | unknown
 5039s|126800 |126801 | 41636k| 328.3 |   754M | 113 | 602 | 201 | 707 |1011k|  2 | 186 |1163 |-1.024171e+01 |      --      |    Inf | unknown
 5042s|126900 |126901 | 41659k| 328.2 |   754M | 113 | 602 | 201 | 947 |1012k|  2 | 186 |1163 |-1.024171e+01 |      --      |    Inf | unknown
 5045s|127000 |127001 | 41688k| 328.2 |   755M | 113 | 602 | 201 | 798 |1013k|  4 | 186 |1163 |-1.024171e+01 |      --      |    Inf | unknown
 5052s|127100 |127101 | 41725k| 328.2 |   756M | 113 | 602 | 201 | 738 |1014k|  2 | 186 |1164 |-1.024171e+01 |      --      |    Inf | unknown
 5056s|127200 |127201 | 41756k| 328.2 |   756M | 113 | 602 | 202 | 684 |1014k|  2 | 187 |1164 |-1.024171e+01 |      --      |    Inf | unknown
 5058s|127300 |127301 | 41782k| 328.1 |   756M | 113 | 602 | 202 | 907 |1015k|  2 | 187 |1164 |-1.024171e+01 |      --      |    Inf | unknown
 time | node  | left  |LP iter|LP it/n|mem/heur|mdpt |vars |cons |rows |cuts |sepa|confs|strbr|  dualbound   | primalbound  |  gap   | compl. 
 5062s|127400 |127401 | 41820k| 328.2 |   756M | 113 | 602 | 202 | 771 |1016k|  3 | 187 |1164 |-1.024171e+01 |      --      |    Inf | unknown
 5066s|127500 |127501 | 41852k| 328.2 |   757M | 113 | 602 | 201 | 735 |1017k|  2 | 187 |1164 |-1.024171e+01 |      --      |    Inf | unknown
 5069s|127600 |127601 | 41875k| 328.1 |   757M | 113 | 602 | 201 | 599 |1017k|  4 | 187 |1164 |-1.024171e+01 |      --      |    Inf | unknown
 5072s|127700 |127701 | 41900k| 328.0 |   759M | 113 | 602 | 201 | 861 |1018k|  2 | 187 |1164 |-1.024171e+01 |      --      |    Inf | unknown
 5075s|127800 |127801 | 41926k| 328.0 |   759M | 113 | 602 | 201 | 739 |1019k|  4 | 187 |1164 |-1.024171e+01 |      --      |    Inf | unknown
 5083s|127900 |127901 | 41967k| 328.0 |   759M | 113 | 602 | 201 | 675 |1020k|  5 | 187 |1164 |-1.024171e+01 |      --      |    Inf | unknown
 5086s|128000 |128001 | 41992k| 328.0 |   759M | 113 | 602 | 201 | 945 |1020k|  2 | 187 |1164 |-1.024171e+01 |      --      |    Inf | unknown
 5089s|128100 |128101 | 42015k| 327.9 |   759M | 113 | 602 | 201 | 788 |1021k|  2 | 187 |1165 |-1.024171e+01 |      --      |    Inf | unknown
 5093s|128200 |128201 | 42053k| 328.0 |   761M | 113 | 602 | 202 | 761 |1022k|  2 | 188 |1165 |-1.024171e+01 |      --      |    Inf | unknown
 5097s|128300 |128301 | 42083k| 327.9 |   761M | 113 | 602 | 202 | 720 |1022k|  3 | 188 |1165 |-1.024171e+01 |      --      |    Inf | unknown
 5100s|128400 |128401 | 42113k| 327.9 |   762M | 113 | 602 | 201 | 876 |1023k|  4 | 188 |1165 |-1.024171e+01 |      --      |    Inf | unknown
 5103s|128500 |128501 | 42140k| 327.9 |   762M | 113 | 602 | 201 | 802 |1024k|  4 | 188 |1165 |-1.024171e+01 |      --      |    Inf | unknown
 5107s|128600 |128601 | 42171k| 327.9 |   762M | 113 | 602 | 201 | 739 |1025k|  2 | 188 |1165 |-1.024171e+01 |      --      |    Inf | unknown
 5109s|128700 |128701 | 42195k| 327.8 |   762M | 113 | 602 | 201 | 748 |1025k|  2 | 188 |1165 |-1.024171e+01 |      --      |    Inf | unknown
 5115s|128800 |128801 | 42226k| 327.8 |   765M | 113 | 602 | 202 | 805 |1026k|  3 | 189 |1165 |-1.024171e+01 |      --      |    Inf | unknown
 time | node  | left  |LP iter|LP it/n|mem/heur|mdpt |vars |cons |rows |cuts |sepa|confs|strbr|  dualbound   | primalbound  |  gap   | compl. 
 5119s|128900 |128901 | 42259k| 327.8 |   765M | 113 | 602 | 203 | 767 |1027k|  2 | 190 |1165 |-1.024171e+01 |      --      |    Inf | unknown
 5124s|129000 |129001 | 42300k| 327.8 |   765M | 113 | 602 | 201 | 694 |1027k|  3 | 190 |1165 |-1.024168e+01 |      --      |    Inf | unknown
 5126s|129100 |129101 | 42323k| 327.8 |   767M | 113 | 602 | 201 | 884 |1028k|  2 | 190 |1166 |-1.024168e+01 |      --      |    Inf | unknown
 5129s|129200 |129201 | 42352k| 327.7 |   768M | 113 | 602 | 201 | 830 |1029k|  4 | 190 |1166 |-1.024168e+01 |      --      |    Inf | unknown
 5132s|129300 |129301 | 42375k| 327.7 |   768M | 113 | 602 | 201 | 760 |1030k|  3 | 190 |1166 |-1.024168e+01 |      --      |    Inf | unknown
 5136s|129400 |129401 | 42399k| 327.6 |   769M | 113 | 602 | 202 | 595 |1030k|  1 | 191 |1166 |-1.024168e+01 |      --      |    Inf | unknown
 5139s|129500 |129501 | 42426k| 327.5 |   769M | 113 | 602 | 202 | 845 |1031k|  2 | 191 |1167 |-1.024168e+01 |      --      |    Inf | unknown
 5142s|129600 |129601 | 42459k| 327.5 |   769M | 113 | 602 | 203 | 801 |1032k|  4 | 192 |1167 |-1.024168e+01 |      --      |    Inf | unknown
 5148s|129700 |129701 | 42490k| 327.5 |   769M | 113 | 602 | 203 | 682 |1032k|  3 | 192 |1167 |-1.024168e+01 |      --      |    Inf | unknown
 5151s|129800 |129801 | 42513k| 327.5 |   770M | 113 | 602 | 202 | 924 |1033k|  2 | 192 |1167 |-1.024168e+01 |      --      |    Inf | unknown
 5154s|129900 |129901 | 42549k| 327.5 |   771M | 113 | 602 | 202 | 805 |1034k|  2 | 192 |1167 |-1.024168e+01 |      --      |    Inf | unknown
 5157s|130000 |130001 | 42573k| 327.4 |   772M | 113 | 602 | 202 | 764 |1034k|  1 | 192 |1167 |-1.024168e+01 |      --      |    Inf | unknown
 5161s|130100 |130101 | 42601k| 327.4 |   772M | 113 | 602 | 202 | 631 |1035k|  2 | 193 |1167 |-1.024168e+01 |      --      |    Inf | unknown
 5165s|130200 |130201 | 42625k| 327.3 |   772M | 113 | 602 | 202 | 840 |1035k|  2 | 193 |1167 |-1.024168e+01 |      --      |    Inf | unknown
 5168s|130300 |130301 | 42653k| 327.3 |   772M | 113 | 602 | 202 | 763 |1036k|  3 | 193 |1167 |-1.024168e+01 |      --      |    Inf | unknown
 time | node  | left  |LP iter|LP it/n|mem/heur|mdpt |vars |cons |rows |cuts |sepa|confs|strbr|  dualbound   | primalbound  |  gap   | compl. 
 5176s|130400 |130401 | 42691k| 327.3 |   772M | 113 | 602 | 202 | 798 |1037k|  2 | 193 |1168 |-1.024168e+01 |      --      |    Inf | unknown
 5179s|130500 |130501 | 42716k| 327.3 |   773M | 113 | 602 | 202 | 651 |1038k|  2 | 193 |1168 |-1.024168e+01 |      --      |    Inf | unknown
 5183s|130600 |130601 | 42746k| 327.2 |   774M | 113 | 602 | 201 | 858 |1038k|  3 | 193 |1168 |-1.024168e+01 |      --      |    Inf | unknown
 5188s|130700 |130701 | 42778k| 327.2 |   774M | 113 | 602 | 201 | 832 |1039k|  2 | 193 |1169 |-1.024168e+01 |      --      |    Inf | unknown
 5193s|130800 |130801 | 42817k| 327.3 |   775M | 113 | 602 | 203 | 666 |1040k|  2 | 195 |1169 |-1.024168e+01 |      --      |    Inf | unknown
 5196s|130900 |130901 | 42843k| 327.2 |   775M | 113 | 602 | 203 | 870 |1041k|  2 | 195 |1169 |-1.024168e+01 |      --      |    Inf | unknown
 5201s|131000 |131001 | 42879k| 327.3 |   776M | 113 | 602 | 204 | 901 |1041k|  2 | 196 |1169 |-1.024168e+01 |      --      |    Inf | unknown
 5205s|131100 |131101 | 42905k| 327.2 |   777M | 113 | 602 | 205 | 741 |1042k|  2 | 197 |1169 |-1.024168e+01 |      --      |    Inf | unknown
 5213s|131200 |131201 | 42949k| 327.3 |   779M | 113 | 602 | 203 | 667 |1043k|  2 | 197 |1169 |-1.024168e+01 |      --      |    Inf | unknown
 5218s|131300 |131301 | 42981k| 327.3 |   779M | 113 | 602 | 202 | 902 |1044k|  2 | 197 |1169 |-1.024168e+01 |      --      |    Inf | unknown
 5222s|131400 |131401 | 43010k| 327.3 |   779M | 113 | 602 | 201 | 816 |1044k|  3 | 197 |1169 |-1.024168e+01 |      --      |    Inf | unknown
 5225s|131500 |131501 | 43036k| 327.2 |   779M | 113 | 602 | 202 | 721 |1045k|  2 | 198 |1169 |-1.024168e+01 |      --      |    Inf | unknown
 5228s|131600 |131601 | 43067k| 327.2 |   779M | 113 | 602 | 203 | 724 |1046k|  2 | 199 |1169 |-1.024168e+01 |      --      |    Inf | unknown
 5233s|131700 |131701 | 43100k| 327.2 |   780M | 113 | 602 | 203 | 799 |1046k|  2 | 199 |1169 |-1.024168e+01 |      --      |    Inf | unknown
 5237s|131800 |131801 | 43131k| 327.2 |   781M | 113 | 602 | 204 | 832 |1047k|  4 | 200 |1169 |-1.024168e+01 |      --      |    Inf | unknown
 time | node  | left  |LP iter|LP it/n|mem/heur|mdpt |vars |cons |rows |cuts |sepa|confs|strbr|  dualbound   | primalbound  |  gap   | compl. 
 5241s|131900 |131901 | 43162k| 327.2 |   781M | 113 | 602 | 202 | 731 |1048k|  5 | 200 |1169 |-1.024168e+01 |      --      |    Inf | unknown
 5244s|132000 |132001 | 43186k| 327.1 |   781M | 113 | 602 | 202 | 892 |1048k|  4 | 200 |1169 |-1.024168e+01 |      --      |    Inf | unknown
 5252s|132100 |132101 | 43222k| 327.1 |   781M | 113 | 602 | 204 | 828 |1049k|  4 | 202 |1169 |-1.024168e+01 |      --      |    Inf | unknown
 5256s|132200 |132201 | 43252k| 327.1 |   781M | 113 | 602 | 204 | 765 |1050k|  5 | 202 |1169 |-1.024168e+01 |      --      |    Inf | unknown
 5260s|132300 |132301 | 43288k| 327.1 |   782M | 113 | 602 | 203 | 607 |1051k|  2 | 202 |1169 |-1.024168e+01 |      --      |    Inf | unknown
 5264s|132400 |132401 | 43326k| 327.2 |   782M | 113 | 602 | 203 | 887 |1051k|  4 | 202 |1169 |-1.024168e+01 |      --      |    Inf | unknown
 5268s|132500 |132501 | 43355k| 327.1 |   783M | 113 | 602 | 202 | 746 |1052k|  2 | 203 |1169 |-1.024168e+01 |      --      |    Inf | unknown
 5271s|132600 |132601 | 43382k| 327.1 |   783M | 113 | 602 | 202 | 707 |1053k|  3 | 203 |1169 |-1.024168e+01 |      --      |    Inf | unknown
 5275s|132700 |132701 | 43410k| 327.1 |   783M | 113 | 602 | 202 | 915 |1054k|  3 | 203 |1169 |-1.024168e+01 |      --      |    Inf | unknown
 5278s|132800 |132801 | 43437k| 327.0 |   783M | 113 | 602 | 202 | 829 |1054k|  2 | 203 |1169 |-1.024168e+01 |      --      |    Inf | unknown
 5285s|132900 |132901 | 43473k| 327.0 |   783M | 113 | 602 | 202 | 684 |1055k|  2 | 204 |1169 |-1.024168e+01 |      --      |    Inf | unknown
 5290s|133000 |133001 | 43514k| 327.1 |   785M | 113 | 602 | 202 | 640 |1056k|  2 | 204 |1169 |-1.024168e+01 |      --      |    Inf | unknown
 5293s|133100 |133101 | 43541k| 327.1 |   785M | 113 | 602 | 202 | 861 |1057k|  1 | 204 |1169 |-1.024168e+01 |      --      |    Inf | unknown
 5297s|133200 |133201 | 43580k| 327.1 |   787M | 113 | 602 | 202 | 847 |1058k|  2 | 205 |1169 |-1.024168e+01 |      --      |    Inf | unknown
 5300s|133300 |133301 | 43604k| 327.0 |   788M | 113 | 602 | 202 | 689 |1058k|  2 | 205 |1169 |-1.024168e+01 |      --      |    Inf | unknown
 time | node  | left  |LP iter|LP it/n|mem/heur|mdpt |vars |cons |rows |cuts |sepa|confs|strbr|  dualbound   | primalbound  |  gap   | compl. 
 5303s|133400 |133401 | 43633k| 327.0 |   788M | 113 | 602 | 202 | 621 |1059k|  4 | 205 |1171 |-1.024168e+01 |      --      |    Inf | unknown
 5307s|133500 |133501 | 43666k| 327.0 |   788M | 113 | 602 | 202 | 815 |1060k|  2 | 205 |1171 |-1.024168e+01 |      --      |    Inf | unknown
 5315s|133600 |133601 | 43703k| 327.1 |   788M | 113 | 602 | 202 | 760 |1061k|  2 | 205 |1171 |-1.024168e+01 |      --      |    Inf | unknown
 5319s|133700 |133701 | 43732k| 327.0 |   788M | 113 | 602 | 201 | 675 |1061k|  2 | 205 |1172 |-1.024168e+01 |      --      |    Inf | unknown
 5321s|133800 |133801 | 43753k| 326.9 |   788M | 113 | 602 | 201 | 914 |1062k|  1 | 205 |1172 |-1.024168e+01 |      --      |    Inf | unknown
 5324s|133900 |133901 | 43783k| 326.9 |   790M | 113 | 602 | 201 | 769 |1063k|  2 | 205 |1172 |-1.024168e+01 |      --      |    Inf | unknown
 5328s|134000 |134001 | 43816k| 326.9 |   790M | 113 | 602 | 201 | 694 |1063k|  2 | 205 |1173 |-1.024168e+01 |      --      |    Inf | unknown
 5332s|134100 |134101 | 43850k| 326.9 |   791M | 113 | 602 | 201 | 681 |1064k|  3 | 205 |1173 |-1.024168e+01 |      --      |    Inf | unknown
 5336s|134200 |134201 | 43879k| 326.9 |   791M | 113 | 602 | 201 | 855 |1065k|  2 | 205 |1173 |-1.024168e+01 |      --      |    Inf | unknown
 5339s|134300 |134301 | 43903k| 326.8 |   791M | 113 | 602 | 202 | 801 |1065k|  2 | 206 |1173 |-1.024168e+01 |      --      |    Inf | unknown
 5342s|134400 |134401 | 43929k| 326.8 |   791M | 113 | 602 | 202 | 789 |1066k|  2 | 206 |1173 |-1.024168e+01 |      --      |    Inf | unknown
 5349s|134500 |134501 | 43962k| 326.8 |   796M | 113 | 602 | 202 | 780 |1067k|  1 | 206 |1173 |-1.024168e+01 |      --      |    Inf | unknown
 5352s|134600 |134601 | 43988k| 326.7 |   799M | 113 | 602 | 202 | 852 |1068k|  2 | 206 |1173 |-1.024168e+01 |      --      |    Inf | unknown
 5355s|134700 |134701 | 44017k| 326.7 |   800M | 113 | 602 | 202 | 799 |1068k|  2 | 206 |1174 |-1.024168e+01 |      --      |    Inf | unknown
 5359s|134800 |134801 | 44054k| 326.7 |   800M | 113 | 602 | 201 | 708 |1069k|  2 | 206 |1174 |-1.024168e+01 |      --      |    Inf | unknown
 time | node  | left  |LP iter|LP it/n|mem/heur|mdpt |vars |cons |rows |cuts |sepa|confs|strbr|  dualbound   | primalbound  |  gap   | compl. 
 5362s|134900 |134901 | 44077k| 326.7 |   800M | 113 | 602 | 201 | 883 |1070k|  2 | 206 |1175 |-1.024168e+01 |      --      |    Inf | unknown
 5365s|135000 |135001 | 44107k| 326.6 |   800M | 113 | 602 | 201 | 907 |1070k|  2 | 206 |1175 |-1.024168e+01 |      --      |    Inf | unknown
 5368s|135100 |135101 | 44133k| 326.6 |   800M | 113 | 602 | 201 | 730 |1071k|  5 | 206 |1176 |-1.024168e+01 |      --      |    Inf | unknown
 5371s|135200 |135201 | 44161k| 326.6 |   800M | 113 | 602 | 201 | 616 |1072k|  2 | 206 |1176 |-1.024168e+01 |      --      |    Inf | unknown
 5374s|135300 |135301 | 44186k| 326.5 |   801M | 113 | 602 | 201 | 850 |1073k|  2 | 206 |1176 |-1.024168e+01 |      --      |    Inf | unknown
 5381s|135400 |135401 | 44229k| 326.6 |   801M | 113 | 602 | 201 | 739 |1073k|  2 | 206 |1176 |-1.024168e+01 |      --      |    Inf | unknown
 5384s|135500 |135501 | 44254k| 326.5 |   802M | 113 | 602 | 202 | 718 |1074k|  2 | 207 |1176 |-1.024168e+01 |      --      |    Inf | unknown
 5387s|135600 |135601 | 44276k| 326.4 |   802M | 113 | 602 | 202 | 894 |1075k|  3 | 207 |1176 |-1.024168e+01 |      --      |    Inf | unknown
 5390s|135700 |135701 | 44311k| 326.5 |   802M | 113 | 602 | 202 | 885 |1075k|  2 | 207 |1176 |-1.024168e+01 |      --      |    Inf | unknown
 5394s|135800 |135801 | 44346k| 326.5 |   804M | 113 | 602 | 202 | 724 |1076k|  2 | 207 |1177 |-1.024168e+01 |      --      |    Inf | unknown
 5399s|135900 |135901 | 44379k| 326.5 |   805M | 113 | 602 | 201 | 693 |1077k|  4 | 207 |1177 |-1.024168e+01 |      --      |    Inf | unknown
 5402s|136000 |136001 | 44403k| 326.4 |   805M | 113 | 602 | 201 | 870 |1078k|  5 | 207 |1177 |-1.024168e+01 |      --      |    Inf | unknown
 5405s|136100 |136101 | 44428k| 326.4 |   805M | 113 | 602 | 201 | 708 |1078k|  2 | 207 |1177 |-1.024168e+01 |      --      |    Inf | unknown
 5408s|136200 |136201 | 44456k| 326.3 |   805M | 113 | 602 | 201 | 737 |1079k|  2 | 207 |1177 |-1.024168e+01 |      --      |    Inf | unknown
 5416s|136300 |136301 | 44493k| 326.4 |   805M | 113 | 602 | 202 | 657 |1080k|  3 | 208 |1177 |-1.024168e+01 |      --      |    Inf | unknown
 time | node  | left  |LP iter|LP it/n|mem/heur|mdpt |vars |cons |rows |cuts |sepa|confs|strbr|  dualbound   | primalbound  |  gap   | compl. 
 5419s|136400 |136401 | 44518k| 326.3 |   807M | 113 | 602 | 202 | 877 |1080k|  2 | 208 |1177 |-1.024168e+01 |      --      |    Inf | unknown
 5424s|136500 |136501 | 44560k| 326.4 |   807M | 113 | 602 | 201 | 730 |1081k|  2 | 208 |1177 |-1.024168e+01 |      --      |    Inf | unknown
 5426s|136600 |136601 | 44584k| 326.3 |   809M | 113 | 602 | 202 | 762 |1082k|  2 | 209 |1177 |-1.024168e+01 |      --      |    Inf | unknown
 5428s|136700 |136701 | 44604k| 326.2 |   811M | 113 | 602 | 202 | 893 |1082k|  4 | 209 |1177 |-1.024168e+01 |      --      |    Inf | unknown
 5431s|136800 |136801 | 44630k| 326.2 |   811M | 113 | 602 | 202 | 827 |1083k|  2 | 209 |1177 |-1.024168e+01 |      --      |    Inf | unknown
 5435s|136900 |136901 | 44662k| 326.2 |   812M | 113 | 602 | 202 | 780 |1084k|  2 | 209 |1177 |-1.024168e+01 |      --      |    Inf | unknown
 5438s|137000 |137001 | 44683k| 326.1 |   812M | 113 | 602 | 202 | 658 |1085k|  3 | 209 |1177 |-1.024168e+01 |      --      |    Inf | unknown
 5446s|137100 |137101 | 44717k| 326.1 |   812M | 113 | 602 | 201 | 834 |1085k|  2 | 209 |1177 |-1.024168e+01 |      --      |    Inf | unknown
 5449s|137200 |137201 | 44748k| 326.1 |   812M | 113 | 602 | 201 | 815 |1086k|  4 | 209 |1177 |-1.024168e+01 |      --      |    Inf | unknown
 5452s|137300 |137301 | 44773k| 326.0 |   813M | 113 | 602 | 201 | 713 |1087k|  3 | 209 |1177 |-1.024168e+01 |      --      |    Inf | unknown
 5456s|137400 |137401 | 44811k| 326.1 |   813M | 113 | 602 | 201 | 763 |1087k|  2 | 209 |1177 |-1.024168e+01 |      --      |    Inf | unknown
 5459s|137500 |137501 | 44836k| 326.0 |   813M | 113 | 602 | 201 | 823 |1088k|  2 | 209 |1177 |-1.024168e+01 |      --      |    Inf | unknown
 5463s|137600 |137601 | 44864k| 326.0 |   814M | 113 | 602 | 201 | 826 |1089k|  2 | 209 |1177 |-1.024168e+01 |      --      |    Inf | unknown
 5468s|137700 |137701 | 44900k| 326.0 |   814M | 113 | 602 | 202 | 704 |1090k|  2 | 210 |1178 |-1.024168e+01 |      --      |    Inf | unknown
 5470s|137800 |137801 | 44922k| 325.9 |   814M | 113 | 602 | 202 | 933 |1090k|  3 | 210 |1178 |-1.024168e+01 |      --      |    Inf | unknown
 time | node  | left  |LP iter|LP it/n|mem/heur|mdpt |vars |cons |rows |cuts |sepa|confs|strbr|  dualbound   | primalbound  |  gap   | compl. 
 5478s|137900 |137901 | 44958k| 326.0 |   814M | 113 | 602 | 202 | 827 |1091k|  2 | 210 |1179 |-1.024168e+01 |      --      |    Inf | unknown
 5482s|138000 |138001 | 44989k| 325.9 |   815M | 113 | 602 | 201 | 727 |1092k|  1 | 210 |1179 |-1.024168e+01 |      --      |    Inf | unknown
 5485s|138100 |138101 | 45013k| 325.9 |   816M | 113 | 602 | 201 | 654 |1092k|  2 | 210 |1179 |-1.024168e+01 |      --      |    Inf | unknown
 5487s|138200 |138201 | 45035k| 325.8 |   816M | 113 | 602 | 201 | 855 |1093k|  2 | 210 |1179 |-1.024168e+01 |      --      |    Inf | unknown
 5491s|138300 |138301 | 45074k| 325.8 |   817M | 113 | 602 | 201 | 839 |1094k|  3 | 210 |1180 |-1.024168e+01 |      --      |    Inf | unknown
 5495s|138400 |138401 | 45108k| 325.9 |   817M | 113 | 602 | 201 | 763 |1095k|  2 | 210 |1180 |-1.024168e+01 |      --      |    Inf | unknown
 5498s|138500 |138501 | 45135k| 325.8 |   817M | 113 | 602 | 201 | 923 |1095k|  2 | 210 |1181 |-1.024168e+01 |      --      |    Inf | unknown
 5501s|138600 |138601 | 45163k| 325.8 |   817M | 113 | 602 | 201 | 819 |1096k|  2 | 210 |1181 |-1.024168e+01 |      --      |    Inf | unknown
 5505s|138700 |138701 | 45189k| 325.7 |   818M | 113 | 602 | 201 | 743 |1097k|  2 | 210 |1181 |-1.024168e+01 |      --      |    Inf | unknown
 5510s|138800 |138801 | 45220k| 325.7 |   819M | 113 | 602 | 201 | 686 |1097k|  2 | 210 |1181 |-1.024168e+01 |      --      |    Inf | unknown
 5513s|138900 |138901 | 45246k| 325.7 |   819M | 113 | 602 | 201 | 878 |1098k|  1 | 210 |1181 |-1.024168e+01 |      --      |    Inf | unknown
 5516s|139000 |139001 | 45277k| 325.7 |   819M | 113 | 602 | 201 | 826 |1099k|  5 | 210 |1181 |-1.024168e+01 |      --      |    Inf | unknown
 5520s|139100 |139101 | 45313k| 325.7 |   819M | 113 | 602 | 201 | 746 |1100k|  2 | 210 |1181 |-1.024168e+01 |      --      |    Inf | unknown
 5523s|139200 |139201 | 45339k| 325.6 |   819M | 113 | 602 | 201 | 652 |1100k|  4 | 210 |1181 |-1.024168e+01 |      --      |    Inf | unknown
 5526s|139300 |139301 | 45364k| 325.6 |   821M | 113 | 602 | 201 | 867 |1101k|  1 | 210 |1181 |-1.024168e+01 |      --      |    Inf | unknown
 time | node  | left  |LP iter|LP it/n|mem/heur|mdpt |vars |cons |rows |cuts |sepa|confs|strbr|  dualbound   | primalbound  |  gap   | compl. 
 5530s|139400 |139401 | 45395k| 325.6 |   821M | 113 | 602 | 201 | 810 |1102k|  4 | 210 |1181 |-1.024168e+01 |      --      |    Inf | unknown
 5534s|139500 |139501 | 45427k| 325.6 |   822M | 113 | 602 | 201 | 757 |1103k|  2 | 210 |1181 |-1.024168e+01 |      --      |    Inf | unknown
 5538s|139600 |139601 | 45459k| 325.6 |   823M | 113 | 602 | 201 | 925 |1103k|  2 | 210 |1181 |-1.024168e+01 |      --      |    Inf | unknown
 5545s|139700 |139701 | 45494k| 325.6 |   823M | 113 | 602 | 203 | 842 |1104k|  2 | 212 |1181 |-1.024168e+01 |      --      |    Inf | unknown
 5549s|139800 |139801 | 45523k| 325.6 |   823M | 113 | 602 | 203 | 774 |1105k|  2 | 212 |1181 |-1.024168e+01 |      --      |    Inf | unknown
 5553s|139900 |139901 | 45558k| 325.6 |   824M | 113 | 602 | 203 | 631 |1106k|  4 | 212 |1181 |-1.024168e+01 |      --      |    Inf | unknown
 5558s|140000 |140001 | 45589k| 325.6 |   825M | 113 | 602 | 203 | 895 |1106k|  2 | 212 |1181 |-1.024168e+01 |      --      |    Inf | unknown
 5562s|140100 |140101 | 45624k| 325.6 |   826M | 113 | 602 | 202 | 772 |1107k|  1 | 213 |1181 |-1.024168e+01 |      --      |    Inf | unknown
 5566s|140200 |140201 | 45652k| 325.6 |   826M | 113 | 602 | 203 | 699 |1108k|  4 | 214 |1181 |-1.024168e+01 |      --      |    Inf | unknown
 5575s|140300 |140301 | 45689k| 325.6 |   826M | 113 | 602 | 203 | 725 |1109k|  2 | 215 |1181 |-1.024168e+01 |      --      |    Inf | unknown
 5579s|140400 |140401 | 45719k| 325.6 |   826M | 113 | 602 | 203 | 884 |1109k|  2 | 215 |1181 |-1.024168e+01 |      --      |    Inf | unknown
 5583s|140500 |140501 | 45748k| 325.5 |   826M | 113 | 602 | 204 | 723 |1110k|  2 | 216 |1181 |-1.024168e+01 |      --      |    Inf | unknown
 5586s|140600 |140601 | 45778k| 325.5 |   826M | 113 | 602 | 204 | 685 |1111k|  5 | 216 |1181 |-1.024168e+01 |      --      |    Inf | unknown
 5589s|140700 |140701 | 45801k| 325.5 |   828M | 113 | 602 | 204 | 876 |1112k|  2 | 216 |1182 |-1.024168e+01 |      --      |    Inf | unknown
 5594s|140800 |140801 | 45846k| 325.5 |   829M | 113 | 602 | 202 | 820 |1112k|  2 | 216 |1182 |-1.024168e+01 |      --      |    Inf | unknown
 time | node  | left  |LP iter|LP it/n|mem/heur|mdpt |vars |cons |rows |cuts |sepa|confs|strbr|  dualbound   | primalbound  |  gap   | compl. 
 5597s|140900 |140901 | 45874k| 325.5 |   829M | 113 | 602 | 202 | 723 |1113k|  4 | 216 |1182 |-1.024168e+01 |      --      |    Inf | unknown
 5601s|141000 |141001 | 45905k| 325.5 |   831M | 113 | 602 | 201 | 675 |1114k|  5 | 216 |1182 |-1.024168e+01 |      --      |    Inf | unknown
 5604s|141100 |141101 | 45927k| 325.4 |   831M | 113 | 602 | 201 | 842 |1115k|  2 | 216 |1182 |-1.024168e+01 |      --      |    Inf | unknown
 5612s|141200 |141201 | 45967k| 325.5 |   832M | 113 | 602 | 201 | 752 |1115k|  4 | 216 |1182 |-1.024168e+01 |      --      |    Inf | unknown
 5616s|141300 |141301 | 45999k| 325.5 |   833M | 113 | 602 | 201 | 687 |1116k|  2 | 216 |1182 |-1.024168e+01 |      --      |    Inf | unknown
 5619s|141400 |141401 | 46026k| 325.4 |   833M | 113 | 602 | 201 | 901 |1117k|  2 | 216 |1183 |-1.024168e+01 |      --      |    Inf | unknown
 5623s|141500 |141501 | 46060k| 325.4 |   833M | 113 | 602 | 201 | 837 |1118k|  2 | 216 |1183 |-1.024168e+01 |      --      |    Inf | unknown
 5627s|141600 |141601 | 46095k| 325.5 |   833M | 113 | 602 | 202 | 774 |1118k|  5 | 217 |1183 |-1.024168e+01 |      --      |    Inf | unknown
 5630s|141700 |141701 | 46123k| 325.4 |   833M | 113 | 602 | 202 | 708 |1119k|  5 | 217 |1183 |-1.024168e+01 |      --      |    Inf | unknown
 5633s|141800 |141801 | 46149k| 325.4 |   833M | 113 | 602 | 202 | 900 |1120k|  1 | 217 |1183 |-1.024168e+01 |      --      |    Inf | unknown
 5636s|141900 |141901 | 46180k| 325.4 |   833M | 113 | 602 | 202 | 828 |1121k|  2 | 217 |1184 |-1.024168e+01 |      --      |    Inf | unknown
 5642s|142000 |142001 | 46211k| 325.4 |   836M | 113 | 602 | 202 | 790 |1121k|  4 | 217 |1184 |-1.024168e+01 |      --      |    Inf | unknown
 5645s|142100 |142101 | 46236k| 325.3 |   836M | 113 | 602 | 202 | 620 |1122k|  4 | 218 |1184 |-1.024168e+01 |      --      |    Inf | unknown
 5648s|142200 |142201 | 46265k| 325.3 |   836M | 113 | 602 | 202 | 892 |1123k|  4 | 218 |1184 |-1.024168e+01 |      --      |    Inf | unknown
 5651s|142300 |142301 | 46291k| 325.2 |   836M | 113 | 602 | 202 | 779 |1123k|  3 | 218 |1184 |-1.024168e+01 |      --      |    Inf | unknown
 time | node  | left  |LP iter|LP it/n|mem/heur|mdpt |vars |cons |rows |cuts |sepa|confs|strbr|  dualbound   | primalbound  |  gap   | compl. 
 5656s|142400 |142401 | 46335k| 325.3 |   836M | 113 | 602 | 202 | 668 |1124k|  2 | 218 |1184 |-1.024168e+01 |      --      |    Inf | unknown
 5660s|142500 |142501 | 46360k| 325.3 |   836M | 113 | 602 | 202 | 929 |1125k|  2 | 218 |1184 |-1.024168e+01 |      --      |    Inf | unknown
 5664s|142600 |142601 | 46391k| 325.3 |   836M | 113 | 602 | 201 | 815 |1126k|  1 | 218 |1184 |-1.024168e+01 |      --      |    Inf | unknown
 5667s|142700 |142701 | 46417k| 325.2 |   837M | 113 | 602 | 201 | 688 |1126k|  2 | 218 |1184 |-1.024168e+01 |      --      |    Inf | unknown
 5674s|142800 |142801 | 46455k| 325.2 |   837M | 113 | 602 | 201 | 627 |1127k|  5 | 218 |1185 |-1.024168e+01 |      --      |    Inf | unknown
 5677s|142900 |142901 | 46484k| 325.2 |   837M | 113 | 602 | 201 | 898 |1128k|  1 | 218 |1185 |-1.024168e+01 |      --      |    Inf | unknown
 5680s|143000 |143001 | 46514k| 325.2 |   838M | 113 | 602 | 201 | 807 |1129k|  4 | 218 |1185 |-1.024168e+01 |      --      |    Inf | unknown
 5685s|143100 |143101 | 46550k| 325.2 |   838M | 113 | 602 | 201 | 741 |1130k|  2 | 218 |1185 |-1.024168e+01 |      --      |    Inf | unknown
 5689s|143200 |143201 | 46587k| 325.3 |   838M | 113 | 602 | 202 | 709 |1130k|  4 | 219 |1185 |-1.024168e+01 |      --      |    Inf | unknown
 5693s|143300 |143301 | 46619k| 325.3 |   839M | 113 | 602 | 203 | 852 |1131k|  2 | 220 |1186 |-1.024168e+01 |      --      |    Inf | unknown
 5701s|143400 |143401 | 46655k| 325.3 |   840M | 113 | 602 | 203 | 750 |1132k|  2 | 220 |1186 |-1.024168e+01 |      --      |    Inf | unknown
 5704s|143500 |143501 | 46685k| 325.3 |   840M | 113 | 602 | 204 | 717 |1133k|  3 | 221 |1186 |-1.024168e+01 |      --      |    Inf | unknown
 5707s|143600 |143601 | 46709k| 325.2 |   840M | 113 | 602 | 204 | 905 |1133k|  2 | 221 |1186 |-1.024168e+01 |      --      |    Inf | unknown
 5711s|143700 |143701 | 46740k| 325.2 |   841M | 113 | 602 | 202 | 901 |1134k|  3 | 221 |1187 |-1.024168e+01 |      --      |    Inf | unknown
 5715s|143800 |143801 | 46777k| 325.2 |   841M | 113 | 602 | 201 | 776 |1135k|  3 | 221 |1187 |-1.024168e+01 |      --      |    Inf | unknown
 time | node  | left  |LP iter|LP it/n|mem/heur|mdpt |vars |cons |rows |cuts |sepa|confs|strbr|  dualbound   | primalbound  |  gap   | compl. 
 5718s|143900 |143901 | 46803k| 325.2 |   842M | 113 | 602 | 202 | 703 |1136k|  4 | 222 |1187 |-1.024168e+01 |      --      |    Inf | unknown
 5721s|144000 |144001 | 46839k| 325.2 |   843M | 113 | 602 | 202 | 869 |1136k|  4 | 222 |1187 |-1.024168e+01 |      --      |    Inf | unknown
 5724s|144100 |144101 | 46863k| 325.1 |   844M | 113 | 602 | 202 | 818 |1137k|  2 | 222 |1187 |-1.024168e+01 |      --      |    Inf | unknown
 5732s|144200 |144201 | 46905k| 325.2 |   845M | 113 | 602 | 201 | 719 |1138k|  1 | 222 |1187 |-1.024168e+01 |      --      |    Inf | unknown
 5735s|144300 |144301 | 46930k| 325.2 |   845M | 113 | 602 | 201 | 883 |1139k|  2 | 222 |1187 |-1.024168e+01 |      --      |    Inf | unknown
 5738s|144400 |144401 | 46959k| 325.1 |   845M | 113 | 602 | 201 | 861 |1139k|  3 | 222 |1187 |-1.024168e+01 |      --      |    Inf | unknown
 5741s|144500 |144501 | 46991k| 325.1 |   845M | 113 | 602 | 201 | 759 |1140k|  2 | 222 |1188 |-1.024168e+01 |      --      |    Inf | unknown
 5744s|144600 |144601 | 47016k| 325.1 |   845M | 113 | 602 | 201 | 648 |1141k|  4 | 222 |1188 |-1.024168e+01 |      --      |    Inf | unknown
 5747s|144700 |144701 | 47040k| 325.0 |   847M | 113 | 602 | 201 | 894 |1142k|  2 | 222 |1188 |-1.024168e+01 |      --      |    Inf | unknown
 5752s|144800 |144801 | 47081k| 325.1 |   847M | 113 | 602 | 201 | 841 |1142k|  5 | 222 |1188 |-1.024168e+01 |      --      |    Inf | unknown
 5755s|144900 |144901 | 47117k| 325.1 |   848M | 113 | 602 | 201 | 722 |1143k|  2 | 222 |1189 |-1.024168e+01 |      --      |    Inf | unknown
 5758s|145000 |145001 | 47142k| 325.1 |   848M | 113 | 602 | 201 | 562 |1144k|  2 | 222 |1189 |-1.024168e+01 |      --      |    Inf | unknown
 5764s|145100 |145101 | 47173k| 325.0 |   848M | 113 | 602 | 201 | 862 |1145k|  2 | 222 |1189 |-1.024168e+01 |      --      |    Inf | unknown
 5768s|145200 |145201 | 47202k| 325.0 |   848M | 113 | 602 | 201 | 810 |1145k|  2 | 222 |1189 |-1.024168e+01 |      --      |    Inf | unknown
 5771s|145300 |145301 | 47235k| 325.0 |   850M | 113 | 602 | 201 | 703 |1146k|  3 | 222 |1189 |-1.024168e+01 |      --      |    Inf | unknown
 time | node  | left  |LP iter|LP it/n|mem/heur|mdpt |vars |cons |rows |cuts |sepa|confs|strbr|  dualbound   | primalbound  |  gap   | compl. 
 5774s|145400 |145401 | 47258k| 325.0 |   850M | 113 | 602 | 201 | 887 |1147k|  4 | 222 |1189 |-1.024168e+01 |      --      |    Inf | unknown
 5778s|145500 |145501 | 47295k| 325.0 |   850M | 113 | 602 | 201 | 829 |1148k|  3 | 222 |1190 |-1.024168e+01 |      --      |    Inf | unknown
 5781s|145600 |145601 | 47321k| 324.9 |   850M | 113 | 602 | 201 | 800 |1148k|  2 | 222 |1191 |-1.024168e+01 |      --      |    Inf | unknown
 5785s|145700 |145701 | 47356k| 325.0 |   850M | 113 | 602 | 201 | 601 |1149k|  2 | 222 |1191 |-1.024168e+01 |      --      |    Inf | unknown
 5788s|145800 |145801 | 47382k| 324.9 |   850M | 113 | 602 | 201 | 872 |1150k|  2 | 222 |1191 |-1.024168e+01 |      --      |    Inf | unknown
 5792s|145900 |145901 | 47412k| 324.9 |   850M | 113 | 602 | 201 | 816 |1150k|  2 | 222 |1191 |-1.024168e+01 |      --      |    Inf | unknown
 5799s|146000 |146001 | 47444k| 324.9 |   851M | 113 | 602 | 201 | 758 |1151k|  2 | 222 |1191 |-1.024168e+01 |      --      |    Inf | unknown
 5801s|146100 |146101 | 47471k| 324.9 |   851M | 113 | 602 | 201 | 755 |1152k|  1 | 222 |1191 |-1.024168e+01 |      --      |    Inf | unknown
 5804s|146200 |146201 | 47493k| 324.8 |   851M | 113 | 602 | 201 | 814 |1152k|  4 | 222 |1191 |-1.024168e+01 |      --      |    Inf | unknown
 5807s|146300 |146301 | 47521k| 324.8 |   851M | 113 | 602 | 201 | 799 |1153k|  5 | 222 |1191 |-1.024168e+01 |      --      |    Inf | unknown
 5811s|146400 |146401 | 47556k| 324.8 |   852M | 113 | 602 | 202 | 694 |1154k|  2 | 223 |1191 |-1.024168e+01 |      --      |    Inf | unknown
 5815s|146500 |146501 | 47591k| 324.8 |   852M | 113 | 602 | 202 | 947 |1155k|  5 | 223 |1191 |-1.024168e+01 |      --      |    Inf | unknown
 5819s|146600 |146601 | 47626k| 324.8 |   853M | 113 | 602 | 202 | 799 |1156k|  2 | 223 |1192 |-1.024168e+01 |      --      |    Inf | unknown
 5828s|146700 |146701 | 47662k| 324.8 |   854M | 113 | 602 | 202 | 732 |1157k|  2 | 223 |1192 |-1.024168e+01 |      --      |    Inf | unknown
 5832s|146800 |146801 | 47694k| 324.8 |   856M | 113 | 602 | 201 | 598 |1157k|  2 | 223 |1192 |-1.024168e+01 |      --      |    Inf | unknown
 time | node  | left  |LP iter|LP it/n|mem/heur|mdpt |vars |cons |rows |cuts |sepa|confs|strbr|  dualbound   | primalbound  |  gap   | compl. 
 5834s|146900 |146901 | 47716k| 324.8 |   856M | 113 | 602 | 201 | 855 |1158k|  2 | 223 |1192 |-1.024168e+01 |      --      |    Inf | unknown
 5837s|147000 |147001 | 47743k| 324.7 |   856M | 113 | 602 | 201 | 828 |1159k|  2 | 223 |1193 |-1.024168e+01 |      --      |    Inf | unknown
 5840s|147100 |147101 | 47768k| 324.7 |   856M | 113 | 602 | 201 | 725 |1160k|  2 | 223 |1193 |-1.024168e+01 |      --      |    Inf | unknown
 5843s|147200 |147201 | 47798k| 324.6 |   856M | 113 | 602 | 201 | 941 |1160k|  1 | 223 |1193 |-1.024168e+01 |      --      |    Inf | unknown
 5847s|147300 |147301 | 47829k| 324.6 |   857M | 113 | 602 | 201 | 839 |1161k|  3 | 223 |1193 |-1.024168e+01 |      --      |    Inf | unknown
 5851s|147400 |147401 | 47865k| 324.7 |   858M | 113 | 602 | 201 | 769 |1162k|  1 | 223 |1193 |-1.024168e+01 |      --      |    Inf | unknown
 5859s|147500 |147501 | 47897k| 324.7 |   858M | 113 | 602 | 201 | 610 |1162k|  2 | 223 |1193 |-1.024168e+01 |      --      |    Inf | unknown
 5862s|147600 |147601 | 47926k| 324.6 |   858M | 113 | 602 | 201 | 881 |1163k|  1 | 223 |1193 |-1.024168e+01 |      --      |    Inf | unknown
 5866s|147700 |147701 | 47959k| 324.6 |   858M | 113 | 602 | 201 | 837 |1164k|  2 | 223 |1193 |-1.024168e+01 |      --      |    Inf | unknown
 5870s|147800 |147801 | 47994k| 324.7 |   859M | 113 | 602 | 201 | 696 |1165k|  3 | 223 |1193 |-1.024168e+01 |      --      |    Inf | unknown
 5873s|147900 |147901 | 48016k| 324.6 |   859M | 113 | 602 | 201 | 600 |1165k|  2 | 223 |1193 |-1.024168e+01 |      --      |    Inf | unknown
 5876s|148000 |148001 | 48043k| 324.6 |   861M | 113 | 602 | 201 | 854 |1166k|  3 | 223 |1193 |-1.024168e+01 |      --      |    Inf | unknown
 5878s|148100 |148101 | 48068k| 324.5 |   861M | 113 | 602 | 201 | 779 |1167k|  2 | 223 |1193 |-1.024168e+01 |      --      |    Inf | unknown
 5882s|148200 |148201 | 48100k| 324.5 |   861M | 113 | 602 | 201 | 692 |1168k|  2 | 223 |1194 |-1.024168e+01 |      --      |    Inf | unknown
 5885s|148300 |148301 | 48127k| 324.5 |   861M | 113 | 602 | 202 | 902 |1168k|  2 | 224 |1194 |-1.024168e+01 |      --      |    Inf | unknown
 time | node  | left  |LP iter|LP it/n|mem/heur|mdpt |vars |cons |rows |cuts |sepa|confs|strbr|  dualbound   | primalbound  |  gap   | compl. 
 5892s|148400 |148401 | 48168k| 324.5 |   862M | 113 | 602 | 202 | 854 |1169k|  1 | 224 |1194 |-1.024168e+01 |      --      |    Inf | unknown
 5896s|148500 |148501 | 48199k| 324.5 |   862M | 113 | 602 | 202 | 800 |1170k|  2 | 224 |1194 |-1.024168e+01 |      --      |    Inf | unknown
 5899s|148600 |148601 | 48224k| 324.5 |   863M | 113 | 602 | 201 | 676 |1171k|  2 | 224 |1195 |-1.024168e+01 |      --      |    Inf | unknown
 5901s|148700 |148701 | 48248k| 324.4 |   863M | 113 | 602 | 201 | 854 |1171k|  2 | 224 |1195 |-1.024168e+01 |      --      |    Inf | unknown
 5904s|148800 |148801 | 48275k| 324.4 |   863M | 113 | 602 | 201 | 804 |1172k|  2 | 224 |1196 |-1.024168e+01 |      --      |    Inf | unknown
 5908s|148900 |148901 | 48310k| 324.4 |   863M | 113 | 602 | 201 | 668 |1173k|  2 | 224 |1196 |-1.024168e+01 |      --      |    Inf | unknown
 5913s|149000 |149001 | 48348k| 324.4 |   863M | 113 | 602 | 202 | 732 |1174k|  2 | 225 |1196 |-1.024168e+01 |      --      |    Inf | unknown
 5917s|149100 |149101 | 48382k| 324.4 |   863M | 113 | 602 | 202 | 798 |1174k|  2 | 225 |1196 |-1.024168e+01 |      --      |    Inf | unknown
 5920s|149200 |149201 | 48409k| 324.4 |   864M | 113 | 602 | 202 | 776 |1175k|  4 | 225 |1196 |-1.024168e+01 |      --      |    Inf | unknown
 5927s|149300 |149301 | 48444k| 324.4 |   865M | 113 | 602 | 203 | 665 |1176k|  2 | 226 |1196 |-1.024168e+01 |      --      |    Inf | unknown
 5931s|149400 |149401 | 48473k| 324.4 |   865M | 113 | 602 | 202 | 880 |1176k|  2 | 226 |1196 |-1.024168e+01 |      --      |    Inf | unknown
 5933s|149500 |149501 | 48496k| 324.3 |   866M | 113 | 602 | 202 | 715 |1177k|  2 | 226 |1196 |-1.024168e+01 |      --      |    Inf | unknown
 5937s|149600 |149601 | 48524k| 324.3 |   866M | 113 | 602 | 202 | 769 |1178k|  2 | 226 |1196 |-1.024168e+01 |      --      |    Inf | unknown
 5940s|149700 |149701 | 48551k| 324.3 |   866M | 113 | 602 | 202 | 669 |1179k|  2 | 226 |1196 |-1.024168e+01 |      --      |    Inf | unknown
 5942s|149800 |149801 | 48575k| 324.2 |   866M | 113 | 602 | 201 | 826 |1179k|  4 | 226 |1196 |-1.024168e+01 |      --      |    Inf | unknown
 time | node  | left  |LP iter|LP it/n|mem/heur|mdpt |vars |cons |rows |cuts |sepa|confs|strbr|  dualbound   | primalbound  |  gap   | compl. 
 5947s|149900 |149901 | 48617k| 324.3 |   867M | 113 | 602 | 201 | 802 |1180k|  3 | 226 |1196 |-1.024168e+01 |      --      |    Inf | unknown
 5956s|150000 |150001 | 48653k| 324.3 |   868M | 113 | 602 | 201 | 668 |1181k|  2 | 226 |1196 |-1.024168e+01 |      --      |    Inf | unknown
 5958s|150100 |150101 | 48680k| 324.3 |   868M | 113 | 602 | 201 | 884 |1181k|  1 | 226 |1196 |-1.024168e+01 |      --      |    Inf | unknown
 5963s|150200 |150201 | 48718k| 324.3 |   868M | 113 | 602 | 201 | 801 |1182k|  2 | 226 |1196 |-1.024168e+01 |      --      |    Inf | unknown
 5967s|150300 |150301 | 48747k| 324.3 |   868M | 113 | 602 | 201 | 795 |1183k|  2 | 226 |1196 |-1.024168e+01 |      --      |    Inf | unknown
 5970s|150400 |150401 | 48774k| 324.2 |   870M | 113 | 602 | 201 | 678 |1184k|  2 | 226 |1196 |-1.024168e+01 |      --      |    Inf | unknown
 5972s|150500 |150501 | 48797k| 324.2 |   870M | 113 | 602 | 201 | 869 |1184k|  2 | 226 |1198 |-1.024168e+01 |      --      |    Inf | unknown
 5975s|150600 |150601 | 48823k| 324.1 |   870M | 113 | 602 | 201 | 759 |1185k|  2 | 226 |1198 |-1.024168e+01 |      --      |    Inf | unknown
 5979s|150700 |150701 | 48862k| 324.2 |   871M | 113 | 602 | 201 | 698 |1186k|  3 | 226 |1198 |-1.024168e+01 |      --      |    Inf | unknown
 5988s|150800 |150801 | 48906k| 324.2 |   873M | 113 | 602 | 201 | 693 |1187k|  4 | 226 |1198 |-1.024149e+01 |      --      |    Inf | unknown
 5990s|150900 |150901 | 48930k| 324.2 |   873M | 113 | 602 | 201 | 861 |1187k|  1 | 226 |1198 |-1.024149e+01 |      --      |    Inf | unknown
 5993s|151000 |151001 | 48957k| 324.2 |   873M | 113 | 602 | 201 | 806 |1188k|  1 | 226 |1198 |-1.024149e+01 |      --      |    Inf | unknown
 5997s|151100 |151101 | 48987k| 324.1 |   874M | 113 | 602 | 202 | 715 |1189k|  2 | 227 |1198 |-1.024145e+01 |      --      |    Inf | unknown
 5999s|151200 |151201 | 49012k| 324.1 |   874M | 113 | 602 | 202 | 881 |1190k|  2 | 227 |1198 |-1.024145e+01 |      --      |    Inf | unknown
 6004s|151300 |151301 | 49051k| 324.1 |   875M | 113 | 602 | 202 | 817 |1190k|  2 | 227 |1199 |-1.024145e+01 |      --      |    Inf | unknown
 time | node  | left  |LP iter|LP it/n|mem/heur|mdpt |vars |cons |rows |cuts |sepa|confs|strbr|  dualbound   | primalbound  |  gap   | compl. 
 6008s|151400 |151401 | 49085k| 324.1 |   875M | 113 | 602 | 201 | 719 |1191k|  2 | 227 |1199 |-1.024142e+01 |      --      |    Inf | unknown
 6011s|151500 |151501 | 49122k| 324.2 |   875M | 113 | 602 | 201 | 677 |1192k|  3 | 227 |1200 |-1.024142e+01 |      --      |    Inf | unknown
 6017s|151600 |151601 | 49151k| 324.2 |   875M | 113 | 602 | 201 | 854 |1192k|  3 | 227 |1200 |-1.024142e+01 |      --      |    Inf | unknown
 6020s|151700 |151701 | 49183k| 324.1 |   875M | 113 | 602 | 202 | 734 |1193k|  2 | 228 |1200 |-1.024141e+01 |      --      |    Inf | unknown
 6024s|151800 |151801 | 49215k| 324.1 |   875M | 113 | 602 | 202 | 755 |1194k|  3 | 228 |1200 |-1.024141e+01 |      --      |    Inf | unknown
 6026s|151900 |151901 | 49240k| 324.1 |   875M | 113 | 602 | 202 | 915 |1195k|  3 | 228 |1200 |-1.024141e+01 |      --      |    Inf | unknown
 6030s|152000 |152001 | 49271k| 324.1 |   878M | 113 | 602 | 202 | 850 |1195k|  2 | 228 |1200 |-1.024138e+01 |      --      |    Inf | unknown
 6035s|152100 |152101 | 49303k| 324.1 |   878M | 113 | 602 | 202 | 814 |1196k|  2 | 228 |1200 |-1.024138e+01 |      --      |    Inf | unknown
 6037s|152200 |152201 | 49326k| 324.0 |   878M | 113 | 602 | 201 | 580 |1197k|  2 | 228 |1201 |-1.024122e+01 |      --      |    Inf | unknown
 6041s|152300 |152301 | 49361k| 324.0 |   878M | 113 | 602 | 201 | 913 |1198k|  2 | 228 |1202 |-1.024122e+01 |      --      |    Inf | unknown
 6049s|152400 |152401 | 49397k| 324.1 |   878M | 113 | 602 | 202 | 800 |1198k|  2 | 229 |1202 |-1.024122e+01 |      --      |    Inf | unknown
 6053s|152500 |152501 | 49431k| 324.1 |   878M | 113 | 602 | 202 | 713 |1199k|  2 | 229 |1202 |-1.024119e+01 |      --      |    Inf | unknown
 6056s|152600 |152601 | 49459k| 324.0 |   879M | 113 | 602 | 202 | 578 |1200k|  2 | 229 |1202 |-1.024119e+01 |      --      |    Inf | unknown
 6059s|152700 |152701 | 49488k| 324.0 |   881M | 113 | 602 | 202 | 814 |1201k|  1 | 229 |1202 |-1.024119e+01 |      --      |    Inf | unknown
 6062s|152800 |152801 | 49515k| 324.0 |   881M | 113 | 602 | 201 | 747 |1202k|  3 | 229 |1202 |-1.024118e+01 |      --      |    Inf | unknown
 time | node  | left  |LP iter|LP it/n|mem/heur|mdpt |vars |cons |rows |cuts |sepa|confs|strbr|  dualbound   | primalbound  |  gap   | compl. 
 6066s|152900 |152901 | 49546k| 324.0 |   882M | 113 | 602 | 201 | 696 |1202k|  2 | 229 |1202 |-1.024118e+01 |      --      |    Inf | unknown
 6070s|153000 |153001 | 49576k| 324.0 |   882M | 113 | 602 | 201 | 877 |1203k|  2 | 229 |1202 |-1.024118e+01 |      --      |    Inf | unknown
 6074s|153100 |153101 | 49616k| 324.0 |   882M | 113 | 602 | 201 | 812 |1204k|  3 | 229 |1202 |-1.024117e+01 |      --      |    Inf | unknown
 6083s|153200 |153201 | 49653k| 324.0 |   883M | 113 | 602 | 201 | 769 |1205k|  1 | 229 |1203 |-1.024117e+01 |      --      |    Inf | unknown
 6085s|153300 |153301 | 49677k| 324.0 |   884M | 113 | 602 | 201 | 676 |1205k|  2 | 229 |1203 |-1.024117e+01 |      --      |    Inf | unknown
 6089s|153400 |153401 | 49708k| 324.0 |   884M | 113 | 602 | 202 | 866 |1206k|  2 | 230 |1203 |-1.024109e+01 |      --      |    Inf | unknown
 6092s|153500 |153501 | 49740k| 324.0 |   886M | 113 | 602 | 202 | 833 |1207k|  4 | 230 |1203 |-1.024109e+01 |      --      |    Inf | unknown
 6096s|153600 |153601 | 49773k| 324.0 |   886M | 113 | 602 | 203 | 687 |1208k|  2 | 231 |1203 |-1.024109e+01 |      --      |    Inf | unknown
 6099s|153700 |153701 | 49797k| 323.9 |   886M | 113 | 602 | 203 | 608 |1209k|  4 | 231 |1203 |-1.024088e+01 |      --      |    Inf | unknown
 6102s|153800 |153801 | 49823k| 323.9 |   886M | 113 | 602 | 203 | 860 |1210k|  2 | 231 |1203 |-1.024088e+01 |      --      |    Inf | unknown
 6105s|153900 |153901 | 49858k| 323.9 |   886M | 113 | 602 | 202 | 782 |1210k|  1 | 231 |1203 |-1.024088e+01 |      --      |    Inf | unknown
 6115s|154000 |154001 | 49900k| 324.0 |   887M | 113 | 602 | 202 | 691 |1211k|  2 | 231 |1203 |-1.024088e+01 |      --      |    Inf | unknown
 6118s|154100 |154101 | 49933k| 324.0 |   887M | 113 | 602 | 201 | 893 |1212k|  2 | 231 |1203 |-1.024088e+01 |      --      |    Inf | unknown
 6121s|154200 |154201 | 49959k| 323.9 |   888M | 113 | 602 | 201 | 747 |1212k|  2 | 231 |1204 |-1.024088e+01 |      --      |    Inf | unknown
 6124s|154300 |154301 | 49986k| 323.9 |   888M | 113 | 602 | 201 | 748 |1213k|  1 | 231 |1204 |-1.024088e+01 |      --      |    Inf | unknown
 time | node  | left  |LP iter|LP it/n|mem/heur|mdpt |vars |cons |rows |cuts |sepa|confs|strbr|  dualbound   | primalbound  |  gap   | compl. 
 6128s|154400 |154401 | 50017k| 323.9 |   888M | 113 | 602 | 201 | 722 |1214k|  5 | 231 |1204 |-1.024088e+01 |      --      |    Inf | unknown
 6131s|154500 |154501 | 50040k| 323.8 |   888M | 113 | 602 | 201 | 865 |1215k|  3 | 231 |1204 |-1.024088e+01 |      --      |    Inf | unknown
 6134s|154600 |154601 | 50067k| 323.8 |   888M | 113 | 602 | 201 | 797 |1215k|  2 | 231 |1204 |-1.024088e+01 |      --      |    Inf | unknown
 6138s|154700 |154701 | 50109k| 323.9 |   890M | 113 | 602 | 201 | 679 |1216k|  4 | 231 |1204 |-1.024088e+01 |      --      |    Inf | unknown
 6144s|154800 |154801 | 50141k| 323.8 |   890M | 113 | 602 | 201 | 889 |1217k|  2 | 231 |1206 |-1.024088e+01 |      --      |    Inf | unknown
 6147s|154900 |154901 | 50171k| 323.8 |   890M | 113 | 602 | 201 | 800 |1218k|  2 | 231 |1206 |-1.024088e+01 |      --      |    Inf | unknown
 6150s|155000 |155001 | 50199k| 323.8 |   890M | 113 | 602 | 201 | 785 |1218k|  3 | 231 |1206 |-1.024088e+01 |      --      |    Inf | unknown
 6153s|155100 |155101 | 50227k| 323.8 |   890M | 113 | 602 | 201 | 656 |1219k|  4 | 231 |1206 |-1.024088e+01 |      --      |    Inf | unknown
 6157s|155200 |155201 | 50258k| 323.8 |   890M | 113 | 602 | 201 | 810 |1220k|  2 | 231 |1207 |-1.024088e+01 |      --      |    Inf | unknown
 6163s|155300 |155301 | 50294k| 323.8 |   891M | 113 | 602 | 201 | 845 |1220k|  4 | 231 |1207 |-1.024088e+01 |      --      |    Inf | unknown
 6166s|155400 |155401 | 50319k| 323.7 |   891M | 113 | 602 | 202 | 721 |1221k|  3 | 232 |1207 |-1.024088e+01 |      --      |    Inf | unknown
 6169s|155500 |155501 | 50352k| 323.7 |   891M | 113 | 602 | 202 | 611 |1222k|  4 | 232 |1207 |-1.024088e+01 |      --      |    Inf | unknown
 6176s|155600 |155601 | 50384k| 323.7 |   893M | 113 | 602 | 203 | 819 |1223k|  2 | 233 |1207 |-1.024088e+01 |      --      |    Inf | unknown
 6179s|155700 |155701 | 50415k| 323.7 |   893M | 113 | 602 | 203 | 780 |1223k|  2 | 233 |1207 |-1.024088e+01 |      --      |    Inf | unknown
 6183s|155800 |155801 | 50444k| 323.7 |   893M | 113 | 602 | 202 | 723 |1224k|  2 | 233 |1207 |-1.024088e+01 |      --      |    Inf | unknown
 time | node  | left  |LP iter|LP it/n|mem/heur|mdpt |vars |cons |rows |cuts |sepa|confs|strbr|  dualbound   | primalbound  |  gap   | compl. 
 6185s|155900 |155901 | 50468k| 323.7 |   893M | 113 | 602 | 202 | 908 |1225k|  2 | 233 |1207 |-1.024088e+01 |      --      |    Inf | unknown
 6189s|156000 |156001 | 50503k| 323.7 |   894M | 113 | 602 | 202 | 817 |1225k|  4 | 234 |1207 |-1.024088e+01 |      --      |    Inf | unknown
 6192s|156100 |156101 | 50532k| 323.7 |   895M | 113 | 602 | 202 | 717 |1226k|  2 | 234 |1207 |-1.024088e+01 |      --      |    Inf | unknown
 6195s|156200 |156201 | 50556k| 323.6 |   896M | 113 | 602 | 203 | 659 |1227k|  2 | 235 |1207 |-1.024088e+01 |      --      |    Inf | unknown
 6204s|156300 |156301 | 50592k| 323.6 |   896M | 113 | 602 | 202 | 812 |1228k|  2 | 235 |1207 |-1.024088e+01 |      --      |    Inf | unknown
 6209s|156400 |156401 | 50634k| 323.7 |   896M | 113 | 602 | 201 | 794 |1228k|  4 | 235 |1207 |-1.024088e+01 |      --      |    Inf | unknown
 6212s|156500 |156501 | 50665k| 323.7 |   896M | 113 | 602 | 201 | 743 |1229k|  1 | 235 |1207 |-1.024088e+01 |      --      |    Inf | unknown
 6215s|156600 |156601 | 50691k| 323.6 |   896M | 113 | 602 | 201 | 654 |1230k|  2 | 235 |1207 |-1.024088e+01 |      --      |    Inf | unknown
 6218s|156700 |156701 | 50718k| 323.6 |   898M | 113 | 602 | 201 | 815 |1231k|  4 | 235 |1207 |-1.024088e+01 |      --      |    Inf | unknown
 6221s|156800 |156801 | 50746k| 323.6 |   898M | 113 | 602 | 201 | 744 |1231k|  5 | 235 |1207 |-1.024088e+01 |      --      |    Inf | unknown
 6225s|156900 |156901 | 50779k| 323.6 |   899M | 113 | 602 | 202 | 713 |1232k|  2 | 236 |1207 |-1.024071e+01 |      --      |    Inf | unknown
 6228s|157000 |157001 | 50808k| 323.6 |   899M | 113 | 602 | 203 | 888 |1233k|  2 | 237 |1207 |-1.024071e+01 |      --      |    Inf | unknown
 6237s|157100 |157101 | 50845k| 323.6 |   899M | 113 | 602 | 203 | 805 |1233k|  2 | 237 |1207 |-1.024071e+01 |      --      |    Inf | unknown
 6242s|157200 |157201 | 50887k| 323.6 |   899M | 113 | 602 | 203 | 707 |1234k|  2 | 237 |1207 |-1.024054e+01 |      --      |    Inf | unknown
 6246s|157300 |157301 | 50916k| 323.6 |   900M | 113 | 602 | 204 | 650 |1235k|  5 | 238 |1207 |-1.024054e+01 |      --      |    Inf | unknown
 time | node  | left  |LP iter|LP it/n|mem/heur|mdpt |vars |cons |rows |cuts |sepa|confs|strbr|  dualbound   | primalbound  |  gap   | compl. 
 6249s|157400 |157401 | 50947k| 323.6 |   901M | 113 | 602 | 202 | 863 |1236k|  1 | 238 |1207 |-1.024054e+01 |      --      |    Inf | unknown
 6253s|157500 |157501 | 50978k| 323.6 |   901M | 113 | 602 | 202 | 851 |1237k|  3 | 238 |1207 |-1.024049e+01 |      --      |    Inf | unknown
 6257s|157600 |157601 | 51008k| 323.6 |   901M | 113 | 602 | 202 | 666 |1237k|  2 | 238 |1207 |-1.024049e+01 |      --      |    Inf | unknown
 6259s|157700 |157701 | 51032k| 323.5 |   901M | 113 | 602 | 203 | 902 |1238k|  2 | 239 |1207 |-1.024049e+01 |      --      |    Inf | unknown
 6262s|157800 |157801 | 51059k| 323.5 |   901M | 113 | 602 | 203 | 865 |1239k|  4 | 239 |1207 |-1.024044e+01 |      --      |    Inf | unknown
 6268s|157900 |157901 | 51090k| 323.5 |   905M | 113 | 602 | 202 | 789 |1239k|  2 | 239 |1207 |-1.024044e+01 |      --      |    Inf | unknown
 6273s|158000 |158001 | 51132k| 323.6 |   905M | 113 | 602 | 201 | 652 |1240k|  2 | 239 |1207 |-1.024043e+01 |      --      |    Inf | unknown
 6276s|158100 |158101 | 51157k| 323.5 |   906M | 113 | 602 | 201 | 824 |1241k|  1 | 239 |1207 |-1.024043e+01 |      --      |    Inf | unknown
 6279s|158200 |158201 | 51183k| 323.5 |   906M | 113 | 602 | 201 | 802 |1241k|  2 | 239 |1207 |-1.024043e+01 |      --      |    Inf | unknown
 6282s|158300 |158301 | 51215k| 323.5 |   906M | 113 | 602 | 201 | 742 |1242k|  2 | 239 |1208 |-1.024036e+01 |      --      |    Inf | unknown
 6286s|158400 |158401 | 51241k| 323.4 |   906M | 113 | 602 | 202 | 635 |1243k|  2 | 240 |1208 |-1.024036e+01 |      --      |    Inf | unknown
 6290s|158500 |158501 | 51275k| 323.4 |   907M | 113 | 602 | 202 | 860 |1244k|  3 | 240 |1208 |-1.024036e+01 |      --      |    Inf | unknown
 6294s|158600 |158601 | 51303k| 323.4 |   907M | 113 | 602 | 202 | 726 |1244k|  2 | 240 |1208 |-1.024020e+01 |      --      |    Inf | unknown
 6303s|158700 |158701 | 51339k| 323.4 |   907M | 113 | 602 | 201 | 687 |1245k|  1 | 240 |1208 |-1.024020e+01 |      --      |    Inf | unknown
 6306s|158800 |158801 | 51370k| 323.4 |   908M | 113 | 602 | 201 | 899 |1246k|  3 | 240 |1208 |-1.024020e+01 |      --      |    Inf | unknown
 time | node  | left  |LP iter|LP it/n|mem/heur|mdpt |vars |cons |rows |cuts |sepa|confs|strbr|  dualbound   | primalbound  |  gap   | compl. 
 6309s|158900 |158901 | 51399k| 323.4 |   908M | 113 | 602 | 201 | 771 |1247k|  2 | 240 |1208 |-1.024020e+01 |      --      |    Inf | unknown
 6312s|159000 |159001 | 51422k| 323.3 |   909M | 113 | 602 | 201 | 733 |1247k|  5 | 240 |1208 |-1.024020e+01 |      --      |    Inf | unknown
 6316s|159100 |159101 | 51457k| 323.4 |   909M | 113 | 602 | 201 | 642 |1248k|  2 | 240 |1208 |-1.024020e+01 |      --      |    Inf | unknown
 6319s|159200 |159201 | 51486k| 323.3 |   910M | 113 | 602 | 201 | 869 |1249k|  2 | 240 |1208 |-1.024013e+01 |      --      |    Inf | unknown
 6322s|159300 |159301 | 51512k| 323.3 |   910M | 113 | 602 | 201 | 799 |1250k|  2 | 240 |1208 |-1.024013e+01 |      --      |    Inf | unknown
 6325s|159400 |159401 | 51540k| 323.3 |   910M | 113 | 602 | 201 | 680 |1250k|  2 | 240 |1209 |-1.024013e+01 |      --      |    Inf | unknown
 6335s|159500 |159501 | 51585k| 323.4 |   912M | 113 | 602 | 201 | 665 |1251k|  5 | 240 |1209 |-1.024013e+01 |      --      |    Inf | unknown
 6338s|159600 |159601 | 51614k| 323.3 |   912M | 113 | 602 | 201 | 881 |1252k|  1 | 240 |1210 |-1.024013e+01 |      --      |    Inf | unknown
 6342s|159700 |159701 | 51651k| 323.4 |   912M | 113 | 602 | 201 | 770 |1252k|  2 | 240 |1211 |-1.024013e+01 |      --      |    Inf | unknown
 6345s|159800 |159801 | 51678k| 323.3 |   912M | 113 | 602 | 201 | 673 |1253k|  2 | 240 |1211 |-1.024010e+01 |      --      |    Inf | unknown
 6348s|159900 |159901 | 51702k| 323.3 |   912M | 113 | 602 | 201 | 900 |1254k|  4 | 240 |1211 |-1.024010e+01 |      --      |    Inf | unknown
 6352s|160000 |160001 | 51734k| 323.3 |   912M | 113 | 602 | 202 | 793 |1255k|  1 | 241 |1211 |-1.024010e+01 |      --      |    Inf | unknown
 6355s|160100 |160101 | 51762k| 323.3 |   913M | 113 | 602 | 202 | 711 |1255k|  4 | 241 |1211 |-1.024002e+01 |      --      |    Inf | unknown
 6359s|160200 |160201 | 51794k| 323.3 |   914M | 113 | 602 | 202 | 617 |1256k|  4 | 241 |1211 |-1.024002e+01 |      --      |    Inf | unknown
 6361s|160300 |160301 | 51818k| 323.2 |   915M | 113 | 602 | 202 | 871 |1257k|  2 | 241 |1211 |-1.024002e+01 |      --      |    Inf | unknown
 time | node  | left  |LP iter|LP it/n|mem/heur|mdpt |vars |cons |rows |cuts |sepa|confs|strbr|  dualbound   | primalbound  |  gap   | compl. 
 6369s|160400 |160401 | 51855k| 323.2 |   916M | 113 | 602 | 201 | 788 |1258k|  1 | 241 |1211 |-1.023995e+01 |      --      |    Inf | unknown
 6373s|160500 |160501 | 51893k| 323.3 |   916M | 113 | 602 | 201 | 750 |1259k|  2 | 241 |1211 |-1.023995e+01 |      --      |    Inf | unknown
 6376s|160600 |160601 | 51917k| 323.2 |   916M | 113 | 602 | 201 | 854 |1259k|  2 | 241 |1212 |-1.023995e+01 |      --      |    Inf | unknown
 6380s|160700 |160701 | 51953k| 323.2 |   916M | 113 | 602 | 201 | 833 |1260k|  1 | 241 |1212 |-1.023987e+01 |      --      |    Inf | unknown
 6383s|160800 |160801 | 51980k| 323.2 |   917M | 113 | 602 | 201 | 761 |1261k|  2 | 241 |1213 |-1.023987e+01 |      --      |    Inf | unknown
 6386s|160900 |160901 | 52007k| 323.2 |   919M | 113 | 602 | 201 | 641 |1262k|  2 | 241 |1213 |-1.023977e+01 |      --      |    Inf | unknown
 6389s|161000 |161001 | 52030k| 323.1 |   919M | 113 | 602 | 201 | 886 |1262k|  2 | 241 |1213 |-1.023977e+01 |      --      |    Inf | unknown
 6392s|161100 |161101 | 52057k| 323.1 |   919M | 113 | 602 | 201 | 780 |1263k|  4 | 241 |1213 |-1.023977e+01 |      --      |    Inf | unknown
 6399s|161200 |161201 | 52095k| 323.1 |   919M | 113 | 602 | 202 | 699 |1264k|  3 | 242 |1213 |-1.023976e+01 |      --      |    Inf | unknown
 6403s|161300 |161301 | 52130k| 323.1 |   919M | 113 | 602 | 202 | 658 |1265k|  5 | 242 |1213 |-1.023976e+01 |      --      |    Inf | unknown
 6407s|161400 |161401 | 52165k| 323.1 |   921M | 113 | 602 | 201 | 859 |1265k|  4 | 242 |1213 |-1.023976e+01 |      --      |    Inf | unknown
 6410s|161500 |161501 | 52193k| 323.1 |   923M | 113 | 602 | 201 | 696 |1266k|  1 | 242 |1213 |-1.023972e+01 |      --      |    Inf | unknown
 6413s|161600 |161601 | 52222k| 323.1 |   923M | 113 | 602 | 201 | 672 |1267k|  2 | 242 |1213 |-1.023972e+01 |      --      |    Inf | unknown
 6416s|161700 |161701 | 52245k| 323.0 |   923M | 113 | 602 | 201 | 951 |1268k|  3 | 242 |1213 |-1.023972e+01 |      --      |    Inf | unknown
 6421s|161800 |161801 | 52283k| 323.1 |   923M | 113 | 602 | 201 | 824 |1268k|  4 | 242 |1213 |-1.023969e+01 |      --      |    Inf | unknown
 time | node  | left  |LP iter|LP it/n|mem/heur|mdpt |vars |cons |rows |cuts |sepa|confs|strbr|  dualbound   | primalbound  |  gap   | compl. 
 6424s|161900 |161901 | 52308k| 323.0 |   923M | 113 | 602 | 201 | 704 |1269k|  2 | 242 |1213 |-1.023969e+01 |      --      |    Inf | unknown
 6433s|162000 |162001 | 52348k| 323.1 |   923M | 113 | 602 | 202 | 721 |1270k|  2 | 243 |1213 |-1.023969e+01 |      --      |    Inf | unknown
 6436s|162100 |162101 | 52380k| 323.1 |   925M | 113 | 602 | 202 | 872 |1271k|  4 | 243 |1213 |-1.023956e+01 |      --      |    Inf | unknown
 6438s|162200 |162201 | 52405k| 323.0 |   925M | 113 | 602 | 202 | 792 |1271k|  2 | 243 |1213 |-1.023956e+01 |      --      |    Inf | unknown
 6442s|162300 |162301 | 52437k| 323.0 |   925M | 113 | 602 | 202 | 724 |1272k|  2 | 243 |1213 |-1.023956e+01 |      --      |    Inf | unknown
 6445s|162400 |162401 | 52464k| 323.0 |   925M | 113 | 602 | 202 | 672 |1273k|  4 | 243 |1213 |-1.023946e+01 |      --      |    Inf | unknown
 6448s|162500 |162501 | 52491k| 323.0 |   925M | 113 | 602 | 202 | 832 |1274k|  3 | 243 |1213 |-1.023946e+01 |      --      |    Inf | unknown
 6452s|162600 |162601 | 52523k| 323.0 |   926M | 113 | 602 | 201 | 762 |1274k|  2 | 243 |1213 |-1.023946e+01 |      --      |    Inf | unknown
 6461s|162700 |162701 | 52559k| 323.0 |   926M | 113 | 602 | 202 | 660 |1275k|  2 | 244 |1213 |-1.023931e+01 |      --      |    Inf | unknown
 6463s|162800 |162801 | 52584k| 322.9 |   927M | 113 | 602 | 202 | 833 |1276k|  2 | 244 |1213 |-1.023931e+01 |      --      |    Inf | unknown
 6467s|162900 |162901 | 52620k| 323.0 |   927M | 113 | 602 | 202 | 818 |1277k|  5 | 244 |1213 |-1.023931e+01 |      --      |    Inf | unknown
 6470s|163000 |163001 | 52647k| 322.9 |   927M | 113 | 602 | 203 | 765 |1277k|  2 | 245 |1213 |-1.023923e+01 |      --      |    Inf | unknown
 6473s|163100 |163101 | 52676k| 322.9 |   928M | 113 | 602 | 202 | 686 |1278k|  4 | 245 |1213 |-1.023923e+01 |      --      |    Inf | unknown
 6476s|163200 |163201 | 52705k| 322.9 |   928M | 113 | 602 | 202 | 839 |1279k|  2 | 245 |1213 |-1.023923e+01 |      --      |    Inf | unknown
 6481s|163300 |163301 | 52739k| 322.9 |   929M | 113 | 602 | 202 | 844 |1280k|  3 | 245 |1213 |-1.023921e+01 |      --      |    Inf | unknown
 time | node  | left  |LP iter|LP it/n|mem/heur|mdpt |vars |cons |rows |cuts |sepa|confs|strbr|  dualbound   | primalbound  |  gap   | compl. 
 6484s|163400 |163401 | 52766k| 322.9 |   930M | 113 | 602 | 201 | 742 |1280k|  3 | 245 |1215 |-1.023921e+01 |      --      |    Inf | unknown
 6492s|163500 |163501 | 52800k| 322.9 |   930M | 113 | 602 | 201 | 869 |1281k|  4 | 245 |1215 |-1.023921e+01 |      --      |    Inf | unknown
 6494s|163600 |163601 | 52824k| 322.8 |   931M | 113 | 602 | 201 | 830 |1282k|  2 | 245 |1215 |-1.023919e+01 |      --      |    Inf | unknown
 6499s|163700 |163701 | 52872k| 322.9 |   931M | 113 | 602 | 201 | 819 |1283k|  3 | 245 |1216 |-1.023919e+01 |      --      |    Inf | unknown
 6503s|163800 |163801 | 52903k| 322.9 |   932M | 113 | 602 | 201 | 673 |1283k|  5 | 245 |1216 |-1.023917e+01 |      --      |    Inf | unknown
 6506s|163900 |163901 | 52932k| 322.9 |   932M | 113 | 602 | 201 | 828 |1284k|  4 | 245 |1216 |-1.023917e+01 |      --      |    Inf | unknown
 6509s|164000 |164001 | 52959k| 322.9 |   932M | 113 | 602 | 201 | 806 |1285k|  1 | 245 |1217 |-1.023917e+01 |      --      |    Inf | unknown
 6513s|164100 |164101 | 52989k| 322.8 |   933M | 113 | 602 | 201 | 743 |1286k|  2 | 245 |1217 |-1.023917e+01 |      --      |    Inf | unknown
 6515s|164200 |164201 | 53016k| 322.8 |   934M | 113 | 602 | 201 | 648 |1287k|  5 | 245 |1217 |-1.023917e+01 |      --      |    Inf | unknown
 6522s|164300 |164301 | 53047k| 322.8 |   940M | 113 | 602 | 201 | 842 |1287k|  4 | 245 |1218 |-1.023917e+01 |      --      |    Inf | unknown
 6526s|164400 |164401 | 53084k| 322.8 |   940M | 113 | 602 | 201 | 822 |1288k|  2 | 245 |1218 |-1.023910e+01 |      --      |    Inf | unknown
 6530s|164500 |164501 | 53121k| 322.9 |   940M | 113 | 602 | 201 | 714 |1289k|  2 | 245 |1218 |-1.023910e+01 |      --      |    Inf | unknown
 6533s|164600 |164601 | 53146k| 322.8 |   940M | 113 | 602 | 201 | 922 |1290k|  2 | 245 |1218 |-1.023910e+01 |      --      |    Inf | unknown
 6536s|164700 |164701 | 53175k| 322.8 |   941M | 113 | 602 | 201 | 837 |1291k|  3 | 245 |1218 |-1.023903e+01 |      --      |    Inf | unknown
 6540s|164800 |164801 | 53209k| 322.8 |   942M | 113 | 602 | 201 | 734 |1291k|  4 | 245 |1218 |-1.023903e+01 |      --      |    Inf | unknown
 time | node  | left  |LP iter|LP it/n|mem/heur|mdpt |vars |cons |rows |cuts |sepa|confs|strbr|  dualbound   | primalbound  |  gap   | compl. 
 6545s|164900 |164901 | 53241k| 322.8 |   943M | 113 | 602 | 201 | 668 |1292k|  2 | 245 |1218 |-1.023903e+01 |      --      |    Inf | unknown
 6548s|165000 |165001 | 53262k| 322.7 |   943M | 113 | 602 | 201 | 852 |1293k|  2 | 245 |1218 |-1.023901e+01 |      --      |    Inf | unknown
 6550s|165100 |165101 | 53287k| 322.7 |   943M | 113 | 602 | 201 | 845 |1293k|  1 | 245 |1218 |-1.023901e+01 |      --      |    Inf | unknown
 6557s|165200 |165201 | 53321k| 322.7 |   943M | 113 | 602 | 202 | 774 |1294k|  2 | 246 |1218 |-1.023901e+01 |      --      |    Inf | unknown
 6561s|165300 |165301 | 53356k| 322.7 |   944M | 113 | 602 | 202 | 669 |1295k|  3 | 246 |1218 |-1.023891e+01 |      --      |    Inf | unknown
 6563s|165400 |165401 | 53378k| 322.7 |   944M | 113 | 602 | 202 | 819 |1295k|  5 | 246 |1218 |-1.023891e+01 |      --      |    Inf | unknown
 6566s|165500 |165501 | 53406k| 322.6 |   946M | 113 | 602 | 201 | 700 |1296k|  1 | 246 |1218 |-1.023891e+01 |      --      |    Inf | unknown
 6569s|165600 |165601 | 53436k| 322.6 |   946M | 113 | 602 | 201 | 597 |1296k|  4 | 246 |1218 |-1.023891e+01 |      --      |    Inf | unknown
 6572s|165700 |165701 | 53463k| 322.6 |   946M | 113 | 602 | 201 | 848 |1297k|  3 | 246 |1219 |-1.023891e+01 |      --      |    Inf | unknown
 6576s|165800 |165801 | 53493k| 322.6 |   946M | 113 | 602 | 201 | 817 |1298k|  2 | 246 |1219 |-1.023880e+01 |      --      |    Inf | unknown
 6585s|165900 |165901 | 53533k| 322.6 |   946M | 113 | 602 | 201 | 729 |1299k|  2 | 246 |1219 |-1.023880e+01 |      --      |    Inf | unknown
 6588s|166000 |166001 | 53563k| 322.6 |   947M | 113 | 602 | 201 | 917 |1300k|  2 | 246 |1219 |-1.023880e+01 |      --      |    Inf | unknown
 6591s|166100 |166101 | 53588k| 322.6 |   947M | 113 | 602 | 201 | 807 |1300k|  1 | 246 |1219 |-1.023876e+01 |      --      |    Inf | unknown
 6596s|166200 |166201 | 53627k| 322.6 |   949M | 113 | 602 | 201 | 800 |1301k|  3 | 246 |1219 |-1.023876e+01 |      --      |    Inf | unknown
 6598s|166300 |166301 | 53652k| 322.6 |   949M | 113 | 602 | 202 | 647 |1302k|  2 | 247 |1219 |-1.023876e+01 |      --      |    Inf | unknown
 time | node  | left  |LP iter|LP it/n|mem/heur|mdpt |vars |cons |rows |cuts |sepa|confs|strbr|  dualbound   | primalbound  |  gap   | compl. 
 6601s|166400 |166401 | 53680k| 322.5 |   949M | 113 | 602 | 202 | 878 |1303k|  2 | 247 |1219 |-1.023876e+01 |      --      |    Inf | unknown
 6604s|166500 |166501 | 53706k| 322.5 |   949M | 113 | 602 | 202 | 860 |1303k|  2 | 247 |1219 |-1.023876e+01 |      --      |    Inf | unknown
 6608s|166600 |166601 | 53742k| 322.5 |   949M | 113 | 602 | 202 | 723 |1304k|  3 | 247 |1219 |-1.023857e+01 |      --      |    Inf | unknown
 6617s|166700 |166701 | 53779k| 322.6 |   950M | 113 | 602 | 202 | 624 |1305k|  4 | 247 |1221 |-1.023857e+01 |      --      |    Inf | unknown
 6619s|166800 |166801 | 53803k| 322.5 |   951M | 113 | 602 | 202 | 834 |1306k|  3 | 247 |1221 |-1.023857e+01 |      --      |    Inf | unknown
 6622s|166900 |166901 | 53830k| 322.5 |   951M | 113 | 602 | 201 | 764 |1307k|  4 | 247 |1221 |-1.023857e+01 |      --      |    Inf | unknown
 6627s|167000 |167001 | 53871k| 322.5 |   952M | 113 | 602 | 201 | 658 |1308k|  2 | 247 |1221 |-1.023843e+01 |      --      |    Inf | unknown
 6629s|167100 |167101 | 53894k| 322.5 |   953M | 113 | 602 | 201 | 900 |1308k|  2 | 247 |1221 |-1.023843e+01 |      --      |    Inf | unknown
 6633s|167200 |167201 | 53928k| 322.5 |   955M | 113 | 602 | 201 | 864 |1309k|  3 | 247 |1221 |-1.023843e+01 |      --      |    Inf | unknown
 6637s|167300 |167301 | 53961k| 322.5 |   955M | 113 | 602 | 201 | 749 |1310k|  2 | 247 |1221 |-1.023843e+01 |      --      |    Inf | unknown
 6640s|167400 |167401 | 53990k| 322.5 |   956M | 113 | 602 | 201 | 651 |1311k|  4 | 247 |1221 |-1.023843e+01 |      --      |    Inf | unknown
 6648s|167500 |167501 | 54025k| 322.5 |   957M | 113 | 602 | 202 | 864 |1311k|  2 | 248 |1222 |-1.023843e+01 |      --      |    Inf | unknown
 6651s|167600 |167601 | 54056k| 322.5 |   957M | 113 | 602 | 203 | 821 |1312k|  2 | 249 |1222 |-1.023841e+01 |      --      |    Inf | unknown
 6655s|167700 |167701 | 54089k| 322.5 |   957M | 113 | 602 | 203 | 708 |1313k|  5 | 249 |1222 |-1.023841e+01 |      --      |    Inf | unknown
 6659s|167800 |167801 | 54128k| 322.5 |   960M | 113 | 602 | 201 | 895 |1314k|  1 | 249 |1222 |-1.023841e+01 |      --      |    Inf | unknown
 time | node  | left  |LP iter|LP it/n|mem/heur|mdpt |vars |cons |rows |cuts |sepa|confs|strbr|  dualbound   | primalbound  |  gap   | compl. 
 6662s|167900 |167901 | 54155k| 322.5 |   960M | 113 | 602 | 201 | 892 |1315k|  2 | 249 |1222 |-1.023826e+01 |      --      |    Inf | unknown
 6665s|168000 |168001 | 54179k| 322.4 |   960M | 113 | 602 | 201 | 826 |1315k|  3 | 249 |1222 |-1.023826e+01 |      --      |    Inf | unknown
 6670s|168100 |168101 | 54208k| 322.4 |   962M | 113 | 602 | 201 | 628 |1316k|  3 | 249 |1223 |-1.023824e+01 |      --      |    Inf | unknown
 6673s|168200 |168201 | 54236k| 322.4 |   962M | 113 | 602 | 201 | 894 |1317k|  2 | 249 |1223 |-1.023824e+01 |      --      |    Inf | unknown
 6678s|168300 |168301 | 54275k| 322.4 |   963M | 113 | 602 | 202 | 856 |1318k|  2 | 250 |1223 |-1.023824e+01 |      --      |    Inf | unknown
 6682s|168400 |168401 | 54302k| 322.4 |   963M | 113 | 602 | 202 | 744 |1318k|  2 | 250 |1223 |-1.023824e+01 |      --      |    Inf | unknown
 6688s|168500 |168501 | 54332k| 322.4 |   963M | 113 | 602 | 203 | 615 |1319k|  2 | 251 |1223 |-1.023824e+01 |      --      |    Inf | unknown
 6692s|168600 |168601 | 54364k| 322.4 |   963M | 113 | 602 | 203 | 893 |1320k|  2 | 251 |1223 |-1.023824e+01 |      --      |    Inf | unknown
 6696s|168700 |168701 | 54398k| 322.4 |   963M | 113 | 602 | 202 | 785 |1321k|  2 | 251 |1223 |-1.023824e+01 |      --      |    Inf | unknown
 6699s|168800 |168801 | 54425k| 322.4 |   965M | 113 | 602 | 202 | 676 |1321k|  2 | 251 |1224 |-1.023824e+01 |      --      |    Inf | unknown
 6703s|168900 |168901 | 54455k| 322.4 |   965M | 113 | 602 | 201 | 872 |1322k|  2 | 251 |1224 |-1.023824e+01 |      --      |    Inf | unknown
 6706s|169000 |169001 | 54482k| 322.3 |   965M | 113 | 602 | 201 | 766 |1323k|  1 | 251 |1224 |-1.023818e+01 |      --      |    Inf | unknown
 6715s|169100 |169101 | 54516k| 322.3 |   965M | 113 | 602 | 201 | 723 |1323k|  2 | 251 |1224 |-1.023818e+01 |      --      |    Inf | unknown
 6718s|169200 |169201 | 54543k| 322.3 |   965M | 113 | 602 | 201 | 682 |1324k|  4 | 251 |1224 |-1.023818e+01 |      --      |    Inf | unknown
 6720s|169300 |169301 | 54570k| 322.3 |   965M | 113 | 602 | 201 | 853 |1325k|  5 | 251 |1224 |-1.023802e+01 |      --      |    Inf | unknown
 time | node  | left  |LP iter|LP it/n|mem/heur|mdpt |vars |cons |rows |cuts |sepa|confs|strbr|  dualbound   | primalbound  |  gap   | compl. 
 6723s|169400 |169401 | 54596k| 322.2 |   965M | 113 | 602 | 201 | 813 |1326k|  2 | 251 |1224 |-1.023802e+01 |      --      |    Inf | unknown
 6728s|169500 |169501 | 54637k| 322.3 |   967M | 113 | 602 | 201 | 761 |1326k|  2 | 251 |1225 |-1.023802e+01 |      --      |    Inf | unknown
 6732s|169600 |169601 | 54668k| 322.3 |   967M | 113 | 602 | 201 | 605 |1327k|  3 | 251 |1225 |-1.023798e+01 |      --      |    Inf | unknown
 6734s|169700 |169701 | 54693k| 322.2 |   968M | 113 | 602 | 201 | 838 |1328k|  4 | 251 |1225 |-1.023798e+01 |      --      |    Inf | unknown
 6738s|169800 |169801 | 54725k| 322.2 |   968M | 113 | 602 | 201 | 783 |1329k|  4 | 251 |1225 |-1.023798e+01 |      --      |    Inf | unknown
 6746s|169900 |169901 | 54759k| 322.2 |   968M | 113 | 602 | 201 | 711 |1329k|  5 | 251 |1225 |-1.023787e+01 |      --      |    Inf | unknown
 6749s|170000 |170001 | 54783k| 322.2 |   968M | 113 | 602 | 201 | 856 |1330k|  5 | 251 |1225 |-1.023787e+01 |      --      |    Inf | unknown
 6753s|170100 |170101 | 54816k| 322.2 |   969M | 113 | 602 | 201 | 815 |1331k|  2 | 251 |1225 |-1.023787e+01 |      --      |    Inf | unknown
 6757s|170200 |170201 | 54849k| 322.2 |   969M | 113 | 602 | 201 | 718 |1332k|  2 | 251 |1225 |-1.023787e+01 |      --      |    Inf | unknown
 6760s|170300 |170301 | 54881k| 322.2 |   969M | 113 | 602 | 201 | 601 |1332k|  2 | 251 |1225 |-1.023787e+01 |      --      |    Inf | unknown
 6763s|170400 |170401 | 54906k| 322.2 |   969M | 113 | 602 | 201 | 858 |1333k|  2 | 251 |1225 |-1.023787e+01 |      --      |    Inf | unknown
 6766s|170500 |170501 | 54932k| 322.1 |   969M | 113 | 602 | 201 | 762 |1334k|  2 | 251 |1226 |-1.023784e+01 |      --      |    Inf | unknown
 6769s|170600 |170601 | 54964k| 322.1 |   969M | 113 | 602 | 201 | 730 |1335k|  2 | 251 |1226 |-1.023784e+01 |      --      |    Inf | unknown
 6772s|170700 |170701 | 54985k| 322.1 |   969M | 113 | 602 | 201 | 875 |1335k|  4 | 251 |1226 |-1.023784e+01 |      --      |    Inf | unknown
 6778s|170800 |170801 | 55018k| 322.1 |   971M | 113 | 602 | 202 | 893 |1336k|  2 | 252 |1226 |-1.023784e+01 |      --      |    Inf | unknown
 time | node  | left  |LP iter|LP it/n|mem/heur|mdpt |vars |cons |rows |cuts |sepa|confs|strbr|  dualbound   | primalbound  |  gap   | compl. 
 6783s|170900 |170901 | 55054k| 322.1 |   971M | 113 | 602 | 202 | 796 |1337k|  3 | 252 |1226 |-1.023784e+01 |      --      |    Inf | unknown
 6786s|171000 |171001 | 55081k| 322.1 |   971M | 113 | 602 | 202 | 636 |1338k|  5 | 252 |1226 |-1.023781e+01 |      --      |    Inf | unknown
 6789s|171100 |171101 | 55116k| 322.1 |   971M | 113 | 602 | 202 | 876 |1338k|  1 | 252 |1226 |-1.023781e+01 |      --      |    Inf | unknown
 6793s|171200 |171201 | 55145k| 322.1 |   971M | 113 | 602 | 201 | 762 |1339k|  2 | 252 |1226 |-1.023781e+01 |      --      |    Inf | unknown
 6798s|171300 |171301 | 55180k| 322.1 |   973M | 113 | 602 | 203 | 697 |1340k|  2 | 254 |1226 |-1.023780e+01 |      --      |    Inf | unknown
 6803s|171400 |171401 | 55215k| 322.1 |   974M | 113 | 602 | 202 | 727 |1341k|  1 | 254 |1227 |-1.023780e+01 |      --      |    Inf | unknown
 6806s|171500 |171501 | 55240k| 322.0 |   975M | 113 | 602 | 202 | 856 |1341k|  2 | 255 |1227 |-1.023780e+01 |      --      |    Inf | unknown
 6810s|171600 |171601 | 55271k| 322.0 |   975M | 113 | 602 | 202 | 765 |1342k|  5 | 255 |1227 |-1.023779e+01 |      --      |    Inf | unknown
 6819s|171700 |171701 | 55310k| 322.1 |   975M | 113 | 602 | 204 | 751 |1343k|  4 | 257 |1227 |-1.023779e+01 |      --      |    Inf | unknown
 6822s|171800 |171801 | 55334k| 322.0 |   975M | 113 | 602 | 204 | 960 |1344k|  4 | 257 |1227 |-1.023779e+01 |      --      |    Inf | unknown
 6826s|171900 |171901 | 55373k| 322.1 |   975M | 113 | 602 | 204 | 829 |1345k|  4 | 257 |1227 |-1.023770e+01 |      --      |    Inf | unknown
 6831s|172000 |172001 | 55410k| 322.1 |   975M | 113 | 602 | 203 | 780 |1345k|  3 | 257 |1227 |-1.023770e+01 |      --      |    Inf | unknown
 6834s|172100 |172101 | 55437k| 322.1 |   977M | 113 | 602 | 201 | 710 |1346k|  2 | 257 |1227 |-1.023770e+01 |      --      |    Inf | unknown
 6837s|172200 |172201 | 55458k| 322.0 |   977M | 113 | 602 | 201 | 844 |1347k|  5 | 257 |1227 |-1.023770e+01 |      --      |    Inf | unknown
 6840s|172300 |172301 | 55485k| 322.0 |   977M | 113 | 602 | 201 | 718 |1348k|  2 | 257 |1227 |-1.023770e+01 |      --      |    Inf | unknown
 time | node  | left  |LP iter|LP it/n|mem/heur|mdpt |vars |cons |rows |cuts |sepa|confs|strbr|  dualbound   | primalbound  |  gap   | compl. 
 6843s|172400 |172401 | 55512k| 321.9 |   977M | 113 | 602 | 201 | 791 |1348k|  4 | 257 |1227 |-1.023770e+01 |      --      |    Inf | unknown
 6851s|172500 |172501 | 55545k| 321.9 |   977M | 113 | 602 | 201 | 616 |1349k|  3 | 257 |1227 |-1.023761e+01 |      --      |    Inf | unknown
 6855s|172600 |172601 | 55578k| 321.9 |   977M | 113 | 602 | 201 | 876 |1350k|  3 | 257 |1227 |-1.023761e+01 |      --      |    Inf | unknown
 6859s|172700 |172701 | 55618k| 322.0 |   978M | 113 | 602 | 201 | 815 |1350k|  1 | 257 |1227 |-1.023761e+01 |      --      |    Inf | unknown
 6862s|172800 |172801 | 55645k| 322.0 |   979M | 113 | 602 | 201 | 632 |1351k|  2 | 257 |1228 |-1.023756e+01 |      --      |    Inf | unknown
 6865s|172900 |172901 | 55668k| 321.9 |   979M | 113 | 602 | 201 | 924 |1352k|  1 | 257 |1228 |-1.023756e+01 |      --      |    Inf | unknown
 6868s|173000 |173001 | 55697k| 321.9 |   981M | 113 | 602 | 201 | 845 |1353k|  2 | 257 |1228 |-1.023756e+01 |      --      |    Inf | unknown
 6871s|173100 |173101 | 55722k| 321.9 |   983M | 113 | 602 | 201 | 719 |1353k|  2 | 257 |1229 |-1.023755e+01 |      --      |    Inf | unknown
 6874s|173200 |173201 | 55748k| 321.8 |   983M | 113 | 602 | 202 | 598 |1354k|  2 | 258 |1229 |-1.023755e+01 |      --      |    Inf | unknown
 6876s|173300 |173301 | 55769k| 321.8 |   983M | 113 | 602 | 202 | 854 |1354k|  1 | 258 |1229 |-1.023755e+01 |      --      |    Inf | unknown
 6885s|173400 |173401 | 55810k| 321.8 |   983M | 113 | 602 | 202 | 787 |1355k|  3 | 258 |1229 |-1.023751e+01 |      --      |    Inf | unknown
 6889s|173500 |173501 | 55842k| 321.8 |   984M | 113 | 602 | 202 | 714 |1356k|  2 | 258 |1229 |-1.023751e+01 |      --      |    Inf | unknown
 6894s|173600 |173601 | 55881k| 321.8 |   985M | 113 | 602 | 201 | 852 |1357k|  2 | 258 |1230 |-1.023751e+01 |      --      |    Inf | unknown
 6897s|173700 |173701 | 55912k| 321.8 |   985M | 113 | 602 | 201 | 840 |1358k|  2 | 258 |1230 |-1.023750e+01 |      --      |    Inf | unknown
 6901s|173800 |173801 | 55943k| 321.8 |   985M | 113 | 602 | 202 | 791 |1359k|  3 | 259 |1230 |-1.023750e+01 |      --      |    Inf | unknown
 time | node  | left  |LP iter|LP it/n|mem/heur|mdpt |vars |cons |rows |cuts |sepa|confs|strbr|  dualbound   | primalbound  |  gap   | compl. 
 6904s|173900 |173901 | 55975k| 321.8 |   986M | 113 | 602 | 202 | 640 |1359k|  1 | 259 |1230 |-1.023748e+01 |      --      |    Inf | unknown
 6908s|174000 |174001 | 56001k| 321.8 |   986M | 113 | 602 | 202 | 928 |1360k|  2 | 259 |1230 |-1.023748e+01 |      --      |    Inf | unknown
 6912s|174100 |174101 | 56037k| 321.8 |   988M | 113 | 602 | 202 | 862 |1361k|  2 | 260 |1230 |-1.023748e+01 |      --      |    Inf | unknown
 6919s|174200 |174201 | 56070k| 321.8 |   988M | 113 | 602 | 202 | 685 |1362k|  2 | 260 |1231 |-1.023737e+01 |      --      |    Inf | unknown
 6922s|174300 |174301 | 56107k| 321.8 |   988M | 113 | 602 | 203 | 662 |1362k|  2 | 261 |1231 |-1.023737e+01 |      --      |    Inf | unknown
 6926s|174400 |174401 | 56140k| 321.9 |   988M | 113 | 602 | 202 | 862 |1363k|  3 | 261 |1231 |-1.023737e+01 |      --      |    Inf | unknown
 6929s|174500 |174501 | 56169k| 321.8 |   988M | 113 | 602 | 202 | 783 |1364k|  2 | 261 |1231 |-1.023729e+01 |      --      |    Inf | unknown
 6932s|174600 |174601 | 56198k| 321.8 |   989M | 113 | 602 | 202 | 729 |1365k|  5 | 261 |1232 |-1.023729e+01 |      --      |    Inf | unknown
 6936s|174700 |174701 | 56221k| 321.8 |   989M | 113 | 602 | 202 | 843 |1365k|  2 | 261 |1232 |-1.023729e+01 |      --      |    Inf | unknown
 6940s|174800 |174801 | 56257k| 321.8 |   990M | 113 | 602 | 201 | 840 |1366k|  2 | 261 |1232 |-1.023729e+01 |      --      |    Inf | unknown
 6948s|174900 |174901 | 56292k| 321.8 |   990M | 113 | 602 | 202 | 758 |1367k|  1 | 262 |1232 |-1.023729e+01 |      --      |    Inf | unknown
 6951s|175000 |175001 | 56321k| 321.8 |   990M | 113 | 602 | 202 | 647 |1368k|  2 | 262 |1232 |-1.023729e+01 |      --      |    Inf | unknown
 6955s|175100 |175101 | 56352k| 321.8 |   990M | 113 | 602 | 202 | 885 |1369k|  4 | 262 |1232 |-1.023724e+01 |      --      |    Inf | unknown
 6959s|175200 |175201 | 56391k| 321.8 |   990M | 113 | 602 | 202 | 780 |1369k|  2 | 262 |1232 |-1.023724e+01 |      --      |    Inf | unknown
 6962s|175300 |175301 | 56424k| 321.8 |   991M | 113 | 602 | 201 | 741 |1370k|  2 | 262 |1232 |-1.023724e+01 |      --      |    Inf | unknown
 time | node  | left  |LP iter|LP it/n|mem/heur|mdpt |vars |cons |rows |cuts |sepa|confs|strbr|  dualbound   | primalbound  |  gap   | compl. 
 6966s|175400 |175401 | 56456k| 321.8 |   992M | 113 | 602 | 201 | 619 |1371k|  4 | 262 |1232 |-1.023724e+01 |      --      |    Inf | unknown
 6970s|175500 |175501 | 56486k| 321.8 |   992M | 113 | 602 | 201 | 886 |1372k|  2 | 262 |1232 |-1.023724e+01 |      --      |    Inf | unknown
 6980s|175600 |175601 | 56524k| 321.8 |   992M | 113 | 602 | 201 | 753 |1372k|  5 | 262 |1233 |-1.023724e+01 |      --      |    Inf | unknown
 6983s|175700 |175701 | 56552k| 321.8 |   992M | 113 | 602 | 201 | 684 |1373k|  3 | 262 |1233 |-1.023724e+01 |      --      |    Inf | unknown
 6985s|175800 |175801 | 56577k| 321.8 |   992M | 113 | 602 | 201 | 836 |1374k|  1 | 262 |1233 |-1.023724e+01 |      --      |    Inf | unknown
 6990s|175900 |175901 | 56616k| 321.8 |   993M | 113 | 602 | 201 | 807 |1375k|  2 | 262 |1233 |-1.023724e+01 |      --      |    Inf | unknown
 6994s|176000 |176001 | 56646k| 321.8 |   993M | 113 | 602 | 201 | 759 |1375k|  2 | 262 |1233 |-1.023718e+01 |      --      |    Inf | unknown
 6997s|176100 |176101 | 56676k| 321.8 |   994M | 113 | 602 | 202 | 659 |1376k|  2 | 263 |1233 |-1.023718e+01 |      --      |    Inf | unknown
 6999s|176200 |176201 | 56699k| 321.7 |   994M | 113 | 602 | 202 | 840 |1377k|  2 | 263 |1233 |-1.023718e+01 |      --      |    Inf | unknown
 7003s|176300 |176301 | 56732k| 321.7 |   994M | 113 | 602 | 202 | 815 |1378k|  2 | 263 |1233 |-1.023717e+01 |      --      |    Inf | unknown
 7012s|176400 |176401 | 56771k| 321.8 |   995M | 113 | 602 | 202 | 725 |1378k|  2 | 263 |1233 |-1.023717e+01 |      --      |    Inf | unknown
 7015s|176500 |176501 | 56797k| 321.7 |   995M | 113 | 602 | 202 | 889 |1379k|  2 | 263 |1234 |-1.023717e+01 |      --      |    Inf | unknown
 7018s|176600 |176601 | 56824k| 321.7 |   995M | 113 | 602 | 202 | 848 |1380k|  2 | 263 |1234 |-1.023716e+01 |      --      |    Inf | unknown
 7021s|176700 |176701 | 56856k| 321.7 |   996M | 113 | 602 | 201 | 762 |1381k|  2 | 263 |1234 |-1.023716e+01 |      --      |    Inf | unknown
 7025s|176800 |176801 | 56897k| 321.8 |   999M | 113 | 602 | 201 | 651 |1382k|  3 | 263 |1234 |-1.023714e+01 |      --      |    Inf | unknown
 time | node  | left  |LP iter|LP it/n|mem/heur|mdpt |vars |cons |rows |cuts |sepa|confs|strbr|  dualbound   | primalbound  |  gap   | compl. 
 7029s|176900 |176901 | 56930k| 321.8 |   999M | 113 | 602 | 201 | 838 |1383k|  3 | 263 |1234 |-1.023714e+01 |      --      |    Inf | unknown
 7033s|177000 |177001 | 56962k| 321.8 |   999M | 113 | 602 | 201 | 842 |1383k|  3 | 263 |1235 |-1.023714e+01 |      --      |    Inf | unknown
 7036s|177100 |177101 | 56992k| 321.8 |   999M | 113 | 602 | 201 | 704 |1384k|  3 | 263 |1235 |-1.023708e+01 |      --      |    Inf | unknown
 7044s|177200 |177201 | 57027k| 321.8 |   999M | 113 | 602 | 202 | 673 |1385k|  5 | 264 |1235 |-1.023708e+01 |      --      |    Inf | unknown
 7047s|177300 |177301 | 57052k| 321.7 |  1001M | 113 | 602 | 202 | 928 |1386k|  2 | 264 |1235 |-1.023708e+01 |      --      |    Inf | unknown
 7051s|177400 |177401 | 57085k| 321.7 |  1003M | 113 | 602 | 201 | 765 |1386k|  2 | 264 |1235 |-1.023701e+01 |      --      |    Inf | unknown
 7054s|177500 |177501 | 57119k| 321.7 |  1003M | 113 | 602 | 201 | 716 |1387k|  2 | 264 |1236 |-1.023701e+01 |      --      |    Inf | unknown
 7058s|177600 |177601 | 57149k| 321.7 |  1003M | 113 | 602 | 201 | 973 |1388k|  1 | 264 |1236 |-1.023701e+01 |      --      |    Inf | unknown
 7061s|177700 |177701 | 57183k| 321.7 |  1005M | 113 | 602 | 201 | 816 |1389k|  4 | 264 |1236 |-1.023684e+01 |      --      |    Inf | unknown
 7066s|177800 |177801 | 57215k| 321.7 |  1005M | 113 | 602 | 201 | 723 |1389k|  1 | 264 |1236 |-1.023684e+01 |      --      |    Inf | unknown
 7070s|177900 |177901 | 57245k| 321.7 |  1005M | 113 | 602 | 201 | 680 |1390k|  2 | 264 |1236 |-1.023684e+01 |      --      |    Inf | unknown
 7073s|178000 |178001 | 57277k| 321.7 |  1005M | 113 | 602 | 202 | 853 |1391k|  2 | 265 |1236 |-1.023678e+01 |      --      |    Inf | unknown
 7081s|178100 |178101 | 57317k| 321.8 |  1006M | 113 | 602 | 202 | 820 |1392k|  3 | 265 |1236 |-1.023678e+01 |      --      |    Inf | unknown
 7085s|178200 |178201 | 57348k| 321.8 |  1006M | 113 | 602 | 201 | 726 |1393k|  1 | 265 |1236 |-1.023678e+01 |      --      |    Inf | unknown
 7089s|178300 |178301 | 57389k| 321.8 |  1006M | 113 | 602 | 201 | 661 |1394k|  4 | 265 |1236 |-1.023672e+01 |      --      |    Inf | unknown
 time | node  | left  |LP iter|LP it/n|mem/heur|mdpt |vars |cons |rows |cuts |sepa|confs|strbr|  dualbound   | primalbound  |  gap   | compl. 
 7091s|178400 |178401 | 57414k| 321.8 |  1006M | 113 | 602 | 201 | 870 |1394k|  2 | 265 |1236 |-1.023672e+01 |      --      |    Inf | unknown
 7094s|178500 |178501 | 57444k| 321.8 |  1007M | 113 | 602 | 201 | 719 |1395k|  2 | 265 |1236 |-1.023672e+01 |      --      |    Inf | unknown
 7099s|178600 |178601 | 57479k| 321.8 |  1007M | 113 | 602 | 201 | 763 |1396k|  4 | 265 |1236 |-1.023666e+01 |      --      |    Inf | unknown
 7108s|178700 |178701 | 57512k| 321.8 |  1008M | 113 | 602 | 201 | 884 |1397k|  3 | 265 |1236 |-1.023666e+01 |      --      |    Inf | unknown
 7112s|178800 |178801 | 57543k| 321.8 |  1008M | 113 | 602 | 202 | 815 |1397k|  2 | 266 |1236 |-1.023666e+01 |      --      |    Inf | unknown
 7115s|178900 |178901 | 57571k| 321.8 |  1008M | 113 | 602 | 202 | 819 |1398k|  2 | 266 |1236 |-1.023662e+01 |      --      |    Inf | unknown
 7118s|179000 |179001 | 57602k| 321.7 |  1008M | 113 | 602 | 202 | 641 |1399k|  2 | 266 |1236 |-1.023662e+01 |      --      |    Inf | unknown
 7122s|179100 |179101 | 57636k| 321.8 |  1008M | 113 | 602 | 202 | 890 |1400k|  2 | 266 |1236 |-1.023662e+01 |      --      |    Inf | unknown
 7125s|179200 |179201 | 57669k| 321.8 |  1008M | 113 | 602 | 201 | 841 |1400k|  3 | 266 |1237 |-1.023658e+01 |      --      |    Inf | unknown
 7128s|179300 |179301 | 57694k| 321.7 |  1008M | 113 | 602 | 201 | 644 |1401k|  2 | 266 |1237 |-1.023658e+01 |      --      |    Inf | unknown
 7131s|179400 |179401 | 57722k| 321.7 |  1010M | 113 | 602 | 201 | 882 |1402k|  2 | 266 |1237 |-1.023658e+01 |      --      |    Inf | unknown
 7140s|179500 |179501 | 57757k| 321.7 |  1010M | 113 | 602 | 201 | 867 |1402k|  2 | 266 |1237 |-1.023651e+01 |      --      |    Inf | unknown
 7144s|179600 |179601 | 57793k| 321.7 |  1010M | 113 | 602 | 201 | 787 |1403k|  2 | 266 |1237 |-1.023651e+01 |      --      |    Inf | unknown
 7148s|179700 |179701 | 57826k| 321.7 |  1010M | 113 | 602 | 201 | 670 |1404k|  2 | 266 |1237 |-1.023646e+01 |      --      |    Inf | unknown
 7151s|179800 |179801 | 57853k| 321.7 |  1010M | 113 | 602 | 201 | 900 |1405k|  2 | 266 |1237 |-1.023646e+01 |      --      |    Inf | unknown
 time | node  | left  |LP iter|LP it/n|mem/heur|mdpt |vars |cons |rows |cuts |sepa|confs|strbr|  dualbound   | primalbound  |  gap   | compl. 
 7155s|179900 |179901 | 57891k| 321.7 |  1011M | 113 | 602 | 201 | 865 |1406k|  1 | 266 |1237 |-1.023646e+01 |      --      |    Inf | unknown
 7158s|180000 |180001 | 57917k| 321.7 |  1011M | 113 | 602 | 201 | 772 |1406k|  2 | 266 |1237 |-1.023644e+01 |      --      |    Inf | unknown
 7160s|180100 |180101 | 57943k| 321.7 |  1014M | 113 | 602 | 201 | 702 |1407k|  3 | 266 |1237 |-1.023644e+01 |      --      |    Inf | unknown
 7163s|180200 |180201 | 57968k| 321.6 |  1015M | 113 | 602 | 201 | 892 |1408k|  1 | 266 |1237 |-1.023644e+01 |      --      |    Inf | unknown
 7170s|180300 |180301 | 58009k| 321.7 |  1015M | 113 | 602 | 202 | 705 |1409k|  4 | 267 |1237 |-1.023639e+01 |      --      |    Inf | unknown
 7175s|180400 |180401 | 58046k| 321.7 |  1015M | 113 | 602 | 202 | 742 |1409k|  2 | 267 |1237 |-1.023639e+01 |      --      |    Inf | unknown
 7177s|180500 |180501 | 58068k| 321.7 |  1015M | 113 | 602 | 201 | 892 |1410k|  2 | 267 |1237 |-1.023639e+01 |      --      |    Inf | unknown
 7180s|180600 |180601 | 58094k| 321.6 |  1015M | 113 | 602 | 201 | 812 |1411k|  1 | 267 |1238 |-1.023635e+01 |      --      |    Inf | unknown
 7184s|180700 |180701 | 58133k| 321.7 |  1017M | 113 | 602 | 201 | 753 |1412k|  3 | 267 |1238 |-1.023635e+01 |      --      |    Inf | unknown
 7189s|180800 |180801 | 58163k| 321.6 |  1017M | 113 | 602 | 202 | 648 |1412k|  2 | 268 |1239 |-1.023635e+01 |      --      |    Inf | unknown
 7193s|180900 |180901 | 58198k| 321.7 |  1017M | 113 | 602 | 202 | 842 |1413k|  3 | 268 |1239 |-1.023634e+01 |      --      |    Inf | unknown
 7200s|181000 |181001 | 58234k| 321.7 |  1018M | 113 | 602 | 202 | 830 |1414k|  5 | 269 |1239 |-1.023634e+01 |      --      |    Inf | unknown
 7203s|181100 |181101 | 58257k| 321.6 |  1018M | 113 | 602 | 202 | 649 |1415k|  2 | 269 |1239 |-1.023633e+01 |      --      |    Inf | unknown
 7205s|181200 |181201 | 58281k| 321.6 |  1018M | 113 | 602 | 202 | 817 |1415k|  2 | 269 |1239 |-1.023633e+01 |      --      |    Inf | unknown
 7208s|181300 |181301 | 58307k| 321.6 |  1018M | 113 | 602 | 202 | 760 |1416k|  2 | 269 |1239 |-1.023633e+01 |      --      |    Inf | unknown
 time | node  | left  |LP iter|LP it/n|mem/heur|mdpt |vars |cons |rows |cuts |sepa|confs|strbr|  dualbound   | primalbound  |  gap   | compl. 
 7214s|181400 |181401 | 58349k| 321.6 |  1019M | 113 | 602 | 202 | 706 |1417k|  1 | 269 |1240 |-1.023632e+01 |      --      |    Inf | unknown
 7217s|181500 |181501 | 58386k| 321.6 |  1019M | 113 | 602 | 201 | 622 |1417k|  2 | 269 |1241 |-1.023632e+01 |      --      |    Inf | unknown
 7220s|181600 |181601 | 58411k| 321.6 |  1019M | 113 | 602 | 201 | 881 |1418k|  3 | 269 |1241 |-1.023632e+01 |      --      |    Inf | unknown
 7229s|181700 |181701 | 58446k| 321.6 |  1020M | 115 | 602 | 201 | 764 |1419k|  2 | 269 |1241 |-1.023632e+01 |      --      |    Inf | unknown
 7232s|181800 |181801 | 58475k| 321.6 |  1020M | 115 | 602 | 201 | 676 |1420k|  2 | 269 |1241 |-1.023631e+01 |      --      |    Inf | unknown
 7235s|181900 |181901 | 58506k| 321.6 |  1020M | 115 | 602 | 201 | 865 |1420k|  3 | 269 |1241 |-1.023631e+01 |      --      |    Inf | unknown
 7239s|182000 |182001 | 58536k| 321.6 |  1020M | 115 | 602 | 201 | 845 |1421k|  3 | 269 |1241 |-1.023631e+01 |      --      |    Inf | unknown
 7242s|182100 |182101 | 58564k| 321.6 |  1021M | 115 | 602 | 201 | 644 |1422k|  2 | 269 |1241 |-1.023631e+01 |      --      |    Inf | unknown
 7245s|182200 |182201 | 58590k| 321.5 |  1021M | 115 | 602 | 201 | 905 |1423k|  3 | 269 |1241 |-1.023631e+01 |      --      |    Inf | unknown
 7248s|182300 |182301 | 58627k| 321.5 |  1022M | 115 | 602 | 201 | 778 |1424k|  3 | 269 |1241 |-1.023631e+01 |      --      |    Inf | unknown
 7251s|182400 |182401 | 58652k| 321.5 |  1023M | 115 | 602 | 201 | 690 |1424k|  2 | 269 |1241 |-1.023626e+01 |      --      |    Inf | unknown
 7261s|182500 |182501 | 58694k| 321.6 |  1023M | 115 | 602 | 201 | 664 |1425k|  2 | 269 |1241 |-1.023626e+01 |      --      |    Inf | unknown
 7265s|182600 |182601 | 58728k| 321.6 |  1023M | 115 | 602 | 201 | 855 |1426k|  1 | 269 |1241 |-1.023626e+01 |      --      |    Inf | unknown
 7268s|182700 |182701 | 58754k| 321.5 |  1023M | 115 | 602 | 201 | 800 |1427k|  2 | 269 |1241 |-1.023626e+01 |      --      |    Inf | unknown
 7270s|182800 |182801 | 58780k| 321.5 |  1024M | 115 | 602 | 201 | 678 |1427k|  5 | 269 |1241 |-1.023626e+01 |      --      |    Inf | unknown
 time | node  | left  |LP iter|LP it/n|mem/heur|mdpt |vars |cons |rows |cuts |sepa|confs|strbr|  dualbound   | primalbound  |  gap   | compl. 
 7274s|182900 |182901 | 58811k| 321.5 |  1025M | 115 | 602 | 201 | 910 |1428k|  2 | 269 |1241 |-1.023626e+01 |      --      |    Inf | unknown
 7277s|183000 |183001 | 58840k| 321.5 |  1025M | 115 | 602 | 201 | 809 |1429k|  2 | 269 |1241 |-1.023623e+01 |      --      |    Inf | unknown
 7281s|183100 |183101 | 58874k| 321.5 |  1025M | 115 | 602 | 201 | 677 |1429k|  2 | 269 |1242 |-1.023623e+01 |      --      |    Inf | unknown
 7285s|183200 |183201 | 58908k| 321.5 |  1025M | 115 | 602 | 201 | 904 |1430k|  4 | 269 |1242 |-1.023623e+01 |      --      |    Inf | unknown
 7293s|183300 |183301 | 58942k| 321.5 |  1025M | 115 | 602 | 202 | 850 |1431k|  4 | 270 |1242 |-1.023623e+01 |      --      |    Inf | unknown
 7296s|183400 |183401 | 58972k| 321.5 |  1025M | 115 | 602 | 202 | 697 |1432k|  4 | 270 |1242 |-1.023623e+01 |      --      |    Inf | unknown
 7299s|183500 |183501 | 58996k| 321.5 |  1027M | 115 | 602 | 202 | 897 |1432k|  2 | 270 |1243 |-1.023623e+01 |      --      |    Inf | unknown
 7301s|183600 |183601 | 59022k| 321.4 |  1027M | 115 | 602 | 202 | 810 |1433k|  5 | 270 |1243 |-1.023623e+01 |      --      |    Inf | unknown
 7304s|183700 |183701 | 59049k| 321.4 |  1027M | 115 | 602 | 202 | 694 |1434k|  5 | 270 |1243 |-1.023616e+01 |      --      |    Inf | unknown
 7307s|183800 |183801 | 59078k| 321.4 |  1027M | 115 | 602 | 201 | 625 |1434k|  2 | 270 |1243 |-1.023616e+01 |      --      |    Inf | unknown
 7310s|183900 |183901 | 59103k| 321.3 |  1028M | 115 | 602 | 201 | 862 |1435k|  3 | 270 |1243 |-1.023616e+01 |      --      |    Inf | unknown
 7316s|184000 |184001 | 59140k| 321.4 |  1028M | 115 | 602 | 202 | 832 |1436k|  5 | 271 |1243 |-1.023616e+01 |      --      |    Inf | unknown
 7318s|184100 |184101 | 59164k| 321.3 |  1028M | 115 | 602 | 202 | 629 |1436k|  2 | 271 |1243 |-1.023616e+01 |      --      |    Inf | unknown
 7321s|184200 |184201 | 59189k| 321.3 |  1029M | 115 | 602 | 202 | 823 |1437k|  1 | 271 |1243 |-1.023616e+01 |      --      |    Inf | unknown
 7327s|184300 |184301 | 59221k| 321.3 |  1029M | 115 | 602 | 202 | 759 |1438k|  2 | 271 |1243 |-1.023616e+01 |      --      |    Inf | unknown
 time | node  | left  |LP iter|LP it/n|mem/heur|mdpt |vars |cons |rows |cuts |sepa|confs|strbr|  dualbound   | primalbound  |  gap   | compl. 
 7331s|184400 |184401 | 59252k| 321.3 |  1030M | 115 | 602 | 201 | 651 |1438k|  4 | 271 |1244 |-1.023616e+01 |      --      |    Inf | unknown
 7333s|184500 |184501 | 59274k| 321.2 |  1030M | 115 | 602 | 201 | 873 |1439k|  3 | 271 |1244 |-1.023616e+01 |      --      |    Inf | unknown
 7337s|184600 |184601 | 59308k| 321.2 |  1030M | 115 | 602 | 201 | 752 |1440k|  2 | 271 |1244 |-1.023616e+01 |      --      |    Inf | unknown
 7341s|184700 |184701 | 59337k| 321.2 |  1030M | 115 | 602 | 201 | 720 |1441k|  5 | 271 |1244 |-1.023616e+01 |      --      |    Inf | unknown
 7343s|184800 |184801 | 59361k| 321.2 |  1030M | 115 | 602 | 201 | 916 |1441k|  3 | 271 |1244 |-1.023616e+01 |      --      |    Inf | unknown
 7353s|184900 |184901 | 59408k| 321.2 |  1031M | 115 | 602 | 201 | 867 |1442k|  4 | 271 |1244 |-1.023616e+01 |      --      |    Inf | unknown
 7357s|185000 |185001 | 59441k| 321.3 |  1033M | 115 | 602 | 201 | 773 |1443k|  1 | 271 |1244 |-1.023616e+01 |      --      |    Inf | unknown
 7359s|185100 |185101 | 59463k| 321.2 |  1033M | 115 | 602 | 201 | 933 |1443k|  3 | 271 |1244 |-1.023616e+01 |      --      |    Inf | unknown
 7364s|185200 |185201 | 59500k| 321.2 |  1033M | 115 | 602 | 201 | 795 |1444k|  2 | 271 |1244 |-1.023611e+01 |      --      |    Inf | unknown
 7367s|185300 |185301 | 59526k| 321.2 |  1033M | 115 | 602 | 201 | 797 |1445k|  5 | 271 |1244 |-1.023611e+01 |      --      |    Inf | unknown
 7369s|185400 |185401 | 59550k| 321.1 |  1034M | 115 | 602 | 201 | 631 |1446k|  2 | 271 |1245 |-1.023611e+01 |      --      |    Inf | unknown
 7373s|185500 |185501 | 59577k| 321.1 |  1034M | 115 | 602 | 201 | 865 |1446k|  2 | 271 |1245 |-1.023611e+01 |      --      |    Inf | unknown
 7376s|185600 |185601 | 59604k| 321.1 |  1035M | 115 | 602 | 201 | 814 |1447k|  4 | 271 |1245 |-1.023611e+01 |      --      |    Inf | unknown
 7386s|185700 |185701 | 59645k| 321.1 |  1035M | 115 | 602 | 201 | 695 |1448k|  4 | 271 |1245 |-1.023611e+01 |      --      |    Inf | unknown
 7389s|185800 |185801 | 59674k| 321.1 |  1035M | 115 | 602 | 201 | 885 |1448k|  2 | 271 |1245 |-1.023610e+01 |      --      |    Inf | unknown
 time | node  | left  |LP iter|LP it/n|mem/heur|mdpt |vars |cons |rows |cuts |sepa|confs|strbr|  dualbound   | primalbound  |  gap   | compl. 
 7392s|185900 |185901 | 59702k| 321.1 |  1035M | 115 | 602 | 201 | 738 |1449k|  2 | 271 |1246 |-1.023610e+01 |      --      |    Inf | unknown
 7396s|186000 |186001 | 59735k| 321.1 |  1036M | 115 | 602 | 201 | 675 |1450k|  2 | 271 |1246 |-1.023610e+01 |      --      |    Inf | unknown
 7399s|186100 |186101 | 59761k| 321.1 |  1037M | 115 | 602 | 201 | 849 |1451k|  2 | 271 |1246 |-1.023610e+01 |      --      |    Inf | unknown
 7402s|186200 |186201 | 59789k| 321.1 |  1037M | 115 | 602 | 201 | 801 |1451k|  4 | 271 |1246 |-1.023610e+01 |      --      |    Inf | unknown
 7405s|186300 |186301 | 59818k| 321.0 |  1038M | 115 | 602 | 202 | 709 |1452k|  4 | 272 |1246 |-1.023610e+01 |      --      |    Inf | unknown
 7408s|186400 |186401 | 59845k| 321.0 |  1039M | 115 | 602 | 202 | 705 |1453k|  2 | 272 |1247 |-1.023605e+01 |      --      |    Inf | unknown
 7412s|186500 |186501 | 59883k| 321.0 |  1039M | 115 | 602 | 202 | 807 |1454k|  2 | 272 |1247 |-1.023605e+01 |      --      |    Inf | unknown
 7418s|186600 |186601 | 59918k| 321.1 |  1039M | 115 | 602 | 203 | 736 |1454k|  2 | 273 |1247 |-1.023605e+01 |      --      |    Inf | unknown
 7422s|186700 |186701 | 59948k| 321.0 |  1039M | 115 | 602 | 202 | 670 |1455k|  3 | 273 |1248 |-1.023605e+01 |      --      |    Inf | unknown
 7424s|186800 |186801 | 59972k| 321.0 |  1039M | 115 | 602 | 203 | 811 |1456k|  2 | 274 |1248 |-1.023605e+01 |      --      |    Inf | unknown
 7427s|186900 |186901 | 60000k| 321.0 |  1039M | 115 | 602 | 203 | 731 |1456k|  4 | 274 |1248 |-1.023605e+01 |      --      |    Inf | unknown
 7431s|187000 |187001 | 60032k| 321.0 |  1041M | 115 | 602 | 202 | 619 |1457k|  2 | 274 |1248 |-1.023596e+01 |      --      |    Inf | unknown
 7435s|187100 |187101 | 60057k| 320.9 |  1041M | 115 | 602 | 203 | 799 |1458k|  2 | 275 |1248 |-1.023596e+01 |      --      |    Inf | unknown
 7438s|187200 |187201 | 60083k| 320.9 |  1041M | 115 | 602 | 203 | 810 |1458k|  2 | 275 |1248 |-1.023596e+01 |      --      |    Inf | unknown
 7442s|187300 |187301 | 60113k| 320.9 |  1041M | 115 | 602 | 202 | 712 |1459k|  2 | 275 |1248 |-1.023596e+01 |      --      |    Inf | unknown
 time | node  | left  |LP iter|LP it/n|mem/heur|mdpt |vars |cons |rows |cuts |sepa|confs|strbr|  dualbound   | primalbound  |  gap   | compl. 
 7445s|187400 |187401 | 60145k| 320.9 |  1041M | 115 | 602 | 202 | 874 |1460k|  2 | 275 |1248 |-1.023596e+01 |      --      |    Inf | unknown
 7455s|187500 |187501 | 60190k| 321.0 |  1042M | 115 | 602 | 202 | 820 |1461k|  4 | 276 |1248 |-1.023596e+01 |      --      |    Inf | unknown
 7458s|187600 |187601 | 60220k| 320.9 |  1043M | 115 | 602 | 202 | 779 |1461k|  4 | 276 |1248 |-1.023596e+01 |      --      |    Inf | unknown
 7462s|187700 |187701 | 60250k| 320.9 |  1044M | 115 | 602 | 201 | 572 |1462k|  1 | 276 |1248 |-1.023596e+01 |      --      |    Inf | unknown
 7465s|187800 |187801 | 60281k| 320.9 |  1045M | 115 | 602 | 201 | 887 |1463k|  4 | 276 |1248 |-1.023596e+01 |      --      |    Inf | unknown
 7469s|187900 |187901 | 60310k| 320.9 |  1045M | 115 | 602 | 201 | 801 |1464k|  2 | 276 |1248 |-1.023596e+01 |      --      |    Inf | unknown
 7472s|188000 |188001 | 60341k| 320.9 |  1045M | 115 | 602 | 201 | 644 |1464k|  5 | 276 |1248 |-1.023596e+01 |      --      |    Inf | unknown
 7481s|188100 |188101 | 60376k| 320.9 |  1045M | 115 | 602 | 201 | 881 |1465k|  2 | 276 |1249 |-1.023596e+01 |      --      |    Inf | unknown
 7485s|188200 |188201 | 60411k| 320.9 |  1045M | 115 | 602 | 202 | 731 |1466k|  3 | 277 |1249 |-1.023582e+01 |      --      |    Inf | unknown
 7487s|188300 |188301 | 60435k| 320.9 |  1045M | 115 | 602 | 202 | 720 |1466k|  2 | 277 |1249 |-1.023582e+01 |      --      |    Inf | unknown
 7491s|188400 |188401 | 60463k| 320.9 |  1046M | 115 | 602 | 202 | 919 |1467k|  2 | 277 |1249 |-1.023582e+01 |      --      |    Inf | unknown
 7494s|188500 |188501 | 60492k| 320.9 |  1048M | 115 | 602 | 202 | 836 |1468k|  3 | 277 |1249 |-1.023582e+01 |      --      |    Inf | unknown
 7497s|188600 |188601 | 60521k| 320.8 |  1048M | 115 | 602 | 201 | 673 |1468k|  2 | 277 |1249 |-1.023582e+01 |      --      |    Inf | unknown
 7500s|188700 |188701 | 60548k| 320.8 |  1048M | 115 | 602 | 201 | 950 |1469k|  4 | 277 |1249 |-1.023582e+01 |      --      |    Inf | unknown
 7503s|188800 |188801 | 60577k| 320.8 |  1048M | 115 | 602 | 201 | 838 |1470k|  2 | 277 |1249 |-1.023576e+01 |      --      |    Inf | unknown
 time | node  | left  |LP iter|LP it/n|mem/heur|mdpt |vars |cons |rows |cuts |sepa|confs|strbr|  dualbound   | primalbound  |  gap   | compl. 
 7512s|188900 |188901 | 60612k| 320.8 |  1048M | 115 | 602 | 201 | 789 |1470k|  2 | 277 |1249 |-1.023576e+01 |      --      |    Inf | unknown
 7516s|189000 |189001 | 60653k| 320.9 |  1048M | 115 | 602 | 201 | 621 |1471k|  4 | 277 |1249 |-1.023576e+01 |      --      |    Inf | unknown
 7519s|189100 |189101 | 60681k| 320.8 |  1048M | 115 | 602 | 201 | 810 |1472k|  2 | 277 |1249 |-1.023576e+01 |      --      |    Inf | unknown
 7523s|189200 |189201 | 60712k| 320.8 |  1050M | 115 | 602 | 202 | 774 |1473k|  3 | 278 |1249 |-1.023576e+01 |      --      |    Inf | unknown
 7527s|189300 |189301 | 60748k| 320.9 |  1050M | 115 | 602 | 202 | 657 |1473k|  2 | 278 |1249 |-1.023568e+01 |      --      |    Inf | unknown
 7530s|189400 |189401 | 60775k| 320.8 |  1051M | 115 | 602 | 202 | 837 |1474k|  2 | 278 |1249 |-1.023568e+01 |      --      |    Inf | unknown
 7534s|189500 |189501 | 60808k| 320.8 |  1051M | 115 | 602 | 202 | 816 |1475k|  3 | 278 |1249 |-1.023568e+01 |      --      |    Inf | unknown
 7538s|189600 |189601 | 60842k| 320.8 |  1051M | 115 | 602 | 201 | 662 |1476k|  3 | 278 |1249 |-1.023568e+01 |      --      |    Inf | unknown
 7546s|189700 |189701 | 60877k| 320.9 |  1051M | 115 | 602 | 202 | 898 |1476k|  2 | 279 |1249 |-1.023568e+01 |      --      |    Inf | unknown
 7552s|189800 |189801 | 60920k| 320.9 |  1053M | 115 | 602 | 202 | 808 |1477k|  1 | 279 |1249 |-1.023568e+01 |      --      |    Inf | unknown
 7555s|189900 |189901 | 60946k| 320.9 |  1053M | 115 | 602 | 203 | 682 |1478k|  2 | 280 |1249 |-1.023565e+01 |      --      |    Inf | unknown
 7560s|190000 |190001 | 60982k| 320.9 |  1053M | 115 | 602 | 202 | 643 |1479k|  2 | 280 |1249 |-1.023565e+01 |      --      |    Inf | unknown
 7563s|190100 |190101 | 61008k| 320.9 |  1053M | 115 | 602 | 202 | 847 |1479k|  4 | 280 |1250 |-1.023565e+01 |      --      |    Inf | unknown
 7568s|190200 |190201 | 61038k| 320.9 |  1053M | 115 | 602 | 203 | 774 |1480k|  4 | 281 |1250 |-1.023565e+01 |      --      |    Inf | unknown
 7573s|190300 |190301 | 61072k| 320.9 |  1053M | 115 | 602 | 202 | 634 |1481k|  2 | 281 |1250 |-1.023565e+01 |      --      |    Inf | unknown
 time | node  | left  |LP iter|LP it/n|mem/heur|mdpt |vars |cons |rows |cuts |sepa|confs|strbr|  dualbound   | primalbound  |  gap   | compl. 
 7576s|190400 |190401 | 61102k| 320.9 |  1053M | 115 | 602 | 202 | 864 |1482k|  1 | 281 |1250 |-1.023565e+01 |      --      |    Inf | unknown
 7587s|190500 |190501 | 61153k| 321.0 |  1054M | 115 | 602 | 202 | 745 |1483k|  2 | 282 |1250 |-1.023563e+01 |      --      |    Inf | unknown
 7591s|190600 |190601 | 61185k| 321.0 |  1055M | 115 | 602 | 202 | 687 |1483k|  2 | 282 |1251 |-1.023563e+01 |      --      |    Inf | unknown
 7594s|190700 |190701 | 61209k| 320.9 |  1056M | 115 | 602 | 202 | 834 |1484k|  2 | 282 |1251 |-1.023563e+01 |      --      |    Inf | unknown
 7598s|190800 |190801 | 61242k| 320.9 |  1056M | 115 | 602 | 201 | 842 |1485k|  3 | 282 |1251 |-1.023563e+01 |      --      |    Inf | unknown
 7601s|190900 |190901 | 61271k| 320.9 |  1056M | 115 | 602 | 201 | 725 |1486k|  3 | 282 |1251 |-1.023563e+01 |      --      |    Inf | unknown
 7604s|191000 |191001 | 61298k| 320.9 |  1056M | 115 | 602 | 201 | 878 |1486k|  3 | 282 |1251 |-1.023563e+01 |      --      |    Inf | unknown
 7607s|191100 |191101 | 61327k| 320.9 |  1056M | 115 | 602 | 202 | 834 |1487k|  2 | 283 |1251 |-1.023560e+01 |      --      |    Inf | unknown
 7617s|191200 |191201 | 61369k| 320.9 |  1058M | 115 | 602 | 202 | 778 |1488k|  4 | 283 |1252 |-1.023560e+01 |      --      |    Inf | unknown
 7621s|191300 |191301 | 61405k| 320.9 |  1058M | 115 | 602 | 201 | 629 |1489k|  2 | 283 |1252 |-1.023560e+01 |      --      |    Inf | unknown
 7624s|191400 |191401 | 61429k| 320.9 |  1058M | 115 | 602 | 201 | 814 |1489k|  5 | 283 |1252 |-1.023560e+01 |      --      |    Inf | unknown
 7627s|191500 |191501 | 61461k| 320.9 |  1058M | 115 | 602 | 201 | 759 |1490k|  3 | 283 |1252 |-1.023560e+01 |      --      |    Inf | unknown
 7629s|191600 |191601 | 61482k| 320.8 |  1058M | 115 | 602 | 201 | 698 |1491k|  2 | 283 |1252 |-1.023560e+01 |      --      |    Inf | unknown
 7632s|191700 |191701 | 61507k| 320.8 |  1058M | 115 | 602 | 201 | 831 |1491k|  2 | 283 |1253 |-1.023560e+01 |      --      |    Inf | unknown
 7636s|191800 |191801 | 61543k| 320.8 |  1058M | 115 | 602 | 202 | 759 |1492k|  2 | 284 |1253 |-1.023560e+01 |      --      |    Inf | unknown
 time | node  | left  |LP iter|LP it/n|mem/heur|mdpt |vars |cons |rows |cuts |sepa|confs|strbr|  dualbound   | primalbound  |  gap   | compl. 
 7640s|191900 |191901 | 61576k| 320.8 |  1060M | 115 | 602 | 201 | 670 |1493k|  2 | 284 |1253 |-1.023560e+01 |      --      |    Inf | unknown
 7650s|192000 |192001 | 61610k| 320.8 |  1060M | 115 | 602 | 201 | 899 |1493k|  2 | 284 |1253 |-1.023560e+01 |      --      |    Inf | unknown
 7654s|192100 |192101 | 61646k| 320.9 |  1061M | 115 | 602 | 201 | 810 |1494k|  1 | 284 |1253 |-1.023560e+01 |      --      |    Inf | unknown
 7658s|192200 |192201 | 61679k| 320.9 |  1061M | 115 | 602 | 201 | 704 |1495k|  1 | 284 |1253 |-1.023560e+01 |      --      |    Inf | unknown
 7662s|192300 |192301 | 61713k| 320.9 |  1061M | 115 | 602 | 201 | 937 |1496k|  1 | 284 |1253 |-1.023560e+01 |      --      |    Inf | unknown
 7665s|192400 |192401 | 61741k| 320.8 |  1062M | 115 | 602 | 201 | 870 |1497k|  5 | 284 |1253 |-1.023556e+01 |      --      |    Inf | unknown
 7668s|192500 |192501 | 61767k| 320.8 |  1062M | 115 | 602 | 201 | 809 |1497k|  4 | 284 |1253 |-1.023556e+01 |      --      |    Inf | unknown
 7670s|192600 |192601 | 61792k| 320.8 |  1063M | 115 | 602 | 201 | 614 |1498k|  2 | 284 |1253 |-1.023556e+01 |      --      |    Inf | unknown
 7674s|192700 |192701 | 61828k| 320.8 |  1063M | 115 | 602 | 201 | 898 |1499k|  5 | 284 |1254 |-1.023556e+01 |      --      |    Inf | unknown
 7682s|192800 |192801 | 61866k| 320.8 |  1067M | 115 | 602 | 202 | 796 |1499k|  1 | 285 |1254 |-1.023556e+01 |      --      |    Inf | unknown
 7686s|192900 |192901 | 61903k| 320.9 |  1067M | 115 | 602 | 202 | 657 |1500k|  4 | 285 |1254 |-1.023552e+01 |      --      |    Inf | unknown
 7689s|193000 |193001 | 61927k| 320.8 |  1067M | 115 | 602 | 202 | 877 |1501k|  2 | 285 |1254 |-1.023552e+01 |      --      |    Inf | unknown
 7691s|193100 |193101 | 61952k| 320.8 |  1067M | 115 | 602 | 202 | 831 |1502k|  1 | 285 |1254 |-1.023552e+01 |      --      |    Inf | unknown
 7695s|193200 |193201 | 61984k| 320.8 |  1067M | 115 | 602 | 201 | 684 |1502k|  2 | 285 |1254 |-1.023552e+01 |      --      |    Inf | unknown
 7697s|193300 |193301 | 62006k| 320.7 |  1068M | 117 | 602 | 201 | 864 |1503k|  3 | 285 |1254 |-1.023552e+01 |      --      |    Inf | unknown
 time | node  | left  |LP iter|LP it/n|mem/heur|mdpt |vars |cons |rows |cuts |sepa|confs|strbr|  dualbound   | primalbound  |  gap   | compl. 
 7701s|193400 |193401 | 62039k| 320.7 |  1068M | 117 | 602 | 201 | 829 |1504k|  3 | 285 |1254 |-1.023552e+01 |      --      |    Inf | unknown
 7706s|193500 |193501 | 62065k| 320.7 |  1068M | 117 | 602 | 202 | 697 |1505k|  2 | 286 |1255 |-1.023552e+01 |      --      |    Inf | unknown
 7708s|193600 |193601 | 62087k| 320.6 |  1070M | 117 | 602 | 202 | 943 |1505k|  4 | 286 |1255 |-1.023552e+01 |      --      |    Inf | unknown
 7717s|193700 |193701 | 62125k| 320.7 |  1071M | 117 | 602 | 203 | 813 |1506k|  1 | 287 |1255 |-1.023552e+01 |      --      |    Inf | unknown
 7721s|193800 |193801 | 62164k| 320.7 |  1071M | 117 | 602 | 203 | 702 |1507k|  1 | 287 |1255 |-1.023552e+01 |      --      |    Inf | unknown
 7724s|193900 |193901 | 62189k| 320.7 |  1071M | 117 | 602 | 203 | 883 |1507k|  3 | 287 |1255 |-1.023552e+01 |      --      |    Inf | unknown
 7729s|194000 |194001 | 62235k| 320.7 |  1072M | 117 | 602 | 201 | 817 |1508k|  2 | 287 |1255 |-1.023552e+01 |      --      |    Inf | unknown
 7732s|194100 |194101 | 62263k| 320.7 |  1073M | 117 | 602 | 201 | 720 |1509k|  2 | 287 |1255 |-1.023552e+01 |      --      |    Inf | unknown
 7735s|194200 |194201 | 62287k| 320.7 |  1073M | 117 | 602 | 201 | 898 |1510k|  3 | 287 |1256 |-1.023552e+01 |      --      |    Inf | unknown
 7738s|194300 |194301 | 62318k| 320.7 |  1073M | 117 | 602 | 201 | 813 |1511k|  2 | 287 |1256 |-1.023552e+01 |      --      |    Inf | unknown
 7747s|194400 |194401 | 62351k| 320.7 |  1075M | 117 | 602 | 201 | 741 |1512k|  2 | 287 |1256 |-1.023552e+01 |      --      |    Inf | unknown
 7749s|194500 |194501 | 62371k| 320.6 |  1075M | 117 | 602 | 201 | 855 |1512k|  2 | 287 |1256 |-1.023552e+01 |      --      |    Inf | unknown
 7753s|194600 |194601 | 62405k| 320.6 |  1075M | 117 | 602 | 201 | 735 |1513k|  2 | 287 |1256 |-1.023552e+01 |      --      |    Inf | unknown
 7758s|194700 |194701 | 62441k| 320.7 |  1076M | 117 | 602 | 201 | 714 |1514k|  3 | 287 |1256 |-1.023552e+01 |      --      |    Inf | unknown
 7760s|194800 |194801 | 62463k| 320.6 |  1076M | 117 | 602 | 201 | 891 |1514k|  1 | 287 |1256 |-1.023552e+01 |      --      |    Inf | unknown
 time | node  | left  |LP iter|LP it/n|mem/heur|mdpt |vars |cons |rows |cuts |sepa|confs|strbr|  dualbound   | primalbound  |  gap   | compl. 
 7763s|194900 |194901 | 62495k| 320.6 |  1076M | 117 | 602 | 201 | 799 |1515k|  2 | 287 |1256 |-1.023552e+01 |      --      |    Inf | unknown
 7767s|195000 |195001 | 62526k| 320.6 |  1076M | 117 | 602 | 201 | 711 |1516k|  4 | 287 |1256 |-1.023552e+01 |      --      |    Inf | unknown
 7770s|195100 |195101 | 62555k| 320.6 |  1076M | 117 | 602 | 201 | 898 |1517k|  2 | 287 |1256 |-1.023552e+01 |      --      |    Inf | unknown
 7774s|195200 |195201 | 62588k| 320.6 |  1076M | 117 | 602 | 201 | 841 |1517k|  3 | 287 |1256 |-1.023552e+01 |      --      |    Inf | unknown
 7783s|195300 |195301 | 62623k| 320.6 |  1077M | 117 | 602 | 201 | 744 |1518k|  2 | 287 |1256 |-1.023552e+01 |      --      |    Inf | unknown
 7787s|195400 |195401 | 62657k| 320.6 |  1078M | 117 | 602 | 201 | 913 |1519k|  1 | 287 |1257 |-1.023552e+01 |      --      |    Inf | unknown
 7791s|195500 |195501 | 62688k| 320.6 |  1079M | 117 | 602 | 202 | 760 |1519k|  2 | 288 |1257 |-1.023552e+01 |      --      |    Inf | unknown
 7794s|195600 |195601 | 62715k| 320.6 |  1079M | 117 | 602 | 202 | 761 |1520k|  3 | 288 |1258 |-1.023552e+01 |      --      |    Inf | unknown
 7797s|195700 |195701 | 62740k| 320.5 |  1079M | 117 | 602 | 202 | 874 |1521k|  3 | 288 |1258 |-1.023552e+01 |      --      |    Inf | unknown
 7801s|195800 |195801 | 62772k| 320.5 |  1079M | 117 | 602 | 203 | 832 |1522k|  3 | 289 |1259 |-1.023552e+01 |      --      |    Inf | unknown
 7805s|195900 |195901 | 62809k| 320.6 |  1079M | 117 | 602 | 203 | 710 |1523k|  4 | 289 |1260 |-1.023552e+01 |      --      |    Inf | unknown
 7807s|196000 |196001 | 62830k| 320.5 |  1079M | 117 | 602 | 203 | 889 |1523k|  2 | 289 |1260 |-1.023552e+01 |      --      |    Inf | unknown
 7814s|196100 |196101 | 62865k| 320.5 |  1081M | 117 | 602 | 203 | 765 |1524k|  2 | 290 |1260 |-1.023552e+01 |      --      |    Inf | unknown
 7818s|196200 |196201 | 62903k| 320.6 |  1081M | 117 | 602 | 202 | 718 |1525k|  3 | 290 |1260 |-1.023552e+01 |      --      |    Inf | unknown
 7822s|196300 |196301 | 62936k| 320.6 |  1081M | 117 | 602 | 202 | 786 |1525k|  2 | 290 |1261 |-1.023552e+01 |      --      |    Inf | unknown
 time | node  | left  |LP iter|LP it/n|mem/heur|mdpt |vars |cons |rows |cuts |sepa|confs|strbr|  dualbound   | primalbound  |  gap   | compl. 
 7825s|196400 |196401 | 62968k| 320.6 |  1081M | 117 | 602 | 203 | 829 |1526k|  4 | 291 |1263 |-1.023552e+01 |      --      |    Inf | unknown
 7828s|196500 |196501 | 62995k| 320.5 |  1081M | 117 | 602 | 203 | 667 |1527k|  2 | 291 |1263 |-1.023552e+01 |      --      |    Inf | unknown
 7833s|196600 |196601 | 63026k| 320.5 |  1081M | 117 | 602 | 202 | 937 |1528k|  2 | 291 |1263 |-1.023552e+01 |      --      |    Inf | unknown
 7837s|196700 |196701 | 63064k| 320.6 |  1083M | 117 | 602 | 202 | 805 |1528k|  3 | 291 |1264 |-1.023552e+01 |      --      |    Inf | unknown
 7846s|196800 |196801 | 63100k| 320.6 |  1083M | 117 | 602 | 203 | 686 |1529k|  2 | 292 |1264 |-1.023552e+01 |      --      |    Inf | unknown
 7849s|196900 |196901 | 63131k| 320.6 |  1083M | 117 | 602 | 202 | 885 |1530k|  5 | 292 |1264 |-1.023552e+01 |      --      |    Inf | unknown
 7854s|197000 |197001 | 63171k| 320.6 |  1083M | 117 | 602 | 202 | 802 |1531k|  4 | 292 |1264 |-1.023552e+01 |      --      |    Inf | unknown
 7858s|197100 |197101 | 63203k| 320.6 |  1085M | 117 | 602 | 202 | 753 |1531k|  5 | 293 |1264 |-1.023552e+01 |      --      |    Inf | unknown
 7860s|197200 |197201 | 63225k| 320.6 |  1085M | 117 | 602 | 202 | 870 |1532k|  3 | 293 |1264 |-1.023552e+01 |      --      |    Inf | unknown
 7864s|197300 |197301 | 63259k| 320.6 |  1085M | 117 | 602 | 202 | 806 |1533k|  4 | 293 |1264 |-1.023552e+01 |      --      |    Inf | unknown
 7867s|197400 |197401 | 63288k| 320.6 |  1086M | 131 | 602 | 202 | 657 |1534k|  2 | 293 |1264 |-1.023552e+01 |      --      |    Inf | unknown
 7876s|197500 |197501 | 63323k| 320.6 |  1086M | 131 | 602 | 201 | 805 |1534k|  2 | 293 |1264 |-1.023552e+01 |      --      |    Inf | unknown
 7880s|197600 |197601 | 63356k| 320.6 |  1087M | 131 | 602 | 201 | 659 |1535k|  4 | 293 |1264 |-1.023552e+01 |      --      |    Inf | unknown
 7883s|197700 |197701 | 63382k| 320.5 |  1087M | 131 | 602 | 201 | 812 |1536k|  2 | 293 |1264 |-1.023552e+01 |      --      |    Inf | unknown
 7887s|197800 |197801 | 63420k| 320.6 |  1087M | 131 | 602 | 201 | 651 |1536k|  4 | 293 |1265 |-1.023552e+01 |      --      |    Inf | unknown
 time | node  | left  |LP iter|LP it/n|mem/heur|mdpt |vars |cons |rows |cuts |sepa|confs|strbr|  dualbound   | primalbound  |  gap   | compl. 
 7889s|197900 |197901 | 63445k| 320.5 |  1087M | 131 | 602 | 201 | 829 |1537k|  3 | 293 |1266 |-1.023552e+01 |      --      |    Inf | unknown
 7893s|198000 |198001 | 63475k| 320.5 |  1088M | 131 | 602 | 201 | 602 |1538k|  2 | 293 |1266 |-1.023547e+01 |      --      |    Inf | unknown
 7896s|198100 |198101 | 63501k| 320.5 |  1088M | 131 | 602 | 201 | 851 |1539k|  2 | 293 |1266 |-1.023547e+01 |      --      |    Inf | unknown
 7905s|198200 |198201 | 63543k| 320.6 |  1089M | 131 | 602 | 201 | 661 |1539k|  2 | 293 |1266 |-1.023547e+01 |      --      |    Inf | unknown
 7908s|198300 |198301 | 63570k| 320.5 |  1090M | 131 | 602 | 201 | 843 |1540k|  1 | 293 |1266 |-1.023547e+01 |      --      |    Inf | unknown
 7911s|198400 |198401 | 63595k| 320.5 |  1091M | 131 | 602 | 201 | 759 |1541k|  2 | 293 |1266 |-1.023547e+01 |      --      |    Inf | unknown
 7915s|198500 |198501 | 63627k| 320.5 |  1091M | 131 | 602 | 201 | 793 |1542k|  2 | 293 |1266 |-1.023547e+01 |      --      |    Inf | unknown
 7918s|198600 |198601 | 63662k| 320.5 |  1091M | 131 | 602 | 201 | 928 |1542k|  2 | 293 |1266 |-1.023547e+01 |      --      |    Inf | unknown
 7922s|198700 |198701 | 63693k| 320.5 |  1092M | 131 | 602 | 202 | 844 |1543k|  5 | 294 |1266 |-1.023544e+01 |      --      |    Inf | unknown
 7924s|198800 |198801 | 63713k| 320.4 |  1093M | 131 | 602 | 202 | 941 |1544k|  2 | 294 |1267 |-1.023544e+01 |      --      |    Inf | unknown
 7927s|198900 |198901 | 63739k| 320.4 |  1093M | 131 | 602 | 202 | 808 |1544k|  2 | 294 |1267 |-1.023544e+01 |      --      |    Inf | unknown
 7930s|199000 |199001 | 63762k| 320.4 |  1093M | 131 | 602 | 202 | 960 |1545k|  2 | 294 |1267 |-1.023544e+01 |      --      |    Inf | unknown
 7938s|199100 |199101 | 63800k| 320.4 |  1094M | 131 | 602 | 203 | 802 |1546k|  4 | 295 |1267 |-1.023544e+01 |      --      |    Inf | unknown
 7941s|199200 |199201 | 63829k| 320.4 |  1094M | 131 | 602 | 202 | 951 |1547k|  2 | 295 |1267 |-1.023544e+01 |      --      |    Inf | unknown
 7945s|199300 |199301 | 63860k| 320.4 |  1094M | 131 | 602 | 204 | 787 |1547k|  5 | 297 |1267 |-1.023543e+01 |      --      |    Inf | unknown
 time | node  | left  |LP iter|LP it/n|mem/heur|mdpt |vars |cons |rows |cuts |sepa|confs|strbr|  dualbound   | primalbound  |  gap   | compl. 
 7947s|199400 |199401 | 63885k| 320.3 |  1094M | 131 | 602 | 204 | 897 |1548k|  2 | 297 |1267 |-1.023543e+01 |      --      |    Inf | unknown
 7951s|199500 |199501 | 63920k| 320.4 |  1094M | 131 | 602 | 203 | 733 |1549k|  4 | 297 |1267 |-1.023543e+01 |      --      |    Inf | unknown
 7953s|199600 |199601 | 63941k| 320.3 |  1096M | 131 | 602 | 203 | 952 |1549k|  3 | 297 |1267 |-1.023543e+01 |      --      |    Inf | unknown
 7958s|199700 |199701 | 63973k| 320.3 |  1096M | 131 | 602 | 206 | 811 |1550k|  2 | 300 |1267 |-1.023543e+01 |      --      |    Inf | unknown
 7961s|199800 |199801 | 63993k| 320.2 |  1096M | 131 | 602 | 206 | 939 |1550k|  1 | 301 |1267 |-1.023543e+01 |      --      |    Inf | unknown
 7964s|199900 |199901 | 64026k| 320.2 |  1096M | 131 | 602 | 205 | 830 |1551k|  2 | 301 |1267 |-1.023543e+01 |      --      |    Inf | unknown
 7967s|200000 |200001 | 64053k| 320.2 |  1096M | 131 | 602 | 205 | 892 |1552k|  2 | 301 |1267 |-1.023541e+01 |      --      |    Inf | unknown
 7977s|200100 |200101 | 64093k| 320.3 |  1096M | 131 | 602 | 202 | 808 |1553k|  3 | 302 |1267 |-1.023541e+01 |      --      |    Inf | unknown
 7979s|200200 |200201 | 64115k| 320.2 |  1096M | 131 | 602 | 202 | 904 |1553k|  1 | 302 |1268 |-1.023541e+01 |      --      |    Inf | unknown
 7982s|200300 |200301 | 64148k| 320.2 |  1097M | 131 | 602 | 202 | 807 |1554k|  2 | 302 |1269 |-1.023541e+01 |      --      |    Inf | unknown
 7985s|200400 |200401 | 64173k| 320.2 |  1097M | 131 | 602 | 202 | 932 |1555k|  4 | 302 |1269 |-1.023541e+01 |      --      |    Inf | unknown
 7990s|200500 |200501 | 64215k| 320.2 |  1098M | 131 | 602 | 201 | 713 |1555k|  4 | 302 |1271 |-1.023534e+01 |      --      |    Inf | unknown
 7992s|200600 |200601 | 64235k| 320.2 |  1098M | 131 | 602 | 201 | 903 |1556k|  2 | 302 |1272 |-1.023534e+01 |      --      |    Inf | unknown
 7995s|200700 |200701 | 64264k| 320.2 |  1098M | 131 | 602 | 201 | 735 |1557k|  3 | 302 |1272 |-1.023534e+01 |      --      |    Inf | unknown
 7998s|200800 |200801 | 64288k| 320.1 |  1099M | 131 | 602 | 201 | 903 |1558k|  2 | 302 |1272 |-1.023534e+01 |      --      |    Inf | unknown
 time | node  | left  |LP iter|LP it/n|mem/heur|mdpt |vars |cons |rows |cuts |sepa|confs|strbr|  dualbound   | primalbound  |  gap   | compl. 
 8007s|200900 |200901 | 64324k| 320.1 |  1107M | 131 | 602 | 201 | 789 |1558k|  1 | 302 |1272 |-1.023534e+01 |      --      |    Inf | unknown
 8010s|201000 |201001 | 64346k| 320.1 |  1108M | 131 | 602 | 201 | 902 |1559k|  2 | 302 |1272 |-1.023534e+01 |      --      |    Inf | unknown
 8014s|201100 |201101 | 64378k| 320.1 |  1108M | 131 | 602 | 201 | 699 |1560k|  4 | 302 |1273 |-1.023532e+01 |      --      |    Inf | unknown
 8017s|201200 |201201 | 64411k| 320.1 |  1108M | 131 | 602 | 201 | 858 |1560k|  3 | 302 |1274 |-1.023532e+01 |      --      |    Inf | unknown
 8021s|201300 |201301 | 64441k| 320.1 |  1109M | 131 | 602 | 201 | 741 |1561k|  2 | 302 |1274 |-1.023532e+01 |      --      |    Inf | unknown
 8023s|201400 |201401 | 64466k| 320.0 |  1110M | 131 | 602 | 201 | 868 |1562k|  3 | 302 |1274 |-1.023532e+01 |      --      |    Inf | unknown
 8026s|201500 |201501 | 64492k| 320.0 |  1110M | 131 | 602 | 201 | 733 |1562k|  2 | 302 |1274 |-1.023532e+01 |      --      |    Inf | unknown
 8029s|201600 |201601 | 64515k| 320.0 |  1110M | 131 | 602 | 201 | 859 |1563k|  2 | 302 |1274 |-1.023532e+01 |      --      |    Inf | unknown
 8038s|201700 |201701 | 64553k| 320.0 |  1111M | 131 | 602 | 201 | 755 |1564k|  4 | 302 |1275 |-1.023532e+01 |      --      |    Inf | unknown
 8041s|201800 |201801 | 64583k| 320.0 |  1111M | 131 | 602 | 201 | 848 |1564k|  2 | 302 |1275 |-1.023527e+01 |      --      |    Inf | unknown
 8045s|201900 |201901 | 64619k| 320.0 |  1112M | 131 | 602 | 201 | 742 |1565k|  2 | 302 |1276 |-1.023527e+01 |      --      |    Inf | unknown
 8048s|202000 |202001 | 64641k| 320.0 |  1112M | 131 | 602 | 201 | 882 |1566k|  2 | 302 |1276 |-1.023527e+01 |      --      |    Inf | unknown
 8051s|202100 |202101 | 64677k| 320.0 |  1112M | 131 | 602 | 201 | 695 |1567k|  2 | 302 |1276 |-1.023527e+01 |      --      |    Inf | unknown
 8054s|202200 |202201 | 64704k| 320.0 |  1113M | 131 | 602 | 201 | 810 |1567k|  2 | 302 |1277 |-1.023527e+01 |      --      |    Inf | unknown
 8057s|202300 |202301 | 64731k| 319.9 |  1113M | 131 | 602 | 201 | 755 |1568k|  3 | 302 |1277 |-1.023527e+01 |      --      |    Inf | unknown
 time | node  | left  |LP iter|LP it/n|mem/heur|mdpt |vars |cons |rows |cuts |sepa|confs|strbr|  dualbound   | primalbound  |  gap   | compl. 
 8060s|202400 |202401 | 64755k| 319.9 |  1115M | 131 | 602 | 201 | 848 |1569k|  3 | 302 |1277 |-1.023527e+01 |      --      |    Inf | unknown
 8068s|202500 |202501 | 64794k| 319.9 |  1116M | 131 | 602 | 202 | 679 |1570k|  5 | 303 |1277 |-1.023527e+01 |      --      |    Inf | unknown
 8072s|202600 |202601 | 64824k| 319.9 |  1116M | 131 | 602 | 202 | 906 |1570k|  2 | 303 |1277 |-1.023527e+01 |      --      |    Inf | unknown
 8075s|202700 |202701 | 64853k| 319.9 |  1117M | 131 | 602 | 202 | 731 |1571k|  2 | 303 |1277 |-1.023527e+01 |      --      |    Inf | unknown
 8078s|202800 |202801 | 64876k| 319.9 |  1117M | 131 | 602 | 203 | 831 |1572k|  2 | 304 |1278 |-1.023527e+01 |      --      |    Inf | unknown
 8081s|202900 |202901 | 64911k| 319.9 |  1117M | 131 | 602 | 202 | 747 |1572k|  2 | 304 |1278 |-1.023527e+01 |      --      |    Inf | unknown
 8085s|203000 |203001 | 64942k| 319.9 |  1118M | 131 | 602 | 202 | 878 |1573k|  5 | 304 |1278 |-1.023527e+01 |      --      |    Inf | unknown
 8088s|203100 |203101 | 64971k| 319.8 |  1119M | 131 | 602 | 201 | 621 |1574k|  2 | 304 |1278 |-1.023526e+01 |      --      |    Inf | unknown
 8093s|203200 |203201 | 64999k| 319.8 |  1120M | 131 | 602 | 201 | 880 |1574k|  2 | 304 |1278 |-1.023526e+01 |      --      |    Inf | unknown
 8096s|203300 |203301 | 65024k| 319.8 |  1120M | 131 | 602 | 201 | 739 |1575k|  3 | 304 |1279 |-1.023526e+01 |      --      |    Inf | unknown
 8099s|203400 |203401 | 65048k| 319.8 |  1120M | 131 | 602 | 202 | 828 |1576k|  3 | 305 |1279 |-1.023526e+01 |      --      |    Inf | unknown
 8109s|203500 |203501 | 65083k| 319.8 |  1120M | 131 | 602 | 202 | 632 |1577k|  2 | 305 |1279 |-1.023526e+01 |      --      |    Inf | unknown
 8111s|203600 |203601 | 65105k| 319.7 |  1120M | 131 | 602 | 202 | 816 |1577k|  1 | 305 |1279 |-1.023526e+01 |      --      |    Inf | unknown
 8115s|203700 |203701 | 65140k| 319.7 |  1120M | 131 | 602 | 202 | 701 |1578k|  2 | 305 |1279 |-1.023526e+01 |      --      |    Inf | unknown
 8118s|203800 |203801 | 65170k| 319.7 |  1122M | 131 | 602 | 201 | 805 |1579k|  3 | 305 |1279 |-1.023525e+01 |      --      |    Inf | unknown
 time | node  | left  |LP iter|LP it/n|mem/heur|mdpt |vars |cons |rows |cuts |sepa|confs|strbr|  dualbound   | primalbound  |  gap   | compl. 
 8122s|203900 |203901 | 65202k| 319.7 |  1123M | 131 | 602 | 201 | 600 |1579k|  2 | 305 |1279 |-1.023525e+01 |      --      |    Inf | unknown
 8125s|204000 |204001 | 65228k| 319.7 |  1123M | 131 | 602 | 201 | 790 |1580k|  2 | 305 |1279 |-1.023525e+01 |      --      |    Inf | unknown
 8128s|204100 |204101 | 65253k| 319.7 |  1123M | 131 | 602 | 201 | 676 |1581k|  4 | 305 |1279 |-1.023525e+01 |      --      |    Inf | unknown
 8131s|204200 |204201 | 65283k| 319.7 |  1123M | 131 | 602 | 201 | 776 |1582k|  1 | 305 |1279 |-1.023525e+01 |      --      |    Inf | unknown
 8141s|204300 |204301 | 65316k| 319.7 |  1123M | 131 | 602 | 201 | 640 |1582k|  4 | 305 |1279 |-1.023525e+01 |      --      |    Inf | unknown
 8144s|204400 |204401 | 65345k| 319.6 |  1123M | 131 | 602 | 201 | 793 |1583k|  1 | 305 |1280 |-1.023525e+01 |      --      |    Inf | unknown
 8148s|204500 |204501 | 65380k| 319.7 |  1125M | 131 | 602 | 201 | 658 |1584k|  4 | 305 |1281 |-1.023524e+01 |      --      |    Inf | unknown
 8152s|204600 |204601 | 65414k| 319.7 |  1125M | 131 | 602 | 201 | 812 |1585k|  3 | 305 |1281 |-1.023524e+01 |      --      |    Inf | unknown
 8155s|204700 |204701 | 65441k| 319.6 |  1125M | 131 | 602 | 201 | 617 |1585k|  2 | 305 |1281 |-1.023524e+01 |      --      |    Inf | unknown
 8157s|204800 |204801 | 65466k| 319.6 |  1125M | 131 | 602 | 201 | 827 |1586k|  4 | 305 |1281 |-1.023524e+01 |      --      |    Inf | unknown
 8160s|204900 |204901 | 65486k| 319.6 |  1125M | 131 | 602 | 202 | 717 |1586k|  2 | 306 |1281 |-1.023524e+01 |      --      |    Inf | unknown
 8162s|205000 |205001 | 65511k| 319.5 |  1126M | 131 | 602 | 202 | 777 |1587k|  3 | 306 |1281 |-1.023524e+01 |      --      |    Inf | unknown
 8174s|205100 |205101 | 65551k| 319.6 |  1126M | 131 | 602 | 202 | 891 |1588k|  3 | 306 |1282 |-1.023524e+01 |      --      |    Inf | unknown
 8177s|205200 |205201 | 65578k| 319.5 |  1127M | 131 | 602 | 201 | 817 |1588k|  1 | 306 |1282 |-1.023520e+01 |      --      |    Inf | unknown
 8180s|205300 |205301 | 65605k| 319.5 |  1127M | 131 | 602 | 201 | 937 |1589k|  2 | 306 |1282 |-1.023520e+01 |      --      |    Inf | unknown
 time | node  | left  |LP iter|LP it/n|mem/heur|mdpt |vars |cons |rows |cuts |sepa|confs|strbr|  dualbound   | primalbound  |  gap   | compl. 
 8183s|205400 |205401 | 65630k| 319.5 |  1127M | 131 | 602 | 201 | 767 |1590k|  2 | 306 |1282 |-1.023520e+01 |      --      |    Inf | unknown
 8186s|205500 |205501 | 65660k| 319.5 |  1127M | 131 | 602 | 201 |1003 |1590k|  3 | 306 |1282 |-1.023520e+01 |      --      |    Inf | unknown
 8189s|205600 |205601 | 65686k| 319.4 |  1128M | 131 | 602 | 201 | 773 |1591k|  4 | 306 |1282 |-1.023520e+01 |      --      |    Inf | unknown
 8191s|205700 |205701 | 65708k| 319.4 |  1128M | 131 | 602 | 201 | 959 |1592k|  2 | 306 |1282 |-1.023520e+01 |      --      |    Inf | unknown
 8195s|205800 |205801 | 65744k| 319.4 |  1128M | 131 | 602 | 201 | 796 |1593k|  2 | 306 |1283 |-1.023515e+01 |      --      |    Inf | unknown
 8198s|205900 |205901 | 65773k| 319.4 |  1128M | 131 | 602 | 201 | 875 |1593k|  3 | 306 |1283 |-1.023515e+01 |      --      |    Inf | unknown
 8201s|206000 |206001 | 65798k| 319.4 |  1129M | 131 | 602 | 201 | 784 |1594k|  2 | 306 |1283 |-1.023515e+01 |      --      |    Inf | unknown
 8209s|206100 |206101 | 65826k| 319.3 |  1129M | 131 | 602 | 201 | 934 |1594k|  5 | 306 |1283 |-1.023515e+01 |      --      |    Inf | unknown
 8212s|206200 |206201 | 65854k| 319.3 |  1129M | 131 | 602 | 202 | 767 |1595k|  2 | 307 |1283 |-1.023515e+01 |      --      |    Inf | unknown
 8214s|206300 |206301 | 65875k| 319.3 |  1129M | 131 | 602 | 202 | 964 |1596k|  3 | 307 |1283 |-1.023515e+01 |      --      |    Inf | unknown
 8218s|206400 |206401 | 65909k| 319.3 |  1130M | 131 | 602 | 202 | 795 |1596k|  2 | 307 |1283 |-1.023515e+01 |      --      |    Inf | unknown
 8221s|206500 |206501 | 65941k| 319.3 |  1130M | 131 | 602 | 202 | 911 |1597k|  4 | 307 |1283 |-1.023507e+01 |      --      |    Inf | unknown
 8225s|206600 |206601 | 65971k| 319.3 |  1131M | 131 | 602 | 201 | 735 |1598k|  2 | 307 |1283 |-1.023507e+01 |      --      |    Inf | unknown
 8227s|206700 |206701 | 65991k| 319.2 |  1132M | 131 | 602 | 201 | 928 |1598k|  2 | 307 |1283 |-1.023507e+01 |      --      |    Inf | unknown
 8230s|206800 |206801 | 66019k| 319.2 |  1132M | 131 | 602 | 201 | 797 |1599k|  3 | 307 |1283 |-1.023507e+01 |      --      |    Inf | unknown
 time | node  | left  |LP iter|LP it/n|mem/heur|mdpt |vars |cons |rows |cuts |sepa|confs|strbr|  dualbound   | primalbound  |  gap   | compl. 
 8234s|206900 |206901 | 66042k| 319.2 |  1132M | 131 | 602 | 201 | 889 |1600k|  3 | 307 |1283 |-1.023507e+01 |      --      |    Inf | unknown
 8237s|207000 |207001 | 66071k| 319.1 |  1132M | 131 | 602 | 201 | 828 |1600k|  4 | 307 |1283 |-1.023507e+01 |      --      |    Inf | unknown
 8239s|207100 |207101 | 66091k| 319.1 |  1132M | 131 | 602 | 201 | 913 |1601k|  2 | 307 |1283 |-1.023507e+01 |      --      |    Inf | unknown
 8249s|207200 |207201 | 66132k| 319.1 |  1132M | 131 | 602 | 201 | 778 |1602k|  2 | 307 |1284 |-1.023503e+01 |      --      |    Inf | unknown
 8252s|207300 |207301 | 66165k| 319.1 |  1133M | 131 | 602 | 201 | 873 |1603k|  2 | 307 |1284 |-1.023503e+01 |      --      |    Inf | unknown
 8256s|207400 |207401 | 66203k| 319.2 |  1136M | 131 | 602 | 201 | 763 |1603k|  2 | 307 |1284 |-1.023503e+01 |      --      |    Inf | unknown
 8259s|207500 |207501 | 66227k| 319.1 |  1136M | 131 | 602 | 201 | 909 |1604k|  2 | 307 |1284 |-1.023503e+01 |      --      |    Inf | unknown
 8263s|207600 |207601 | 66259k| 319.1 |  1137M | 131 | 602 | 201 | 778 |1605k|  5 | 307 |1284 |-1.023503e+01 |      --      |    Inf | unknown
 8265s|207700 |207701 | 66283k| 319.1 |  1137M | 131 | 602 | 201 | 862 |1606k|  2 | 307 |1284 |-1.023503e+01 |      --      |    Inf | unknown
 8269s|207800 |207801 | 66315k| 319.1 |  1137M | 131 | 602 | 202 | 717 |1606k|  2 | 308 |1284 |-1.023489e+01 |      --      |    Inf | unknown
 8272s|207900 |207901 | 66345k| 319.1 |  1137M | 131 | 602 | 202 | 877 |1607k|  5 | 308 |1286 |-1.023489e+01 |      --      |    Inf | unknown
 8283s|208000 |208001 | 66382k| 319.1 |  1138M | 131 | 602 | 202 | 756 |1608k|  3 | 308 |1286 |-1.023489e+01 |      --      |    Inf | unknown
 8286s|208100 |208101 | 66412k| 319.1 |  1138M | 131 | 602 | 201 | 920 |1609k|  2 | 308 |1286 |-1.023489e+01 |      --      |    Inf | unknown
 8289s|208200 |208201 | 66439k| 319.1 |  1140M | 131 | 602 | 202 | 744 |1609k|  1 | 309 |1286 |-1.023489e+01 |      --      |    Inf | unknown
 8291s|208300 |208301 | 66461k| 319.0 |  1140M | 131 | 602 | 202 | 851 |1610k|  4 | 309 |1286 |-1.023489e+01 |      --      |    Inf | unknown
 time | node  | left  |LP iter|LP it/n|mem/heur|mdpt |vars |cons |rows |cuts |sepa|confs|strbr|  dualbound   | primalbound  |  gap   | compl. 
 8294s|208400 |208401 | 66488k| 319.0 |  1140M | 131 | 602 | 202 | 780 |1611k|  2 | 309 |1286 |-1.023489e+01 |      --      |    Inf | unknown
 8298s|208500 |208501 | 66521k| 319.0 |  1141M | 131 | 602 | 202 | 873 |1611k|  3 | 309 |1286 |-1.023473e+01 |      --      |    Inf | unknown
 8302s|208600 |208601 | 66554k| 319.0 |  1141M | 131 | 602 | 201 | 660 |1612k|  2 | 309 |1286 |-1.023473e+01 |      --      |    Inf | unknown
 8305s|208700 |208701 | 66576k| 319.0 |  1142M | 131 | 602 | 201 | 937 |1613k|  5 | 309 |1287 |-1.023473e+01 |      --      |    Inf | unknown
 8307s|208800 |208801 | 66599k| 318.9 |  1142M | 131 | 602 | 201 | 746 |1613k|  3 | 309 |1287 |-1.023473e+01 |      --      |    Inf | unknown
 8317s|208900 |208901 | 66629k| 318.9 |  1142M | 131 | 602 | 201 | 940 |1614k|  2 | 309 |1287 |-1.023473e+01 |      --      |    Inf | unknown
 8321s|209000 |209001 | 66668k| 318.9 |  1142M | 131 | 602 | 201 | 696 |1615k|  3 | 309 |1287 |-1.023473e+01 |      --      |    Inf | unknown
 8324s|209100 |209101 | 66691k| 318.9 |  1142M | 131 | 602 | 201 | 878 |1616k|  2 | 309 |1287 |-1.023473e+01 |      --      |    Inf | unknown
 8328s|209200 |209201 | 66724k| 318.9 |  1143M | 131 | 602 | 201 | 761 |1616k|  2 | 309 |1288 |-1.023472e+01 |      --      |    Inf | unknown
 8331s|209300 |209301 | 66754k| 318.9 |  1143M | 131 | 602 | 201 | 852 |1617k|  2 | 309 |1288 |-1.023472e+01 |      --      |    Inf | unknown
 8334s|209400 |209401 | 66785k| 318.9 |  1145M | 131 | 602 | 201 | 706 |1618k|  2 | 309 |1288 |-1.023472e+01 |      --      |    Inf | unknown
 8337s|209500 |209501 | 66804k| 318.8 |  1145M | 131 | 602 | 201 | 884 |1618k|  1 | 309 |1288 |-1.023472e+01 |      --      |    Inf | unknown
 8340s|209600 |209601 | 66833k| 318.8 |  1145M | 131 | 602 | 201 | 712 |1619k|  5 | 309 |1288 |-1.023472e+01 |      --      |    Inf | unknown
 8346s|209700 |209701 | 66859k| 318.8 |  1145M | 131 | 602 | 201 | 865 |1620k|  2 | 309 |1288 |-1.023472e+01 |      --      |    Inf | unknown
 8350s|209800 |209801 | 66892k| 318.8 |  1146M | 131 | 602 | 201 | 691 |1621k|  3 | 309 |1288 |-1.023468e+01 |      --      |    Inf | unknown
 time | node  | left  |LP iter|LP it/n|mem/heur|mdpt |vars |cons |rows |cuts |sepa|confs|strbr|  dualbound   | primalbound  |  gap   | compl. 
 8354s|209900 |209901 | 66926k| 318.8 |  1147M | 131 | 602 | 201 | 880 |1622k|  2 | 309 |1288 |-1.023468e+01 |      --      |    Inf | unknown
 8357s|210000 |210001 | 66958k| 318.8 |  1147M | 131 | 602 | 201 | 713 |1622k|  4 | 309 |1288 |-1.023468e+01 |      --      |    Inf | unknown
 8360s|210100 |210101 | 66985k| 318.8 |  1148M | 131 | 602 | 201 | 830 |1623k|  4 | 309 |1288 |-1.023468e+01 |      --      |    Inf | unknown
 8363s|210200 |210201 | 67014k| 318.8 |  1148M | 131 | 602 | 201 | 678 |1624k|  3 | 309 |1288 |-1.023468e+01 |      --      |    Inf | unknown
 8368s|210300 |210301 | 67042k| 318.7 |  1148M | 131 | 602 | 201 | 879 |1624k|  2 | 309 |1288 |-1.023468e+01 |      --      |    Inf | unknown
 8371s|210400 |210401 | 67065k| 318.7 |  1148M | 131 | 602 | 201 | 719 |1625k|  3 | 309 |1288 |-1.023468e+01 |      --      |    Inf | unknown
 8374s|210500 |210501 | 67091k| 318.7 |  1149M | 131 | 602 | 201 | 799 |1626k|  2 | 309 |1288 |-1.023463e+01 |      --      |    Inf | unknown
 8383s|210600 |210601 | 67129k| 318.7 |  1149M | 131 | 602 | 201 | 665 |1627k|  3 | 309 |1288 |-1.023463e+01 |      --      |    Inf | unknown
 8386s|210700 |210701 | 67154k| 318.7 |  1150M | 131 | 602 | 201 | 817 |1627k|  3 | 309 |1288 |-1.023463e+01 |      --      |    Inf | unknown
 8391s|210800 |210801 | 67197k| 318.7 |  1152M | 131 | 602 | 201 | 611 |1628k|  2 | 309 |1288 |-1.023463e+01 |      --      |    Inf | unknown
 8393s|210900 |210901 | 67220k| 318.7 |  1152M | 131 | 602 | 201 | 808 |1629k|  2 | 309 |1288 |-1.023463e+01 |      --      |    Inf | unknown
 8396s|211000 |211001 | 67248k| 318.7 |  1152M | 131 | 602 | 201 | 657 |1630k|  2 | 309 |1288 |-1.023463e+01 |      --      |    Inf | unknown
 8400s|211100 |211101 | 67280k| 318.7 |  1152M | 131 | 602 | 201 | 783 |1630k|  2 | 309 |1288 |-1.023463e+01 |      --      |    Inf | unknown
 8403s|211200 |211201 | 67308k| 318.7 |  1152M | 131 | 602 | 201 | 596 |1631k|  4 | 309 |1288 |-1.023456e+01 |      --      |    Inf | unknown
 8407s|211300 |211301 | 67340k| 318.6 |  1152M | 131 | 602 | 201 | 866 |1632k|  2 | 309 |1288 |-1.023456e+01 |      --      |    Inf | unknown
 time | node  | left  |LP iter|LP it/n|mem/heur|mdpt |vars |cons |rows |cuts |sepa|confs|strbr|  dualbound   | primalbound  |  gap   | compl. 
 8417s|211400 |211401 | 67374k| 318.7 |  1153M | 131 | 602 | 201 | 655 |1633k|  2 | 309 |1288 |-1.023456e+01 |      --      |    Inf | unknown
 8421s|211500 |211501 | 67408k| 318.7 |  1154M | 131 | 602 | 201 | 870 |1633k|  2 | 309 |1288 |-1.023456e+01 |      --      |    Inf | unknown
 8425s|211600 |211601 | 67446k| 318.7 |  1154M | 131 | 602 | 201 | 771 |1634k|  2 | 309 |1288 |-1.023456e+01 |      --      |    Inf | unknown
 8428s|211700 |211701 | 67473k| 318.7 |  1154M | 131 | 602 | 201 | 884 |1635k|  2 | 309 |1289 |-1.023456e+01 |      --      |    Inf | unknown
 8431s|211800 |211801 | 67496k| 318.6 |  1154M | 131 | 602 | 201 | 918 |1636k|  2 | 309 |1289 |-1.023456e+01 |      --      |    Inf | unknown
 8433s|211900 |211901 | 67522k| 318.6 |  1154M | 131 | 602 | 201 | 813 |1636k|  2 | 309 |1289 |-1.023455e+01 |      --      |    Inf | unknown
 8436s|212000 |212001 | 67544k| 318.6 |  1154M | 131 | 602 | 201 | 889 |1637k|  2 | 309 |1289 |-1.023455e+01 |      --      |    Inf | unknown
 8439s|212100 |212101 | 67572k| 318.5 |  1155M | 131 | 602 | 201 | 833 |1638k|  3 | 309 |1289 |-1.023455e+01 |      --      |    Inf | unknown
 8441s|212200 |212201 | 67595k| 318.5 |  1155M | 131 | 602 | 201 | 934 |1638k|  1 | 309 |1289 |-1.023455e+01 |      --      |    Inf | unknown
 8452s|212300 |212301 | 67627k| 318.5 |  1156M | 131 | 602 | 201 | 836 |1639k|  2 | 309 |1289 |-1.023455e+01 |      --      |    Inf | unknown
 8455s|212400 |212401 | 67655k| 318.5 |  1156M | 131 | 602 | 201 | 927 |1640k|  1 | 309 |1289 |-1.023455e+01 |      --      |    Inf | unknown
 8459s|212500 |212501 | 67691k| 318.5 |  1156M | 131 | 602 | 202 | 754 |1640k|  2 | 310 |1289 |-1.023449e+01 |      --      |    Inf | unknown
 8461s|212600 |212601 | 67714k| 318.5 |  1158M | 131 | 602 | 203 | 882 |1641k|  2 | 311 |1289 |-1.023449e+01 |      --      |    Inf | unknown
 8464s|212700 |212701 | 67741k| 318.4 |  1159M | 131 | 602 | 203 | 816 |1642k|  4 | 311 |1289 |-1.023449e+01 |      --      |    Inf | unknown
 8468s|212800 |212801 | 67769k| 318.4 |  1160M | 131 | 602 | 203 | 928 |1643k|  5 | 311 |1289 |-1.023449e+01 |      --      |    Inf | unknown
 time | node  | left  |LP iter|LP it/n|mem/heur|mdpt |vars |cons |rows |cuts |sepa|confs|strbr|  dualbound   | primalbound  |  gap   | compl. 
 8471s|212900 |212901 | 67796k| 318.4 |  1160M | 131 | 602 | 201 | 764 |1643k|  1 | 311 |1289 |-1.023449e+01 |      --      |    Inf | unknown
 8473s|213000 |213001 | 67817k| 318.3 |  1160M | 131 | 602 | 202 | 929 |1644k|  3 | 312 |1289 |-1.023449e+01 |      --      |    Inf | unknown
 8476s|213100 |213101 | 67841k| 318.3 |  1160M | 131 | 602 | 202 | 789 |1644k|  3 | 312 |1289 |-1.023449e+01 |      --      |    Inf | unknown
 8478s|213200 |213201 | 67865k| 318.3 |  1160M | 131 | 602 | 202 | 892 |1645k|  2 | 312 |1289 |-1.023447e+01 |      --      |    Inf | unknown
 8486s|213300 |213301 | 67901k| 318.3 |  1161M | 131 | 602 | 202 | 794 |1646k|  5 | 312 |1289 |-1.023447e+01 |      --      |    Inf | unknown
 8490s|213400 |213401 | 67934k| 318.3 |  1161M | 131 | 602 | 202 | 880 |1647k|  2 | 312 |1289 |-1.023447e+01 |      --      |    Inf | unknown
 8493s|213500 |213501 | 67967k| 318.3 |  1163M | 131 | 602 | 201 | 777 |1647k|  4 | 312 |1289 |-1.023447e+01 |      --      |    Inf | unknown
 8495s|213600 |213601 | 67986k| 318.2 |  1163M | 131 | 602 | 201 | 894 |1648k|  2 | 312 |1289 |-1.023447e+01 |      --      |    Inf | unknown
 8499s|213700 |213701 | 68018k| 318.2 |  1163M | 131 | 602 | 201 | 798 |1649k|  2 | 312 |1289 |-1.023447e+01 |      --      |    Inf | unknown
 8504s|213800 |213801 | 68044k| 318.2 |  1163M | 131 | 602 | 201 | 883 |1649k|  3 | 312 |1289 |-1.023447e+01 |      --      |    Inf | unknown
 8508s|213900 |213901 | 68074k| 318.2 |  1163M | 131 | 602 | 201 | 748 |1650k|  3 | 312 |1289 |-1.023445e+01 |      --      |    Inf | unknown
 8510s|214000 |214001 | 68098k| 318.2 |  1164M | 131 | 602 | 202 | 930 |1651k|  4 | 313 |1289 |-1.023445e+01 |      --      |    Inf | unknown
 8521s|214100 |214101 | 68134k| 318.2 |  1164M | 131 | 602 | 202 | 830 |1652k|  4 | 313 |1289 |-1.023445e+01 |      --      |    Inf | unknown
 8523s|214200 |214201 | 68154k| 318.1 |  1165M | 131 | 602 | 202 | 903 |1652k|  2 | 313 |1290 |-1.023445e+01 |      --      |    Inf | unknown
 8526s|214300 |214301 | 68188k| 318.1 |  1165M | 131 | 602 | 202 | 737 |1653k|  2 | 313 |1291 |-1.023445e+01 |      --      |    Inf | unknown
 time | node  | left  |LP iter|LP it/n|mem/heur|mdpt |vars |cons |rows |cuts |sepa|confs|strbr|  dualbound   | primalbound  |  gap   | compl. 
 8530s|214400 |214401 | 68217k| 318.1 |  1166M | 131 | 602 | 201 | 905 |1653k|  2 | 313 |1291 |-1.023445e+01 |      --      |    Inf | unknown
 8533s|214500 |214501 | 68246k| 318.1 |  1167M | 131 | 602 | 201 | 765 |1654k|  2 | 313 |1291 |-1.023435e+01 |      --      |    Inf | unknown
 8535s|214600 |214601 | 68267k| 318.1 |  1167M | 131 | 602 | 201 | 900 |1655k|  3 | 313 |1291 |-1.023435e+01 |      --      |    Inf | unknown
 8538s|214700 |214701 | 68291k| 318.0 |  1168M | 131 | 602 | 201 | 670 |1655k|  2 | 313 |1291 |-1.023435e+01 |      --      |    Inf | unknown
 8540s|214800 |214801 | 68313k| 318.0 |  1168M | 131 | 602 | 201 | 889 |1656k|  2 | 313 |1292 |-1.023435e+01 |      --      |    Inf | unknown
 8544s|214900 |214901 | 68344k| 318.0 |  1170M | 131 | 602 | 202 | 767 |1657k|  2 | 314 |1293 |-1.023435e+01 |      --      |    Inf | unknown
 8554s|215000 |215001 | 68374k| 318.0 |  1170M | 131 | 602 | 202 | 878 |1657k|  2 | 314 |1293 |-1.023435e+01 |      --      |    Inf | unknown
 8557s|215100 |215101 | 68407k| 318.0 |  1171M | 131 | 602 | 202 | 744 |1658k|  2 | 314 |1293 |-1.023435e+01 |      --      |    Inf | unknown
 8561s|215200 |215201 | 68438k| 318.0 |  1171M | 131 | 602 | 201 | 871 |1659k|  3 | 314 |1293 |-1.023430e+01 |      --      |    Inf | unknown
 8563s|215300 |215301 | 68463k| 317.9 |  1171M | 131 | 602 | 201 | 684 |1659k|  2 | 314 |1293 |-1.023430e+01 |      --      |    Inf | unknown
 8566s|215400 |215401 | 68488k| 317.9 |  1173M | 131 | 602 | 201 | 912 |1660k|  5 | 314 |1293 |-1.023430e+01 |      --      |    Inf | unknown
 8569s|215500 |215501 | 68513k| 317.9 |  1173M | 131 | 602 | 201 | 676 |1661k|  2 | 314 |1293 |-1.023430e+01 |      --      |    Inf | unknown
 8571s|215600 |215601 | 68538k| 317.9 |  1173M | 131 | 602 | 201 | 864 |1661k|  1 | 314 |1293 |-1.023430e+01 |      --      |    Inf | unknown
 8575s|215700 |215701 | 68569k| 317.8 |  1175M | 131 | 602 | 201 | 702 |1662k|  2 | 314 |1293 |-1.023430e+01 |      --      |    Inf | unknown
 8578s|215800 |215801 | 68601k| 317.8 |  1175M | 131 | 602 | 201 | 872 |1663k|  2 | 314 |1293 |-1.023430e+01 |      --      |    Inf | unknown
 time | node  | left  |LP iter|LP it/n|mem/heur|mdpt |vars |cons |rows |cuts |sepa|confs|strbr|  dualbound   | primalbound  |  gap   | compl. 
 8588s|215900 |215901 | 68638k| 317.9 |  1175M | 131 | 602 | 201 | 696 |1663k|  2 | 314 |1293 |-1.023430e+01 |      --      |    Inf | unknown
 8591s|216000 |216001 | 68662k| 317.8 |  1175M | 131 | 602 | 201 | 808 |1664k|  2 | 314 |1293 |-1.023430e+01 |      --      |    Inf | unknown
 8595s|216100 |216101 | 68698k| 317.9 |  1175M | 131 | 602 | 201 | 655 |1665k|  3 | 314 |1293 |-1.023430e+01 |      --      |    Inf | unknown
 8598s|216200 |216201 | 68724k| 317.8 |  1175M | 131 | 602 | 201 | 879 |1665k|  3 | 314 |1293 |-1.023430e+01 |      --      |    Inf | unknown
 8600s|216300 |216301 | 68748k| 317.8 |  1175M | 131 | 602 | 201 | 675 |1666k|  2 | 314 |1293 |-1.023430e+01 |      --      |    Inf | unknown
 8603s|216400 |216401 | 68772k| 317.8 |  1176M | 131 | 602 | 201 | 783 |1667k|  4 | 314 |1293 |-1.023430e+01 |      --      |    Inf | unknown
 8607s|216500 |216501 | 68806k| 317.8 |  1176M | 131 | 602 | 201 | 655 |1667k|  2 | 314 |1294 |-1.023429e+01 |      --      |    Inf | unknown
 8609s|216600 |216601 | 68832k| 317.7 |  1176M | 131 | 602 | 201 | 817 |1668k|  3 | 314 |1295 |-1.023429e+01 |      --      |    Inf | unknown
 8612s|216700 |216701 | 68856k| 317.7 |  1177M | 131 | 602 | 201 | 732 |1669k|  2 | 314 |1297 |-1.023429e+01 |      --      |    Inf | unknown
 8618s|216800 |216801 | 68881k| 317.7 |  1178M | 131 | 602 | 201 | 850 |1669k|  2 | 314 |1297 |-1.023429e+01 |      --      |    Inf | unknown
 8621s|216900 |216901 | 68903k| 317.6 |  1178M | 131 | 602 | 201 | 649 |1670k|  2 | 314 |1298 |-1.023429e+01 |      --      |    Inf | unknown
 8624s|217000 |217001 | 68934k| 317.6 |  1178M | 131 | 602 | 201 | 865 |1671k|  2 | 314 |1298 |-1.023429e+01 |      --      |    Inf | unknown
 8628s|217100 |217101 | 68967k| 317.6 |  1178M | 131 | 602 | 202 | 672 |1671k|  2 | 315 |1298 |-1.023429e+01 |      --      |    Inf | unknown
 8631s|217200 |217201 | 68992k| 317.6 |  1179M | 131 | 602 | 202 | 804 |1672k|  3 | 315 |1298 |-1.023425e+01 |      --      |    Inf | unknown
 8634s|217300 |217301 | 69021k| 317.6 |  1179M | 131 | 602 | 201 | 676 |1673k|  2 | 315 |1298 |-1.023425e+01 |      --      |    Inf | unknown
 time | node  | left  |LP iter|LP it/n|mem/heur|mdpt |vars |cons |rows |cuts |sepa|confs|strbr|  dualbound   | primalbound  |  gap   | compl. 
 8639s|217400 |217401 | 69047k| 317.6 |  1179M | 131 | 602 | 201 | 854 |1673k|  2 | 315 |1298 |-1.023425e+01 |      --      |    Inf | unknown
 8641s|217500 |217501 | 69073k| 317.5 |  1179M | 131 | 602 | 201 | 669 |1674k|  2 | 315 |1298 |-1.023425e+01 |      --      |    Inf | unknown
 8644s|217600 |217601 | 69097k| 317.5 |  1180M | 131 | 602 | 201 | 860 |1675k|  2 | 315 |1298 |-1.023425e+01 |      --      |    Inf | unknown
 8652s|217700 |217701 | 69131k| 317.5 |  1180M | 131 | 602 | 202 | 614 |1675k|  5 | 316 |1298 |-1.023425e+01 |      --      |    Inf | unknown
 8656s|217800 |217801 | 69162k| 317.5 |  1180M | 131 | 602 | 202 | 818 |1676k|  2 | 316 |1298 |-1.023425e+01 |      --      |    Inf | unknown
 8660s|217900 |217901 | 69203k| 317.5 |  1181M | 131 | 602 | 202 | 596 |1677k|  2 | 316 |1298 |-1.023400e+01 |      --      |    Inf | unknown
 8663s|218000 |218001 | 69229k| 317.5 |  1181M | 131 | 602 | 201 | 826 |1678k|  2 | 316 |1298 |-1.023400e+01 |      --      |    Inf | unknown
 8666s|218100 |218101 | 69252k| 317.5 |  1181M | 131 | 602 | 201 | 576 |1678k|  2 | 316 |1299 |-1.023400e+01 |      --      |    Inf | unknown
 8669s|218200 |218201 | 69280k| 317.5 |  1181M | 131 | 602 | 201 | 808 |1679k|  3 | 316 |1299 |-1.023400e+01 |      --      |    Inf | unknown
 8672s|218300 |218301 | 69307k| 317.4 |  1183M | 131 | 602 | 201 | 724 |1680k|  2 | 316 |1300 |-1.023400e+01 |      --      |    Inf | unknown
 8682s|218400 |218401 | 69344k| 317.5 |  1183M | 131 | 602 | 201 | 779 |1681k|  2 | 316 |1300 |-1.023400e+01 |      --      |    Inf | unknown
 8685s|218500 |218501 | 69372k| 317.4 |  1184M | 131 | 602 | 201 | 944 |1681k|  2 | 316 |1300 |-1.023400e+01 |      --      |    Inf | unknown
 8688s|218600 |218601 | 69397k| 317.4 |  1185M | 131 | 602 | 201 | 820 |1682k|  3 | 316 |1300 |-1.023398e+01 |      --      |    Inf | unknown
 8691s|218700 |218701 | 69423k| 317.4 |  1185M | 131 | 602 | 201 | 934 |1683k|  3 | 316 |1301 |-1.023398e+01 |      --      |    Inf | unknown
 8696s|218800 |218801 | 69464k| 317.4 |  1186M | 131 | 602 | 201 | 863 |1683k|  3 | 316 |1301 |-1.023398e+01 |      --      |    Inf | unknown
 time | node  | left  |LP iter|LP it/n|mem/heur|mdpt |vars |cons |rows |cuts |sepa|confs|strbr|  dualbound   | primalbound  |  gap   | compl. 
 8699s|218900 |218901 | 69487k| 317.4 |  1188M | 131 | 602 | 203 | 950 |1684k|  2 | 318 |1301 |-1.023398e+01 |      --      |    Inf | unknown
 8702s|219000 |219001 | 69511k| 317.4 |  1188M | 131 | 602 | 203 | 813 |1685k|  2 | 318 |1301 |-1.023398e+01 |      --      |    Inf | unknown
 8706s|219100 |219101 | 69542k| 317.4 |  1188M | 131 | 602 | 203 | 932 |1685k|  3 | 318 |1301 |-1.023398e+01 |      --      |    Inf | unknown
 8709s|219200 |219201 | 69570k| 317.3 |  1189M | 131 | 602 | 204 | 789 |1686k|  2 | 319 |1301 |-1.023398e+01 |      --      |    Inf | unknown
 8711s|219300 |219301 | 69591k| 317.3 |  1190M | 131 | 602 | 204 | 910 |1687k|  2 | 319 |1301 |-1.023398e+01 |      --      |    Inf | unknown
 8722s|219400 |219401 | 69631k| 317.3 |  1192M | 131 | 602 | 202 | 790 |1687k|  2 | 319 |1301 |-1.023398e+01 |      --      |    Inf | unknown
 8724s|219500 |219501 | 69650k| 317.3 |  1192M | 131 | 602 | 202 | 946 |1688k|  2 | 319 |1301 |-1.023398e+01 |      --      |    Inf | unknown
 8727s|219600 |219601 | 69677k| 317.2 |  1192M | 131 | 602 | 202 | 797 |1689k|  2 | 319 |1302 |-1.023398e+01 |      --      |    Inf | unknown
 8730s|219700 |219701 | 69709k| 317.2 |  1192M | 131 | 602 | 201 | 908 |1689k|  2 | 319 |1302 |-1.023398e+01 |      --      |    Inf | unknown
 8733s|219800 |219801 | 69735k| 317.2 |  1193M | 131 | 602 | 201 | 827 |1690k|  3 | 319 |1302 |-1.023398e+01 |      --      |    Inf | unknown
 8737s|219900 |219901 | 69765k| 317.2 |  1193M | 131 | 602 | 201 | 885 |1691k|  3 | 319 |1302 |-1.023397e+01 |      --      |    Inf | unknown
 8741s|220000 |220001 | 69802k| 317.2 |  1195M | 131 | 602 | 201 | 810 |1692k|  4 | 319 |1302 |-1.023397e+01 |      --      |    Inf | unknown
 8743s|220100 |220101 | 69823k| 317.2 |  1196M | 131 | 602 | 201 | 892 |1692k|  2 | 319 |1302 |-1.023397e+01 |      --      |    Inf | unknown
 8750s|220200 |220201 | 69852k| 317.2 |  1196M | 131 | 602 | 202 | 784 |1693k|  2 | 320 |1302 |-1.023397e+01 |      --      |    Inf | unknown
 8752s|220300 |220301 | 69872k| 317.1 |  1196M | 131 | 602 | 202 | 935 |1694k|  3 | 320 |1302 |-1.023397e+01 |      --      |    Inf | unknown
 time | node  | left  |LP iter|LP it/n|mem/heur|mdpt |vars |cons |rows |cuts |sepa|confs|strbr|  dualbound   | primalbound  |  gap   | compl. 
 8755s|220400 |220401 | 69895k| 317.1 |  1196M | 131 | 602 | 202 | 716 |1694k|  2 | 320 |1302 |-1.023397e+01 |      --      |    Inf | unknown
 8757s|220500 |220501 | 69916k| 317.0 |  1196M | 131 | 602 | 202 | 844 |1695k|  3 | 320 |1302 |-1.023397e+01 |      --      |    Inf | unknown
 8760s|220600 |220601 | 69951k| 317.1 |  1196M | 131 | 602 | 203 | 734 |1695k|  3 | 321 |1302 |-1.023397e+01 |      --      |    Inf | unknown
 8764s|220700 |220701 | 69980k| 317.0 |  1197M | 131 | 602 | 202 | 905 |1696k|  1 | 321 |1302 |-1.023397e+01 |      --      |    Inf | unknown
 8769s|220800 |220801 | 70011k| 317.0 |  1197M | 131 | 602 | 202 | 704 |1697k|  2 | 321 |1302 |-1.023397e+01 |      --      |    Inf | unknown
 8771s|220900 |220901 | 70032k| 317.0 |  1197M | 131 | 602 | 202 | 891 |1698k|  2 | 321 |1302 |-1.023397e+01 |      --      |    Inf | unknown
 8775s|221000 |221001 | 70061k| 317.0 |  1198M | 131 | 602 | 203 | 818 |1698k|  2 | 323 |1302 |-1.023397e+01 |      --      |    Inf | unknown
 8778s|221100 |221101 | 70085k| 316.9 |  1198M | 131 | 602 | 203 | 839 |1699k|  2 | 323 |1302 |-1.023392e+01 |      --      |    Inf | unknown
 8788s|221200 |221201 | 70124k| 317.0 |  1198M | 131 | 602 | 204 | 729 |1700k|  2 | 324 |1302 |-1.023392e+01 |      --      |    Inf | unknown
 8792s|221300 |221301 | 70155k| 317.0 |  1198M | 131 | 602 | 201 | 884 |1700k|  3 | 324 |1303 |-1.023392e+01 |      --      |    Inf | unknown
 8796s|221400 |221401 | 70185k| 317.0 |  1199M | 131 | 602 | 201 | 715 |1701k|  3 | 324 |1303 |-1.023392e+01 |      --      |    Inf | unknown
 8800s|221500 |221501 | 70219k| 317.0 |  1200M | 131 | 602 | 201 | 892 |1702k|  2 | 324 |1303 |-1.023392e+01 |      --      |    Inf | unknown
 8803s|221600 |221601 | 70244k| 316.9 |  1200M | 131 | 602 | 201 | 743 |1702k|  5 | 324 |1303 |-1.023392e+01 |      --      |    Inf | unknown
 8806s|221700 |221701 | 70269k| 316.9 |  1200M | 131 | 602 | 201 | 872 |1703k|  2 | 324 |1303 |-1.023392e+01 |      --      |    Inf | unknown
 8816s|221800 |221801 | 70305k| 316.9 |  1200M | 131 | 602 | 201 | 706 |1704k|  2 | 324 |1303 |-1.023389e+01 |      --      |    Inf | unknown
 time | node  | left  |LP iter|LP it/n|mem/heur|mdpt |vars |cons |rows |cuts |sepa|confs|strbr|  dualbound   | primalbound  |  gap   | compl. 
 8819s|221900 |221901 | 70330k| 316.9 |  1201M | 131 | 602 | 201 | 844 |1705k|  4 | 324 |1303 |-1.023389e+01 |      --      |    Inf | unknown
 8823s|222000 |222001 | 70361k| 316.9 |  1202M | 131 | 602 | 201 | 746 |1705k|  4 | 324 |1304 |-1.023389e+01 |      --      |    Inf | unknown
 8826s|222100 |222101 | 70393k| 316.9 |  1203M | 131 | 602 | 201 | 853 |1706k|  2 | 324 |1304 |-1.023389e+01 |      --      |    Inf | unknown
 8829s|222200 |222201 | 70417k| 316.9 |  1203M | 131 | 602 | 201 | 769 |1707k|  3 | 324 |1304 |-1.023389e+01 |      --      |    Inf | unknown
 8832s|222300 |222301 | 70449k| 316.9 |  1203M | 131 | 602 | 201 | 857 |1707k|  2 | 324 |1304 |-1.023389e+01 |      --      |    Inf | unknown
 8835s|222400 |222401 | 70473k| 316.8 |  1203M | 131 | 602 | 201 | 649 |1708k|  3 | 324 |1304 |-1.023388e+01 |      --      |    Inf | unknown
 8837s|222500 |222501 | 70499k| 316.8 |  1204M | 131 | 602 | 201 | 931 |1709k|  2 | 324 |1304 |-1.023388e+01 |      --      |    Inf | unknown
 8841s|222600 |222601 | 70530k| 316.8 |  1204M | 131 | 602 | 202 | 691 |1710k|  2 | 325 |1304 |-1.023388e+01 |      --      |    Inf | unknown
 8850s|222700 |222701 | 70564k| 316.8 |  1204M | 131 | 602 | 202 | 845 |1710k|  2 | 325 |1305 |-1.023388e+01 |      --      |    Inf | unknown
 8854s|222800 |222801 | 70592k| 316.8 |  1206M | 131 | 602 | 201 | 723 |1711k|  3 | 325 |1305 |-1.023388e+01 |      --      |    Inf | unknown
 8856s|222900 |222901 | 70613k| 316.7 |  1206M | 131 | 602 | 201 | 866 |1712k|  3 | 325 |1305 |-1.023388e+01 |      --      |    Inf | unknown
 8858s|223000 |223001 | 70636k| 316.7 |  1206M | 131 | 602 | 201 | 606 |1712k|  1 | 325 |1306 |-1.023388e+01 |      --      |    Inf | unknown
 8861s|223100 |223101 | 70665k| 316.7 |  1206M | 131 | 602 | 201 | 784 |1713k|  1 | 325 |1307 |-1.023383e+01 |      --      |    Inf | unknown
 8865s|223200 |223201 | 70700k| 316.7 |  1207M | 131 | 602 | 201 | 664 |1714k|  3 | 325 |1307 |-1.023383e+01 |      --      |    Inf | unknown
 8869s|223300 |223301 | 70730k| 316.7 |  1207M | 131 | 602 | 201 | 839 |1714k|  2 | 325 |1307 |-1.023383e+01 |      --      |    Inf | unknown
 time | node  | left  |LP iter|LP it/n|mem/heur|mdpt |vars |cons |rows |cuts |sepa|confs|strbr|  dualbound   | primalbound  |  gap   | compl. 
 8871s|223400 |223401 | 70751k| 316.7 |  1208M | 131 | 602 | 201 | 723 |1715k|  2 | 325 |1307 |-1.023383e+01 |      --      |    Inf | unknown
 8875s|223500 |223501 | 70781k| 316.7 |  1209M | 131 | 602 | 201 | 816 |1716k|  2 | 325 |1307 |-1.023383e+01 |      --      |    Inf | unknown
 8882s|223600 |223601 | 70814k| 316.7 |  1209M | 131 | 602 | 203 | 652 |1716k|  5 | 327 |1308 |-1.023383e+01 |      --      |    Inf | unknown
 8884s|223700 |223701 | 70834k| 316.6 |  1210M | 131 | 602 | 203 | 785 |1717k|  2 | 327 |1308 |-1.023383e+01 |      --      |    Inf | unknown
 8887s|223800 |223801 | 70861k| 316.6 |  1210M | 131 | 602 | 203 | 614 |1718k|  2 | 327 |1308 |-1.023382e+01 |      --      |    Inf | unknown
 8890s|223900 |223901 | 70888k| 316.6 |  1210M | 131 | 602 | 203 | 848 |1718k|  2 | 327 |1308 |-1.023382e+01 |      --      |    Inf | unknown
 8893s|224000 |224001 | 70920k| 316.6 |  1210M | 131 | 602 | 203 | 652 |1719k|  4 | 327 |1308 |-1.023382e+01 |      --      |    Inf | unknown
 8897s|224100 |224101 | 70950k| 316.6 |  1211M | 131 | 602 | 201 | 859 |1720k|  2 | 327 |1309 |-1.023382e+01 |      --      |    Inf | unknown
 8901s|224200 |224201 | 70978k| 316.5 |  1212M | 131 | 602 | 202 | 720 |1720k|  2 | 328 |1309 |-1.023382e+01 |      --      |    Inf | unknown
 8904s|224300 |224301 | 71004k| 316.5 |  1212M | 131 | 602 | 202 | 871 |1721k|  3 | 328 |1309 |-1.023382e+01 |      --      |    Inf | unknown
 8906s|224400 |224401 | 71024k| 316.5 |  1212M | 131 | 602 | 202 | 951 |1722k|  2 | 328 |1309 |-1.023382e+01 |      --      |    Inf | unknown
 8910s|224500 |224501 | 71055k| 316.5 |  1213M | 131 | 602 | 202 | 792 |1723k|  2 | 328 |1309 |-1.023373e+01 |      --      |    Inf | unknown
 8918s|224600 |224601 | 71085k| 316.5 |  1213M | 131 | 602 | 202 | 872 |1723k|  1 | 328 |1309 |-1.023373e+01 |      --      |    Inf | unknown
 8922s|224700 |224701 | 71115k| 316.4 |  1213M | 131 | 602 | 201 | 810 |1724k|  2 | 328 |1309 |-1.023373e+01 |      --      |    Inf | unknown
 8924s|224800 |224801 | 71137k| 316.4 |  1213M | 131 | 602 | 201 | 981 |1725k|  3 | 328 |1309 |-1.023373e+01 |      --      |    Inf | unknown
 time | node  | left  |LP iter|LP it/n|mem/heur|mdpt |vars |cons |rows |cuts |sepa|confs|strbr|  dualbound   | primalbound  |  gap   | compl. 
 8928s|224900 |224901 | 71170k| 316.4 |  1215M | 131 | 602 | 201 | 826 |1725k|  4 | 328 |1309 |-1.023373e+01 |      --      |    Inf | unknown
 8930s|225000 |225001 | 71190k| 316.4 |  1215M | 131 | 602 | 201 | 936 |1726k|  2 | 328 |1309 |-1.023373e+01 |      --      |    Inf | unknown
 8934s|225100 |225101 | 71224k| 316.4 |  1215M | 131 | 602 | 201 | 740 |1727k|  4 | 328 |1309 |-1.023370e+01 |      --      |    Inf | unknown
 8936s|225200 |225201 | 71245k| 316.3 |  1215M | 131 | 602 | 201 | 892 |1727k|  2 | 328 |1309 |-1.023370e+01 |      --      |    Inf | unknown
 8939s|225300 |225301 | 71270k| 316.3 |  1215M | 131 | 602 | 201 | 711 |1728k|  2 | 328 |1309 |-1.023370e+01 |      --      |    Inf | unknown
 8948s|225400 |225401 | 71301k| 316.3 |  1215M | 131 | 602 | 201 | 872 |1729k|  1 | 328 |1310 |-1.023370e+01 |      --      |    Inf | unknown
 8953s|225500 |225501 | 71339k| 316.3 |  1216M | 131 | 602 | 201 | 789 |1729k|  4 | 328 |1310 |-1.023370e+01 |      --      |    Inf | unknown
 8956s|225600 |225601 | 71363k| 316.3 |  1217M | 131 | 602 | 201 | 889 |1730k|  2 | 328 |1311 |-1.023370e+01 |      --      |    Inf | unknown
 8959s|225700 |225701 | 71389k| 316.3 |  1217M | 131 | 602 | 201 | 785 |1731k|  2 | 328 |1311 |-1.023370e+01 |      --      |    Inf | unknown
 8962s|225800 |225801 | 71414k| 316.2 |  1217M | 131 | 602 | 202 | 957 |1731k|  1 | 329 |1311 |-1.023370e+01 |      --      |    Inf | unknown
 8966s|225900 |225901 | 71452k| 316.3 |  1217M | 131 | 602 | 203 | 718 |1732k|  2 | 330 |1311 |-1.023370e+01 |      --      |    Inf | unknown
 8969s|226000 |226001 | 71476k| 316.2 |  1217M | 137 | 602 | 203 | 873 |1733k|  2 | 330 |1311 |-1.023370e+01 |      --      |    Inf | unknown
 8973s|226100 |226101 | 71511k| 316.2 |  1217M | 137 | 602 | 203 | 677 |1733k|  2 | 331 |1311 |-1.023370e+01 |      --      |    Inf | unknown
 8977s|226200 |226201 | 71537k| 316.2 |  1218M | 137 | 602 | 203 | 851 |1734k|  4 | 331 |1311 |-1.023370e+01 |      --      |    Inf | unknown
 8987s|226300 |226301 | 71567k| 316.2 |  1219M | 137 | 602 | 202 | 652 |1735k|  2 | 331 |1311 |-1.023370e+01 |      --      |    Inf | unknown
 time | node  | left  |LP iter|LP it/n|mem/heur|mdpt |vars |cons |rows |cuts |sepa|confs|strbr|  dualbound   | primalbound  |  gap   | compl. 
 8990s|226400 |226401 | 71593k| 316.2 |  1221M | 137 | 602 | 203 | 792 |1735k|  2 | 332 |1312 |-1.023370e+01 |      --      |    Inf | unknown
 8993s|226500 |226501 | 71616k| 316.1 |  1221M | 137 | 602 | 203 | 909 |1736k|  2 | 332 |1312 |-1.023370e+01 |      --      |    Inf | unknown
 8996s|226600 |226601 | 71641k| 316.1 |  1221M | 137 | 602 | 204 | 801 |1737k|  2 | 333 |1312 |-1.023370e+01 |      --      |    Inf | unknown
 8999s|226700 |226701 | 71664k| 316.1 |  1221M | 137 | 602 | 205 | 945 |1737k|  3 | 334 |1313 |-1.023370e+01 |      --      |    Inf | unknown
 9005s|226800 |226801 | 71707k| 316.1 |  1221M | 137 | 602 | 203 | 728 |1738k|  3 | 334 |1313 |-1.023370e+01 |      --      |    Inf | unknown
 9008s|226900 |226901 | 71733k| 316.1 |  1221M | 137 | 602 | 203 | 873 |1739k|  2 | 334 |1313 |-1.023370e+01 |      --      |    Inf | unknown
 9011s|227000 |227001 | 71760k| 316.1 |  1224M | 137 | 602 | 205 | 593 |1740k|  4 | 336 |1313 |-1.023370e+01 |      --      |    Inf | unknown
 9020s|227100 |227101 | 71795k| 316.1 |  1224M | 137 | 602 | 203 | 832 |1740k|  2 | 336 |1313 |-1.023370e+01 |      --      |    Inf | unknown
 9023s|227200 |227201 | 71819k| 316.1 |  1224M | 137 | 602 | 204 | 953 |1741k|  2 | 337 |1314 |-1.023370e+01 |      --      |    Inf | unknown
 9026s|227300 |227301 | 71843k| 316.0 |  1224M | 137 | 602 | 204 | 803 |1742k|  2 | 337 |1314 |-1.023370e+01 |      --      |    Inf | unknown
 9029s|227400 |227401 | 71867k| 316.0 |  1224M | 137 | 602 | 204 | 848 |1742k|  3 | 337 |1314 |-1.023370e+01 |      --      |    Inf | unknown
 9034s|227500 |227501 | 71905k| 316.0 |  1224M | 137 | 602 | 203 | 733 |1743k|  2 | 338 |1314 |-1.023370e+01 |      --      |    Inf | unknown
 9036s|227600 |227601 | 71930k| 316.0 |  1224M | 137 | 602 | 203 | 840 |1744k|  2 | 338 |1315 |-1.023370e+01 |      --      |    Inf | unknown
 9042s|227700 |227701 | 71966k| 316.0 |  1225M | 137 | 602 | 202 | 636 |1745k|  5 | 338 |1315 |-1.023370e+01 |      --      |    Inf | unknown
 9045s|227800 |227801 | 71992k| 316.0 |  1226M | 137 | 602 | 202 | 821 |1745k|  1 | 338 |1315 |-1.023370e+01 |      --      |    Inf | unknown
 time | node  | left  |LP iter|LP it/n|mem/heur|mdpt |vars |cons |rows |cuts |sepa|confs|strbr|  dualbound   | primalbound  |  gap   | compl. 
 9047s|227900 |227901 | 72014k| 316.0 |  1226M | 137 | 602 | 202 | 895 |1746k|  2 | 338 |1316 |-1.023370e+01 |      --      |    Inf | unknown
 9051s|228000 |228001 | 72044k| 315.9 |  1226M | 137 | 602 | 202 | 773 |1747k|  2 | 338 |1316 |-1.023370e+01 |      --      |    Inf | unknown
 9058s|228100 |228101 | 72072k| 315.9 |  1226M | 137 | 602 | 202 | 898 |1748k|  3 | 338 |1316 |-1.023370e+01 |      --      |    Inf | unknown
 9062s|228200 |228201 | 72102k| 315.9 |  1226M | 137 | 602 | 201 | 741 |1748k|  5 | 338 |1316 |-1.023370e+01 |      --      |    Inf | unknown
 9064s|228300 |228301 | 72121k| 315.9 |  1226M | 137 | 602 | 201 | 864 |1749k|  4 | 338 |1316 |-1.023370e+01 |      --      |    Inf | unknown
 9067s|228400 |228401 | 72149k| 315.8 |  1229M | 137 | 602 | 201 | 553 |1750k|  1 | 338 |1316 |-1.023370e+01 |      --      |    Inf | unknown
 9070s|228500 |228501 | 72175k| 315.8 |  1229M | 137 | 602 | 201 | 835 |1750k|  2 | 338 |1316 |-1.023370e+01 |      --      |    Inf | unknown
 9073s|228600 |228601 | 72207k| 315.8 |  1229M | 137 | 602 | 201 | 938 |1751k|  2 | 338 |1317 |-1.023370e+01 |      --      |    Inf | unknown
 9083s|228700 |228701 | 72240k| 315.8 |  1229M | 137 | 602 | 201 | 782 |1752k|  3 | 338 |1317 |-1.023370e+01 |      --      |    Inf | unknown
 9085s|228800 |228801 | 72260k| 315.8 |  1229M | 137 | 602 | 201 | 919 |1753k|  2 | 338 |1317 |-1.023370e+01 |      --      |    Inf | unknown
 9090s|228900 |228901 | 72296k| 315.8 |  1231M | 137 | 602 | 202 | 695 |1753k|  3 | 339 |1317 |-1.023370e+01 |      --      |    Inf | unknown
 9093s|229000 |229001 | 72323k| 315.8 |  1232M | 137 | 602 | 201 | 813 |1754k|  2 | 339 |1317 |-1.023370e+01 |      --      |    Inf | unknown
 9096s|229100 |229101 | 72347k| 315.7 |  1232M | 137 | 602 | 201 | 574 |1755k|  2 | 339 |1317 |-1.023370e+01 |      --      |    Inf | unknown
 9098s|229200 |229201 | 72373k| 315.7 |  1232M | 137 | 602 | 201 | 856 |1756k|  4 | 339 |1317 |-1.023370e+01 |      --      |    Inf | unknown
 9100s|229300 |229301 | 72390k| 315.7 |  1232M | 137 | 602 | 201 | 937 |1756k|  2 | 339 |1317 |-1.023370e+01 |      --      |    Inf | unknown
 time | node  | left  |LP iter|LP it/n|mem/heur|mdpt |vars |cons |rows |cuts |sepa|confs|strbr|  dualbound   | primalbound  |  gap   | compl. 
 9103s|229400 |229401 | 72413k| 315.6 |  1232M | 137 | 602 | 202 | 739 |1757k|  2 | 340 |1317 |-1.023370e+01 |      --      |    Inf | unknown
 9106s|229500 |229501 | 72443k| 315.6 |  1232M | 137 | 602 | 202 | 953 |1757k|  2 | 340 |1317 |-1.023370e+01 |      --      |    Inf | unknown
 9115s|229600 |229601 | 72474k| 315.6 |  1232M | 137 | 602 | 202 | 692 |1758k|  2 | 340 |1317 |-1.023370e+01 |      --      |    Inf | unknown
 9119s|229700 |229701 | 72503k| 315.6 |  1234M | 137 | 602 | 201 | 850 |1759k|  2 | 340 |1318 |-1.023370e+01 |      --      |    Inf | unknown
 9122s|229800 |229801 | 72532k| 315.6 |  1234M | 137 | 602 | 201 | 652 |1759k|  3 | 340 |1318 |-1.023370e+01 |      --      |    Inf | unknown
 9125s|229900 |229901 | 72554k| 315.5 |  1234M | 137 | 602 | 201 | 807 |1760k|  5 | 340 |1319 |-1.023370e+01 |      --      |    Inf | unknown
 9127s|230000 |230001 | 72574k| 315.5 |  1234M | 137 | 602 | 201 | 990 |1761k|  3 | 340 |1319 |-1.023370e+01 |      --      |    Inf | unknown
 9130s|230100 |230101 | 72601k| 315.5 |  1235M | 137 | 602 | 202 | 682 |1761k|  2 | 341 |1319 |-1.023370e+01 |      --      |    Inf | unknown
 9133s|230200 |230201 | 72629k| 315.5 |  1235M | 137 | 602 | 202 | 918 |1762k|  4 | 341 |1319 |-1.023370e+01 |      --      |    Inf | unknown
 9135s|230300 |230301 | 72651k| 315.4 |  1235M | 137 | 602 | 202 | 638 |1763k|  5 | 341 |1319 |-1.023370e+01 |      --      |    Inf | unknown
 9138s|230400 |230401 | 72676k| 315.4 |  1237M | 137 | 602 | 202 | 885 |1763k|  3 | 341 |1321 |-1.023370e+01 |      --      |    Inf | unknown
 9146s|230500 |230501 | 72718k| 315.4 |  1237M | 137 | 602 | 202 | 664 |1764k|  4 | 341 |1322 |-1.023370e+01 |      --      |    Inf | unknown
 9149s|230600 |230601 | 72749k| 315.4 |  1238M | 137 | 602 | 201 | 763 |1765k|  1 | 341 |1322 |-1.023370e+01 |      --      |    Inf | unknown
 9153s|230700 |230701 | 72773k| 315.4 |  1238M | 137 | 602 | 201 | 872 |1766k|  2 | 341 |1323 |-1.023370e+01 |      --      |    Inf | unknown
 9155s|230800 |230801 | 72800k| 315.4 |  1238M | 137 | 602 | 201 | 749 |1766k|  2 | 341 |1323 |-1.023370e+01 |      --      |    Inf | unknown
 time | node  | left  |LP iter|LP it/n|mem/heur|mdpt |vars |cons |rows |cuts |sepa|confs|strbr|  dualbound   | primalbound  |  gap   | compl. 
 9158s|230900 |230901 | 72824k| 315.4 |  1238M | 137 | 602 | 201 | 892 |1767k|  2 | 341 |1323 |-1.023370e+01 |      --      |    Inf | unknown
 9161s|231000 |231001 | 72847k| 315.3 |  1238M | 137 | 602 | 201 | 666 |1768k|  2 | 341 |1324 |-1.023370e+01 |      --      |    Inf | unknown
 9163s|231100 |231101 | 72872k| 315.3 |  1240M | 137 | 602 | 201 | 848 |1768k|  4 | 341 |1324 |-1.023370e+01 |      --      |    Inf | unknown
 9169s|231200 |231201 | 72906k| 315.3 |  1240M | 137 | 602 | 201 | 605 |1769k|  2 | 341 |1324 |-1.023370e+01 |      --      |    Inf | unknown
 9172s|231300 |231301 | 72931k| 315.3 |  1240M | 137 | 602 | 203 | 735 |1770k|  2 | 343 |1324 |-1.023370e+01 |      --      |    Inf | unknown
 9175s|231400 |231401 | 72961k| 315.3 |  1240M | 137 | 602 | 203 | 899 |1770k|  3 | 343 |1324 |-1.023370e+01 |      --      |    Inf | unknown
 9179s|231500 |231501 | 72990k| 315.3 |  1240M | 137 | 602 | 205 | 768 |1771k|  2 | 345 |1324 |-1.023370e+01 |      --      |    Inf | unknown
 9182s|231600 |231601 | 73015k| 315.2 |  1241M | 137 | 602 | 206 | 910 |1771k|  1 | 346 |1324 |-1.023370e+01 |      --      |    Inf | unknown
 9190s|231700 |231701 | 73047k| 315.2 |  1241M | 137 | 602 | 207 | 708 |1772k|  3 | 347 |1324 |-1.023370e+01 |      --      |    Inf | unknown
 9193s|231800 |231801 | 73070k| 315.2 |  1241M | 137 | 602 | 207 | 805 |1773k|  2 | 347 |1324 |-1.023370e+01 |      --      |    Inf | unknown
 9197s|231900 |231901 | 73100k| 315.2 |  1242M | 137 | 602 | 203 | 646 |1773k|  3 | 347 |1324 |-1.023370e+01 |      --      |    Inf | unknown
 9201s|232000 |232001 | 73130k| 315.2 |  1243M | 137 | 602 | 201 | 867 |1774k|  3 | 347 |1324 |-1.023370e+01 |      --      |    Inf | unknown
 9204s|232100 |232101 | 73153k| 315.1 |  1244M | 137 | 602 | 201 | 930 |1775k|  5 | 347 |1324 |-1.023370e+01 |      --      |    Inf | unknown
 9207s|232200 |232201 | 73178k| 315.1 |  1244M | 137 | 602 | 202 | 752 |1775k|  2 | 348 |1324 |-1.023370e+01 |      --      |    Inf | unknown
 9210s|232300 |232301 | 73208k| 315.1 |  1244M | 137 | 602 | 202 | 911 |1776k|  2 | 348 |1324 |-1.023370e+01 |      --      |    Inf | unknown
 time | node  | left  |LP iter|LP it/n|mem/heur|mdpt |vars |cons |rows |cuts |sepa|confs|strbr|  dualbound   | primalbound  |  gap   | compl. 
 9220s|232400 |232401 | 73241k| 315.1 |  1244M | 137 | 602 | 202 | 686 |1777k|  3 | 348 |1324 |-1.023370e+01 |      --      |    Inf | unknown
 9223s|232500 |232501 | 73266k| 315.1 |  1244M | 137 | 602 | 203 | 859 |1777k|  2 | 349 |1324 |-1.023370e+01 |      --      |    Inf | unknown
 9229s|232600 |232601 | 73302k| 315.1 |  1246M | 137 | 602 | 202 | 620 |1778k|  1 | 349 |1324 |-1.023370e+01 |      --      |    Inf | unknown
 9232s|232700 |232701 | 73329k| 315.1 |  1246M | 137 | 602 | 201 | 803 |1779k|  2 | 349 |1324 |-1.023370e+01 |      --      |    Inf | unknown
 9235s|232800 |232801 | 73349k| 315.0 |  1246M | 137 | 602 | 201 | 871 |1779k|  2 | 349 |1325 |-1.023370e+01 |      --      |    Inf | unknown
 9238s|232900 |232901 | 73372k| 315.0 |  1246M | 137 | 602 | 202 | 806 |1780k|  3 | 350 |1325 |-1.023370e+01 |      --      |    Inf | unknown
 9242s|233000 |233001 | 73402k| 315.0 |  1246M | 137 | 602 | 202 | 934 |1781k|  2 | 350 |1325 |-1.023370e+01 |      --      |    Inf | unknown
 9245s|233100 |233101 | 73427k| 315.0 |  1246M | 137 | 602 | 202 | 701 |1781k|  4 | 350 |1325 |-1.023370e+01 |      --      |    Inf | unknown
 9248s|233200 |233201 | 73457k| 315.0 |  1246M | 137 | 602 | 202 | 862 |1782k|  2 | 350 |1325 |-1.023370e+01 |      --      |    Inf | unknown
 9259s|233300 |233301 | 73497k| 315.0 |  1247M | 137 | 602 | 201 | 638 |1782k|  3 | 350 |1325 |-1.023370e+01 |      --      |    Inf | unknown
 9262s|233400 |233401 | 73523k| 315.0 |  1247M | 137 | 602 | 201 | 865 |1783k|  3 | 350 |1326 |-1.023370e+01 |      --      |    Inf | unknown
 9264s|233500 |233501 | 73544k| 314.9 |  1247M | 137 | 602 | 201 | 977 |1784k|  4 | 350 |1326 |-1.023370e+01 |      --      |    Inf | unknown
 9268s|233600 |233601 | 73574k| 314.9 |  1247M | 137 | 602 | 201 | 762 |1785k|  3 | 350 |1326 |-1.023370e+01 |      --      |    Inf | unknown
 9270s|233700 |233701 | 73594k| 314.9 |  1247M | 137 | 602 | 201 | 893 |1785k|  2 | 350 |1326 |-1.023370e+01 |      --      |    Inf | unknown
 9272s|233800 |233801 | 73616k| 314.8 |  1248M | 137 | 602 | 201 | 670 |1786k|  2 | 350 |1326 |-1.023370e+01 |      --      |    Inf | unknown
 time | node  | left  |LP iter|LP it/n|mem/heur|mdpt |vars |cons |rows |cuts |sepa|confs|strbr|  dualbound   | primalbound  |  gap   | compl. 
 9275s|233900 |233901 | 73638k| 314.8 |  1248M | 137 | 602 | 201 | 876 |1787k|  2 | 350 |1326 |-1.023370e+01 |      --      |    Inf | unknown
 9278s|234000 |234001 | 73668k| 314.8 |  1249M | 137 | 602 | 201 | 653 |1787k|  1 | 350 |1326 |-1.023370e+01 |      --      |    Inf | unknown
 9281s|234100 |234101 | 73698k| 314.8 |  1249M | 137 | 602 | 201 | 853 |1788k|  2 | 350 |1326 |-1.023370e+01 |      --      |    Inf | unknown
 9288s|234200 |234201 | 73727k| 314.8 |  1249M | 137 | 602 | 202 | 950 |1788k|  2 | 351 |1328 |-1.023370e+01 |      --      |    Inf | unknown
 9291s|234300 |234301 | 73754k| 314.7 |  1249M | 137 | 602 | 202 | 780 |1789k|  4 | 351 |1328 |-1.023370e+01 |      --      |    Inf | unknown
 9293s|234400 |234401 | 73777k| 314.7 |  1250M | 137 | 602 | 202 | 884 |1790k|  2 | 351 |1328 |-1.023370e+01 |      --      |    Inf | unknown
 9296s|234500 |234501 | 73801k| 314.7 |  1250M | 137 | 602 | 202 | 722 |1791k|  4 | 351 |1328 |-1.023370e+01 |      --      |    Inf | unknown
 9299s|234600 |234601 | 73830k| 314.7 |  1250M | 137 | 602 | 201 | 837 |1791k|  2 | 351 |1328 |-1.023370e+01 |      --      |    Inf | unknown
 9303s|234700 |234701 | 73858k| 314.7 |  1250M | 137 | 602 | 201 | 687 |1792k|  4 | 351 |1328 |-1.023370e+01 |      --      |    Inf | unknown
 9308s|234800 |234801 | 73884k| 314.6 |  1252M | 137 | 602 | 201 | 830 |1793k|  3 | 351 |1328 |-1.023370e+01 |      --      |    Inf | unknown
 9310s|234900 |234901 | 73904k| 314.6 |  1252M | 137 | 602 | 201 | 844 |1793k|  1 | 351 |1328 |-1.023370e+01 |      --      |    Inf | unknown
 9314s|235000 |235001 | 73931k| 314.6 |  1252M | 137 | 602 | 202 | 807 |1794k|  3 | 352 |1328 |-1.023370e+01 |      --      |    Inf | unknown
 9318s|235100 |235101 | 73963k| 314.6 |  1252M | 137 | 602 | 202 | 886 |1795k|  2 | 352 |1328 |-1.023370e+01 |      --      |    Inf | unknown
 9322s|235200 |235201 | 73991k| 314.5 |  1252M | 137 | 602 | 203 | 708 |1795k|  2 | 353 |1329 |-1.023370e+01 |      --      |    Inf | unknown
 9332s|235300 |235301 | 74022k| 314.5 |  1252M | 137 | 602 | 204 | 876 |1796k|  2 | 354 |1329 |-1.023370e+01 |      --      |    Inf | unknown
 time | node  | left  |LP iter|LP it/n|mem/heur|mdpt |vars |cons |rows |cuts |sepa|confs|strbr|  dualbound   | primalbound  |  gap   | compl. 
 9335s|235400 |235401 | 74045k| 314.5 |  1252M | 137 | 602 | 204 | 672 |1796k|  4 | 355 |1330 |-1.023370e+01 |      --      |    Inf | unknown
 9339s|235500 |235501 | 74074k| 314.5 |  1254M | 137 | 602 | 204 | 811 |1797k|  2 | 355 |1330 |-1.023370e+01 |      --      |    Inf | unknown
 9341s|235600 |235601 | 74095k| 314.5 |  1255M | 137 | 602 | 204 | 910 |1798k|  4 | 355 |1331 |-1.023370e+01 |      --      |    Inf | unknown
 9345s|235700 |235701 | 74126k| 314.5 |  1256M | 137 | 602 | 201 | 770 |1798k|  2 | 355 |1331 |-1.023370e+01 |      --      |    Inf | unknown
 9347s|235800 |235801 | 74146k| 314.4 |  1256M | 137 | 602 | 201 | 877 |1799k|  2 | 355 |1333 |-1.023370e+01 |      --      |    Inf | unknown
 9350s|235900 |235901 | 74170k| 314.4 |  1256M | 137 | 602 | 201 | 680 |1800k|  3 | 355 |1333 |-1.023370e+01 |      --      |    Inf | unknown
 9353s|236000 |236001 | 74204k| 314.4 |  1256M | 137 | 602 | 201 | 872 |1800k|  5 | 355 |1333 |-1.023370e+01 |      --      |    Inf | unknown
 9363s|236100 |236101 | 74234k| 314.4 |  1256M | 137 | 602 | 201 | 580 |1801k|  4 | 355 |1333 |-1.023370e+01 |      --      |    Inf | unknown
 9366s|236200 |236201 | 74261k| 314.4 |  1257M | 137 | 602 | 201 | 793 |1802k|  2 | 355 |1334 |-1.023370e+01 |      --      |    Inf | unknown
 9369s|236300 |236301 | 74287k| 314.3 |  1258M | 137 | 602 | 201 | 930 |1802k|  2 | 355 |1334 |-1.023370e+01 |      --      |    Inf | unknown
 9373s|236400 |236401 | 74317k| 314.3 |  1258M | 137 | 602 | 201 | 769 |1803k|  3 | 355 |1334 |-1.023370e+01 |      --      |    Inf | unknown
 9375s|236500 |236501 | 74337k| 314.3 |  1258M | 137 | 602 | 201 | 949 |1804k|  4 | 355 |1334 |-1.023370e+01 |      --      |    Inf | unknown
 9378s|236600 |236601 | 74362k| 314.3 |  1258M | 137 | 602 | 201 | 701 |1804k|  3 | 355 |1334 |-1.023370e+01 |      --      |    Inf | unknown
 9381s|236700 |236701 | 74387k| 314.2 |  1258M | 137 | 602 | 201 | 738 |1805k|  2 | 355 |1334 |-1.023370e+01 |      --      |    Inf | unknown
 9383s|236800 |236801 | 74412k| 314.2 |  1258M | 137 | 602 | 201 | 598 |1806k|  1 | 355 |1334 |-1.023370e+01 |      --      |    Inf | unknown
 time | node  | left  |LP iter|LP it/n|mem/heur|mdpt |vars |cons |rows |cuts |sepa|confs|strbr|  dualbound   | primalbound  |  gap   | compl. 
 9387s|236900 |236901 | 74447k| 314.2 |  1261M | 137 | 602 | 201 | 753 |1807k|  3 | 355 |1334 |-1.023370e+01 |      --      |    Inf | unknown
 9390s|237000 |237001 | 74473k| 314.2 |  1261M | 137 | 602 | 201 | 915 |1807k|  2 | 355 |1334 |-1.023370e+01 |      --      |    Inf | unknown
 9399s|237100 |237101 | 74506k| 314.2 |  1262M | 137 | 602 | 201 | 800 |1808k|  3 | 355 |1334 |-1.023370e+01 |      --      |    Inf | unknown
 9401s|237200 |237201 | 74529k| 314.2 |  1262M | 137 | 602 | 201 | 879 |1808k|  2 | 355 |1334 |-1.023370e+01 |      --      |    Inf | unknown
 9405s|237300 |237301 | 74562k| 314.2 |  1262M | 137 | 602 | 201 | 666 |1809k|  2 | 355 |1334 |-1.023370e+01 |      --      |    Inf | unknown
 9408s|237400 |237401 | 74588k| 314.1 |  1262M | 137 | 602 | 201 | 882 |1810k|  2 | 355 |1334 |-1.023370e+01 |      --      |    Inf | unknown
 9412s|237500 |237501 | 74619k| 314.1 |  1263M | 137 | 602 | 201 | 563 |1811k|  2 | 355 |1334 |-1.023370e+01 |      --      |    Inf | unknown
 9415s|237600 |237601 | 74647k| 314.1 |  1265M | 137 | 602 | 201 | 782 |1811k|  3 | 355 |1334 |-1.023370e+01 |      --      |    Inf | unknown
 9417s|237700 |237701 | 74669k| 314.1 |  1265M | 137 | 602 | 201 | 926 |1812k|  2 | 355 |1334 |-1.023370e+01 |      --      |    Inf | unknown
 9421s|237800 |237801 | 74703k| 314.1 |  1265M | 137 | 602 | 201 | 820 |1813k|  5 | 355 |1334 |-1.023370e+01 |      --      |    Inf | unknown
 9424s|237900 |237901 | 74731k| 314.1 |  1265M | 137 | 602 | 201 | 900 |1813k|  2 | 355 |1334 |-1.023370e+01 |      --      |    Inf | unknown
 9432s|238000 |238001 | 74762k| 314.1 |  1270M | 137 | 602 | 201 | 746 |1814k|  2 | 355 |1334 |-1.023370e+01 |      --      |    Inf | unknown
 9434s|238100 |238101 | 74781k| 314.0 |  1270M | 137 | 602 | 201 | 864 |1815k|  4 | 355 |1335 |-1.023370e+01 |      --      |    Inf | unknown
 9436s|238200 |238201 | 74804k| 314.0 |  1270M | 137 | 602 | 201 | 604 |1815k|  4 | 355 |1335 |-1.023370e+01 |      --      |    Inf | unknown
 9439s|238300 |238301 | 74829k| 314.0 |  1271M | 137 | 602 | 201 | 765 |1816k|  2 | 355 |1335 |-1.023370e+01 |      --      |    Inf | unknown
 time | node  | left  |LP iter|LP it/n|mem/heur|mdpt |vars |cons |rows |cuts |sepa|confs|strbr|  dualbound   | primalbound  |  gap   | compl. 
 9442s|238400 |238401 | 74857k| 314.0 |  1271M | 137 | 602 | 201 | 875 |1817k|  4 | 355 |1335 |-1.023370e+01 |      --      |    Inf | unknown
 9446s|238500 |238501 | 74891k| 314.0 |  1271M | 137 | 602 | 201 | 764 |1817k|  2 | 355 |1335 |-1.023370e+01 |      --      |    Inf | unknown
 9450s|238600 |238601 | 74913k| 313.9 |  1271M | 137 | 602 | 201 | 880 |1818k|  3 | 355 |1335 |-1.023370e+01 |      --      |    Inf | unknown
 9454s|238700 |238701 | 74944k| 313.9 |  1273M | 137 | 602 | 201 | 763 |1819k|  3 | 355 |1335 |-1.023370e+01 |      --      |    Inf | unknown
 9457s|238800 |238801 | 74974k| 313.9 |  1273M | 137 | 602 | 201 | 869 |1819k|  2 | 355 |1335 |-1.023370e+01 |      --      |    Inf | unknown
 9464s|238900 |238901 | 74999k| 313.9 |  1273M | 137 | 602 | 202 | 611 |1820k|  2 | 356 |1335 |-1.023370e+01 |      --      |    Inf | unknown
 9467s|239000 |239001 | 75025k| 313.9 |  1274M | 137 | 602 | 202 | 826 |1821k|  2 | 356 |1335 |-1.023370e+01 |      --      |    Inf | unknown
 9470s|239100 |239101 | 75056k| 313.9 |  1274M | 137 | 602 | 202 | 952 |1821k|  3 | 356 |1335 |-1.023370e+01 |      --      |    Inf | unknown
 9474s|239200 |239201 | 75089k| 313.9 |  1275M | 137 | 602 | 202 | 745 |1822k|  3 | 357 |1336 |-1.023370e+01 |      --      |    Inf | unknown
 9477s|239300 |239301 | 75111k| 313.8 |  1276M | 137 | 602 | 202 | 938 |1823k|  2 | 357 |1336 |-1.023370e+01 |      --      |    Inf | unknown
 9480s|239400 |239401 | 75139k| 313.8 |  1276M | 137 | 602 | 202 | 711 |1824k|  3 | 357 |1336 |-1.023370e+01 |      --      |    Inf | unknown
 9482s|239500 |239501 | 75162k| 313.8 |  1277M | 137 | 602 | 202 | 873 |1824k|  4 | 357 |1336 |-1.023370e+01 |      --      |    Inf | unknown
 9493s|239600 |239601 | 75191k| 313.8 |  1277M | 137 | 602 | 202 | 693 |1825k|  3 | 357 |1336 |-1.023370e+01 |      --      |    Inf | unknown
 9496s|239700 |239701 | 75224k| 313.8 |  1278M | 137 | 602 | 202 | 855 |1826k|  2 | 357 |1336 |-1.023370e+01 |      --      |    Inf | unknown
 9498s|239800 |239801 | 75244k| 313.7 |  1278M | 137 | 602 | 203 | 939 |1826k|  2 | 358 |1336 |-1.023370e+01 |      --      |    Inf | unknown
 time | node  | left  |LP iter|LP it/n|mem/heur|mdpt |vars |cons |rows |cuts |sepa|confs|strbr|  dualbound   | primalbound  |  gap   | compl. 
 9502s|239900 |239901 | 75282k| 313.8 |  1279M | 137 | 602 | 202 | 798 |1827k|  2 | 358 |1336 |-1.023370e+01 |      --      |    Inf | unknown
 9506s|240000 |240001 | 75308k| 313.7 |  1279M | 137 | 602 | 201 | 826 |1828k|  2 | 358 |1337 |-1.023370e+01 |      --      |    Inf | unknown
 9508s|240100 |240101 | 75329k| 313.7 |  1279M | 137 | 602 | 201 | 743 |1828k|  2 | 358 |1337 |-1.023370e+01 |      --      |    Inf | unknown
 9510s|240200 |240201 | 75352k| 313.7 |  1279M | 137 | 602 | 201 | 870 |1829k|  1 | 358 |1338 |-1.023370e+01 |      --      |    Inf | unknown
 9513s|240300 |240301 | 75376k| 313.6 |  1279M | 137 | 602 | 201 | 673 |1830k|  1 | 358 |1338 |-1.023370e+01 |      --      |    Inf | unknown
 9516s|240400 |240401 | 75401k| 313.6 |  1280M | 137 | 602 | 201 | 799 |1830k|  3 | 358 |1338 |-1.023370e+01 |      --      |    Inf | unknown
 9526s|240500 |240501 | 75435k| 313.6 |  1280M | 137 | 602 | 201 | 921 |1831k|  2 | 358 |1339 |-1.023370e+01 |      --      |    Inf | unknown
 9530s|240600 |240601 | 75469k| 313.6 |  1281M | 137 | 602 | 201 | 825 |1832k|  3 | 358 |1339 |-1.023370e+01 |      --      |    Inf | unknown
 9533s|240700 |240701 | 75498k| 313.6 |  1282M | 137 | 602 | 201 | 909 |1832k|  3 | 358 |1339 |-1.023370e+01 |      --      |    Inf | unknown
 9537s|240800 |240801 | 75533k| 313.6 |  1282M | 137 | 602 | 201 | 743 |1833k|  3 | 358 |1339 |-1.023370e+01 |      --      |    Inf | unknown
 9540s|240900 |240901 | 75556k| 313.6 |  1282M | 137 | 602 | 201 | 839 |1834k|  5 | 358 |1339 |-1.023370e+01 |      --      |    Inf | unknown
 9542s|241000 |241001 | 75580k| 313.6 |  1282M | 137 | 602 | 201 | 615 |1834k|  2 | 358 |1339 |-1.023370e+01 |      --      |    Inf | unknown
 9545s|241100 |241101 | 75605k| 313.5 |  1283M | 137 | 602 | 201 | 832 |1835k|  4 | 358 |1339 |-1.023370e+01 |      --      |    Inf | unknown
 9547s|241200 |241201 | 75626k| 313.5 |  1283M | 137 | 602 | 201 | 905 |1836k|  2 | 358 |1339 |-1.023370e+01 |      --      |    Inf | unknown
 9550s|241300 |241301 | 75653k| 313.5 |  1284M | 137 | 602 | 201 | 832 |1836k|  2 | 358 |1339 |-1.023370e+01 |      --      |    Inf | unknown
 time | node  | left  |LP iter|LP it/n|mem/heur|mdpt |vars |cons |rows |cuts |sepa|confs|strbr|  dualbound   | primalbound  |  gap   | compl. 
 9556s|241400 |241401 | 75678k| 313.5 |  1285M | 137 | 602 | 201 | 890 |1837k|  2 | 358 |1339 |-1.023370e+01 |      --      |    Inf | unknown
 9560s|241500 |241501 | 75720k| 313.5 |  1285M | 137 | 602 | 201 | 738 |1838k|  2 | 358 |1339 |-1.023370e+01 |      --      |    Inf | unknown
 9563s|241600 |241601 | 75745k| 313.5 |  1286M | 137 | 602 | 201 | 914 |1838k|  1 | 358 |1340 |-1.023370e+01 |      --      |    Inf | unknown
 9565s|241700 |241701 | 75766k| 313.4 |  1287M | 137 | 602 | 201 | 643 |1839k|  3 | 358 |1340 |-1.023370e+01 |      --      |    Inf | unknown
 9568s|241800 |241801 | 75791k| 313.4 |  1288M | 137 | 602 | 201 | 801 |1840k|  2 | 358 |1340 |-1.023370e+01 |      --      |    Inf | unknown
 9570s|241900 |241901 | 75816k| 313.4 |  1288M | 137 | 602 | 201 | 888 |1840k|  2 | 358 |1340 |-1.023370e+01 |      --      |    Inf | unknown
 9576s|242000 |242001 | 75850k| 313.4 |  1288M | 137 | 602 | 201 | 744 |1841k|  3 | 358 |1340 |-1.023370e+01 |      --      |    Inf | unknown
 9579s|242100 |242101 | 75872k| 313.4 |  1288M | 137 | 602 | 201 | 900 |1842k|  1 | 358 |1340 |-1.023370e+01 |      --      |    Inf | unknown
 9588s|242200 |242201 | 75904k| 313.4 |  1288M | 137 | 602 | 202 | 672 |1842k|  1 | 359 |1340 |-1.023370e+01 |      --      |    Inf | unknown
 9592s|242300 |242301 | 75932k| 313.3 |  1288M | 137 | 602 | 202 | 854 |1843k|  3 | 359 |1341 |-1.023370e+01 |      --      |    Inf | unknown
 9595s|242400 |242401 | 75965k| 313.3 |  1289M | 137 | 602 | 202 | 597 |1844k|  2 | 359 |1341 |-1.023370e+01 |      --      |    Inf | unknown
 9598s|242500 |242501 | 75990k| 313.3 |  1290M | 137 | 602 | 202 | 839 |1844k|  2 | 359 |1341 |-1.023370e+01 |      --      |    Inf | unknown
 9601s|242600 |242601 | 76016k| 313.3 |  1291M | 137 | 602 | 201 | 899 |1845k|  3 | 359 |1341 |-1.023370e+01 |      --      |    Inf | unknown
 9604s|242700 |242701 | 76041k| 313.3 |  1291M | 137 | 602 | 202 | 813 |1846k|  4 | 360 |1341 |-1.023370e+01 |      --      |    Inf | unknown
 9606s|242800 |242801 | 76065k| 313.2 |  1291M | 137 | 602 | 202 | 840 |1846k|  1 | 360 |1341 |-1.023370e+01 |      --      |    Inf | unknown
 time | node  | left  |LP iter|LP it/n|mem/heur|mdpt |vars |cons |rows |cuts |sepa|confs|strbr|  dualbound   | primalbound  |  gap   | compl. 
 9617s|242900 |242901 | 76105k| 313.3 |  1291M | 137 | 602 | 202 | 705 |1847k|  4 | 360 |1341 |-1.023370e+01 |      --      |    Inf | unknown
 9619s|243000 |243001 | 76125k| 313.2 |  1291M | 137 | 602 | 202 | 802 |1848k|  2 | 360 |1341 |-1.023370e+01 |      --      |    Inf | unknown
 9622s|243100 |243101 | 76151k| 313.2 |  1291M | 137 | 602 | 201 | 672 |1848k|  4 | 360 |1341 |-1.023370e+01 |      --      |    Inf | unknown
 9624s|243200 |243201 | 76173k| 313.2 |  1291M | 137 | 602 | 201 | 841 |1849k|  3 | 360 |1341 |-1.023370e+01 |      --      |    Inf | unknown
 9626s|243300 |243301 | 76193k| 313.1 |  1293M | 137 | 602 | 201 | 878 |1850k|  2 | 360 |1341 |-1.023370e+01 |      --      |    Inf | unknown
 9631s|243400 |243401 | 76235k| 313.2 |  1293M | 137 | 602 | 201 | 727 |1850k|  3 | 360 |1341 |-1.023370e+01 |      --      |    Inf | unknown
 9633s|243500 |243501 | 76256k| 313.1 |  1293M | 137 | 602 | 201 | 907 |1851k|  1 | 360 |1341 |-1.023370e+01 |      --      |    Inf | unknown
 9638s|243600 |243601 | 76294k| 313.2 |  1293M | 137 | 602 | 201 | 722 |1852k|  3 | 360 |1341 |-1.023370e+01 |      --      |    Inf | unknown
 9640s|243700 |243701 | 76319k| 313.1 |  1293M | 137 | 602 | 201 | 865 |1852k|  3 | 360 |1342 |-1.023370e+01 |      --      |    Inf | unknown
 9651s|243800 |243801 | 76354k| 313.1 |  1293M | 137 | 602 | 201 | 606 |1853k|  2 | 360 |1342 |-1.023370e+01 |      --      |    Inf | unknown
 9654s|243900 |243901 | 76382k| 313.1 |  1294M | 137 | 602 | 201 | 798 |1854k|  2 | 360 |1344 |-1.023370e+01 |      --      |    Inf | unknown
 9656s|244000 |244001 | 76404k| 313.1 |  1295M | 137 | 602 | 201 | 906 |1855k|  3 | 360 |1344 |-1.023370e+01 |      --      |    Inf | unknown
 9660s|244100 |244101 | 76437k| 313.1 |  1297M | 137 | 602 | 201 | 793 |1855k|  2 | 360 |1344 |-1.023370e+01 |      --      |    Inf | unknown
 9662s|244200 |244201 | 76460k| 313.1 |  1297M | 137 | 602 | 201 | 881 |1856k|  1 | 360 |1344 |-1.023370e+01 |      --      |    Inf | unknown
 9666s|244300 |244301 | 76494k| 313.1 |  1297M | 137 | 602 | 201 | 681 |1857k|  4 | 360 |1345 |-1.023370e+01 |      --      |    Inf | unknown
 time | node  | left  |LP iter|LP it/n|mem/heur|mdpt |vars |cons |rows |cuts |sepa|confs|strbr|  dualbound   | primalbound  |  gap   | compl. 
 9669s|244400 |244401 | 76524k| 313.1 |  1297M | 137 | 602 | 201 | 855 |1858k|  2 | 360 |1345 |-1.023370e+01 |      --      |    Inf | unknown
 9672s|244500 |244501 | 76551k| 313.1 |  1297M | 137 | 602 | 201 | 644 |1858k|  3 | 360 |1345 |-1.023370e+01 |      --      |    Inf | unknown
 9674s|244600 |244601 | 76576k| 313.0 |  1298M | 137 | 602 | 201 | 780 |1859k|  2 | 360 |1345 |-1.023370e+01 |      --      |    Inf | unknown
 9682s|244700 |244701 | 76604k| 313.0 |  1298M | 137 | 602 | 201 | 913 |1860k|  1 | 360 |1345 |-1.023370e+01 |      --      |    Inf | unknown
 9685s|244800 |244801 | 76636k| 313.0 |  1299M | 137 | 602 | 202 | 708 |1860k|  4 | 361 |1345 |-1.023370e+01 |      --      |    Inf | unknown
 9688s|244900 |244901 | 76657k| 313.0 |  1299M | 137 | 602 | 202 | 892 |1861k|  2 | 361 |1345 |-1.023370e+01 |      --      |    Inf | unknown
 9690s|245000 |245001 | 76685k| 313.0 |  1299M | 137 | 602 | 202 | 717 |1862k|  2 | 361 |1345 |-1.023370e+01 |      --      |    Inf | unknown
 9694s|245100 |245101 | 76718k| 313.0 |  1299M | 137 | 602 | 202 | 878 |1863k|  2 | 361 |1345 |-1.023370e+01 |      --      |    Inf | unknown
 9698s|245200 |245201 | 76750k| 313.0 |  1299M | 137 | 602 | 201 | 655 |1863k|  5 | 361 |1345 |-1.023370e+01 |      --      |    Inf | unknown
 9702s|245300 |245301 | 76778k| 313.0 |  1301M | 137 | 602 | 201 | 801 |1864k|  4 | 361 |1345 |-1.023370e+01 |      --      |    Inf | unknown
 9705s|245400 |245401 | 76803k| 312.9 |  1301M | 137 | 602 | 201 | 977 |1865k|  3 | 361 |1345 |-1.023370e+01 |      --      |    Inf | unknown
 9708s|245500 |245501 | 76828k| 312.9 |  1301M | 137 | 602 | 201 | 778 |1865k|  1 | 361 |1345 |-1.023370e+01 |      --      |    Inf | unknown
 9717s|245600 |245601 | 76856k| 312.9 |  1302M | 137 | 602 | 201 | 881 |1866k|  1 | 361 |1346 |-1.023370e+01 |      --      |    Inf | unknown
 9720s|245700 |245701 | 76882k| 312.9 |  1302M | 137 | 602 | 201 | 750 |1867k|  4 | 361 |1347 |-1.023370e+01 |      --      |    Inf | unknown
 9722s|245800 |245801 | 76903k| 312.8 |  1302M | 137 | 602 | 201 | 859 |1867k|  2 | 361 |1347 |-1.023370e+01 |      --      |    Inf | unknown
 time | node  | left  |LP iter|LP it/n|mem/heur|mdpt |vars |cons |rows |cuts |sepa|confs|strbr|  dualbound   | primalbound  |  gap   | compl. 
 9725s|245900 |245901 | 76935k| 312.8 |  1303M | 137 | 602 | 201 | 628 |1868k|  3 | 361 |1348 |-1.023370e+01 |      --      |    Inf | unknown
 9729s|246000 |246001 | 76967k| 312.8 |  1303M | 137 | 602 | 201 | 872 |1869k|  2 | 361 |1348 |-1.023370e+01 |      --      |    Inf | unknown
 9731s|246100 |246101 | 76992k| 312.8 |  1304M | 137 | 602 | 201 | 933 |1869k|  2 | 361 |1349 |-1.023370e+01 |      --      |    Inf | unknown
 9734s|246200 |246201 | 77015k| 312.8 |  1304M | 137 | 602 | 201 | 753 |1870k|  3 | 361 |1349 |-1.023370e+01 |      --      |    Inf | unknown
 9736s|246300 |246301 | 77041k| 312.8 |  1304M | 137 | 602 | 201 | 889 |1871k|  4 | 361 |1349 |-1.023370e+01 |      --      |    Inf | unknown
 9748s|246400 |246401 | 77082k| 312.8 |  1304M | 137 | 602 | 201 | 792 |1871k|  3 | 361 |1349 |-1.023370e+01 |      --      |    Inf | unknown
 9750s|246500 |246501 | 77102k| 312.7 |  1304M | 137 | 602 | 201 | 844 |1872k|  2 | 361 |1349 |-1.023370e+01 |      --      |    Inf | unknown
 9753s|246600 |246601 | 77132k| 312.7 |  1304M | 137 | 602 | 201 | 641 |1873k|  3 | 361 |1349 |-1.023370e+01 |      --      |    Inf | unknown
 9756s|246700 |246701 | 77154k| 312.7 |  1304M | 137 | 602 | 201 | 834 |1873k|  5 | 361 |1350 |-1.023370e+01 |      --      |    Inf | unknown
 9758s|246800 |246801 | 77174k| 312.7 |  1306M | 137 | 602 | 201 | 928 |1874k|  2 | 361 |1352 |-1.023370e+01 |      --      |    Inf | unknown
 9761s|246900 |246901 | 77202k| 312.6 |  1306M | 137 | 602 | 201 | 781 |1875k|  1 | 361 |1352 |-1.023370e+01 |      --      |    Inf | unknown
 9764s|247000 |247001 | 77233k| 312.6 |  1306M | 137 | 602 | 201 | 913 |1875k|  5 | 361 |1352 |-1.023370e+01 |      --      |    Inf | unknown
 9767s|247100 |247101 | 77262k| 312.6 |  1306M | 137 | 602 | 201 | 725 |1876k|  2 | 361 |1352 |-1.023370e+01 |      --      |    Inf | unknown
 9770s|247200 |247201 | 77288k| 312.6 |  1306M | 137 | 602 | 201 | 835 |1877k|  2 | 361 |1352 |-1.023370e+01 |      --      |    Inf | unknown
 9772s|247300 |247301 | 77310k| 312.6 |  1306M | 137 | 602 | 201 | 640 |1877k|  4 | 361 |1352 |-1.023370e+01 |      --      |    Inf | unknown
 time | node  | left  |LP iter|LP it/n|mem/heur|mdpt |vars |cons |rows |cuts |sepa|confs|strbr|  dualbound   | primalbound  |  gap   | compl. 
 9783s|247400 |247401 | 77343k| 312.6 |  1306M | 137 | 602 | 201 | 859 |1878k|  1 | 361 |1352 |-1.023370e+01 |      --      |    Inf | unknown
 9786s|247500 |247501 | 77369k| 312.6 |  1307M | 137 | 602 | 201 | 915 |1878k|  4 | 361 |1353 |-1.023370e+01 |      --      |    Inf | unknown
 9789s|247600 |247601 | 77397k| 312.6 |  1308M | 137 | 602 | 201 | 800 |1879k|  2 | 361 |1354 |-1.023370e+01 |      --      |    Inf | unknown
 9793s|247700 |247701 | 77428k| 312.5 |  1308M | 137 | 602 | 201 | 938 |1880k|  2 | 361 |1354 |-1.023370e+01 |      --      |    Inf | unknown
 9795s|247800 |247801 | 77453k| 312.5 |  1308M | 137 | 602 | 201 | 698 |1881k|  2 | 361 |1354 |-1.023370e+01 |      --      |    Inf | unknown
 9798s|247900 |247901 | 77486k| 312.5 |  1308M | 137 | 602 | 201 | 872 |1881k|  5 | 361 |1354 |-1.023370e+01 |      --      |    Inf | unknown
 9801s|248000 |248001 | 77509k| 312.5 |  1308M | 137 | 602 | 201 | 652 |1882k|  1 | 361 |1354 |-1.023370e+01 |      --      |    Inf | unknown
 9804s|248100 |248101 | 77544k| 312.5 |  1308M | 137 | 602 | 201 | 817 |1883k|  3 | 361 |1354 |-1.023370e+01 |      --      |    Inf | unknown
 9807s|248200 |248201 | 77566k| 312.5 |  1309M | 137 | 602 | 201 | 927 |1883k|  2 | 361 |1354 |-1.023370e+01 |      --      |    Inf | unknown
 9813s|248300 |248301 | 77597k| 312.5 |  1320M | 137 | 602 | 201 | 785 |1884k|  2 | 361 |1354 |-1.023370e+01 |      --      |    Inf | unknown
 9816s|248400 |248401 | 77616k| 312.4 |  1320M | 137 | 602 | 201 | 858 |1885k|  3 | 361 |1354 |-1.023370e+01 |      --      |    Inf | unknown
 9818s|248500 |248501 | 77639k| 312.4 |  1321M | 137 | 602 | 201 | 720 |1885k|  2 | 361 |1355 |-1.023370e+01 |      --      |    Inf | unknown
 9821s|248600 |248601 | 77663k| 312.4 |  1321M | 137 | 602 | 201 | 842 |1886k|  2 | 361 |1355 |-1.023370e+01 |      --      |    Inf | unknown
 9823s|248700 |248701 | 77689k| 312.3 |  1321M | 137 | 602 | 201 | 660 |1887k|  3 | 361 |1355 |-1.023370e+01 |      --      |    Inf | unknown
 9826s|248800 |248801 | 77720k| 312.3 |  1321M | 137 | 602 | 201 | 817 |1887k|  2 | 361 |1355 |-1.023370e+01 |      --      |    Inf | unknown
 time | node  | left  |LP iter|LP it/n|mem/heur|mdpt |vars |cons |rows |cuts |sepa|confs|strbr|  dualbound   | primalbound  |  gap   | compl. 
 9831s|248900 |248901 | 77746k| 312.3 |  1321M | 137 | 602 | 201 | 916 |1888k|  3 | 361 |1355 |-1.023370e+01 |      --      |    Inf | unknown
 9835s|249000 |249001 | 77783k| 312.3 |  1323M | 137 | 602 | 201 | 760 |1889k|  3 | 361 |1355 |-1.023368e+01 |      --      |    Inf | unknown
 9838s|249100 |249101 | 77806k| 312.3 |  1324M | 137 | 602 | 201 | 891 |1889k|  3 | 361 |1355 |-1.023365e+01 |      --      |    Inf | unknown
 9849s|249200 |249201 | 77843k| 312.3 |  1324M | 137 | 602 | 202 | 678 |1890k|  5 | 362 |1355 |-1.023359e+01 |      --      |    Inf | unknown
 9852s|249300 |249301 | 77870k| 312.3 |  1324M | 137 | 602 | 202 | 813 |1891k|  2 | 362 |1355 |-1.023355e+01 |      --      |    Inf | unknown
 9855s|249400 |249401 | 77895k| 312.3 |  1324M | 137 | 602 | 202 | 941 |1891k|  2 | 362 |1355 |-1.023350e+01 |      --      |    Inf | unknown
 9858s|249500 |249501 | 77923k| 312.3 |  1325M | 137 | 602 | 202 | 765 |1892k|  2 | 362 |1355 |-1.023344e+01 |      --      |    Inf | unknown
 9861s|249600 |249601 | 77952k| 312.3 |  1327M | 137 | 602 | 202 | 910 |1893k|  2 | 362 |1355 |-1.023343e+01 |      --      |    Inf | unknown
 9865s|249700 |249701 | 77990k| 312.3 |  1327M | 137 | 602 | 202 | 715 |1894k|  3 | 363 |1355 |-1.023338e+01 |      --      |    Inf | unknown
 9868s|249800 |249801 | 78017k| 312.3 |  1327M | 137 | 602 | 202 | 885 |1894k|  4 | 363 |1355 |-1.023328e+01 |      --      |    Inf | unknown
 9871s|249900 |249901 | 78045k| 312.3 |  1327M | 137 | 602 | 202 | 733 |1895k|  5 | 363 |1355 |-1.023321e+01 |      --      |    Inf | unknown
 9881s|250000 |250001 | 78076k| 312.3 |  1327M | 137 | 602 | 202 | 802 |1896k|  4 | 363 |1355 |-1.023321e+01 |      --      |    Inf | unknown
 9885s|250100 |250101 | 78109k| 312.3 |  1328M | 137 | 602 | 201 | 967 |1897k|  2 | 363 |1355 |-1.023316e+01 |      --      |    Inf | unknown
 9889s|250200 |250201 | 78141k| 312.3 |  1329M | 137 | 602 | 202 | 741 |1897k|  1 | 364 |1355 |-1.023308e+01 |      --      |    Inf | unknown
 9891s|250300 |250301 | 78164k| 312.2 |  1330M | 137 | 602 | 202 | 883 |1898k|  1 | 364 |1355 |-1.023308e+01 |      --      |    Inf | unknown
 time | node  | left  |LP iter|LP it/n|mem/heur|mdpt |vars |cons |rows |cuts |sepa|confs|strbr|  dualbound   | primalbound  |  gap   | compl. 
 9894s|250400 |250401 | 78195k| 312.2 |  1330M | 137 | 602 | 202 | 697 |1899k|  2 | 364 |1355 |-1.023297e+01 |      --      |    Inf | unknown
 9898s|250500 |250501 | 78231k| 312.3 |  1330M | 137 | 602 | 202 | 885 |1900k|  2 | 364 |1356 |-1.023293e+01 |      --      |    Inf | unknown
 9901s|250600 |250601 | 78259k| 312.3 |  1330M | 137 | 602 | 202 | 656 |1900k|  3 | 364 |1356 |-1.023291e+01 |      --      |    Inf | unknown
 9903s|250700 |250701 | 78283k| 312.2 |  1330M | 137 | 602 | 202 | 771 |1901k|  3 | 364 |1356 |-1.023290e+01 |      --      |    Inf | unknown
 9915s|250800 |250801 | 78324k| 312.3 |  1332M | 137 | 602 | 201 | 956 |1902k|  3 | 364 |1356 |-1.023288e+01 |      --      |    Inf | unknown
 9918s|250900 |250901 | 78356k| 312.3 |  1333M | 137 | 602 | 201 | 801 |1903k|  2 | 364 |1356 |-1.023282e+01 |      --      |    Inf | unknown
 9920s|251000 |251001 | 78376k| 312.2 |  1333M | 137 | 602 | 201 | 863 |1903k|  1 | 364 |1356 |-1.023276e+01 |      --      |    Inf | unknown
 9924s|251100 |251101 | 78410k| 312.2 |  1333M | 137 | 602 | 201 | 686 |1904k|  4 | 364 |1356 |-1.023271e+01 |      --      |    Inf | unknown
 9926s|251200 |251201 | 78433k| 312.2 |  1333M | 137 | 602 | 201 | 845 |1905k|  3 | 364 |1356 |-1.023270e+01 |      --      |    Inf | unknown
 9930s|251300 |251301 | 78470k| 312.2 |  1334M | 137 | 602 | 201 | 713 |1906k|  5 | 364 |1356 |-1.023254e+01 |      --      |    Inf | unknown
 9933s|251400 |251401 | 78495k| 312.2 |  1334M | 137 | 602 | 201 | 759 |1906k|  2 | 364 |1356 |-1.023250e+01 |      --      |    Inf | unknown
 9937s|251500 |251501 | 78529k| 312.2 |  1334M | 137 | 602 | 201 | 893 |1907k|  2 | 364 |1356 |-1.023250e+01 |      --      |    Inf | unknown
 9946s|251600 |251601 | 78565k| 312.2 |  1335M | 137 | 602 | 203 | 756 |1908k|  3 | 366 |1356 |-1.023243e+01 |      --      |    Inf | unknown
 9948s|251700 |251701 | 78584k| 312.2 |  1335M | 137 | 602 | 203 | 849 |1908k|  2 | 366 |1356 |-1.023242e+01 |      --      |    Inf | unknown
 9951s|251800 |251801 | 78613k| 312.2 |  1335M | 137 | 602 | 203 | 782 |1909k|  4 | 366 |1357 |-1.023241e+01 |      --      |    Inf | unknown
 time | node  | left  |LP iter|LP it/n|mem/heur|mdpt |vars |cons |rows |cuts |sepa|confs|strbr|  dualbound   | primalbound  |  gap   | compl. 
 9954s|251900 |251901 | 78640k| 312.1 |  1335M | 137 | 602 | 203 | 915 |1910k|  3 | 366 |1358 |-1.023238e+01 |      --      |    Inf | unknown
 9957s|252000 |252001 | 78668k| 312.1 |  1335M | 137 | 602 | 203 | 661 |1911k|  4 | 366 |1358 |-1.023232e+01 |      --      |    Inf | unknown
 9961s|252100 |252101 | 78702k| 312.1 |  1336M | 137 | 602 | 203 | 847 |1911k|  2 | 366 |1358 |-1.023227e+01 |      --      |    Inf | unknown
 9966s|252200 |252201 | 78736k| 312.2 |  1336M | 137 | 602 | 201 | 931 |1912k|  2 | 366 |1359 |-1.023226e+01 |      --      |    Inf | unknown
 9969s|252300 |252301 | 78767k| 312.2 |  1337M | 137 | 602 | 201 | 784 |1913k|  5 | 366 |1359 |-1.023218e+01 |      --      |    Inf | unknown
 9972s|252400 |252401 | 78789k| 312.1 |  1337M | 137 | 602 | 201 | 885 |1914k|  3 | 366 |1359 |-1.023213e+01 |      --      |    Inf | unknown
 9983s|252500 |252501 | 78828k| 312.2 |  1338M | 137 | 602 | 201 | 695 |1914k|  3 | 366 |1359 |-1.023208e+01 |      --      |    Inf | unknown
 9986s|252600 |252601 | 78850k| 312.1 |  1338M | 137 | 602 | 201 | 806 |1915k|  4 | 366 |1359 |-1.023207e+01 |      --      |    Inf | unknown
 9988s|252700 |252701 | 78877k| 312.1 |  1338M | 137 | 602 | 201 | 639 |1916k|  2 | 366 |1359 |-1.023198e+01 |      --      |    Inf | unknown
 9992s|252800 |252801 | 78911k| 312.1 |  1338M | 137 | 602 | 201 | 829 |1917k|  4 | 366 |1359 |-1.023196e+01 |      --      |    Inf | unknown
 9996s|252900 |252901 | 78940k| 312.1 |  1339M | 137 | 602 | 202 | 931 |1917k|  2 | 367 |1359 |-1.023192e+01 |      --      |    Inf | unknown
 9999s|253000 |253001 | 78976k| 312.1 |  1340M | 137 | 602 | 202 | 787 |1918k|  2 | 367 |1359 |-1.023187e+01 |      --      |    Inf | unknown
  167m|253100 |253101 | 78998k| 312.1 |  1340M | 137 | 602 | 202 | 917 |1919k|  4 | 368 |1359 |-1.023185e+01 |      --      |    Inf | unknown
  167m|253200 |253201 | 79027k| 312.1 |  1340M | 137 | 602 | 202 | 689 |1920k|  3 | 368 |1359 |-1.023180e+01 |      --      |    Inf | unknown
  167m|253300 |253301 | 79063k| 312.1 |  1340M | 137 | 602 | 202 | 885 |1920k|  3 | 368 |1359 |-1.023176e+01 |      --      |    Inf | unknown
 time | node  | left  |LP iter|LP it/n|mem/heur|mdpt |vars |cons |rows |cuts |sepa|confs|strbr|  dualbound   | primalbound  |  gap   | compl. 
  167m|253400 |253401 | 79096k| 312.1 |  1340M | 137 | 602 | 202 | 658 |1921k|  5 | 368 |1359 |-1.023174e+01 |      --      |    Inf | unknown
  167m|253500 |253501 | 79123k| 312.1 |  1340M | 137 | 602 | 201 | 886 |1922k|  2 | 368 |1359 |-1.023172e+01 |      --      |    Inf | unknown
  167m|253600 |253601 | 79145k| 312.0 |  1341M | 137 | 602 | 201 | 902 |1923k|  2 | 368 |1359 |-1.023170e+01 |      --      |    Inf | unknown
  167m|253700 |253701 | 79171k| 312.0 |  1341M | 137 | 602 | 201 | 753 |1923k|  3 | 368 |1359 |-1.023164e+01 |      --      |    Inf | unknown
  167m|253800 |253801 | 79198k| 312.0 |  1341M | 137 | 602 | 201 | 942 |1924k|  2 | 368 |1359 |-1.023154e+01 |      --      |    Inf | unknown
  167m|253900 |253901 | 79234k| 312.0 |  1342M | 137 | 602 | 201 | 692 |1925k|  1 | 368 |1359 |-1.023153e+01 |      --      |    Inf | unknown
  167m|254000 |254001 | 79257k| 312.0 |  1342M | 137 | 602 | 201 | 829 |1926k|  5 | 368 |1359 |-1.023145e+01 |      --      |    Inf | unknown
  167m|254100 |254101 | 79291k| 312.0 |  1342M | 137 | 602 | 201 | 670 |1926k|  4 | 368 |1359 |-1.023141e+01 |      --      |    Inf | unknown
  168m|254200 |254201 | 79322k| 312.0 |  1342M | 137 | 602 | 201 | 822 |1927k|  2 | 368 |1359 |-1.023141e+01 |      --      |    Inf | unknown
  168m|254300 |254301 | 79346k| 312.0 |  1344M | 137 | 602 | 201 | 925 |1928k|  2 | 368 |1359 |-1.023138e+01 |      --      |    Inf | unknown
  168m|254400 |254401 | 79376k| 312.0 |  1344M | 137 | 602 | 201 | 757 |1929k|  2 | 368 |1359 |-1.023126e+01 |      --      |    Inf | unknown
  168m|254500 |254501 | 79399k| 311.9 |  1344M | 137 | 602 | 201 | 851 |1929k|  2 | 368 |1359 |-1.023125e+01 |      --      |    Inf | unknown
  168m|254600 |254601 | 79431k| 311.9 |  1344M | 137 | 602 | 201 | 735 |1930k|  4 | 368 |1359 |-1.023114e+01 |      --      |    Inf | unknown
  168m|254700 |254701 | 79463k| 311.9 |  1345M | 137 | 602 | 201 | 846 |1931k|  2 | 368 |1359 |-1.023109e+01 |      --      |    Inf | unknown
  168m|254800 |254801 | 79494k| 311.9 |  1345M | 137 | 602 | 201 | 654 |1931k|  3 | 368 |1359 |-1.023099e+01 |      --      |    Inf | unknown
 time | node  | left  |LP iter|LP it/n|mem/heur|mdpt |vars |cons |rows |cuts |sepa|confs|strbr|  dualbound   | primalbound  |  gap   | compl. 
  168m|254900 |254901 | 79520k| 311.9 |  1346M | 137 | 602 | 201 | 860 |1932k|  2 | 368 |1359 |-1.023095e+01 |      --      |    Inf | unknown
  168m|255000 |255001 | 79549k| 311.9 |  1346M | 137 | 602 | 201 | 956 |1933k|  2 | 368 |1359 |-1.023088e+01 |      --      |    Inf | unknown
  168m|255100 |255101 | 79576k| 311.9 |  1347M | 137 | 602 | 201 | 763 |1934k|  1 | 368 |1359 |-1.023082e+01 |      --      |    Inf | unknown
  168m|255200 |255201 | 79603k| 311.9 |  1348M | 137 | 602 | 202 | 852 |1934k|  2 | 369 |1359 |-1.023080e+01 |      --      |    Inf | unknown
  168m|255300 |255301 | 79632k| 311.9 |  1349M | 137 | 602 | 202 | 746 |1935k|  4 | 369 |1359 |-1.023074e+01 |      --      |    Inf | unknown
  168m|255400 |255401 | 79656k| 311.9 |  1350M | 137 | 602 | 202 | 910 |1936k|  3 | 369 |1359 |-1.023071e+01 |      --      |    Inf | unknown
  168m|255500 |255501 | 79695k| 311.9 |  1351M | 137 | 602 | 203 | 648 |1937k|  2 | 370 |1359 |-1.023059e+01 |      --      |    Inf | unknown
  168m|255600 |255601 | 79728k| 311.9 |  1351M | 137 | 602 | 202 | 831 |1938k|  2 | 370 |1359 |-1.023055e+01 |      --      |    Inf | unknown
  168m|255700 |255701 | 79753k| 311.9 |  1352M | 137 | 602 | 201 | 924 |1938k|  2 | 370 |1359 |-1.023055e+01 |      --      |    Inf | unknown
  169m|255800 |255801 | 79788k| 311.9 |  1353M | 137 | 602 | 202 | 806 |1939k|  2 | 371 |1359 |-1.023052e+01 |      --      |    Inf | unknown
  169m|255900 |255901 | 79814k| 311.9 |  1353M | 137 | 602 | 202 | 897 |1940k|  3 | 371 |1359 |-1.023051e+01 |      --      |    Inf | unknown
  169m|256000 |256001 | 79840k| 311.8 |  1354M | 137 | 602 | 202 | 718 |1940k|  2 | 371 |1359 |-1.023045e+01 |      --      |    Inf | unknown
  169m|256100 |256101 | 79866k| 311.8 |  1354M | 137 | 602 | 202 | 889 |1941k|  3 | 371 |1359 |-1.023044e+01 |      --      |    Inf | unknown
  169m|256200 |256201 | 79897k| 311.8 |  1356M | 137 | 602 | 201 | 641 |1942k|  2 | 371 |1359 |-1.023043e+01 |      --      |    Inf | unknown
  169m|256300 |256301 | 79923k| 311.8 |  1356M | 137 | 602 | 201 | 852 |1943k|  2 | 371 |1359 |-1.023042e+01 |      --      |    Inf | unknown
 time | node  | left  |LP iter|LP it/n|mem/heur|mdpt |vars |cons |rows |cuts |sepa|confs|strbr|  dualbound   | primalbound  |  gap   | compl. 
  169m|256400 |256401 | 79958k| 311.8 |  1357M | 137 | 602 | 201 | 948 |1943k|  4 | 371 |1359 |-1.023040e+01 |      --      |    Inf | unknown
  169m|256500 |256501 | 79985k| 311.8 |  1357M | 137 | 602 | 201 | 785 |1944k|  3 | 371 |1359 |-1.023036e+01 |      --      |    Inf | unknown
  169m|256600 |256601 | 80016k| 311.8 |  1358M | 137 | 602 | 201 | 924 |1945k|  2 | 371 |1359 |-1.023030e+01 |      --      |    Inf | unknown
  169m|256700 |256701 | 80050k| 311.8 |  1358M | 137 | 602 | 201 | 726 |1946k|  3 | 371 |1359 |-1.023023e+01 |      --      |    Inf | unknown
  169m|256800 |256801 | 80072k| 311.8 |  1359M | 137 | 602 | 201 | 849 |1946k|  2 | 371 |1359 |-1.023017e+01 |      --      |    Inf | unknown
  169m|256900 |256901 | 80101k| 311.8 |  1359M | 137 | 602 | 202 | 651 |1947k|  4 | 372 |1359 |-1.023008e+01 |      --      |    Inf | unknown
  169m|257000 |257001 | 80132k| 311.8 |  1359M | 137 | 602 | 202 | 845 |1948k|  5 | 372 |1359 |-1.023003e+01 |      --      |    Inf | unknown
  169m|257100 |257101 | 80158k| 311.7 |  1359M | 137 | 602 | 202 | 949 |1949k|  1 | 372 |1359 |-1.022994e+01 |      --      |    Inf | unknown
  169m|257200 |257201 | 80187k| 311.7 |  1360M | 137 | 602 | 202 | 800 |1949k|  4 | 372 |1359 |-1.022991e+01 |      --      |    Inf | unknown
  169m|257300 |257301 | 80217k| 311.7 |  1360M | 137 | 602 | 202 | 927 |1950k|  2 | 372 |1359 |-1.022985e+01 |      --      |    Inf | unknown
  170m|257400 |257401 | 80254k| 311.7 |  1361M | 137 | 602 | 201 | 733 |1951k|  2 | 372 |1359 |-1.022982e+01 |      --      |    Inf | unknown
  170m|257500 |257501 | 80283k| 311.7 |  1361M | 137 | 602 | 201 | 865 |1952k|  2 | 372 |1360 |-1.022979e+01 |      --      |    Inf | unknown
  170m|257600 |257601 | 80319k| 311.8 |  1361M | 137 | 602 | 201 | 621 |1953k|  2 | 372 |1360 |-1.022978e+01 |      --      |    Inf | unknown
  170m|257700 |257701 | 80343k| 311.7 |  1361M | 137 | 602 | 201 | 855 |1953k|  2 | 372 |1360 |-1.022971e+01 |      --      |    Inf | unknown
  170m|257800 |257801 | 80367k| 311.7 |  1361M | 137 | 602 | 201 | 954 |1954k|  2 | 372 |1361 |-1.022971e+01 |      --      |    Inf | unknown
 time | node  | left  |LP iter|LP it/n|mem/heur|mdpt |vars |cons |rows |cuts |sepa|confs|strbr|  dualbound   | primalbound  |  gap   | compl. 
  170m|257900 |257901 | 80393k| 311.7 |  1361M | 137 | 602 | 201 | 723 |1955k|  3 | 372 |1361 |-1.022969e+01 |      --      |    Inf | unknown
  170m|258000 |258001 | 80415k| 311.7 |  1362M | 137 | 602 | 201 | 905 |1955k|  2 | 372 |1361 |-1.022960e+01 |      --      |    Inf | unknown
  170m|258100 |258101 | 80451k| 311.7 |  1364M | 137 | 602 | 201 | 743 |1956k|  2 | 372 |1361 |-1.022958e+01 |      --      |    Inf | unknown
  170m|258200 |258201 | 80477k| 311.6 |  1364M | 137 | 602 | 201 | 841 |1957k|  2 | 372 |1361 |-1.022955e+01 |      --      |    Inf | unknown
  170m|258300 |258301 | 80508k| 311.6 |  1364M | 137 | 602 | 202 | 654 |1958k|  2 | 373 |1363 |-1.022947e+01 |      --      |    Inf | unknown
  170m|258400 |258401 | 80536k| 311.6 |  1364M | 137 | 602 | 202 | 732 |1958k|  2 | 373 |1363 |-1.022946e+01 |      --      |    Inf | unknown
  170m|258500 |258501 | 80559k| 311.6 |  1364M | 137 | 602 | 202 | 946 |1959k|  2 | 373 |1363 |-1.022945e+01 |      --      |    Inf | unknown
  170m|258600 |258601 | 80586k| 311.6 |  1364M | 137 | 602 | 202 | 765 |1960k|  3 | 373 |1363 |-1.022945e+01 |      --      |    Inf | unknown
  170m|258700 |258701 | 80615k| 311.6 |  1366M | 137 | 602 | 201 | 897 |1961k|  2 | 373 |1363 |-1.022944e+01 |      --      |    Inf | unknown
  170m|258800 |258801 | 80645k| 311.6 |  1366M | 137 | 602 | 201 | 761 |1962k|  3 | 373 |1363 |-1.022942e+01 |      --      |    Inf | unknown
  171m|258900 |258901 | 80667k| 311.5 |  1366M | 137 | 602 | 201 | 887 |1962k|  2 | 373 |1363 |-1.022938e+01 |      --      |    Inf | unknown
  171m|259000 |259001 | 80701k| 311.6 |  1366M | 137 | 602 | 201 | 649 |1963k|  4 | 373 |1363 |-1.022935e+01 |      --      |    Inf | unknown
  171m|259100 |259101 | 80726k| 311.5 |  1367M | 137 | 602 | 202 | 844 |1964k|  4 | 374 |1363 |-1.022933e+01 |      --      |    Inf | unknown
  171m|259200 |259201 | 80755k| 311.5 |  1368M | 137 | 602 | 202 | 925 |1964k|  3 | 374 |1363 |-1.022932e+01 |      --      |    Inf | unknown
  171m|259300 |259301 | 80788k| 311.5 |  1369M | 137 | 602 | 201 | 743 |1965k|  2 | 374 |1364 |-1.022924e+01 |      --      |    Inf | unknown
 time | node  | left  |LP iter|LP it/n|mem/heur|mdpt |vars |cons |rows |cuts |sepa|confs|strbr|  dualbound   | primalbound  |  gap   | compl. 
  171m|259400 |259401 | 80814k| 311.5 |  1370M | 137 | 602 | 201 | 867 |1966k|  4 | 374 |1364 |-1.022921e+01 |      --      |    Inf | unknown
  171m|259500 |259501 | 80842k| 311.5 |  1370M | 137 | 602 | 202 | 701 |1967k|  2 | 375 |1365 |-1.022914e+01 |      --      |    Inf | unknown
  171m|259600 |259601 | 80866k| 311.5 |  1370M | 137 | 602 | 202 | 896 |1967k|  3 | 375 |1365 |-1.022913e+01 |      --      |    Inf | unknown
  171m|259700 |259701 | 80896k| 311.5 |  1371M | 137 | 602 | 202 | 657 |1968k|  2 | 375 |1365 |-1.022913e+01 |      --      |    Inf | unknown
  171m|259800 |259801 | 80919k| 311.4 |  1372M | 137 | 602 | 202 | 831 |1969k|  2 | 375 |1365 |-1.022904e+01 |      --      |    Inf | unknown
  171m|259900 |259901 | 80950k| 311.4 |  1372M | 137 | 602 | 201 | 918 |1969k|  3 | 375 |1365 |-1.022904e+01 |      --      |    Inf | unknown
  171m|260000 |260001 | 80977k| 311.4 |  1373M | 137 | 602 | 201 | 815 |1970k|  4 | 375 |1367 |-1.022901e+01 |      --      |    Inf | unknown
  171m|260100 |260101 | 80998k| 311.4 |  1373M | 137 | 602 | 201 | 896 |1971k|  2 | 375 |1367 |-1.022899e+01 |      --      |    Inf | unknown
  172m|260200 |260201 | 81031k| 311.4 |  1373M | 137 | 602 | 201 | 716 |1971k|  2 | 375 |1367 |-1.022897e+01 |      --      |    Inf | unknown
  172m|260300 |260301 | 81055k| 311.4 |  1373M | 137 | 602 | 202 | 816 |1972k|  2 | 376 |1367 |-1.022895e+01 |      --      |    Inf | unknown
  172m|260400 |260401 | 81085k| 311.4 |  1374M | 137 | 602 | 202 | 669 |1973k|  2 | 376 |1367 |-1.022893e+01 |      --      |    Inf | unknown
  172m|260500 |260501 | 81109k| 311.3 |  1375M | 137 | 602 | 202 | 828 |1973k|  3 | 376 |1367 |-1.022890e+01 |      --      |    Inf | unknown
  172m|260600 |260601 | 81131k| 311.3 |  1376M | 137 | 602 | 202 | 969 |1974k|  2 | 376 |1367 |-1.022889e+01 |      --      |    Inf | unknown
  172m|260700 |260701 | 81161k| 311.3 |  1377M | 137 | 602 | 201 | 773 |1975k|  1 | 376 |1367 |-1.022886e+01 |      --      |    Inf | unknown
  172m|260800 |260801 | 81186k| 311.3 |  1377M | 137 | 602 | 201 | 946 |1976k|  3 | 376 |1367 |-1.022884e+01 |      --      |    Inf | unknown
 time | node  | left  |LP iter|LP it/n|mem/heur|mdpt |vars |cons |rows |cuts |sepa|confs|strbr|  dualbound   | primalbound  |  gap   | compl. 
  172m|260900 |260901 | 81223k| 311.3 |  1377M | 137 | 602 | 201 | 673 |1977k|  5 | 376 |1367 |-1.022880e+01 |      --      |    Inf | unknown
  172m|261000 |261001 | 81248k| 311.3 |  1377M | 137 | 602 | 201 | 887 |1977k|  2 | 376 |1367 |-1.022880e+01 |      --      |    Inf | unknown
  172m|261100 |261101 | 81286k| 311.3 |  1378M | 137 | 602 | 201 | 641 |1978k|  2 | 376 |1369 |-1.022878e+01 |      --      |    Inf | unknown
  172m|261200 |261201 | 81319k| 311.3 |  1378M | 137 | 602 | 201 | 801 |1979k|  2 | 376 |1369 |-1.022872e+01 |      --      |    Inf | unknown
  172m|261300 |261301 | 81349k| 311.3 |  1378M | 137 | 602 | 201 | 939 |1980k|  3 | 376 |1369 |-1.022871e+01 |      --      |    Inf | unknown
  172m|261400 |261401 | 81384k| 311.3 |  1379M | 137 | 602 | 201 | 772 |1980k|  3 | 376 |1369 |-1.022867e+01 |      --      |    Inf | unknown
  172m|261500 |261501 | 81409k| 311.3 |  1380M | 137 | 602 | 201 | 898 |1981k|  2 | 376 |1369 |-1.022857e+01 |      --      |    Inf | unknown
  172m|261600 |261601 | 81437k| 311.3 |  1382M | 137 | 602 | 201 | 695 |1982k|  3 | 376 |1369 |-1.022849e+01 |      --      |    Inf | unknown
  172m|261700 |261701 | 81470k| 311.3 |  1382M | 137 | 602 | 201 | 891 |1983k|  4 | 376 |1369 |-1.022846e+01 |      --      |    Inf | unknown
  173m|261800 |261801 | 81503k| 311.3 |  1382M | 137 | 602 | 201 | 622 |1984k|  2 | 376 |1369 |-1.022838e+01 |      --      |    Inf | unknown
  173m|261900 |261901 | 81533k| 311.3 |  1382M | 137 | 602 | 201 | 826 |1984k|  2 | 376 |1369 |-1.022831e+01 |      --      |    Inf | unknown
  173m|262000 |262001 | 81556k| 311.2 |  1383M | 137 | 602 | 201 | 884 |1985k|  3 | 376 |1370 |-1.022831e+01 |      --      |    Inf | unknown
  173m|262100 |262101 | 81583k| 311.2 |  1383M | 137 | 602 | 203 | 777 |1986k|  2 | 378 |1370 |-1.022826e+01 |      --      |    Inf | unknown
  173m|262200 |262201 | 81606k| 311.2 |  1383M | 137 | 602 | 203 | 867 |1986k|  2 | 378 |1370 |-1.022823e+01 |      --      |    Inf | unknown
  173m|262300 |262301 | 81636k| 311.2 |  1384M | 137 | 602 | 203 | 740 |1987k|  3 | 378 |1371 |-1.022820e+01 |      --      |    Inf | unknown
 time | node  | left  |LP iter|LP it/n|mem/heur|mdpt |vars |cons |rows |cuts |sepa|confs|strbr|  dualbound   | primalbound  |  gap   | compl. 
  173m|262400 |262401 | 81656k| 311.2 |  1384M | 137 | 602 | 203 | 844 |1988k|  3 | 378 |1371 |-1.022819e+01 |      --      |    Inf | unknown
  173m|262500 |262501 | 81686k| 311.2 |  1384M | 137 | 602 | 205 | 693 |1989k|  4 | 380 |1372 |-1.022806e+01 |      --      |    Inf | unknown
  173m|262600 |262601 | 81718k| 311.2 |  1386M | 137 | 602 | 205 | 857 |1989k|  2 | 380 |1373 |-1.022804e+01 |      --      |    Inf | unknown
  173m|262700 |262701 | 81749k| 311.2 |  1387M | 137 | 602 | 204 | 941 |1990k|  4 | 381 |1373 |-1.022804e+01 |      --      |    Inf | unknown
  173m|262800 |262801 | 81775k| 311.1 |  1387M | 137 | 602 | 204 | 801 |1991k|  2 | 381 |1373 |-1.022802e+01 |      --      |    Inf | unknown
  173m|262900 |262901 | 81794k| 311.1 |  1389M | 137 | 602 | 204 | 904 |1991k|  2 | 381 |1373 |-1.022799e+01 |      --      |    Inf | unknown
  173m|263000 |263001 | 81833k| 311.1 |  1389M | 137 | 602 | 203 | 691 |1992k|  2 | 383 |1373 |-1.022792e+01 |      --      |    Inf | unknown
  173m|263100 |263101 | 81858k| 311.1 |  1389M | 137 | 602 | 203 | 913 |1993k|  2 | 383 |1373 |-1.022792e+01 |      --      |    Inf | unknown
  173m|263200 |263201 | 81882k| 311.1 |  1389M | 137 | 602 | 203 | 649 |1994k|  3 | 383 |1373 |-1.022786e+01 |      --      |    Inf | unknown
  173m|263300 |263301 | 81909k| 311.0 |  1390M | 137 | 602 | 204 | 811 |1994k|  3 | 384 |1373 |-1.022785e+01 |      --      |    Inf | unknown
  174m|263400 |263401 | 81942k| 311.1 |  1391M | 137 | 602 | 202 | 935 |1995k|  4 | 384 |1373 |-1.022777e+01 |      --      |    Inf | unknown
  174m|263500 |263501 | 81976k| 311.1 |  1391M | 137 | 602 | 202 | 783 |1996k|  1 | 384 |1373 |-1.022775e+01 |      --      |    Inf | unknown
  174m|263600 |263601 | 82007k| 311.1 |  1391M | 137 | 602 | 201 | 889 |1996k|  2 | 384 |1373 |-1.022773e+01 |      --      |    Inf | unknown
  174m|263700 |263701 | 82033k| 311.0 |  1392M | 137 | 602 | 202 | 771 |1997k|  3 | 385 |1373 |-1.022771e+01 |      --      |    Inf | unknown
  174m|263800 |263801 | 82056k| 311.0 |  1392M | 137 | 602 | 202 | 837 |1998k|  2 | 385 |1374 |-1.022766e+01 |      --      |    Inf | unknown
 time | node  | left  |LP iter|LP it/n|mem/heur|mdpt |vars |cons |rows |cuts |sepa|confs|strbr|  dualbound   | primalbound  |  gap   | compl. 
  174m|263900 |263901 | 82085k| 311.0 |  1392M | 137 | 602 | 202 | 703 |1999k|  4 | 385 |1374 |-1.022758e+01 |      --      |    Inf | unknown
  174m|264000 |264001 | 82110k| 311.0 |  1394M | 137 | 602 | 202 | 839 |1999k|  3 | 385 |1374 |-1.022757e+01 |      --      |    Inf | unknown
  174m|264100 |264101 | 82139k| 311.0 |  1394M | 137 | 602 | 202 | 908 |2000k|  2 | 385 |1374 |-1.022756e+01 |      --      |    Inf | unknown
  174m|264200 |264201 | 82168k| 311.0 |  1394M | 137 | 602 | 201 | 800 |2001k|  3 | 385 |1374 |-1.022754e+01 |      --      |    Inf | unknown
  174m|264300 |264301 | 82190k| 310.9 |  1394M | 137 | 602 | 201 | 876 |2002k|  2 | 385 |1375 |-1.022750e+01 |      --      |    Inf | unknown
  174m|264400 |264401 | 82236k| 311.0 |  1395M | 137 | 602 | 201 | 791 |2002k|  4 | 385 |1375 |-1.022745e+01 |      --      |    Inf | unknown
  174m|264500 |264501 | 82258k| 311.0 |  1395M | 137 | 602 | 201 | 819 |2003k|  2 | 385 |1375 |-1.022745e+01 |      --      |    Inf | unknown
  174m|264600 |264601 | 82284k| 310.9 |  1396M | 137 | 602 | 201 | 728 |2004k|  2 | 385 |1375 |-1.022737e+01 |      --      |    Inf | unknown
  174m|264700 |264701 | 82306k| 310.9 |  1398M | 137 | 602 | 201 | 831 |2004k|  4 | 385 |1375 |-1.022732e+01 |      --      |    Inf | unknown
  174m|264800 |264801 | 82339k| 310.9 |  1398M | 137 | 602 | 201 | 884 |2005k|  2 | 385 |1375 |-1.022729e+01 |      --      |    Inf | unknown
  175m|264900 |264901 | 82367k| 310.9 |  1398M | 137 | 602 | 201 | 814 |2006k|  3 | 385 |1375 |-1.022723e+01 |      --      |    Inf | unknown
  175m|265000 |265001 | 82394k| 310.9 |  1398M | 137 | 602 | 201 | 928 |2007k|  2 | 385 |1375 |-1.022721e+01 |      --      |    Inf | unknown
  175m|265100 |265101 | 82420k| 310.9 |  1398M | 137 | 602 | 201 | 713 |2007k|  3 | 385 |1375 |-1.022714e+01 |      --      |    Inf | unknown
  175m|265200 |265201 | 82442k| 310.8 |  1398M | 137 | 602 | 201 | 831 |2008k|  2 | 385 |1375 |-1.022709e+01 |      --      |    Inf | unknown
  175m|265300 |265301 | 82481k| 310.9 |  1399M | 137 | 602 | 201 | 640 |2009k|  2 | 385 |1375 |-1.022708e+01 |      --      |    Inf | unknown
 time | node  | left  |LP iter|LP it/n|mem/heur|mdpt |vars |cons |rows |cuts |sepa|confs|strbr|  dualbound   | primalbound  |  gap   | compl. 
  175m|265400 |265401 | 82512k| 310.9 |  1399M | 137 | 602 | 201 | 836 |2010k|  2 | 385 |1375 |-1.022708e+01 |      --      |    Inf | unknown
  175m|265500 |265501 | 82540k| 310.9 |  1399M | 137 | 602 | 201 | 968 |2010k|  2 | 385 |1376 |-1.022707e+01 |      --      |    Inf | unknown
  175m|265600 |265601 | 82565k| 310.8 |  1399M | 137 | 602 | 202 | 753 |2011k|  2 | 386 |1377 |-1.022698e+01 |      --      |    Inf | unknown
  175m|265700 |265701 | 82587k| 310.8 |  1399M | 137 | 602 | 202 | 871 |2012k|  2 | 386 |1377 |-1.022693e+01 |      --      |    Inf | unknown
  175m|265800 |265801 | 82616k| 310.8 |  1401M | 137 | 602 | 202 | 668 |2012k|  2 | 386 |1377 |-1.022688e+01 |      --      |    Inf | unknown
  175m|265900 |265901 | 82648k| 310.8 |  1401M | 137 | 602 | 202 | 876 |2013k|  2 | 386 |1377 |-1.022681e+01 |      --      |    Inf | unknown
  175m|266000 |266001 | 82678k| 310.8 |  1403M | 137 | 602 | 201 | 655 |2014k|  2 | 386 |1377 |-1.022678e+01 |      --      |    Inf | unknown
  175m|266100 |266101 | 82713k| 310.8 |  1403M | 137 | 602 | 201 | 850 |2015k|  2 | 386 |1378 |-1.022677e+01 |      --      |    Inf | unknown
  176m|266200 |266201 | 82744k| 310.8 |  1403M | 137 | 602 | 201 | 953 |2015k|  2 | 386 |1378 |-1.022675e+01 |      --      |    Inf | unknown
  176m|266300 |266301 | 82773k| 310.8 |  1403M | 137 | 602 | 201 | 760 |2016k|  2 | 386 |1380 |-1.022674e+01 |      --      |    Inf | unknown
  176m|266400 |266401 | 82796k| 310.8 |  1403M | 137 | 602 | 201 | 907 |2017k|  4 | 386 |1380 |-1.022671e+01 |      --      |    Inf | unknown
  176m|266500 |266501 | 82826k| 310.8 |  1403M | 137 | 602 | 201 | 723 |2018k|  4 | 386 |1381 |-1.022667e+01 |      --      |    Inf | unknown
  176m|266600 |266601 | 82849k| 310.7 |  1404M | 137 | 602 | 201 | 933 |2018k|  2 | 386 |1382 |-1.022666e+01 |      --      |    Inf | unknown
  176m|266700 |266701 | 82887k| 310.8 |  1405M | 137 | 602 | 201 | 629 |2019k|  3 | 386 |1382 |-1.022664e+01 |      --      |    Inf | unknown
  176m|266800 |266801 | 82919k| 310.8 |  1405M | 137 | 602 | 201 | 827 |2020k|  3 | 386 |1382 |-1.022663e+01 |      --      |    Inf | unknown
 time | node  | left  |LP iter|LP it/n|mem/heur|mdpt |vars |cons |rows |cuts |sepa|confs|strbr|  dualbound   | primalbound  |  gap   | compl. 
  176m|266900 |266901 | 82951k| 310.8 |  1405M | 137 | 602 | 201 | 944 |2021k|  4 | 386 |1382 |-1.022663e+01 |      --      |    Inf | unknown
  176m|267000 |267001 | 82984k| 310.8 |  1405M | 137 | 602 | 201 | 752 |2021k|  2 | 386 |1383 |-1.022659e+01 |      --      |    Inf | unknown
  176m|267100 |267101 | 83007k| 310.7 |  1405M | 137 | 602 | 201 | 901 |2022k|  3 | 386 |1383 |-1.022659e+01 |      --      |    Inf | unknown
  176m|267200 |267201 | 83037k| 310.7 |  1406M | 137 | 602 | 202 | 668 |2023k|  2 | 387 |1385 |-1.022657e+01 |      --      |    Inf | unknown
  176m|267300 |267301 | 83064k| 310.7 |  1407M | 137 | 602 | 202 | 860 |2024k|  2 | 387 |1385 |-1.022656e+01 |      --      |    Inf | unknown
  176m|267400 |267401 | 83098k| 310.7 |  1407M | 137 | 602 | 202 | 693 |2025k|  4 | 387 |1385 |-1.022652e+01 |      --      |    Inf | unknown
  176m|267500 |267501 | 83120k| 310.7 |  1407M | 137 | 602 | 202 | 838 |2025k|  2 | 387 |1385 |-1.022647e+01 |      --      |    Inf | unknown
  176m|267600 |267601 | 83143k| 310.7 |  1407M | 137 | 602 | 202 | 900 |2026k|  2 | 387 |1386 |-1.022646e+01 |      --      |    Inf | unknown
  176m|267700 |267701 | 83169k| 310.6 |  1408M | 137 | 602 | 201 | 772 |2027k|  2 | 387 |1388 |-1.022640e+01 |      --      |    Inf | unknown
  176m|267800 |267801 | 83191k| 310.6 |  1408M | 137 | 602 | 201 | 881 |2027k|  1 | 387 |1388 |-1.022635e+01 |      --      |    Inf | unknown
  177m|267900 |267901 | 83235k| 310.7 |  1409M | 137 | 602 | 201 | 716 |2028k|  4 | 387 |1389 |-1.022634e+01 |      --      |    Inf | unknown
  177m|268000 |268001 | 83261k| 310.6 |  1410M | 137 | 602 | 201 | 883 |2029k|  2 | 387 |1391 |-1.022632e+01 |      --      |    Inf | unknown
  177m|268100 |268101 | 83298k| 310.7 |  1410M | 137 | 602 | 201 | 626 |2030k|  2 | 387 |1392 |-1.022628e+01 |      --      |    Inf | unknown
  177m|268200 |268201 | 83323k| 310.6 |  1410M | 137 | 602 | 201 | 793 |2030k|  2 | 387 |1392 |-1.022627e+01 |      --      |    Inf | unknown
  177m|268300 |268301 | 83345k| 310.6 |  1412M | 137 | 602 | 201 | 869 |2031k|  2 | 387 |1393 |-1.022627e+01 |      --      |    Inf | unknown
 time | node  | left  |LP iter|LP it/n|mem/heur|mdpt |vars |cons |rows |cuts |sepa|confs|strbr|  dualbound   | primalbound  |  gap   | compl. 
  177m|268400 |268401 | 83371k| 310.6 |  1413M | 137 | 602 | 201 | 776 |2032k|  2 | 387 |1393 |-1.022616e+01 |      --      |    Inf | unknown
  177m|268500 |268501 | 83394k| 310.6 |  1413M | 137 | 602 | 201 | 906 |2033k|  2 | 387 |1394 |-1.022616e+01 |      --      |    Inf | unknown
  177m|268600 |268601 | 83419k| 310.5 |  1414M | 137 | 602 | 201 | 654 |2033k|  2 | 387 |1394 |-1.022606e+01 |      --      |    Inf | unknown
  177m|268700 |268701 | 83450k| 310.5 |  1414M | 137 | 602 | 202 | 886 |2034k|  4 | 388 |1394 |-1.022605e+01 |      --      |    Inf | unknown
  177m|268800 |268801 | 83495k| 310.6 |  1414M | 137 | 602 | 202 | 687 |2035k|  3 | 388 |1394 |-1.022605e+01 |      --      |    Inf | unknown
  177m|268900 |268901 | 83522k| 310.6 |  1414M | 137 | 602 | 202 | 816 |2036k|  3 | 388 |1395 |-1.022602e+01 |      --      |    Inf | unknown
  177m|269000 |269001 | 83547k| 310.5 |  1414M | 137 | 602 | 202 | 941 |2036k|  2 | 389 |1395 |-1.022601e+01 |      --      |    Inf | unknown
  177m|269100 |269101 | 83574k| 310.5 |  1415M | 137 | 602 | 202 | 803 |2037k|  1 | 389 |1397 |-1.022599e+01 |      --      |    Inf | unknown
  177m|269200 |269201 | 83597k| 310.5 |  1415M | 137 | 602 | 203 | 894 |2038k|  1 | 390 |1398 |-1.022598e+01 |      --      |    Inf | unknown
  177m|269300 |269301 | 83630k| 310.5 |  1417M | 137 | 602 | 204 | 694 |2039k|  4 | 391 |1398 |-1.022591e+01 |      --      |    Inf | unknown
  178m|269400 |269401 | 83656k| 310.5 |  1417M | 137 | 602 | 204 | 840 |2039k|  1 | 391 |1398 |-1.022588e+01 |      --      |    Inf | unknown
  178m|269500 |269501 | 83688k| 310.5 |  1418M | 137 | 602 | 204 | 628 |2040k|  2 | 392 |1398 |-1.022581e+01 |      --      |    Inf | unknown
  178m|269600 |269601 | 83721k| 310.5 |  1418M | 137 | 602 | 202 | 848 |2041k|  2 | 392 |1399 |-1.022577e+01 |      --      |    Inf | unknown
  178m|269700 |269701 | 83751k| 310.5 |  1418M | 137 | 602 | 202 | 897 |2041k|  3 | 392 |1399 |-1.022573e+01 |      --      |    Inf | unknown
  178m|269800 |269801 | 83778k| 310.5 |  1418M | 137 | 602 | 202 | 776 |2042k|  2 | 392 |1400 |-1.022571e+01 |      --      |    Inf | unknown
 time | node  | left  |LP iter|LP it/n|mem/heur|mdpt |vars |cons |rows |cuts |sepa|confs|strbr|  dualbound   | primalbound  |  gap   | compl. 
  178m|269900 |269901 | 83806k| 310.5 |  1418M | 137 | 602 | 201 | 926 |2043k|  2 | 392 |1400 |-1.022569e+01 |      --      |    Inf | unknown
  178m|270000 |270001 | 83834k| 310.5 |  1421M | 137 | 602 | 202 | 718 |2044k|  3 | 393 |1400 |-1.022565e+01 |      --      |    Inf | unknown
  178m|270100 |270101 | 83858k| 310.4 |  1421M | 137 | 602 | 202 | 826 |2044k|  2 | 393 |1400 |-1.022563e+01 |      --      |    Inf | unknown
  178m|270200 |270201 | 83882k| 310.4 |  1421M | 137 | 602 | 202 | 648 |2045k|  1 | 393 |1401 |-1.022562e+01 |      --      |    Inf | unknown
  178m|270300 |270301 | 83917k| 310.4 |  1422M | 137 | 602 | 202 | 844 |2046k|  2 | 393 |1401 |-1.022561e+01 |      --      |    Inf | unknown
  178m|270400 |270401 | 83958k| 310.5 |  1422M | 137 | 602 | 201 | 951 |2046k|  2 | 393 |1401 |-1.022560e+01 |      --      |    Inf | unknown
  178m|270500 |270501 | 83989k| 310.5 |  1423M | 137 | 602 | 201 | 738 |2047k|  1 | 393 |1401 |-1.022552e+01 |      --      |    Inf | unknown
  178m|270600 |270601 | 84012k| 310.4 |  1424M | 137 | 602 | 201 | 869 |2048k|  5 | 393 |1401 |-1.022550e+01 |      --      |    Inf | unknown
  178m|270700 |270701 | 84042k| 310.4 |  1425M | 137 | 602 | 201 | 733 |2049k|  2 | 393 |1405 |-1.022549e+01 |      --      |    Inf | unknown
  179m|270800 |270801 | 84064k| 310.4 |  1425M | 137 | 602 | 201 | 908 |2050k|  4 | 393 |1405 |-1.022538e+01 |      --      |    Inf | unknown
  179m|270900 |270901 | 84099k| 310.4 |  1425M | 137 | 602 | 201 | 698 |2050k|  2 | 393 |1405 |-1.022536e+01 |      --      |    Inf | unknown
  179m|271000 |271001 | 84121k| 310.4 |  1425M | 137 | 602 | 201 | 823 |2051k|  2 | 393 |1405 |-1.022530e+01 |      --      |    Inf | unknown
  179m|271100 |271101 | 84156k| 310.4 |  1426M | 137 | 602 | 201 | 905 |2052k|  2 | 393 |1405 |-1.022523e+01 |      --      |    Inf | unknown
  179m|271200 |271201 | 84186k| 310.4 |  1426M | 137 | 602 | 201 | 815 |2053k|  4 | 393 |1405 |-1.022521e+01 |      --      |    Inf | unknown
  179m|271300 |271301 | 84206k| 310.3 |  1427M | 137 | 602 | 202 | 861 |2053k|  2 | 394 |1405 |-1.022521e+01 |      --      |    Inf | unknown
 time | node  | left  |LP iter|LP it/n|mem/heur|mdpt |vars |cons |rows |cuts |sepa|confs|strbr|  dualbound   | primalbound  |  gap   | compl. 
  179m|271400 |271401 | 84241k| 310.4 |  1427M | 137 | 602 | 202 | 744 |2054k|  2 | 394 |1405 |-1.022518e+01 |      --      |    Inf | unknown
  179m|271500 |271501 | 84261k| 310.3 |  1427M | 137 | 602 | 202 | 835 |2054k|  2 | 394 |1405 |-1.022514e+01 |      --      |    Inf | unknown
  179m|271600 |271601 | 84288k| 310.3 |  1428M | 137 | 602 | 202 | 611 |2055k|  2 | 394 |1405 |-1.022510e+01 |      --      |    Inf | unknown
  179m|271700 |271701 | 84312k| 310.3 |  1428M | 137 | 602 | 202 | 841 |2056k|  2 | 394 |1405 |-1.022509e+01 |      --      |    Inf | unknown
  179m|271800 |271801 | 84343k| 310.3 |  1428M | 137 | 602 | 201 | 946 |2056k|  2 | 394 |1405 |-1.022501e+01 |      --      |    Inf | unknown
  179m|271900 |271901 | 84368k| 310.3 |  1429M | 137 | 602 | 202 | 734 |2057k|  3 | 395 |1405 |-1.022499e+01 |      --      |    Inf | unknown
  179m|272000 |272001 | 84391k| 310.2 |  1430M | 137 | 602 | 202 | 948 |2058k|  2 | 395 |1407 |-1.022497e+01 |      --      |    Inf | unknown
  179m|272100 |272101 | 84423k| 310.2 |  1430M | 137 | 602 | 202 | 694 |2059k|  2 | 395 |1408 |-1.022495e+01 |      --      |    Inf | unknown
  179m|272200 |272201 | 84452k| 310.2 |  1430M | 137 | 602 | 202 | 851 |2059k|  1 | 395 |1409 |-1.022494e+01 |      --      |    Inf | unknown
  179m|272300 |272301 | 84487k| 310.2 |  1430M | 137 | 602 | 201 | 651 |2060k|  2 | 395 |1410 |-1.022492e+01 |      --      |    Inf | unknown
  180m|272400 |272401 | 84509k| 310.2 |  1430M | 137 | 602 | 201 | 841 |2061k|  3 | 395 |1410 |-1.022490e+01 |      --      |    Inf | unknown
  180m|272500 |272501 | 84531k| 310.2 |  1430M | 137 | 602 | 201 | 917 |2062k|  1 | 395 |1410 |-1.022489e+01 |      --      |    Inf | unknown
  180m|272600 |272601 | 84561k| 310.2 |  1431M | 137 | 602 | 201 | 802 |2062k|  3 | 395 |1410 |-1.022486e+01 |      --      |    Inf | unknown
  180m|272700 |272701 | 84587k| 310.2 |  1432M | 137 | 602 | 201 | 935 |2063k|  2 | 395 |1410 |-1.022485e+01 |      --      |    Inf | unknown
  180m|272800 |272801 | 84616k| 310.1 |  1432M | 137 | 602 | 202 | 723 |2064k|  2 | 396 |1410 |-1.022484e+01 |      --      |    Inf | unknown
 time | node  | left  |LP iter|LP it/n|mem/heur|mdpt |vars |cons |rows |cuts |sepa|confs|strbr|  dualbound   | primalbound  |  gap   | compl. 
  180m|272900 |272901 | 84645k| 310.1 |  1432M | 137 | 602 | 202 | 846 |2065k|  2 | 396 |1413 |-1.022483e+01 |      --      |    Inf | unknown
  180m|273000 |273001 | 84675k| 310.1 |  1432M | 137 | 602 | 202 | 620 |2065k|  3 | 396 |1413 |-1.022483e+01 |      --      |    Inf | unknown

SCIP Status        : solving was interrupted [time limit reached]
Solving Time (sec) : 10800.02
Solving Nodes      : 273060
Primal Bound       : +1.00000000000000e+20 (0 solutions)
Dual Bound         : -1.02248270178350e+01
Gap                : infinite

