Solver command line: ['/cvmfs/soft.computecanada.ca/easybuild/software/2023/x86-64-v4/Compiler/gcc12/scipoptsuite/9.0.0/bin/scip', '/tmp/tmpye_c5ezo.pyomo', '-AMPL']

SCIP version 9.0.0 [precision: 8 byte] [memory: block] [mode: optimized] [LP solver: Soplex 7.0.0] [GitHash: 7205bedd94]
Copyright (c) 2002-2024 Zuse Institute Berlin (ZIB)

External libraries: 
  Readline 8.1         GNU library for command line editing (gnu.org/s/readline)
  Soplex 7.0.0         Linear Programming Solver developed at Zuse Institute Berlin (soplex.zib.de) [GitHash: 6657fb3b]
  CppAD 20180000.0     Algorithmic Differentiation of C++ algorithms developed by B. Bell (github.com/coin-or/CppAD)
  ZLIB 1.2.13          General purpose compression library by J. Gailly and M. Adler (zlib.net)
  GMP 6.2.1            GNU Multiple Precision Arithmetic Library developed by T. Granlund (gmplib.org)
  ZIMPL 3.5.3          Zuse Institute Mathematical Programming Language developed by T. Koch (zimpl.zib.de)
  AMPL/MP 690e9e7      AMPL .nl file reader library (github.com/ampl/mp)
  PaPILO 2.2.0         parallel presolve for integer and linear optimization (github.com/scipopt/papilo) (built with TBB) [GitHash: df30ae49]
  bliss 0.77           Computing Graph Automorphisms by T. Junttila and P. Kaski (users.aalto.fi/~tjunttil/bliss)
  sassy 1.1            Symmetry preprocessor by Markus Anders (github.com/markusa4/sassy)
  Ipopt 3.14.14        Interior Point Optimizer developed by A. Waechter et.al. (github.com/coin-or/Ipopt)

reading user parameter file <scip.set>
===========================

limits/time = 10800

read problem </tmp/tmpye_c5ezo.pyomo.nl>
============

original problem has 3 variables (0 bin, 1 int, 0 impl, 2 cont) and 5 constraints

solve problem
=============

  [nonlinear] <objcons>: (((-1)*<x0>+1.91011))^2+50*((<i1>+(-(<x0>)^2)))^2-<nlobjvar> <= 0;
violation: right hand side is violated by 16.2212465615495
all 1 solutions given by solution candidate storage are infeasible

presolving:
(round 1, fast)       0 del vars, 3 del conss, 0 add conss, 4 chg bounds, 1 chg sides, 0 chg coeffs, 0 upgd conss, 0 impls, 0 clqs
   (0.0s) symmetry computation started: requiring (bin +, int +, cont +), (fixed: bin -, int -, cont -)
   (0.0s) no symmetry present (symcode time: 0.00)
presolving (2 rounds: 2 fast, 1 medium, 1 exhaustive):
 0 deleted vars, 3 deleted constraints, 0 added constraints, 4 tightened bounds, 0 added holes, 1 changed sides, 0 changed coefficients
 0 implications, 0 cliques
presolved problem has 3 variables (0 bin, 1 int, 0 impl, 2 cont) and 2 constraints
      2 constraints of type <nonlinear>
Presolving Time: 0.00

 time | node  | left  |LP iter|LP it/n|mem/heur|mdpt |vars |cons |rows |cuts |sepa|confs|strbr|  dualbound   | primalbound  |  gap   | compl. 
t 0.0s|     1 |     0 |     5 |     - |  trysol|   0 |   8 |   2 |  12 |   0 |  0 |   0 |   0 |-2.777445e+03 | 1.583056e+01 |    Inf | unknown
  0.0s|     1 |     0 |    10 |     - |   676k |   0 |   8 |   2 |  12 |   0 |  0 |   0 |   0 |-2.388830e+03 | 1.583056e+01 |    Inf | unknown
  0.0s|     1 |     0 |    13 |     - |   687k |   0 |   8 |   2 |  14 |   2 |  1 |   0 |   0 |-1.589049e+03 | 1.583056e+01 |    Inf | unknown
  0.0s|     1 |     0 |    13 |     - |   687k |   0 |   8 |   2 |   9 |   2 |  1 |   0 |   0 |-1.589049e+03 | 1.583056e+01 |    Inf | unknown
  0.0s|     1 |     0 |    15 |     - |   687k |   0 |   8 |   2 |  11 |   4 |  2 |   0 |   0 |-8.664328e+02 | 1.583056e+01 |    Inf | unknown
  0.0s|     1 |     0 |    15 |     - |   687k |   0 |   8 |   2 |  11 |   4 |  2 |   0 |   0 |-8.664328e+02 | 1.583056e+01 |    Inf | unknown
  0.0s|     1 |     0 |    17 |     - |   688k |   0 |   8 |   2 |  13 |   6 |  3 |   0 |   0 |-7.249948e+02 | 1.583056e+01 |    Inf | unknown
  0.0s|     1 |     0 |    17 |     - |   697k |   0 |   8 |   2 |  13 |   6 |  3 |   0 |   0 |-7.249948e+02 | 1.583056e+01 |    Inf | unknown
  0.0s|     1 |     0 |    19 |     - |   704k |   0 |   8 |   2 |  15 |   8 |  4 |   0 |   0 |-6.631558e+02 | 1.583056e+01 |    Inf | unknown
  0.0s|     1 |     0 |    19 |     - |   704k |   0 |   8 |   2 |  15 |   8 |  4 |   0 |   0 |-6.631558e+02 | 1.583056e+01 |    Inf | unknown
  0.0s|     1 |     0 |    20 |     - |   704k |   0 |   8 |   2 |  16 |   9 |  5 |   0 |   0 |-6.619701e+02 | 1.583056e+01 |    Inf | unknown
  0.0s|     1 |     0 |    21 |     - |   704k |   0 |   8 |   2 |  17 |  10 |  6 |   0 |   0 |-6.613855e+02 | 1.583056e+01 |    Inf | unknown
  0.0s|     1 |     0 |    22 |     - |   705k |   0 |   8 |   2 |  18 |  11 |  7 |   0 |   0 |-6.611645e+02 | 1.583056e+01 |    Inf | unknown
  0.0s|     1 |     0 |    23 |     - |   713k |   0 |   8 |   2 |  19 |  12 |  8 |   0 |   0 |-6.611471e+02 | 1.583056e+01 |    Inf | unknown
  0.0s|     1 |     0 |    24 |     - |   713k |   0 |   8 |   2 |  20 |  13 |  9 |   0 |   0 |-6.611384e+02 | 1.583056e+01 |    Inf | unknown
 time | node  | left  |LP iter|LP it/n|mem/heur|mdpt |vars |cons |rows |cuts |sepa|confs|strbr|  dualbound   | primalbound  |  gap   | compl. 
  0.0s|     1 |     0 |    25 |     - |   713k |   0 |   8 |   2 |  18 |  14 | 10 |   0 |   0 |-6.611348e+02 | 1.583056e+01 |    Inf | unknown
  0.0s|     1 |     0 |    96 |     - |   713k |   0 |   8 |   2 |  18 |  14 | 12 |   0 |   0 |-6.611348e+02 | 1.583056e+01 |    Inf | unknown
  0.0s|     1 |     0 |    98 |     - |   713k |   0 |   8 |   2 |  19 |  15 | 13 |   0 |   0 |-6.548253e+02 | 1.583056e+01 |    Inf | unknown
  0.0s|     1 |     0 |    99 |     - |   713k |   0 |   8 |   2 |  20 |  16 | 14 |   0 |   0 |-6.522997e+02 | 1.583056e+01 |    Inf | unknown
r 0.0s|     1 |     0 |    99 |     - |shifting|   0 |   8 |   2 |  20 |  16 | 15 |   0 |   0 |-6.522997e+02 | 1.526984e+01 |    Inf | unknown
  0.0s|     1 |     0 |    99 |     - |   713k |   0 |   8 |   2 |  20 |  16 | 15 |   0 |   0 |-6.522997e+02 | 1.526984e+01 |    Inf | unknown
  0.0s|     1 |     2 |    99 |     - |   713k |   0 |   8 |   2 |  20 |  16 | 16 |   0 |   0 |-6.522997e+02 | 1.526984e+01 |    Inf | unknown
  0.1s|   100 |    41 |   331 |   3.0 |   975k |  26 |   8 |   2 |  41 | 168 |  1 |   0 |   0 | 1.526983e+01 | 1.526984e+01 |   0.00%|  99.96%
  0.1s|   200 |    53 |   333 |   1.5 |  1000k |  26 |   8 |   2 |   0 | 168 |  0 |   0 |   0 | 1.526983e+01 | 1.526984e+01 |   0.00%|  99.97%
  0.1s|   300 |    81 |   333 |   1.0 |  1008k |  30 |   8 |   2 |   0 | 168 |  0 |   0 |   0 | 1.526983e+01 | 1.526984e+01 |   0.00%|  99.97%
  0.1s|   400 |    87 |   333 |   0.7 |  1024k |  30 |   8 |   2 |  41 | 168 |  1 |   0 |   0 | 1.526983e+01 | 1.526984e+01 |   0.00%|  99.97%
  0.1s|   500 |    67 |   333 |   0.6 |  1024k |  30 |   8 |   2 |   0 | 168 |  0 |   0 |   0 | 1.526983e+01 | 1.526984e+01 |   0.00%|  99.97%
  0.2s|   600 |    63 |   334 |   0.5 |  1025k |  30 |   8 |   2 |  41 | 168 |  1 |   0 |   0 | 1.526983e+01 | 1.526984e+01 |   0.00%|  99.97%
  0.2s|   700 |    71 |   335 |   0.4 |  1025k |  30 |   8 |   2 |  41 | 168 |  1 |   0 |   0 | 1.526983e+01 | 1.526984e+01 |   0.00%|  99.97%
  0.2s|   800 |   101 |   336 |   0.4 |  1025k |  30 |   8 |   2 |   0 | 168 |  0 |   0 |   0 | 1.526983e+01 | 1.526984e+01 |   0.00%|  99.97%
 time | node  | left  |LP iter|LP it/n|mem/heur|mdpt |vars |cons |rows |cuts |sepa|confs|strbr|  dualbound   | primalbound  |  gap   | compl. 
  0.2s|   900 |   131 |   336 |   0.3 |  1042k |  30 |   8 |   2 |  41 | 168 |  1 |   0 |   0 | 1.526983e+01 | 1.526984e+01 |   0.00%|  99.97%
  0.2s|  1000 |   121 |   336 |   0.3 |  1042k |  30 |   8 |   2 |   0 | 168 |  0 |   0 |   0 | 1.526983e+01 | 1.526984e+01 |   0.00%|  99.97%
  0.2s|  1100 |   107 |   336 |   0.3 |  1042k |  30 |   8 |   2 |  41 | 168 |  1 |   0 |   0 | 1.526983e+01 | 1.526984e+01 |   0.00%|  99.97%
  0.2s|  1200 |    93 |   336 |   0.2 |  1042k |  30 |   8 |   2 |   0 | 168 |  0 |   0 |   0 | 1.526983e+01 | 1.526984e+01 |   0.00%|  99.97%
  0.2s|  1300 |    75 |   336 |   0.2 |  1042k |  30 |   8 |   2 |   0 | 168 |  0 |   0 |   0 | 1.526983e+01 | 1.526984e+01 |   0.00%|  99.97%
  0.2s|  1400 |    63 |   336 |   0.2 |  1042k |  30 |   8 |   2 |   0 | 168 |  0 |   0 |   0 | 1.526983e+01 | 1.526984e+01 |   0.00%|  99.97%
  0.2s|  1500 |    65 |   336 |   0.2 |  1042k |  30 |   8 |   2 |   0 | 168 |  0 |   0 |   0 | 1.526983e+01 | 1.526984e+01 |   0.00%|  99.97%
  0.2s|  1600 |   127 |   339 |   0.2 |  1042k |  33 |   8 |   2 |  41 | 168 |  1 |   0 |   0 | 1.526983e+01 | 1.526984e+01 |   0.00%|  99.97%
  0.2s|  1700 |   167 |   339 |   0.2 |  1075k |  33 |   8 |   2 |  41 | 168 |  1 |   0 |   0 | 1.526983e+01 | 1.526984e+01 |   0.00%|  99.97%
  0.3s|  1800 |   163 |   339 |   0.2 |  1075k |  33 |   8 |   2 |   0 | 168 |  0 |   0 |   0 | 1.526983e+01 | 1.526984e+01 |   0.00%|  99.97%
  0.3s|  1900 |   149 |   339 |   0.2 |  1075k |  33 |   8 |   2 |   0 | 168 |  0 |   0 |   0 | 1.526983e+01 | 1.526984e+01 |   0.00%|  99.97%
  0.3s|  2000 |   127 |   339 |   0.2 |  1075k |  33 |   8 |   2 |   0 | 168 |  0 |   0 |   0 | 1.526983e+01 | 1.526984e+01 |   0.00%|  99.97%
  0.3s|  2100 |   127 |   340 |   0.1 |  1075k |  33 |   8 |   2 |  41 | 168 |  1 |   0 |   0 | 1.526983e+01 | 1.526984e+01 |   0.00%|  99.97%
  0.3s|  2200 |   159 |   340 |   0.1 |  1075k |  33 |   8 |   2 |  41 | 168 |  1 |   0 |   0 | 1.526983e+01 | 1.526984e+01 |   0.00%|  99.97%
  0.3s|  2300 |   167 |   340 |   0.1 |  1107k |  33 |   8 |   2 |  41 | 168 |  1 |   0 |   0 | 1.526983e+01 | 1.526984e+01 |   0.00%|  99.97%
 time | node  | left  |LP iter|LP it/n|mem/heur|mdpt |vars |cons |rows |cuts |sepa|confs|strbr|  dualbound   | primalbound  |  gap   | compl. 
  0.3s|  2400 |   153 |   340 |   0.1 |  1107k |  33 |   8 |   2 |   0 | 168 |  0 |   0 |   0 | 1.526983e+01 | 1.526984e+01 |   0.00%|  99.97%
  0.3s|  2500 |   141 |   340 |   0.1 |  1107k |  33 |   8 |   2 |   0 | 168 |  0 |   0 |   0 | 1.526983e+01 | 1.526984e+01 |   0.00%|  99.97%
  0.3s|  2600 |   155 |   340 |   0.1 |  1107k |  35 |   8 |   2 |   0 | 168 |  0 |   0 |   0 | 1.526983e+01 | 1.526984e+01 |   0.00%|  99.97%
  0.3s|  2700 |   163 |   340 |   0.1 |  1107k |  35 |   8 |   2 |  41 | 168 |  1 |   0 |   0 | 1.526983e+01 | 1.526984e+01 |   0.00%|  99.97%
  0.3s|  2800 |   143 |   340 |   0.1 |  1107k |  35 |   8 |   2 |  41 | 168 |  1 |   0 |   0 | 1.526983e+01 | 1.526984e+01 |   0.00%|  99.97%
  0.3s|  2900 |   155 |   340 |   0.1 |  1107k |  35 |   8 |   2 |   0 | 168 |  0 |   0 |   0 | 1.526983e+01 | 1.526984e+01 |   0.00%|  99.97%
  0.3s|  3000 |   159 |   340 |   0.1 |  1107k |  35 |   8 |   2 |  41 | 168 |  1 |   0 |   0 | 1.526983e+01 | 1.526984e+01 |   0.00%|  99.97%
  0.3s|  3100 |   159 |   340 |   0.1 |  1107k |  35 |   8 |   2 |   0 | 168 |  0 |   0 |   0 | 1.526983e+01 | 1.526984e+01 |   0.00%|  99.97%
  0.3s|  3200 |   155 |   340 |   0.1 |  1107k |  35 |   8 |   2 |  41 | 168 |  1 |   0 |   0 | 1.526983e+01 | 1.526984e+01 |   0.00%|  99.97%
  0.4s|  3300 |   127 |   340 |   0.1 |  1107k |  35 |   8 |   2 |   0 | 168 |  0 |   0 |   0 | 1.526983e+01 | 1.526984e+01 |   0.00%|  99.97%
  0.4s|  3400 |   115 |   340 |   0.1 |  1107k |  35 |   8 |   2 |   0 | 168 |  0 |   0 |   0 | 1.526983e+01 | 1.526984e+01 |   0.00%|  99.97%
  0.4s|  3500 |   103 |   340 |   0.1 |  1107k |  35 |   8 |   2 |   0 | 168 |  0 |   0 |   0 | 1.526983e+01 | 1.526984e+01 |   0.00%|  99.97%
  0.4s|  3600 |   115 |   341 |   0.1 |  1107k |  36 |   8 |   2 |  41 | 168 |  1 |   0 |   0 | 1.526983e+01 | 1.526984e+01 |   0.00%|  99.97%
  0.4s|  3700 |   171 |   342 |   0.1 |  1107k |  36 |   8 |   2 |  41 | 168 |  1 |   0 |   0 | 1.526983e+01 | 1.526984e+01 |   0.00%|  99.97%
  0.4s|  3800 |   203 |   342 |   0.1 |  1139k |  36 |   8 |   2 |   0 | 168 |  0 |   0 |   0 | 1.526983e+01 | 1.526984e+01 |   0.00%|  99.97%
 time | node  | left  |LP iter|LP it/n|mem/heur|mdpt |vars |cons |rows |cuts |sepa|confs|strbr|  dualbound   | primalbound  |  gap   | compl. 
  0.4s|  3900 |   199 |   344 |   0.1 |  1139k |  36 |   8 |   2 |   0 | 168 |  0 |   0 |   0 | 1.526983e+01 | 1.526984e+01 |   0.00%|  99.97%
  0.4s|  4000 |   203 |   344 |   0.1 |  1139k |  36 |   8 |   2 |  41 | 168 |  1 |   0 |   0 | 1.526983e+01 | 1.526984e+01 |   0.00%|  99.97%
  0.4s|  4100 |   189 |   344 |   0.1 |  1139k |  36 |   8 |   2 |   0 | 168 |  0 |   0 |   0 | 1.526983e+01 | 1.526984e+01 |   0.00%|  99.97%
  0.4s|  4200 |   175 |   345 |   0.1 |  1139k |  36 |   8 |   2 |  41 | 168 |  1 |   0 |   0 | 1.526983e+01 | 1.526984e+01 |   0.00%|  99.97%
  0.4s|  4300 |   153 |   345 |   0.1 |  1139k |  36 |   8 |   2 |   0 | 168 |  0 |   0 |   0 | 1.526983e+01 | 1.526984e+01 |   0.00%|  99.97%
  0.4s|  4400 |   123 |   345 |   0.1 |  1139k |  36 |   8 |   2 |  41 | 168 |  1 |   0 |   0 | 1.526983e+01 | 1.526984e+01 |   0.00%|  99.97%
  0.4s|  4500 |   155 |   345 |   0.1 |  1139k |  36 |   8 |   2 |   0 | 168 |  0 |   0 |   0 | 1.526983e+01 | 1.526984e+01 |   0.00%|  99.97%
  0.4s|  4600 |   179 |   345 |   0.1 |  1139k |  36 |   8 |   2 |   0 | 168 |  0 |   0 |   0 | 1.526983e+01 | 1.526984e+01 |   0.00%|  99.97%
  0.4s|  4700 |   167 |   345 |   0.1 |  1139k |  36 |   8 |   2 |   0 | 168 |  0 |   0 |   0 | 1.526983e+01 | 1.526984e+01 |   0.00%|  99.97%
  0.5s|  4800 |   151 |   345 |   0.1 |  1139k |  36 |   8 |   2 |   0 | 168 |  0 |   0 |   0 | 1.526983e+01 | 1.526984e+01 |   0.00%|  99.97%
  0.5s|  4900 |   141 |   345 |   0.1 |  1139k |  36 |   8 |   2 |   0 | 168 |  0 |   0 |   0 | 1.526983e+01 | 1.526984e+01 |   0.00%|  99.97%
  0.5s|  5000 |   171 |   345 |   0.1 |  1139k |  36 |   8 |   2 |  41 | 168 |  1 |   0 |   0 | 1.526983e+01 | 1.526984e+01 |   0.00%|  99.97%
  0.5s|  5100 |   165 |   345 |   0.1 |  1139k |  36 |   8 |   2 |   0 | 168 |  0 |   0 |   0 | 1.526983e+01 | 1.526984e+01 |   0.00%|  99.97%
  0.5s|  5200 |   147 |   345 |   0.1 |  1139k |  36 |   8 |   2 |   0 | 168 |  0 |   0 |   0 | 1.526983e+01 | 1.526984e+01 |   0.00%|  99.97%
  0.5s|  5300 |   167 |   346 |   0.1 |  1139k |  36 |   8 |   2 |  41 | 168 |  1 |   0 |   0 | 1.526983e+01 | 1.526984e+01 |   0.00%|  99.97%
 time | node  | left  |LP iter|LP it/n|mem/heur|mdpt |vars |cons |rows |cuts |sepa|confs|strbr|  dualbound   | primalbound  |  gap   | compl. 
  0.5s|  5400 |   147 |   346 |   0.1 |  1139k |  36 |   8 |   2 |   0 | 168 |  0 |   0 |   0 | 1.526983e+01 | 1.526984e+01 |   0.00%|  99.97%
  0.5s|  5500 |   145 |   346 |   0.1 |  1139k |  36 |   8 |   2 |   0 | 168 |  0 |   0 |   0 | 1.526983e+01 | 1.526984e+01 |   0.00%|  99.97%
  0.5s|  5600 |   131 |   346 |   0.1 |  1139k |  36 |   8 |   2 |  41 | 168 |  1 |   0 |   0 | 1.526983e+01 | 1.526984e+01 |   0.00%|  99.97%
  0.5s|  5700 |   119 |   346 |   0.1 |  1139k |  36 |   8 |   2 |  41 | 168 |  1 |   0 |   0 | 1.526983e+01 | 1.526984e+01 |   0.00%|  99.97%
  0.5s|  5800 |   155 |   346 |   0.1 |  1139k |  36 |   8 |   2 |   0 | 168 |  0 |   0 |   0 | 1.526983e+01 | 1.526984e+01 |   0.00%|  99.97%
  0.5s|  5900 |   143 |   346 |   0.1 |  1139k |  36 |   8 |   2 |   0 | 168 |  0 |   0 |   0 | 1.526983e+01 | 1.526984e+01 |   0.00%|  99.97%
  0.5s|  6000 |   139 |   346 |   0.1 |  1139k |  36 |   8 |   2 |   0 | 168 |  0 |   0 |   0 | 1.526983e+01 | 1.526984e+01 |   0.00%|  99.97%
  0.5s|  6100 |   123 |   346 |   0.1 |  1139k |  36 |   8 |   2 |   0 | 168 |  0 |   0 |   0 | 1.526983e+01 | 1.526984e+01 |   0.00%|  99.97%
  0.5s|  6200 |   137 |   346 |   0.0 |  1139k |  36 |   8 |   2 |   0 | 168 |  0 |   0 |   0 | 1.526983e+01 | 1.526984e+01 |   0.00%|  99.97%
  0.5s|  6300 |   151 |   346 |   0.0 |  1139k |  36 |   8 |   2 |  41 | 168 |  1 |   0 |   0 | 1.526983e+01 | 1.526984e+01 |   0.00%|  99.97%
  0.5s|  6400 |   127 |   346 |   0.0 |  1139k |  36 |   8 |   2 |   0 | 168 |  0 |   0 |   0 | 1.526983e+01 | 1.526984e+01 |   0.00%|  99.97%
  0.5s|  6500 |   131 |   346 |   0.0 |  1139k |  36 |   8 |   2 |  41 | 168 |  1 |   0 |   0 | 1.526983e+01 | 1.526984e+01 |   0.00%|  99.97%
  0.5s|  6600 |   145 |   347 |   0.0 |  1139k |  36 |   8 |   2 |   0 | 168 |  0 |   0 |   0 | 1.526983e+01 | 1.526984e+01 |   0.00%|  99.97%
  0.6s|  6700 |   147 |   348 |   0.0 |  1139k |  36 |   8 |   2 |  41 | 168 |  1 |   0 |   0 | 1.526983e+01 | 1.526984e+01 |   0.00%|  99.97%
  0.6s|  6800 |   191 |   348 |   0.0 |  1139k |  36 |   8 |   2 |  41 | 168 |  1 |   0 |   0 | 1.526983e+01 | 1.526984e+01 |   0.00%|  99.97%
 time | node  | left  |LP iter|LP it/n|mem/heur|mdpt |vars |cons |rows |cuts |sepa|confs|strbr|  dualbound   | primalbound  |  gap   | compl. 
  0.6s|  6900 |   195 |   348 |   0.0 |  1139k |  36 |   8 |   2 |   0 | 168 |  0 |   0 |   0 | 1.526983e+01 | 1.526984e+01 |   0.00%|  99.97%
  0.6s|  7000 |   175 |   348 |   0.0 |  1139k |  36 |   8 |   2 |  41 | 168 |  1 |   0 |   0 | 1.526983e+01 | 1.526984e+01 |   0.00%|  99.97%
  0.6s|  7100 |   145 |   348 |   0.0 |  1139k |  36 |   8 |   2 |   0 | 168 |  0 |   0 |   0 | 1.526983e+01 | 1.526984e+01 |   0.00%|  99.97%
  0.6s|  7200 |   203 |   348 |   0.0 |  1139k |  36 |   8 |   2 |  41 | 168 |  1 |   0 |   0 | 1.526983e+01 | 1.526984e+01 |   0.00%|  99.97%
  0.6s|  7300 |   227 |   348 |   0.0 |  1139k |  36 |   8 |   2 |  41 | 168 |  1 |   0 |   0 | 1.526983e+01 | 1.526984e+01 |   0.00%|  99.97%
  0.6s|  7400 |   249 |   348 |   0.0 |  1139k |  36 |   8 |   2 |  41 | 168 |  1 |   0 |   0 | 1.526983e+01 | 1.526984e+01 |   0.00%|  99.97%
  0.6s|  7500 |   247 |   348 |   0.0 |  1139k |  36 |   8 |   2 |   0 | 168 |  0 |   0 |   0 | 1.526983e+01 | 1.526984e+01 |   0.00%|  99.97%
  0.6s|  7600 |   253 |   348 |   0.0 |  1139k |  36 |   8 |   2 |   0 | 168 |  0 |   0 |   0 | 1.526983e+01 | 1.526984e+01 |   0.00%|  99.97%
  0.6s|  7700 |   229 |   348 |   0.0 |  1139k |  36 |   8 |   2 |   0 | 168 |  0 |   0 |   0 | 1.526983e+01 | 1.526984e+01 |   0.00%|  99.98%
  0.6s|  7800 |   201 |   348 |   0.0 |  1139k |  36 |   8 |   2 |   0 | 168 |  0 |   0 |   0 | 1.526983e+01 | 1.526984e+01 |   0.00%|  99.98%
  0.6s|  7900 |   209 |   348 |   0.0 |  1139k |  36 |   8 |   2 |  41 | 168 |  1 |   0 |   0 | 1.526983e+01 | 1.526984e+01 |   0.00%|  99.98%
  0.6s|  8000 |   213 |   348 |   0.0 |  1139k |  36 |   8 |   2 |  41 | 168 |  1 |   0 |   0 | 1.526983e+01 | 1.526984e+01 |   0.00%|  99.98%
  0.6s|  8100 |   237 |   348 |   0.0 |  1139k |  36 |   8 |   2 |  41 | 168 |  1 |   0 |   0 | 1.526983e+01 | 1.526984e+01 |   0.00%|  99.98%
  0.7s|  8200 |   251 |   348 |   0.0 |  1139k |  36 |   8 |   2 |   0 | 168 |  0 |   0 |   0 | 1.526983e+01 | 1.526984e+01 |   0.00%|  99.98%
  0.7s|  8300 |   233 |   348 |   0.0 |  1139k |  36 |   8 |   2 |  41 | 168 |  1 |   0 |   0 | 1.526983e+01 | 1.526984e+01 |   0.00%|  99.98%
 time | node  | left  |LP iter|LP it/n|mem/heur|mdpt |vars |cons |rows |cuts |sepa|confs|strbr|  dualbound   | primalbound  |  gap   | compl. 
  0.7s|  8400 |   229 |   348 |   0.0 |  1139k |  36 |   8 |   2 |  41 | 168 |  1 |   0 |   0 | 1.526983e+01 | 1.526984e+01 |   0.00%|  99.98%
  0.7s|  8500 |   249 |   348 |   0.0 |  1139k |  36 |   8 |   2 |   0 | 168 |  0 |   0 |   0 | 1.526983e+01 | 1.526984e+01 |   0.00%|  99.98%
  0.7s|  8600 |   241 |   348 |   0.0 |  1139k |  36 |   8 |   2 |   0 | 168 |  0 |   0 |   0 | 1.526983e+01 | 1.526984e+01 |   0.00%|  99.98%
  0.7s|  8700 |   221 |   348 |   0.0 |  1139k |  36 |   8 |   2 |   0 | 168 |  0 |   0 |   0 | 1.526983e+01 | 1.526984e+01 |   0.00%|  99.98%
  0.7s|  8800 |   231 |   348 |   0.0 |  1139k |  36 |   8 |   2 |  41 | 168 |  1 |   0 |   0 | 1.526983e+01 | 1.526984e+01 |   0.00%|  99.98%
  0.7s|  8900 |   231 |   348 |   0.0 |  1139k |  36 |   8 |   2 |  41 | 168 |  1 |   0 |   0 | 1.526983e+01 | 1.526984e+01 |   0.00%|  99.98%
  0.7s|  9000 |   211 |   348 |   0.0 |  1139k |  36 |   8 |   2 |   0 | 168 |  0 |   0 |   0 | 1.526983e+01 | 1.526984e+01 |   0.00%|  99.98%
  0.7s|  9100 |   219 |   348 |   0.0 |  1139k |  36 |   8 |   2 |   0 | 168 |  0 |   0 |   0 | 1.526983e+01 | 1.526984e+01 |   0.00%|  99.98%
  0.7s|  9200 |   237 |   348 |   0.0 |  1139k |  36 |   8 |   2 |   0 | 168 |  0 |   0 |   0 | 1.526983e+01 | 1.526984e+01 |   0.00%|  99.98%
  0.7s|  9300 |   225 |   348 |   0.0 |  1139k |  36 |   8 |   2 |   0 | 168 |  0 |   0 |   0 | 1.526983e+01 | 1.526984e+01 |   0.00%|  99.98%
  0.7s|  9400 |   215 |   348 |   0.0 |  1139k |  36 |   8 |   2 |  41 | 168 |  1 |   0 |   0 | 1.526983e+01 | 1.526984e+01 |   0.00%|  99.98%
  0.7s|  9500 |   207 |   348 |   0.0 |  1139k |  36 |   8 |   2 |   0 | 168 |  0 |   0 |   0 | 1.526983e+01 | 1.526984e+01 |   0.00%|  99.98%
  0.7s|  9600 |   187 |   348 |   0.0 |  1139k |  36 |   8 |   2 |   0 | 168 |  0 |   0 |   0 | 1.526983e+01 | 1.526984e+01 |   0.00%|  99.98%
  0.7s|  9700 |   167 |   348 |   0.0 |  1139k |  36 |   8 |   2 |   0 | 168 |  0 |   0 |   0 | 1.526983e+01 | 1.526984e+01 |   0.00%|  99.98%
  0.7s|  9800 |   147 |   348 |   0.0 |  1139k |  43 |   8 |   2 |   0 | 168 |  0 |   0 |   0 | 1.526983e+01 | 1.526984e+01 |   0.00%|  99.98%
 time | node  | left  |LP iter|LP it/n|mem/heur|mdpt |vars |cons |rows |cuts |sepa|confs|strbr|  dualbound   | primalbound  |  gap   | compl. 
  0.7s|  9900 |   181 |   349 |   0.0 |  1147k |  43 |   8 |   2 |  41 | 168 |  1 |   0 |   0 | 1.526983e+01 | 1.526984e+01 |   0.00%|  99.98%
  0.7s| 10000 |   205 |   349 |   0.0 |  1147k |  43 |   8 |   2 |  41 | 168 |  1 |   0 |   0 | 1.526983e+01 | 1.526984e+01 |   0.00%|  99.98%
  0.8s| 10100 |   239 |   351 |   0.0 |  1147k |  43 |   8 |   2 |   0 | 168 |  0 |   0 |   0 | 1.526983e+01 | 1.526984e+01 |   0.00%|  99.98%
  0.8s| 10200 |   249 |   352 |   0.0 |  1147k |  43 |   8 |   2 |  41 | 168 |  1 |   0 |   0 | 1.526983e+01 | 1.526984e+01 |   0.00%|  99.98%
  0.8s| 10300 |   247 |   352 |   0.0 |  1147k |  43 |   8 |   2 |   0 | 168 |  0 |   0 |   0 | 1.526983e+01 | 1.526984e+01 |   0.00%|  99.98%
  0.8s| 10400 |   275 |   352 |   0.0 |  1147k |  43 |   8 |   2 |   0 | 168 |  0 |   0 |   0 | 1.526983e+01 | 1.526984e+01 |   0.00%|  99.98%
  0.8s| 10500 |   253 |   352 |   0.0 |  1147k |  43 |   8 |   2 |   0 | 168 |  0 |   0 |   0 | 1.526983e+01 | 1.526984e+01 |   0.00%|  99.98%
  0.8s| 10600 |   293 |   352 |   0.0 |  1163k |  43 |   8 |   2 |  41 | 168 |  1 |   0 |   0 | 1.526983e+01 | 1.526984e+01 |   0.00%|  99.98%
  0.8s| 10700 |   279 |   352 |   0.0 |  1163k |  43 |   8 |   2 |   0 | 168 |  0 |   0 |   0 | 1.526983e+01 | 1.526984e+01 |   0.00%|  99.98%
  0.8s| 10800 |   253 |   352 |   0.0 |  1163k |  43 |   8 |   2 |  41 | 168 |  1 |   0 |   0 | 1.526983e+01 | 1.526984e+01 |   0.00%|  99.98%
  0.8s| 10900 |   237 |   352 |   0.0 |  1163k |  43 |   8 |   2 |   0 | 168 |  0 |   0 |   0 | 1.526983e+01 | 1.526984e+01 |   0.00%|  99.98%
  0.8s| 11000 |   209 |   352 |   0.0 |  1163k |  43 |   8 |   2 |   0 | 168 |  0 |   0 |   0 | 1.526983e+01 | 1.526984e+01 |   0.00%|  99.98%
  0.8s| 11100 |   211 |   352 |   0.0 |  1163k |  43 |   8 |   2 |   0 | 168 |  0 |   0 |   0 | 1.526983e+01 | 1.526984e+01 |   0.00%|  99.98%
  0.8s| 11200 |   193 |   352 |   0.0 |  1163k |  43 |   8 |   2 |  41 | 168 |  1 |   0 |   0 | 1.526983e+01 | 1.526984e+01 |   0.00%|  99.98%
  0.8s| 11300 |   227 |   352 |   0.0 |  1163k |  43 |   8 |   2 |   0 | 168 |  0 |   0 |   0 | 1.526983e+01 | 1.526984e+01 |   0.00%|  99.98%
 time | node  | left  |LP iter|LP it/n|mem/heur|mdpt |vars |cons |rows |cuts |sepa|confs|strbr|  dualbound   | primalbound  |  gap   | compl. 
  0.8s| 11400 |   211 |   352 |   0.0 |  1163k |  43 |   8 |   2 |   0 | 168 |  0 |   0 |   0 | 1.526983e+01 | 1.526984e+01 |   0.00%|  99.98%
  0.8s| 11500 |   201 |   352 |   0.0 |  1163k |  43 |   8 |   2 |  41 | 168 |  1 |   0 |   0 | 1.526983e+01 | 1.526984e+01 |   0.00%|  99.98%
  0.8s| 11600 |   257 |   352 |   0.0 |  1163k |  43 |   8 |   2 |  41 | 168 |  1 |   0 |   0 | 1.526983e+01 | 1.526984e+01 |   0.00%|  99.98%
  0.8s| 11700 |   257 |   352 |   0.0 |  1163k |  43 |   8 |   2 |   0 | 168 |  0 |   0 |   0 | 1.526983e+01 | 1.526984e+01 |   0.00%|  99.98%
  0.8s| 11800 |   241 |   352 |   0.0 |  1163k |  43 |   8 |   2 |   0 | 168 |  0 |   0 |   0 | 1.526983e+01 | 1.526984e+01 |   0.00%|  99.98%
  0.9s| 11900 |   237 |   352 |   0.0 |  1163k |  43 |   8 |   2 |  41 | 168 |  1 |   0 |   0 | 1.526983e+01 | 1.526984e+01 |   0.00%|  99.98%
  0.9s| 12000 |   247 |   352 |   0.0 |  1163k |  43 |   8 |   2 |   0 | 168 |  0 |   0 |   0 | 1.526983e+01 | 1.526984e+01 |   0.00%|  99.98%
  0.9s| 12100 |   237 |   352 |   0.0 |  1163k |  43 |   8 |   2 |  41 | 168 |  1 |   0 |   0 | 1.526983e+01 | 1.526984e+01 |   0.00%|  99.98%
  0.9s| 12200 |   237 |   352 |   0.0 |  1163k |  43 |   8 |   2 |  41 | 168 |  1 |   0 |   0 | 1.526983e+01 | 1.526984e+01 |   0.00%|  99.98%
  0.9s| 12300 |   241 |   352 |   0.0 |  1163k |  43 |   8 |   2 |  41 | 168 |  1 |   0 |   0 | 1.526983e+01 | 1.526984e+01 |   0.00%|  99.98%
  0.9s| 12400 |   227 |   352 |   0.0 |  1163k |  43 |   8 |   2 |   0 | 168 |  0 |   0 |   0 | 1.526983e+01 | 1.526984e+01 |   0.00%|  99.98%
  0.9s| 12500 |   213 |   352 |   0.0 |  1163k |  43 |   8 |   2 |   0 | 168 |  0 |   0 |   0 | 1.526983e+01 | 1.526984e+01 |   0.00%|  99.98%
  0.9s| 12600 |   225 |   352 |   0.0 |  1163k |  43 |   8 |   2 |  41 | 168 |  1 |   0 |   0 | 1.526983e+01 | 1.526984e+01 |   0.00%|  99.98%
  0.9s| 12700 |   217 |   352 |   0.0 |  1163k |  43 |   8 |   2 |  41 | 168 |  1 |   0 |   0 | 1.526983e+01 | 1.526984e+01 |   0.00%|  99.98%
  0.9s| 12800 |   213 |   352 |   0.0 |  1163k |  43 |   8 |   2 |  41 | 168 |  1 |   0 |   0 | 1.526983e+01 | 1.526984e+01 |   0.00%|  99.98%
 time | node  | left  |LP iter|LP it/n|mem/heur|mdpt |vars |cons |rows |cuts |sepa|confs|strbr|  dualbound   | primalbound  |  gap   | compl. 
  0.9s| 12900 |   197 |   352 |   0.0 |  1163k |  43 |   8 |   2 |  41 | 168 |  1 |   0 |   0 | 1.526983e+01 | 1.526984e+01 |   0.00%|  99.98%
  0.9s| 13000 |   205 |   353 |   0.0 |  1163k |  43 |   8 |   2 |  41 | 168 |  1 |   0 |   0 | 1.526983e+01 | 1.526984e+01 |   0.00%|  99.98%
  0.9s| 13100 |   239 |   354 |   0.0 |  1163k |  43 |   8 |   2 |   0 | 168 |  0 |   0 |   0 | 1.526983e+01 | 1.526984e+01 |   0.00%|  99.98%
  0.9s| 13200 |   289 |   354 |   0.0 |  1163k |  43 |   8 |   2 |  41 | 168 |  1 |   0 |   0 | 1.526983e+01 | 1.526984e+01 |   0.00%|  99.98%
  0.9s| 13300 |   305 |   354 |   0.0 |  1167k |  43 |   8 |   2 |   0 | 168 |  0 |   0 |   0 | 1.526983e+01 | 1.526984e+01 |   0.00%|  99.98%
  0.9s| 13400 |   309 |   355 |   0.0 |  1232k |  43 |   8 |   2 |  41 | 168 |  1 |   0 |   0 | 1.526983e+01 | 1.526984e+01 |   0.00%|  99.98%
  1.0s| 13500 |   293 |   355 |   0.0 |  1232k |  43 |   8 |   2 |  41 | 168 |  1 |   0 |   0 | 1.526983e+01 | 1.526984e+01 |   0.00%|  99.98%
  1.0s| 13600 |   279 |   356 |   0.0 |  1232k |  43 |   8 |   2 |   0 | 168 |  0 |   0 |   0 | 1.526983e+01 | 1.526984e+01 |   0.00%|  99.98%
  1.0s| 13700 |   259 |   356 |   0.0 |  1232k |  43 |   8 |   2 |   0 | 168 |  0 |   0 |   0 | 1.526983e+01 | 1.526984e+01 |   0.00%|  99.98%
  1.0s| 13800 |   237 |   356 |   0.0 |  1232k |  43 |   8 |   2 |  41 | 168 |  1 |   0 |   0 | 1.526983e+01 | 1.526984e+01 |   0.00%|  99.98%
  1.0s| 13900 |   207 |   356 |   0.0 |  1232k |  43 |   8 |   2 |   0 | 168 |  0 |   0 |   0 | 1.526983e+01 | 1.526984e+01 |   0.00%|  99.98%
  1.0s| 14000 |   235 |   356 |   0.0 |  1232k |  43 |   8 |   2 |   0 | 168 |  0 |   0 |   0 | 1.526983e+01 | 1.526984e+01 |   0.00%|  99.98%
  1.0s| 14100 |   241 |   356 |   0.0 |  1232k |  43 |   8 |   2 |  41 | 168 |  1 |   0 |   0 | 1.526983e+01 | 1.526984e+01 |   0.00%|  99.98%
  1.0s| 14200 |   249 |   356 |   0.0 |  1232k |  43 |   8 |   2 |  41 | 168 |  1 |   0 |   0 | 1.526983e+01 | 1.526984e+01 |   0.00%|  99.98%
  1.0s| 14300 |   249 |   356 |   0.0 |  1232k |  43 |   8 |   2 |   0 | 168 |  0 |   0 |   0 | 1.526983e+01 | 1.526984e+01 |   0.00%|  99.98%
 time | node  | left  |LP iter|LP it/n|mem/heur|mdpt |vars |cons |rows |cuts |sepa|confs|strbr|  dualbound   | primalbound  |  gap   | compl. 
  1.0s| 14400 |   265 |   356 |   0.0 |  1232k |  43 |   8 |   2 |  41 | 168 |  1 |   0 |   0 | 1.526983e+01 | 1.526984e+01 |   0.00%|  99.98%
  1.0s| 14500 |   287 |   356 |   0.0 |  1232k |  43 |   8 |   2 |   0 | 168 |  0 |   0 |   0 | 1.526983e+01 | 1.526984e+01 |   0.00%|  99.98%
  1.0s| 14600 |   281 |   356 |   0.0 |  1232k |  43 |   8 |   2 |  41 | 168 |  1 |   0 |   0 | 1.526983e+01 | 1.526984e+01 |   0.00%|  99.98%
  1.0s| 14700 |   265 |   356 |   0.0 |  1232k |  43 |   8 |   2 |   0 | 168 |  0 |   0 |   0 | 1.526983e+01 | 1.526984e+01 |   0.00%|  99.98%
  1.0s| 14800 |   265 |   356 |   0.0 |  1232k |  43 |   8 |   2 |  41 | 168 |  1 |   0 |   0 | 1.526983e+01 | 1.526984e+01 |   0.00%|  99.98%
  1.0s| 14900 |   265 |   356 |   0.0 |  1232k |  43 |   8 |   2 |   0 | 168 |  0 |   0 |   0 | 1.526983e+01 | 1.526984e+01 |   0.00%|  99.98%
  1.0s| 15000 |   247 |   356 |   0.0 |  1232k |  43 |   8 |   2 |   0 | 168 |  0 |   0 |   0 | 1.526983e+01 | 1.526984e+01 |   0.00%|  99.98%
  1.0s| 15100 |   257 |   356 |   0.0 |  1232k |  43 |   8 |   2 |  41 | 168 |  1 |   0 |   0 | 1.526983e+01 | 1.526984e+01 |   0.00%|  99.98%
  1.0s| 15200 |   241 |   356 |   0.0 |  1232k |  43 |   8 |   2 |  41 | 168 |  1 |   0 |   0 | 1.526983e+01 | 1.526984e+01 |   0.00%|  99.98%
  1.0s| 15300 |   225 |   356 |   0.0 |  1232k |  43 |   8 |   2 |  41 | 168 |  1 |   0 |   0 | 1.526983e+01 | 1.526984e+01 |   0.00%|  99.98%
  1.1s| 15400 |   217 |   356 |   0.0 |  1232k |  43 |   8 |   2 |  41 | 168 |  1 |   0 |   0 | 1.526983e+01 | 1.526984e+01 |   0.00%|  99.98%
  1.1s| 15500 |   229 |   356 |   0.0 |  1232k |  43 |   8 |   2 |  41 | 168 |  1 |   0 |   0 | 1.526983e+01 | 1.526984e+01 |   0.00%|  99.98%
  1.1s| 15600 |   233 |   356 |   0.0 |  1232k |  43 |   8 |   2 |   0 | 168 |  0 |   0 |   0 | 1.526983e+01 | 1.526984e+01 |   0.00%|  99.98%
  1.1s| 15700 |   209 |   356 |   0.0 |  1232k |  43 |   8 |   2 |   0 | 168 |  0 |   0 |   0 | 1.526983e+01 | 1.526984e+01 |   0.00%|  99.98%
  1.1s| 15800 |   225 |   357 |   0.0 |  1232k |  43 |   8 |   2 |  41 | 168 |  1 |   0 |   0 | 1.526983e+01 | 1.526984e+01 |   0.00%|  99.98%
 time | node  | left  |LP iter|LP it/n|mem/heur|mdpt |vars |cons |rows |cuts |sepa|confs|strbr|  dualbound   | primalbound  |  gap   | compl. 
  1.1s| 15900 |   277 |   358 |   0.0 |  1232k |  43 |   8 |   2 |   0 | 168 |  0 |   0 |   0 | 1.526983e+01 | 1.526984e+01 |   0.00%|  99.98%
  1.1s| 16000 |   257 |   358 |   0.0 |  1232k |  43 |   8 |   2 |  41 | 168 |  1 |   0 |   0 | 1.526983e+01 | 1.526984e+01 |   0.00%|  99.98%
  1.1s| 16100 |   277 |   358 |   0.0 |  1232k |  43 |   8 |   2 |   0 | 168 |  0 |   0 |   0 | 1.526983e+01 | 1.526984e+01 |   0.00%|  99.98%
  1.1s| 16200 |   277 |   358 |   0.0 |  1232k |  43 |   8 |   2 |  41 | 168 |  1 |   0 |   0 | 1.526983e+01 | 1.526984e+01 |   0.00%|  99.98%
  1.1s| 16300 |   297 |   358 |   0.0 |  1232k |  43 |   8 |   2 |  41 | 168 |  1 |   0 |   0 | 1.526983e+01 | 1.526984e+01 |   0.00%|  99.98%
  1.1s| 16400 |   285 |   358 |   0.0 |  1232k |  43 |   8 |   2 |  41 | 168 |  1 |   0 |   0 | 1.526983e+01 | 1.526984e+01 |   0.00%|  99.98%
  1.1s| 16500 |   265 |   358 |   0.0 |  1232k |  43 |   8 |   2 |  41 | 168 |  1 |   0 |   0 | 1.526983e+01 | 1.526984e+01 |   0.00%|  99.98%
  1.1s| 16600 |   247 |   358 |   0.0 |  1232k |  43 |   8 |   2 |   0 | 168 |  0 |   0 |   0 | 1.526983e+01 | 1.526984e+01 |   0.00%|  99.98%
  1.1s| 16700 |   221 |   358 |   0.0 |  1232k |  43 |   8 |   2 |   0 | 168 |  0 |   0 |   0 | 1.526983e+01 | 1.526984e+01 |   0.00%|  99.98%
  1.1s| 16800 |   207 |   358 |   0.0 |  1232k |  43 |   8 |   2 |   0 | 168 |  0 |   0 |   0 | 1.526983e+01 | 1.526984e+01 |   0.00%|  99.98%
  1.1s| 16900 |   185 |   358 |   0.0 |  1232k |  43 |   8 |   2 |  41 | 168 |  1 |   0 |   0 | 1.526983e+01 | 1.526984e+01 |   0.00%|  99.98%
  1.1s| 17000 |   201 |   358 |   0.0 |  1232k |  43 |   8 |   2 |   0 | 168 |  0 |   0 |   0 | 1.526983e+01 | 1.526984e+01 |   0.00%|  99.98%
  1.1s| 17100 |   233 |   358 |   0.0 |  1232k |  43 |   8 |   2 |  41 | 168 |  1 |   0 |   0 | 1.526983e+01 | 1.526984e+01 |   0.00%|  99.98%
  1.1s| 17200 |   219 |   358 |   0.0 |  1232k |  43 |   8 |   2 |   0 | 168 |  0 |   0 |   0 | 1.526983e+01 | 1.526984e+01 |   0.00%|  99.98%
  1.2s| 17300 |   233 |   358 |   0.0 |  1232k |  43 |   8 |   2 |   0 | 168 |  0 |   0 |   0 | 1.526983e+01 | 1.526984e+01 |   0.00%|  99.98%
 time | node  | left  |LP iter|LP it/n|mem/heur|mdpt |vars |cons |rows |cuts |sepa|confs|strbr|  dualbound   | primalbound  |  gap   | compl. 
  1.2s| 17400 |   225 |   358 |   0.0 |  1232k |  43 |   8 |   2 |  41 | 168 |  1 |   0 |   0 | 1.526983e+01 | 1.526984e+01 |   0.00%|  99.98%
  1.2s| 17500 |   245 |   358 |   0.0 |  1232k |  43 |   8 |   2 |  41 | 168 |  1 |   0 |   0 | 1.526983e+01 | 1.526984e+01 |   0.00%|  99.98%
  1.2s| 17600 |   225 |   358 |   0.0 |  1232k |  43 |   8 |   2 |  41 | 168 |  1 |   0 |   0 | 1.526983e+01 | 1.526984e+01 |   0.00%|  99.98%
  1.2s| 17700 |   255 |   358 |   0.0 |  1232k |  43 |   8 |   2 |   0 | 168 |  0 |   0 |   0 | 1.526983e+01 | 1.526984e+01 |   0.00%|  99.98%
  1.2s| 17800 |   233 |   358 |   0.0 |  1232k |  43 |   8 |   2 |  41 | 168 |  1 |   0 |   0 | 1.526983e+01 | 1.526984e+01 |   0.00%|  99.98%
  1.2s| 17900 |   223 |   358 |   0.0 |  1232k |  43 |   8 |   2 |   0 | 168 |  0 |   0 |   0 | 1.526983e+01 | 1.526984e+01 |   0.00%|  99.98%
  1.2s| 18000 |   225 |   358 |   0.0 |  1232k |  43 |   8 |   2 |  41 | 168 |  1 |   0 |   0 | 1.526983e+01 | 1.526984e+01 |   0.00%|  99.98%
  1.2s| 18100 |   231 |   358 |   0.0 |  1232k |  43 |   8 |   2 |   0 | 168 |  0 |   0 |   0 | 1.526983e+01 | 1.526984e+01 |   0.00%|  99.98%
  1.2s| 18200 |   213 |   358 |   0.0 |  1232k |  43 |   8 |   2 |  41 | 168 |  1 |   0 |   0 | 1.526983e+01 | 1.526984e+01 |   0.00%|  99.98%
  1.2s| 18300 |   213 |   358 |   0.0 |  1232k |  43 |   8 |   2 |   0 | 168 |  0 |   0 |   0 | 1.526983e+01 | 1.526984e+01 |   0.00%|  99.98%
  1.2s| 18400 |   205 |   358 |   0.0 |  1232k |  43 |   8 |   2 |  41 | 168 |  1 |   0 |   0 | 1.526983e+01 | 1.526984e+01 |   0.00%|  99.98%
  1.2s| 18500 |   261 |   358 |   0.0 |  1232k |  43 |   8 |   2 |  41 | 168 |  1 |   0 |   0 | 1.526983e+01 | 1.526984e+01 |   0.00%|  99.98%
  1.2s| 18600 |   233 |   358 |   0.0 |  1232k |  43 |   8 |   2 |  41 | 168 |  1 |   0 |   0 | 1.526983e+01 | 1.526984e+01 |   0.00%|  99.98%
  1.2s| 18700 |   229 |   358 |   0.0 |  1232k |  43 |   8 |   2 |   0 | 168 |  0 |   0 |   0 | 1.526983e+01 | 1.526984e+01 |   0.00%|  99.98%
  1.2s| 18800 |   223 |   358 |   0.0 |  1232k |  43 |   8 |   2 |   0 | 168 |  0 |   0 |   0 | 1.526983e+01 | 1.526984e+01 |   0.00%|  99.98%
 time | node  | left  |LP iter|LP it/n|mem/heur|mdpt |vars |cons |rows |cuts |sepa|confs|strbr|  dualbound   | primalbound  |  gap   | compl. 
  1.2s| 18900 |   195 |   358 |   0.0 |  1232k |  43 |   8 |   2 |   0 | 168 |  0 |   0 |   0 | 1.526983e+01 | 1.526984e+01 |   0.00%|  99.98%
  1.2s| 19000 |   227 |   358 |   0.0 |  1232k |  43 |   8 |   2 |   0 | 168 |  0 |   0 |   0 | 1.526983e+01 | 1.526984e+01 |   0.00%|  99.98%
  1.3s| 19100 |   259 |   358 |   0.0 |  1232k |  43 |   8 |   2 |   0 | 168 |  0 |   0 |   0 | 1.526983e+01 | 1.526984e+01 |   0.00%|  99.98%
  1.3s| 19200 |   253 |   358 |   0.0 |  1232k |  43 |   8 |   2 |   0 | 168 |  0 |   0 |   0 | 1.526983e+01 | 1.526984e+01 |   0.00%|  99.98%
  1.3s| 19300 |   237 |   358 |   0.0 |  1232k |  43 |   8 |   2 |  41 | 168 |  1 |   0 |   0 | 1.526983e+01 | 1.526984e+01 |   0.00%|  99.98%
  1.3s| 19400 |   213 |   358 |   0.0 |  1232k |  43 |   8 |   2 |  41 | 168 |  1 |   0 |   0 | 1.526983e+01 | 1.526984e+01 |   0.00%|  99.98%
  1.3s| 19500 |   229 |   358 |   0.0 |  1232k |  43 |   8 |   2 |  41 | 168 |  1 |   0 |   0 | 1.526983e+01 | 1.526984e+01 |   0.00%|  99.98%
  1.3s| 19600 |   203 |   358 |   0.0 |  1232k |  43 |   8 |   2 |   0 | 168 |  0 |   0 |   0 | 1.526983e+01 | 1.526984e+01 |   0.00%|  99.98%
  1.3s| 19700 |   205 |   358 |   0.0 |  1232k |  43 |   8 |   2 |  41 | 168 |  1 |   0 |   0 | 1.526983e+01 | 1.526984e+01 |   0.00%|  99.98%
  1.3s| 19800 |   197 |   358 |   0.0 |  1232k |  43 |   8 |   2 |   0 | 168 |  0 |   0 |   0 | 1.526983e+01 | 1.526984e+01 |   0.00%|  99.98%
  1.3s| 19900 |   233 |   358 |   0.0 |  1232k |  43 |   8 |   2 |  41 | 168 |  1 |   0 |   0 | 1.526983e+01 | 1.526984e+01 |   0.00%|  99.98%
  1.3s| 20000 |   225 |   358 |   0.0 |  1232k |  43 |   8 |   2 |  41 | 168 |  1 |   0 |   0 | 1.526983e+01 | 1.526984e+01 |   0.00%|  99.98%
  1.3s| 20100 |   213 |   358 |   0.0 |  1232k |  43 |   8 |   2 |   0 | 168 |  0 |   0 |   0 | 1.526983e+01 | 1.526984e+01 |   0.00%|  99.98%
  1.3s| 20200 |   229 |   358 |   0.0 |  1232k |  43 |   8 |   2 |  41 | 168 |  1 |   0 |   0 | 1.526983e+01 | 1.526984e+01 |   0.00%|  99.98%
  1.3s| 20300 |   233 |   358 |   0.0 |  1232k |  43 |   8 |   2 |  41 | 168 |  1 |   0 |   0 | 1.526983e+01 | 1.526984e+01 |   0.00%|  99.98%
 time | node  | left  |LP iter|LP it/n|mem/heur|mdpt |vars |cons |rows |cuts |sepa|confs|strbr|  dualbound   | primalbound  |  gap   | compl. 
  1.3s| 20400 |   245 |   358 |   0.0 |  1232k |  43 |   8 |   2 |   0 | 168 |  0 |   0 |   0 | 1.526983e+01 | 1.526984e+01 |   0.00%|  99.98%
  1.3s| 20500 |   235 |   358 |   0.0 |  1232k |  43 |   8 |   2 |   0 | 168 |  0 |   0 |   0 | 1.526983e+01 | 1.526984e+01 |   0.00%|  99.98%
  1.3s| 20600 |   237 |   358 |   0.0 |  1232k |  43 |   8 |   2 |  41 | 168 |  1 |   0 |   0 | 1.526983e+01 | 1.526984e+01 |   0.00%|  99.98%
  1.3s| 20700 |   221 |   358 |   0.0 |  1232k |  43 |   8 |   2 |  41 | 168 |  1 |   0 |   0 | 1.526983e+01 | 1.526984e+01 |   0.00%|  99.98%
  1.4s| 20800 |   201 |   358 |   0.0 |  1232k |  43 |   8 |   2 |  41 | 168 |  1 |   0 |   0 | 1.526983e+01 | 1.526984e+01 |   0.00%|  99.98%
  1.4s| 20900 |   205 |   358 |   0.0 |  1232k |  43 |   8 |   2 |   0 | 168 |  0 |   0 |   0 | 1.526983e+01 | 1.526984e+01 |   0.00%|  99.98%
  1.4s| 21000 |   195 |   358 |   0.0 |  1232k |  43 |   8 |   2 |   0 | 168 |  0 |   0 |   0 | 1.526983e+01 | 1.526984e+01 |   0.00%|  99.98%
  1.4s| 21100 |   209 |   358 |   0.0 |  1232k |  43 |   8 |   2 |  41 | 168 |  1 |   0 |   0 | 1.526983e+01 | 1.526984e+01 |   0.00%|  99.98%
  1.4s| 21200 |   231 |   358 |   0.0 |  1232k |  43 |   8 |   2 |   0 | 168 |  0 |   0 |   0 | 1.526983e+01 | 1.526984e+01 |   0.00%|  99.98%
  1.4s| 21300 |   241 |   358 |   0.0 |  1232k |  43 |   8 |   2 |  41 | 168 |  1 |   0 |   0 | 1.526983e+01 | 1.526984e+01 |   0.00%|  99.98%
  1.4s| 21400 |   233 |   358 |   0.0 |  1232k |  43 |   8 |   2 |   0 | 168 |  0 |   0 |   0 | 1.526983e+01 | 1.526984e+01 |   0.00%|  99.98%
  1.4s| 21500 |   225 |   358 |   0.0 |  1232k |  43 |   8 |   2 |  41 | 168 |  1 |   0 |   0 | 1.526983e+01 | 1.526984e+01 |   0.00%|  99.98%
  1.4s| 21600 |   277 |   358 |   0.0 |  1232k |  43 |   8 |   2 |  41 | 168 |  1 |   0 |   0 | 1.526983e+01 | 1.526984e+01 |   0.00%|  99.98%
  1.4s| 21700 |   261 |   358 |   0.0 |  1232k |  43 |   8 |   2 |  41 | 168 |  1 |   0 |   0 | 1.526983e+01 | 1.526984e+01 |   0.00%|  99.98%
  1.4s| 21800 |   257 |   358 |   0.0 |  1232k |  43 |   8 |   2 |   0 | 168 |  0 |   0 |   0 | 1.526983e+01 | 1.526984e+01 |   0.00%|  99.98%
 time | node  | left  |LP iter|LP it/n|mem/heur|mdpt |vars |cons |rows |cuts |sepa|confs|strbr|  dualbound   | primalbound  |  gap   | compl. 
  1.4s| 21900 |   245 |   358 |   0.0 |  1232k |  43 |   8 |   2 |  41 | 168 |  1 |   0 |   0 | 1.526983e+01 | 1.526984e+01 |   0.00%|  99.98%
  1.4s| 22000 |   217 |   358 |   0.0 |  1232k |  43 |   8 |   2 |  41 | 168 |  1 |   0 |   0 | 1.526983e+01 | 1.526984e+01 |   0.00%|  99.98%
  1.4s| 22100 |   239 |   358 |   0.0 |  1232k |  43 |   8 |   2 |   0 | 168 |  0 |   0 |   0 | 1.526983e+01 | 1.526984e+01 |   0.00%|  99.98%
  1.4s| 22200 |   229 |   358 |   0.0 |  1232k |  43 |   8 |   2 |   0 | 168 |  0 |   0 |   0 | 1.526983e+01 | 1.526984e+01 |   0.00%|  99.98%
  1.4s| 22300 |   209 |   358 |   0.0 |  1232k |  43 |   8 |   2 |  41 | 168 |  1 |   0 |   0 | 1.526983e+01 | 1.526984e+01 |   0.00%|  99.98%
  1.4s| 22400 |   219 |   358 |   0.0 |  1232k |  43 |   8 |   2 |   0 | 168 |  0 |   0 |   0 | 1.526983e+01 | 1.526984e+01 |   0.00%|  99.98%
  1.4s| 22500 |   229 |   358 |   0.0 |  1232k |  43 |   8 |   2 |  41 | 168 |  1 |   0 |   0 | 1.526983e+01 | 1.526984e+01 |   0.00%|  99.98%
  1.4s| 22600 |   223 |   358 |   0.0 |  1232k |  43 |   8 |   2 |   0 | 168 |  0 |   0 |   0 | 1.526983e+01 | 1.526984e+01 |   0.00%|  99.98%
  1.5s| 22700 |   241 |   358 |   0.0 |  1232k |  43 |   8 |   2 |   0 | 168 |  0 |   0 |   0 | 1.526983e+01 | 1.526984e+01 |   0.00%|  99.98%
  1.5s| 22800 |   245 |   358 |   0.0 |  1232k |  43 |   8 |   2 |  41 | 168 |  1 |   0 |   0 | 1.526983e+01 | 1.526984e+01 |   0.00%|  99.98%
  1.5s| 22900 |   261 |   358 |   0.0 |  1232k |  43 |   8 |   2 |  41 | 168 |  1 |   0 |   0 | 1.526983e+01 | 1.526984e+01 |   0.00%|  99.98%
  1.5s| 23000 |   277 |   358 |   0.0 |  1232k |  43 |   8 |   2 |  41 | 168 |  1 |   0 |   0 | 1.526983e+01 | 1.526984e+01 |   0.00%|  99.98%
  1.5s| 23100 |   263 |   358 |   0.0 |  1232k |  43 |   8 |   2 |   0 | 168 |  0 |   0 |   0 | 1.526983e+01 | 1.526984e+01 |   0.00%|  99.98%
  1.5s| 23200 |   235 |   358 |   0.0 |  1232k |  43 |   8 |   2 |   0 | 168 |  0 |   0 |   0 | 1.526983e+01 | 1.526984e+01 |   0.00%|  99.98%
  1.5s| 23300 |   229 |   358 |   0.0 |  1232k |  43 |   8 |   2 |   0 | 168 |  0 |   0 |   0 | 1.526983e+01 | 1.526984e+01 |   0.00%|  99.98%
 time | node  | left  |LP iter|LP it/n|mem/heur|mdpt |vars |cons |rows |cuts |sepa|confs|strbr|  dualbound   | primalbound  |  gap   | compl. 
  1.5s| 23400 |   239 |   358 |   0.0 |  1232k |  43 |   8 |   2 |   0 | 168 |  0 |   0 |   0 | 1.526983e+01 | 1.526984e+01 |   0.00%|  99.98%
  1.5s| 23500 |   229 |   358 |   0.0 |  1232k |  43 |   8 |   2 |  41 | 168 |  1 |   0 |   0 | 1.526983e+01 | 1.526984e+01 |   0.00%|  99.98%
  1.5s| 23600 |   213 |   358 |   0.0 |  1232k |  43 |   8 |   2 |  41 | 168 |  1 |   0 |   0 | 1.526983e+01 | 1.526984e+01 |   0.00%|  99.98%
  1.5s| 23700 |   211 |   358 |   0.0 |  1232k |  43 |   8 |   2 |   0 | 168 |  0 |   0 |   0 | 1.526983e+01 | 1.526984e+01 |   0.00%|  99.98%
  1.5s| 23800 |   201 |   358 |   0.0 |  1232k |  43 |   8 |   2 |  41 | 168 |  1 |   0 |   0 | 1.526983e+01 | 1.526984e+01 |   0.00%|  99.98%
  1.5s| 23900 |   233 |   358 |   0.0 |  1232k |  43 |   8 |   2 |   0 | 168 |  0 |   0 |   0 | 1.526983e+01 | 1.526984e+01 |   0.00%|  99.98%
  1.5s| 24000 |   231 |   358 |   0.0 |  1232k |  43 |   8 |   2 |   0 | 168 |  0 |   0 |   0 | 1.526983e+01 | 1.526984e+01 |   0.00%|  99.98%
  1.5s| 24100 |   219 |   358 |   0.0 |  1232k |  43 |   8 |   2 |   0 | 168 |  0 |   0 |   0 | 1.526983e+01 | 1.526984e+01 |   0.00%|  99.98%
  1.5s| 24200 |   205 |   358 |   0.0 |  1232k |  43 |   8 |   2 |  41 | 168 |  1 |   0 |   0 | 1.526983e+01 | 1.526984e+01 |   0.00%|  99.98%
  1.5s| 24300 |   219 |   358 |   0.0 |  1232k |  43 |   8 |   2 |  41 | 168 |  1 |   0 |   0 | 1.526983e+01 | 1.526984e+01 |   0.00%|  99.98%
  1.5s| 24400 |   227 |   358 |   0.0 |  1232k |  43 |   8 |   2 |   0 | 168 |  0 |   0 |   0 | 1.526983e+01 | 1.526984e+01 |   0.00%|  99.98%
  1.6s| 24500 |   211 |   358 |   0.0 |  1232k |  43 |   8 |   2 |  41 | 168 |  1 |   0 |   0 | 1.526983e+01 | 1.526984e+01 |   0.00%|  99.98%
  1.6s| 24600 |   217 |   358 |   0.0 |  1232k |  43 |   8 |   2 |   0 | 168 |  0 |   0 |   0 | 1.526983e+01 | 1.526984e+01 |   0.00%|  99.98%
  1.6s| 24700 |   231 |   358 |   0.0 |  1232k |  43 |   8 |   2 |  41 | 168 |  1 |   0 |   0 | 1.526983e+01 | 1.526984e+01 |   0.00%|  99.98%
  1.6s| 24800 |   233 |   358 |   0.0 |  1232k |  43 |   8 |   2 |  41 | 168 |  1 |   0 |   0 | 1.526983e+01 | 1.526984e+01 |   0.00%|  99.98%
 time | node  | left  |LP iter|LP it/n|mem/heur|mdpt |vars |cons |rows |cuts |sepa|confs|strbr|  dualbound   | primalbound  |  gap   | compl. 
  1.6s| 24900 |   227 |   358 |   0.0 |  1232k |  43 |   8 |   2 |  41 | 168 |  1 |   0 |   0 | 1.526983e+01 | 1.526984e+01 |   0.00%|  99.98%
  1.6s| 25000 |   219 |   358 |   0.0 |  1232k |  43 |   8 |   2 |  41 | 168 |  1 |   0 |   0 | 1.526983e+01 | 1.526984e+01 |   0.00%|  99.98%
  1.6s| 25100 |   199 |   358 |   0.0 |  1232k |  43 |   8 |   2 |   0 | 168 |  0 |   0 |   0 | 1.526983e+01 | 1.526984e+01 |   0.00%|  99.98%
  1.6s| 25200 |   179 |   358 |   0.0 |  1232k |  43 |   8 |   2 |  41 | 168 |  1 |   0 |   0 | 1.526983e+01 | 1.526984e+01 |   0.00%|  99.98%
  1.6s| 25300 |   227 |   358 |   0.0 |  1232k |  43 |   8 |   2 |  41 | 168 |  1 |   0 |   0 | 1.526983e+01 | 1.526984e+01 |   0.00%|  99.98%
  1.6s| 25400 |   229 |   358 |   0.0 |  1232k |  43 |   8 |   2 |   0 | 168 |  0 |   0 |   0 | 1.526983e+01 | 1.526984e+01 |   0.00%|  99.98%
  1.6s| 25500 |   207 |   358 |   0.0 |  1232k |  43 |   8 |   2 |  41 | 168 |  1 |   0 |   0 | 1.526983e+01 | 1.526984e+01 |   0.00%|  99.98%
  1.6s| 25600 |   189 |   358 |   0.0 |  1232k |  43 |   8 |   2 |   0 | 168 |  0 |   0 |   0 | 1.526983e+01 | 1.526984e+01 |   0.00%|  99.98%
  1.6s| 25700 |   207 |   358 |   0.0 |  1232k |  43 |   8 |   2 |   0 | 168 |  0 |   0 |   0 | 1.526983e+01 | 1.526984e+01 |   0.00%|  99.98%
  1.6s| 25800 |   229 |   358 |   0.0 |  1232k |  43 |   8 |   2 |  41 | 168 |  1 |   0 |   0 | 1.526983e+01 | 1.526984e+01 |   0.00%|  99.98%
  1.7s| 25900 |   233 |   358 |   0.0 |  1232k |  43 |   8 |   2 |  41 | 168 |  1 |   0 |   0 | 1.526983e+01 | 1.526984e+01 |   0.00%|  99.98%
  1.7s| 26000 |   225 |   358 |   0.0 |  1232k |  43 |   8 |   2 |   0 | 168 |  0 |   0 |   0 | 1.526983e+01 | 1.526984e+01 |   0.00%|  99.98%
  1.7s| 26100 |   217 |   358 |   0.0 |  1232k |  43 |   8 |   2 |   0 | 168 |  0 |   0 |   0 | 1.526983e+01 | 1.526984e+01 |   0.00%|  99.98%
  1.7s| 26200 |   195 |   358 |   0.0 |  1232k |  43 |   8 |   2 |   0 | 168 |  0 |   0 |   0 | 1.526983e+01 | 1.526984e+01 |   0.00%|  99.98%
  1.7s| 26300 |   187 |   358 |   0.0 |  1232k |  43 |   8 |   2 |   0 | 168 |  0 |   0 |   0 | 1.526983e+01 | 1.526984e+01 |   0.00%|  99.98%
 time | node  | left  |LP iter|LP it/n|mem/heur|mdpt |vars |cons |rows |cuts |sepa|confs|strbr|  dualbound   | primalbound  |  gap   | compl. 
  1.7s| 26400 |   235 |   358 |   0.0 |  1232k |  43 |   8 |   2 |   0 | 168 |  0 |   0 |   0 | 1.526983e+01 | 1.526984e+01 |   0.00%|  99.98%
  1.7s| 26500 |   221 |   358 |   0.0 |  1232k |  43 |   8 |   2 |   0 | 168 |  0 |   0 |   0 | 1.526983e+01 | 1.526984e+01 |   0.00%|  99.98%
  1.7s| 26600 |   205 |   358 |   0.0 |  1232k |  43 |   8 |   2 |   0 | 168 |  0 |   0 |   0 | 1.526983e+01 | 1.526984e+01 |   0.00%|  99.98%
  1.7s| 26700 |   205 |   358 |   0.0 |  1232k |  43 |   8 |   2 |   0 | 168 |  0 |   0 |   0 | 1.526983e+01 | 1.526984e+01 |   0.00%|  99.98%
  1.7s| 26800 |   229 |   358 |   0.0 |  1232k |  43 |   8 |   2 |  41 | 168 |  1 |   0 |   0 | 1.526983e+01 | 1.526984e+01 |   0.00%|  99.98%
  1.7s| 26900 |   209 |   358 |   0.0 |  1232k |  43 |   8 |   2 |  41 | 168 |  1 |   0 |   0 | 1.526983e+01 | 1.526984e+01 |   0.00%|  99.98%
  1.7s| 27000 |   217 |   358 |   0.0 |  1232k |  43 |   8 |   2 |  41 | 168 |  1 |   0 |   0 | 1.526983e+01 | 1.526984e+01 |   0.00%|  99.98%
  1.7s| 27100 |   221 |   358 |   0.0 |  1232k |  43 |   8 |   2 |  41 | 168 |  1 |   0 |   0 | 1.526983e+01 | 1.526984e+01 |   0.00%|  99.98%
  1.7s| 27200 |   217 |   358 |   0.0 |  1232k |  43 |   8 |   2 |  41 | 168 |  1 |   0 |   0 | 1.526983e+01 | 1.526984e+01 |   0.00%|  99.98%
  1.7s| 27300 |   217 |   358 |   0.0 |  1232k |  43 |   8 |   2 |  41 | 168 |  1 |   0 |   0 | 1.526983e+01 | 1.526984e+01 |   0.00%|  99.98%
  1.7s| 27400 |   237 |   358 |   0.0 |  1232k |  43 |   8 |   2 |  41 | 168 |  1 |   0 |   0 | 1.526983e+01 | 1.526984e+01 |   0.00%|  99.98%
  1.7s| 27500 |   229 |   358 |   0.0 |  1232k |  43 |   8 |   2 |  41 | 168 |  1 |   0 |   0 | 1.526983e+01 | 1.526984e+01 |   0.00%|  99.98%
  1.7s| 27600 |   227 |   358 |   0.0 |  1232k |  43 |   8 |   2 |   0 | 168 |  0 |   0 |   0 | 1.526983e+01 | 1.526984e+01 |   0.00%|  99.98%
  1.7s| 27700 |   209 |   358 |   0.0 |  1232k |  43 |   8 |   2 |  41 | 168 |  1 |   0 |   0 | 1.526983e+01 | 1.526984e+01 |   0.00%|  99.98%
  1.8s| 27800 |   213 |   358 |   0.0 |  1232k |  43 |   8 |   2 |  41 | 168 |  1 |   0 |   0 | 1.526983e+01 | 1.526984e+01 |   0.00%|  99.98%
 time | node  | left  |LP iter|LP it/n|mem/heur|mdpt |vars |cons |rows |cuts |sepa|confs|strbr|  dualbound   | primalbound  |  gap   | compl. 
  1.8s| 27900 |   207 |   358 |   0.0 |  1232k |  43 |   8 |   2 |   0 | 168 |  0 |   0 |   0 | 1.526983e+01 | 1.526984e+01 |   0.00%|  99.98%
  1.8s| 28000 |   189 |   358 |   0.0 |  1232k |  43 |   8 |   2 |  41 | 168 |  1 |   0 |   0 | 1.526983e+01 | 1.526984e+01 |   0.00%|  99.98%
  1.8s| 28100 |   179 |   358 |   0.0 |  1232k |  43 |   8 |   2 |   0 | 168 |  0 |   0 |   0 | 1.526983e+01 | 1.526984e+01 |   0.00%|  99.98%
  1.8s| 28200 |   189 |   358 |   0.0 |  1232k |  43 |   8 |   2 |   0 | 168 |  0 |   0 |   0 | 1.526983e+01 | 1.526984e+01 |   0.00%|  99.98%
  1.8s| 28300 |   163 |   358 |   0.0 |  1232k |  43 |   8 |   2 |   0 | 168 |  0 |   0 |   0 | 1.526983e+01 | 1.526984e+01 |   0.00%|  99.98%
  1.8s| 28400 |   145 |   358 |   0.0 |  1232k |  43 |   8 |   2 |  41 | 168 |  1 |   0 |   0 | 1.526983e+01 | 1.526984e+01 |   0.00%|  99.98%
  1.8s| 28500 |   141 |   358 |   0.0 |  1232k |  43 |   8 |   2 |  41 | 168 |  1 |   0 |   0 | 1.526983e+01 | 1.526984e+01 |   0.00%|  99.98%
  1.8s| 28600 |   145 |   358 |   0.0 |  1232k |  49 |   8 |   2 |   0 | 168 |  0 |   0 |   0 | 1.526983e+01 | 1.526984e+01 |   0.00%|  99.98%
  1.8s| 28700 |   137 |   358 |   0.0 |  1232k |  49 |   8 |   2 |   0 | 168 |  0 |   0 |   0 | 1.526983e+01 | 1.526984e+01 |   0.00%|  99.98%
  1.8s| 28800 |   179 |   359 |   0.0 |  1232k |  49 |   8 |   2 |   0 | 168 |  0 |   0 |   0 | 1.526983e+01 | 1.526984e+01 |   0.00%|  99.98%
  1.8s| 28900 |   173 |   359 |   0.0 |  1232k |  49 |   8 |   2 |  41 | 168 |  1 |   0 |   0 | 1.526983e+01 | 1.526984e+01 |   0.00%|  99.98%
  1.8s| 29000 |   157 |   359 |   0.0 |  1232k |  49 |   8 |   2 |   0 | 168 |  0 |   0 |   0 | 1.526983e+01 | 1.526984e+01 |   0.00%|  99.98%
  1.8s| 29100 |   133 |   359 |   0.0 |  1232k |  49 |   8 |   2 |   0 | 168 |  0 |   0 |   0 | 1.526983e+01 | 1.526984e+01 |   0.00%|  99.98%
  1.8s| 29200 |   129 |   359 |   0.0 |  1232k |  49 |   8 |   2 |  41 | 168 |  1 |   0 |   0 | 1.526983e+01 | 1.526984e+01 |   0.00%|  99.98%
  1.8s| 29300 |   137 |   359 |   0.0 |  1232k |  49 |   8 |   2 |  41 | 168 |  1 |   0 |   0 | 1.526983e+01 | 1.526984e+01 |   0.00%|  99.98%
 time | node  | left  |LP iter|LP it/n|mem/heur|mdpt |vars |cons |rows |cuts |sepa|confs|strbr|  dualbound   | primalbound  |  gap   | compl. 
  1.8s| 29400 |   211 |   359 |   0.0 |  1232k |  49 |   8 |   2 |  41 | 168 |  1 |   0 |   0 | 1.526983e+01 | 1.526984e+01 |   0.00%|  99.98%
  1.8s| 29500 |   235 |   359 |   0.0 |  1232k |  49 |   8 |   2 |  41 | 168 |  1 |   0 |   0 | 1.526983e+01 | 1.526984e+01 |   0.00%|  99.98%
  1.8s| 29600 |   225 |   359 |   0.0 |  1232k |  49 |   8 |   2 |   0 | 168 |  0 |   0 |   0 | 1.526983e+01 | 1.526984e+01 |   0.00%|  99.98%
  1.8s| 29700 |   233 |   359 |   0.0 |  1232k |  49 |   8 |   2 |   0 | 168 |  0 |   0 |   0 | 1.526983e+01 | 1.526984e+01 |   0.00%|  99.98%
  1.8s| 29800 |   211 |   359 |   0.0 |  1232k |  49 |   8 |   2 |   0 | 168 |  0 |   0 |   0 | 1.526983e+01 | 1.526984e+01 |   0.00%|  99.98%
  1.8s| 29900 |   219 |   359 |   0.0 |  1232k |  49 |   8 |   2 |  41 | 168 |  1 |   0 |   0 | 1.526983e+01 | 1.526984e+01 |   0.00%|  99.98%
  1.9s| 30000 |   211 |   359 |   0.0 |  1232k |  49 |   8 |   2 |   0 | 168 |  0 |   0 |   0 | 1.526983e+01 | 1.526984e+01 |   0.00%|  99.98%
  1.9s| 30100 |   215 |   359 |   0.0 |  1232k |  49 |   8 |   2 |   0 | 168 |  0 |   0 |   0 | 1.526983e+01 | 1.526984e+01 |   0.00%|  99.98%
  1.9s| 30200 |   215 |   359 |   0.0 |  1232k |  49 |   8 |   2 |  41 | 168 |  1 |   0 |   0 | 1.526983e+01 | 1.526984e+01 |   0.00%|  99.98%
  1.9s| 30300 |   201 |   359 |   0.0 |  1232k |  49 |   8 |   2 |   0 | 168 |  0 |   0 |   0 | 1.526983e+01 | 1.526984e+01 |   0.00%|  99.98%
  1.9s| 30400 |   173 |   359 |   0.0 |  1232k |  49 |   8 |   2 |   0 | 168 |  0 |   0 |   0 | 1.526983e+01 | 1.526984e+01 |   0.00%|  99.98%
  1.9s| 30500 |   179 |   359 |   0.0 |  1232k |  49 |   8 |   2 |  41 | 168 |  1 |   0 |   0 | 1.526983e+01 | 1.526984e+01 |   0.00%|  99.98%
  1.9s| 30600 |   191 |   359 |   0.0 |  1232k |  49 |   8 |   2 |  41 | 168 |  1 |   0 |   0 | 1.526983e+01 | 1.526984e+01 |   0.00%|  99.98%
  1.9s| 30700 |   173 |   359 |   0.0 |  1232k |  49 |   8 |   2 |   0 | 168 |  0 |   0 |   0 | 1.526983e+01 | 1.526984e+01 |   0.00%|  99.98%
  1.9s| 30800 |   149 |   359 |   0.0 |  1232k |  49 |   8 |   2 |   0 | 168 |  0 |   0 |   0 | 1.526983e+01 | 1.526984e+01 |   0.00%|  99.98%
 time | node  | left  |LP iter|LP it/n|mem/heur|mdpt |vars |cons |rows |cuts |sepa|confs|strbr|  dualbound   | primalbound  |  gap   | compl. 
  1.9s| 30900 |   129 |   359 |   0.0 |  1232k |  49 |   8 |   2 |  41 | 168 |  1 |   0 |   0 | 1.526983e+01 | 1.526984e+01 |   0.00%|  99.98%
  1.9s| 31000 |   141 |   359 |   0.0 |  1232k |  49 |   8 |   2 |  41 | 168 |  1 |   0 |   0 | 1.526983e+01 | 1.526984e+01 |   0.00%|  99.98%
  1.9s| 31100 |   133 |   360 |   0.0 |  1232k |  49 |   8 |   2 |  41 | 168 |  1 |   0 |   0 | 1.526983e+01 | 1.526984e+01 |   0.00%|  99.98%
  1.9s| 31200 |   153 |   360 |   0.0 |  1232k |  49 |   8 |   2 |  41 | 168 |  1 |   0 |   0 | 1.526983e+01 | 1.526984e+01 |   0.00%|  99.98%
  1.9s| 31300 |   141 |   360 |   0.0 |  1232k |  49 |   8 |   2 |  41 | 168 |  1 |   0 |   0 | 1.526983e+01 | 1.526984e+01 |   0.00%|  99.98%
  1.9s| 31400 |   121 |   360 |   0.0 |  1232k |  49 |   8 |   2 |  41 | 168 |  1 |   0 |   0 | 1.526983e+01 | 1.526984e+01 |   0.00%|  99.98%
  1.9s| 31500 |   119 |   360 |   0.0 |  1232k |  49 |   8 |   2 |   0 | 168 |  0 |   0 |   0 | 1.526983e+01 | 1.526984e+01 |   0.00%|  99.98%
  1.9s| 31600 |   169 |   360 |   0.0 |  1232k |  49 |   8 |   2 |  41 | 168 |  1 |   0 |   0 | 1.526983e+01 | 1.526984e+01 |   0.00%|  99.98%
  1.9s| 31700 |   199 |   360 |   0.0 |  1232k |  49 |   8 |   2 |   0 | 168 |  0 |   0 |   0 | 1.526983e+01 | 1.526984e+01 |   0.00%|  99.98%
  1.9s| 31800 |   185 |   360 |   0.0 |  1232k |  49 |   8 |   2 |   0 | 168 |  0 |   0 |   0 | 1.526983e+01 | 1.526984e+01 |   0.00%|  99.98%
  1.9s| 31900 |   173 |   360 |   0.0 |  1232k |  49 |   8 |   2 |  41 | 168 |  1 |   0 |   0 | 1.526983e+01 | 1.526984e+01 |   0.00%|  99.98%
  1.9s| 32000 |   161 |   360 |   0.0 |  1232k |  49 |   8 |   2 |   0 | 168 |  0 |   0 |   0 | 1.526983e+01 | 1.526984e+01 |   0.00%|  99.98%
  1.9s| 32100 |   145 |   360 |   0.0 |  1232k |  49 |   8 |   2 |  41 | 168 |  1 |   0 |   0 | 1.526983e+01 | 1.526984e+01 |   0.00%|  99.98%
  2.0s| 32200 |   127 |   360 |   0.0 |  1232k |  49 |   8 |   2 |   0 | 168 |  0 |   0 |   0 | 1.526983e+01 | 1.526984e+01 |   0.00%|  99.98%
  2.0s| 32300 |   101 |   360 |   0.0 |  1232k |  49 |   8 |   2 |   0 | 168 |  0 |   0 |   0 | 1.526983e+01 | 1.526984e+01 |   0.00%|  99.98%
 time | node  | left  |LP iter|LP it/n|mem/heur|mdpt |vars |cons |rows |cuts |sepa|confs|strbr|  dualbound   | primalbound  |  gap   | compl. 
  2.0s| 32400 |    77 |   360 |   0.0 |  1232k |  49 |   8 |   2 |  41 | 168 |  1 |   0 |   0 | 1.526983e+01 | 1.526984e+01 |   0.00%|  99.98%
  2.0s| 32500 |    65 |   360 |   0.0 |  1232k |  49 |   8 |   2 |  41 | 168 |  1 |   0 |   0 | 1.526983e+01 | 1.526984e+01 |   0.00%|  99.98%
  2.0s| 32600 |   101 |   360 |   0.0 |  1232k |  49 |   8 |   2 |  41 | 168 |  1 |   0 |   0 | 1.526983e+01 | 1.526984e+01 |   0.00%|  99.98%
  2.0s| 32700 |   129 |   360 |   0.0 |  1232k |  49 |   8 |   2 |  41 | 168 |  1 |   0 |   0 | 1.526983e+01 | 1.526984e+01 |   0.00%|  99.98%
  2.0s| 32800 |   121 |   360 |   0.0 |  1232k |  49 |   8 |   2 |  41 | 168 |  1 |   0 |   0 | 1.526983e+01 | 1.526984e+01 |   0.00%|  99.98%
  2.0s| 32900 |    95 |   360 |   0.0 |  1232k |  49 |   8 |   2 |   0 | 168 |  0 |   0 |   0 | 1.526983e+01 | 1.526984e+01 |   0.00%|  99.98%
  2.0s| 33000 |   109 |   360 |   0.0 |  1232k |  49 |   8 |   2 |  41 | 168 |  1 |   0 |   0 | 1.526983e+01 | 1.526984e+01 |   0.00%|  99.98%
  2.0s| 33100 |   101 |   360 |   0.0 |  1232k |  49 |   8 |   2 |  41 | 168 |  1 |   0 |   0 | 1.526983e+01 | 1.526984e+01 |   0.00%|  99.98%
  2.0s| 33200 |    89 |   360 |   0.0 |  1232k |  49 |   8 |   2 |  41 | 168 |  1 |   0 |   0 | 1.526983e+01 | 1.526984e+01 |   0.00%|  99.98%
  2.0s| 33300 |    93 |   360 |   0.0 |  1232k |  49 |   8 |   2 |  41 | 168 |  1 |   0 |   0 | 1.526983e+01 | 1.526984e+01 |   0.00%|  99.98%
  2.0s| 33400 |   103 |   360 |   0.0 |  1232k |  49 |   8 |   2 |   0 | 168 |  0 |   0 |   0 | 1.526983e+01 | 1.526984e+01 |   0.00%|  99.98%
  2.0s| 33500 |    93 |   360 |   0.0 |  1232k |  49 |   8 |   2 |  41 | 168 |  1 |   0 |   0 | 1.526983e+01 | 1.526984e+01 |   0.00%|  99.98%
  2.0s| 33600 |    75 |   360 |   0.0 |  1232k |  49 |   8 |   2 |   0 | 168 |  0 |   0 |   0 | 1.526983e+01 | 1.526984e+01 |   0.00%|  99.98%
  2.0s| 33700 |    91 |   360 |   0.0 |  1232k |  49 |   8 |   2 |   0 | 168 |  0 |   0 |   0 | 1.526983e+01 | 1.526984e+01 |   0.00%|  99.98%
  2.0s| 33800 |   101 |   360 |   0.0 |  1232k |  49 |   8 |   2 |  41 | 168 |  1 |   0 |   0 | 1.526983e+01 | 1.526984e+01 |   0.00%|  99.98%
 time | node  | left  |LP iter|LP it/n|mem/heur|mdpt |vars |cons |rows |cuts |sepa|confs|strbr|  dualbound   | primalbound  |  gap   | compl. 
  2.0s| 33900 |    85 |   360 |   0.0 |  1232k |  49 |   8 |   2 |  41 | 168 |  1 |   0 |   0 | 1.526983e+01 | 1.526984e+01 |   0.00%|  99.98%
  2.0s| 34000 |    81 |   360 |   0.0 |  1232k |  49 |   8 |   2 |  41 | 168 |  1 |   0 |   0 | 1.526983e+01 | 1.526984e+01 |   0.00%|  99.98%
  2.1s| 34100 |    73 |   360 |   0.0 |  1232k |  49 |   8 |   2 |   0 | 168 |  0 |   0 |   0 | 1.526983e+01 | 1.526984e+01 |   0.00%|  99.98%
  2.1s| 34200 |    61 |   360 |   0.0 |  1232k |  49 |   8 |   2 |   0 | 168 |  0 |   0 |   0 | 1.526983e+01 | 1.526984e+01 |   0.00%|  99.98%
  2.1s| 34300 |    61 |   360 |   0.0 |  1232k |  49 |   8 |   2 |  41 | 168 |  1 |   0 |   0 | 1.526983e+01 | 1.526984e+01 |   0.00%|  99.98%
  2.1s| 34400 |    45 |   360 |   0.0 |  1232k |  49 |   8 |   2 |  41 | 168 |  1 |   0 |   0 | 1.526983e+01 | 1.526984e+01 |   0.00%|  99.98%
  2.1s| 34500 |    33 |   360 |   0.0 |  1232k |  49 |   8 |   2 |   0 | 168 |  0 |   0 |   0 | 1.526983e+01 | 1.526984e+01 |   0.00%|  99.98%
  2.1s| 34600 |    67 |   360 |   0.0 |  1232k |  49 |   8 |   2 |  41 | 168 |  1 |   0 |   0 | 1.526983e+01 | 1.526984e+01 |   0.00%|  99.98%
  2.1s| 34700 |   131 |   360 |   0.0 |  1232k |  49 |   8 |   2 |  41 | 168 |  1 |   0 |   0 | 1.526983e+01 | 1.526984e+01 |   0.00%|  99.98%
  2.1s| 34800 |   157 |   360 |   0.0 |  1232k |  49 |   8 |   2 |   0 | 168 |  0 |   0 |   0 | 1.526983e+01 | 1.526984e+01 |   0.00%|  99.98%
  2.1s| 34900 |   143 |   360 |   0.0 |  1232k |  49 |   8 |   2 |  41 | 168 |  1 |   0 |   0 | 1.526983e+01 | 1.526984e+01 |   0.00%|  99.98%
  2.1s| 35000 |   119 |   360 |   0.0 |  1232k |  49 |   8 |   2 |   0 | 168 |  0 |   0 |   0 | 1.526983e+01 | 1.526984e+01 |   0.00%|  99.98%
  2.1s| 35100 |   121 |   360 |   0.0 |  1232k |  49 |   8 |   2 |   0 | 168 |  0 |   0 |   0 | 1.526983e+01 | 1.526984e+01 |   0.00%|  99.98%
  2.1s| 35200 |   119 |   360 |   0.0 |  1232k |  49 |   8 |   2 |  41 | 168 |  1 |   0 |   0 | 1.526983e+01 | 1.526984e+01 |   0.00%|  99.98%
  2.1s| 35300 |    95 |   360 |   0.0 |  1232k |  49 |   8 |   2 |  41 | 168 |  1 |   0 |   0 | 1.526983e+01 | 1.526984e+01 |   0.00%|  99.98%
 time | node  | left  |LP iter|LP it/n|mem/heur|mdpt |vars |cons |rows |cuts |sepa|confs|strbr|  dualbound   | primalbound  |  gap   | compl. 
  2.1s| 35400 |   103 |   360 |   0.0 |  1232k |  49 |   8 |   2 |   0 | 168 |  0 |   0 |   0 | 1.526983e+01 | 1.526984e+01 |   0.00%|  99.98%
  2.1s| 35500 |   139 |   360 |   0.0 |  1232k |  49 |   8 |   2 |  41 | 168 |  1 |   0 |   0 | 1.526983e+01 | 1.526984e+01 |   0.00%|  99.98%
  2.1s| 35600 |   135 |   360 |   0.0 |  1232k |  49 |   8 |   2 |  41 | 168 |  1 |   0 |   0 | 1.526983e+01 | 1.526984e+01 |   0.00%|  99.98%
  2.1s| 35700 |   121 |   360 |   0.0 |  1232k |  49 |   8 |   2 |   0 | 168 |  0 |   0 |   0 | 1.526983e+01 | 1.526984e+01 |   0.00%|  99.98%
  2.1s| 35800 |   147 |   360 |   0.0 |  1232k |  49 |   8 |   2 |   0 | 168 |  0 |   0 |   0 | 1.526983e+01 | 1.526984e+01 |   0.00%|  99.98%
  2.2s| 35900 |   131 |   360 |   0.0 |  1232k |  49 |   8 |   2 |   0 | 168 |  0 |   0 |   0 | 1.526983e+01 | 1.526984e+01 |   0.00%|  99.98%
  2.2s| 36000 |   121 |   360 |   0.0 |  1232k |  49 |   8 |   2 |  41 | 168 |  1 |   0 |   0 | 1.526983e+01 | 1.526984e+01 |   0.00%|  99.98%
  2.2s| 36100 |   107 |   360 |   0.0 |  1232k |  49 |   8 |   2 |   0 | 168 |  0 |   0 |   0 | 1.526983e+01 | 1.526984e+01 |   0.00%|  99.98%
  2.2s| 36200 |   137 |   360 |   0.0 |  1232k |  49 |   8 |   2 |  41 | 168 |  1 |   0 |   0 | 1.526983e+01 | 1.526984e+01 |   0.00%|  99.98%
  2.2s| 36300 |   115 |   360 |   0.0 |  1232k |  49 |   8 |   2 |   0 | 168 |  0 |   0 |   0 | 1.526983e+01 | 1.526984e+01 |   0.00%|  99.98%
  2.2s| 36400 |   131 |   360 |   0.0 |  1232k |  49 |   8 |   2 |   0 | 168 |  0 |   0 |   0 | 1.526983e+01 | 1.526984e+01 |   0.00%|  99.98%
  2.2s| 36500 |   131 |   360 |   0.0 |  1232k |  49 |   8 |   2 |   0 | 168 |  0 |   0 |   0 | 1.526983e+01 | 1.526984e+01 |   0.00%|  99.98%
  2.2s| 36600 |   143 |   360 |   0.0 |  1232k |  49 |   8 |   2 |   0 | 168 |  0 |   0 |   0 | 1.526983e+01 | 1.526984e+01 |   0.00%|  99.98%
  2.2s| 36700 |   153 |   360 |   0.0 |  1232k |  49 |   8 |   2 |   0 | 168 |  0 |   0 |   0 | 1.526983e+01 | 1.526984e+01 |   0.00%|  99.98%
  2.2s| 36800 |   135 |   360 |   0.0 |  1232k |  49 |   8 |   2 |  41 | 168 |  1 |   0 |   0 | 1.526983e+01 | 1.526984e+01 |   0.00%|  99.98%
 time | node  | left  |LP iter|LP it/n|mem/heur|mdpt |vars |cons |rows |cuts |sepa|confs|strbr|  dualbound   | primalbound  |  gap   | compl. 
  2.2s| 36900 |   139 |   360 |   0.0 |  1232k |  49 |   8 |   2 |  41 | 168 |  1 |   0 |   0 | 1.526983e+01 | 1.526984e+01 |   0.00%|  99.98%
  2.2s| 37000 |   125 |   360 |   0.0 |  1232k |  49 |   8 |   2 |   0 | 168 |  0 |   0 |   0 | 1.526983e+01 | 1.526984e+01 |   0.00%|  99.98%
  2.2s| 37100 |   107 |   360 |   0.0 |  1232k |  49 |   8 |   2 |   0 | 168 |  0 |   0 |   0 | 1.526983e+01 | 1.526984e+01 |   0.00%|  99.98%
  2.2s| 37200 |   117 |   360 |   0.0 |  1232k |  49 |   8 |   2 |   0 | 168 |  0 |   0 |   0 | 1.526983e+01 | 1.526984e+01 |   0.00%|  99.98%
  2.2s| 37300 |   123 |   360 |   0.0 |  1232k |  49 |   8 |   2 |  41 | 168 |  1 |   0 |   0 | 1.526983e+01 | 1.526984e+01 |   0.00%|  99.98%
  2.2s| 37400 |   123 |   360 |   0.0 |  1232k |  49 |   8 |   2 |   0 | 168 |  0 |   0 |   0 | 1.526983e+01 | 1.526984e+01 |   0.00%|  99.98%
  2.2s| 37500 |   151 |   360 |   0.0 |  1232k |  49 |   8 |   2 |   0 | 168 |  0 |   0 |   0 | 1.526983e+01 | 1.526984e+01 |   0.00%|  99.98%
  2.2s| 37600 |   149 |   360 |   0.0 |  1232k |  49 |   8 |   2 |   0 | 168 |  0 |   0 |   0 | 1.526983e+01 | 1.526984e+01 |   0.00%|  99.98%
  2.2s| 37700 |   139 |   360 |   0.0 |  1232k |  49 |   8 |   2 |   0 | 168 |  0 |   0 |   0 | 1.526983e+01 | 1.526984e+01 |   0.00%|  99.98%
  2.2s| 37800 |   127 |   360 |   0.0 |  1232k |  49 |   8 |   2 |   0 | 168 |  0 |   0 |   0 | 1.526983e+01 | 1.526984e+01 |   0.00%|  99.98%
  2.2s| 37900 |   137 |   360 |   0.0 |  1232k |  49 |   8 |   2 |   0 | 168 |  0 |   0 |   0 | 1.526983e+01 | 1.526984e+01 |   0.00%|  99.98%
  2.3s| 38000 |   119 |   360 |   0.0 |  1232k |  49 |   8 |   2 |  41 | 168 |  1 |   0 |   0 | 1.526983e+01 | 1.526984e+01 |   0.00%|  99.98%
  2.3s| 38100 |   135 |   360 |   0.0 |  1232k |  49 |   8 |   2 |  41 | 168 |  1 |   0 |   0 | 1.526983e+01 | 1.526984e+01 |   0.00%|  99.98%
  2.3s| 38200 |   125 |   360 |   0.0 |  1232k |  49 |   8 |   2 |   0 | 168 |  0 |   0 |   0 | 1.526983e+01 | 1.526984e+01 |   0.00%|  99.98%
  2.3s| 38300 |   123 |   360 |   0.0 |  1232k |  49 |   8 |   2 |   0 | 168 |  0 |   0 |   0 | 1.526983e+01 | 1.526984e+01 |   0.00%|  99.98%
 time | node  | left  |LP iter|LP it/n|mem/heur|mdpt |vars |cons |rows |cuts |sepa|confs|strbr|  dualbound   | primalbound  |  gap   | compl. 
  2.3s| 38400 |   129 |   360 |   0.0 |  1232k |  49 |   8 |   2 |  41 | 168 |  1 |   0 |   0 | 1.526983e+01 | 1.526984e+01 |   0.00%|  99.98%
  2.3s| 38500 |   119 |   360 |   0.0 |  1232k |  49 |   8 |   2 |   0 | 168 |  0 |   0 |   0 | 1.526983e+01 | 1.526984e+01 |   0.00%|  99.98%
  2.3s| 38600 |   101 |   360 |   0.0 |  1232k |  49 |   8 |   2 |  41 | 168 |  1 |   0 |   0 | 1.526983e+01 | 1.526984e+01 |   0.00%|  99.98%
  2.3s| 38700 |   141 |   360 |   0.0 |  1232k |  49 |   8 |   2 |   0 | 168 |  0 |   0 |   0 | 1.526983e+01 | 1.526984e+01 |   0.00%|  99.98%
  2.3s| 38800 |   117 |   360 |   0.0 |  1232k |  49 |   8 |   2 |   0 | 168 |  0 |   0 |   0 | 1.526983e+01 | 1.526984e+01 |   0.00%|  99.98%
  2.3s| 38900 |   139 |   360 |   0.0 |  1232k |  49 |   8 |   2 |   0 | 168 |  0 |   0 |   0 | 1.526983e+01 | 1.526984e+01 |   0.00%|  99.98%
  2.3s| 39000 |   135 |   360 |   0.0 |  1232k |  49 |   8 |   2 |   0 | 168 |  0 |   0 |   0 | 1.526983e+01 | 1.526984e+01 |   0.00%|  99.98%
  2.3s| 39100 |   117 |   360 |   0.0 |  1232k |  49 |   8 |   2 |  41 | 168 |  1 |   0 |   0 | 1.526983e+01 | 1.526984e+01 |   0.00%|  99.98%
  2.3s| 39200 |   113 |   360 |   0.0 |  1232k |  49 |   8 |   2 |  41 | 168 |  1 |   0 |   0 | 1.526983e+01 | 1.526984e+01 |   0.00%|  99.98%
  2.3s| 39300 |   101 |   360 |   0.0 |  1232k |  49 |   8 |   2 |  41 | 168 |  1 |   0 |   0 | 1.526983e+01 | 1.526984e+01 |   0.00%|  99.98%
  2.3s| 39400 |   121 |   360 |   0.0 |  1232k |  49 |   8 |   2 |  41 | 168 |  1 |   0 |   0 | 1.526983e+01 | 1.526984e+01 |   0.00%|  99.98%
  2.3s| 39500 |   101 |   360 |   0.0 |  1232k |  49 |   8 |   2 |   0 | 168 |  0 |   0 |   0 | 1.526983e+01 | 1.526984e+01 |   0.00%|  99.98%
  2.3s| 39600 |   107 |   360 |   0.0 |  1232k |  49 |   8 |   2 |   0 | 168 |  0 |   0 |   0 | 1.526983e+01 | 1.526984e+01 |   0.00%|  99.98%
  2.4s| 39700 |   147 |   360 |   0.0 |  1232k |  49 |   8 |   2 |   0 | 168 |  0 |   0 |   0 | 1.526983e+01 | 1.526984e+01 |   0.00%|  99.98%
  2.4s| 39800 |   139 |   360 |   0.0 |  1232k |  49 |   8 |   2 |   0 | 168 |  0 |   0 |   0 | 1.526983e+01 | 1.526984e+01 |   0.00%|  99.98%
 time | node  | left  |LP iter|LP it/n|mem/heur|mdpt |vars |cons |rows |cuts |sepa|confs|strbr|  dualbound   | primalbound  |  gap   | compl. 
  2.4s| 39900 |   129 |   360 |   0.0 |  1232k |  49 |   8 |   2 |   0 | 168 |  0 |   0 |   0 | 1.526983e+01 | 1.526984e+01 |   0.00%|  99.98%
  2.4s| 40000 |   121 |   360 |   0.0 |  1232k |  49 |   8 |   2 |  41 | 168 |  1 |   0 |   0 | 1.526983e+01 | 1.526984e+01 |   0.00%|  99.98%
  2.4s| 40100 |   121 |   360 |   0.0 |  1232k |  49 |   8 |   2 |  41 | 168 |  1 |   0 |   0 | 1.526983e+01 | 1.526984e+01 |   0.00%|  99.98%
  2.4s| 40200 |   117 |   360 |   0.0 |  1232k |  49 |   8 |   2 |  41 | 168 |  1 |   0 |   0 | 1.526983e+01 | 1.526984e+01 |   0.00%|  99.98%
  2.4s| 40300 |   115 |   360 |   0.0 |  1232k |  49 |   8 |   2 |   0 | 168 |  0 |   0 |   0 | 1.526983e+01 | 1.526984e+01 |   0.00%|  99.98%
  2.4s| 40400 |    89 |   360 |   0.0 |  1232k |  49 |   8 |   2 |  41 | 168 |  1 |   0 |   0 | 1.526983e+01 | 1.526984e+01 |   0.00%|  99.98%
  2.4s| 40500 |   107 |   360 |   0.0 |  1232k |  49 |   8 |   2 |   0 | 168 |  0 |   0 |   0 | 1.526983e+01 | 1.526984e+01 |   0.00%|  99.98%
  2.4s| 40600 |    93 |   360 |   0.0 |  1232k |  49 |   8 |   2 |  41 | 168 |  1 |   0 |   0 | 1.526983e+01 | 1.526984e+01 |   0.00%|  99.98%
  2.4s| 40700 |    89 |   360 |   0.0 |  1232k |  49 |   8 |   2 |   0 | 168 |  0 |   0 |   0 | 1.526983e+01 | 1.526984e+01 |   0.00%|  99.98%
  2.4s| 40800 |    97 |   360 |   0.0 |  1232k |  49 |   8 |   2 |   0 | 168 |  0 |   0 |   0 | 1.526983e+01 | 1.526984e+01 |   0.00%|  99.98%
  2.4s| 40900 |    91 |   360 |   0.0 |  1232k |  49 |   8 |   2 |   0 | 168 |  0 |   0 |   0 | 1.526983e+01 | 1.526984e+01 |   0.00%|  99.98%
  2.4s| 41000 |    91 |   360 |   0.0 |  1232k |  49 |   8 |   2 |   0 | 168 |  0 |   0 |   0 | 1.526983e+01 | 1.526984e+01 |   0.00%|  99.98%
  2.4s| 41100 |   117 |   360 |   0.0 |  1232k |  49 |   8 |   2 |  41 | 168 |  1 |   0 |   0 | 1.526983e+01 | 1.526984e+01 |   0.00%|  99.98%
  2.4s| 41200 |    89 |   360 |   0.0 |  1232k |  49 |   8 |   2 |   0 | 168 |  0 |   0 |   0 | 1.526983e+01 | 1.526984e+01 |   0.00%|  99.98%
  2.4s| 41300 |   125 |   360 |   0.0 |  1232k |  49 |   8 |   2 |   0 | 168 |  0 |   0 |   0 | 1.526983e+01 | 1.526984e+01 |   0.00%|  99.98%
 time | node  | left  |LP iter|LP it/n|mem/heur|mdpt |vars |cons |rows |cuts |sepa|confs|strbr|  dualbound   | primalbound  |  gap   | compl. 
  2.4s| 41400 |   125 |   360 |   0.0 |  1232k |  49 |   8 |   2 |  41 | 168 |  1 |   0 |   0 | 1.526983e+01 | 1.526984e+01 |   0.00%|  99.98%
  2.4s| 41500 |   111 |   360 |   0.0 |  1232k |  49 |   8 |   2 |   0 | 168 |  0 |   0 |   0 | 1.526983e+01 | 1.526984e+01 |   0.00%|  99.98%
  2.5s| 41600 |   113 |   360 |   0.0 |  1232k |  49 |   8 |   2 |  41 | 168 |  1 |   0 |   0 | 1.526983e+01 | 1.526984e+01 |   0.00%|  99.98%
  2.5s| 41700 |    95 |   360 |   0.0 |  1232k |  49 |   8 |   2 |   0 | 168 |  0 |   0 |   0 | 1.526983e+01 | 1.526984e+01 |   0.00%|  99.98%
  2.5s| 41800 |    95 |   360 |   0.0 |  1232k |  49 |   8 |   2 |   0 | 168 |  0 |   0 |   0 | 1.526983e+01 | 1.526984e+01 |   0.00%|  99.98%
  2.5s| 41900 |    87 |   360 |   0.0 |  1232k |  49 |   8 |   2 |   0 | 168 |  0 |   0 |   0 | 1.526983e+01 | 1.526984e+01 |   0.00%|  99.98%
  2.5s| 42000 |   121 |   360 |   0.0 |  1232k |  49 |   8 |   2 |   0 | 168 |  0 |   0 |   0 | 1.526983e+01 | 1.526984e+01 |   0.00%|  99.98%
  2.5s| 42100 |   113 |   360 |   0.0 |  1232k |  49 |   8 |   2 |  41 | 168 |  1 |   0 |   0 | 1.526983e+01 | 1.526984e+01 |   0.00%|  99.98%
  2.5s| 42200 |    93 |   360 |   0.0 |  1232k |  49 |   8 |   2 |  41 | 168 |  1 |   0 |   0 | 1.526983e+01 | 1.526984e+01 |   0.00%|  99.98%
  2.5s| 42300 |    85 |   360 |   0.0 |  1232k |  49 |   8 |   2 |  41 | 168 |  1 |   0 |   0 | 1.526983e+01 | 1.526984e+01 |   0.00%|  99.98%
  2.5s| 42400 |    91 |   360 |   0.0 |  1232k |  49 |   8 |   2 |   0 | 168 |  0 |   0 |   0 | 1.526983e+01 | 1.526984e+01 |   0.00%|  99.98%
  2.5s| 42500 |    91 |   360 |   0.0 |  1232k |  49 |   8 |   2 |   0 | 168 |  0 |   0 |   0 | 1.526983e+01 | 1.526984e+01 |   0.00%|  99.98%
  2.5s| 42600 |    91 |   360 |   0.0 |  1232k |  49 |   8 |   2 |   0 | 168 |  0 |   0 |   0 | 1.526983e+01 | 1.526984e+01 |   0.00%|  99.98%
  2.5s| 42700 |    77 |   360 |   0.0 |  1232k |  49 |   8 |   2 |  41 | 168 |  1 |   0 |   0 | 1.526983e+01 | 1.526984e+01 |   0.00%|  99.98%
  2.5s| 42800 |    85 |   360 |   0.0 |  1232k |  49 |   8 |   2 |  41 | 168 |  1 |   0 |   0 | 1.526983e+01 | 1.526984e+01 |   0.00%|  99.98%
 time | node  | left  |LP iter|LP it/n|mem/heur|mdpt |vars |cons |rows |cuts |sepa|confs|strbr|  dualbound   | primalbound  |  gap   | compl. 
  2.5s| 42900 |    91 |   360 |   0.0 |  1232k |  49 |   8 |   2 |   0 | 168 |  0 |   0 |   0 | 1.526983e+01 | 1.526984e+01 |   0.00%|  99.98%
  2.5s| 43000 |   129 |   360 |   0.0 |  1232k |  49 |   8 |   2 |   0 | 168 |  0 |   0 |   0 | 1.526983e+01 | 1.526984e+01 |   0.00%|  99.98%
  2.5s| 43100 |   115 |   360 |   0.0 |  1232k |  49 |   8 |   2 |   0 | 168 |  0 |   0 |   0 | 1.526983e+01 | 1.526984e+01 |   0.00%|  99.98%
  2.5s| 43200 |    89 |   360 |   0.0 |  1232k |  49 |   8 |   2 |  41 | 168 |  1 |   0 |   0 | 1.526983e+01 | 1.526984e+01 |   0.00%|  99.98%
  2.6s| 43300 |    97 |   360 |   0.0 |  1232k |  49 |   8 |   2 |  41 | 168 |  1 |   0 |   0 | 1.526983e+01 | 1.526984e+01 |   0.00%|  99.98%
  2.6s| 43400 |    95 |   360 |   0.0 |  1232k |  49 |   8 |   2 |   0 | 168 |  0 |   0 |   0 | 1.526983e+01 | 1.526984e+01 |   0.00%|  99.98%
  2.6s| 43500 |    87 |   360 |   0.0 |  1232k |  49 |   8 |   2 |   0 | 168 |  0 |   0 |   0 | 1.526983e+01 | 1.526984e+01 |   0.00%|  99.98%
  2.6s| 43600 |    97 |   360 |   0.0 |  1232k |  49 |   8 |   2 |  41 | 168 |  1 |   0 |   0 | 1.526983e+01 | 1.526984e+01 |   0.00%|  99.98%
  2.6s| 43700 |    73 |   360 |   0.0 |  1232k |  49 |   8 |   2 |  41 | 168 |  1 |   0 |   0 | 1.526983e+01 | 1.526984e+01 |   0.00%|  99.98%
  2.6s| 43800 |    53 |   360 |   0.0 |  1232k |  49 |   8 |   2 |  41 | 168 |  1 |   0 |   0 | 1.526983e+01 | 1.526984e+01 |   0.00%|  99.98%
  2.6s| 43900 |    89 |   363 |   0.0 |  1232k |  49 |   8 |   2 |   0 | 169 |  0 |   0 |   0 | 1.526983e+01 | 1.526984e+01 |   0.00%|  99.98%
  2.6s| 44000 |    81 |   363 |   0.0 |  1232k |  49 |   8 |   2 |   0 | 169 |  0 |   0 |   0 | 1.526983e+01 | 1.526984e+01 |   0.00%|  99.98%
  2.6s| 44100 |    89 |   364 |   0.0 |  1232k |  49 |   8 |   2 |  41 | 169 |  1 |   0 |   0 | 1.526983e+01 | 1.526984e+01 |   0.00%|  99.98%
  2.6s| 44200 |   165 |   365 |   0.0 |  1232k |  49 |   8 |   2 |  41 | 169 |  1 |   0 |   0 | 1.526983e+01 | 1.526984e+01 |   0.00%|  99.98%
  2.6s| 44300 |   201 |   365 |   0.0 |  1232k |  49 |   8 |   2 |  41 | 169 |  1 |   0 |   0 | 1.526983e+01 | 1.526984e+01 |   0.00%|  99.98%
 time | node  | left  |LP iter|LP it/n|mem/heur|mdpt |vars |cons |rows |cuts |sepa|confs|strbr|  dualbound   | primalbound  |  gap   | compl. 
  2.6s| 44400 |   217 |   366 |   0.0 |  1232k |  49 |   8 |   2 |  41 | 169 |  1 |   0 |   0 | 1.526983e+01 | 1.526984e+01 |   0.00%|  99.98%
  2.6s| 44500 |   205 |   366 |   0.0 |  1232k |  49 |   8 |   2 |  41 | 169 |  1 |   0 |   0 | 1.526983e+01 | 1.526984e+01 |   0.00%|  99.98%
  2.6s| 44600 |   189 |   366 |   0.0 |  1232k |  49 |   8 |   2 |  41 | 169 |  1 |   0 |   0 | 1.526983e+01 | 1.526984e+01 |   0.00%|  99.98%
  2.6s| 44700 |   165 |   367 |   0.0 |  1232k |  49 |   8 |   2 |   0 | 169 |  0 |   0 |   0 | 1.526983e+01 | 1.526984e+01 |   0.00%|  99.98%
  2.6s| 44800 |   141 |   367 |   0.0 |  1232k |  49 |   8 |   2 |   0 | 169 |  0 |   0 |   0 | 1.526983e+01 | 1.526984e+01 |   0.00%|  99.98%
  2.6s| 44900 |   113 |   367 |   0.0 |  1232k |  49 |   8 |   2 |  41 | 169 |  1 |   0 |   0 | 1.526983e+01 | 1.526984e+01 |   0.00%|  99.98%
  2.6s| 45000 |    85 |   367 |   0.0 |  1232k |  49 |   8 |   2 |   0 | 169 |  0 |   0 |   0 | 1.526983e+01 | 1.526984e+01 |   0.00%|  99.98%
  2.7s| 45100 |    81 |   367 |   0.0 |  1232k |  49 |   8 |   2 |  41 | 169 |  1 |   0 |   0 | 1.526983e+01 | 1.526984e+01 |   0.00%|  99.98%
  2.7s| 45200 |   103 |   367 |   0.0 |  1232k |  49 |   8 |   2 |   0 | 169 |  0 |   0 |   0 | 1.526983e+01 | 1.526984e+01 |   0.00%|  99.98%
  2.7s| 45300 |   117 |   367 |   0.0 |  1232k |  49 |   8 |   2 |   0 | 169 |  0 |   0 |   0 | 1.526983e+01 | 1.526984e+01 |   0.00%|  99.98%
  2.7s| 45400 |    93 |   367 |   0.0 |  1232k |  49 |   8 |   2 |   0 | 169 |  0 |   0 |   0 | 1.526983e+01 | 1.526984e+01 |   0.00%|  99.98%
  2.7s| 45500 |    93 |   367 |   0.0 |  1232k |  49 |   8 |   2 |   0 | 169 |  0 |   0 |   0 | 1.526983e+01 | 1.526984e+01 |   0.00%|  99.98%
  2.7s| 45600 |    89 |   367 |   0.0 |  1232k |  49 |   8 |   2 |  41 | 169 |  1 |   0 |   0 | 1.526983e+01 | 1.526984e+01 |   0.00%|  99.98%
  2.7s| 45700 |   121 |   367 |   0.0 |  1232k |  49 |   8 |   2 |  41 | 169 |  1 |   0 |   0 | 1.526983e+01 | 1.526984e+01 |   0.00%|  99.98%
  2.7s| 45800 |   117 |   367 |   0.0 |  1232k |  49 |   8 |   2 |   0 | 169 |  0 |   0 |   0 | 1.526983e+01 | 1.526984e+01 |   0.00%|  99.98%
 time | node  | left  |LP iter|LP it/n|mem/heur|mdpt |vars |cons |rows |cuts |sepa|confs|strbr|  dualbound   | primalbound  |  gap   | compl. 
  2.7s| 45900 |   123 |   367 |   0.0 |  1232k |  49 |   8 |   2 |   0 | 169 |  0 |   0 |   0 | 1.526983e+01 | 1.526984e+01 |   0.00%|  99.98%
  2.7s| 46000 |   129 |   367 |   0.0 |  1232k |  49 |   8 |   2 |  41 | 169 |  1 |   0 |   0 | 1.526983e+01 | 1.526984e+01 |   0.00%|  99.98%
  2.7s| 46100 |   141 |   367 |   0.0 |  1232k |  49 |   8 |   2 |   0 | 169 |  0 |   0 |   0 | 1.526983e+01 | 1.526984e+01 |   0.00%|  99.98%
  2.7s| 46200 |   133 |   367 |   0.0 |  1232k |  49 |   8 |   2 |   0 | 169 |  0 |   0 |   0 | 1.526983e+01 | 1.526984e+01 |   0.00%|  99.98%
  2.7s| 46300 |   119 |   367 |   0.0 |  1232k |  49 |   8 |   2 |   0 | 169 |  0 |   0 |   0 | 1.526983e+01 | 1.526984e+01 |   0.00%|  99.98%
  2.7s| 46400 |   117 |   367 |   0.0 |  1232k |  49 |   8 |   2 |   0 | 169 |  0 |   0 |   0 | 1.526983e+01 | 1.526984e+01 |   0.00%|  99.98%
  2.7s| 46500 |   125 |   367 |   0.0 |  1232k |  49 |   8 |   2 |  41 | 169 |  1 |   0 |   0 | 1.526983e+01 | 1.526984e+01 |   0.00%|  99.98%
  2.7s| 46600 |   103 |   367 |   0.0 |  1232k |  49 |   8 |   2 |   0 | 169 |  0 |   0 |   0 | 1.526983e+01 | 1.526984e+01 |   0.00%|  99.98%
  2.7s| 46700 |   101 |   367 |   0.0 |  1232k |  49 |   8 |   2 |  41 | 169 |  1 |   0 |   0 | 1.526983e+01 | 1.526984e+01 |   0.00%|  99.98%
  2.7s| 46800 |    97 |   367 |   0.0 |  1232k |  49 |   8 |   2 |   0 | 169 |  0 |   0 |   0 | 1.526983e+01 | 1.526984e+01 |   0.00%|  99.98%
  2.7s| 46900 |    77 |   367 |   0.0 |  1232k |  49 |   8 |   2 |   0 | 169 |  0 |   0 |   0 | 1.526983e+01 | 1.526984e+01 |   0.00%|  99.98%
  2.7s| 47000 |    89 |   367 |   0.0 |  1232k |  49 |   8 |   2 |  41 | 169 |  1 |   0 |   0 | 1.526983e+01 | 1.526984e+01 |   0.00%|  99.98%
  2.7s| 47100 |    73 |   367 |   0.0 |  1232k |  49 |   8 |   2 |   0 | 169 |  0 |   0 |   0 | 1.526983e+01 | 1.526984e+01 |   0.00%|  99.98%
  2.7s| 47200 |    93 |   368 |   0.0 |  1232k |  49 |   8 |   2 |  41 | 169 |  1 |   0 |   0 | 1.526983e+01 | 1.526984e+01 |   0.00%|  99.98%
  2.8s| 47300 |   153 |   369 |   0.0 |  1232k |  49 |   8 |   2 |  41 | 169 |  1 |   0 |   0 | 1.526983e+01 | 1.526984e+01 |   0.00%|  99.98%
 time | node  | left  |LP iter|LP it/n|mem/heur|mdpt |vars |cons |rows |cuts |sepa|confs|strbr|  dualbound   | primalbound  |  gap   | compl. 
  2.8s| 47400 |   181 |   369 |   0.0 |  1232k |  49 |   8 |   2 |  41 | 169 |  1 |   0 |   0 | 1.526983e+01 | 1.526984e+01 |   0.00%|  99.98%
  2.8s| 47500 |   181 |   369 |   0.0 |  1232k |  49 |   8 |   2 |   0 | 169 |  0 |   0 |   0 | 1.526983e+01 | 1.526984e+01 |   0.00%|  99.98%
  2.8s| 47600 |   177 |   369 |   0.0 |  1232k |  49 |   8 |   2 |  41 | 169 |  1 |   0 |   0 | 1.526983e+01 | 1.526984e+01 |   0.00%|  99.98%
  2.8s| 47700 |   165 |   369 |   0.0 |  1232k |  49 |   8 |   2 |  41 | 169 |  1 |   0 |   0 | 1.526983e+01 | 1.526984e+01 |   0.00%|  99.98%
  2.8s| 47800 |   141 |   369 |   0.0 |  1232k |  49 |   8 |   2 |   0 | 169 |  0 |   0 |   0 | 1.526983e+01 | 1.526984e+01 |   0.00%|  99.98%
  2.8s| 47900 |   129 |   369 |   0.0 |  1232k |  49 |   8 |   2 |  41 | 169 |  1 |   0 |   0 | 1.526983e+01 | 1.526984e+01 |   0.00%|  99.98%
  2.8s| 48000 |   103 |   369 |   0.0 |  1232k |  49 |   8 |   2 |   0 | 169 |  0 |   0 |   0 | 1.526983e+01 | 1.526984e+01 |   0.00%|  99.98%
  2.8s| 48100 |    75 |   369 |   0.0 |  1232k |  49 |   8 |   2 |   0 | 169 |  0 |   0 |   0 | 1.526983e+01 | 1.526984e+01 |   0.00%|  99.98%
  2.8s| 48200 |    77 |   369 |   0.0 |  1232k |  49 |   8 |   2 |  41 | 169 |  1 |   0 |   0 | 1.526983e+01 | 1.526984e+01 |   0.00%|  99.98%
  2.8s| 48300 |   113 |   369 |   0.0 |  1232k |  49 |   8 |   2 |  41 | 169 |  1 |   0 |   0 | 1.526983e+01 | 1.526984e+01 |   0.00%|  99.98%
  2.8s| 48400 |   109 |   369 |   0.0 |  1232k |  49 |   8 |   2 |  41 | 169 |  1 |   0 |   0 | 1.526983e+01 | 1.526984e+01 |   0.00%|  99.98%
  2.8s| 48500 |   111 |   369 |   0.0 |  1232k |  49 |   8 |   2 |   0 | 169 |  0 |   0 |   0 | 1.526983e+01 | 1.526984e+01 |   0.00%|  99.98%
  2.8s| 48600 |   101 |   369 |   0.0 |  1232k |  49 |   8 |   2 |   0 | 169 |  0 |   0 |   0 | 1.526983e+01 | 1.526984e+01 |   0.00%|  99.98%
  2.8s| 48700 |    81 |   369 |   0.0 |  1232k |  49 |   8 |   2 |  41 | 169 |  1 |   0 |   0 | 1.526983e+01 | 1.526984e+01 |   0.00%|  99.98%
  2.8s| 48800 |    97 |   369 |   0.0 |  1232k |  49 |   8 |   2 |  41 | 169 |  1 |   0 |   0 | 1.526983e+01 | 1.526984e+01 |   0.00%|  99.98%
 time | node  | left  |LP iter|LP it/n|mem/heur|mdpt |vars |cons |rows |cuts |sepa|confs|strbr|  dualbound   | primalbound  |  gap   | compl. 
  2.8s| 48900 |   109 |   369 |   0.0 |  1232k |  49 |   8 |   2 |  41 | 169 |  1 |   0 |   0 | 1.526983e+01 | 1.526984e+01 |   0.00%|  99.98%
  2.8s| 49000 |   117 |   369 |   0.0 |  1232k |  49 |   8 |   2 |   0 | 169 |  0 |   0 |   0 | 1.526983e+01 | 1.526984e+01 |   0.00%|  99.98%
  2.8s| 49100 |   109 |   369 |   0.0 |  1232k |  49 |   8 |   2 |  41 | 169 |  1 |   0 |   0 | 1.526983e+01 | 1.526984e+01 |   0.00%|  99.98%
  2.8s| 49200 |    85 |   369 |   0.0 |  1232k |  49 |   8 |   2 |  41 | 169 |  1 |   0 |   0 | 1.526983e+01 | 1.526984e+01 |   0.00%|  99.98%
  2.8s| 49300 |    89 |   369 |   0.0 |  1232k |  49 |   8 |   2 |   0 | 169 |  0 |   0 |   0 | 1.526983e+01 | 1.526984e+01 |   0.00%|  99.98%
  2.8s| 49400 |   111 |   369 |   0.0 |  1232k |  49 |   8 |   2 |   0 | 169 |  0 |   0 |   0 | 1.526983e+01 | 1.526984e+01 |   0.00%|  99.98%
  2.9s| 49500 |   121 |   369 |   0.0 |  1232k |  49 |   8 |   2 |  41 | 169 |  1 |   0 |   0 | 1.526983e+01 | 1.526984e+01 |   0.00%|  99.98%
  2.9s| 49600 |    99 |   369 |   0.0 |  1232k |  49 |   8 |   2 |   0 | 169 |  0 |   0 |   0 | 1.526983e+01 | 1.526984e+01 |   0.00%|  99.98%
  2.9s| 49700 |    85 |   369 |   0.0 |  1232k |  49 |   8 |   2 |  41 | 169 |  1 |   0 |   0 | 1.526983e+01 | 1.526984e+01 |   0.00%|  99.98%
  2.9s| 49800 |   121 |   369 |   0.0 |  1232k |  49 |   8 |   2 |   0 | 169 |  0 |   0 |   0 | 1.526983e+01 | 1.526984e+01 |   0.00%|  99.98%
  2.9s| 49900 |    97 |   369 |   0.0 |  1232k |  49 |   8 |   2 |  41 | 169 |  1 |   0 |   0 | 1.526983e+01 | 1.526984e+01 |   0.00%|  99.98%
  2.9s| 50000 |   101 |   369 |   0.0 |  1232k |  49 |   8 |   2 |  41 | 169 |  1 |   0 |   0 | 1.526983e+01 | 1.526984e+01 |   0.00%|  99.98%
  2.9s| 50100 |    89 |   369 |   0.0 |  1232k |  49 |   8 |   2 |   0 | 169 |  0 |   0 |   0 | 1.526983e+01 | 1.526984e+01 |   0.00%|  99.98%
  2.9s| 50200 |   121 |   369 |   0.0 |  1232k |  49 |   8 |   2 |  41 | 169 |  1 |   0 |   0 | 1.526983e+01 | 1.526984e+01 |   0.00%|  99.98%
  2.9s| 50300 |   125 |   369 |   0.0 |  1232k |  49 |   8 |   2 |   0 | 169 |  0 |   0 |   0 | 1.526983e+01 | 1.526984e+01 |   0.00%|  99.98%
 time | node  | left  |LP iter|LP it/n|mem/heur|mdpt |vars |cons |rows |cuts |sepa|confs|strbr|  dualbound   | primalbound  |  gap   | compl. 
  2.9s| 50400 |   129 |   369 |   0.0 |  1232k |  49 |   8 |   2 |  41 | 169 |  1 |   0 |   0 | 1.526983e+01 | 1.526984e+01 |   0.00%|  99.98%
  2.9s| 50500 |   117 |   369 |   0.0 |  1232k |  49 |   8 |   2 |  41 | 169 |  1 |   0 |   0 | 1.526983e+01 | 1.526984e+01 |   0.00%|  99.98%
  2.9s| 50600 |    95 |   369 |   0.0 |  1232k |  49 |   8 |   2 |   0 | 169 |  0 |   0 |   0 | 1.526983e+01 | 1.526984e+01 |   0.00%|  99.98%
  2.9s| 50700 |   101 |   369 |   0.0 |  1232k |  49 |   8 |   2 |   0 | 169 |  0 |   0 |   0 | 1.526983e+01 | 1.526984e+01 |   0.00%|  99.98%
  2.9s| 50800 |   105 |   369 |   0.0 |  1232k |  49 |   8 |   2 |  41 | 169 |  1 |   0 |   0 | 1.526983e+01 | 1.526984e+01 |   0.00%|  99.98%
  2.9s| 50900 |    77 |   369 |   0.0 |  1232k |  49 |   8 |   2 |  41 | 169 |  1 |   0 |   0 | 1.526983e+01 | 1.526984e+01 |   0.00%|  99.98%
  2.9s| 51000 |   113 |   369 |   0.0 |  1232k |  49 |   8 |   2 |   0 | 169 |  0 |   0 |   0 | 1.526983e+01 | 1.526984e+01 |   0.00%|  99.98%
  2.9s| 51100 |   113 |   369 |   0.0 |  1232k |  49 |   8 |   2 |  41 | 169 |  1 |   0 |   0 | 1.526983e+01 | 1.526984e+01 |   0.00%|  99.98%
  2.9s| 51200 |   113 |   369 |   0.0 |  1232k |  49 |   8 |   2 |  41 | 169 |  1 |   0 |   0 | 1.526983e+01 | 1.526984e+01 |   0.00%|  99.98%
  3.0s| 51300 |   109 |   369 |   0.0 |  1232k |  49 |   8 |   2 |   0 | 169 |  0 |   0 |   0 | 1.526983e+01 | 1.526984e+01 |   0.00%|  99.98%
  3.0s| 51400 |    95 |   369 |   0.0 |  1232k |  49 |   8 |   2 |   0 | 169 |  0 |   0 |   0 | 1.526983e+01 | 1.526984e+01 |   0.00%|  99.98%
  3.0s| 51500 |    85 |   369 |   0.0 |  1232k |  49 |   8 |   2 |   0 | 169 |  0 |   0 |   0 | 1.526983e+01 | 1.526984e+01 |   0.00%|  99.98%
  3.0s| 51600 |    73 |   369 |   0.0 |  1232k |  49 |   8 |   2 |  41 | 169 |  1 |   0 |   0 | 1.526983e+01 | 1.526984e+01 |   0.00%|  99.98%
  3.0s| 51700 |    73 |   369 |   0.0 |  1232k |  49 |   8 |   2 |  41 | 169 |  1 |   0 |   0 | 1.526983e+01 | 1.526984e+01 |   0.00%|  99.98%
  3.0s| 51800 |   127 |   369 |   0.0 |  1232k |  49 |   8 |   2 |  41 | 169 |  1 |   0 |   0 | 1.526983e+01 | 1.526984e+01 |   0.00%|  99.98%
 time | node  | left  |LP iter|LP it/n|mem/heur|mdpt |vars |cons |rows |cuts |sepa|confs|strbr|  dualbound   | primalbound  |  gap   | compl. 
  3.0s| 51900 |   115 |   369 |   0.0 |  1232k |  49 |   8 |   2 |   0 | 169 |  0 |   0 |   0 | 1.526983e+01 | 1.526984e+01 |   0.00%|  99.98%
  3.0s| 52000 |    89 |   369 |   0.0 |  1232k |  49 |   8 |   2 |   0 | 169 |  0 |   0 |   0 | 1.526983e+01 | 1.526984e+01 |   0.00%|  99.98%
  3.0s| 52100 |    83 |   369 |   0.0 |  1232k |  49 |   8 |   2 |   0 | 169 |  0 |   0 |   0 | 1.526983e+01 | 1.526984e+01 |   0.00%|  99.98%
  3.0s| 52200 |    95 |   369 |   0.0 |  1232k |  49 |   8 |   2 |  41 | 169 |  1 |   0 |   0 | 1.526983e+01 | 1.526984e+01 |   0.00%|  99.98%
  3.0s| 52300 |   123 |   369 |   0.0 |  1232k |  49 |   8 |   2 |   0 | 169 |  0 |   0 |   0 | 1.526983e+01 | 1.526984e+01 |   0.00%|  99.98%
  3.0s| 52400 |   123 |   369 |   0.0 |  1232k |  49 |   8 |   2 |  41 | 169 |  1 |   0 |   0 | 1.526983e+01 | 1.526984e+01 |   0.00%|  99.98%
  3.0s| 52500 |   113 |   369 |   0.0 |  1232k |  49 |   8 |   2 |   0 | 169 |  0 |   0 |   0 | 1.526983e+01 | 1.526984e+01 |   0.00%|  99.98%
  3.0s| 52600 |   117 |   369 |   0.0 |  1232k |  49 |   8 |   2 |   0 | 169 |  0 |   0 |   0 | 1.526983e+01 | 1.526984e+01 |   0.00%|  99.98%
  3.0s| 52700 |   115 |   369 |   0.0 |  1232k |  49 |   8 |   2 |   0 | 169 |  0 |   0 |   0 | 1.526983e+01 | 1.526984e+01 |   0.00%|  99.98%
  3.0s| 52800 |    95 |   369 |   0.0 |  1232k |  49 |   8 |   2 |   0 | 169 |  0 |   0 |   0 | 1.526983e+01 | 1.526984e+01 |   0.00%|  99.98%
  3.0s| 52900 |    75 |   369 |   0.0 |  1232k |  49 |   8 |   2 |  41 | 169 |  1 |   0 |   0 | 1.526983e+01 | 1.526984e+01 |   0.00%|  99.98%
  3.0s| 53000 |    73 |   369 |   0.0 |  1232k |  49 |   8 |   2 |   0 | 169 |  0 |   0 |   0 | 1.526983e+01 | 1.526984e+01 |   0.00%|  99.98%
  3.0s| 53100 |    87 |   369 |   0.0 |  1232k |  49 |   8 |   2 |  41 | 169 |  1 |   0 |   0 | 1.526983e+01 | 1.526984e+01 |   0.00%|  99.98%
  3.0s| 53200 |    71 |   369 |   0.0 |  1232k |  49 |   8 |   2 |   0 | 169 |  0 |   0 |   0 | 1.526983e+01 | 1.526984e+01 |   0.00%|  99.98%
  3.1s| 53300 |    55 |   369 |   0.0 |  1232k |  49 |   8 |   2 |  41 | 169 |  1 |   0 |   0 | 1.526983e+01 | 1.526984e+01 |   0.00%|  99.98%
 time | node  | left  |LP iter|LP it/n|mem/heur|mdpt |vars |cons |rows |cuts |sepa|confs|strbr|  dualbound   | primalbound  |  gap   | compl. 
  3.1s| 53400 |    87 |   369 |   0.0 |  1232k |  49 |   8 |   2 |   0 | 169 |  0 |   0 |   0 | 1.526983e+01 | 1.526984e+01 |   0.00%|  99.98%
  3.1s| 53500 |   127 |   369 |   0.0 |  1232k |  49 |   8 |   2 |   0 | 169 |  0 |   0 |   0 | 1.526983e+01 | 1.526984e+01 |   0.00%|  99.98%
  3.1s| 53600 |   119 |   369 |   0.0 |  1232k |  49 |   8 |   2 |  41 | 169 |  1 |   0 |   0 | 1.526983e+01 | 1.526984e+01 |   0.00%|  99.98%
  3.1s| 53700 |    95 |   369 |   0.0 |  1232k |  49 |   8 |   2 |   0 | 169 |  0 |   0 |   0 | 1.526983e+01 | 1.526984e+01 |   0.00%|  99.98%
  3.1s| 53800 |    71 |   369 |   0.0 |  1232k |  49 |   8 |   2 |  41 | 169 |  1 |   0 |   0 | 1.526983e+01 | 1.526984e+01 |   0.00%|  99.98%
  3.1s| 53900 |    89 |   369 |   0.0 |  1232k |  49 |   8 |   2 |  41 | 169 |  1 |   0 |   0 | 1.526983e+01 | 1.526984e+01 |   0.00%|  99.98%
  3.1s| 54000 |   105 |   369 |   0.0 |  1232k |  49 |   8 |   2 |  41 | 169 |  1 |   0 |   0 | 1.526983e+01 | 1.526984e+01 |   0.00%|  99.98%
  3.1s| 54100 |   105 |   369 |   0.0 |  1232k |  49 |   8 |   2 |  41 | 169 |  1 |   0 |   0 | 1.526983e+01 | 1.526984e+01 |   0.00%|  99.98%
  3.1s| 54200 |   105 |   369 |   0.0 |  1232k |  49 |   8 |   2 |  41 | 169 |  1 |   0 |   0 | 1.526983e+01 | 1.526984e+01 |   0.00%|  99.98%
  3.1s| 54300 |   103 |   369 |   0.0 |  1232k |  49 |   8 |   2 |   0 | 169 |  0 |   0 |   0 | 1.526983e+01 | 1.526984e+01 |   0.00%|  99.98%
  3.1s| 54400 |    83 |   369 |   0.0 |  1232k |  49 |   8 |   2 |   0 | 169 |  0 |   0 |   0 | 1.526983e+01 | 1.526984e+01 |   0.00%|  99.98%
  3.1s| 54500 |    65 |   369 |   0.0 |  1232k |  49 |   8 |   2 |   0 | 169 |  0 |   0 |   0 | 1.526983e+01 | 1.526984e+01 |   0.00%|  99.98%
  3.1s| 54600 |    57 |   369 |   0.0 |  1232k |  49 |   8 |   2 |  41 | 169 |  1 |   0 |   0 | 1.526983e+01 | 1.526984e+01 |   0.00%|  99.98%
  3.1s| 54700 |    29 |   369 |   0.0 |  1232k |  49 |   8 |   2 |  41 | 169 |  1 |   0 |   0 | 1.526983e+01 | 1.526984e+01 |   0.00%|  99.98%
  3.1s| 54800 |    29 |   369 |   0.0 |  1232k |  49 |   8 |   2 |  41 | 169 |  1 |   0 |   0 | 1.526983e+01 | 1.526984e+01 |   0.00%|  99.98%
 time | node  | left  |LP iter|LP it/n|mem/heur|mdpt |vars |cons |rows |cuts |sepa|confs|strbr|  dualbound   | primalbound  |  gap   | compl. 
  3.1s| 54900 |    33 |   369 |   0.0 |  1232k |  49 |   8 |   2 |  41 | 169 |  1 |   0 |   0 | 1.526983e+01 | 1.526984e+01 |   0.00%|  99.98%
  3.1s| 55000 |    29 |   369 |   0.0 |  1232k |  49 |   8 |   2 |  41 | 169 |  1 |   0 |   0 | 1.526983e+01 | 1.526984e+01 |   0.00%|  99.98%
  3.1s| 55100 |    31 |   369 |   0.0 |  1232k |  49 |   8 |   2 |   0 | 169 |  0 |   0 |   0 | 1.526983e+01 | 1.526984e+01 |   0.00%|  99.98%
  3.1s| 55200 |    29 |   369 |   0.0 |  1232k |  49 |   8 |   2 |  41 | 169 |  1 |   0 |   0 | 1.526983e+01 | 1.526984e+01 |   0.00%|  99.98%
  3.2s| 55300 |    29 |   369 |   0.0 |  1232k |  49 |   8 |   2 |  41 | 169 |  1 |   0 |   0 | 1.526983e+01 | 1.526984e+01 |   0.00%|  99.98%
  3.2s| 55400 |    29 |   369 |   0.0 |  1232k |  49 |   8 |   2 |  41 | 169 |  1 |   0 |   0 | 1.526983e+01 | 1.526984e+01 |   0.00%|  99.98%
  3.2s| 55500 |    29 |   369 |   0.0 |  1232k |  49 |   8 |   2 |   0 | 169 |  0 |   0 |   0 | 1.526983e+01 | 1.526984e+01 |   0.00%|  99.98%
  3.2s| 55600 |    29 |   369 |   0.0 |  1232k |  49 |   8 |   2 |  41 | 169 |  1 |   0 |   0 | 1.526983e+01 | 1.526984e+01 |   0.00%|  99.98%
  3.2s| 55700 |    29 |   369 |   0.0 |  1232k |  49 |   8 |   2 |  41 | 169 |  1 |   0 |   0 | 1.526983e+01 | 1.526984e+01 |   0.00%|  99.98%
  3.2s| 55800 |    29 |   369 |   0.0 |  1232k |  49 |   8 |   2 |  41 | 169 |  1 |   0 |   0 | 1.526983e+01 | 1.526984e+01 |   0.00%|  99.98%
  3.2s| 55900 |    23 |   369 |   0.0 |  1232k |  49 |   8 |   2 |   0 | 169 |  0 |   0 |   0 | 1.526983e+01 | 1.526984e+01 |   0.00%|  99.98%
  3.2s| 56000 |    35 |   370 |   0.0 |  1232k |  49 |   8 |   2 |   0 | 169 |  0 |   0 |   0 | 1.526983e+01 | 1.526984e+01 |   0.00%|  99.98%
  3.2s| 56100 |    37 |   370 |   0.0 |  1232k |  49 |   8 |   2 |   0 | 169 |  0 |   0 |   0 | 1.526983e+01 | 1.526984e+01 |   0.00%|  99.99%
  3.2s| 56200 |    39 |   370 |   0.0 |  1232k |  49 |   8 |   2 |   0 | 169 |  0 |   0 |   0 | 1.526983e+01 | 1.526984e+01 |   0.00%|  99.99%
  3.2s| 56300 |    37 |   370 |   0.0 |  1232k |  49 |   8 |   2 |  41 | 169 |  1 |   0 |   0 | 1.526983e+01 | 1.526984e+01 |   0.00%|  99.99%
 time | node  | left  |LP iter|LP it/n|mem/heur|mdpt |vars |cons |rows |cuts |sepa|confs|strbr|  dualbound   | primalbound  |  gap   | compl. 
  3.2s| 56400 |    39 |   370 |   0.0 |  1232k |  49 |   8 |   2 |   0 | 169 |  0 |   0 |   0 | 1.526983e+01 | 1.526984e+01 |   0.00%|  99.99%
  3.2s| 56500 |    37 |   370 |   0.0 |  1232k |  49 |   8 |   2 |   0 | 169 |  0 |   0 |   0 | 1.526983e+01 | 1.526984e+01 |   0.00%|  99.99%
  3.2s| 56600 |    35 |   370 |   0.0 |  1232k |  49 |   8 |   2 |   0 | 169 |  0 |   0 |   0 | 1.526983e+01 | 1.526984e+01 |   0.00%|  99.99%
  3.2s| 56700 |    37 |   370 |   0.0 |  1232k |  49 |   8 |   2 |  41 | 169 |  1 |   0 |   0 | 1.526983e+01 | 1.526984e+01 |   0.00%|  99.99%
  3.2s| 56800 |    35 |   371 |   0.0 |  1232k |  49 |   8 |   2 |   0 | 169 |  0 |   0 |   0 | 1.526983e+01 | 1.526984e+01 |   0.00%|  99.99%
  3.2s| 56900 |    37 |   371 |   0.0 |  1232k |  49 |   8 |   2 |  41 | 169 |  1 |   0 |   0 | 1.526983e+01 | 1.526984e+01 |   0.00%|  99.99%
  3.3s| 57000 |    35 |   371 |   0.0 |  1232k |  49 |   8 |   2 |   0 | 169 |  0 |   0 |   0 | 1.526983e+01 | 1.526984e+01 |   0.00%|  99.99%
  3.3s| 57100 |    31 |   371 |   0.0 |  1232k |  49 |   8 |   2 |   0 | 169 |  0 |   0 |   0 | 1.526983e+01 | 1.526984e+01 |   0.00%|  99.99%
  3.3s| 57200 |    33 |   371 |   0.0 |  1232k |  49 |   8 |   2 |  41 | 169 |  1 |   0 |   0 | 1.526983e+01 | 1.526984e+01 |   0.00%|  99.99%
  3.3s| 57300 |    35 |   371 |   0.0 |  1232k |  49 |   8 |   2 |   0 | 169 |  0 |   0 |   0 | 1.526983e+01 | 1.526984e+01 |   0.00%|  99.99%
  3.3s| 57400 |    33 |   371 |   0.0 |  1232k |  49 |   8 |   2 |  41 | 169 |  1 |   0 |   0 | 1.526983e+01 | 1.526984e+01 |   0.00%|  99.99%
  3.3s| 57500 |    33 |   371 |   0.0 |  1232k |  49 |   8 |   2 |  41 | 169 |  1 |   0 |   0 | 1.526983e+01 | 1.526984e+01 |   0.00%|  99.99%
  3.3s| 57600 |    33 |   371 |   0.0 |  1232k |  49 |   8 |   2 |  41 | 169 |  1 |   0 |   0 | 1.526983e+01 | 1.526984e+01 |   0.00%|  99.99%
  3.3s| 57700 |    33 |   371 |   0.0 |  1232k |  49 |   8 |   2 |  41 | 169 |  1 |   0 |   0 | 1.526983e+01 | 1.526984e+01 |   0.00%|  99.99%
  3.3s| 57800 |    33 |   371 |   0.0 |  1232k |  49 |   8 |   2 |   0 | 169 |  0 |   0 |   0 | 1.526983e+01 | 1.526984e+01 |   0.00%|  99.99%
 time | node  | left  |LP iter|LP it/n|mem/heur|mdpt |vars |cons |rows |cuts |sepa|confs|strbr|  dualbound   | primalbound  |  gap   | compl. 
  3.3s| 57900 |    29 |   371 |   0.0 |  1232k |  49 |   8 |   2 |   0 | 169 |  0 |   0 |   0 | 1.526983e+01 | 1.526984e+01 |   0.00%|  99.99%
  3.3s| 58000 |    33 |   371 |   0.0 |  1232k |  49 |   8 |   2 |  41 | 169 |  1 |   0 |   0 | 1.526983e+01 | 1.526984e+01 |   0.00%|  99.99%
  3.3s| 58100 |    33 |   371 |   0.0 |  1232k |  49 |   8 |   2 |   0 | 169 |  0 |   0 |   0 | 1.526983e+01 | 1.526984e+01 |   0.00%|  99.99%
  3.3s| 58200 |    33 |   371 |   0.0 |  1232k |  49 |   8 |   2 |  41 | 169 |  1 |   0 |   0 | 1.526983e+01 | 1.526984e+01 |   0.00%|  99.99%
  3.3s| 58300 |    33 |   371 |   0.0 |  1232k |  49 |   8 |   2 |  41 | 169 |  1 |   0 |   0 | 1.526983e+01 | 1.526984e+01 |   0.00%|  99.99%
  3.3s| 58400 |    33 |   371 |   0.0 |  1232k |  49 |   8 |   2 |  41 | 169 |  1 |   0 |   0 | 1.526983e+01 | 1.526984e+01 |   0.00%|  99.99%
  3.3s| 58500 |    33 |   371 |   0.0 |  1232k |  49 |   8 |   2 |  41 | 169 |  1 |   0 |   0 | 1.526983e+01 | 1.526984e+01 |   0.00%|  99.99%
  3.3s| 58600 |    29 |   371 |   0.0 |  1232k |  49 |   8 |   2 |   0 | 169 |  0 |   0 |   0 | 1.526983e+01 | 1.526984e+01 |   0.00%|  99.99%
  3.3s| 58700 |    31 |   371 |   0.0 |  1232k |  49 |   8 |   2 |   0 | 169 |  0 |   0 |   0 | 1.526983e+01 | 1.526984e+01 |   0.00%|  99.99%
  3.3s| 58800 |    33 |   371 |   0.0 |  1232k |  49 |   8 |   2 |  41 | 169 |  1 |   0 |   0 | 1.526983e+01 | 1.526984e+01 |   0.00%|  99.99%
  3.3s| 58900 |    33 |   371 |   0.0 |  1232k |  49 |   8 |   2 |  41 | 169 |  1 |   0 |   0 | 1.526983e+01 | 1.526984e+01 |   0.00%|  99.99%
  3.4s| 59000 |    33 |   371 |   0.0 |  1232k |  49 |   8 |   2 |  41 | 169 |  1 |   0 |   0 | 1.526983e+01 | 1.526984e+01 |   0.00%|  99.99%
  3.4s| 59100 |    31 |   371 |   0.0 |  1232k |  49 |   8 |   2 |   0 | 169 |  0 |   0 |   0 | 1.526983e+01 | 1.526984e+01 |   0.00%|  99.99%
  3.4s| 59200 |    29 |   371 |   0.0 |  1232k |  49 |   8 |   2 |  41 | 169 |  1 |   0 |   0 | 1.526984e+01 | 1.526984e+01 |   0.00%|  99.99%
  3.4s| 59300 |    33 |   371 |   0.0 |  1232k |  49 |   8 |   2 |  41 | 169 |  1 |   0 |   0 | 1.526984e+01 | 1.526984e+01 |   0.00%|  99.99%
 time | node  | left  |LP iter|LP it/n|mem/heur|mdpt |vars |cons |rows |cuts |sepa|confs|strbr|  dualbound   | primalbound  |  gap   | compl. 
  3.4s| 59400 |    33 |   371 |   0.0 |  1232k |  49 |   8 |   2 |  41 | 169 |  1 |   0 |   0 | 1.526984e+01 | 1.526984e+01 |   0.00%|  99.99%
  3.4s| 59500 |    33 |   371 |   0.0 |  1232k |  49 |   8 |   2 |  41 | 169 |  1 |   0 |   0 | 1.526984e+01 | 1.526984e+01 |   0.00%|  99.99%
  3.4s| 59600 |    29 |   371 |   0.0 |  1232k |  49 |   8 |   2 |   0 | 169 |  0 |   0 |   0 | 1.526984e+01 | 1.526984e+01 |   0.00%|  99.99%
  3.4s| 59700 |    29 |   371 |   0.0 |  1232k |  49 |   8 |   2 |  41 | 169 |  1 |   0 |   0 | 1.526984e+01 | 1.526984e+01 |   0.00%|  99.99%
  3.4s| 59800 |    31 |   371 |   0.0 |  1232k |  49 |   8 |   2 |   0 | 169 |  0 |   0 |   0 | 1.526984e+01 | 1.526984e+01 |   0.00%|  99.99%
  3.4s| 59900 |    33 |   371 |   0.0 |  1232k |  49 |   8 |   2 |  41 | 169 |  1 |   0 |   0 | 1.526984e+01 | 1.526984e+01 |   0.00%|  99.99%
  3.4s| 60000 |    29 |   371 |   0.0 |  1232k |  49 |   8 |   2 |  41 | 169 |  1 |   0 |   0 | 1.526984e+01 | 1.526984e+01 |   0.00%|  99.99%
  3.4s| 60100 |    31 |   371 |   0.0 |  1232k |  49 |   8 |   2 |   0 | 169 |  0 |   0 |   0 | 1.526984e+01 | 1.526984e+01 |   0.00%|  99.99%
  3.4s| 60200 |    29 |   371 |   0.0 |  1232k |  49 |   8 |   2 |   0 | 169 |  0 |   0 |   0 | 1.526984e+01 | 1.526984e+01 |   0.00%|  99.99%
  3.4s| 60300 |    29 |   371 |   0.0 |  1232k |  49 |   8 |   2 |  41 | 169 |  1 |   0 |   0 | 1.526984e+01 | 1.526984e+01 |   0.00%|  99.99%
  3.4s| 60400 |    33 |   371 |   0.0 |  1232k |  49 |   8 |   2 |  41 | 169 |  1 |   0 |   0 | 1.526984e+01 | 1.526984e+01 |   0.00%|  99.99%
  3.4s| 60500 |    29 |   371 |   0.0 |  1232k |  49 |   8 |   2 |  41 | 169 |  1 |   0 |   0 | 1.526984e+01 | 1.526984e+01 |   0.00%|  99.99%
  3.4s| 60600 |    29 |   371 |   0.0 |  1232k |  49 |   8 |   2 |   0 | 169 |  0 |   0 |   0 | 1.526984e+01 | 1.526984e+01 |   0.00%|  99.99%
  3.4s| 60700 |    29 |   371 |   0.0 |  1232k |  49 |   8 |   2 |  41 | 169 |  1 |   0 |   0 | 1.526984e+01 | 1.526984e+01 |   0.00%|  99.99%
  3.4s| 60800 |    29 |   371 |   0.0 |  1232k |  49 |   8 |   2 |  41 | 169 |  1 |   0 |   0 | 1.526984e+01 | 1.526984e+01 |   0.00%|  99.99%
 time | node  | left  |LP iter|LP it/n|mem/heur|mdpt |vars |cons |rows |cuts |sepa|confs|strbr|  dualbound   | primalbound  |  gap   | compl. 
  3.4s| 60900 |    29 |   371 |   0.0 |  1232k |  49 |   8 |   2 |  41 | 169 |  1 |   0 |   0 | 1.526984e+01 | 1.526984e+01 |   0.00%|  99.99%
  3.5s| 61000 |    29 |   371 |   0.0 |  1232k |  49 |   8 |   2 |  41 | 169 |  1 |   0 |   0 | 1.526984e+01 | 1.526984e+01 |   0.00%|  99.99%
  3.5s| 61100 |    27 |   371 |   0.0 |  1232k |  49 |   8 |   2 |   0 | 169 |  0 |   0 |   0 | 1.526984e+01 | 1.526984e+01 |   0.00%|  99.99%
  3.5s| 61200 |    29 |   371 |   0.0 |  1232k |  49 |   8 |   2 |  41 | 169 |  1 |   0 |   0 | 1.526984e+01 | 1.526984e+01 |   0.00%|  99.99%
  3.5s| 61300 |    25 |   371 |   0.0 |  1232k |  49 |   8 |   2 |   0 | 169 |  0 |   0 |   0 | 1.526984e+01 | 1.526984e+01 |   0.00%|  99.99%
  3.5s| 61400 |    29 |   371 |   0.0 |  1232k |  49 |   8 |   2 |  41 | 169 |  1 |   0 |   0 | 1.526984e+01 | 1.526984e+01 |   0.00%|  99.99%
  3.5s| 61500 |    29 |   372 |   0.0 |  1232k |  49 |   8 |   2 |  41 | 169 |  1 |   0 |   0 | 1.526984e+01 | 1.526984e+01 |   0.00%|  99.99%
  3.5s| 61600 |    33 |   372 |   0.0 |  1232k |  49 |   8 |   2 |  41 | 169 |  1 |   0 |   0 | 1.526984e+01 | 1.526984e+01 |   0.00%|  99.99%
  3.5s| 61700 |    33 |   372 |   0.0 |  1232k |  49 |   8 |   2 |  41 | 169 |  1 |   0 |   0 | 1.526984e+01 | 1.526984e+01 |   0.00%|  99.99%
  3.5s| 61800 |    33 |   372 |   0.0 |  1232k |  49 |   8 |   2 |  41 | 169 |  1 |   0 |   0 | 1.526984e+01 | 1.526984e+01 |   0.00%|  99.99%
  3.5s| 61900 |    31 |   372 |   0.0 |  1232k |  49 |   8 |   2 |   0 | 169 |  0 |   0 |   0 | 1.526984e+01 | 1.526984e+01 |   0.00%|  99.99%
  3.5s| 62000 |    33 |   372 |   0.0 |  1232k |  49 |   8 |   2 |  41 | 169 |  1 |   0 |   0 | 1.526984e+01 | 1.526984e+01 |   0.00%|  99.99%
  3.5s| 62100 |    29 |   372 |   0.0 |  1232k |  49 |   8 |   2 |  41 | 169 |  1 |   0 |   0 | 1.526984e+01 | 1.526984e+01 |   0.00%|  99.99%
  3.5s| 62200 |    27 |   372 |   0.0 |  1232k |  49 |   8 |   2 |   0 | 169 |  0 |   0 |   0 | 1.526984e+01 | 1.526984e+01 |   0.00%|  99.99%
  3.5s| 62300 |    33 |   373 |   0.0 |  1232k |  49 |   8 |   2 |  41 | 169 |  1 |   0 |   0 | 1.526984e+01 | 1.526984e+01 |   0.00%|  99.99%
 time | node  | left  |LP iter|LP it/n|mem/heur|mdpt |vars |cons |rows |cuts |sepa|confs|strbr|  dualbound   | primalbound  |  gap   | compl. 
  3.5s| 62400 |    33 |   373 |   0.0 |  1232k |  49 |   8 |   2 |  41 | 169 |  1 |   0 |   0 | 1.526984e+01 | 1.526984e+01 |   0.00%|  99.99%
  3.5s| 62500 |    33 |   373 |   0.0 |  1232k |  49 |   8 |   2 |  41 | 169 |  1 |   0 |   0 | 1.526984e+01 | 1.526984e+01 |   0.00%|  99.99%
  3.5s| 62600 |    31 |   373 |   0.0 |  1232k |  49 |   8 |   2 |   0 | 169 |  0 |   0 |   0 | 1.526984e+01 | 1.526984e+01 |   0.00%|  99.99%
  3.5s| 62700 |    31 |   373 |   0.0 |  1232k |  49 |   8 |   2 |   0 | 169 |  0 |   0 |   0 | 1.526984e+01 | 1.526984e+01 |   0.00%|  99.99%
  3.5s| 62800 |    29 |   373 |   0.0 |  1232k |  49 |   8 |   2 |   0 | 169 |  0 |   0 |   0 | 1.526984e+01 | 1.526984e+01 |   0.00%|  99.99%
  3.5s| 62900 |    29 |   373 |   0.0 |  1232k |  49 |   8 |   2 |  41 | 169 |  1 |   0 |   0 | 1.526984e+01 | 1.526984e+01 |   0.00%|  99.99%
  3.5s| 63000 |    29 |   373 |   0.0 |  1232k |  49 |   8 |   2 |  41 | 169 |  1 |   0 |   0 | 1.526984e+01 | 1.526984e+01 |   0.00%|  99.99%
  3.5s| 63100 |    33 |   373 |   0.0 |  1232k |  49 |   8 |   2 |  41 | 169 |  1 |   0 |   0 | 1.526984e+01 | 1.526984e+01 |   0.00%|  99.99%
  3.6s| 63200 |    31 |   373 |   0.0 |  1232k |  49 |   8 |   2 |   0 | 169 |  0 |   0 |   0 | 1.526984e+01 | 1.526984e+01 |   0.00%|  99.99%
  3.6s| 63300 |    31 |   373 |   0.0 |  1232k |  49 |   8 |   2 |   0 | 169 |  0 |   0 |   0 | 1.526984e+01 | 1.526984e+01 |   0.00%|  99.99%
  3.6s| 63400 |    31 |   373 |   0.0 |  1232k |  49 |   8 |   2 |   0 | 169 |  0 |   0 |   0 | 1.526984e+01 | 1.526984e+01 |   0.00%|  99.99%
  3.6s| 63500 |    29 |   373 |   0.0 |  1232k |  49 |   8 |   2 |  41 | 169 |  1 |   0 |   0 | 1.526984e+01 | 1.526984e+01 |   0.00%|  99.99%
  3.6s| 63600 |    31 |   373 |   0.0 |  1232k |  49 |   8 |   2 |   0 | 169 |  0 |   0 |   0 | 1.526984e+01 | 1.526984e+01 |   0.00%|  99.99%
  3.6s| 63700 |    31 |   373 |   0.0 |  1232k |  49 |   8 |   2 |   0 | 169 |  0 |   0 |   0 | 1.526984e+01 | 1.526984e+01 |   0.00%|  99.99%
  3.6s| 63800 |    29 |   373 |   0.0 |  1232k |  49 |   8 |   2 |   0 | 169 |  0 |   0 |   0 | 1.526984e+01 | 1.526984e+01 |   0.00%|  99.99%
 time | node  | left  |LP iter|LP it/n|mem/heur|mdpt |vars |cons |rows |cuts |sepa|confs|strbr|  dualbound   | primalbound  |  gap   | compl. 
  3.6s| 63900 |    29 |   373 |   0.0 |  1232k |  49 |   8 |   2 |  41 | 169 |  1 |   0 |   0 | 1.526984e+01 | 1.526984e+01 |   0.00%|  99.99%
  3.6s| 64000 |    29 |   373 |   0.0 |  1232k |  49 |   8 |   2 |   0 | 169 |  0 |   0 |   0 | 1.526984e+01 | 1.526984e+01 |   0.00%|  99.99%
  3.6s| 64100 |    35 |   374 |   0.0 |  1232k |  49 |   8 |   2 |  41 | 169 |  1 |   0 |   0 | 1.526984e+01 | 1.526984e+01 |   0.00%|  99.99%
  3.6s| 64200 |    79 |   374 |   0.0 |  1232k |  49 |   8 |   2 |   0 | 169 |  0 |   0 |   0 | 1.526984e+01 | 1.526984e+01 |   0.00%|  99.99%
  3.6s| 64300 |    89 |   374 |   0.0 |  1249k |  49 |   8 |   2 |   0 | 169 |  0 |   0 |   0 | 1.526984e+01 | 1.526984e+01 |   0.00%|  99.99%
  3.6s| 64400 |    73 |   374 |   0.0 |  1249k |  49 |   8 |   2 |   0 | 169 |  0 |   0 |   0 | 1.526984e+01 | 1.526984e+01 |   0.00%|  99.99%
  3.6s| 64500 |    47 |   374 |   0.0 |  1249k |  49 |   8 |   2 |  41 | 169 |  1 |   0 |   0 | 1.526984e+01 | 1.526984e+01 |   0.00%|  99.99%
  3.6s| 64600 |    31 |   374 |   0.0 |  1249k |  49 |   8 |   2 |  41 | 169 |  1 |   0 |   0 | 1.526984e+01 | 1.526984e+01 |   0.00%|  99.99%
  3.6s| 64700 |    91 |   376 |   0.0 |  1249k |  49 |   8 |   2 |   0 | 169 |  0 |   0 |   0 | 1.526984e+01 | 1.526984e+01 |   0.00%|  99.99%
  3.6s| 64800 |    97 |   376 |   0.0 |  1249k |  49 |   8 |   2 |   0 | 169 |  0 |   0 |   0 | 1.526984e+01 | 1.526984e+01 |   0.00%|  99.99%
  3.6s| 64900 |    81 |   376 |   0.0 |  1249k |  49 |   8 |   2 |   0 | 169 |  0 |   0 |   0 | 1.526984e+01 | 1.526984e+01 |   0.00%|  99.99%
  3.6s| 65000 |    65 |   377 |   0.0 |  1249k |  49 |   8 |   2 |  41 | 169 |  1 |   0 |   0 | 1.526984e+01 | 1.526984e+01 |   0.00%|  99.99%
  3.7s| 65100 |    61 |   377 |   0.0 |  1249k |  49 |   8 |   2 |  41 | 169 |  1 |   0 |   0 | 1.526984e+01 | 1.526984e+01 |   0.00%|  99.99%
  3.7s| 65200 |    65 |   377 |   0.0 |  1257k |  49 |   8 |   2 |  41 | 169 |  1 |   0 |   0 | 1.526984e+01 | 1.526984e+01 |   0.00%|  99.99%
  3.7s| 65300 |    65 |   377 |   0.0 |  1257k |  49 |   8 |   2 |   0 | 169 |  0 |   0 |   0 | 1.526984e+01 | 1.526984e+01 |   0.00%|  99.99%
 time | node  | left  |LP iter|LP it/n|mem/heur|mdpt |vars |cons |rows |cuts |sepa|confs|strbr|  dualbound   | primalbound  |  gap   | compl. 
  3.7s| 65400 |    61 |   377 |   0.0 |  1257k |  49 |   8 |   2 |  41 | 169 |  1 |   0 |   0 | 1.526984e+01 | 1.526984e+01 |   0.00%|  99.99%
  3.7s| 65500 |    63 |   377 |   0.0 |  1257k |  49 |   8 |   2 |   0 | 169 |  0 |   0 |   0 | 1.526984e+01 | 1.526984e+01 |   0.00%|  99.99%
  3.7s| 65600 |    61 |   377 |   0.0 |  1257k |  49 |   8 |   2 |  41 | 169 |  1 |   0 |   0 | 1.526984e+01 | 1.526984e+01 |   0.00%|  99.99%
  3.7s| 65700 |    65 |   377 |   0.0 |  1257k |  49 |   8 |   2 |  41 | 169 |  1 |   0 |   0 | 1.526984e+01 | 1.526984e+01 |   0.00%|  99.99%
  3.7s| 65800 |    61 |   377 |   0.0 |  1257k |  49 |   8 |   2 |  41 | 169 |  1 |   0 |   0 | 1.526984e+01 | 1.526984e+01 |   0.00%|  99.99%
  3.7s| 65900 |    61 |   377 |   0.0 |  1257k |  49 |   8 |   2 |   0 | 169 |  0 |   0 |   0 | 1.526984e+01 | 1.526984e+01 |   0.00%|  99.99%
  3.7s| 66000 |    61 |   377 |   0.0 |  1257k |  49 |   8 |   2 |   0 | 169 |  0 |   0 |   0 | 1.526984e+01 | 1.526984e+01 |   0.00%|  99.99%
  3.7s| 66100 |    61 |   377 |   0.0 |  1257k |  49 |   8 |   2 |  41 | 169 |  1 |   0 |   0 | 1.526984e+01 | 1.526984e+01 |   0.00%|  99.99%
  3.7s| 66200 |    61 |   377 |   0.0 |  1257k |  49 |   8 |   2 |  41 | 169 |  1 |   0 |   0 | 1.526984e+01 | 1.526984e+01 |   0.00%|  99.99%
  3.7s| 66300 |    61 |   377 |   0.0 |  1257k |  49 |   8 |   2 |  41 | 169 |  1 |   0 |   0 | 1.526984e+01 | 1.526984e+01 |   0.00%|  99.99%
  3.7s| 66400 |    61 |   377 |   0.0 |  1257k |  49 |   8 |   2 |  41 | 169 |  1 |   0 |   0 | 1.526984e+01 | 1.526984e+01 |   0.00%|  99.99%
  3.7s| 66500 |    59 |   377 |   0.0 |  1257k |  49 |   8 |   2 |   0 | 169 |  0 |   0 |   0 | 1.526984e+01 | 1.526984e+01 |   0.00%|  99.99%
  3.8s| 66600 |    53 |   377 |   0.0 |  1257k |  49 |   8 |   2 |   0 | 169 |  0 |   0 |   0 | 1.526984e+01 | 1.526984e+01 |   0.00%|  99.99%
  3.8s| 66700 |    65 |   377 |   0.0 |  1257k |  49 |   8 |   2 |  41 | 169 |  1 |   0 |   0 | 1.526984e+01 | 1.526984e+01 |   0.00%|  99.99%
  3.8s| 66800 |    61 |   377 |   0.0 |  1257k |  49 |   8 |   2 |   0 | 169 |  0 |   0 |   0 | 1.526984e+01 | 1.526984e+01 |   0.00%|  99.99%
 time | node  | left  |LP iter|LP it/n|mem/heur|mdpt |vars |cons |rows |cuts |sepa|confs|strbr|  dualbound   | primalbound  |  gap   | compl. 
  3.8s| 66900 |    73 |   377 |   0.0 |  1257k |  49 |   8 |   2 |  41 | 169 |  1 |   0 |   0 | 1.526984e+01 | 1.526984e+01 |   0.00%|  99.99%
  3.8s| 67000 |    81 |   378 |   0.0 |  1257k |  49 |   8 |   2 |   0 | 169 |  0 |   0 |   0 | 1.526984e+01 | 1.526984e+01 |   0.00%|  99.99%
  3.8s| 67100 |    81 |   378 |   0.0 |  1257k |  49 |   8 |   2 |  41 | 169 |  1 |   0 |   0 | 1.526984e+01 | 1.526984e+01 |   0.00%|  99.99%
  3.8s| 67200 |    79 |   378 |   0.0 |  1257k |  49 |   8 |   2 |   0 | 169 |  0 |   0 |   0 | 1.526984e+01 | 1.526984e+01 |   0.00%|  99.99%
  3.8s| 67300 |    77 |   378 |   0.0 |  1257k |  49 |   8 |   2 |  41 | 169 |  1 |   0 |   0 | 1.526984e+01 | 1.526984e+01 |   0.00%|  99.99%
  3.8s| 67400 |    77 |   378 |   0.0 |  1257k |  49 |   8 |   2 |  41 | 169 |  1 |   0 |   0 | 1.526984e+01 | 1.526984e+01 |   0.00%|  99.99%
  3.8s| 67500 |    77 |   379 |   0.0 |  1257k |  49 |   8 |   2 |   0 | 169 |  0 |   0 |   0 | 1.526984e+01 | 1.526984e+01 |   0.00%|  99.99%
  3.8s| 67600 |    75 |   380 |   0.0 |  1257k |  49 |   8 |   2 |   0 | 169 |  0 |   0 |   0 | 1.526984e+01 | 1.526984e+01 |   0.00%|  99.99%
  3.8s| 67700 |    73 |   380 |   0.0 |  1257k |  49 |   8 |   2 |  41 | 169 |  1 |   0 |   0 | 1.526984e+01 | 1.526984e+01 |   0.00%|  99.99%
  3.8s| 67800 |    65 |   380 |   0.0 |  1257k |  49 |   8 |   2 |  41 | 169 |  1 |   0 |   0 | 1.526984e+01 | 1.526984e+01 |   0.00%|  99.99%
  3.8s| 67900 |    79 |   380 |   0.0 |  1257k |  49 |   8 |   2 |   0 | 169 |  0 |   0 |   0 | 1.526984e+01 | 1.526984e+01 |   0.00%|  99.99%
  3.8s| 68000 |    81 |   380 |   0.0 |  1257k |  49 |   8 |   2 |  41 | 169 |  1 |   0 |   0 | 1.526984e+01 | 1.526984e+01 |   0.00%|  99.99%
  3.8s| 68100 |    75 |   380 |   0.0 |  1257k |  49 |   8 |   2 |   0 | 169 |  0 |   0 |   0 | 1.526984e+01 | 1.526984e+01 |   0.00%|  99.99%
  3.8s| 68200 |    73 |   380 |   0.0 |  1257k |  49 |   8 |   2 |   0 | 169 |  0 |   0 |   0 | 1.526984e+01 | 1.526984e+01 |   0.00%|  99.99%
  3.8s| 68300 |    73 |   380 |   0.0 |  1257k |  49 |   8 |   2 |  41 | 169 |  1 |   0 |   0 | 1.526984e+01 | 1.526984e+01 |   0.00%|  99.99%
 time | node  | left  |LP iter|LP it/n|mem/heur|mdpt |vars |cons |rows |cuts |sepa|confs|strbr|  dualbound   | primalbound  |  gap   | compl. 
  3.8s| 68400 |    73 |   380 |   0.0 |  1257k |  49 |   8 |   2 |   0 | 169 |  0 |   0 |   0 | 1.526984e+01 | 1.526984e+01 |   0.00%|  99.99%
  3.8s| 68500 |    69 |   380 |   0.0 |  1257k |  49 |   8 |   2 |  41 | 169 |  1 |   0 |   0 | 1.526984e+01 | 1.526984e+01 |   0.00%|  99.99%
  3.9s| 68600 |    61 |   380 |   0.0 |  1257k |  49 |   8 |   2 |   0 | 169 |  0 |   0 |   0 | 1.526984e+01 | 1.526984e+01 |   0.00%|  99.99%
  3.9s| 68700 |    73 |   380 |   0.0 |  1257k |  49 |   8 |   2 |   0 | 169 |  0 |   0 |   0 | 1.526984e+01 | 1.526984e+01 |   0.00%|  99.99%
  3.9s| 68800 |    73 |   380 |   0.0 |  1257k |  49 |   8 |   2 |  41 | 169 |  1 |   0 |   0 | 1.526984e+01 | 1.526984e+01 |   0.00%|  99.99%
  3.9s| 68900 |    75 |   380 |   0.0 |  1257k |  49 |   8 |   2 |   0 | 169 |  0 |   0 |   0 | 1.526984e+01 | 1.526984e+01 |   0.00%|  99.99%
  3.9s| 69000 |    69 |   380 |   0.0 |  1257k |  49 |   8 |   2 |   0 | 169 |  0 |   0 |   0 | 1.526984e+01 | 1.526984e+01 |   0.00%|  99.99%
  3.9s| 69100 |    69 |   380 |   0.0 |  1257k |  49 |   8 |   2 |  41 | 169 |  1 |   0 |   0 | 1.526984e+01 | 1.526984e+01 |   0.00%|  99.99%
  3.9s| 69200 |    63 |   380 |   0.0 |  1257k |  49 |   8 |   2 |   0 | 169 |  0 |   0 |   0 | 1.526984e+01 | 1.526984e+01 |   0.00%|  99.99%
  3.9s| 69300 |    75 |   380 |   0.0 |  1257k |  49 |   8 |   2 |   0 | 169 |  0 |   0 |   0 | 1.526984e+01 | 1.526984e+01 |   0.00%|  99.99%
  3.9s| 69400 |    73 |   380 |   0.0 |  1257k |  49 |   8 |   2 |  41 | 169 |  1 |   0 |   0 | 1.526984e+01 | 1.526984e+01 |   0.00%|  99.99%
  3.9s| 69500 |    69 |   380 |   0.0 |  1257k |  49 |   8 |   2 |   0 | 169 |  0 |   0 |   0 | 1.526984e+01 | 1.526984e+01 |   0.00%|  99.99%
  3.9s| 69600 |    65 |   380 |   0.0 |  1257k |  49 |   8 |   2 |  41 | 169 |  1 |   0 |   0 | 1.526984e+01 | 1.526984e+01 |   0.00%|  99.99%
  3.9s| 69700 |    61 |   380 |   0.0 |  1257k |  49 |   8 |   2 |  41 | 169 |  1 |   0 |   0 | 1.526984e+01 | 1.526984e+01 |   0.00%|  99.99%
  3.9s| 69800 |    71 |   380 |   0.0 |  1257k |  49 |   8 |   2 |   0 | 169 |  0 |   0 |   0 | 1.526984e+01 | 1.526984e+01 |   0.00%|  99.99%
 time | node  | left  |LP iter|LP it/n|mem/heur|mdpt |vars |cons |rows |cuts |sepa|confs|strbr|  dualbound   | primalbound  |  gap   | compl. 
  3.9s| 69900 |    69 |   380 |   0.0 |  1257k |  49 |   8 |   2 |  41 | 169 |  1 |   0 |   0 | 1.526984e+01 | 1.526984e+01 |   0.00%|  99.99%
  3.9s| 70000 |    65 |   380 |   0.0 |  1257k |  49 |   8 |   2 |  41 | 169 |  1 |   0 |   0 | 1.526984e+01 | 1.526984e+01 |   0.00%|  99.99%
  3.9s| 70100 |    63 |   380 |   0.0 |  1257k |  49 |   8 |   2 |   0 | 169 |  0 |   0 |   0 | 1.526984e+01 | 1.526984e+01 |   0.00%|  99.99%
  3.9s| 70200 |    63 |   380 |   0.0 |  1257k |  49 |   8 |   2 |   0 | 169 |  0 |   0 |   0 | 1.526984e+01 | 1.526984e+01 |   0.00%|  99.99%
  3.9s| 70300 |    65 |   380 |   0.0 |  1257k |  49 |   8 |   2 |  41 | 169 |  1 |   0 |   0 | 1.526984e+01 | 1.526984e+01 |   0.00%|  99.99%
  3.9s| 70400 |    61 |   380 |   0.0 |  1257k |  49 |   8 |   2 |  41 | 169 |  1 |   0 |   0 | 1.526984e+01 | 1.526984e+01 |   0.00%|  99.99%
  3.9s| 70500 |    57 |   380 |   0.0 |  1257k |  49 |   8 |   2 |   0 | 169 |  0 |   0 |   0 | 1.526984e+01 | 1.526984e+01 |   0.00%|  99.99%
  4.0s| 70600 |    61 |   380 |   0.0 |  1257k |  49 |   8 |   2 |  41 | 169 |  1 |   0 |   0 | 1.526984e+01 | 1.526984e+01 |   0.00%|  99.99%
  4.0s| 70700 |    57 |   380 |   0.0 |  1257k |  49 |   8 |   2 |  41 | 169 |  1 |   0 |   0 | 1.526984e+01 | 1.526984e+01 |   0.00%|  99.99%
  4.0s| 70800 |    59 |   380 |   0.0 |  1257k |  49 |   8 |   2 |   0 | 169 |  0 |   0 |   0 | 1.526984e+01 | 1.526984e+01 |   0.00%|  99.99%
  4.0s| 70900 |    55 |   380 |   0.0 |  1257k |  49 |   8 |   2 |   0 | 169 |  0 |   0 |   0 | 1.526984e+01 | 1.526984e+01 |   0.00%|  99.99%
  4.0s| 71000 |    53 |   380 |   0.0 |  1257k |  49 |   8 |   2 |   0 | 169 |  0 |   0 |   0 | 1.526984e+01 | 1.526984e+01 |   0.00%|  99.99%
  4.0s| 71100 |    47 |   380 |   0.0 |  1257k |  49 |   8 |   2 |   0 | 169 |  0 |   0 |   0 | 1.526984e+01 | 1.526984e+01 |   0.00%|  99.99%
  4.0s| 71200 |    49 |   380 |   0.0 |  1257k |  49 |   8 |   2 |   0 | 169 |  0 |   0 |   0 | 1.526984e+01 | 1.526984e+01 |   0.00%|  99.99%
  4.0s| 71300 |    49 |   380 |   0.0 |  1257k |  49 |   8 |   2 |  41 | 169 |  1 |   0 |   0 | 1.526984e+01 | 1.526984e+01 |   0.00%|  99.99%
 time | node  | left  |LP iter|LP it/n|mem/heur|mdpt |vars |cons |rows |cuts |sepa|confs|strbr|  dualbound   | primalbound  |  gap   | compl. 
  4.0s| 71400 |    49 |   380 |   0.0 |  1257k |  49 |   8 |   2 |   0 | 169 |  0 |   0 |   0 | 1.526984e+01 | 1.526984e+01 |   0.00%|  99.99%
  4.0s| 71500 |    53 |   380 |   0.0 |  1257k |  49 |   8 |   2 |  41 | 169 |  1 |   0 |   0 | 1.526984e+01 | 1.526984e+01 |   0.00%|  99.99%
  4.0s| 71600 |    53 |   381 |   0.0 |  1257k |  49 |   8 |   2 |  41 | 169 |  1 |   0 |   0 | 1.526984e+01 | 1.526984e+01 |   0.00%|  99.99%
  4.0s| 71700 |    53 |   381 |   0.0 |  1257k |  49 |   8 |   2 |  41 | 169 |  1 |   0 |   0 | 1.526984e+01 | 1.526984e+01 |   0.00%|  99.99%
  4.0s| 71800 |    49 |   381 |   0.0 |  1257k |  49 |   8 |   2 |   0 | 169 |  0 |   0 |   0 | 1.526984e+01 | 1.526984e+01 |   0.00%|  99.99%
  4.0s| 71900 |    45 |   381 |   0.0 |  1257k |  49 |   8 |   2 |   0 | 169 |  0 |   0 |   0 | 1.526984e+01 | 1.526984e+01 |   0.00%|  99.99%
  4.0s| 72000 |    93 |   381 |   0.0 |  1257k |  49 |   8 |   2 |  41 | 169 |  1 |   0 |   0 | 1.526984e+01 | 1.526984e+01 |   0.00%|  99.99%
  4.0s| 72100 |    91 |   381 |   0.0 |  1257k |  49 |   8 |   2 |   0 | 169 |  0 |   0 |   0 | 1.526984e+01 | 1.526984e+01 |   0.00%|  99.99%
  4.0s| 72200 |    85 |   381 |   0.0 |  1257k |  49 |   8 |   2 |   0 | 169 |  0 |   0 |   0 | 1.526984e+01 | 1.526984e+01 |   0.00%|  99.99%
  4.0s| 72300 |    85 |   381 |   0.0 |  1257k |  49 |   8 |   2 |  41 | 169 |  1 |   0 |   0 | 1.526984e+01 | 1.526984e+01 |   0.00%|  99.99%
  4.1s| 72400 |    77 |   383 |   0.0 |  1257k |  49 |   8 |   2 |  41 | 169 |  1 |   0 |   0 | 1.526984e+01 | 1.526984e+01 |   0.00%|  99.99%
  4.1s| 72500 |    77 |   383 |   0.0 |  1257k |  49 |   8 |   2 |  41 | 169 |  1 |   0 |   0 | 1.526984e+01 | 1.526984e+01 |   0.00%|  99.99%
  4.1s| 72600 |    77 |   383 |   0.0 |  1257k |  49 |   8 |   2 |  41 | 169 |  1 |   0 |   0 | 1.526984e+01 | 1.526984e+01 |   0.00%|  99.99%
  4.1s| 72700 |    73 |   383 |   0.0 |  1257k |  49 |   8 |   2 |   0 | 169 |  0 |   0 |   0 | 1.526984e+01 | 1.526984e+01 |   0.00%|  99.99%
  4.1s| 72800 |    77 |   383 |   0.0 |  1257k |  49 |   8 |   2 |  41 | 169 |  1 |   0 |   0 | 1.526984e+01 | 1.526984e+01 |   0.00%|  99.99%
 time | node  | left  |LP iter|LP it/n|mem/heur|mdpt |vars |cons |rows |cuts |sepa|confs|strbr|  dualbound   | primalbound  |  gap   | compl. 
  4.1s| 72900 |    69 |   383 |   0.0 |  1257k |  49 |   8 |   2 |   0 | 169 |  0 |   0 |   0 | 1.526984e+01 | 1.526984e+01 |   0.00%|  99.99%
  4.1s| 73000 |    69 |   383 |   0.0 |  1257k |  49 |   8 |   2 |  41 | 169 |  1 |   0 |   0 | 1.526984e+01 | 1.526984e+01 |   0.00%|  99.99%
  4.1s| 73100 |    77 |   383 |   0.0 |  1257k |  49 |   8 |   2 |  41 | 169 |  1 |   0 |   0 | 1.526984e+01 | 1.526984e+01 |   0.00%|  99.99%
  4.1s| 73200 |    81 |   383 |   0.0 |  1257k |  49 |   8 |   2 |  41 | 169 |  1 |   0 |   0 | 1.526984e+01 | 1.526984e+01 |   0.00%|  99.99%
  4.1s| 73300 |    81 |   383 |   0.0 |  1257k |  49 |   8 |   2 |   0 | 169 |  0 |   0 |   0 | 1.526984e+01 | 1.526984e+01 |   0.00%|  99.99%
  4.1s| 73400 |    81 |   383 |   0.0 |  1257k |  49 |   8 |   2 |  41 | 169 |  1 |   0 |   0 | 1.526984e+01 | 1.526984e+01 |   0.00%|  99.99%
  4.1s| 73500 |    75 |   383 |   0.0 |  1257k |  49 |   8 |   2 |   0 | 169 |  0 |   0 |   0 | 1.526984e+01 | 1.526984e+01 |   0.00%|  99.99%
  4.1s| 73600 |    75 |   383 |   0.0 |  1257k |  49 |   8 |   2 |   0 | 169 |  0 |   0 |   0 | 1.526984e+01 | 1.526984e+01 |   0.00%|  99.99%
  4.1s| 73700 |    73 |   383 |   0.0 |  1257k |  49 |   8 |   2 |   0 | 169 |  0 |   0 |   0 | 1.526984e+01 | 1.526984e+01 |   0.00%|  99.99%
  4.1s| 73800 |    69 |   383 |   0.0 |  1257k |  49 |   8 |   2 |   0 | 169 |  0 |   0 |   0 | 1.526984e+01 | 1.526984e+01 |   0.00%|  99.99%
  4.1s| 73900 |    65 |   383 |   0.0 |  1257k |  49 |   8 |   2 |  41 | 169 |  1 |   0 |   0 | 1.526984e+01 | 1.526984e+01 |   0.00%|  99.99%
  4.1s| 74000 |    63 |   383 |   0.0 |  1257k |  49 |   8 |   2 |   0 | 169 |  0 |   0 |   0 | 1.526984e+01 | 1.526984e+01 |   0.00%|  99.99%
  4.2s| 74100 |    77 |   383 |   0.0 |  1257k |  49 |   8 |   2 |  41 | 169 |  1 |   0 |   0 | 1.526984e+01 | 1.526984e+01 |   0.00%|  99.99%
  4.2s| 74200 |    73 |   383 |   0.0 |  1257k |  49 |   8 |   2 |  41 | 169 |  1 |   0 |   0 | 1.526984e+01 | 1.526984e+01 |   0.00%|  99.99%
  4.2s| 74300 |    71 |   383 |   0.0 |  1257k |  49 |   8 |   2 |   0 | 169 |  0 |   0 |   0 | 1.526984e+01 | 1.526984e+01 |   0.00%|  99.99%
 time | node  | left  |LP iter|LP it/n|mem/heur|mdpt |vars |cons |rows |cuts |sepa|confs|strbr|  dualbound   | primalbound  |  gap   | compl. 
  4.2s| 74400 |    73 |   383 |   0.0 |  1257k |  49 |   8 |   2 |  41 | 169 |  1 |   0 |   0 | 1.526984e+01 | 1.526984e+01 |   0.00%|  99.99%
  4.2s| 74500 |    69 |   383 |   0.0 |  1257k |  49 |   8 |   2 |  41 | 169 |  1 |   0 |   0 | 1.526984e+01 | 1.526984e+01 |   0.00%|  99.99%
  4.2s| 74600 |    65 |   383 |   0.0 |  1257k |  49 |   8 |   2 |   0 | 169 |  0 |   0 |   0 | 1.526984e+01 | 1.526984e+01 |   0.00%|  99.99%
  4.2s| 74700 |    65 |   383 |   0.0 |  1257k |  49 |   8 |   2 |  41 | 169 |  1 |   0 |   0 | 1.526984e+01 | 1.526984e+01 |   0.00%|  99.99%
  4.2s| 74800 |    57 |   383 |   0.0 |  1257k |  49 |   8 |   2 |  41 | 169 |  1 |   0 |   0 | 1.526984e+01 | 1.526984e+01 |   0.00%|  99.99%
  4.2s| 74900 |    69 |   383 |   0.0 |  1257k |  49 |   8 |   2 |   0 | 169 |  0 |   0 |   0 | 1.526984e+01 | 1.526984e+01 |   0.00%|  99.99%
  4.2s| 75000 |    71 |   383 |   0.0 |  1257k |  49 |   8 |   2 |   0 | 169 |  0 |   0 |   0 | 1.526984e+01 | 1.526984e+01 |   0.00%|  99.99%
  4.2s| 75100 |    69 |   383 |   0.0 |  1257k |  49 |   8 |   2 |  41 | 169 |  1 |   0 |   0 | 1.526984e+01 | 1.526984e+01 |   0.00%|  99.99%
  4.2s| 75200 |    65 |   383 |   0.0 |  1257k |  49 |   8 |   2 |  41 | 169 |  1 |   0 |   0 | 1.526984e+01 | 1.526984e+01 |   0.00%|  99.99%
  4.2s| 75300 |    61 |   383 |   0.0 |  1257k |  49 |   8 |   2 |  41 | 169 |  1 |   0 |   0 | 1.526984e+01 | 1.526984e+01 |   0.00%|  99.99%
  4.2s| 75400 |    67 |   384 |   0.0 |  1257k |  49 |   8 |   2 |   0 | 169 |  0 |   0 |   0 | 1.526984e+01 | 1.526984e+01 |   0.00%|  99.99%
  4.2s| 75500 |    65 |   384 |   0.0 |  1257k |  49 |   8 |   2 |  41 | 169 |  1 |   0 |   0 | 1.526984e+01 | 1.526984e+01 |   0.00%|  99.99%
  4.2s| 75600 |    53 |   384 |   0.0 |  1257k |  49 |   8 |   2 |   0 | 169 |  0 |   0 |   0 | 1.526984e+01 | 1.526984e+01 |   0.00%|  99.99%
  4.2s| 75700 |    73 |   384 |   0.0 |  1257k |  49 |   8 |   2 |   0 | 169 |  0 |   0 |   0 | 1.526984e+01 | 1.526984e+01 |   0.00%|  99.99%
  4.2s| 75800 |    77 |   385 |   0.0 |  1257k |  49 |   8 |   2 |  41 | 169 |  1 |   0 |   0 | 1.526984e+01 | 1.526984e+01 |   0.00%|  99.99%
 time | node  | left  |LP iter|LP it/n|mem/heur|mdpt |vars |cons |rows |cuts |sepa|confs|strbr|  dualbound   | primalbound  |  gap   | compl. 
  4.2s| 75900 |    73 |   386 |   0.0 |  1257k |  49 |   8 |   2 |  41 | 169 |  1 |   0 |   0 | 1.526984e+01 | 1.526984e+01 |   0.00%|  99.99%
  4.2s| 76000 |    71 |   386 |   0.0 |  1257k |  49 |   8 |   2 |   0 | 169 |  0 |   0 |   0 | 1.526984e+01 | 1.526984e+01 |   0.00%|  99.99%
  4.2s| 76100 |    65 |   387 |   0.0 |  1257k |  49 |   8 |   2 |   0 | 169 |  0 |   0 |   0 | 1.526984e+01 | 1.526984e+01 |   0.00%|  99.99%
  4.2s| 76200 |    61 |   388 |   0.0 |  1257k |  49 |   8 |   2 |  41 | 169 |  1 |   0 |   0 | 1.526984e+01 | 1.526984e+01 |   0.00%|  99.99%
  4.3s| 76300 |    65 |   388 |   0.0 |  1257k |  49 |   8 |   2 |  41 | 169 |  1 |   0 |   0 | 1.526984e+01 | 1.526984e+01 |   0.00%|  99.99%
  4.3s| 76400 |    65 |   388 |   0.0 |  1257k |  49 |   8 |   2 |  41 | 169 |  1 |   0 |   0 | 1.526984e+01 | 1.526984e+01 |   0.00%|  99.99%
  4.3s| 76500 |    65 |   388 |   0.0 |  1257k |  49 |   8 |   2 |  41 | 169 |  1 |   0 |   0 | 1.526984e+01 | 1.526984e+01 |   0.00%|  99.99%
  4.3s| 76600 |    61 |   388 |   0.0 |  1257k |  49 |   8 |   2 |  41 | 169 |  1 |   0 |   0 | 1.526984e+01 | 1.526984e+01 |   0.00%|  99.99%
  4.3s| 76700 |    55 |   388 |   0.0 |  1257k |  49 |   8 |   2 |   0 | 169 |  0 |   0 |   0 | 1.526984e+01 | 1.526984e+01 |   0.00%|  99.99%
  4.3s| 76800 |    65 |   388 |   0.0 |  1257k |  49 |   8 |   2 |  41 | 169 |  1 |   0 |   0 | 1.526984e+01 | 1.526984e+01 |   0.00%|  99.99%
  4.3s| 76900 |    57 |   388 |   0.0 |  1257k |  49 |   8 |   2 |  41 | 169 |  1 |   0 |   0 | 1.526984e+01 | 1.526984e+01 |   0.00%|  99.99%
  4.3s| 77000 |    53 |   388 |   0.0 |  1257k |  49 |   8 |   2 |   0 | 169 |  0 |   0 |   0 | 1.526984e+01 | 1.526984e+01 |   0.00%|  99.99%
  4.3s| 77100 |    73 |   389 |   0.0 |  1257k |  49 |   8 |   2 |  41 | 169 |  1 |   0 |   0 | 1.526984e+01 | 1.526984e+01 |   0.00%|  99.99%
  4.3s| 77200 |    75 |   390 |   0.0 |  1257k |  49 |   8 |   2 |   0 | 169 |  0 |   0 |   0 | 1.526984e+01 | 1.526984e+01 |   0.00%|  99.99%
  4.3s| 77300 |    89 |   391 |   0.0 |  1257k |  49 |   8 |   2 |   0 | 169 |  0 |   0 |   0 | 1.526984e+01 | 1.526984e+01 |   0.00%|  99.99%
 time | node  | left  |LP iter|LP it/n|mem/heur|mdpt |vars |cons |rows |cuts |sepa|confs|strbr|  dualbound   | primalbound  |  gap   | compl. 
  4.3s| 77400 |    89 |   394 |   0.0 |  1257k |  49 |   8 |   2 |  41 | 169 |  1 |   0 |   0 | 1.526984e+01 | 1.526984e+01 |   0.00%|  99.99%
  4.3s| 77500 |    89 |   395 |   0.0 |  1257k |  49 |   8 |   2 |  41 | 169 |  1 |   0 |   0 | 1.526984e+01 | 1.526984e+01 |   0.00%|  99.99%
  4.3s| 77600 |    99 |   395 |   0.0 |  1257k |  49 |   8 |   2 |   0 | 169 |  0 |   0 |   0 | 1.526984e+01 | 1.526984e+01 |   0.00%|  99.99%
  4.3s| 77700 |    97 |   396 |   0.0 |  1257k |  49 |   8 |   2 |  41 | 169 |  1 |   0 |   0 | 1.526984e+01 | 1.526984e+01 |   0.00%|  99.99%
  4.3s| 77800 |    93 |   396 |   0.0 |  1257k |  49 |   8 |   2 |  42 | 169 |  1 |   0 |   0 | 1.526984e+01 | 1.526984e+01 |   0.00%|  99.99%
  4.3s| 77900 |    93 |   397 |   0.0 |  1257k |  49 |   8 |   2 |   0 | 169 |  0 |   0 |   0 | 1.526984e+01 | 1.526984e+01 |   0.00%|  99.99%
  4.3s| 78000 |   101 |   398 |   0.0 |  1257k |  49 |   8 |   2 |  42 | 169 |  1 |   0 |   0 | 1.526984e+01 | 1.526984e+01 |   0.00%|  99.99%
  4.3s| 78100 |    99 |   400 |   0.0 |  1257k |  49 |   8 |   2 |  41 | 169 |  1 |   0 |   0 | 1.526984e+01 | 1.526984e+01 |   0.00%|  99.99%
  4.3s| 78200 |   103 |   400 |   0.0 |  1257k |  49 |   8 |   2 |  41 | 169 |  1 |   0 |   0 | 1.526984e+01 | 1.526984e+01 |   0.00%|  99.99%
  4.4s| 78300 |    99 |   402 |   0.0 |  1257k |  49 |   8 |   2 |  41 | 169 |  1 |   0 |   0 | 1.526984e+01 | 1.526984e+01 |   0.00%|  99.99%
  4.4s| 78400 |    91 |   404 |   0.0 |  1257k |  49 |   8 |   2 |  41 | 169 |  1 |   0 |   0 | 1.526984e+01 | 1.526984e+01 |   0.00%|  99.99%
  4.4s| 78500 |    93 |   406 |   0.0 |  1257k |  49 |   8 |   2 |   0 | 169 |  0 |   0 |   0 | 1.526984e+01 | 1.526984e+01 |   0.00%|  99.99%
  4.4s| 78600 |    89 |   406 |   0.0 |  1257k |  49 |   8 |   2 |   0 | 169 |  0 |   0 |   0 | 1.526984e+01 | 1.526984e+01 |   0.00%|  99.99%
  4.4s| 78700 |   101 |   406 |   0.0 |  1257k |  49 |   8 |   2 |   0 | 169 |  0 |   0 |   0 | 1.526984e+01 | 1.526984e+01 |   0.00%|  99.99%
  4.4s| 78800 |    99 |   406 |   0.0 |  1257k |  49 |   8 |   2 |   0 | 169 |  0 |   0 |   0 | 1.526984e+01 | 1.526984e+01 |   0.00%|  99.99%
 time | node  | left  |LP iter|LP it/n|mem/heur|mdpt |vars |cons |rows |cuts |sepa|confs|strbr|  dualbound   | primalbound  |  gap   | compl. 
  4.4s| 78900 |    99 |   406 |   0.0 |  1257k |  49 |   8 |   2 |  41 | 169 |  1 |   0 |   0 | 1.526984e+01 | 1.526984e+01 |   0.00%|  99.99%
  4.4s| 79000 |    95 |   406 |   0.0 |  1257k |  49 |   8 |   2 |  41 | 169 |  1 |   0 |   0 | 1.526984e+01 | 1.526984e+01 |   0.00%|  99.99%
  4.4s| 79100 |    83 |   406 |   0.0 |  1257k |  49 |   8 |   2 |  42 | 169 |  1 |   0 |   0 | 1.526984e+01 | 1.526984e+01 |   0.00%|  99.99%
  4.4s| 79200 |    81 |   406 |   0.0 |  1257k |  49 |   8 |   2 |   0 | 169 |  0 |   0 |   0 | 1.526984e+01 | 1.526984e+01 |   0.00%|  99.99%
  4.4s| 79300 |    99 |   406 |   0.0 |  1257k |  49 |   8 |   2 |  41 | 169 |  1 |   0 |   0 | 1.526984e+01 | 1.526984e+01 |   0.00%|  99.99%
  4.4s| 79400 |   111 |   406 |   0.0 |  1257k |  49 |   8 |   2 |  42 | 169 |  1 |   0 |   0 | 1.526984e+01 | 1.526984e+01 |   0.00%|  99.99%
  4.4s| 79500 |   127 |   406 |   0.0 |  1257k |  49 |   8 |   2 |  42 | 169 |  1 |   0 |   0 | 1.526984e+01 | 1.526984e+01 |   0.00%|  99.99%
  4.4s| 79600 |   127 |   406 |   0.0 |  1273k |  49 |   8 |   2 |  41 | 169 |  1 |   0 |   0 | 1.526984e+01 | 1.526984e+01 |   0.00%|  99.99%
  4.4s| 79700 |   137 |   406 |   0.0 |  1273k |  49 |   8 |   2 |   0 | 169 |  0 |   0 |   0 | 1.526984e+01 | 1.526984e+01 |   0.00%|  99.99%
  4.4s| 79800 |   127 |   406 |   0.0 |  1273k |  49 |   8 |   2 |   0 | 169 |  0 |   0 |   0 | 1.526984e+01 | 1.526984e+01 |   0.00%|  99.99%
  4.4s| 79900 |   127 |   406 |   0.0 |  1273k |  49 |   8 |   2 |  41 | 169 |  1 |   0 |   0 | 1.526984e+01 | 1.526984e+01 |   0.00%|  99.99%
  4.4s| 80000 |   135 |   406 |   0.0 |  1273k |  49 |   8 |   2 |  41 | 169 |  1 |   0 |   0 | 1.526984e+01 | 1.526984e+01 |   0.00%|  99.99%
  4.5s| 80100 |   123 |   406 |   0.0 |  1273k |  49 |   8 |   2 |  42 | 169 |  1 |   0 |   0 | 1.526984e+01 | 1.526984e+01 |   0.00%|  99.99%
  4.5s| 80200 |   125 |   406 |   0.0 |  1273k |  49 |   8 |   2 |   0 | 169 |  0 |   0 |   0 | 1.526984e+01 | 1.526984e+01 |   0.00%|  99.99%
  4.5s| 80300 |   123 |   406 |   0.0 |  1273k |  49 |   8 |   2 |  41 | 169 |  1 |   0 |   0 | 1.526984e+01 | 1.526984e+01 |   0.00%|  99.99%
 time | node  | left  |LP iter|LP it/n|mem/heur|mdpt |vars |cons |rows |cuts |sepa|confs|strbr|  dualbound   | primalbound  |  gap   | compl. 
  4.5s| 80400 |   119 |   406 |   0.0 |  1273k |  49 |   8 |   2 |  42 | 169 |  1 |   0 |   0 | 1.526984e+01 | 1.526984e+01 |   0.00%|  99.99%
  4.5s| 80500 |   123 |   406 |   0.0 |  1273k |  49 |   8 |   2 |   0 | 169 |  0 |   0 |   0 | 1.526984e+01 | 1.526984e+01 |   0.00%|  99.99%
  4.5s| 80600 |   111 |   406 |   0.0 |  1273k |  49 |   8 |   2 |   0 | 169 |  0 |   0 |   0 | 1.526984e+01 | 1.526984e+01 |   0.00%|  99.99%
  4.5s| 80700 |   119 |   406 |   0.0 |  1273k |  49 |   8 |   2 |   0 | 169 |  0 |   0 |   0 | 1.526984e+01 | 1.526984e+01 |   0.00%|  99.99%
  4.5s| 80800 |   115 |   406 |   0.0 |  1273k |  49 |   8 |   2 |   0 | 169 |  0 |   0 |   0 | 1.526984e+01 | 1.526984e+01 |   0.00%|  99.99%
  4.5s| 80900 |   107 |   406 |   0.0 |  1273k |  49 |   8 |   2 |  42 | 169 |  1 |   0 |   0 | 1.526984e+01 | 1.526984e+01 |   0.00%|  99.99%
  4.5s| 81000 |   121 |   406 |   0.0 |  1273k |  49 |   8 |   2 |   0 | 169 |  0 |   0 |   0 | 1.526984e+01 | 1.526984e+01 |   0.00%|  99.99%
  4.5s| 81100 |   129 |   406 |   0.0 |  1273k |  49 |   8 |   2 |   0 | 169 |  0 |   0 |   0 | 1.526984e+01 | 1.526984e+01 |   0.00%|  99.99%
  4.5s| 81200 |   123 |   406 |   0.0 |  1273k |  49 |   8 |   2 |   0 | 169 |  0 |   0 |   0 | 1.526984e+01 | 1.526984e+01 |   0.00%|  99.99%
  4.5s| 81300 |   125 |   406 |   0.0 |  1273k |  49 |   8 |   2 |   0 | 169 |  0 |   0 |   0 | 1.526984e+01 | 1.526984e+01 |   0.00%|  99.99%
  4.5s| 81400 |   119 |   406 |   0.0 |  1273k |  49 |   8 |   2 |   0 | 169 |  0 |   0 |   0 | 1.526984e+01 | 1.526984e+01 |   0.00%|  99.99%
  4.5s| 81500 |   123 |   406 |   0.0 |  1273k |  49 |   8 |   2 |  42 | 169 |  1 |   0 |   0 | 1.526984e+01 | 1.526984e+01 |   0.00%|  99.99%
  4.5s| 81600 |   119 |   406 |   0.0 |  1273k |  49 |   8 |   2 |  42 | 169 |  1 |   0 |   0 | 1.526984e+01 | 1.526984e+01 |   0.00%|  99.99%
  4.5s| 81700 |   119 |   406 |   0.0 |  1273k |  49 |   8 |   2 |  41 | 169 |  1 |   0 |   0 | 1.526984e+01 | 1.526984e+01 |   0.00%|  99.99%
  4.5s| 81800 |   119 |   406 |   0.0 |  1273k |  49 |   8 |   2 |   0 | 169 |  0 |   0 |   0 | 1.526984e+01 | 1.526984e+01 |   0.00%|  99.99%
 time | node  | left  |LP iter|LP it/n|mem/heur|mdpt |vars |cons |rows |cuts |sepa|confs|strbr|  dualbound   | primalbound  |  gap   | compl. 
  4.5s| 81900 |   119 |   406 |   0.0 |  1273k |  49 |   8 |   2 |  41 | 169 |  1 |   0 |   0 | 1.526984e+01 | 1.526984e+01 |   0.00%|  99.99%
  4.5s| 82000 |   119 |   406 |   0.0 |  1273k |  49 |   8 |   2 |  41 | 169 |  1 |   0 |   0 | 1.526984e+01 | 1.526984e+01 |   0.00%|  99.99%
  4.5s| 82100 |   113 |   406 |   0.0 |  1273k |  49 |   8 |   2 |   0 | 169 |  0 |   0 |   0 | 1.526984e+01 | 1.526984e+01 |   0.00%|  99.99%
  4.6s| 82200 |   111 |   406 |   0.0 |  1273k |  49 |   8 |   2 |  42 | 169 |  1 |   0 |   0 | 1.526984e+01 | 1.526984e+01 |   0.00%|  99.99%
  4.6s| 82300 |   107 |   406 |   0.0 |  1273k |  49 |   8 |   2 |   0 | 169 |  0 |   0 |   0 | 1.526984e+01 | 1.526984e+01 |   0.00%|  99.99%
  4.6s| 82400 |   131 |   406 |   0.0 |  1273k |  49 |   8 |   2 |   0 | 169 |  0 |   0 |   0 | 1.526984e+01 | 1.526984e+01 |   0.00%|  99.99%
  4.6s| 82500 |   119 |   406 |   0.0 |  1273k |  49 |   8 |   2 |  42 | 169 |  1 |   0 |   0 | 1.526984e+01 | 1.526984e+01 |   0.00%|  99.99%
  4.6s| 82600 |   123 |   406 |   0.0 |  1273k |  49 |   8 |   2 |  42 | 169 |  1 |   0 |   0 | 1.526984e+01 | 1.526984e+01 |   0.00%|  99.99%
  4.6s| 82700 |   123 |   406 |   0.0 |  1273k |  49 |   8 |   2 |  42 | 169 |  1 |   0 |   0 | 1.526984e+01 | 1.526984e+01 |   0.00%|  99.99%
  4.6s| 82800 |   125 |   406 |   0.0 |  1273k |  49 |   8 |   2 |   0 | 169 |  0 |   0 |   0 | 1.526984e+01 | 1.526984e+01 |   0.00%|  99.99%
  4.6s| 82900 |   121 |   406 |   0.0 |  1273k |  49 |   8 |   2 |   0 | 169 |  0 |   0 |   0 | 1.526984e+01 | 1.526984e+01 |   0.00%|  99.99%
  4.6s| 83000 |   115 |   406 |   0.0 |  1273k |  49 |   8 |   2 |  42 | 169 |  1 |   0 |   0 | 1.526984e+01 | 1.526984e+01 |   0.00%|  99.99%
  4.6s| 83100 |   113 |   406 |   0.0 |  1273k |  49 |   8 |   2 |   0 | 169 |  0 |   0 |   0 | 1.526984e+01 | 1.526984e+01 |   0.00%|  99.99%
  4.6s| 83200 |   115 |   406 |   0.0 |  1273k |  49 |   8 |   2 |  41 | 169 |  1 |   0 |   0 | 1.526984e+01 | 1.526984e+01 |   0.00%|  99.99%
  4.6s| 83300 |   107 |   406 |   0.0 |  1273k |  49 |   8 |   2 |  41 | 169 |  1 |   0 |   0 | 1.526984e+01 | 1.526984e+01 |   0.00%|  99.99%
 time | node  | left  |LP iter|LP it/n|mem/heur|mdpt |vars |cons |rows |cuts |sepa|confs|strbr|  dualbound   | primalbound  |  gap   | compl. 
  4.6s| 83400 |   101 |   406 |   0.0 |  1273k |  49 |   8 |   2 |   0 | 169 |  0 |   0 |   0 | 1.526984e+01 | 1.526984e+01 |   0.00%|  99.99%
  4.6s| 83500 |   121 |   406 |   0.0 |  1273k |  49 |   8 |   2 |   0 | 169 |  0 |   0 |   0 | 1.526984e+01 | 1.526984e+01 |   0.00%|  99.99%
  4.6s| 83600 |   113 |   406 |   0.0 |  1273k |  49 |   8 |   2 |   0 | 169 |  0 |   0 |   0 | 1.526984e+01 | 1.526984e+01 |   0.00%|  99.99%
  4.6s| 83700 |   113 |   406 |   0.0 |  1273k |  49 |   8 |   2 |   0 | 169 |  0 |   0 |   0 | 1.526984e+01 | 1.526984e+01 |   0.00%|  99.99%
  4.6s| 83800 |   111 |   406 |   0.0 |  1273k |  49 |   8 |   2 |   0 | 169 |  0 |   0 |   0 | 1.526984e+01 | 1.526984e+01 |   0.00%|  99.99%
  4.6s| 83900 |   111 |   406 |   0.0 |  1273k |  49 |   8 |   2 |  42 | 169 |  1 |   0 |   0 | 1.526984e+01 | 1.526984e+01 |   0.00%|  99.99%
  4.6s| 84000 |   111 |   406 |   0.0 |  1273k |  49 |   8 |   2 |  41 | 169 |  1 |   0 |   0 | 1.526984e+01 | 1.526984e+01 |   0.00%|  99.99%
  4.6s| 84100 |   107 |   406 |   0.0 |  1273k |  49 |   8 |   2 |  42 | 169 |  1 |   0 |   0 | 1.526984e+01 | 1.526984e+01 |   0.00%|  99.99%
  4.6s| 84200 |    99 |   406 |   0.0 |  1273k |  49 |   8 |   2 |   0 | 169 |  0 |   0 |   0 | 1.526984e+01 | 1.526984e+01 |   0.00%|  99.99%
  4.6s| 84300 |   119 |   406 |   0.0 |  1273k |  49 |   8 |   2 |  42 | 169 |  1 |   0 |   0 | 1.526984e+01 | 1.526984e+01 |   0.00%|  99.99%
  4.6s| 84400 |   115 |   406 |   0.0 |  1273k |  49 |   8 |   2 |  41 | 169 |  1 |   0 |   0 | 1.526984e+01 | 1.526984e+01 |   0.00%|  99.99%
  4.6s| 84500 |   111 |   406 |   0.0 |  1273k |  49 |   8 |   2 |  42 | 169 |  1 |   0 |   0 | 1.526984e+01 | 1.526984e+01 |   0.00%|  99.99%
  4.7s| 84600 |   115 |   406 |   0.0 |  1273k |  49 |   8 |   2 |  41 | 169 |  1 |   0 |   0 | 1.526984e+01 | 1.526984e+01 |   0.00%|  99.99%
  4.7s| 84700 |   115 |   407 |   0.0 |  1273k |  49 |   8 |   2 |  42 | 169 |  1 |   0 |   0 | 1.526984e+01 | 1.526984e+01 |   0.00%|  99.99%
  4.7s| 84800 |   107 |   407 |   0.0 |  1273k |  49 |   8 |   2 |   0 | 169 |  0 |   0 |   0 | 1.526984e+01 | 1.526984e+01 |   0.00%|  99.99%
 time | node  | left  |LP iter|LP it/n|mem/heur|mdpt |vars |cons |rows |cuts |sepa|confs|strbr|  dualbound   | primalbound  |  gap   | compl. 
  4.7s| 84900 |   103 |   407 |   0.0 |  1273k |  49 |   8 |   2 |   0 | 169 |  0 |   0 |   0 | 1.526984e+01 | 1.526984e+01 |   0.00%|  99.99%
  4.7s| 85000 |   127 |   407 |   0.0 |  1273k |  49 |   8 |   2 |  41 | 169 |  1 |   0 |   0 | 1.526984e+01 | 1.526984e+01 |   0.00%|  99.99%
  4.7s| 85100 |   119 |   407 |   0.0 |  1273k |  49 |   8 |   2 |  42 | 169 |  1 |   0 |   0 | 1.526984e+01 | 1.526984e+01 |   0.00%|  99.99%
  4.7s| 85200 |   119 |   407 |   0.0 |  1273k |  49 |   8 |   2 |  41 | 169 |  1 |   0 |   0 | 1.526984e+01 | 1.526984e+01 |   0.00%|  99.99%
  4.7s| 85300 |   113 |   407 |   0.0 |  1273k |  49 |   8 |   2 |   0 | 169 |  0 |   0 |   0 | 1.526984e+01 | 1.526984e+01 |   0.00%|  99.99%
  4.7s| 85400 |   107 |   407 |   0.0 |  1273k |  49 |   8 |   2 |   0 | 169 |  0 |   0 |   0 | 1.526984e+01 | 1.526984e+01 |   0.00%|  99.99%
  4.7s| 85500 |   117 |   407 |   0.0 |  1273k |  49 |   8 |   2 |   0 | 169 |  0 |   0 |   0 | 1.526984e+01 | 1.526984e+01 |   0.00%|  99.99%
  4.7s| 85600 |   111 |   407 |   0.0 |  1273k |  49 |   8 |   2 |  41 | 169 |  1 |   0 |   0 | 1.526984e+01 | 1.526984e+01 |   0.00%|  99.99%
  4.7s| 85700 |   111 |   407 |   0.0 |  1273k |  49 |   8 |   2 |  42 | 169 |  1 |   0 |   0 | 1.526984e+01 | 1.526984e+01 |   0.00%|  99.99%
  4.7s| 85800 |   107 |   407 |   0.0 |  1273k |  49 |   8 |   2 |   0 | 169 |  0 |   0 |   0 | 1.526984e+01 | 1.526984e+01 |   0.00%|  99.99%
  4.7s| 85900 |   115 |   407 |   0.0 |  1273k |  49 |   8 |   2 |   0 | 169 |  0 |   0 |   0 | 1.526984e+01 | 1.526984e+01 |   0.00%|  99.99%
  4.7s| 86000 |   107 |   407 |   0.0 |  1273k |  49 |   8 |   2 |   0 | 169 |  0 |   0 |   0 | 1.526984e+01 | 1.526984e+01 |   0.00%|  99.99%
  4.7s| 86100 |   107 |   407 |   0.0 |  1273k |  49 |   8 |   2 |  41 | 169 |  1 |   0 |   0 | 1.526984e+01 | 1.526984e+01 |   0.00%|  99.99%
  4.7s| 86200 |   107 |   407 |   0.0 |  1273k |  49 |   8 |   2 |  42 | 169 |  1 |   0 |   0 | 1.526984e+01 | 1.526984e+01 |   0.00%|  99.99%
  4.7s| 86300 |    99 |   407 |   0.0 |  1273k |  49 |   8 |   2 |  42 | 169 |  1 |   0 |   0 | 1.526984e+01 | 1.526984e+01 |   0.00%|  99.99%
 time | node  | left  |LP iter|LP it/n|mem/heur|mdpt |vars |cons |rows |cuts |sepa|confs|strbr|  dualbound   | primalbound  |  gap   | compl. 
  4.7s| 86400 |   103 |   407 |   0.0 |  1273k |  49 |   8 |   2 |  42 | 169 |  1 |   0 |   0 | 1.526984e+01 | 1.526984e+01 |   0.00%|  99.99%
  4.7s| 86500 |   101 |   407 |   0.0 |  1273k |  49 |   8 |   2 |   0 | 169 |  0 |   0 |   0 | 1.526984e+01 | 1.526984e+01 |   0.00%|  99.99%
  4.7s| 86600 |   107 |   407 |   0.0 |  1273k |  49 |   8 |   2 |   0 | 169 |  0 |   0 |   0 | 1.526984e+01 | 1.526984e+01 |   0.00%|  99.99%
  4.7s| 86700 |   103 |   407 |   0.0 |  1273k |  49 |   8 |   2 |  42 | 169 |  1 |   0 |   0 | 1.526984e+01 | 1.526984e+01 |   0.00%|  99.99%
  4.7s| 86800 |   107 |   407 |   0.0 |  1273k |  49 |   8 |   2 |  42 | 169 |  1 |   0 |   0 | 1.526984e+01 | 1.526984e+01 |   0.00%|  99.99%
  4.7s| 86900 |    99 |   407 |   0.0 |  1273k |  49 |   8 |   2 |  42 | 169 |  1 |   0 |   0 | 1.526984e+01 | 1.526984e+01 |   0.00%|  99.99%
  4.8s| 87000 |    95 |   407 |   0.0 |  1273k |  49 |   8 |   2 |  41 | 169 |  1 |   0 |   0 | 1.526984e+01 | 1.526984e+01 |   0.00%|  99.99%
  4.8s| 87100 |    95 |   407 |   0.0 |  1273k |  49 |   8 |   2 |  41 | 169 |  1 |   0 |   0 | 1.526984e+01 | 1.526984e+01 |   0.00%|  99.99%
  4.8s| 87200 |    95 |   407 |   0.0 |  1273k |  49 |   8 |   2 |  42 | 169 |  1 |   0 |   0 | 1.526984e+01 | 1.526984e+01 |   0.00%|  99.99%
  4.8s| 87300 |    97 |   407 |   0.0 |  1273k |  49 |   8 |   2 |   0 | 169 |  0 |   0 |   0 | 1.526984e+01 | 1.526984e+01 |   0.00%|  99.99%
  4.8s| 87400 |    89 |   407 |   0.0 |  1273k |  49 |   8 |   2 |   0 | 169 |  0 |   0 |   0 | 1.526984e+01 | 1.526984e+01 |   0.00%|  99.99%
  4.8s| 87500 |    91 |   407 |   0.0 |  1273k |  49 |   8 |   2 |   0 | 169 |  0 |   0 |   0 | 1.526984e+01 | 1.526984e+01 |   0.00%|  99.99%
  4.8s| 87600 |    83 |   407 |   0.0 |  1273k |  49 |   8 |   2 |  42 | 169 |  1 |   0 |   0 | 1.526984e+01 | 1.526984e+01 |   0.00%|  99.99%
  4.8s| 87700 |    71 |   407 |   0.0 |  1273k |  49 |   8 |   2 |   0 | 169 |  0 |   0 |   0 | 1.526984e+01 | 1.526984e+01 |   0.00%|  99.99%
  4.8s| 87800 |    73 |   407 |   0.0 |  1273k |  49 |   8 |   2 |   0 | 169 |  0 |   0 |   0 | 1.526984e+01 | 1.526984e+01 |   0.00%|  99.99%
 time | node  | left  |LP iter|LP it/n|mem/heur|mdpt |vars |cons |rows |cuts |sepa|confs|strbr|  dualbound   | primalbound  |  gap   | compl. 
  4.8s| 87900 |    75 |   407 |   0.0 |  1273k |  49 |   8 |   2 |  41 | 169 |  1 |   0 |   0 | 1.526984e+01 | 1.526984e+01 |   0.00%|  99.99%
  4.8s| 88000 |    75 |   407 |   0.0 |  1273k |  49 |   8 |   2 |  41 | 169 |  1 |   0 |   0 | 1.526984e+01 | 1.526984e+01 |   0.00%|  99.99%
  4.8s| 88100 |    71 |   407 |   0.0 |  1273k |  49 |   8 |   2 |   0 | 169 |  0 |   0 |   0 | 1.526984e+01 | 1.526984e+01 |   0.00%|  99.99%
  4.8s| 88200 |    71 |   407 |   0.0 |  1273k |  49 |   8 |   2 |  41 | 169 |  1 |   0 |   0 | 1.526984e+01 | 1.526984e+01 |   0.00%|  99.99%
  4.8s| 88300 |    73 |   407 |   0.0 |  1273k |  49 |   8 |   2 |   0 | 169 |  0 |   0 |   0 | 1.526984e+01 | 1.526984e+01 |   0.00%|  99.99%
  4.8s| 88400 |    67 |   407 |   0.0 |  1273k |  49 |   8 |   2 |   0 | 169 |  0 |   0 |   0 | 1.526984e+01 | 1.526984e+01 |   0.00%|  99.99%
  4.8s| 88500 |    67 |   407 |   0.0 |  1273k |  49 |   8 |   2 |   0 | 169 |  0 |   0 |   0 | 1.526984e+01 | 1.526984e+01 |   0.00%|  99.99%
  4.8s| 88600 |    71 |   407 |   0.0 |  1273k |  49 |   8 |   2 |  41 | 169 |  1 |   0 |   0 | 1.526984e+01 | 1.526984e+01 |   0.00%|  99.99%
  4.8s| 88700 |    71 |   407 |   0.0 |  1273k |  49 |   8 |   2 |   0 | 169 |  0 |   0 |   0 | 1.526984e+01 | 1.526984e+01 |   0.00%|  99.99%
  4.8s| 88800 |    83 |   407 |   0.0 |  1273k |  49 |   8 |   2 |  41 | 169 |  1 |   0 |   0 | 1.526984e+01 | 1.526984e+01 |   0.00%|  99.99%
  4.8s| 88900 |   111 |   407 |   0.0 |  1273k |  49 |   8 |   2 |  41 | 169 |  1 |   0 |   0 | 1.526984e+01 | 1.526984e+01 |   0.00%|  99.99%
  4.8s| 89000 |   109 |   407 |   0.0 |  1273k |  49 |   8 |   2 |   0 | 169 |  0 |   0 |   0 | 1.526984e+01 | 1.526984e+01 |   0.00%|  99.99%
  4.8s| 89100 |   107 |   407 |   0.0 |  1273k |  49 |   8 |   2 |  41 | 169 |  1 |   0 |   0 | 1.526984e+01 | 1.526984e+01 |   0.00%|  99.99%
  4.8s| 89200 |   107 |   407 |   0.0 |  1273k |  49 |   8 |   2 |  41 | 169 |  1 |   0 |   0 | 1.526984e+01 | 1.526984e+01 |   0.00%|  99.99%
  4.9s| 89300 |   103 |   407 |   0.0 |  1273k |  49 |   8 |   2 |  41 | 169 |  1 |   0 |   0 | 1.526984e+01 | 1.526984e+01 |   0.00%|  99.99%
 time | node  | left  |LP iter|LP it/n|mem/heur|mdpt |vars |cons |rows |cuts |sepa|confs|strbr|  dualbound   | primalbound  |  gap   | compl. 
  4.9s| 89400 |    95 |   407 |   0.0 |  1273k |  49 |   8 |   2 |  41 | 169 |  1 |   0 |   0 | 1.526984e+01 | 1.526984e+01 |   0.00%|  99.99%
  4.9s| 89500 |   103 |   407 |   0.0 |  1273k |  49 |   8 |   2 |   0 | 169 |  0 |   0 |   0 | 1.526984e+01 | 1.526984e+01 |   0.00%|  99.99%
  4.9s| 89600 |   107 |   407 |   0.0 |  1273k |  49 |   8 |   2 |  41 | 169 |  1 |   0 |   0 | 1.526984e+01 | 1.526984e+01 |   0.00%|  99.99%
  4.9s| 89700 |   103 |   407 |   0.0 |  1273k |  49 |   8 |   2 |  41 | 169 |  1 |   0 |   0 | 1.526984e+01 | 1.526984e+01 |   0.00%|  99.99%
  4.9s| 89800 |   101 |   407 |   0.0 |  1273k |  49 |   8 |   2 |   0 | 169 |  0 |   0 |   0 | 1.526984e+01 | 1.526984e+01 |   0.00%|  99.99%
  4.9s| 89900 |    95 |   407 |   0.0 |  1273k |  49 |   8 |   2 |   0 | 169 |  0 |   0 |   0 | 1.526984e+01 | 1.526984e+01 |   0.00%|  99.99%
  4.9s| 90000 |   103 |   407 |   0.0 |  1273k |  49 |   8 |   2 |   0 | 169 |  0 |   0 |   0 | 1.526984e+01 | 1.526984e+01 |   0.00%|  99.99%
  4.9s| 90100 |    99 |   407 |   0.0 |  1273k |  49 |   8 |   2 |   0 | 169 |  0 |   0 |   0 | 1.526984e+01 | 1.526984e+01 |   0.00%|  99.99%
  4.9s| 90200 |    97 |   407 |   0.0 |  1273k |  49 |   8 |   2 |   0 | 169 |  0 |   0 |   0 | 1.526984e+01 | 1.526984e+01 |   0.00%|  99.99%
  4.9s| 90300 |    95 |   407 |   0.0 |  1273k |  49 |   8 |   2 |  41 | 169 |  1 |   0 |   0 | 1.526984e+01 | 1.526984e+01 |   0.00%|  99.99%
  4.9s| 90400 |   101 |   407 |   0.0 |  1273k |  49 |   8 |   2 |   0 | 169 |  0 |   0 |   0 | 1.526984e+01 | 1.526984e+01 |   0.00%|  99.99%
  4.9s| 90500 |    97 |   407 |   0.0 |  1273k |  49 |   8 |   2 |   0 | 169 |  0 |   0 |   0 | 1.526984e+01 | 1.526984e+01 |   0.00%|  99.99%
  4.9s| 90600 |    91 |   407 |   0.0 |  1273k |  49 |   8 |   2 |  41 | 169 |  1 |   0 |   0 | 1.526984e+01 | 1.526984e+01 |   0.00%|  99.99%
  4.9s| 90700 |    99 |   407 |   0.0 |  1273k |  49 |   8 |   2 |   0 | 169 |  0 |   0 |   0 | 1.526984e+01 | 1.526984e+01 |   0.00%|  99.99%
  4.9s| 90800 |    91 |   407 |   0.0 |  1273k |  49 |   8 |   2 |   0 | 169 |  0 |   0 |   0 | 1.526984e+01 | 1.526984e+01 |   0.00%|  99.99%
 time | node  | left  |LP iter|LP it/n|mem/heur|mdpt |vars |cons |rows |cuts |sepa|confs|strbr|  dualbound   | primalbound  |  gap   | compl. 
  4.9s| 90900 |    87 |   407 |   0.0 |  1273k |  49 |   8 |   2 |  41 | 169 |  1 |   0 |   0 | 1.526984e+01 | 1.526984e+01 |   0.00%|  99.99%
  4.9s| 91000 |    91 |   407 |   0.0 |  1273k |  49 |   8 |   2 |  41 | 169 |  1 |   0 |   0 | 1.526984e+01 | 1.526984e+01 |   0.00%|  99.99%
  4.9s| 91100 |    87 |   407 |   0.0 |  1273k |  49 |   8 |   2 |  41 | 169 |  1 |   0 |   0 | 1.526984e+01 | 1.526984e+01 |   0.00%|  99.99%
  4.9s| 91200 |    87 |   407 |   0.0 |  1273k |  49 |   8 |   2 |  41 | 169 |  1 |   0 |   0 | 1.526984e+01 | 1.526984e+01 |   0.00%|  99.99%
  4.9s| 91300 |    91 |   407 |   0.0 |  1273k |  49 |   8 |   2 |   0 | 169 |  0 |   0 |   0 | 1.526984e+01 | 1.526984e+01 |   0.00%|  99.99%
  4.9s| 91400 |    87 |   407 |   0.0 |  1273k |  49 |   8 |   2 |  41 | 169 |  1 |   0 |   0 | 1.526984e+01 | 1.526984e+01 |   0.00%|  99.99%
  4.9s| 91500 |    83 |   407 |   0.0 |  1273k |  49 |   8 |   2 |  41 | 169 |  1 |   0 |   0 | 1.526984e+01 | 1.526984e+01 |   0.00%|  99.99%
  5.0s| 91600 |    83 |   407 |   0.0 |  1273k |  49 |   8 |   2 |  41 | 169 |  1 |   0 |   0 | 1.526984e+01 | 1.526984e+01 |   0.00%|  99.99%
  5.0s| 91700 |    79 |   407 |   0.0 |  1273k |  49 |   8 |   2 |   0 | 169 |  0 |   0 |   0 | 1.526984e+01 | 1.526984e+01 |   0.00%|  99.99%
  5.0s| 91800 |    75 |   407 |   0.0 |  1273k |  49 |   8 |   2 |  41 | 169 |  1 |   0 |   0 | 1.526984e+01 | 1.526984e+01 |   0.00%|  99.99%
  5.0s| 91900 |    79 |   407 |   0.0 |  1273k |  49 |   8 |   2 |  41 | 169 |  1 |   0 |   0 | 1.526984e+01 | 1.526984e+01 |   0.00%|  99.99%
  5.0s| 92000 |    99 |   407 |   0.0 |  1273k |  49 |   8 |   2 |   0 | 169 |  0 |   0 |   0 | 1.526984e+01 | 1.526984e+01 |   0.00%|  99.99%
  5.0s| 92100 |   109 |   407 |   0.0 |  1273k |  49 |   8 |   2 |  41 | 169 |  1 |   0 |   0 | 1.526984e+01 | 1.526984e+01 |   0.00%|  99.99%
  5.0s| 92200 |   107 |   407 |   0.0 |  1273k |  49 |   8 |   2 |   0 | 169 |  0 |   0 |   0 | 1.526984e+01 | 1.526984e+01 |   0.00%|  99.99%
  5.0s| 92300 |   107 |   407 |   0.0 |  1273k |  50 |   8 |   2 |   0 | 169 |  0 |   0 |   0 | 1.526984e+01 | 1.526984e+01 |   0.00%|  99.99%
 time | node  | left  |LP iter|LP it/n|mem/heur|mdpt |vars |cons |rows |cuts |sepa|confs|strbr|  dualbound   | primalbound  |  gap   | compl. 
  5.0s| 92400 |   105 |   407 |   0.0 |  1273k |  50 |   8 |   2 |  41 | 169 |  1 |   0 |   0 | 1.526984e+01 | 1.526984e+01 |   0.00%|  99.99%
  5.0s| 92500 |   107 |   409 |   0.0 |  1273k |  50 |   8 |   2 |  41 | 170 |  1 |   0 |   0 | 1.526984e+01 | 1.526984e+01 |   0.00%| 100.00%
  5.0s| 92600 |   107 |   409 |   0.0 |  1273k |  50 |   8 |   2 |   0 | 170 |  0 |   0 |   0 | 1.526984e+01 | 1.526984e+01 |   0.00%| 100.00%
  5.0s| 92700 |   119 |   409 |   0.0 |  1273k |  50 |   8 |   2 |  41 | 170 |  1 |   0 |   0 | 1.526984e+01 | 1.526984e+01 |   0.00%| 100.00%
  5.0s| 92800 |   119 |   409 |   0.0 |  1273k |  50 |   8 |   2 |  41 | 170 |  1 |   0 |   0 | 1.526984e+01 | 1.526984e+01 |   0.00%| 100.00%
  5.0s| 92900 |   119 |   409 |   0.0 |  1273k |  50 |   8 |   2 |  41 | 170 |  1 |   0 |   0 | 1.526984e+01 | 1.526984e+01 |   0.00%| 100.00%
  5.0s| 93000 |   115 |   409 |   0.0 |  1273k |  50 |   8 |   2 |   0 | 170 |  0 |   0 |   0 | 1.526984e+01 | 1.526984e+01 |   0.00%| 100.00%
  5.0s| 93100 |   109 |   409 |   0.0 |  1273k |  50 |   8 |   2 |   0 | 170 |  0 |   0 |   0 | 1.526984e+01 | 1.526984e+01 |   0.00%| 100.00%
  5.0s| 93200 |   115 |   410 |   0.0 |  1273k |  50 |   8 |   2 |   0 | 170 |  0 |   0 |   0 | 1.526984e+01 | 1.526984e+01 |   0.00%| 100.00%
  5.0s| 93300 |   109 |   410 |   0.0 |  1273k |  50 |   8 |   2 |   0 | 170 |  0 |   0 |   0 | 1.526984e+01 | 1.526984e+01 |   0.00%| 100.00%
  5.0s| 93400 |   109 |   410 |   0.0 |  1273k |  50 |   8 |   2 |   0 | 170 |  0 |   0 |   0 | 1.526984e+01 | 1.526984e+01 |   0.00%| 100.00%
  5.0s| 93500 |   111 |   410 |   0.0 |  1273k |  50 |   8 |   2 |  41 | 170 |  1 |   0 |   0 | 1.526984e+01 | 1.526984e+01 |   0.00%| 100.00%
  5.0s| 93600 |   107 |   410 |   0.0 |  1273k |  50 |   8 |   2 |  41 | 170 |  1 |   0 |   0 | 1.526984e+01 | 1.526984e+01 |   0.00%| 100.00%
  5.0s| 93700 |    97 |   410 |   0.0 |  1273k |  50 |   8 |   2 |   0 | 170 |  0 |   0 |   0 | 1.526984e+01 | 1.526984e+01 |   0.00%| 100.00%
  5.0s| 93800 |    99 |   410 |   0.0 |  1273k |  50 |   8 |   2 |   0 | 170 |  0 |   0 |   0 | 1.526984e+01 | 1.526984e+01 |   0.00%| 100.00%
 time | node  | left  |LP iter|LP it/n|mem/heur|mdpt |vars |cons |rows |cuts |sepa|confs|strbr|  dualbound   | primalbound  |  gap   | compl. 
  5.0s| 93900 |   101 |   410 |   0.0 |  1273k |  50 |   8 |   2 |   0 | 170 |  0 |   0 |   0 | 1.526984e+01 | 1.526984e+01 |   0.00%| 100.00%
  5.1s| 94000 |    99 |   410 |   0.0 |  1273k |  50 |   8 |   2 |  41 | 170 |  1 |   0 |   0 | 1.526984e+01 | 1.526984e+01 |   0.00%| 100.00%
  5.1s| 94100 |   101 |   413 |   0.0 |  1273k |  50 |   8 |   2 |   0 | 170 |  0 |   0 |   0 | 1.526984e+01 | 1.526984e+01 |   0.00%| 100.00%
  5.1s| 94200 |    99 |   414 |   0.0 |  1273k |  50 |   8 |   2 |  42 | 170 |  1 |   0 |   0 | 1.526984e+01 | 1.526984e+01 |   0.00%| 100.00%
  5.1s| 94300 |    99 |   415 |   0.0 |  1273k |  50 |   8 |   2 |  42 | 170 |  1 |   0 |   0 | 1.526984e+01 | 1.526984e+01 |   0.00%| 100.00%
  5.1s| 94400 |    91 |   415 |   0.0 |  1273k |  50 |   8 |   2 |   0 | 170 |  0 |   0 |   0 | 1.526984e+01 | 1.526984e+01 |   0.00%| 100.00%
  5.1s| 94500 |    81 |   418 |   0.0 |  1273k |  50 |   8 |   2 |   0 | 170 |  0 |   0 |   0 | 1.526984e+01 | 1.526984e+01 |   0.00%| 100.00%
  5.1s| 94600 |    75 |   419 |   0.0 |  1273k |  50 |   8 |   2 |  41 | 170 |  1 |   0 |   0 | 1.526984e+01 | 1.526984e+01 |   0.00%| 100.00%
  5.1s| 94700 |   107 |   425 |   0.0 |  1273k |  50 |   8 |   2 |   0 | 170 |  0 |   0 |   0 | 1.526984e+01 | 1.526984e+01 |   0.00%| 100.00%
  5.1s| 94800 |   109 |   426 |   0.0 |  1273k |  50 |   8 |   2 |  41 | 170 |  1 |   0 |   0 | 1.526984e+01 | 1.526984e+01 |   0.00%| 100.00%
  5.1s| 94900 |   103 |   426 |   0.0 |  1273k |  50 |   8 |   2 |   0 | 170 |  0 |   0 |   0 | 1.526984e+01 | 1.526984e+01 |   0.00%| 100.00%
  5.1s| 95000 |   105 |   426 |   0.0 |  1273k |  50 |   8 |   2 |  41 | 170 |  1 |   0 |   0 | 1.526984e+01 | 1.526984e+01 |   0.00%| 100.00%
  5.1s| 95100 |    97 |   426 |   0.0 |  1273k |  50 |   8 |   2 |  41 | 170 |  1 |   0 |   0 | 1.526984e+01 | 1.526984e+01 |   0.00%| 100.00%
  5.1s| 95200 |    91 |   426 |   0.0 |  1273k |  50 |   8 |   2 |   0 | 170 |  0 |   0 |   0 | 1.526984e+01 | 1.526984e+01 |   0.00%| 100.00%
  5.1s| 95300 |    91 |   426 |   0.0 |  1273k |  50 |   8 |   2 |   0 | 170 |  0 |   0 |   0 | 1.526984e+01 | 1.526984e+01 |   0.00%| 100.00%
 time | node  | left  |LP iter|LP it/n|mem/heur|mdpt |vars |cons |rows |cuts |sepa|confs|strbr|  dualbound   | primalbound  |  gap   | compl. 
  5.1s| 95400 |    93 |   426 |   0.0 |  1273k |  50 |   8 |   2 |   0 | 170 |  0 |   0 |   0 | 1.526984e+01 | 1.526984e+01 |   0.00%| 100.00%
  5.1s| 95500 |    97 |   426 |   0.0 |  1273k |  50 |   8 |   2 |  42 | 170 |  1 |   0 |   0 | 1.526984e+01 | 1.526984e+01 |   0.00%| 100.00%
  5.1s| 95600 |   101 |   426 |   0.0 |  1273k |  50 |   8 |   2 |  42 | 170 |  1 |   0 |   0 | 1.526984e+01 | 1.526984e+01 |   0.00%| 100.00%
  5.1s| 95700 |    99 |   426 |   0.0 |  1273k |  50 |   8 |   2 |   0 | 170 |  0 |   0 |   0 | 1.526984e+01 | 1.526984e+01 |   0.00%| 100.00%
  5.1s| 95800 |    93 |   426 |   0.0 |  1273k |  50 |   8 |   2 |  41 | 170 |  1 |   0 |   0 | 1.526984e+01 | 1.526984e+01 |   0.00%| 100.00%
  5.1s| 95900 |   103 |   426 |   0.0 |  1273k |  50 |   8 |   2 |   0 | 170 |  0 |   0 |   0 | 1.526984e+01 | 1.526984e+01 |   0.00%| 100.00%
  5.1s| 96000 |   105 |   426 |   0.0 |  1273k |  50 |   8 |   2 |   0 | 170 |  0 |   0 |   0 | 1.526984e+01 | 1.526984e+01 |   0.00%| 100.00%
  5.1s| 96100 |    93 |   426 |   0.0 |  1273k |  50 |   8 |   2 |  42 | 170 |  1 |   0 |   0 | 1.526984e+01 | 1.526984e+01 |   0.00%| 100.00%
  5.1s| 96200 |    91 |   426 |   0.0 |  1273k |  50 |   8 |   2 |   0 | 170 |  0 |   0 |   0 | 1.526984e+01 | 1.526984e+01 |   0.00%| 100.00%
  5.1s| 96300 |    97 |   426 |   0.0 |  1273k |  50 |   8 |   2 |  41 | 170 |  1 |   0 |   0 | 1.526984e+01 | 1.526984e+01 |   0.00%| 100.00%
  5.2s| 96400 |    93 |   426 |   0.0 |  1273k |  50 |   8 |   2 |   0 | 170 |  0 |   0 |   0 | 1.526984e+01 | 1.526984e+01 |   0.00%| 100.00%
  5.2s| 96500 |    91 |   426 |   0.0 |  1273k |  50 |   8 |   2 |   0 | 170 |  0 |   0 |   0 | 1.526984e+01 | 1.526984e+01 |   0.00%| 100.00%
  5.2s| 96600 |    85 |   426 |   0.0 |  1273k |  50 |   8 |   2 |  42 | 170 |  1 |   0 |   0 | 1.526984e+01 | 1.526984e+01 |   0.00%| 100.00%
  5.2s| 96700 |    95 |   426 |   0.0 |  1273k |  50 |   8 |   2 |   0 | 170 |  0 |   0 |   0 | 1.526984e+01 | 1.526984e+01 |   0.00%| 100.00%
  5.2s| 96800 |   105 |   426 |   0.0 |  1273k |  50 |   8 |   2 |   0 | 170 |  0 |   0 |   0 | 1.526984e+01 | 1.526984e+01 |   0.00%| 100.00%
 time | node  | left  |LP iter|LP it/n|mem/heur|mdpt |vars |cons |rows |cuts |sepa|confs|strbr|  dualbound   | primalbound  |  gap   | compl. 
  5.2s| 96900 |   103 |   426 |   0.0 |  1273k |  50 |   8 |   2 |   0 | 170 |  0 |   0 |   0 | 1.526984e+01 | 1.526984e+01 |   0.00%| 100.00%
  5.2s| 97000 |   109 |   426 |   0.0 |  1273k |  50 |   8 |   2 |  42 | 170 |  1 |   0 |   0 | 1.526984e+01 | 1.526984e+01 |   0.00%| 100.00%
  5.2s| 97100 |   101 |   426 |   0.0 |  1273k |  50 |   8 |   2 |  42 | 170 |  1 |   0 |   0 | 1.526984e+01 | 1.526984e+01 |   0.00%| 100.00%
  5.2s| 97200 |   105 |   426 |   0.0 |  1273k |  50 |   8 |   2 |  41 | 170 |  1 |   0 |   0 | 1.526984e+01 | 1.526984e+01 |   0.00%| 100.00%
  5.2s| 97300 |   117 |   426 |   0.0 |  1273k |  50 |   8 |   2 |   0 | 170 |  0 |   0 |   0 | 1.526984e+01 | 1.526984e+01 |   0.00%| 100.00%
  5.2s| 97400 |   121 |   426 |   0.0 |  1273k |  50 |   8 |   2 |  42 | 170 |  1 |   0 |   0 | 1.526984e+01 | 1.526984e+01 |   0.00%| 100.00%
  5.2s| 97500 |   129 |   428 |   0.0 |  1273k |  50 |   8 |   2 |  42 | 170 |  1 |   0 |   0 | 1.526984e+01 | 1.526984e+01 |   0.00%| 100.00%
  5.2s| 97600 |   129 |   430 |   0.0 |  1273k |  50 |   8 |   2 |  42 | 170 |  1 |   0 |   0 | 1.526984e+01 | 1.526984e+01 |   0.00%| 100.00%
  5.2s| 97700 |   129 |   431 |   0.0 |  1273k |  50 |   8 |   2 |  42 | 170 |  1 |   0 |   0 | 1.526984e+01 | 1.526984e+01 |   0.00%| 100.00%
  5.2s| 97800 |   129 |   434 |   0.0 |  1273k |  50 |   8 |   2 |  41 | 170 |  1 |   0 |   0 | 1.526984e+01 | 1.526984e+01 |   0.00%| 100.00%
  5.2s| 97900 |   121 |   438 |   0.0 |  1273k |  50 |   8 |   2 |  42 | 170 |  1 |   0 |   0 | 1.526984e+01 | 1.526984e+01 |   0.00%| 100.00%
  5.2s| 98000 |   121 |   439 |   0.0 |  1273k |  50 |   8 |   2 |  41 | 170 |  1 |   0 |   0 | 1.526984e+01 | 1.526984e+01 |   0.00%| 100.00%
  5.2s| 98100 |   125 |   439 |   0.0 |  1273k |  50 |   8 |   2 |  42 | 170 |  1 |   0 |   0 | 1.526984e+01 | 1.526984e+01 |   0.00%| 100.00%
  5.2s| 98200 |   121 |   440 |   0.0 |  1273k |  50 |   8 |   2 |   0 | 170 |  0 |   0 |   0 | 1.526984e+01 | 1.526984e+01 |   0.00%| 100.00%
  5.2s| 98300 |   125 |   441 |   0.0 |  1273k |  50 |   8 |   2 |  41 | 170 |  1 |   0 |   0 | 1.526984e+01 | 1.526984e+01 |   0.00%| 100.00%
 time | node  | left  |LP iter|LP it/n|mem/heur|mdpt |vars |cons |rows |cuts |sepa|confs|strbr|  dualbound   | primalbound  |  gap   | compl. 
  5.3s| 98400 |   125 |   441 |   0.0 |  1273k |  50 |   8 |   2 |   0 | 170 |  0 |   0 |   0 | 1.526984e+01 | 1.526984e+01 |   0.00%| 100.00%
  5.3s| 98500 |   121 |   441 |   0.0 |  1273k |  50 |   8 |   2 |   0 | 170 |  0 |   0 |   0 | 1.526984e+01 | 1.526984e+01 |   0.00%| 100.00%
  5.3s| 98600 |   125 |   441 |   0.0 |  1273k |  50 |   8 |   2 |  42 | 170 |  1 |   0 |   0 | 1.526984e+01 | 1.526984e+01 |   0.00%| 100.00%
  5.3s| 98700 |   129 |   443 |   0.0 |  1273k |  50 |   8 |   2 |  42 | 170 |  1 |   0 |   0 | 1.526984e+01 | 1.526984e+01 |   0.00%| 100.00%
  5.3s| 98800 |   131 |   447 |   0.0 |  1273k |  50 |   8 |   2 |   0 | 170 |  0 |   0 |   0 | 1.526984e+01 | 1.526984e+01 |   0.00%| 100.00%
  5.3s| 98900 |   131 |   447 |   0.0 |  1273k |  50 |   8 |   2 |   0 | 170 |  0 |   0 |   0 | 1.526984e+01 | 1.526984e+01 |   0.00%| 100.00%
  5.3s| 99000 |   133 |   448 |   0.0 |  1273k |  50 |   8 |   2 |  41 | 170 |  1 |   0 |   0 | 1.526984e+01 | 1.526984e+01 |   0.00%| 100.00%
  5.3s| 99100 |   119 |   450 |   0.0 |  1273k |  50 |   8 |   2 |   0 | 170 |  0 |   0 |   0 | 1.526984e+01 | 1.526984e+01 |   0.00%| 100.00%
  5.3s| 99200 |   113 |   454 |   0.0 |  1273k |  50 |   8 |   2 |   0 | 170 |  0 |   0 |   0 | 1.526984e+01 | 1.526984e+01 |   0.00%| 100.00%
  5.3s| 99300 |   129 |   455 |   0.0 |  1273k |  50 |   8 |   2 |   0 | 170 |  0 |   0 |   0 | 1.526984e+01 | 1.526984e+01 |   0.00%| 100.00%
  5.3s| 99400 |   125 |   458 |   0.0 |  1273k |  50 |   8 |   2 |  42 | 170 |  1 |   0 |   0 | 1.526984e+01 | 1.526984e+01 |   0.00%| 100.00%
  5.3s| 99500 |   121 |   462 |   0.0 |  1273k |  50 |   8 |   2 |   0 | 170 |  0 |   0 |   0 | 1.526984e+01 | 1.526984e+01 |   0.00%| 100.00%
  5.3s| 99600 |   119 |   462 |   0.0 |  1273k |  50 |   8 |   2 |   0 | 170 |  0 |   0 |   0 | 1.526984e+01 | 1.526984e+01 |   0.00%| 100.00%
  5.3s| 99700 |   133 |   463 |   0.0 |  1273k |  50 |   8 |   2 |   0 | 170 |  0 |   0 |   0 | 1.526984e+01 | 1.526984e+01 |   0.00%| 100.00%
  5.3s| 99800 |   141 |   465 |   0.0 |  1273k |  50 |   8 |   2 |  41 | 170 |  1 |   0 |   0 | 1.526984e+01 | 1.526984e+01 |   0.00%| 100.00%
 time | node  | left  |LP iter|LP it/n|mem/heur|mdpt |vars |cons |rows |cuts |sepa|confs|strbr|  dualbound   | primalbound  |  gap   | compl. 
  5.3s| 99900 |   133 |   466 |   0.0 |  1273k |  50 |   8 |   2 |   0 | 170 |  0 |   0 |   0 | 1.526984e+01 | 1.526984e+01 |   0.00%| 100.00%
  5.3s|100000 |   141 |   468 |   0.0 |  1273k |  50 |   8 |   2 |  41 | 170 |  1 |   0 |   0 | 1.526984e+01 | 1.526984e+01 |   0.00%| 100.00%
  5.3s|100100 |   143 |   468 |   0.0 |  1273k |  50 |   8 |   2 |   0 | 170 |  0 |   0 |   0 | 1.526984e+01 | 1.526984e+01 |   0.00%| 100.00%
  5.3s|100200 |   149 |   468 |   0.0 |  1273k |  50 |   8 |   2 |   0 | 170 |  0 |   0 |   0 | 1.526984e+01 | 1.526984e+01 |   0.00%| 100.00%
  5.3s|100300 |   153 |   468 |   0.0 |  1273k |  50 |   8 |   2 |  42 | 170 |  1 |   0 |   0 | 1.526984e+01 | 1.526984e+01 |   0.00%| 100.00%
  5.3s|100400 |   145 |   470 |   0.0 |  1273k |  50 |   8 |   2 |  41 | 170 |  1 |   0 |   0 | 1.526984e+01 | 1.526984e+01 |   0.00%| 100.00%
  5.3s|100500 |   149 |   474 |   0.0 |  1273k |  50 |   8 |   2 |   0 | 170 |  0 |   0 |   0 | 1.526984e+01 | 1.526984e+01 |   0.00%| 100.00%
  5.3s|100600 |   145 |   476 |   0.0 |  1273k |  50 |   8 |   2 |   0 | 170 |  0 |   0 |   0 | 1.526984e+01 | 1.526984e+01 |   0.00%| 100.00%
  5.3s|100700 |   145 |   479 |   0.0 |  1273k |  50 |   8 |   2 |  42 | 170 |  1 |   0 |   0 | 1.526984e+01 | 1.526984e+01 |   0.00%| 100.00%
  5.3s|100800 |   139 |   480 |   0.0 |  1273k |  50 |   8 |   2 |   0 | 170 |  0 |   0 |   0 | 1.526984e+01 | 1.526984e+01 |   0.00%| 100.00%
  5.4s|100900 |   145 |   480 |   0.0 |  1273k |  50 |   8 |   2 |   0 | 170 |  0 |   0 |   0 | 1.526984e+01 | 1.526984e+01 |   0.00%| 100.00%
  5.4s|101000 |   133 |   482 |   0.0 |  1273k |  50 |   8 |   2 |  42 | 170 |  1 |   0 |   0 | 1.526984e+01 | 1.526984e+01 |   0.00%| 100.00%
  5.4s|101100 |   137 |   483 |   0.0 |  1273k |  50 |   8 |   2 |  41 | 170 |  1 |   0 |   0 | 1.526984e+01 | 1.526984e+01 |   0.00%| 100.00%
  5.4s|101200 |   129 |   484 |   0.0 |  1273k |  50 |   8 |   2 |   0 | 170 |  0 |   0 |   0 | 1.526984e+01 | 1.526984e+01 |   0.00%| 100.00%
  5.4s|101300 |   121 |   485 |   0.0 |  1273k |  50 |   8 |   2 |  42 | 170 |  1 |   0 |   0 | 1.526984e+01 | 1.526984e+01 |   0.00%| 100.00%
 time | node  | left  |LP iter|LP it/n|mem/heur|mdpt |vars |cons |rows |cuts |sepa|confs|strbr|  dualbound   | primalbound  |  gap   | compl. 
  5.4s|101400 |   117 |   485 |   0.0 |  1273k |  50 |   8 |   2 |  41 | 170 |  1 |   0 |   0 | 1.526984e+01 | 1.526984e+01 |   0.00%| 100.00%
  5.4s|101500 |   135 |   485 |   0.0 |  1273k |  50 |   8 |   2 |   0 | 170 |  0 |   0 |   0 | 1.526984e+01 | 1.526984e+01 |   0.00%| 100.00%
  5.4s|101600 |   131 |   485 |   0.0 |  1273k |  50 |   8 |   2 |   0 | 170 |  0 |   0 |   0 | 1.526984e+01 | 1.526984e+01 |   0.00%| 100.00%
  5.4s|101700 |   121 |   485 |   0.0 |  1273k |  50 |   8 |   2 |   0 | 170 |  0 |   0 |   0 | 1.526984e+01 | 1.526984e+01 |   0.00%| 100.00%
  5.4s|101800 |   131 |   485 |   0.0 |  1273k |  50 |   8 |   2 |   0 | 170 |  0 |   0 |   0 | 1.526984e+01 | 1.526984e+01 |   0.00%| 100.00%
  5.4s|101900 |   125 |   486 |   0.0 |  1273k |  50 |   8 |   2 |   0 | 170 |  0 |   0 |   0 | 1.526984e+01 | 1.526984e+01 |   0.00%| 100.00%
  5.4s|102000 |   131 |   486 |   0.0 |  1273k |  50 |   8 |   2 |   0 | 170 |  0 |   0 |   0 | 1.526984e+01 | 1.526984e+01 |   0.00%| 100.00%
  5.4s|102100 |   127 |   486 |   0.0 |  1273k |  50 |   8 |   2 |   0 | 170 |  0 |   0 |   0 | 1.526984e+01 | 1.526984e+01 |   0.00%| 100.00%
  5.4s|102200 |   133 |   486 |   0.0 |  1273k |  50 |   8 |   2 |  41 | 170 |  1 |   0 |   0 | 1.526984e+01 | 1.526984e+01 |   0.00%| 100.00%
  5.4s|102300 |   131 |   486 |   0.0 |  1273k |  50 |   8 |   2 |   0 | 170 |  0 |   0 |   0 | 1.526984e+01 | 1.526984e+01 |   0.00%| 100.00%
  5.4s|102400 |   131 |   486 |   0.0 |  1273k |  50 |   8 |   2 |   0 | 170 |  0 |   0 |   0 | 1.526984e+01 | 1.526984e+01 |   0.00%| 100.00%
  5.4s|102500 |   127 |   486 |   0.0 |  1273k |  50 |   8 |   2 |   0 | 170 |  0 |   0 |   0 | 1.526984e+01 | 1.526984e+01 |   0.00%| 100.00%
  5.4s|102600 |   125 |   486 |   0.0 |  1273k |  50 |   8 |   2 |  41 | 170 |  1 |   0 |   0 | 1.526984e+01 | 1.526984e+01 |   0.00%| 100.00%
  5.4s|102700 |   123 |   486 |   0.0 |  1273k |  50 |   8 |   2 |   0 | 170 |  0 |   0 |   0 | 1.526984e+01 | 1.526984e+01 |   0.00%| 100.00%
  5.4s|102800 |   117 |   487 |   0.0 |  1273k |  50 |   8 |   2 |  41 | 170 |  1 |   0 |   0 | 1.526984e+01 | 1.526984e+01 |   0.00%| 100.00%
 time | node  | left  |LP iter|LP it/n|mem/heur|mdpt |vars |cons |rows |cuts |sepa|confs|strbr|  dualbound   | primalbound  |  gap   | compl. 
  5.4s|102900 |   125 |   487 |   0.0 |  1273k |  50 |   8 |   2 |  41 | 170 |  1 |   0 |   0 | 1.526984e+01 | 1.526984e+01 |   0.00%| 100.00%
  5.4s|103000 |   123 |   487 |   0.0 |  1273k |  50 |   8 |   2 |   0 | 170 |  0 |   0 |   0 | 1.526984e+01 | 1.526984e+01 |   0.00%| 100.00%
  5.4s|103100 |   125 |   487 |   0.0 |  1273k |  50 |   8 |   2 |   0 | 170 |  0 |   0 |   0 | 1.526984e+01 | 1.526984e+01 |   0.00%| 100.00%
  5.4s|103200 |   125 |   487 |   0.0 |  1273k |  50 |   8 |   2 |   0 | 170 |  0 |   0 |   0 | 1.526984e+01 | 1.526984e+01 |   0.00%| 100.00%
  5.5s|103300 |   121 |   487 |   0.0 |  1273k |  50 |   8 |   2 |  41 | 170 |  1 |   0 |   0 | 1.526984e+01 | 1.526984e+01 |   0.00%| 100.00%
  5.5s|103400 |   113 |   487 |   0.0 |  1273k |  50 |   8 |   2 |  41 | 170 |  1 |   0 |   0 | 1.526984e+01 | 1.526984e+01 |   0.00%| 100.00%
  5.5s|103500 |   113 |   487 |   0.0 |  1273k |  50 |   8 |   2 |   0 | 170 |  0 |   0 |   0 | 1.526984e+01 | 1.526984e+01 |   0.00%| 100.00%
  5.5s|103600 |   135 |   487 |   0.0 |  1273k |  50 |   8 |   2 |   0 | 170 |  0 |   0 |   0 | 1.526984e+01 | 1.526984e+01 |   0.00%| 100.00%
  5.5s|103700 |   137 |   487 |   0.0 |  1273k |  50 |   8 |   2 |  41 | 170 |  1 |   0 |   0 | 1.526984e+01 | 1.526984e+01 |   0.00%| 100.00%
  5.5s|103800 |   139 |   487 |   0.0 |  1273k |  50 |   8 |   2 |  41 | 170 |  1 |   0 |   0 | 1.526984e+01 | 1.526984e+01 |   0.00%| 100.00%
  5.5s|103900 |   135 |   487 |   0.0 |  1273k |  50 |   8 |   2 |  41 | 170 |  1 |   0 |   0 | 1.526984e+01 | 1.526984e+01 |   0.00%| 100.00%
  5.5s|104000 |   133 |   488 |   0.0 |  1273k |  50 |   8 |   2 |   0 | 170 |  0 |   0 |   0 | 1.526984e+01 | 1.526984e+01 |   0.00%| 100.00%
  5.5s|104100 |   127 |   490 |   0.0 |  1273k |  50 |   8 |   2 |  41 | 170 |  1 |   0 |   0 | 1.526984e+01 | 1.526984e+01 |   0.00%| 100.00%
  5.5s|104200 |   129 |   492 |   0.0 |  1273k |  50 |   8 |   2 |   0 | 170 |  0 |   0 |   0 | 1.526984e+01 | 1.526984e+01 |   0.00%| 100.00%
  5.5s|104300 |   125 |   492 |   0.0 |  1273k |  50 |   8 |   2 |   0 | 170 |  0 |   0 |   0 | 1.526984e+01 | 1.526984e+01 |   0.00%| 100.00%
 time | node  | left  |LP iter|LP it/n|mem/heur|mdpt |vars |cons |rows |cuts |sepa|confs|strbr|  dualbound   | primalbound  |  gap   | compl. 
  5.5s|104400 |   135 |   492 |   0.0 |  1273k |  50 |   8 |   2 |   0 | 170 |  0 |   0 |   0 | 1.526984e+01 | 1.526984e+01 |   0.00%| 100.00%
  5.5s|104500 |   131 |   492 |   0.0 |  1273k |  50 |   8 |   2 |  42 | 170 |  1 |   0 |   0 | 1.526984e+01 | 1.526984e+01 |   0.00%| 100.00%
  5.5s|104600 |   137 |   492 |   0.0 |  1273k |  50 |   8 |   2 |   0 | 170 |  0 |   0 |   0 | 1.526984e+01 | 1.526984e+01 |   0.00%| 100.00%
  5.5s|104700 |   131 |   492 |   0.0 |  1273k |  50 |   8 |   2 |  42 | 170 |  1 |   0 |   0 | 1.526984e+01 | 1.526984e+01 |   0.00%| 100.00%
  5.5s|104800 |   145 |   493 |   0.0 |  1273k |  50 |   8 |   2 |   0 | 170 |  0 |   0 |   0 | 1.526984e+01 | 1.526984e+01 |   0.00%| 100.00%
  5.5s|104900 |   147 |   493 |   0.0 |  1273k |  50 |   8 |   2 |  41 | 170 |  1 |   0 |   0 | 1.526984e+01 | 1.526984e+01 |   0.00%| 100.00%
  5.5s|105000 |   143 |   493 |   0.0 |  1273k |  50 |   8 |   2 |  42 | 170 |  1 |   0 |   0 | 1.526984e+01 | 1.526984e+01 |   0.00%| 100.00%
  5.5s|105100 |   137 |   493 |   0.0 |  1273k |  50 |   8 |   2 |   0 | 170 |  0 |   0 |   0 | 1.526984e+01 | 1.526984e+01 |   0.00%| 100.00%
  5.5s|105200 |   139 |   493 |   0.0 |  1273k |  50 |   8 |   2 |  42 | 170 |  1 |   0 |   0 | 1.526984e+01 | 1.526984e+01 |   0.00%| 100.00%
  5.5s|105300 |   135 |   493 |   0.0 |  1273k |  50 |   8 |   2 |  41 | 170 |  1 |   0 |   0 | 1.526984e+01 | 1.526984e+01 |   0.00%| 100.00%
  5.6s|105400 |   143 |   494 |   0.0 |  1273k |  50 |   8 |   2 |   0 | 170 |  0 |   0 |   0 | 1.526984e+01 | 1.526984e+01 |   0.00%| 100.00%
  5.6s|105500 |   143 |   494 |   0.0 |  1273k |  50 |   8 |   2 |  41 | 170 |  1 |   0 |   0 | 1.526984e+01 | 1.526984e+01 |   0.00%| 100.00%
  5.6s|105600 |   131 |   494 |   0.0 |  1273k |  50 |   8 |   2 |   0 | 170 |  0 |   0 |   0 | 1.526984e+01 | 1.526984e+01 |   0.00%| 100.00%
  5.6s|105700 |   121 |   494 |   0.0 |  1273k |  50 |   8 |   2 |   0 | 170 |  0 |   0 |   0 | 1.526984e+01 | 1.526984e+01 |   0.00%| 100.00%
  5.6s|105800 |   123 |   494 |   0.0 |  1273k |  50 |   8 |   2 |  41 | 170 |  1 |   0 |   0 | 1.526984e+01 | 1.526984e+01 |   0.00%| 100.00%
 time | node  | left  |LP iter|LP it/n|mem/heur|mdpt |vars |cons |rows |cuts |sepa|confs|strbr|  dualbound   | primalbound  |  gap   | compl. 
  5.6s|105900 |   127 |   495 |   0.0 |  1273k |  50 |   8 |   2 |   0 | 170 |  0 |   0 |   0 | 1.526984e+01 | 1.526984e+01 |   0.00%| 100.00%
  5.6s|106000 |   127 |   495 |   0.0 |  1273k |  50 |   8 |   2 |   0 | 170 |  0 |   0 |   0 | 1.526984e+01 | 1.526984e+01 |   0.00%| 100.00%
  5.6s|106100 |   127 |   496 |   0.0 |  1273k |  50 |   8 |   2 |  41 | 170 |  1 |   0 |   0 | 1.526984e+01 | 1.526984e+01 |   0.00%| 100.00%
  5.6s|106200 |   119 |   498 |   0.0 |  1273k |  50 |   8 |   2 |  41 | 170 |  1 |   0 |   0 | 1.526984e+01 | 1.526984e+01 |   0.00%| 100.00%
  5.6s|106300 |   119 |   501 |   0.0 |  1273k |  50 |   8 |   2 |  41 | 170 |  1 |   0 |   0 | 1.526984e+01 | 1.526984e+01 |   0.00%| 100.00%
  5.6s|106400 |   119 |   501 |   0.0 |  1273k |  50 |   8 |   2 |  41 | 170 |  1 |   0 |   0 | 1.526984e+01 | 1.526984e+01 |   0.00%| 100.00%
  5.6s|106500 |   113 |   502 |   0.0 |  1273k |  50 |   8 |   2 |   0 | 170 |  0 |   0 |   0 | 1.526984e+01 | 1.526984e+01 |   0.00%| 100.00%
  5.6s|106600 |   105 |   502 |   0.0 |  1273k |  50 |   8 |   2 |   0 | 170 |  0 |   0 |   0 | 1.526984e+01 | 1.526984e+01 |   0.00%| 100.00%
  5.6s|106700 |   111 |   505 |   0.0 |  1273k |  50 |   8 |   2 |   0 | 170 |  0 |   0 |   0 | 1.526984e+01 | 1.526984e+01 |   0.00%| 100.00%
  5.6s|106800 |   111 |   505 |   0.0 |  1273k |  50 |   8 |   2 |   0 | 170 |  0 |   0 |   0 | 1.526984e+01 | 1.526984e+01 |   0.00%| 100.00%
  5.6s|106900 |   103 |   505 |   0.0 |  1273k |  50 |   8 |   2 |   0 | 170 |  0 |   0 |   0 | 1.526984e+01 | 1.526984e+01 |   0.00%| 100.00%
  5.6s|107000 |    99 |   510 |   0.0 |  1273k |  50 |   8 |   2 |   0 | 170 |  0 |   0 |   0 | 1.526984e+01 | 1.526984e+01 |   0.00%| 100.00%
  5.6s|107100 |    91 |   513 |   0.0 |  1273k |  50 |   8 |   2 |  41 | 170 |  1 |   0 |   0 | 1.526984e+01 | 1.526984e+01 |   0.00%| 100.00%
  5.6s|107200 |   145 |   514 |   0.0 |  1273k |  50 |   8 |   2 |  41 | 170 |  1 |   0 |   0 | 1.526984e+01 | 1.526984e+01 |   0.00%| 100.00%
  5.6s|107300 |   201 |   515 |   0.0 |  1273k |  50 |   8 |   2 |  41 | 170 |  1 |   0 |   0 | 1.526984e+01 | 1.526984e+01 |   0.00%| 100.00%
 time | node  | left  |LP iter|LP it/n|mem/heur|mdpt |vars |cons |rows |cuts |sepa|confs|strbr|  dualbound   | primalbound  |  gap   | compl. 
  5.6s|107400 |   231 |   515 |   0.0 |  1273k |  50 |   8 |   2 |   0 | 170 |  0 |   0 |   0 | 1.526984e+01 | 1.526984e+01 |   0.00%| 100.00%
  5.6s|107500 |   231 |   515 |   0.0 |  1273k |  50 |   8 |   2 |   0 | 170 |  0 |   0 |   0 | 1.526984e+01 | 1.526984e+01 |   0.00%| 100.00%
  5.7s|107600 |   221 |   516 |   0.0 |  1273k |  50 |   8 |   2 |  41 | 170 |  1 |   0 |   0 | 1.526984e+01 | 1.526984e+01 |   0.00%| 100.00%
  5.7s|107700 |   201 |   516 |   0.0 |  1273k |  50 |   8 |   2 |   0 | 170 |  0 |   0 |   0 | 1.526984e+01 | 1.526984e+01 |   0.00%| 100.00%
  5.7s|107800 |   179 |   516 |   0.0 |  1273k |  50 |   8 |   2 |   0 | 170 |  0 |   0 |   0 | 1.526984e+01 | 1.526984e+01 |   0.00%| 100.00%
  5.7s|107900 |   153 |   516 |   0.0 |  1273k |  50 |   8 |   2 |   0 | 170 |  0 |   0 |   0 | 1.526984e+01 | 1.526984e+01 |   0.00%| 100.00%
  5.7s|108000 |   127 |   516 |   0.0 |  1273k |  50 |   8 |   2 |   0 | 170 |  0 |   0 |   0 | 1.526984e+01 | 1.526984e+01 |   0.00%| 100.00%
  5.7s|108100 |   117 |   516 |   0.0 |  1273k |  50 |   8 |   2 |  41 | 170 |  1 |   0 |   0 | 1.526984e+01 | 1.526984e+01 |   0.00%| 100.00%
  5.7s|108200 |   117 |   516 |   0.0 |  1273k |  50 |   8 |   2 |   0 | 170 |  0 |   0 |   0 | 1.526984e+01 | 1.526984e+01 |   0.00%| 100.00%
  5.7s|108300 |   117 |   516 |   0.0 |  1273k |  50 |   8 |   2 |  41 | 170 |  1 |   0 |   0 | 1.526984e+01 | 1.526984e+01 |   0.00%| 100.00%
  5.7s|108400 |   121 |   516 |   0.0 |  1273k |  50 |   8 |   2 |  41 | 170 |  1 |   0 |   0 | 1.526984e+01 | 1.526984e+01 |   0.00%| 100.00%
  5.7s|108500 |   117 |   516 |   0.0 |  1273k |  50 |   8 |   2 |   0 | 170 |  0 |   0 |   0 | 1.526984e+01 | 1.526984e+01 |   0.00%| 100.00%
  5.7s|108600 |   117 |   516 |   0.0 |  1273k |  50 |   8 |   2 |   0 | 170 |  0 |   0 |   0 | 1.526984e+01 | 1.526984e+01 |   0.00%| 100.00%
  5.7s|108700 |   117 |   516 |   0.0 |  1273k |  50 |   8 |   2 |  41 | 170 |  1 |   0 |   0 | 1.526984e+01 | 1.526984e+01 |   0.00%| 100.00%
  5.7s|108800 |   115 |   516 |   0.0 |  1273k |  50 |   8 |   2 |   0 | 170 |  0 |   0 |   0 | 1.526984e+01 | 1.526984e+01 |   0.00%| 100.00%
 time | node  | left  |LP iter|LP it/n|mem/heur|mdpt |vars |cons |rows |cuts |sepa|confs|strbr|  dualbound   | primalbound  |  gap   | compl. 
  5.7s|108900 |   115 |   516 |   0.0 |  1273k |  50 |   8 |   2 |   0 | 170 |  0 |   0 |   0 | 1.526984e+01 | 1.526984e+01 |   0.00%| 100.00%
  5.7s|109000 |   121 |   516 |   0.0 |  1273k |  50 |   8 |   2 |   0 | 170 |  0 |   0 |   0 | 1.526984e+01 | 1.526984e+01 |   0.00%| 100.00%
  5.7s|109100 |   125 |   516 |   0.0 |  1273k |  50 |   8 |   2 |  41 | 170 |  1 |   0 |   0 | 1.526984e+01 | 1.526984e+01 |   0.00%| 100.00%
  5.7s|109200 |   121 |   516 |   0.0 |  1273k |  50 |   8 |   2 |  41 | 170 |  1 |   0 |   0 | 1.526984e+01 | 1.526984e+01 |   0.00%| 100.00%
  5.7s|109300 |   123 |   517 |   0.0 |  1273k |  50 |   8 |   2 |   0 | 170 |  0 |   0 |   0 | 1.526984e+01 | 1.526984e+01 |   0.00%| 100.00%
  5.7s|109400 |   125 |   517 |   0.0 |  1273k |  50 |   8 |   2 |   0 | 170 |  0 |   0 |   0 | 1.526984e+01 | 1.526984e+01 |   0.00%| 100.00%
  5.7s|109500 |   123 |   517 |   0.0 |  1273k |  50 |   8 |   2 |   0 | 170 |  0 |   0 |   0 | 1.526984e+01 | 1.526984e+01 |   0.00%| 100.00%
  5.7s|109600 |   117 |   517 |   0.0 |  1273k |  50 |   8 |   2 |   0 | 170 |  0 |   0 |   0 | 1.526984e+01 | 1.526984e+01 |   0.00%| 100.00%
  5.7s|109700 |   113 |   519 |   0.0 |  1273k |  50 |   8 |   2 |  42 | 170 |  1 |   0 |   0 | 1.526984e+01 | 1.526984e+01 |   0.00%| 100.00%
  5.7s|109800 |    99 |   519 |   0.0 |  1273k |  50 |   8 |   2 |   0 | 170 |  0 |   0 |   0 | 1.526984e+01 | 1.526984e+01 |   0.00%| 100.00%
  5.7s|109900 |    85 |   519 |   0.0 |  1273k |  50 |   8 |   2 |  42 | 170 |  1 |   0 |   0 | 1.526984e+01 | 1.526984e+01 |   0.00%| 100.00%
  5.7s|110000 |    75 |   519 |   0.0 |  1273k |  50 |   8 |   2 |   0 | 170 |  0 |   0 |   0 | 1.526984e+01 | 1.526984e+01 |   0.00%| 100.00%
  5.7s|110100 |    65 |   519 |   0.0 |  1273k |  50 |   8 |   2 |  41 | 170 |  1 |   0 |   0 | 1.526984e+01 | 1.526984e+01 |   0.00%| 100.00%
  5.8s|110200 |    63 |   519 |   0.0 |  1273k |  50 |   8 |   2 |   0 | 170 |  0 |   0 |   0 | 1.526984e+01 | 1.526984e+01 |   0.00%| 100.00%
  5.8s|110300 |    61 |   519 |   0.0 |  1273k |  50 |   8 |   2 |   0 | 170 |  0 |   0 |   0 | 1.526984e+01 | 1.526984e+01 |   0.00%| 100.00%
 time | node  | left  |LP iter|LP it/n|mem/heur|mdpt |vars |cons |rows |cuts |sepa|confs|strbr|  dualbound   | primalbound  |  gap   | compl. 
  5.8s|110400 |    53 |   519 |   0.0 |  1273k |  50 |   8 |   2 |  42 | 170 |  1 |   0 |   0 | 1.526984e+01 | 1.526984e+01 |   0.00%| 100.00%
  5.8s|110500 |    57 |   520 |   0.0 |  1273k |  50 |   8 |   2 |  41 | 170 |  1 |   0 |   0 | 1.526984e+01 | 1.526984e+01 |   0.00%| 100.00%
  5.8s|110600 |    49 |   520 |   0.0 |  1273k |  50 |   8 |   2 |   0 | 170 |  0 |   0 |   0 | 1.526984e+01 | 1.526984e+01 |   0.00%| 100.00%
  5.8s|110700 |    61 |   520 |   0.0 |  1273k |  50 |   8 |   2 |  41 | 170 |  1 |   0 |   0 | 1.526984e+01 | 1.526984e+01 |   0.00%| 100.00%
  5.8s|110800 |    57 |   520 |   0.0 |  1273k |  50 |   8 |   2 |  41 | 170 |  1 |   0 |   0 | 1.526984e+01 | 1.526984e+01 |   0.00%| 100.00%
  5.8s|110900 |    61 |   520 |   0.0 |  1273k |  50 |   8 |   2 |  41 | 170 |  1 |   0 |   0 | 1.526984e+01 | 1.526984e+01 |   0.00%| 100.00%
  5.8s|111000 |    53 |   520 |   0.0 |  1273k |  50 |   8 |   2 |  41 | 170 |  1 |   0 |   0 | 1.526984e+01 | 1.526984e+01 |   0.00%| 100.00%
  5.8s|111100 |    47 |   520 |   0.0 |  1273k |  50 |   8 |   2 |   0 | 170 |  0 |   0 |   0 | 1.526984e+01 | 1.526984e+01 |   0.00%| 100.00%
  5.8s|111200 |    53 |   520 |   0.0 |  1273k |  50 |   8 |   2 |  41 | 170 |  1 |   0 |   0 | 1.526984e+01 | 1.526984e+01 |   0.00%| 100.00%
  5.8s|111300 |    45 |   520 |   0.0 |  1273k |  50 |   8 |   2 |  41 | 170 |  1 |   0 |   0 | 1.526984e+01 | 1.526984e+01 |   0.00%| 100.00%
  5.8s|111400 |    53 |   520 |   0.0 |  1273k |  50 |   8 |   2 |  41 | 170 |  1 |   0 |   0 | 1.526984e+01 | 1.526984e+01 |   0.00%| 100.00%
  5.8s|111500 |    49 |   520 |   0.0 |  1273k |  50 |   8 |   2 |   0 | 170 |  0 |   0 |   0 | 1.526984e+01 | 1.526984e+01 |   0.00%| 100.00%
  5.8s|111600 |    53 |   520 |   0.0 |  1273k |  50 |   8 |   2 |   0 | 170 |  0 |   0 |   0 | 1.526984e+01 | 1.526984e+01 |   0.00%| 100.00%
  5.8s|111700 |    49 |   520 |   0.0 |  1273k |  50 |   8 |   2 |   0 | 170 |  0 |   0 |   0 | 1.526984e+01 | 1.526984e+01 |   0.00%| 100.00%
  5.8s|111800 |    45 |   520 |   0.0 |  1273k |  50 |   8 |   2 |  41 | 170 |  1 |   0 |   0 | 1.526984e+01 | 1.526984e+01 |   0.00%| 100.00%
 time | node  | left  |LP iter|LP it/n|mem/heur|mdpt |vars |cons |rows |cuts |sepa|confs|strbr|  dualbound   | primalbound  |  gap   | compl. 
  5.8s|111900 |    53 |   520 |   0.0 |  1273k |  50 |   8 |   2 |  41 | 170 |  1 |   0 |   0 | 1.526984e+01 | 1.526984e+01 |   0.00%| 100.00%
  5.8s|112000 |    49 |   520 |   0.0 |  1273k |  50 |   8 |   2 |  41 | 170 |  1 |   0 |   0 | 1.526984e+01 | 1.526984e+01 |   0.00%| 100.00%
  5.8s|112100 |    49 |   520 |   0.0 |  1273k |  50 |   8 |   2 |  41 | 170 |  1 |   0 |   0 | 1.526984e+01 | 1.526984e+01 |   0.00%| 100.00%
  5.8s|112200 |    39 |   520 |   0.0 |  1273k |  50 |   8 |   2 |   0 | 170 |  0 |   0 |   0 | 1.526984e+01 | 1.526984e+01 |   0.00%| 100.00%
  5.8s|112300 |    49 |   520 |   0.0 |  1273k |  50 |   8 |   2 |   0 | 170 |  0 |   0 |   0 | 1.526984e+01 | 1.526984e+01 |   0.00%| 100.00%
  5.8s|112400 |    45 |   520 |   0.0 |  1273k |  50 |   8 |   2 |   0 | 170 |  0 |   0 |   0 | 1.526984e+01 | 1.526984e+01 |   0.00%| 100.00%
  5.8s|112500 |    41 |   520 |   0.0 |  1273k |  50 |   8 |   2 |   0 | 170 |  0 |   0 |   0 | 1.526984e+01 | 1.526984e+01 |   0.00%| 100.00%
  5.8s|112600 |    37 |   520 |   0.0 |  1273k |  50 |   8 |   2 |  41 | 170 |  1 |   0 |   0 | 1.526984e+01 | 1.526984e+01 |   0.00%| 100.00%
  5.9s|112700 |    45 |   520 |   0.0 |  1273k |  50 |   8 |   2 |  41 | 170 |  1 |   0 |   0 | 1.526984e+01 | 1.526984e+01 |   0.00%| 100.00%
  5.9s|112800 |    45 |   520 |   0.0 |  1273k |  50 |   8 |   2 |  41 | 170 |  1 |   0 |   0 | 1.526984e+01 | 1.526984e+01 |   0.00%| 100.00%
  5.9s|112900 |    45 |   520 |   0.0 |  1273k |  50 |   8 |   2 |   0 | 170 |  0 |   0 |   0 | 1.526984e+01 | 1.526984e+01 |   0.00%| 100.00%
  5.9s|113000 |    39 |   520 |   0.0 |  1273k |  50 |   8 |   2 |   0 | 170 |  0 |   0 |   0 | 1.526984e+01 | 1.526984e+01 |   0.00%| 100.00%
  5.9s|113100 |    37 |   520 |   0.0 |  1273k |  50 |   8 |   2 |  41 | 170 |  1 |   0 |   0 | 1.526984e+01 | 1.526984e+01 |   0.00%| 100.00%
  5.9s|113200 |    33 |   520 |   0.0 |  1273k |  50 |   8 |   2 |  41 | 170 |  1 |   0 |   0 | 1.526984e+01 | 1.526984e+01 |   0.00%| 100.00%
  5.9s|113300 |    37 |   520 |   0.0 |  1273k |  50 |   8 |   2 |  41 | 170 |  1 |   0 |   0 | 1.526984e+01 | 1.526984e+01 |   0.00%| 100.00%
 time | node  | left  |LP iter|LP it/n|mem/heur|mdpt |vars |cons |rows |cuts |sepa|confs|strbr|  dualbound   | primalbound  |  gap   | compl. 
  5.9s|113400 |    29 |   520 |   0.0 |  1273k |  50 |   8 |   2 |  41 | 170 |  1 |   0 |   0 | 1.526984e+01 | 1.526984e+01 |   0.00%| 100.00%
  5.9s|113500 |    33 |   520 |   0.0 |  1273k |  50 |   8 |   2 |  41 | 170 |  1 |   0 |   0 | 1.526984e+01 | 1.526984e+01 |   0.00%| 100.00%
  5.9s|113600 |    29 |   520 |   0.0 |  1273k |  50 |   8 |   2 |   0 | 170 |  0 |   0 |   0 | 1.526984e+01 | 1.526984e+01 |   0.00%| 100.00%
  5.9s|113700 |    37 |   520 |   0.0 |  1273k |  50 |   8 |   2 |  41 | 170 |  1 |   0 |   0 | 1.526984e+01 | 1.526984e+01 |   0.00%| 100.00%
  5.9s|113800 |    33 |   520 |   0.0 |  1273k |  50 |   8 |   2 |  41 | 170 |  1 |   0 |   0 | 1.526984e+01 | 1.526984e+01 |   0.00%| 100.00%
  5.9s|113900 |    29 |   520 |   0.0 |  1273k |  50 |   8 |   2 |  41 | 170 |  1 |   0 |   0 | 1.526984e+01 | 1.526984e+01 |   0.00%| 100.00%
  5.9s|114000 |    25 |   520 |   0.0 |  1273k |  50 |   8 |   2 |  41 | 170 |  1 |   0 |   0 | 1.526984e+01 | 1.526984e+01 |   0.00%| 100.00%
  5.9s|114100 |    21 |   520 |   0.0 |  1273k |  50 |   8 |   2 |   0 | 170 |  0 |   0 |   0 | 1.526984e+01 | 1.526984e+01 |   0.00%| 100.00%
  5.9s|114200 |    33 |   520 |   0.0 |  1273k |  50 |   8 |   2 |  41 | 170 |  1 |   0 |   0 | 1.526984e+01 | 1.526984e+01 |   0.00%| 100.00%
  5.9s|114300 |    51 |   520 |   0.0 |  1273k |  50 |   8 |   2 |  41 | 170 |  1 |   0 |   0 | 1.526984e+01 | 1.526984e+01 |   0.00%| 100.00%
  5.9s|114400 |    47 |   520 |   0.0 |  1273k |  50 |   8 |   2 |  41 | 170 |  1 |   0 |   0 | 1.526984e+01 | 1.526984e+01 |   0.00%| 100.00%
  5.9s|114500 |    43 |   522 |   0.0 |  1273k |  50 |   8 |   2 |  41 | 170 |  1 |   0 |   0 | 1.526984e+01 | 1.526984e+01 |   0.00%| 100.00%
  5.9s|114600 |    51 |   523 |   0.0 |  1273k |  50 |   8 |   2 |  41 | 170 |  1 |   0 |   0 | 1.526984e+01 | 1.526984e+01 |   0.00%| 100.00%
  5.9s|114700 |    43 |   523 |   0.0 |  1273k |  50 |   8 |   2 |  41 | 170 |  1 |   0 |   0 | 1.526984e+01 | 1.526984e+01 |   0.00%| 100.00%
  5.9s|114800 |    39 |   523 |   0.0 |  1273k |  50 |   8 |   2 |  41 | 170 |  1 |   0 |   0 | 1.526984e+01 | 1.526984e+01 |   0.00%| 100.00%
 time | node  | left  |LP iter|LP it/n|mem/heur|mdpt |vars |cons |rows |cuts |sepa|confs|strbr|  dualbound   | primalbound  |  gap   | compl. 
  5.9s|114900 |    47 |   523 |   0.0 |  1273k |  50 |   8 |   2 |   0 | 170 |  0 |   0 |   0 | 1.526984e+01 | 1.526984e+01 |   0.00%| 100.00%
  6.0s|115000 |    47 |   523 |   0.0 |  1273k |  50 |   8 |   2 |   0 | 170 |  0 |   0 |   0 | 1.526984e+01 | 1.526984e+01 |   0.00%| 100.00%
  6.0s|115100 |    49 |   523 |   0.0 |  1273k |  50 |   8 |   2 |   0 | 170 |  0 |   0 |   0 | 1.526984e+01 | 1.526984e+01 |   0.00%| 100.00%
  6.0s|115200 |    51 |   523 |   0.0 |  1273k |  50 |   8 |   2 |  41 | 170 |  1 |   0 |   0 | 1.526984e+01 | 1.526984e+01 |   0.00%| 100.00%
  6.0s|115300 |    45 |   523 |   0.0 |  1273k |  50 |   8 |   2 |   0 | 170 |  0 |   0 |   0 | 1.526984e+01 | 1.526984e+01 |   0.00%| 100.00%
  6.0s|115400 |    43 |   523 |   0.0 |  1273k |  50 |   8 |   2 |  41 | 170 |  1 |   0 |   0 | 1.526984e+01 | 1.526984e+01 |   0.00%| 100.00%
  6.0s|115500 |    41 |   523 |   0.0 |  1273k |  50 |   8 |   2 |   0 | 170 |  0 |   0 |   0 | 1.526984e+01 | 1.526984e+01 |   0.00%| 100.00%
  6.0s|115600 |    39 |   523 |   0.0 |  1273k |  50 |   8 |   2 |  41 | 170 |  1 |   0 |   0 | 1.526984e+01 | 1.526984e+01 |   0.00%| 100.00%
  6.0s|115700 |    39 |   523 |   0.0 |  1273k |  50 |   8 |   2 |  41 | 170 |  1 |   0 |   0 | 1.526984e+01 | 1.526984e+01 |   0.00%| 100.00%
  6.0s|115800 |    43 |   523 |   0.0 |  1273k |  50 |   8 |   2 |  41 | 170 |  1 |   0 |   0 | 1.526984e+01 | 1.526984e+01 |   0.00%| 100.00%
  6.0s|115900 |    47 |   523 |   0.0 |  1273k |  50 |   8 |   2 |  41 | 170 |  1 |   0 |   0 | 1.526984e+01 | 1.526984e+01 |   0.00%| 100.00%
  6.0s|116000 |    47 |   523 |   0.0 |  1273k |  50 |   8 |   2 |  41 | 170 |  1 |   0 |   0 | 1.526984e+01 | 1.526984e+01 |   0.00%| 100.00%
  6.0s|116100 |    43 |   523 |   0.0 |  1273k |  50 |   8 |   2 |  41 | 170 |  1 |   0 |   0 | 1.526984e+01 | 1.526984e+01 |   0.00%| 100.00%
  6.0s|116200 |    39 |   523 |   0.0 |  1273k |  50 |   8 |   2 |  41 | 170 |  1 |   0 |   0 | 1.526984e+01 | 1.526984e+01 |   0.00%| 100.00%
  6.0s|116300 |    29 |   523 |   0.0 |  1273k |  50 |   8 |   2 |   0 | 170 |  0 |   0 |   0 | 1.526984e+01 | 1.526984e+01 |   0.00%| 100.00%
 time | node  | left  |LP iter|LP it/n|mem/heur|mdpt |vars |cons |rows |cuts |sepa|confs|strbr|  dualbound   | primalbound  |  gap   | compl. 
  6.0s|116400 |    47 |   523 |   0.0 |  1273k |  50 |   8 |   2 |  41 | 170 |  1 |   0 |   0 | 1.526984e+01 | 1.526984e+01 |   0.00%| 100.00%
  6.0s|116500 |    43 |   523 |   0.0 |  1273k |  50 |   8 |   2 |  41 | 170 |  1 |   0 |   0 | 1.526984e+01 | 1.526984e+01 |   0.00%| 100.00%
  6.0s|116600 |    37 |   523 |   0.0 |  1273k |  50 |   8 |   2 |   0 | 170 |  0 |   0 |   0 | 1.526984e+01 | 1.526984e+01 |   0.00%| 100.00%
  6.0s|116700 |    35 |   523 |   0.0 |  1273k |  50 |   8 |   2 |  41 | 170 |  1 |   0 |   0 | 1.526984e+01 | 1.526984e+01 |   0.00%| 100.00%
  6.0s|116800 |    27 |   523 |   0.0 |  1273k |  50 |   8 |   2 |  41 | 170 |  1 |   0 |   0 | 1.526984e+01 | 1.526984e+01 |   0.00%| 100.00%
  6.0s|116900 |    37 |   523 |   0.0 |  1273k |  50 |   8 |   2 |   0 | 170 |  0 |   0 |   0 | 1.526984e+01 | 1.526984e+01 |   0.00%| 100.00%
  6.0s|117000 |    35 |   523 |   0.0 |  1273k |  50 |   8 |   2 |  41 | 170 |  1 |   0 |   0 | 1.526984e+01 | 1.526984e+01 |   0.00%| 100.00%
  6.0s|117100 |    31 |   523 |   0.0 |  1273k |  50 |   8 |   2 |  41 | 170 |  1 |   0 |   0 | 1.526984e+01 | 1.526984e+01 |   0.00%| 100.00%
  6.0s|117200 |    35 |   523 |   0.0 |  1273k |  50 |   8 |   2 |   0 | 170 |  0 |   0 |   0 | 1.526984e+01 | 1.526984e+01 |   0.00%| 100.00%
  6.0s|117300 |    35 |   523 |   0.0 |  1273k |  50 |   8 |   2 |  41 | 170 |  1 |   0 |   0 | 1.526984e+01 | 1.526984e+01 |   0.00%| 100.00%
  6.1s|117400 |    31 |   523 |   0.0 |  1273k |  50 |   8 |   2 |  41 | 170 |  1 |   0 |   0 | 1.526984e+01 | 1.526984e+01 |   0.00%| 100.00%
  6.1s|117500 |    29 |   523 |   0.0 |  1273k |  50 |   8 |   2 |   0 | 170 |  0 |   0 |   0 | 1.526984e+01 | 1.526984e+01 |   0.00%| 100.00%
  6.1s|117600 |    27 |   523 |   0.0 |  1273k |  50 |   8 |   2 |  41 | 170 |  1 |   0 |   0 | 1.526984e+01 | 1.526984e+01 |   0.00%| 100.00%
  6.1s|117700 |    27 |   524 |   0.0 |  1273k |  50 |   8 |   2 |  41 | 170 |  1 |   0 |   0 | 1.526984e+01 | 1.526984e+01 |   0.00%| 100.00%
  6.1s|117800 |    33 |   524 |   0.0 |  1273k |  50 |   8 |   2 |  41 | 170 |  1 |   0 |   0 | 1.526984e+01 | 1.526984e+01 |   0.00%| 100.00%
 time | node  | left  |LP iter|LP it/n|mem/heur|mdpt |vars |cons |rows |cuts |sepa|confs|strbr|  dualbound   | primalbound  |  gap   | compl. 
  6.1s|117900 |    31 |   524 |   0.0 |  1273k |  50 |   8 |   2 |  41 | 170 |  1 |   0 |   0 | 1.526984e+01 | 1.526984e+01 |   0.00%| 100.00%
  6.1s|118000 |    27 |   524 |   0.0 |  1273k |  50 |   8 |   2 |   0 | 170 |  0 |   0 |   0 | 1.526984e+01 | 1.526984e+01 |   0.00%| 100.00%
  6.1s|118100 |    25 |   525 |   0.0 |  1273k |  50 |   8 |   2 |   0 | 170 |  0 |   0 |   0 | 1.526984e+01 | 1.526984e+01 |   0.00%| 100.00%
  6.1s|118200 |    31 |   528 |   0.0 |  1273k |  50 |   8 |   2 |  41 | 170 |  1 |   0 |   0 | 1.526984e+01 | 1.526984e+01 |   0.00%| 100.00%
  6.1s|118300 |    21 |   528 |   0.0 |  1273k |  50 |   8 |   2 |   0 | 170 |  0 |   0 |   0 | 1.526984e+01 | 1.526984e+01 |   0.00%| 100.00%
  6.1s|118400 |    29 |   528 |   0.0 |  1273k |  50 |   8 |   2 |  41 | 170 |  1 |   0 |   0 | 1.526984e+01 | 1.526984e+01 |   0.00%| 100.00%
  6.1s|118500 |    27 |   528 |   0.0 |  1273k |  50 |   8 |   2 |  41 | 170 |  1 |   0 |   0 | 1.526984e+01 | 1.526984e+01 |   0.00%| 100.00%
  6.1s|118600 |    19 |   528 |   0.0 |  1273k |  50 |   8 |   2 |   0 | 170 |  0 |   0 |   0 | 1.526984e+01 | 1.526984e+01 |   0.00%| 100.00%
  6.1s|118700 |    41 |   528 |   0.0 |  1273k |  50 |   8 |   2 |  41 | 170 |  1 |   0 |   0 | 1.526984e+01 | 1.526984e+01 |   0.00%| 100.00%
  6.1s|118800 |    47 |   528 |   0.0 |  1273k |  50 |   8 |   2 |   0 | 170 |  0 |   0 |   0 | 1.526984e+01 | 1.526984e+01 |   0.00%| 100.00%
  6.1s|118900 |    45 |   528 |   0.0 |  1273k |  50 |   8 |   2 |  41 | 170 |  1 |   0 |   0 | 1.526984e+01 | 1.526984e+01 |   0.00%| 100.00%
  6.1s|119000 |    47 |   528 |   0.0 |  1273k |  50 |   8 |   2 |  41 | 170 |  1 |   0 |   0 | 1.526984e+01 | 1.526984e+01 |   0.00%| 100.00%
  6.1s|119100 |    41 |   528 |   0.0 |  1273k |  50 |   8 |   2 |   0 | 170 |  0 |   0 |   0 | 1.526984e+01 | 1.526984e+01 |   0.00%| 100.00%
  6.1s|119200 |    39 |   528 |   0.0 |  1273k |  50 |   8 |   2 |  41 | 170 |  1 |   0 |   0 | 1.526984e+01 | 1.526984e+01 |   0.00%| 100.00%
  6.1s|119300 |    33 |   528 |   0.0 |  1273k |  50 |   8 |   2 |   0 | 170 |  0 |   0 |   0 | 1.526984e+01 | 1.526984e+01 |   0.00%| 100.00%
 time | node  | left  |LP iter|LP it/n|mem/heur|mdpt |vars |cons |rows |cuts |sepa|confs|strbr|  dualbound   | primalbound  |  gap   | compl. 
  6.1s|119400 |    43 |   528 |   0.0 |  1273k |  50 |   8 |   2 |   0 | 170 |  0 |   0 |   0 | 1.526984e+01 | 1.526984e+01 |   0.00%| 100.00%
  6.1s|119500 |    39 |   528 |   0.0 |  1273k |  50 |   8 |   2 |  41 | 170 |  1 |   0 |   0 | 1.526984e+01 | 1.526984e+01 |   0.00%| 100.00%
  6.1s|119600 |    39 |   528 |   0.0 |  1273k |  50 |   8 |   2 |   0 | 170 |  0 |   0 |   0 | 1.526984e+01 | 1.526984e+01 |   0.00%| 100.00%
  6.1s|119700 |    35 |   528 |   0.0 |  1273k |  50 |   8 |   2 |  41 | 170 |  1 |   0 |   0 | 1.526984e+01 | 1.526984e+01 |   0.00%| 100.00%
  6.2s|119800 |    27 |   528 |   0.0 |  1273k |  50 |   8 |   2 |   0 | 170 |  0 |   0 |   0 | 1.526984e+01 | 1.526984e+01 |   0.00%| 100.00%
  6.2s|119900 |    39 |   528 |   0.0 |  1273k |  50 |   8 |   2 |  41 | 170 |  1 |   0 |   0 | 1.526984e+01 | 1.526984e+01 |   0.00%| 100.00%
  6.2s|120000 |    39 |   528 |   0.0 |  1273k |  50 |   8 |   2 |   0 | 170 |  0 |   0 |   0 | 1.526984e+01 | 1.526984e+01 |   0.00%| 100.00%
  6.2s|120100 |    33 |   529 |   0.0 |  1273k |  50 |   8 |   2 |   0 | 171 |  0 |   0 |   0 | 1.526984e+01 | 1.526984e+01 |   0.00%| 100.00%
  6.2s|120200 |    31 |   529 |   0.0 |  1273k |  50 |   8 |   2 |   0 | 171 |  0 |   0 |   0 | 1.526984e+01 | 1.526984e+01 |   0.00%| 100.00%
  6.2s|120300 |    37 |   529 |   0.0 |  1273k |  50 |   8 |   2 |  41 | 171 |  1 |   0 |   0 | 1.526984e+01 | 1.526984e+01 |   0.00%| 100.00%
  6.2s|120400 |    37 |   529 |   0.0 |  1273k |  50 |   8 |   2 |   0 | 171 |  0 |   0 |   0 | 1.526984e+01 | 1.526984e+01 |   0.00%| 100.00%
  6.2s|120500 |    33 |   529 |   0.0 |  1273k |  50 |   8 |   2 |  41 | 171 |  1 |   0 |   0 | 1.526984e+01 | 1.526984e+01 |   0.00%| 100.00%
  6.2s|120600 |    21 |   529 |   0.0 |  1273k |  50 |   8 |   2 |  41 | 171 |  1 |   0 |   0 | 1.526984e+01 | 1.526984e+01 |   0.00%| 100.00%
  6.2s|120700 |    31 |   529 |   0.0 |  1273k |  50 |   8 |   2 |   0 | 171 |  0 |   0 |   0 | 1.526984e+01 | 1.526984e+01 |   0.00%| 100.00%
  6.2s|120800 |    29 |   529 |   0.0 |  1273k |  50 |   8 |   2 |  41 | 171 |  1 |   0 |   0 | 1.526984e+01 | 1.526984e+01 |   0.00%| 100.00%
 time | node  | left  |LP iter|LP it/n|mem/heur|mdpt |vars |cons |rows |cuts |sepa|confs|strbr|  dualbound   | primalbound  |  gap   | compl. 
  6.2s|120900 |    31 |   529 |   0.0 |  1273k |  50 |   8 |   2 |  41 | 171 |  1 |   0 |   0 | 1.526984e+01 | 1.526984e+01 |   0.00%| 100.00%
  6.2s|121000 |    23 |   531 |   0.0 |  1273k |  50 |   8 |   2 |  41 | 172 |  1 |   0 |   0 | 1.526984e+01 | 1.526984e+01 |   0.00%| 100.00%
  6.2s|121100 |    21 |   531 |   0.0 |  1273k |  50 |   8 |   2 |   0 | 172 |  0 |   0 |   0 | 1.526984e+01 | 1.526984e+01 |   0.00%| 100.00%
  6.2s|121200 |     7 |   531 |   0.0 |  1273k |  50 |   8 |   2 |   0 | 172 |  0 |   0 |   0 | 1.526984e+01 | 1.526984e+01 |   0.00%| 100.00%
  6.2s|121300 |     7 |   531 |   0.0 |  1273k |  50 |   8 |   2 |  41 | 172 |  1 |   0 |   0 | 1.526984e+01 | 1.526984e+01 |   0.00%| 100.00%
  6.2s|121400 |    39 |   531 |   0.0 |  1273k |  50 |   8 |   2 |   0 | 172 |  0 |   0 |   0 | 1.526984e+01 | 1.526984e+01 |   0.00%| 100.00%
  6.2s|121500 |    29 |   531 |   0.0 |  1273k |  50 |   8 |   2 |  41 | 172 |  1 |   0 |   0 | 1.526984e+01 | 1.526984e+01 |   0.00%| 100.00%
  6.2s|121600 |    37 |   531 |   0.0 |  1273k |  50 |   8 |   2 |  41 | 172 |  1 |   0 |   0 | 1.526984e+01 | 1.526984e+01 |   0.00%| 100.00%
  6.2s|121700 |    37 |   531 |   0.0 |  1273k |  50 |   8 |   2 |  41 | 172 |  1 |   0 |   0 | 1.526984e+01 | 1.526984e+01 |   0.00%| 100.00%
  6.3s|121800 |    33 |   531 |   0.0 |  1273k |  50 |   8 |   2 |  41 | 172 |  1 |   0 |   0 | 1.526984e+01 | 1.526984e+01 |   0.00%| 100.00%
  6.3s|121900 |    29 |   531 |   0.0 |  1273k |  50 |   8 |   2 |   0 | 172 |  0 |   0 |   0 | 1.526984e+01 | 1.526984e+01 |   0.00%| 100.00%
  6.3s|122000 |    21 |   531 |   0.0 |  1273k |  50 |   8 |   2 |   0 | 172 |  0 |   0 |   0 | 1.526984e+01 | 1.526984e+01 |   0.00%| 100.00%
  6.3s|122100 |    21 |   531 |   0.0 |  1273k |  50 |   8 |   2 |  41 | 172 |  1 |   0 |   0 | 1.526984e+01 | 1.526984e+01 |   0.00%| 100.00%
  6.3s|122200 |    17 |   531 |   0.0 |  1273k |  50 |   8 |   2 |   0 | 172 |  0 |   0 |   0 | 1.526984e+01 | 1.526984e+01 |   0.00%| 100.00%
  6.3s|122300 |    39 |   531 |   0.0 |  1273k |  50 |   8 |   2 |   0 | 172 |  0 |   0 |   0 | 1.526984e+01 | 1.526984e+01 |   0.00%| 100.00%
 time | node  | left  |LP iter|LP it/n|mem/heur|mdpt |vars |cons |rows |cuts |sepa|confs|strbr|  dualbound   | primalbound  |  gap   | compl. 
  6.3s|122400 |    21 |   531 |   0.0 |  1273k |  50 |   8 |   2 |   0 | 172 |  0 |   0 |   0 | 1.526984e+01 | 1.526984e+01 |   0.00%| 100.00%
  6.3s|122500 |    27 |   531 |   0.0 |  1273k |  50 |   8 |   2 |   0 | 172 |  0 |   0 |   0 | 1.526984e+01 | 1.526984e+01 |   0.00%| 100.00%
  6.3s|122600 |    25 |   531 |   0.0 |  1273k |  50 |   8 |   2 |  41 | 172 |  1 |   0 |   0 | 1.526984e+01 | 1.526984e+01 |   0.00%| 100.00%
  6.3s|122700 |    27 |   531 |   0.0 |  1273k |  50 |   8 |   2 |   0 | 172 |  0 |   0 |   0 | 1.526984e+01 | 1.526984e+01 |   0.00%| 100.00%
  6.3s|122800 |    15 |   531 |   0.0 |  1273k |  50 |   8 |   2 |   0 | 172 |  0 |   0 |   0 | 1.526984e+01 | 1.526984e+01 |   0.00%| 100.00%
  6.3s|122900 |    21 |   531 |   0.0 |  1273k |  50 |   8 |   2 |  41 | 172 |  1 |   0 |   0 | 1.526984e+01 | 1.526984e+01 |   0.00%| 100.00%
  6.3s|123000 |    29 |   531 |   0.0 |  1273k |  50 |   8 |   2 |  41 | 172 |  1 |   0 |   0 | 1.526984e+01 | 1.526984e+01 |   0.00%| 100.00%
  6.3s|123100 |    17 |   531 |   0.0 |  1273k |  50 |   8 |   2 |  41 | 172 |  1 |   0 |   0 | 1.526984e+01 | 1.526984e+01 |   0.00%| 100.00%
  6.3s|123200 |    13 |   531 |   0.0 |  1273k |  50 |   8 |   2 |   0 | 172 |  0 |   0 |   0 | 1.526984e+01 | 1.526984e+01 |   0.00%| 100.00%
  6.3s|123300 |    19 |   531 |   0.0 |  1273k |  50 |   8 |   2 |   0 | 172 |  0 |   0 |   0 | 1.526984e+01 | 1.526984e+01 |   0.00%| 100.00%
  6.3s|123400 |    21 |   531 |   0.0 |  1273k |  50 |   8 |   2 |  41 | 172 |  1 |   0 |   0 | 1.526984e+01 | 1.526984e+01 |   0.00%| 100.00%
  6.3s|123500 |    21 |   531 |   0.0 |  1273k |  50 |   8 |   2 |  41 | 172 |  1 |   0 |   0 | 1.526984e+01 | 1.526984e+01 |   0.00%| 100.00%
  6.3s|123600 |    23 |   531 |   0.0 |  1273k |  50 |   8 |   2 |   0 | 172 |  0 |   0 |   0 | 1.526984e+01 | 1.526984e+01 |   0.00%| 100.00%
  6.4s|123700 |    21 |   531 |   0.0 |  1273k |  50 |   8 |   2 |  41 | 172 |  1 |   0 |   0 | 1.526984e+01 | 1.526984e+01 |   0.00%| 100.00%
  6.4s|123800 |     9 |   531 |   0.0 |  1273k |  50 |   8 |   2 |   0 | 172 |  0 |   0 |   0 | 1.526984e+01 | 1.526984e+01 |   0.00%| 100.00%
 time | node  | left  |LP iter|LP it/n|mem/heur|mdpt |vars |cons |rows |cuts |sepa|confs|strbr|  dualbound   | primalbound  |  gap   | compl. 
  6.4s|123900 |    13 |   531 |   0.0 |  1273k |  50 |   8 |   2 |   0 | 172 |  0 |   0 |   0 | 1.526984e+01 | 1.526984e+01 |   0.00%| 100.00%
  6.4s|124000 |     9 |   531 |   0.0 |  1273k |  50 |   8 |   2 |   0 | 172 |  0 |   0 |   0 | 1.526984e+01 | 1.526984e+01 |   0.00%| 100.00%
  6.4s|124100 |     9 |   531 |   0.0 |  1273k |  50 |   8 |   2 |  41 | 172 |  1 |   0 |   0 | 1.526984e+01 | 1.526984e+01 |   0.00%| 100.00%
  6.4s|124200 |    17 |   531 |   0.0 |  1273k |  50 |   8 |   2 |  41 | 172 |  1 |   0 |   0 | 1.526984e+01 | 1.526984e+01 |   0.00%| 100.00%
  6.4s|124300 |     9 |   531 |   0.0 |  1273k |  50 |   8 |   2 |  41 | 172 |  1 |   0 |   0 | 1.526984e+01 | 1.526984e+01 |   0.00%| 100.00%

SCIP Status        : problem is solved [optimal solution found]
Solving Time (sec) : 6.39
Solving Nodes      : 124397
Primal Bound       : +1.52698363610086e+01 (123 solutions)
Dual Bound         : +1.52698363610086e+01
Gap                : 0.00 %

