Solver command line: ['/cvmfs/soft.computecanada.ca/easybuild/software/2023/x86-64-v4/Compiler/gcc12/scipoptsuite/9.0.0/bin/scip', '/tmp/tmpyhou90dy.pyomo', '-AMPL']

SCIP version 9.0.0 [precision: 8 byte] [memory: block] [mode: optimized] [LP solver: Soplex 7.0.0] [GitHash: 7205bedd94]
Copyright (c) 2002-2024 Zuse Institute Berlin (ZIB)

External libraries: 
  Readline 8.1         GNU library for command line editing (gnu.org/s/readline)
  Soplex 7.0.0         Linear Programming Solver developed at Zuse Institute Berlin (soplex.zib.de) [GitHash: 6657fb3b]
  CppAD 20180000.0     Algorithmic Differentiation of C++ algorithms developed by B. Bell (github.com/coin-or/CppAD)
  ZLIB 1.2.13          General purpose compression library by J. Gailly and M. Adler (zlib.net)
  GMP 6.2.1            GNU Multiple Precision Arithmetic Library developed by T. Granlund (gmplib.org)
  ZIMPL 3.5.3          Zuse Institute Mathematical Programming Language developed by T. Koch (zimpl.zib.de)
  AMPL/MP 690e9e7      AMPL .nl file reader library (github.com/ampl/mp)
  PaPILO 2.2.0         parallel presolve for integer and linear optimization (github.com/scipopt/papilo) (built with TBB) [GitHash: df30ae49]
  bliss 0.77           Computing Graph Automorphisms by T. Junttila and P. Kaski (users.aalto.fi/~tjunttil/bliss)
  sassy 1.1            Symmetry preprocessor by Markus Anders (github.com/markusa4/sassy)
  Ipopt 3.14.14        Interior Point Optimizer developed by A. Waechter et.al. (github.com/coin-or/Ipopt)

reading user parameter file <scip.set>
===========================

limits/time = 10800

read problem </tmp/tmpyhou90dy.pyomo.nl>
============

original problem has 201 variables (0 bin, 100 int, 0 impl, 101 cont) and 5 constraints

solve problem
=============

  [nonlinear] <objcons>: (((-1)*<x0>+1.81887))^2+50*((<i100>+(-(<x0>)^2)))^2+(((-1)*<x1>+0.541036))^2+50*((<i101>+(-(<x1>)^2)))^2+(((-1)*<x2>+4.11422))^2+50*((<i102>+(-(<x2>)^2)))^2+(((-1)*<x3>+2.40609))^2+50*((<i103>+(-(<x3>)^2)))^2+(((-1)*<x4>+4.14977))^2+50*((<i104>+(-(<x4>)^2)))^2+(((-1)*<x5>+4.3061))^2+50*((<i105>+(-(<x5>)^2)))^2+(((-1)*<x6>+3.62506))^2+50*((<i106>+(-(<x6>)^2)))^2+(((-1)*<x7>+1.44481))^2+50*((<i107>+(-(<x7>)^2)))^2+(((-1)*<x8>+4.23592))^2+50*((<i108>+(-(<x8>)^2)))^2+(((-1)*<x9>+2.46702))^2+50*((<i109>+(-(<x9>)^2)))^2+(((-1)*<x10>+0.710013))^2+50*((<i110>+(-(<x10>)^2)))^2+(((-1)*<x11>+3.89258))^2+50*((<i111>+(-(<x11>)^2)))^2+(((-1)*<x12>+4.09611))^2+50*((<i112>+(-(<x12>)^2)))^2+(((-1)*<x13>+1.33499))^2+50*((<i113>+(-(<x13>)^2)))^2+(((-1)*<x14>+0.801188))^2+50*((<i114>+(-(<x14>)^2)))^2+(((-1)*<x15>+1.50635))^2+50*((<i115>+(-(<x15>)^2)))^2+(((-1)*<x16>+3.35361))^2+50*((<i116>+(-(<x16>)^2)))^2+(((-1)*<x17>+1.28454))^2+50*((<i117>+(-(<x17>)^2)))^2+(((-1)*<x18>+4.42761))^2+50*((<i118>+(-(<x18>)^2)))^2+(((-1)*<x19>+3.70368))^2+50*((<i119>+(-(<x19>)^2)))^2+(((-1)*<x20>+2.51003))^2+50*((<i120>+(-(<x20>)^2)))^2+(((-1)*<x21>+3.27634))^2+50*((<i121>+(-(<x21>)^2)))^2+(((-1)*<x22>+2.61696))^2+50*((<i122>+(-(<x22>)^2)))^2+(((-1)*<x23>+0.737941))^2+50*((<i123>+(-(<x23>)^2)))^2+(((-1)*<x24>+4.20043))^2+50*((<i124>+(-(<x24>)^2)))^2+(((-1)*<x25>+1.84689))^2+50*((<i125>+(-(<x25>)^2)))^2+(((-1)*<x26>+2.64745))^2+50*((<i126>+(-(<x26>)^2)))^2+(((-1)*<x27>+2.33041))^2+50*((<i127>+(-(<x27>)^2)))^2+(((-1)*<x28>+1.79083))^2+50*((<i128>+(-(<x28>)^2)))^2+(((-1)*<x29>+1.14222))^2+50*((<i129>+(-(<x29>)^2)))^2+(((-1)*<x30>+4.24273))^2+50*((<i130>+(-(<x30>)^2)))^2+(((-1)*<x31>+3.6186))^2+50*((<i131>+(-(<x31>)^2)))^2+(((-1)*<x32>+2.76056))^2+50*((<i132>+(-(<x32>)^2)))^2+(((-1)*<x33>+3.16537))^2+50*((<i133>+(-(<x33>)^2)))^2+(((-1)*<x34>+3.41659))^2+50*((<i134>+(-(<x34>)^2)))^2+(((-1)*<x35>+1.89979))^2+50*((<i135>+(-(<x35>)^2)))^2+(((-1)*<x36>+3.41936))^2+50*((<i136>+(-(<x36>)^2)))^2+(((-1)*<x37>+3.50192))^2+50*((<i137>+(-(<x37>)^2)))^2+(((-1)*<x38>+1.1568))^2+50*((<i138>+(-(<x38>)^2)))^2+(((-1)*<x39>+0.549954))^2+50*((<i139>+(-(<x39>)^2)))^2+(((-1)*<x40>+1.74005))^2+50*((<i140>+(-(<x40>)^2)))^2+(((-1)*<x41>+3.28937))^2+50*((<i141>+(-(<x41>)^2)))^2+(((-1)*<x42>+1.68016))^2+50*((<i142>+(-(<x42>)^2)))^2+(((-1)*<x43>+0.866564))^2+50*((<i143>+(-(<x43>)^2)))^2+(((-1)*<x44>+0.6125))^2+50*((<i144>+(-(<x44>)^2)))^2+(((-1)*<x45>+0.898345))^2+50*((<i145>+(-(<x45>)^2)))^2+(((-1)*<x46>+3.11578))^2+50*((<i146>+(-(<x46>)^2)))^2+(((-1)*<x47>+4.03475))^2+50*((<i147>+(-(<x47>)^2)))^2+(((-1)*<x48>+2.92166))^2+50*((<i148>+(-(<x48>)^2)))^2+(((-1)*<x49>+2.60222))^2+50*((<i149>+(-(<x49>)^2)))^2+(((-1)*<x50>+0.548278))^2+50*((<i150>+(-(<x50>)^2)))^2+(((-1)*<x51>+0.507351))^2+50*((<i151>+(-(<x51>)^2)))^2+(((-1)*<x52>+1.73706))^2+50*((<i152>+(-(<x52>)^2)))^2+(((-1)*<x53>+3.31598))^2+50*((<i153>+(-(<x53>)^2)))^2+(((-1)*<x54>+1.48733))^2+50*((<i154>+(-(<x54>)^2)))^2+(((-1)*<x55>+0.690977))^2+50*((<i155>+(-(<x55>)^2)))^2+(((-1)*<x56>+2.02778))^2+50*((<i156>+(-(<x56>)^2)))^2+(((-1)*<x57>+1.59868))^2+50*((<i157>+(-(<x57>)^2)))^2+(((-1)*<x58>+1.08266))^2+50*((<i158>+(-(<x58>)^2)))^2+(((-1)*<x59>+2.18175))^2+50*((<i159>+(-(<x59>)^2)))^2+(((-1)*<x60>+0.746167))^2+50*((<i160>+(-(<x60>)^2)))^2+(((-1)*<x61>+2.56997))^2+50*((<i161>+(-(<x61>)^2)))^2+(((-1)*<x62>+2.68754))^2+50*((<i162>+(-(<x62>)^2)))^2+(((-1)*<x63>+0.831191))^2+50*((<i163>+(-(<x63>)^2)))^2+(((-1)*<x64>+0.561191))^2+50*((<i164>+(-(<x64>)^2)))^2+(((-1)*<x65>+1.86021))^2+50*((<i165>+(-(<x65>)^2)))^2+(((-1)*<x66>+2.15159))^2+50*((<i166>+(-(<x66>)^2)))^2+(((-1)*<x67>+3.8347))^2+50*((<i167>+(-(<x67>)^2)))^2+(((-1)*<x68>+3.0304))^2+50*((<i168>+(-(<x68>)^2)))^2+(((-1)*<x69>+0.732703))^2+50*((<i169>+(-(<x69>)^2)))^2+(((-1)*<x70>+2.37944))^2+50*((<i170>+(-(<x70>)^2)))^2+(((-1)*<x71>+4.19467))^2+50*((<i171>+(-(<x71>)^2)))^2+(((-1)*<x72>+4.09964))^2+50*((<i172>+(-(<x72>)^2)))^2+(((-1)*<x73>+4.2409))^2+50*((<i173>+(-(<x73>)^2)))^2+(((-1)*<x74>+1.33881))^2+50*((<i174>+(-(<x74>)^2)))^2+(((-1)*<x75>+2.58127))^2+50*((<i175>+(-(<x75>)^2)))^2+(((-1)*<x76>+0.552799))^2+50*((<i176>+(-(<x76>)^2)))^2+(((-1)*<x77>+1.56101))^2+50*((<i177>+(-(<x77>)^2)))^2+(((-1)*<x78>+3.96963))^2+50*((<i178>+(-(<x78>)^2)))^2+(((-1)*<x79>+3.3498))^2+50*((<i179>+(-(<x79>)^2)))^2+(((-1)*<x80>+1.16376))^2+50*((<i180>+(-(<x80>)^2)))^2+(((-1)*<x81>+4.44004))^2+50*((<i181>+(-(<x81>)^2)))^2+(((-1)*<x82>+3.17832))^2+50*((<i182>+(-(<x82>)^2)))^2+(((-1)*<x83>+3.05037))^2+50*((<i183>+(-(<x83>)^2)))^2+(((-1)*<x84>+2.71433))^2+50*((<i184>+(-(<x84>)^2)))^2+(((-1)*<x85>+4.338))^2+50*((<i185>+(-(<x85>)^2)))^2+(((-1)*<x86>+4.12289))^2+50*((<i186>+(-(<x86>)^2)))^2+(((-1)*<x87>+1.20042))^2+50*((<i187>+(-(<x87>)^2)))^2+(((-1)*<x88>+2.14794))^2+50*((<i188>+(-(<x88>)^2)))^2+(((-1)*<x89>+1.79546))^2+50*((<i189>+(-(<x89>)^2)))^2+(((-1)*<x90>+4.06314))^2+50*((<i190>+(-(<x90>)^2)))^2+(((-1)*<x91>+3.91446))^2+50*((<i191>+(-(<x91>)^2)))^2+(((-1)*<x92>+1.31748))^2+50*((<i192>+(-(<x92>)^2)))^2+(((-1)*<x93>+4.27391))^2+50*((<i193>+(-(<x93>)^2)))^2+(((-1)*<x94>+2.69642))^2+50*((<i194>+(-(<x94>)^2)))^2+(((-1)*<x95>+3.29753))^2+50*((<i195>+(-(<x95>)^2)))^2+(((-1)*<x96>+1.57477))^2+50*((<i196>+(-(<x96>)^2)))^2+(((-1)*<x97>+3.8461))^2+50*((<i197>+(-(<x97>)^2)))^2+(((-1)*<x98>+2.6592))^2+50*((<i198>+(-(<x98>)^2)))^2+(((-1)*<x99>+0.771357))^2+50*((<i199>+(-(<x99>)^2)))^2-<nlobjvar> <= 0;
violation: right hand side is violated by 713.504942796504
all 1 solutions given by solution candidate storage are infeasible

presolving:
(round 1, fast)       0 del vars, 0 del conss, 0 add conss, 201 chg bounds, 1 chg sides, 0 chg coeffs, 0 upgd conss, 0 impls, 0 clqs
   (0.0s) symmetry computation started: requiring (bin +, int +, cont +), (fixed: bin -, int -, cont -)
   (0.0s) no symmetry present (symcode time: 0.00)
presolving (2 rounds: 2 fast, 1 medium, 1 exhaustive):
 0 deleted vars, 0 deleted constraints, 0 added constraints, 201 tightened bounds, 0 added holes, 1 changed sides, 0 changed coefficients
 0 implications, 0 cliques
presolved problem has 201 variables (0 bin, 100 int, 0 impl, 101 cont) and 5 constraints
      3 constraints of type <linear>
      2 constraints of type <nonlinear>
Presolving Time: 0.01

 time | node  | left  |LP iter|LP it/n|mem/heur|mdpt |vars |cons |rows |cuts |sepa|confs|strbr|  dualbound   | primalbound  |  gap   | compl. 
  0.1s|     1 |     0 |   200 |     - |  7692k |   0 | 603 |   5 | 605 |   0 |  0 |   0 |   0 |-6.287337e+08 |      --      |    Inf | unknown
L 0.2s|     1 |     0 |   200 |     - |  subnlp|   0 | 603 |   5 | 605 |   0 |  0 |   0 |   0 |-6.287337e+08 | 8.515032e+02 |    Inf | unknown
  0.2s|     1 |     0 |   300 |     - |  7731k |   0 | 603 |   5 | 706 | 101 |  1 |   0 |   0 |-6.287337e+08 | 8.515032e+02 |    Inf | unknown
  0.2s|     1 |     0 |   300 |     - |  7731k |   0 | 603 |   5 | 706 | 101 |  1 |   0 |   0 |-6.287337e+08 | 8.515032e+02 |    Inf | unknown
  0.2s|     1 |     0 |   448 |     - |  7971k |   0 | 603 |   5 | 808 | 203 |  2 |   0 |   0 |-6.287337e+08 | 8.515032e+02 |    Inf | unknown
  0.2s|     1 |     0 |   578 |     - |  8205k |   0 | 603 |   5 | 911 | 306 |  3 |   0 |   0 |-6.287337e+08 | 8.515032e+02 |    Inf | unknown
  0.2s|     1 |     0 |   698 |     - |  8310k |   0 | 603 |   5 |1015 | 410 |  4 |   0 |   0 |-6.287337e+08 | 8.515032e+02 |    Inf | unknown
  0.2s|     1 |     0 |   829 |     - |  8427k |   0 | 603 |   5 |1121 | 516 |  5 |   0 |   0 |-6.287337e+08 | 8.515032e+02 |    Inf | unknown
  0.2s|     1 |     0 |   954 |     - |  8677k |   0 | 603 |   5 |1229 | 624 |  6 |   0 |   0 |-6.287337e+08 | 8.515032e+02 |    Inf | unknown
  0.2s|     1 |     0 |  1068 |     - |  8803k |   0 | 603 |   5 |1338 | 733 |  7 |   0 |   0 |-6.287337e+08 | 8.515032e+02 |    Inf | unknown
  0.2s|     1 |     0 |  1188 |     - |  9542k |   0 | 603 |   5 |1447 | 842 |  8 |   0 |   0 |-6.287337e+08 | 8.515032e+02 |    Inf | unknown
  0.2s|     1 |     0 |  1312 |     - |  9944k |   0 | 603 |   5 |1557 | 952 |  9 |   0 |   0 |-6.287337e+08 | 8.515032e+02 |    Inf | unknown
  0.3s|     1 |     0 |  1436 |     - |    10M |   0 | 603 |   5 |1066 |1061 | 10 |   0 |   0 |-6.287337e+08 | 8.515032e+02 |    Inf | unknown
  0.3s|     1 |     0 |  1564 |     - |    10M |   0 | 603 |   5 |1175 |1170 | 11 |   0 |   0 |-6.287337e+08 | 8.515032e+02 |    Inf | unknown
  0.7s|     1 |     0 |  4823 |     - |    10M |   0 | 603 |   5 |1175 |1170 | 11 |   0 |   1 |-6.287337e+08 | 8.515032e+02 |    Inf | unknown
 time | node  | left  |LP iter|LP it/n|mem/heur|mdpt |vars |cons |rows |cuts |sepa|confs|strbr|  dualbound   | primalbound  |  gap   | compl. 
  0.7s|     1 |     0 |  5237 |     - |    10M |   0 | 603 |   5 |1370 |1365 | 12 |   0 |   1 |-6.287337e+08 | 8.515032e+02 |    Inf | unknown
  0.7s|     1 |     2 |  5275 |     - |    10M |   0 | 603 |   5 |1370 |1365 | 13 |   0 |  10 |-6.287337e+08 | 8.515032e+02 |    Inf | unknown
  3.2s|   100 |   101 | 94285 | 932.9 |    16M |  41 | 603 |   6 |3967 |  23k|  2 |   1 |  10 |-6.287337e+08 | 8.515032e+02 |    Inf | unknown
  5.9s|   200 |   193 |235492 |1173.7 |    23M |  41 | 603 |   6 |4287 |  48k|  3 |   1 |  58 |-6.287337e+08 | 8.515032e+02 |    Inf | unknown
  9.8s|   300 |   281 |389910 |1297.6 |    31M |  42 | 603 |   6 |3590 |  79k|  2 |   1 | 204 |-6.287337e+08 | 8.515032e+02 |    Inf | unknown
 14.6s|   400 |   381 |508834 |1270.4 |    50M |  43 | 603 |   7 |4515 | 117k| 15 |   2 | 545 |-6.287337e+08 | 8.515032e+02 |    Inf | unknown
 17.7s|   500 |   481 |655715 |1310.2 |    57M |  43 | 603 |   7 |3623 | 152k|  2 |   2 | 598 |-6.287337e+08 | 8.515032e+02 |    Inf | unknown
 21.8s|   600 |   579 |810099 |1349.2 |    68M |  43 | 603 |   7 |3709 | 181k|  1 |   2 | 880 |-6.287337e+08 | 8.515032e+02 |    Inf | unknown
(node 637) numerical troubles in LP 3793 -- unresolved
 25.8s|   700 |   679 |968804 |1383.2 |    77M |  44 | 603 |   7 |3587 | 210k|  2 |   2 |1035 |-6.287337e+08 | 8.515032e+02 |    Inf | unknown
 29.0s|   800 |   773 |  1105k|1381.7 |    89M |  44 | 603 |   7 |3564 | 235k|  2 |   2 |1155 |-6.287337e+08 | 8.515032e+02 |    Inf | unknown
(node 816) numerical troubles in LP 4603 -- unresolved
 33.7s|   900 |   869 |  1282k|1424.9 |    96M |  44 | 603 |   7 |3917 | 264k|  2 |   2 |1419 |-6.287337e+08 | 8.515032e+02 |    Inf | unknown
 37.7s|  1000 |   969 |  1422k|1422.1 |   109M |  44 | 603 |   7 |4108 | 297k|  2 |   2 |1681 |-6.287337e+08 | 8.515032e+02 |    Inf | unknown
(node 1051) numerical troubles in LP 5967 -- unresolved
 42.9s|  1100 |  1069 |  1565k|1423.0 |   122M |  44 | 603 |   7 |3542 | 324k|  2 |   2 |2153 |-6.287337e+08 | 8.515032e+02 |    Inf | unknown
 48.0s|  1200 |  1165 |  1735k|1445.9 |   133M |  44 | 603 |   8 |4253 | 356k|  2 |   3 |2484 |-6.287337e+08 | 8.515032e+02 |    Inf | unknown
 51.9s|  1300 |  1265 |  1888k|1452.4 |   138M |  44 | 603 |   8 |3356 | 382k|  3 |   3 |2687 |-6.287337e+08 | 8.515032e+02 |    Inf | unknown
 time | node  | left  |LP iter|LP it/n|mem/heur|mdpt |vars |cons |rows |cuts |sepa|confs|strbr|  dualbound   | primalbound  |  gap   | compl. 
 55.6s|  1400 |  1365 |  2067k|1476.7 |   147M |  44 | 603 |   8 |3797 | 410k|  2 |   3 |2829 |-6.287337e+08 | 8.515032e+02 |    Inf | unknown
(node 1487) numerical troubles in LP 8138 -- unresolved
 59.8s|  1500 |  1465 |  2216k|1477.3 |   155M |  44 | 603 |   8 |3981 | 436k|  2 |   3 |3106 |-6.287337e+08 | 8.515032e+02 |    Inf | unknown
 64.3s|  1600 |  1565 |  2347k|1467.0 |   168M |  45 | 603 |   8 |3324 | 461k|  2 |   3 |3466 |-6.287337e+08 | 8.515032e+02 |    Inf | unknown
 69.2s|  1700 |  1661 |  2504k|1472.7 |   176M |  46 | 603 |   9 |3941 | 486k|  2 |   4 |3892 |-6.287337e+08 | 8.515032e+02 |    Inf | unknown
 73.8s|  1800 |  1755 |  2633k|1462.9 |   187M |  46 | 603 |   9 |3974 | 518k|  2 |   4 |4273 |-6.287337e+08 | 8.515032e+02 |    Inf | unknown
 77.9s|  1900 |  1855 |  2779k|1462.5 |   200M |  46 | 603 |   9 |4001 | 548k|  4 |   4 |4527 |-6.287337e+08 | 8.515032e+02 |    Inf | unknown
 82.0s|  2000 |  1955 |  2913k|1456.6 |   209M |  46 | 603 |   9 |4305 | 578k|  3 |   4 |4797 |-6.287337e+08 | 8.515032e+02 |    Inf | unknown
 86.1s|  2100 |  2055 |  3060k|1457.3 |   214M |  46 | 603 |   9 |3282 | 606k|  2 |   4 |5094 |-6.287337e+08 | 8.515032e+02 |    Inf | unknown
 90.7s|  2200 |  2153 |  3203k|1455.9 |   230M |  46 | 603 |   9 |3727 | 637k|  2 |   4 |5422 |-6.287337e+08 | 8.515032e+02 |    Inf | unknown
 94.5s|  2300 |  2253 |  3338k|1451.5 |   237M |  46 | 603 |   9 |3436 | 664k|  2 |   4 |5682 |-6.287337e+08 | 8.515032e+02 |    Inf | unknown
 98.5s|  2400 |  2349 |  3509k|1462.2 |   244M |  46 | 603 |   9 |3764 | 696k|  2 |   4 |5810 |-6.287337e+08 | 8.515032e+02 |    Inf | unknown
(node 2431) numerical troubles in LP 13096 -- unresolved
  102s|  2500 |  2447 |  3668k|1467.2 |   250M |  46 | 603 |  11 |3907 | 723k|  2 |   6 |5996 |-6.287337e+08 | 8.515032e+02 |    Inf | unknown
  107s|  2600 |  2547 |  3823k|1470.4 |   260M |  46 | 603 |  11 |4089 | 760k|  2 |   6 |6251 |-6.287337e+08 | 8.515032e+02 |    Inf | unknown
  112s|  2700 |  2645 |  3957k|1465.7 |   281M |  47 | 603 |  11 |3969 | 791k|  2 |   6 |6734 |-6.287337e+08 | 8.515032e+02 |    Inf | unknown
(node 2749) numerical troubles in LP 14807 -- unresolved
  116s|  2800 |  2745 |  4130k|1475.0 |   290M |  47 | 603 |  10 |3370 | 820k|  2 |   6 |7025 |-6.287337e+08 | 8.515032e+02 |    Inf | unknown
 time | node  | left  |LP iter|LP it/n|mem/heur|mdpt |vars |cons |rows |cuts |sepa|confs|strbr|  dualbound   | primalbound  |  gap   | compl. 
  120s|  2900 |  2845 |  4295k|1481.0 |   302M |  47 | 603 |  10 |3536 | 853k|  2 |   6 |7195 |-6.287337e+08 | 8.515032e+02 |    Inf | unknown
  124s|  3000 |  2945 |  4449k|1483.2 |   309M |  47 | 603 |  10 |4331 | 887k|  5 |   6 |7443 |-6.287337e+08 | 8.515032e+02 |    Inf | unknown
  129s|  3100 |  3045 |  4573k|1475.1 |   329M |  47 | 603 |  10 |4547 | 916k|  3 |   6 |8006 |-6.287337e+08 | 8.515032e+02 |    Inf | unknown
(node 3160) numerical troubles in LP 16907 -- unresolved
  133s|  3200 |  3141 |  4710k|1472.0 |   342M |  47 | 603 |  10 |4197 | 942k|  2 |   6 |8304 |-6.287337e+08 | 8.515032e+02 |    Inf | unknown
  137s|  3300 |  3241 |  4845k|1468.1 |   358M |  47 | 603 |  10 |3750 | 972k|  3 |   6 |8719 |-6.287337e+08 | 8.515032e+02 |    Inf | unknown
  142s|  3400 |  3341 |  4979k|1464.3 |   367M |  47 | 603 |  10 |4189 |1001k|  2 |   6 |9228 |-6.287337e+08 | 8.515032e+02 |    Inf | unknown
(node 3494) numerical troubles in LP 18708 -- unresolved
  146s|  3500 |  3441 |  5117k|1462.1 |   375M |  47 | 603 |  10 |3809 |1029k|  2 |   6 |9538 |-6.287337e+08 | 8.515032e+02 |    Inf | unknown
  149s|  3600 |  3539 |  5272k|1464.5 |   382M |  47 | 603 |  10 |3651 |1057k|  2 |   6 |9674 |-6.287337e+08 | 8.515032e+02 |    Inf | unknown
  154s|  3700 |  3633 |  5422k|1465.4 |   405M |  47 | 603 |  10 |4133 |1090k|  2 |   6 |9993 |-6.287337e+08 | 8.515032e+02 |    Inf | unknown
  158s|  3800 |  3727 |  5591k|1471.4 |   414M |  47 | 603 |  10 |3752 |1124k|  2 |   6 |  10k|-6.287337e+08 | 8.515032e+02 |    Inf | unknown
  162s|  3900 |  3827 |  5730k|1469.3 |   421M |  47 | 603 |  10 |3701 |1152k|  3 |   6 |  10k|-6.287337e+08 | 8.515032e+02 |    Inf | unknown
  167s|  4000 |  3923 |  5869k|1467.4 |   432M |  47 | 603 |  10 |4264 |1180k|  2 |   6 |  10k|-6.287337e+08 | 8.515032e+02 |    Inf | unknown
  171s|  4100 |  4023 |  6008k|1465.3 |   442M |  47 | 603 |  10 |4193 |1209k|  3 |   6 |  11k|-6.287337e+08 | 8.515032e+02 |    Inf | unknown
  175s|  4200 |  4123 |  6150k|1464.4 |   451M |  47 | 603 |  10 |3815 |1239k|  2 |   6 |  11k|-6.287337e+08 | 8.515032e+02 |    Inf | unknown
  179s|  4300 |  4221 |  6276k|1459.6 |   464M |  47 | 603 |  10 |4346 |1267k|  3 |   6 |  11k|-6.287337e+08 | 8.515032e+02 |    Inf | unknown
 time | node  | left  |LP iter|LP it/n|mem/heur|mdpt |vars |cons |rows |cuts |sepa|confs|strbr|  dualbound   | primalbound  |  gap   | compl. 
  184s|  4400 |  4321 |  6441k|1463.9 |   475M |  47 | 603 |  10 |4390 |1299k|  2 |   6 |  12k|-6.287337e+08 | 8.515032e+02 |    Inf | unknown
  188s|  4500 |  4421 |  6578k|1461.7 |   493M |  47 | 603 |  10 |4036 |1333k|  3 |   6 |  12k|-6.287337e+08 | 8.515032e+02 |    Inf | unknown
(node 4591) numerical troubles in LP 25189 -- unresolved
  193s|  4600 |  4521 |  6765k|1470.6 |   504M |  47 | 603 |  10 |4211 |1366k|  2 |   6 |  12k|-6.287337e+08 | 8.515032e+02 |    Inf | unknown
(node 4650) numerical troubles in LP 25483 -- unresolved
  197s|  4700 |  4621 |  6918k|1472.0 |   515M |  47 | 603 |  11 |3916 |1394k|  2 |   7 |  12k|-6.287337e+08 | 8.515032e+02 |    Inf | unknown
  201s|  4800 |  4719 |  7094k|1477.9 |   521M |  47 | 603 |  11 |3870 |1424k|  2 |   7 |  13k|-6.287337e+08 | 8.515032e+02 |    Inf | unknown
  206s|  4900 |  4819 |  7246k|1478.7 |   529M |  47 | 603 |  11 |3819 |1456k|  2 |   8 |  13k|-6.287337e+08 | 8.515032e+02 |    Inf | unknown
  211s|  5000 |  4917 |  7427k|1485.3 |   539M |  47 | 603 |  11 |4345 |1492k|  6 |   8 |  13k|-6.287337e+08 | 8.515032e+02 |    Inf | unknown
  215s|  5100 |  5017 |  7590k|1488.3 |   551M |  47 | 603 |  10 |3922 |1520k|  2 |   8 |  13k|-6.287337e+08 | 8.515032e+02 |    Inf | unknown
  219s|  5200 |  5115 |  7752k|1490.7 |   563M |  47 | 603 |  10 |2872 |1553k|  2 |   8 |  14k|-6.287337e+08 | 8.515032e+02 |    Inf | unknown
  223s|  5300 |  5215 |  7906k|1491.7 |   582M |  47 | 603 |  10 |3435 |1579k|  2 |   8 |  14k|-6.287337e+08 | 8.515032e+02 |    Inf | unknown
  228s|  5400 |  5311 |  8055k|1491.6 |   588M |  47 | 603 |  10 |3817 |1604k|  3 |   8 |  14k|-6.287337e+08 | 8.515032e+02 |    Inf | unknown
  232s|  5500 |  5411 |  8190k|1489.2 |   595M |  47 | 603 |  11 |3375 |1629k|  3 |   9 |  15k|-6.287337e+08 | 8.515032e+02 |    Inf | unknown
  235s|  5600 |  5511 |  8329k|1487.4 |   604M |  47 | 603 |  11 |3915 |1658k|  2 |   9 |  15k|-6.287337e+08 | 8.515032e+02 |    Inf | unknown
  239s|  5700 |  5611 |  8483k|1488.2 |   612M |  47 | 603 |  11 |3719 |1688k|  2 |   9 |  15k|-6.287337e+08 | 8.515032e+02 |    Inf | unknown
  243s|  5800 |  5711 |  8638k|1489.3 |   620M |  47 | 603 |  12 |4545 |1714k|  2 |  10 |  15k|-6.287337e+08 | 8.515032e+02 |    Inf | unknown
(node 5802) numerical troubles in LP 31787 -- unresolved -- further messages will be suppressed (use display/verblevel=5 to see all)
 time | node  | left  |LP iter|LP it/n|mem/heur|mdpt |vars |cons |rows |cuts |sepa|confs|strbr|  dualbound   | primalbound  |  gap   | compl. 
  248s|  5900 |  5811 |  8788k|1489.5 |   631M |  47 | 603 |  12 |3817 |1746k|  2 |  10 |  15k|-6.287337e+08 | 8.515032e+02 |    Inf | unknown
  253s|  6000 |  5909 |  8923k|1487.2 |   640M |  47 | 603 |  12 |3950 |1778k|  2 |  10 |  16k|-6.287337e+08 | 8.515032e+02 |    Inf | unknown
  257s|  6100 |  6007 |  9081k|1488.6 |   658M |  47 | 603 |  12 |3913 |1813k|  3 |  10 |  16k|-6.287337e+08 | 8.515032e+02 |    Inf | unknown
  260s|  6200 |  6107 |  9244k|1491.0 |   664M |  47 | 603 |  12 |4002 |1840k|  2 |  10 |  16k|-6.287337e+08 | 8.515032e+02 |    Inf | unknown
  264s|  6300 |  6207 |  9356k|1485.1 |   674M |  47 | 603 |  12 |4147 |1866k|  2 |  10 |  16k|-6.287337e+08 | 8.515032e+02 |    Inf | unknown
  267s|  6400 |  6307 |  9492k|1483.1 |   694M |  47 | 603 |  12 |3693 |1889k|  2 |  10 |  16k|-6.287337e+08 | 8.515032e+02 |    Inf | unknown
  272s|  6500 |  6407 |  9636k|1482.5 |   704M |  47 | 603 |  13 |4367 |1916k|  2 |  11 |  17k|-6.287337e+08 | 8.515032e+02 |    Inf | unknown
  277s|  6600 |  6507 |  9785k|1482.6 |   712M |  47 | 603 |  13 |4439 |1950k|  2 |  11 |  17k|-6.287337e+08 | 8.515032e+02 |    Inf | unknown
  281s|  6700 |  6605 |  9924k|1481.2 |   722M |  47 | 603 |  13 |4369 |1978k| 23 |  11 |  17k|-6.287337e+08 | 8.515032e+02 |    Inf | unknown
  285s|  6800 |  6701 | 10077k|1481.9 |   727M |  47 | 603 |  13 |3539 |2003k|  2 |  11 |  17k|-6.287337e+08 | 8.515032e+02 |    Inf | unknown
  288s|  6900 |  6801 | 10222k|1481.4 |   737M |  47 | 603 |  13 |3788 |2031k|  2 |  11 |  18k|-6.287337e+08 | 8.515032e+02 |    Inf | unknown
  292s|  7000 |  6901 | 10369k|1481.3 |   747M |  47 | 603 |  13 |4020 |2057k|  2 |  11 |  18k|-6.287337e+08 | 8.515032e+02 |    Inf | unknown
  297s|  7100 |  6999 | 10525k|1482.3 |   754M |  47 | 603 |  13 |4504 |2091k|  2 |  11 |  18k|-6.287337e+08 | 8.515032e+02 |    Inf | unknown
  300s|  7200 |  7099 | 10677k|1483.0 |   762M |  47 | 603 |  14 |4014 |2117k|  2 |  12 |  18k|-6.287337e+08 | 8.515032e+02 |    Inf | unknown
  304s|  7300 |  7199 | 10818k|1481.9 |   770M |  47 | 603 |  14 |3988 |2154k|  3 |  12 |  18k|-6.287337e+08 | 8.515032e+02 |    Inf | unknown
 time | node  | left  |LP iter|LP it/n|mem/heur|mdpt |vars |cons |rows |cuts |sepa|confs|strbr|  dualbound   | primalbound  |  gap   | compl. 
  307s|  7400 |  7299 | 10939k|1478.3 |   784M |  47 | 603 |  14 |2849 |2179k|  4 |  12 |  19k|-6.287337e+08 | 8.515032e+02 |    Inf | unknown
  311s|  7500 |  7399 | 11091k|1478.8 |   792M |  47 | 603 |  14 |3949 |2206k|  2 |  12 |  19k|-6.287337e+08 | 8.515032e+02 |    Inf | unknown
  315s|  7600 |  7497 | 11269k|1482.8 |   799M |  47 | 603 |  14 |4073 |2237k|  2 |  12 |  19k|-6.287337e+08 | 8.515032e+02 |    Inf | unknown
  320s|  7700 |  7597 | 11424k|1483.6 |   821M |  47 | 603 |  14 |2836 |2269k|  3 |  12 |  19k|-6.287337e+08 | 8.515032e+02 |    Inf | unknown
  324s|  7800 |  7697 | 11586k|1485.4 |   830M |  47 | 603 |  14 |3852 |2299k|  2 |  12 |  19k|-6.287337e+08 | 8.515032e+02 |    Inf | unknown
  328s|  7900 |  7789 | 11761k|1488.7 |   839M |  47 | 603 |  14 |4404 |2329k|  2 |  12 |  19k|-6.287337e+08 | 8.515032e+02 |    Inf | unknown
  332s|  8000 |  7889 | 11903k|1487.9 |   846M |  47 | 603 |  14 |2847 |2359k|  2 |  12 |  20k|-6.287337e+08 | 8.515032e+02 |    Inf | unknown
  336s|  8100 |  7985 | 12069k|1490.0 |   850M |  47 | 603 |  14 |3999 |2387k|  3 |  12 |  20k|-6.287337e+08 | 8.515032e+02 |    Inf | unknown
  340s|  8200 |  8081 | 12216k|1489.7 |   858M |  47 | 603 |  15 |3702 |2413k|  2 |  13 |  20k|-6.287337e+08 | 8.515032e+02 |    Inf | unknown
  345s|  8300 |  8181 | 12377k|1491.2 |   867M |  47 | 603 |  14 |4804 |2441k|  2 |  13 |  20k|-6.287337e+08 | 8.515032e+02 |    Inf | unknown
  349s|  8400 |  8281 | 12512k|1489.5 |   878M |  47 | 603 |  14 |4057 |2468k|  3 |  13 |  20k|-6.287337e+08 | 8.515032e+02 |    Inf | unknown
  353s|  8500 |  8381 | 12663k|1489.8 |   887M |  47 | 603 |  15 |3671 |2497k|  2 |  14 |  20k|-6.287337e+08 | 8.515032e+02 |    Inf | unknown
  357s|  8600 |  8477 | 12813k|1489.9 |   896M |  47 | 603 |  15 |3805 |2529k|  2 |  14 |  21k|-6.287337e+08 | 8.515032e+02 |    Inf | unknown
  361s|  8700 |  8573 | 12952k|1488.8 |   906M |  47 | 603 |  15 |4021 |2558k|  2 |  14 |  21k|-6.287337e+08 | 8.515032e+02 |    Inf | unknown
  366s|  8800 |  8673 | 13103k|1489.0 |   914M |  47 | 603 |  15 |4045 |2586k|  4 |  14 |  21k|-6.287337e+08 | 8.515032e+02 |    Inf | unknown
 time | node  | left  |LP iter|LP it/n|mem/heur|mdpt |vars |cons |rows |cuts |sepa|confs|strbr|  dualbound   | primalbound  |  gap   | compl. 
  369s|  8900 |  8771 | 13241k|1487.8 |   930M |  47 | 603 |  15 |3672 |2616k|  3 |  14 |  21k|-6.287337e+08 | 8.515032e+02 |    Inf | unknown
  374s|  9000 |  8871 | 13391k|1487.9 |   938M |  47 | 603 |  15 |3921 |2644k|  2 |  14 |  21k|-6.287337e+08 | 8.515032e+02 |    Inf | unknown
  378s|  9100 |  8967 | 13554k|1489.5 |   947M |  47 | 603 |  15 |4097 |2674k|  2 |  14 |  21k|-6.287337e+08 | 8.515032e+02 |    Inf | unknown
  383s|  9200 |  9063 | 13712k|1490.4 |   972M |  47 | 603 |  14 |3888 |2706k|  2 |  14 |  21k|-6.287337e+08 | 8.515032e+02 |    Inf | unknown
  386s|  9300 |  9163 | 13851k|1489.4 |   980M |  47 | 603 |  15 |3928 |2735k|  2 |  15 |  22k|-6.287337e+08 | 8.515032e+02 |    Inf | unknown
  390s|  9400 |  9263 | 13963k|1485.4 |   988M |  47 | 603 |  15 |4489 |2764k|  2 |  15 |  22k|-6.287337e+08 | 8.515032e+02 |    Inf | unknown
  394s|  9500 |  9361 | 14088k|1482.9 |   997M |  47 | 603 |  15 |4456 |2792k|  2 |  15 |  22k|-6.287337e+08 | 8.515032e+02 |    Inf | unknown
  399s|  9600 |  9461 | 14230k|1482.3 |  1006M |  47 | 603 |  15 |3768 |2823k|  2 |  15 |  22k|-6.287337e+08 | 8.515032e+02 |    Inf | unknown
  402s|  9700 |  9555 | 14373k|1481.7 |  1012M |  47 | 603 |  15 |4405 |2848k|  2 |  15 |  22k|-6.287337e+08 | 8.515032e+02 |    Inf | unknown
  406s|  9800 |  9647 | 14525k|1482.1 |  1017M |  47 | 603 |  15 |4686 |2878k|  7 |  15 |  23k|-6.287337e+08 | 8.515032e+02 |    Inf | unknown
  409s|  9900 |  9745 | 14661k|1480.9 |  1024M |  47 | 603 |  15 |3241 |2905k|  2 |  15 |  23k|-6.287337e+08 | 8.515032e+02 |    Inf | unknown
  412s| 10000 |  9837 | 14803k|1480.3 |  1029M |  47 | 603 |  14 |3888 |2928k|  2 |  15 |  23k|-6.287337e+08 | 8.515032e+02 |    Inf | unknown
  416s| 10100 |  9933 | 14985k|1483.6 |  1035M |  47 | 603 |  15 |4030 |2956k|  2 |  16 |  23k|-6.287337e+08 | 8.515032e+02 |    Inf | unknown
  420s| 10200 | 10029 | 15148k|1485.1 |  1043M |  47 | 603 |  15 |3395 |2987k|  2 |  16 |  23k|-6.287337e+08 | 8.515032e+02 |    Inf | unknown
  424s| 10300 | 10129 | 15323k|1487.7 |  1049M |  47 | 603 |  15 |4525 |3015k|  8 |  16 |  23k|-6.287337e+08 | 8.515032e+02 |    Inf | unknown
 time | node  | left  |LP iter|LP it/n|mem/heur|mdpt |vars |cons |rows |cuts |sepa|confs|strbr|  dualbound   | primalbound  |  gap   | compl. 
  429s| 10400 | 10217 | 15486k|1489.1 |  1055M |  47 | 603 |  15 |3789 |3047k|  2 |  16 |  23k|-6.287337e+08 | 8.515032e+02 |    Inf | unknown
  433s| 10500 | 10315 | 15642k|1489.7 |  1063M |  47 | 603 |  15 |3974 |3077k|  2 |  16 |  23k|-6.287337e+08 | 8.515032e+02 |    Inf | unknown
  437s| 10600 | 10411 | 15822k|1492.6 |  1069M |  47 | 603 |  14 |4506 |3109k|  2 |  16 |  23k|-6.287337e+08 | 8.515032e+02 |    Inf | unknown
  440s| 10700 | 10511 | 15972k|1492.7 |  1078M |  47 | 603 |  15 |3869 |3140k|  2 |  17 |  23k|-6.287337e+08 | 8.515032e+02 |    Inf | unknown
  444s| 10800 | 10605 | 16116k|1492.2 |  1095M |  47 | 603 |  17 |3710 |3167k|  2 |  19 |  24k|-6.287337e+08 | 8.515032e+02 |    Inf | unknown
  448s| 10900 | 10701 | 16284k|1493.9 |  1102M |  47 | 603 |  17 |4154 |3205k|  2 |  19 |  24k|-6.287337e+08 | 8.515032e+02 |    Inf | unknown
  452s| 11000 | 10801 | 16430k|1493.6 |  1131M |  47 | 603 |  17 |3872 |3234k|  3 |  19 |  24k|-6.287337e+08 | 8.515032e+02 |    Inf | unknown
  456s| 11100 | 10899 | 16584k|1494.1 |  1142M |  48 | 603 |  17 |3686 |3267k|  0 |  19 |  24k|-6.287337e+08 | 8.515032e+02 |    Inf | unknown
  460s| 11200 | 10995 | 16762k|1496.6 |  1148M |  48 | 603 |  19 |4816 |3291k|  9 |  21 |  24k|-6.287337e+08 | 8.515032e+02 |    Inf | unknown
  464s| 11300 | 11091 | 16943k|1499.4 |  1159M |  48 | 603 |  19 |3718 |3320k|  2 |  21 |  24k|-6.287337e+08 | 8.515032e+02 |    Inf | unknown
  468s| 11400 | 11177 | 17122k|1501.9 |  1166M |  48 | 603 |  21 |3999 |3347k|  2 |  23 |  24k|-6.287337e+08 | 8.515032e+02 |    Inf | unknown
  472s| 11500 | 11277 | 17269k|1501.6 |  1172M |  48 | 603 |  21 |4090 |3374k|  3 |  23 |  24k|-6.287337e+08 | 8.515032e+02 |    Inf | unknown
  476s| 11600 | 11377 | 17460k|1505.1 |  1180M |  48 | 603 |  21 |3932 |3410k|  1 |  23 |  24k|-6.287337e+08 | 8.515032e+02 |    Inf | unknown
  480s| 11700 | 11475 | 17610k|1505.1 |  1186M |  48 | 603 |  22 |3943 |3437k|  3 |  24 |  25k|-6.287337e+08 | 8.515032e+02 |    Inf | unknown
  483s| 11800 | 11573 | 17753k|1504.5 |  1194M |  48 | 603 |  22 |3934 |3464k|  2 |  24 |  25k|-6.287337e+08 | 8.515032e+02 |    Inf | unknown
 time | node  | left  |LP iter|LP it/n|mem/heur|mdpt |vars |cons |rows |cuts |sepa|confs|strbr|  dualbound   | primalbound  |  gap   | compl. 
  488s| 11900 | 11669 | 17942k|1507.8 |  1203M |  48 | 603 |  23 |3908 |3494k|  2 |  25 |  25k|-6.287337e+08 | 8.515032e+02 |    Inf | unknown
  492s| 12000 | 11769 | 18107k|1508.9 |  1209M |  48 | 603 |  25 |4506 |3525k|  3 |  27 |  25k|-6.287337e+08 | 8.515032e+02 |    Inf | unknown
  496s| 12100 | 11867 | 18281k|1510.8 |  1217M |  48 | 603 |  27 |4492 |3560k|  4 |  29 |  25k|-6.287337e+08 | 8.515032e+02 |    Inf | unknown
  501s| 12200 | 11965 | 18438k|1511.3 |  1230M |  48 | 603 |  27 |4286 |3608k|  2 |  29 |  25k|-6.287337e+08 | 8.515032e+02 |    Inf | unknown
  505s| 12300 | 12059 | 18600k|1512.2 |  1239M |  48 | 603 |  27 |3963 |3638k|  4 |  29 |  25k|-6.287337e+08 | 8.515032e+02 |    Inf | unknown
  509s| 12400 | 12159 | 18788k|1515.2 |  1247M |  48 | 603 |  28 |4123 |3668k|  3 |  30 |  25k|-6.287337e+08 | 8.515032e+02 |    Inf | unknown
  512s| 12500 | 12255 | 18931k|1514.5 |  1253M |  48 | 603 |  28 |3561 |3693k|  2 |  30 |  25k|-6.287337e+08 | 8.515032e+02 |    Inf | unknown
  516s| 12600 | 12349 | 19092k|1515.3 |  1260M |  48 | 603 |  29 |3858 |3722k|  2 |  31 |  25k|-6.287337e+08 | 8.515032e+02 |    Inf | unknown
  521s| 12700 | 12449 | 19267k|1517.1 |  1280M |  48 | 603 |  32 |2985 |3755k|  3 |  34 |  26k|-6.287337e+08 | 8.515032e+02 |    Inf | unknown
  525s| 12800 | 12547 | 19426k|1517.7 |  1289M |  48 | 603 |  32 |4036 |3791k|  4 |  34 |  26k|-6.287337e+08 | 8.515032e+02 |    Inf | unknown
  529s| 12900 | 12643 | 19608k|1520.0 |  1297M |  48 | 603 |  31 |3622 |3830k|  2 |  34 |  26k|-6.287337e+08 | 8.515032e+02 |    Inf | unknown
  534s| 13000 | 12743 | 19782k|1521.7 |  1333M |  48 | 603 |  31 |3379 |3862k|  3 |  34 |  26k|-6.287337e+08 | 8.515032e+02 |    Inf | unknown
  538s| 13100 | 12843 | 19925k|1521.0 |  1342M |  48 | 603 |  32 |3434 |3895k|  3 |  35 |  26k|-6.287337e+08 | 8.515032e+02 |    Inf | unknown
  542s| 13200 | 12939 | 20079k|1521.2 |  1351M |  48 | 603 |  32 |3483 |3926k|  2 |  35 |  26k|-6.287337e+08 | 8.515032e+02 |    Inf | unknown
  547s| 13300 | 13039 | 20237k|1521.6 |  1359M |  48 | 603 |  32 |3466 |3962k|  2 |  35 |  26k|-6.287337e+08 | 8.515032e+02 |    Inf | unknown
 time | node  | left  |LP iter|LP it/n|mem/heur|mdpt |vars |cons |rows |cuts |sepa|confs|strbr|  dualbound   | primalbound  |  gap   | compl. 
  551s| 13400 | 13137 | 20411k|1523.2 |  1370M |  48 | 603 |  32 |3849 |3999k|  2 |  35 |  27k|-6.287337e+08 | 8.515032e+02 |    Inf | unknown
  555s| 13500 | 13237 | 20554k|1522.5 |  1381M |  48 | 603 |  31 |4514 |4036k|  3 |  35 |  27k|-6.287337e+08 | 8.515032e+02 |    Inf | unknown
  559s| 13600 | 13335 | 20701k|1522.1 |  1393M |  48 | 603 |  31 |4195 |4077k|  2 |  35 |  27k|-6.287337e+08 | 8.515032e+02 |    Inf | unknown
  563s| 13700 | 13435 | 20856k|1522.4 |  1407M |  48 | 603 |  29 |4127 |4112k|  3 |  35 |  27k|-6.287337e+08 | 8.515032e+02 |    Inf | unknown
  568s| 13800 | 13535 | 21034k|1524.2 |  1416M |  48 | 603 |  28 |4671 |4148k|  5 |  35 |  27k|-6.287337e+08 | 8.515032e+02 |    Inf | unknown
  572s| 13900 | 13633 | 21217k|1526.4 |  1426M |  48 | 603 |  28 |4392 |4186k|  2 |  35 |  27k|-6.287337e+08 | 8.515032e+02 |    Inf | unknown
  577s| 14000 | 13733 | 21400k|1528.6 |  1439M |  48 | 603 |  28 |4273 |4229k|  4 |  35 |  27k|-6.287337e+08 | 8.515032e+02 |    Inf | unknown
  581s| 14100 | 13827 | 21543k|1527.9 |  1447M |  48 | 603 |  28 |4209 |4265k| 19 |  35 |  27k|-6.287337e+08 | 8.515032e+02 |    Inf | unknown
  587s| 14200 | 13923 | 21697k|1528.0 |  1458M |  48 | 603 |  28 |4494 |4302k|  8 |  35 |  28k|-6.287337e+08 | 8.515032e+02 |    Inf | unknown
  590s| 14300 | 14019 | 21830k|1526.5 |  1463M |  48 | 603 |  28 |3715 |4331k|  4 |  35 |  28k|-6.287337e+08 | 8.515032e+02 |    Inf | unknown
  594s| 14400 | 14117 | 22008k|1528.4 |  1472M |  48 | 603 |  28 |3849 |4363k|  2 |  35 |  28k|-6.287337e+08 | 8.515032e+02 |    Inf | unknown
  598s| 14500 | 14217 | 22178k|1529.5 |  1481M |  48 | 603 |  27 |4337 |4400k|  6 |  35 |  28k|-6.287337e+08 | 8.515032e+02 |    Inf | unknown
  602s| 14600 | 14313 | 22316k|1528.5 |  1488M |  48 | 603 |  27 |3751 |4429k|  2 |  35 |  28k|-6.287337e+08 | 8.515032e+02 |    Inf | unknown
  607s| 14700 | 14413 | 22473k|1528.8 |  1493M |  48 | 603 |  28 |3707 |4458k|  2 |  36 |  28k|-6.287337e+08 | 8.515032e+02 |    Inf | unknown
  611s| 14800 | 14513 | 22628k|1528.9 |  1518M |  48 | 603 |  28 |4104 |4486k|  6 |  36 |  28k|-6.287337e+08 | 8.515032e+02 |    Inf | unknown
 time | node  | left  |LP iter|LP it/n|mem/heur|mdpt |vars |cons |rows |cuts |sepa|confs|strbr|  dualbound   | primalbound  |  gap   | compl. 
  615s| 14900 | 14609 | 22794k|1529.8 |  1523M |  48 | 603 |  29 |3323 |4519k|  3 |  37 |  28k|-6.287337e+08 | 8.515032e+02 |    Inf | unknown
  619s| 15000 | 14709 | 22935k|1529.0 |  1531M |  48 | 603 |  30 |4085 |4547k|  3 |  38 |  28k|-6.287337e+08 | 8.515032e+02 |    Inf | unknown
  623s| 15100 | 14809 | 23084k|1528.7 |  1538M |  48 | 603 |  31 |4150 |4576k|  2 |  39 |  28k|-6.287337e+08 | 8.515032e+02 |    Inf | unknown
  628s| 15200 | 14909 | 23250k|1529.6 |  1547M |  48 | 603 |  31 |2558 |4613k|  2 |  39 |  29k|-6.287337e+08 | 8.515032e+02 |    Inf | unknown
  632s| 15300 | 15009 | 23400k|1529.4 |  1586M |  48 | 603 |  31 |3806 |4644k|  2 |  39 |  29k|-6.287337e+08 | 8.515032e+02 |    Inf | unknown
  636s| 15400 | 15109 | 23577k|1531.0 |  1594M |  48 | 603 |  31 |3938 |4685k|  2 |  39 |  29k|-6.287337e+08 | 8.515032e+02 |    Inf | unknown
  641s| 15500 | 15209 | 23746k|1532.0 |  1601M |  48 | 603 |  31 |3669 |4722k|  2 |  39 |  29k|-6.287337e+08 | 8.515032e+02 |    Inf | unknown
  645s| 15600 | 15301 | 23896k|1531.8 |  1606M |  48 | 603 |  31 |4584 |4751k|  6 |  39 |  29k|-6.287337e+08 | 8.515032e+02 |    Inf | unknown
  649s| 15700 | 15397 | 24065k|1532.8 |  1612M |  48 | 603 |  30 |3599 |4781k|  2 |  39 |  29k|-6.287337e+08 | 8.515032e+02 |    Inf | unknown
  653s| 15800 | 15497 | 24221k|1533.0 |  1622M |  48 | 603 |  29 |3490 |4814k|  2 |  39 |  29k|-6.287337e+08 | 8.515032e+02 |    Inf | unknown
  658s| 15900 | 15591 | 24387k|1533.8 |  1631M |  48 | 603 |  29 |4580 |4846k|  2 |  39 |  29k|-6.287337e+08 | 8.515032e+02 |    Inf | unknown
  663s| 16000 | 15689 | 24565k|1535.3 |  1637M |  48 | 603 |  29 |3617 |4876k|  2 |  39 |  29k|-6.287337e+08 | 8.515032e+02 |    Inf | unknown
  667s| 16100 | 15785 | 24748k|1537.1 |  1651M |  48 | 603 |  31 |3897 |4917k|  3 |  41 |  29k|-6.287337e+08 | 8.515032e+02 |    Inf | unknown
  671s| 16200 | 15883 | 24903k|1537.3 |  1659M |  48 | 603 |  31 |3605 |4949k|  2 |  41 |  29k|-6.287337e+08 | 8.515032e+02 |    Inf | unknown
  676s| 16300 | 15983 | 25073k|1538.2 |  1669M |  48 | 603 |  32 |4220 |4984k|  3 |  42 |  29k|-6.287337e+08 | 8.515032e+02 |    Inf | unknown
 time | node  | left  |LP iter|LP it/n|mem/heur|mdpt |vars |cons |rows |cuts |sepa|confs|strbr|  dualbound   | primalbound  |  gap   | compl. 
  680s| 16400 | 16079 | 25251k|1539.7 |  1679M |  48 | 603 |  32 |4206 |5016k|  4 |  42 |  30k|-6.287337e+08 | 8.515032e+02 |    Inf | unknown
  684s| 16500 | 16179 | 25449k|1542.4 |  1693M |  48 | 603 |  33 |3489 |5051k|  3 |  44 |  30k|-6.287337e+08 | 8.515032e+02 |    Inf | unknown
  688s| 16600 | 16275 | 25619k|1543.3 |  1700M |  48 | 603 |  32 |3129 |5083k|  3 |  45 |  30k|-6.287337e+08 | 8.515032e+02 |    Inf | unknown
  693s| 16700 | 16375 | 25755k|1542.2 |  1715M |  48 | 603 |  32 |3856 |5122k|  2 |  45 |  30k|-6.287337e+08 | 8.515032e+02 |    Inf | unknown
  697s| 16800 | 16475 | 25929k|1543.4 |  1727M |  48 | 603 |  30 |4432 |5160k|  3 |  45 |  30k|-6.287337e+08 | 8.515032e+02 |    Inf | unknown
  700s| 16900 | 16575 | 26072k|1542.7 |  1734M |  48 | 603 |  28 |3748 |5189k|  2 |  45 |  30k|-6.287337e+08 | 8.515032e+02 |    Inf | unknown
  704s| 17000 | 16675 | 26236k|1543.3 |  1741M |  48 | 603 |  28 |3709 |5222k|  2 |  45 |  30k|-6.287337e+08 | 8.515032e+02 |    Inf | unknown
  707s| 17100 | 16767 | 26365k|1541.8 |  1748M |  48 | 603 |  28 |3385 |5250k|  2 |  45 |  30k|-6.287337e+08 | 8.515032e+02 |    Inf | unknown
  711s| 17200 | 16867 | 26537k|1542.9 |  1755M |  48 | 603 |  28 |4628 |5280k|  7 |  45 |  30k|-6.287337e+08 | 8.515032e+02 |    Inf | unknown
  716s| 17300 | 16963 | 26704k|1543.6 |  1763M |  48 | 603 |  28 |4072 |5320k|  3 |  46 |  31k|-6.287337e+08 | 8.515032e+02 |    Inf | unknown
  719s| 17400 | 17063 | 26852k|1543.2 |  1772M |  48 | 603 |  28 |3298 |5353k|  2 |  46 |  31k|-6.287337e+08 | 8.515032e+02 |    Inf | unknown
  724s| 17500 | 17163 | 27034k|1544.8 |  1800M |  48 | 603 |  28 |3941 |5391k|  2 |  46 |  31k|-6.287337e+08 | 8.515032e+02 |    Inf | unknown
  728s| 17600 | 17263 | 27199k|1545.4 |  1808M |  48 | 603 |  27 |3314 |5421k|  2 |  46 |  31k|-6.287337e+08 | 8.515032e+02 |    Inf | unknown
  732s| 17700 | 17363 | 27370k|1546.3 |  1816M |  48 | 603 |  26 |3759 |5453k|  2 |  46 |  31k|-6.287337e+08 | 8.515032e+02 |    Inf | unknown
  736s| 17800 | 17463 | 27566k|1548.6 |  1826M |  48 | 603 |  26 |3580 |5488k|  2 |  46 |  31k|-6.287337e+08 | 8.515032e+02 |    Inf | unknown
 time | node  | left  |LP iter|LP it/n|mem/heur|mdpt |vars |cons |rows |cuts |sepa|confs|strbr|  dualbound   | primalbound  |  gap   | compl. 
  740s| 17900 | 17557 | 27754k|1550.5 |  1839M |  48 | 603 |  26 |3943 |5527k|  2 |  46 |  31k|-6.287337e+08 | 8.515032e+02 |    Inf | unknown
  744s| 18000 | 17655 | 27930k|1551.7 |  1851M |  48 | 603 |  25 |4145 |5566k|  2 |  46 |  31k|-6.287337e+08 | 8.515032e+02 |    Inf | unknown
  748s| 18100 | 17749 | 28117k|1553.4 |  1859M |  48 | 603 |  25 |4114 |5604k|  2 |  46 |  31k|-6.287337e+08 | 8.515032e+02 |    Inf | unknown
  753s| 18200 | 17849 | 28278k|1553.7 |  1904M |  48 | 603 |  25 |3745 |5636k|  2 |  46 |  31k|-6.287337e+08 | 8.515032e+02 |    Inf | unknown
  759s| 18300 | 17949 | 28443k|1554.3 |  1912M |  48 | 603 |  25 |4640 |5667k|  6 |  46 |  32k|-6.287337e+08 | 8.515032e+02 |    Inf | unknown
  763s| 18400 | 18049 | 28626k|1555.7 |  1921M |  48 | 603 |  25 |4603 |5703k|  2 |  46 |  32k|-6.287337e+08 | 8.515032e+02 |    Inf | unknown
  768s| 18500 | 18147 | 28791k|1556.3 |  1927M |  48 | 603 |  26 |4265 |5733k|  3 |  47 |  32k|-6.287337e+08 | 8.515032e+02 |    Inf | unknown
  773s| 18600 | 18245 | 28961k|1557.1 |  1934M |  48 | 603 |  25 |3528 |5768k|  0 |  47 |  32k|-6.287337e+08 | 8.515032e+02 |    Inf | unknown
  777s| 18700 | 18345 | 29115k|1557.0 |  1940M |  48 | 603 |  27 |4150 |5803k|  3 |  50 |  32k|-6.287337e+08 | 8.515032e+02 |    Inf | unknown
  781s| 18800 | 18445 | 29277k|1557.3 |  1949M |  48 | 603 |  26 |4872 |5837k|  8 |  50 |  32k|-6.287337e+08 | 8.515032e+02 |    Inf | unknown
  785s| 18900 | 18545 | 29436k|1557.5 |  1958M |  48 | 603 |  26 |3857 |5872k|  2 |  50 |  32k|-6.287337e+08 | 8.515032e+02 |    Inf | unknown
  789s| 19000 | 18643 | 29611k|1558.5 |  1965M |  48 | 603 |  25 |3603 |5898k|  4 |  50 |  32k|-6.287337e+08 | 8.515032e+02 |    Inf | unknown
  793s| 19100 | 18743 | 29780k|1559.2 |  1972M |  48 | 603 |  24 |3783 |5926k|  2 |  51 |  32k|-6.287337e+08 | 8.515032e+02 |    Inf | unknown
  797s| 19200 | 18841 | 29954k|1560.1 |  1979M |  48 | 603 |  24 |3600 |5958k|  2 |  51 |  32k|-6.287337e+08 | 8.515032e+02 |    Inf | unknown
  802s| 19300 | 18941 | 30117k|1560.5 |  1990M |  48 | 603 |  23 |4106 |5995k|  2 |  51 |  32k|-6.287337e+08 | 8.515032e+02 |    Inf | unknown
 time | node  | left  |LP iter|LP it/n|mem/heur|mdpt |vars |cons |rows |cuts |sepa|confs|strbr|  dualbound   | primalbound  |  gap   | compl. 
  806s| 19400 | 19039 | 30295k|1561.6 |  2006M |  48 | 603 |  23 |4216 |6028k|  2 |  51 |  33k|-6.287337e+08 | 8.515032e+02 |    Inf | unknown
  810s| 19500 | 19139 | 30465k|1562.3 |  2015M |  48 | 603 |  23 |4377 |6063k|  3 |  51 |  33k|-6.287337e+08 | 8.515032e+02 |    Inf | unknown
  815s| 19600 | 19239 | 30615k|1562.0 |  2022M |  48 | 603 |  23 |3244 |6090k|  2 |  51 |  33k|-6.287337e+08 | 8.515032e+02 |    Inf | unknown
  819s| 19700 | 19339 | 30793k|1563.1 |  2031M |  48 | 603 |  23 |3669 |6128k|  3 |  51 |  33k|-6.287337e+08 | 8.515032e+02 |    Inf | unknown
  823s| 19800 | 19437 | 30951k|1563.2 |  2041M |  48 | 603 |  24 |4039 |6160k|  2 |  52 |  33k|-6.287337e+08 | 8.515032e+02 |    Inf | unknown
  827s| 19900 | 19535 | 31110k|1563.3 |  2050M |  48 | 603 |  24 |4332 |6196k| 24 |  52 |  33k|-6.287337e+08 | 8.515032e+02 |    Inf | unknown
  831s| 20000 | 19635 | 31256k|1562.8 |  2055M |  48 | 603 |  26 |3908 |6228k|  3 |  54 |  33k|-6.287337e+08 | 8.515032e+02 |    Inf | unknown
  834s| 20100 | 19733 | 31395k|1562.0 |  2062M |  48 | 603 |  27 |3902 |6252k|  2 |  56 |  33k|-6.287337e+08 | 8.515032e+02 |    Inf | unknown
  839s| 20200 | 19833 | 31567k|1562.7 |  2070M |  48 | 603 |  28 |4087 |6285k|  2 |  57 |  33k|-6.287337e+08 | 8.515032e+02 |    Inf | unknown
  843s| 20300 | 19933 | 31720k|1562.6 |  2076M |  48 | 603 |  28 |3654 |6316k|  2 |  57 |  33k|-6.287337e+08 | 8.515032e+02 |    Inf | unknown
  847s| 20400 | 20029 | 31874k|1562.5 |  2083M |  48 | 603 |  28 |4897 |6347k|  2 |  58 |  34k|-6.287337e+08 | 8.515032e+02 |    Inf | unknown
  851s| 20500 | 20129 | 32027k|1562.3 |  2093M |  48 | 603 |  28 |4044 |6381k|  4 |  58 |  34k|-6.287337e+08 | 8.515032e+02 |    Inf | unknown
  856s| 20600 | 20225 | 32179k|1562.1 |  2102M |  48 | 603 |  28 |4215 |6414k|  2 |  58 |  34k|-6.287337e+08 | 8.515032e+02 |    Inf | unknown
  861s| 20700 | 20323 | 32347k|1562.6 |  2129M |  48 | 603 |  27 |3057 |6444k|  3 |  59 |  34k|-6.287337e+08 | 8.515032e+02 |    Inf | unknown
  864s| 20800 | 20421 | 32483k|1561.7 |  2138M |  48 | 603 |  27 |4771 |6474k|  7 |  59 |  34k|-6.287337e+08 | 8.515032e+02 |    Inf | unknown
 time | node  | left  |LP iter|LP it/n|mem/heur|mdpt |vars |cons |rows |cuts |sepa|confs|strbr|  dualbound   | primalbound  |  gap   | compl. 
  869s| 20900 | 20521 | 32633k|1561.4 |  2145M |  48 | 603 |  27 |4608 |6506k|  2 |  59 |  34k|-6.287337e+08 | 8.515032e+02 |    Inf | unknown
  873s| 21000 | 20619 | 32794k|1561.6 |  2154M |  48 | 603 |  26 |4389 |6545k|  3 |  59 |  34k|-6.287337e+08 | 8.515032e+02 |    Inf | unknown
  876s| 21100 | 20717 | 32946k|1561.4 |  2161M |  48 | 603 |  26 |4617 |6574k|  8 |  59 |  34k|-6.287337e+08 | 8.515032e+02 |    Inf | unknown
  881s| 21200 | 20815 | 33133k|1562.9 |  2171M |  48 | 603 |  25 |4542 |6615k| 21 |  59 |  34k|-6.287337e+08 | 8.515032e+02 |    Inf | unknown
  885s| 21300 | 20913 | 33292k|1563.0 |  2178M |  48 | 603 |  25 |3929 |6646k|  3 |  59 |  34k|-6.287337e+08 | 8.515032e+02 |    Inf | unknown
  890s| 21400 | 21013 | 33453k|1563.3 |  2231M |  48 | 603 |  25 |3935 |6682k|  2 |  59 |  34k|-6.287337e+08 | 8.515032e+02 |    Inf | unknown
  895s| 21500 | 21111 | 33624k|1563.9 |  2241M |  48 | 603 |  26 |4070 |6719k|  2 |  60 |  34k|-6.287337e+08 | 8.515032e+02 |    Inf | unknown
  899s| 21600 | 21199 | 33795k|1564.6 |  2248M |  48 | 603 |  25 |4632 |6753k|  3 |  60 |  35k|-6.287337e+08 | 8.515032e+02 |    Inf | unknown
  904s| 21700 | 21299 | 33961k|1565.0 |  2255M |  48 | 603 |  24 |3566 |6796k|  3 |  60 |  35k|-6.287337e+08 | 8.515032e+02 |    Inf | unknown
  908s| 21800 | 21399 | 34135k|1565.8 |  2263M |  48 | 603 |  25 |3918 |6828k|  2 |  61 |  35k|-6.287337e+08 | 8.515032e+02 |    Inf | unknown
  914s| 21900 | 21499 | 34312k|1566.8 |  2270M |  48 | 603 |  25 |4565 |6870k|  3 |  61 |  35k|-6.287337e+08 | 8.515032e+02 |    Inf | unknown
  918s| 22000 | 21597 | 34490k|1567.7 |  2279M |  48 | 603 |  25 |3763 |6900k|  2 |  62 |  35k|-6.287337e+08 | 8.515032e+02 |    Inf | unknown
  922s| 22100 | 21695 | 34660k|1568.3 |  2286M |  48 | 603 |  25 |4452 |6934k|  4 |  62 |  35k|-6.287337e+08 | 8.515032e+02 |    Inf | unknown
  927s| 22200 | 21795 | 34813k|1568.2 |  2293M |  48 | 603 |  25 |3962 |6966k|  2 |  62 |  35k|-6.287337e+08 | 8.515032e+02 |    Inf | unknown
  931s| 22300 | 21887 | 34992k|1569.1 |  2301M |  48 | 603 |  25 |4168 |7001k|  4 |  62 |  35k|-6.287337e+08 | 8.515032e+02 |    Inf | unknown
 time | node  | left  |LP iter|LP it/n|mem/heur|mdpt |vars |cons |rows |cuts |sepa|confs|strbr|  dualbound   | primalbound  |  gap   | compl. 
  936s| 22400 | 21987 | 35174k|1570.3 |  2311M |  48 | 603 |  25 |4259 |7043k|  2 |  62 |  35k|-6.287337e+08 | 8.515032e+02 |    Inf | unknown
  941s| 22500 | 22087 | 35372k|1572.1 |  2319M |  48 | 603 |  25 |3627 |7079k|  5 |  62 |  35k|-6.287337e+08 | 8.515032e+02 |    Inf | unknown
  946s| 22600 | 22187 | 35524k|1571.8 |  2327M |  48 | 603 |  24 |3642 |7115k|  3 |  62 |  36k|-6.287337e+08 | 8.515032e+02 |    Inf | unknown
  950s| 22700 | 22287 | 35687k|1572.1 |  2335M |  48 | 603 |  25 |3950 |7152k|  2 |  63 |  36k|-6.287337e+08 | 8.515032e+02 |    Inf | unknown
  956s| 22800 | 22385 | 35863k|1573.0 |  2346M |  48 | 603 |  25 |4183 |7186k|  5 |  64 |  36k|-6.287337e+08 | 8.515032e+02 |    Inf | unknown
  960s| 22900 | 22481 | 36010k|1572.5 |  2351M |  48 | 603 |  24 |4072 |7221k|  2 |  64 |  36k|-6.287337e+08 | 8.515032e+02 |    Inf | unknown
  965s| 23000 | 22577 | 36196k|1573.7 |  2362M |  48 | 603 |  25 |3917 |7254k|  2 |  65 |  36k|-6.287337e+08 | 8.515032e+02 |    Inf | unknown
  971s| 23100 | 22677 | 36364k|1574.2 |  2372M |  48 | 603 |  24 |4286 |7290k|  5 |  65 |  36k|-6.287337e+08 | 8.515032e+02 |    Inf | unknown
  975s| 23200 | 22773 | 36519k|1574.1 |  2377M |  48 | 603 |  25 |3319 |7320k|  2 |  66 |  36k|-6.287337e+08 | 8.515032e+02 |    Inf | unknown
  979s| 23300 | 22873 | 36681k|1574.3 |  2384M |  48 | 603 |  24 |3901 |7351k|  4 |  66 |  36k|-6.287337e+08 | 8.515032e+02 |    Inf | unknown
  984s| 23400 | 22973 | 36867k|1575.5 |  2391M |  48 | 603 |  25 |4867 |7385k|  8 |  67 |  36k|-6.287337e+08 | 8.515032e+02 |    Inf | unknown
  989s| 23500 | 23073 | 37016k|1575.2 |  2399M |  48 | 603 |  25 |4151 |7415k|  2 |  67 |  36k|-6.287337e+08 | 8.515032e+02 |    Inf | unknown
  993s| 23600 | 23169 | 37175k|1575.2 |  2408M |  48 | 603 |  23 |3913 |7450k|  2 |  67 |  36k|-6.287337e+08 | 8.515032e+02 |    Inf | unknown
  999s| 23700 | 23269 | 37323k|1574.8 |  2416M |  48 | 603 |  22 |3928 |7488k|  2 |  67 |  36k|-6.287337e+08 | 8.515032e+02 |    Inf | unknown
 1003s| 23800 | 23369 | 37476k|1574.6 |  2426M |  48 | 603 |  23 |3997 |7520k|  2 |  68 |  37k|-6.287337e+08 | 8.515032e+02 |    Inf | unknown
 time | node  | left  |LP iter|LP it/n|mem/heur|mdpt |vars |cons |rows |cuts |sepa|confs|strbr|  dualbound   | primalbound  |  gap   | compl. 
 1008s| 23900 | 23467 | 37645k|1575.1 |  2433M |  48 | 603 |  24 |3970 |7557k|  2 |  69 |  37k|-6.287337e+08 | 8.515032e+02 |    Inf | unknown
 1013s| 24000 | 23565 | 37791k|1574.6 |  2439M |  48 | 603 |  25 |3729 |7588k|  2 |  70 |  37k|-6.287337e+08 | 8.515032e+02 |    Inf | unknown
 1018s| 24100 | 23661 | 37954k|1574.9 |  2448M |  48 | 603 |  25 |4229 |7615k|  2 |  70 |  37k|-6.287337e+08 | 8.515032e+02 |    Inf | unknown
 1023s| 24200 | 23759 | 38131k|1575.7 |  2458M |  48 | 603 |  22 |3556 |7653k|  2 |  70 |  37k|-6.287337e+08 | 8.515032e+02 |    Inf | unknown
 1028s| 24300 | 23859 | 38306k|1576.4 |  2463M |  48 | 603 |  22 |3580 |7681k|  2 |  70 |  37k|-6.287337e+08 | 8.515032e+02 |    Inf | unknown
 1033s| 24400 | 23959 | 38502k|1577.9 |  2470M |  48 | 603 |  22 |4107 |7720k|  2 |  71 |  37k|-6.287337e+08 | 8.515032e+02 |    Inf | unknown
 1038s| 24500 | 24059 | 38673k|1578.5 |  2507M |  48 | 603 |  22 |3768 |7753k|  2 |  71 |  37k|-6.287337e+08 | 8.515032e+02 |    Inf | unknown
 1042s| 24600 | 24157 | 38848k|1579.2 |  2518M |  48 | 603 |  21 |4154 |7793k|  2 |  71 |  37k|-6.287337e+08 | 8.515032e+02 |    Inf | unknown
 1047s| 24700 | 24251 | 39004k|1579.1 |  2526M |  48 | 603 |  20 |4158 |7830k|  4 |  71 |  37k|-6.287337e+08 | 8.515032e+02 |    Inf | unknown
 1053s| 24800 | 24349 | 39172k|1579.5 |  2536M |  48 | 603 |  21 |4088 |7863k|  2 |  72 |  38k|-6.287337e+08 | 8.515032e+02 |    Inf | unknown
 1057s| 24900 | 24449 | 39350k|1580.3 |  2545M |  48 | 603 |  20 |4421 |7900k|  5 |  72 |  38k|-6.287337e+08 | 8.515032e+02 |    Inf | unknown
 1062s| 25000 | 24549 | 39535k|1581.4 |  2553M |  48 | 603 |  20 |4066 |7936k|  5 |  72 |  38k|-6.287337e+08 | 8.515032e+02 |    Inf | unknown
 1068s| 25100 | 24649 | 39721k|1582.5 |  2562M |  48 | 603 |  20 |4055 |7974k|  2 |  72 |  38k|-6.287337e+08 | 8.515032e+02 |    Inf | unknown
 1071s| 25200 | 24749 | 39863k|1581.9 |  2569M |  48 | 603 |  20 |4191 |8002k|  3 |  72 |  38k|-6.287337e+08 | 8.515032e+02 |    Inf | unknown
 1076s| 25300 | 24847 | 40040k|1582.6 |  2631M |  48 | 603 |  21 |3118 |8041k|  3 |  73 |  38k|-6.287337e+08 | 8.515032e+02 |    Inf | unknown
 time | node  | left  |LP iter|LP it/n|mem/heur|mdpt |vars |cons |rows |cuts |sepa|confs|strbr|  dualbound   | primalbound  |  gap   | compl. 
 1080s| 25400 | 24945 | 40191k|1582.3 |  2640M |  48 | 603 |  21 |3858 |8071k|  2 |  73 |  38k|-6.287337e+08 | 8.515032e+02 |    Inf | unknown
 1084s| 25500 | 25045 | 40357k|1582.6 |  2645M |  48 | 603 |  21 |4238 |8105k|  2 |  73 |  38k|-6.287337e+08 | 8.515032e+02 |    Inf | unknown
 1089s| 25600 | 25143 | 40565k|1584.6 |  2657M |  48 | 603 |  21 |3774 |8144k|  2 |  73 |  38k|-6.287337e+08 | 8.515032e+02 |    Inf | unknown
 1094s| 25700 | 25243 | 40753k|1585.7 |  2665M |  48 | 603 |  21 |4355 |8185k|  2 |  73 |  38k|-6.287337e+08 | 8.515032e+02 |    Inf | unknown
 1098s| 25800 | 25343 | 40916k|1585.9 |  2674M |  48 | 603 |  21 |4583 |8219k|  2 |  73 |  38k|-6.287337e+08 | 8.515032e+02 |    Inf | unknown
 1103s| 25900 | 25441 | 41078k|1586.0 |  2678M |  48 | 603 |  21 |3363 |8252k|  2 |  73 |  38k|-6.287337e+08 | 8.515032e+02 |    Inf | unknown
 1107s| 26000 | 25541 | 41258k|1586.9 |  2686M |  48 | 603 |  22 |4007 |8284k|  4 |  74 |  39k|-6.287337e+08 | 8.515032e+02 |    Inf | unknown
 1111s| 26100 | 25641 | 41430k|1587.4 |  2694M |  48 | 603 |  22 |4599 |8322k|  6 |  74 |  39k|-6.287337e+08 | 8.515032e+02 |    Inf | unknown
 1115s| 26200 | 25741 | 41577k|1586.9 |  2702M |  48 | 603 |  22 |3830 |8352k|  2 |  74 |  39k|-6.287337e+08 | 8.515032e+02 |    Inf | unknown
 1120s| 26300 | 25839 | 41771k|1588.2 |  2710M |  48 | 603 |  22 |3659 |8390k|  3 |  75 |  39k|-6.287337e+08 | 8.515032e+02 |    Inf | unknown
 1124s| 26400 | 25939 | 41950k|1589.0 |  2718M |  48 | 603 |  21 |4064 |8429k|  2 |  75 |  39k|-6.287337e+08 | 8.515032e+02 |    Inf | unknown
 1129s| 26500 | 26039 | 42119k|1589.4 |  2724M |  48 | 603 |  21 |3738 |8465k|  2 |  75 |  39k|-6.287337e+08 | 8.515032e+02 |    Inf | unknown
 1134s| 26600 | 26139 | 42291k|1589.9 |  2735M |  48 | 603 |  21 |5044 |8501k|  3 |  76 |  39k|-6.287337e+08 | 8.515032e+02 |    Inf | unknown
 1138s| 26700 | 26233 | 42441k|1589.6 |  2744M |  48 | 603 |  21 |4030 |8539k|  4 |  76 |  39k|-6.287337e+08 | 8.515032e+02 |    Inf | unknown
 1142s| 26800 | 26329 | 42612k|1590.0 |  2753M |  48 | 603 |  20 |3538 |8570k|  3 |  76 |  39k|-6.287337e+08 | 8.515032e+02 |    Inf | unknown
 time | node  | left  |LP iter|LP it/n|mem/heur|mdpt |vars |cons |rows |cuts |sepa|confs|strbr|  dualbound   | primalbound  |  gap   | compl. 
 1147s| 26900 | 26429 | 42799k|1591.1 |  2768M |  48 | 603 |  24 |3846 |8604k|  2 |  80 |  39k|-6.287337e+08 | 8.515032e+02 |    Inf | unknown
 1152s| 27000 | 26529 | 42988k|1592.2 |  2776M |  48 | 603 |  26 |4117 |8636k|  5 |  82 |  39k|-6.287337e+08 | 8.515032e+02 |    Inf | unknown
 1156s| 27100 | 26629 | 43154k|1592.4 |  2785M |  48 | 603 |  26 |3727 |8671k|  3 |  82 |  40k|-6.287337e+08 | 8.515032e+02 |    Inf | unknown
 1159s| 27200 | 26729 | 43332k|1593.1 |  2792M |  48 | 603 |  26 |4080 |8704k|  3 |  82 |  40k|-6.287337e+08 | 8.515032e+02 |    Inf | unknown
 1163s| 27300 | 26829 | 43504k|1593.6 |  2798M |  48 | 603 |  25 |3471 |8742k|  2 |  82 |  40k|-6.287337e+08 | 8.515032e+02 |    Inf | unknown
 1168s| 27400 | 26927 | 43681k|1594.2 |  2803M |  48 | 603 |  25 |3772 |8774k|  2 |  82 |  40k|-6.287337e+08 | 8.515032e+02 |    Inf | unknown
 1172s| 27500 | 27027 | 43833k|1593.9 |  2813M |  48 | 603 |  24 |3936 |8806k|  2 |  82 |  40k|-6.287337e+08 | 8.515032e+02 |    Inf | unknown
 1176s| 27600 | 27125 | 43996k|1594.1 |  2823M |  48 | 603 |  24 |4762 |8839k|  5 |  82 |  40k|-6.287337e+08 | 8.515032e+02 |    Inf | unknown
 1181s| 27700 | 27225 | 44133k|1593.3 |  2831M |  48 | 603 |  24 |3170 |8872k|  2 |  83 |  40k|-6.287337e+08 | 8.515032e+02 |    Inf | unknown
 1185s| 27800 | 27323 | 44303k|1593.6 |  2838M |  48 | 603 |  24 |4213 |8899k|  6 |  83 |  40k|-6.287337e+08 | 8.515032e+02 |    Inf | unknown
 1190s| 27900 | 27423 | 44459k|1593.5 |  2846M |  48 | 603 |  26 |4346 |8934k|  6 |  85 |  40k|-6.287337e+08 | 8.515032e+02 |    Inf | unknown
 1195s| 28000 | 27523 | 44651k|1594.7 |  2855M |  48 | 603 |  27 |2594 |8977k|  2 |  86 |  40k|-6.287337e+08 | 8.515032e+02 |    Inf | unknown
 1199s| 28100 | 27623 | 44811k|1594.7 |  2863M |  48 | 603 |  27 |3942 |9011k|  2 |  86 |  40k|-6.287337e+08 | 8.515032e+02 |    Inf | unknown
 1204s| 28200 | 27723 | 44986k|1595.2 |  2871M |  48 | 603 |  27 |4084 |9048k|  2 |  86 |  40k|-6.287337e+08 | 8.515032e+02 |    Inf | unknown
 1209s| 28300 | 27821 | 45155k|1595.6 |  2875M |  48 | 603 |  26 |3480 |9076k|  2 |  86 |  40k|-6.287337e+08 | 8.515032e+02 |    Inf | unknown
 time | node  | left  |LP iter|LP it/n|mem/heur|mdpt |vars |cons |rows |cuts |sepa|confs|strbr|  dualbound   | primalbound  |  gap   | compl. 
 1213s| 28400 | 27921 | 45313k|1595.5 |  2881M |  48 | 603 |  25 |4033 |9105k|  3 |  86 |  41k|-6.287337e+08 | 8.515032e+02 |    Inf | unknown
 1217s| 28500 | 28019 | 45493k|1596.2 |  2887M |  48 | 603 |  25 |3923 |9138k|  2 |  86 |  41k|-6.287337e+08 | 8.515032e+02 |    Inf | unknown
 1221s| 28600 | 28119 | 45667k|1596.7 |  2896M |  48 | 603 |  26 |4119 |9174k|  5 |  87 |  41k|-6.287337e+08 | 8.515032e+02 |    Inf | unknown
 1226s| 28700 | 28219 | 45824k|1596.7 |  2907M |  48 | 603 |  27 |4250 |9205k|  2 |  88 |  41k|-6.287337e+08 | 8.515032e+02 |    Inf | unknown
 1231s| 28800 | 28315 | 46002k|1597.3 |  2915M |  48 | 603 |  27 |3818 |9240k|  4 |  88 |  41k|-6.287337e+08 | 8.515032e+02 |    Inf | unknown
 1236s| 28900 | 28415 | 46169k|1597.5 |  2926M |  48 | 603 |  26 |3683 |9271k|  2 |  88 |  41k|-6.287337e+08 | 8.515032e+02 |    Inf | unknown
 1240s| 29000 | 28511 | 46335k|1597.8 |  2966M |  48 | 603 |  26 |3933 |9305k|  2 |  88 |  41k|-6.287337e+08 | 8.515032e+02 |    Inf | unknown
 1245s| 29100 | 28611 | 46488k|1597.5 |  2974M |  48 | 603 |  26 |3364 |9339k|  2 |  88 |  41k|-6.287337e+08 | 8.515032e+02 |    Inf | unknown
 1249s| 29200 | 28709 | 46660k|1597.9 |  2980M |  48 | 603 |  26 |3909 |9368k|  2 |  88 |  41k|-6.287337e+08 | 8.515032e+02 |    Inf | unknown
 1253s| 29300 | 28805 | 46806k|1597.5 |  2988M |  48 | 603 |  26 |4605 |9400k|  5 |  88 |  41k|-6.287337e+08 | 8.515032e+02 |    Inf | unknown
 1257s| 29400 | 28903 | 46969k|1597.6 |  2996M |  48 | 603 |  27 |4286 |9433k|  4 |  89 |  41k|-6.287337e+08 | 8.515032e+02 |    Inf | unknown
 1262s| 29500 | 29003 | 47130k|1597.6 |  3011M |  48 | 603 |  28 |2750 |9473k|  2 |  90 |  41k|-6.287337e+08 | 8.515032e+02 |    Inf | unknown
 1267s| 29600 | 29099 | 47270k|1597.0 |  3017M |  48 | 603 |  29 |4006 |9503k|  2 |  91 |  41k|-6.287337e+08 | 8.515032e+02 |    Inf | unknown
 1272s| 29700 | 29195 | 47447k|1597.5 |  3027M |  48 | 603 |  29 |3615 |9535k|  3 |  91 |  42k|-6.287337e+08 | 8.515032e+02 |    Inf | unknown
 1277s| 29800 | 29295 | 47613k|1597.7 |  3036M |  48 | 603 |  29 |3847 |9569k|  2 |  91 |  42k|-6.287337e+08 | 8.515032e+02 |    Inf | unknown
 time | node  | left  |LP iter|LP it/n|mem/heur|mdpt |vars |cons |rows |cuts |sepa|confs|strbr|  dualbound   | primalbound  |  gap   | compl. 
 1282s| 29900 | 29393 | 47801k|1598.7 |  3047M |  48 | 603 |  28 |5116 |9609k| 12 |  91 |  42k|-6.287337e+08 | 8.515032e+02 |    Inf | unknown
 1286s| 30000 | 29491 | 47940k|1598.0 |  3055M |  48 | 603 |  28 |4624 |9640k|  2 |  91 |  42k|-6.287337e+08 | 8.515032e+02 |    Inf | unknown
 1291s| 30100 | 29591 | 48093k|1597.8 |  3131M |  48 | 603 |  27 |4030 |9668k|  2 |  92 |  42k|-6.287337e+08 | 8.515032e+02 |    Inf | unknown
 1295s| 30200 | 29687 | 48256k|1597.9 |  3139M |  48 | 603 |  27 |4293 |9701k|  2 |  92 |  42k|-6.287337e+08 | 8.515032e+02 |    Inf | unknown
 1299s| 30300 | 29787 | 48429k|1598.3 |  3149M |  48 | 603 |  27 |3101 |9732k|  2 |  92 |  42k|-6.287337e+08 | 8.515032e+02 |    Inf | unknown
 1303s| 30400 | 29885 | 48602k|1598.8 |  3155M |  48 | 603 |  27 |3007 |9769k|  3 |  92 |  42k|-6.287337e+08 | 8.515032e+02 |    Inf | unknown
 1307s| 30500 | 29985 | 48770k|1599.0 |  3162M |  48 | 603 |  30 |4541 |9800k|  4 |  95 |  42k|-6.287337e+08 | 8.515032e+02 |    Inf | unknown
 1311s| 30600 | 30081 | 48945k|1599.5 |  3169M |  48 | 603 |  30 |4070 |9838k|  2 |  95 |  42k|-6.287337e+08 | 8.515032e+02 |    Inf | unknown
 1316s| 30700 | 30177 | 49135k|1600.5 |  3179M |  48 | 603 |  29 |4252 |9877k|  5 |  95 |  42k|-6.287337e+08 | 8.515032e+02 |    Inf | unknown
 1321s| 30800 | 30273 | 49313k|1601.1 |  3186M |  48 | 603 |  28 |4041 |9914k|  2 |  95 |  42k|-6.287337e+08 | 8.515032e+02 |    Inf | unknown
 1325s| 30900 | 30373 | 49463k|1600.7 |  3194M |  48 | 603 |  28 |3957 |9947k|  3 |  95 |  43k|-6.287337e+08 | 8.515032e+02 |    Inf | unknown
 1330s| 31000 | 30473 | 49602k|1600.1 |  3203M |  48 | 603 |  28 |4312 |9984k|  6 |  95 |  43k|-6.287337e+08 | 8.515032e+02 |    Inf | unknown
 1334s| 31100 | 30567 | 49766k|1600.2 |  3211M |  48 | 603 |  28 |3954 |  10M|  2 |  95 |  43k|-6.287337e+08 | 8.515032e+02 |    Inf | unknown
 1338s| 31200 | 30661 | 49932k|1600.4 |  3217M |  48 | 603 |  27 |4238 |  10M|  2 |  95 |  43k|-6.287337e+08 | 8.515032e+02 |    Inf | unknown
 1345s| 31300 | 30759 | 50113k|1601.0 |  3227M |  48 | 603 |  27 |4221 |  10M|  2 |  95 |  43k|-6.287337e+08 | 8.515032e+02 |    Inf | unknown
 time | node  | left  |LP iter|LP it/n|mem/heur|mdpt |vars |cons |rows |cuts |sepa|confs|strbr|  dualbound   | primalbound  |  gap   | compl. 
 1351s| 31400 | 30853 | 50287k|1601.5 |  3235M |  48 | 603 |  27 |4161 |  10M|  2 |  95 |  43k|-6.287337e+08 | 8.515032e+02 |    Inf | unknown
 1356s| 31500 | 30949 | 50452k|1601.6 |  3246M |  48 | 603 |  27 |3453 |  10M|  3 |  95 |  43k|-6.287337e+08 | 8.515032e+02 |    Inf | unknown
 1360s| 31600 | 31049 | 50610k|1601.6 |  3257M |  48 | 603 |  28 |4031 |  10M|  3 |  96 |  43k|-6.287337e+08 | 8.515032e+02 |    Inf | unknown
 1364s| 31700 | 31147 | 50790k|1602.2 |  3267M |  48 | 603 |  28 |2769 |  10M|  3 |  96 |  43k|-6.287337e+08 | 8.515032e+02 |    Inf | unknown
 1370s| 31800 | 31247 | 50962k|1602.6 |  3274M |  48 | 603 |  29 |3989 |  10M|  1 |  97 |  43k|-6.287337e+08 | 8.515032e+02 |    Inf | unknown
 1374s| 31900 | 31347 | 51137k|1603.0 |  3282M |  48 | 603 |  30 |3979 |  10M|  2 |  98 |  43k|-6.287337e+08 | 8.515032e+02 |    Inf | unknown
 1378s| 32000 | 31447 | 51283k|1602.6 |  3289M |  48 | 603 |  30 |3618 |  10M|  3 |  98 |  43k|-6.287337e+08 | 8.515032e+02 |    Inf | unknown
 1383s| 32100 | 31545 | 51460k|1603.1 |  3298M |  48 | 603 |  32 |4277 |  10M|  2 | 100 |  43k|-6.287337e+08 | 8.515032e+02 |    Inf | unknown
 1388s| 32200 | 31645 | 51614k|1602.9 |  3304M |  48 | 603 |  32 |4262 |  10M|  2 | 100 |  44k|-6.287337e+08 | 8.515032e+02 |    Inf | unknown
 1393s| 32300 | 31745 | 51772k|1602.8 |  3312M |  48 | 603 |  30 |3858 |  10M|  2 | 100 |  44k|-6.287337e+08 | 8.515032e+02 |    Inf | unknown
 1398s| 32400 | 31845 | 51954k|1603.5 |  3322M |  48 | 603 |  29 |4080 |  10M|  5 | 100 |  44k|-6.287337e+08 | 8.515032e+02 |    Inf | unknown
 1403s| 32500 | 31941 | 52126k|1603.9 |  3330M |  48 | 603 |  29 |3863 |  10M|  2 | 100 |  44k|-6.287337e+08 | 8.515032e+02 |    Inf | unknown
 1408s| 32600 | 32039 | 52304k|1604.4 |  3340M |  48 | 603 |  29 |3706 |  10M|  0 | 100 |  44k|-6.287337e+08 | 8.515032e+02 |    Inf | unknown
 1413s| 32700 | 32133 | 52481k|1604.9 |  3351M |  48 | 603 |  29 |4640 |  10M|  8 | 100 |  44k|-6.287337e+08 | 8.515032e+02 |    Inf | unknown
 1418s| 32800 | 32229 | 52645k|1605.0 |  3360M |  49 | 603 |  29 |3726 |  10M|  2 | 100 |  44k|-6.287337e+08 | 8.515032e+02 |    Inf | unknown
 time | node  | left  |LP iter|LP it/n|mem/heur|mdpt |vars |cons |rows |cuts |sepa|confs|strbr|  dualbound   | primalbound  |  gap   | compl. 
 1424s| 32900 | 32329 | 52815k|1605.3 |  3367M |  49 | 603 |  30 |3918 |  10M|  2 | 101 |  44k|-6.287337e+08 | 8.515032e+02 |    Inf | unknown
 1429s| 33000 | 32427 | 52981k|1605.5 |  3374M |  49 | 603 |  30 |4181 |  10M|  2 | 101 |  44k|-6.287337e+08 | 8.515032e+02 |    Inf | unknown
 1433s| 33100 | 32525 | 53141k|1605.5 |  3381M |  49 | 603 |  30 |3675 |  10M|  2 | 101 |  44k|-6.287337e+08 | 8.515032e+02 |    Inf | unknown
 1436s| 33200 | 32625 | 53299k|1605.4 |  3386M |  49 | 603 |  30 |3796 |  10M|  2 | 101 |  44k|-6.287337e+08 | 8.515032e+02 |    Inf | unknown
 1440s| 33300 | 32725 | 53487k|1606.2 |  3392M |  49 | 603 |  30 |3734 |  10M|  2 | 101 |  44k|-6.287337e+08 | 8.515032e+02 |    Inf | unknown
 1444s| 33400 | 32825 | 53647k|1606.2 |  3398M |  49 | 603 |  30 |4008 |  10M|  2 | 101 |  44k|-6.287337e+08 | 8.515032e+02 |    Inf | unknown
 1449s| 33500 | 32925 | 53836k|1607.0 |  3405M |  49 | 603 |  30 |4010 |  10M|  3 | 101 |  44k|-6.287337e+08 | 8.515032e+02 |    Inf | unknown
 1453s| 33600 | 33025 | 54017k|1607.6 |  3409M |  49 | 603 |  30 |3415 |  10M|  2 | 101 |  44k|-6.287337e+08 | 8.515032e+02 |    Inf | unknown
 1457s| 33700 | 33125 | 54192k|1608.1 |  3417M |  49 | 603 |  29 |4055 |  10M|  2 | 101 |  45k|-6.287337e+08 | 8.515032e+02 |    Inf | unknown
 1462s| 33800 | 33225 | 54357k|1608.2 |  3428M |  49 | 603 |  29 |4629 |  10M|  9 | 101 |  45k|-6.287337e+08 | 8.515032e+02 |    Inf | unknown
 1467s| 33900 | 33325 | 54519k|1608.2 |  3439M |  49 | 603 |  29 |4240 |  10M| 37 | 101 |  45k|-6.287337e+08 | 8.515032e+02 |    Inf | unknown
 1471s| 34000 | 33421 | 54677k|1608.2 |  3446M |  49 | 603 |  30 |4686 |  11M| 10 | 102 |  45k|-6.287337e+08 | 8.515032e+02 |    Inf | unknown
 1477s| 34100 | 33521 | 54828k|1607.9 |  3456M |  49 | 603 |  31 |4208 |  11M|  2 | 103 |  45k|-6.287337e+08 | 8.515032e+02 |    Inf | unknown
 1482s| 34200 | 33621 | 55005k|1608.3 |  3464M |  49 | 603 |  30 |4060 |  11M|  2 | 103 |  45k|-6.287337e+08 | 8.515032e+02 |    Inf | unknown
 1486s| 34300 | 33715 | 55180k|1608.8 |  3468M |  49 | 603 |  29 |3766 |  11M|  2 | 103 |  45k|-6.287337e+08 | 8.515032e+02 |    Inf | unknown
 time | node  | left  |LP iter|LP it/n|mem/heur|mdpt |vars |cons |rows |cuts |sepa|confs|strbr|  dualbound   | primalbound  |  gap   | compl. 
 1491s| 34400 | 33815 | 55350k|1609.0 |  3475M |  49 | 603 |  30 |3996 |  11M|  2 | 104 |  45k|-6.287337e+08 | 8.515032e+02 |    Inf | unknown
 1496s| 34500 | 33907 | 55512k|1609.0 |  3481M |  49 | 603 |  30 |3976 |  11M|  5 | 104 |  45k|-6.287337e+08 | 8.515032e+02 |    Inf | unknown
 1501s| 34600 | 33999 | 55682k|1609.3 |  3489M |  49 | 603 |  29 |3701 |  11M|  2 | 104 |  45k|-6.287337e+08 | 8.515032e+02 |    Inf | unknown
 1506s| 34700 | 34099 | 55879k|1610.4 |  3501M |  49 | 603 |  29 |4292 |  11M|  7 | 104 |  45k|-6.287337e+08 | 8.515032e+02 |    Inf | unknown
 1511s| 34800 | 34195 | 56031k|1610.1 |  3549M |  49 | 603 |  28 |4295 |  11M|  2 | 104 |  45k|-6.287337e+08 | 8.515032e+02 |    Inf | unknown
 1517s| 34900 | 34289 | 56189k|1610.0 |  3556M |  49 | 603 |  28 |3344 |  11M|  3 | 105 |  46k|-6.287337e+08 | 8.515032e+02 |    Inf | unknown
 1522s| 35000 | 34387 | 56350k|1610.0 |  3562M |  49 | 603 |  28 |4634 |  11M|  8 | 105 |  46k|-6.287337e+08 | 8.515032e+02 |    Inf | unknown
 1526s| 35100 | 34487 | 56515k|1610.1 |  3571M |  49 | 603 |  29 |3890 |  11M|  2 | 107 |  46k|-6.287337e+08 | 8.515032e+02 |    Inf | unknown
 1530s| 35200 | 34587 | 56685k|1610.4 |  3577M |  49 | 603 |  29 |4258 |  11M|  2 | 107 |  46k|-6.287337e+08 | 8.515032e+02 |    Inf | unknown
 1534s| 35300 | 34685 | 56861k|1610.8 |  3582M |  49 | 603 |  29 |4017 |  11M|  2 | 107 |  46k|-6.287337e+08 | 8.515032e+02 |    Inf | unknown
 1538s| 35400 | 34785 | 57014k|1610.6 |  3594M |  49 | 603 |  28 |3624 |  11M|  3 | 107 |  46k|-6.287337e+08 | 8.515032e+02 |    Inf | unknown
 1543s| 35500 | 34883 | 57175k|1610.6 |  3602M |  49 | 603 |  28 |4759 |  11M|  7 | 107 |  46k|-6.287337e+08 | 8.515032e+02 |    Inf | unknown
 1547s| 35600 | 34983 | 57368k|1611.5 |  3612M |  49 | 603 |  28 |3613 |  11M|  2 | 107 |  46k|-6.287337e+08 | 8.515032e+02 |    Inf | unknown
 1552s| 35700 | 35083 | 57551k|1612.1 |  3617M |  49 | 603 |  28 |3831 |  11M|  2 | 107 |  46k|-6.287337e+08 | 8.515032e+02 |    Inf | unknown
 1555s| 35800 | 35181 | 57708k|1612.0 |  3624M |  49 | 603 |  28 |3679 |  11M|  3 | 107 |  46k|-6.287337e+08 | 8.515032e+02 |    Inf | unknown
 time | node  | left  |LP iter|LP it/n|mem/heur|mdpt |vars |cons |rows |cuts |sepa|confs|strbr|  dualbound   | primalbound  |  gap   | compl. 
 1559s| 35900 | 35279 | 57869k|1612.0 |  3712M |  49 | 603 |  29 |3912 |  11M|  2 | 108 |  46k|-6.287337e+08 | 8.515032e+02 |    Inf | unknown
 1564s| 36000 | 35377 | 58018k|1611.6 |  3718M |  49 | 603 |  30 |3681 |  11M|  2 | 109 |  46k|-6.287337e+08 | 8.515032e+02 |    Inf | unknown
 1568s| 36100 | 35477 | 58167k|1611.3 |  3728M |  49 | 603 |  31 |4385 |  11M|  6 | 110 |  46k|-6.287337e+08 | 8.515032e+02 |    Inf | unknown
 1572s| 36200 | 35573 | 58332k|1611.4 |  3733M |  49 | 603 |  31 |3510 |  11M|  2 | 110 |  46k|-6.287337e+08 | 8.515032e+02 |    Inf | unknown
 1577s| 36300 | 35673 | 58502k|1611.6 |  3742M |  49 | 603 |  31 |4508 |  11M|  3 | 110 |  46k|-6.287337e+08 | 8.515032e+02 |    Inf | unknown
 1581s| 36400 | 35771 | 58658k|1611.5 |  3750M |  49 | 603 |  33 |3244 |  11M|  2 | 112 |  46k|-6.287337e+08 | 8.515032e+02 |    Inf | unknown
 1586s| 36500 | 35867 | 58828k|1611.7 |  3761M |  49 | 603 |  33 |4011 |  11M|  2 | 112 |  47k|-6.287337e+08 | 8.515032e+02 |    Inf | unknown
 1591s| 36600 | 35961 | 59012k|1612.3 |  3769M |  49 | 603 |  33 |3117 |  11M|  3 | 112 |  47k|-6.287337e+08 | 8.515032e+02 |    Inf | unknown
 1596s| 36700 | 36061 | 59186k|1612.7 |  3774M |  49 | 603 |  32 |4266 |  11M|  7 | 112 |  47k|-6.287337e+08 | 8.515032e+02 |    Inf | unknown
 1601s| 36800 | 36161 | 59347k|1612.7 |  3780M |  49 | 603 |  33 |4214 |  11M|  3 | 114 |  47k|-6.287337e+08 | 8.515032e+02 |    Inf | unknown
 1604s| 36900 | 36261 | 59499k|1612.5 |  3787M |  49 | 603 |  33 |3007 |  11M|  2 | 114 |  47k|-6.287337e+08 | 8.515032e+02 |    Inf | unknown
 1609s| 37000 | 36361 | 59657k|1612.4 |  3794M |  49 | 603 |  33 |3782 |  12M|  2 | 114 |  47k|-6.287337e+08 | 8.515032e+02 |    Inf | unknown
 1613s| 37100 | 36461 | 59836k|1612.8 |  3803M |  49 | 603 |  34 |4807 |  12M|  7 | 115 |  47k|-6.287337e+08 | 8.515032e+02 |    Inf | unknown
 1618s| 37200 | 36561 | 59993k|1612.7 |  3811M |  49 | 603 |  34 |3974 |  12M|  2 | 115 |  47k|-6.287337e+08 | 8.515032e+02 |    Inf | unknown
 1622s| 37300 | 36661 | 60159k|1612.8 |  3818M |  49 | 603 |  34 |4403 |  12M|  8 | 115 |  47k|-6.287337e+08 | 8.515032e+02 |    Inf | unknown
 time | node  | left  |LP iter|LP it/n|mem/heur|mdpt |vars |cons |rows |cuts |sepa|confs|strbr|  dualbound   | primalbound  |  gap   | compl. 
 1627s| 37400 | 36761 | 60347k|1613.6 |  3825M |  49 | 603 |  33 |5080 |  12M|  9 | 115 |  47k|-6.287337e+08 | 8.515032e+02 |    Inf | unknown
 1631s| 37500 | 36861 | 60507k|1613.5 |  3835M |  49 | 603 |  34 |4250 |  12M|  7 | 117 |  47k|-6.287337e+08 | 8.515032e+02 |    Inf | unknown
 1635s| 37600 | 36959 | 60667k|1613.5 |  3843M |  49 | 603 |  35 |3174 |  12M|  2 | 118 |  47k|-6.287337e+08 | 8.515032e+02 |    Inf | unknown
 1639s| 37700 | 37059 | 60825k|1613.4 |  3851M |  49 | 603 |  36 |4522 |  12M|  3 | 119 |  47k|-6.287337e+08 | 8.515032e+02 |    Inf | unknown
 1644s| 37800 | 37155 | 60987k|1613.4 |  3867M |  49 | 603 |  38 |3627 |  12M|  2 | 121 |  47k|-6.287337e+08 | 8.515032e+02 |    Inf | unknown
 1648s| 37900 | 37255 | 61179k|1614.2 |  3875M |  49 | 603 |  38 |4448 |  12M|  5 | 121 |  47k|-6.287337e+08 | 8.515032e+02 |    Inf | unknown
 1652s| 38000 | 37353 | 61335k|1614.1 |  3884M |  49 | 603 |  39 |3734 |  12M|  2 | 122 |  48k|-6.287337e+08 | 8.515032e+02 |    Inf | unknown
 1656s| 38100 | 37451 | 61486k|1613.8 |  3891M |  49 | 603 |  37 |4284 |  12M|  2 | 122 |  48k|-6.287337e+08 | 8.515032e+02 |    Inf | unknown
 1661s| 38200 | 37545 | 61663k|1614.2 |  3897M |  49 | 603 |  38 |3882 |  12M|  2 | 123 |  48k|-6.287337e+08 | 8.515032e+02 |    Inf | unknown
 1666s| 38300 | 37645 | 61839k|1614.6 |  3907M |  49 | 603 |  38 |2883 |  12M|  2 | 123 |  48k|-6.287337e+08 | 8.515032e+02 |    Inf | unknown
 1671s| 38400 | 37745 | 61985k|1614.2 |  3916M |  49 | 603 |  38 |3846 |  12M|  2 | 124 |  48k|-6.287337e+08 | 8.515032e+02 |    Inf | unknown
 1675s| 38500 | 37843 | 62147k|1614.2 |  3923M |  49 | 603 |  37 |3216 |  12M|  2 | 124 |  48k|-6.287337e+08 | 8.515032e+02 |    Inf | unknown
 1680s| 38600 | 37943 | 62338k|1615.0 |  3928M |  49 | 603 |  37 |3731 |  12M|  2 | 124 |  48k|-6.287337e+08 | 8.515032e+02 |    Inf | unknown
 1684s| 38700 | 38043 | 62528k|1615.7 |  3937M |  49 | 603 |  37 |3683 |  12M|  2 | 124 |  48k|-6.287337e+08 | 8.515032e+02 |    Inf | unknown
 1689s| 38800 | 38143 | 62712k|1616.3 |  3947M |  49 | 603 |  37 |4240 |  12M|  2 | 124 |  48k|-6.287337e+08 | 8.515032e+02 |    Inf | unknown
 time | node  | left  |LP iter|LP it/n|mem/heur|mdpt |vars |cons |rows |cuts |sepa|confs|strbr|  dualbound   | primalbound  |  gap   | compl. 
 1694s| 38900 | 38243 | 62923k|1617.6 |  3953M |  49 | 603 |  37 |4202 |  12M| 23 | 124 |  48k|-6.287337e+08 | 8.515032e+02 |    Inf | unknown
 1698s| 39000 | 38343 | 63105k|1618.1 |  3959M |  49 | 603 |  36 |4159 |  12M|  6 | 124 |  48k|-6.287337e+08 | 8.515032e+02 |    Inf | unknown
 1703s| 39100 | 38443 | 63275k|1618.3 |  3967M |  49 | 603 |  34 |4024 |  12M|  5 | 124 |  48k|-6.287337e+08 | 8.515032e+02 |    Inf | unknown
 1707s| 39200 | 38541 | 63447k|1618.6 |  3972M |  49 | 603 |  34 |3759 |  12M|  3 | 124 |  48k|-6.287337e+08 | 8.515032e+02 |    Inf | unknown
 1711s| 39300 | 38641 | 63609k|1618.5 |  3978M |  49 | 603 |  34 |3840 |  12M|  3 | 124 |  48k|-6.287337e+08 | 8.515032e+02 |    Inf | unknown
 1716s| 39400 | 38741 | 63799k|1619.3 |  3989M |  49 | 603 |  34 |4349 |  12M|  2 | 124 |  48k|-6.287337e+08 | 8.515032e+02 |    Inf | unknown
 1721s| 39500 | 38839 | 63984k|1619.9 |  3996M |  49 | 603 |  34 |3781 |  12M|  3 | 124 |  48k|-6.287337e+08 | 8.515032e+02 |    Inf | unknown
 1727s| 39600 | 38939 | 64152k|1620.0 |  4003M |  49 | 603 |  34 |3812 |  12M|  3 | 124 |  49k|-6.287337e+08 | 8.515032e+02 |    Inf | unknown
 1734s| 39700 | 39035 | 64322k|1620.2 |  4011M |  49 | 603 |  34 |3778 |  12M|  2 | 124 |  49k|-6.287337e+08 | 8.515032e+02 |    Inf | unknown
 1739s| 39800 | 39133 | 64525k|1621.2 |  4018M |  49 | 603 |  34 |4047 |  13M|  2 | 124 |  49k|-6.287337e+08 | 8.515032e+02 |    Inf | unknown
 1744s| 39900 | 39229 | 64701k|1621.6 |  4027M |  49 | 603 |  35 |4199 |  13M|  3 | 125 |  49k|-6.287337e+08 | 8.515032e+02 |    Inf | unknown
 1752s| 40000 | 39329 | 64855k|1621.4 |  4035M |  49 | 603 |  35 |3702 |  13M|  1 | 125 |  49k|-6.287337e+08 | 8.515032e+02 |    Inf | unknown
 1756s| 40100 | 39429 | 65023k|1621.5 |  4041M |  49 | 603 |  36 |4436 |  13M|  5 | 126 |  49k|-6.287337e+08 | 8.515032e+02 |    Inf | unknown
 1760s| 40200 | 39529 | 65187k|1621.6 |  4047M |  49 | 603 |  36 |4054 |  13M|  2 | 127 |  49k|-6.287337e+08 | 8.515032e+02 |    Inf | unknown
 1765s| 40300 | 39627 | 65358k|1621.8 |  4061M |  49 | 603 |  36 |4229 |  13M|  2 | 127 |  49k|-6.287337e+08 | 8.515032e+02 |    Inf | unknown
 time | node  | left  |LP iter|LP it/n|mem/heur|mdpt |vars |cons |rows |cuts |sepa|confs|strbr|  dualbound   | primalbound  |  gap   | compl. 
 1772s| 40400 | 39725 | 65498k|1621.2 |  4069M |  49 | 603 |  34 |4694 |  13M|  3 | 127 |  49k|-6.287337e+08 | 8.515032e+02 |    Inf | unknown
 1777s| 40500 | 39823 | 65634k|1620.6 |  4078M |  49 | 603 |  34 |4276 |  13M|  3 | 128 |  49k|-6.287337e+08 | 8.515032e+02 |    Inf | unknown
 1782s| 40600 | 39921 | 65781k|1620.2 |  4084M |  49 | 603 |  35 |4736 |  13M|  3 | 129 |  49k|-6.287337e+08 | 8.515032e+02 |    Inf | unknown
 1786s| 40700 | 40021 | 65935k|1620.0 |  4093M |  49 | 603 |  35 |3304 |  13M|  3 | 129 |  49k|-6.287337e+08 | 8.515032e+02 |    Inf | unknown
 1790s| 40800 | 40121 | 66101k|1620.1 |  4102M |  49 | 603 |  35 |4074 |  13M|  3 | 129 |  49k|-6.287337e+08 | 8.515032e+02 |    Inf | unknown
 1795s| 40900 | 40217 | 66271k|1620.3 |  4109M |  49 | 603 |  34 |4611 |  13M|  2 | 129 |  49k|-6.287337e+08 | 8.515032e+02 |    Inf | unknown
 1800s| 41000 | 40315 | 66436k|1620.4 |  4115M |  49 | 603 |  34 |3862 |  13M|  3 | 129 |  49k|-6.287337e+08 | 8.515032e+02 |    Inf | unknown
 1804s| 41100 | 40411 | 66614k|1620.8 |  4127M |  49 | 603 |  33 |4004 |  13M|  2 | 129 |  49k|-6.287337e+08 | 8.515032e+02 |    Inf | unknown
 1809s| 41200 | 40511 | 66783k|1620.9 |  4138M |  49 | 603 |  32 |4213 |  13M|  2 | 129 |  50k|-6.287337e+08 | 8.515032e+02 |    Inf | unknown
 1815s| 41300 | 40611 | 66915k|1620.2 |  4147M |  49 | 603 |  31 |4364 |  13M| 19 | 129 |  50k|-6.287337e+08 | 8.515032e+02 |    Inf | unknown
 1819s| 41400 | 40711 | 67049k|1619.5 |  4206M |  49 | 603 |  31 |4433 |  13M|  6 | 129 |  50k|-6.287337e+08 | 8.515032e+02 |    Inf | unknown
 1825s| 41500 | 40809 | 67198k|1619.2 |  4215M |  49 | 603 |  31 |4836 |  13M|  6 | 129 |  50k|-6.287337e+08 | 8.515032e+02 |    Inf | unknown
 1830s| 41600 | 40909 | 67348k|1618.9 |  4223M |  49 | 603 |  31 |4303 |  13M|  7 | 129 |  50k|-6.287337e+08 | 8.515032e+02 |    Inf | unknown
 1833s| 41700 | 41003 | 67528k|1619.4 |  4230M |  49 | 603 |  31 |3236 |  13M|  2 | 129 |  50k|-6.287337e+08 | 8.515032e+02 |    Inf | unknown
 1838s| 41800 | 41103 | 67717k|1620.0 |  4234M |  49 | 603 |  31 |4077 |  13M|  2 | 129 |  50k|-6.287337e+08 | 8.515032e+02 |    Inf | unknown
 time | node  | left  |LP iter|LP it/n|mem/heur|mdpt |vars |cons |rows |cuts |sepa|confs|strbr|  dualbound   | primalbound  |  gap   | compl. 
 1843s| 41900 | 41203 | 67877k|1620.0 |  4245M |  49 | 603 |  31 |3446 |  13M|  2 | 129 |  50k|-6.287337e+08 | 8.515032e+02 |    Inf | unknown
 1848s| 42000 | 41303 | 68027k|1619.7 |  4255M |  49 | 603 |  31 |3812 |  13M|  2 | 129 |  50k|-6.287337e+08 | 8.515032e+02 |    Inf | unknown
 1854s| 42100 | 41403 | 68211k|1620.2 |  4261M |  49 | 603 |  30 |3638 |  13M|  2 | 129 |  50k|-6.287337e+08 | 8.515032e+02 |    Inf | unknown
 1859s| 42200 | 41503 | 68375k|1620.3 |  4271M |  49 | 603 |  31 |3987 |  13M|  2 | 130 |  50k|-6.287337e+08 | 8.515032e+02 |    Inf | unknown
 1864s| 42300 | 41601 | 68559k|1620.8 |  4279M |  49 | 603 |  30 |3610 |  13M|  3 | 130 |  50k|-6.287337e+08 | 8.515032e+02 |    Inf | unknown
 1867s| 42400 | 41699 | 68741k|1621.3 |  4284M |  49 | 603 |  30 |3410 |  13M|  2 | 130 |  50k|-6.287337e+08 | 8.515032e+02 |    Inf | unknown
 1873s| 42500 | 41797 | 68889k|1620.9 |  4290M |  49 | 603 |  32 |4228 |  13M|  3 | 132 |  50k|-6.287337e+08 | 8.515032e+02 |    Inf | unknown
 1877s| 42600 | 41893 | 69053k|1621.0 |  4295M |  49 | 603 |  32 |3558 |  13M|  2 | 132 |  50k|-6.287337e+08 | 8.515032e+02 |    Inf | unknown
 1881s| 42700 | 41991 | 69220k|1621.1 |  4305M |  49 | 603 |  32 |5015 |  14M|  9 | 132 |  50k|-6.287337e+08 | 8.515032e+02 |    Inf | unknown
 1887s| 42800 | 42089 | 69358k|1620.5 |  4407M |  49 | 603 |  32 |3737 |  14M|  2 | 132 |  50k|-6.287337e+08 | 8.515032e+02 |    Inf | unknown
 1891s| 42900 | 42187 | 69506k|1620.2 |  4414M |  49 | 603 |  32 |4545 |  14M|  2 | 132 |  50k|-6.287337e+08 | 8.515032e+02 |    Inf | unknown
 1896s| 43000 | 42281 | 69678k|1620.4 |  4422M |  49 | 603 |  31 |4830 |  14M|  5 | 132 |  51k|-6.287337e+08 | 8.515032e+02 |    Inf | unknown
 1902s| 43100 | 42379 | 69857k|1620.8 |  4428M |  49 | 603 |  31 |4130 |  14M|  5 | 132 |  51k|-6.287337e+08 | 8.515032e+02 |    Inf | unknown
 1908s| 43200 | 42471 | 70012k|1620.7 |  4434M |  49 | 603 |  31 |4234 |  14M| 22 | 133 |  51k|-6.287337e+08 | 8.515032e+02 |    Inf | unknown
 1913s| 43300 | 42571 | 70167k|1620.5 |  4440M |  49 | 603 |  31 |4006 |  14M|  2 | 133 |  51k|-6.287337e+08 | 8.515032e+02 |    Inf | unknown
 time | node  | left  |LP iter|LP it/n|mem/heur|mdpt |vars |cons |rows |cuts |sepa|confs|strbr|  dualbound   | primalbound  |  gap   | compl. 
 1918s| 43400 | 42671 | 70352k|1621.0 |  4446M |  49 | 603 |  30 |3644 |  14M|  2 | 133 |  51k|-6.287337e+08 | 8.515032e+02 |    Inf | unknown
 1923s| 43500 | 42771 | 70517k|1621.1 |  4455M |  49 | 603 |  30 |4708 |  14M|  2 | 133 |  51k|-6.287337e+08 | 8.515032e+02 |    Inf | unknown
 1927s| 43600 | 42871 | 70676k|1621.0 |  4462M |  49 | 603 |  30 |4483 |  14M|  2 | 133 |  51k|-6.287337e+08 | 8.515032e+02 |    Inf | unknown
 1931s| 43700 | 42969 | 70849k|1621.3 |  4471M |  49 | 603 |  30 |4095 |  14M|  2 | 133 |  51k|-6.287337e+08 | 8.515032e+02 |    Inf | unknown
 1937s| 43800 | 43069 | 71001k|1621.0 |  4478M |  49 | 603 |  30 |4659 |  14M| 19 | 133 |  51k|-6.287337e+08 | 8.515032e+02 |    Inf | unknown
 1943s| 43900 | 43165 | 71185k|1621.5 |  4486M |  49 | 603 |  30 |3958 |  14M| 29 | 133 |  51k|-6.287337e+08 | 8.515032e+02 |    Inf | unknown
 1947s| 44000 | 43263 | 71368k|1622.0 |  4491M |  49 | 603 |  32 |3621 |  14M|  2 | 135 |  51k|-6.287337e+08 | 8.515032e+02 |    Inf | unknown
 1951s| 44100 | 43357 | 71571k|1622.9 |  4498M |  49 | 603 |  32 |3320 |  14M|  2 | 135 |  51k|-6.287337e+08 | 8.515032e+02 |    Inf | unknown
 1954s| 44200 | 43457 | 71702k|1622.2 |  4504M |  49 | 603 |  33 |4478 |  14M|  2 | 136 |  51k|-6.287337e+08 | 8.515032e+02 |    Inf | unknown
 1959s| 44300 | 43553 | 71887k|1622.7 |  4514M |  49 | 603 |  33 |4243 |  14M| 28 | 136 |  51k|-6.287337e+08 | 8.515032e+02 |    Inf | unknown
 1963s| 44400 | 43653 | 72036k|1622.4 |  4522M |  49 | 603 |  31 |3971 |  14M|  3 | 136 |  51k|-6.287337e+08 | 8.515032e+02 |    Inf | unknown
 1967s| 44500 | 43753 | 72206k|1622.6 |  4533M |  49 | 603 |  30 |3261 |  14M|  1 | 136 |  51k|-6.287337e+08 | 8.515032e+02 |    Inf | unknown
 1973s| 44600 | 43849 | 72414k|1623.6 |  4538M |  49 | 603 |  32 |5227 |  14M| 13 | 138 |  51k|-6.287337e+08 | 8.515032e+02 |    Inf | unknown
 1977s| 44700 | 43947 | 72590k|1623.9 |  4547M |  49 | 603 |  32 |4506 |  14M|  8 | 138 |  51k|-6.287337e+08 | 8.515032e+02 |    Inf | unknown
 1981s| 44800 | 44045 | 72763k|1624.2 |  4553M |  49 | 603 |  33 |3846 |  14M|  2 | 139 |  51k|-6.287337e+08 | 8.515032e+02 |    Inf | unknown
 time | node  | left  |LP iter|LP it/n|mem/heur|mdpt |vars |cons |rows |cuts |sepa|confs|strbr|  dualbound   | primalbound  |  gap   | compl. 
 1988s| 44900 | 44143 | 72939k|1624.5 |  4562M |  49 | 603 |  33 |3845 |  14M|  2 | 139 |  51k|-6.287337e+08 | 8.515032e+02 |    Inf | unknown
 1995s| 45000 | 44241 | 73120k|1624.9 |  4573M |  49 | 603 |  34 |3775 |  14M|  2 | 140 |  52k|-6.287337e+08 | 8.515032e+02 |    Inf | unknown
 1999s| 45100 | 44341 | 73281k|1624.9 |  4580M |  49 | 603 |  34 |3794 |  14M|  2 | 140 |  52k|-6.287337e+08 | 8.515032e+02 |    Inf | unknown
 2003s| 45200 | 44439 | 73431k|1624.6 |  4589M |  49 | 603 |  35 |4312 |  14M|  2 | 141 |  52k|-6.287337e+08 | 8.515032e+02 |    Inf | unknown
 2007s| 45300 | 44535 | 73592k|1624.6 |  4594M |  49 | 603 |  34 |3794 |  14M|  3 | 141 |  52k|-6.287337e+08 | 8.515032e+02 |    Inf | unknown
 2011s| 45400 | 44633 | 73767k|1624.8 |  4602M |  49 | 603 |  34 |3728 |  14M|  3 | 141 |  52k|-6.287337e+08 | 8.515032e+02 |    Inf | unknown
 2015s| 45500 | 44733 | 73955k|1625.4 |  4610M |  49 | 603 |  34 |4796 |  14M| 17 | 141 |  52k|-6.287337e+08 | 8.515032e+02 |    Inf | unknown
 2019s| 45600 | 44833 | 74122k|1625.5 |  4618M |  49 | 603 |  34 |4227 |  15M|  2 | 141 |  52k|-6.287337e+08 | 8.515032e+02 |    Inf | unknown
 2025s| 45700 | 44933 | 74278k|1625.3 |  4624M |  49 | 603 |  34 |2137 |  15M|  2 | 143 |  52k|-6.287337e+08 | 8.515032e+02 |    Inf | unknown
 2029s| 45800 | 45027 | 74435k|1625.2 |  4629M |  49 | 603 |  34 |4810 |  15M|  9 | 143 |  52k|-6.287337e+08 | 8.515032e+02 |    Inf | unknown
 2034s| 45900 | 45111 | 74588k|1625.0 |  4639M |  49 | 603 |  34 |4259 |  15M|  8 | 143 |  52k|-6.287337e+08 | 8.515032e+02 |    Inf | unknown
 2038s| 46000 | 45211 | 74744k|1624.9 |  4648M |  49 | 603 |  34 |4652 |  15M|  7 | 143 |  52k|-6.287337e+08 | 8.515032e+02 |    Inf | unknown
 2042s| 46100 | 45307 | 74919k|1625.1 |  4656M |  49 | 603 |  34 |3954 |  15M|  2 | 143 |  52k|-6.287337e+08 | 8.515032e+02 |    Inf | unknown
 2048s| 46200 | 45407 | 75105k|1625.6 |  4663M |  49 | 603 |  33 |4158 |  15M|  3 | 143 |  52k|-6.287337e+08 | 8.515032e+02 |    Inf | unknown
 2056s| 46300 | 45507 | 75288k|1626.1 |  4671M |  49 | 603 |  33 |3473 |  15M|  2 | 144 |  52k|-6.287337e+08 | 8.515032e+02 |    Inf | unknown
 time | node  | left  |LP iter|LP it/n|mem/heur|mdpt |vars |cons |rows |cuts |sepa|confs|strbr|  dualbound   | primalbound  |  gap   | compl. 
 2060s| 46400 | 45607 | 75451k|1626.1 |  4684M |  49 | 603 |  32 |4361 |  15M|  2 | 144 |  52k|-6.287337e+08 | 8.515032e+02 |    Inf | unknown
 2065s| 46500 | 45705 | 75634k|1626.5 |  4695M |  49 | 603 |  31 |3834 |  15M|  3 | 144 |  52k|-6.287337e+08 | 8.515032e+02 |    Inf | unknown
 2069s| 46600 | 45805 | 75792k|1626.4 |  4705M |  49 | 603 |  32 |3727 |  15M|  2 | 145 |  52k|-6.287337e+08 | 8.515032e+02 |    Inf | unknown
 2073s| 46700 | 45903 | 75981k|1627.0 |  4718M |  49 | 603 |  32 |4212 |  15M|  3 | 145 |  52k|-6.287337e+08 | 8.515032e+02 |    Inf | unknown
 2077s| 46800 | 45997 | 76129k|1626.7 |  4725M |  49 | 603 |  31 |3914 |  15M|  2 | 145 |  53k|-6.287337e+08 | 8.515032e+02 |    Inf | unknown
 2085s| 46900 | 46089 | 76327k|1627.4 |  4733M |  49 | 603 |  31 |4621 |  15M| 13 | 145 |  53k|-6.287337e+08 | 8.515032e+02 |    Inf | unknown
 2089s| 47000 | 46189 | 76483k|1627.3 |  4744M |  49 | 603 |  31 |4659 |  15M|  2 | 145 |  53k|-6.287337e+08 | 8.515032e+02 |    Inf | unknown
 2094s| 47100 | 46289 | 76661k|1627.6 |  4752M |  49 | 603 |  31 |3692 |  15M|  3 | 145 |  53k|-6.287337e+08 | 8.515032e+02 |    Inf | unknown
 2100s| 47200 | 46385 | 76817k|1627.5 |  4760M |  49 | 603 |  31 |3743 |  15M|  2 | 145 |  53k|-6.287337e+08 | 8.515032e+02 |    Inf | unknown
 2104s| 47300 | 46481 | 76994k|1627.8 |  4768M |  49 | 603 |  31 |4224 |  15M|  2 | 145 |  53k|-6.287337e+08 | 8.515032e+02 |    Inf | unknown
 2109s| 47400 | 46579 | 77110k|1626.8 |  4782M |  49 | 603 |  31 |3843 |  15M|  4 | 145 |  53k|-6.287337e+08 | 8.515032e+02 |    Inf | unknown
 2112s| 47500 | 46679 | 77236k|1626.0 |  4789M |  49 | 603 |  31 |3737 |  15M|  2 | 145 |  53k|-6.287337e+08 | 8.515032e+02 |    Inf | unknown
 2117s| 47600 | 46779 | 77422k|1626.5 |  4799M |  49 | 603 |  31 |3985 |  15M|  3 | 145 |  53k|-6.287337e+08 | 8.515032e+02 |    Inf | unknown
 2122s| 47700 | 46877 | 77619k|1627.2 |  4805M |  49 | 603 |  31 |4465 |  15M| 35 | 145 |  53k|-6.287337e+08 | 8.515032e+02 |    Inf | unknown
 2128s| 47800 | 46977 | 77785k|1627.3 |  4813M |  49 | 603 |  32 |3941 |  15M|  2 | 146 |  53k|-6.287337e+08 | 8.515032e+02 |    Inf | unknown
 time | node  | left  |LP iter|LP it/n|mem/heur|mdpt |vars |cons |rows |cuts |sepa|confs|strbr|  dualbound   | primalbound  |  gap   | compl. 
 2132s| 47900 | 47071 | 77941k|1627.2 |  4818M |  49 | 603 |  32 |2881 |  15M|  2 | 146 |  53k|-6.287337e+08 | 8.515032e+02 |    Inf | unknown
 2137s| 48000 | 47169 | 78110k|1627.3 |  4827M |  49 | 603 |  32 |4079 |  15M|  3 | 146 |  53k|-6.287337e+08 | 8.515032e+02 |    Inf | unknown
 2142s| 48100 | 47269 | 78289k|1627.6 |  4834M |  49 | 603 |  32 |3966 |  15M|  2 | 146 |  53k|-6.287337e+08 | 8.515032e+02 |    Inf | unknown
 2147s| 48200 | 47369 | 78434k|1627.3 |  4842M |  49 | 603 |  32 |4024 |  15M|  2 | 146 |  53k|-6.287337e+08 | 8.515032e+02 |    Inf | unknown
 2153s| 48300 | 47469 | 78595k|1627.2 |  4852M |  49 | 603 |  32 |3729 |  15M|  2 | 146 |  53k|-6.287337e+08 | 8.515032e+02 |    Inf | unknown
 2158s| 48400 | 47567 | 78792k|1627.9 |  4861M |  49 | 603 |  32 |4317 |  16M|  7 | 146 |  53k|-6.287337e+08 | 8.515032e+02 |    Inf | unknown
 2163s| 48500 | 47667 | 78953k|1627.9 |  4872M |  49 | 603 |  31 |4587 |  16M|  5 | 146 |  54k|-6.287337e+08 | 8.515032e+02 |    Inf | unknown
 2166s| 48600 | 47765 | 79092k|1627.4 |  4876M |  49 | 603 |  31 |4264 |  16M|  6 | 146 |  54k|-6.287337e+08 | 8.515032e+02 |    Inf | unknown
 2172s| 48700 | 47865 | 79257k|1627.5 |  4888M |  49 | 603 |  31 |4668 |  16M|  5 | 146 |  54k|-6.287337e+08 | 8.515032e+02 |    Inf | unknown
 2178s| 48800 | 47963 | 79425k|1627.6 |  4897M |  49 | 603 |  31 |3747 |  16M|  2 | 146 |  54k|-6.287337e+08 | 8.515032e+02 |    Inf | unknown
 2183s| 48900 | 48063 | 79591k|1627.6 |  4902M |  49 | 603 |  32 |3564 |  16M|  2 | 147 |  54k|-6.287337e+08 | 8.515032e+02 |    Inf | unknown
 2187s| 49000 | 48163 | 79755k|1627.7 |  4912M |  49 | 603 |  33 |3665 |  16M|  0 | 148 |  54k|-6.287337e+08 | 8.515032e+02 |    Inf | unknown
 2192s| 49100 | 48261 | 79936k|1628.0 |  4919M |  49 | 603 |  33 |2993 |  16M|  2 | 148 |  54k|-6.287337e+08 | 8.515032e+02 |    Inf | unknown
 2200s| 49200 | 48361 | 80085k|1627.8 |  4927M |  49 | 603 |  33 |4021 |  16M|  3 | 149 |  54k|-6.287337e+08 | 8.515032e+02 |    Inf | unknown
 2205s| 49300 | 48461 | 80221k|1627.2 |  4936M |  49 | 603 |  32 |4037 |  16M|  2 | 149 |  54k|-6.287337e+08 | 8.515032e+02 |    Inf | unknown
 time | node  | left  |LP iter|LP it/n|mem/heur|mdpt |vars |cons |rows |cuts |sepa|confs|strbr|  dualbound   | primalbound  |  gap   | compl. 
 2210s| 49400 | 48559 | 80410k|1627.7 |  4997M |  49 | 603 |  31 |3526 |  16M|  2 | 149 |  54k|-6.287337e+08 | 8.515032e+02 |    Inf | unknown
 2215s| 49500 | 48659 | 80588k|1628.0 |  5007M |  49 | 603 |  31 |4094 |  16M|  2 | 149 |  54k|-6.287337e+08 | 8.515032e+02 |    Inf | unknown
 2226s| 49600 | 48759 | 80761k|1628.3 |  5016M |  49 | 603 |  32 |4630 |  16M| 10 | 150 |  54k|-6.287337e+08 | 8.515032e+02 |    Inf | unknown
 2230s| 49700 | 48857 | 80916k|1628.1 |  5027M |  49 | 603 |  32 |4268 |  16M|  2 | 150 |  54k|-6.287337e+08 | 8.515032e+02 |    Inf | unknown
 2236s| 49800 | 48951 | 81099k|1628.5 |  5038M |  49 | 603 |  32 |4605 |  16M|  7 | 150 |  54k|-6.287337e+08 | 8.515032e+02 |    Inf | unknown
 2244s| 49900 | 49051 | 81275k|1628.8 |  5043M |  49 | 603 |  32 |3865 |  16M|  2 | 150 |  54k|-6.287337e+08 | 8.515032e+02 |    Inf | unknown
 2249s| 50000 | 49145 | 81445k|1628.9 |  5049M |  49 | 603 |  32 |4558 |  16M| 12 | 150 |  54k|-6.287337e+08 | 8.515032e+02 |    Inf | unknown
 2254s| 50100 | 49243 | 81582k|1628.4 |  5057M |  49 | 603 |  32 |3907 |  16M|  2 | 150 |  54k|-6.287337e+08 | 8.515032e+02 |    Inf | unknown
 2259s| 50200 | 49343 | 81730k|1628.1 |  5065M |  49 | 603 |  32 |4379 |  16M|  2 | 150 |  54k|-6.287337e+08 | 8.515032e+02 |    Inf | unknown
 2263s| 50300 | 49443 | 81907k|1628.4 |  5074M |  49 | 603 |  32 |3978 |  16M|  3 | 150 |  54k|-6.287337e+08 | 8.515032e+02 |    Inf | unknown
 2268s| 50400 | 49541 | 82070k|1628.4 |  5081M |  49 | 603 |  33 |4012 |  16M|  2 | 151 |  54k|-6.287337e+08 | 8.515032e+02 |    Inf | unknown
 2272s| 50500 | 49641 | 82232k|1628.4 |  5088M |  49 | 603 |  33 |3616 |  16M|  2 | 151 |  54k|-6.287337e+08 | 8.515032e+02 |    Inf | unknown
 2281s| 50600 | 49741 | 82425k|1628.9 |  5095M |  49 | 603 |  33 |4492 |  16M|  6 | 151 |  55k|-6.287337e+08 | 8.515032e+02 |    Inf | unknown
 2286s| 50700 | 49841 | 82606k|1629.3 |  5102M |  49 | 603 |  33 |4279 |  16M|  3 | 151 |  55k|-6.287337e+08 | 8.515032e+02 |    Inf | unknown
 2290s| 50800 | 49941 | 82785k|1629.6 |  5107M |  49 | 603 |  32 |3690 |  16M|  2 | 151 |  55k|-6.287337e+08 | 8.515032e+02 |    Inf | unknown
 time | node  | left  |LP iter|LP it/n|mem/heur|mdpt |vars |cons |rows |cuts |sepa|confs|strbr|  dualbound   | primalbound  |  gap   | compl. 
 2297s| 50900 | 50039 | 82994k|1630.5 |  5113M |  49 | 603 |  32 |4413 |  16M|  6 | 151 |  55k|-6.287337e+08 | 8.515032e+02 |    Inf | unknown
 2303s| 51000 | 50139 | 83183k|1631.0 |  5121M |  49 | 603 |  32 |4329 |  16M|  6 | 151 |  55k|-6.287337e+08 | 8.515032e+02 |    Inf | unknown
 2308s| 51100 | 50239 | 83379k|1631.7 |  5129M |  49 | 603 |  32 |3702 |  17M|  2 | 151 |  55k|-6.287337e+08 | 8.515032e+02 |    Inf | unknown
 2312s| 51200 | 50337 | 83584k|1632.5 |  5136M |  49 | 603 |  32 |4270 |  17M|  5 | 151 |  55k|-6.287337e+08 | 8.515032e+02 |    Inf | unknown
 2318s| 51300 | 50437 | 83767k|1632.9 |  5261M |  49 | 603 |  31 |4108 |  17M|  5 | 151 |  55k|-6.287337e+08 | 8.515032e+02 |    Inf | unknown
 2323s| 51400 | 50535 | 83939k|1633.1 |  5268M |  49 | 603 |  31 |3955 |  17M|  2 | 151 |  55k|-6.287337e+08 | 8.515032e+02 |    Inf | unknown
 2329s| 51500 | 50635 | 84129k|1633.6 |  5275M |  49 | 603 |  31 |3892 |  17M|  3 | 151 |  55k|-6.287337e+08 | 8.515032e+02 |    Inf | unknown
 2335s| 51600 | 50733 | 84298k|1633.7 |  5286M |  49 | 603 |  31 |4412 |  17M|  2 | 151 |  55k|-6.287337e+08 | 8.515032e+02 |    Inf | unknown
 2339s| 51700 | 50831 | 84467k|1633.8 |  5293M |  49 | 603 |  31 |3692 |  17M|  3 | 151 |  55k|-6.287337e+08 | 8.515032e+02 |    Inf | unknown
 2345s| 51800 | 50929 | 84639k|1634.0 |  5301M |  49 | 603 |  31 |4089 |  17M|  2 | 151 |  55k|-6.287337e+08 | 8.515032e+02 |    Inf | unknown
 2350s| 51900 | 51027 | 84844k|1634.8 |  5306M |  49 | 603 |  31 |3639 |  17M|  2 | 151 |  55k|-6.287337e+08 | 8.515032e+02 |    Inf | unknown
 2354s| 52000 | 51119 | 85046k|1635.5 |  5312M |  49 | 603 |  31 |4028 |  17M|  6 | 151 |  55k|-6.287337e+08 | 8.515032e+02 |    Inf | unknown
 2359s| 52100 | 51213 | 85244k|1636.2 |  5317M |  49 | 603 |  31 |3742 |  17M|  2 | 151 |  55k|-6.287337e+08 | 8.515032e+02 |    Inf | unknown
 2364s| 52200 | 51311 | 85427k|1636.5 |  5325M |  49 | 603 |  31 |3695 |  17M|  2 | 151 |  55k|-6.287337e+08 | 8.515032e+02 |    Inf | unknown
 2368s| 52300 | 51409 | 85606k|1636.8 |  5331M |  49 | 603 |  31 |3461 |  17M|  2 | 151 |  55k|-6.287337e+08 | 8.515032e+02 |    Inf | unknown
 time | node  | left  |LP iter|LP it/n|mem/heur|mdpt |vars |cons |rows |cuts |sepa|confs|strbr|  dualbound   | primalbound  |  gap   | compl. 
 2372s| 52400 | 51509 | 85798k|1637.4 |  5337M |  49 | 603 |  31 |4083 |  17M|  2 | 151 |  55k|-6.287337e+08 | 8.515032e+02 |    Inf | unknown
 2377s| 52500 | 51605 | 85954k|1637.2 |  5345M |  49 | 603 |  31 |4299 |  17M|  7 | 151 |  55k|-6.287337e+08 | 8.515032e+02 |    Inf | unknown
 2382s| 52600 | 51705 | 86113k|1637.1 |  5354M |  49 | 603 |  31 |4302 |  17M|  2 | 151 |  56k|-6.287337e+08 | 8.515032e+02 |    Inf | unknown
 2389s| 52700 | 51805 | 86266k|1636.9 |  5363M |  49 | 603 |  31 |4139 |  17M|  2 | 151 |  56k|-6.287337e+08 | 8.515032e+02 |    Inf | unknown
 2395s| 52800 | 51901 | 86453k|1637.4 |  5368M |  49 | 603 |  38 |3780 |  17M|  2 | 158 |  56k|-6.287337e+08 | 8.515032e+02 |    Inf | unknown
 2401s| 52900 | 52001 | 86637k|1637.8 |  5375M |  49 | 603 |  38 |3891 |  17M|  2 | 158 |  56k|-6.287337e+08 | 8.515032e+02 |    Inf | unknown
 2404s| 53000 | 52099 | 86805k|1637.8 |  5380M |  49 | 603 |  38 |4163 |  17M|  3 | 158 |  56k|-6.287337e+08 | 8.515032e+02 |    Inf | unknown
 2408s| 53100 | 52199 | 87014k|1638.7 |  5386M |  49 | 603 |  38 |3675 |  17M|  2 | 158 |  56k|-6.287337e+08 | 8.515032e+02 |    Inf | unknown
 2415s| 53200 | 52299 | 87167k|1638.5 |  5392M |  49 | 603 |  35 |3688 |  17M|  2 | 158 |  56k|-6.287337e+08 | 8.515032e+02 |    Inf | unknown
 2419s| 53300 | 52399 | 87350k|1638.8 |  5402M |  49 | 603 |  35 |4226 |  17M|  5 | 159 |  56k|-6.287337e+08 | 8.515032e+02 |    Inf | unknown
 2424s| 53400 | 52497 | 87523k|1639.0 |  5408M |  49 | 603 |  33 |4228 |  17M|  7 | 159 |  56k|-6.287337e+08 | 8.515032e+02 |    Inf | unknown
 2429s| 53500 | 52595 | 87713k|1639.5 |  5414M |  49 | 603 |  32 |4660 |  17M|  2 | 159 |  56k|-6.287337e+08 | 8.515032e+02 |    Inf | unknown
 2434s| 53600 | 52695 | 87896k|1639.9 |  5425M |  49 | 603 |  32 |4406 |  17M|  2 | 159 |  56k|-6.287337e+08 | 8.515032e+02 |    Inf | unknown
 2441s| 53700 | 52795 | 88076k|1640.1 |  5434M |  49 | 603 |  32 |4601 |  17M|  5 | 159 |  56k|-6.287337e+08 | 8.515032e+02 |    Inf | unknown
 2446s| 53800 | 52895 | 88243k|1640.2 |  5441M |  49 | 603 |  32 |4114 |  17M|  2 | 159 |  56k|-6.287337e+08 | 8.515032e+02 |    Inf | unknown
 time | node  | left  |LP iter|LP it/n|mem/heur|mdpt |vars |cons |rows |cuts |sepa|confs|strbr|  dualbound   | primalbound  |  gap   | compl. 
 2452s| 53900 | 52995 | 88410k|1640.3 |  5449M |  49 | 603 |  32 |4569 |  18M|  8 | 159 |  56k|-6.287337e+08 | 8.515032e+02 |    Inf | unknown
 2458s| 54000 | 53095 | 88608k|1640.9 |  5458M |  49 | 603 |  32 |3881 |  18M|  2 | 159 |  56k|-6.287337e+08 | 8.515032e+02 |    Inf | unknown
 2466s| 54100 | 53193 | 88760k|1640.7 |  5469M |  49 | 603 |  30 |3939 |  18M|  3 | 159 |  56k|-6.287337e+08 | 8.515032e+02 |    Inf | unknown
 2472s| 54200 | 53291 | 88952k|1641.2 |  5477M |  49 | 603 |  30 |4508 |  18M|  4 | 159 |  56k|-6.287337e+08 | 8.515032e+02 |    Inf | unknown
 2478s| 54300 | 53391 | 89106k|1641.0 |  5484M |  49 | 603 |  30 |4181 |  18M|  2 | 159 |  56k|-6.287337e+08 | 8.515032e+02 |    Inf | unknown
 2483s| 54400 | 53487 | 89264k|1640.9 |  5491M |  49 | 603 |  31 |3329 |  18M|  2 | 160 |  56k|-6.287337e+08 | 8.515032e+02 |    Inf | unknown
 2487s| 54500 | 53587 | 89421k|1640.8 |  5497M |  49 | 603 |  31 |4163 |  18M|  2 | 160 |  56k|-6.287337e+08 | 8.515032e+02 |    Inf | unknown
 2492s| 54600 | 53687 | 89580k|1640.7 |  5509M |  49 | 603 |  31 |4004 |  18M|  2 | 160 |  56k|-6.287337e+08 | 8.515032e+02 |    Inf | unknown
 2497s| 54700 | 53785 | 89777k|1641.3 |  5515M |  49 | 603 |  31 |4000 |  18M|  2 | 160 |  57k|-6.287337e+08 | 8.515032e+02 |    Inf | unknown
 2502s| 54800 | 53885 | 89956k|1641.5 |  5523M |  49 | 603 |  31 |5057 |  18M|  9 | 160 |  57k|-6.287337e+08 | 8.515032e+02 |    Inf | unknown
 2505s| 54900 | 53985 | 90123k|1641.6 |  5528M |  49 | 603 |  31 |4047 |  18M|  2 | 160 |  57k|-6.287337e+08 | 8.515032e+02 |    Inf | unknown
 2510s| 55000 | 54081 | 90307k|1642.0 |  5535M |  49 | 603 |  30 |3155 |  18M|  2 | 160 |  57k|-6.287337e+08 | 8.515032e+02 |    Inf | unknown
 2514s| 55100 | 54179 | 90470k|1641.9 |  5545M |  49 | 603 |  30 |4006 |  18M|  3 | 160 |  57k|-6.287337e+08 | 8.515032e+02 |    Inf | unknown
 2520s| 55200 | 54279 | 90641k|1642.0 |  5552M |  49 | 603 |  30 |4054 |  18M|  2 | 160 |  57k|-6.287337e+08 | 8.515032e+02 |    Inf | unknown
 2525s| 55300 | 54377 | 90806k|1642.1 |  5559M |  49 | 603 |  30 |4319 |  18M|  2 | 160 |  57k|-6.287337e+08 | 8.515032e+02 |    Inf | unknown
 time | node  | left  |LP iter|LP it/n|mem/heur|mdpt |vars |cons |rows |cuts |sepa|confs|strbr|  dualbound   | primalbound  |  gap   | compl. 
 2531s| 55400 | 54477 | 90953k|1641.8 |  5566M |  49 | 603 |  30 |3279 |  18M|  2 | 160 |  57k|-6.287337e+08 | 8.515032e+02 |    Inf | unknown
 2534s| 55500 | 54571 | 91098k|1641.4 |  5575M |  49 | 603 |  30 |3575 |  18M|  2 | 160 |  57k|-6.287337e+08 | 8.515032e+02 |    Inf | unknown
 2541s| 55600 | 54671 | 91277k|1641.7 |  5581M |  49 | 603 |  31 |3611 |  18M|  2 | 161 |  57k|-6.287337e+08 | 8.515032e+02 |    Inf | unknown
 2545s| 55700 | 54767 | 91443k|1641.7 |  5587M |  49 | 603 |  31 |3801 |  18M|  2 | 161 |  57k|-6.287337e+08 | 8.515032e+02 |    Inf | unknown
 2548s| 55800 | 54857 | 91610k|1641.8 |  5592M |  49 | 603 |  31 |3495 |  18M|  2 | 161 |  57k|-6.287337e+08 | 8.515032e+02 |    Inf | unknown
 2553s| 55900 | 54953 | 91785k|1642.0 |  5604M |  49 | 603 |  30 |4809 |  18M| 10 | 161 |  57k|-6.287337e+08 | 8.515032e+02 |    Inf | unknown
 2557s| 56000 | 55049 | 91945k|1641.9 |  5613M |  49 | 603 |  30 |4666 |  18M|  2 | 161 |  57k|-6.287337e+08 | 8.515032e+02 |    Inf | unknown
 2564s| 56100 | 55149 | 92112k|1641.9 |  5618M |  49 | 603 |  30 |3720 |  18M|  2 | 161 |  57k|-6.287337e+08 | 8.515032e+02 |    Inf | unknown
 2568s| 56200 | 55247 | 92278k|1642.0 |  5623M |  49 | 603 |  30 |4795 |  18M|  4 | 161 |  57k|-6.287337e+08 | 8.515032e+02 |    Inf | unknown
 2575s| 56300 | 55345 | 92449k|1642.1 |  5631M |  49 | 603 |  30 |3247 |  18M|  2 | 162 |  57k|-6.287337e+08 | 8.515032e+02 |    Inf | unknown
 2579s| 56400 | 55439 | 92628k|1642.3 |  5637M |  49 | 603 |  30 |3315 |  18M|  3 | 162 |  57k|-6.287337e+08 | 8.515032e+02 |    Inf | unknown
 2584s| 56500 | 55537 | 92788k|1642.3 |  5643M |  49 | 603 |  30 |3882 |  18M|  3 | 162 |  57k|-6.287337e+08 | 8.515032e+02 |    Inf | unknown
 2588s| 56600 | 55637 | 92960k|1642.4 |  5651M |  49 | 603 |  30 |4231 |  18M|  2 | 162 |  57k|-6.287337e+08 | 8.515032e+02 |    Inf | unknown
 2594s| 56700 | 55735 | 93122k|1642.4 |  5656M |  49 | 603 |  30 |4018 |  18M|  2 | 162 |  57k|-6.287337e+08 | 8.515032e+02 |    Inf | unknown
 2598s| 56800 | 55835 | 93318k|1642.9 |  5661M |  49 | 603 |  29 |3536 |  19M|  2 | 162 |  57k|-6.287337e+08 | 8.515032e+02 |    Inf | unknown
 time | node  | left  |LP iter|LP it/n|mem/heur|mdpt |vars |cons |rows |cuts |sepa|confs|strbr|  dualbound   | primalbound  |  gap   | compl. 
 2603s| 56900 | 55935 | 93507k|1643.4 |  5668M |  49 | 603 |  29 |4227 |  19M|  6 | 162 |  57k|-6.287337e+08 | 8.515032e+02 |    Inf | unknown
 2610s| 57000 | 56035 | 93647k|1642.9 |  5675M |  49 | 603 |  29 |4061 |  19M|  2 | 162 |  58k|-6.287337e+08 | 8.515032e+02 |    Inf | unknown
 2615s| 57100 | 56135 | 93796k|1642.7 |  5684M |  49 | 603 |  29 |3739 |  19M|  3 | 162 |  58k|-6.287337e+08 | 8.515032e+02 |    Inf | unknown
 2619s| 57200 | 56233 | 93943k|1642.4 |  5693M |  49 | 603 |  30 |4325 |  19M| 26 | 163 |  58k|-6.287337e+08 | 8.515032e+02 |    Inf | unknown
 2627s| 57300 | 56333 | 94126k|1642.7 |  5698M |  49 | 603 |  30 |3800 |  19M|  2 | 163 |  58k|-6.287337e+08 | 8.515032e+02 |    Inf | unknown
 2634s| 57400 | 56429 | 94308k|1643.0 |  5703M |  49 | 603 |  32 |4766 |  19M|  6 | 165 |  58k|-6.287337e+08 | 8.515032e+02 |    Inf | unknown
 2638s| 57500 | 56525 | 94484k|1643.2 |  5711M |  49 | 603 |  32 |4273 |  19M|  5 | 165 |  58k|-6.287337e+08 | 8.515032e+02 |    Inf | unknown
 2644s| 57600 | 56625 | 94660k|1643.4 |  5719M |  49 | 603 |  32 |4311 |  19M|  7 | 165 |  58k|-6.287337e+08 | 8.515032e+02 |    Inf | unknown
 2651s| 57700 | 56725 | 94819k|1643.3 |  5724M |  49 | 603 |  32 |3645 |  19M|  2 | 166 |  58k|-6.287337e+08 | 8.515032e+02 |    Inf | unknown
 2656s| 57800 | 56825 | 94975k|1643.2 |  5735M |  49 | 603 |  32 |3682 |  19M|  2 | 166 |  58k|-6.287337e+08 | 8.515032e+02 |    Inf | unknown
 2660s| 57900 | 56925 | 95140k|1643.2 |  5742M |  49 | 603 |  32 |4354 |  19M|  7 | 166 |  58k|-6.287337e+08 | 8.515032e+02 |    Inf | unknown
 2666s| 58000 | 57023 | 95309k|1643.3 |  5750M |  49 | 603 |  32 |4388 |  19M|  8 | 166 |  58k|-6.287337e+08 | 8.515032e+02 |    Inf | unknown
 2671s| 58100 | 57123 | 95484k|1643.4 |  5759M |  49 | 603 |  32 |4427 |  19M|  2 | 166 |  58k|-6.287337e+08 | 8.515032e+02 |    Inf | unknown
 2676s| 58200 | 57219 | 95668k|1643.8 |  5764M |  49 | 603 |  32 |3928 |  19M|  2 | 166 |  58k|-6.287337e+08 | 8.515032e+02 |    Inf | unknown
 2681s| 58300 | 57319 | 95862k|1644.3 |  5769M |  49 | 603 |  32 |4312 |  19M|  2 | 166 |  58k|-6.287337e+08 | 8.515032e+02 |    Inf | unknown
 time | node  | left  |LP iter|LP it/n|mem/heur|mdpt |vars |cons |rows |cuts |sepa|confs|strbr|  dualbound   | primalbound  |  gap   | compl. 
 2686s| 58400 | 57419 | 96034k|1644.4 |  5780M |  49 | 603 |  32 |4538 |  19M|  3 | 166 |  58k|-6.287337e+08 | 8.515032e+02 |    Inf | unknown
 2689s| 58500 | 57515 | 96201k|1644.5 |  5783M |  49 | 603 |  34 |4059 |  19M|  2 | 168 |  58k|-6.287337e+08 | 8.515032e+02 |    Inf | unknown
 2698s| 58600 | 57613 | 96391k|1644.9 |  5792M |  49 | 603 |  35 |4085 |  19M|  2 | 169 |  58k|-6.287337e+08 | 8.515032e+02 |    Inf | unknown
 2704s| 58700 | 57711 | 96558k|1644.9 |  5792M |  49 | 603 |  34 |3511 |  19M|  2 | 169 |  58k|-6.287337e+08 | 8.515032e+02 |    Inf | unknown
 2709s| 58800 | 57811 | 96744k|1645.3 |  5800M |  49 | 603 |  33 |3868 |  19M|  3 | 169 |  58k|-6.287337e+08 | 8.515032e+02 |    Inf | unknown
 2714s| 58900 | 57903 | 96923k|1645.6 |  5805M |  49 | 603 |  33 |3726 |  19M|  2 | 170 |  58k|-6.287337e+08 | 8.515032e+02 |    Inf | unknown
 2719s| 59000 | 58003 | 97087k|1645.6 |  5879M |  49 | 603 |  33 |3484 |  19M|  2 | 170 |  58k|-6.287337e+08 | 8.515032e+02 |    Inf | unknown
 2724s| 59100 | 58099 | 97259k|1645.7 |  5889M |  49 | 603 |  33 |4133 |  19M|  2 | 170 |  58k|-6.287337e+08 | 8.515032e+02 |    Inf | unknown
 2731s| 59200 | 58195 | 97433k|1645.8 |  5897M |  49 | 603 |  33 |4317 |  19M|  5 | 170 |  59k|-6.287337e+08 | 8.515032e+02 |    Inf | unknown
 2736s| 59300 | 58291 | 97595k|1645.8 |  5905M |  49 | 603 |  32 |3913 |  19M|  2 | 170 |  59k|-6.287337e+08 | 8.515032e+02 |    Inf | unknown
 2740s| 59400 | 58391 | 97759k|1645.8 |  5913M |  49 | 603 |  32 |3492 |  19M|  2 | 170 |  59k|-6.287337e+08 | 8.515032e+02 |    Inf | unknown
 2744s| 59500 | 58491 | 97920k|1645.7 |  5921M |  49 | 603 |  32 |4539 |  19M|  2 | 170 |  59k|-6.287337e+08 | 8.515032e+02 |    Inf | unknown
 2750s| 59600 | 58591 | 98089k|1645.8 |  5927M |  49 | 603 |  31 |4792 |  20M|  8 | 170 |  59k|-6.287337e+08 | 8.515032e+02 |    Inf | unknown
 2757s| 59700 | 58691 | 98252k|1645.8 |  5936M |  49 | 603 |  31 |4316 |  20M|  3 | 170 |  59k|-6.287337e+08 | 8.515032e+02 |    Inf | unknown
 2762s| 59800 | 58787 | 98438k|1646.1 |  5945M |  49 | 603 |  31 |3732 |  20M|  2 | 170 |  59k|-6.287337e+08 | 8.515032e+02 |    Inf | unknown
 time | node  | left  |LP iter|LP it/n|mem/heur|mdpt |vars |cons |rows |cuts |sepa|confs|strbr|  dualbound   | primalbound  |  gap   | compl. 
 2768s| 59900 | 58887 | 98594k|1646.0 |  5956M |  49 | 603 |  32 |3885 |  20M|  3 | 171 |  59k|-6.287337e+08 | 8.515032e+02 |    Inf | unknown
 2775s| 60000 | 58985 | 98749k|1645.8 |  5965M |  49 | 603 |  30 |4609 |  20M| 10 | 171 |  59k|-6.287337e+08 | 8.515032e+02 |    Inf | unknown
 2780s| 60100 | 59079 | 98915k|1645.8 |  5976M |  49 | 603 |  30 |4637 |  20M|  2 | 171 |  59k|-6.287337e+08 | 8.515032e+02 |    Inf | unknown
 2786s| 60200 | 59175 | 99088k|1646.0 |  5985M |  49 | 603 |  30 |4402 |  20M|  3 | 171 |  59k|-6.287337e+08 | 8.515032e+02 |    Inf | unknown
 2790s| 60300 | 59267 | 99236k|1645.7 |  5991M |  49 | 603 |  29 |5498 |  20M| 14 | 171 |  59k|-6.287337e+08 | 8.515032e+02 |    Inf | unknown
 2797s| 60400 | 59365 | 99393k|1645.6 |  5997M |  49 | 603 |  30 |3883 |  20M|  2 | 172 |  59k|-6.287337e+08 | 8.515032e+02 |    Inf | unknown
 2800s| 60500 | 59463 | 99561k|1645.6 |  6005M |  49 | 603 |  30 |4405 |  20M|  7 | 172 |  59k|-6.287337e+08 | 8.515032e+02 |    Inf | unknown
 2807s| 60600 | 59563 | 99720k|1645.5 |  6010M |  49 | 603 |  30 |4550 |  20M|  4 | 172 |  59k|-6.287337e+08 | 8.515032e+02 |    Inf | unknown
 2813s| 60700 | 59663 | 99913k|1646.0 |  6015M |  49 | 603 |  31 |3809 |  20M|  2 | 173 |  59k|-6.287337e+08 | 8.515032e+02 |    Inf | unknown
 2820s| 60800 | 59763 |100078k|1646.0 |  6023M |  49 | 603 |  31 |3595 |  20M|  2 | 173 |  59k|-6.287337e+08 | 8.515032e+02 |    Inf | unknown
 2827s| 60900 | 59863 |100247k|1646.1 |  6029M |  49 | 603 |  31 |4333 |  20M| 15 | 173 |  59k|-6.287337e+08 | 8.515032e+02 |    Inf | unknown
 2834s| 61000 | 59959 |100391k|1645.8 |  6171M |  49 | 603 |  31 |2751 |  20M|  3 | 173 |  59k|-6.287337e+08 | 8.515032e+02 |    Inf | unknown
 2840s| 61100 | 60059 |100571k|1646.0 |  6176M |  49 | 603 |  31 |3545 |  20M|  2 | 173 |  59k|-6.287337e+08 | 8.515032e+02 |    Inf | unknown
 2847s| 61200 | 60159 |100756k|1646.3 |  6183M |  49 | 603 |  33 |3120 |  20M|  2 | 175 |  59k|-6.287337e+08 | 8.515032e+02 |    Inf | unknown
 2852s| 61300 | 60259 |100926k|1646.4 |  6188M |  49 | 603 |  33 |3037 |  20M|  2 | 175 |  59k|-6.287337e+08 | 8.515032e+02 |    Inf | unknown
 time | node  | left  |LP iter|LP it/n|mem/heur|mdpt |vars |cons |rows |cuts |sepa|confs|strbr|  dualbound   | primalbound  |  gap   | compl. 
 2856s| 61400 | 60359 |101114k|1646.8 |  6193M |  49 | 603 |  33 |3358 |  20M|  2 | 175 |  59k|-6.287337e+08 | 8.515032e+02 |    Inf | unknown
 2860s| 61500 | 60457 |101306k|1647.3 |  6202M |  49 | 603 |  33 |3868 |  20M|  1 | 175 |  59k|-6.287337e+08 | 8.515032e+02 |    Inf | unknown
 2866s| 61600 | 60557 |101487k|1647.5 |  6209M |  49 | 603 |  32 |3427 |  20M|  2 | 175 |  59k|-6.287337e+08 | 8.515032e+02 |    Inf | unknown
 2872s| 61700 | 60653 |101684k|1648.0 |  6213M |  49 | 603 |  32 |3563 |  20M|  4 | 175 |  59k|-6.287337e+08 | 8.515032e+02 |    Inf | unknown
 2876s| 61800 | 60753 |101870k|1648.4 |  6219M |  49 | 603 |  31 |4246 |  20M|  6 | 176 |  60k|-6.287337e+08 | 8.515032e+02 |    Inf | unknown
 2881s| 61900 | 60853 |102044k|1648.5 |  6224M |  49 | 603 |  32 |3447 |  20M|  2 | 177 |  60k|-6.287337e+08 | 8.515032e+02 |    Inf | unknown
 2885s| 62000 | 60951 |102250k|1649.2 |  6229M |  49 | 603 |  32 |4085 |  20M|  5 | 177 |  60k|-6.287337e+08 | 8.515032e+02 |    Inf | unknown
 2890s| 62100 | 61051 |102444k|1649.7 |  6238M |  49 | 603 |  37 |3177 |  20M|  3 | 182 |  60k|-6.287337e+08 | 8.515032e+02 |    Inf | unknown
 2894s| 62200 | 61151 |102626k|1649.9 |  6245M |  49 | 603 |  36 |4051 |  20M|  2 | 182 |  60k|-6.287337e+08 | 8.515032e+02 |    Inf | unknown
 2898s| 62300 | 61247 |102787k|1649.9 |  6251M |  49 | 603 |  31 |4092 |  20M|  5 | 182 |  60k|-6.287337e+08 | 8.515032e+02 |    Inf | unknown
 2904s| 62400 | 61341 |102943k|1649.7 |  6260M |  49 | 603 |  31 |3459 |  21M|  2 | 182 |  60k|-6.287337e+08 | 8.515032e+02 |    Inf | unknown
 2909s| 62500 | 61441 |103110k|1649.8 |  6269M |  49 | 603 |  31 |3145 |  21M|  2 | 182 |  60k|-6.287337e+08 | 8.515032e+02 |    Inf | unknown
 2914s| 62600 | 61539 |103292k|1650.0 |  6276M |  49 | 603 |  31 |   0 |  21M|  0 | 182 |  60k|-6.287337e+08 | 8.515032e+02 |    Inf | unknown
 2920s| 62700 | 61637 |103439k|1649.7 |  6288M |  49 | 603 |  31 |3591 |  21M|  2 | 182 |  60k|-6.287337e+08 | 8.515032e+02 |    Inf | unknown
 2925s| 62800 | 61737 |103594k|1649.6 |  6297M |  49 | 603 |  31 |3523 |  21M|  2 | 182 |  60k|-6.287337e+08 | 8.515032e+02 |    Inf | unknown
 time | node  | left  |LP iter|LP it/n|mem/heur|mdpt |vars |cons |rows |cuts |sepa|confs|strbr|  dualbound   | primalbound  |  gap   | compl. 
 2929s| 62900 | 61837 |103743k|1649.3 |  6306M |  49 | 603 |  31 |4381 |  21M| 13 | 182 |  60k|-6.287337e+08 | 8.515032e+02 |    Inf | unknown
 2938s| 63000 | 61937 |103887k|1649.0 |  6316M |  49 | 603 |  30 |4131 |  21M|  2 | 182 |  60k|-6.287337e+08 | 8.515032e+02 |    Inf | unknown
 2941s| 63100 | 62035 |104019k|1648.5 |  6322M |  49 | 603 |  30 |3599 |  21M|  3 | 182 |  60k|-6.287337e+08 | 8.515032e+02 |    Inf | unknown
 2945s| 63200 | 62133 |104175k|1648.3 |  6330M |  49 | 603 |  28 |4033 |  21M|  2 | 182 |  60k|-6.287337e+08 | 8.515032e+02 |    Inf | unknown
 2951s| 63300 | 62231 |104322k|1648.1 |  6339M |  49 | 603 |  28 |3854 |  21M|  3 | 182 |  60k|-6.287337e+08 | 8.515032e+02 |    Inf | unknown
 2956s| 63400 | 62331 |104465k|1647.7 |  6346M |  49 | 603 |  28 |4332 |  21M|  7 | 182 |  60k|-6.287337e+08 | 8.515032e+02 |    Inf | unknown
 2962s| 63500 | 62431 |104598k|1647.2 |  6356M |  49 | 603 |  28 |4008 |  21M|  2 | 182 |  60k|-6.287337e+08 | 8.515032e+02 |    Inf | unknown
 2966s| 63600 | 62527 |104731k|1646.7 |  6368M |  49 | 603 |  28 |3761 |  21M|  2 | 182 |  60k|-6.287337e+08 | 8.515032e+02 |    Inf | unknown
 2974s| 63700 | 62627 |104867k|1646.3 |  6375M |  49 | 603 |  28 |3801 |  21M|  2 | 182 |  60k|-6.287337e+08 | 8.515032e+02 |    Inf | unknown
 2978s| 63800 | 62725 |104996k|1645.7 |  6384M |  49 | 603 |  28 |4568 |  21M|  5 | 182 |  60k|-6.287337e+08 | 8.515032e+02 |    Inf | unknown
 2984s| 63900 | 62823 |105175k|1645.9 |  6395M |  49 | 603 |  27 |4019 |  21M|  2 | 182 |  60k|-6.287337e+08 | 8.515032e+02 |    Inf | unknown
 2989s| 64000 | 62921 |105326k|1645.7 |  6401M |  49 | 603 |  27 |4199 |  21M|  2 | 182 |  61k|-6.287337e+08 | 8.515032e+02 |    Inf | unknown
 2994s| 64100 | 63021 |105506k|1646.0 |  6413M |  49 | 603 |  27 |3980 |  21M|  2 | 182 |  61k|-6.287337e+08 | 8.515032e+02 |    Inf | unknown
 3001s| 64200 | 63117 |105652k|1645.7 |  6424M |  49 | 603 |  27 |4177 |  21M|  3 | 182 |  61k|-6.287337e+08 | 8.515032e+02 |    Inf | unknown
 3005s| 64300 | 63213 |105831k|1645.9 |  6431M |  49 | 603 |  27 |3970 |  21M|  2 | 182 |  61k|-6.287337e+08 | 8.515032e+02 |    Inf | unknown
 time | node  | left  |LP iter|LP it/n|mem/heur|mdpt |vars |cons |rows |cuts |sepa|confs|strbr|  dualbound   | primalbound  |  gap   | compl. 
 3011s| 64400 | 63313 |106010k|1646.1 |  6439M |  49 | 603 |  27 |3843 |  21M|  3 | 182 |  61k|-6.287337e+08 | 8.515032e+02 |    Inf | unknown
 3016s| 64500 | 63411 |106188k|1646.3 |  6446M |  49 | 603 |  27 |4460 |  21M|  5 | 182 |  61k|-6.287337e+08 | 8.515032e+02 |    Inf | unknown
 3021s| 64600 | 63509 |106364k|1646.5 |  6454M |  49 | 603 |  28 |3800 |  21M|  3 | 183 |  61k|-6.287337e+08 | 8.515032e+02 |    Inf | unknown
 3028s| 64700 | 63609 |106517k|1646.3 |  6463M |  49 | 603 |  28 |4093 |  21M|  2 | 183 |  61k|-6.287337e+08 | 8.515032e+02 |    Inf | unknown
 3033s| 64800 | 63703 |106686k|1646.4 |  6473M |  49 | 603 |  28 |4137 |  21M|  2 | 183 |  61k|-6.287337e+08 | 8.515032e+02 |    Inf | unknown
 3038s| 64900 | 63803 |106859k|1646.5 |  6479M |  49 | 603 |  27 |4340 |  21M| 16 | 183 |  61k|-6.287337e+08 | 8.515032e+02 |    Inf | unknown
 3045s| 65000 | 63901 |107019k|1646.5 |  6488M |  49 | 603 |  27 |4413 |  21M|  8 | 183 |  61k|-6.287337e+08 | 8.515032e+02 |    Inf | unknown
 3050s| 65100 | 63997 |107199k|1646.7 |  6498M |  49 | 603 |  27 |3750 |  22M|  2 | 183 |  61k|-6.287337e+08 | 8.515032e+02 |    Inf | unknown
 3057s| 65200 | 64097 |107368k|1646.8 |  6504M |  49 | 603 |  27 |3999 |  22M|  2 | 183 |  61k|-6.287337e+08 | 8.515032e+02 |    Inf | unknown
 3062s| 65300 | 64195 |107524k|1646.6 |  6512M |  49 | 603 |  27 |4003 |  22M|  2 | 183 |  61k|-6.287337e+08 | 8.515032e+02 |    Inf | unknown
 3066s| 65400 | 64295 |107700k|1646.8 |  6518M |  49 | 603 |  27 |3761 |  22M|  2 | 183 |  61k|-6.287337e+08 | 8.515032e+02 |    Inf | unknown
 3071s| 65500 | 64393 |107882k|1647.1 |  6524M |  49 | 603 |  27 |4536 |  22M|  9 | 183 |  61k|-6.287337e+08 | 8.515032e+02 |    Inf | unknown
 3075s| 65600 | 64493 |108048k|1647.1 |  6530M |  49 | 603 |  27 |3748 |  22M|  2 | 183 |  61k|-6.287337e+08 | 8.515032e+02 |    Inf | unknown
 3082s| 65700 | 64591 |108247k|1647.6 |  6539M |  49 | 603 |  27 |4602 |  22M|  4 | 183 |  61k|-6.287337e+08 | 8.515032e+02 |    Inf | unknown
 3087s| 65800 | 64691 |108421k|1647.7 |  6545M |  49 | 603 |  27 |4142 |  22M|  5 | 183 |  61k|-6.287337e+08 | 8.515032e+02 |    Inf | unknown
 time | node  | left  |LP iter|LP it/n|mem/heur|mdpt |vars |cons |rows |cuts |sepa|confs|strbr|  dualbound   | primalbound  |  gap   | compl. 
 3092s| 65900 | 64791 |108590k|1647.8 |  6555M |  49 | 603 |  27 |4930 |  22M|  7 | 183 |  61k|-6.287337e+08 | 8.515032e+02 |    Inf | unknown
 3098s| 66000 | 64889 |108785k|1648.3 |  6562M |  49 | 603 |  27 |4005 |  22M|  2 | 183 |  61k|-6.287337e+08 | 8.515032e+02 |    Inf | unknown
 3104s| 66100 | 64989 |108965k|1648.5 |  6568M |  49 | 603 |  28 |4479 |  22M| 16 | 184 |  61k|-6.287337e+08 | 8.515032e+02 |    Inf | unknown
 3110s| 66200 | 65089 |109148k|1648.8 |  6573M |  49 | 603 |  28 |3657 |  22M|  4 | 184 |  61k|-6.287337e+08 | 8.515032e+02 |    Inf | unknown
 3114s| 66300 | 65189 |109342k|1649.2 |  6579M |  49 | 603 |  28 |4068 |  22M|  2 | 184 |  61k|-6.287337e+08 | 8.515032e+02 |    Inf | unknown
 3118s| 66400 | 65289 |109486k|1648.9 |  6586M |  49 | 603 |  27 |4341 |  22M|  2 | 184 |  62k|-6.287337e+08 | 8.515032e+02 |    Inf | unknown
 3124s| 66500 | 65385 |109650k|1648.9 |  6597M |  49 | 603 |  27 |4391 |  22M| 19 | 184 |  62k|-6.287337e+08 | 8.515032e+02 |    Inf | unknown
 3127s| 66600 | 65485 |109785k|1648.4 |  6603M |  49 | 603 |  27 |4137 |  22M|  2 | 184 |  62k|-6.287337e+08 | 8.515032e+02 |    Inf | unknown
 3132s| 66700 | 65585 |109946k|1648.4 |  6611M |  49 | 603 |  27 |4116 |  22M|  2 | 184 |  62k|-6.287337e+08 | 8.515032e+02 |    Inf | unknown
 3138s| 66800 | 65685 |110097k|1648.2 |  6619M |  49 | 603 |  27 |4466 |  22M|  7 | 184 |  62k|-6.287337e+08 | 8.515032e+02 |    Inf | unknown
 3143s| 66900 | 65783 |110244k|1647.9 |  6629M |  49 | 603 |  27 |4618 |  22M| 28 | 184 |  62k|-6.287337e+08 | 8.515032e+02 |    Inf | unknown
 3147s| 67000 | 65879 |110406k|1647.9 |  6637M |  49 | 603 |  27 |4401 |  22M|  2 | 184 |  62k|-6.287337e+08 | 8.515032e+02 |    Inf | unknown
 3153s| 67100 | 65975 |110576k|1647.9 |  6645M |  49 | 603 |  27 |4405 |  22M|  2 | 184 |  62k|-6.287337e+08 | 8.515032e+02 |    Inf | unknown
 3160s| 67200 | 66075 |110750k|1648.1 |  6651M |  49 | 603 |  27 |3947 |  22M|  2 | 184 |  62k|-6.287337e+08 | 8.515032e+02 |    Inf | unknown
 3165s| 67300 | 66175 |110926k|1648.2 |  6661M |  49 | 603 |  27 |3175 |  22M|  2 | 184 |  62k|-6.287337e+08 | 8.515032e+02 |    Inf | unknown
 time | node  | left  |LP iter|LP it/n|mem/heur|mdpt |vars |cons |rows |cuts |sepa|confs|strbr|  dualbound   | primalbound  |  gap   | compl. 
 3168s| 67400 | 66273 |111106k|1648.5 |  6667M |  49 | 603 |  27 |3746 |  22M|  2 | 184 |  62k|-6.287337e+08 | 8.515032e+02 |    Inf | unknown
 3173s| 67500 | 66371 |111285k|1648.7 |  6675M |  49 | 603 |  27 |4332 |  22M|  2 | 184 |  62k|-6.287337e+08 | 8.515032e+02 |    Inf | unknown
 3181s| 67600 | 66471 |111481k|1649.1 |  6685M |  49 | 603 |  27 |4141 |  22M|  2 | 184 |  62k|-6.287337e+08 | 8.515032e+02 |    Inf | unknown
 3187s| 67700 | 66571 |111627k|1648.8 |  6691M |  49 | 603 |  27 |4252 |  22M|  6 | 184 |  62k|-6.287337e+08 | 8.515032e+02 |    Inf | unknown
 3192s| 67800 | 66663 |111799k|1649.0 |  6698M |  49 | 603 |  27 |3310 |  22M|  3 | 184 |  62k|-6.287337e+08 | 8.515032e+02 |    Inf | unknown
 3198s| 67900 | 66763 |111976k|1649.1 |  6705M |  49 | 603 |  27 |4242 |  23M|  6 | 184 |  62k|-6.287337e+08 | 8.515032e+02 |    Inf | unknown
 3203s| 68000 | 66863 |112118k|1648.8 |  6713M |  49 | 603 |  27 |4597 |  23M|  6 | 184 |  62k|-6.287337e+08 | 8.515032e+02 |    Inf | unknown
 3209s| 68100 | 66959 |112305k|1649.1 |  6718M |  49 | 603 |  27 |4290 |  23M|  2 | 184 |  62k|-6.287337e+08 | 8.515032e+02 |    Inf | unknown
 3215s| 68200 | 67059 |112467k|1649.1 |  6727M |  49 | 603 |  27 |4359 |  23M| 20 | 184 |  62k|-6.287337e+08 | 8.515032e+02 |    Inf | unknown
 3220s| 68300 | 67157 |112646k|1649.3 |  6738M |  49 | 603 |  27 |3520 |  23M|  2 | 184 |  62k|-6.287337e+08 | 8.515032e+02 |    Inf | unknown
 3225s| 68400 | 67251 |112835k|1649.6 |  6744M |  49 | 603 |  28 |3084 |  23M|  2 | 185 |  62k|-6.287337e+08 | 8.515032e+02 |    Inf | unknown
 3229s| 68500 | 67345 |112998k|1649.6 |  6751M |  49 | 603 |  28 |3446 |  23M|  2 | 185 |  62k|-6.287337e+08 | 8.515032e+02 |    Inf | unknown
 3234s| 68600 | 67445 |113178k|1649.8 |  6762M |  49 | 603 |  28 |4145 |  23M|  2 | 185 |  62k|-6.287337e+08 | 8.515032e+02 |    Inf | unknown
 3241s| 68700 | 67543 |113362k|1650.1 |  6769M |  49 | 603 |  28 |3734 |  23M|  2 | 185 |  62k|-6.287337e+08 | 8.515032e+02 |    Inf | unknown
 3247s| 68800 | 67639 |113541k|1650.3 |  6775M |  49 | 603 |  28 |4330 |  23M|  2 | 185 |  62k|-6.287337e+08 | 8.515032e+02 |    Inf | unknown
 time | node  | left  |LP iter|LP it/n|mem/heur|mdpt |vars |cons |rows |cuts |sepa|confs|strbr|  dualbound   | primalbound  |  gap   | compl. 
 3255s| 68900 | 67739 |113695k|1650.1 |  6785M |  49 | 603 |  28 |4415 |  23M|  2 | 185 |  63k|-6.287337e+08 | 8.515032e+02 |    Inf | unknown
 3261s| 69000 | 67839 |113850k|1650.0 |  6794M |  49 | 603 |  28 |4563 |  23M|  6 | 185 |  63k|-6.287337e+08 | 8.515032e+02 |    Inf | unknown
 3267s| 69100 | 67939 |114017k|1650.0 |  6801M |  49 | 603 |  29 |4809 |  23M|  8 | 186 |  63k|-6.287337e+08 | 8.515032e+02 |    Inf | unknown
 3272s| 69200 | 68037 |114191k|1650.2 |  6808M |  49 | 603 |  29 |4669 |  23M|  6 | 186 |  63k|-6.287337e+08 | 8.515032e+02 |    Inf | unknown
 3281s| 69300 | 68131 |114366k|1650.3 |  6818M |  49 | 603 |  29 |3655 |  23M|  2 | 186 |  63k|-6.287337e+08 | 8.515032e+02 |    Inf | unknown
 3288s| 69400 | 68231 |114535k|1650.4 |  6827M |  49 | 603 |  29 |4046 |  23M|  2 | 186 |  63k|-6.287337e+08 | 8.515032e+02 |    Inf | unknown
 3296s| 69500 | 68331 |114707k|1650.5 |  6834M |  49 | 603 |  29 |4495 |  23M|  2 | 186 |  63k|-6.287337e+08 | 8.515032e+02 |    Inf | unknown
 3302s| 69600 | 68429 |114845k|1650.1 |  6844M |  49 | 603 |  29 |4492 |  23M| 10 | 186 |  63k|-6.287337e+08 | 8.515032e+02 |    Inf | unknown
 3307s| 69700 | 68529 |115011k|1650.1 |  6848M |  49 | 603 |  29 |3941 |  23M|  3 | 186 |  63k|-6.287337e+08 | 8.515032e+02 |    Inf | unknown
 3311s| 69800 | 68625 |115169k|1650.0 |  6857M |  49 | 603 |  29 |3011 |  23M|  3 | 186 |  63k|-6.287337e+08 | 8.515032e+02 |    Inf | unknown
 3322s| 69900 | 68723 |115344k|1650.1 |  6867M |  49 | 603 |  29 |3995 |  23M|  2 | 186 |  63k|-6.287337e+08 | 8.515032e+02 |    Inf | unknown
 3328s| 70000 | 68823 |115544k|1650.6 |  6873M |  49 | 603 |  29 |3469 |  23M|  2 | 186 |  63k|-6.287337e+08 | 8.515032e+02 |    Inf | unknown
 3332s| 70100 | 68923 |115734k|1651.0 |  6878M |  49 | 603 |  29 |3872 |  23M|  3 | 186 |  63k|-6.287337e+08 | 8.515032e+02 |    Inf | unknown
 3337s| 70200 | 69023 |115895k|1650.9 |  6889M |  49 | 603 |  29 |4005 |  23M|  4 | 186 |  63k|-6.287337e+08 | 8.515032e+02 |    Inf | unknown
 3341s| 70300 | 69123 |116055k|1650.9 |  6897M |  49 | 603 |  29 |4390 |  23M|  4 | 186 |  63k|-6.287337e+08 | 8.515032e+02 |    Inf | unknown
 time | node  | left  |LP iter|LP it/n|mem/heur|mdpt |vars |cons |rows |cuts |sepa|confs|strbr|  dualbound   | primalbound  |  gap   | compl. 
 3345s| 70400 | 69221 |116226k|1650.9 |  6982M |  49 | 603 |  29 |4753 |  23M|  8 | 186 |  63k|-6.287337e+08 | 8.515032e+02 |    Inf | unknown
 3351s| 70500 | 69319 |116408k|1651.2 |  6990M |  49 | 603 |  29 |4437 |  23M|  6 | 186 |  63k|-6.287337e+08 | 8.515032e+02 |    Inf | unknown
 3358s| 70600 | 69419 |116596k|1651.5 |  6995M |  49 | 603 |  29 |3466 |  23M|  2 | 186 |  63k|-6.287337e+08 | 8.515032e+02 |    Inf | unknown
 3363s| 70700 | 69519 |116762k|1651.5 |  7003M |  49 | 603 |  29 |2755 |  24M|  3 | 186 |  63k|-6.287337e+08 | 8.515032e+02 |    Inf | unknown
 3369s| 70800 | 69619 |116907k|1651.2 |  7014M |  49 | 603 |  29 |4272 |  24M| 21 | 186 |  63k|-6.287337e+08 | 8.515032e+02 |    Inf | unknown
 3374s| 70900 | 69717 |117076k|1651.3 |  7019M |  49 | 603 |  29 |3722 |  24M|  2 | 186 |  63k|-6.287337e+08 | 8.515032e+02 |    Inf | unknown
 3380s| 71000 | 69813 |117257k|1651.5 |  7028M |  49 | 603 |  30 |3068 |  24M|  2 | 187 |  63k|-6.287337e+08 | 8.515032e+02 |    Inf | unknown
 3384s| 71100 | 69913 |117413k|1651.4 |  7036M |  49 | 603 |  30 |4716 |  24M|  5 | 187 |  63k|-6.287337e+08 | 8.515032e+02 |    Inf | unknown
 3390s| 71200 | 70003 |117565k|1651.2 |  7044M |  49 | 603 |  30 |4425 |  24M|  3 | 187 |  63k|-6.287337e+08 | 8.515032e+02 |    Inf | unknown
 3395s| 71300 | 70093 |117720k|1651.1 |  7055M |  49 | 603 |  30 |4603 |  24M| 20 | 187 |  63k|-6.287337e+08 | 8.515032e+02 |    Inf | unknown
 3400s| 71400 | 70191 |117868k|1650.8 |  7062M |  49 | 603 |  30 |3677 |  24M|  2 | 187 |  64k|-6.287337e+08 | 8.515032e+02 |    Inf | unknown
 3404s| 71500 | 70289 |118032k|1650.8 |  7069M |  49 | 603 |  30 |3790 |  24M|  2 | 187 |  64k|-6.287337e+08 | 8.515032e+02 |    Inf | unknown
 3409s| 71600 | 70387 |118202k|1650.9 |  7075M |  49 | 603 |  30 |3885 |  24M|  2 | 187 |  64k|-6.287337e+08 | 8.515032e+02 |    Inf | unknown
 3413s| 71700 | 70487 |118330k|1650.4 |  7085M |  49 | 603 |  30 |3306 |  24M|  2 | 187 |  64k|-6.287337e+08 | 8.515032e+02 |    Inf | unknown
 3418s| 71800 | 70587 |118502k|1650.4 |  7091M |  49 | 603 |  30 |4036 |  24M|  1 | 187 |  64k|-6.287337e+08 | 8.515032e+02 |    Inf | unknown
 time | node  | left  |LP iter|LP it/n|mem/heur|mdpt |vars |cons |rows |cuts |sepa|confs|strbr|  dualbound   | primalbound  |  gap   | compl. 
 3423s| 71900 | 70687 |118672k|1650.5 |  7095M |  49 | 603 |  30 |4598 |  24M|  2 | 187 |  64k|-6.287337e+08 | 8.515032e+02 |    Inf | unknown
 3430s| 72000 | 70785 |118826k|1650.4 |  7104M |  49 | 603 |  29 |4467 |  24M|  2 | 187 |  64k|-6.287337e+08 | 8.515032e+02 |    Inf | unknown
 3436s| 72100 | 70885 |118983k|1650.3 |  7116M |  49 | 603 |  29 |3769 |  24M|  1 | 187 |  64k|-6.287337e+08 | 8.515032e+02 |    Inf | unknown
 3440s| 72200 | 70983 |119158k|1650.4 |  7125M |  49 | 603 |  32 |3884 |  24M|  3 | 190 |  64k|-6.287337e+08 | 8.515032e+02 |    Inf | unknown
 3447s| 72300 | 71083 |119312k|1650.2 |  7131M |  49 | 603 |  32 |3484 |  24M|  2 | 190 |  64k|-6.287337e+08 | 8.515032e+02 |    Inf | unknown
 3452s| 72400 | 71181 |119471k|1650.2 |  7139M |  49 | 603 |  32 |3521 |  24M|  2 | 190 |  64k|-6.287337e+08 | 8.515032e+02 |    Inf | unknown
 3457s| 72500 | 71281 |119670k|1650.6 |  7144M |  49 | 603 |  32 |3343 |  24M|  2 | 190 |  64k|-6.287337e+08 | 8.515032e+02 |    Inf | unknown
 3464s| 72600 | 71381 |119844k|1650.7 |  7150M |  49 | 603 |  33 |3855 |  24M|  2 | 191 |  64k|-6.287337e+08 | 8.515032e+02 |    Inf | unknown
 3469s| 72700 | 71477 |120037k|1651.1 |  7159M |  49 | 603 |  31 |4432 |  24M|  9 | 191 |  64k|-6.287337e+08 | 8.515032e+02 |    Inf | unknown
 3475s| 72800 | 71573 |120223k|1651.4 |  7163M |  49 | 603 |  31 |4097 |  24M|  6 | 191 |  64k|-6.287337e+08 | 8.515032e+02 |    Inf | unknown
 3480s| 72900 | 71671 |120447k|1652.2 |  7169M |  49 | 603 |  32 |4073 |  24M|  5 | 192 |  64k|-6.287337e+08 | 8.515032e+02 |    Inf | unknown
 3486s| 73000 | 71763 |120643k|1652.6 |  7177M |  49 | 603 |  31 |3612 |  24M|  2 | 192 |  64k|-6.287337e+08 | 8.515032e+02 |    Inf | unknown
 3493s| 73100 | 71863 |120787k|1652.4 |  7349M |  49 | 603 |  31 |3779 |  24M|  2 | 192 |  64k|-6.287337e+08 | 8.515032e+02 |    Inf | unknown
 3499s| 73200 | 71959 |120962k|1652.5 |  7362M |  49 | 603 |  31 |4234 |  24M|  8 | 192 |  64k|-6.287337e+08 | 8.515032e+02 |    Inf | unknown
 3504s| 73300 | 72055 |121148k|1652.8 |  7371M |  49 | 603 |  31 |4852 |  24M| 16 | 192 |  64k|-6.287337e+08 | 8.515032e+02 |    Inf | unknown
 time | node  | left  |LP iter|LP it/n|mem/heur|mdpt |vars |cons |rows |cuts |sepa|confs|strbr|  dualbound   | primalbound  |  gap   | compl. 
 3509s| 73400 | 72151 |121328k|1653.0 |  7376M |  49 | 603 |  32 |4108 |  24M|  8 | 193 |  64k|-6.287337e+08 | 8.515032e+02 |    Inf | unknown
 3513s| 73500 | 72251 |121494k|1653.0 |  7385M |  49 | 603 |  31 |4195 |  25M|  2 | 193 |  64k|-6.287337e+08 | 8.515032e+02 |    Inf | unknown
 3517s| 73600 | 72349 |121667k|1653.1 |  7395M |  49 | 603 |  31 |4320 |  25M|  6 | 193 |  64k|-6.287337e+08 | 8.515032e+02 |    Inf | unknown
 3521s| 73700 | 72449 |121835k|1653.1 |  7402M |  49 | 603 |  31 |3651 |  25M|  2 | 193 |  64k|-6.287337e+08 | 8.515032e+02 |    Inf | unknown
 3525s| 73800 | 72549 |121985k|1652.9 |  7411M |  49 | 603 |  31 |4108 |  25M|  6 | 193 |  64k|-6.287337e+08 | 8.515032e+02 |    Inf | unknown
 3531s| 73900 | 72641 |122150k|1652.9 |  7404M |  49 | 603 |  31 |4746 |  25M|  7 | 193 |  64k|-6.287337e+08 | 8.515032e+02 |    Inf | unknown
 3536s| 74000 | 72737 |122346k|1653.3 |  7409M |  49 | 603 |  30 |3726 |  25M|  2 | 193 |  65k|-6.287337e+08 | 8.515032e+02 |    Inf | unknown
 3541s| 74100 | 72827 |122547k|1653.8 |  7416M |  49 | 603 |  30 |3892 |  25M|  2 | 193 |  65k|-6.287337e+08 | 8.515032e+02 |    Inf | unknown
 3547s| 74200 | 72923 |122727k|1654.0 |  7424M |  49 | 603 |  30 |4272 |  25M|  2 | 193 |  65k|-6.287337e+08 | 8.515032e+02 |    Inf | unknown
 3553s| 74300 | 73021 |122914k|1654.3 |  7434M |  49 | 603 |  30 |4126 |  25M|  4 | 193 |  65k|-6.287337e+08 | 8.515032e+02 |    Inf | unknown
 3557s| 74400 | 73121 |123097k|1654.5 |  7440M |  49 | 603 |  30 |3863 |  25M|  2 | 193 |  65k|-6.287337e+08 | 8.515032e+02 |    Inf | unknown
 3564s| 74500 | 73221 |123265k|1654.6 |  7448M |  49 | 603 |  30 |3650 |  25M|  2 | 193 |  65k|-6.287337e+08 | 8.515032e+02 |    Inf | unknown
 3568s| 74600 | 73321 |123421k|1654.4 |  7455M |  49 | 603 |  30 |3928 |  25M|  2 | 193 |  65k|-6.287337e+08 | 8.515032e+02 |    Inf | unknown
 3572s| 74700 | 73413 |123593k|1654.5 |  7468M |  49 | 603 |  30 |3744 |  25M|  2 | 193 |  65k|-6.287337e+08 | 8.515032e+02 |    Inf | unknown
 3576s| 74800 | 73513 |123770k|1654.7 |  7478M |  49 | 603 |  30 |4726 |  25M|  4 | 193 |  65k|-6.287337e+08 | 8.515032e+02 |    Inf | unknown
 time | node  | left  |LP iter|LP it/n|mem/heur|mdpt |vars |cons |rows |cuts |sepa|confs|strbr|  dualbound   | primalbound  |  gap   | compl. 
 3582s| 74900 | 73611 |123931k|1654.6 |  7486M |  49 | 603 |  30 |4197 |  25M|  7 | 193 |  65k|-6.287337e+08 | 8.515032e+02 |    Inf | unknown
 3588s| 75000 | 73712 |124083k|1654.4 |  7495M |  49 | 603 |  30 |3844 |  25M|  2 | 193 |  65k|-6.287337e+08 | 8.515032e+02 |    Inf | unknown
 3593s| 75100 | 73808 |124226k|1654.1 |  7503M |  49 | 603 |  29 |3984 |  25M|  4 | 193 |  65k|-6.287337e+08 | 8.515032e+02 |    Inf | unknown
 3603s| 75200 | 73908 |124370k|1653.9 |  7512M |  49 | 603 |  29 |4253 |  25M|  4 | 193 |  65k|-6.287337e+08 | 8.515032e+02 |    Inf | unknown
 3607s| 75300 | 74006 |124504k|1653.4 |  7523M |  49 | 603 |  29 |4060 |  25M|  2 | 193 |  65k|-6.287337e+08 | 8.515032e+02 |    Inf | unknown
 3612s| 75400 | 74102 |124675k|1653.5 |  7531M |  49 | 603 |  29 |3653 |  25M|  2 | 193 |  65k|-6.287337e+08 | 8.515032e+02 |    Inf | unknown
 3616s| 75500 | 74200 |124822k|1653.3 |  7539M |  49 | 603 |  29 |4129 |  25M|  4 | 193 |  65k|-6.287337e+08 | 8.515032e+02 |    Inf | unknown
 3622s| 75600 | 74300 |124978k|1653.1 |  7548M |  49 | 603 |  29 |4051 |  25M|  2 | 193 |  65k|-6.287337e+08 | 8.515032e+02 |    Inf | unknown
 3626s| 75700 | 74398 |125154k|1653.3 |  7556M |  49 | 603 |  29 |4483 |  25M|  3 | 193 |  65k|-6.287337e+08 | 8.515032e+02 |    Inf | unknown
 3639s| 75800 | 74498 |125304k|1653.1 |  7564M |  49 | 603 |  29 |4615 |  25M|  6 | 193 |  65k|-6.287337e+08 | 8.515032e+02 |    Inf | unknown
 3645s| 75900 | 74594 |125471k|1653.1 |  7571M |  49 | 603 |  29 |3908 |  25M|  3 | 193 |  65k|-6.287337e+08 | 8.515032e+02 |    Inf | unknown
 3650s| 76000 | 74690 |125626k|1653.0 |  7582M |  49 | 603 |  29 |3866 |  25M|  2 | 193 |  65k|-6.287337e+08 | 8.515032e+02 |    Inf | unknown
 3654s| 76100 | 74790 |125769k|1652.7 |  7590M |  49 | 603 |  29 |3627 |  25M|  1 | 193 |  65k|-6.287337e+08 | 8.515032e+02 |    Inf | unknown
 3659s| 76200 | 74886 |125945k|1652.8 |  7598M |  49 | 603 |  29 |4566 |  25M|  5 | 193 |  65k|-6.287337e+08 | 8.515032e+02 |    Inf | unknown
 3664s| 76300 | 74986 |126132k|1653.1 |  7603M |  49 | 603 |  29 |5035 |  26M| 10 | 193 |  66k|-6.287337e+08 | 8.515032e+02 |    Inf | unknown
 time | node  | left  |LP iter|LP it/n|mem/heur|mdpt |vars |cons |rows |cuts |sepa|confs|strbr|  dualbound   | primalbound  |  gap   | compl. 
 3671s| 76400 | 75086 |126289k|1653.0 |  7609M |  49 | 603 |  29 |3542 |  26M|  2 | 193 |  66k|-6.287337e+08 | 8.515032e+02 |    Inf | unknown
 3677s| 76500 | 75186 |126461k|1653.1 |  7619M |  49 | 603 |  29 |4291 |  26M|  3 | 193 |  66k|-6.287337e+08 | 8.515032e+02 |    Inf | unknown
 3682s| 76600 | 75284 |126636k|1653.2 |  7625M |  49 | 603 |  30 |4903 |  26M| 19 | 194 |  66k|-6.287337e+08 | 8.515032e+02 |    Inf | unknown
 3688s| 76700 | 75382 |126794k|1653.1 |  7631M |  49 | 603 |  30 |3430 |  26M|  2 | 194 |  66k|-6.287337e+08 | 8.515032e+02 |    Inf | unknown
 3696s| 76800 | 75480 |126976k|1653.3 |  7643M |  49 | 603 |  30 |4087 |  26M|  3 | 194 |  66k|-6.287337e+08 | 8.515032e+02 |    Inf | unknown
 3706s| 76900 | 75578 |127140k|1653.3 |  7650M |  49 | 603 |  30 |4204 |  26M|  3 | 194 |  66k|-6.287337e+08 | 8.515032e+02 |    Inf | unknown
 3712s| 77000 | 75672 |127313k|1653.4 |  7659M |  49 | 603 |  30 |4130 |  26M|  2 | 194 |  66k|-6.287337e+08 | 8.515032e+02 |    Inf | unknown
 3717s| 77100 | 75772 |127464k|1653.2 |  7665M |  49 | 603 |  30 |4216 |  26M|  4 | 194 |  66k|-6.287337e+08 | 8.515032e+02 |    Inf | unknown
 3725s| 77200 | 75872 |127582k|1652.6 |  7674M |  49 | 603 |  30 |3405 |  26M|  3 | 194 |  66k|-6.287337e+08 | 8.515032e+02 |    Inf | unknown
 3733s| 77300 | 75970 |127759k|1652.8 |  7682M |  49 | 603 |  30 |3157 |  26M|  2 | 194 |  66k|-6.287337e+08 | 8.515032e+02 |    Inf | unknown
 3738s| 77400 | 76070 |127927k|1652.8 |  7689M |  49 | 603 |  30 |3831 |  26M|  2 | 194 |  66k|-6.287337e+08 | 8.515032e+02 |    Inf | unknown
 3742s| 77500 | 76170 |128085k|1652.7 |  7698M |  49 | 603 |  31 |3918 |  26M|  2 | 195 |  66k|-6.287337e+08 | 8.515032e+02 |    Inf | unknown
 3748s| 77600 | 76270 |128274k|1653.0 |  7707M |  49 | 603 |  31 |4008 |  26M|  2 | 195 |  66k|-6.287337e+08 | 8.515032e+02 |    Inf | unknown
 3752s| 77700 | 76368 |128448k|1653.1 |  7715M |  49 | 603 |  30 |4096 |  26M|  3 | 195 |  66k|-6.287337e+08 | 8.515032e+02 |    Inf | unknown
 3759s| 77800 | 76466 |128594k|1652.9 |  7723M |  49 | 603 |  31 |4094 |  26M|  4 | 196 |  66k|-6.287337e+08 | 8.515032e+02 |    Inf | unknown
 time | node  | left  |LP iter|LP it/n|mem/heur|mdpt |vars |cons |rows |cuts |sepa|confs|strbr|  dualbound   | primalbound  |  gap   | compl. 
 3764s| 77900 | 76564 |128757k|1652.9 |  7732M |  49 | 603 |  32 |3710 |  26M|  2 | 197 |  66k|-6.287337e+08 | 8.515032e+02 |    Inf | unknown
 3772s| 78000 | 76662 |128947k|1653.2 |  7739M |  49 | 603 |  32 |3978 |  26M|  3 | 197 |  66k|-6.287337e+08 | 8.515032e+02 |    Inf | unknown
 3779s| 78100 | 76762 |129104k|1653.1 |  7748M |  49 | 603 |  36 |4791 |  26M|  2 | 201 |  66k|-6.287337e+08 | 8.515032e+02 |    Inf | unknown
 3785s| 78200 | 76856 |129298k|1653.4 |  7757M |  49 | 603 |  37 |3765 |  26M|  2 | 202 |  66k|-6.287337e+08 | 8.515032e+02 |    Inf | unknown
 3790s| 78300 | 76954 |129468k|1653.5 |  7766M |  49 | 603 |  37 |4468 |  26M|  9 | 202 |  66k|-6.287337e+08 | 8.515032e+02 |    Inf | unknown
 3796s| 78400 | 77054 |129635k|1653.5 |  7773M |  49 | 603 |  35 |4426 |  26M|  2 | 202 |  66k|-6.287337e+08 | 8.515032e+02 |    Inf | unknown
 3800s| 78500 | 77152 |129811k|1653.6 |  7781M |  49 | 603 |  34 |4114 |  26M|  2 | 202 |  66k|-6.287337e+08 | 8.515032e+02 |    Inf | unknown
 3805s| 78600 | 77250 |129973k|1653.6 |  7787M |  49 | 603 |  32 |3959 |  26M|  2 | 202 |  66k|-6.287337e+08 | 8.515032e+02 |    Inf | unknown
 3812s| 78700 | 77350 |130208k|1654.5 |  7797M |  49 | 603 |  32 |4395 |  26M| 27 | 202 |  66k|-6.287337e+08 | 8.515032e+02 |    Inf | unknown
 3820s| 78800 | 77450 |130402k|1654.9 |  7804M |  49 | 603 |  32 |3483 |  26M|  2 | 202 |  66k|-6.287337e+08 | 8.515032e+02 |    Inf | unknown
 3831s| 78900 | 77550 |130613k|1655.4 |  7812M |  49 | 603 |  32 |3882 |  26M|  3 | 202 |  66k|-6.287337e+08 | 8.515032e+02 |    Inf | unknown
 3834s| 79000 | 77644 |130770k|1655.3 |  7819M |  49 | 603 |  32 |3131 |  26M|  2 | 202 |  67k|-6.287337e+08 | 8.515032e+02 |    Inf | unknown
 3839s| 79100 | 77744 |130936k|1655.3 |  7825M |  49 | 603 |  32 |4386 |  26M|  3 | 202 |  67k|-6.287337e+08 | 8.515032e+02 |    Inf | unknown
 3845s| 79200 | 77840 |131108k|1655.4 |  7833M |  49 | 603 |  31 |3932 |  27M|  2 | 202 |  67k|-6.287337e+08 | 8.515032e+02 |    Inf | unknown
 3851s| 79300 | 77940 |131267k|1655.3 |  7842M |  49 | 603 |  31 |3872 |  27M|  2 | 202 |  67k|-6.287337e+08 | 8.515032e+02 |    Inf | unknown
 time | node  | left  |LP iter|LP it/n|mem/heur|mdpt |vars |cons |rows |cuts |sepa|confs|strbr|  dualbound   | primalbound  |  gap   | compl. 
 3856s| 79400 | 78040 |131444k|1655.5 |  7847M |  49 | 603 |  31 |4421 |  27M|  5 | 202 |  67k|-6.287337e+08 | 8.515032e+02 |    Inf | unknown
 3863s| 79500 | 78140 |131587k|1655.2 |  7854M |  49 | 603 |  31 |4463 |  27M|  4 | 202 |  67k|-6.287337e+08 | 8.515032e+02 |    Inf | unknown
 3869s| 79600 | 78240 |131719k|1654.8 |  7860M |  49 | 603 |  29 |4296 |  27M|  2 | 202 |  67k|-6.287337e+08 | 8.515032e+02 |    Inf | unknown
 3874s| 79700 | 78340 |131886k|1654.8 |  7867M |  49 | 603 |  30 |4466 |  27M|  9 | 203 |  67k|-6.287337e+08 | 8.515032e+02 |    Inf | unknown
 3879s| 79800 | 78440 |132048k|1654.7 |  7871M |  49 | 603 |  30 |3904 |  27M|  3 | 203 |  67k|-6.287337e+08 | 8.515032e+02 |    Inf | unknown
 3884s| 79900 | 78540 |132209k|1654.7 |  7882M |  49 | 603 |  30 |4401 |  27M|  6 | 203 |  67k|-6.287337e+08 | 8.515032e+02 |    Inf | unknown
 3894s| 80000 | 78640 |132391k|1654.9 |  7890M |  49 | 603 |  34 |4368 |  27M|  4 | 207 |  67k|-6.287337e+08 | 8.515032e+02 |    Inf | unknown
 3905s| 80100 | 78740 |132557k|1654.9 |  7896M |  49 | 603 |  34 |4763 |  27M|  8 | 207 |  67k|-6.287337e+08 | 8.515032e+02 |    Inf | unknown
 3912s| 80200 | 78838 |132705k|1654.7 |  7903M |  49 | 603 |  36 |3716 |  27M|  2 | 209 |  67k|-6.287337e+08 | 8.515032e+02 |    Inf | unknown
 3917s| 80300 | 78938 |132883k|1654.8 |  7914M |  49 | 603 |  36 |4428 |  27M|  6 | 209 |  67k|-6.287337e+08 | 8.515032e+02 |    Inf | unknown
 3922s| 80400 | 79036 |133043k|1654.8 |  7920M |  49 | 603 |  35 |3676 |  27M|  2 | 209 |  67k|-6.287337e+08 | 8.515032e+02 |    Inf | unknown
 3927s| 80500 | 79134 |133194k|1654.6 |  7926M |  49 | 603 |  35 |3364 |  27M|  2 | 209 |  67k|-6.287337e+08 | 8.515032e+02 |    Inf | unknown
 3933s| 80600 | 79234 |133361k|1654.6 |  7933M |  49 | 603 |  35 |4157 |  27M|  3 | 209 |  67k|-6.287337e+08 | 8.515032e+02 |    Inf | unknown
 3938s| 80700 | 79334 |133535k|1654.7 |  7940M |  49 | 603 |  35 |3770 |  27M|  4 | 209 |  67k|-6.287337e+08 | 8.515032e+02 |    Inf | unknown
 3944s| 80800 | 79434 |133704k|1654.8 |  7944M |  49 | 603 |  35 |3768 |  27M|  3 | 209 |  67k|-6.287337e+08 | 8.515032e+02 |    Inf | unknown
 time | node  | left  |LP iter|LP it/n|mem/heur|mdpt |vars |cons |rows |cuts |sepa|confs|strbr|  dualbound   | primalbound  |  gap   | compl. 
 3949s| 80900 | 79534 |133861k|1654.7 |  7951M |  49 | 603 |  35 |4590 |  27M|  2 | 209 |  67k|-6.287337e+08 | 8.515032e+02 |    Inf | unknown
 3956s| 81000 | 79630 |134041k|1654.8 |  7962M |  49 | 603 |  35 |3664 |  27M|  2 | 209 |  67k|-6.287337e+08 | 8.515032e+02 |    Inf | unknown
 3960s| 81100 | 79730 |134228k|1655.1 |  7968M |  49 | 603 |  37 |3539 |  27M|  2 | 211 |  67k|-6.287337e+08 | 8.515032e+02 |    Inf | unknown
 3968s| 81200 | 79830 |134389k|1655.0 |  7975M |  49 | 603 |  38 |4782 |  27M| 17 | 212 |  67k|-6.287337e+08 | 8.515032e+02 |    Inf | unknown
 3974s| 81300 | 79926 |134549k|1655.0 |  7988M |  49 | 603 |  38 |4444 |  27M|  4 | 212 |  67k|-6.287337e+08 | 8.515032e+02 |    Inf | unknown
 3978s| 81400 | 80024 |134708k|1654.9 |  7993M |  49 | 603 |  38 |3775 |  27M|  2 | 212 |  67k|-6.287337e+08 | 8.515032e+02 |    Inf | unknown
 3983s| 81500 | 80122 |134879k|1655.0 |  8001M |  49 | 603 |  36 |4661 |  27M|  9 | 212 |  67k|-6.287337e+08 | 8.515032e+02 |    Inf | unknown
 3988s| 81600 | 80222 |135027k|1654.7 |  8012M |  49 | 603 |  36 |3359 |  27M|  2 | 212 |  67k|-6.287337e+08 | 8.515032e+02 |    Inf | unknown
 3993s| 81700 | 80322 |135216k|1655.0 |  8016M |  49 | 603 |  36 |3802 |  27M|  2 | 212 |  67k|-6.287337e+08 | 8.515032e+02 |    Inf | unknown
 4001s| 81800 | 80418 |135375k|1655.0 |  8026M |  49 | 603 |  36 |4075 |  27M|  3 | 212 |  68k|-6.287337e+08 | 8.515032e+02 |    Inf | unknown
 4007s| 81900 | 80518 |135551k|1655.1 |  8034M |  49 | 603 |  36 |4396 |  27M|  6 | 212 |  68k|-6.287337e+08 | 8.515032e+02 |    Inf | unknown
 4010s| 82000 | 80618 |135703k|1654.9 |  8040M |  49 | 603 |  36 |3864 |  28M|  2 | 212 |  68k|-6.287337e+08 | 8.515032e+02 |    Inf | unknown
 4015s| 82100 | 80716 |135890k|1655.2 |  8046M |  49 | 603 |  36 |4056 |  28M|  4 | 212 |  68k|-6.287337e+08 | 8.515032e+02 |    Inf | unknown
 4018s| 82200 | 80812 |136042k|1655.0 |  8053M |  49 | 603 |  36 |3770 |  28M|  4 | 212 |  68k|-6.287337e+08 | 8.515032e+02 |    Inf | unknown
 4022s| 82300 | 80910 |136204k|1655.0 |  8059M |  49 | 603 |  36 |4056 |  28M|  2 | 212 |  68k|-6.287337e+08 | 8.515032e+02 |    Inf | unknown
 time | node  | left  |LP iter|LP it/n|mem/heur|mdpt |vars |cons |rows |cuts |sepa|confs|strbr|  dualbound   | primalbound  |  gap   | compl. 
 4026s| 82400 | 81006 |136366k|1654.9 |  8067M |  49 | 603 |  36 |4129 |  28M|  2 | 212 |  68k|-6.287337e+08 | 8.515032e+02 |    Inf | unknown
 4032s| 82500 | 81106 |136539k|1655.0 |  8073M |  49 | 603 |  36 |4700 |  28M|  8 | 212 |  68k|-6.287337e+08 | 8.515032e+02 |    Inf | unknown
 4038s| 82600 | 81204 |136699k|1655.0 |  8080M |  49 | 603 |  36 |3544 |  28M|  2 | 212 |  68k|-6.287337e+08 | 8.515032e+02 |    Inf | unknown
 4046s| 82700 | 81304 |136858k|1654.9 |  8087M |  49 | 603 |  36 |3846 |  28M|  3 | 212 |  68k|-6.287337e+08 | 8.515032e+02 |    Inf | unknown
 4050s| 82800 | 81398 |137021k|1654.8 |  8098M |  49 | 603 |  36 |3482 |  28M|  2 | 212 |  68k|-6.287337e+08 | 8.515032e+02 |    Inf | unknown
 4054s| 82900 | 81498 |137205k|1655.1 |  8104M |  49 | 603 |  36 |4061 |  28M|  2 | 212 |  68k|-6.287337e+08 | 8.515032e+02 |    Inf | unknown
 4058s| 83000 | 81598 |137364k|1655.0 |  8112M |  49 | 603 |  36 |4166 |  28M|  2 | 212 |  68k|-6.287337e+08 | 8.515032e+02 |    Inf | unknown
 4063s| 83100 | 81696 |137543k|1655.2 |  8120M |  49 | 603 |  36 |4219 |  28M|  6 | 212 |  68k|-6.287337e+08 | 8.515032e+02 |    Inf | unknown
 4072s| 83200 | 81796 |137699k|1655.0 |  8127M |  49 | 603 |  36 |3522 |  28M|  3 | 212 |  68k|-6.287337e+08 | 8.515032e+02 |    Inf | unknown
 4077s| 83300 | 81894 |137894k|1655.4 |  8133M |  49 | 603 |  36 |3719 |  28M|  2 | 212 |  68k|-6.287337e+08 | 8.515032e+02 |    Inf | unknown
 4081s| 83400 | 81988 |138074k|1655.6 |  8140M |  49 | 603 |  36 |3745 |  28M|  2 | 212 |  68k|-6.287337e+08 | 8.515032e+02 |    Inf | unknown
 4086s| 83500 | 82088 |138233k|1655.5 |  8147M |  49 | 603 |  36 |4108 |  28M|  2 | 212 |  68k|-6.287337e+08 | 8.515032e+02 |    Inf | unknown
 4094s| 83600 | 82184 |138368k|1655.1 |  8154M |  49 | 603 |  37 |4118 |  28M|  2 | 213 |  68k|-6.287337e+08 | 8.515032e+02 |    Inf | unknown
 4100s| 83700 | 82278 |138515k|1654.9 |  8163M |  49 | 603 |  36 |4386 |  28M|  6 | 213 |  68k|-6.287337e+08 | 8.515032e+02 |    Inf | unknown
 4104s| 83800 | 82372 |138680k|1654.9 |  8167M |  49 | 603 |  35 |3944 |  28M|  2 | 213 |  68k|-6.287337e+08 | 8.515032e+02 |    Inf | unknown
 time | node  | left  |LP iter|LP it/n|mem/heur|mdpt |vars |cons |rows |cuts |sepa|confs|strbr|  dualbound   | primalbound  |  gap   | compl. 
 4110s| 83900 | 82472 |138826k|1654.7 |  8175M |  49 | 603 |  36 |3827 |  28M|  2 | 215 |  68k|-6.287337e+08 | 8.515032e+02 |    Inf | unknown
 4116s| 84000 | 82566 |139001k|1654.8 |  8182M |  49 | 603 |  37 |3978 |  28M|  3 | 216 |  68k|-6.287337e+08 | 8.515032e+02 |    Inf | unknown
 4122s| 84100 | 82666 |139162k|1654.7 |  8189M |  49 | 603 |  36 |4406 |  28M|  8 | 216 |  68k|-6.287337e+08 | 8.515032e+02 |    Inf | unknown
 4127s| 84200 | 82766 |139343k|1654.9 |  8198M |  49 | 603 |  36 |4018 |  28M|  2 | 216 |  68k|-6.287337e+08 | 8.515032e+02 |    Inf | unknown
 4137s| 84300 | 82866 |139491k|1654.7 |  8303M |  49 | 603 |  37 |4625 |  28M|  3 | 218 |  68k|-6.287337e+08 | 8.515032e+02 |    Inf | unknown
 4143s| 84400 | 82966 |139662k|1654.8 |  8312M |  49 | 603 |  37 |4165 |  28M|  2 | 218 |  68k|-6.287337e+08 | 8.515032e+02 |    Inf | unknown
 4151s| 84500 | 83066 |139835k|1654.9 |  8320M |  49 | 603 |  37 |4177 |  28M|  6 | 218 |  68k|-6.287337e+08 | 8.515032e+02 |    Inf | unknown
 4155s| 84600 | 83166 |140011k|1655.0 |  8328M |  49 | 603 |  37 |4797 |  28M| 11 | 218 |  68k|-6.287337e+08 | 8.515032e+02 |    Inf | unknown
 4159s| 84700 | 83266 |140175k|1655.0 |  8336M |  49 | 603 |  37 |4633 |  28M| 20 | 218 |  68k|-6.287337e+08 | 8.515032e+02 |    Inf | unknown
 4163s| 84800 | 83366 |140355k|1655.1 |  8344M |  49 | 603 |  37 |4461 |  28M|  7 | 218 |  68k|-6.287337e+08 | 8.515032e+02 |    Inf | unknown
 4167s| 84900 | 83464 |140522k|1655.1 |  8354M |  49 | 603 |  37 |3540 |  29M|  0 | 218 |  69k|-6.287337e+08 | 8.515032e+02 |    Inf | unknown
 4175s| 85000 | 83560 |140677k|1655.0 |  8363M |  49 | 603 |  37 |3845 |  29M|  2 | 218 |  69k|-6.287337e+08 | 8.515032e+02 |    Inf | unknown
 4184s| 85100 | 83660 |140838k|1655.0 |  8369M |  49 | 603 |  36 |3722 |  29M|  2 | 218 |  69k|-6.287337e+08 | 8.515032e+02 |    Inf | unknown
 4189s| 85200 | 83760 |141005k|1655.0 |  8377M |  49 | 603 |  35 |4118 |  29M|  7 | 218 |  69k|-6.287337e+08 | 8.515032e+02 |    Inf | unknown
 4193s| 85300 | 83860 |141176k|1655.1 |  8390M |  49 | 603 |  35 |3927 |  29M|  2 | 218 |  69k|-6.287337e+08 | 8.515032e+02 |    Inf | unknown
 time | node  | left  |LP iter|LP it/n|mem/heur|mdpt |vars |cons |rows |cuts |sepa|confs|strbr|  dualbound   | primalbound  |  gap   | compl. 
 4202s| 85400 | 83960 |141358k|1655.2 |  8395M |  49 | 603 |  35 |4027 |  29M|  2 | 218 |  69k|-6.287337e+08 | 8.515032e+02 |    Inf | unknown
 4207s| 85500 | 84060 |141552k|1655.6 |  8401M |  49 | 603 |  35 |4022 |  29M|  3 | 218 |  69k|-6.287337e+08 | 8.515032e+02 |    Inf | unknown
 4212s| 85600 | 84160 |141706k|1655.4 |  8405M |  49 | 603 |  35 |3610 |  29M|  2 | 218 |  69k|-6.287337e+08 | 8.515032e+02 |    Inf | unknown
 4217s| 85700 | 84258 |141881k|1655.6 |  8411M |  49 | 603 |  35 |4853 |  29M|  5 | 218 |  69k|-6.287337e+08 | 8.515032e+02 |    Inf | unknown
 4223s| 85800 | 84352 |142039k|1655.5 |  8418M |  49 | 603 |  35 |3661 |  29M|  2 | 218 |  69k|-6.287337e+08 | 8.515032e+02 |    Inf | unknown
 4228s| 85900 | 84442 |142205k|1655.5 |  8425M |  49 | 603 |  35 |3813 |  29M|  2 | 219 |  69k|-6.287337e+08 | 8.515032e+02 |    Inf | unknown
 4240s| 86000 | 84538 |142343k|1655.2 |  8433M |  49 | 603 |  35 |3689 |  29M|  2 | 219 |  69k|-6.287337e+08 | 8.515032e+02 |    Inf | unknown
 4246s| 86100 | 84636 |142523k|1655.3 |  8444M |  49 | 603 |  35 |4495 |  29M| 19 | 219 |  69k|-6.287337e+08 | 8.515032e+02 |    Inf | unknown
 4251s| 86200 | 84728 |142708k|1655.5 |  8448M |  49 | 603 |  35 |3823 |  29M|  1 | 219 |  69k|-6.287337e+08 | 8.515032e+02 |    Inf | unknown
 4255s| 86300 | 84818 |142852k|1655.3 |  8457M |  49 | 603 |  35 |4243 |  29M| 20 | 219 |  69k|-6.287337e+08 | 8.515032e+02 |    Inf | unknown
 4260s| 86400 | 84918 |143042k|1655.6 |  8463M |  49 | 603 |  35 |4402 |  29M|  4 | 219 |  69k|-6.287337e+08 | 8.515032e+02 |    Inf | unknown
 4268s| 86500 | 85016 |143190k|1655.4 |  8473M |  49 | 603 |  35 |4118 |  29M|  2 | 219 |  69k|-6.287337e+08 | 8.515032e+02 |    Inf | unknown
 4281s| 86600 | 85110 |143321k|1655.0 |  8479M |  49 | 603 |  35 |3838 |  29M|  2 | 219 |  69k|-6.287337e+08 | 8.515032e+02 |    Inf | unknown
 4286s| 86700 | 85208 |143469k|1654.8 |  8489M |  49 | 603 |  35 |3738 |  29M|  3 | 219 |  69k|-6.287337e+08 | 8.515032e+02 |    Inf | unknown
 4291s| 86800 | 85304 |143630k|1654.7 |  8496M |  49 | 603 |  35 |4838 |  29M|  3 | 219 |  69k|-6.287337e+08 | 8.515032e+02 |    Inf | unknown
 time | node  | left  |LP iter|LP it/n|mem/heur|mdpt |vars |cons |rows |cuts |sepa|confs|strbr|  dualbound   | primalbound  |  gap   | compl. 
 4296s| 86900 | 85402 |143791k|1654.7 |  8503M |  49 | 603 |  35 |4145 |  29M|  2 | 219 |  69k|-6.287337e+08 | 8.515032e+02 |    Inf | unknown
 4304s| 87000 | 85502 |143944k|1654.5 |  8510M |  49 | 603 |  35 |4123 |  29M|  6 | 219 |  69k|-6.287337e+08 | 8.515032e+02 |    Inf | unknown
 4312s| 87100 | 85600 |144089k|1654.3 |  8520M |  49 | 603 |  35 |4676 |  29M|  3 | 219 |  69k|-6.287337e+08 | 8.515032e+02 |    Inf | unknown
 4318s| 87200 | 85698 |144249k|1654.2 |  8528M |  49 | 603 |  35 |3737 |  29M|  3 | 219 |  69k|-6.287337e+08 | 8.515032e+02 |    Inf | unknown
 4322s| 87300 | 85798 |144411k|1654.2 |  8536M |  49 | 603 |  35 |4370 |  29M|  2 | 219 |  69k|-6.287337e+08 | 8.515032e+02 |    Inf | unknown
 4326s| 87400 | 85894 |144578k|1654.2 |  8544M |  49 | 603 |  35 |4705 |  29M|  7 | 219 |  69k|-6.287337e+08 | 8.515032e+02 |    Inf | unknown
 4331s| 87500 | 85994 |144750k|1654.3 |  8748M |  49 | 603 |  35 |4292 |  30M|  6 | 219 |  69k|-6.287337e+08 | 8.515032e+02 |    Inf | unknown
 4338s| 87600 | 86088 |144905k|1654.2 |  8756M |  49 | 603 |  35 |2733 |  30M|  2 | 219 |  69k|-6.287337e+08 | 8.515032e+02 |    Inf | unknown
 4343s| 87700 | 86188 |145065k|1654.1 |  8762M |  49 | 603 |  34 |2183 |  30M|  2 | 219 |  70k|-6.287337e+08 | 8.515032e+02 |    Inf | unknown
 4349s| 87800 | 86288 |145207k|1653.8 |  8771M |  49 | 603 |  34 |3935 |  30M|  2 | 219 |  70k|-6.287337e+08 | 8.515032e+02 |    Inf | unknown
 4353s| 87900 | 86388 |145373k|1653.8 |  8779M |  49 | 603 |  34 |4710 |  30M| 12 | 219 |  70k|-6.287337e+08 | 8.515032e+02 |    Inf | unknown
 4357s| 88000 | 86484 |145533k|1653.8 |  8785M |  49 | 603 |  34 |3885 |  30M|  2 | 219 |  70k|-6.287337e+08 | 8.515032e+02 |    Inf | unknown
 4362s| 88100 | 86584 |145716k|1654.0 |  8792M |  49 | 603 |  34 |4441 |  30M|  5 | 219 |  70k|-6.287337e+08 | 8.515032e+02 |    Inf | unknown
 4367s| 88200 | 86682 |145886k|1654.0 |  8800M |  49 | 603 |  34 |3768 |  30M|  3 | 219 |  70k|-6.287337e+08 | 8.515032e+02 |    Inf | unknown
 4374s| 88300 | 86782 |146056k|1654.1 |  8808M |  49 | 603 |  34 |4554 |  30M|  6 | 219 |  70k|-6.287337e+08 | 8.515032e+02 |    Inf | unknown
 time | node  | left  |LP iter|LP it/n|mem/heur|mdpt |vars |cons |rows |cuts |sepa|confs|strbr|  dualbound   | primalbound  |  gap   | compl. 
 4379s| 88400 | 86882 |146224k|1654.1 |  8815M |  49 | 603 |  34 |3940 |  30M|  2 | 219 |  70k|-6.287337e+08 | 8.515032e+02 |    Inf | unknown
 4386s| 88500 | 86980 |146394k|1654.2 |  8827M |  49 | 603 |  35 |4921 |  30M|  9 | 220 |  70k|-6.287337e+08 | 8.515032e+02 |    Inf | unknown
 4393s| 88600 | 87078 |146569k|1654.3 |  8834M |  49 | 603 |  36 |3964 |  30M|  1 | 221 |  70k|-6.287337e+08 | 8.515032e+02 |    Inf | unknown
 4397s| 88700 | 87178 |146746k|1654.4 |  8826M |  49 | 603 |  36 |4604 |  30M|  8 | 221 |  70k|-6.287337e+08 | 8.515032e+02 |    Inf | unknown
 4403s| 88800 | 87278 |146944k|1654.8 |  8830M |  49 | 603 |  36 |4211 |  30M|  4 | 221 |  70k|-6.287337e+08 | 8.515032e+02 |    Inf | unknown
 4410s| 88900 | 87378 |147101k|1654.7 |  8837M |  49 | 603 |  34 |3614 |  30M|  2 | 221 |  70k|-6.287337e+08 | 8.515032e+02 |    Inf | unknown
 4413s| 89000 | 87478 |147266k|1654.7 |  8843M |  49 | 603 |  34 |3624 |  30M|  4 | 221 |  70k|-6.287337e+08 | 8.515032e+02 |    Inf | unknown
 4417s| 89100 | 87576 |147454k|1654.9 |  8851M |  49 | 603 |  34 |3274 |  30M|  2 | 221 |  70k|-6.287337e+08 | 8.515032e+02 |    Inf | unknown
 4425s| 89200 | 87676 |147617k|1654.9 |  8857M |  49 | 603 |  34 |3813 |  30M|  3 | 221 |  70k|-6.287337e+08 | 8.515032e+02 |    Inf | unknown
 4431s| 89300 | 87774 |147779k|1654.9 |  8865M |  49 | 603 |  34 |4670 |  30M|  4 | 221 |  70k|-6.287337e+08 | 8.515032e+02 |    Inf | unknown
 4437s| 89400 | 87866 |147895k|1654.3 |  8873M |  49 | 603 |  34 |4410 |  30M|  2 | 221 |  70k|-6.287337e+08 | 8.515032e+02 |    Inf | unknown
 4442s| 89500 | 87962 |148053k|1654.2 |  8884M |  49 | 603 |  34 |3872 |  30M|  2 | 221 |  70k|-6.287337e+08 | 8.515032e+02 |    Inf | unknown
 4450s| 89600 | 88062 |148219k|1654.2 |  8891M |  49 | 603 |  34 |4384 |  30M|  6 | 221 |  70k|-6.287337e+08 | 8.515032e+02 |    Inf | unknown
 4455s| 89700 | 88162 |148380k|1654.2 |  8903M |  49 | 603 |  34 |3497 |  30M|  2 | 221 |  70k|-6.287337e+08 | 8.515032e+02 |    Inf | unknown
 4462s| 89800 | 88262 |148552k|1654.3 |  8908M |  49 | 603 |  34 |3983 |  30M|  2 | 221 |  70k|-6.287337e+08 | 8.515032e+02 |    Inf | unknown
 time | node  | left  |LP iter|LP it/n|mem/heur|mdpt |vars |cons |rows |cuts |sepa|confs|strbr|  dualbound   | primalbound  |  gap   | compl. 
 4467s| 89900 | 88360 |148705k|1654.1 |  8917M |  49 | 603 |  34 |4440 |  30M|  2 | 221 |  70k|-6.287337e+08 | 8.515032e+02 |    Inf | unknown
 4472s| 90000 | 88460 |148857k|1654.0 |  8926M |  49 | 603 |  34 |3441 |  30M|  1 | 221 |  70k|-6.287337e+08 | 8.515032e+02 |    Inf | unknown
 4476s| 90100 | 88558 |149019k|1653.9 |  8931M |  49 | 603 |  34 |3934 |  30M|  5 | 221 |  70k|-6.287337e+08 | 8.515032e+02 |    Inf | unknown
 4481s| 90200 | 88658 |149185k|1653.9 |  8941M |  49 | 603 |  34 |4074 |  30M|  4 | 221 |  70k|-6.287337e+08 | 8.515032e+02 |    Inf | unknown
 4489s| 90300 | 88758 |149365k|1654.1 |  8951M |  49 | 603 |  34 |3492 |  30M|  2 | 221 |  70k|-6.287337e+08 | 8.515032e+02 |    Inf | unknown
 4494s| 90400 | 88858 |149547k|1654.3 |  8957M |  49 | 603 |  34 |3815 |  31M|  2 | 221 |  70k|-6.287337e+08 | 8.515032e+02 |    Inf | unknown
 4499s| 90500 | 88958 |149706k|1654.2 |  8962M |  49 | 603 |  34 |4105 |  31M|  2 | 221 |  70k|-6.287337e+08 | 8.515032e+02 |    Inf | unknown
 4506s| 90600 | 89058 |149853k|1654.0 |  8969M |  49 | 603 |  35 |3811 |  31M|  2 | 222 |  70k|-6.287337e+08 | 8.515032e+02 |    Inf | unknown
 4509s| 90700 | 89158 |150004k|1653.8 |  8976M |  49 | 603 |  35 |3503 |  31M|  3 | 222 |  71k|-6.287337e+08 | 8.515032e+02 |    Inf | unknown
 4517s| 90800 | 89256 |150163k|1653.8 |  8982M |  49 | 603 |  35 |3916 |  31M|  4 | 222 |  71k|-6.287337e+08 | 8.515032e+02 |    Inf | unknown
 4522s| 90900 | 89356 |150349k|1654.0 |  8990M |  49 | 603 |  34 |4157 |  31M|  5 | 222 |  71k|-6.287337e+08 | 8.515032e+02 |    Inf | unknown
 4528s| 91000 | 89452 |150503k|1653.9 |  8996M |  49 | 603 |  34 |3312 |  31M|  3 | 222 |  71k|-6.287337e+08 | 8.515032e+02 |    Inf | unknown
 4533s| 91100 | 89552 |150661k|1653.8 |  9002M |  49 | 603 |  34 |3360 |  31M|  2 | 222 |  71k|-6.287337e+08 | 8.515032e+02 |    Inf | unknown
 4543s| 91200 | 89652 |150830k|1653.8 |  9011M |  49 | 603 |  34 |3782 |  31M|  3 | 222 |  71k|-6.287337e+08 | 8.515032e+02 |    Inf | unknown
 4549s| 91300 | 89746 |151003k|1653.9 |  9020M |  49 | 603 |  34 |4691 |  31M|  7 | 222 |  71k|-6.287337e+08 | 8.515032e+02 |    Inf | unknown
 time | node  | left  |LP iter|LP it/n|mem/heur|mdpt |vars |cons |rows |cuts |sepa|confs|strbr|  dualbound   | primalbound  |  gap   | compl. 
 4555s| 91400 | 89844 |151157k|1653.8 |  9024M |  49 | 603 |  34 |4005 |  31M|  2 | 222 |  71k|-6.287337e+08 | 8.515032e+02 |    Inf | unknown
 4560s| 91500 | 89942 |151337k|1654.0 |  9032M |  49 | 603 |  34 |4165 |  31M|  4 | 222 |  71k|-6.287337e+08 | 8.515032e+02 |    Inf | unknown
 4565s| 91600 | 90038 |151485k|1653.8 |  9041M |  49 | 603 |  34 |3865 |  31M|  5 | 222 |  71k|-6.287337e+08 | 8.515032e+02 |    Inf | unknown
 4572s| 91700 | 90136 |151668k|1654.0 |  9048M |  49 | 603 |  34 |4049 |  31M|  2 | 222 |  71k|-6.287337e+08 | 8.515032e+02 |    Inf | unknown
 4578s| 91800 | 90234 |151828k|1653.9 |  9053M |  49 | 603 |  35 |3944 |  31M|  3 | 223 |  71k|-6.287337e+08 | 8.515032e+02 |    Inf | unknown
 4582s| 91900 | 90334 |152004k|1654.0 |  9062M |  49 | 603 |  35 |4118 |  31M|  2 | 223 |  71k|-6.287337e+08 | 8.515032e+02 |    Inf | unknown
 4591s| 92000 | 90434 |152170k|1654.0 |  9068M |  49 | 603 |  36 |4001 |  31M|  4 | 224 |  71k|-6.287337e+08 | 8.515032e+02 |    Inf | unknown
 4598s| 92100 | 90534 |152329k|1654.0 |  9073M |  49 | 603 |  36 |3924 |  31M|  2 | 224 |  71k|-6.287337e+08 | 8.515032e+02 |    Inf | unknown
 4604s| 92200 | 90632 |152477k|1653.8 |  9080M |  49 | 603 |  36 |3673 |  31M|  2 | 224 |  71k|-6.287337e+08 | 8.515032e+02 |    Inf | unknown
 4609s| 92300 | 90730 |152637k|1653.7 |  9087M |  49 | 603 |  37 |3845 |  31M|  2 | 225 |  71k|-6.287337e+08 | 8.515032e+02 |    Inf | unknown
 4614s| 92400 | 90822 |152787k|1653.5 |  9093M |  49 | 603 |  37 |4030 |  31M|  1 | 225 |  71k|-6.287337e+08 | 8.515032e+02 |    Inf | unknown
 4620s| 92500 | 90918 |152936k|1653.4 |  9098M |  49 | 603 |  36 |4057 |  31M|  2 | 225 |  71k|-6.287337e+08 | 8.515032e+02 |    Inf | unknown
 4627s| 92600 | 91014 |153117k|1653.5 |  9107M |  49 | 603 |  36 |4450 |  31M|  8 | 225 |  71k|-6.287337e+08 | 8.515032e+02 |    Inf | unknown
 4632s| 92700 | 91114 |153286k|1653.6 |  9114M |  49 | 603 |  36 |3998 |  31M|  4 | 225 |  71k|-6.287337e+08 | 8.515032e+02 |    Inf | unknown
 4637s| 92800 | 91210 |153471k|1653.8 |  9123M |  49 | 603 |  38 |3921 |  31M|  2 | 227 |  71k|-6.287337e+08 | 8.515032e+02 |    Inf | unknown
 time | node  | left  |LP iter|LP it/n|mem/heur|mdpt |vars |cons |rows |cuts |sepa|confs|strbr|  dualbound   | primalbound  |  gap   | compl. 
 4641s| 92900 | 91304 |153644k|1653.9 |  9131M |  49 | 603 |  38 |3878 |  31M|  2 | 227 |  71k|-6.287337e+08 | 8.515032e+02 |    Inf | unknown
 4646s| 93000 | 91402 |153809k|1653.9 |  9136M |  49 | 603 |  38 |3790 |  31M|  2 | 227 |  71k|-6.287337e+08 | 8.515032e+02 |    Inf | unknown
 4651s| 93100 | 91498 |153977k|1653.9 |  9144M |  49 | 603 |  38 |4436 |  31M|  7 | 227 |  71k|-6.287337e+08 | 8.515032e+02 |    Inf | unknown
 4658s| 93200 | 91598 |154132k|1653.8 |  9150M |  49 | 603 |  37 |4447 |  31M|  5 | 227 |  71k|-6.287337e+08 | 8.515032e+02 |    Inf | unknown
 4663s| 93300 | 91696 |154279k|1653.6 |  9155M |  49 | 603 |  37 |4053 |  32M|  2 | 227 |  71k|-6.287337e+08 | 8.515032e+02 |    Inf | unknown
 4670s| 93400 | 91792 |154454k|1653.7 |  9163M |  49 | 603 |  37 |4973 |  32M|  5 | 227 |  71k|-6.287337e+08 | 8.515032e+02 |    Inf | unknown
 4674s| 93500 | 91886 |154618k|1653.7 |  9172M |  49 | 603 |  36 |4043 |  32M|  2 | 227 |  71k|-6.287337e+08 | 8.515032e+02 |    Inf | unknown
 4679s| 93600 | 91982 |154767k|1653.5 |  9180M |  49 | 603 |  36 |4077 |  32M|  2 | 227 |  71k|-6.287337e+08 | 8.515032e+02 |    Inf | unknown
 4687s| 93700 | 92080 |154931k|1653.5 |  9188M |  49 | 603 |  36 |4635 |  32M|  5 | 227 |  71k|-6.287337e+08 | 8.515032e+02 |    Inf | unknown
 4691s| 93800 | 92180 |155095k|1653.5 |  9194M |  49 | 603 |  35 |4058 |  32M|  2 | 227 |  71k|-6.287337e+08 | 8.515032e+02 |    Inf | unknown
 4698s| 93900 | 92276 |155266k|1653.5 |  9199M |  49 | 603 |  35 |4309 |  32M|  3 | 227 |  71k|-6.287337e+08 | 8.515032e+02 |    Inf | unknown
 4705s| 94000 | 92376 |155431k|1653.5 |  9206M |  49 | 603 |  35 |4095 |  32M|  5 | 228 |  71k|-6.287337e+08 | 8.515032e+02 |    Inf | unknown
 4711s| 94100 | 92472 |155604k|1653.6 |  9213M |  49 | 603 |  35 |4042 |  32M|  2 | 228 |  71k|-6.287337e+08 | 8.515032e+02 |    Inf | unknown
 4718s| 94200 | 92568 |155747k|1653.4 |  9219M |  49 | 603 |  35 |4951 |  32M| 16 | 228 |  71k|-6.287337e+08 | 8.515032e+02 |    Inf | unknown
 4727s| 94300 | 92666 |155904k|1653.3 |  9226M |  49 | 603 |  35 |4258 |  32M|  7 | 228 |  71k|-6.287337e+08 | 8.515032e+02 |    Inf | unknown
 time | node  | left  |LP iter|LP it/n|mem/heur|mdpt |vars |cons |rows |cuts |sepa|confs|strbr|  dualbound   | primalbound  |  gap   | compl. 
 4741s| 94400 | 92766 |156074k|1653.3 |  9232M |  49 | 603 |  35 |4111 |  32M|  6 | 228 |  71k|-6.287337e+08 | 8.515032e+02 |    Inf | unknown
 4747s| 94500 | 92862 |156267k|1653.6 |  9241M |  49 | 603 |  35 |3837 |  32M|  2 | 228 |  71k|-6.287337e+08 | 8.515032e+02 |    Inf | unknown
 4754s| 94600 | 92962 |156450k|1653.8 |  9247M |  49 | 603 |  35 |3712 |  32M|  3 | 228 |  71k|-6.287337e+08 | 8.515032e+02 |    Inf | unknown
 4758s| 94700 | 93062 |156600k|1653.7 |  9255M |  49 | 603 |  36 |3288 |  32M|  2 | 229 |  71k|-6.287337e+08 | 8.515032e+02 |    Inf | unknown
 4763s| 94800 | 93162 |156758k|1653.6 |  9263M |  49 | 603 |  36 |4071 |  32M|  2 | 229 |  72k|-6.287337e+08 | 8.515032e+02 |    Inf | unknown
 4770s| 94900 | 93262 |156918k|1653.5 |  9271M |  49 | 603 |  36 |4060 |  32M|  3 | 229 |  72k|-6.287337e+08 | 8.515032e+02 |    Inf | unknown
 4776s| 95000 | 93360 |157097k|1653.7 |  9278M |  49 | 603 |  36 |4627 |  32M| 12 | 229 |  72k|-6.287337e+08 | 8.515032e+02 |    Inf | unknown
 4785s| 95100 | 93460 |157259k|1653.6 |  9285M |  49 | 603 |  36 |3929 |  32M|  2 | 229 |  72k|-6.287337e+08 | 8.515032e+02 |    Inf | unknown
 4793s| 95200 | 93558 |157426k|1653.6 |  9295M |  49 | 603 |  36 |4042 |  32M|  2 | 229 |  72k|-6.287337e+08 | 8.515032e+02 |    Inf | unknown
 4797s| 95300 | 93658 |157589k|1653.6 |  9304M |  49 | 603 |  36 |4047 |  32M|  3 | 229 |  72k|-6.287337e+08 | 8.515032e+02 |    Inf | unknown
 4803s| 95400 | 93754 |157737k|1653.4 |  9312M |  49 | 603 |  36 |3047 |  32M|  2 | 229 |  72k|-6.287337e+08 | 8.515032e+02 |    Inf | unknown
 4809s| 95500 | 93850 |157881k|1653.2 |  9318M |  49 | 603 |  36 |4036 |  32M|  2 | 229 |  72k|-6.287337e+08 | 8.515032e+02 |    Inf | unknown
 4817s| 95600 | 93948 |158045k|1653.2 |  9322M |  49 | 603 |  36 |3816 |  32M|  2 | 229 |  72k|-6.287337e+08 | 8.515032e+02 |    Inf | unknown
 4823s| 95700 | 94044 |158230k|1653.4 |  9330M |  49 | 603 |  36 |4404 |  32M|  5 | 229 |  72k|-6.287337e+08 | 8.515032e+02 |    Inf | unknown
 4833s| 95800 | 94144 |158396k|1653.4 |  9338M |  49 | 603 |  36 |4602 |  32M|  5 | 229 |  72k|-6.287337e+08 | 8.515032e+02 |    Inf | unknown
 time | node  | left  |LP iter|LP it/n|mem/heur|mdpt |vars |cons |rows |cuts |sepa|confs|strbr|  dualbound   | primalbound  |  gap   | compl. 
 4838s| 95900 | 94244 |158568k|1653.5 |  9347M |  49 | 603 |  36 |4337 |  32M|  2 | 229 |  72k|-6.287337e+08 | 8.515032e+02 |    Inf | unknown
 4842s| 96000 | 94344 |158722k|1653.4 |  9353M |  49 | 603 |  36 |3544 |  33M|  2 | 229 |  72k|-6.287337e+08 | 8.515032e+02 |    Inf | unknown
 4846s| 96100 | 94444 |158882k|1653.3 |  9358M |  49 | 603 |  36 |3632 |  33M|  2 | 229 |  72k|-6.287337e+08 | 8.515032e+02 |    Inf | unknown
 4851s| 96200 | 94540 |159063k|1653.5 |  9369M |  49 | 603 |  36 |3806 |  33M|  4 | 229 |  72k|-6.287337e+08 | 8.515032e+02 |    Inf | unknown
 4856s| 96300 | 94638 |159213k|1653.3 |  9375M |  49 | 603 |  36 |3780 |  33M|  1 | 229 |  72k|-6.287337e+08 | 8.515032e+02 |    Inf | unknown
 4864s| 96400 | 94738 |159372k|1653.2 |  9380M |  49 | 603 |  36 |4036 |  33M|  2 | 229 |  72k|-6.287337e+08 | 8.515032e+02 |    Inf | unknown
 4871s| 96500 | 94838 |159529k|1653.2 |  9387M |  49 | 603 |  36 |4213 |  33M|  2 | 229 |  72k|-6.287337e+08 | 8.515032e+02 |    Inf | unknown
 4882s| 96600 | 94932 |159690k|1653.1 |  9394M |  49 | 603 |  36 |3961 |  33M|  2 | 229 |  72k|-6.287337e+08 | 8.515032e+02 |    Inf | unknown
 4886s| 96700 | 95030 |159851k|1653.1 |  9401M |  49 | 603 |  37 |3746 |  33M|  2 | 230 |  72k|-6.287337e+08 | 8.515032e+02 |    Inf | unknown
 4891s| 96800 | 95130 |160010k|1653.0 |  9407M |  49 | 603 |  37 |3799 |  33M|  2 | 230 |  72k|-6.287337e+08 | 8.515032e+02 |    Inf | unknown
 4900s| 96900 | 95230 |160193k|1653.2 |  9419M |  49 | 603 |  38 |4217 |  33M|  2 | 231 |  72k|-6.287337e+08 | 8.515032e+02 |    Inf | unknown
 4906s| 97000 | 95324 |160340k|1653.0 |  9428M |  49 | 603 |  38 |   0 |  33M|  0 | 231 |  72k|-6.287337e+08 | 8.515032e+02 |    Inf | unknown
 4911s| 97100 | 95420 |160522k|1653.2 |  9436M |  49 | 603 |  38 |3782 |  33M|  2 | 231 |  72k|-6.287337e+08 | 8.515032e+02 |    Inf | unknown
 4915s| 97200 | 95520 |160694k|1653.2 |  9443M |  49 | 603 |  39 |4127 |  33M|  3 | 232 |  72k|-6.287337e+08 | 8.515032e+02 |    Inf | unknown
 4921s| 97300 | 95618 |160871k|1653.4 |  9451M |  49 | 603 |  39 |4362 |  33M|  2 | 232 |  72k|-6.287337e+08 | 8.515032e+02 |    Inf | unknown
 time | node  | left  |LP iter|LP it/n|mem/heur|mdpt |vars |cons |rows |cuts |sepa|confs|strbr|  dualbound   | primalbound  |  gap   | compl. 
 4926s| 97400 | 95712 |161033k|1653.3 |  9457M |  49 | 603 |  39 |3629 |  33M|  2 | 232 |  72k|-6.287337e+08 | 8.515032e+02 |    Inf | unknown
 4938s| 97500 | 95812 |161194k|1653.3 |  9465M |  49 | 603 |  39 |4070 |  33M|  2 | 232 |  72k|-6.287337e+08 | 8.515032e+02 |    Inf | unknown
 4944s| 97600 | 95908 |161339k|1653.1 |  9474M |  49 | 603 |  39 |3491 |  33M|  2 | 232 |  72k|-6.287337e+08 | 8.515032e+02 |    Inf | unknown
 4948s| 97700 | 96008 |161503k|1653.1 |  9480M |  49 | 603 |  39 |3706 |  33M|  2 | 232 |  72k|-6.287337e+08 | 8.515032e+02 |    Inf | unknown
 4957s| 97800 | 96108 |161639k|1652.8 |  9490M |  49 | 603 |  39 |4320 |  33M|  3 | 232 |  72k|-6.287337e+08 | 8.515032e+02 |    Inf | unknown
 4966s| 97900 | 96208 |161806k|1652.8 |  9496M |  49 | 603 |  38 |3930 |  33M|  3 | 232 |  72k|-6.287337e+08 | 8.515032e+02 |    Inf | unknown
 4973s| 98000 | 96308 |161977k|1652.8 |  9503M |  49 | 603 |  38 |3645 |  33M|  2 | 232 |  72k|-6.287337e+08 | 8.515032e+02 |    Inf | unknown
 4982s| 98100 | 96408 |162162k|1653.0 |  9511M |  49 | 603 |  38 |3883 |  33M|  2 | 232 |  72k|-6.287337e+08 | 8.515032e+02 |    Inf | unknown
 4989s| 98200 | 96504 |162289k|1652.6 |  9517M |  49 | 603 |  38 |4122 |  33M| 14 | 232 |  72k|-6.287337e+08 | 8.515032e+02 |    Inf | unknown
 4993s| 98300 | 96598 |162450k|1652.6 |  9524M |  49 | 603 |  38 |3593 |  33M|  3 | 232 |  72k|-6.287337e+08 | 8.515032e+02 |    Inf | unknown
 4998s| 98400 | 96694 |162616k|1652.6 |  9532M |  49 | 603 |  38 |3607 |  33M|  2 | 232 |  72k|-6.287337e+08 | 8.515032e+02 |    Inf | unknown
 5009s| 98500 | 96794 |162793k|1652.7 |  9541M |  49 | 603 |  38 |4002 |  33M| 22 | 232 |  73k|-6.287337e+08 | 8.515032e+02 |    Inf | unknown
 5015s| 98600 | 96892 |162954k|1652.7 |  9546M |  49 | 603 |  38 |3789 |  33M|  2 | 232 |  73k|-6.287337e+08 | 8.515032e+02 |    Inf | unknown
 5020s| 98700 | 96990 |163129k|1652.8 |  9552M |  49 | 603 |  38 |3766 |  33M|  2 | 232 |  73k|-6.287337e+08 | 8.515032e+02 |    Inf | unknown
 5024s| 98800 | 97088 |163307k|1652.9 |  9557M |  49 | 603 |  38 |4383 |  34M|  7 | 232 |  73k|-6.287337e+08 | 8.515032e+02 |    Inf | unknown
 time | node  | left  |LP iter|LP it/n|mem/heur|mdpt |vars |cons |rows |cuts |sepa|confs|strbr|  dualbound   | primalbound  |  gap   | compl. 
 5028s| 98900 | 97188 |163459k|1652.8 |  9563M |  49 | 603 |  37 |3771 |  34M|  2 | 232 |  73k|-6.287337e+08 | 8.515032e+02 |    Inf | unknown
 5033s| 99000 | 97288 |163597k|1652.5 |  9572M |  49 | 603 |  37 |4062 |  34M|  2 | 232 |  73k|-6.287337e+08 | 8.515032e+02 |    Inf | unknown
 5038s| 99100 | 97386 |163725k|1652.1 |  9581M |  49 | 603 |  37 |4221 |  34M|  2 | 232 |  73k|-6.287337e+08 | 8.515032e+02 |    Inf | unknown
 5045s| 99200 | 97482 |163882k|1652.0 |  9586M |  49 | 603 |  37 |4035 |  34M|  1 | 232 |  73k|-6.287337e+08 | 8.515032e+02 |    Inf | unknown
 5050s| 99300 | 97578 |164055k|1652.1 |  9594M |  49 | 603 |  37 |4152 |  34M|  3 | 232 |  73k|-6.287337e+08 | 8.515032e+02 |    Inf | unknown
 5056s| 99400 | 97678 |164212k|1652.0 |  9602M |  49 | 603 |  37 |4339 |  34M|  3 | 232 |  73k|-6.287337e+08 | 8.515032e+02 |    Inf | unknown
 5061s| 99500 | 97778 |164373k|1652.0 |  9608M |  49 | 603 |  37 |4222 |  34M| 12 | 232 |  73k|-6.287337e+08 | 8.515032e+02 |    Inf | unknown
 5070s| 99600 | 97874 |164533k|1651.9 |  9614M |  49 | 603 |  37 |4620 |  34M|  6 | 232 |  73k|-6.287337e+08 | 8.515032e+02 |    Inf | unknown
 5080s| 99700 | 97974 |164684k|1651.8 |  9623M |  49 | 603 |  37 |4310 |  34M|  7 | 232 |  73k|-6.287337e+08 | 8.515032e+02 |    Inf | unknown
 5087s| 99800 | 98070 |164850k|1651.8 |  9632M |  49 | 603 |  37 |3897 |  34M|  2 | 232 |  73k|-6.287337e+08 | 8.515032e+02 |    Inf | unknown
 5090s| 99900 | 98166 |165013k|1651.8 |  9636M |  49 | 603 |  37 |4449 |  34M|  7 | 232 |  73k|-6.287337e+08 | 8.515032e+02 |    Inf | unknown
 5098s|100000 | 98264 |165181k|1651.8 |  9645M |  49 | 603 |  37 |4005 |  34M|  3 | 232 |  73k|-6.287337e+08 | 8.515032e+02 |    Inf | unknown
 5103s|100100 | 98362 |165357k|1651.9 |  9650M |  49 | 603 |  37 |3618 |  34M|  2 | 232 |  73k|-6.287337e+08 | 8.515032e+02 |    Inf | unknown
 5108s|100200 | 98456 |165538k|1652.1 |  9659M |  49 | 603 |  37 |4259 |  34M|  2 | 232 |  73k|-6.287337e+08 | 8.515032e+02 |    Inf | unknown
 5114s|100300 | 98552 |165676k|1651.8 |  9666M |  49 | 603 |  37 |3994 |  34M|  2 | 232 |  73k|-6.287337e+08 | 8.515032e+02 |    Inf | unknown
 time | node  | left  |LP iter|LP it/n|mem/heur|mdpt |vars |cons |rows |cuts |sepa|confs|strbr|  dualbound   | primalbound  |  gap   | compl. 
 5120s|100400 | 98650 |165821k|1651.6 |  9674M |  49 | 603 |  36 |4203 |  34M|  3 | 232 |  73k|-6.287337e+08 | 8.515032e+02 |    Inf | unknown
 5126s|100500 | 98746 |166000k|1651.7 |  9683M |  49 | 603 |  36 |3500 |  34M|  2 | 232 |  73k|-6.287337e+08 | 8.515032e+02 |    Inf | unknown
 5130s|100600 | 98844 |166172k|1651.8 |  9690M |  49 | 603 |  36 |4400 |  34M|  6 | 232 |  73k|-6.287337e+08 | 8.515032e+02 |    Inf | unknown
 5136s|100700 | 98940 |166320k|1651.6 |  9701M |  49 | 603 |  36 |4358 |  34M|  7 | 232 |  73k|-6.287337e+08 | 8.515032e+02 |    Inf | unknown
 5142s|100800 | 99040 |166464k|1651.4 |  9709M |  49 | 603 |  36 |4460 |  34M|  5 | 232 |  73k|-6.287337e+08 | 8.515032e+02 |    Inf | unknown
 5147s|100900 | 99138 |166602k|1651.2 |  9720M |  49 | 603 |  36 |4445 |  34M|  6 | 232 |  73k|-6.287337e+08 | 8.515032e+02 |    Inf | unknown
 5153s|101000 | 99234 |166776k|1651.2 |  9727M |  49 | 603 |  36 |4709 |  34M| 18 | 232 |  73k|-6.287337e+08 | 8.515032e+02 |    Inf | unknown
 5158s|101100 | 99334 |166938k|1651.2 |  9731M |  49 | 603 |  36 |3682 |  34M|  2 | 232 |  73k|-6.287337e+08 | 8.515032e+02 |    Inf | unknown
 5163s|101200 | 99432 |167098k|1651.2 |  9856M |  49 | 603 |  36 |3715 |  34M|  2 | 232 |  73k|-6.287337e+08 | 8.515032e+02 |    Inf | unknown
 5170s|101300 | 99524 |167269k|1651.2 |  9861M |  49 | 603 |  36 |3737 |  34M|  2 | 232 |  73k|-6.287337e+08 | 8.515032e+02 |    Inf | unknown
 5175s|101400 | 99624 |167396k|1650.8 |  9871M |  49 | 603 |  36 |3420 |  34M|  3 | 232 |  73k|-6.287337e+08 | 8.515032e+02 |    Inf | unknown
 5182s|101500 | 99724 |167573k|1651.0 |  9877M |  49 | 603 |  38 |4005 |  34M|  2 | 234 |  73k|-6.287337e+08 | 8.515032e+02 |    Inf | unknown
 5186s|101600 | 99822 |167748k|1651.1 |  9885M |  49 | 603 |  38 |3835 |  34M|  2 | 234 |  73k|-6.287337e+08 | 8.515032e+02 |    Inf | unknown
 5192s|101700 | 99920 |167915k|1651.1 |  9893M |  49 | 603 |  38 |4430 |  35M| 10 | 234 |  73k|-6.287337e+08 | 8.515032e+02 |    Inf | unknown
 5202s|101800 |100020 |168101k|1651.3 |  9899M |  49 | 603 |  38 |4124 |  35M|  2 | 234 |  73k|-6.287337e+08 | 8.515032e+02 |    Inf | unknown
 time | node  | left  |LP iter|LP it/n|mem/heur|mdpt |vars |cons |rows |cuts |sepa|confs|strbr|  dualbound   | primalbound  |  gap   | compl. 
 5211s|101900 |100120 |168256k|1651.2 |  9908M |  49 | 603 |  39 |4715 |  35M|  8 | 235 |  73k|-6.287337e+08 | 8.515032e+02 |    Inf | unknown
 5215s|102000 |100220 |168442k|1651.4 |  9916M |  49 | 603 |  39 |3637 |  35M|  3 | 235 |  74k|-6.287337e+08 | 8.515032e+02 |    Inf | unknown
 5219s|102100 |100320 |168617k|1651.5 |  9924M |  49 | 603 |  40 |3951 |  35M|  2 | 236 |  74k|-6.287337e+08 | 8.515032e+02 |    Inf | unknown
 5229s|102200 |100420 |168797k|1651.6 |  9930M |  49 | 603 |  40 |4253 |  35M|  7 | 236 |  74k|-6.287337e+08 | 8.515032e+02 |    Inf | unknown
 5237s|102300 |100516 |168971k|1651.7 |  9938M |  49 | 603 |  37 |4073 |  35M|  2 | 236 |  74k|-6.287337e+08 | 8.515032e+02 |    Inf | unknown
 5247s|102400 |100614 |169156k|1651.9 |  9945M |  49 | 603 |  37 |4234 |  35M|  2 | 236 |  74k|-6.287337e+08 | 8.515032e+02 |    Inf | unknown
 5253s|102500 |100714 |169344k|1652.1 |  9953M |  49 | 603 |  36 |3843 |  35M|  2 | 236 |  74k|-6.287337e+08 | 8.515032e+02 |    Inf | unknown
 5263s|102600 |100814 |169508k|1652.1 |  9959M |  49 | 603 |  35 |3966 |  35M|  2 | 236 |  74k|-6.287337e+08 | 8.515032e+02 |    Inf | unknown
 5268s|102700 |100912 |169675k|1652.1 |  9965M |  49 | 603 |  35 |3570 |  35M|  2 | 236 |  74k|-6.287337e+08 | 8.515032e+02 |    Inf | unknown
 5278s|102800 |101012 |169847k|1652.2 |  9973M |  49 | 603 |  35 |3753 |  35M|  2 | 236 |  74k|-6.287337e+08 | 8.515032e+02 |    Inf | unknown
 5282s|102900 |101112 |170012k|1652.2 |  9981M |  49 | 603 |  35 |4839 |  35M|  9 | 236 |  74k|-6.287337e+08 | 8.515032e+02 |    Inf | unknown
 5286s|103000 |101210 |170132k|1651.8 |  9992M |  49 | 603 |  33 |4640 |  35M|  8 | 236 |  74k|-6.287337e+08 | 8.515032e+02 |    Inf | unknown
 5290s|103100 |101310 |170280k|1651.6 |    10G |  49 | 603 |  33 |4045 |  35M|  2 | 236 |  74k|-6.287337e+08 | 8.515032e+02 |    Inf | unknown
 5297s|103200 |101404 |170446k|1651.6 |    10G |  49 | 603 |  33 |4019 |  35M|  5 | 236 |  74k|-6.287337e+08 | 8.515032e+02 |    Inf | unknown
 5305s|103300 |101500 |170601k|1651.5 |    10G |  49 | 603 |  33 |4262 |  35M| 18 | 236 |  74k|-6.287337e+08 | 8.515032e+02 |    Inf | unknown
 time | node  | left  |LP iter|LP it/n|mem/heur|mdpt |vars |cons |rows |cuts |sepa|confs|strbr|  dualbound   | primalbound  |  gap   | compl. 
 5312s|103400 |101598 |170768k|1651.5 |    10G |  49 | 603 |  34 |3797 |  35M|  2 | 237 |  74k|-6.287337e+08 | 8.515032e+02 |    Inf | unknown
 5317s|103500 |101698 |170952k|1651.7 |    10G |  49 | 603 |  34 |4805 |  35M| 15 | 237 |  74k|-6.287337e+08 | 8.515032e+02 |    Inf | unknown
 5328s|103600 |101798 |171141k|1651.9 |    10G |  49 | 603 |  34 |4072 |  35M|  2 | 237 |  74k|-6.287337e+08 | 8.515032e+02 |    Inf | unknown
 5335s|103700 |101898 |171285k|1651.7 |    10G |  49 | 603 |  34 |2627 |  35M|  2 | 237 |  74k|-6.287337e+08 | 8.515032e+02 |    Inf | unknown
 5342s|103800 |101998 |171433k|1651.6 |    10G |  49 | 603 |  34 |3982 |  35M|  2 | 237 |  74k|-6.287337e+08 | 8.515032e+02 |    Inf | unknown
 5345s|103900 |102098 |171602k|1651.6 |    10G |  49 | 603 |  34 |4405 |  35M|  2 | 237 |  74k|-6.287337e+08 | 8.515032e+02 |    Inf | unknown
 5355s|104000 |102198 |171772k|1651.7 |    10G |  49 | 603 |  33 |4412 |  35M| 14 | 237 |  74k|-6.287337e+08 | 8.515032e+02 |    Inf | unknown
 5368s|104100 |102296 |171925k|1651.5 |    10G |  49 | 603 |  33 |4094 |  35M|  2 | 237 |  74k|-6.287337e+08 | 8.515032e+02 |    Inf | unknown
 5375s|104200 |102388 |172099k|1651.6 |    10G |  49 | 603 |  34 |4161 |  35M|  6 | 238 |  74k|-6.287337e+08 | 8.515032e+02 |    Inf | unknown
 5382s|104300 |102484 |172267k|1651.7 |    10G |  49 | 603 |  34 |3540 |  35M|  2 | 238 |  74k|-6.287337e+08 | 8.515032e+02 |    Inf | unknown
 5391s|104400 |102578 |172425k|1651.6 |    10G |  49 | 603 |  34 |3725 |  35M|  2 | 238 |  74k|-6.287337e+08 | 8.515032e+02 |    Inf | unknown
 5403s|104500 |102676 |172586k|1651.5 |    10G |  49 | 603 |  34 |3792 |  36M|  2 | 238 |  74k|-6.287337e+08 | 8.515032e+02 |    Inf | unknown
 5413s|104600 |102776 |172752k|1651.6 |    10G |  49 | 603 |  34 |4244 |  36M|  6 | 238 |  74k|-6.287337e+08 | 8.515032e+02 |    Inf | unknown
 5417s|104700 |102874 |172922k|1651.6 |    10G |  49 | 603 |  33 |4495 |  36M|  7 | 238 |  74k|-6.287337e+08 | 8.515032e+02 |    Inf | unknown
 5424s|104800 |102972 |173084k|1651.6 |    10G |  49 | 603 |  33 |4288 |  36M| 16 | 238 |  74k|-6.287337e+08 | 8.515032e+02 |    Inf | unknown
 time | node  | left  |LP iter|LP it/n|mem/heur|mdpt |vars |cons |rows |cuts |sepa|confs|strbr|  dualbound   | primalbound  |  gap   | compl. 
 5431s|104900 |103070 |173234k|1651.4 |    10G |  49 | 603 |  33 |4418 |  36M|  7 | 238 |  74k|-6.287337e+08 | 8.515032e+02 |    Inf | unknown
 5435s|105000 |103166 |173395k|1651.4 |    10G |  49 | 603 |  33 |4707 |  36M| 18 | 238 |  74k|-6.287337e+08 | 8.515032e+02 |    Inf | unknown
 5442s|105100 |103264 |173559k|1651.4 |    10G |  49 | 603 |  33 |4425 |  36M|  3 | 239 |  75k|-6.287337e+08 | 8.515032e+02 |    Inf | unknown
 5447s|105200 |103360 |173743k|1651.5 |    10G |  49 | 603 |  33 |4559 |  36M|  5 | 239 |  75k|-6.287337e+08 | 8.515032e+02 |    Inf | unknown
 5452s|105300 |103458 |173915k|1651.6 |    10G |  49 | 603 |  33 |3827 |  36M|  2 | 239 |  75k|-6.287337e+08 | 8.515032e+02 |    Inf | unknown
 5457s|105400 |103546 |174070k|1651.5 |    10G |  49 | 603 |  33 |4371 |  36M|  6 | 239 |  75k|-6.287337e+08 | 8.515032e+02 |    Inf | unknown
 5466s|105500 |103646 |174248k|1651.6 |    10G |  49 | 603 |  33 |3946 |  36M|  2 | 239 |  75k|-6.287337e+08 | 8.515032e+02 |    Inf | unknown
 5473s|105600 |103744 |174410k|1651.6 |    10G |  49 | 603 |  34 |3986 |  36M|  2 | 240 |  75k|-6.287337e+08 | 8.515032e+02 |    Inf | unknown
 5483s|105700 |103842 |174590k|1651.7 |    10G |  49 | 603 |  35 |3869 |  36M|  2 | 241 |  75k|-6.287337e+08 | 8.515032e+02 |    Inf | unknown
 5488s|105800 |103942 |174746k|1651.7 |    10G |  49 | 603 |  34 |4173 |  36M|  2 | 241 |  75k|-6.287337e+08 | 8.515032e+02 |    Inf | unknown
 5496s|105900 |104042 |174924k|1651.8 |    10G |  49 | 603 |  34 |3863 |  36M|  2 | 241 |  75k|-6.287337e+08 | 8.515032e+02 |    Inf | unknown
 5506s|106000 |104140 |175105k|1651.9 |    10G |  49 | 603 |  34 |4439 |  36M|  2 | 241 |  75k|-6.287337e+08 | 8.515032e+02 |    Inf | unknown
 5514s|106100 |104236 |175281k|1652.0 |    10G |  49 | 603 |  34 |4353 |  36M|  6 | 241 |  75k|-6.287337e+08 | 8.515032e+02 |    Inf | unknown
 5518s|106200 |104336 |175439k|1652.0 |    10G |  49 | 603 |  34 |3845 |  36M|  2 | 241 |  75k|-6.287337e+08 | 8.515032e+02 |    Inf | unknown
 5524s|106300 |104436 |175632k|1652.2 |    10G |  49 | 603 |  34 |4178 |  36M|  5 | 241 |  75k|-6.287337e+08 | 8.515032e+02 |    Inf | unknown
 time | node  | left  |LP iter|LP it/n|mem/heur|mdpt |vars |cons |rows |cuts |sepa|confs|strbr|  dualbound   | primalbound  |  gap   | compl. 
 5530s|106400 |104536 |175810k|1652.3 |    10G |  49 | 603 |  34 |3783 |  36M|  2 | 241 |  75k|-6.287337e+08 | 8.515032e+02 |    Inf | unknown
 5535s|106500 |104636 |175976k|1652.4 |    10G |  49 | 603 |  34 |3748 |  36M|  2 | 241 |  75k|-6.287337e+08 | 8.515032e+02 |    Inf | unknown
 5539s|106600 |104732 |176126k|1652.2 |    10G |  49 | 603 |  35 |3942 |  36M|  5 | 242 |  75k|-6.287337e+08 | 8.515032e+02 |    Inf | unknown
 5544s|106700 |104824 |176288k|1652.2 |    10G |  49 | 603 |  35 |3852 |  36M|  2 | 242 |  75k|-6.287337e+08 | 8.515032e+02 |    Inf | unknown
 5549s|106800 |104924 |176437k|1652.0 |    10G |  49 | 603 |  35 |3955 |  36M|  2 | 242 |  75k|-6.287337e+08 | 8.515032e+02 |    Inf | unknown
 5554s|106900 |105022 |176611k|1652.1 |    10G |  49 | 603 |  35 |4245 |  36M|  2 | 242 |  75k|-6.287337e+08 | 8.515032e+02 |    Inf | unknown
 5564s|107000 |105122 |176797k|1652.3 |    10G |  49 | 603 |  35 |4075 |  36M|  2 | 242 |  75k|-6.287337e+08 | 8.515032e+02 |    Inf | unknown
 5573s|107100 |105222 |176960k|1652.3 |    10G |  49 | 603 |  33 |4048 |  36M|  3 | 242 |  75k|-6.287337e+08 | 8.515032e+02 |    Inf | unknown
 5583s|107200 |105320 |177112k|1652.2 |    10G |  49 | 603 |  33 |3875 |  36M|  2 | 242 |  75k|-6.287337e+08 | 8.515032e+02 |    Inf | unknown
 5593s|107300 |105420 |177291k|1652.3 |    10G |  49 | 603 |  32 |3573 |  37M|  2 | 242 |  75k|-6.287337e+08 | 8.515032e+02 |    Inf | unknown
 5598s|107400 |105520 |177471k|1652.4 |    10G |  49 | 603 |  32 |4120 |  37M|  2 | 242 |  75k|-6.287337e+08 | 8.515032e+02 |    Inf | unknown
 5606s|107500 |105618 |177635k|1652.4 |    10G |  49 | 603 |  32 |3730 |  37M|  2 | 242 |  75k|-6.287337e+08 | 8.515032e+02 |    Inf | unknown
 5614s|107600 |105718 |177812k|1652.5 |    10G |  49 | 603 |  32 |3976 |  37M|  2 | 242 |  75k|-6.287337e+08 | 8.515032e+02 |    Inf | unknown
 5622s|107700 |105818 |177987k|1652.6 |    10G |  49 | 603 |  32 |4873 |  37M| 10 | 242 |  75k|-6.287337e+08 | 8.515032e+02 |    Inf | unknown
 5630s|107800 |105918 |178187k|1652.9 |    10G |  49 | 603 |  32 |4408 |  37M|  2 | 242 |  75k|-6.287337e+08 | 8.515032e+02 |    Inf | unknown
 time | node  | left  |LP iter|LP it/n|mem/heur|mdpt |vars |cons |rows |cuts |sepa|confs|strbr|  dualbound   | primalbound  |  gap   | compl. 
 5634s|107900 |106018 |178320k|1652.6 |    10G |  49 | 603 |  32 |3967 |  37M|  2 | 242 |  75k|-6.287337e+08 | 8.515032e+02 |    Inf | unknown
 5638s|108000 |106118 |178475k|1652.5 |    10G |  49 | 603 |  32 |3759 |  37M|  2 | 242 |  75k|-6.287337e+08 | 8.515032e+02 |    Inf | unknown
 5645s|108100 |106218 |178633k|1652.5 |    10G |  49 | 603 |  32 |5001 |  37M| 13 | 242 |  75k|-6.287337e+08 | 8.515032e+02 |    Inf | unknown
 5652s|108200 |106318 |178797k|1652.5 |    10G |  49 | 603 |  32 |4315 |  37M|  3 | 242 |  75k|-6.287337e+08 | 8.515032e+02 |    Inf | unknown
 5660s|108300 |106416 |178953k|1652.4 |    10G |  49 | 603 |  32 |3958 |  37M|  2 | 242 |  75k|-6.287337e+08 | 8.515032e+02 |    Inf | unknown
 5666s|108400 |106514 |179114k|1652.3 |    10G |  49 | 603 |  32 |4530 |  37M|  4 | 242 |  75k|-6.287337e+08 | 8.515032e+02 |    Inf | unknown
 5673s|108500 |106612 |179292k|1652.5 |    10G |  49 | 603 |  32 |3270 |  37M|  2 | 242 |  75k|-6.287337e+08 | 8.515032e+02 |    Inf | unknown
 5677s|108600 |106710 |179447k|1652.4 |    10G |  49 | 603 |  32 |3770 |  37M|  2 | 242 |  75k|-6.287337e+08 | 8.515032e+02 |    Inf | unknown
 5690s|108700 |106810 |179616k|1652.4 |    10G |  49 | 603 |  32 |4127 |  37M|  3 | 242 |  76k|-6.287337e+08 | 8.515032e+02 |    Inf | unknown
 5694s|108800 |106910 |179778k|1652.4 |    10G |  49 | 603 |  32 |3680 |  37M|  2 | 242 |  76k|-6.287337e+08 | 8.515032e+02 |    Inf | unknown
 5706s|108900 |107010 |179949k|1652.4 |    10G |  49 | 603 |  31 |4544 |  37M|  8 | 242 |  76k|-6.287337e+08 | 8.515032e+02 |    Inf | unknown
 5713s|109000 |107110 |180105k|1652.3 |    10G |  49 | 603 |  31 |4369 |  37M|  5 | 242 |  76k|-6.287337e+08 | 8.515032e+02 |    Inf | unknown
 5717s|109100 |107208 |180274k|1652.4 |    10G |  49 | 603 |  31 |3792 |  37M|  2 | 242 |  76k|-6.287337e+08 | 8.515032e+02 |    Inf | unknown
 5721s|109200 |107304 |180450k|1652.5 |    10G |  49 | 603 |  31 |4194 |  37M|  2 | 242 |  76k|-6.287337e+08 | 8.515032e+02 |    Inf | unknown
 5728s|109300 |107404 |180619k|1652.5 |    10G |  49 | 603 |  31 |3528 |  37M|  2 | 242 |  76k|-6.287337e+08 | 8.515032e+02 |    Inf | unknown
 time | node  | left  |LP iter|LP it/n|mem/heur|mdpt |vars |cons |rows |cuts |sepa|confs|strbr|  dualbound   | primalbound  |  gap   | compl. 
 5733s|109400 |107504 |180782k|1652.5 |    10G |  49 | 603 |  31 |4628 |  37M|  6 | 242 |  76k|-6.287337e+08 | 8.515032e+02 |    Inf | unknown
 5738s|109500 |107604 |180927k|1652.3 |    10G |  49 | 603 |  31 |3935 |  37M|  2 | 242 |  76k|-6.287337e+08 | 8.515032e+02 |    Inf | unknown
 5744s|109600 |107704 |181088k|1652.3 |    10G |  49 | 603 |  31 |3839 |  37M|  3 | 242 |  76k|-6.287337e+08 | 8.515032e+02 |    Inf | unknown
 5748s|109700 |107804 |181249k|1652.2 |    10G |  49 | 603 |  31 |3902 |  37M|  3 | 242 |  76k|-6.287337e+08 | 8.515032e+02 |    Inf | unknown
 5761s|109800 |107902 |181399k|1652.1 |    10G |  49 | 603 |  31 |3732 |  37M|  2 | 242 |  76k|-6.287337e+08 | 8.515032e+02 |    Inf | unknown
 5766s|109900 |108002 |181573k|1652.2 |    10G |  49 | 603 |  31 |4281 |  37M|  2 | 242 |  76k|-6.287337e+08 | 8.515032e+02 |    Inf | unknown
 5776s|110000 |108096 |181760k|1652.4 |    10G |  49 | 603 |  31 |3243 |  37M|  2 | 242 |  76k|-6.287337e+08 | 8.515032e+02 |    Inf | unknown
 5780s|110100 |108196 |181947k|1652.6 |    10G |  49 | 603 |  31 |4120 |  37M|  2 | 242 |  76k|-6.287337e+08 | 8.515032e+02 |    Inf | unknown
 5786s|110200 |108294 |182160k|1653.0 |    10G |  49 | 603 |  32 |4210 |  38M|  5 | 243 |  76k|-6.287337e+08 | 8.515032e+02 |    Inf | unknown
 5798s|110300 |108394 |182323k|1653.0 |    10G |  49 | 603 |  33 |4500 |  38M| 23 | 244 |  76k|-6.287337e+08 | 8.515032e+02 |    Inf | unknown
 5803s|110400 |108494 |182479k|1652.9 |    10G |  49 | 603 |  33 |4591 |  38M|  7 | 244 |  76k|-6.287337e+08 | 8.515032e+02 |    Inf | unknown
 5813s|110500 |108594 |182632k|1652.8 |    10G |  49 | 603 |  33 |4850 |  38M|  9 | 244 |  76k|-6.287337e+08 | 8.515032e+02 |    Inf | unknown
 5818s|110600 |108694 |182792k|1652.7 |    10G |  49 | 603 |  34 |4225 |  38M|  2 | 245 |  76k|-6.287337e+08 | 8.515032e+02 |    Inf | unknown
 5823s|110700 |108794 |182971k|1652.9 |    10G |  49 | 603 |  34 |4035 |  38M|  4 | 245 |  76k|-6.287337e+08 | 8.515032e+02 |    Inf | unknown
 5829s|110800 |108894 |183167k|1653.1 |    10G |  49 | 603 |  33 |4134 |  38M|  2 | 246 |  76k|-6.287337e+08 | 8.515032e+02 |    Inf | unknown
 time | node  | left  |LP iter|LP it/n|mem/heur|mdpt |vars |cons |rows |cuts |sepa|confs|strbr|  dualbound   | primalbound  |  gap   | compl. 
 5835s|110900 |108994 |183333k|1653.1 |    10G |  49 | 603 |  32 |4556 |  38M|  2 | 246 |  76k|-6.287337e+08 | 8.515032e+02 |    Inf | unknown
 5841s|111000 |109092 |183494k|1653.1 |    10G |  49 | 603 |  31 |4746 |  38M|  6 | 246 |  76k|-6.287337e+08 | 8.515032e+02 |    Inf | unknown
 5849s|111100 |109192 |183683k|1653.3 |    10G |  49 | 603 |  31 |4373 |  38M|  3 | 246 |  76k|-6.287337e+08 | 8.515032e+02 |    Inf | unknown
 5860s|111200 |109288 |183838k|1653.2 |    10G |  49 | 603 |  31 |4208 |  38M|  2 | 246 |  76k|-6.287337e+08 | 8.515032e+02 |    Inf | unknown
 5867s|111300 |109388 |183995k|1653.1 |    10G |  49 | 603 |  31 |3611 |  38M|  2 | 246 |  76k|-6.287337e+08 | 8.515032e+02 |    Inf | unknown
 5874s|111400 |109488 |184191k|1653.4 |    10G |  49 | 603 |  32 |3991 |  38M|  6 | 247 |  76k|-6.287337e+08 | 8.515032e+02 |    Inf | unknown
 5880s|111500 |109576 |184363k|1653.5 |    10G |  49 | 603 |  32 |3116 |  38M|  2 | 247 |  76k|-6.287337e+08 | 8.515032e+02 |    Inf | unknown
 5889s|111600 |109670 |184544k|1653.6 |    10G |  49 | 603 |  31 |4119 |  38M|  2 | 247 |  76k|-6.287337e+08 | 8.515032e+02 |    Inf | unknown
 5896s|111700 |109770 |184700k|1653.5 |    10G |  49 | 603 |  31 |3508 |  38M|  3 | 247 |  76k|-6.287337e+08 | 8.515032e+02 |    Inf | unknown
 5902s|111800 |109870 |184899k|1653.8 |    10G |  49 | 603 |  31 |3664 |  38M|  2 | 247 |  76k|-6.287337e+08 | 8.515032e+02 |    Inf | unknown
 5907s|111900 |109970 |185092k|1654.1 |    10G |  49 | 603 |  31 |3785 |  38M|  2 | 247 |  76k|-6.287337e+08 | 8.515032e+02 |    Inf | unknown
 5912s|112000 |110070 |185298k|1654.4 |    10G |  49 | 603 |  31 |3778 |  38M|  3 | 247 |  76k|-6.287337e+08 | 8.515032e+02 |    Inf | unknown
 5918s|112100 |110166 |185467k|1654.5 |    10G |  49 | 603 |  32 |4023 |  38M|  2 | 248 |  76k|-6.287337e+08 | 8.515032e+02 |    Inf | unknown
 5926s|112200 |110262 |185654k|1654.7 |    10G |  49 | 603 |  32 |3451 |  38M|  2 | 248 |  77k|-6.287337e+08 | 8.515032e+02 |    Inf | unknown
 5933s|112300 |110360 |185825k|1654.7 |    10G |  49 | 603 |  32 |3918 |  38M|  2 | 248 |  77k|-6.287337e+08 | 8.515032e+02 |    Inf | unknown
 time | node  | left  |LP iter|LP it/n|mem/heur|mdpt |vars |cons |rows |cuts |sepa|confs|strbr|  dualbound   | primalbound  |  gap   | compl. 
 5941s|112400 |110460 |185987k|1654.7 |    10G |  49 | 603 |  32 |3751 |  38M|  2 | 248 |  77k|-6.287337e+08 | 8.515032e+02 |    Inf | unknown
 5950s|112500 |110560 |186165k|1654.8 |    10G |  49 | 603 |  32 |4163 |  38M|  7 | 248 |  77k|-6.287337e+08 | 8.515032e+02 |    Inf | unknown
 5956s|112600 |110658 |186332k|1654.8 |    10G |  49 | 603 |  32 |4052 |  38M|  2 | 248 |  77k|-6.287337e+08 | 8.515032e+02 |    Inf | unknown
 5963s|112700 |110756 |186507k|1654.9 |    10G |  49 | 603 |  32 |4229 |  38M|  2 | 248 |  77k|-6.287337e+08 | 8.515032e+02 |    Inf | unknown
 5970s|112800 |110856 |186671k|1654.9 |    10G |  49 | 603 |  32 |4094 |  38M|  3 | 248 |  77k|-6.287337e+08 | 8.515032e+02 |    Inf | unknown
 5976s|112900 |110956 |186844k|1655.0 |    10G |  49 | 603 |  32 |4146 |  39M|  3 | 248 |  77k|-6.287337e+08 | 8.515032e+02 |    Inf | unknown
 5980s|113000 |111056 |186979k|1654.7 |    10G |  49 | 603 |  32 |4000 |  39M|  3 | 248 |  77k|-6.287337e+08 | 8.515032e+02 |    Inf | unknown
 5989s|113100 |111154 |187141k|1654.7 |    10G |  49 | 603 |  32 |4210 |  39M|  2 | 248 |  77k|-6.287337e+08 | 8.515032e+02 |    Inf | unknown
 5994s|113200 |111252 |187314k|1654.7 |    10G |  49 | 603 |  32 |4785 |  39M| 10 | 248 |  77k|-6.287337e+08 | 8.515032e+02 |    Inf | unknown
 6002s|113300 |111350 |187482k|1654.7 |    10G |  49 | 603 |  32 |4047 |  39M|  2 | 248 |  77k|-6.287337e+08 | 8.515032e+02 |    Inf | unknown
 6012s|113400 |111446 |187680k|1655.0 |    10G |  49 | 603 |  32 |4171 |  39M|  2 | 248 |  77k|-6.287337e+08 | 8.515032e+02 |    Inf | unknown
 6020s|113500 |111546 |187849k|1655.1 |    10G |  49 | 603 |  32 |3622 |  39M|  2 | 248 |  77k|-6.287337e+08 | 8.515032e+02 |    Inf | unknown
 6025s|113600 |111642 |188024k|1655.1 |    10G |  49 | 603 |  32 |3753 |  39M|  2 | 248 |  77k|-6.287337e+08 | 8.515032e+02 |    Inf | unknown
 6033s|113700 |111742 |188227k|1655.5 |    10G |  49 | 603 |  32 |3562 |  39M|  2 | 248 |  77k|-6.287337e+08 | 8.515032e+02 |    Inf | unknown
 6038s|113800 |111840 |188395k|1655.5 |    11G |  49 | 603 |  33 |4414 |  39M|  2 | 249 |  77k|-6.287337e+08 | 8.515032e+02 |    Inf | unknown
 time | node  | left  |LP iter|LP it/n|mem/heur|mdpt |vars |cons |rows |cuts |sepa|confs|strbr|  dualbound   | primalbound  |  gap   | compl. 
 6044s|113900 |111940 |188553k|1655.4 |    11G |  49 | 603 |  33 |3689 |  39M|  2 | 249 |  77k|-6.287337e+08 | 8.515032e+02 |    Inf | unknown
 6050s|114000 |112038 |188736k|1655.6 |    11G |  49 | 603 |  33 |4249 |  39M|  2 | 249 |  77k|-6.287337e+08 | 8.515032e+02 |    Inf | unknown
 6055s|114100 |112130 |188927k|1655.8 |    11G |  49 | 603 |  33 |4374 |  39M| 18 | 249 |  77k|-6.287337e+08 | 8.515032e+02 |    Inf | unknown
 6060s|114200 |112228 |189089k|1655.8 |    11G |  49 | 603 |  33 |5222 |  39M| 10 | 249 |  77k|-6.287337e+08 | 8.515032e+02 |    Inf | unknown
 6073s|114300 |112328 |189242k|1655.7 |    11G |  49 | 603 |  33 |4317 |  39M|  2 | 249 |  77k|-6.287337e+08 | 8.515032e+02 |    Inf | unknown
 6086s|114400 |112428 |189437k|1655.9 |    11G |  49 | 603 |  33 |4564 |  39M|  9 | 249 |  77k|-6.287337e+08 | 8.515032e+02 |    Inf | unknown
 6094s|114500 |112526 |189622k|1656.1 |    11G |  49 | 603 |  32 |4379 |  39M|  5 | 249 |  77k|-6.287337e+08 | 8.515032e+02 |    Inf | unknown
 6101s|114600 |112626 |189786k|1656.1 |    11G |  49 | 603 |  32 |4018 |  39M|  2 | 249 |  77k|-6.287337e+08 | 8.515032e+02 |    Inf | unknown
 6106s|114700 |112726 |189952k|1656.1 |    11G |  49 | 603 |  32 |3844 |  39M|  2 | 249 |  77k|-6.287337e+08 | 8.515032e+02 |    Inf | unknown
 6112s|114800 |112822 |190148k|1656.3 |    11G |  49 | 603 |  32 |4830 |  39M|  6 | 249 |  77k|-6.287337e+08 | 8.515032e+02 |    Inf | unknown
 6118s|114900 |112922 |190329k|1656.5 |    11G |  49 | 603 |  32 |4389 |  39M| 18 | 249 |  77k|-6.287337e+08 | 8.515032e+02 |    Inf | unknown
 6125s|115000 |113022 |190493k|1656.5 |    11G |  49 | 603 |  31 |3888 |  39M|  2 | 249 |  77k|-6.287337e+08 | 8.515032e+02 |    Inf | unknown
 6129s|115100 |113122 |190674k|1656.6 |    11G |  49 | 603 |  31 |3876 |  39M|  4 | 249 |  77k|-6.287337e+08 | 8.515032e+02 |    Inf | unknown
 6133s|115200 |113218 |190832k|1656.5 |    11G |  49 | 603 |  33 |3824 |  39M|  2 | 251 |  77k|-6.287337e+08 | 8.515032e+02 |    Inf | unknown
 6138s|115300 |113318 |191045k|1656.9 |    11G |  49 | 603 |  33 |4277 |  39M|  3 | 251 |  77k|-6.287337e+08 | 8.515032e+02 |    Inf | unknown
 time | node  | left  |LP iter|LP it/n|mem/heur|mdpt |vars |cons |rows |cuts |sepa|confs|strbr|  dualbound   | primalbound  |  gap   | compl. 
 6148s|115400 |113418 |191200k|1656.8 |    11G |  49 | 603 |  33 |4331 |  39M|  2 | 252 |  77k|-6.287337e+08 | 8.515032e+02 |    Inf | unknown
 6161s|115500 |113514 |191384k|1657.0 |    11G |  49 | 603 |  34 |4625 |  39M|  7 | 253 |  77k|-6.287337e+08 | 8.515032e+02 |    Inf | unknown
 6166s|115600 |113610 |191553k|1657.0 |    11G |  49 | 603 |  34 |4146 |  39M|  2 | 253 |  77k|-6.287337e+08 | 8.515032e+02 |    Inf | unknown
 6170s|115700 |113706 |191698k|1656.9 |    11G |  49 | 603 |  34 |3838 |  40M|  2 | 253 |  77k|-6.287337e+08 | 8.515032e+02 |    Inf | unknown
 6177s|115800 |113806 |191868k|1656.9 |    11G |  49 | 603 |  33 |3769 |  40M|  2 | 253 |  77k|-6.287337e+08 | 8.515032e+02 |    Inf | unknown
 6185s|115900 |113904 |192041k|1657.0 |    11G |  49 | 603 |  33 |4436 |  40M|  6 | 253 |  77k|-6.287337e+08 | 8.515032e+02 |    Inf | unknown
 6195s|116000 |114004 |192175k|1656.7 |    11G |  49 | 603 |  33 |3588 |  40M|  2 | 253 |  78k|-6.287337e+08 | 8.515032e+02 |    Inf | unknown
 6200s|116100 |114102 |192320k|1656.5 |    11G |  49 | 603 |  33 |3804 |  40M|  2 | 253 |  78k|-6.287337e+08 | 8.515032e+02 |    Inf | unknown
 6204s|116200 |114200 |192463k|1656.3 |    11G |  49 | 603 |  33 |4336 |  40M|  2 | 253 |  78k|-6.287337e+08 | 8.515032e+02 |    Inf | unknown
 6213s|116300 |114298 |192614k|1656.2 |    11G |  49 | 603 |  33 |3830 |  40M|  2 | 253 |  78k|-6.287337e+08 | 8.515032e+02 |    Inf | unknown
 6218s|116400 |114398 |192793k|1656.3 |    11G |  49 | 603 |  33 |4456 |  40M|  7 | 253 |  78k|-6.287337e+08 | 8.515032e+02 |    Inf | unknown
 6225s|116500 |114498 |192950k|1656.2 |    11G |  49 | 603 |  33 |3681 |  40M|  2 | 253 |  78k|-6.287337e+08 | 8.515032e+02 |    Inf | unknown
 6240s|116600 |114596 |193099k|1656.1 |    11G |  49 | 603 |  34 |4237 |  40M|  4 | 254 |  78k|-6.287337e+08 | 8.515032e+02 |    Inf | unknown
 6245s|116700 |114696 |193262k|1656.1 |    11G |  49 | 603 |  35 |4329 |  40M|  7 | 255 |  78k|-6.287337e+08 | 8.515032e+02 |    Inf | unknown
 6256s|116800 |114794 |193415k|1655.9 |    11G |  49 | 603 |  35 |4509 |  40M|  2 | 255 |  78k|-6.287337e+08 | 8.515032e+02 |    Inf | unknown
 time | node  | left  |LP iter|LP it/n|mem/heur|mdpt |vars |cons |rows |cuts |sepa|confs|strbr|  dualbound   | primalbound  |  gap   | compl. 
 6260s|116900 |114892 |193572k|1655.9 |    11G |  49 | 603 |  35 |4184 |  40M|  2 | 255 |  78k|-6.287337e+08 | 8.515032e+02 |    Inf | unknown
 6268s|117000 |114992 |193768k|1656.1 |    11G |  49 | 603 |  35 |3670 |  40M|  3 | 255 |  78k|-6.287337e+08 | 8.515032e+02 |    Inf | unknown
 6273s|117100 |115092 |193946k|1656.2 |    11G |  49 | 603 |  35 |4034 |  40M|  3 | 255 |  78k|-6.287337e+08 | 8.515032e+02 |    Inf | unknown
 6283s|117200 |115190 |194108k|1656.2 |    11G |  49 | 603 |  35 |3918 |  40M|  3 | 256 |  78k|-6.287337e+08 | 8.515032e+02 |    Inf | unknown
 6294s|117300 |115290 |194298k|1656.4 |    11G |  49 | 603 |  36 |4152 |  40M| 21 | 257 |  78k|-6.287337e+08 | 8.515032e+02 |    Inf | unknown
 6302s|117400 |115388 |194435k|1656.2 |    11G |  49 | 603 |  36 |4627 |  40M|  9 | 257 |  78k|-6.287337e+08 | 8.515032e+02 |    Inf | unknown
 6307s|117500 |115488 |194587k|1656.1 |    11G |  49 | 603 |  36 |4108 |  40M|  3 | 257 |  78k|-6.287337e+08 | 8.515032e+02 |    Inf | unknown
 6316s|117600 |115588 |194784k|1656.3 |    11G |  49 | 603 |  36 |4092 |  40M| 13 | 257 |  78k|-6.287337e+08 | 8.515032e+02 |    Inf | unknown
 6326s|117700 |115688 |194951k|1656.3 |    11G |  49 | 603 |  35 |4137 |  40M|  5 | 257 |  78k|-6.287337e+08 | 8.515032e+02 |    Inf | unknown
 6330s|117800 |115786 |195130k|1656.5 |    11G |  49 | 603 |  34 |4524 |  40M|  6 | 257 |  78k|-6.287337e+08 | 8.515032e+02 |    Inf | unknown
 6338s|117900 |115884 |195320k|1656.7 |    11G |  49 | 603 |  34 |4379 |  40M|  7 | 257 |  78k|-6.287337e+08 | 8.515032e+02 |    Inf | unknown
 6347s|118000 |115984 |195480k|1656.6 |    11G |  49 | 603 |  34 |4468 |  40M|  5 | 257 |  78k|-6.287337e+08 | 8.515032e+02 |    Inf | unknown
 6352s|118100 |116084 |195672k|1656.8 |    11G |  49 | 603 |  34 |3971 |  40M|  2 | 257 |  78k|-6.287337e+08 | 8.515032e+02 |    Inf | unknown
 6359s|118200 |116182 |195819k|1656.7 |    11G |  49 | 603 |  34 |4065 |  40M|  2 | 257 |  78k|-6.287337e+08 | 8.515032e+02 |    Inf | unknown
 6365s|118300 |116278 |195986k|1656.7 |    11G |  49 | 603 |  34 |3928 |  40M|  2 | 257 |  78k|-6.287337e+08 | 8.515032e+02 |    Inf | unknown
 time | node  | left  |LP iter|LP it/n|mem/heur|mdpt |vars |cons |rows |cuts |sepa|confs|strbr|  dualbound   | primalbound  |  gap   | compl. 
 6369s|118400 |116378 |196142k|1656.6 |    11G |  49 | 603 |  34 |3897 |  40M|  2 | 257 |  78k|-6.287337e+08 | 8.515032e+02 |    Inf | unknown
 6374s|118500 |116476 |196311k|1656.6 |    11G |  49 | 603 |  34 |3917 |  40M| 28 | 257 |  78k|-6.287337e+08 | 8.515032e+02 |    Inf | unknown
 6384s|118600 |116576 |196453k|1656.4 |    11G |  49 | 603 |  34 |5434 |  41M| 12 | 257 |  78k|-6.287337e+08 | 8.515032e+02 |    Inf | unknown
 6392s|118700 |116676 |196584k|1656.1 |    11G |  49 | 603 |  33 |3783 |  41M|  3 | 257 |  78k|-6.287337e+08 | 8.515032e+02 |    Inf | unknown
 6409s|118800 |116776 |196769k|1656.3 |    11G |  49 | 603 |  35 |3865 |  41M|  2 | 259 |  78k|-6.287337e+08 | 8.515032e+02 |    Inf | unknown
 6413s|118900 |116876 |196928k|1656.3 |    11G |  49 | 603 |  36 |3610 |  41M|  2 | 260 |  78k|-6.287337e+08 | 8.515032e+02 |    Inf | unknown
 6417s|119000 |116976 |197101k|1656.3 |    11G |  49 | 603 |  36 |3867 |  41M|  3 | 260 |  78k|-6.287337e+08 | 8.515032e+02 |    Inf | unknown
 6426s|119100 |117074 |197259k|1656.2 |    11G |  49 | 603 |  36 |3870 |  41M|  2 | 260 |  78k|-6.287337e+08 | 8.515032e+02 |    Inf | unknown
 6433s|119200 |117172 |197422k|1656.2 |    11G |  49 | 603 |  37 |3997 |  41M|  4 | 261 |  78k|-6.287337e+08 | 8.515032e+02 |    Inf | unknown
 6438s|119300 |117260 |197586k|1656.2 |    11G |  49 | 603 |  37 |4550 |  41M|  6 | 261 |  78k|-6.287337e+08 | 8.515032e+02 |    Inf | unknown
 6443s|119400 |117360 |197743k|1656.1 |    11G |  49 | 603 |  36 |4222 |  41M| 17 | 262 |  78k|-6.287337e+08 | 8.515032e+02 |    Inf | unknown
 6447s|119500 |117460 |197913k|1656.2 |    11G |  49 | 603 |  36 |3966 |  41M|  2 | 262 |  79k|-6.287337e+08 | 8.515032e+02 |    Inf | unknown
 6456s|119600 |117558 |198096k|1656.3 |    11G |  49 | 603 |  37 |3857 |  41M|  2 | 263 |  79k|-6.287337e+08 | 8.515032e+02 |    Inf | unknown
 6460s|119700 |117656 |198235k|1656.1 |    11G |  49 | 603 |  35 |4072 |  41M|  5 | 263 |  79k|-6.287337e+08 | 8.515032e+02 |    Inf | unknown
 6466s|119800 |117756 |198371k|1655.9 |    11G |  49 | 603 |  35 |4091 |  41M|  2 | 263 |  79k|-6.287337e+08 | 8.515032e+02 |    Inf | unknown
 time | node  | left  |LP iter|LP it/n|mem/heur|mdpt |vars |cons |rows |cuts |sepa|confs|strbr|  dualbound   | primalbound  |  gap   | compl. 
 6471s|119900 |117856 |198532k|1655.8 |    11G |  49 | 603 |  35 |3711 |  41M|  2 | 263 |  79k|-6.287337e+08 | 8.515032e+02 |    Inf | unknown
 6481s|120000 |117956 |198688k|1655.7 |    11G |  49 | 603 |  34 |4319 |  41M|  6 | 263 |  79k|-6.287337e+08 | 8.515032e+02 |    Inf | unknown
 6488s|120100 |118052 |198843k|1655.6 |    11G |  49 | 603 |  33 |4244 |  41M|  6 | 263 |  79k|-6.287337e+08 | 8.515032e+02 |    Inf | unknown
 6496s|120200 |118152 |199006k|1655.6 |    11G |  49 | 603 |  33 |3977 |  41M|  3 | 263 |  79k|-6.287337e+08 | 8.515032e+02 |    Inf | unknown
 6505s|120300 |118250 |199162k|1655.5 |    11G |  49 | 603 |  33 |3510 |  41M|  2 | 263 |  79k|-6.287337e+08 | 8.515032e+02 |    Inf | unknown
 6509s|120400 |118344 |199311k|1655.4 |    11G |  49 | 603 |  33 |3987 |  41M|  2 | 263 |  79k|-6.287337e+08 | 8.515032e+02 |    Inf | unknown
 6517s|120500 |118440 |199463k|1655.3 |    11G |  49 | 603 |  33 |3990 |  41M|  2 | 263 |  79k|-6.287337e+08 | 8.515032e+02 |    Inf | unknown
 6522s|120600 |118536 |199607k|1655.1 |    11G |  49 | 603 |  33 |4097 |  41M|  3 | 263 |  79k|-6.287337e+08 | 8.515032e+02 |    Inf | unknown
 6526s|120700 |118636 |199751k|1654.9 |    11G |  49 | 603 |  33 |3724 |  41M|  3 | 263 |  79k|-6.287337e+08 | 8.515032e+02 |    Inf | unknown
 6534s|120800 |118736 |199920k|1655.0 |    11G |  49 | 603 |  33 |4456 |  41M|  7 | 263 |  79k|-6.287337e+08 | 8.515032e+02 |    Inf | unknown
 6539s|120900 |118834 |200076k|1654.9 |    11G |  49 | 603 |  33 |4272 |  41M|  3 | 263 |  79k|-6.287337e+08 | 8.515032e+02 |    Inf | unknown
 6546s|121000 |118934 |200230k|1654.8 |    11G |  49 | 603 |  33 |3838 |  41M|  2 | 263 |  79k|-6.287337e+08 | 8.515032e+02 |    Inf | unknown
 6551s|121100 |119034 |200394k|1654.8 |    11G |  49 | 603 |  33 |4524 |  41M|  8 | 263 |  79k|-6.287337e+08 | 8.515032e+02 |    Inf | unknown
 6560s|121200 |119134 |200554k|1654.7 |    11G |  49 | 603 |  33 |4171 |  41M|  2 | 263 |  79k|-6.287337e+08 | 8.515032e+02 |    Inf | unknown
 6564s|121300 |119232 |200686k|1654.5 |    11G |  49 | 603 |  33 |3970 |  41M|  2 | 263 |  79k|-6.287337e+08 | 8.515032e+02 |    Inf | unknown
 time | node  | left  |LP iter|LP it/n|mem/heur|mdpt |vars |cons |rows |cuts |sepa|confs|strbr|  dualbound   | primalbound  |  gap   | compl. 
 6569s|121400 |119332 |200853k|1654.5 |    11G |  49 | 603 |  33 |4849 |  42M|  2 | 263 |  79k|-6.287337e+08 | 8.515032e+02 |    Inf | unknown
 6576s|121500 |119432 |201008k|1654.4 |    11G |  49 | 603 |  33 |4854 |  42M|  7 | 263 |  79k|-6.287337e+08 | 8.515032e+02 |    Inf | unknown
 6583s|121600 |119530 |201172k|1654.4 |    11G |  49 | 603 |  33 |5298 |  42M|  2 | 263 |  79k|-6.287337e+08 | 8.515032e+02 |    Inf | unknown
 6590s|121700 |119630 |201369k|1654.6 |    11G |  49 | 603 |  33 |3891 |  42M|  2 | 263 |  79k|-6.287337e+08 | 8.515032e+02 |    Inf | unknown
 6600s|121800 |119730 |201532k|1654.6 |    11G |  49 | 603 |  33 |4510 |  42M|  2 | 263 |  79k|-6.287337e+08 | 8.515032e+02 |    Inf | unknown
 6607s|121900 |119830 |201703k|1654.7 |    11G |  49 | 603 |  33 |4320 |  42M|  6 | 263 |  79k|-6.287337e+08 | 8.515032e+02 |    Inf | unknown
 6614s|122000 |119930 |201875k|1654.7 |    11G |  49 | 603 |  32 |3422 |  42M|  2 | 263 |  79k|-6.287337e+08 | 8.515032e+02 |    Inf | unknown
 6621s|122100 |120030 |202046k|1654.8 |    11G |  49 | 603 |  32 |4365 |  42M|  6 | 263 |  79k|-6.287337e+08 | 8.515032e+02 |    Inf | unknown
 6626s|122200 |120130 |202223k|1654.9 |    11G |  49 | 603 |  32 |4557 |  42M|  2 | 263 |  79k|-6.287337e+08 | 8.515032e+02 |    Inf | unknown
 6634s|122300 |120230 |202406k|1655.0 |    11G |  49 | 603 |  33 |3806 |  42M|  2 | 264 |  79k|-6.287337e+08 | 8.515032e+02 |    Inf | unknown
 6639s|122400 |120330 |202533k|1654.7 |    11G |  49 | 603 |  33 |4008 |  42M|  4 | 264 |  79k|-6.287337e+08 | 8.515032e+02 |    Inf | unknown
 6646s|122500 |120428 |202699k|1654.7 |    11G |  49 | 603 |  33 |3445 |  42M|  2 | 264 |  79k|-6.287337e+08 | 8.515032e+02 |    Inf | unknown
 6654s|122600 |120528 |202919k|1655.1 |    11G |  49 | 603 |  33 |3619 |  42M|  2 | 264 |  79k|-6.287337e+08 | 8.515032e+02 |    Inf | unknown
 6659s|122700 |120628 |203067k|1655.0 |    11G |  49 | 603 |  33 |3937 |  42M|  4 | 264 |  79k|-6.287337e+08 | 8.515032e+02 |    Inf | unknown
 6667s|122800 |120724 |203207k|1654.8 |    11G |  49 | 603 |  33 |4030 |  42M|  2 | 264 |  79k|-6.287337e+08 | 8.515032e+02 |    Inf | unknown
 time | node  | left  |LP iter|LP it/n|mem/heur|mdpt |vars |cons |rows |cuts |sepa|confs|strbr|  dualbound   | primalbound  |  gap   | compl. 
 6678s|122900 |120822 |203356k|1654.6 |    11G |  49 | 603 |  33 |3758 |  42M|  2 | 265 |  79k|-6.287337e+08 | 8.515032e+02 |    Inf | unknown
 6681s|123000 |120922 |203480k|1654.3 |    11G |  49 | 603 |  33 |4095 |  42M|  2 | 266 |  79k|-6.287337e+08 | 8.515032e+02 |    Inf | unknown
 6688s|123100 |121020 |203661k|1654.4 |    11G |  49 | 603 |  33 |3701 |  42M|  3 | 266 |  79k|-6.287337e+08 | 8.515032e+02 |    Inf | unknown
 6692s|123200 |121116 |203814k|1654.3 |    11G |  49 | 603 |  34 |4553 |  42M|  4 | 267 |  79k|-6.287337e+08 | 8.515032e+02 |    Inf | unknown
 6697s|123300 |121214 |203975k|1654.3 |    11G |  49 | 603 |  34 |4354 |  42M|  2 | 267 |  79k|-6.287337e+08 | 8.515032e+02 |    Inf | unknown
 6704s|123400 |121312 |204147k|1654.4 |    11G |  49 | 603 |  33 |4864 |  42M|  2 | 267 |  79k|-6.287337e+08 | 8.515032e+02 |    Inf | unknown
 6713s|123500 |121410 |204319k|1654.4 |    11G |  49 | 603 |  33 |4651 |  42M|  9 | 267 |  79k|-6.287337e+08 | 8.515032e+02 |    Inf | unknown
 6724s|123600 |121510 |204459k|1654.2 |    11G |  49 | 603 |  33 |4187 |  42M|  3 | 267 |  79k|-6.287337e+08 | 8.515032e+02 |    Inf | unknown
 6729s|123700 |121610 |204606k|1654.0 |    11G |  49 | 603 |  34 |4137 |  42M|  4 | 268 |  79k|-6.287337e+08 | 8.515032e+02 |    Inf | unknown
 6735s|123800 |121708 |204757k|1653.9 |    11G |  49 | 603 |  34 |4355 |  42M|  2 | 268 |  79k|-6.287337e+08 | 8.515032e+02 |    Inf | unknown
 6745s|123900 |121804 |204909k|1653.8 |    11G |  49 | 603 |  35 |3485 |  42M|  2 | 269 |  80k|-6.287337e+08 | 8.515032e+02 |    Inf | unknown
 6760s|124000 |121902 |205087k|1653.9 |    11G |  49 | 603 |  35 |4313 |  42M|  2 | 269 |  80k|-6.287337e+08 | 8.515032e+02 |    Inf | unknown
 6765s|124100 |122000 |205250k|1653.9 |    11G |  49 | 603 |  34 |3652 |  42M|  2 | 269 |  80k|-6.287337e+08 | 8.515032e+02 |    Inf | unknown
 6773s|124200 |122098 |205404k|1653.8 |    11G |  49 | 603 |  34 |3950 |  43M|  3 | 269 |  80k|-6.287337e+08 | 8.515032e+02 |    Inf | unknown
 6778s|124300 |122198 |205574k|1653.9 |    11G |  49 | 603 |  34 |3629 |  43M|  2 | 269 |  80k|-6.287337e+08 | 8.515032e+02 |    Inf | unknown
 time | node  | left  |LP iter|LP it/n|mem/heur|mdpt |vars |cons |rows |cuts |sepa|confs|strbr|  dualbound   | primalbound  |  gap   | compl. 
 6784s|124400 |122298 |205752k|1654.0 |    11G |  49 | 603 |  36 |4321 |  43M| 22 | 271 |  80k|-6.287337e+08 | 8.515032e+02 |    Inf | unknown
 6788s|124500 |122398 |205926k|1654.0 |    11G |  49 | 603 |  36 |4689 |  43M|  7 | 271 |  80k|-6.287337e+08 | 8.515032e+02 |    Inf | unknown
 6796s|124600 |122498 |206075k|1653.9 |    11G |  49 | 603 |  36 |3819 |  43M|  2 | 271 |  80k|-6.287337e+08 | 8.515032e+02 |    Inf | unknown
 6810s|124700 |122598 |206223k|1653.8 |    11G |  49 | 603 |  36 |4335 |  43M|  3 | 271 |  80k|-6.287337e+08 | 8.515032e+02 |    Inf | unknown
 6816s|124800 |122696 |206409k|1653.9 |    11G |  49 | 603 |  36 |4123 |  43M|  2 | 271 |  80k|-6.287337e+08 | 8.515032e+02 |    Inf | unknown
 6826s|124900 |122794 |206592k|1654.1 |    11G |  49 | 603 |  37 |4160 |  43M|  2 | 272 |  80k|-6.287337e+08 | 8.515032e+02 |    Inf | unknown
 6832s|125000 |122894 |206771k|1654.2 |    11G |  49 | 603 |  38 |3713 |  43M|  2 | 273 |  80k|-6.287337e+08 | 8.515032e+02 |    Inf | unknown
 6836s|125100 |122990 |206945k|1654.2 |    11G |  49 | 603 |  38 |4211 |  43M|  1 | 273 |  80k|-6.287337e+08 | 8.515032e+02 |    Inf | unknown
 6847s|125200 |123090 |207114k|1654.3 |    11G |  49 | 603 |  38 |3866 |  43M|  2 | 273 |  80k|-6.287337e+08 | 8.515032e+02 |    Inf | unknown
 6859s|125300 |123188 |207270k|1654.2 |    11G |  49 | 603 |  37 |4195 |  43M| 17 | 273 |  80k|-6.287337e+08 | 8.515032e+02 |    Inf | unknown
 6866s|125400 |123288 |207436k|1654.2 |    11G |  49 | 603 |  37 |3696 |  43M|  2 | 273 |  80k|-6.287337e+08 | 8.515032e+02 |    Inf | unknown
 6871s|125500 |123388 |207613k|1654.3 |    11G |  49 | 603 |  37 |3861 |  43M|  2 | 273 |  80k|-6.287337e+08 | 8.515032e+02 |    Inf | unknown
 6879s|125600 |123482 |207781k|1654.3 |    11G |  49 | 603 |  36 |3779 |  43M|  2 | 273 |  80k|-6.287337e+08 | 8.515032e+02 |    Inf | unknown
 6883s|125700 |123580 |207946k|1654.3 |    12G |  49 | 603 |  37 |4261 |  43M|  4 | 274 |  80k|-6.287337e+08 | 8.515032e+02 |    Inf | unknown
 6887s|125800 |123676 |208119k|1654.4 |    12G |  49 | 603 |  37 |4608 |  43M|  6 | 274 |  80k|-6.287337e+08 | 8.515032e+02 |    Inf | unknown
 time | node  | left  |LP iter|LP it/n|mem/heur|mdpt |vars |cons |rows |cuts |sepa|confs|strbr|  dualbound   | primalbound  |  gap   | compl. 
 6894s|125900 |123776 |208306k|1654.5 |    12G |  49 | 603 |  37 |3693 |  43M|  2 | 274 |  80k|-6.287337e+08 | 8.515032e+02 |    Inf | unknown
 6902s|126000 |123874 |208494k|1654.7 |    12G |  49 | 603 |  37 |4014 |  43M|  2 | 274 |  80k|-6.287337e+08 | 8.515032e+02 |    Inf | unknown
 6906s|126100 |123974 |208667k|1654.8 |    12G |  49 | 603 |  36 |3226 |  43M|  2 | 274 |  80k|-6.287337e+08 | 8.515032e+02 |    Inf | unknown
 6910s|126200 |124074 |208850k|1654.9 |    12G |  49 | 603 |  37 |3420 |  43M|  2 | 275 |  80k|-6.287337e+08 | 8.515032e+02 |    Inf | unknown
 6914s|126300 |124174 |209053k|1655.2 |    12G |  49 | 603 |  37 |3850 |  43M|  3 | 275 |  80k|-6.287337e+08 | 8.515032e+02 |    Inf | unknown
 6920s|126400 |124272 |209255k|1655.5 |    12G |  49 | 603 |  37 |3773 |  43M|  2 | 275 |  80k|-6.287337e+08 | 8.515032e+02 |    Inf | unknown
 6925s|126500 |124372 |209430k|1655.6 |    12G |  49 | 603 |  37 |3654 |  43M|  2 | 275 |  80k|-6.287337e+08 | 8.515032e+02 |    Inf | unknown
 6928s|126600 |124472 |209597k|1655.6 |    12G |  49 | 603 |  37 |4151 |  43M|  5 | 275 |  80k|-6.287337e+08 | 8.515032e+02 |    Inf | unknown
 6937s|126700 |124566 |209770k|1655.6 |    12G |  49 | 603 |  37 |4042 |  43M|  3 | 275 |  80k|-6.287337e+08 | 8.515032e+02 |    Inf | unknown
 6950s|126800 |124660 |209929k|1655.6 |    12G |  49 | 603 |  37 |3650 |  43M|  2 | 275 |  80k|-6.287337e+08 | 8.515032e+02 |    Inf | unknown
 6955s|126900 |124760 |210099k|1655.6 |    12G |  49 | 603 |  36 |4480 |  43M| 22 | 275 |  80k|-6.287337e+08 | 8.515032e+02 |    Inf | unknown
 6959s|127000 |124860 |210259k|1655.6 |    12G |  49 | 603 |  38 |3637 |  43M|  2 | 277 |  80k|-6.287337e+08 | 8.515032e+02 |    Inf | unknown
 6963s|127100 |124960 |210412k|1655.5 |    12G |  49 | 603 |  38 |3187 |  44M|  3 | 277 |  80k|-6.287337e+08 | 8.515032e+02 |    Inf | unknown
 6967s|127200 |125060 |210582k|1655.5 |    12G |  49 | 603 |  38 |4193 |  44M|  6 | 277 |  80k|-6.287337e+08 | 8.515032e+02 |    Inf | unknown
 6978s|127300 |125160 |210761k|1655.6 |    12G |  49 | 603 |  38 |2834 |  44M|  2 | 277 |  80k|-6.287337e+08 | 8.515032e+02 |    Inf | unknown
 time | node  | left  |LP iter|LP it/n|mem/heur|mdpt |vars |cons |rows |cuts |sepa|confs|strbr|  dualbound   | primalbound  |  gap   | compl. 
 6985s|127400 |125252 |210913k|1655.5 |    12G |  49 | 603 |  38 |4522 |  44M|  2 | 277 |  80k|-6.287337e+08 | 8.515032e+02 |    Inf | unknown
 6991s|127500 |125350 |211066k|1655.4 |    12G |  49 | 603 |  37 |4453 |  44M|  6 | 277 |  80k|-6.287337e+08 | 8.515032e+02 |    Inf | unknown
 6997s|127600 |125448 |211237k|1655.5 |    12G |  49 | 603 |  37 |4410 |  44M|  5 | 277 |  80k|-6.287337e+08 | 8.515032e+02 |    Inf | unknown
 7006s|127700 |125548 |211403k|1655.5 |    12G |  49 | 603 |  38 |3706 |  44M|  2 | 278 |  80k|-6.287337e+08 | 8.515032e+02 |    Inf | unknown
 7010s|127800 |125648 |211570k|1655.5 |    12G |  49 | 603 |  39 |4347 |  44M|  2 | 279 |  81k|-6.287337e+08 | 8.515032e+02 |    Inf | unknown
 7015s|127900 |125746 |211737k|1655.5 |    12G |  49 | 603 |  38 |4107 |  44M|  1 | 279 |  81k|-6.287337e+08 | 8.515032e+02 |    Inf | unknown
 7020s|128000 |125846 |211916k|1655.6 |    12G |  49 | 603 |  38 |4384 |  44M|  7 | 279 |  81k|-6.287337e+08 | 8.515032e+02 |    Inf | unknown
 7024s|128100 |125944 |212096k|1655.7 |    12G |  49 | 603 |  38 |4090 |  44M|  2 | 279 |  81k|-6.287337e+08 | 8.515032e+02 |    Inf | unknown
 7033s|128200 |126042 |212249k|1655.6 |    12G |  49 | 603 |  38 |3457 |  44M|  2 | 279 |  81k|-6.287337e+08 | 8.515032e+02 |    Inf | unknown
 7040s|128300 |126142 |212421k|1655.7 |    12G |  49 | 603 |  38 |4272 |  44M|  2 | 279 |  81k|-6.287337e+08 | 8.515032e+02 |    Inf | unknown
 7047s|128400 |126240 |212587k|1655.7 |    12G |  49 | 603 |  38 |4515 |  44M|  2 | 279 |  81k|-6.287337e+08 | 8.515032e+02 |    Inf | unknown
 7053s|128500 |126338 |212738k|1655.5 |    12G |  49 | 603 |  38 |4771 |  44M|  5 | 279 |  81k|-6.287337e+08 | 8.515032e+02 |    Inf | unknown
 7063s|128600 |126436 |212905k|1655.6 |    12G |  49 | 603 |  37 |4095 |  44M|  3 | 279 |  81k|-6.287337e+08 | 8.515032e+02 |    Inf | unknown
 7077s|128700 |126534 |213055k|1655.4 |    12G |  49 | 603 |  37 |4130 |  44M|  5 | 279 |  81k|-6.287337e+08 | 8.515032e+02 |    Inf | unknown
 7088s|128800 |126632 |213205k|1655.3 |    12G |  49 | 603 |  36 |4064 |  44M|  3 | 279 |  81k|-6.287337e+08 | 8.515032e+02 |    Inf | unknown
 time | node  | left  |LP iter|LP it/n|mem/heur|mdpt |vars |cons |rows |cuts |sepa|confs|strbr|  dualbound   | primalbound  |  gap   | compl. 
 7094s|128900 |126732 |213342k|1655.1 |    12G |  49 | 603 |  36 |3908 |  44M|  3 | 279 |  81k|-6.287337e+08 | 8.515032e+02 |    Inf | unknown
 7106s|129000 |126830 |213494k|1655.0 |    12G |  49 | 603 |  39 |4404 |  44M|  2 | 282 |  81k|-6.287337e+08 | 8.515032e+02 |    Inf | unknown
 7118s|129100 |126928 |213658k|1655.0 |    12G |  49 | 603 |  39 |3591 |  44M|  2 | 282 |  81k|-6.287337e+08 | 8.515032e+02 |    Inf | unknown
 7122s|129200 |127029 |213837k|1655.1 |    12G |  49 | 603 |  39 |4473 |  44M|  6 | 282 |  81k|-6.287337e+08 | 8.515032e+02 |    Inf | unknown
 7131s|129300 |127129 |214001k|1655.1 |    12G |  49 | 603 |  39 |4151 |  44M|  2 | 282 |  81k|-6.287337e+08 | 8.515032e+02 |    Inf | unknown
 7138s|129400 |127229 |214160k|1655.0 |    12G |  49 | 603 |  39 |4042 |  44M|  2 | 282 |  81k|-6.287337e+08 | 8.515032e+02 |    Inf | unknown
 7142s|129500 |127329 |214316k|1655.0 |    12G |  49 | 603 |  39 |3960 |  44M|  2 | 282 |  81k|-6.287337e+08 | 8.515032e+02 |    Inf | unknown
 7154s|129600 |127429 |214505k|1655.1 |    12G |  49 | 603 |  39 |4111 |  44M|  3 | 282 |  81k|-6.287337e+08 | 8.515032e+02 |    Inf | unknown
 7161s|129700 |127527 |214675k|1655.2 |    12G |  49 | 603 |  40 |4174 |  44M|  5 | 283 |  81k|-6.287337e+08 | 8.515032e+02 |    Inf | unknown
 7168s|129800 |127627 |214853k|1655.3 |    12G |  49 | 603 |  40 |3751 |  44M|  2 | 283 |  81k|-6.287337e+08 | 8.515032e+02 |    Inf | unknown
 7172s|129900 |127725 |215037k|1655.4 |    12G |  49 | 603 |  40 |4073 |  45M|  2 | 283 |  81k|-6.287337e+08 | 8.515032e+02 |    Inf | unknown
 7178s|130000 |127823 |215199k|1655.4 |    12G |  49 | 603 |  39 |3943 |  45M|  3 | 283 |  81k|-6.287337e+08 | 8.515032e+02 |    Inf | unknown
 7189s|130100 |127923 |215367k|1655.4 |    12G |  49 | 603 |  39 |3242 |  45M|  2 | 283 |  81k|-6.287337e+08 | 8.515032e+02 |    Inf | unknown
 7194s|130200 |128023 |215527k|1655.4 |    12G |  49 | 603 |  39 |4236 |  45M|  2 | 283 |  81k|-6.287337e+08 | 8.515032e+02 |    Inf | unknown
 7207s|130300 |128117 |215676k|1655.2 |    12G |  49 | 603 |  39 |4151 |  45M|  1 | 283 |  81k|-6.287337e+08 | 8.515032e+02 |    Inf | unknown
 time | node  | left  |LP iter|LP it/n|mem/heur|mdpt |vars |cons |rows |cuts |sepa|confs|strbr|  dualbound   | primalbound  |  gap   | compl. 
 7221s|130400 |128213 |215838k|1655.2 |    12G |  49 | 603 |  39 |4404 |  45M| 24 | 283 |  81k|-6.287337e+08 | 8.515032e+02 |    Inf | unknown
 7226s|130500 |128310 |215986k|1655.1 |    12G |  49 | 603 |  39 |4009 |  45M|  2 | 283 |  81k|-6.287337e+08 | 8.515032e+02 |    Inf | unknown
 7230s|130600 |128410 |216129k|1654.9 |    12G |  49 | 603 |  39 |4005 |  45M|  2 | 283 |  81k|-6.287337e+08 | 8.515032e+02 |    Inf | unknown
 7238s|130700 |128504 |216296k|1654.9 |    12G |  49 | 603 |  39 |4042 |  45M|  2 | 283 |  81k|-6.287337e+08 | 8.515032e+02 |    Inf | unknown
 7244s|130800 |128604 |216437k|1654.7 |    12G |  49 | 603 |  39 |3790 |  45M|  3 | 283 |  81k|-6.287337e+08 | 8.515032e+02 |    Inf | unknown
 7250s|130900 |128704 |216615k|1654.8 |    12G |  49 | 603 |  39 |3478 |  45M|  2 | 283 |  81k|-6.287337e+08 | 8.515032e+02 |    Inf | unknown
 7260s|131000 |128804 |216808k|1655.0 |    12G |  49 | 603 |  42 |4546 |  45M|  2 | 286 |  81k|-6.287337e+08 | 8.515032e+02 |    Inf | unknown
 7266s|131100 |128904 |216985k|1655.1 |    12G |  49 | 603 |  42 |4629 |  45M|  8 | 286 |  81k|-6.287337e+08 | 8.515032e+02 |    Inf | unknown
 7276s|131200 |129002 |217122k|1654.9 |    12G |  49 | 603 |  41 |4224 |  45M|  3 | 286 |  82k|-6.287337e+08 | 8.515032e+02 |    Inf | unknown
 7285s|131300 |129100 |217261k|1654.7 |    12G |  49 | 603 |  40 |4426 |  45M|  2 | 286 |  82k|-6.287337e+08 | 8.515032e+02 |    Inf | unknown
 7291s|131400 |129198 |217424k|1654.7 |    12G |  49 | 603 |  40 |3924 |  45M|  3 | 286 |  82k|-6.287337e+08 | 8.515032e+02 |    Inf | unknown
 7301s|131500 |129298 |217609k|1654.8 |    12G |  49 | 603 |  40 |4037 |  45M|  5 | 286 |  82k|-6.287337e+08 | 8.515032e+02 |    Inf | unknown
 7312s|131600 |129396 |217750k|1654.6 |    12G |  49 | 603 |  40 |4305 |  45M| 18 | 286 |  82k|-6.287337e+08 | 8.515032e+02 |    Inf | unknown
 7318s|131700 |129494 |217905k|1654.6 |    12G |  49 | 603 |  40 |3765 |  45M|  2 | 286 |  82k|-6.287337e+08 | 8.515032e+02 |    Inf | unknown
 7328s|131800 |129594 |218087k|1654.7 |    12G |  49 | 603 |  40 |4264 |  45M| 24 | 286 |  82k|-6.287337e+08 | 8.515032e+02 |    Inf | unknown
 time | node  | left  |LP iter|LP it/n|mem/heur|mdpt |vars |cons |rows |cuts |sepa|confs|strbr|  dualbound   | primalbound  |  gap   | compl. 
 7334s|131900 |129692 |218265k|1654.8 |    12G |  49 | 603 |  40 |3982 |  45M|  2 | 286 |  82k|-6.287337e+08 | 8.515032e+02 |    Inf | unknown
 7344s|132000 |129792 |218425k|1654.7 |    12G |  49 | 603 |  40 |4634 |  45M|  5 | 286 |  82k|-6.287337e+08 | 8.515032e+02 |    Inf | unknown
 7348s|132100 |129892 |218573k|1654.6 |    12G |  49 | 603 |  40 |4870 |  45M|  5 | 286 |  82k|-6.287337e+08 | 8.515032e+02 |    Inf | unknown
 7358s|132200 |129988 |218737k|1654.6 |    12G |  49 | 603 |  40 |4663 |  45M|  2 | 286 |  82k|-6.287337e+08 | 8.515032e+02 |    Inf | unknown
 7364s|132300 |130082 |218880k|1654.4 |    12G |  49 | 603 |  40 |4364 |  45M|  7 | 286 |  82k|-6.287337e+08 | 8.515032e+02 |    Inf | unknown
 7379s|132400 |130176 |219042k|1654.4 |    12G |  49 | 603 |  40 |4005 |  45M|  2 | 286 |  82k|-6.287337e+08 | 8.515032e+02 |    Inf | unknown
 7386s|132500 |130274 |219214k|1654.4 |    12G |  49 | 603 |  40 |4858 |  45M|  8 | 286 |  82k|-6.287337e+08 | 8.515032e+02 |    Inf | unknown
 7390s|132600 |130374 |219391k|1654.5 |    12G |  49 | 603 |  40 |3736 |  45M|  2 | 286 |  82k|-6.287337e+08 | 8.515032e+02 |    Inf | unknown
 7395s|132700 |130472 |219542k|1654.4 |    12G |  49 | 603 |  40 |4370 |  46M| 14 | 286 |  82k|-6.287337e+08 | 8.515032e+02 |    Inf | unknown
 7408s|132800 |130572 |219696k|1654.3 |    12G |  49 | 603 |  40 |4156 |  46M|  5 | 286 |  82k|-6.287337e+08 | 8.515032e+02 |    Inf | unknown
 7414s|132900 |130668 |219852k|1654.3 |    12G |  49 | 603 |  40 |4685 |  46M|  6 | 286 |  82k|-6.287337e+08 | 8.515032e+02 |    Inf | unknown
 7421s|133000 |130766 |219987k|1654.0 |    12G |  49 | 603 |  40 |3867 |  46M|  2 | 286 |  82k|-6.287337e+08 | 8.515032e+02 |    Inf | unknown
 7427s|133100 |130864 |220172k|1654.2 |    12G |  49 | 603 |  40 |3461 |  46M|  2 | 286 |  82k|-6.287337e+08 | 8.515032e+02 |    Inf | unknown
 7432s|133200 |130960 |220345k|1654.2 |    12G |  49 | 603 |  40 |3798 |  46M|  3 | 286 |  82k|-6.287337e+08 | 8.515032e+02 |    Inf | unknown
 7440s|133300 |131060 |220525k|1654.3 |    12G |  49 | 603 |  40 |4533 |  46M| 28 | 286 |  82k|-6.287337e+08 | 8.515032e+02 |    Inf | unknown
 time | node  | left  |LP iter|LP it/n|mem/heur|mdpt |vars |cons |rows |cuts |sepa|confs|strbr|  dualbound   | primalbound  |  gap   | compl. 
 7448s|133400 |131160 |220690k|1654.3 |    12G |  49 | 603 |  40 |4042 |  46M|  2 | 286 |  82k|-6.287337e+08 | 8.515032e+02 |    Inf | unknown
 7454s|133500 |131256 |220854k|1654.3 |    12G |  49 | 603 |  40 |3426 |  46M|  3 | 286 |  82k|-6.287337e+08 | 8.515032e+02 |    Inf | unknown
 7459s|133600 |131356 |221048k|1654.6 |    12G |  49 | 603 |  40 |4378 |  46M|  6 | 286 |  82k|-6.287337e+08 | 8.515032e+02 |    Inf | unknown
 7464s|133700 |131454 |221201k|1654.5 |    12G |  49 | 603 |  40 |4294 |  46M| 19 | 286 |  82k|-6.287337e+08 | 8.515032e+02 |    Inf | unknown
 7473s|133800 |131554 |221369k|1654.5 |    12G |  49 | 603 |  40 |4077 |  46M|  2 | 286 |  82k|-6.287337e+08 | 8.515032e+02 |    Inf | unknown
 7480s|133900 |131654 |221537k|1654.5 |    12G |  49 | 603 |  39 |3869 |  46M|  2 | 286 |  82k|-6.287337e+08 | 8.515032e+02 |    Inf | unknown
 7489s|134000 |131754 |221687k|1654.4 |    12G |  49 | 603 |  39 |4953 |  46M|  8 | 286 |  82k|-6.287337e+08 | 8.515032e+02 |    Inf | unknown
 7499s|134100 |131854 |221863k|1654.5 |    12G |  49 | 603 |  39 |4244 |  46M|  5 | 286 |  82k|-6.287337e+08 | 8.515032e+02 |    Inf | unknown
 7505s|134200 |131954 |222044k|1654.6 |    12G |  49 | 603 |  39 |4596 |  46M|  5 | 286 |  82k|-6.287337e+08 | 8.515032e+02 |    Inf | unknown
 7510s|134300 |132050 |222180k|1654.4 |    12G |  49 | 603 |  39 |4040 |  46M|  2 | 286 |  82k|-6.287337e+08 | 8.515032e+02 |    Inf | unknown
 7516s|134400 |132146 |222346k|1654.4 |    12G |  49 | 603 |  39 |4662 |  46M|  2 | 287 |  82k|-6.287337e+08 | 8.515032e+02 |    Inf | unknown
 7524s|134500 |132246 |222510k|1654.3 |    12G |  49 | 603 |  39 |4439 |  46M|  5 | 287 |  82k|-6.287337e+08 | 8.515032e+02 |    Inf | unknown
 7531s|134600 |132340 |222700k|1654.5 |    12G |  49 | 603 |  39 |3552 |  46M|  2 | 287 |  82k|-6.287337e+08 | 8.515032e+02 |    Inf | unknown
 7541s|134700 |132440 |222868k|1654.6 |    12G |  49 | 603 |  39 |4061 |  46M|  2 | 287 |  82k|-6.287337e+08 | 8.515032e+02 |    Inf | unknown
 7547s|134800 |132538 |223042k|1654.6 |    12G |  49 | 603 |  43 |4245 |  46M|  2 | 291 |  82k|-6.287337e+08 | 8.515032e+02 |    Inf | unknown
 time | node  | left  |LP iter|LP it/n|mem/heur|mdpt |vars |cons |rows |cuts |sepa|confs|strbr|  dualbound   | primalbound  |  gap   | compl. 
 7554s|134900 |132638 |223196k|1654.5 |    12G |  49 | 603 |  43 |3523 |  46M|  2 | 291 |  82k|-6.287337e+08 | 8.515032e+02 |    Inf | unknown
 7559s|135000 |132736 |223374k|1654.6 |    12G |  49 | 603 |  42 |3876 |  46M|  2 | 292 |  82k|-6.287337e+08 | 8.515032e+02 |    Inf | unknown
 7566s|135100 |132836 |223536k|1654.6 |    12G |  49 | 603 |  42 |3740 |  46M|  2 | 292 |  82k|-6.287337e+08 | 8.515032e+02 |    Inf | unknown
 7580s|135200 |132936 |223715k|1654.7 |    12G |  49 | 603 |  42 |3879 |  46M|  2 | 292 |  83k|-6.287337e+08 | 8.515032e+02 |    Inf | unknown
 7591s|135300 |133034 |223861k|1654.6 |    12G |  49 | 603 |  41 |4561 |  46M|  8 | 292 |  83k|-6.287337e+08 | 8.515032e+02 |    Inf | unknown
 7596s|135400 |133130 |224026k|1654.5 |    12G |  49 | 603 |  41 |4437 |  46M|  3 | 292 |  83k|-6.287337e+08 | 8.515032e+02 |    Inf | unknown
 7602s|135500 |133228 |224205k|1654.6 |    12G |  49 | 603 |  40 |4677 |  47M|  7 | 292 |  83k|-6.287337e+08 | 8.515032e+02 |    Inf | unknown
 7608s|135600 |133324 |224394k|1654.8 |    12G |  49 | 603 |  40 |3912 |  47M|  5 | 292 |  83k|-6.287337e+08 | 8.515032e+02 |    Inf | unknown
 7613s|135700 |133422 |224554k|1654.8 |    12G |  49 | 603 |  40 |4386 |  47M|  4 | 292 |  83k|-6.287337e+08 | 8.515032e+02 |    Inf | unknown
 7617s|135800 |133522 |224700k|1654.6 |    12G |  49 | 603 |  40 |3907 |  47M|  2 | 292 |  83k|-6.287337e+08 | 8.515032e+02 |    Inf | unknown
 7624s|135900 |133622 |224853k|1654.5 |    13G |  49 | 603 |  40 |4153 |  47M| 28 | 292 |  83k|-6.287337e+08 | 8.515032e+02 |    Inf | unknown
 7629s|136000 |133720 |225008k|1654.5 |    13G |  49 | 603 |  40 |4524 |  47M|  7 | 292 |  83k|-6.287337e+08 | 8.515032e+02 |    Inf | unknown
 7643s|136100 |133816 |225148k|1654.3 |    13G |  49 | 603 |  40 |4641 |  47M|  2 | 292 |  83k|-6.287337e+08 | 8.515032e+02 |    Inf | unknown
 7653s|136200 |133916 |225314k|1654.3 |    13G |  49 | 603 |  40 |4391 |  47M| 17 | 292 |  83k|-6.287337e+08 | 8.515032e+02 |    Inf | unknown
 7659s|136300 |134014 |225477k|1654.3 |    13G |  49 | 603 |  40 |3969 |  47M|  2 | 292 |  83k|-6.287337e+08 | 8.515032e+02 |    Inf | unknown
 time | node  | left  |LP iter|LP it/n|mem/heur|mdpt |vars |cons |rows |cuts |sepa|confs|strbr|  dualbound   | primalbound  |  gap   | compl. 
 7668s|136400 |134114 |225607k|1654.0 |    13G |  49 | 603 |  40 |4346 |  47M|  5 | 292 |  83k|-6.287337e+08 | 8.515032e+02 |    Inf | unknown
 7673s|136500 |134212 |225747k|1653.8 |    13G |  49 | 603 |  40 |4141 |  47M|  4 | 292 |  83k|-6.287337e+08 | 8.515032e+02 |    Inf | unknown
 7677s|136600 |134312 |225885k|1653.6 |    13G |  49 | 603 |  40 |4032 |  47M|  3 | 292 |  83k|-6.287337e+08 | 8.515032e+02 |    Inf | unknown
 7682s|136700 |134412 |226011k|1653.3 |    13G |  49 | 603 |  40 |4077 |  47M|  3 | 292 |  83k|-6.287337e+08 | 8.515032e+02 |    Inf | unknown
 7685s|136800 |134504 |226129k|1653.0 |    13G |  49 | 603 |  40 |4803 |  47M|  7 | 292 |  83k|-6.287337e+08 | 8.515032e+02 |    Inf | unknown
 7696s|136900 |134605 |226257k|1652.7 |    13G |  49 | 603 |  40 |4185 |  47M|  4 | 293 |  83k|-6.287337e+08 | 8.515032e+02 |    Inf | unknown
 7704s|137000 |134703 |226424k|1652.7 |    13G |  49 | 603 |  40 |4120 |  47M|  2 | 293 |  83k|-6.287337e+08 | 8.515032e+02 |    Inf | unknown
 7708s|137100 |134801 |226579k|1652.7 |    13G |  49 | 603 |  39 |3980 |  47M|  2 | 293 |  83k|-6.287337e+08 | 8.515032e+02 |    Inf | unknown
 7714s|137200 |134901 |226734k|1652.6 |    13G |  49 | 603 |  39 |3857 |  47M|  2 | 293 |  83k|-6.287337e+08 | 8.515032e+02 |    Inf | unknown
 7724s|137300 |135001 |226905k|1652.6 |    13G |  49 | 603 |  39 |4676 |  47M|  6 | 293 |  83k|-6.287337e+08 | 8.515032e+02 |    Inf | unknown
 7733s|137400 |135099 |227091k|1652.8 |    13G |  49 | 603 |  39 |3828 |  47M|  2 | 293 |  83k|-6.287337e+08 | 8.515032e+02 |    Inf | unknown
 7739s|137500 |135199 |227275k|1652.9 |    13G |  49 | 603 |  39 |3815 |  47M|  2 | 293 |  83k|-6.287337e+08 | 8.515032e+02 |    Inf | unknown
 7748s|137600 |135299 |227470k|1653.1 |    13G |  49 | 603 |  39 |3919 |  47M|  2 | 293 |  83k|-6.287337e+08 | 8.515032e+02 |    Inf | unknown
 7765s|137700 |135397 |227627k|1653.1 |    13G |  49 | 603 |  39 |3774 |  47M|  2 | 293 |  83k|-6.287337e+08 | 8.515032e+02 |    Inf | unknown
 7783s|137800 |135497 |227792k|1653.1 |    13G |  49 | 603 |  40 |3826 |  47M|  1 | 294 |  83k|-6.287337e+08 | 8.515032e+02 |    Inf | unknown
 time | node  | left  |LP iter|LP it/n|mem/heur|mdpt |vars |cons |rows |cuts |sepa|confs|strbr|  dualbound   | primalbound  |  gap   | compl. 
 7794s|137900 |135593 |227952k|1653.0 |    13G |  49 | 603 |  40 |4066 |  47M|  1 | 294 |  83k|-6.287337e+08 | 8.515032e+02 |    Inf | unknown
 7809s|138000 |135689 |228113k|1653.0 |    13G |  49 | 603 |  39 |4094 |  47M|  2 | 294 |  83k|-6.287337e+08 | 8.515032e+02 |    Inf | unknown
 7819s|138100 |135785 |228278k|1653.0 |    13G |  49 | 603 |  39 |4079 |  47M|  6 | 294 |  83k|-6.287337e+08 | 8.515032e+02 |    Inf | unknown
 7833s|138200 |135881 |228419k|1652.8 |    13G |  49 | 603 |  39 |3801 |  47M|  2 | 294 |  83k|-6.287337e+08 | 8.515032e+02 |    Inf | unknown
 7839s|138300 |135981 |228586k|1652.8 |    13G |  49 | 603 |  37 |3549 |  47M|  2 | 294 |  83k|-6.287337e+08 | 8.515032e+02 |    Inf | unknown
 7847s|138400 |136079 |228751k|1652.8 |    13G |  49 | 603 |  37 |4585 |  47M|  6 | 294 |  83k|-6.287337e+08 | 8.515032e+02 |    Inf | unknown
 7857s|138500 |136177 |228912k|1652.8 |    13G |  49 | 603 |  37 |3897 |  48M|  3 | 294 |  83k|-6.287337e+08 | 8.515032e+02 |    Inf | unknown
 7866s|138600 |136275 |229056k|1652.6 |    13G |  49 | 603 |  37 |4358 |  48M|  6 | 294 |  83k|-6.287337e+08 | 8.515032e+02 |    Inf | unknown
 7871s|138700 |136375 |229204k|1652.5 |    13G |  49 | 603 |  38 |4318 |  48M|  4 | 295 |  83k|-6.287337e+08 | 8.515032e+02 |    Inf | unknown
 7877s|138800 |136475 |229346k|1652.3 |    13G |  49 | 603 |  38 |4234 |  48M|  2 | 295 |  83k|-6.287337e+08 | 8.515032e+02 |    Inf | unknown
 7884s|138900 |136573 |229510k|1652.3 |    13G |  49 | 603 |  38 |4148 |  48M|  6 | 295 |  83k|-6.287337e+08 | 8.515032e+02 |    Inf | unknown
 7891s|139000 |136671 |229672k|1652.3 |    13G |  49 | 603 |  38 |4066 |  48M|  5 | 295 |  83k|-6.287337e+08 | 8.515032e+02 |    Inf | unknown
 7895s|139100 |136771 |229825k|1652.2 |    13G |  49 | 603 |  38 |3897 |  48M|  2 | 296 |  83k|-6.287337e+08 | 8.515032e+02 |    Inf | unknown
 7901s|139200 |136871 |230004k|1652.3 |    13G |  49 | 603 |  38 |3829 |  48M|  2 | 296 |  83k|-6.287337e+08 | 8.515032e+02 |    Inf | unknown
 7912s|139300 |136963 |230160k|1652.3 |    13G |  49 | 603 |  38 |4601 |  48M| 23 | 296 |  83k|-6.287337e+08 | 8.515032e+02 |    Inf | unknown
 time | node  | left  |LP iter|LP it/n|mem/heur|mdpt |vars |cons |rows |cuts |sepa|confs|strbr|  dualbound   | primalbound  |  gap   | compl. 
 7916s|139400 |137057 |230307k|1652.1 |    13G |  49 | 603 |  38 |4025 |  48M|  2 | 296 |  83k|-6.287337e+08 | 8.515032e+02 |    Inf | unknown
 7924s|139500 |137153 |230485k|1652.2 |    13G |  49 | 603 |  38 |3811 |  48M|  2 | 296 |  83k|-6.287337e+08 | 8.515032e+02 |    Inf | unknown
 7934s|139600 |137249 |230664k|1652.3 |    13G |  49 | 603 |  38 |4202 |  48M| 20 | 296 |  84k|-6.287337e+08 | 8.515032e+02 |    Inf | unknown
 7946s|139700 |137349 |230795k|1652.1 |    13G |  49 | 603 |  37 |4047 |  48M|  2 | 296 |  84k|-6.287337e+08 | 8.515032e+02 |    Inf | unknown
 7956s|139800 |137440 |230944k|1652.0 |    13G |  49 | 603 |  37 |4552 |  48M|  8 | 296 |  84k|-6.287337e+08 | 8.515032e+02 |    Inf | unknown
 7963s|139900 |137540 |231115k|1652.0 |    13G |  49 | 603 |  37 |4055 |  48M|  2 | 296 |  84k|-6.287337e+08 | 8.515032e+02 |    Inf | unknown
 7973s|140000 |137638 |231277k|1652.0 |    13G |  49 | 603 |  37 |4364 |  48M|  2 | 296 |  84k|-6.287337e+08 | 8.515032e+02 |    Inf | unknown
 7980s|140100 |137738 |231473k|1652.2 |    13G |  49 | 603 |  37 |4089 |  48M|  2 | 296 |  84k|-6.287337e+08 | 8.515032e+02 |    Inf | unknown
 7988s|140200 |137838 |231626k|1652.1 |    13G |  49 | 603 |  37 |4063 |  48M|  2 | 296 |  84k|-6.287337e+08 | 8.515032e+02 |    Inf | unknown
 8003s|140300 |137932 |231781k|1652.0 |    13G |  49 | 603 |  37 |4077 |  48M|  2 | 296 |  84k|-6.287337e+08 | 8.515032e+02 |    Inf | unknown
 8020s|140400 |138032 |231960k|1652.1 |    13G |  49 | 603 |  37 |4197 |  48M|  2 | 296 |  84k|-6.287337e+08 | 8.515032e+02 |    Inf | unknown
 8034s|140500 |138132 |232126k|1652.1 |    13G |  49 | 603 |  37 |3813 |  48M|  2 | 296 |  84k|-6.287337e+08 | 8.515032e+02 |    Inf | unknown
 8040s|140600 |138232 |232283k|1652.1 |    13G |  49 | 603 |  37 |4051 |  48M|  2 | 296 |  84k|-6.287337e+08 | 8.515032e+02 |    Inf | unknown
 8045s|140700 |138332 |232443k|1652.1 |    13G |  49 | 603 |  37 |4895 |  48M|  6 | 296 |  84k|-6.287337e+08 | 8.515032e+02 |    Inf | unknown
 8052s|140800 |138432 |232589k|1651.9 |    13G |  49 | 603 |  37 |4078 |  48M|  2 | 296 |  84k|-6.287337e+08 | 8.515032e+02 |    Inf | unknown
 time | node  | left  |LP iter|LP it/n|mem/heur|mdpt |vars |cons |rows |cuts |sepa|confs|strbr|  dualbound   | primalbound  |  gap   | compl. 
 8063s|140900 |138530 |232758k|1651.9 |    13G |  49 | 603 |  37 |4000 |  48M|  2 | 296 |  84k|-6.287337e+08 | 8.515032e+02 |    Inf | unknown
 8076s|141000 |138630 |232921k|1651.9 |    13G |  49 | 603 |  37 |4613 |  48M|  8 | 296 |  84k|-6.287337e+08 | 8.515032e+02 |    Inf | unknown
 8084s|141100 |138730 |233083k|1651.9 |    13G |  49 | 603 |  37 |3971 |  48M|  2 | 296 |  84k|-6.287337e+08 | 8.515032e+02 |    Inf | unknown
 8092s|141200 |138828 |233279k|1652.1 |    13G |  49 | 603 |  37 |4241 |  48M|  6 | 296 |  84k|-6.287337e+08 | 8.515032e+02 |    Inf | unknown
 8100s|141300 |138928 |233440k|1652.1 |    13G |  49 | 603 |  37 |4355 |  49M|  4 | 296 |  84k|-6.287337e+08 | 8.515032e+02 |    Inf | unknown
 8104s|141400 |139028 |233610k|1652.1 |    13G |  49 | 603 |  37 |4379 |  49M|  8 | 296 |  84k|-6.287337e+08 | 8.515032e+02 |    Inf | unknown
 8111s|141500 |139126 |233770k|1652.1 |    13G |  49 | 603 |  37 |4490 |  49M|  7 | 296 |  84k|-6.287337e+08 | 8.515032e+02 |    Inf | unknown
 8115s|141600 |139224 |233958k|1652.2 |    13G |  49 | 603 |  37 |3332 |  49M|  2 | 296 |  84k|-6.287337e+08 | 8.515032e+02 |    Inf | unknown
 8125s|141700 |139324 |234132k|1652.3 |    13G |  49 | 603 |  37 |3798 |  49M|  2 | 296 |  84k|-6.287337e+08 | 8.515032e+02 |    Inf | unknown
 8132s|141800 |139424 |234327k|1652.5 |    13G |  49 | 603 |  38 |4299 |  49M|  7 | 297 |  84k|-6.287337e+08 | 8.515032e+02 |    Inf | unknown
 8136s|141900 |139522 |234476k|1652.4 |    13G |  49 | 603 |  38 |4240 |  49M|  2 | 297 |  84k|-6.287337e+08 | 8.515032e+02 |    Inf | unknown
 8143s|142000 |139620 |234616k|1652.2 |    13G |  49 | 603 |  38 |3760 |  49M|  2 | 297 |  84k|-6.287337e+08 | 8.515032e+02 |    Inf | unknown
 8151s|142100 |139720 |234788k|1652.3 |    13G |  49 | 603 |  38 |3825 |  49M|  2 | 297 |  84k|-6.287337e+08 | 8.515032e+02 |    Inf | unknown
 8156s|142200 |139820 |234940k|1652.2 |    13G |  49 | 603 |  38 |4530 |  49M|  7 | 297 |  84k|-6.287337e+08 | 8.515032e+02 |    Inf | unknown
 8171s|142300 |139920 |235098k|1652.1 |    13G |  49 | 603 |  38 |4331 |  49M|  6 | 297 |  84k|-6.287337e+08 | 8.515032e+02 |    Inf | unknown
 time | node  | left  |LP iter|LP it/n|mem/heur|mdpt |vars |cons |rows |cuts |sepa|confs|strbr|  dualbound   | primalbound  |  gap   | compl. 
 8178s|142400 |140020 |235283k|1652.3 |    13G |  49 | 603 |  38 |3768 |  49M|  3 | 297 |  84k|-6.287337e+08 | 8.515032e+02 |    Inf | unknown
 8185s|142500 |140118 |235479k|1652.5 |    13G |  49 | 603 |  38 |3222 |  49M|  2 | 297 |  84k|-6.287337e+08 | 8.515032e+02 |    Inf | unknown
 8191s|142600 |140218 |235632k|1652.4 |    13G |  49 | 603 |  37 |3855 |  49M|  4 | 297 |  84k|-6.287337e+08 | 8.515032e+02 |    Inf | unknown
 8198s|142700 |140314 |235781k|1652.3 |    13G |  49 | 603 |  38 |4028 |  49M|  3 | 298 |  84k|-6.287337e+08 | 8.515032e+02 |    Inf | unknown
 8205s|142800 |140414 |235927k|1652.2 |    13G |  49 | 603 |  38 |3993 |  49M|  2 | 298 |  84k|-6.287337e+08 | 8.515032e+02 |    Inf | unknown
 8210s|142900 |140514 |236062k|1651.9 |    13G |  49 | 603 |  38 |3406 |  49M|  2 | 298 |  84k|-6.287337e+08 | 8.515032e+02 |    Inf | unknown
 8217s|143000 |140612 |236240k|1652.0 |    13G |  49 | 603 |  37 |4256 |  49M| 11 | 298 |  84k|-6.287337e+08 | 8.515032e+02 |    Inf | unknown
 8224s|143100 |140708 |236417k|1652.1 |    13G |  49 | 603 |  38 |4579 |  49M| 14 | 299 |  84k|-6.287337e+08 | 8.515032e+02 |    Inf | unknown
 8229s|143200 |140806 |236596k|1652.2 |    13G |  49 | 603 |  38 |3654 |  49M|  2 | 299 |  84k|-6.287337e+08 | 8.515032e+02 |    Inf | unknown
 8237s|143300 |140906 |236798k|1652.5 |    13G |  49 | 603 |  38 |3701 |  49M|  2 | 299 |  84k|-6.287337e+08 | 8.515032e+02 |    Inf | unknown
 8241s|143400 |141006 |236971k|1652.5 |    13G |  49 | 603 |  38 |4576 |  49M|  7 | 299 |  84k|-6.287337e+08 | 8.515032e+02 |    Inf | unknown
 8259s|143500 |141106 |237159k|1652.7 |    13G |  49 | 603 |  38 |4808 |  49M|  9 | 299 |  84k|-6.287337e+08 | 8.515032e+02 |    Inf | unknown
 8266s|143600 |141206 |237308k|1652.6 |    13G |  49 | 603 |  37 |4225 |  49M|  5 | 299 |  84k|-6.287337e+08 | 8.515032e+02 |    Inf | unknown
 8270s|143700 |141306 |237454k|1652.4 |    13G |  49 | 603 |  37 |4367 |  49M|  7 | 299 |  84k|-6.287337e+08 | 8.515032e+02 |    Inf | unknown
 8289s|143800 |141404 |237607k|1652.3 |    13G |  49 | 603 |  37 |3626 |  49M|  2 | 299 |  84k|-6.287337e+08 | 8.515032e+02 |    Inf | unknown
 time | node  | left  |LP iter|LP it/n|mem/heur|mdpt |vars |cons |rows |cuts |sepa|confs|strbr|  dualbound   | primalbound  |  gap   | compl. 
 8299s|143900 |141500 |237774k|1652.4 |    13G |  49 | 603 |  37 |3802 |  49M|  2 | 299 |  84k|-6.287337e+08 | 8.515032e+02 |    Inf | unknown
 8304s|144000 |141598 |237924k|1652.2 |    13G |  49 | 603 |  37 |4492 |  49M|  7 | 299 |  84k|-6.287337e+08 | 8.515032e+02 |    Inf | unknown
 8308s|144100 |141698 |238086k|1652.2 |    13G |  49 | 603 |  37 |3667 |  50M|  2 | 299 |  84k|-6.287337e+08 | 8.515032e+02 |    Inf | unknown
 8312s|144200 |141798 |238248k|1652.2 |    13G |  49 | 603 |  37 |3992 |  50M|  2 | 299 |  85k|-6.287337e+08 | 8.515032e+02 |    Inf | unknown
 8332s|144300 |141894 |238387k|1652.0 |    13G |  49 | 603 |  37 |4326 |  50M| 13 | 299 |  85k|-6.287337e+08 | 8.515032e+02 |    Inf | unknown
 8338s|144400 |141992 |238556k|1652.1 |    13G |  49 | 603 |  37 |4471 |  50M|  5 | 299 |  85k|-6.287337e+08 | 8.515032e+02 |    Inf | unknown
 8347s|144500 |142092 |238706k|1651.9 |    13G |  49 | 603 |  37 |4084 |  50M|  2 | 299 |  85k|-6.287337e+08 | 8.515032e+02 |    Inf | unknown
 8360s|144600 |142190 |238861k|1651.9 |    13G |  49 | 603 |  37 |3794 |  50M|  2 | 299 |  85k|-6.287337e+08 | 8.515032e+02 |    Inf | unknown
 8366s|144700 |142288 |239014k|1651.8 |    13G |  49 | 603 |  37 |4006 |  50M| 16 | 299 |  85k|-6.287337e+08 | 8.515032e+02 |    Inf | unknown
 8383s|144800 |142388 |239151k|1651.6 |    13G |  49 | 603 |  37 |4008 |  50M|  2 | 299 |  85k|-6.287337e+08 | 8.515032e+02 |    Inf | unknown
 8393s|144900 |142486 |239279k|1651.3 |    13G |  49 | 603 |  37 |3990 |  50M|  2 | 299 |  85k|-6.287337e+08 | 8.515032e+02 |    Inf | unknown
 8401s|145000 |142586 |239466k|1651.5 |    13G |  49 | 603 |  37 |3974 |  50M|  2 | 299 |  85k|-6.287337e+08 | 8.515032e+02 |    Inf | unknown
 8409s|145100 |142686 |239617k|1651.4 |    13G |  49 | 603 |  37 |3782 |  50M|  2 | 299 |  85k|-6.287337e+08 | 8.515032e+02 |    Inf | unknown
 8414s|145200 |142786 |239798k|1651.5 |    13G |  49 | 603 |  37 |3895 |  50M|  3 | 299 |  85k|-6.287337e+08 | 8.515032e+02 |    Inf | unknown
 8420s|145300 |142884 |239977k|1651.6 |    13G |  49 | 603 |  37 |3784 |  50M|  2 | 299 |  85k|-6.287337e+08 | 8.515032e+02 |    Inf | unknown
 time | node  | left  |LP iter|LP it/n|mem/heur|mdpt |vars |cons |rows |cuts |sepa|confs|strbr|  dualbound   | primalbound  |  gap   | compl. 
 8426s|145400 |142978 |240155k|1651.7 |    13G |  49 | 603 |  37 |3920 |  50M|  4 | 299 |  85k|-6.287337e+08 | 8.515032e+02 |    Inf | unknown
 8438s|145500 |143072 |240279k|1651.4 |    13G |  49 | 603 |  37 |4172 |  50M|  2 | 299 |  85k|-6.287337e+08 | 8.515032e+02 |    Inf | unknown
 8448s|145600 |143170 |240420k|1651.2 |    13G |  49 | 603 |  37 |4028 |  50M| 13 | 299 |  85k|-6.287337e+08 | 8.515032e+02 |    Inf | unknown
 8453s|145700 |143270 |240575k|1651.2 |    13G |  49 | 603 |  37 |3449 |  50M|  2 | 299 |  85k|-6.287337e+08 | 8.515032e+02 |    Inf | unknown
 8458s|145800 |143370 |240763k|1651.3 |    13G |  49 | 603 |  37 |4251 |  50M|  5 | 299 |  85k|-6.287337e+08 | 8.515032e+02 |    Inf | unknown
 8464s|145900 |143470 |240929k|1651.3 |    13G |  49 | 603 |  37 |4350 |  50M| 30 | 299 |  85k|-6.287337e+08 | 8.515032e+02 |    Inf | unknown
 8470s|146000 |143566 |241075k|1651.2 |    13G |  49 | 603 |  37 |4096 |  50M|  3 | 299 |  85k|-6.287337e+08 | 8.515032e+02 |    Inf | unknown
 8476s|146100 |143664 |241223k|1651.1 |    13G |  49 | 603 |  37 |4232 |  50M|  2 | 299 |  85k|-6.287337e+08 | 8.515032e+02 |    Inf | unknown
 8494s|146200 |143762 |241384k|1651.1 |    13G |  49 | 603 |  37 |3979 |  50M|  2 | 299 |  85k|-6.287337e+08 | 8.515032e+02 |    Inf | unknown
 8502s|146300 |143862 |241542k|1651.0 |    13G |  49 | 603 |  37 |4406 |  50M|  3 | 299 |  85k|-6.287337e+08 | 8.515032e+02 |    Inf | unknown
 8508s|146400 |143956 |241736k|1651.2 |    13G |  49 | 603 |  37 |4430 |  50M|  8 | 299 |  85k|-6.287337e+08 | 8.515032e+02 |    Inf | unknown
 8512s|146500 |144056 |241889k|1651.1 |    13G |  49 | 603 |  37 |4806 |  50M|  8 | 299 |  85k|-6.287337e+08 | 8.515032e+02 |    Inf | unknown
 8516s|146600 |144156 |242060k|1651.2 |    13G |  49 | 603 |  37 |3518 |  50M|  2 | 299 |  85k|-6.287337e+08 | 8.515032e+02 |    Inf | unknown
 8523s|146700 |144256 |242248k|1651.3 |    13G |  49 | 603 |  37 |4464 |  50M|  4 | 299 |  85k|-6.287337e+08 | 8.515032e+02 |    Inf | unknown
 8528s|146800 |144342 |242422k|1651.4 |    13G |  49 | 603 |  37 |4197 |  50M|  2 | 299 |  85k|-6.287337e+08 | 8.515032e+02 |    Inf | unknown
 time | node  | left  |LP iter|LP it/n|mem/heur|mdpt |vars |cons |rows |cuts |sepa|confs|strbr|  dualbound   | primalbound  |  gap   | compl. 
 8538s|146900 |144442 |242575k|1651.3 |    13G |  49 | 603 |  37 |4195 |  51M|  7 | 299 |  85k|-6.287337e+08 | 8.515032e+02 |    Inf | unknown
 8556s|147000 |144536 |242719k|1651.2 |    13G |  49 | 603 |  37 |4687 |  51M| 14 | 299 |  85k|-6.287337e+08 | 8.515032e+02 |    Inf | unknown
 8565s|147100 |144636 |242894k|1651.2 |    13G |  49 | 603 |  37 |4049 |  51M|  2 | 299 |  85k|-6.287337e+08 | 8.515032e+02 |    Inf | unknown
 8575s|147200 |144736 |243069k|1651.3 |    13G |  49 | 603 |  38 |4528 |  51M|  8 | 300 |  85k|-6.287337e+08 | 8.515032e+02 |    Inf | unknown
 8580s|147300 |144830 |243232k|1651.3 |    14G |  49 | 603 |  38 |3874 |  51M|  2 | 300 |  85k|-6.287337e+08 | 8.515032e+02 |    Inf | unknown
 8587s|147400 |144928 |243392k|1651.2 |    14G |  49 | 603 |  38 |4827 |  51M|  2 | 300 |  85k|-6.287337e+08 | 8.515032e+02 |    Inf | unknown
 8599s|147500 |145024 |243557k|1651.2 |    14G |  49 | 603 |  38 |4036 |  51M|  2 | 300 |  85k|-6.287337e+08 | 8.515032e+02 |    Inf | unknown
 8606s|147600 |145124 |243719k|1651.2 |    13G |  49 | 603 |  38 |4513 |  51M|  7 | 300 |  85k|-6.287337e+08 | 8.515032e+02 |    Inf | unknown
 8613s|147700 |145222 |243884k|1651.2 |    14G |  49 | 603 |  38 |4181 |  51M|  2 | 300 |  85k|-6.287337e+08 | 8.515032e+02 |    Inf | unknown
 8619s|147800 |145318 |244055k|1651.3 |    14G |  49 | 603 |  38 |4283 |  51M|  6 | 300 |  85k|-6.287337e+08 | 8.515032e+02 |    Inf | unknown
 8624s|147900 |145416 |244222k|1651.3 |    14G |  49 | 603 |  38 |4492 |  51M|  5 | 300 |  85k|-6.287337e+08 | 8.515032e+02 |    Inf | unknown
 8634s|148000 |145508 |244373k|1651.2 |    14G |  49 | 603 |  38 |4000 |  51M|  2 | 300 |  85k|-6.287337e+08 | 8.515032e+02 |    Inf | unknown
 8643s|148100 |145606 |244545k|1651.2 |    14G |  49 | 603 |  38 |3570 |  51M|  2 | 300 |  85k|-6.287337e+08 | 8.515032e+02 |    Inf | unknown
 8651s|148200 |145704 |244692k|1651.1 |    14G |  49 | 603 |  38 |4064 |  51M|  2 | 300 |  85k|-6.287337e+08 | 8.515032e+02 |    Inf | unknown
 8658s|148300 |145802 |244841k|1651.0 |    14G |  49 | 603 |  38 |4611 |  51M|  6 | 300 |  85k|-6.287337e+08 | 8.515032e+02 |    Inf | unknown
 time | node  | left  |LP iter|LP it/n|mem/heur|mdpt |vars |cons |rows |cuts |sepa|confs|strbr|  dualbound   | primalbound  |  gap   | compl. 
 8665s|148400 |145898 |245001k|1651.0 |    14G |  49 | 603 |  38 |4654 |  51M|  7 | 300 |  86k|-6.287337e+08 | 8.515032e+02 |    Inf | unknown
 8669s|148500 |145992 |245143k|1650.8 |    14G |  49 | 603 |  38 |3837 |  51M|  2 | 300 |  86k|-6.287337e+08 | 8.515032e+02 |    Inf | unknown
 8679s|148600 |146092 |245281k|1650.6 |    14G |  49 | 603 |  38 |4057 |  51M|  4 | 300 |  86k|-6.287337e+08 | 8.515032e+02 |    Inf | unknown
 8688s|148700 |146190 |245466k|1650.7 |    14G |  49 | 603 |  38 |4199 |  51M|  2 | 300 |  86k|-6.287337e+08 | 8.515032e+02 |    Inf | unknown
 8693s|148800 |146290 |245652k|1650.9 |    14G |  49 | 603 |  38 |4311 |  51M|  2 | 300 |  86k|-6.287337e+08 | 8.515032e+02 |    Inf | unknown
 8700s|148900 |146388 |245798k|1650.8 |    14G |  49 | 603 |  38 |3496 |  51M|  2 | 300 |  86k|-6.287337e+08 | 8.515032e+02 |    Inf | unknown
 8708s|149000 |146488 |245970k|1650.8 |    14G |  49 | 603 |  38 |3973 |  51M|  3 | 300 |  86k|-6.287337e+08 | 8.515032e+02 |    Inf | unknown
 8711s|149100 |146586 |246145k|1650.9 |    14G |  49 | 603 |  38 |3494 |  51M|  3 | 300 |  86k|-6.287337e+08 | 8.515032e+02 |    Inf | unknown
 8715s|149200 |146686 |246314k|1650.9 |    14G |  49 | 603 |  38 |4446 |  51M|  7 | 300 |  86k|-6.287337e+08 | 8.515032e+02 |    Inf | unknown
 8719s|149300 |146784 |246470k|1650.8 |    14G |  49 | 603 |  37 |3773 |  51M|  4 | 300 |  86k|-6.287337e+08 | 8.515032e+02 |    Inf | unknown
 8726s|149400 |146884 |246636k|1650.8 |    14G |  49 | 603 |  37 |3701 |  51M|  2 | 300 |  86k|-6.287337e+08 | 8.515032e+02 |    Inf | unknown
 8733s|149500 |146982 |246789k|1650.8 |    14G |  49 | 603 |  37 |3933 |  51M|  2 | 300 |  86k|-6.287337e+08 | 8.515032e+02 |    Inf | unknown
 8743s|149600 |147080 |246939k|1650.7 |    14G |  49 | 603 |  37 |4354 |  51M|  6 | 300 |  86k|-6.287337e+08 | 8.515032e+02 |    Inf | unknown
 8751s|149700 |147176 |247090k|1650.6 |    14G |  49 | 603 |  37 |4370 |  52M|  6 | 300 |  86k|-6.287337e+08 | 8.515032e+02 |    Inf | unknown
 8755s|149800 |147276 |247226k|1650.4 |    14G |  49 | 603 |  37 |3988 |  52M|  2 | 300 |  86k|-6.287337e+08 | 8.515032e+02 |    Inf | unknown
 time | node  | left  |LP iter|LP it/n|mem/heur|mdpt |vars |cons |rows |cuts |sepa|confs|strbr|  dualbound   | primalbound  |  gap   | compl. 
 8766s|149900 |147372 |247374k|1650.3 |    14G |  49 | 603 |  36 |4696 |  52M|  9 | 300 |  86k|-6.287337e+08 | 8.515032e+02 |    Inf | unknown
 8774s|150000 |147472 |247523k|1650.2 |    14G |  49 | 603 |  36 |3624 |  52M|  2 | 300 |  86k|-6.287337e+08 | 8.515032e+02 |    Inf | unknown
 8783s|150100 |147572 |247696k|1650.2 |    14G |  49 | 603 |  36 |4071 |  52M|  2 | 300 |  86k|-6.287337e+08 | 8.515032e+02 |    Inf | unknown
 8788s|150200 |147672 |247841k|1650.1 |    14G |  49 | 603 |  36 |3723 |  52M|  2 | 300 |  86k|-6.287337e+08 | 8.515032e+02 |    Inf | unknown
 8795s|150300 |147772 |247994k|1650.0 |    14G |  49 | 603 |  36 |3797 |  52M|  2 | 300 |  86k|-6.287337e+08 | 8.515032e+02 |    Inf | unknown
 8800s|150400 |147870 |248154k|1650.0 |    14G |  49 | 603 |  36 |4697 |  52M| 18 | 300 |  86k|-6.287337e+08 | 8.515032e+02 |    Inf | unknown
 8805s|150500 |147970 |248279k|1649.7 |    14G |  49 | 603 |  36 |4162 |  52M|  3 | 300 |  86k|-6.287337e+08 | 8.515032e+02 |    Inf | unknown
 8812s|150600 |148070 |248412k|1649.5 |    14G |  49 | 603 |  36 |4156 |  52M|  2 | 300 |  86k|-6.287337e+08 | 8.515032e+02 |    Inf | unknown
 8817s|150700 |148170 |248598k|1649.6 |    14G |  49 | 603 |  36 |4213 |  52M|  2 | 300 |  86k|-6.287337e+08 | 8.515032e+02 |    Inf | unknown
 8825s|150800 |148270 |248764k|1649.6 |    14G |  49 | 603 |  36 |3718 |  52M|  2 | 300 |  86k|-6.287337e+08 | 8.515032e+02 |    Inf | unknown
 8834s|150900 |148366 |248912k|1649.5 |    14G |  49 | 603 |  36 |4003 |  52M|  2 | 300 |  86k|-6.287337e+08 | 8.515032e+02 |    Inf | unknown
 8844s|151000 |148464 |249063k|1649.4 |    14G |  49 | 603 |  36 |3586 |  52M|  2 | 300 |  86k|-6.287337e+08 | 8.515032e+02 |    Inf | unknown
 8848s|151100 |148564 |249259k|1649.6 |    14G |  49 | 603 |  36 |4096 |  52M|  2 | 300 |  86k|-6.287337e+08 | 8.515032e+02 |    Inf | unknown
 8854s|151200 |148664 |249433k|1649.7 |    14G |  49 | 603 |  36 |4428 |  52M|  7 | 300 |  86k|-6.287337e+08 | 8.515032e+02 |    Inf | unknown
 8862s|151300 |148764 |249605k|1649.7 |    14G |  49 | 603 |  36 |4033 |  52M|  3 | 300 |  86k|-6.287337e+08 | 8.515032e+02 |    Inf | unknown
 time | node  | left  |LP iter|LP it/n|mem/heur|mdpt |vars |cons |rows |cuts |sepa|confs|strbr|  dualbound   | primalbound  |  gap   | compl. 
 8871s|151400 |148864 |249782k|1649.8 |    14G |  49 | 603 |  36 |3985 |  52M|  2 | 300 |  86k|-6.287337e+08 | 8.515032e+02 |    Inf | unknown
 8887s|151500 |148960 |249938k|1649.8 |    14G |  49 | 603 |  36 |4240 |  52M|  2 | 300 |  86k|-6.287337e+08 | 8.515032e+02 |    Inf | unknown
 8891s|151600 |149058 |250099k|1649.7 |    14G |  49 | 603 |  36 |3755 |  52M|  3 | 300 |  86k|-6.287337e+08 | 8.515032e+02 |    Inf | unknown
 8897s|151700 |149158 |250259k|1649.7 |    14G |  49 | 603 |  36 |4238 |  52M|  6 | 300 |  86k|-6.287337e+08 | 8.515032e+02 |    Inf | unknown
 8902s|151800 |149258 |250429k|1649.7 |    14G |  49 | 603 |  37 |4406 |  52M|  8 | 301 |  86k|-6.287337e+08 | 8.515032e+02 |    Inf | unknown
 8909s|151900 |149358 |250611k|1649.8 |    14G |  49 | 603 |  38 |3822 |  52M|  3 | 302 |  86k|-6.287337e+08 | 8.515032e+02 |    Inf | unknown
 8919s|152000 |149456 |250777k|1649.8 |    14G |  49 | 603 |  37 |4727 |  52M| 10 | 302 |  86k|-6.287337e+08 | 8.515032e+02 |    Inf | unknown
 8922s|152100 |149556 |250954k|1649.9 |    14G |  49 | 603 |  37 |4135 |  52M|  7 | 302 |  86k|-6.287337e+08 | 8.515032e+02 |    Inf | unknown
 8928s|152200 |149656 |251098k|1649.8 |    14G |  49 | 603 |  37 |5027 |  52M|  5 | 302 |  87k|-6.287337e+08 | 8.515032e+02 |    Inf | unknown
 8938s|152300 |149752 |251274k|1649.9 |    14G |  49 | 603 |  37 |3469 |  52M|  2 | 302 |  87k|-6.287337e+08 | 8.515032e+02 |    Inf | unknown
 8943s|152400 |149846 |251457k|1650.0 |    14G |  49 | 603 |  37 |3917 |  52M|  4 | 302 |  87k|-6.287337e+08 | 8.515032e+02 |    Inf | unknown
 8949s|152500 |149944 |251608k|1649.9 |    14G |  49 | 603 |  37 |4171 |  52M|  5 | 302 |  87k|-6.287337e+08 | 8.515032e+02 |    Inf | unknown
 8959s|152600 |150042 |251775k|1649.9 |    14G |  49 | 603 |  37 |4125 |  53M|  7 | 302 |  87k|-6.287337e+08 | 8.515032e+02 |    Inf | unknown
 8963s|152700 |150142 |251942k|1649.9 |    14G |  49 | 603 |  38 |4238 |  53M|  2 | 303 |  87k|-6.287337e+08 | 8.515032e+02 |    Inf | unknown
 8969s|152800 |150236 |252112k|1649.9 |    14G |  49 | 603 |  38 |3201 |  53M|  2 | 303 |  87k|-6.287337e+08 | 8.515032e+02 |    Inf | unknown
 time | node  | left  |LP iter|LP it/n|mem/heur|mdpt |vars |cons |rows |cuts |sepa|confs|strbr|  dualbound   | primalbound  |  gap   | compl. 
 8974s|152900 |150334 |252284k|1650.0 |    14G |  49 | 603 |  38 |3311 |  53M|  2 | 303 |  87k|-6.287337e+08 | 8.515032e+02 |    Inf | unknown
 8979s|153000 |150434 |252489k|1650.3 |    14G |  49 | 603 |  39 |4134 |  53M|  3 | 304 |  87k|-6.287337e+08 | 8.515032e+02 |    Inf | unknown
 8983s|153100 |150532 |252685k|1650.5 |    14G |  49 | 603 |  39 |4205 |  53M|  2 | 304 |  87k|-6.287337e+08 | 8.515032e+02 |    Inf | unknown
 8995s|153200 |150630 |252854k|1650.5 |    14G |  49 | 603 |  39 |2970 |  53M|  3 | 304 |  87k|-6.287337e+08 | 8.515032e+02 |    Inf | unknown
 9007s|153300 |150730 |253029k|1650.6 |    14G |  49 | 603 |  39 |4092 |  53M|  2 | 304 |  87k|-6.287337e+08 | 8.515032e+02 |    Inf | unknown
 9015s|153400 |150828 |253193k|1650.5 |    14G |  49 | 603 |  40 |3729 |  53M|  3 | 305 |  87k|-6.287337e+08 | 8.515032e+02 |    Inf | unknown
 9023s|153500 |150928 |253358k|1650.5 |    14G |  49 | 603 |  40 |3888 |  53M|  2 | 305 |  87k|-6.287337e+08 | 8.515032e+02 |    Inf | unknown
 9028s|153600 |151026 |253527k|1650.6 |    14G |  49 | 603 |  38 |3859 |  53M|  3 | 305 |  87k|-6.287337e+08 | 8.515032e+02 |    Inf | unknown
 9036s|153700 |151126 |253666k|1650.4 |    14G |  49 | 603 |  38 |3683 |  53M|  2 | 305 |  87k|-6.287337e+08 | 8.515032e+02 |    Inf | unknown
 9043s|153800 |151224 |253833k|1650.4 |    14G |  49 | 603 |  38 |4301 |  53M|  5 | 305 |  87k|-6.287337e+08 | 8.515032e+02 |    Inf | unknown
 9049s|153900 |151324 |253988k|1650.3 |    14G |  49 | 603 |  38 |3960 |  53M|  3 | 305 |  87k|-6.287337e+08 | 8.515032e+02 |    Inf | unknown
 9058s|154000 |151424 |254148k|1650.3 |    14G |  49 | 603 |  38 |4800 |  53M|  8 | 305 |  87k|-6.287337e+08 | 8.515032e+02 |    Inf | unknown
 9064s|154100 |151524 |254322k|1650.4 |    14G |  49 | 603 |  40 |3593 |  53M|  2 | 307 |  87k|-6.287337e+08 | 8.515032e+02 |    Inf | unknown
 9072s|154200 |151624 |254502k|1650.5 |    14G |  49 | 603 |  40 |3850 |  53M|  2 | 307 |  87k|-6.287337e+08 | 8.515032e+02 |    Inf | unknown
 9079s|154300 |151724 |254702k|1650.7 |    14G |  49 | 603 |  40 |3046 |  53M|  3 | 307 |  87k|-6.287337e+08 | 8.515032e+02 |    Inf | unknown
 time | node  | left  |LP iter|LP it/n|mem/heur|mdpt |vars |cons |rows |cuts |sepa|confs|strbr|  dualbound   | primalbound  |  gap   | compl. 
 9083s|154400 |151824 |254890k|1650.8 |    14G |  49 | 603 |  40 |3786 |  53M|  3 | 307 |  87k|-6.287337e+08 | 8.515032e+02 |    Inf | unknown
 9095s|154500 |151922 |255083k|1651.0 |    14G |  49 | 603 |  39 |3645 |  53M|  2 | 307 |  87k|-6.287337e+08 | 8.515032e+02 |    Inf | unknown
 9101s|154600 |152022 |255278k|1651.2 |    14G |  49 | 603 |  39 |3914 |  53M|  2 | 307 |  87k|-6.287337e+08 | 8.515032e+02 |    Inf | unknown
 9107s|154700 |152120 |255461k|1651.3 |    14G |  49 | 603 |  39 |4476 |  53M|  2 | 307 |  87k|-6.287337e+08 | 8.515032e+02 |    Inf | unknown
 9113s|154800 |152220 |255648k|1651.5 |    14G |  49 | 603 |  39 |3736 |  53M|  2 | 307 |  87k|-6.287337e+08 | 8.515032e+02 |    Inf | unknown
 9118s|154900 |152320 |255827k|1651.6 |    14G |  49 | 603 |  39 |3472 |  53M|  2 | 307 |  87k|-6.287337e+08 | 8.515032e+02 |    Inf | unknown
 9124s|155000 |152420 |256018k|1651.7 |    14G |  49 | 603 |  39 |4439 |  53M|  6 | 307 |  87k|-6.287337e+08 | 8.515032e+02 |    Inf | unknown
 9136s|155100 |152520 |256176k|1651.7 |    14G |  49 | 603 |  39 |4127 |  53M|  7 | 307 |  87k|-6.287337e+08 | 8.515032e+02 |    Inf | unknown
 9141s|155200 |152618 |256325k|1651.6 |    14G |  49 | 603 |  39 |3681 |  53M|  3 | 307 |  87k|-6.287337e+08 | 8.515032e+02 |    Inf | unknown
 9148s|155300 |152716 |256505k|1651.7 |    14G |  49 | 603 |  39 |4142 |  53M| 23 | 307 |  87k|-6.287337e+08 | 8.515032e+02 |    Inf | unknown
 9157s|155400 |152814 |256682k|1651.8 |    14G |  49 | 603 |  39 |3671 |  53M|  2 | 307 |  87k|-6.287337e+08 | 8.515032e+02 |    Inf | unknown
 9163s|155500 |152914 |256862k|1651.8 |    14G |  49 | 603 |  39 |3398 |  54M|  2 | 307 |  87k|-6.287337e+08 | 8.515032e+02 |    Inf | unknown
 9170s|155600 |153012 |257044k|1652.0 |    14G |  49 | 603 |  39 |4198 |  54M|  2 | 307 |  87k|-6.287337e+08 | 8.515032e+02 |    Inf | unknown
 9175s|155700 |153112 |257213k|1652.0 |    14G |  49 | 603 |  39 |3901 |  54M|  2 | 307 |  87k|-6.287337e+08 | 8.515032e+02 |    Inf | unknown
 9181s|155800 |153212 |257374k|1652.0 |    14G |  49 | 603 |  39 |3777 |  54M|  2 | 307 |  87k|-6.287337e+08 | 8.515032e+02 |    Inf | unknown
 time | node  | left  |LP iter|LP it/n|mem/heur|mdpt |vars |cons |rows |cuts |sepa|confs|strbr|  dualbound   | primalbound  |  gap   | compl. 
 9192s|155900 |153310 |257578k|1652.2 |    14G |  49 | 603 |  39 |3394 |  54M|  2 | 307 |  87k|-6.287337e+08 | 8.515032e+02 |    Inf | unknown
 9198s|156000 |153406 |257767k|1652.4 |    14G |  49 | 603 |  40 |3756 |  54M|  3 | 308 |  87k|-6.287337e+08 | 8.515032e+02 |    Inf | unknown
 9206s|156100 |153506 |257959k|1652.5 |    14G |  49 | 603 |  40 |4844 |  54M|  2 | 308 |  87k|-6.287337e+08 | 8.515032e+02 |    Inf | unknown
 9210s|156200 |153604 |258134k|1652.6 |    14G |  49 | 603 |  40 |4200 |  54M|  6 | 308 |  87k|-6.287337e+08 | 8.515032e+02 |    Inf | unknown
 9219s|156300 |153702 |258309k|1652.6 |    14G |  49 | 603 |  40 |4060 |  54M|  1 | 308 |  87k|-6.287337e+08 | 8.515032e+02 |    Inf | unknown
 9224s|156400 |153800 |258491k|1652.8 |    14G |  49 | 603 |  40 |3748 |  54M|  3 | 308 |  87k|-6.287337e+08 | 8.515032e+02 |    Inf | unknown
 9233s|156500 |153900 |258665k|1652.8 |    14G |  49 | 603 |  41 |3713 |  54M|  2 | 309 |  87k|-6.287337e+08 | 8.515032e+02 |    Inf | unknown
 9240s|156600 |154000 |258834k|1652.8 |    14G |  49 | 603 |  42 |4021 |  54M|  4 | 310 |  88k|-6.287337e+08 | 8.515032e+02 |    Inf | unknown
 9246s|156700 |154096 |258976k|1652.7 |    14G |  49 | 603 |  42 |3980 |  54M|  3 | 310 |  88k|-6.287337e+08 | 8.515032e+02 |    Inf | unknown
 9260s|156800 |154194 |259116k|1652.5 |    14G |  49 | 603 |  39 |4045 |  54M|  3 | 310 |  88k|-6.287337e+08 | 8.515032e+02 |    Inf | unknown
 9265s|156900 |154294 |259264k|1652.4 |    14G |  49 | 603 |  39 |4252 |  54M|  5 | 310 |  88k|-6.287337e+08 | 8.515032e+02 |    Inf | unknown
 9274s|157000 |154394 |259415k|1652.3 |    14G |  49 | 603 |  39 |4195 |  54M|  2 | 310 |  88k|-6.287337e+08 | 8.515032e+02 |    Inf | unknown
 9282s|157100 |154494 |259569k|1652.3 |    15G |  49 | 603 |  39 |3710 |  54M|  2 | 310 |  88k|-6.287337e+08 | 8.515032e+02 |    Inf | unknown
 9289s|157200 |154590 |259724k|1652.2 |    15G |  49 | 603 |  39 |4128 |  54M|  2 | 310 |  88k|-6.287337e+08 | 8.515032e+02 |    Inf | unknown
 9296s|157300 |154690 |259900k|1652.3 |    15G |  49 | 603 |  39 |4240 |  54M|  6 | 310 |  88k|-6.287337e+08 | 8.515032e+02 |    Inf | unknown
 time | node  | left  |LP iter|LP it/n|mem/heur|mdpt |vars |cons |rows |cuts |sepa|confs|strbr|  dualbound   | primalbound  |  gap   | compl. 
 9310s|157400 |154786 |260069k|1652.3 |    15G |  49 | 603 |  39 |4396 |  54M|  4 | 310 |  88k|-6.287337e+08 | 8.515032e+02 |    Inf | unknown
 9315s|157500 |154882 |260214k|1652.2 |    15G |  49 | 603 |  39 |4572 |  54M|  2 | 310 |  88k|-6.287337e+08 | 8.515032e+02 |    Inf | unknown
 9328s|157600 |154980 |260387k|1652.2 |    15G |  49 | 603 |  39 |3314 |  54M|  3 | 310 |  88k|-6.287337e+08 | 8.515032e+02 |    Inf | unknown
 9339s|157700 |155080 |260552k|1652.2 |    15G |  49 | 603 |  39 |3793 |  54M|  3 | 310 |  88k|-6.287337e+08 | 8.515032e+02 |    Inf | unknown
 9344s|157800 |155176 |260714k|1652.2 |    15G |  49 | 603 |  39 |3889 |  54M|  1 | 310 |  88k|-6.287337e+08 | 8.515032e+02 |    Inf | unknown
 9357s|157900 |155276 |260882k|1652.2 |    15G |  49 | 603 |  39 |3668 |  54M|  2 | 310 |  88k|-6.287337e+08 | 8.515032e+02 |    Inf | unknown
 9374s|158000 |155376 |261059k|1652.3 |    15G |  49 | 603 |  39 |4471 |  54M| 11 | 310 |  88k|-6.287337e+08 | 8.515032e+02 |    Inf | unknown
 9379s|158100 |155472 |261208k|1652.2 |    15G |  49 | 603 |  39 |3663 |  54M|  2 | 310 |  88k|-6.287337e+08 | 8.515032e+02 |    Inf | unknown
 9385s|158200 |155568 |261356k|1652.1 |    15G |  49 | 603 |  39 |4551 |  54M|  5 | 310 |  88k|-6.287337e+08 | 8.515032e+02 |    Inf | unknown
 9395s|158300 |155668 |261526k|1652.1 |    15G |  49 | 603 |  39 |4334 |  54M|  2 | 310 |  88k|-6.287337e+08 | 8.515032e+02 |    Inf | unknown
 9400s|158400 |155768 |261678k|1652.0 |    15G |  49 | 603 |  39 |3682 |  55M|  2 | 310 |  88k|-6.287337e+08 | 8.515032e+02 |    Inf | unknown
 9409s|158500 |155868 |261852k|1652.1 |    15G |  49 | 603 |  39 |3466 |  55M|  2 | 310 |  88k|-6.287337e+08 | 8.515032e+02 |    Inf | unknown
 9414s|158600 |155968 |262031k|1652.2 |    15G |  49 | 603 |  39 |3580 |  55M|  2 | 310 |  88k|-6.287337e+08 | 8.515032e+02 |    Inf | unknown
 9421s|158700 |156068 |262235k|1652.4 |    15G |  49 | 603 |  39 |4677 |  55M| 19 | 310 |  88k|-6.287337e+08 | 8.515032e+02 |    Inf | unknown
 9428s|158800 |156168 |262431k|1652.6 |    15G |  49 | 603 |  39 |4922 |  55M| 11 | 310 |  88k|-6.287337e+08 | 8.515032e+02 |    Inf | unknown
 time | node  | left  |LP iter|LP it/n|mem/heur|mdpt |vars |cons |rows |cuts |sepa|confs|strbr|  dualbound   | primalbound  |  gap   | compl. 
 9440s|158900 |156268 |262624k|1652.8 |    15G |  49 | 603 |  39 |3445 |  55M|  2 | 310 |  88k|-6.287337e+08 | 8.515032e+02 |    Inf | unknown
 9449s|159000 |156366 |262797k|1652.8 |    15G |  49 | 603 |  39 |3789 |  55M|  2 | 310 |  88k|-6.287337e+08 | 8.515032e+02 |    Inf | unknown
 9457s|159100 |156462 |262955k|1652.8 |    15G |  49 | 603 |  39 |3938 |  55M|  4 | 310 |  88k|-6.287337e+08 | 8.515032e+02 |    Inf | unknown
 9462s|159200 |156560 |263129k|1652.8 |    15G |  49 | 603 |  39 |4316 |  55M| 17 | 310 |  88k|-6.287337e+08 | 8.515032e+02 |    Inf | unknown
 9466s|159300 |156660 |263296k|1652.8 |    15G |  49 | 603 |  39 |4254 |  55M|  6 | 310 |  88k|-6.287337e+08 | 8.515032e+02 |    Inf | unknown
 9472s|159400 |156756 |263433k|1652.7 |    15G |  49 | 603 |  39 |5018 |  55M| 18 | 310 |  88k|-6.287337e+08 | 8.515032e+02 |    Inf | unknown
 9482s|159500 |156856 |263593k|1652.6 |    15G |  49 | 603 |  40 |4135 |  55M|  2 | 311 |  88k|-6.287337e+08 | 8.515032e+02 |    Inf | unknown
 9491s|159600 |156956 |263731k|1652.5 |    15G |  49 | 603 |  40 |4491 |  55M|  2 | 311 |  88k|-6.287337e+08 | 8.515032e+02 |    Inf | unknown
 9498s|159700 |157054 |263909k|1652.5 |    15G |  49 | 603 |  40 |3520 |  55M|  2 | 311 |  88k|-6.287337e+08 | 8.515032e+02 |    Inf | unknown
 9505s|159800 |157154 |264045k|1652.4 |    15G |  49 | 603 |  41 |4074 |  55M|  2 | 312 |  88k|-6.287337e+08 | 8.515032e+02 |    Inf | unknown
 9509s|159900 |157252 |264213k|1652.4 |    15G |  49 | 603 |  41 |4128 |  55M|  3 | 312 |  88k|-6.287337e+08 | 8.515032e+02 |    Inf | unknown
 9513s|160000 |157352 |264373k|1652.3 |    15G |  49 | 603 |  41 |3897 |  55M|  2 | 312 |  88k|-6.287337e+08 | 8.515032e+02 |    Inf | unknown
 9523s|160100 |157452 |264552k|1652.4 |    15G |  49 | 603 |  42 |4043 |  55M|  6 | 313 |  88k|-6.287337e+08 | 8.515032e+02 |    Inf | unknown
 9533s|160200 |157552 |264743k|1652.6 |    15G |  49 | 603 |  42 |3891 |  55M|  2 | 313 |  88k|-6.287337e+08 | 8.515032e+02 |    Inf | unknown
 9543s|160300 |157652 |264905k|1652.6 |    15G |  49 | 603 |  42 |4469 |  55M|  6 | 313 |  88k|-6.287337e+08 | 8.515032e+02 |    Inf | unknown
 time | node  | left  |LP iter|LP it/n|mem/heur|mdpt |vars |cons |rows |cuts |sepa|confs|strbr|  dualbound   | primalbound  |  gap   | compl. 
 9555s|160400 |157752 |265098k|1652.7 |    15G |  49 | 603 |  42 |3728 |  55M|  2 | 313 |  88k|-6.287337e+08 | 8.515032e+02 |    Inf | unknown
 9563s|160500 |157850 |265301k|1653.0 |    15G |  49 | 603 |  40 |4304 |  55M| 23 | 313 |  88k|-6.287337e+08 | 8.515032e+02 |    Inf | unknown
 9573s|160600 |157950 |265465k|1653.0 |    15G |  49 | 603 |  40 |4336 |  55M|  2 | 313 |  88k|-6.287337e+08 | 8.515032e+02 |    Inf | unknown
 9578s|160700 |158046 |265644k|1653.0 |    15G |  49 | 603 |  41 |4489 |  55M|  2 | 314 |  88k|-6.287337e+08 | 8.515032e+02 |    Inf | unknown
 9587s|160800 |158144 |265813k|1653.1 |    15G |  49 | 603 |  41 |4673 |  55M|  6 | 314 |  88k|-6.287337e+08 | 8.515032e+02 |    Inf | unknown
 9596s|160900 |158242 |265961k|1653.0 |    15G |  49 | 603 |  41 |3631 |  55M|  2 | 314 |  88k|-6.287337e+08 | 8.515032e+02 |    Inf | unknown
 9604s|161000 |158342 |266160k|1653.2 |    15G |  49 | 603 |  41 |4305 |  55M|  5 | 314 |  88k|-6.287337e+08 | 8.515032e+02 |    Inf | unknown
 9610s|161100 |158442 |266343k|1653.3 |    15G |  49 | 603 |  40 |4143 |  55M|  3 | 314 |  88k|-6.287337e+08 | 8.515032e+02 |    Inf | unknown
 9619s|161200 |158542 |266515k|1653.3 |    15G |  49 | 603 |  40 |4265 |  56M|  4 | 314 |  88k|-6.287337e+08 | 8.515032e+02 |    Inf | unknown
 9626s|161300 |158640 |266679k|1653.3 |    15G |  49 | 603 |  40 |3893 |  56M|  2 | 314 |  88k|-6.287337e+08 | 8.515032e+02 |    Inf | unknown
 9637s|161400 |158738 |266828k|1653.2 |    15G |  49 | 603 |  39 |3595 |  56M|  2 | 314 |  89k|-6.287337e+08 | 8.515032e+02 |    Inf | unknown
 9652s|161500 |158838 |266999k|1653.2 |    15G |  49 | 603 |  39 |4043 |  56M|  2 | 314 |  89k|-6.287337e+08 | 8.515032e+02 |    Inf | unknown
 9658s|161600 |158938 |267185k|1653.4 |    15G |  49 | 603 |  39 |3583 |  56M|  2 | 314 |  89k|-6.287337e+08 | 8.515032e+02 |    Inf | unknown
 9665s|161700 |159036 |267340k|1653.3 |    15G |  49 | 603 |  40 |3905 |  56M|  2 | 315 |  89k|-6.287337e+08 | 8.515032e+02 |    Inf | unknown
 9671s|161800 |159136 |267503k|1653.3 |    15G |  49 | 603 |  41 |4377 |  56M|  4 | 316 |  89k|-6.287337e+08 | 8.515032e+02 |    Inf | unknown
 time | node  | left  |LP iter|LP it/n|mem/heur|mdpt |vars |cons |rows |cuts |sepa|confs|strbr|  dualbound   | primalbound  |  gap   | compl. 
 9681s|161900 |159234 |267636k|1653.1 |    15G |  49 | 603 |  41 |3468 |  56M|  0 | 316 |  89k|-6.287337e+08 | 8.515032e+02 |    Inf | unknown
 9688s|162000 |159328 |267785k|1653.0 |    15G |  49 | 603 |  41 |3743 |  56M|  2 | 316 |  89k|-6.287337e+08 | 8.515032e+02 |    Inf | unknown
 9696s|162100 |159428 |267940k|1652.9 |    15G |  49 | 603 |  41 |3989 |  56M|  2 | 316 |  89k|-6.287337e+08 | 8.515032e+02 |    Inf | unknown
 9702s|162200 |159526 |268093k|1652.9 |    15G |  49 | 603 |  41 |3701 |  56M|  2 | 316 |  89k|-6.287337e+08 | 8.515032e+02 |    Inf | unknown
 9715s|162300 |159624 |268269k|1652.9 |    15G |  49 | 603 |  41 |4207 |  56M|  2 | 316 |  89k|-6.287337e+08 | 8.515032e+02 |    Inf | unknown
 9721s|162400 |159718 |268442k|1653.0 |    15G |  49 | 603 |  41 |4601 |  56M|  7 | 316 |  89k|-6.287337e+08 | 8.515032e+02 |    Inf | unknown
 9730s|162500 |159816 |268610k|1653.0 |    15G |  49 | 603 |  41 |4245 |  56M|  2 | 316 |  89k|-6.287337e+08 | 8.515032e+02 |    Inf | unknown
 9734s|162600 |159912 |268773k|1653.0 |    15G |  49 | 603 |  43 |4528 |  56M| 19 | 318 |  89k|-6.287337e+08 | 8.515032e+02 |    Inf | unknown
 9738s|162700 |160010 |268921k|1652.9 |    15G |  49 | 603 |  43 |3811 |  56M|  2 | 318 |  89k|-6.287337e+08 | 8.515032e+02 |    Inf | unknown
 9749s|162800 |160106 |269064k|1652.7 |    15G |  49 | 603 |  43 |3893 |  56M|  2 | 318 |  89k|-6.287337e+08 | 8.515032e+02 |    Inf | unknown
 9760s|162900 |160198 |269252k|1652.9 |    15G |  49 | 603 |  43 |4187 |  56M|  4 | 318 |  89k|-6.287337e+08 | 8.515032e+02 |    Inf | unknown
 9768s|163000 |160298 |269404k|1652.8 |    15G |  49 | 603 |  44 |3302 |  56M|  2 | 319 |  89k|-6.287337e+08 | 8.515032e+02 |    Inf | unknown
 9776s|163100 |160396 |269582k|1652.9 |    15G |  49 | 603 |  45 |3445 |  56M|  2 | 320 |  89k|-6.287337e+08 | 8.515032e+02 |    Inf | unknown
 9779s|163200 |160490 |269724k|1652.7 |    15G |  49 | 603 |  47 |4079 |  56M|  3 | 322 |  89k|-6.287337e+08 | 8.515032e+02 |    Inf | unknown
 9786s|163300 |160590 |269875k|1652.6 |    15G |  49 | 603 |  47 |4457 |  56M|  6 | 322 |  89k|-6.287337e+08 | 8.515032e+02 |    Inf | unknown
 time | node  | left  |LP iter|LP it/n|mem/heur|mdpt |vars |cons |rows |cuts |sepa|confs|strbr|  dualbound   | primalbound  |  gap   | compl. 
 9797s|163400 |160682 |270047k|1652.7 |    15G |  49 | 603 |  47 |3944 |  56M|  2 | 322 |  89k|-6.287337e+08 | 8.515032e+02 |    Inf | unknown
 9804s|163500 |160774 |270213k|1652.7 |    15G |  49 | 603 |  45 |4460 |  56M|  2 | 322 |  89k|-6.287337e+08 | 8.515032e+02 |    Inf | unknown
 9820s|163600 |160866 |270350k|1652.5 |    15G |  49 | 603 |  45 |3940 |  56M|  1 | 322 |  89k|-6.287337e+08 | 8.515032e+02 |    Inf | unknown
 9826s|163700 |160964 |270494k|1652.4 |    15G |  49 | 603 |  45 |3929 |  56M|  2 | 322 |  89k|-6.287337e+08 | 8.515032e+02 |    Inf | unknown
 9834s|163800 |161064 |270646k|1652.3 |    15G |  49 | 603 |  45 |4492 |  56M|  2 | 322 |  89k|-6.287337e+08 | 8.515032e+02 |    Inf | unknown
 9840s|163900 |161164 |270818k|1652.3 |    15G |  49 | 603 |  45 |3930 |  56M|  3 | 322 |  89k|-6.287337e+08 | 8.515032e+02 |    Inf | unknown
 9848s|164000 |161260 |270995k|1652.4 |    15G |  49 | 603 |  45 |4066 |  56M|  2 | 323 |  89k|-6.287337e+08 | 8.515032e+02 |    Inf | unknown
 9862s|164100 |161358 |271158k|1652.4 |    15G |  49 | 603 |  45 |3749 |  57M|  2 | 323 |  89k|-6.287337e+08 | 8.515032e+02 |    Inf | unknown
 9870s|164200 |161456 |271319k|1652.4 |    15G |  49 | 603 |  45 |4168 |  57M|  3 | 323 |  89k|-6.287337e+08 | 8.515032e+02 |    Inf | unknown
 9876s|164300 |161550 |271485k|1652.4 |    15G |  49 | 603 |  45 |3862 |  57M|  2 | 323 |  89k|-6.287337e+08 | 8.515032e+02 |    Inf | unknown
 9889s|164400 |161650 |271625k|1652.2 |    15G |  49 | 603 |  45 |4855 |  57M|  3 | 323 |  89k|-6.287337e+08 | 8.515032e+02 |    Inf | unknown
 9900s|164500 |161742 |271758k|1652.0 |    15G |  49 | 603 |  45 |4337 |  57M|  2 | 323 |  89k|-6.287337e+08 | 8.515032e+02 |    Inf | unknown
 9906s|164600 |161832 |271930k|1652.1 |    15G |  49 | 603 |  45 |3882 |  57M|  5 | 323 |  89k|-6.287337e+08 | 8.515032e+02 |    Inf | unknown
 9913s|164700 |161930 |272081k|1652.0 |    15G |  49 | 603 |  46 |3935 |  57M|  2 | 324 |  89k|-6.287337e+08 | 8.515032e+02 |    Inf | unknown
 9928s|164800 |162028 |272242k|1652.0 |    15G |  49 | 603 |  46 |4348 |  57M|  4 | 324 |  89k|-6.287337e+08 | 8.515032e+02 |    Inf | unknown
 time | node  | left  |LP iter|LP it/n|mem/heur|mdpt |vars |cons |rows |cuts |sepa|confs|strbr|  dualbound   | primalbound  |  gap   | compl. 
 9934s|164900 |162122 |272410k|1652.0 |    15G |  49 | 603 |  46 |4514 |  57M|  6 | 324 |  89k|-6.287337e+08 | 8.515032e+02 |    Inf | unknown
 9945s|165000 |162220 |272566k|1651.9 |    15G |  49 | 603 |  46 |3710 |  57M|  3 | 324 |  89k|-6.287337e+08 | 8.515032e+02 |    Inf | unknown
 9948s|165100 |162310 |272744k|1652.0 |    15G |  49 | 603 |  45 |4623 |  57M|  1 | 324 |  89k|-6.287337e+08 | 8.515032e+02 |    Inf | unknown
 9954s|165200 |162410 |272873k|1651.8 |    15G |  49 | 603 |  45 |3981 |  57M|  2 | 324 |  89k|-6.287337e+08 | 8.515032e+02 |    Inf | unknown
 9966s|165300 |162508 |273012k|1651.6 |    15G |  49 | 603 |  45 |4509 |  57M|  3 | 324 |  89k|-6.287337e+08 | 8.515032e+02 |    Inf | unknown
 9971s|165400 |162606 |273154k|1651.5 |    15G |  49 | 603 |  45 |4948 |  57M|  9 | 324 |  89k|-6.287337e+08 | 8.515032e+02 |    Inf | unknown
 9975s|165500 |162694 |273296k|1651.3 |    15G |  49 | 603 |  45 |4469 |  57M|  3 | 324 |  89k|-6.287337e+08 | 8.515032e+02 |    Inf | unknown
 9984s|165600 |162794 |273428k|1651.1 |    15G |  49 | 603 |  45 |3938 |  57M|  2 | 324 |  89k|-6.287337e+08 | 8.515032e+02 |    Inf | unknown
 9991s|165700 |162894 |273588k|1651.1 |    15G |  49 | 603 |  45 |3908 |  57M|  1 | 324 |  89k|-6.287337e+08 | 8.515032e+02 |    Inf | unknown
  167m|165800 |162994 |273762k|1651.2 |    15G |  49 | 603 |  45 |4341 |  57M|  2 | 324 |  89k|-6.287337e+08 | 8.515032e+02 |    Inf | unknown
  167m|165900 |163092 |273901k|1651.0 |    15G |  49 | 603 |  45 |5102 |  57M|  9 | 324 |  89k|-6.287337e+08 | 8.515032e+02 |    Inf | unknown
  167m|166000 |163182 |274054k|1650.9 |    15G |  49 | 603 |  45 |5297 |  57M| 15 | 324 |  89k|-6.287337e+08 | 8.515032e+02 |    Inf | unknown
  167m|166100 |163264 |274224k|1651.0 |    15G |  49 | 603 |  45 |4402 |  57M|  1 | 324 |  89k|-6.287337e+08 | 8.515032e+02 |    Inf | unknown
  167m|166200 |163360 |274398k|1651.0 |    15G |  49 | 603 |  45 |3817 |  57M|  1 | 324 |  89k|-6.287337e+08 | 8.515032e+02 |    Inf | unknown
  168m|166300 |163460 |274557k|1651.0 |    15G |  49 | 603 |  44 |3747 |  57M|  3 | 324 |  89k|-6.287337e+08 | 8.515032e+02 |    Inf | unknown
 time | node  | left  |LP iter|LP it/n|mem/heur|mdpt |vars |cons |rows |cuts |sepa|confs|strbr|  dualbound   | primalbound  |  gap   | compl. 
  168m|166400 |163558 |274725k|1651.0 |    15G |  49 | 603 |  44 |3842 |  57M|  3 | 324 |  89k|-6.287337e+08 | 8.515032e+02 |    Inf | unknown
  168m|166500 |163658 |274894k|1651.0 |    15G |  49 | 603 |  45 |3907 |  57M|  2 | 325 |  89k|-6.287337e+08 | 8.515032e+02 |    Inf | unknown
  168m|166600 |163754 |275037k|1650.9 |    15G |  49 | 603 |  45 |4378 |  57M|  3 | 325 |  89k|-6.287337e+08 | 8.515032e+02 |    Inf | unknown
  168m|166700 |163852 |275198k|1650.9 |    15G |  49 | 603 |  44 |4165 |  57M|  3 | 325 |  89k|-6.287337e+08 | 8.515032e+02 |    Inf | unknown
  168m|166800 |163950 |275368k|1650.9 |    15G |  49 | 603 |  44 |4477 |  57M| 16 | 325 |  89k|-6.287337e+08 | 8.515032e+02 |    Inf | unknown
  168m|166900 |164050 |275531k|1650.9 |    15G |  49 | 603 |  44 |3657 |  57M|  2 | 325 |  89k|-6.287337e+08 | 8.515032e+02 |    Inf | unknown
  168m|167000 |164146 |275657k|1650.6 |    15G |  49 | 603 |  44 |3599 |  58M|  3 | 325 |  89k|-6.287337e+08 | 8.515032e+02 |    Inf | unknown
  168m|167100 |164244 |275808k|1650.6 |    15G |  49 | 603 |  44 |4187 |  58M|  2 | 325 |  89k|-6.287337e+08 | 8.515032e+02 |    Inf | unknown
  169m|167200 |164344 |275982k|1650.6 |    15G |  49 | 603 |  44 |4194 |  58M|  3 | 325 |  89k|-6.287337e+08 | 8.515032e+02 |    Inf | unknown
  169m|167300 |164444 |276131k|1650.5 |    15G |  49 | 603 |  43 |4411 |  58M|  3 | 325 |  89k|-6.287337e+08 | 8.515032e+02 |    Inf | unknown
  169m|167400 |164542 |276278k|1650.4 |    15G |  49 | 603 |  43 |4564 |  58M|  6 | 325 |  89k|-6.287337e+08 | 8.515032e+02 |    Inf | unknown
  169m|167500 |164642 |276481k|1650.6 |    15G |  49 | 603 |  42 |4555 |  58M|  4 | 325 |  89k|-6.287337e+08 | 8.515032e+02 |    Inf | unknown
  169m|167600 |164742 |276630k|1650.5 |    15G |  49 | 603 |  42 |4107 |  58M|  2 | 325 |  89k|-6.287337e+08 | 8.515032e+02 |    Inf | unknown
  169m|167700 |164842 |276788k|1650.5 |    15G |  49 | 603 |  43 |3828 |  58M|  3 | 326 |  89k|-6.287337e+08 | 8.515032e+02 |    Inf | unknown
  169m|167800 |164940 |276929k|1650.4 |    15G |  49 | 603 |  43 |3672 |  58M|  3 | 327 |  90k|-6.287337e+08 | 8.515032e+02 |    Inf | unknown
 time | node  | left  |LP iter|LP it/n|mem/heur|mdpt |vars |cons |rows |cuts |sepa|confs|strbr|  dualbound   | primalbound  |  gap   | compl. 
  170m|167900 |165038 |277118k|1650.5 |    15G |  49 | 603 |  42 |4256 |  58M| 15 | 327 |  90k|-6.287337e+08 | 8.515032e+02 |    Inf | unknown
  170m|168000 |165134 |277277k|1650.5 |    15G |  49 | 603 |  42 |4282 |  58M|  2 | 327 |  90k|-6.287337e+08 | 8.515032e+02 |    Inf | unknown
  170m|168100 |165234 |277416k|1650.3 |    15G |  49 | 603 |  42 |4221 |  58M|  2 | 327 |  90k|-6.287337e+08 | 8.515032e+02 |    Inf | unknown
  170m|168200 |165328 |277548k|1650.1 |    15G |  49 | 603 |  42 |3726 |  58M|  2 | 327 |  90k|-6.287337e+08 | 8.515032e+02 |    Inf | unknown
  170m|168300 |165426 |277692k|1650.0 |    15G |  49 | 603 |  42 |3929 |  58M|  2 | 327 |  90k|-6.287337e+08 | 8.515032e+02 |    Inf | unknown
  171m|168400 |165518 |277844k|1649.9 |    15G |  49 | 603 |  42 |4554 |  58M|  7 | 327 |  90k|-6.287337e+08 | 8.515032e+02 |    Inf | unknown
  171m|168500 |165614 |277983k|1649.8 |    15G |  49 | 603 |  42 |4246 |  58M| 24 | 327 |  90k|-6.287337e+08 | 8.515032e+02 |    Inf | unknown
  171m|168600 |165714 |278143k|1649.7 |    15G |  49 | 603 |  42 |4690 |  58M|  2 | 327 |  90k|-6.287337e+08 | 8.515032e+02 |    Inf | unknown
  171m|168700 |165814 |278320k|1649.8 |    15G |  49 | 603 |  41 |4073 |  58M|  2 | 327 |  90k|-6.287337e+08 | 8.515032e+02 |    Inf | unknown
  171m|168800 |165914 |278481k|1649.8 |    15G |  49 | 603 |  41 |3780 |  58M|  2 | 327 |  90k|-6.287337e+08 | 8.515032e+02 |    Inf | unknown
  171m|168900 |166012 |278663k|1649.9 |    15G |  49 | 603 |  41 |4084 |  58M|  3 | 327 |  90k|-6.287337e+08 | 8.515032e+02 |    Inf | unknown
  172m|169000 |166110 |278828k|1649.9 |    15G |  49 | 603 |  41 |4366 |  58M| 24 | 327 |  90k|-6.287337e+08 | 8.515032e+02 |    Inf | unknown
  172m|169100 |166206 |278985k|1649.8 |    15G |  49 | 603 |  41 |4241 |  58M| 19 | 327 |  90k|-6.287337e+08 | 8.515032e+02 |    Inf | unknown
  172m|169200 |166304 |279124k|1649.7 |    15G |  49 | 603 |  41 |4094 |  58M|  2 | 327 |  90k|-6.287337e+08 | 8.515032e+02 |    Inf | unknown
  172m|169300 |166404 |279284k|1649.6 |    15G |  49 | 603 |  41 |3899 |  58M|  2 | 327 |  90k|-6.287337e+08 | 8.515032e+02 |    Inf | unknown
 time | node  | left  |LP iter|LP it/n|mem/heur|mdpt |vars |cons |rows |cuts |sepa|confs|strbr|  dualbound   | primalbound  |  gap   | compl. 
  173m|169400 |166502 |279450k|1649.6 |    15G |  49 | 603 |  41 |4228 |  58M|  5 | 328 |  90k|-6.287337e+08 | 8.515032e+02 |    Inf | unknown
  173m|169500 |166602 |279587k|1649.5 |    15G |  49 | 603 |  41 |4008 |  58M|  2 | 328 |  90k|-6.287337e+08 | 8.515032e+02 |    Inf | unknown
  173m|169600 |166700 |279739k|1649.4 |    15G |  49 | 603 |  41 |3419 |  58M|  2 | 328 |  90k|-6.287337e+08 | 8.515032e+02 |    Inf | unknown
  173m|169700 |166798 |279906k|1649.4 |    15G |  49 | 603 |  41 |3919 |  59M|  2 | 328 |  90k|-6.287337e+08 | 8.515032e+02 |    Inf | unknown
  173m|169800 |166890 |280028k|1649.2 |    15G |  49 | 603 |  41 |4368 |  59M|  2 | 328 |  90k|-6.287337e+08 | 8.515032e+02 |    Inf | unknown
  173m|169900 |166988 |280128k|1648.8 |    15G |  49 | 603 |  41 |4445 |  59M|  3 | 328 |  90k|-6.287337e+08 | 8.515032e+02 |    Inf | unknown
  173m|170000 |167086 |280276k|1648.7 |    15G |  49 | 603 |  41 |3408 |  59M|  2 | 328 |  90k|-6.287337e+08 | 8.515032e+02 |    Inf | unknown
  173m|170100 |167182 |280466k|1648.8 |    15G |  49 | 603 |  42 |4444 |  59M|  4 | 329 |  90k|-6.287337e+08 | 8.515032e+02 |    Inf | unknown
  173m|170200 |167282 |280620k|1648.8 |    15G |  49 | 603 |  42 |3341 |  59M|  2 | 329 |  90k|-6.287337e+08 | 8.515032e+02 |    Inf | unknown
  174m|170300 |167382 |280784k|1648.8 |    15G |  49 | 603 |  42 |4222 |  59M|  5 | 329 |  90k|-6.287337e+08 | 8.515032e+02 |    Inf | unknown
  174m|170400 |167480 |280951k|1648.8 |    15G |  49 | 603 |  42 |4883 |  59M| 13 | 329 |  90k|-6.287337e+08 | 8.515032e+02 |    Inf | unknown
  174m|170500 |167580 |281115k|1648.8 |    15G |  49 | 603 |  42 |4087 |  59M|  4 | 329 |  90k|-6.287337e+08 | 8.515032e+02 |    Inf | unknown
  174m|170600 |167680 |281266k|1648.7 |    15G |  49 | 603 |  42 |4230 |  59M|  2 | 329 |  90k|-6.287337e+08 | 8.515032e+02 |    Inf | unknown
  174m|170700 |167780 |281411k|1648.6 |    16G |  49 | 603 |  42 |3978 |  59M|  2 | 329 |  90k|-6.287337e+08 | 8.515032e+02 |    Inf | unknown
  174m|170800 |167880 |281562k|1648.5 |    16G |  49 | 603 |  42 |3416 |  59M|  2 | 329 |  90k|-6.287337e+08 | 8.515032e+02 |    Inf | unknown
 time | node  | left  |LP iter|LP it/n|mem/heur|mdpt |vars |cons |rows |cuts |sepa|confs|strbr|  dualbound   | primalbound  |  gap   | compl. 
  174m|170900 |167980 |281721k|1648.5 |    16G |  49 | 603 |  42 |4632 |  59M|  6 | 329 |  90k|-6.287337e+08 | 8.515032e+02 |    Inf | unknown
  175m|171000 |168078 |281888k|1648.5 |    16G |  49 | 603 |  42 |4058 |  59M| 10 | 329 |  90k|-6.287337e+08 | 8.515032e+02 |    Inf | unknown
  175m|171100 |168176 |282047k|1648.4 |    16G |  49 | 603 |  42 |3867 |  59M|  2 | 329 |  90k|-6.287337e+08 | 8.515032e+02 |    Inf | unknown
  175m|171200 |168276 |282204k|1648.4 |    16G |  49 | 603 |  42 |3393 |  59M|  2 | 329 |  90k|-6.287337e+08 | 8.515032e+02 |    Inf | unknown
  175m|171300 |168374 |282387k|1648.5 |    16G |  49 | 603 |  42 |4495 |  59M|  3 | 329 |  90k|-6.287337e+08 | 8.515032e+02 |    Inf | unknown
  175m|171400 |168472 |282522k|1648.3 |    16G |  49 | 603 |  42 |4417 |  59M|  5 | 329 |  90k|-6.287337e+08 | 8.515032e+02 |    Inf | unknown
  175m|171500 |168570 |282707k|1648.4 |    16G |  49 | 603 |  42 |4409 |  59M| 18 | 329 |  90k|-6.287337e+08 | 8.515032e+02 |    Inf | unknown
  175m|171600 |168668 |282849k|1648.3 |    16G |  49 | 603 |  42 |3853 |  59M|  2 | 329 |  90k|-6.287337e+08 | 8.515032e+02 |    Inf | unknown
  176m|171700 |168764 |283002k|1648.2 |    16G |  49 | 603 |  42 |4221 |  59M|  4 | 329 |  90k|-6.287337e+08 | 8.515032e+02 |    Inf | unknown
  176m|171800 |168864 |283166k|1648.2 |    16G |  49 | 603 |  42 |4630 |  59M|  5 | 329 |  90k|-6.287337e+08 | 8.515032e+02 |    Inf | unknown
  176m|171900 |168964 |283324k|1648.2 |    16G |  49 | 603 |  42 |4433 |  59M|  8 | 329 |  90k|-6.287337e+08 | 8.515032e+02 |    Inf | unknown
  176m|172000 |169064 |283483k|1648.2 |    16G |  49 | 603 |  42 |4678 |  59M| 12 | 329 |  90k|-6.287337e+08 | 8.515032e+02 |    Inf | unknown
  176m|172100 |169160 |283640k|1648.1 |    16G |  49 | 603 |  42 |3823 |  59M|  2 | 329 |  90k|-6.287337e+08 | 8.515032e+02 |    Inf | unknown
  177m|172200 |169258 |283808k|1648.1 |    16G |  49 | 603 |  42 |4130 |  59M|  2 | 329 |  90k|-6.287337e+08 | 8.515032e+02 |    Inf | unknown
  177m|172300 |169358 |283977k|1648.2 |    16G |  49 | 603 |  42 |3973 |  59M|  2 | 329 |  90k|-6.287337e+08 | 8.515032e+02 |    Inf | unknown
 time | node  | left  |LP iter|LP it/n|mem/heur|mdpt |vars |cons |rows |cuts |sepa|confs|strbr|  dualbound   | primalbound  |  gap   | compl. 
  177m|172400 |169454 |284140k|1648.1 |    16G |  49 | 603 |  42 |4213 |  59M| 18 | 329 |  90k|-6.287337e+08 | 8.515032e+02 |    Inf | unknown
  177m|172500 |169552 |284299k|1648.1 |    16G |  49 | 603 |  42 |4196 |  60M|  6 | 329 |  90k|-6.287337e+08 | 8.515032e+02 |    Inf | unknown
  177m|172600 |169652 |284455k|1648.1 |    16G |  49 | 603 |  42 |3771 |  60M|  2 | 329 |  90k|-6.287337e+08 | 8.515032e+02 |    Inf | unknown
  177m|172700 |169752 |284598k|1647.9 |    16G |  49 | 603 |  42 |3935 |  60M|  2 | 329 |  90k|-6.287337e+08 | 8.515032e+02 |    Inf | unknown
  177m|172800 |169850 |284754k|1647.9 |    16G |  49 | 603 |  42 |3680 |  60M|  2 | 329 |  90k|-6.287337e+08 | 8.515032e+02 |    Inf | unknown
  177m|172900 |169950 |284928k|1647.9 |    16G |  49 | 603 |  43 |4183 |  60M|  3 | 330 |  90k|-6.287337e+08 | 8.515032e+02 |    Inf | unknown
  178m|173000 |170050 |285109k|1648.0 |    16G |  49 | 603 |  44 |3678 |  60M|  2 | 331 |  90k|-6.287337e+08 | 8.515032e+02 |    Inf | unknown
  178m|173100 |170148 |285284k|1648.1 |    16G |  49 | 603 |  44 |4061 |  60M|  2 | 331 |  90k|-6.287337e+08 | 8.515032e+02 |    Inf | unknown
  178m|173200 |170246 |285433k|1648.0 |    16G |  49 | 603 |  43 |4513 |  60M|  3 | 331 |  91k|-6.287337e+08 | 8.515032e+02 |    Inf | unknown
  178m|173300 |170346 |285594k|1648.0 |    16G |  49 | 603 |  43 |3828 |  60M|  2 | 331 |  91k|-6.287337e+08 | 8.515032e+02 |    Inf | unknown
  178m|173400 |170446 |285770k|1648.0 |    16G |  49 | 603 |  43 |3792 |  60M|  2 | 331 |  91k|-6.287337e+08 | 8.515032e+02 |    Inf | unknown
  178m|173500 |170544 |285937k|1648.1 |    16G |  49 | 603 |  44 |5339 |  60M| 12 | 332 |  91k|-6.287337e+08 | 8.515032e+02 |    Inf | unknown
  178m|173600 |170642 |286096k|1648.0 |    16G |  49 | 603 |  43 |4099 |  60M|  3 | 332 |  91k|-6.287337e+08 | 8.515032e+02 |    Inf | unknown
  178m|173700 |170742 |286263k|1648.0 |    16G |  49 | 603 |  43 |4160 |  60M|  3 | 332 |  91k|-6.287337e+08 | 8.515032e+02 |    Inf | unknown
  179m|173800 |170838 |286437k|1648.1 |    16G |  49 | 603 |  42 |4064 |  60M|  2 | 332 |  91k|-6.287337e+08 | 8.515032e+02 |    Inf | unknown
 time | node  | left  |LP iter|LP it/n|mem/heur|mdpt |vars |cons |rows |cuts |sepa|confs|strbr|  dualbound   | primalbound  |  gap   | compl. 
  179m|173900 |170938 |286601k|1648.1 |    16G |  49 | 603 |  42 |3858 |  60M|  2 | 332 |  91k|-6.287337e+08 | 8.515032e+02 |    Inf | unknown
  179m|174000 |171034 |286760k|1648.0 |    16G |  49 | 603 |  42 |4060 |  60M|  3 | 332 |  91k|-6.287337e+08 | 8.515032e+02 |    Inf | unknown
  179m|174100 |171122 |286917k|1648.0 |    16G |  49 | 603 |  42 |3999 |  60M|  3 | 332 |  91k|-6.287337e+08 | 8.515032e+02 |    Inf | unknown
  179m|174200 |171218 |287052k|1647.8 |    16G |  49 | 603 |  42 |4496 |  60M|  2 | 332 |  91k|-6.287337e+08 | 8.515032e+02 |    Inf | unknown
  179m|174300 |171316 |287176k|1647.6 |    16G |  49 | 603 |  42 |3974 |  60M|  2 | 332 |  91k|-6.287337e+08 | 8.515032e+02 |    Inf | unknown
  179m|174400 |171414 |287299k|1647.4 |    16G |  49 | 603 |  42 |4344 |  60M|  6 | 332 |  91k|-6.287337e+08 | 8.515032e+02 |    Inf | unknown
  180m|174500 |171512 |287445k|1647.2 |    16G |  49 | 603 |  42 |2847 |  60M|  2 | 332 |  91k|-6.287337e+08 | 8.515032e+02 |    Inf | unknown
  180m|174600 |171612 |287616k|1647.3 |    16G |  49 | 603 |  42 |4174 |  60M|  2 | 332 |  91k|-6.287337e+08 | 8.515032e+02 |    Inf | unknown
  180m|174700 |171708 |287765k|1647.2 |    16G |  49 | 603 |  43 |3834 |  60M|  2 | 333 |  91k|-6.287337e+08 | 8.515032e+02 |    Inf | unknown

SCIP Status        : solving was interrupted [time limit reached]
Solving Time (sec) : 10800.69
Solving Nodes      : 174781
Primal Bound       : +8.51503156757748e+02 (1 solutions)
Dual Bound         : -6.28733703446013e+08
Gap                : infinite

