Solver command line: ['/cvmfs/soft.computecanada.ca/easybuild/software/2023/x86-64-v4/Compiler/gcc12/scipoptsuite/9.0.0/bin/scip', '/tmp/tmpjb1akzto.pyomo', '-AMPL']

SCIP version 9.0.0 [precision: 8 byte] [memory: block] [mode: optimized] [LP solver: Soplex 7.0.0] [GitHash: 7205bedd94]
Copyright (c) 2002-2024 Zuse Institute Berlin (ZIB)

External libraries: 
  Readline 8.1         GNU library for command line editing (gnu.org/s/readline)
  Soplex 7.0.0         Linear Programming Solver developed at Zuse Institute Berlin (soplex.zib.de) [GitHash: 6657fb3b]
  CppAD 20180000.0     Algorithmic Differentiation of C++ algorithms developed by B. Bell (github.com/coin-or/CppAD)
  ZLIB 1.2.13          General purpose compression library by J. Gailly and M. Adler (zlib.net)
  GMP 6.2.1            GNU Multiple Precision Arithmetic Library developed by T. Granlund (gmplib.org)
  ZIMPL 3.5.3          Zuse Institute Mathematical Programming Language developed by T. Koch (zimpl.zib.de)
  AMPL/MP 690e9e7      AMPL .nl file reader library (github.com/ampl/mp)
  PaPILO 2.2.0         parallel presolve for integer and linear optimization (github.com/scipopt/papilo) (built with TBB) [GitHash: df30ae49]
  bliss 0.77           Computing Graph Automorphisms by T. Junttila and P. Kaski (users.aalto.fi/~tjunttil/bliss)
  sassy 1.1            Symmetry preprocessor by Markus Anders (github.com/markusa4/sassy)
  Ipopt 3.14.14        Interior Point Optimizer developed by A. Waechter et.al. (github.com/coin-or/Ipopt)

reading user parameter file <scip.set>
===========================

limits/time = 10800

read problem </tmp/tmpjb1akzto.pyomo.nl>
============

original problem has 201 variables (0 bin, 100 int, 0 impl, 101 cont) and 5 constraints

solve problem
=============

  [nonlinear] <objcons>: (((-1)*<x0>+0.686369))^2+50*((<i100>+(-(<x0>)^2)))^2+(((-1)*<x1>+2.12884))^2+50*((<i101>+(-(<x1>)^2)))^2+(((-1)*<x2>+4.29496))^2+50*((<i102>+(-(<x2>)^2)))^2+(((-1)*<x3>+3.56122))^2+50*((<i103>+(-(<x3>)^2)))^2+(((-1)*<x4>+1.53878))^2+50*((<i104>+(-(<x4>)^2)))^2+(((-1)*<x5>+2.78558))^2+50*((<i105>+(-(<x5>)^2)))^2+(((-1)*<x6>+2.49883))^2+50*((<i106>+(-(<x6>)^2)))^2+(((-1)*<x7>+2.5112))^2+50*((<i107>+(-(<x7>)^2)))^2+(((-1)*<x8>+2.97389))^2+50*((<i108>+(-(<x8>)^2)))^2+(((-1)*<x9>+3.80669))^2+50*((<i109>+(-(<x9>)^2)))^2+(((-1)*<x10>+4.15477))^2+50*((<i110>+(-(<x10>)^2)))^2+(((-1)*<x11>+2.0086))^2+50*((<i111>+(-(<x11>)^2)))^2+(((-1)*<x12>+4.31043))^2+50*((<i112>+(-(<x12>)^2)))^2+(((-1)*<x13>+0.927941))^2+50*((<i113>+(-(<x13>)^2)))^2+(((-1)*<x14>+2.05106))^2+50*((<i114>+(-(<x14>)^2)))^2+(((-1)*<x15>+4.24801))^2+50*((<i115>+(-(<x15>)^2)))^2+(((-1)*<x16>+0.568372))^2+50*((<i116>+(-(<x16>)^2)))^2+(((-1)*<x17>+3.98934))^2+50*((<i117>+(-(<x17>)^2)))^2+(((-1)*<x18>+0.600849))^2+50*((<i118>+(-(<x18>)^2)))^2+(((-1)*<x19>+4.0159))^2+50*((<i119>+(-(<x19>)^2)))^2+(((-1)*<x20>+4.4924))^2+50*((<i120>+(-(<x20>)^2)))^2+(((-1)*<x21>+0.57233))^2+50*((<i121>+(-(<x21>)^2)))^2+(((-1)*<x22>+0.643494))^2+50*((<i122>+(-(<x22>)^2)))^2+(((-1)*<x23>+3.05904))^2+50*((<i123>+(-(<x23>)^2)))^2+(((-1)*<x24>+4.4797))^2+50*((<i124>+(-(<x24>)^2)))^2+(((-1)*<x25>+1.73752))^2+50*((<i125>+(-(<x25>)^2)))^2+(((-1)*<x26>+3.01377))^2+50*((<i126>+(-(<x26>)^2)))^2+(((-1)*<x27>+0.708153))^2+50*((<i127>+(-(<x27>)^2)))^2+(((-1)*<x28>+3.70281))^2+50*((<i128>+(-(<x28>)^2)))^2+(((-1)*<x29>+0.597314))^2+50*((<i129>+(-(<x29>)^2)))^2+(((-1)*<x30>+1.74282))^2+50*((<i130>+(-(<x30>)^2)))^2+(((-1)*<x31>+3.35522))^2+50*((<i131>+(-(<x31>)^2)))^2+(((-1)*<x32>+1.01582))^2+50*((<i132>+(-(<x32>)^2)))^2+(((-1)*<x33>+1.30987))^2+50*((<i133>+(-(<x33>)^2)))^2+(((-1)*<x34>+4.4671))^2+50*((<i134>+(-(<x34>)^2)))^2+(((-1)*<x35>+3.64138))^2+50*((<i135>+(-(<x35>)^2)))^2+(((-1)*<x36>+3.44318))^2+50*((<i136>+(-(<x36>)^2)))^2+(((-1)*<x37>+2.45661))^2+50*((<i137>+(-(<x37>)^2)))^2+(((-1)*<x38>+1.35658))^2+50*((<i138>+(-(<x38>)^2)))^2+(((-1)*<x39>+3.05055))^2+50*((<i139>+(-(<x39>)^2)))^2+(((-1)*<x40>+1.04336))^2+50*((<i140>+(-(<x40>)^2)))^2+(((-1)*<x41>+1.20907))^2+50*((<i141>+(-(<x41>)^2)))^2+(((-1)*<x42>+3.63482))^2+50*((<i142>+(-(<x42>)^2)))^2+(((-1)*<x43>+3.48209))^2+50*((<i143>+(-(<x43>)^2)))^2+(((-1)*<x44>+2.33815))^2+50*((<i144>+(-(<x44>)^2)))^2+(((-1)*<x45>+0.513615))^2+50*((<i145>+(-(<x45>)^2)))^2+(((-1)*<x46>+2.93495))^2+50*((<i146>+(-(<x46>)^2)))^2+(((-1)*<x47>+3.98385))^2+50*((<i147>+(-(<x47>)^2)))^2+(((-1)*<x48>+3.40114))^2+50*((<i148>+(-(<x48>)^2)))^2+(((-1)*<x49>+1.7505))^2+50*((<i149>+(-(<x49>)^2)))^2+(((-1)*<x50>+3.10564))^2+50*((<i150>+(-(<x50>)^2)))^2+(((-1)*<x51>+3.86776))^2+50*((<i151>+(-(<x51>)^2)))^2+(((-1)*<x52>+3.88041))^2+50*((<i152>+(-(<x52>)^2)))^2+(((-1)*<x53>+3.81446))^2+50*((<i153>+(-(<x53>)^2)))^2+(((-1)*<x54>+1.43415))^2+50*((<i154>+(-(<x54>)^2)))^2+(((-1)*<x55>+2.90805))^2+50*((<i155>+(-(<x55>)^2)))^2+(((-1)*<x56>+2.03949))^2+50*((<i156>+(-(<x56>)^2)))^2+(((-1)*<x57>+0.985294))^2+50*((<i157>+(-(<x57>)^2)))^2+(((-1)*<x58>+3.28999))^2+50*((<i158>+(-(<x58>)^2)))^2+(((-1)*<x59>+3.53289))^2+50*((<i159>+(-(<x59>)^2)))^2+(((-1)*<x60>+1.10366))^2+50*((<i160>+(-(<x60>)^2)))^2+(((-1)*<x61>+1.06131))^2+50*((<i161>+(-(<x61>)^2)))^2+(((-1)*<x62>+4.30157))^2+50*((<i162>+(-(<x62>)^2)))^2+(((-1)*<x63>+3.33633))^2+50*((<i163>+(-(<x63>)^2)))^2+(((-1)*<x64>+2.57369))^2+50*((<i164>+(-(<x64>)^2)))^2+(((-1)*<x65>+3.37104))^2+50*((<i165>+(-(<x65>)^2)))^2+(((-1)*<x66>+4.12924))^2+50*((<i166>+(-(<x66>)^2)))^2+(((-1)*<x67>+1.04558))^2+50*((<i167>+(-(<x67>)^2)))^2+(((-1)*<x68>+1.98977))^2+50*((<i168>+(-(<x68>)^2)))^2+(((-1)*<x69>+1.26137))^2+50*((<i169>+(-(<x69>)^2)))^2+(((-1)*<x70>+1.72398))^2+50*((<i170>+(-(<x70>)^2)))^2+(((-1)*<x71>+2.30703))^2+50*((<i171>+(-(<x71>)^2)))^2+(((-1)*<x72>+2.12952))^2+50*((<i172>+(-(<x72>)^2)))^2+(((-1)*<x73>+1.93639))^2+50*((<i173>+(-(<x73>)^2)))^2+(((-1)*<x74>+1.75991))^2+50*((<i174>+(-(<x74>)^2)))^2+(((-1)*<x75>+1.07966))^2+50*((<i175>+(-(<x75>)^2)))^2+(((-1)*<x76>+2.02823))^2+50*((<i176>+(-(<x76>)^2)))^2+(((-1)*<x77>+3.27177))^2+50*((<i177>+(-(<x77>)^2)))^2+(((-1)*<x78>+2.12041))^2+50*((<i178>+(-(<x78>)^2)))^2+(((-1)*<x79>+3.54627))^2+50*((<i179>+(-(<x79>)^2)))^2+(((-1)*<x80>+0.517752))^2+50*((<i180>+(-(<x80>)^2)))^2+(((-1)*<x81>+1.05345))^2+50*((<i181>+(-(<x81>)^2)))^2+(((-1)*<x82>+2.3411))^2+50*((<i182>+(-(<x82>)^2)))^2+(((-1)*<x83>+1.998))^2+50*((<i183>+(-(<x83>)^2)))^2+(((-1)*<x84>+3.56385))^2+50*((<i184>+(-(<x84>)^2)))^2+(((-1)*<x85>+2.49877))^2+50*((<i185>+(-(<x85>)^2)))^2+(((-1)*<x86>+3.18399))^2+50*((<i186>+(-(<x86>)^2)))^2+(((-1)*<x87>+0.659439))^2+50*((<i187>+(-(<x87>)^2)))^2+(((-1)*<x88>+2.44676))^2+50*((<i188>+(-(<x88>)^2)))^2+(((-1)*<x89>+2.62774))^2+50*((<i189>+(-(<x89>)^2)))^2+(((-1)*<x90>+1.33768))^2+50*((<i190>+(-(<x90>)^2)))^2+(((-1)*<x91>+0.855499))^2+50*((<i191>+(-(<x91>)^2)))^2+(((-1)*<x92>+1.00864))^2+50*((<i192>+(-(<x92>)^2)))^2+(((-1)*<x93>+2.41791))^2+50*((<i193>+(-(<x93>)^2)))^2+(((-1)*<x94>+4.15101))^2+50*((<i194>+(-(<x94>)^2)))^2+(((-1)*<x95>+0.695432))^2+50*((<i195>+(-(<x95>)^2)))^2+(((-1)*<x96>+4.41473))^2+50*((<i196>+(-(<x96>)^2)))^2+(((-1)*<x97>+1.80127))^2+50*((<i197>+(-(<x97>)^2)))^2+(((-1)*<x98>+3.14213))^2+50*((<i198>+(-(<x98>)^2)))^2+(((-1)*<x99>+1.72092))^2+50*((<i199>+(-(<x99>)^2)))^2-<nlobjvar> <= 0;
violation: right hand side is violated by 358.283209912152
all 1 solutions given by solution candidate storage are infeasible

presolving:
(round 1, fast)       0 del vars, 0 del conss, 0 add conss, 201 chg bounds, 1 chg sides, 0 chg coeffs, 0 upgd conss, 0 impls, 0 clqs
   (0.0s) symmetry computation started: requiring (bin +, int +, cont +), (fixed: bin -, int -, cont -)
   (0.0s) no symmetry present (symcode time: 0.00)
presolving (2 rounds: 2 fast, 1 medium, 1 exhaustive):
 0 deleted vars, 0 deleted constraints, 0 added constraints, 201 tightened bounds, 0 added holes, 1 changed sides, 0 changed coefficients
 0 implications, 0 cliques
presolved problem has 201 variables (0 bin, 100 int, 0 impl, 101 cont) and 5 constraints
      3 constraints of type <linear>
      2 constraints of type <nonlinear>
Presolving Time: 0.01

(node 1) unresolved numerical troubles in LP 3 -- using pseudo solution instead (loop 1)
 time | node  | left  |LP iter|LP it/n|mem/heur|mdpt |vars |cons |rows |cuts |sepa|confs|strbr|  dualbound   | primalbound  |  gap   | compl. 
p 0.5s|     1 |     0 |   306 |     - |shiftand|   0 | 603 |   5 | 605 |   0 |  0 |   0 |   0 |-2.781093e+09 | 9.905380e+02 |    Inf | unknown
  0.5s|     1 |     2 |   306 |     - |  7730k |   0 | 603 |   5 | 605 |   0 |  0 |   0 |   0 |-2.781093e+09 | 9.905380e+02 |    Inf | unknown
  2.1s|   100 |    67 | 93123 | 938.6 |    16M |  21 | 603 |   8 |2216 |  15k|  2 |   3 |   0 |-2.781093e+09 | 9.905380e+02 |    Inf | unknown
  3.4s|   200 |   131 |177350 | 890.2 |    21M |  28 | 603 |   8 |1736 |  33k|  0 |   3 |   0 |-2.781093e+09 | 9.905380e+02 |    Inf | unknown
  5.2s|   300 |   193 |275180 | 919.7 |    27M |  31 | 603 |   9 |   0 |  50k|  0 |   4 |   0 |-2.781093e+09 | 9.905380e+02 |    Inf |   0.40%
  6.6s|   400 |   245 |360752 | 903.6 |    31M |  31 | 603 |   9 |   0 |  65k|  0 |   4 |   0 |-2.781093e+09 | 9.905380e+02 |    Inf |   0.63%
  8.4s|   500 |   313 |482741 | 967.0 |    37M |  31 | 603 |  10 |2186 |  83k|  3 |   5 |   0 |-2.781093e+09 | 9.905380e+02 |    Inf |   0.67%
 10.0s|   600 |   381 |566756 | 945.8 |    48M |  31 | 603 |  10 |3295 | 103k|  3 |   5 |   0 |-2.781093e+09 | 9.905380e+02 |    Inf |   0.68%
 12.1s|   700 |   461 |713050 |1019.8 |    53M |  37 | 603 |  10 |3484 | 123k|  2 |   5 |   0 |-2.781093e+09 | 9.905380e+02 |    Inf |   0.68%
 14.0s|   800 |   537 |844410 |1056.6 |    59M |  44 | 603 |  10 |2784 | 143k|  2 |   5 |   0 |-2.781093e+09 | 9.905380e+02 |    Inf |   0.89%
 15.5s|   900 |   613 |937979 |1043.1 |    63M |  44 | 603 |  12 |2775 | 162k|  2 |   7 |   0 |-2.781093e+09 | 9.905380e+02 |    Inf |   1.03%
 17.4s|  1000 |   695 |  1064k|1065.7 |    68M |  44 | 603 |  12 |2614 | 182k|  2 |   7 |   0 |-2.781093e+09 | 9.905380e+02 |    Inf |   1.03%
 19.8s|  1100 |   787 |  1228k|1118.0 |    80M |  44 | 603 |  12 |2806 | 204k|  2 |   7 |   0 |-2.781093e+09 | 9.905380e+02 |    Inf |   1.03%
 21.8s|  1200 |   853 |  1342k|1119.3 |    85M |  44 | 603 |  12 |2598 | 222k|  2 |   7 |   0 |-2.781093e+09 | 9.905380e+02 |    Inf |   1.04%
 23.6s|  1300 |   915 |  1454k|1119.8 |    87M |  44 | 603 |  12 |2094 | 241k|  3 |   7 |   0 |-2.781093e+09 | 9.905380e+02 |    Inf |   1.04%
 time | node  | left  |LP iter|LP it/n|mem/heur|mdpt |vars |cons |rows |cuts |sepa|confs|strbr|  dualbound   | primalbound  |  gap   | compl. 
 25.6s|  1400 |   991 |  1582k|1131.1 |    97M |  44 | 603 |  12 |   0 | 260k|  0 |   7 |   0 |-2.781093e+09 | 9.905380e+02 |    Inf |   1.05%
 27.4s|  1500 |  1073 |  1691k|1128.2 |   101M |  44 | 603 |  13 |2281 | 280k|  2 |   8 |   0 |-2.781093e+09 | 9.905380e+02 |    Inf |   1.05%
 29.5s|  1600 |  1155 |  1825k|1141.4 |   106M |  44 | 603 |  13 |1760 | 301k|  0 |   8 |   0 |-2.781093e+09 | 9.905380e+02 |    Inf |   1.11%
 31.5s|  1700 |  1227 |  1946k|1145.8 |   109M |  44 | 603 |  13 |3645 | 320k|  2 |   8 |   0 |-2.781093e+09 | 9.905380e+02 |    Inf |   1.12%
 33.1s|  1800 |  1297 |  2055k|1142.7 |   114M |  44 | 603 |  13 |2543 | 338k|  2 |   8 |   0 |-2.781093e+09 | 9.905380e+02 |    Inf |   1.13%
 35.4s|  1900 |  1361 |  2220k|1169.1 |   119M |  44 | 603 |  13 |2749 | 356k|  2 |   8 |   0 |-2.781093e+09 | 9.905380e+02 |    Inf |   1.13%
 37.8s|  2000 |  1439 |  2362k|1181.7 |   123M |  44 | 603 |  13 |2944 | 378k|  3 |   8 |   0 |-2.781093e+09 | 9.905380e+02 |    Inf |   1.13%
 39.8s|  2100 |  1505 |  2488k|1185.4 |   124M |  44 | 603 |  13 |3259 | 397k|  3 |   8 |   0 |-2.781093e+09 | 9.905380e+02 |    Inf |   1.13%
 42.1s|  2200 |  1593 |  2635k|1198.3 |   138M |  44 | 603 |  13 |3164 | 419k|  3 |   8 |   0 |-2.781093e+09 | 9.905380e+02 |    Inf |   1.13%
 45.0s|  2300 |  1663 |  2833k|1232.4 |   141M |  45 | 603 |  13 |2235 | 439k|  2 |   8 |   0 |-2.781093e+09 | 9.905380e+02 |    Inf |   1.13%
 47.2s|  2400 |  1719 |  2962k|1234.9 |   147M |  45 | 603 |  13 |   0 | 456k|  0 |   8 |   0 |-2.781093e+09 | 9.905380e+02 |    Inf |   1.14%
 48.9s|  2500 |  1789 |  3083k|1233.7 |   150M |  45 | 603 |  13 |2362 | 476k|  2 |   8 |   0 |-2.781093e+09 | 9.905380e+02 |    Inf |   1.21%
 51.2s|  2600 |  1865 |  3226k|1241.5 |   153M |  45 | 603 |  13 |3628 | 496k|  2 |   8 |   0 |-2.781093e+09 | 9.905380e+02 |    Inf |   1.21%
 53.0s|  2700 |  1917 |  3335k|1235.9 |   157M |  45 | 603 |  13 |3158 | 514k|  2 |   8 |   0 |-2.781093e+09 | 9.905380e+02 |    Inf |   1.21%
 54.8s|  2800 |  1991 |  3466k|1238.3 |   161M |  45 | 603 |  13 |2401 | 534k|  2 |   8 |   0 |-2.781093e+09 | 9.905380e+02 |    Inf |   1.21%
 time | node  | left  |LP iter|LP it/n|mem/heur|mdpt |vars |cons |rows |cuts |sepa|confs|strbr|  dualbound   | primalbound  |  gap   | compl. 
 56.9s|  2900 |  2059 |  3611k|1245.7 |   165M |  48 | 603 |  13 |3692 | 551k|  2 |   8 |   0 |-2.781093e+09 | 9.905380e+02 |    Inf |   1.21%
 59.4s|  3000 |  2121 |  3785k|1262.2 |   168M |  48 | 603 |  13 |3761 | 567k|  2 |   8 |   0 |-2.781093e+09 | 9.905380e+02 |    Inf |   1.21%
 62.3s|  3100 |  2175 |  3983k|1285.2 |   170M |  53 | 603 |  13 |3805 | 582k|  1 |   8 |   0 |-2.781093e+09 | 9.905380e+02 |    Inf |   1.21%
 65.1s|  3200 |  2223 |  4173k|1304.6 |   173M |  55 | 603 |  13 |3283 | 595k|  2 |   8 |   0 |-2.781093e+09 | 9.905380e+02 |    Inf |   1.21%
 68.2s|  3300 |  2263 |  4381k|1328.1 |   177M |  55 | 603 |  13 |4811 | 608k|  2 |   8 |   0 |-2.781093e+09 | 9.905380e+02 |    Inf |   1.21%
 70.9s|  3400 |  2335 |  4563k|1342.4 |   181M |  55 | 603 |  13 |   0 | 627k|  0 |   8 |   0 |-2.781093e+09 | 9.905380e+02 |    Inf |   1.21%
 73.5s|  3500 |  2409 |  4719k|1348.6 |   185M |  56 | 603 |  14 |4165 | 646k|  3 |   9 |   0 |-2.781093e+09 | 9.905380e+02 |    Inf |   1.21%
 76.6s|  3600 |  2461 |  4935k|1371.2 |   188M |  56 | 603 |  14 |3674 | 660k|  2 |   9 |   0 |-2.781093e+09 | 9.905380e+02 |    Inf |   1.21%
 80.2s|  3700 |  2505 |  5147k|1391.5 |   190M |  56 | 603 |  14 |4452 | 678k|  3 |   9 |   0 |-2.781093e+09 | 9.905380e+02 |    Inf |   1.21%
 83.8s|  3800 |  2529 |  5347k|1407.5 |   193M |  56 | 603 |  14 |   0 | 694k|  0 |   9 |   0 |-2.781093e+09 | 9.905380e+02 |    Inf |   1.21%
 87.3s|  3900 |  2579 |  5566k|1427.6 |   195M |  56 | 603 |  14 |4175 | 712k|  2 |   9 |   0 |-2.781093e+09 | 9.905380e+02 |    Inf |   1.21%
 90.1s|  4000 |  2631 |  5740k|1435.4 |   197M |  56 | 603 |  15 |4397 | 729k|  2 |  10 |   0 |-2.781093e+09 | 9.905380e+02 |    Inf |   1.21%
 93.9s|  4100 |  2675 |  5961k|1454.3 |   201M |  56 | 603 |  15 |4332 | 745k|  2 |  10 |   0 |-2.781093e+09 | 9.905380e+02 |    Inf |   1.21%
 97.4s|  4200 |  2713 |  6177k|1471.2 |   202M |  56 | 603 |  15 |4550 | 759k|  2 |  10 |   0 |-2.781093e+09 | 9.905380e+02 |    Inf |   1.21%
  101s|  4300 |  2753 |  6405k|1490.0 |   204M |  56 | 603 |  15 |   0 | 773k|  0 |  10 |   0 |-2.781093e+09 | 9.905380e+02 |    Inf |   1.21%
 time | node  | left  |LP iter|LP it/n|mem/heur|mdpt |vars |cons |rows |cuts |sepa|confs|strbr|  dualbound   | primalbound  |  gap   | compl. 
  105s|  4400 |  2775 |  6630k|1507.3 |   208M |  56 | 603 |  15 |   0 | 784k|  0 |  10 |   0 |-2.781093e+09 | 9.905380e+02 |    Inf |   1.21%
  110s|  4500 |  2793 |  6849k|1522.3 |   209M |  56 | 603 |  15 |4992 | 801k|  0 |  10 |   0 |-2.781093e+09 | 9.905380e+02 |    Inf |   1.21%
  114s|  4600 |  2815 |  7095k|1542.9 |   213M |  60 | 603 |  15 |3699 | 812k|  2 |  10 |   0 |-2.781093e+09 | 9.905380e+02 |    Inf |   1.21%
  118s|  4700 |  2847 |  7314k|1556.5 |   215M |  60 | 603 |  15 |5155 | 832k|  2 |  10 |   0 |-2.781093e+09 | 9.905380e+02 |    Inf |   1.21%
  122s|  4800 |  2899 |  7529k|1568.9 |   216M |  60 | 603 |  15 |4715 | 849k|  2 |  10 |   0 |-2.781093e+09 | 9.905380e+02 |    Inf |   1.21%
  126s|  4900 |  2943 |  7805k|1593.2 |   220M |  60 | 603 |  15 |3474 | 865k|  2 |  10 |   0 |-2.781093e+09 | 9.905380e+02 |    Inf |   1.21%
  129s|  5000 |  2991 |  8030k|1606.3 |   224M |  60 | 603 |  15 |4163 | 878k|  2 |  10 |   0 |-2.781093e+09 | 9.905380e+02 |    Inf |   1.21%
  134s|  5100 |  3029 |  8265k|1620.9 |   226M |  60 | 603 |  15 |   0 | 896k|  0 |  10 |   0 |-2.781093e+09 | 9.905380e+02 |    Inf |   1.21%
  138s|  5200 |  3047 |  8491k|1633.2 |   228M |  60 | 603 |  15 |4021 | 911k|  2 |  10 |   0 |-2.781093e+09 | 9.905380e+02 |    Inf |   1.21%
  141s|  5300 |  3105 |  8742k|1649.7 |   230M |  60 | 603 |  15 |4204 | 929k|  2 |  10 |   0 |-2.781093e+09 | 9.905380e+02 |    Inf |   1.21%
  145s|  5400 |  3131 |  8949k|1657.5 |   233M |  60 | 603 |  14 |3081 | 944k|  2 |  10 |   0 |-2.781093e+09 | 9.905380e+02 |    Inf |   1.21%
  148s|  5500 |  3175 |  9158k|1665.5 |   237M |  60 | 603 |  14 |   0 | 958k|  0 |  10 |   0 |-2.781093e+09 | 9.905380e+02 |    Inf |   1.21%
  152s|  5600 |  3223 |  9366k|1672.8 |   240M |  60 | 603 |  14 |4648 | 975k|  2 |  10 |   0 |-2.781093e+09 | 9.905380e+02 |    Inf |   1.21%
  155s|  5700 |  3257 |  9564k|1678.3 |   244M |  60 | 603 |  14 |   0 | 992k|  0 |  10 |   0 |-2.781093e+09 | 9.905380e+02 |    Inf |   1.21%
  158s|  5800 |  3283 |  9773k|1685.3 |   246M |  60 | 603 |  14 |4037 |1005k|  0 |  10 |   0 |-2.781093e+09 | 9.905380e+02 |    Inf |   1.21%
 time | node  | left  |LP iter|LP it/n|mem/heur|mdpt |vars |cons |rows |cuts |sepa|confs|strbr|  dualbound   | primalbound  |  gap   | compl. 
  163s|  5900 |  3335 | 10028k|1700.0 |   250M |  60 | 603 |  14 |4871 |1021k|  2 |  10 |   0 |-2.781093e+09 | 9.905380e+02 |    Inf |   1.21%
  166s|  6000 |  3391 | 10252k|1709.1 |   253M |  60 | 603 |  14 |5299 |1038k|  0 |  10 |   0 |-2.781093e+09 | 9.905380e+02 |    Inf |   1.21%
  170s|  6100 |  3433 | 10479k|1718.3 |   255M |  60 | 603 |  14 |   0 |1052k|  0 |  10 |   0 |-2.781093e+09 | 9.905380e+02 |    Inf |   1.21%
  175s|  6200 |  3455 | 10709k|1727.6 |   258M |  60 | 603 |  14 |5059 |1066k|  2 |  10 |   0 |-2.781093e+09 | 9.905380e+02 |    Inf |   1.21%
  178s|  6300 |  3485 | 10910k|1732.1 |   262M |  60 | 603 |  14 |4801 |1084k|  2 |  10 |   0 |-2.781093e+09 | 9.905380e+02 |    Inf |   1.21%
  182s|  6400 |  3513 | 11137k|1740.5 |   265M |  60 | 603 |  14 |5096 |1096k|  2 |  10 |   0 |-2.781093e+09 | 9.905380e+02 |    Inf |   1.21%
  186s|  6500 |  3541 | 11367k|1749.1 |   265M |  60 | 603 |  14 |3914 |1113k|  2 |  10 |   0 |-2.781093e+09 | 9.905380e+02 |    Inf |   1.21%
  190s|  6600 |  3579 | 11588k|1756.0 |   267M |  60 | 603 |  14 |4088 |1128k|  1 |  10 |   0 |-2.781093e+09 | 9.905380e+02 |    Inf |   1.21%
  194s|  6700 |  3631 | 11795k|1760.7 |   269M |  60 | 603 |  14 |4378 |1148k|  1 |  10 |   0 |-2.781093e+09 | 9.905380e+02 |    Inf |   1.21%
  198s|  6800 |  3645 | 12027k|1769.0 |   271M |  60 | 603 |  14 |4975 |1163k|  0 |  10 |   0 |-2.781093e+09 | 9.905380e+02 |    Inf |   1.21%
  201s|  6900 |  3673 | 12234k|1773.3 |   273M |  60 | 603 |  14 |5238 |1176k|  2 |  10 |   0 |-2.781093e+09 | 9.905380e+02 |    Inf |   1.21%
  205s|  7000 |  3715 | 12436k|1776.8 |   275M |  60 | 603 |  14 |   0 |1194k|  0 |  10 |   0 |-2.781093e+09 | 9.905380e+02 |    Inf |   1.21%
  209s|  7100 |  3751 | 12664k|1783.9 |   277M |  60 | 603 |  14 |4096 |1211k|  2 |  10 |   0 |-2.781093e+09 | 9.905380e+02 |    Inf |   1.21%
  213s|  7200 |  3775 | 12874k|1788.4 |   280M |  60 | 603 |  14 |4642 |1229k|  1 |  10 |   0 |-2.781093e+09 | 9.905380e+02 |    Inf |   1.21%
  217s|  7300 |  3795 | 13092k|1793.7 |   281M |  60 | 603 |  14 |4177 |1245k|  2 |  10 |   0 |-2.781093e+09 | 9.905380e+02 |    Inf |   1.21%
 time | node  | left  |LP iter|LP it/n|mem/heur|mdpt |vars |cons |rows |cuts |sepa|confs|strbr|  dualbound   | primalbound  |  gap   | compl. 
  221s|  7400 |  3829 | 13329k|1801.5 |   284M |  60 | 603 |  14 |4515 |1263k|  2 |  10 |   0 |-2.781093e+09 | 9.905380e+02 |    Inf |   1.21%
  225s|  7500 |  3859 | 13534k|1804.8 |   286M |  60 | 603 |  14 |4057 |1280k|  2 |  10 |   0 |-2.781093e+09 | 9.905380e+02 |    Inf |   1.21%
  228s|  7600 |  3889 | 13724k|1806.0 |   290M |  60 | 603 |  14 |4098 |1293k|  1 |  10 |   0 |-2.781093e+09 | 9.905380e+02 |    Inf |   1.21%
  231s|  7700 |  3915 | 13901k|1805.7 |   293M |  67 | 603 |  14 |   0 |1303k|  0 |  10 |   0 |-2.781093e+09 | 9.905380e+02 |    Inf |   1.21%
  235s|  7800 |  3945 | 14094k|1807.2 |   295M |  67 | 603 |  14 |5213 |1320k|  1 |  10 |   0 |-2.781093e+09 | 9.905380e+02 |    Inf |   1.21%
  239s|  7900 |  3985 | 14324k|1813.5 |   298M |  67 | 603 |  14 |4788 |1337k|  1 |  10 |   0 |-2.781093e+09 | 9.905380e+02 |    Inf |   1.21%
  243s|  8000 |  4003 | 14500k|1812.8 |   300M |  67 | 603 |  14 |4359 |1355k|  2 |  10 |   0 |-2.781093e+09 | 9.905380e+02 |    Inf |   1.21%
  247s|  8100 |  4045 | 14721k|1817.7 |   302M |  67 | 603 |  14 |4399 |1370k|  1 |  10 |   0 |-2.781093e+09 | 9.905380e+02 |    Inf |   1.21%
  250s|  8200 |  4085 | 14914k|1819.0 |   305M |  67 | 603 |  14 |4846 |1386k|  2 |  10 |   0 |-2.781093e+09 | 9.905380e+02 |    Inf |   1.21%
  253s|  8300 |  4115 | 15089k|1818.2 |   306M |  67 | 603 |  14 |   0 |1404k|  0 |  10 |   0 |-2.781093e+09 | 9.905380e+02 |    Inf |   1.21%
  256s|  8400 |  4165 | 15288k|1820.2 |   309M |  67 | 603 |  14 |3894 |1421k|  2 |  10 |   0 |-2.781093e+09 | 9.905380e+02 |    Inf |   1.21%
  260s|  8500 |  4205 | 15509k|1824.9 |   310M |  67 | 603 |  15 |3472 |1437k|  2 |  11 |   0 |-2.781093e+09 | 9.905380e+02 |    Inf |   1.21%
  263s|  8600 |  4255 | 15735k|1829.8 |   312M |  67 | 603 |  15 |3746 |1454k|  2 |  11 |   0 |-2.781093e+09 | 9.905380e+02 |    Inf |   1.21%
  267s|  8700 |  4315 | 15963k|1835.0 |   314M |  67 | 603 |  15 |4145 |1470k|  2 |  11 |   0 |-2.781093e+09 | 9.905380e+02 |    Inf |   1.21%
  271s|  8800 |  4367 | 16215k|1842.9 |   317M |  67 | 603 |  15 |4546 |1488k|  3 |  11 |   0 |-2.781093e+09 | 9.905380e+02 |    Inf |   1.21%
 time | node  | left  |LP iter|LP it/n|mem/heur|mdpt |vars |cons |rows |cuts |sepa|confs|strbr|  dualbound   | primalbound  |  gap   | compl. 
  275s|  8900 |  4385 | 16423k|1845.5 |   318M |  67 | 603 |  15 |4397 |1507k|  1 |  11 |   0 |-2.781093e+09 | 9.905380e+02 |    Inf |   1.21%
  279s|  9000 |  4425 | 16636k|1848.7 |   321M |  67 | 603 |  15 |4474 |1527k|  1 |  11 |   0 |-2.781093e+09 | 9.905380e+02 |    Inf |   1.21%
  283s|  9100 |  4459 | 16860k|1853.0 |   323M |  67 | 603 |  15 |4680 |1544k|  2 |  11 |   0 |-2.781093e+09 | 9.905380e+02 |    Inf |   1.21%
  286s|  9200 |  4483 | 17031k|1851.5 |   326M |  67 | 603 |  15 |4383 |1562k|  2 |  11 |   0 |-2.781093e+09 | 9.905380e+02 |    Inf |   1.21%
  289s|  9300 |  4511 | 17235k|1853.4 |   330M |  67 | 603 |  15 |4547 |1579k|  1 |  11 |   0 |-2.781093e+09 | 9.905380e+02 |    Inf |   1.21%
  293s|  9400 |  4547 | 17432k|1854.7 |   335M |  67 | 603 |  15 |4517 |1595k|  2 |  11 |   0 |-2.781093e+09 | 9.905380e+02 |    Inf |   1.21%
  296s|  9500 |  4575 | 17661k|1859.3 |   337M |  67 | 603 |  15 |4119 |1610k|  2 |  11 |   0 |-2.781093e+09 | 9.905380e+02 |    Inf |   1.21%
  300s|  9600 |  4611 | 17896k|1864.4 |   341M |  67 | 603 |  13 |4249 |1628k|  2 |  11 |   0 |-2.781093e+09 | 9.905380e+02 |    Inf |   1.21%
  304s|  9700 |  4643 | 18136k|1869.9 |   343M |  67 | 603 |  13 |3879 |1646k|  3 |  11 |   0 |-2.781093e+09 | 9.905380e+02 |    Inf |   1.21%
  309s|  9800 |  4689 | 18430k|1880.8 |   346M |  67 | 603 |  13 |   0 |1661k|  0 |  11 |   0 |-2.781093e+09 | 9.905380e+02 |    Inf |   1.21%
  314s|  9900 |  4743 | 18736k|1892.8 |   351M |  67 | 603 |  12 |4656 |1679k|  2 |  11 |   0 |-2.781093e+09 | 9.905380e+02 |    Inf |   1.21%
  318s| 10000 |  4781 | 19024k|1902.6 |   353M |  67 | 603 |  12 |4928 |1694k|  2 |  11 |   0 |-2.781093e+09 | 9.905380e+02 |    Inf |   1.21%
  322s| 10100 |  4839 | 19246k|1905.8 |   356M |  67 | 603 |  12 |3985 |1712k|  2 |  11 |   0 |-2.781093e+09 | 9.905380e+02 |    Inf |   1.21%
  326s| 10200 |  4869 | 19459k|1908.0 |   358M |  67 | 603 |  12 |4365 |1729k|  2 |  11 |   0 |-2.781093e+09 | 9.905380e+02 |    Inf |   1.21%
  329s| 10300 |  4931 | 19685k|1911.4 |   361M |  67 | 603 |  12 |3844 |1749k|  2 |  11 |   0 |-2.781093e+09 | 9.905380e+02 |    Inf |   1.21%
 time | node  | left  |LP iter|LP it/n|mem/heur|mdpt |vars |cons |rows |cuts |sepa|confs|strbr|  dualbound   | primalbound  |  gap   | compl. 
  333s| 10400 |  4979 | 19911k|1914.7 |   364M |  67 | 603 |  12 |   0 |1766k|  0 |  11 |   0 |-2.781093e+09 | 9.905380e+02 |    Inf |   1.21%
  337s| 10500 |  5015 | 20149k|1919.2 |   370M |  67 | 603 |  12 |4311 |1786k|  2 |  11 |   0 |-2.781093e+09 | 9.905380e+02 |    Inf |   1.21%
  341s| 10600 |  5067 | 20378k|1922.7 |   372M |  67 | 603 |  12 |   0 |1805k|  0 |  11 |   0 |-2.781093e+09 | 9.905380e+02 |    Inf |   1.21%
  346s| 10700 |  5099 | 20659k|1931.0 |   374M |  67 | 603 |  12 |   0 |1824k|  0 |  11 |   0 |-2.781093e+09 | 9.905380e+02 |    Inf |   1.21%
  350s| 10800 |  5113 | 20902k|1935.6 |   376M |  67 | 603 |  12 |   0 |1842k|  0 |  11 |   0 |-2.781093e+09 | 9.905380e+02 |    Inf |   1.21%
  353s| 10900 |  5139 | 21090k|1935.0 |   379M |  67 | 603 |  12 |4452 |1857k|  1 |  11 |   0 |-2.781093e+09 | 9.905380e+02 |    Inf |   1.21%
  357s| 11000 |  5191 | 21301k|1936.6 |   382M |  67 | 603 |  12 |3887 |1874k|  2 |  11 |   0 |-2.781093e+09 | 9.905380e+02 |    Inf |   1.21%
  360s| 11100 |  5237 | 21541k|1940.8 |   383M |  67 | 603 |  12 |4000 |1892k|  2 |  11 |   0 |-2.781093e+09 | 9.905380e+02 |    Inf |   1.21%
  364s| 11200 |  5269 | 21734k|1940.7 |   387M |  67 | 603 |  12 |4441 |1912k|  2 |  11 |   0 |-2.781093e+09 | 9.905380e+02 |    Inf |   1.21%
  368s| 11300 |  5323 | 21987k|1946.0 |   389M |  67 | 603 |  12 |3953 |1931k|  2 |  11 |   0 |-2.781093e+09 | 9.905380e+02 |    Inf |   1.21%
  372s| 11400 |  5355 | 22198k|1947.4 |   391M |  67 | 603 |  12 |4653 |1949k|  2 |  11 |   0 |-2.781093e+09 | 9.905380e+02 |    Inf |   1.21%
  376s| 11500 |  5379 | 22377k|1946.0 |   394M |  67 | 603 |  12 |4561 |1967k|  2 |  11 |   0 |-2.781093e+09 | 9.905380e+02 |    Inf |   1.21%
  379s| 11600 |  5385 | 22553k|1944.4 |   396M |  67 | 603 |  12 |   0 |1984k|  0 |  11 |   0 |-2.781093e+09 | 9.905380e+02 |    Inf |   1.21%
  382s| 11700 |  5411 | 22739k|1943.7 |   399M |  67 | 603 |  12 |3858 |2002k|  1 |  11 |   0 |-2.781093e+09 | 9.905380e+02 |    Inf |   1.21%
  386s| 11800 |  5433 | 22915k|1942.1 |   400M |  67 | 603 |  12 |4479 |2022k|  2 |  11 |   0 |-2.781093e+09 | 9.905380e+02 |    Inf |   1.21%
 time | node  | left  |LP iter|LP it/n|mem/heur|mdpt |vars |cons |rows |cuts |sepa|confs|strbr|  dualbound   | primalbound  |  gap   | compl. 
  389s| 11900 |  5459 | 23122k|1943.2 |   402M |  67 | 603 |  12 |   0 |2033k|  0 |  11 |   0 |-2.781093e+09 | 9.905380e+02 |    Inf |   1.21%
  393s| 12000 |  5487 | 23360k|1946.8 |   404M |  67 | 603 |  12 |3930 |2048k|  2 |  11 |   0 |-2.781093e+09 | 9.905380e+02 |    Inf |   1.21%
  397s| 12100 |  5525 | 23582k|1949.1 |   409M |  67 | 603 |  12 |3999 |2060k|  2 |  11 |   0 |-2.781093e+09 | 9.905380e+02 |    Inf |   1.21%
  401s| 12200 |  5559 | 23842k|1954.4 |   412M |  67 | 603 |  12 |4538 |2073k|  2 |  11 |   0 |-2.781093e+09 | 9.905380e+02 |    Inf |   1.21%
  405s| 12300 |  5573 | 24044k|1955.0 |   412M |  67 | 603 |  12 |4050 |2091k|  2 |  11 |   0 |-2.781093e+09 | 9.905380e+02 |    Inf |   1.21%
  408s| 12400 |  5615 | 24250k|1955.8 |   416M |  67 | 603 |  12 |4366 |2109k|  1 |  11 |   0 |-2.781093e+09 | 9.905380e+02 |    Inf |   1.21%
  412s| 12500 |  5657 | 24455k|1956.6 |   418M |  67 | 603 |  12 |3819 |2126k|  2 |  11 |   0 |-2.781093e+09 | 9.905380e+02 |    Inf |   1.21%
  416s| 12600 |  5685 | 24696k|1960.2 |   423M |  67 | 603 |  12 |4331 |2140k|  2 |  11 |   0 |-2.781093e+09 | 9.905380e+02 |    Inf |   1.21%
  420s| 12700 |  5727 | 24943k|1964.2 |   426M |  67 | 603 |  12 |4207 |2160k|  2 |  11 |   0 |-2.781093e+09 | 9.905380e+02 |    Inf |   1.21%
  424s| 12800 |  5757 | 25146k|1964.7 |   432M |  67 | 603 |  13 |4315 |2178k|  2 |  12 |   0 |-2.781093e+09 | 9.905380e+02 |    Inf |   1.21%
  427s| 12900 |  5781 | 25351k|1965.3 |   435M |  67 | 603 |  13 |4381 |2197k|  2 |  12 |   0 |-2.781093e+09 | 9.905380e+02 |    Inf |   1.21%
  431s| 13000 |  5811 | 25557k|1966.1 |   438M |  67 | 603 |  13 |4247 |2214k|  2 |  12 |   0 |-2.781093e+09 | 9.905380e+02 |    Inf |   1.21%
  435s| 13100 |  5831 | 25753k|1966.1 |   443M |  67 | 603 |  13 |4557 |2231k|  2 |  12 |   0 |-2.781093e+09 | 9.905380e+02 |    Inf |   1.21%
  439s| 13200 |  5847 | 25984k|1968.6 |   445M |  67 | 603 |  13 |4198 |2249k|  1 |  12 |   0 |-2.781093e+09 | 9.905380e+02 |    Inf |   1.21%
  443s| 13300 |  5861 | 26205k|1970.5 |   448M |  67 | 603 |  13 |4376 |2264k|  2 |  12 |   0 |-2.781093e+09 | 9.905380e+02 |    Inf |   1.21%
 time | node  | left  |LP iter|LP it/n|mem/heur|mdpt |vars |cons |rows |cuts |sepa|confs|strbr|  dualbound   | primalbound  |  gap   | compl. 
  446s| 13400 |  5909 | 26414k|1971.3 |   451M |  67 | 603 |  13 |4059 |2282k|  3 |  13 |   0 |-2.781093e+09 | 9.905380e+02 |    Inf |   1.21%
  450s| 13500 |  5919 | 26612k|1971.4 |   451M |  67 | 603 |  13 |4530 |2301k|  2 |  13 |   0 |-2.781093e+09 | 9.905380e+02 |    Inf |   1.21%
  454s| 13600 |  5931 | 26815k|1971.8 |   453M |  67 | 603 |  13 |4321 |2320k|  3 |  13 |   0 |-2.781093e+09 | 9.905380e+02 |    Inf |   1.21%
  458s| 13700 |  5951 | 26998k|1970.8 |   455M |  67 | 603 |  13 |4234 |2338k|  2 |  13 |   0 |-2.781093e+09 | 9.905380e+02 |    Inf |   1.21%
  462s| 13800 |  5979 | 27226k|1973.0 |   457M |  67 | 603 |  13 |4376 |2354k|  2 |  14 |   0 |-2.781093e+09 | 9.905380e+02 |    Inf |   1.21%
  466s| 13900 |  5997 | 27419k|1972.8 |   458M |  67 | 603 |  13 |4396 |2375k|  3 |  14 |   0 |-2.781093e+09 | 9.905380e+02 |    Inf |   1.21%
  470s| 14000 |  6027 | 27646k|1974.9 |   462M |  67 | 603 |  13 |4379 |2394k|  2 |  14 |   0 |-2.781093e+09 | 9.905380e+02 |    Inf |   1.21%
  474s| 14100 |  6031 | 27813k|1972.7 |   463M |  67 | 603 |  13 |4596 |2412k|  2 |  15 |   0 |-2.781093e+09 | 9.905380e+02 |    Inf |   1.21%
  478s| 14200 |  6057 | 28035k|1974.5 |   464M |  67 | 603 |  13 |4923 |2428k|  4 |  15 |   0 |-2.781093e+09 | 9.905380e+02 |    Inf |   1.21%
  482s| 14300 |  6067 | 28244k|1975.3 |   465M |  67 | 603 |  13 |   0 |2446k|  0 |  15 |   0 |-2.781093e+09 | 9.905380e+02 |    Inf |   1.21%
  487s| 14400 |  6081 | 28442k|1975.3 |   467M |  67 | 603 |  13 |4755 |2465k|  2 |  15 |   0 |-2.781093e+09 | 9.905380e+02 |    Inf |   1.21%
  491s| 14500 |  6111 | 28691k|1978.8 |   469M |  67 | 603 |  13 |4196 |2479k|  1 |  15 |   0 |-2.781093e+09 | 9.905380e+02 |    Inf |   1.21%
  495s| 14600 |  6141 | 28883k|1978.4 |   471M |  67 | 603 |  13 |3972 |2497k|  2 |  15 |   0 |-2.781093e+09 | 9.905380e+02 |    Inf |   1.21%
  499s| 14700 |  6197 | 29114k|1980.7 |   474M |  67 | 603 |  13 |   0 |2516k|  0 |  15 |   0 |-2.781093e+09 | 9.905380e+02 |    Inf |   1.21%
  503s| 14800 |  6211 | 29344k|1982.8 |   478M |  67 | 603 |  13 |4831 |2533k|  2 |  15 |   0 |-2.781093e+09 | 9.905380e+02 |    Inf |   1.21%
 time | node  | left  |LP iter|LP it/n|mem/heur|mdpt |vars |cons |rows |cuts |sepa|confs|strbr|  dualbound   | primalbound  |  gap   | compl. 
  507s| 14900 |  6227 | 29525k|1981.7 |   481M |  67 | 603 |  13 |4717 |2550k|  1 |  15 |   0 |-2.781093e+09 | 9.905380e+02 |    Inf |   1.21%
  511s| 15000 |  6231 | 29741k|1982.9 |   484M |  67 | 603 |  13 |4407 |2568k|  5 |  15 |   0 |-2.781093e+09 | 9.905380e+02 |    Inf |   1.21%
  515s| 15100 |  6269 | 29961k|1984.3 |   485M |  67 | 603 |  13 |4143 |2586k|  2 |  15 |   0 |-2.781093e+09 | 9.905380e+02 |    Inf |   1.21%
  519s| 15200 |  6297 | 30209k|1987.6 |   487M |  67 | 603 |  13 |   0 |2603k|  0 |  15 |   0 |-2.781093e+09 | 9.905380e+02 |    Inf |   1.21%
  523s| 15300 |  6325 | 30397k|1986.9 |   488M |  67 | 603 |  13 |4639 |2622k|  2 |  15 |   0 |-2.781093e+09 | 9.905380e+02 |    Inf |   1.21%
  527s| 15400 |  6351 | 30614k|1988.0 |   490M |  67 | 603 |  13 |4123 |2638k|  2 |  15 |   0 |-2.781093e+09 | 9.905380e+02 |    Inf |   1.21%
  532s| 15500 |  6379 | 30868k|1991.6 |   492M |  67 | 603 |  13 |4528 |2657k|  2 |  15 |   0 |-2.781093e+09 | 9.905380e+02 |    Inf |   1.21%
  536s| 15600 |  6407 | 31103k|1993.9 |   495M |  67 | 603 |  13 |3833 |2672k|  2 |  15 |   0 |-2.781093e+09 | 9.905380e+02 |    Inf |   1.21%
  540s| 15700 |  6429 | 31310k|1994.4 |   498M |  67 | 603 |  13 |4303 |2691k|  3 |  15 |   0 |-2.781093e+09 | 9.905380e+02 |    Inf |   1.21%
  544s| 15800 |  6451 | 31508k|1994.3 |   500M |  67 | 603 |  13 |4331 |2704k|  2 |  15 |   0 |-2.781093e+09 | 9.905380e+02 |    Inf |   1.21%
  548s| 15900 |  6475 | 31739k|1996.3 |   501M |  67 | 603 |  13 |4447 |2723k|  2 |  15 |   0 |-2.781093e+09 | 9.905380e+02 |    Inf |   1.21%
  553s| 16000 |  6499 | 31962k|1997.8 |   504M |  67 | 603 |  13 |4526 |2741k|  1 |  15 |   0 |-2.781093e+09 | 9.905380e+02 |    Inf |   1.21%
  557s| 16100 |  6521 | 32225k|2001.7 |   506M |  67 | 603 |  13 |4166 |2759k|  2 |  15 |   0 |-2.781093e+09 | 9.905380e+02 |    Inf |   1.21%
  561s| 16200 |  6543 | 32434k|2002.3 |   508M |  67 | 603 |  13 |3945 |2772k|  0 |  15 |   0 |-2.781093e+09 | 9.905380e+02 |    Inf |   1.21%
  565s| 16300 |  6555 | 32641k|2002.7 |   509M |  67 | 603 |  13 |3940 |2788k|  1 |  15 |   0 |-2.781093e+09 | 9.905380e+02 |    Inf |   1.21%
 time | node  | left  |LP iter|LP it/n|mem/heur|mdpt |vars |cons |rows |cuts |sepa|confs|strbr|  dualbound   | primalbound  |  gap   | compl. 
  569s| 16400 |  6577 | 32867k|2004.2 |   511M |  67 | 603 |  13 |4371 |2803k|  4 |  15 |   0 |-2.781093e+09 | 9.905380e+02 |    Inf |   1.21%
  573s| 16500 |  6617 | 33092k|2005.7 |   512M |  67 | 603 |  13 |3928 |2820k|  0 |  15 |   0 |-2.781093e+09 | 9.905380e+02 |    Inf |   1.21%
  577s| 16600 |  6639 | 33292k|2005.7 |   515M |  67 | 603 |  13 |4818 |2836k|  2 |  15 |   0 |-2.781093e+09 | 9.905380e+02 |    Inf |   1.21%
  581s| 16700 |  6665 | 33529k|2007.9 |   518M |  67 | 603 |  13 |4440 |2851k|  2 |  15 |   0 |-2.781093e+09 | 9.905380e+02 |    Inf |   1.21%
  585s| 16800 |  6717 | 33749k|2009.0 |   521M |  67 | 603 |  13 |3715 |2870k|  2 |  15 |   0 |-2.781093e+09 | 9.905380e+02 |    Inf |   1.21%
  589s| 16900 |  6761 | 34002k|2012.1 |   523M |  67 | 603 |  13 |3972 |2888k|  2 |  15 |   0 |-2.781093e+09 | 9.905380e+02 |    Inf |   1.21%
  593s| 17000 |  6783 | 34227k|2013.5 |   524M |  67 | 603 |  13 |4200 |2904k|  2 |  15 |   0 |-2.781093e+09 | 9.905380e+02 |    Inf |   1.21%
  597s| 17100 |  6805 | 34425k|2013.3 |   530M |  67 | 603 |  13 |4273 |2923k|  2 |  15 |   0 |-2.781093e+09 | 9.905380e+02 |    Inf |   1.21%
  601s| 17200 |  6829 | 34621k|2013.0 |   532M |  67 | 603 |  13 |3987 |2941k|  2 |  15 |   0 |-2.781093e+09 | 9.905380e+02 |    Inf |   1.21%
  604s| 17300 |  6869 | 34828k|2013.3 |   537M |  67 | 603 |  13 |4034 |2962k|  3 |  15 |   0 |-2.781093e+09 | 9.905380e+02 |    Inf |   1.21%
  608s| 17400 |  6927 | 35052k|2014.6 |   539M |  67 | 603 |  13 |3861 |2981k|  3 |  15 |   0 |-2.781093e+09 | 9.905380e+02 |    Inf |   1.21%
  612s| 17500 |  6963 | 35279k|2016.1 |   545M |  67 | 603 |  13 |4912 |3000k|  2 |  15 |   0 |-2.781093e+09 | 9.905380e+02 |    Inf |   1.21%
  617s| 17600 |  6983 | 35520k|2018.3 |   549M |  67 | 603 |  13 |4885 |3019k|  3 |  15 |   0 |-2.781093e+09 | 9.905380e+02 |    Inf |   1.21%
  620s| 17700 |  7019 | 35737k|2019.2 |   552M |  67 | 603 |  13 |4618 |3034k|  1 |  15 |   0 |-2.781093e+09 | 9.905380e+02 |    Inf |   1.21%
  624s| 17800 |  7051 | 35933k|2018.8 |   551M |  67 | 603 |  13 |4455 |3049k|  2 |  15 |   0 |-2.781093e+09 | 9.905380e+02 |    Inf |   1.21%
 time | node  | left  |LP iter|LP it/n|mem/heur|mdpt |vars |cons |rows |cuts |sepa|confs|strbr|  dualbound   | primalbound  |  gap   | compl. 
  628s| 17900 |  7065 | 36133k|2018.7 |   552M |  67 | 603 |  13 |4613 |3068k|  2 |  16 |   0 |-2.781093e+09 | 9.905380e+02 |    Inf |   1.21%
  632s| 18000 |  7083 | 36351k|2019.7 |   555M |  67 | 603 |  13 |4520 |3084k|  2 |  16 |   0 |-2.781093e+09 | 9.905380e+02 |    Inf |   1.21%
  636s| 18100 |  7089 | 36578k|2021.0 |   555M |  67 | 603 |  13 |4873 |3103k|  2 |  16 |   0 |-2.781093e+09 | 9.905380e+02 |    Inf |   1.21%
  640s| 18200 |  7137 | 36808k|2022.5 |   559M |  67 | 603 |  13 |4417 |3123k|  2 |  16 |   0 |-2.781093e+09 | 9.905380e+02 |    Inf |   1.21%
  644s| 18300 |  7165 | 37034k|2023.8 |   561M |  67 | 603 |  13 |4355 |3142k|  2 |  16 |   0 |-2.781093e+09 | 9.905380e+02 |    Inf |   1.21%
  649s| 18400 |  7195 | 37254k|2024.8 |   566M |  67 | 603 |  13 |3942 |3161k|  3 |  16 |   0 |-2.781093e+09 | 9.905380e+02 |    Inf |   1.21%
  652s| 18500 |  7227 | 37462k|2025.1 |   567M |  67 | 603 |  13 |4109 |3180k|  2 |  16 |   0 |-2.781093e+09 | 9.905380e+02 |    Inf |   1.21%
  656s| 18600 |  7269 | 37683k|2026.1 |   569M |  67 | 603 |  13 |4429 |3199k|  2 |  16 |   0 |-2.781093e+09 | 9.905380e+02 |    Inf |   1.21%
  660s| 18700 |  7309 | 37901k|2026.9 |   570M |  67 | 603 |  13 |3959 |3218k|  2 |  16 |   0 |-2.781093e+09 | 9.905380e+02 |    Inf |   1.21%
  665s| 18800 |  7317 | 38127k|2028.2 |   572M |  67 | 603 |  13 |4377 |3238k|  2 |  16 |   0 |-2.781093e+09 | 9.905380e+02 |    Inf |   1.21%
  670s| 18900 |  7353 | 38418k|2032.8 |   574M |  67 | 603 |  13 |3919 |3256k|  2 |  16 |   0 |-2.781093e+09 | 9.905380e+02 |    Inf |   1.21%
  674s| 19000 |  7367 | 38622k|2032.8 |   576M |  67 | 603 |  13 |4451 |3271k|  1 |  16 |   0 |-2.781093e+09 | 9.905380e+02 |    Inf |   1.21%
  677s| 19100 |  7385 | 38802k|2031.7 |   578M |  67 | 603 |  13 |4229 |3289k|  2 |  16 |   0 |-2.781093e+09 | 9.905380e+02 |    Inf |   1.21%
  681s| 19200 |  7389 | 38990k|2030.9 |   581M |  67 | 603 |  13 |4641 |3306k|  2 |  17 |   0 |-2.781093e+09 | 9.905380e+02 |    Inf |   1.21%
  685s| 19300 |  7399 | 39210k|2031.7 |   583M |  67 | 603 |  13 |4196 |3318k|  3 |  17 |   0 |-2.781093e+09 | 9.905380e+02 |    Inf |   1.21%
 time | node  | left  |LP iter|LP it/n|mem/heur|mdpt |vars |cons |rows |cuts |sepa|confs|strbr|  dualbound   | primalbound  |  gap   | compl. 
  689s| 19400 |  7435 | 39390k|2030.6 |   585M |  67 | 603 |  13 |4514 |3336k|  2 |  17 |   0 |-2.781093e+09 | 9.905380e+02 |    Inf |   1.21%
  693s| 19500 |  7469 | 39582k|2029.9 |   587M |  67 | 603 |  13 |4260 |3355k|  2 |  17 |   0 |-2.781093e+09 | 9.905380e+02 |    Inf |   1.21%
  697s| 19600 |  7513 | 39820k|2031.7 |   589M |  67 | 603 |  13 |5179 |3371k|  1 |  17 |   0 |-2.781093e+09 | 9.905380e+02 |    Inf |   1.21%
  700s| 19700 |  7563 | 40016k|2031.4 |   592M |  67 | 603 |  13 |   0 |3390k|  0 |  17 |   0 |-2.781093e+09 | 9.905380e+02 |    Inf |   1.21%
  704s| 19800 |  7607 | 40239k|2032.4 |   593M |  67 | 603 |  13 |4131 |3405k|  3 |  17 |   0 |-2.781093e+09 | 9.905380e+02 |    Inf |   1.21%
  707s| 19900 |  7657 | 40443k|2032.4 |   598M |  67 | 603 |  13 |4594 |3425k|  2 |  17 |   0 |-2.781093e+09 | 9.905380e+02 |    Inf |   1.21%
  711s| 20000 |  7699 | 40659k|2033.0 |   601M |  67 | 603 |  13 |3998 |3441k|  2 |  17 |   0 |-2.781093e+09 | 9.905380e+02 |    Inf |   1.21%
  715s| 20100 |  7739 | 40876k|2033.8 |   603M |  67 | 603 |  13 |5279 |3461k|  3 |  17 |   0 |-2.781093e+09 | 9.905380e+02 |    Inf |   1.21%
  719s| 20200 |  7763 | 41082k|2033.9 |   605M |  67 | 603 |  13 |3982 |3480k|  1 |  17 |   0 |-2.781093e+09 | 9.905380e+02 |    Inf |   1.21%
  723s| 20300 |  7809 | 41302k|2034.7 |   609M |  67 | 603 |  13 |4897 |3496k|  2 |  17 |   0 |-2.781093e+09 | 9.905380e+02 |    Inf |   1.21%
  727s| 20400 |  7845 | 41529k|2035.9 |   612M |  67 | 603 |  13 |3965 |3516k|  2 |  17 |   0 |-2.781093e+09 | 9.905380e+02 |    Inf |   1.21%
  731s| 20500 |  7885 | 41737k|2036.1 |   613M |  67 | 603 |  12 |4607 |3533k|  2 |  17 |   0 |-2.781093e+09 | 9.905380e+02 |    Inf |   1.21%
  734s| 20600 |  7909 | 41891k|2033.7 |   614M |  67 | 603 |  12 |3965 |3551k|  2 |  17 |   0 |-2.781093e+09 | 9.905380e+02 |    Inf |   1.21%
  737s| 20700 |  7955 | 42107k|2034.3 |   616M |  67 | 603 |  12 |   0 |3566k|  0 |  17 |   0 |-2.781093e+09 | 9.905380e+02 |    Inf |   1.21%
  741s| 20800 |  7971 | 42307k|2034.1 |   618M |  67 | 603 |  12 |4091 |3584k|  2 |  17 |   0 |-2.781093e+09 | 9.905380e+02 |    Inf |   1.21%
 time | node  | left  |LP iter|LP it/n|mem/heur|mdpt |vars |cons |rows |cuts |sepa|confs|strbr|  dualbound   | primalbound  |  gap   | compl. 
  745s| 20900 |  8019 | 42535k|2035.3 |   620M |  67 | 603 |  12 |   0 |3601k|  0 |  17 |   0 |-2.781093e+09 | 9.905380e+02 |    Inf |   1.21%
  749s| 21000 |  8047 | 42750k|2035.8 |   623M |  67 | 603 |  12 |4892 |3619k|  1 |  17 |   0 |-2.781093e+09 | 9.905380e+02 |    Inf |   1.21%
  753s| 21100 |  8091 | 43018k|2038.9 |   626M |  67 | 603 |  12 |4292 |3639k|  2 |  17 |   0 |-2.781093e+09 | 9.905380e+02 |    Inf |   1.21%
  757s| 21200 |  8117 | 43225k|2039.0 |   629M |  67 | 603 |  12 |4220 |3660k|  2 |  17 |   0 |-2.781093e+09 | 9.905380e+02 |    Inf |   1.21%
  761s| 21300 |  8137 | 43446k|2039.8 |   630M |  67 | 603 |  12 |4577 |3676k|  2 |  17 |   0 |-2.781093e+09 | 9.905380e+02 |    Inf |   1.21%
  765s| 21400 |  8179 | 43669k|2040.7 |   632M |  67 | 603 |  12 |4124 |3693k|  2 |  17 |   0 |-2.781093e+09 | 9.905380e+02 |    Inf |   1.21%
  769s| 21500 |  8221 | 43903k|2042.1 |   635M |  67 | 603 |  12 |4605 |3711k|  1 |  17 |   0 |-2.781093e+09 | 9.905380e+02 |    Inf |   1.21%
  774s| 21600 |  8263 | 44152k|2044.2 |   636M |  67 | 603 |  12 |4871 |3730k|  2 |  17 |   0 |-2.781093e+09 | 9.905380e+02 |    Inf |   1.21%
  778s| 21700 |  8311 | 44374k|2045.0 |   639M |  67 | 603 |  12 |4848 |3747k|  2 |  17 |   0 |-2.781093e+09 | 9.905380e+02 |    Inf |   1.21%
  782s| 21800 |  8351 | 44613k|2046.6 |   642M |  67 | 603 |  12 |4162 |3765k|  2 |  17 |   0 |-2.781093e+09 | 9.905380e+02 |    Inf |   1.21%
  786s| 21900 |  8409 | 44847k|2047.9 |   646M |  67 | 603 |  12 |4709 |3782k|  2 |  17 |   0 |-2.781093e+09 | 9.905380e+02 |    Inf |   1.21%
  790s| 22000 |  8441 | 45075k|2048.9 |   642M |  67 | 603 |  12 |4065 |3797k|  2 |  17 |   0 |-2.781093e+09 | 9.905380e+02 |    Inf |   1.21%
  794s| 22100 |  8469 | 45292k|2049.5 |   645M |  67 | 603 |  12 |4714 |3814k|  2 |  17 |   0 |-2.781093e+09 | 9.905380e+02 |    Inf |   1.21%
  798s| 22200 |  8497 | 45517k|2050.4 |   646M |  67 | 603 |  12 |4661 |3831k|  2 |  17 |   0 |-2.781093e+09 | 9.905380e+02 |    Inf |   1.21%
  803s| 22300 |  8505 | 45743k|2051.4 |   648M |  67 | 603 |  12 |3953 |3849k|  4 |  17 |   0 |-2.781093e+09 | 9.905380e+02 |    Inf |   1.21%
 time | node  | left  |LP iter|LP it/n|mem/heur|mdpt |vars |cons |rows |cuts |sepa|confs|strbr|  dualbound   | primalbound  |  gap   | compl. 
  807s| 22400 |  8555 | 45992k|2053.3 |   651M |  67 | 603 |  12 |4454 |3865k|  2 |  17 |   0 |-2.781093e+09 | 9.905380e+02 |    Inf |   1.21%
  811s| 22500 |  8599 | 46257k|2056.0 |   655M |  67 | 603 |  11 |4903 |3880k|  2 |  17 |   0 |-2.781093e+09 | 9.905380e+02 |    Inf |   1.21%
  816s| 22600 |  8625 | 46486k|2057.0 |   655M |  67 | 603 |  11 |4276 |3895k|  2 |  17 |   0 |-2.781093e+09 | 9.905380e+02 |    Inf |   1.21%
  819s| 22700 |  8645 | 46658k|2055.5 |   657M |  67 | 603 |  11 |4679 |3914k|  3 |  17 |   0 |-2.781093e+09 | 9.905380e+02 |    Inf |   1.21%
  824s| 22800 |  8663 | 46882k|2056.3 |   659M |  67 | 603 |  11 |4772 |3933k|  1 |  17 |   0 |-2.781093e+09 | 9.905380e+02 |    Inf |   1.21%
  828s| 22900 |  8681 | 47104k|2057.0 |   660M |  67 | 603 |  11 |   0 |3951k|  0 |  18 |   0 |-2.781093e+09 | 9.905380e+02 |    Inf |   1.21%
  833s| 23000 |  8689 | 47334k|2058.1 |   661M |  67 | 603 |  11 |4634 |3970k|  2 |  18 |   0 |-2.781093e+09 | 9.905380e+02 |    Inf |   1.21%
  838s| 23100 |  8719 | 47595k|2060.5 |   664M |  67 | 603 |  11 |4924 |3986k|  2 |  18 |   0 |-2.781093e+09 | 9.905380e+02 |    Inf |   1.21%
  842s| 23200 |  8747 | 47806k|2060.7 |   666M |  67 | 603 |  11 |4502 |4003k|  1 |  18 |   0 |-2.781093e+09 | 9.905380e+02 |    Inf |   1.21%
  845s| 23300 |  8767 | 47978k|2059.2 |   666M |  67 | 603 |  11 |4374 |4019k|  5 |  18 |   0 |-2.781093e+09 | 9.905380e+02 |    Inf |   1.21%
  849s| 23400 |  8779 | 48146k|2057.6 |   668M |  67 | 603 |  11 |4585 |4036k|  2 |  18 |   0 |-2.781093e+09 | 9.905380e+02 |    Inf |   1.21%
  853s| 23500 |  8813 | 48361k|2058.0 |   669M |  67 | 603 |  11 |4546 |4053k|  2 |  18 |   0 |-2.781093e+09 | 9.905380e+02 |    Inf |   1.21%
  857s| 23600 |  8839 | 48579k|2058.5 |   672M |  67 | 603 |  11 |4218 |4073k|  2 |  18 |   0 |-2.781093e+09 | 9.905380e+02 |    Inf |   1.21%
  861s| 23700 |  8857 | 48777k|2058.2 |   673M |  67 | 603 |  11 |4430 |4085k|  2 |  18 |   0 |-2.781093e+09 | 9.905380e+02 |    Inf |   1.21%
  864s| 23800 |  8871 | 48978k|2058.0 |   674M |  67 | 603 |  11 |4770 |4099k|  1 |  18 |   0 |-2.781093e+09 | 9.905380e+02 |    Inf |   1.21%
 time | node  | left  |LP iter|LP it/n|mem/heur|mdpt |vars |cons |rows |cuts |sepa|confs|strbr|  dualbound   | primalbound  |  gap   | compl. 
  869s| 23900 |  8885 | 49183k|2058.0 |   675M |  67 | 603 |  11 |6033 |4115k|  2 |  18 |   0 |-2.781093e+09 | 9.905380e+02 |    Inf |   1.21%
  873s| 24000 |  8909 | 49389k|2058.0 |   676M |  67 | 603 |  11 |4763 |4132k|  2 |  18 |   0 |-2.781093e+09 | 9.905380e+02 |    Inf |   1.21%
  877s| 24100 |  8911 | 49589k|2057.7 |   678M |  67 | 603 |  11 |4432 |4150k|  1 |  18 |   0 |-2.781093e+09 | 9.905380e+02 |    Inf |   1.21%
  882s| 24200 |  8927 | 49808k|2058.3 |   679M |  67 | 603 |  11 |4742 |4167k|  2 |  18 |   0 |-2.781093e+09 | 9.905380e+02 |    Inf |   1.21%
  886s| 24300 |  8955 | 50041k|2059.4 |   682M |  67 | 603 |  11 |4751 |4179k|  2 |  18 |   0 |-2.781093e+09 | 9.905380e+02 |    Inf |   1.21%
  890s| 24400 |  8977 | 50268k|2060.3 |   682M |  67 | 603 |  11 |4805 |4199k|  2 |  18 |   0 |-2.781093e+09 | 9.905380e+02 |    Inf |   1.21%
  894s| 24500 |  8999 | 50468k|2060.0 |   684M |  67 | 603 |  11 |4966 |4216k|  2 |  18 |   0 |-2.781093e+09 | 9.905380e+02 |    Inf |   1.21%
  898s| 24600 |  9019 | 50675k|2060.1 |   685M |  67 | 603 |  11 |   0 |4231k|  0 |  18 |   0 |-2.781093e+09 | 9.905380e+02 |    Inf |   1.21%
  902s| 24700 |  9027 | 50862k|2059.3 |   686M |  67 | 603 |  11 |4499 |4246k|  2 |  18 |   0 |-2.781093e+09 | 9.905380e+02 |    Inf |   1.21%
  906s| 24800 |  9033 | 51058k|2058.9 |   688M |  67 | 603 |  11 |4257 |4263k|  2 |  18 |   0 |-2.781093e+09 | 9.905380e+02 |    Inf |   1.21%
  910s| 24900 |  9051 | 51281k|2059.6 |   690M |  67 | 603 |  11 |4273 |4279k|  2 |  18 |   0 |-2.781093e+09 | 9.905380e+02 |    Inf |   1.21%
  914s| 25000 |  9073 | 51514k|2060.7 |   690M |  67 | 603 |  11 |4286 |4292k|  2 |  18 |   0 |-2.781093e+09 | 9.905380e+02 |    Inf |   1.21%
  918s| 25100 |  9103 | 51706k|2060.1 |   692M |  67 | 603 |  11 |4950 |4310k|  2 |  18 |   0 |-2.781093e+09 | 9.905380e+02 |    Inf |   1.21%
  923s| 25200 |  9123 | 51970k|2062.4 |   695M |  67 | 603 |  11 |4369 |4323k|  0 |  18 |   0 |-2.781093e+09 | 9.905380e+02 |    Inf |   1.21%
  927s| 25300 |  9129 | 52178k|2062.5 |   695M |  67 | 603 |  11 |3923 |4338k|  3 |  18 |   0 |-2.781093e+09 | 9.905380e+02 |    Inf |   1.21%
 time | node  | left  |LP iter|LP it/n|mem/heur|mdpt |vars |cons |rows |cuts |sepa|confs|strbr|  dualbound   | primalbound  |  gap   | compl. 
  931s| 25400 |  9155 | 52382k|2062.4 |   696M |  67 | 603 |  11 |4725 |4353k|  1 |  18 |   0 |-2.781093e+09 | 9.905380e+02 |    Inf |   1.21%
  935s| 25500 |  9173 | 52589k|2062.4 |   697M |  67 | 603 |  11 |4683 |4371k|  2 |  18 |   0 |-2.781093e+09 | 9.905380e+02 |    Inf |   1.21%
  939s| 25600 |  9187 | 52804k|2062.7 |   700M |  67 | 603 |  11 |4587 |4389k|  0 |  18 |   0 |-2.781093e+09 | 9.905380e+02 |    Inf |   1.21%
  943s| 25700 |  9187 | 52982k|2061.6 |   700M |  67 | 603 |  11 |4234 |4405k|  2 |  18 |   0 |-2.781093e+09 | 9.905380e+02 |    Inf |   1.21%
  947s| 25800 |  9223 | 53202k|2062.2 |   701M |  67 | 603 |  11 |3994 |4421k|  2 |  18 |   0 |-2.781093e+09 | 9.905380e+02 |    Inf |   1.21%
  951s| 25900 |  9251 | 53408k|2062.2 |   702M |  67 | 603 |  11 |4468 |4439k|  1 |  18 |   0 |-2.781093e+09 | 9.905380e+02 |    Inf |   1.21%
  955s| 26000 |  9267 | 53618k|2062.3 |   704M |  67 | 603 |  11 |4619 |4455k|  1 |  18 |   0 |-2.781093e+09 | 9.905380e+02 |    Inf |   1.21%
  959s| 26100 |  9317 | 53884k|2064.6 |   706M |  67 | 603 |  11 |4141 |4474k|  2 |  18 |   0 |-2.781093e+09 | 9.905380e+02 |    Inf |   1.21%
  964s| 26200 |  9347 | 54116k|2065.6 |   708M |  67 | 603 |  11 |   0 |4494k|  0 |  18 |   0 |-2.781093e+09 | 9.905380e+02 |    Inf |   1.21%
  968s| 26300 |  9357 | 54335k|2066.1 |   710M |  67 | 603 |  11 |   0 |4510k|  0 |  18 |   0 |-2.781093e+09 | 9.905380e+02 |    Inf |   1.21%
  972s| 26400 |  9377 | 54555k|2066.6 |   712M |  67 | 603 |  10 |4701 |4524k|  2 |  18 |   0 |-2.781093e+09 | 9.905380e+02 |    Inf |   1.21%
  976s| 26500 |  9385 | 54775k|2067.1 |   712M |  67 | 603 |  10 |5230 |4543k|  3 |  18 |   0 |-2.781093e+09 | 9.905380e+02 |    Inf |   1.21%
  980s| 26600 |  9405 | 54972k|2066.7 |   714M |  67 | 603 |  10 |4517 |4559k|  2 |  18 |   0 |-2.781093e+09 | 9.905380e+02 |    Inf |   1.21%
  985s| 26700 |  9407 | 55199k|2067.5 |   715M |  67 | 603 |  10 |4753 |4575k|  2 |  18 |   0 |-2.781093e+09 | 9.905380e+02 |    Inf |   1.21%
  989s| 26800 |  9441 | 55420k|2068.0 |   717M |  67 | 603 |  10 |4881 |4591k|  2 |  18 |   0 |-2.781093e+09 | 9.905380e+02 |    Inf |   1.21%
 time | node  | left  |LP iter|LP it/n|mem/heur|mdpt |vars |cons |rows |cuts |sepa|confs|strbr|  dualbound   | primalbound  |  gap   | compl. 
  993s| 26900 |  9459 | 55609k|2067.3 |   720M |  67 | 603 |  10 |4786 |4609k|  3 |  18 |   0 |-2.781093e+09 | 9.905380e+02 |    Inf |   1.21%
  997s| 27000 |  9463 | 55809k|2067.1 |   721M |  67 | 603 |  10 |4375 |4624k|  2 |  18 |   0 |-2.781093e+09 | 9.905380e+02 |    Inf |   1.21%
 1001s| 27100 |  9465 | 56009k|2066.8 |   722M |  67 | 603 |  10 |5247 |4637k|  2 |  19 |   0 |-2.781093e+09 | 9.905380e+02 |    Inf |   1.21%
 1005s| 27200 |  9485 | 56213k|2066.7 |   727M |  67 | 603 |  10 |   0 |4649k|  0 |  19 |   0 |-2.781093e+09 | 9.905380e+02 |    Inf |   1.21%
 1009s| 27300 |  9507 | 56423k|2066.9 |   727M |  67 | 603 |  10 |5225 |4666k|  2 |  19 |   0 |-2.781093e+09 | 9.905380e+02 |    Inf |   1.21%
 1013s| 27400 |  9549 | 56654k|2067.8 |   732M |  67 | 603 |  10 |4616 |4681k|  2 |  19 |   0 |-2.781093e+09 | 9.905380e+02 |    Inf |   1.21%
 1017s| 27500 |  9561 | 56848k|2067.3 |   733M |  67 | 603 |  10 |   0 |4695k|  0 |  19 |   0 |-2.781093e+09 | 9.905380e+02 |    Inf |   1.21%
 1021s| 27600 |  9579 | 57069k|2067.8 |   735M |  67 | 603 |  10 |   0 |4712k|  0 |  19 |   0 |-2.781093e+09 | 9.905380e+02 |    Inf |   1.21%
 1025s| 27700 |  9599 | 57272k|2067.7 |   735M |  67 | 603 |  10 |4565 |4733k|  2 |  19 |   0 |-2.781093e+09 | 9.905380e+02 |    Inf |   1.21%
 1029s| 27800 |  9605 | 57475k|2067.5 |   737M |  67 | 603 |  10 |   0 |4753k|  0 |  19 |   0 |-2.781093e+09 | 9.905380e+02 |    Inf |   1.21%
 1033s| 27900 |  9619 | 57689k|2067.8 |   737M |  67 | 603 |  10 |4523 |4771k|  2 |  19 |   0 |-2.781093e+09 | 9.905380e+02 |    Inf |   1.21%
 1036s| 28000 |  9641 | 57879k|2067.2 |   738M |  67 | 603 |  10 |4061 |4788k|  2 |  19 |   0 |-2.781093e+09 | 9.905380e+02 |    Inf |   1.21%
 1040s| 28100 |  9649 | 58062k|2066.4 |   740M |  67 | 603 |  10 |4076 |4808k|  2 |  19 |   0 |-2.781093e+09 | 9.905380e+02 |    Inf |   1.21%
 1043s| 28200 |  9665 | 58235k|2065.2 |   743M |  67 | 603 |  10 |   0 |4822k|  0 |  19 |   0 |-2.781093e+09 | 9.905380e+02 |    Inf |   1.21%
 1047s| 28300 |  9673 | 58441k|2065.1 |   743M |  67 | 603 |  10 |4389 |4842k|  7 |  19 |   0 |-2.781093e+09 | 9.905380e+02 |    Inf |   1.21%
 time | node  | left  |LP iter|LP it/n|mem/heur|mdpt |vars |cons |rows |cuts |sepa|confs|strbr|  dualbound   | primalbound  |  gap   | compl. 
 1051s| 28400 |  9681 | 58662k|2065.6 |   745M |  67 | 603 |  10 |4402 |4857k|  3 |  19 |   0 |-2.781093e+09 | 9.905380e+02 |    Inf |   1.21%
 1056s| 28500 |  9699 | 58894k|2066.6 |   747M |  67 | 603 |  10 |   0 |4878k|  0 |  19 |   0 |-2.781093e+09 | 9.905380e+02 |    Inf |   1.21%
 1059s| 28600 |  9729 | 59087k|2066.1 |   749M |  67 | 603 |  10 |   0 |4895k|  0 |  19 |   0 |-2.781093e+09 | 9.905380e+02 |    Inf |   1.21%
 1064s| 28700 |  9755 | 59331k|2067.3 |   749M |  67 | 603 |  10 |4537 |4912k|  2 |  19 |   0 |-2.781093e+09 | 9.905380e+02 |    Inf |   1.21%
 1067s| 28800 |  9779 | 59524k|2066.9 |   752M |  67 | 603 |  10 |   0 |4927k|  0 |  19 |   0 |-2.781093e+09 | 9.905380e+02 |    Inf |   1.21%
 1071s| 28900 |  9803 | 59750k|2067.6 |   754M |  67 | 603 |  10 |4150 |4944k|  2 |  19 |   0 |-2.781093e+09 | 9.905380e+02 |    Inf |   1.21%
 1075s| 29000 |  9815 | 59946k|2067.2 |   754M |  67 | 603 |  10 |5064 |4962k|  1 |  19 |   0 |-2.781093e+09 | 9.905380e+02 |    Inf |   1.21%
 1079s| 29100 |  9829 | 60129k|2066.4 |   757M |  67 | 603 |  10 |4927 |4977k|  2 |  19 |   0 |-2.781093e+09 | 9.905380e+02 |    Inf |   1.21%
 1083s| 29200 |  9853 | 60341k|2066.5 |   752M |  67 | 603 |  10 |4544 |4993k|  2 |  19 |   0 |-2.781093e+09 | 9.905380e+02 |    Inf |   1.21%
 1087s| 29300 |  9859 | 60564k|2067.1 |   754M |  67 | 603 |  10 |   0 |5010k|  0 |  19 |   0 |-2.781093e+09 | 9.905380e+02 |    Inf |   1.21%
 1091s| 29400 |  9901 | 60814k|2068.6 |   755M |  67 | 603 |  10 |4686 |5026k|  2 |  19 |   0 |-2.781093e+09 | 9.905380e+02 |    Inf |   1.21%
 1095s| 29500 |  9933 | 61077k|2070.5 |   758M |  67 | 603 |  10 |3982 |5043k|  2 |  19 |   0 |-2.781093e+09 | 9.905380e+02 |    Inf |   1.21%
 1099s| 29600 |  9967 | 61314k|2071.5 |   762M |  67 | 603 |  10 |4393 |5065k|  2 |  19 |   0 |-2.781093e+09 | 9.905380e+02 |    Inf |   1.21%
 1103s| 29700 | 10015 | 61544k|2072.3 |   764M |  67 | 603 |  10 |4054 |5085k|  2 |  19 |   0 |-2.781093e+09 | 9.905380e+02 |    Inf |   1.21%
 1107s| 29800 | 10039 | 61764k|2072.7 |   767M |  67 | 603 |  10 |3987 |5099k|  2 |  19 |   0 |-2.781093e+09 | 9.905380e+02 |    Inf |   1.21%
 time | node  | left  |LP iter|LP it/n|mem/heur|mdpt |vars |cons |rows |cuts |sepa|confs|strbr|  dualbound   | primalbound  |  gap   | compl. 
 1111s| 29900 | 10073 | 62006k|2073.9 |   769M |  67 | 603 |  11 |4993 |5115k|  2 |  20 |   0 |-2.781093e+09 | 9.905380e+02 |    Inf |   1.21%
 1116s| 30000 | 10107 | 62231k|2074.4 |   770M |  67 | 603 |  11 |5128 |5132k|  2 |  20 |   0 |-2.781093e+09 | 9.905380e+02 |    Inf |   1.21%
 1119s| 30100 | 10121 | 62393k|2072.9 |   771M |  67 | 603 |  11 |4671 |5151k|  1 |  20 |   0 |-2.781093e+09 | 9.905380e+02 |    Inf |   1.21%
 1123s| 30200 | 10137 | 62619k|2073.6 |   773M |  67 | 603 |  11 |4929 |5165k|  2 |  20 |   0 |-2.781093e+09 | 9.905380e+02 |    Inf |   1.21%
 1127s| 30300 | 10145 | 62828k|2073.6 |   773M |  67 | 603 |  11 |4780 |5182k|  2 |  20 |   0 |-2.781093e+09 | 9.905380e+02 |    Inf |   1.21%
 1131s| 30400 | 10141 | 63039k|2073.7 |   773M |  67 | 603 |  11 |4485 |5198k|  2 |  20 |   0 |-2.781093e+09 | 9.905380e+02 |    Inf |   1.21%
 1136s| 30500 | 10167 | 63278k|2074.8 |   776M |  67 | 603 |  11 |4463 |5215k|  2 |  20 |   0 |-2.781093e+09 | 9.905380e+02 |    Inf |   1.21%
 1140s| 30600 | 10183 | 63557k|2077.1 |   776M |  67 | 603 |  11 |   0 |5229k|  0 |  20 |   0 |-2.781093e+09 | 9.905380e+02 |    Inf |   1.21%
 1145s| 30700 | 10205 | 63807k|2078.5 |   778M |  67 | 603 |  11 |5225 |5243k|  2 |  20 |   0 |-2.781093e+09 | 9.905380e+02 |    Inf |   1.21%
 1149s| 30800 | 10227 | 64003k|2078.1 |   780M |  67 | 603 |  11 |4748 |5260k|  1 |  20 |   0 |-2.781093e+09 | 9.905380e+02 |    Inf |   1.21%
 1152s| 30900 | 10237 | 64191k|2077.4 |   780M |  67 | 603 |  11 |4583 |5275k|  2 |  20 |   0 |-2.781093e+09 | 9.905380e+02 |    Inf |   1.21%
 1156s| 31000 | 10255 | 64410k|2077.8 |   781M |  67 | 603 |  11 |4569 |5295k|  2 |  20 |   0 |-2.781093e+09 | 9.905380e+02 |    Inf |   1.21%
 1161s| 31100 | 10267 | 64624k|2078.0 |   782M |  67 | 603 |  11 |   0 |5309k|  0 |  20 |   0 |-2.781093e+09 | 9.905380e+02 |    Inf |   1.21%
 1165s| 31200 | 10285 | 64837k|2078.2 |   785M |  67 | 603 |  11 |4500 |5325k|  0 |  20 |   0 |-2.781093e+09 | 9.905380e+02 |    Inf |   1.21%
 1168s| 31300 | 10289 | 65023k|2077.5 |   785M |  67 | 603 |  11 |4010 |5341k|  2 |  20 |   0 |-2.781093e+09 | 9.905380e+02 |    Inf |   1.21%
 time | node  | left  |LP iter|LP it/n|mem/heur|mdpt |vars |cons |rows |cuts |sepa|confs|strbr|  dualbound   | primalbound  |  gap   | compl. 
 1172s| 31400 | 10303 | 65227k|2077.4 |   786M |  67 | 603 |  11 |3974 |5358k|  2 |  20 |   0 |-2.781093e+09 | 9.905380e+02 |    Inf |   1.21%
 1177s| 31500 | 10325 | 65452k|2077.9 |   788M |  67 | 603 |  11 |4646 |5374k|  0 |  20 |   0 |-2.781093e+09 | 9.905380e+02 |    Inf |   1.21%
 1181s| 31600 | 10375 | 65731k|2080.2 |   790M |  67 | 603 |  11 |4105 |5392k|  2 |  20 |   0 |-2.781093e+09 | 9.905380e+02 |    Inf |   1.21%
 1184s| 31700 | 10399 | 65943k|2080.3 |   792M |  67 | 603 |  11 |4260 |5403k|  2 |  20 |   0 |-2.781093e+09 | 9.905380e+02 |    Inf |   1.21%
 1189s| 31800 | 10431 | 66194k|2081.7 |   794M |  67 | 603 |  11 |   0 |5417k|  0 |  20 |   0 |-2.781093e+09 | 9.905380e+02 |    Inf |   1.21%
 1193s| 31900 | 10463 | 66417k|2082.1 |   796M |  67 | 603 |  11 |4658 |5433k|  2 |  20 |   0 |-2.781093e+09 | 9.905380e+02 |    Inf |   1.21%
 1197s| 32000 | 10475 | 66621k|2082.0 |   797M |  67 | 603 |  11 |5250 |5452k|  2 |  20 |   0 |-2.781093e+09 | 9.905380e+02 |    Inf |   1.21%
 1201s| 32100 | 10499 | 66827k|2081.9 |   799M |  67 | 603 |  11 |4462 |5469k|  2 |  20 |   0 |-2.781093e+09 | 9.905380e+02 |    Inf |   1.21%
 1205s| 32200 | 10511 | 67033k|2081.8 |   801M |  67 | 603 |  11 |5795 |5481k|  2 |  20 |   0 |-2.781093e+09 | 9.905380e+02 |    Inf |   1.21%
 1209s| 32300 | 10541 | 67240k|2081.8 |   803M |  67 | 603 |  11 |4595 |5499k|  2 |  20 |   0 |-2.781093e+09 | 9.905380e+02 |    Inf |   1.21%
 1212s| 32400 | 10577 | 67453k|2082.0 |   804M |  67 | 603 |  11 |4630 |5517k|  2 |  20 |   0 |-2.781093e+09 | 9.905380e+02 |    Inf |   1.21%
 1217s| 32500 | 10601 | 67691k|2082.9 |   805M |  67 | 603 |  11 |4858 |5531k|  2 |  20 |   0 |-2.781093e+09 | 9.905380e+02 |    Inf |   1.21%
 1220s| 32600 | 10617 | 67889k|2082.6 |   807M |  67 | 603 |  11 |4481 |5550k|  2 |  20 |   0 |-2.781093e+09 | 9.905380e+02 |    Inf |   1.21%
 1224s| 32700 | 10621 | 68045k|2081.0 |   808M |  67 | 603 |  11 |4568 |5566k|  2 |  20 |   0 |-2.781093e+09 | 9.905380e+02 |    Inf |   1.21%
 1228s| 32800 | 10629 | 68265k|2081.3 |   808M |  67 | 603 |  11 |4794 |5582k|  1 |  20 |   0 |-2.781093e+09 | 9.905380e+02 |    Inf |   1.21%
 time | node  | left  |LP iter|LP it/n|mem/heur|mdpt |vars |cons |rows |cuts |sepa|confs|strbr|  dualbound   | primalbound  |  gap   | compl. 
 1231s| 32900 | 10639 | 68449k|2080.6 |   810M |  67 | 603 |  11 |4613 |5597k|  5 |  20 |   0 |-2.781093e+09 | 9.905380e+02 |    Inf |   1.21%
 1235s| 33000 | 10643 | 68637k|2080.0 |   810M |  67 | 603 |  11 |   0 |5613k|  0 |  20 |   0 |-2.781093e+09 | 9.905380e+02 |    Inf |   1.21%
 1239s| 33100 | 10673 | 68849k|2080.1 |   813M |  67 | 603 |  11 |4602 |5630k|  1 |  20 |   0 |-2.781093e+09 | 9.905380e+02 |    Inf |   1.21%
 1243s| 33200 | 10705 | 69074k|2080.6 |   814M |  67 | 603 |  11 |   0 |5648k|  0 |  20 |   0 |-2.781093e+09 | 9.905380e+02 |    Inf |   1.21%
 1247s| 33300 | 10717 | 69269k|2080.2 |   815M |  67 | 603 |  11 |4417 |5668k|  2 |  20 |   0 |-2.781093e+09 | 9.905380e+02 |    Inf |   1.21%
 1251s| 33400 | 10725 | 69477k|2080.2 |   816M |  67 | 603 |  11 |4059 |5685k|  2 |  20 |   0 |-2.781093e+09 | 9.905380e+02 |    Inf |   1.21%
 1255s| 33500 | 10737 | 69686k|2080.3 |   818M |  67 | 603 |  11 |5466 |5702k|  2 |  20 |   0 |-2.781093e+09 | 9.905380e+02 |    Inf |   1.21%
 1259s| 33600 | 10755 | 69900k|2080.4 |   820M |  67 | 603 |  11 |4371 |5720k|  2 |  20 |   0 |-2.781093e+09 | 9.905380e+02 |    Inf |   1.21%
 1263s| 33700 | 10759 | 70100k|2080.2 |   820M |  67 | 603 |  11 |4262 |5738k|  2 |  20 |   0 |-2.781093e+09 | 9.905380e+02 |    Inf |   1.21%
 1267s| 33800 | 10777 | 70317k|2080.4 |   821M |  67 | 603 |  11 |   0 |5757k|  0 |  20 |   0 |-2.781093e+09 | 9.905380e+02 |    Inf |   1.21%
 1272s| 33900 | 10791 | 70559k|2081.4 |   823M |  67 | 603 |  11 |   0 |5774k|  0 |  20 |   0 |-2.781093e+09 | 9.905380e+02 |    Inf |   1.21%
 1276s| 34000 | 10795 | 70768k|2081.5 |   824M |  67 | 603 |  11 |4484 |5789k|  2 |  20 |   0 |-2.781093e+09 | 9.905380e+02 |    Inf |   1.21%
 1280s| 34100 | 10817 | 71001k|2082.2 |   826M |  67 | 603 |  11 |4583 |5808k|  1 |  20 |   0 |-2.781093e+09 | 9.905380e+02 |    Inf |   1.21%
 1284s| 34200 | 10833 | 71183k|2081.4 |   826M |  67 | 603 |  11 |4115 |5823k|  2 |  20 |   0 |-2.781093e+09 | 9.905380e+02 |    Inf |   1.21%
 1287s| 34300 | 10843 | 71358k|2080.5 |   829M |  67 | 603 |  11 |4518 |5841k|  2 |  20 |   0 |-2.781093e+09 | 9.905380e+02 |    Inf |   1.21%
 time | node  | left  |LP iter|LP it/n|mem/heur|mdpt |vars |cons |rows |cuts |sepa|confs|strbr|  dualbound   | primalbound  |  gap   | compl. 
 1291s| 34400 | 10885 | 71578k|2080.8 |   831M |  67 | 603 |  11 |   0 |5857k|  0 |  20 |   0 |-2.781093e+09 | 9.905380e+02 |    Inf |   1.21%
 1295s| 34500 | 10905 | 71829k|2082.1 |   832M |  67 | 603 |  11 |4629 |5867k|  2 |  20 |   0 |-2.781093e+09 | 9.905380e+02 |    Inf |   1.21%
 1300s| 34600 | 10945 | 72080k|2083.3 |   836M |  67 | 603 |  11 |4958 |5884k|  3 |  20 |   0 |-2.781093e+09 | 9.905380e+02 |    Inf |   1.21%
 1304s| 34700 | 10979 | 72309k|2083.9 |   838M |  67 | 603 |  11 |5043 |5902k|  2 |  20 |   0 |-2.781093e+09 | 9.905380e+02 |    Inf |   1.21%
 1308s| 34800 | 10983 | 72504k|2083.5 |   839M |  67 | 603 |  11 |3970 |5920k|  3 |  20 |   0 |-2.781093e+09 | 9.905380e+02 |    Inf |   1.21%
 1313s| 34900 | 11029 | 72745k|2084.4 |   844M |  67 | 603 |  11 |4571 |5941k|  2 |  20 |   0 |-2.781093e+09 | 9.905380e+02 |    Inf |   1.21%
 1317s| 35000 | 11065 | 72984k|2085.3 |   845M |  67 | 603 |  11 |4654 |5961k|  2 |  20 |   0 |-2.781093e+09 | 9.905380e+02 |    Inf |   1.21%
 1321s| 35100 | 11093 | 73211k|2085.8 |   847M |  67 | 603 |  11 |   0 |5975k|  0 |  20 |   0 |-2.781093e+09 | 9.905380e+02 |    Inf |   1.21%
 1324s| 35200 | 11119 | 73406k|2085.5 |   851M |  67 | 603 |  11 |5401 |5987k|  1 |  20 |   0 |-2.781093e+09 | 9.905380e+02 |    Inf |   1.21%
 1328s| 35300 | 11141 | 73612k|2085.4 |   854M |  67 | 603 |  11 |4646 |6005k|  3 |  20 |   0 |-2.781093e+09 | 9.905380e+02 |    Inf |   1.21%
 1332s| 35400 | 11153 | 73789k|2084.5 |   857M |  67 | 603 |  11 |4497 |6023k|  2 |  21 |   0 |-2.781093e+09 | 9.905380e+02 |    Inf |   1.21%
 1337s| 35500 | 11167 | 74017k|2085.1 |   858M |  67 | 603 |  11 |   0 |6036k|  0 |  21 |   0 |-2.781093e+09 | 9.905380e+02 |    Inf |   1.21%
 1341s| 35600 | 11179 | 74249k|2085.7 |   861M |  67 | 603 |  10 |5088 |6053k|  2 |  21 |   0 |-2.781093e+09 | 9.905380e+02 |    Inf |   1.21%
 1346s| 35700 | 11199 | 74487k|2086.5 |   864M |  67 | 603 |  10 |4570 |6070k|  2 |  21 |   0 |-2.781093e+09 | 9.905380e+02 |    Inf |   1.21%
 1351s| 35800 | 11211 | 74733k|2087.6 |   865M |  67 | 603 |  10 |   0 |6085k|  0 |  21 |   0 |-2.781093e+09 | 9.905380e+02 |    Inf |   1.21%
 time | node  | left  |LP iter|LP it/n|mem/heur|mdpt |vars |cons |rows |cuts |sepa|confs|strbr|  dualbound   | primalbound  |  gap   | compl. 
 1355s| 35900 | 11217 | 74936k|2087.4 |   868M |  67 | 603 |  10 |4849 |6104k|  3 |  21 |   0 |-2.781093e+09 | 9.905380e+02 |    Inf |   1.21%
 1359s| 36000 | 11229 | 75128k|2087.0 |   869M |  67 | 603 |  10 |4688 |6124k|  2 |  21 |   0 |-2.781093e+09 | 9.905380e+02 |    Inf |   1.21%
 1363s| 36100 | 11249 | 75341k|2087.1 |   870M |  67 | 603 |  10 |3971 |6141k|  1 |  21 |   0 |-2.781093e+09 | 9.905380e+02 |    Inf |   1.21%
 1367s| 36200 | 11255 | 75543k|2086.9 |   872M |  67 | 603 |  10 |4678 |6158k|  4 |  21 |   0 |-2.781093e+09 | 9.905380e+02 |    Inf |   1.21%
 1372s| 36300 | 11291 | 75764k|2087.2 |   874M |  67 | 603 |  10 |4218 |6178k|  3 |  21 |   0 |-2.781093e+09 | 9.905380e+02 |    Inf |   1.21%
 1375s| 36400 | 11315 | 75968k|2087.1 |   877M |  67 | 603 |  10 |   0 |6195k|  0 |  21 |   0 |-2.781093e+09 | 9.905380e+02 |    Inf |   1.21%
 1379s| 36500 | 11349 | 76194k|2087.6 |   878M |  67 | 603 |  10 |4641 |6207k|  2 |  21 |   0 |-2.781093e+09 | 9.905380e+02 |    Inf |   1.21%
 1384s| 36600 | 11351 | 76399k|2087.5 |   880M |  67 | 603 |  10 |   0 |6222k|  0 |  21 |   0 |-2.781093e+09 | 9.905380e+02 |    Inf |   1.21%
 1388s| 36700 | 11377 | 76620k|2087.8 |   881M |  67 | 603 |  10 |4184 |6238k|  2 |  21 |   0 |-2.781093e+09 | 9.905380e+02 |    Inf |   1.21%
 1392s| 36800 | 11425 | 76886k|2089.4 |   884M |  67 | 603 |  10 |4936 |6253k|  3 |  21 |   0 |-2.781093e+09 | 9.905380e+02 |    Inf |   1.21%
 1396s| 36900 | 11451 | 77085k|2089.1 |   887M |  67 | 603 |  10 |4407 |6271k|  1 |  21 |   0 |-2.781093e+09 | 9.905380e+02 |    Inf |   1.21%
 1401s| 37000 | 11457 | 77295k|2089.1 |   887M |  67 | 603 |  10 |4342 |6286k|  1 |  21 |   0 |-2.781093e+09 | 9.905380e+02 |    Inf |   1.21%
 1404s| 37100 | 11463 | 77486k|2088.6 |   891M |  71 | 603 |  10 |   0 |6298k|  0 |  21 |   0 |-2.781093e+09 | 9.905380e+02 |    Inf |   1.21%
 1409s| 37200 | 11485 | 77743k|2089.9 |   893M |  71 | 603 |  10 |   0 |6309k|  0 |  21 |   0 |-2.781093e+09 | 9.905380e+02 |    Inf |   1.21%
 1413s| 37300 | 11501 | 77967k|2090.3 |   895M |  71 | 603 |  10 |4823 |6322k|  2 |  21 |   0 |-2.781093e+09 | 9.905380e+02 |    Inf |   1.21%
 time | node  | left  |LP iter|LP it/n|mem/heur|mdpt |vars |cons |rows |cuts |sepa|confs|strbr|  dualbound   | primalbound  |  gap   | compl. 
 1417s| 37400 | 11513 | 78173k|2090.3 |   898M |  71 | 603 |  10 |4477 |6334k|  4 |  21 |   0 |-2.781093e+09 | 9.905380e+02 |    Inf |   1.21%
 1421s| 37500 | 11531 | 78392k|2090.5 |   890M |  71 | 603 |  10 |   0 |6350k|  0 |  21 |   0 |-2.781093e+09 | 9.905380e+02 |    Inf |   1.21%
 1426s| 37600 | 11553 | 78625k|2091.1 |   893M |  71 | 603 |  10 |5207 |6363k|  0 |  21 |   0 |-2.781093e+09 | 9.905380e+02 |    Inf |   1.21%
 1430s| 37700 | 11571 | 78835k|2091.2 |   895M |  71 | 603 |  10 |4879 |6378k|  1 |  21 |   0 |-2.781093e+09 | 9.905380e+02 |    Inf |   1.21%
 1434s| 37800 | 11611 | 79071k|2091.9 |   899M |  71 | 603 |  10 |4340 |6395k|  2 |  21 |   0 |-2.781093e+09 | 9.905380e+02 |    Inf |   1.21%
 1438s| 37900 | 11629 | 79273k|2091.7 |   899M |  71 | 603 |  10 |4322 |6413k|  2 |  21 |   0 |-2.781093e+09 | 9.905380e+02 |    Inf |   1.21%
 1443s| 38000 | 11671 | 79537k|2093.1 |   902M |  71 | 603 |  10 |4473 |6433k|  2 |  21 |   0 |-2.781093e+09 | 9.905380e+02 |    Inf |   1.21%
 1447s| 38100 | 11695 | 79771k|2093.8 |   904M |  71 | 603 |  10 |4848 |6452k|  2 |  21 |   0 |-2.781093e+09 | 9.905380e+02 |    Inf |   1.21%
 1451s| 38200 | 11715 | 79969k|2093.5 |   906M |  71 | 603 |  10 |   0 |6467k|  0 |  21 |   0 |-2.781093e+09 | 9.905380e+02 |    Inf |   1.21%
 1456s| 38300 | 11733 | 80198k|2094.0 |   908M |  71 | 603 |  10 |   0 |6484k|  0 |  22 |   0 |-2.781093e+09 | 9.905380e+02 |    Inf |   1.21%
 1460s| 38400 | 11735 | 80398k|2093.8 |   909M |  71 | 603 |  10 |4715 |6497k|  2 |  22 |   0 |-2.781093e+09 | 9.905380e+02 |    Inf |   1.21%
 1464s| 38500 | 11743 | 80615k|2094.0 |   911M |  71 | 603 |  10 |4569 |6511k|  2 |  22 |   0 |-2.781093e+09 | 9.905380e+02 |    Inf |   1.21%
 1469s| 38600 | 11747 | 80838k|2094.3 |   912M |  71 | 603 |  10 |4981 |6527k|  2 |  22 |   0 |-2.781093e+09 | 9.905380e+02 |    Inf |   1.21%
 1472s| 38700 | 11747 | 81022k|2093.7 |   913M |  71 | 603 |  10 |4553 |6543k|  1 |  22 |   0 |-2.781093e+09 | 9.905380e+02 |    Inf |   1.21%
 1476s| 38800 | 11757 | 81208k|2093.1 |   914M |  71 | 603 |  10 |   0 |6558k|  0 |  22 |   0 |-2.781093e+09 | 9.905380e+02 |    Inf |   1.21%
 time | node  | left  |LP iter|LP it/n|mem/heur|mdpt |vars |cons |rows |cuts |sepa|confs|strbr|  dualbound   | primalbound  |  gap   | compl. 
 1480s| 38900 | 11795 | 81405k|2092.7 |   915M |  71 | 603 |  10 |5118 |6575k|  7 |  22 |   0 |-2.781093e+09 | 9.905380e+02 |    Inf |   1.21%
 1485s| 39000 | 11813 | 81632k|2093.2 |   916M |  71 | 603 |  10 |4532 |6591k|  2 |  22 |   0 |-2.781093e+09 | 9.905380e+02 |    Inf |   1.21%
 1489s| 39100 | 11831 | 81860k|2093.7 |   918M |  71 | 603 |  10 |4639 |6606k|  2 |  22 |   0 |-2.781093e+09 | 9.905380e+02 |    Inf |   1.21%
 1492s| 39200 | 11839 | 82017k|2092.3 |   920M |  71 | 603 |  10 |4844 |6625k|  2 |  23 |   0 |-2.781093e+09 | 9.905380e+02 |    Inf |   1.21%
 1496s| 39300 | 11867 | 82193k|2091.5 |   920M |  71 | 603 |  10 |3716 |6644k|  2 |  23 |   0 |-2.781093e+09 | 9.905380e+02 |    Inf |   1.21%
 1500s| 39400 | 11887 | 82413k|2091.8 |   923M |  71 | 603 |  10 |4449 |6660k|  1 |  23 |   0 |-2.781093e+09 | 9.905380e+02 |    Inf |   1.21%
 1504s| 39500 | 11895 | 82633k|2092.0 |   924M |  71 | 603 |  10 |4651 |6676k|  1 |  23 |   0 |-2.781093e+09 | 9.905380e+02 |    Inf |   1.21%
 1508s| 39600 | 11901 | 82829k|2091.7 |   926M |  71 | 603 |  10 |   0 |6689k|  0 |  23 |   0 |-2.781093e+09 | 9.905380e+02 |    Inf |   1.21%
 1511s| 39700 | 11943 | 83048k|2092.0 |   928M |  71 | 603 |   9 |4037 |6702k|  2 |  23 |   0 |-2.781093e+09 | 9.905380e+02 |    Inf |   1.21%
 1515s| 39800 | 11983 | 83298k|2093.0 |   930M |  71 | 603 |   9 |4359 |6717k|  2 |  23 |   0 |-2.781093e+09 | 9.905380e+02 |    Inf |   1.21%
 1520s| 39900 | 12003 | 83508k|2093.0 |   931M |  71 | 603 |   9 |4474 |6735k|  1 |  23 |   0 |-2.781093e+09 | 9.905380e+02 |    Inf |   1.21%
 1523s| 40000 | 12057 | 83752k|2093.9 |   933M |  71 | 603 |   9 |4567 |6752k|  2 |  23 |   0 |-2.781093e+09 | 9.905380e+02 |    Inf |   1.21%
 1528s| 40100 | 12093 | 83998k|2094.8 |   935M |  71 | 603 |   9 |5333 |6767k|  2 |  23 |   0 |-2.781093e+09 | 9.905380e+02 |    Inf |   1.21%
 1533s| 40200 | 12127 | 84258k|2096.0 |   937M |  71 | 603 |   9 |5106 |6783k|  0 |  23 |   0 |-2.781093e+09 | 9.905380e+02 |    Inf |   1.21%
 1537s| 40300 | 12157 | 84501k|2096.9 |   939M |  71 | 603 |  11 |4370 |6797k|  2 |  25 |   0 |-2.781093e+09 | 9.905380e+02 |    Inf |   1.21%
 time | node  | left  |LP iter|LP it/n|mem/heur|mdpt |vars |cons |rows |cuts |sepa|confs|strbr|  dualbound   | primalbound  |  gap   | compl. 
 1540s| 40400 | 12193 | 84696k|2096.5 |   941M |  71 | 603 |  11 |   0 |6814k|  0 |  25 |   0 |-2.781093e+09 | 9.905380e+02 |    Inf |   1.21%
 1544s| 40500 | 12221 | 84904k|2096.5 |   943M |  71 | 603 |  11 |5165 |6826k|  1 |  25 |   0 |-2.781093e+09 | 9.905380e+02 |    Inf |   1.21%
 1547s| 40600 | 12265 | 85109k|2096.3 |   945M |  71 | 603 |  11 |4776 |6841k|  2 |  25 |   0 |-2.781093e+09 | 9.905380e+02 |    Inf |   1.21%
 1551s| 40700 | 12291 | 85331k|2096.6 |   948M |  71 | 603 |  11 |5488 |6857k|  3 |  25 |   0 |-2.781093e+09 | 9.905380e+02 |    Inf |   1.21%
 1555s| 40800 | 12299 | 85521k|2096.2 |   948M |  71 | 603 |  11 |5148 |6870k|  2 |  25 |   0 |-2.781093e+09 | 9.905380e+02 |    Inf |   1.21%
 1559s| 40900 | 12311 | 85743k|2096.5 |   950M |  71 | 603 |  11 |5169 |6883k|  3 |  25 |   0 |-2.781093e+09 | 9.905380e+02 |    Inf |   1.21%
 1563s| 41000 | 12335 | 85948k|2096.3 |   952M |  71 | 603 |  11 |5134 |6898k|  1 |  25 |   0 |-2.781093e+09 | 9.905380e+02 |    Inf |   1.21%
 1567s| 41100 | 12341 | 86145k|2096.0 |   954M |  71 | 603 |  11 |5033 |6916k|  2 |  25 |   0 |-2.781093e+09 | 9.905380e+02 |    Inf |   1.21%
 1570s| 41200 | 12343 | 86348k|2095.9 |   955M |  71 | 603 |  11 |4061 |6932k|  3 |  25 |   0 |-2.781093e+09 | 9.905380e+02 |    Inf |   1.21%
 1575s| 41300 | 12359 | 86572k|2096.2 |   956M |  71 | 603 |  11 |4983 |6950k|  2 |  25 |   0 |-2.781093e+09 | 9.905380e+02 |    Inf |   1.21%
 1579s| 41400 | 12389 | 86780k|2096.2 |   957M |  71 | 603 |  11 |4945 |6969k|  2 |  25 |   0 |-2.781093e+09 | 9.905380e+02 |    Inf |   1.21%
 1583s| 41500 | 12399 | 86973k|2095.8 |   959M |  71 | 603 |  11 |4619 |6987k|  2 |  25 |   0 |-2.781093e+09 | 9.905380e+02 |    Inf |   1.21%
 1587s| 41600 | 12447 | 87199k|2096.2 |   961M |  71 | 603 |  11 |4049 |7006k|  2 |  25 |   0 |-2.781093e+09 | 9.905380e+02 |    Inf |   1.21%
 1591s| 41700 | 12473 | 87390k|2095.7 |   963M |  71 | 603 |  11 |4310 |7025k|  3 |  26 |   0 |-2.781093e+09 | 9.905380e+02 |    Inf |   1.21%
 1595s| 41800 | 12509 | 87628k|2096.4 |   965M |  71 | 603 |  11 |4094 |7044k|  3 |  26 |   0 |-2.781093e+09 | 9.905380e+02 |    Inf |   1.21%
 time | node  | left  |LP iter|LP it/n|mem/heur|mdpt |vars |cons |rows |cuts |sepa|confs|strbr|  dualbound   | primalbound  |  gap   | compl. 
 1599s| 41900 | 12531 | 87864k|2097.1 |   967M |  71 | 603 |  11 |4439 |7060k|  3 |  26 |   0 |-2.781093e+09 | 9.905380e+02 |    Inf |   1.21%
 1603s| 42000 | 12561 | 88075k|2097.1 |   970M |  71 | 603 |  11 |4398 |7074k|  2 |  26 |   0 |-2.781093e+09 | 9.905380e+02 |    Inf |   1.21%
 1607s| 42100 | 12585 | 88304k|2097.5 |   971M |  71 | 603 |  11 |4298 |7090k|  2 |  26 |   0 |-2.781093e+09 | 9.905380e+02 |    Inf |   1.21%
 1611s| 42200 | 12605 | 88524k|2097.8 |   972M |  71 | 603 |  11 |4849 |7110k|  1 |  26 |   0 |-2.781093e+09 | 9.905380e+02 |    Inf |   1.21%
 1615s| 42300 | 12631 | 88739k|2097.9 |   974M |  71 | 603 |  11 |4478 |7128k|  3 |  26 |   0 |-2.781093e+09 | 9.905380e+02 |    Inf |   1.21%
 1619s| 42400 | 12667 | 88931k|2097.5 |   976M |  71 | 603 |  11 |   0 |7145k|  0 |  26 |   0 |-2.781093e+09 | 9.905380e+02 |    Inf |   1.21%
 1622s| 42500 | 12695 | 89162k|2098.0 |   978M |  71 | 603 |  11 |3809 |7157k|  1 |  26 |   0 |-2.781093e+09 | 9.905380e+02 |    Inf |   1.21%
 1627s| 42600 | 12715 | 89373k|2098.0 |   981M |  71 | 603 |  11 |4696 |7176k|  2 |  26 |   0 |-2.781093e+09 | 9.905380e+02 |    Inf |   1.21%
 1631s| 42700 | 12741 | 89604k|2098.5 |   982M |  71 | 603 |  11 |   0 |7192k|  0 |  26 |   0 |-2.781093e+09 | 9.905380e+02 |    Inf |   1.21%
 1635s| 42800 | 12761 | 89825k|2098.8 |   984M |  71 | 603 |  11 |4561 |7207k|  3 |  26 |   0 |-2.781093e+09 | 9.905380e+02 |    Inf |   1.21%
 1639s| 42900 | 12779 | 90057k|2099.3 |   986M |  71 | 603 |  12 |4733 |7223k|  4 |  27 |   0 |-2.781093e+09 | 9.905380e+02 |    Inf |   1.21%
 1643s| 43000 | 12791 | 90265k|2099.2 |   988M |  71 | 603 |  12 |5267 |7244k|  2 |  27 |   0 |-2.781093e+09 | 9.905380e+02 |    Inf |   1.21%
 1648s| 43100 | 12801 | 90480k|2099.4 |   988M |  71 | 603 |  12 |   0 |7261k|  0 |  27 |   0 |-2.781093e+09 | 9.905380e+02 |    Inf |   1.21%
 1652s| 43200 | 12835 | 90730k|2100.3 |   990M |  71 | 603 |  12 |4459 |7276k|  0 |  27 |   0 |-2.781093e+09 | 9.905380e+02 |    Inf |   1.21%
 1656s| 43300 | 12871 | 90971k|2101.0 |   993M |  71 | 603 |  12 |   0 |7288k|  0 |  27 |   0 |-2.781093e+09 | 9.905380e+02 |    Inf |   1.21%
 time | node  | left  |LP iter|LP it/n|mem/heur|mdpt |vars |cons |rows |cuts |sepa|confs|strbr|  dualbound   | primalbound  |  gap   | compl. 
 1660s| 43400 | 12883 | 91161k|2100.5 |   995M |  71 | 603 |  12 |4720 |7305k|  2 |  27 |   0 |-2.781093e+09 | 9.905380e+02 |    Inf |   1.21%
 1665s| 43500 | 12913 | 91375k|2100.6 |   997M |  71 | 603 |  12 |5144 |7322k|  2 |  27 |   0 |-2.781093e+09 | 9.905380e+02 |    Inf |   1.21%
 1669s| 43600 | 12917 | 91551k|2099.8 |   999M |  71 | 603 |  12 |4485 |7339k|  1 |  27 |   0 |-2.781093e+09 | 9.905380e+02 |    Inf |   1.21%
 1673s| 43700 | 12929 | 91743k|2099.4 |  1002M |  71 | 603 |  12 |5006 |7358k|  2 |  27 |   0 |-2.781093e+09 | 9.905380e+02 |    Inf |   1.21%
 1676s| 43800 | 12929 | 91893k|2098.1 |  1003M |  71 | 603 |  12 |4571 |7370k|  0 |  27 |   0 |-2.781093e+09 | 9.905380e+02 |    Inf |   1.21%
 1679s| 43900 | 12951 | 92102k|2098.0 |  1004M |  71 | 603 |  12 |4490 |7384k|  2 |  27 |   0 |-2.781093e+09 | 9.905380e+02 |    Inf |   1.21%
 1683s| 44000 | 12983 | 92319k|2098.2 |  1006M |  71 | 603 |  12 |4637 |7396k|  2 |  27 |   0 |-2.781093e+09 | 9.905380e+02 |    Inf |   1.21%
 1687s| 44100 | 13009 | 92541k|2098.5 |  1010M |  71 | 603 |  12 |5372 |7413k|  2 |  27 |   0 |-2.781093e+09 | 9.905380e+02 |    Inf |   1.21%
 1692s| 44200 | 13025 | 92785k|2099.3 |  1011M |  71 | 603 |  12 |5025 |7430k|  2 |  27 |   0 |-2.781093e+09 | 9.905380e+02 |    Inf |   1.21%
 1695s| 44300 | 13061 | 92975k|2098.8 |  1014M |  71 | 603 |  12 |4024 |7447k|  1 |  27 |   0 |-2.781093e+09 | 9.905380e+02 |    Inf |   1.21%
 1699s| 44400 | 13103 | 93178k|2098.7 |  1019M |  71 | 603 |  12 |4327 |7467k|  2 |  27 |   0 |-2.781093e+09 | 9.905380e+02 |    Inf |   1.21%
 1702s| 44500 | 13111 | 93369k|2098.2 |  1020M |  71 | 603 |  12 |4384 |7485k|  2 |  27 |   0 |-2.781093e+09 | 9.905380e+02 |    Inf |   1.21%
 1707s| 44600 | 13127 | 93578k|2098.2 |  1022M |  71 | 603 |  12 |4222 |7503k|  2 |  27 |   0 |-2.781093e+09 | 9.905380e+02 |    Inf |   1.21%
 1710s| 44700 | 13149 | 93761k|2097.6 |  1027M |  71 | 603 |  12 |   0 |7518k|  0 |  27 |   0 |-2.781093e+09 | 9.905380e+02 |    Inf |   1.21%
 1715s| 44800 | 13155 | 93985k|2097.9 |  1027M |  71 | 603 |  12 |4462 |7534k|  2 |  27 |   0 |-2.781093e+09 | 9.905380e+02 |    Inf |   1.21%
 time | node  | left  |LP iter|LP it/n|mem/heur|mdpt |vars |cons |rows |cuts |sepa|confs|strbr|  dualbound   | primalbound  |  gap   | compl. 
 1718s| 44900 | 13173 | 94192k|2097.9 |  1028M |  71 | 603 |  12 |5088 |7549k|  2 |  27 |   0 |-2.781093e+09 | 9.905380e+02 |    Inf |   1.21%
 1723s| 45000 | 13191 | 94413k|2098.1 |  1030M |  71 | 603 |  12 |   0 |7561k|  0 |  27 |   0 |-2.781093e+09 | 9.905380e+02 |    Inf |   1.21%
 1727s| 45100 | 13205 | 94617k|2098.0 |  1033M |  71 | 603 |  12 |   0 |7578k|  0 |  27 |   0 |-2.781093e+09 | 9.905380e+02 |    Inf |   1.21%
 1730s| 45200 | 13221 | 94800k|2097.4 |  1035M |  71 | 603 |  12 |4186 |7590k|  0 |  27 |   0 |-2.781093e+09 | 9.905380e+02 |    Inf |   1.21%
 1734s| 45300 | 13245 | 95044k|2098.2 |  1035M |  71 | 603 |  12 |4456 |7608k|  2 |  27 |   0 |-2.781093e+09 | 9.905380e+02 |    Inf |   1.21%
 1738s| 45400 | 13263 | 95239k|2097.8 |  1037M |  71 | 603 |  12 |4489 |7628k|  3 |  27 |   0 |-2.781093e+09 | 9.905380e+02 |    Inf |   1.21%
 1742s| 45500 | 13283 | 95420k|2097.2 |  1039M |  71 | 603 |  12 |   0 |7646k|  0 |  27 |   0 |-2.781093e+09 | 9.905380e+02 |    Inf |   1.21%
 1746s| 45600 | 13291 | 95645k|2097.5 |  1041M |  71 | 603 |  11 |5700 |7656k|  2 |  27 |   0 |-2.781093e+09 | 9.905380e+02 |    Inf |   1.21%
 1750s| 45700 | 13293 | 95832k|2097.0 |  1042M |  71 | 603 |  11 |4432 |7669k|  2 |  27 |   0 |-2.781093e+09 | 9.905380e+02 |    Inf |   1.21%
 1754s| 45800 | 13323 | 96037k|2096.9 |  1044M |  71 | 603 |  11 |5287 |7685k|  2 |  27 |   0 |-2.781093e+09 | 9.905380e+02 |    Inf |   1.21%
 1758s| 45900 | 13341 | 96257k|2097.2 |  1047M |  71 | 603 |  11 |5248 |7699k|  1 |  27 |   0 |-2.781093e+09 | 9.905380e+02 |    Inf |   1.21%
 1762s| 46000 | 13351 | 96434k|2096.4 |  1048M |  71 | 603 |  11 |5198 |7713k|  0 |  27 |   0 |-2.781093e+09 | 9.905380e+02 |    Inf |   1.21%
 1766s| 46100 | 13373 | 96660k|2096.8 |  1050M |  71 | 603 |  11 |4901 |7727k|  2 |  27 |   0 |-2.781093e+09 | 9.905380e+02 |    Inf |   1.21%
 1771s| 46200 | 13393 | 96899k|2097.4 |  1053M |  71 | 603 |  11 |   0 |7739k|  0 |  27 |   0 |-2.781093e+09 | 9.905380e+02 |    Inf |   1.21%
 1775s| 46300 | 13393 | 97111k|2097.5 |  1054M |  71 | 603 |   9 |5286 |7757k|  0 |  27 |   0 |-2.781093e+09 | 9.905380e+02 |    Inf |   1.21%
 time | node  | left  |LP iter|LP it/n|mem/heur|mdpt |vars |cons |rows |cuts |sepa|confs|strbr|  dualbound   | primalbound  |  gap   | compl. 
 1779s| 46400 | 13413 | 97300k|2097.0 |  1055M |  71 | 603 |   9 |4271 |7767k|  2 |  27 |   0 |-2.781093e+09 | 9.905380e+02 |    Inf |   1.21%
 1783s| 46500 | 13433 | 97510k|2097.0 |  1060M |  71 | 603 |   9 |4982 |7778k|  2 |  27 |   0 |-2.781093e+09 | 9.905380e+02 |    Inf |   1.21%
 1787s| 46600 | 13443 | 97699k|2096.6 |  1049M |  71 | 603 |   9 |4988 |7792k|  2 |  27 |   0 |-2.781093e+09 | 9.905380e+02 |    Inf |   1.21%
 1791s| 46700 | 13451 | 97913k|2096.7 |  1050M |  71 | 603 |   9 |5032 |7808k|  3 |  27 |   0 |-2.781093e+09 | 9.905380e+02 |    Inf |   1.21%
 1795s| 46800 | 13459 | 98089k|2096.0 |  1052M |  71 | 603 |   9 |4169 |7823k|  1 |  27 |   0 |-2.781093e+09 | 9.905380e+02 |    Inf |   1.21%
 1798s| 46900 | 13513 | 98319k|2096.4 |  1054M |  71 | 603 |   9 |3432 |7841k|  2 |  27 |   0 |-2.781093e+09 | 9.905380e+02 |    Inf |   1.21%
 1802s| 47000 | 13561 | 98491k|2095.6 |  1056M |  71 | 603 |   9 |4151 |7861k|  2 |  27 |   0 |-2.781093e+09 | 9.905380e+02 |    Inf |   1.21%
 1806s| 47100 | 13593 | 98737k|2096.4 |  1058M |  71 | 603 |  10 |4798 |7879k|  2 |  28 |   0 |-2.781093e+09 | 9.905380e+02 |    Inf |   1.21%
 1810s| 47200 | 13631 | 98960k|2096.7 |  1062M |  71 | 603 |  10 |4348 |7896k|  1 |  28 |   0 |-2.781093e+09 | 9.905380e+02 |    Inf |   1.21%
 1814s| 47300 | 13663 | 99186k|2097.0 |  1064M |  71 | 603 |  10 |4265 |7912k|  4 |  28 |   0 |-2.781093e+09 | 9.905380e+02 |    Inf |   1.21%
 1818s| 47400 | 13691 | 99413k|2097.4 |  1066M |  71 | 603 |  10 |4260 |7931k|  2 |  28 |   0 |-2.781093e+09 | 9.905380e+02 |    Inf |   1.21%
 1822s| 47500 | 13703 | 99622k|2097.4 |  1068M |  71 | 603 |  10 |4492 |7944k|  2 |  28 |   0 |-2.781093e+09 | 9.905380e+02 |    Inf |   1.21%
 1826s| 47600 | 13707 | 99811k|2096.9 |  1068M |  71 | 603 |  10 |5341 |7958k|  3 |  28 |   0 |-2.781093e+09 | 9.905380e+02 |    Inf |   1.21%
 1830s| 47700 | 13723 |100041k|2097.4 |  1070M |  71 | 603 |  10 |   0 |7966k|  0 |  28 |   0 |-2.781093e+09 | 9.905380e+02 |    Inf |   1.21%
 1834s| 47800 | 13743 |100262k|2097.6 |  1072M |  71 | 603 |  10 |4573 |7983k|  2 |  28 |   0 |-2.781093e+09 | 9.905380e+02 |    Inf |   1.21%
 time | node  | left  |LP iter|LP it/n|mem/heur|mdpt |vars |cons |rows |cuts |sepa|confs|strbr|  dualbound   | primalbound  |  gap   | compl. 
 1838s| 47900 | 13759 |100478k|2097.7 |  1072M |  71 | 603 |  10 |5049 |8001k|  3 |  28 |   0 |-2.781093e+09 | 9.905380e+02 |    Inf |   1.21%
 1842s| 48000 | 13785 |100678k|2097.5 |  1073M |  71 | 603 |  10 |4499 |8012k|  2 |  28 |   0 |-2.781093e+09 | 9.905380e+02 |    Inf |   1.21%
 1847s| 48100 | 13785 |100884k|2097.4 |  1075M |  71 | 603 |  10 |4308 |8034k|  3 |  28 |   0 |-2.781093e+09 | 9.905380e+02 |    Inf |   1.21%
 1850s| 48200 | 13793 |101073k|2097.0 |  1077M |  71 | 603 |  10 |   0 |8051k|  0 |  28 |   0 |-2.781093e+09 | 9.905380e+02 |    Inf |   1.21%
 1854s| 48300 | 13807 |101223k|2095.8 |  1081M |  71 | 603 |  10 |4592 |8069k|  3 |  28 |   0 |-2.781093e+09 | 9.905380e+02 |    Inf |   1.21%
 1857s| 48400 | 13833 |101411k|2095.3 |  1083M |  71 | 603 |  10 |4897 |8083k|  1 |  28 |   0 |-2.781093e+09 | 9.905380e+02 |    Inf |   1.21%
 1861s| 48500 | 13863 |101646k|2095.8 |  1085M |  71 | 603 |  11 |   0 |8098k|  0 |  29 |   0 |-2.781093e+09 | 9.905380e+02 |    Inf |   1.21%
 1865s| 48600 | 13867 |101812k|2095.0 |  1085M |  71 | 603 |  11 |4805 |8115k|  1 |  29 |   0 |-2.781093e+09 | 9.905380e+02 |    Inf |   1.21%
 1869s| 48700 | 13887 |102047k|2095.5 |  1087M |  71 | 603 |  11 |4199 |8132k|  2 |  29 |   0 |-2.781093e+09 | 9.905380e+02 |    Inf |   1.21%
 1873s| 48800 | 13909 |102246k|2095.3 |  1088M |  71 | 603 |  11 |4300 |8148k|  1 |  29 |   0 |-2.781093e+09 | 9.905380e+02 |    Inf |   1.21%
 1877s| 48900 | 13951 |102494k|2096.0 |  1091M |  71 | 603 |  11 |4937 |8165k|  2 |  29 |   0 |-2.781093e+09 | 9.905380e+02 |    Inf |   1.21%
 1881s| 49000 | 13971 |102735k|2096.7 |  1093M |  71 | 603 |  11 |4057 |8179k|  2 |  29 |   0 |-2.781093e+09 | 9.905380e+02 |    Inf |   1.21%
 1886s| 49100 | 13983 |102961k|2097.0 |  1094M |  71 | 603 |  11 |4127 |8198k|  2 |  29 |   0 |-2.781093e+09 | 9.905380e+02 |    Inf |   1.21%
 1889s| 49200 | 14039 |103192k|2097.5 |  1097M |  71 | 603 |  11 |4052 |8217k|  2 |  29 |   0 |-2.781093e+09 | 9.905380e+02 |    Inf |   1.21%
 1894s| 49300 | 14083 |103465k|2098.7 |  1100M |  71 | 603 |  11 |4593 |8236k|  3 |  29 |   0 |-2.781093e+09 | 9.905380e+02 |    Inf |   1.21%
 time | node  | left  |LP iter|LP it/n|mem/heur|mdpt |vars |cons |rows |cuts |sepa|confs|strbr|  dualbound   | primalbound  |  gap   | compl. 
 1899s| 49400 | 14087 |103689k|2099.0 |  1100M |  71 | 603 |  11 |5393 |8254k|  1 |  29 |   0 |-2.781093e+09 | 9.905380e+02 |    Inf |   1.21%
 1904s| 49500 | 14095 |103893k|2098.9 |  1102M |  71 | 603 |  11 |5160 |8273k|  1 |  29 |   0 |-2.781093e+09 | 9.905380e+02 |    Inf |   1.21%
 1908s| 49600 | 14107 |104122k|2099.3 |  1104M |  71 | 603 |  11 |4551 |8285k|  3 |  29 |   0 |-2.781093e+09 | 9.905380e+02 |    Inf |   1.21%
 1912s| 49700 | 14141 |104341k|2099.5 |  1105M |  71 | 603 |  10 |4414 |8302k|  3 |  29 |   0 |-2.781093e+09 | 9.905380e+02 |    Inf |   1.21%
 1916s| 49800 | 14191 |104585k|2100.2 |  1109M |  71 | 603 |  10 |4799 |8321k|  3 |  29 |   0 |-2.781093e+09 | 9.905380e+02 |    Inf |   1.21%
 1920s| 49900 | 14223 |104839k|2101.0 |  1110M |  71 | 603 |  10 |4168 |8336k|  0 |  29 |   0 |-2.781093e+09 | 9.905380e+02 |    Inf |   1.21%
 1925s| 50000 | 14235 |105075k|2101.5 |  1110M |  71 | 603 |  10 |4403 |8352k|  2 |  29 |   0 |-2.781093e+09 | 9.905380e+02 |    Inf |   1.21%
 1929s| 50100 | 14257 |105324k|2102.3 |  1113M |  71 | 603 |  10 |   0 |8369k|  0 |  29 |   0 |-2.781093e+09 | 9.905380e+02 |    Inf |   1.21%
 1934s| 50200 | 14279 |105550k|2102.6 |  1114M |  71 | 603 |  10 |4940 |8388k|  0 |  29 |   0 |-2.781093e+09 | 9.905380e+02 |    Inf |   1.21%
 1938s| 50300 | 14277 |105753k|2102.5 |  1115M |  71 | 603 |  10 |4417 |8404k|  7 |  29 |   0 |-2.781093e+09 | 9.905380e+02 |    Inf |   1.21%
 1942s| 50400 | 14289 |105975k|2102.7 |  1116M |  71 | 603 |  10 |4368 |8419k|  3 |  29 |   0 |-2.781093e+09 | 9.905380e+02 |    Inf |   1.21%
 1946s| 50500 | 14315 |106177k|2102.6 |  1118M |  71 | 603 |  10 |4415 |8437k|  1 |  29 |   0 |-2.781093e+09 | 9.905380e+02 |    Inf |   1.21%
 1950s| 50600 | 14317 |106362k|2102.1 |  1118M |  71 | 603 |  10 |4188 |8455k|  0 |  30 |   0 |-2.781093e+09 | 9.905380e+02 |    Inf |   1.21%
 1954s| 50700 | 14351 |106550k|2101.6 |  1121M |  71 | 603 |  10 |3997 |8473k|  2 |  30 |   0 |-2.781093e+09 | 9.905380e+02 |    Inf |   1.21%
 1958s| 50800 | 14399 |106801k|2102.4 |  1122M |  71 | 603 |  10 |4294 |8491k|  1 |  30 |   0 |-2.781093e+09 | 9.905380e+02 |    Inf |   1.21%
 time | node  | left  |LP iter|LP it/n|mem/heur|mdpt |vars |cons |rows |cuts |sepa|confs|strbr|  dualbound   | primalbound  |  gap   | compl. 
 1962s| 50900 | 14411 |107010k|2102.4 |  1124M |  71 | 603 |  10 |4495 |8500k|  1 |  30 |   0 |-2.781093e+09 | 9.905380e+02 |    Inf |   1.21%
 1966s| 51000 | 14427 |107225k|2102.5 |  1127M |  71 | 603 |  10 |4607 |8518k|  2 |  30 |   0 |-2.781093e+09 | 9.905380e+02 |    Inf |   1.21%
 1969s| 51100 | 14427 |107424k|2102.3 |  1127M |  71 | 603 |  10 |4728 |8527k|  2 |  30 |   0 |-2.781093e+09 | 9.905380e+02 |    Inf |   1.21%
 1973s| 51200 | 14437 |107621k|2102.0 |  1127M |  71 | 603 |  10 |4905 |8542k|  1 |  30 |   0 |-2.781093e+09 | 9.905380e+02 |    Inf |   1.21%
 1976s| 51300 | 14465 |107815k|2101.7 |  1131M |  71 | 603 |   9 |3867 |8552k|  1 |  30 |   0 |-2.781093e+09 | 9.905380e+02 |    Inf |   1.21%
 1979s| 51400 | 14489 |108018k|2101.6 |  1132M |  71 | 603 |   9 |5425 |8560k|  0 |  30 |   0 |-2.781093e+09 | 9.905380e+02 |    Inf |   1.21%
 1982s| 51500 | 14503 |108197k|2101.0 |  1135M |  71 | 603 |   9 |5603 |8564k|  2 |  30 |   0 |-2.781093e+09 | 9.905380e+02 |    Inf |   1.21%
 1987s| 51600 | 14531 |108430k|2101.4 |  1137M |  71 | 603 |   9 |   0 |8578k|  0 |  30 |   0 |-2.781093e+09 | 9.905380e+02 |    Inf |   1.21%
 1991s| 51700 | 14553 |108698k|2102.5 |  1139M |  71 | 603 |   9 |4621 |8588k|  2 |  30 |   0 |-2.781093e+09 | 9.905380e+02 |    Inf |   1.21%
 1995s| 51800 | 14575 |108940k|2103.1 |  1140M |  71 | 603 |   9 |4783 |8601k|  2 |  30 |   0 |-2.781093e+09 | 9.905380e+02 |    Inf |   1.21%
 2000s| 51900 | 14595 |109171k|2103.5 |  1142M |  71 | 603 |   9 |4785 |8615k|  2 |  30 |   0 |-2.781093e+09 | 9.905380e+02 |    Inf |   1.21%
 2005s| 52000 | 14611 |109429k|2104.4 |  1144M |  71 | 603 |   9 |5169 |8628k|  2 |  30 |   0 |-2.781093e+09 | 9.905380e+02 |    Inf |   1.21%
 2009s| 52100 | 14637 |109656k|2104.8 |  1145M |  71 | 603 |   9 |4870 |8642k|  2 |  30 |   0 |-2.781093e+09 | 9.905380e+02 |    Inf |   1.21%
 2013s| 52200 | 14663 |109906k|2105.5 |  1148M |  71 | 603 |   9 |   0 |8658k|  0 |  30 |   0 |-2.781093e+09 | 9.905380e+02 |    Inf |   1.21%
 2018s| 52300 | 14677 |110127k|2105.7 |  1150M |  71 | 603 |   9 |4947 |8674k|  1 |  30 |   0 |-2.781093e+09 | 9.905380e+02 |    Inf |   1.21%
 time | node  | left  |LP iter|LP it/n|mem/heur|mdpt |vars |cons |rows |cuts |sepa|confs|strbr|  dualbound   | primalbound  |  gap   | compl. 
 2022s| 52400 | 14715 |110380k|2106.5 |  1152M |  71 | 603 |   9 |5257 |8691k|  2 |  30 |   0 |-2.781093e+09 | 9.905380e+02 |    Inf |   1.21%
 2026s| 52500 | 14737 |110613k|2107.0 |  1152M |  71 | 603 |   9 |4078 |8707k|  2 |  30 |   0 |-2.781093e+09 | 9.905380e+02 |    Inf |   1.21%
 2031s| 52600 | 14761 |110842k|2107.3 |  1155M |  71 | 603 |   9 |4778 |8724k|  2 |  30 |   0 |-2.781093e+09 | 9.905380e+02 |    Inf |   1.21%
 2035s| 52700 | 14767 |111023k|2106.7 |  1155M |  71 | 603 |   8 |4575 |8740k|  1 |  30 |   0 |-2.781093e+09 | 9.905380e+02 |    Inf |   1.21%
 2038s| 52800 | 14803 |111206k|2106.2 |  1158M |  71 | 603 |   8 |4474 |8751k|  1 |  30 |   0 |-2.781093e+09 | 9.905380e+02 |    Inf |   1.21%
 2041s| 52900 | 14845 |111413k|2106.2 |  1160M |  71 | 603 |   8 |4788 |8770k|  2 |  30 |   0 |-2.781093e+09 | 9.905380e+02 |    Inf |   1.21%
 2046s| 53000 | 14875 |111633k|2106.3 |  1163M |  71 | 603 |   8 |4404 |8788k|  3 |  30 |   0 |-2.781093e+09 | 9.905380e+02 |    Inf |   1.21%
 2049s| 53100 | 14911 |111845k|2106.4 |  1165M |  71 | 603 |   9 |4753 |8806k|  2 |  31 |   0 |-2.781093e+09 | 9.905380e+02 |    Inf |   1.21%
 2054s| 53200 | 14931 |112081k|2106.8 |  1169M |  71 | 603 |   9 |5142 |8823k|  2 |  31 |   0 |-2.781093e+09 | 9.905380e+02 |    Inf |   1.21%
 2059s| 53300 | 14967 |112350k|2107.9 |  1171M |  71 | 603 |  10 |4465 |8841k|  2 |  32 |   0 |-2.781093e+09 | 9.905380e+02 |    Inf |   1.21%
 2063s| 53400 | 14993 |112589k|2108.5 |  1172M |  71 | 603 |  10 |4906 |8854k|  1 |  32 |   0 |-2.781093e+09 | 9.905380e+02 |    Inf |   1.21%
 2068s| 53500 | 14993 |112803k|2108.5 |  1173M |  71 | 603 |  10 |4718 |8873k|  3 |  32 |   0 |-2.781093e+09 | 9.905380e+02 |    Inf |   1.21%
 2072s| 53600 | 15013 |113042k|2109.0 |  1174M |  71 | 603 |  10 |4338 |8886k|  2 |  32 |   0 |-2.781093e+09 | 9.905380e+02 |    Inf |   1.21%
 2077s| 53700 | 15033 |113255k|2109.1 |  1177M |  71 | 603 |  10 |4630 |8904k|  2 |  32 |   0 |-2.781093e+09 | 9.905380e+02 |    Inf |   1.21%
 2081s| 53800 | 15053 |113485k|2109.4 |  1180M |  71 | 603 |  10 |4786 |8917k|  2 |  32 |   0 |-2.781093e+09 | 9.905380e+02 |    Inf |   1.21%
 time | node  | left  |LP iter|LP it/n|mem/heur|mdpt |vars |cons |rows |cuts |sepa|confs|strbr|  dualbound   | primalbound  |  gap   | compl. 
 2085s| 53900 | 15063 |113738k|2110.2 |  1180M |  71 | 603 |  10 |4756 |8935k|  3 |  32 |   0 |-2.781093e+09 | 9.905380e+02 |    Inf |   1.21%
 2089s| 54000 | 15099 |113950k|2110.2 |  1187M |  71 | 603 |  10 |4326 |8952k|  1 |  32 |   0 |-2.781093e+09 | 9.905380e+02 |    Inf |   1.21%
 2094s| 54100 | 15137 |114209k|2111.1 |  1190M |  71 | 603 |  10 |5317 |8967k|  2 |  32 |   0 |-2.781093e+09 | 9.905380e+02 |    Inf |   1.21%
 2098s| 54200 | 15149 |114426k|2111.2 |  1193M |  71 | 603 |   9 |3911 |8975k|  2 |  32 |   0 |-2.781093e+09 | 9.905380e+02 |    Inf |   1.21%
 2102s| 54300 | 15189 |114659k|2111.6 |  1194M |  71 | 603 |   9 |4257 |8990k|  2 |  32 |   0 |-2.781093e+09 | 9.905380e+02 |    Inf |   1.21%
 2106s| 54400 | 15209 |114898k|2112.1 |  1198M |  71 | 603 |   9 |4824 |9005k|  2 |  32 |   0 |-2.781093e+09 | 9.905380e+02 |    Inf |   1.21%
 2110s| 54500 | 15235 |115155k|2113.0 |  1200M |  71 | 603 |   9 |4983 |9015k|  2 |  32 |   0 |-2.781093e+09 | 9.905380e+02 |    Inf |   1.21%
 2115s| 54600 | 15267 |115386k|2113.3 |  1201M |  71 | 603 |   9 |4056 |9033k|  1 |  32 |   0 |-2.781093e+09 | 9.905380e+02 |    Inf |   1.21%
 2119s| 54700 | 15281 |115614k|2113.6 |  1202M |  71 | 603 |   9 |3851 |9046k|  2 |  32 |   0 |-2.781093e+09 | 9.905380e+02 |    Inf |   1.21%
 2123s| 54800 | 15299 |115804k|2113.3 |  1204M |  71 | 603 |   9 |   0 |9060k|  0 |  32 |   0 |-2.781093e+09 | 9.905380e+02 |    Inf |   1.21%
 2127s| 54900 | 15307 |116009k|2113.1 |  1204M |  71 | 603 |   9 |4628 |9076k|  5 |  32 |   0 |-2.781093e+09 | 9.905380e+02 |    Inf |   1.21%
 2131s| 55000 | 15319 |116232k|2113.4 |  1208M |  71 | 603 |   9 |4496 |9093k|  2 |  32 |   0 |-2.781093e+09 | 9.905380e+02 |    Inf |   1.21%
 2136s| 55100 | 15329 |116448k|2113.4 |  1209M |  71 | 603 |   9 |4813 |9108k|  0 |  32 |   0 |-2.781093e+09 | 9.905380e+02 |    Inf |   1.21%
 2139s| 55200 | 15341 |116630k|2112.9 |  1210M |  71 | 603 |   9 |   0 |9122k|  0 |  32 |   0 |-2.781093e+09 | 9.905380e+02 |    Inf |   1.21%
 2143s| 55300 | 15355 |116864k|2113.3 |  1211M |  71 | 603 |   9 |5293 |9134k|  4 |  32 |   0 |-2.781093e+09 | 9.905380e+02 |    Inf |   1.21%
 time | node  | left  |LP iter|LP it/n|mem/heur|mdpt |vars |cons |rows |cuts |sepa|confs|strbr|  dualbound   | primalbound  |  gap   | compl. 
 2148s| 55400 | 15363 |117099k|2113.7 |  1212M |  71 | 603 |   9 |5055 |9153k|  4 |  32 |   0 |-2.781093e+09 | 9.905380e+02 |    Inf |   1.21%
 2153s| 55500 | 15361 |117293k|2113.4 |  1213M |  71 | 603 |   8 |5338 |9172k|  1 |  32 |   0 |-2.781093e+09 | 9.905380e+02 |    Inf |   1.21%
 2158s| 55600 | 15373 |117534k|2114.0 |  1214M |  71 | 603 |   8 |5093 |9191k|  5 |  32 |   0 |-2.781093e+09 | 9.905380e+02 |    Inf |   1.21%
 2163s| 55700 | 15411 |117828k|2115.4 |  1217M |  71 | 603 |   9 |4019 |9208k|  2 |  33 |   0 |-2.781093e+09 | 9.905380e+02 |    Inf |   1.21%
 2167s| 55800 | 15455 |118059k|2115.8 |  1220M |  71 | 603 |   9 |4008 |9227k|  2 |  33 |   0 |-2.781093e+09 | 9.905380e+02 |    Inf |   1.21%
 2171s| 55900 | 15465 |118243k|2115.3 |  1222M |  71 | 603 |  10 |4158 |9246k|  1 |  34 |   0 |-2.781093e+09 | 9.905380e+02 |    Inf |   1.21%
 2175s| 56000 | 15511 |118499k|2116.1 |  1226M |  71 | 603 |  10 |5011 |9264k|  2 |  34 |   0 |-2.781093e+09 | 9.905380e+02 |    Inf |   1.21%
 2180s| 56100 | 15541 |118776k|2117.3 |  1228M |  71 | 603 |  10 |4913 |9282k|  2 |  34 |   0 |-2.781093e+09 | 9.905380e+02 |    Inf |   1.21%
 2185s| 56200 | 15567 |119071k|2118.7 |  1231M |  71 | 603 |  10 |   0 |9297k|  0 |  34 |   0 |-2.781093e+09 | 9.905380e+02 |    Inf |   1.21%
 2190s| 56300 | 15577 |119289k|2118.8 |  1232M |  71 | 603 |  10 |5461 |9312k|  4 |  34 |   0 |-2.781093e+09 | 9.905380e+02 |    Inf |   1.21%
 2195s| 56400 | 15589 |119527k|2119.3 |  1232M |  71 | 603 |  10 |   0 |9331k|  0 |  34 |   0 |-2.781093e+09 | 9.905380e+02 |    Inf |   1.21%
 2199s| 56500 | 15597 |119732k|2119.2 |  1235M |  71 | 603 |  10 |   0 |9337k|  0 |  34 |   0 |-2.781093e+09 | 9.905380e+02 |    Inf |   1.21%
 2203s| 56600 | 15597 |119934k|2119.0 |  1238M |  71 | 603 |  10 |5276 |9353k|  2 |  34 |   0 |-2.781093e+09 | 9.905380e+02 |    Inf |   1.21%
 2206s| 56700 | 15613 |120136k|2118.8 |  1239M |  71 | 603 |  10 |5175 |9367k|  1 |  34 |   0 |-2.781093e+09 | 9.905380e+02 |    Inf |   1.21%
 2212s| 56800 | 15641 |120423k|2120.2 |  1242M |  71 | 603 |  10 |4863 |9384k|  2 |  34 |   0 |-2.781093e+09 | 9.905380e+02 |    Inf |   1.21%
 time | node  | left  |LP iter|LP it/n|mem/heur|mdpt |vars |cons |rows |cuts |sepa|confs|strbr|  dualbound   | primalbound  |  gap   | compl. 
 2217s| 56900 | 15661 |120667k|2120.7 |  1245M |  71 | 603 |  10 |4777 |9402k|  2 |  34 |   0 |-2.781093e+09 | 9.905380e+02 |    Inf |   1.21%
 2222s| 57000 | 15671 |120925k|2121.5 |  1235M |  71 | 603 |   9 |5509 |9417k|  2 |  34 |   0 |-2.781093e+09 | 9.905380e+02 |    Inf |   1.21%
 2226s| 57100 | 15671 |121158k|2121.9 |  1237M |  71 | 603 |   9 |6013 |9431k|  1 |  34 |   0 |-2.781093e+09 | 9.905380e+02 |    Inf |   1.21%
 2231s| 57200 | 15677 |121372k|2121.9 |  1238M |  71 | 603 |   9 |4552 |9444k|  1 |  34 |   0 |-2.781093e+09 | 9.905380e+02 |    Inf |   1.21%
 2235s| 57300 | 15685 |121569k|2121.7 |  1239M |  71 | 603 |   8 |4129 |9455k|  2 |  34 |   0 |-2.781093e+09 | 9.905380e+02 |    Inf |   1.21%
 2239s| 57400 | 15687 |121782k|2121.7 |  1240M |  71 | 603 |   8 |4835 |9469k|  1 |  34 |   0 |-2.781093e+09 | 9.905380e+02 |    Inf |   1.21%
 2242s| 57500 | 15715 |121974k|2121.3 |  1242M |  71 | 603 |   8 |4558 |9482k|  2 |  34 |   0 |-2.781093e+09 | 9.905380e+02 |    Inf |   1.21%
 2247s| 57600 | 15747 |122205k|2121.6 |  1245M |  71 | 603 |   8 |   0 |9499k|  0 |  34 |   0 |-2.781093e+09 | 9.905380e+02 |    Inf |   1.21%
 2252s| 57700 | 15779 |122480k|2122.8 |  1246M |  71 | 603 |   8 |5129 |9516k|  1 |  34 |   0 |-2.781093e+09 | 9.905380e+02 |    Inf |   1.21%
 2256s| 57800 | 15825 |122713k|2123.1 |  1249M |  71 | 603 |   8 |4875 |9532k|  2 |  34 |   0 |-2.781093e+09 | 9.905380e+02 |    Inf |   1.21%
 2261s| 57900 | 15855 |122939k|2123.3 |  1250M |  71 | 603 |   8 |5015 |9552k|  2 |  34 |   0 |-2.781093e+09 | 9.905380e+02 |    Inf |   1.21%
 2265s| 58000 | 15879 |123176k|2123.8 |  1253M |  71 | 603 |   8 |4595 |9569k|  1 |  34 |   0 |-2.781093e+09 | 9.905380e+02 |    Inf |   1.21%
 2270s| 58100 | 15897 |123399k|2124.0 |  1257M |  71 | 603 |   8 |4735 |9587k|  2 |  34 |   0 |-2.781093e+09 | 9.905380e+02 |    Inf |   1.21%
 2274s| 58200 | 15905 |123614k|2124.0 |  1258M |  71 | 603 |   8 |4801 |9602k|  1 |  34 |   0 |-2.781093e+09 | 9.905380e+02 |    Inf |   1.21%
 2279s| 58300 | 15935 |123884k|2125.0 |  1260M |  71 | 603 |   9 |4720 |9621k|  1 |  35 |   0 |-2.781093e+09 | 9.905380e+02 |    Inf |   1.21%
 time | node  | left  |LP iter|LP it/n|mem/heur|mdpt |vars |cons |rows |cuts |sepa|confs|strbr|  dualbound   | primalbound  |  gap   | compl. 
 2283s| 58400 | 15945 |124077k|2124.6 |  1260M |  71 | 603 |   9 |5296 |9638k|  2 |  35 |   0 |-2.781093e+09 | 9.905380e+02 |    Inf |   1.21%
 2287s| 58500 | 15973 |124298k|2124.8 |  1263M |  71 | 603 |   9 |4370 |9657k|  1 |  35 |   0 |-2.781093e+09 | 9.905380e+02 |    Inf |   1.21%
 2290s| 58600 | 16033 |124547k|2125.4 |  1266M |  71 | 603 |   9 |4175 |9673k|  2 |  35 |   0 |-2.781093e+09 | 9.905380e+02 |    Inf |   1.21%
 2294s| 58700 | 16073 |124783k|2125.8 |  1268M |  71 | 603 |  10 |   0 |9687k|  0 |  36 |   0 |-2.781093e+09 | 9.905380e+02 |    Inf |   1.21%
 2298s| 58800 | 16119 |125042k|2126.6 |  1270M |  71 | 603 |  10 |4200 |9700k|  1 |  36 |   0 |-2.781093e+09 | 9.905380e+02 |    Inf |   1.21%
 2302s| 58900 | 16165 |125273k|2126.9 |  1273M |  71 | 603 |  10 |4410 |9716k|  2 |  36 |   0 |-2.781093e+09 | 9.905380e+02 |    Inf |   1.21%
 2306s| 59000 | 16207 |125502k|2127.2 |  1276M |  71 | 603 |  10 |4602 |9734k|  2 |  36 |   0 |-2.781093e+09 | 9.905380e+02 |    Inf |   1.21%
 2310s| 59100 | 16241 |125742k|2127.7 |  1278M |  71 | 603 |  10 |4546 |9752k|  1 |  36 |   0 |-2.781093e+09 | 9.905380e+02 |    Inf |   1.21%
 2313s| 59200 | 16295 |125961k|2127.8 |  1281M |  71 | 603 |  10 |   0 |9769k|  0 |  36 |   0 |-2.781093e+09 | 9.905380e+02 |    Inf |   1.21%
 2317s| 59300 | 16325 |126200k|2128.2 |  1284M |  71 | 603 |  10 |4536 |9784k|  1 |  36 |   0 |-2.781093e+09 | 9.905380e+02 |    Inf |   1.21%
 2321s| 59400 | 16367 |126411k|2128.2 |  1285M |  71 | 603 |  10 |2893 |9803k|  2 |  36 |   0 |-2.781093e+09 | 9.905380e+02 |    Inf |   1.21%
 2324s| 59500 | 16407 |126626k|2128.2 |  1289M |  71 | 603 |  10 |3794 |9822k|  2 |  36 |   0 |-2.781093e+09 | 9.905380e+02 |    Inf |   1.21%
 2328s| 59600 | 16457 |126862k|2128.6 |  1291M |  71 | 603 |  10 |3918 |9840k|  2 |  36 |   0 |-2.781093e+09 | 9.905380e+02 |    Inf |   1.21%
 2332s| 59700 | 16473 |127060k|2128.4 |  1292M |  71 | 603 |  10 |   0 |9853k|  0 |  36 |   0 |-2.781093e+09 | 9.905380e+02 |    Inf |   1.21%
 2336s| 59800 | 16503 |127296k|2128.7 |  1296M |  71 | 603 |  10 |4469 |9869k|  2 |  36 |   0 |-2.781093e+09 | 9.905380e+02 |    Inf |   1.21%
 time | node  | left  |LP iter|LP it/n|mem/heur|mdpt |vars |cons |rows |cuts |sepa|confs|strbr|  dualbound   | primalbound  |  gap   | compl. 
 2339s| 59900 | 16531 |127493k|2128.5 |  1296M |  71 | 603 |  10 |3946 |9879k|  2 |  36 |   0 |-2.781093e+09 | 9.905380e+02 |    Inf |   1.21%
 2343s| 60000 | 16559 |127698k|2128.3 |  1297M |  71 | 603 |  10 |3829 |9900k|  3 |  36 |   0 |-2.781093e+09 | 9.905380e+02 |    Inf |   1.21%
 2347s| 60100 | 16617 |127912k|2128.4 |  1301M |  71 | 603 |  10 |4436 |9919k|  2 |  36 |   0 |-2.781093e+09 | 9.905380e+02 |    Inf |   1.21%
 2351s| 60200 | 16663 |128165k|2129.0 |  1302M |  71 | 603 |  10 |   0 |9939k|  0 |  36 |   0 |-2.781093e+09 | 9.905380e+02 |    Inf |   1.21%
 2355s| 60300 | 16701 |128401k|2129.4 |  1306M |  71 | 603 |  10 |4429 |9960k|  3 |  36 |   0 |-2.781093e+09 | 9.905380e+02 |    Inf |   1.21%
 2359s| 60400 | 16721 |128602k|2129.2 |  1306M |  71 | 603 |  10 |4057 |9979k|  2 |  36 |   0 |-2.781093e+09 | 9.905380e+02 |    Inf |   1.21%
 2363s| 60500 | 16743 |128807k|2129.1 |  1308M |  71 | 603 |  10 |4151 |9996k|  0 |  36 |   0 |-2.781093e+09 | 9.905380e+02 |    Inf |   1.21%
 2366s| 60600 | 16757 |128999k|2128.7 |  1310M |  71 | 603 |  10 |3671 |  10M|  2 |  36 |   0 |-2.781093e+09 | 9.905380e+02 |    Inf |   1.21%
 2369s| 60700 | 16795 |129181k|2128.2 |  1312M |  71 | 603 |  10 |3770 |  10M|  0 |  36 |   0 |-2.781093e+09 | 9.905380e+02 |    Inf |   1.21%
 2373s| 60800 | 16821 |129384k|2128.1 |  1314M |  71 | 603 |  10 |4729 |  10M|  2 |  36 |   0 |-2.781093e+09 | 9.905380e+02 |    Inf |   1.21%
 2376s| 60900 | 16855 |129585k|2127.9 |  1317M |  71 | 603 |  10 |3524 |  10M|  3 |  36 |   0 |-2.781093e+09 | 9.905380e+02 |    Inf |   1.21%
 2380s| 61000 | 16895 |129789k|2127.7 |  1318M |  71 | 603 |  11 |4264 |  10M|  2 |  37 |   0 |-2.781093e+09 | 9.905380e+02 |    Inf |   1.21%
 2384s| 61100 | 16915 |129997k|2127.6 |  1318M |  71 | 603 |  11 |4286 |  10M|  2 |  37 |   0 |-2.781093e+09 | 9.905380e+02 |    Inf |   1.21%
 2388s| 61200 | 16949 |130210k|2127.7 |  1321M |  71 | 603 |  11 |4677 |  10M|  2 |  37 |   0 |-2.781093e+09 | 9.905380e+02 |    Inf |   1.21%
 2392s| 61300 | 16985 |130464k|2128.3 |  1322M |  71 | 603 |  11 |4473 |  10M|  0 |  37 |   0 |-2.781093e+09 | 9.905380e+02 |    Inf |   1.21%
 time | node  | left  |LP iter|LP it/n|mem/heur|mdpt |vars |cons |rows |cuts |sepa|confs|strbr|  dualbound   | primalbound  |  gap   | compl. 
 2397s| 61400 | 17005 |130712k|2128.9 |  1323M |  71 | 603 |  11 |4750 |  10M|  1 |  37 |   0 |-2.781093e+09 | 9.905380e+02 |    Inf |   1.21%
 2400s| 61500 | 17027 |130921k|2128.8 |  1325M |  71 | 603 |  11 |3981 |  10M|  2 |  37 |   0 |-2.781093e+09 | 9.905380e+02 |    Inf |   1.21%
 2405s| 61600 | 17055 |131190k|2129.7 |  1329M |  71 | 603 |  11 |   0 |  10M|  0 |  37 |   0 |-2.781093e+09 | 9.905380e+02 |    Inf |   1.21%
 2409s| 61700 | 17063 |131421k|2130.0 |  1329M |  71 | 603 |  11 |   0 |  10M|  0 |  37 |   0 |-2.781093e+09 | 9.905380e+02 |    Inf |   1.21%
 2413s| 61800 | 17083 |131638k|2130.1 |  1330M |  71 | 603 |  11 |4465 |  10M|  2 |  37 |   0 |-2.781093e+09 | 9.905380e+02 |    Inf |   1.21%
 2418s| 61900 | 17091 |131877k|2130.5 |  1332M |  71 | 603 |  11 |4991 |  10M|  2 |  37 |   0 |-2.781093e+09 | 9.905380e+02 |    Inf |   1.21%
 2423s| 62000 | 17113 |132136k|2131.3 |  1333M |  71 | 603 |  11 |4937 |  10M|  2 |  37 |   0 |-2.781093e+09 | 9.905380e+02 |    Inf |   1.21%
 2427s| 62100 | 17145 |132378k|2131.7 |  1334M |  71 | 603 |  11 |4374 |  10M|  1 |  38 |   0 |-2.781093e+09 | 9.905380e+02 |    Inf |   1.21%
 2431s| 62200 | 17171 |132618k|2132.2 |  1339M |  71 | 603 |  11 |4598 |  10M|  3 |  38 |   0 |-2.781093e+09 | 9.905380e+02 |    Inf |   1.21%
 2436s| 62300 | 17187 |132852k|2132.5 |  1341M |  71 | 603 |  11 |4605 |  10M|  0 |  38 |   0 |-2.781093e+09 | 9.905380e+02 |    Inf |   1.21%
 2440s| 62400 | 17199 |133077k|2132.7 |  1342M |  71 | 603 |  11 |4302 |  10M|  1 |  38 |   0 |-2.781093e+09 | 9.905380e+02 |    Inf |   1.21%
 2444s| 62500 | 17231 |133291k|2132.7 |  1344M |  71 | 603 |  11 |   0 |  10M|  0 |  38 |   0 |-2.781093e+09 | 9.905380e+02 |    Inf |   1.21%
 2448s| 62600 | 17265 |133557k|2133.5 |  1346M |  71 | 603 |  11 |4875 |  10M|  2 |  38 |   0 |-2.781093e+09 | 9.905380e+02 |    Inf |   1.21%
 2453s| 62700 | 17271 |133785k|2133.8 |  1348M |  71 | 603 |  11 |4507 |  10M|  2 |  38 |   0 |-2.781093e+09 | 9.905380e+02 |    Inf |   1.21%
 2457s| 62800 | 17299 |134007k|2133.9 |  1349M |  71 | 603 |  11 |   0 |  10M|  0 |  38 |   0 |-2.781093e+09 | 9.905380e+02 |    Inf |   1.21%
 time | node  | left  |LP iter|LP it/n|mem/heur|mdpt |vars |cons |rows |cuts |sepa|confs|strbr|  dualbound   | primalbound  |  gap   | compl. 
 2460s| 62900 | 17311 |134229k|2134.0 |  1351M |  71 | 603 |  11 |   0 |  10M|  0 |  38 |   0 |-2.781093e+09 | 9.905380e+02 |    Inf |   1.21%
 2464s| 63000 | 17329 |134415k|2133.6 |  1352M |  71 | 603 |  11 |4257 |  10M|  2 |  38 |   0 |-2.781093e+09 | 9.905380e+02 |    Inf |   1.21%
 2468s| 63100 | 17367 |134628k|2133.6 |  1355M |  71 | 603 |  11 |4012 |  10M|  2 |  38 |   0 |-2.781093e+09 | 9.905380e+02 |    Inf |   1.21%
 2472s| 63200 | 17405 |134864k|2134.0 |  1357M |  71 | 603 |  11 |4023 |  10M|  3 |  38 |   0 |-2.781093e+09 | 9.905380e+02 |    Inf |   1.21%
 2476s| 63300 | 17443 |135097k|2134.3 |  1361M |  71 | 603 |  11 |4215 |  10M|  2 |  38 |   0 |-2.781093e+09 | 9.905380e+02 |    Inf |   1.21%
 2479s| 63400 | 17467 |135307k|2134.2 |  1363M |  71 | 603 |  10 |4139 |  10M|  3 |  38 |   0 |-2.781093e+09 | 9.905380e+02 |    Inf |   1.21%
 2483s| 63500 | 17475 |135509k|2134.0 |  1364M |  71 | 603 |  10 |   0 |  10M|  0 |  38 |   0 |-2.781093e+09 | 9.905380e+02 |    Inf |   1.21%
 2487s| 63600 | 17485 |135726k|2134.1 |  1366M |  71 | 603 |  10 |   0 |  10M|  0 |  38 |   0 |-2.781093e+09 | 9.905380e+02 |    Inf |   1.21%
 2490s| 63700 | 17519 |135919k|2133.8 |  1369M |  71 | 603 |  10 |4229 |  10M|  2 |  38 |   0 |-2.781093e+09 | 9.905380e+02 |    Inf |   1.21%
 2494s| 63800 | 17539 |136157k|2134.2 |  1369M |  71 | 603 |  10 |4052 |  10M|  2 |  38 |   0 |-2.781093e+09 | 9.905380e+02 |    Inf |   1.21%
 2499s| 63900 | 17549 |136377k|2134.3 |  1372M |  71 | 603 |  10 |4206 |  10M|  2 |  38 |   0 |-2.781093e+09 | 9.905380e+02 |    Inf |   1.21%
 2503s| 64000 | 17571 |136605k|2134.5 |  1376M |  71 | 603 |  10 |   0 |  10M|  0 |  38 |   0 |-2.781093e+09 | 9.905380e+02 |    Inf |   1.21%
 2507s| 64100 | 17587 |136833k|2134.7 |  1376M |  71 | 603 |  10 |4522 |  10M|  2 |  38 |   0 |-2.781093e+09 | 9.905380e+02 |    Inf |   1.21%
 2511s| 64200 | 17607 |137022k|2134.3 |  1378M |  71 | 603 |  11 |4263 |  10M|  1 |  39 |   0 |-2.781093e+09 | 9.905380e+02 |    Inf |   1.21%
 2515s| 64300 | 17645 |137237k|2134.4 |  1380M |  71 | 603 |  12 |3767 |  10M|  2 |  41 |   0 |-2.781093e+09 | 9.905380e+02 |    Inf |   1.21%
 time | node  | left  |LP iter|LP it/n|mem/heur|mdpt |vars |cons |rows |cuts |sepa|confs|strbr|  dualbound   | primalbound  |  gap   | compl. 
 2519s| 64400 | 17655 |137457k|2134.5 |  1380M |  71 | 603 |  12 |4746 |  10M|  2 |  41 |   0 |-2.781093e+09 | 9.905380e+02 |    Inf |   1.21%
 2523s| 64500 | 17667 |137686k|2134.7 |  1382M |  71 | 603 |  12 |4728 |  10M|  1 |  41 |   0 |-2.781093e+09 | 9.905380e+02 |    Inf |   1.21%
 2527s| 64600 | 17679 |137912k|2134.9 |  1382M |  71 | 603 |  12 |3497 |  10M|  4 |  41 |   0 |-2.781093e+09 | 9.905380e+02 |    Inf |   1.21%
 2532s| 64700 | 17721 |138172k|2135.6 |  1384M |  71 | 603 |  12 |4215 |  10M|  1 |  41 |   0 |-2.781093e+09 | 9.905380e+02 |    Inf |   1.21%
 2536s| 64800 | 17751 |138394k|2135.7 |  1386M |  71 | 603 |  12 |4506 |  10M|  2 |  41 |   0 |-2.781093e+09 | 9.905380e+02 |    Inf |   1.21%
 2540s| 64900 | 17765 |138634k|2136.2 |  1387M |  71 | 603 |  12 |4249 |  10M|  2 |  41 |   0 |-2.781093e+09 | 9.905380e+02 |    Inf |   1.21%
 2544s| 65000 | 17815 |138860k|2136.3 |  1390M |  71 | 603 |  12 |4678 |  10M|  2 |  41 |   0 |-2.781093e+09 | 9.905380e+02 |    Inf |   1.21%
 2549s| 65100 | 17841 |139087k|2136.6 |  1392M |  71 | 603 |  12 |4684 |  10M|  2 |  41 |   0 |-2.781093e+09 | 9.905380e+02 |    Inf |   1.21%
 2553s| 65200 | 17845 |139285k|2136.3 |  1393M |  71 | 603 |  12 |4678 |  10M|  5 |  41 |   0 |-2.781093e+09 | 9.905380e+02 |    Inf |   1.21%
 2557s| 65300 | 17863 |139520k|2136.6 |  1394M |  71 | 603 |  12 |4738 |  10M|  1 |  41 |   0 |-2.781093e+09 | 9.905380e+02 |    Inf |   1.21%
 2561s| 65400 | 17877 |139729k|2136.6 |  1396M |  71 | 603 |  13 |   0 |  10M|  0 |  42 |   0 |-2.781093e+09 | 9.905380e+02 |    Inf |   1.21%
 2564s| 65500 | 17899 |139929k|2136.4 |  1397M |  71 | 603 |  13 |4394 |  10M|  3 |  43 |   0 |-2.781093e+09 | 9.905380e+02 |    Inf |   1.21%
 2568s| 65600 | 17921 |140141k|2136.3 |  1401M |  71 | 603 |  13 |4618 |  10M|  0 |  43 |   0 |-2.781093e+09 | 9.905380e+02 |    Inf |   1.21%
 2572s| 65700 | 17935 |140351k|2136.3 |  1405M |  71 | 603 |  13 |4513 |  10M|  3 |  43 |   0 |-2.781093e+09 | 9.905380e+02 |    Inf |   1.21%
 2576s| 65800 | 17941 |140575k|2136.4 |  1407M |  71 | 603 |  13 |5109 |  10M|  2 |  43 |   0 |-2.781093e+09 | 9.905380e+02 |    Inf |   1.21%
 time | node  | left  |LP iter|LP it/n|mem/heur|mdpt |vars |cons |rows |cuts |sepa|confs|strbr|  dualbound   | primalbound  |  gap   | compl. 
 2580s| 65900 | 17983 |140783k|2136.3 |  1408M |  71 | 603 |  12 |4000 |  10M|  2 |  43 |   0 |-2.781093e+09 | 9.905380e+02 |    Inf |   1.21%
 2583s| 66000 | 18039 |140997k|2136.4 |  1411M |  71 | 603 |  12 |3899 |  10M|  1 |  43 |   0 |-2.781093e+09 | 9.905380e+02 |    Inf |   1.21%
 2587s| 66100 | 18077 |141180k|2135.9 |  1413M |  71 | 603 |  12 |4117 |  10M|  0 |  43 |   0 |-2.781093e+09 | 9.905380e+02 |    Inf |   1.21%
 2590s| 66200 | 18111 |141404k|2136.1 |  1416M |  71 | 603 |  12 |4281 |  10M|  2 |  43 |   0 |-2.781093e+09 | 9.905380e+02 |    Inf |   1.21%
 2594s| 66300 | 18119 |141603k|2135.8 |  1419M |  71 | 603 |  12 |4162 |  10M|  2 |  43 |   0 |-2.781093e+09 | 9.905380e+02 |    Inf |   1.21%
 2597s| 66400 | 18117 |141795k|2135.5 |  1421M |  71 | 603 |  12 |4196 |  11M|  3 |  43 |   0 |-2.781093e+09 | 9.905380e+02 |    Inf |   1.21%
 2601s| 66500 | 18149 |142002k|2135.4 |  1423M |  71 | 603 |  12 |5774 |  11M|  1 |  43 |   0 |-2.781093e+09 | 9.905380e+02 |    Inf |   1.21%
 2605s| 66600 | 18193 |142248k|2135.9 |  1426M |  71 | 603 |  12 |5728 |  11M|  0 |  43 |   0 |-2.781093e+09 | 9.905380e+02 |    Inf |   1.21%
 2609s| 66700 | 18231 |142486k|2136.3 |  1430M |  71 | 603 |  12 |4580 |  11M|  2 |  43 |   0 |-2.781093e+09 | 9.905380e+02 |    Inf |   1.21%
 2612s| 66800 | 18255 |142702k|2136.3 |  1434M |  71 | 603 |  12 |4433 |  11M|  0 |  43 |   0 |-2.781093e+09 | 9.905380e+02 |    Inf |   1.21%
 2617s| 66900 | 18293 |142939k|2136.6 |  1435M |  71 | 603 |  12 |4431 |  11M|  2 |  43 |   0 |-2.781093e+09 | 9.905380e+02 |    Inf |   1.21%
 2621s| 67000 | 18313 |143168k|2136.9 |  1440M |  71 | 603 |  12 |   0 |  11M|  0 |  43 |   0 |-2.781093e+09 | 9.905380e+02 |    Inf |   1.21%
 2625s| 67100 | 18335 |143437k|2137.7 |  1444M |  71 | 603 |  12 |4279 |  11M|  4 |  43 |   0 |-2.781093e+09 | 9.905380e+02 |    Inf |   1.21%
 2630s| 67200 | 18357 |143664k|2137.9 |  1449M |  71 | 603 |  12 |4320 |  11M|  3 |  44 |   0 |-2.781093e+09 | 9.905380e+02 |    Inf |   1.21%
 2634s| 67300 | 18379 |143873k|2137.8 |  1453M |  71 | 603 |  12 |4602 |  11M|  4 |  44 |   0 |-2.781093e+09 | 9.905380e+02 |    Inf |   1.21%
 time | node  | left  |LP iter|LP it/n|mem/heur|mdpt |vars |cons |rows |cuts |sepa|confs|strbr|  dualbound   | primalbound  |  gap   | compl. 
 2638s| 67400 | 18397 |144098k|2138.0 |  1454M |  71 | 603 |  12 |4061 |  11M|  2 |  44 |   0 |-2.781093e+09 | 9.905380e+02 |    Inf |   1.21%
 2641s| 67500 | 18427 |144305k|2137.9 |  1458M |  71 | 603 |  12 |4220 |  11M|  2 |  44 |   0 |-2.781093e+09 | 9.905380e+02 |    Inf |   1.21%
 2645s| 67600 | 18455 |144535k|2138.1 |  1462M |  71 | 603 |  12 |4028 |  11M|  2 |  44 |   0 |-2.781093e+09 | 9.905380e+02 |    Inf |   1.21%
 2649s| 67700 | 18475 |144730k|2137.9 |  1464M |  71 | 603 |  12 |4417 |  11M|  2 |  44 |   0 |-2.781093e+09 | 9.905380e+02 |    Inf |   1.21%
 2653s| 67800 | 18503 |144949k|2137.9 |  1465M |  71 | 603 |  12 |2826 |  11M|  2 |  44 |   0 |-2.781093e+09 | 9.905380e+02 |    Inf |   1.21%
 2657s| 67900 | 18543 |145165k|2138.0 |  1467M |  71 | 603 |  12 |4411 |  11M|  2 |  45 |   0 |-2.781093e+09 | 9.905380e+02 |    Inf |   1.21%
 2661s| 68000 | 18549 |145354k|2137.6 |  1469M |  71 | 603 |  12 |4125 |  11M|  2 |  45 |   0 |-2.781093e+09 | 9.905380e+02 |    Inf |   1.21%
 2665s| 68100 | 18599 |145609k|2138.2 |  1472M |  71 | 603 |  13 |4149 |  11M|  3 |  46 |   0 |-2.781093e+09 | 9.905380e+02 |    Inf |   1.21%
 2670s| 68200 | 18657 |145900k|2139.3 |  1476M |  71 | 603 |  13 |4443 |  11M|  3 |  46 |   0 |-2.781093e+09 | 9.905380e+02 |    Inf |   1.21%
 2674s| 68300 | 18685 |146156k|2139.9 |  1479M |  71 | 603 |  13 |3935 |  11M|  2 |  46 |   0 |-2.781093e+09 | 9.905380e+02 |    Inf |   1.21%
 2679s| 68400 | 18723 |146414k|2140.6 |  1481M |  71 | 603 |  13 |3858 |  11M|  2 |  46 |   0 |-2.781093e+09 | 9.905380e+02 |    Inf |   1.21%
 2682s| 68500 | 18765 |146638k|2140.7 |  1482M |  71 | 603 |  13 |4447 |  11M|  0 |  46 |   0 |-2.781093e+09 | 9.905380e+02 |    Inf |   1.21%
 2687s| 68600 | 18779 |146874k|2141.1 |  1468M |  71 | 603 |  13 |4577 |  11M|  1 |  46 |   0 |-2.781093e+09 | 9.905380e+02 |    Inf |   1.21%
 2691s| 68700 | 18799 |147129k|2141.7 |  1470M |  71 | 603 |  13 |4348 |  11M|  2 |  46 |   0 |-2.781093e+09 | 9.905380e+02 |    Inf |   1.21%
 2695s| 68800 | 18803 |147329k|2141.5 |  1471M |  71 | 603 |  13 |5190 |  11M|  3 |  46 |   0 |-2.781093e+09 | 9.905380e+02 |    Inf |   1.21%
 time | node  | left  |LP iter|LP it/n|mem/heur|mdpt |vars |cons |rows |cuts |sepa|confs|strbr|  dualbound   | primalbound  |  gap   | compl. 
 2699s| 68900 | 18833 |147584k|2142.0 |  1474M |  71 | 603 |  13 |3602 |  11M|  2 |  46 |   0 |-2.781093e+09 | 9.905380e+02 |    Inf |   1.21%
 2703s| 69000 | 18867 |147796k|2142.0 |  1476M |  71 | 603 |  13 |4657 |  11M|  2 |  47 |   0 |-2.781093e+09 | 9.905380e+02 |    Inf |   1.21%
 2707s| 69100 | 18885 |148025k|2142.2 |  1479M |  71 | 603 |  13 |4167 |  11M|  2 |  47 |   0 |-2.781093e+09 | 9.905380e+02 |    Inf |   1.21%
 2711s| 69200 | 18911 |148280k|2142.8 |  1482M |  71 | 603 |  13 |4255 |  11M|  2 |  47 |   0 |-2.781093e+09 | 9.905380e+02 |    Inf |   1.21%
 2715s| 69300 | 18929 |148519k|2143.2 |  1483M |  71 | 603 |  13 |   0 |  11M|  0 |  47 |   0 |-2.781093e+09 | 9.905380e+02 |    Inf |   1.21%
 2719s| 69400 | 18947 |148719k|2143.0 |  1487M |  71 | 603 |  13 |4336 |  11M|  2 |  47 |   0 |-2.781093e+09 | 9.905380e+02 |    Inf |   1.21%
 2723s| 69500 | 18965 |148957k|2143.3 |  1488M |  71 | 603 |  13 |4355 |  11M|  4 |  47 |   0 |-2.781093e+09 | 9.905380e+02 |    Inf |   1.21%
 2727s| 69600 | 18985 |149131k|2142.7 |  1491M |  71 | 603 |  13 |4574 |  11M|  2 |  47 |   0 |-2.781093e+09 | 9.905380e+02 |    Inf |   1.21%
 2731s| 69700 | 19003 |149339k|2142.6 |  1492M |  71 | 603 |  13 |4420 |  11M|  2 |  47 |   0 |-2.781093e+09 | 9.905380e+02 |    Inf |   1.21%
 2734s| 69800 | 19021 |149548k|2142.6 |  1495M |  71 | 603 |  13 |4531 |  11M|  3 |  47 |   0 |-2.781093e+09 | 9.905380e+02 |    Inf |   1.21%
 2739s| 69900 | 19041 |149772k|2142.7 |  1499M |  71 | 603 |  13 |4495 |  11M|  0 |  47 |   0 |-2.781093e+09 | 9.905380e+02 |    Inf |   1.21%
 2742s| 70000 | 19049 |149977k|2142.6 |  1501M |  71 | 603 |  11 |   0 |  11M|  0 |  48 |   0 |-2.781093e+09 | 9.905380e+02 |    Inf |   1.21%
 2746s| 70100 | 19065 |150198k|2142.7 |  1503M |  71 | 603 |  10 |4208 |  11M|  2 |  48 |   0 |-2.781093e+09 | 9.905380e+02 |    Inf |   1.21%
 2750s| 70200 | 19103 |150426k|2142.9 |  1506M |  71 | 603 |  11 |3699 |  11M|  2 |  49 |   0 |-2.781093e+09 | 9.905380e+02 |    Inf |   1.21%
 2754s| 70300 | 19163 |150694k|2143.6 |  1508M |  71 | 603 |  11 |4623 |  11M|  2 |  49 |   0 |-2.781093e+09 | 9.905380e+02 |    Inf |   1.21%
 time | node  | left  |LP iter|LP it/n|mem/heur|mdpt |vars |cons |rows |cuts |sepa|confs|strbr|  dualbound   | primalbound  |  gap   | compl. 
 2758s| 70400 | 19203 |150878k|2143.2 |  1510M |  71 | 603 |  11 |4353 |  11M|  1 |  49 |   0 |-2.781093e+09 | 9.905380e+02 |    Inf |   1.21%
 2762s| 70500 | 19217 |151121k|2143.6 |  1514M |  71 | 603 |  11 |4546 |  11M|  1 |  49 |   0 |-2.781093e+09 | 9.905380e+02 |    Inf |   1.21%
 2766s| 70600 | 19275 |151336k|2143.6 |  1517M |  71 | 603 |  11 |4784 |  11M|  2 |  49 |   0 |-2.781093e+09 | 9.905380e+02 |    Inf |   1.21%
 2770s| 70700 | 19317 |151593k|2144.2 |  1520M |  71 | 603 |  11 |4060 |  11M|  2 |  49 |   0 |-2.781093e+09 | 9.905380e+02 |    Inf |   1.21%
 2774s| 70800 | 19353 |151829k|2144.5 |  1522M |  71 | 603 |  11 |4053 |  11M|  2 |  49 |   0 |-2.781093e+09 | 9.905380e+02 |    Inf |   1.21%
 2777s| 70900 | 19397 |152031k|2144.3 |  1523M |  71 | 603 |  11 |4818 |  11M|  2 |  49 |   0 |-2.781093e+09 | 9.905380e+02 |    Inf |   1.21%
 2781s| 71000 | 19447 |152256k|2144.5 |  1525M |  71 | 603 |  11 |4230 |  11M|  1 |  49 |   0 |-2.781093e+09 | 9.905380e+02 |    Inf |   1.21%
 2786s| 71100 | 19469 |152493k|2144.8 |  1527M |  71 | 603 |  11 |4518 |  11M|  1 |  49 |   0 |-2.781093e+09 | 9.905380e+02 |    Inf |   1.21%
 2790s| 71200 | 19487 |152723k|2145.0 |  1528M |  71 | 603 |  11 |4105 |  11M|  2 |  49 |   0 |-2.781093e+09 | 9.905380e+02 |    Inf |   1.21%
 2794s| 71300 | 19519 |152977k|2145.6 |  1529M |  71 | 603 |  11 |4293 |  11M|  2 |  49 |   0 |-2.781093e+09 | 9.905380e+02 |    Inf |   1.21%
 2798s| 71400 | 19531 |153196k|2145.6 |  1531M |  71 | 603 |  11 |4974 |  11M|  1 |  49 |   0 |-2.781093e+09 | 9.905380e+02 |    Inf |   1.21%
 2802s| 71500 | 19559 |153419k|2145.7 |  1532M |  71 | 603 |  11 |4324 |  11M|  1 |  49 |   0 |-2.781093e+09 | 9.905380e+02 |    Inf |   1.21%
 2806s| 71600 | 19569 |153655k|2146.1 |  1533M |  71 | 603 |  11 |4222 |  11M|  3 |  49 |   0 |-2.781093e+09 | 9.905380e+02 |    Inf |   1.21%
 2810s| 71700 | 19593 |153843k|2145.7 |  1534M |  71 | 603 |  11 |4776 |  11M|  1 |  49 |   0 |-2.781093e+09 | 9.905380e+02 |    Inf |   1.21%
 2814s| 71800 | 19607 |154083k|2146.0 |  1536M |  71 | 603 |  11 |4174 |  11M|  2 |  49 |   0 |-2.781093e+09 | 9.905380e+02 |    Inf |   1.21%
 time | node  | left  |LP iter|LP it/n|mem/heur|mdpt |vars |cons |rows |cuts |sepa|confs|strbr|  dualbound   | primalbound  |  gap   | compl. 
 2818s| 71900 | 19637 |154305k|2146.1 |  1538M |  71 | 603 |  11 |4854 |  11M|  3 |  49 |   0 |-2.781093e+09 | 9.905380e+02 |    Inf |   1.21%
 2822s| 72000 | 19649 |154519k|2146.1 |  1538M |  71 | 603 |  11 |4709 |  11M|  2 |  49 |   0 |-2.781093e+09 | 9.905380e+02 |    Inf |   1.21%
 2826s| 72100 | 19659 |154695k|2145.6 |  1539M |  71 | 603 |  11 |4378 |  11M|  2 |  49 |   0 |-2.781093e+09 | 9.905380e+02 |    Inf |   1.21%
 2830s| 72200 | 19677 |154911k|2145.6 |  1540M |  71 | 603 |  11 |3458 |  12M|  2 |  49 |   0 |-2.781093e+09 | 9.905380e+02 |    Inf |   1.21%
 2834s| 72300 | 19715 |155156k|2146.0 |  1543M |  71 | 603 |  11 |4696 |  12M|  1 |  49 |   0 |-2.781093e+09 | 9.905380e+02 |    Inf |   1.21%
 2839s| 72400 | 19767 |155450k|2147.1 |  1544M |  71 | 603 |  11 |4475 |  12M|  2 |  49 |   0 |-2.781093e+09 | 9.905380e+02 |    Inf |   1.21%
 2843s| 72500 | 19815 |155690k|2147.5 |  1548M |  71 | 603 |  11 |4278 |  12M|  2 |  49 |   0 |-2.781093e+09 | 9.905380e+02 |    Inf |   1.21%
 2847s| 72600 | 19855 |155977k|2148.5 |  1550M |  71 | 603 |  11 |4291 |  12M|  2 |  49 |   0 |-2.781093e+09 | 9.905380e+02 |    Inf |   1.21%
 2851s| 72700 | 19895 |156257k|2149.4 |  1552M |  71 | 603 |  11 |   0 |  12M|  0 |  49 |   0 |-2.781093e+09 | 9.905380e+02 |    Inf |   1.21%
 2856s| 72800 | 19963 |156563k|2150.6 |  1555M |  71 | 603 |  11 |4220 |  12M|  2 |  49 |   0 |-2.781093e+09 | 9.905380e+02 |    Inf |   1.21%
 2861s| 72900 | 20023 |156870k|2151.9 |  1557M |  71 | 603 |  11 |4488 |  12M|  2 |  49 |   0 |-2.781093e+09 | 9.905380e+02 |    Inf |   1.21%
 2865s| 73000 | 20079 |157140k|2152.6 |  1559M |  71 | 603 |  11 |3935 |  12M|  0 |  50 |   0 |-2.781093e+09 | 9.905380e+02 |    Inf |   1.21%
 2870s| 73100 | 20129 |157452k|2154.0 |  1563M |  71 | 603 |  11 |4776 |  12M|  2 |  50 |   0 |-2.781093e+09 | 9.905380e+02 |    Inf |   1.21%
 2874s| 73200 | 20165 |157722k|2154.7 |  1564M |  71 | 603 |  11 |3632 |  12M|  3 |  50 |   0 |-2.781093e+09 | 9.905380e+02 |    Inf |   1.21%
 2879s| 73300 | 20223 |158003k|2155.6 |  1566M |  71 | 603 |  11 |4157 |  12M|  2 |  50 |   0 |-2.781093e+09 | 9.905380e+02 |    Inf |   1.21%
 time | node  | left  |LP iter|LP it/n|mem/heur|mdpt |vars |cons |rows |cuts |sepa|confs|strbr|  dualbound   | primalbound  |  gap   | compl. 
 2883s| 73400 | 20253 |158259k|2156.2 |  1568M |  71 | 603 |  11 |4420 |  12M|  2 |  50 |   0 |-2.781093e+09 | 9.905380e+02 |    Inf |   1.21%
 2888s| 73500 | 20309 |158520k|2156.8 |  1569M |  71 | 603 |  11 |4160 |  12M|  2 |  50 |   0 |-2.781093e+09 | 9.905380e+02 |    Inf |   1.21%
 2892s| 73600 | 20341 |158781k|2157.4 |  1571M |  71 | 603 |  11 |4919 |  12M|  2 |  50 |   0 |-2.781093e+09 | 9.905380e+02 |    Inf |   1.21%
 2897s| 73700 | 20381 |159055k|2158.2 |  1574M |  71 | 603 |  11 |4019 |  12M|  2 |  50 |   0 |-2.781093e+09 | 9.905380e+02 |    Inf |   1.21%
 2902s| 73800 | 20419 |159353k|2159.3 |  1576M |  71 | 603 |  11 |4248 |  12M|  3 |  50 |   0 |-2.781093e+09 | 9.905380e+02 |    Inf |   1.21%
 2905s| 73900 | 20451 |159542k|2158.9 |  1578M |  71 | 603 |  11 |4178 |  12M|  1 |  50 |   0 |-2.781093e+09 | 9.905380e+02 |    Inf |   1.21%
 2909s| 74000 | 20469 |159763k|2159.0 |  1579M |  71 | 603 |  11 |   0 |  12M|  0 |  50 |   0 |-2.781093e+09 | 9.905380e+02 |    Inf |   1.21%
 2913s| 74100 | 20485 |159982k|2159.0 |  1581M |  71 | 603 |  11 |3832 |  12M|  1 |  50 |   0 |-2.781093e+09 | 9.905380e+02 |    Inf |   1.21%
 2917s| 74200 | 20507 |160222k|2159.4 |  1584M |  71 | 603 |  11 |4312 |  12M|  1 |  50 |   0 |-2.781093e+09 | 9.905380e+02 |    Inf |   1.21%
 2920s| 74300 | 20513 |160425k|2159.2 |  1584M |  71 | 603 |  11 |4698 |  12M|  1 |  50 |   0 |-2.781093e+09 | 9.905380e+02 |    Inf |   1.21%
 2925s| 74400 | 20547 |160668k|2159.5 |  1585M |  71 | 603 |  11 |3855 |  12M|  3 |  50 |   0 |-2.781093e+09 | 9.905380e+02 |    Inf |   1.21%
 2929s| 74500 | 20607 |160946k|2160.4 |  1590M |  71 | 603 |  11 |4257 |  12M|  3 |  50 |   0 |-2.781093e+09 | 9.905380e+02 |    Inf |   1.21%
 2933s| 74600 | 20649 |161184k|2160.7 |  1590M |  71 | 603 |  11 |   0 |  12M|  0 |  50 |   0 |-2.781093e+09 | 9.905380e+02 |    Inf |   1.21%
 2937s| 74700 | 20683 |161442k|2161.2 |  1592M |  71 | 603 |  12 |4703 |  12M|  2 |  51 |   0 |-2.781093e+09 | 9.905380e+02 |    Inf |   1.21%
 2942s| 74800 | 20711 |161711k|2162.0 |  1594M |  71 | 603 |  11 |4460 |  12M|  2 |  51 |   0 |-2.781093e+09 | 9.905380e+02 |    Inf |   1.21%
 time | node  | left  |LP iter|LP it/n|mem/heur|mdpt |vars |cons |rows |cuts |sepa|confs|strbr|  dualbound   | primalbound  |  gap   | compl. 
 2946s| 74900 | 20743 |161944k|2162.2 |  1596M |  71 | 603 |  11 |4144 |  12M|  2 |  51 |   0 |-2.781093e+09 | 9.905380e+02 |    Inf |   1.21%
 2950s| 75000 | 20765 |162135k|2161.8 |  1598M |  71 | 603 |  11 |4212 |  12M|  0 |  52 |   0 |-2.781093e+09 | 9.905380e+02 |    Inf |   1.21%
 2953s| 75100 | 20811 |162348k|2161.8 |  1600M |  71 | 603 |  11 |3852 |  12M|  2 |  52 |   0 |-2.781093e+09 | 9.905380e+02 |    Inf |   1.21%
 2958s| 75200 | 20859 |162615k|2162.5 |  1602M |  71 | 603 |  11 |4062 |  12M|  3 |  52 |   0 |-2.781093e+09 | 9.905380e+02 |    Inf |   1.21%
 2961s| 75300 | 20879 |162805k|2162.1 |  1604M |  71 | 603 |  11 |4472 |  12M|  2 |  52 |   0 |-2.781093e+09 | 9.905380e+02 |    Inf |   1.21%
 2965s| 75400 | 20903 |162986k|2161.7 |  1607M |  71 | 603 |  11 |4405 |  12M|  2 |  52 |   0 |-2.781093e+09 | 9.905380e+02 |    Inf |   1.21%
 2969s| 75500 | 20939 |163196k|2161.6 |  1609M |  71 | 603 |  11 |   0 |  12M|  0 |  52 |   0 |-2.781093e+09 | 9.905380e+02 |    Inf |   1.21%
 2972s| 75600 | 20963 |163388k|2161.2 |  1610M |  71 | 603 |  11 |4258 |  12M|  3 |  52 |   0 |-2.781093e+09 | 9.905380e+02 |    Inf |   1.21%
 2975s| 75700 | 20985 |163576k|2160.9 |  1611M |  71 | 603 |  11 |4579 |  12M|  1 |  52 |   0 |-2.781093e+09 | 9.905380e+02 |    Inf |   1.21%
 2979s| 75800 | 21015 |163758k|2160.4 |  1614M |  71 | 603 |  11 |   0 |  12M|  0 |  52 |   0 |-2.781093e+09 | 9.905380e+02 |    Inf |   1.21%
 2983s| 75900 | 21041 |163968k|2160.3 |  1617M |  71 | 603 |  11 |   0 |  12M|  0 |  52 |   0 |-2.781093e+09 | 9.905380e+02 |    Inf |   1.21%
 2986s| 76000 | 21055 |164177k|2160.3 |  1617M |  71 | 603 |  10 |   0 |  12M|  0 |  52 |   0 |-2.781093e+09 | 9.905380e+02 |    Inf |   1.21%
 2990s| 76100 | 21071 |164413k|2160.5 |  1619M |  71 | 603 |  10 |4865 |  12M|  3 |  52 |   0 |-2.781093e+09 | 9.905380e+02 |    Inf |   1.21%
 2994s| 76200 | 21075 |164592k|2160.0 |  1619M |  71 | 603 |  10 |4544 |  12M|  2 |  52 |   0 |-2.781093e+09 | 9.905380e+02 |    Inf |   1.21%
 2998s| 76300 | 21103 |164798k|2159.9 |  1622M |  71 | 603 |  10 |4267 |  12M|  4 |  52 |   0 |-2.781093e+09 | 9.905380e+02 |    Inf |   1.21%
 time | node  | left  |LP iter|LP it/n|mem/heur|mdpt |vars |cons |rows |cuts |sepa|confs|strbr|  dualbound   | primalbound  |  gap   | compl. 
 3002s| 76400 | 21115 |164999k|2159.7 |  1623M |  71 | 603 |  10 |4243 |  12M|  2 |  52 |   0 |-2.781093e+09 | 9.905380e+02 |    Inf |   1.21%
 3005s| 76500 | 21129 |165181k|2159.3 |  1624M |  71 | 603 |  10 |5629 |  12M|  3 |  52 |   0 |-2.781093e+09 | 9.905380e+02 |    Inf |   1.21%
 3010s| 76600 | 21159 |165447k|2159.9 |  1628M |  71 | 603 |  10 |4558 |  12M|  2 |  52 |   0 |-2.781093e+09 | 9.905380e+02 |    Inf |   1.21%
 3014s| 76700 | 21189 |165689k|2160.3 |  1631M |  71 | 603 |  10 |4420 |  12M|  2 |  52 |   0 |-2.781093e+09 | 9.905380e+02 |    Inf |   1.21%
 3019s| 76800 | 21207 |165906k|2160.3 |  1631M |  71 | 603 |  10 |4287 |  12M|  0 |  52 |   0 |-2.781093e+09 | 9.905380e+02 |    Inf |   1.21%
 3022s| 76900 | 21227 |166118k|2160.2 |  1633M |  71 | 603 |  10 |   0 |  12M|  0 |  52 |   0 |-2.781093e+09 | 9.905380e+02 |    Inf |   1.21%
 3026s| 77000 | 21247 |166331k|2160.2 |  1635M |  71 | 603 |  10 |   0 |  12M|  0 |  52 |   0 |-2.781093e+09 | 9.905380e+02 |    Inf |   1.21%
 3030s| 77100 | 21273 |166530k|2160.0 |  1638M |  71 | 603 |  10 |4764 |  12M|  3 |  53 |   0 |-2.781093e+09 | 9.905380e+02 |    Inf |   1.21%
 3034s| 77200 | 21281 |166714k|2159.5 |  1640M |  71 | 603 |  10 |4408 |  12M|  0 |  53 |   0 |-2.781093e+09 | 9.905380e+02 |    Inf |   1.21%
 3038s| 77300 | 21285 |166921k|2159.4 |  1642M |  71 | 603 |  10 |4077 |  12M|  1 |  53 |   0 |-2.781093e+09 | 9.905380e+02 |    Inf |   1.21%
 3043s| 77400 | 21313 |167162k|2159.7 |  1643M |  71 | 603 |  10 |4294 |  12M|  3 |  53 |   0 |-2.781093e+09 | 9.905380e+02 |    Inf |   1.21%
 3047s| 77500 | 21327 |167367k|2159.6 |  1643M |  71 | 603 |  10 |4721 |  12M|  4 |  53 |   0 |-2.781093e+09 | 9.905380e+02 |    Inf |   1.21%
 3051s| 77600 | 21331 |167553k|2159.2 |  1644M |  71 | 603 |  10 |4652 |  12M|  2 |  54 |   0 |-2.781093e+09 | 9.905380e+02 |    Inf |   1.21%
 3055s| 77700 | 21373 |167751k|2159.0 |  1647M |  71 | 603 |  10 |3954 |  12M|  2 |  54 |   0 |-2.781093e+09 | 9.905380e+02 |    Inf |   1.21%
 3059s| 77800 | 21411 |167986k|2159.2 |  1652M |  71 | 603 |  10 |4446 |  12M|  1 |  54 |   0 |-2.781093e+09 | 9.905380e+02 |    Inf |   1.21%
 time | node  | left  |LP iter|LP it/n|mem/heur|mdpt |vars |cons |rows |cuts |sepa|confs|strbr|  dualbound   | primalbound  |  gap   | compl. 
 3063s| 77900 | 21437 |168248k|2159.8 |  1653M |  71 | 603 |  10 |4169 |  12M|  2 |  54 |   0 |-2.781093e+09 | 9.905380e+02 |    Inf |   1.21%
 3067s| 78000 | 21467 |168479k|2160.0 |  1655M |  71 | 603 |  10 |3897 |  12M|  2 |  54 |   0 |-2.781093e+09 | 9.905380e+02 |    Inf |   1.21%
 3072s| 78100 | 21501 |168759k|2160.8 |  1657M |  71 | 603 |  10 |4555 |  12M|  2 |  54 |   0 |-2.781093e+09 | 9.905380e+02 |    Inf |   1.21%
 3076s| 78200 | 21531 |168985k|2161.0 |  1659M |  71 | 603 |  10 |4673 |  12M|  0 |  54 |   0 |-2.781093e+09 | 9.905380e+02 |    Inf |   1.21%
 3080s| 78300 | 21561 |169255k|2161.6 |  1661M |  71 | 603 |  10 |4524 |  13M|  2 |  54 |   0 |-2.781093e+09 | 9.905380e+02 |    Inf |   1.21%
 3086s| 78400 | 21601 |169574k|2163.0 |  1666M |  71 | 603 |  10 |4162 |  13M|  2 |  54 |   0 |-2.781093e+09 | 9.905380e+02 |    Inf |   1.21%
 3091s| 78500 | 21635 |169885k|2164.2 |  1670M |  71 | 603 |  10 |4244 |  13M|  3 |  54 |   0 |-2.781093e+09 | 9.905380e+02 |    Inf |   1.21%
 3095s| 78600 | 21665 |170162k|2164.9 |  1674M |  71 | 603 |  10 |4248 |  13M|  2 |  54 |   0 |-2.781093e+09 | 9.905380e+02 |    Inf |   1.21%
 3099s| 78700 | 21689 |170393k|2165.1 |  1677M |  71 | 603 |  10 |4198 |  13M|  2 |  54 |   0 |-2.781093e+09 | 9.905380e+02 |    Inf |   1.21%
 3103s| 78800 | 21703 |170623k|2165.3 |  1680M |  71 | 603 |  10 |4184 |  13M|  2 |  54 |   0 |-2.781093e+09 | 9.905380e+02 |    Inf |   1.21%
 3108s| 78900 | 21719 |170878k|2165.8 |  1683M |  71 | 603 |  10 |4893 |  13M|  0 |  54 |   0 |-2.781093e+09 | 9.905380e+02 |    Inf |   1.21%
 3112s| 79000 | 21753 |171122k|2166.1 |  1685M |  71 | 603 |  10 |4132 |  13M|  2 |  54 |   0 |-2.781093e+09 | 9.905380e+02 |    Inf |   1.21%
 3117s| 79100 | 21803 |171389k|2166.8 |  1687M |  71 | 603 |  10 |3974 |  13M|  2 |  54 |   0 |-2.781093e+09 | 9.905380e+02 |    Inf |   1.21%
 3121s| 79200 | 21851 |171632k|2167.1 |  1688M |  71 | 603 |  10 |3999 |  13M|  2 |  54 |   0 |-2.781093e+09 | 9.905380e+02 |    Inf |   1.21%
 3125s| 79300 | 21883 |171873k|2167.4 |  1690M |  71 | 603 |  10 |4048 |  13M|  1 |  54 |   0 |-2.781093e+09 | 9.905380e+02 |    Inf |   1.21%
 time | node  | left  |LP iter|LP it/n|mem/heur|mdpt |vars |cons |rows |cuts |sepa|confs|strbr|  dualbound   | primalbound  |  gap   | compl. 
 3130s| 79400 | 21921 |172135k|2168.0 |  1693M |  71 | 603 |  10 |3821 |  13M|  2 |  54 |   0 |-2.781093e+09 | 9.905380e+02 |    Inf |   1.21%
 3135s| 79500 | 21963 |172453k|2169.3 |  1699M |  71 | 603 |  10 |4963 |  13M|  3 |  54 |   0 |-2.781093e+09 | 9.905380e+02 |    Inf |   1.21%
 3140s| 79600 | 22009 |172734k|2170.1 |  1701M |  71 | 603 |  10 |4110 |  13M|  1 |  54 |   0 |-2.781093e+09 | 9.905380e+02 |    Inf |   1.21%
 3144s| 79700 | 22055 |173017k|2170.9 |  1707M |  71 | 603 |  10 |4300 |  13M|  3 |  54 |   0 |-2.781093e+09 | 9.905380e+02 |    Inf |   1.21%
 3149s| 79800 | 22101 |173281k|2171.5 |  1711M |  71 | 603 |  10 |4244 |  13M|  2 |  54 |   0 |-2.781093e+09 | 9.905380e+02 |    Inf |   1.21%
 3153s| 79900 | 22143 |173550k|2172.1 |  1713M |  71 | 603 |  10 |4960 |  13M|  1 |  54 |   0 |-2.781093e+09 | 9.905380e+02 |    Inf |   1.21%
 3158s| 80000 | 22189 |173836k|2173.0 |  1715M |  71 | 603 |  10 |4508 |  13M|  2 |  54 |   0 |-2.781093e+09 | 9.905380e+02 |    Inf |   1.21%
 3162s| 80100 | 22241 |174099k|2173.6 |  1719M |  71 | 603 |  10 |4097 |  13M|  2 |  54 |   0 |-2.781093e+09 | 9.905380e+02 |    Inf |   1.21%
 3167s| 80200 | 22271 |174363k|2174.1 |  1721M |  71 | 603 |  10 |4203 |  13M|  2 |  54 |   0 |-2.781093e+09 | 9.905380e+02 |    Inf |   1.21%
 3172s| 80300 | 22307 |174619k|2174.6 |  1724M |  71 | 603 |  10 |4787 |  13M|  3 |  54 |   0 |-2.781093e+09 | 9.905380e+02 |    Inf |   1.21%
 3176s| 80400 | 22349 |174891k|2175.3 |  1729M |  71 | 603 |  10 |5048 |  13M|  1 |  54 |   0 |-2.781093e+09 | 9.905380e+02 |    Inf |   1.21%
 3181s| 80500 | 22375 |175158k|2175.9 |  1732M |  71 | 603 |  10 |4099 |  13M|  2 |  54 |   0 |-2.781093e+09 | 9.905380e+02 |    Inf |   1.21%
 3186s| 80600 | 22409 |175440k|2176.7 |  1736M |  71 | 603 |  10 |5173 |  13M|  1 |  54 |   0 |-2.781093e+09 | 9.905380e+02 |    Inf |   1.21%
 3191s| 80700 | 22431 |175705k|2177.3 |  1718M |  71 | 603 |  10 |4707 |  13M|  2 |  54 |   0 |-2.781093e+09 | 9.905380e+02 |    Inf |   1.21%
 3195s| 80800 | 22463 |175966k|2177.8 |  1719M |  71 | 603 |  10 |4762 |  13M|  0 |  54 |   0 |-2.781093e+09 | 9.905380e+02 |    Inf |   1.21%
 time | node  | left  |LP iter|LP it/n|mem/heur|mdpt |vars |cons |rows |cuts |sepa|confs|strbr|  dualbound   | primalbound  |  gap   | compl. 
 3200s| 80900 | 22501 |176244k|2178.6 |  1721M |  71 | 603 |  10 |4454 |  13M|  2 |  54 |   0 |-2.781093e+09 | 9.905380e+02 |    Inf |   1.21%
 3205s| 81000 | 22537 |176501k|2179.1 |  1724M |  71 | 603 |  10 |4358 |  13M|  1 |  54 |   0 |-2.781093e+09 | 9.905380e+02 |    Inf |   1.21%
 3209s| 81100 | 22559 |176746k|2179.4 |  1725M |  71 | 603 |  10 |4192 |  13M|  3 |  54 |   0 |-2.781093e+09 | 9.905380e+02 |    Inf |   1.21%
 3213s| 81200 | 22609 |177013k|2180.0 |  1728M |  71 | 603 |  10 |4304 |  13M|  1 |  54 |   0 |-2.781093e+09 | 9.905380e+02 |    Inf |   1.21%
 3218s| 81300 | 22647 |177276k|2180.5 |  1732M |  71 | 603 |   9 |4396 |  13M|  2 |  54 |   0 |-2.781093e+09 | 9.905380e+02 |    Inf |   1.21%
 3222s| 81400 | 22667 |177518k|2180.8 |  1733M |  71 | 603 |   9 |   0 |  13M|  0 |  54 |   0 |-2.781093e+09 | 9.905380e+02 |    Inf |   1.21%
 3226s| 81500 | 22687 |177727k|2180.7 |  1735M |  71 | 603 |   9 |4389 |  13M|  2 |  54 |   0 |-2.781093e+09 | 9.905380e+02 |    Inf |   1.21%
 3231s| 81600 | 22701 |177968k|2181.0 |  1736M |  71 | 603 |   9 |4489 |  13M|  1 |  54 |   0 |-2.781093e+09 | 9.905380e+02 |    Inf |   1.21%
 3235s| 81700 | 22731 |178225k|2181.5 |  1738M |  71 | 603 |   9 |4683 |  13M|  1 |  54 |   0 |-2.781093e+09 | 9.905380e+02 |    Inf |   1.21%
 3240s| 81800 | 22753 |178464k|2181.7 |  1740M |  71 | 603 |   9 |4480 |  13M|  2 |  54 |   0 |-2.781093e+09 | 9.905380e+02 |    Inf |   1.21%
 3244s| 81900 | 22803 |178708k|2182.1 |  1741M |  71 | 603 |   9 |4380 |  13M|  2 |  54 |   0 |-2.781093e+09 | 9.905380e+02 |    Inf |   1.21%
 3248s| 82000 | 22863 |178999k|2182.9 |  1743M |  71 | 603 |   9 |   0 |  13M|  0 |  54 |   0 |-2.781093e+09 | 9.905380e+02 |    Inf |   1.21%
 3252s| 82100 | 22907 |179283k|2183.7 |  1747M |  71 | 603 |   9 |4168 |  13M|  2 |  54 |   0 |-2.781093e+09 | 9.905380e+02 |    Inf |   1.21%
 3257s| 82200 | 22939 |179538k|2184.2 |  1748M |  71 | 603 |   9 |4227 |  13M|  4 |  54 |   0 |-2.781093e+09 | 9.905380e+02 |    Inf |   1.21%
 3262s| 82300 | 22983 |179817k|2184.9 |  1751M |  71 | 603 |   9 |4280 |  13M|  2 |  54 |   0 |-2.781093e+09 | 9.905380e+02 |    Inf |   1.21%
 time | node  | left  |LP iter|LP it/n|mem/heur|mdpt |vars |cons |rows |cuts |sepa|confs|strbr|  dualbound   | primalbound  |  gap   | compl. 
 3266s| 82400 | 23007 |180039k|2185.0 |  1753M |  71 | 603 |   9 |4632 |  13M|  3 |  54 |   0 |-2.781093e+09 | 9.905380e+02 |    Inf |   1.21%
 3270s| 82500 | 23039 |180284k|2185.3 |  1755M |  71 | 603 |   9 |4293 |  13M|  1 |  54 |   0 |-2.781093e+09 | 9.905380e+02 |    Inf |   1.21%
 3274s| 82600 | 23053 |180513k|2185.4 |  1757M |  71 | 603 |   9 |4423 |  13M|  2 |  54 |   0 |-2.781093e+09 | 9.905380e+02 |    Inf |   1.21%
 3279s| 82700 | 23071 |180751k|2185.6 |  1758M |  71 | 603 |   9 |4064 |  13M|  1 |  54 |   0 |-2.781093e+09 | 9.905380e+02 |    Inf |   1.21%
 3283s| 82800 | 23099 |181000k|2186.0 |  1761M |  71 | 603 |   9 |4427 |  13M|  2 |  54 |   0 |-2.781093e+09 | 9.905380e+02 |    Inf |   1.21%
 3288s| 82900 | 23121 |181255k|2186.5 |  1763M |  71 | 603 |   9 |4353 |  13M|  2 |  54 |   0 |-2.781093e+09 | 9.905380e+02 |    Inf |   1.21%
 3292s| 83000 | 23147 |181488k|2186.6 |  1764M |  71 | 603 |   9 |4474 |  13M|  2 |  54 |   0 |-2.781093e+09 | 9.905380e+02 |    Inf |   1.21%
 3297s| 83100 | 23157 |181693k|2186.5 |  1765M |  71 | 603 |   9 |4674 |  13M|  1 |  54 |   0 |-2.781093e+09 | 9.905380e+02 |    Inf |   1.21%
 3302s| 83200 | 23187 |181950k|2186.9 |  1767M |  71 | 603 |   9 |4280 |  13M|  2 |  54 |   0 |-2.781093e+09 | 9.905380e+02 |    Inf |   1.21%
 3306s| 83300 | 23199 |182159k|2186.8 |  1769M |  71 | 603 |   9 |4793 |  13M|  0 |  54 |   0 |-2.781093e+09 | 9.905380e+02 |    Inf |   1.21%
 3311s| 83400 | 23237 |182449k|2187.7 |  1770M |  71 | 603 |   9 |   0 |  13M|  0 |  54 |   0 |-2.781093e+09 | 9.905380e+02 |    Inf |   1.21%
 3315s| 83500 | 23259 |182692k|2188.0 |  1772M |  71 | 603 |   9 |4986 |  13M|  2 |  54 |   0 |-2.781093e+09 | 9.905380e+02 |    Inf |   1.21%
 3319s| 83600 | 23299 |182949k|2188.4 |  1774M |  71 | 603 |   9 |5331 |  13M|  3 |  54 |   0 |-2.781093e+09 | 9.905380e+02 |    Inf |   1.21%
 3324s| 83700 | 23343 |183202k|2188.8 |  1778M |  71 | 603 |   9 |5204 |  13M|  4 |  54 |   0 |-2.781093e+09 | 9.905380e+02 |    Inf |   1.21%
 3328s| 83800 | 23371 |183425k|2188.9 |  1779M |  71 | 603 |   9 |5156 |  13M|  3 |  54 |   0 |-2.781093e+09 | 9.905380e+02 |    Inf |   1.21%
 time | node  | left  |LP iter|LP it/n|mem/heur|mdpt |vars |cons |rows |cuts |sepa|confs|strbr|  dualbound   | primalbound  |  gap   | compl. 
 3333s| 83900 | 23415 |183684k|2189.4 |  1781M |  71 | 603 |   9 |4619 |  13M|  2 |  54 |   0 |-2.781093e+09 | 9.905380e+02 |    Inf |   1.21%
 3338s| 84000 | 23441 |183948k|2189.9 |  1783M |  71 | 603 |   9 |5012 |  13M|  1 |  54 |   0 |-2.781093e+09 | 9.905380e+02 |    Inf |   1.21%
 3343s| 84100 | 23461 |184218k|2190.5 |  1783M |  71 | 603 |   9 |4571 |  13M|  2 |  54 |   0 |-2.781093e+09 | 9.905380e+02 |    Inf |   1.21%
 3347s| 84200 | 23483 |184423k|2190.3 |  1786M |  71 | 603 |   9 |4218 |  13M|  2 |  54 |   0 |-2.781093e+09 | 9.905380e+02 |    Inf |   1.21%
 3351s| 84300 | 23499 |184654k|2190.5 |  1788M |  71 | 603 |   9 |4311 |  13M|  2 |  54 |   0 |-2.781093e+09 | 9.905380e+02 |    Inf |   1.21%
 3355s| 84400 | 23509 |184859k|2190.3 |  1789M |  71 | 603 |   9 |4227 |  14M|  2 |  54 |   0 |-2.781093e+09 | 9.905380e+02 |    Inf |   1.21%
 3360s| 84500 | 23545 |185079k|2190.3 |  1790M |  71 | 603 |   9 |4918 |  14M|  2 |  54 |   0 |-2.781093e+09 | 9.905380e+02 |    Inf |   1.21%
 3363s| 84600 | 23561 |185291k|2190.2 |  1792M |  71 | 603 |   9 |4110 |  14M|  2 |  54 |   0 |-2.781093e+09 | 9.905380e+02 |    Inf |   1.21%
 3368s| 84700 | 23567 |185509k|2190.2 |  1794M |  71 | 603 |   9 |4595 |  14M|  0 |  54 |   0 |-2.781093e+09 | 9.905380e+02 |    Inf |   1.21%
 3371s| 84800 | 23593 |185710k|2190.0 |  1796M |  71 | 603 |   9 |4965 |  14M|  0 |  54 |   0 |-2.781093e+09 | 9.905380e+02 |    Inf |   1.21%
 3375s| 84900 | 23619 |185905k|2189.7 |  1798M |  71 | 603 |   8 |4639 |  14M|  1 |  54 |   0 |-2.781093e+09 | 9.905380e+02 |    Inf |   1.21%
 3379s| 85000 | 23647 |186115k|2189.6 |  1800M |  71 | 603 |   8 |4553 |  14M|  2 |  54 |   0 |-2.781093e+09 | 9.905380e+02 |    Inf |   1.21%
 3384s| 85100 | 23655 |186330k|2189.6 |  1801M |  71 | 603 |   8 |5411 |  14M|  2 |  54 |   0 |-2.781093e+09 | 9.905380e+02 |    Inf |   1.21%
 3389s| 85200 | 23649 |186547k|2189.5 |  1802M |  71 | 603 |   8 |5794 |  14M|  2 |  54 |   0 |-2.781093e+09 | 9.905380e+02 |    Inf |   1.21%
 3393s| 85300 | 23673 |186742k|2189.3 |  1802M |  71 | 603 |   8 |4906 |  14M|  2 |  54 |   0 |-2.781093e+09 | 9.905380e+02 |    Inf |   1.21%
 time | node  | left  |LP iter|LP it/n|mem/heur|mdpt |vars |cons |rows |cuts |sepa|confs|strbr|  dualbound   | primalbound  |  gap   | compl. 
 3397s| 85400 | 23707 |186964k|2189.3 |  1805M |  71 | 603 |   8 |4972 |  14M|  2 |  54 |   0 |-2.781093e+09 | 9.905380e+02 |    Inf |   1.21%
 3402s| 85500 | 23719 |187249k|2190.1 |  1807M |  71 | 603 |   8 |4848 |  14M|  2 |  54 |   0 |-2.781093e+09 | 9.905380e+02 |    Inf |   1.21%
 3407s| 85600 | 23731 |187489k|2190.3 |  1808M |  71 | 603 |   8 |4592 |  14M|  2 |  54 |   0 |-2.781093e+09 | 9.905380e+02 |    Inf |   1.21%
 3411s| 85700 | 23763 |187695k|2190.2 |  1809M |  71 | 603 |   8 |5141 |  14M|  2 |  55 |   0 |-2.781093e+09 | 9.905380e+02 |    Inf |   1.21%
 3415s| 85800 | 23795 |187940k|2190.5 |  1811M |  71 | 603 |   8 |5473 |  14M|  1 |  55 |   0 |-2.781093e+09 | 9.905380e+02 |    Inf |   1.21%
 3419s| 85900 | 23801 |188100k|2189.8 |  1812M |  71 | 603 |   8 |4864 |  14M|  2 |  55 |   0 |-2.781093e+09 | 9.905380e+02 |    Inf |   1.21%
 3423s| 86000 | 23825 |188320k|2189.8 |  1814M |  71 | 603 |   8 |4986 |  14M|  2 |  56 |   0 |-2.781093e+09 | 9.905380e+02 |    Inf |   1.21%
 3428s| 86100 | 23861 |188578k|2190.3 |  1816M |  71 | 603 |   8 |4958 |  14M|  2 |  56 |   0 |-2.781093e+09 | 9.905380e+02 |    Inf |   1.21%
 3432s| 86200 | 23879 |188784k|2190.1 |  1817M |  71 | 603 |   8 |4605 |  14M|  1 |  56 |   0 |-2.781093e+09 | 9.905380e+02 |    Inf |   1.21%
 3435s| 86300 | 23919 |188982k|2189.9 |  1819M |  71 | 603 |   8 |4458 |  14M|  2 |  56 |   0 |-2.781093e+09 | 9.905380e+02 |    Inf |   1.21%
 3440s| 86400 | 23963 |189255k|2190.5 |  1821M |  71 | 603 |   8 |   0 |  14M|  0 |  56 |   0 |-2.781093e+09 | 9.905380e+02 |    Inf |   1.21%
 3444s| 86500 | 24017 |189506k|2190.9 |  1826M |  71 | 603 |   9 |4530 |  14M|  2 |  57 |   0 |-2.781093e+09 | 9.905380e+02 |    Inf |   1.21%
 3449s| 86600 | 24053 |189792k|2191.6 |  1829M |  71 | 603 |   9 |4293 |  14M|  2 |  57 |   0 |-2.781093e+09 | 9.905380e+02 |    Inf |   1.21%
 3453s| 86700 | 24085 |190029k|2191.8 |  1832M |  71 | 603 |   9 |4854 |  14M|  2 |  57 |   0 |-2.781093e+09 | 9.905380e+02 |    Inf |   1.21%
 3458s| 86800 | 24107 |190295k|2192.4 |  1835M |  71 | 603 |   9 |   0 |  14M|  0 |  57 |   0 |-2.781093e+09 | 9.905380e+02 |    Inf |   1.21%
 time | node  | left  |LP iter|LP it/n|mem/heur|mdpt |vars |cons |rows |cuts |sepa|confs|strbr|  dualbound   | primalbound  |  gap   | compl. 
 3461s| 86900 | 24115 |190487k|2192.1 |  1836M |  71 | 603 |   9 |4926 |  14M|  2 |  57 |   0 |-2.781093e+09 | 9.905380e+02 |    Inf |   1.21%
 3466s| 87000 | 24129 |190742k|2192.5 |  1837M |  71 | 603 |   9 |5112 |  14M|  2 |  57 |   0 |-2.781093e+09 | 9.905380e+02 |    Inf |   1.21%
 3470s| 87100 | 24155 |191003k|2192.9 |  1839M |  71 | 603 |   9 |5865 |  14M|  1 |  57 |   0 |-2.781093e+09 | 9.905380e+02 |    Inf |   1.21%
 3475s| 87200 | 24175 |191253k|2193.3 |  1840M |  71 | 603 |   9 |5917 |  14M|  2 |  57 |   0 |-2.781093e+09 | 9.905380e+02 |    Inf |   1.21%
 3480s| 87300 | 24197 |191548k|2194.2 |  1842M |  71 | 603 |   9 |5157 |  14M|  2 |  57 |   0 |-2.781093e+09 | 9.905380e+02 |    Inf |   1.21%
 3486s| 87400 | 24219 |191831k|2194.9 |  1843M |  71 | 603 |   9 |4502 |  14M|  2 |  57 |   0 |-2.781093e+09 | 9.905380e+02 |    Inf |   1.21%
 3491s| 87500 | 24259 |192154k|2196.1 |  1844M |  71 | 603 |   9 |5330 |  14M|  2 |  57 |   0 |-2.781093e+09 | 9.905380e+02 |    Inf |   1.21%
 3497s| 87600 | 24275 |192442k|2196.9 |  1846M |  71 | 603 |   9 |   0 |  14M|  0 |  57 |   0 |-2.781093e+09 | 9.905380e+02 |    Inf |   1.21%
 3501s| 87700 | 24311 |192720k|2197.5 |  1848M |  71 | 603 |   9 |4420 |  14M|  0 |  57 |   0 |-2.781093e+09 | 9.905380e+02 |    Inf |   1.21%
 3506s| 87800 | 24323 |192964k|2197.8 |  1850M |  71 | 603 |   9 |4199 |  14M|  2 |  57 |   0 |-2.781093e+09 | 9.905380e+02 |    Inf |   1.21%
 3510s| 87900 | 24331 |193184k|2197.8 |  1852M |  71 | 603 |   9 |4880 |  14M|  2 |  57 |   0 |-2.781093e+09 | 9.905380e+02 |    Inf |   1.21%
 3514s| 88000 | 24363 |193440k|2198.2 |  1854M |  71 | 603 |   9 |5054 |  14M|  2 |  57 |   0 |-2.781093e+09 | 9.905380e+02 |    Inf |   1.21%
 3520s| 88100 | 24371 |193697k|2198.6 |  1857M |  71 | 603 |   9 |4966 |  14M|  2 |  57 |   0 |-2.781093e+09 | 9.905380e+02 |    Inf |   1.21%
 3525s| 88200 | 24411 |194008k|2199.7 |  1859M |  71 | 603 |   9 |4899 |  14M|  2 |  57 |   0 |-2.781093e+09 | 9.905380e+02 |    Inf |   1.21%
 3531s| 88300 | 24437 |194298k|2200.5 |  1860M |  71 | 603 |   9 |4970 |  14M|  2 |  57 |   0 |-2.781093e+09 | 9.905380e+02 |    Inf |   1.21%
 time | node  | left  |LP iter|LP it/n|mem/heur|mdpt |vars |cons |rows |cuts |sepa|confs|strbr|  dualbound   | primalbound  |  gap   | compl. 
 3535s| 88400 | 24447 |194528k|2200.6 |  1861M |  71 | 603 |   9 |5122 |  14M|  2 |  57 |   0 |-2.781093e+09 | 9.905380e+02 |    Inf |   1.21%
 3539s| 88500 | 24481 |194770k|2200.8 |  1865M |  71 | 603 |   9 |5192 |  14M|  1 |  57 |   0 |-2.781093e+09 | 9.905380e+02 |    Inf |   1.21%
 3544s| 88600 | 24505 |195028k|2201.3 |  1866M |  71 | 603 |   9 |4867 |  14M|  2 |  57 |   0 |-2.781093e+09 | 9.905380e+02 |    Inf |   1.21%
 3549s| 88700 | 24527 |195326k|2202.1 |  1868M |  71 | 603 |   9 |4839 |  14M|  2 |  57 |   0 |-2.781093e+09 | 9.905380e+02 |    Inf |   1.21%
 3555s| 88800 | 24533 |195583k|2202.5 |  1869M |  71 | 603 |   9 |4173 |  14M|  2 |  57 |   0 |-2.781093e+09 | 9.905380e+02 |    Inf |   1.21%
 3560s| 88900 | 24555 |195844k|2203.0 |  1870M |  71 | 603 |   9 |4169 |  14M|  0 |  57 |   0 |-2.781093e+09 | 9.905380e+02 |    Inf |   1.21%
 3563s| 89000 | 24577 |196045k|2202.8 |  1872M |  71 | 603 |   9 |   0 |  14M|  0 |  57 |   0 |-2.781093e+09 | 9.905380e+02 |    Inf |   1.21%
 3568s| 89100 | 24625 |196368k|2203.9 |  1875M |  71 | 603 |   9 |4544 |  14M|  2 |  57 |   0 |-2.781093e+09 | 9.905380e+02 |    Inf |   1.21%
 3573s| 89200 | 24651 |196656k|2204.7 |  1878M |  71 | 603 |   9 |4665 |  14M|  2 |  57 |   0 |-2.781093e+09 | 9.905380e+02 |    Inf |   1.21%
 3577s| 89300 | 24683 |196864k|2204.6 |  1879M |  71 | 603 |   9 |4382 |  14M|  2 |  57 |   0 |-2.781093e+09 | 9.905380e+02 |    Inf |   1.21%
 3582s| 89400 | 24709 |197088k|2204.6 |  1881M |  71 | 603 |   9 |4361 |  14M|  3 |  57 |   0 |-2.781093e+09 | 9.905380e+02 |    Inf |   1.21%
 3586s| 89500 | 24705 |197289k|2204.4 |  1881M |  71 | 603 |   9 |4693 |  14M|  2 |  57 |   0 |-2.781093e+09 | 9.905380e+02 |    Inf |   1.21%
 3591s| 89600 | 24737 |197527k|2204.6 |  1882M |  71 | 603 |   9 |4271 |  14M|  2 |  57 |   0 |-2.781093e+09 | 9.905380e+02 |    Inf |   1.21%
 3594s| 89700 | 24775 |197745k|2204.5 |  1886M |  71 | 603 |   9 |5835 |  14M|  2 |  57 |   0 |-2.781093e+09 | 9.905380e+02 |    Inf |   1.21%
 3598s| 89800 | 24805 |197952k|2204.4 |  1889M |  71 | 603 |   9 |4050 |  14M|  2 |  57 |   0 |-2.781093e+09 | 9.905380e+02 |    Inf |   1.21%
 time | node  | left  |LP iter|LP it/n|mem/heur|mdpt |vars |cons |rows |cuts |sepa|confs|strbr|  dualbound   | primalbound  |  gap   | compl. 
 3602s| 89900 | 24847 |198196k|2204.7 |  1890M |  71 | 603 |   9 |   0 |  14M|  0 |  57 |   0 |-2.781093e+09 | 9.905380e+02 |    Inf |   1.21%
 3607s| 90000 | 24861 |198408k|2204.6 |  1892M |  71 | 603 |   9 |4339 |  14M|  2 |  57 |   0 |-2.781093e+09 | 9.905380e+02 |    Inf |   1.21%
 3610s| 90100 | 24881 |198601k|2204.3 |  1894M |  71 | 603 |   8 |   0 |  14M|  0 |  57 |   0 |-2.781093e+09 | 9.905380e+02 |    Inf |   1.21%
 3614s| 90200 | 24903 |198805k|2204.1 |  1897M |  71 | 603 |   8 |4933 |  14M|  2 |  57 |   0 |-2.781093e+09 | 9.905380e+02 |    Inf |   1.21%
 3618s| 90300 | 24933 |199027k|2204.1 |  1899M |  71 | 603 |   8 |4368 |  14M|  1 |  57 |   0 |-2.781093e+09 | 9.905380e+02 |    Inf |   1.21%
 3623s| 90400 | 24951 |199288k|2204.5 |  1902M |  71 | 603 |   8 |4620 |  14M|  0 |  57 |   0 |-2.781093e+09 | 9.905380e+02 |    Inf |   1.21%
 3627s| 90500 | 24969 |199528k|2204.8 |  1904M |  71 | 603 |   8 |4606 |  14M|  0 |  57 |   0 |-2.781093e+09 | 9.905380e+02 |    Inf |   1.21%
 3631s| 90600 | 24987 |199748k|2204.7 |  1906M |  71 | 603 |   9 |4338 |  14M|  1 |  58 |   0 |-2.781093e+09 | 9.905380e+02 |    Inf |   1.21%
 3636s| 90700 | 25017 |199991k|2205.0 |  1910M |  71 | 603 |   9 |4427 |  14M|  2 |  58 |   0 |-2.781093e+09 | 9.905380e+02 |    Inf |   1.21%
 3641s| 90800 | 25021 |200245k|2205.4 |  1910M |  71 | 603 |   9 |4765 |  14M|  2 |  58 |   0 |-2.781093e+09 | 9.905380e+02 |    Inf |   1.21%
 3646s| 90900 | 25037 |200518k|2205.9 |  1911M |  71 | 603 |   9 |4649 |  14M|  2 |  58 |   0 |-2.781093e+09 | 9.905380e+02 |    Inf |   1.21%
 3650s| 91000 | 25049 |200733k|2205.9 |  1914M |  71 | 603 |   9 |4642 |  15M|  3 |  58 |   0 |-2.781093e+09 | 9.905380e+02 |    Inf |   1.21%
 3655s| 91100 | 25069 |201009k|2206.5 |  1914M |  71 | 603 |   9 |5855 |  15M|  2 |  58 |   0 |-2.781093e+09 | 9.905380e+02 |    Inf |   1.21%
 3660s| 91200 | 25077 |201210k|2206.3 |  1917M |  71 | 603 |   9 |4447 |  15M|  2 |  58 |   0 |-2.781093e+09 | 9.905380e+02 |    Inf |   1.21%
 3664s| 91300 | 25095 |201425k|2206.2 |  1917M |  71 | 603 |   9 |4389 |  15M|  2 |  58 |   0 |-2.781093e+09 | 9.905380e+02 |    Inf |   1.21%
 time | node  | left  |LP iter|LP it/n|mem/heur|mdpt |vars |cons |rows |cuts |sepa|confs|strbr|  dualbound   | primalbound  |  gap   | compl. 
 3668s| 91400 | 25115 |201637k|2206.1 |  1921M |  71 | 603 |   9 |4676 |  15M|  2 |  58 |   0 |-2.781093e+09 | 9.905380e+02 |    Inf |   1.21%
 3672s| 91500 | 25123 |201875k|2206.3 |  1922M |  71 | 603 |   9 |4736 |  15M|  2 |  58 |   0 |-2.781093e+09 | 9.905380e+02 |    Inf |   1.21%
 3676s| 91600 | 25143 |202076k|2206.1 |  1925M |  71 | 603 |   9 |4986 |  15M|  3 |  58 |   0 |-2.781093e+09 | 9.905380e+02 |    Inf |   1.21%
 3681s| 91700 | 25151 |202341k|2206.6 |  1929M |  71 | 603 |   9 |4514 |  15M|  2 |  58 |   0 |-2.781093e+09 | 9.905380e+02 |    Inf |   1.21%
 3685s| 91800 | 25165 |202563k|2206.6 |  1932M |  71 | 603 |   9 |4140 |  15M|  0 |  58 |   0 |-2.781093e+09 | 9.905380e+02 |    Inf |   1.21%
 3690s| 91900 | 25195 |202808k|2206.9 |  1934M |  71 | 603 |   9 |5184 |  15M|  2 |  58 |   0 |-2.781093e+09 | 9.905380e+02 |    Inf |   1.21%
 3695s| 92000 | 25205 |203035k|2206.9 |  1934M |  71 | 603 |   9 |   0 |  15M|  0 |  58 |   0 |-2.781093e+09 | 9.905380e+02 |    Inf |   1.21%
 3698s| 92100 | 25217 |203223k|2206.6 |  1937M |  71 | 603 |   9 |4954 |  15M|  3 |  58 |   0 |-2.781093e+09 | 9.905380e+02 |    Inf |   1.21%
 3702s| 92200 | 25255 |203432k|2206.5 |  1939M |  71 | 603 |   9 |4519 |  15M|  2 |  58 |   0 |-2.781093e+09 | 9.905380e+02 |    Inf |   1.21%
 3707s| 92300 | 25283 |203652k|2206.4 |  1941M |  71 | 603 |   9 |4480 |  15M|  2 |  58 |   0 |-2.781093e+09 | 9.905380e+02 |    Inf |   1.21%
 3711s| 92400 | 25303 |203869k|2206.4 |  1942M |  71 | 603 |   9 |4774 |  15M|  1 |  58 |   0 |-2.781093e+09 | 9.905380e+02 |    Inf |   1.21%
 3715s| 92500 | 25327 |204095k|2206.5 |  1944M |  71 | 603 |   9 |4274 |  15M|  3 |  58 |   0 |-2.781093e+09 | 9.905380e+02 |    Inf |   1.21%
 3719s| 92600 | 25353 |204333k|2206.6 |  1945M |  71 | 603 |   9 |   0 |  15M|  0 |  58 |   0 |-2.781093e+09 | 9.905380e+02 |    Inf |   1.21%
 3724s| 92700 | 25365 |204575k|2206.9 |  1946M |  74 | 603 |   9 |6124 |  15M|  0 |  58 |   0 |-2.781093e+09 | 9.905380e+02 |    Inf |   1.21%
 3729s| 92800 | 25395 |204836k|2207.3 |  1948M |  74 | 603 |   9 |4775 |  15M|  1 |  58 |   0 |-2.781093e+09 | 9.905380e+02 |    Inf |   1.21%
 time | node  | left  |LP iter|LP it/n|mem/heur|mdpt |vars |cons |rows |cuts |sepa|confs|strbr|  dualbound   | primalbound  |  gap   | compl. 
 3733s| 92900 | 25417 |205094k|2207.7 |  1950M |  74 | 603 |   9 |4868 |  15M|  6 |  58 |   0 |-2.781093e+09 | 9.905380e+02 |    Inf |   1.21%
 3739s| 93000 | 25439 |205382k|2208.4 |  1954M |  74 | 603 |   9 |5091 |  15M|  2 |  58 |   0 |-2.781093e+09 | 9.905380e+02 |    Inf |   1.21%
 3743s| 93100 | 25469 |205632k|2208.7 |  1957M |  74 | 603 |   8 |4351 |  15M|  1 |  58 |   0 |-2.781093e+09 | 9.905380e+02 |    Inf |   1.21%
 3747s| 93200 | 25485 |205837k|2208.6 |  1960M |  74 | 603 |   8 |4464 |  15M|  2 |  58 |   0 |-2.781093e+09 | 9.905380e+02 |    Inf |   1.21%
 3752s| 93300 | 25507 |206092k|2208.9 |  1963M |  74 | 603 |   8 |4661 |  15M|  1 |  58 |   0 |-2.781093e+09 | 9.905380e+02 |    Inf |   1.21%
 3757s| 93400 | 25523 |206326k|2209.1 |  1965M |  74 | 603 |   8 |4662 |  15M|  2 |  58 |   0 |-2.781093e+09 | 9.905380e+02 |    Inf |   1.21%
 3761s| 93500 | 25561 |206592k|2209.6 |  1966M |  74 | 603 |   8 |4432 |  15M|  2 |  58 |   0 |-2.781093e+09 | 9.905380e+02 |    Inf |   1.21%
 3766s| 93600 | 25573 |206806k|2209.5 |  1969M |  74 | 603 |   8 |4997 |  15M|  2 |  58 |   0 |-2.781093e+09 | 9.905380e+02 |    Inf |   1.21%
 3770s| 93700 | 25591 |207036k|2209.6 |  1971M |  74 | 603 |   8 |4131 |  15M|  1 |  58 |   0 |-2.781093e+09 | 9.905380e+02 |    Inf |   1.21%
 3774s| 93800 | 25599 |207225k|2209.2 |  1971M |  74 | 603 |   8 |4557 |  15M|  2 |  58 |   0 |-2.781093e+09 | 9.905380e+02 |    Inf |   1.21%
 3779s| 93900 | 25615 |207453k|2209.3 |  1974M |  74 | 603 |   8 |   0 |  15M|  0 |  58 |   0 |-2.781093e+09 | 9.905380e+02 |    Inf |   1.21%
 3783s| 94000 | 25651 |207730k|2209.9 |  1978M |  74 | 603 |   8 |6106 |  15M|  2 |  58 |   0 |-2.781093e+09 | 9.905380e+02 |    Inf |   1.21%
 3788s| 94100 | 25663 |207960k|2210.0 |  1979M |  74 | 603 |   8 |   0 |  15M|  0 |  58 |   0 |-2.781093e+09 | 9.905380e+02 |    Inf |   1.21%
 3793s| 94200 | 25665 |208168k|2209.9 |  1981M |  74 | 603 |   8 |5149 |  15M|  3 |  58 |   0 |-2.781093e+09 | 9.905380e+02 |    Inf |   1.21%
 3797s| 94300 | 25699 |208408k|2210.1 |  1983M |  74 | 603 |   8 |3794 |  15M|  2 |  58 |   0 |-2.781093e+09 | 9.905380e+02 |    Inf |   1.21%
 time | node  | left  |LP iter|LP it/n|mem/heur|mdpt |vars |cons |rows |cuts |sepa|confs|strbr|  dualbound   | primalbound  |  gap   | compl. 
 3801s| 94400 | 25747 |208669k|2210.5 |  1986M |  74 | 603 |   8 |4442 |  15M|  3 |  58 |   0 |-2.781093e+09 | 9.905380e+02 |    Inf |   1.21%
 3805s| 94500 | 25769 |208878k|2210.4 |  1987M |  74 | 603 |   8 |4231 |  15M|  3 |  58 |   0 |-2.781093e+09 | 9.905380e+02 |    Inf |   1.21%
 3809s| 94600 | 25791 |209107k|2210.5 |  1990M |  74 | 603 |   8 |4573 |  15M|  2 |  58 |   0 |-2.781093e+09 | 9.905380e+02 |    Inf |   1.21%
 3812s| 94700 | 25819 |209264k|2209.8 |  1993M |  74 | 603 |   8 |   0 |  15M|  0 |  58 |   0 |-2.781093e+09 | 9.905380e+02 |    Inf |   1.21%
 3816s| 94800 | 25829 |209466k|2209.6 |  1996M |  74 | 603 |   8 |   0 |  15M|  0 |  58 |   0 |-2.781093e+09 | 9.905380e+02 |    Inf |   1.21%
 3820s| 94900 | 25863 |209679k|2209.5 |  1999M |  74 | 603 |   9 |4883 |  15M|  2 |  59 |   0 |-2.781093e+09 | 9.905380e+02 |    Inf |   1.21%
 3825s| 95000 | 25897 |209968k|2210.2 |  2002M |  74 | 603 |   9 |4269 |  15M|  2 |  59 |   0 |-2.781093e+09 | 9.905380e+02 |    Inf |   1.21%
 3830s| 95100 | 25923 |210197k|2210.3 |  2005M |  74 | 603 |   9 |4227 |  15M|  2 |  59 |   0 |-2.781093e+09 | 9.905380e+02 |    Inf |   1.21%
 3834s| 95200 | 25937 |210422k|2210.3 |  2007M |  74 | 603 |  10 |4755 |  15M|  2 |  60 |   0 |-2.781093e+09 | 9.905380e+02 |    Inf |   1.21%
 3839s| 95300 | 25973 |210667k|2210.6 |  2011M |  74 | 603 |  10 |4988 |  15M|  2 |  60 |   0 |-2.781093e+09 | 9.905380e+02 |    Inf |   1.21%
 3842s| 95400 | 26007 |210881k|2210.5 |  2013M |  74 | 603 |  10 |4468 |  15M|  3 |  60 |   0 |-2.781093e+09 | 9.905380e+02 |    Inf |   1.21%
 3846s| 95500 | 26025 |211091k|2210.4 |  2015M |  74 | 603 |  10 |   0 |  15M|  0 |  60 |   0 |-2.781093e+09 | 9.905380e+02 |    Inf |   1.21%
 3850s| 95600 | 26055 |211329k|2210.6 |  2020M |  74 | 603 |  10 |4207 |  15M|  2 |  60 |   0 |-2.781093e+09 | 9.905380e+02 |    Inf |   1.21%
 3855s| 95700 | 26077 |211560k|2210.7 |  2022M |  74 | 603 |  10 |4630 |  15M|  2 |  60 |   0 |-2.781093e+09 | 9.905380e+02 |    Inf |   1.21%
 3859s| 95800 | 26121 |211811k|2211.0 |  2027M |  74 | 603 |  10 |4884 |  15M|  2 |  60 |   0 |-2.781093e+09 | 9.905380e+02 |    Inf |   1.21%
 time | node  | left  |LP iter|LP it/n|mem/heur|mdpt |vars |cons |rows |cuts |sepa|confs|strbr|  dualbound   | primalbound  |  gap   | compl. 
 3863s| 95900 | 26139 |212065k|2211.3 |  2032M |  74 | 603 |   9 |   0 |  15M|  0 |  60 |   0 |-2.781093e+09 | 9.905380e+02 |    Inf |   1.21%
 3868s| 96000 | 26163 |212311k|2211.6 |  2033M |  74 | 603 |   9 |   0 |  15M|  0 |  60 |   0 |-2.781093e+09 | 9.905380e+02 |    Inf |   1.21%
 3872s| 96100 | 26181 |212568k|2212.0 |  2034M |  74 | 603 |   8 |   0 |  15M|  0 |  60 |   0 |-2.781093e+09 | 9.905380e+02 |    Inf |   1.21%
 3877s| 96200 | 26217 |212856k|2212.7 |  2037M |  74 | 603 |   8 |5439 |  15M|  2 |  60 |   0 |-2.781093e+09 | 9.905380e+02 |    Inf |   1.21%
 3882s| 96300 | 26229 |213092k|2212.8 |  2040M |  74 | 603 |   8 |4879 |  15M|  2 |  60 |   0 |-2.781093e+09 | 9.905380e+02 |    Inf |   1.21%
 3886s| 96400 | 26237 |213332k|2213.0 |  2042M |  74 | 603 |   8 |5453 |  15M|  1 |  60 |   0 |-2.781093e+09 | 9.905380e+02 |    Inf |   1.21%
 3890s| 96500 | 26245 |213546k|2212.9 |  2043M |  74 | 603 |   8 |5389 |  15M|  0 |  60 |   0 |-2.781093e+09 | 9.905380e+02 |    Inf |   1.21%
 3895s| 96600 | 26249 |213781k|2213.1 |  2044M |  74 | 603 |   8 |4572 |  15M|  1 |  60 |   0 |-2.781093e+09 | 9.905380e+02 |    Inf |   1.21%
 3899s| 96700 | 26273 |214025k|2213.3 |  2046M |  74 | 603 |   8 |4918 |  15M|  1 |  60 |   0 |-2.781093e+09 | 9.905380e+02 |    Inf |   1.21%
 3904s| 96800 | 26279 |214268k|2213.5 |  2047M |  74 | 603 |   9 |5220 |  15M|  1 |  61 |   0 |-2.781093e+09 | 9.905380e+02 |    Inf |   1.21%
 3909s| 96900 | 26289 |214513k|2213.8 |  2021M |  74 | 603 |   9 |4638 |  15M|  2 |  61 |   0 |-2.781093e+09 | 9.905380e+02 |    Inf |   1.21%
 3913s| 97000 | 26303 |214732k|2213.8 |  2023M |  74 | 603 |  10 |4003 |  15M|  2 |  62 |   0 |-2.781093e+09 | 9.905380e+02 |    Inf |   1.21%
 3917s| 97100 | 26313 |214932k|2213.5 |  2024M |  74 | 603 |  10 |4514 |  15M|  0 |  63 |   0 |-2.781093e+09 | 9.905380e+02 |    Inf |   1.21%
 3921s| 97200 | 26343 |215141k|2213.4 |  2027M |  74 | 603 |  10 |5278 |  15M|  0 |  63 |   0 |-2.781093e+09 | 9.905380e+02 |    Inf |   1.21%
 3925s| 97300 | 26357 |215405k|2213.8 |  2027M |  74 | 603 |  10 |5262 |  15M|  2 |  63 |   0 |-2.781093e+09 | 9.905380e+02 |    Inf |   1.21%
 time | node  | left  |LP iter|LP it/n|mem/heur|mdpt |vars |cons |rows |cuts |sepa|confs|strbr|  dualbound   | primalbound  |  gap   | compl. 
 3930s| 97400 | 26359 |215655k|2214.1 |  2029M |  74 | 603 |  10 |5529 |  15M|  2 |  63 |   0 |-2.781093e+09 | 9.905380e+02 |    Inf |   1.21%
 3935s| 97500 | 26361 |215877k|2214.1 |  2030M |  74 | 603 |  10 |4214 |  16M|  2 |  63 |   0 |-2.781093e+09 | 9.905380e+02 |    Inf |   1.21%
 3939s| 97600 | 26389 |216090k|2214.1 |  2032M |  74 | 603 |  10 |5273 |  16M|  1 |  63 |   0 |-2.781093e+09 | 9.905380e+02 |    Inf |   1.21%
 3944s| 97700 | 26409 |216359k|2214.6 |  2033M |  74 | 603 |  11 |4513 |  16M|  2 |  64 |   0 |-2.781093e+09 | 9.905380e+02 |    Inf |   1.21%
 3949s| 97800 | 26431 |216587k|2214.6 |  2035M |  74 | 603 |  11 |5124 |  16M|  1 |  64 |   0 |-2.781093e+09 | 9.905380e+02 |    Inf |   1.21%
 3954s| 97900 | 26445 |216839k|2214.9 |  2038M |  74 | 603 |  10 |4303 |  16M|  2 |  64 |   0 |-2.781093e+09 | 9.905380e+02 |    Inf |   1.21%
 3957s| 98000 | 26471 |217032k|2214.6 |  2040M |  74 | 603 |  10 |4286 |  16M|  1 |  64 |   0 |-2.781093e+09 | 9.905380e+02 |    Inf |   1.21%
 3962s| 98100 | 26483 |217271k|2214.8 |  2041M |  74 | 603 |  10 |5260 |  16M|  3 |  64 |   0 |-2.781093e+09 | 9.905380e+02 |    Inf |   1.21%
 3967s| 98200 | 26531 |217552k|2215.4 |  2043M |  74 | 603 |  10 |4149 |  16M|  2 |  64 |   0 |-2.781093e+09 | 9.905380e+02 |    Inf |   1.21%
 3971s| 98300 | 26567 |217786k|2215.6 |  2045M |  74 | 603 |  10 |4492 |  16M|  3 |  64 |   0 |-2.781093e+09 | 9.905380e+02 |    Inf |   1.21%
 3975s| 98400 | 26575 |218004k|2215.5 |  2045M |  74 | 603 |  10 |4984 |  16M|  1 |  64 |   0 |-2.781093e+09 | 9.905380e+02 |    Inf |   1.21%
 3980s| 98500 | 26585 |218218k|2215.4 |  2046M |  74 | 603 |  10 |5334 |  16M|  2 |  64 |   0 |-2.781093e+09 | 9.905380e+02 |    Inf |   1.21%
 3984s| 98600 | 26607 |218476k|2215.8 |  2047M |  74 | 603 |  10 |4553 |  16M|  2 |  64 |   0 |-2.781093e+09 | 9.905380e+02 |    Inf |   1.21%
 3987s| 98700 | 26659 |218666k|2215.5 |  2050M |  74 | 603 |  10 |4525 |  16M|  2 |  64 |   0 |-2.781093e+09 | 9.905380e+02 |    Inf |   1.21%
 3992s| 98800 | 26687 |218907k|2215.7 |  2053M |  74 | 603 |  10 |4498 |  16M|  2 |  64 |   0 |-2.781093e+09 | 9.905380e+02 |    Inf |   1.21%
 time | node  | left  |LP iter|LP it/n|mem/heur|mdpt |vars |cons |rows |cuts |sepa|confs|strbr|  dualbound   | primalbound  |  gap   | compl. 
 3997s| 98900 | 26729 |219183k|2216.2 |  2057M |  74 | 603 |  10 |4530 |  16M|  2 |  64 |   0 |-2.781093e+09 | 9.905380e+02 |    Inf |   1.21%
 4001s| 99000 | 26761 |219416k|2216.3 |  2059M |  74 | 603 |  10 |   0 |  16M|  0 |  64 |   0 |-2.781093e+09 | 9.905380e+02 |    Inf |   1.21%
 4004s| 99100 | 26801 |219619k|2216.2 |  2060M |  74 | 603 |   8 |3736 |  16M|  2 |  64 |   0 |-2.781093e+09 | 9.905380e+02 |    Inf |   1.21%
 4008s| 99200 | 26859 |219835k|2216.1 |  2063M |  74 | 603 |   8 |4506 |  16M|  2 |  64 |   0 |-2.781093e+09 | 9.905380e+02 |    Inf |   1.21%
 4013s| 99300 | 26893 |220103k|2216.6 |  2067M |  74 | 603 |   8 |4744 |  16M|  2 |  64 |   0 |-2.781093e+09 | 9.905380e+02 |    Inf |   1.21%
 4018s| 99400 | 26917 |220366k|2217.0 |  2069M |  74 | 603 |   8 |4857 |  16M|  2 |  64 |   0 |-2.781093e+09 | 9.905380e+02 |    Inf |   1.21%
 4021s| 99500 | 26957 |220558k|2216.7 |  2071M |  74 | 603 |   8 |4550 |  16M|  0 |  64 |   0 |-2.781093e+09 | 9.905380e+02 |    Inf |   1.21%
 4026s| 99600 | 27007 |220832k|2217.2 |  2073M |  74 | 603 |   8 |4536 |  16M|  1 |  64 |   0 |-2.781093e+09 | 9.905380e+02 |    Inf |   1.21%
 4031s| 99700 | 27055 |221110k|2217.8 |  2076M |  74 | 603 |   8 |4842 |  16M|  2 |  64 |   0 |-2.781093e+09 | 9.905380e+02 |    Inf |   1.21%
 4035s| 99800 | 27105 |221354k|2218.0 |  2079M |  74 | 603 |   8 |4654 |  16M|  2 |  64 |   0 |-2.781093e+09 | 9.905380e+02 |    Inf |   1.21%
 4040s| 99900 | 27133 |221610k|2218.3 |  2081M |  74 | 603 |   8 |4763 |  16M|  1 |  64 |   0 |-2.781093e+09 | 9.905380e+02 |    Inf |   1.21%
 4044s|100000 | 27169 |221835k|2218.4 |  2083M |  74 | 603 |   8 |3634 |  16M|  2 |  64 |   0 |-2.781093e+09 | 9.905380e+02 |    Inf |   1.21%
 4049s|100100 | 27203 |222080k|2218.6 |  2085M |  74 | 603 |   8 |5162 |  16M|  3 |  64 |   0 |-2.781093e+09 | 9.905380e+02 |    Inf |   1.21%
 4052s|100200 | 27237 |222284k|2218.4 |  2086M |  74 | 603 |   8 |3848 |  16M|  0 |  64 |   0 |-2.781093e+09 | 9.905380e+02 |    Inf |   1.21%
 4056s|100300 | 27261 |222527k|2218.6 |  2088M |  74 | 603 |   8 |4984 |  16M|  0 |  64 |   0 |-2.781093e+09 | 9.905380e+02 |    Inf |   1.21%
 time | node  | left  |LP iter|LP it/n|mem/heur|mdpt |vars |cons |rows |cuts |sepa|confs|strbr|  dualbound   | primalbound  |  gap   | compl. 
 4060s|100400 | 27275 |222783k|2219.0 |  2092M |  74 | 603 |   8 |4864 |  16M|  2 |  64 |   0 |-2.781093e+09 | 9.905380e+02 |    Inf |   1.21%
 4065s|100500 | 27315 |223012k|2219.0 |  2094M |  74 | 603 |   8 |4798 |  16M|  2 |  64 |   0 |-2.781093e+09 | 9.905380e+02 |    Inf |   1.21%
 4069s|100600 | 27339 |223267k|2219.4 |  2095M |  74 | 603 |   8 |4803 |  16M|  2 |  64 |   0 |-2.781093e+09 | 9.905380e+02 |    Inf |   1.21%
 4074s|100700 | 27361 |223496k|2219.4 |  2097M |  74 | 603 |   8 |4431 |  16M|  2 |  64 |   0 |-2.781093e+09 | 9.905380e+02 |    Inf |   1.21%
 4078s|100800 | 27413 |223733k|2219.6 |  2099M |  74 | 603 |   8 |4431 |  16M|  2 |  64 |   0 |-2.781093e+09 | 9.905380e+02 |    Inf |   1.21%
 4083s|100900 | 27459 |224015k|2220.2 |  2103M |  74 | 603 |   8 |5010 |  16M|  2 |  64 |   0 |-2.781093e+09 | 9.905380e+02 |    Inf |   1.21%
 4087s|101000 | 27495 |224255k|2220.4 |  2104M |  74 | 603 |   8 |4264 |  16M|  2 |  64 |   0 |-2.781093e+09 | 9.905380e+02 |    Inf |   1.21%
 4092s|101100 | 27529 |224517k|2220.8 |  2105M |  74 | 603 |   8 |4337 |  16M|  2 |  64 |   0 |-2.781093e+09 | 9.905380e+02 |    Inf |   1.21%
 4096s|101200 | 27567 |224748k|2220.9 |  2107M |  74 | 603 |   8 |4526 |  16M|  3 |  64 |   0 |-2.781093e+09 | 9.905380e+02 |    Inf |   1.21%
 4101s|101300 | 27589 |224975k|2220.9 |  2110M |  74 | 603 |   8 |4732 |  16M|  2 |  64 |   0 |-2.781093e+09 | 9.905380e+02 |    Inf |   1.21%
 4106s|101400 | 27621 |225261k|2221.5 |  2112M |  74 | 603 |   8 |4505 |  16M|  3 |  64 |   0 |-2.781093e+09 | 9.905380e+02 |    Inf |   1.21%
 4111s|101500 | 27659 |225557k|2222.3 |  2114M |  74 | 603 |   8 |5137 |  16M|  2 |  64 |   0 |-2.781093e+09 | 9.905380e+02 |    Inf |   1.21%
 4116s|101600 | 27699 |225821k|2222.7 |  2117M |  74 | 603 |   8 |5415 |  16M|  0 |  64 |   0 |-2.781093e+09 | 9.905380e+02 |    Inf |   1.21%
 4120s|101700 | 27711 |226054k|2222.8 |  2119M |  74 | 603 |   8 |4519 |  16M|  2 |  64 |   0 |-2.781093e+09 | 9.905380e+02 |    Inf |   1.21%
 4125s|101800 | 27731 |226297k|2223.0 |  2121M |  74 | 603 |   8 |   0 |  16M|  0 |  64 |   0 |-2.781093e+09 | 9.905380e+02 |    Inf |   1.21%
 time | node  | left  |LP iter|LP it/n|mem/heur|mdpt |vars |cons |rows |cuts |sepa|confs|strbr|  dualbound   | primalbound  |  gap   | compl. 
 4130s|101900 | 27735 |226534k|2223.1 |  2124M |  74 | 603 |   8 |4738 |  16M|  1 |  64 |   0 |-2.781093e+09 | 9.905380e+02 |    Inf |   1.21%
 4134s|102000 | 27757 |226756k|2223.1 |  2125M |  74 | 603 |   8 |4520 |  16M|  0 |  64 |   0 |-2.781093e+09 | 9.905380e+02 |    Inf |   1.21%
 4139s|102100 | 27781 |226985k|2223.2 |  2126M |  74 | 603 |   8 |4517 |  16M|  2 |  64 |   0 |-2.781093e+09 | 9.905380e+02 |    Inf |   1.21%
 4144s|102200 | 27807 |227220k|2223.3 |  2127M |  74 | 603 |   8 |4182 |  16M|  3 |  64 |   0 |-2.781093e+09 | 9.905380e+02 |    Inf |   1.21%
 4148s|102300 | 27825 |227469k|2223.6 |  2128M |  74 | 603 |   8 |   0 |  16M|  0 |  64 |   0 |-2.781093e+09 | 9.905380e+02 |    Inf |   1.21%
 4153s|102400 | 27849 |227727k|2223.9 |  2130M |  74 | 603 |   8 |4789 |  16M|  1 |  64 |   0 |-2.781093e+09 | 9.905380e+02 |    Inf |   1.21%
 4158s|102500 | 27859 |227956k|2224.0 |  2130M |  74 | 603 |   8 |4449 |  16M|  2 |  64 |   0 |-2.781093e+09 | 9.905380e+02 |    Inf |   1.21%
 4163s|102600 | 27865 |228260k|2224.8 |  2134M |  74 | 603 |   8 |4382 |  16M|  2 |  64 |   0 |-2.781093e+09 | 9.905380e+02 |    Inf |   1.21%
 4167s|102700 | 27877 |228474k|2224.7 |  2134M |  74 | 603 |   8 |4626 |  16M|  0 |  64 |   0 |-2.781093e+09 | 9.905380e+02 |    Inf |   1.21%
 4171s|102800 | 27883 |228671k|2224.5 |  2136M |  74 | 603 |   8 |4427 |  16M|  3 |  64 |   0 |-2.781093e+09 | 9.905380e+02 |    Inf |   1.21%
 4175s|102900 | 27883 |228869k|2224.2 |  2136M |  74 | 603 |   8 |   0 |  16M|  0 |  64 |   0 |-2.781093e+09 | 9.905380e+02 |    Inf |   1.21%
 4179s|103000 | 27905 |229101k|2224.3 |  2138M |  74 | 603 |   8 |5376 |  16M|  0 |  64 |   0 |-2.781093e+09 | 9.905380e+02 |    Inf |   1.21%
 4183s|103100 | 27925 |229323k|2224.3 |  2139M |  74 | 603 |   8 |3982 |  16M|  1 |  64 |   0 |-2.781093e+09 | 9.905380e+02 |    Inf |   1.21%
 4187s|103200 | 27953 |229528k|2224.1 |  2141M |  74 | 603 |   8 |4617 |  16M|  1 |  64 |   0 |-2.781093e+09 | 9.905380e+02 |    Inf |   1.21%
 4191s|103300 | 27995 |229761k|2224.2 |  2143M |  74 | 603 |   8 |4529 |  16M|  2 |  64 |   0 |-2.781093e+09 | 9.905380e+02 |    Inf |   1.21%
 time | node  | left  |LP iter|LP it/n|mem/heur|mdpt |vars |cons |rows |cuts |sepa|confs|strbr|  dualbound   | primalbound  |  gap   | compl. 
 4195s|103400 | 28025 |229982k|2224.2 |  2145M |  74 | 603 |   8 |4456 |  16M|  2 |  64 |   0 |-2.781093e+09 | 9.905380e+02 |    Inf |   1.21%
 4200s|103500 | 28037 |230199k|2224.2 |  2146M |  74 | 603 |   8 |4497 |  16M|  3 |  64 |   0 |-2.781093e+09 | 9.905380e+02 |    Inf |   1.21%
 4204s|103600 | 28069 |230429k|2224.2 |  2151M |  74 | 603 |   8 |4547 |  17M|  2 |  64 |   0 |-2.781093e+09 | 9.905380e+02 |    Inf |   1.21%
 4207s|103700 | 28097 |230607k|2223.8 |  2155M |  74 | 603 |   8 |4500 |  17M|  2 |  64 |   0 |-2.781093e+09 | 9.905380e+02 |    Inf |   1.21%
 4211s|103800 | 28111 |230809k|2223.6 |  2156M |  74 | 603 |   8 |4461 |  17M|  2 |  64 |   0 |-2.781093e+09 | 9.905380e+02 |    Inf |   1.21%
 4215s|103900 | 28115 |231000k|2223.3 |  2158M |  74 | 603 |   8 |4543 |  17M|  2 |  64 |   0 |-2.781093e+09 | 9.905380e+02 |    Inf |   1.21%
 4219s|104000 | 28133 |231206k|2223.2 |  2158M |  74 | 603 |   8 |4261 |  17M|  2 |  64 |   0 |-2.781093e+09 | 9.905380e+02 |    Inf |   1.21%
 4223s|104100 | 28157 |231420k|2223.1 |  2160M |  74 | 603 |   8 |   0 |  17M|  0 |  64 |   0 |-2.781093e+09 | 9.905380e+02 |    Inf |   1.21%
 4227s|104200 | 28175 |231620k|2222.9 |  2161M |  74 | 603 |   8 |4513 |  17M|  2 |  64 |   0 |-2.781093e+09 | 9.905380e+02 |    Inf |   1.21%
 4231s|104300 | 28201 |231839k|2222.8 |  2163M |  74 | 603 |   8 |4875 |  17M|  2 |  64 |   0 |-2.781093e+09 | 9.905380e+02 |    Inf |   1.21%
 4236s|104400 | 28245 |232077k|2223.0 |  2165M |  74 | 603 |   8 |4392 |  17M|  2 |  64 |   0 |-2.781093e+09 | 9.905380e+02 |    Inf |   1.21%
 4240s|104500 | 28247 |232281k|2222.8 |  2165M |  74 | 603 |   8 |3472 |  17M|  2 |  64 |   0 |-2.781093e+09 | 9.905380e+02 |    Inf |   1.21%
 4244s|104600 | 28275 |232468k|2222.5 |  2168M |  74 | 603 |   8 |4058 |  17M|  2 |  64 |   0 |-2.781093e+09 | 9.905380e+02 |    Inf |   1.21%
 4247s|104700 | 28287 |232630k|2221.9 |  2168M |  74 | 603 |   8 |3920 |  17M|  2 |  64 |   0 |-2.781093e+09 | 9.905380e+02 |    Inf |   1.21%
 4251s|104800 | 28327 |232875k|2222.1 |  2170M |  74 | 603 |   8 |3991 |  17M|  2 |  64 |   0 |-2.781093e+09 | 9.905380e+02 |    Inf |   1.21%
 time | node  | left  |LP iter|LP it/n|mem/heur|mdpt |vars |cons |rows |cuts |sepa|confs|strbr|  dualbound   | primalbound  |  gap   | compl. 
 4256s|104900 | 28343 |233109k|2222.2 |  2171M |  74 | 603 |   8 |3322 |  17M|  2 |  64 |   0 |-2.781093e+09 | 9.905380e+02 |    Inf |   1.21%
 4261s|105000 | 28373 |233366k|2222.6 |  2173M |  74 | 603 |   8 |4415 |  17M|  2 |  64 |   0 |-2.781093e+09 | 9.905380e+02 |    Inf |   1.21%
 4265s|105100 | 28391 |233598k|2222.7 |  2173M |  74 | 603 |   8 |4570 |  17M|  2 |  64 |   0 |-2.781093e+09 | 9.905380e+02 |    Inf |   1.21%
 4270s|105200 | 28435 |233867k|2223.1 |  2175M |  74 | 603 |   9 |3968 |  17M|  1 |  65 |   0 |-2.781093e+09 | 9.905380e+02 |    Inf |   1.21%
 4273s|105300 | 28475 |234052k|2222.7 |  2178M |  74 | 603 |  10 |4440 |  17M|  2 |  66 |   0 |-2.781093e+09 | 9.905380e+02 |    Inf |   1.21%
 4276s|105400 | 28513 |234232k|2222.3 |  2180M |  74 | 603 |  10 |   0 |  17M|  0 |  67 |   0 |-2.781093e+09 | 9.905380e+02 |    Inf |   1.21%
 4280s|105500 | 28549 |234435k|2222.2 |  2182M |  74 | 603 |  10 |4590 |  17M|  2 |  67 |   0 |-2.781093e+09 | 9.905380e+02 |    Inf |   1.21%
 4284s|105600 | 28571 |234669k|2222.3 |  2182M |  74 | 603 |  10 |4761 |  17M|  2 |  67 |   0 |-2.781093e+09 | 9.905380e+02 |    Inf |   1.21%
 4288s|105700 | 28589 |234875k|2222.1 |  2184M |  74 | 603 |  10 |4591 |  17M|  2 |  67 |   0 |-2.781093e+09 | 9.905380e+02 |    Inf |   1.21%
 4293s|105800 | 28609 |235151k|2222.6 |  2186M |  74 | 603 |  10 |4262 |  17M|  1 |  67 |   0 |-2.781093e+09 | 9.905380e+02 |    Inf |   1.21%
 4297s|105900 | 28623 |235373k|2222.6 |  2188M |  74 | 603 |  10 |4157 |  17M|  3 |  67 |   0 |-2.781093e+09 | 9.905380e+02 |    Inf |   1.21%
 4302s|106000 | 28647 |235596k|2222.6 |  2190M |  74 | 603 |  10 |5287 |  17M|  2 |  68 |   0 |-2.781093e+09 | 9.905380e+02 |    Inf |   1.21%
 4306s|106100 | 28659 |235834k|2222.8 |  2191M |  74 | 603 |  10 |   0 |  17M|  0 |  68 |   0 |-2.781093e+09 | 9.905380e+02 |    Inf |   1.21%
 4311s|106200 | 28687 |236081k|2223.0 |  2192M |  74 | 603 |  10 |4819 |  17M|  2 |  68 |   0 |-2.781093e+09 | 9.905380e+02 |    Inf |   1.21%
 4316s|106300 | 28721 |236353k|2223.5 |  2193M |  74 | 603 |  10 |5306 |  17M|  2 |  68 |   0 |-2.781093e+09 | 9.905380e+02 |    Inf |   1.21%
 time | node  | left  |LP iter|LP it/n|mem/heur|mdpt |vars |cons |rows |cuts |sepa|confs|strbr|  dualbound   | primalbound  |  gap   | compl. 
 4320s|106400 | 28745 |236603k|2223.7 |  2196M |  74 | 603 |  10 |4938 |  17M|  1 |  68 |   0 |-2.781093e+09 | 9.905380e+02 |    Inf |   1.21%
 4325s|106500 | 28749 |236827k|2223.8 |  2197M |  74 | 603 |  10 |5241 |  17M|  2 |  68 |   0 |-2.781093e+09 | 9.905380e+02 |    Inf |   1.21%
 4330s|106600 | 28769 |237079k|2224.0 |  2197M |  74 | 603 |  10 |4778 |  17M|  0 |  68 |   0 |-2.781093e+09 | 9.905380e+02 |    Inf |   1.21%
 4334s|106700 | 28777 |237287k|2223.9 |  2199M |  74 | 603 |  10 |4630 |  17M|  2 |  68 |   0 |-2.781093e+09 | 9.905380e+02 |    Inf |   1.21%
 4338s|106800 | 28783 |237483k|2223.6 |  2199M |  74 | 603 |  10 |   0 |  17M|  0 |  68 |   0 |-2.781093e+09 | 9.905380e+02 |    Inf |   1.21%
 4342s|106900 | 28803 |237728k|2223.9 |  2201M |  74 | 603 |   9 |4551 |  17M|  2 |  68 |   0 |-2.781093e+09 | 9.905380e+02 |    Inf |   1.21%
 4347s|107000 | 28839 |237985k|2224.2 |  2202M |  74 | 603 |   9 |4512 |  17M|  3 |  69 |   0 |-2.781093e+09 | 9.905380e+02 |    Inf |   1.21%
 4350s|107100 | 28881 |238206k|2224.2 |  2206M |  74 | 603 |   9 |4491 |  17M|  2 |  69 |   0 |-2.781093e+09 | 9.905380e+02 |    Inf |   1.21%
 4354s|107200 | 28915 |238455k|2224.4 |  2209M |  74 | 603 |   9 |   0 |  17M|  0 |  69 |   0 |-2.781093e+09 | 9.905380e+02 |    Inf |   1.21%
 4358s|107300 | 28941 |238704k|2224.7 |  2211M |  74 | 603 |   9 |5103 |  17M|  0 |  69 |   0 |-2.781093e+09 | 9.905380e+02 |    Inf |   1.21%
 4362s|107400 | 28969 |238955k|2224.9 |  2216M |  74 | 603 |  10 |4085 |  17M|  2 |  70 |   0 |-2.781093e+09 | 9.905380e+02 |    Inf |   1.21%
 4366s|107500 | 28997 |239167k|2224.8 |  2219M |  74 | 603 |  10 |4755 |  17M|  4 |  70 |   0 |-2.781093e+09 | 9.905380e+02 |    Inf |   1.21%
 4370s|107600 | 29017 |239387k|2224.8 |  2219M |  74 | 603 |  10 |4339 |  17M|  1 |  70 |   0 |-2.781093e+09 | 9.905380e+02 |    Inf |   1.21%
 4374s|107700 | 29059 |239612k|2224.8 |  2221M |  74 | 603 |  10 |4668 |  17M|  1 |  70 |   0 |-2.781093e+09 | 9.905380e+02 |    Inf |   1.21%
 4378s|107800 | 29085 |239833k|2224.8 |  2222M |  74 | 603 |  10 |4338 |  17M|  2 |  70 |   0 |-2.781093e+09 | 9.905380e+02 |    Inf |   1.21%
 time | node  | left  |LP iter|LP it/n|mem/heur|mdpt |vars |cons |rows |cuts |sepa|confs|strbr|  dualbound   | primalbound  |  gap   | compl. 
 4382s|107900 | 29111 |240051k|2224.8 |  2224M |  74 | 603 |  10 |3877 |  17M|  2 |  70 |   0 |-2.781093e+09 | 9.905380e+02 |    Inf |   1.21%
 4386s|108000 | 29161 |240292k|2224.9 |  2226M |  74 | 603 |  10 |4631 |  17M|  2 |  70 |   0 |-2.781093e+09 | 9.905380e+02 |    Inf |   1.21%
 4390s|108100 | 29183 |240538k|2225.2 |  2228M |  74 | 603 |  10 |4218 |  17M|  2 |  70 |   0 |-2.781093e+09 | 9.905380e+02 |    Inf |   1.21%
 4395s|108200 | 29201 |240794k|2225.5 |  2229M |  74 | 603 |  10 |4576 |  17M|  1 |  70 |   0 |-2.781093e+09 | 9.905380e+02 |    Inf |   1.21%
 4399s|108300 | 29239 |241010k|2225.4 |  2231M |  74 | 603 |  10 |4802 |  17M|  2 |  70 |   0 |-2.781093e+09 | 9.905380e+02 |    Inf |   1.21%
 4404s|108400 | 29263 |241276k|2225.8 |  2233M |  74 | 603 |  10 |5360 |  17M|  2 |  70 |   0 |-2.781093e+09 | 9.905380e+02 |    Inf |   1.21%
 4408s|108500 | 29281 |241519k|2226.0 |  2234M |  74 | 603 |  10 |4609 |  17M|  2 |  70 |   0 |-2.781093e+09 | 9.905380e+02 |    Inf |   1.21%
 4412s|108600 | 29303 |241742k|2226.0 |  2238M |  74 | 603 |  10 |4493 |  17M|  4 |  70 |   0 |-2.781093e+09 | 9.905380e+02 |    Inf |   1.21%
 4416s|108700 | 29333 |241981k|2226.2 |  2241M |  74 | 603 |   9 |4414 |  17M|  2 |  70 |   0 |-2.781093e+09 | 9.905380e+02 |    Inf |   1.21%
 4420s|108800 | 29351 |242179k|2225.9 |  2242M |  74 | 603 |   9 |4714 |  17M|  0 |  70 |   0 |-2.781093e+09 | 9.905380e+02 |    Inf |   1.21%
 4423s|108900 | 29385 |242349k|2225.4 |  2245M |  74 | 603 |  11 |3979 |  17M|  2 |  72 |   0 |-2.781093e+09 | 9.905380e+02 |    Inf |   1.21%
 4426s|109000 | 29403 |242543k|2225.2 |  2247M |  74 | 603 |  11 |4053 |  17M|  2 |  72 |   0 |-2.781093e+09 | 9.905380e+02 |    Inf |   1.21%
 4430s|109100 | 29453 |242734k|2224.9 |  2249M |  74 | 603 |  12 |3910 |  17M|  2 |  73 |   0 |-2.781093e+09 | 9.905380e+02 |    Inf |   1.21%
 4434s|109200 | 29485 |242963k|2225.0 |  2251M |  74 | 603 |  12 |4191 |  17M|  2 |  73 |   0 |-2.781093e+09 | 9.905380e+02 |    Inf |   1.21%
 4438s|109300 | 29537 |243206k|2225.1 |  2255M |  74 | 603 |  12 |4677 |  17M|  1 |  73 |   0 |-2.781093e+09 | 9.905380e+02 |    Inf |   1.21%
 time | node  | left  |LP iter|LP it/n|mem/heur|mdpt |vars |cons |rows |cuts |sepa|confs|strbr|  dualbound   | primalbound  |  gap   | compl. 
 4443s|109400 | 29583 |243457k|2225.4 |  2256M |  74 | 603 |  12 |4616 |  17M|  2 |  73 |   0 |-2.781093e+09 | 9.905380e+02 |    Inf |   1.21%
 4447s|109500 | 29609 |243729k|2225.9 |  2259M |  74 | 603 |  12 |4923 |  17M|  1 |  73 |   0 |-2.781093e+09 | 9.905380e+02 |    Inf |   1.21%
 4452s|109600 | 29645 |244002k|2226.3 |  2263M |  74 | 603 |  12 |5395 |  18M|  2 |  73 |   0 |-2.781093e+09 | 9.905380e+02 |    Inf |   1.21%
 4457s|109700 | 29671 |244267k|2226.7 |  2267M |  74 | 603 |  12 |5537 |  18M|  4 |  73 |   0 |-2.781093e+09 | 9.905380e+02 |    Inf |   1.21%
 4462s|109800 | 29691 |244504k|2226.8 |  2268M |  74 | 603 |  12 |   0 |  18M|  0 |  73 |   0 |-2.781093e+09 | 9.905380e+02 |    Inf |   1.21%
 4466s|109900 | 29713 |244774k|2227.3 |  2270M |  74 | 603 |  12 |4475 |  18M|  1 |  73 |   0 |-2.781093e+09 | 9.905380e+02 |    Inf |   1.21%
 4471s|110000 | 29731 |244994k|2227.2 |  2273M |  74 | 603 |  12 |4354 |  18M|  2 |  73 |   0 |-2.781093e+09 | 9.905380e+02 |    Inf |   1.21%
 4475s|110100 | 29753 |245212k|2227.2 |  2277M |  74 | 603 |  12 |4269 |  18M|  2 |  73 |   0 |-2.781093e+09 | 9.905380e+02 |    Inf |   1.21%
 4479s|110200 | 29767 |245454k|2227.4 |  2278M |  74 | 603 |  12 |4209 |  18M|  2 |  73 |   0 |-2.781093e+09 | 9.905380e+02 |    Inf |   1.21%
 4484s|110300 | 29789 |245662k|2227.2 |  2279M |  74 | 603 |  12 |4434 |  18M|  1 |  73 |   0 |-2.781093e+09 | 9.905380e+02 |    Inf |   1.21%
 4488s|110400 | 29811 |245918k|2227.5 |  2280M |  74 | 603 |  12 |5245 |  18M|  2 |  73 |   0 |-2.781093e+09 | 9.905380e+02 |    Inf |   1.21%
 4493s|110500 | 29823 |246179k|2227.9 |  2283M |  74 | 603 |  12 |4836 |  18M|  0 |  73 |   0 |-2.781093e+09 | 9.905380e+02 |    Inf |   1.21%
 4497s|110600 | 29861 |246404k|2227.9 |  2288M |  74 | 603 |  12 |4603 |  18M|  1 |  73 |   0 |-2.781093e+09 | 9.905380e+02 |    Inf |   1.21%
 4501s|110700 | 29909 |246632k|2228.0 |  2291M |  74 | 603 |  12 |4689 |  18M|  2 |  73 |   0 |-2.781093e+09 | 9.905380e+02 |    Inf |   1.21%
 4506s|110800 | 29939 |246881k|2228.2 |  2292M |  74 | 603 |  11 |5140 |  18M|  2 |  73 |   0 |-2.781093e+09 | 9.905380e+02 |    Inf |   1.21%
 time | node  | left  |LP iter|LP it/n|mem/heur|mdpt |vars |cons |rows |cuts |sepa|confs|strbr|  dualbound   | primalbound  |  gap   | compl. 
 4510s|110900 | 29975 |247104k|2228.2 |  2294M |  74 | 603 |  10 |   0 |  18M|  0 |  73 |   0 |-2.781093e+09 | 9.905380e+02 |    Inf |   1.21%
 4514s|111000 | 30001 |247354k|2228.4 |  2296M |  74 | 603 |  10 |   0 |  18M|  0 |  73 |   0 |-2.781093e+09 | 9.905380e+02 |    Inf |   1.21%
 4519s|111100 | 30025 |247580k|2228.5 |  2298M |  74 | 603 |  10 |4424 |  18M|  1 |  73 |   0 |-2.781093e+09 | 9.905380e+02 |    Inf |   1.21%
 4523s|111200 | 30055 |247817k|2228.6 |  2303M |  74 | 603 |  10 |5648 |  18M|  0 |  73 |   0 |-2.781093e+09 | 9.905380e+02 |    Inf |   1.21%
 4527s|111300 | 30051 |248004k|2228.3 |  2303M |  74 | 603 |  10 |   0 |  18M|  0 |  73 |   0 |-2.781093e+09 | 9.905380e+02 |    Inf |   1.21%
 4531s|111400 | 30101 |248218k|2228.2 |  2305M |  74 | 603 |  10 |4348 |  18M|  2 |  73 |   0 |-2.781093e+09 | 9.905380e+02 |    Inf |   1.21%
 4535s|111500 | 30145 |248474k|2228.5 |  2306M |  74 | 603 |  11 |4539 |  18M|  1 |  74 |   0 |-2.781093e+09 | 9.905380e+02 |    Inf |   1.21%
 4539s|111600 | 30173 |248717k|2228.7 |  2311M |  74 | 603 |  11 |4484 |  18M|  1 |  74 |   0 |-2.781093e+09 | 9.905380e+02 |    Inf |   1.21%
 4544s|111700 | 30177 |248923k|2228.5 |  2312M |  74 | 603 |  11 |   0 |  18M|  0 |  74 |   0 |-2.781093e+09 | 9.905380e+02 |    Inf |   1.21%
 4547s|111800 | 30215 |249107k|2228.2 |  2313M |  74 | 603 |  11 |4392 |  18M|  0 |  74 |   0 |-2.781093e+09 | 9.905380e+02 |    Inf |   1.21%
 4551s|111900 | 30239 |249331k|2228.2 |  2315M |  74 | 603 |  11 |5001 |  18M|  2 |  74 |   0 |-2.781093e+09 | 9.905380e+02 |    Inf |   1.21%
 4556s|112000 | 30271 |249578k|2228.4 |  2317M |  74 | 603 |  11 |4695 |  18M|  3 |  75 |   0 |-2.781093e+09 | 9.905380e+02 |    Inf |   1.21%
 4561s|112100 | 30279 |249824k|2228.6 |  2319M |  74 | 603 |  11 |4816 |  18M|  4 |  75 |   0 |-2.781093e+09 | 9.905380e+02 |    Inf |   1.21%
 4565s|112200 | 30295 |250037k|2228.5 |  2319M |  74 | 603 |  11 |4355 |  18M|  2 |  75 |   0 |-2.781093e+09 | 9.905380e+02 |    Inf |   1.21%
 4570s|112300 | 30313 |250278k|2228.7 |  2323M |  74 | 603 |  10 |4490 |  18M|  1 |  75 |   0 |-2.781093e+09 | 9.905380e+02 |    Inf |   1.21%
 time | node  | left  |LP iter|LP it/n|mem/heur|mdpt |vars |cons |rows |cuts |sepa|confs|strbr|  dualbound   | primalbound  |  gap   | compl. 
 4574s|112400 | 30337 |250505k|2228.7 |  2324M |  74 | 603 |  10 |4046 |  18M|  2 |  75 |   0 |-2.781093e+09 | 9.905380e+02 |    Inf |   1.21%
 4578s|112500 | 30375 |250770k|2229.1 |  2328M |  74 | 603 |  10 |5441 |  18M|  2 |  75 |   0 |-2.781093e+09 | 9.905380e+02 |    Inf |   1.21%
 4582s|112600 | 30433 |250970k|2228.9 |  2332M |  74 | 603 |  11 |3143 |  18M|  2 |  76 |   0 |-2.781093e+09 | 9.905380e+02 |    Inf |   1.21%
 4585s|112700 | 30471 |251210k|2229.0 |  2336M |  74 | 603 |  11 |4162 |  18M|  5 |  76 |   0 |-2.781093e+09 | 9.905380e+02 |    Inf |   1.21%
 4590s|112800 | 30487 |251418k|2228.9 |  2338M |  74 | 603 |  11 |4357 |  18M|  2 |  76 |   0 |-2.781093e+09 | 9.905380e+02 |    Inf |   1.21%
 4594s|112900 | 30493 |251622k|2228.7 |  2338M |  74 | 603 |  11 |4131 |  18M|  1 |  76 |   0 |-2.781093e+09 | 9.905380e+02 |    Inf |   1.21%
 4598s|113000 | 30511 |251853k|2228.8 |  2340M |  74 | 603 |  11 |4364 |  18M|  2 |  76 |   0 |-2.781093e+09 | 9.905380e+02 |    Inf |   1.21%
 4602s|113100 | 30535 |252077k|2228.8 |  2344M |  74 | 603 |  10 |4776 |  18M|  2 |  77 |   0 |-2.781093e+09 | 9.905380e+02 |    Inf |   1.21%
 4606s|113200 | 30565 |252319k|2229.0 |  2347M |  74 | 603 |  10 |4873 |  18M|  1 |  77 |   0 |-2.781093e+09 | 9.905380e+02 |    Inf |   1.21%
 4611s|113300 | 30587 |252547k|2229.0 |  2350M |  74 | 603 |  10 |4483 |  18M|  2 |  77 |   0 |-2.781093e+09 | 9.905380e+02 |    Inf |   1.21%
 4616s|113400 | 30615 |252825k|2229.5 |  2354M |  74 | 603 |  10 |4896 |  18M|  3 |  77 |   0 |-2.781093e+09 | 9.905380e+02 |    Inf |   1.21%
 4620s|113500 | 30615 |253016k|2229.2 |  2356M |  74 | 603 |  10 |4312 |  18M|  1 |  77 |   0 |-2.781093e+09 | 9.905380e+02 |    Inf |   1.21%
 4623s|113600 | 30647 |253220k|2229.1 |  2358M |  74 | 603 |  10 |   0 |  18M|  0 |  77 |   0 |-2.781093e+09 | 9.905380e+02 |    Inf |   1.21%
 4627s|113700 | 30665 |253413k|2228.8 |  2359M |  74 | 603 |   9 |3902 |  18M|  2 |  77 |   0 |-2.781093e+09 | 9.905380e+02 |    Inf |   1.21%
 4631s|113800 | 30699 |253628k|2228.7 |  2361M |  74 | 603 |   8 |   0 |  18M|  0 |  77 |   0 |-2.781093e+09 | 9.905380e+02 |    Inf |   1.21%
 time | node  | left  |LP iter|LP it/n|mem/heur|mdpt |vars |cons |rows |cuts |sepa|confs|strbr|  dualbound   | primalbound  |  gap   | compl. 
 4635s|113900 | 30733 |253884k|2229.0 |  2363M |  74 | 603 |   8 |4477 |  18M|  2 |  77 |   0 |-2.781093e+09 | 9.905380e+02 |    Inf |   1.21%
 4639s|114000 | 30769 |254108k|2229.0 |  2365M |  74 | 603 |   8 |4594 |  18M|  2 |  77 |   0 |-2.781093e+09 | 9.905380e+02 |    Inf |   1.21%
 4643s|114100 | 30799 |254358k|2229.3 |  2370M |  74 | 603 |   8 |4537 |  18M|  2 |  77 |   0 |-2.781093e+09 | 9.905380e+02 |    Inf |   1.21%
 4647s|114200 | 30843 |254598k|2229.4 |  2372M |  74 | 603 |   8 |4416 |  18M|  2 |  77 |   0 |-2.781093e+09 | 9.905380e+02 |    Inf |   1.21%
 4651s|114300 | 30887 |254815k|2229.4 |  2375M |  74 | 603 |   8 |4775 |  18M|  1 |  77 |   0 |-2.781093e+09 | 9.905380e+02 |    Inf |   1.21%
 4655s|114400 | 30917 |255046k|2229.4 |  2376M |  74 | 603 |   8 |4567 |  18M|  3 |  77 |   0 |-2.781093e+09 | 9.905380e+02 |    Inf |   1.21%
 4659s|114500 | 30961 |255300k|2229.7 |  2378M |  74 | 603 |   8 |3472 |  18M|  3 |  77 |   0 |-2.781093e+09 | 9.905380e+02 |    Inf |   1.21%
 4663s|114600 | 30995 |255540k|2229.9 |  2381M |  74 | 603 |   8 |3501 |  18M|  3 |  79 |   0 |-2.781093e+09 | 9.905380e+02 |    Inf |   1.21%
 4666s|114700 | 31029 |255709k|2229.4 |  2383M |  74 | 603 |   8 |4490 |  18M|  3 |  79 |   0 |-2.781093e+09 | 9.905380e+02 |    Inf |   1.21%
 4670s|114800 | 31057 |255926k|2229.3 |  2387M |  74 | 603 |   8 |4839 |  18M|  2 |  79 |   0 |-2.781093e+09 | 9.905380e+02 |    Inf |   1.21%
 4675s|114900 | 31075 |256187k|2229.7 |  2388M |  74 | 603 |   8 |4680 |  18M|  0 |  79 |   0 |-2.781093e+09 | 9.905380e+02 |    Inf |   1.21%
 4679s|115000 | 31099 |256390k|2229.5 |  2390M |  74 | 603 |   8 |5188 |  18M|  2 |  79 |   0 |-2.781093e+09 | 9.905380e+02 |    Inf |   1.21%
 4683s|115100 | 31121 |256604k|2229.4 |  2392M |  74 | 603 |   8 |4477 |  18M|  1 |  79 |   0 |-2.781093e+09 | 9.905380e+02 |    Inf |   1.21%
 4687s|115200 | 31145 |256836k|2229.5 |  2395M |  74 | 603 |   8 |4257 |  18M|  1 |  79 |   0 |-2.781093e+09 | 9.905380e+02 |    Inf |   1.21%
 4692s|115300 | 31153 |257038k|2229.3 |  2399M |  74 | 603 |   8 |4712 |  18M|  3 |  80 |   0 |-2.781093e+09 | 9.905380e+02 |    Inf |   1.21%
 time | node  | left  |LP iter|LP it/n|mem/heur|mdpt |vars |cons |rows |cuts |sepa|confs|strbr|  dualbound   | primalbound  |  gap   | compl. 
 4696s|115400 | 31183 |257250k|2229.2 |  2404M |  74 | 603 |   8 |4258 |  19M|  2 |  80 |   0 |-2.781093e+09 | 9.905380e+02 |    Inf |   1.21%
 4700s|115500 | 31239 |257522k|2229.7 |  2406M |  74 | 603 |   9 |4670 |  19M|  1 |  81 |   0 |-2.781093e+09 | 9.905380e+02 |    Inf |   1.21%
 4704s|115600 | 31275 |257772k|2229.9 |  2412M |  74 | 603 |   9 |4756 |  19M|  2 |  81 |   0 |-2.781093e+09 | 9.905380e+02 |    Inf |   1.21%
 4709s|115700 | 31313 |258049k|2230.3 |  2415M |  74 | 603 |   9 |4452 |  19M|  2 |  81 |   0 |-2.781093e+09 | 9.905380e+02 |    Inf |   1.21%
 4714s|115800 | 31321 |258278k|2230.4 |  2417M |  74 | 603 |   9 |4462 |  19M|  1 |  81 |   0 |-2.781093e+09 | 9.905380e+02 |    Inf |   1.21%
 4719s|115900 | 31335 |258532k|2230.7 |  2417M |  74 | 603 |   9 |4591 |  19M|  0 |  81 |   0 |-2.781093e+09 | 9.905380e+02 |    Inf |   1.21%
 4723s|116000 | 31353 |258768k|2230.8 |  2420M |  74 | 603 |   9 |4277 |  19M|  2 |  81 |   0 |-2.781093e+09 | 9.905380e+02 |    Inf |   1.21%
 4727s|116100 | 31375 |258981k|2230.7 |  2422M |  74 | 603 |   9 |4100 |  19M|  2 |  81 |   0 |-2.781093e+09 | 9.905380e+02 |    Inf |   1.21%
 4731s|116200 | 31393 |259176k|2230.5 |  2426M |  74 | 603 |   9 |4175 |  19M|  1 |  81 |   0 |-2.781093e+09 | 9.905380e+02 |    Inf |   1.21%
 4734s|116300 | 31409 |259403k|2230.5 |  2427M |  74 | 603 |   9 |4602 |  19M|  2 |  81 |   0 |-2.781093e+09 | 9.905380e+02 |    Inf |   1.21%
 4740s|116400 | 31453 |259710k|2231.2 |  2430M |  74 | 603 |   9 |5281 |  19M|  1 |  81 |   0 |-2.781093e+09 | 9.905380e+02 |    Inf |   1.21%
 4745s|116500 | 31469 |259941k|2231.3 |  2396M |  74 | 603 |   9 |4523 |  19M|  2 |  81 |   0 |-2.781093e+09 | 9.905380e+02 |    Inf |   1.21%
 4749s|116600 | 31493 |260188k|2231.5 |  2397M |  74 | 603 |   9 |4706 |  19M|  5 |  81 |   0 |-2.781093e+09 | 9.905380e+02 |    Inf |   1.21%
 4753s|116700 | 31507 |260398k|2231.4 |  2401M |  74 | 603 |   9 |5186 |  19M|  1 |  81 |   0 |-2.781093e+09 | 9.905380e+02 |    Inf |   1.21%
 4758s|116800 | 31523 |260648k|2231.6 |  2404M |  74 | 603 |   8 |4583 |  19M|  4 |  81 |   0 |-2.781093e+09 | 9.905380e+02 |    Inf |   1.21%
 time | node  | left  |LP iter|LP it/n|mem/heur|mdpt |vars |cons |rows |cuts |sepa|confs|strbr|  dualbound   | primalbound  |  gap   | compl. 
 4763s|116900 | 31543 |260894k|2231.8 |  2405M |  74 | 603 |   8 |5408 |  19M|  3 |  81 |   0 |-2.781093e+09 | 9.905380e+02 |    Inf |   1.21%
 4767s|117000 | 31603 |261146k|2232.0 |  2407M |  74 | 603 |   9 |4060 |  19M|  2 |  82 |   0 |-2.781093e+09 | 9.905380e+02 |    Inf |   1.21%
 4771s|117100 | 31643 |261351k|2231.9 |  2410M |  74 | 603 |   9 |4732 |  19M|  3 |  82 |   0 |-2.781093e+09 | 9.905380e+02 |    Inf |   1.21%
 4775s|117200 | 31673 |261570k|2231.8 |  2412M |  74 | 603 |   9 |4846 |  19M|  2 |  82 |   0 |-2.781093e+09 | 9.905380e+02 |    Inf |   1.21%
 4780s|117300 | 31689 |261817k|2232.1 |  2414M |  74 | 603 |   9 |3980 |  19M|  2 |  82 |   0 |-2.781093e+09 | 9.905380e+02 |    Inf |   1.21%
 4784s|117400 | 31739 |262052k|2232.2 |  2417M |  74 | 603 |   9 |4498 |  19M|  2 |  82 |   0 |-2.781093e+09 | 9.905380e+02 |    Inf |   1.21%
 4788s|117500 | 31773 |262248k|2231.9 |  2418M |  74 | 603 |   9 |4550 |  19M|  4 |  82 |   0 |-2.781093e+09 | 9.905380e+02 |    Inf |   1.21%
 4792s|117600 | 31801 |262477k|2232.0 |  2422M |  74 | 603 |   9 |   0 |  19M|  0 |  82 |   0 |-2.781093e+09 | 9.905380e+02 |    Inf |   1.21%
 4797s|117700 | 31831 |262752k|2232.4 |  2424M |  74 | 603 |   9 |5273 |  19M|  2 |  82 |   0 |-2.781093e+09 | 9.905380e+02 |    Inf |   1.21%
 4801s|117800 | 31863 |262979k|2232.4 |  2426M |  74 | 603 |   9 |4835 |  19M|  0 |  82 |   0 |-2.781093e+09 | 9.905380e+02 |    Inf |   1.21%
 4805s|117900 | 31895 |263222k|2232.6 |  2430M |  74 | 603 |   9 |3758 |  19M|  1 |  83 |   0 |-2.781093e+09 | 9.905380e+02 |    Inf |   1.21%
 4809s|118000 | 31931 |263436k|2232.5 |  2431M |  74 | 603 |   9 |3927 |  19M|  2 |  83 |   0 |-2.781093e+09 | 9.905380e+02 |    Inf |   1.21%
 4813s|118100 | 31979 |263653k|2232.5 |  2436M |  74 | 603 |   9 |4531 |  19M|  3 |  83 |   0 |-2.781093e+09 | 9.905380e+02 |    Inf |   1.21%
 4817s|118200 | 32009 |263864k|2232.4 |  2436M |  74 | 603 |  10 |4489 |  19M|  2 |  85 |   0 |-2.781093e+09 | 9.905380e+02 |    Inf |   1.21%
 4821s|118300 | 32049 |264115k|2232.6 |  2438M |  74 | 603 |  10 |4444 |  19M|  2 |  85 |   0 |-2.781093e+09 | 9.905380e+02 |    Inf |   1.21%
 time | node  | left  |LP iter|LP it/n|mem/heur|mdpt |vars |cons |rows |cuts |sepa|confs|strbr|  dualbound   | primalbound  |  gap   | compl. 
 4826s|118400 | 32067 |264359k|2232.8 |  2440M |  74 | 603 |  10 |4512 |  19M|  4 |  85 |   0 |-2.781093e+09 | 9.905380e+02 |    Inf |   1.21%
 4830s|118500 | 32097 |264589k|2232.8 |  2441M |  74 | 603 |  10 |4450 |  19M|  2 |  85 |   0 |-2.781093e+09 | 9.905380e+02 |    Inf |   1.21%
 4835s|118600 | 32105 |264820k|2232.9 |  2442M |  74 | 603 |  10 |5516 |  19M|  1 |  85 |   0 |-2.781093e+09 | 9.905380e+02 |    Inf |   1.21%
 4840s|118700 | 32125 |265034k|2232.8 |  2443M |  74 | 603 |  10 |4347 |  19M|  2 |  85 |   0 |-2.781093e+09 | 9.905380e+02 |    Inf |   1.21%
 4844s|118800 | 32169 |265251k|2232.8 |  2445M |  74 | 603 |  10 |4512 |  19M|  3 |  85 |   0 |-2.781093e+09 | 9.905380e+02 |    Inf |   1.21%
 4848s|118900 | 32213 |265561k|2233.5 |  2445M |  74 | 603 |  10 |4093 |  19M|  2 |  85 |   0 |-2.781093e+09 | 9.905380e+02 |    Inf |   1.21%
 4852s|119000 | 32247 |265792k|2233.6 |  2448M |  74 | 603 |  11 |4310 |  19M|  2 |  86 |   0 |-2.781093e+09 | 9.905380e+02 |    Inf |   1.21%
 4857s|119100 | 32269 |266013k|2233.6 |  2452M |  74 | 603 |  11 |3659 |  19M|  2 |  86 |   0 |-2.781093e+09 | 9.905380e+02 |    Inf |   1.21%
 4861s|119200 | 32291 |266226k|2233.5 |  2453M |  74 | 603 |  11 |5001 |  19M|  1 |  86 |   0 |-2.781093e+09 | 9.905380e+02 |    Inf |   1.21%
 4866s|119300 | 32307 |266470k|2233.6 |  2455M |  74 | 603 |  11 |4004 |  19M|  2 |  86 |   0 |-2.781093e+09 | 9.905380e+02 |    Inf |   1.21%
 4868s|119400 | 32333 |266620k|2233.0 |  2457M |  74 | 603 |  11 |4657 |  19M|  0 |  86 |   0 |-2.781093e+09 | 9.905380e+02 |    Inf |   1.21%
 4873s|119500 | 32351 |266836k|2233.0 |  2458M |  74 | 603 |  11 |5363 |  19M|  2 |  86 |   0 |-2.781093e+09 | 9.905380e+02 |    Inf |   1.21%
 4878s|119600 | 32361 |267117k|2233.4 |  2458M |  74 | 603 |  11 |   0 |  19M|  0 |  86 |   0 |-2.781093e+09 | 9.905380e+02 |    Inf |   1.21%
 4882s|119700 | 32385 |267322k|2233.3 |  2462M |  74 | 603 |  10 |   0 |  19M|  0 |  86 |   0 |-2.781093e+09 | 9.905380e+02 |    Inf |   1.21%
 4886s|119800 | 32413 |267564k|2233.4 |  2463M |  74 | 603 |  10 |5720 |  19M|  1 |  86 |   0 |-2.781093e+09 | 9.905380e+02 |    Inf |   1.21%
 time | node  | left  |LP iter|LP it/n|mem/heur|mdpt |vars |cons |rows |cuts |sepa|confs|strbr|  dualbound   | primalbound  |  gap   | compl. 
 4891s|119900 | 32437 |267799k|2233.5 |  2465M |  74 | 603 |  10 |5234 |  19M|  1 |  86 |   0 |-2.781093e+09 | 9.905380e+02 |    Inf |   1.21%
 4895s|120000 | 32455 |268016k|2233.5 |  2467M |  74 | 603 |  10 |5235 |  19M|  3 |  86 |   0 |-2.781093e+09 | 9.905380e+02 |    Inf |   1.21%
 4899s|120100 | 32471 |268256k|2233.6 |  2468M |  74 | 603 |   9 |4342 |  19M|  1 |  86 |   0 |-2.781093e+09 | 9.905380e+02 |    Inf |   1.21%
 4903s|120200 | 32497 |268449k|2233.4 |  2470M |  74 | 603 |   9 |4690 |  19M|  2 |  86 |   0 |-2.781093e+09 | 9.905380e+02 |    Inf |   1.21%
 4907s|120300 | 32523 |268666k|2233.3 |  2476M |  74 | 603 |   9 |4840 |  19M|  3 |  86 |   0 |-2.781093e+09 | 9.905380e+02 |    Inf |   1.21%
 4912s|120400 | 32535 |268879k|2233.2 |  2477M |  74 | 603 |   9 |4733 |  19M|  2 |  86 |   0 |-2.781093e+09 | 9.905380e+02 |    Inf |   1.21%
 4916s|120500 | 32545 |269082k|2233.1 |  2477M |  74 | 603 |   9 |4766 |  19M|  2 |  86 |   0 |-2.781093e+09 | 9.905380e+02 |    Inf |   1.21%
 4919s|120600 | 32549 |269269k|2232.8 |  2479M |  74 | 603 |   9 |   0 |  19M|  0 |  86 |   0 |-2.781093e+09 | 9.905380e+02 |    Inf |   1.21%
 4923s|120700 | 32563 |269469k|2232.6 |  2481M |  74 | 603 |   8 |4321 |  19M|  2 |  86 |   0 |-2.781093e+09 | 9.905380e+02 |    Inf |   1.21%
 4927s|120800 | 32571 |269660k|2232.3 |  2481M |  74 | 603 |   8 |4070 |  19M|  2 |  86 |   0 |-2.781093e+09 | 9.905380e+02 |    Inf |   1.21%
 4932s|120900 | 32605 |269903k|2232.5 |  2483M |  74 | 603 |   8 |4717 |  19M|  2 |  86 |   0 |-2.781093e+09 | 9.905380e+02 |    Inf |   1.21%
 4936s|121000 | 32637 |270113k|2232.4 |  2485M |  74 | 603 |   8 |   0 |  19M|  0 |  86 |   0 |-2.781093e+09 | 9.905380e+02 |    Inf |   1.21%
 4940s|121100 | 32673 |270358k|2232.5 |  2487M |  74 | 603 |   8 |3624 |  19M|  2 |  86 |   0 |-2.781093e+09 | 9.905380e+02 |    Inf |   1.21%
 4943s|121200 | 32711 |270532k|2232.1 |  2488M |  74 | 603 |   8 |3716 |  19M|  2 |  86 |   0 |-2.781093e+09 | 9.905380e+02 |    Inf |   1.21%
 4947s|121300 | 32749 |270740k|2232.0 |  2490M |  74 | 603 |   8 |4068 |  19M|  2 |  86 |   0 |-2.781093e+09 | 9.905380e+02 |    Inf |   1.21%
 time | node  | left  |LP iter|LP it/n|mem/heur|mdpt |vars |cons |rows |cuts |sepa|confs|strbr|  dualbound   | primalbound  |  gap   | compl. 
 4951s|121400 | 32787 |270982k|2232.2 |  2492M |  74 | 603 |   8 |4179 |  20M|  1 |  86 |   0 |-2.781093e+09 | 9.905380e+02 |    Inf |   1.21%
 4956s|121500 | 32811 |271207k|2232.2 |  2493M |  74 | 603 |   8 |4365 |  20M|  2 |  86 |   0 |-2.781093e+09 | 9.905380e+02 |    Inf |   1.21%
 4960s|121600 | 32813 |271406k|2232.0 |  2494M |  74 | 603 |   8 |   0 |  20M|  0 |  86 |   0 |-2.781093e+09 | 9.905380e+02 |    Inf |   1.21%
 4964s|121700 | 32819 |271617k|2231.9 |  2496M |  74 | 603 |   8 |3999 |  20M|  2 |  86 |   0 |-2.781093e+09 | 9.905380e+02 |    Inf |   1.21%
 4969s|121800 | 32835 |271868k|2232.1 |  2496M |  74 | 603 |   8 |3877 |  20M|  2 |  86 |   0 |-2.781093e+09 | 9.905380e+02 |    Inf |   1.21%
 4974s|121900 | 32877 |272111k|2232.3 |  2499M |  74 | 603 |   8 |4645 |  20M|  1 |  86 |   0 |-2.781093e+09 | 9.905380e+02 |    Inf |   1.21%
 4978s|122000 | 32941 |272356k|2232.4 |  2501M |  74 | 603 |   8 |4247 |  20M|  2 |  86 |   0 |-2.781093e+09 | 9.905380e+02 |    Inf |   1.21%
 4982s|122100 | 32971 |272590k|2232.5 |  2504M |  74 | 603 |   9 |4462 |  20M|  1 |  87 |   0 |-2.781093e+09 | 9.905380e+02 |    Inf |   1.21%
 4986s|122200 | 32999 |272792k|2232.4 |  2505M |  74 | 603 |   9 |4351 |  20M|  3 |  87 |   0 |-2.781093e+09 | 9.905380e+02 |    Inf |   1.21%
 4990s|122300 | 33011 |273025k|2232.4 |  2508M |  74 | 603 |   9 |   0 |  20M|  0 |  87 |   0 |-2.781093e+09 | 9.905380e+02 |    Inf |   1.21%
 4994s|122400 | 33041 |273251k|2232.5 |  2510M |  74 | 603 |   9 |4710 |  20M|  2 |  87 |   0 |-2.781093e+09 | 9.905380e+02 |    Inf |   1.21%
 4998s|122500 | 33063 |273430k|2232.1 |  2511M |  74 | 603 |   9 |4295 |  20M|  2 |  87 |   0 |-2.781093e+09 | 9.905380e+02 |    Inf |   1.21%
 5002s|122600 | 33093 |273658k|2232.1 |  2514M |  74 | 603 |   9 |4613 |  20M|  2 |  87 |   0 |-2.781093e+09 | 9.905380e+02 |    Inf |   1.21%
 5006s|122700 | 33119 |273923k|2232.5 |  2517M |  74 | 603 |   9 |5087 |  20M|  1 |  87 |   0 |-2.781093e+09 | 9.905380e+02 |    Inf |   1.21%
 5011s|122800 | 33143 |274138k|2232.4 |  2519M |  74 | 603 |   9 |4577 |  20M|  2 |  87 |   0 |-2.781093e+09 | 9.905380e+02 |    Inf |   1.21%
 time | node  | left  |LP iter|LP it/n|mem/heur|mdpt |vars |cons |rows |cuts |sepa|confs|strbr|  dualbound   | primalbound  |  gap   | compl. 
 5014s|122900 | 33159 |274289k|2231.8 |  2519M |  74 | 603 |   9 |4561 |  20M|  2 |  87 |   0 |-2.781093e+09 | 9.905380e+02 |    Inf |   1.21%
 5018s|123000 | 33165 |274484k|2231.6 |  2520M |  74 | 603 |   9 |   0 |  20M|  0 |  87 |   0 |-2.781093e+09 | 9.905380e+02 |    Inf |   1.21%
 5022s|123100 | 33179 |274701k|2231.5 |  2520M |  74 | 603 |   9 |4480 |  20M|  1 |  87 |   0 |-2.781093e+09 | 9.905380e+02 |    Inf |   1.21%
 5026s|123200 | 33209 |274949k|2231.7 |  2522M |  74 | 603 |   9 |   0 |  20M|  0 |  87 |   0 |-2.781093e+09 | 9.905380e+02 |    Inf |   1.21%
 5030s|123300 | 33227 |275174k|2231.8 |  2525M |  74 | 603 |   9 |4969 |  20M|  3 |  87 |   0 |-2.781093e+09 | 9.905380e+02 |    Inf |   1.21%
 5034s|123400 | 33233 |275397k|2231.8 |  2525M |  74 | 603 |   9 |4336 |  20M|  1 |  87 |   0 |-2.781093e+09 | 9.905380e+02 |    Inf |   1.21%
 5038s|123500 | 33245 |275615k|2231.7 |  2527M |  74 | 603 |   9 |4451 |  20M|  2 |  87 |   0 |-2.781093e+09 | 9.905380e+02 |    Inf |   1.21%
 5043s|123600 | 33245 |275853k|2231.8 |  2527M |  74 | 603 |   9 |4774 |  20M|  2 |  87 |   0 |-2.781093e+09 | 9.905380e+02 |    Inf |   1.21%
 5047s|123700 | 33255 |276059k|2231.7 |  2528M |  74 | 603 |   9 |4313 |  20M|  1 |  87 |   0 |-2.781093e+09 | 9.905380e+02 |    Inf |   1.21%
 5052s|123800 | 33263 |276279k|2231.7 |  2529M |  74 | 603 |   9 |5280 |  20M|  2 |  87 |   0 |-2.781093e+09 | 9.905380e+02 |    Inf |   1.21%
 5055s|123900 | 33301 |276478k|2231.5 |  2531M |  74 | 603 |   9 |4242 |  20M|  3 |  87 |   0 |-2.781093e+09 | 9.905380e+02 |    Inf |   1.21%
 5060s|124000 | 33319 |276721k|2231.6 |  2532M |  74 | 603 |   9 |   0 |  20M|  0 |  87 |   0 |-2.781093e+09 | 9.905380e+02 |    Inf |   1.21%
 5064s|124100 | 33341 |276945k|2231.7 |  2532M |  74 | 603 |   9 |   0 |  20M|  0 |  87 |   0 |-2.781093e+09 | 9.905380e+02 |    Inf |   1.21%
 5068s|124200 | 33375 |277197k|2231.9 |  2535M |  74 | 603 |   9 |4704 |  20M|  2 |  87 |   0 |-2.781093e+09 | 9.905380e+02 |    Inf |   1.21%
 5073s|124300 | 33401 |277448k|2232.1 |  2537M |  74 | 603 |   9 |4435 |  20M|  2 |  87 |   0 |-2.781093e+09 | 9.905380e+02 |    Inf |   1.21%
 time | node  | left  |LP iter|LP it/n|mem/heur|mdpt |vars |cons |rows |cuts |sepa|confs|strbr|  dualbound   | primalbound  |  gap   | compl. 
 5077s|124400 | 33403 |277656k|2232.0 |  2539M |  74 | 603 |   9 |   0 |  20M|  0 |  87 |   0 |-2.781093e+09 | 9.905380e+02 |    Inf |   1.21%
 5082s|124500 | 33401 |277881k|2232.0 |  2539M |  74 | 603 |   9 |4882 |  20M|  3 |  87 |   0 |-2.781093e+09 | 9.905380e+02 |    Inf |   1.21%
 5086s|124600 | 33417 |278090k|2231.9 |  2539M |  74 | 603 |   9 |4215 |  20M|  2 |  87 |   0 |-2.781093e+09 | 9.905380e+02 |    Inf |   1.21%
 5091s|124700 | 33413 |278288k|2231.7 |  2540M |  74 | 603 |   9 |3614 |  20M|  1 |  87 |   0 |-2.781093e+09 | 9.905380e+02 |    Inf |   1.21%
 5095s|124800 | 33447 |278513k|2231.7 |  2542M |  74 | 603 |   9 |4732 |  20M|  0 |  87 |   0 |-2.781093e+09 | 9.905380e+02 |    Inf |   1.21%
 5099s|124900 | 33469 |278773k|2232.0 |  2544M |  74 | 603 |   9 |4322 |  20M|  2 |  87 |   0 |-2.781093e+09 | 9.905380e+02 |    Inf |   1.21%
 5103s|125000 | 33491 |278999k|2232.0 |  2547M |  74 | 603 |   9 |4910 |  20M|  4 |  87 |   0 |-2.781093e+09 | 9.905380e+02 |    Inf |   1.21%
 5107s|125100 | 33503 |279176k|2231.6 |  2547M |  74 | 603 |   9 |   0 |  20M|  0 |  87 |   0 |-2.781093e+09 | 9.905380e+02 |    Inf |   1.21%
 5112s|125200 | 33519 |279425k|2231.9 |  2549M |  74 | 603 |   9 |4650 |  20M|  2 |  87 |   0 |-2.781093e+09 | 9.905380e+02 |    Inf |   1.21%
 5116s|125300 | 33537 |279634k|2231.7 |  2550M |  74 | 603 |   9 |4804 |  20M|  0 |  87 |   0 |-2.781093e+09 | 9.905380e+02 |    Inf |   1.21%
 5120s|125400 | 33545 |279872k|2231.9 |  2550M |  74 | 603 |   8 |4891 |  20M|  2 |  87 |   0 |-2.781093e+09 | 9.905380e+02 |    Inf |   1.21%
 5124s|125500 | 33539 |280053k|2231.5 |  2551M |  74 | 603 |   8 |4771 |  20M|  1 |  87 |   0 |-2.781093e+09 | 9.905380e+02 |    Inf |   1.21%
 5128s|125600 | 33567 |280254k|2231.3 |  2553M |  74 | 603 |   8 |4302 |  20M|  2 |  87 |   0 |-2.781093e+09 | 9.905380e+02 |    Inf |   1.21%
 5133s|125700 | 33581 |280480k|2231.4 |  2553M |  74 | 603 |   8 |5405 |  20M|  2 |  87 |   0 |-2.781093e+09 | 9.905380e+02 |    Inf |   1.21%
 5138s|125800 | 33593 |280732k|2231.6 |  2555M |  74 | 603 |   8 |   0 |  20M|  0 |  87 |   0 |-2.781093e+09 | 9.905380e+02 |    Inf |   1.21%
 time | node  | left  |LP iter|LP it/n|mem/heur|mdpt |vars |cons |rows |cuts |sepa|confs|strbr|  dualbound   | primalbound  |  gap   | compl. 
 5143s|125900 | 33617 |280966k|2231.7 |  2557M |  74 | 603 |   8 |4657 |  20M|  4 |  87 |   0 |-2.781093e+09 | 9.905380e+02 |    Inf |   1.21%
 5147s|126000 | 33629 |281212k|2231.9 |  2558M |  74 | 603 |   8 |4845 |  20M|  2 |  87 |   0 |-2.781093e+09 | 9.905380e+02 |    Inf |   1.21%
 5152s|126100 | 33651 |281474k|2232.2 |  2559M |  74 | 603 |   8 |4960 |  20M|  2 |  87 |   0 |-2.781093e+09 | 9.905380e+02 |    Inf |   1.21%
 5157s|126200 | 33671 |281700k|2232.2 |  2561M |  74 | 603 |   8 |   0 |  20M|  0 |  87 |   0 |-2.781093e+09 | 9.905380e+02 |    Inf |   1.21%
 5161s|126300 | 33685 |281905k|2232.0 |  2563M |  74 | 603 |   8 |2683 |  20M|  2 |  87 |   0 |-2.781093e+09 | 9.905380e+02 |    Inf |   1.21%
 5164s|126400 | 33769 |282098k|2231.8 |  2565M |  74 | 603 |   8 |3994 |  20M|  3 |  87 |   0 |-2.781093e+09 | 9.905380e+02 |    Inf |   1.21%
 5168s|126500 | 33791 |282362k|2232.1 |  2566M |  74 | 603 |   8 |4761 |  20M|  2 |  87 |   0 |-2.781093e+09 | 9.905380e+02 |    Inf |   1.21%
 5173s|126600 | 33811 |282586k|2232.1 |  2569M |  74 | 603 |   8 |3934 |  20M|  2 |  87 |   0 |-2.781093e+09 | 9.905380e+02 |    Inf |   1.21%
 5177s|126700 | 33851 |282855k|2232.5 |  2570M |  74 | 603 |   8 |   0 |  20M|  0 |  87 |   0 |-2.781093e+09 | 9.905380e+02 |    Inf |   1.21%
 5181s|126800 | 33877 |283092k|2232.6 |  2572M |  74 | 603 |   8 |4391 |  20M|  2 |  87 |   0 |-2.781093e+09 | 9.905380e+02 |    Inf |   1.21%
 5186s|126900 | 33881 |283342k|2232.8 |  2574M |  74 | 603 |   8 |5002 |  20M|  1 |  87 |   0 |-2.781093e+09 | 9.905380e+02 |    Inf |   1.21%
 5190s|127000 | 33901 |283537k|2232.6 |  2575M |  74 | 603 |   8 |4575 |  20M|  1 |  87 |   0 |-2.781093e+09 | 9.905380e+02 |    Inf |   1.21%
 5193s|127100 | 33925 |283723k|2232.3 |  2577M |  74 | 603 |   8 |4241 |  20M|  3 |  87 |   0 |-2.781093e+09 | 9.905380e+02 |    Inf |   1.21%
 5197s|127200 | 33933 |283914k|2232.0 |  2580M |  74 | 603 |   8 |4227 |  20M|  1 |  87 |   0 |-2.781093e+09 | 9.905380e+02 |    Inf |   1.21%
 5201s|127300 | 33939 |284117k|2231.9 |  2580M |  74 | 603 |   8 |4796 |  21M|  1 |  87 |   0 |-2.781093e+09 | 9.905380e+02 |    Inf |   1.21%
 time | node  | left  |LP iter|LP it/n|mem/heur|mdpt |vars |cons |rows |cuts |sepa|confs|strbr|  dualbound   | primalbound  |  gap   | compl. 
 5205s|127400 | 33945 |284308k|2231.6 |  2581M |  74 | 603 |   8 |4493 |  21M|  2 |  87 |   0 |-2.781093e+09 | 9.905380e+02 |    Inf |   1.21%
 5209s|127500 | 33963 |284524k|2231.6 |  2582M |  74 | 603 |   8 |   0 |  21M|  0 |  87 |   0 |-2.781093e+09 | 9.905380e+02 |    Inf |   1.21%
 5213s|127600 | 33981 |284771k|2231.8 |  2583M |  74 | 603 |   8 |5029 |  21M|  1 |  87 |   0 |-2.781093e+09 | 9.905380e+02 |    Inf |   1.21%
 5217s|127700 | 34003 |285018k|2232.0 |  2585M |  74 | 603 |   8 |   0 |  21M|  0 |  87 |   0 |-2.781093e+09 | 9.905380e+02 |    Inf |   1.21%
 5221s|127800 | 34001 |285184k|2231.5 |  2587M |  74 | 603 |   8 |3983 |  21M|  1 |  87 |   0 |-2.781093e+09 | 9.905380e+02 |    Inf |   1.21%
 5225s|127900 | 34009 |285400k|2231.5 |  2587M |  74 | 603 |   8 |4477 |  21M|  2 |  87 |   0 |-2.781093e+09 | 9.905380e+02 |    Inf |   1.21%
 5230s|128000 | 34029 |285648k|2231.6 |  2592M |  74 | 603 |   8 |5035 |  21M|  3 |  87 |   0 |-2.781093e+09 | 9.905380e+02 |    Inf |   1.21%
 5234s|128100 | 34045 |285865k|2231.6 |  2593M |  74 | 603 |   8 |4331 |  21M|  2 |  87 |   0 |-2.781093e+09 | 9.905380e+02 |    Inf |   1.21%
 5238s|128200 | 34053 |286079k|2231.5 |  2594M |  74 | 603 |   8 |4541 |  21M|  3 |  87 |   0 |-2.781093e+09 | 9.905380e+02 |    Inf |   1.21%
 5242s|128300 | 34075 |286316k|2231.6 |  2596M |  74 | 603 |   8 |4857 |  21M|  2 |  87 |   0 |-2.781093e+09 | 9.905380e+02 |    Inf |   1.21%
 5246s|128400 | 34099 |286527k|2231.5 |  2597M |  74 | 603 |   8 |5511 |  21M|  1 |  87 |   0 |-2.781093e+09 | 9.905380e+02 |    Inf |   1.21%
 5250s|128500 | 34107 |286745k|2231.5 |  2598M |  74 | 603 |   8 |4563 |  21M|  2 |  87 |   0 |-2.781093e+09 | 9.905380e+02 |    Inf |   1.21%
 5254s|128600 | 34113 |286940k|2231.3 |  2598M |  74 | 603 |   9 |5104 |  21M|  2 |  88 |   0 |-2.781093e+09 | 9.905380e+02 |    Inf |   1.21%
 5258s|128700 | 34137 |287147k|2231.2 |  2600M |  74 | 603 |   9 |   0 |  21M|  0 |  88 |   0 |-2.781093e+09 | 9.905380e+02 |    Inf |   1.21%
 5263s|128800 | 34167 |287412k|2231.5 |  2602M |  74 | 603 |   9 |5081 |  21M|  2 |  88 |   0 |-2.781093e+09 | 9.905380e+02 |    Inf |   1.21%
 time | node  | left  |LP iter|LP it/n|mem/heur|mdpt |vars |cons |rows |cuts |sepa|confs|strbr|  dualbound   | primalbound  |  gap   | compl. 
 5267s|128900 | 34207 |287638k|2231.5 |  2602M |  74 | 603 |  10 |   0 |  21M|  0 |  89 |   0 |-2.781093e+09 | 9.905380e+02 |    Inf |   1.21%
 5272s|129000 | 34219 |287882k|2231.7 |  2604M |  74 | 603 |  10 |5636 |  21M|  2 |  89 |   0 |-2.781093e+09 | 9.905380e+02 |    Inf |   1.21%
 5276s|129100 | 34275 |288175k|2232.2 |  2606M |  74 | 603 |  10 |4291 |  21M|  2 |  89 |   0 |-2.781093e+09 | 9.905380e+02 |    Inf |   1.21%
 5281s|129200 | 34299 |288438k|2232.5 |  2608M |  74 | 603 |  10 |   0 |  21M|  0 |  89 |   0 |-2.781093e+09 | 9.905380e+02 |    Inf |   1.21%
 5285s|129300 | 34325 |288666k|2232.5 |  2609M |  74 | 603 |  12 |4390 |  21M|  2 |  91 |   0 |-2.781093e+09 | 9.905380e+02 |    Inf |   1.21%
 5289s|129400 | 34339 |288876k|2232.4 |  2612M |  74 | 603 |  12 |5602 |  21M|  0 |  91 |   0 |-2.781093e+09 | 9.905380e+02 |    Inf |   1.21%
 5295s|129500 | 34337 |289129k|2232.7 |  2612M |  74 | 603 |  12 |4197 |  21M|  2 |  91 |   0 |-2.781093e+09 | 9.905380e+02 |    Inf |   1.21%
 5299s|129600 | 34345 |289337k|2232.6 |  2615M |  74 | 603 |  11 |   0 |  21M|  0 |  91 |   0 |-2.781093e+09 | 9.905380e+02 |    Inf |   1.21%
 5303s|129700 | 34369 |289555k|2232.5 |  2615M |  74 | 603 |  11 |4837 |  21M|  0 |  91 |   0 |-2.781093e+09 | 9.905380e+02 |    Inf |   1.21%
 5307s|129800 | 34391 |289802k|2232.7 |  2617M |  74 | 603 |  11 |   0 |  21M|  0 |  91 |   0 |-2.781093e+09 | 9.905380e+02 |    Inf |   1.21%
 5312s|129900 | 34415 |290038k|2232.8 |  2620M |  74 | 603 |  12 |4521 |  21M|  4 |  92 |   0 |-2.781093e+09 | 9.905380e+02 |    Inf |   1.21%
 5317s|130000 | 34415 |290320k|2233.3 |  2620M |  74 | 603 |  12 |4179 |  21M|  2 |  92 |   0 |-2.781093e+09 | 9.905380e+02 |    Inf |   1.21%
 5321s|130100 | 34439 |290529k|2233.1 |  2622M |  74 | 603 |  12 |5452 |  21M|  0 |  92 |   0 |-2.781093e+09 | 9.905380e+02 |    Inf |   1.21%
 5326s|130200 | 34443 |290749k|2233.1 |  2623M |  74 | 603 |  11 |   0 |  21M|  0 |  92 |   0 |-2.781093e+09 | 9.905380e+02 |    Inf |   1.21%
 5331s|130300 | 34459 |290990k|2233.2 |  2624M |  74 | 603 |  11 |5088 |  21M|  1 |  92 |   0 |-2.781093e+09 | 9.905380e+02 |    Inf |   1.21%
 time | node  | left  |LP iter|LP it/n|mem/heur|mdpt |vars |cons |rows |cuts |sepa|confs|strbr|  dualbound   | primalbound  |  gap   | compl. 
 5335s|130400 | 34485 |291204k|2233.2 |  2625M |  74 | 603 |  11 |   0 |  21M|  0 |  92 |   0 |-2.781093e+09 | 9.905380e+02 |    Inf |   1.21%
 5339s|130500 | 34497 |291434k|2233.2 |  2627M |  74 | 603 |  11 |4312 |  21M|  2 |  92 |   0 |-2.781093e+09 | 9.905380e+02 |    Inf |   1.21%
 5343s|130600 | 34537 |291656k|2233.2 |  2629M |  74 | 603 |  11 |4863 |  21M|  2 |  92 |   0 |-2.781093e+09 | 9.905380e+02 |    Inf |   1.21%
 5348s|130700 | 34557 |291870k|2233.2 |  2629M |  74 | 603 |  11 |4177 |  21M|  2 |  92 |   0 |-2.781093e+09 | 9.905380e+02 |    Inf |   1.21%
 5351s|130800 | 34579 |292077k|2233.0 |  2633M |  74 | 603 |  11 |4607 |  21M|  2 |  92 |   0 |-2.781093e+09 | 9.905380e+02 |    Inf |   1.21%
 5355s|130900 | 34599 |292284k|2232.9 |  2635M |  74 | 603 |  11 |4450 |  21M|  1 |  93 |   0 |-2.781093e+09 | 9.905380e+02 |    Inf |   1.21%
 5359s|131000 | 34621 |292489k|2232.8 |  2636M |  74 | 603 |  11 |4493 |  21M|  2 |  93 |   0 |-2.781093e+09 | 9.905380e+02 |    Inf |   1.21%
 5363s|131100 | 34639 |292717k|2232.8 |  2637M |  74 | 603 |  12 |   0 |  21M|  0 |  94 |   0 |-2.781093e+09 | 9.905380e+02 |    Inf |   1.21%
 5368s|131200 | 34689 |292985k|2233.1 |  2643M |  74 | 603 |  12 |4761 |  21M|  0 |  94 |   0 |-2.781093e+09 | 9.905380e+02 |    Inf |   1.21%
 5373s|131300 | 34723 |293282k|2233.7 |  2646M |  74 | 603 |  12 |4526 |  21M|  2 |  94 |   0 |-2.781093e+09 | 9.905380e+02 |    Inf |   1.21%
 5377s|131400 | 34747 |293527k|2233.9 |  2647M |  74 | 603 |  12 |4189 |  21M|  1 |  94 |   0 |-2.781093e+09 | 9.905380e+02 |    Inf |   1.21%
 5381s|131500 | 34765 |293752k|2233.9 |  2648M |  74 | 603 |  12 |   0 |  21M|  0 |  94 |   0 |-2.781093e+09 | 9.905380e+02 |    Inf |   1.21%
 5386s|131600 | 34775 |293963k|2233.8 |  2650M |  74 | 603 |  12 |4000 |  21M|  2 |  94 |   0 |-2.781093e+09 | 9.905380e+02 |    Inf |   1.21%
 5390s|131700 | 34803 |294233k|2234.1 |  2651M |  74 | 603 |  11 |4290 |  21M|  2 |  94 |   0 |-2.781093e+09 | 9.905380e+02 |    Inf |   1.21%
 5395s|131800 | 34823 |294464k|2234.2 |  2655M |  74 | 603 |  11 |4518 |  21M|  3 |  94 |   0 |-2.781093e+09 | 9.905380e+02 |    Inf |   1.21%
 time | node  | left  |LP iter|LP it/n|mem/heur|mdpt |vars |cons |rows |cuts |sepa|confs|strbr|  dualbound   | primalbound  |  gap   | compl. 
 5399s|131900 | 34821 |294663k|2234.0 |  2656M |  74 | 603 |  11 |4729 |  21M|  5 |  94 |   0 |-2.781093e+09 | 9.905380e+02 |    Inf |   1.21%
 5403s|132000 | 34837 |294890k|2234.0 |  2657M |  74 | 603 |  11 |5254 |  21M|  2 |  94 |   0 |-2.781093e+09 | 9.905380e+02 |    Inf |   1.21%
 5407s|132100 | 34891 |295151k|2234.3 |  2660M |  74 | 603 |  12 |4613 |  21M|  1 |  95 |   0 |-2.781093e+09 | 9.905380e+02 |    Inf |   1.21%
 5411s|132200 | 34933 |295370k|2234.3 |  2662M |  74 | 603 |  12 |4322 |  21M|  2 |  95 |   0 |-2.781093e+09 | 9.905380e+02 |    Inf |   1.21%
 5416s|132300 | 34945 |295583k|2234.2 |  2663M |  74 | 603 |  12 |   0 |  21M|  0 |  95 |   0 |-2.781093e+09 | 9.905380e+02 |    Inf |   1.21%
 5420s|132400 | 34975 |295829k|2234.4 |  2664M |  74 | 603 |  12 |5073 |  21M|  2 |  95 |   0 |-2.781093e+09 | 9.905380e+02 |    Inf |   1.21%
 5425s|132500 | 34979 |296065k|2234.5 |  2665M |  74 | 603 |  12 |4892 |  21M|  1 |  95 |   0 |-2.781093e+09 | 9.905380e+02 |    Inf |   1.21%
 5430s|132600 | 35003 |296323k|2234.7 |  2668M |  74 | 603 |  12 |4603 |  21M|  2 |  95 |   0 |-2.781093e+09 | 9.905380e+02 |    Inf |   1.21%
 5435s|132700 | 35019 |296536k|2234.7 |  2668M |  74 | 603 |  12 |   0 |  21M|  0 |  95 |   0 |-2.781093e+09 | 9.905380e+02 |    Inf |   1.21%
 5438s|132800 | 35041 |296731k|2234.4 |  2671M |  74 | 603 |  11 |4492 |  21M|  2 |  95 |   0 |-2.781093e+09 | 9.905380e+02 |    Inf |   1.21%
 5442s|132900 | 35069 |296961k|2234.5 |  2674M |  74 | 603 |  11 |4121 |  21M|  2 |  95 |   0 |-2.781093e+09 | 9.905380e+02 |    Inf |   1.21%
 5446s|133000 | 35079 |297192k|2234.5 |  2674M |  74 | 603 |  11 |5113 |  21M|  0 |  95 |   0 |-2.781093e+09 | 9.905380e+02 |    Inf |   1.21%
 5451s|133100 | 35095 |297444k|2234.8 |  2678M |  74 | 603 |  11 |4474 |  21M|  2 |  95 |   0 |-2.781093e+09 | 9.905380e+02 |    Inf |   1.21%
 5456s|133200 | 35097 |297660k|2234.7 |  2678M |  74 | 603 |   9 |4265 |  21M|  2 |  95 |   0 |-2.781093e+09 | 9.905380e+02 |    Inf |   1.21%
 5460s|133300 | 35129 |297857k|2234.5 |  2678M |  74 | 603 |   9 |5285 |  21M|  4 |  95 |   0 |-2.781093e+09 | 9.905380e+02 |    Inf |   1.21%
 time | node  | left  |LP iter|LP it/n|mem/heur|mdpt |vars |cons |rows |cuts |sepa|confs|strbr|  dualbound   | primalbound  |  gap   | compl. 
 5464s|133400 | 35161 |298098k|2234.6 |  2681M |  74 | 603 |   9 |4160 |  21M|  2 |  95 |   0 |-2.781093e+09 | 9.905380e+02 |    Inf |   1.21%
 5469s|133500 | 35191 |298342k|2234.8 |  2684M |  74 | 603 |   9 |4944 |  22M|  2 |  95 |   0 |-2.781093e+09 | 9.905380e+02 |    Inf |   1.21%
 5473s|133600 | 35213 |298586k|2234.9 |  2687M |  74 | 603 |   9 |4822 |  22M|  4 |  95 |   0 |-2.781093e+09 | 9.905380e+02 |    Inf |   1.21%
 5477s|133700 | 35233 |298814k|2235.0 |  2689M |  74 | 603 |   9 |   0 |  22M|  0 |  95 |   0 |-2.781093e+09 | 9.905380e+02 |    Inf |   1.21%
 5481s|133800 | 35235 |299029k|2234.9 |  2689M |  74 | 603 |  10 |4372 |  22M|  2 |  96 |   0 |-2.781093e+09 | 9.905380e+02 |    Inf |   1.21%
 5485s|133900 | 35247 |299216k|2234.6 |  2690M |  74 | 603 |  10 |2815 |  22M|  2 |  96 |   0 |-2.781093e+09 | 9.905380e+02 |    Inf |   1.21%
 5488s|134000 | 35321 |299425k|2234.5 |  2693M |  74 | 603 |  10 |3369 |  22M|  3 |  96 |   0 |-2.781093e+09 | 9.905380e+02 |    Inf |   1.21%
 5491s|134100 | 35379 |299659k|2234.6 |  2695M |  74 | 603 |  10 |3381 |  22M|  2 |  96 |   0 |-2.781093e+09 | 9.905380e+02 |    Inf |   1.21%
 5494s|134200 | 35443 |299896k|2234.7 |  2697M |  74 | 603 |  11 |3455 |  22M|  2 |  97 |   0 |-2.781093e+09 | 9.905380e+02 |    Inf |   1.21%
 5498s|134300 | 35501 |300106k|2234.6 |  2702M |  74 | 603 |  11 |4465 |  22M|  2 |  97 |   0 |-2.781093e+09 | 9.905380e+02 |    Inf |   1.21%
 5501s|134400 | 35553 |300288k|2234.3 |  2705M |  74 | 603 |  11 |3104 |  22M|  3 |  97 |   0 |-2.781093e+09 | 9.905380e+02 |    Inf |   1.21%
 5505s|134500 | 35621 |300553k|2234.6 |  2712M |  74 | 603 |  11 |3614 |  22M|  2 |  97 |   0 |-2.781093e+09 | 9.905380e+02 |    Inf |   1.21%
 5508s|134600 | 35685 |300795k|2234.7 |  2718M |  74 | 603 |  11 |4179 |  22M|  2 |  97 |   0 |-2.781093e+09 | 9.905380e+02 |    Inf |   1.21%
 5511s|134700 | 35733 |300990k|2234.5 |  2720M |  74 | 603 |  11 |3796 |  22M|  2 |  97 |   0 |-2.781093e+09 | 9.905380e+02 |    Inf |   1.21%
 5514s|134800 | 35775 |301216k|2234.6 |  2721M |  74 | 603 |  11 |3700 |  22M|  2 |  97 |   0 |-2.781093e+09 | 9.905380e+02 |    Inf |   1.21%
 time | node  | left  |LP iter|LP it/n|mem/heur|mdpt |vars |cons |rows |cuts |sepa|confs|strbr|  dualbound   | primalbound  |  gap   | compl. 
 5518s|134900 | 35829 |301458k|2234.7 |  2726M |  74 | 603 |  11 |   0 |  22M|  0 |  97 |   0 |-2.781093e+09 | 9.905380e+02 |    Inf |   1.21%
 5522s|135000 | 35873 |301697k|2234.8 |  2728M |  74 | 603 |  11 |3702 |  22M|  2 |  97 |   0 |-2.781093e+09 | 9.905380e+02 |    Inf |   1.21%
 5526s|135100 | 35933 |302013k|2235.5 |  2732M |  74 | 603 |  11 |   0 |  22M|  0 |  97 |   0 |-2.781093e+09 | 9.905380e+02 |    Inf |   1.21%
 5530s|135200 | 35979 |302241k|2235.5 |  2737M |  74 | 603 |  11 |3733 |  22M|  2 |  97 |   0 |-2.781093e+09 | 9.905380e+02 |    Inf |   1.21%
 5534s|135300 | 36017 |302512k|2235.9 |  2741M |  74 | 603 |  11 |4686 |  22M|  3 |  97 |   0 |-2.781093e+09 | 9.905380e+02 |    Inf |   1.21%
 5538s|135400 | 36069 |302765k|2236.1 |  2744M |  74 | 603 |  11 |4612 |  22M|  2 |  97 |   0 |-2.781093e+09 | 9.905380e+02 |    Inf |   1.21%
 5542s|135500 | 36123 |302993k|2236.1 |  2746M |  74 | 603 |  11 |3550 |  22M|  2 |  97 |   0 |-2.781093e+09 | 9.905380e+02 |    Inf |   1.21%
 5545s|135600 | 36181 |303208k|2236.1 |  2749M |  74 | 603 |  12 |3945 |  22M|  2 |  98 |   0 |-2.781093e+09 | 9.905380e+02 |    Inf |   1.21%
 5548s|135700 | 36209 |303398k|2235.8 |  2751M |  74 | 603 |  12 |3473 |  22M|  2 |  98 |   0 |-2.781093e+09 | 9.905380e+02 |    Inf |   1.21%
 5551s|135800 | 36269 |303598k|2235.6 |  2758M |  74 | 603 |  12 |3524 |  22M|  2 |  98 |   0 |-2.781093e+09 | 9.905380e+02 |    Inf |   1.21%
 5554s|135900 | 36331 |303783k|2235.4 |  2760M |  74 | 603 |  13 |3415 |  22M|  3 |  99 |   0 |-2.781093e+09 | 9.905380e+02 |    Inf |   1.21%
 5557s|136000 | 36391 |304023k|2235.5 |  2764M |  74 | 603 |  13 |3425 |  22M|  2 |  99 |   0 |-2.781093e+09 | 9.905380e+02 |    Inf |   1.21%
 5560s|136100 | 36455 |304209k|2235.2 |  2768M |  74 | 603 |  14 |4241 |  22M|  2 | 100 |   0 |-2.781093e+09 | 9.905380e+02 |    Inf |   1.21%
 5563s|136200 | 36515 |304427k|2235.2 |  2772M |  74 | 603 |  14 |3510 |  22M|  2 | 100 |   0 |-2.781093e+09 | 9.905380e+02 |    Inf |   1.21%
 5567s|136300 | 36571 |304640k|2235.1 |  2775M |  74 | 603 |  14 |3938 |  22M|  2 | 100 |   0 |-2.781093e+09 | 9.905380e+02 |    Inf |   1.21%
 time | node  | left  |LP iter|LP it/n|mem/heur|mdpt |vars |cons |rows |cuts |sepa|confs|strbr|  dualbound   | primalbound  |  gap   | compl. 
 5570s|136400 | 36603 |304830k|2234.8 |  2779M |  74 | 603 |  14 |4152 |  22M|  1 | 100 |   0 |-2.781093e+09 | 9.905380e+02 |    Inf |   1.21%
 5573s|136500 | 36653 |305040k|2234.7 |  2783M |  74 | 603 |  14 |4252 |  22M|  2 | 100 |   0 |-2.781093e+09 | 9.905380e+02 |    Inf |   1.21%
 5577s|136600 | 36701 |305255k|2234.7 |  2786M |  74 | 603 |  15 |   0 |  22M|  0 | 101 |   0 |-2.781093e+09 | 9.905380e+02 |    Inf |   1.21%
 5580s|136700 | 36739 |305451k|2234.5 |  2788M |  74 | 603 |  15 |3940 |  22M|  2 | 101 |   0 |-2.781093e+09 | 9.905380e+02 |    Inf |   1.21%
 5584s|136800 | 36765 |305653k|2234.3 |  2791M |  74 | 603 |  15 |4229 |  22M|  2 | 101 |   0 |-2.781093e+09 | 9.905380e+02 |    Inf |   1.21%
 5588s|136900 | 36793 |305894k|2234.5 |  2795M |  74 | 603 |  15 |3668 |  22M|  2 | 101 |   0 |-2.781093e+09 | 9.905380e+02 |    Inf |   1.21%
 5591s|137000 | 36839 |306107k|2234.4 |  2798M |  74 | 603 |  15 |   0 |  22M|  0 | 101 |   0 |-2.781093e+09 | 9.905380e+02 |    Inf |   1.21%
 5594s|137100 | 36891 |306320k|2234.3 |  2801M |  74 | 603 |  15 |4248 |  22M|  3 | 101 |   0 |-2.781093e+09 | 9.905380e+02 |    Inf |   1.21%
 5598s|137200 | 36933 |306541k|2234.3 |  2805M |  74 | 603 |  15 |4188 |  22M|  2 | 101 |   0 |-2.781093e+09 | 9.905380e+02 |    Inf |   1.21%
 5601s|137300 | 36969 |306745k|2234.1 |  2811M |  74 | 603 |  15 |4251 |  22M|  2 | 101 |   0 |-2.781093e+09 | 9.905380e+02 |    Inf |   1.21%
 5606s|137400 | 36999 |307022k|2234.5 |  2813M |  74 | 603 |  15 |4374 |  22M|  2 | 101 |   0 |-2.781093e+09 | 9.905380e+02 |    Inf |   1.21%
 5610s|137500 | 37069 |307253k|2234.6 |  2817M |  74 | 603 |  15 |3857 |  22M|  2 | 101 |   0 |-2.781093e+09 | 9.905380e+02 |    Inf |   1.21%
 5613s|137600 | 37121 |307465k|2234.5 |  2820M |  74 | 603 |  15 |3661 |  22M|  2 | 101 |   0 |-2.781093e+09 | 9.905380e+02 |    Inf |   1.21%
 5616s|137700 | 37171 |307657k|2234.3 |  2824M |  74 | 603 |  15 |3678 |  22M|  2 | 101 |   0 |-2.781093e+09 | 9.905380e+02 |    Inf |   1.21%
 5620s|137800 | 37241 |307918k|2234.5 |  2828M |  74 | 603 |  15 |4014 |  22M|  2 | 101 |   0 |-2.781093e+09 | 9.905380e+02 |    Inf |   1.21%
 time | node  | left  |LP iter|LP it/n|mem/heur|mdpt |vars |cons |rows |cuts |sepa|confs|strbr|  dualbound   | primalbound  |  gap   | compl. 
 5625s|137900 | 37297 |308203k|2235.0 |  2831M |  74 | 603 |  15 |4442 |  22M|  2 | 101 |   0 |-2.781093e+09 | 9.905380e+02 |    Inf |   1.21%
 5628s|138000 | 37343 |308425k|2235.0 |  2836M |  74 | 603 |  15 |4188 |  22M|  2 | 101 |   0 |-2.781093e+09 | 9.905380e+02 |    Inf |   1.21%
 5632s|138100 | 37383 |308645k|2235.0 |  2840M |  74 | 603 |  14 |4562 |  22M|  2 | 101 |   0 |-2.781093e+09 | 9.905380e+02 |    Inf |   1.21%
 5636s|138200 | 37407 |308873k|2235.0 |  2844M |  74 | 603 |  14 |4272 |  22M|  3 | 101 |   0 |-2.781093e+09 | 9.905380e+02 |    Inf |   1.21%
 5641s|138300 | 37445 |309113k|2235.1 |  2848M |  74 | 603 |  15 |3331 |  22M|  2 | 102 |   0 |-2.781093e+09 | 9.905380e+02 |    Inf |   1.21%
 5644s|138400 | 37493 |309337k|2235.1 |  2854M |  74 | 603 |  15 |4223 |  22M|  2 | 102 |   0 |-2.781093e+09 | 9.905380e+02 |    Inf |   1.21%
 5648s|138500 | 37547 |309589k|2235.3 |  2856M |  74 | 603 |  15 |4295 |  22M|  1 | 102 |   0 |-2.781093e+09 | 9.905380e+02 |    Inf |   1.21%
 5652s|138600 | 37601 |309800k|2235.2 |  2859M |  74 | 603 |  15 |3320 |  22M|  2 | 102 |   0 |-2.781093e+09 | 9.905380e+02 |    Inf |   1.21%
 5656s|138700 | 37663 |310028k|2235.3 |  2866M |  74 | 603 |  15 |4957 |  22M|  1 | 102 |   0 |-2.781093e+09 | 9.905380e+02 |    Inf |   1.21%
 5660s|138800 | 37693 |310254k|2235.3 |  2867M |  74 | 603 |  16 |4037 |  22M|  2 | 103 |   0 |-2.781093e+09 | 9.905380e+02 |    Inf |   1.21%
 5664s|138900 | 37731 |310492k|2235.4 |  2869M |  74 | 603 |  16 |4062 |  22M|  2 | 103 |   0 |-2.781093e+09 | 9.905380e+02 |    Inf |   1.21%
 5668s|139000 | 37759 |310712k|2235.4 |  2872M |  74 | 603 |  16 |4576 |  22M|  1 | 103 |   0 |-2.781093e+09 | 9.905380e+02 |    Inf |   1.21%
 5671s|139100 | 37787 |310912k|2235.2 |  2874M |  74 | 603 |  16 |3517 |  22M|  2 | 103 |   0 |-2.781093e+09 | 9.905380e+02 |    Inf |   1.21%
 5674s|139200 | 37857 |311101k|2234.9 |  2881M |  74 | 603 |  16 |3966 |  23M|  1 | 103 |   0 |-2.781093e+09 | 9.905380e+02 |    Inf |   1.21%
 5677s|139300 | 37907 |311311k|2234.8 |  2883M |  74 | 603 |  16 |4165 |  23M|  1 | 103 |   0 |-2.781093e+09 | 9.905380e+02 |    Inf |   1.21%
 time | node  | left  |LP iter|LP it/n|mem/heur|mdpt |vars |cons |rows |cuts |sepa|confs|strbr|  dualbound   | primalbound  |  gap   | compl. 
 5680s|139400 | 37949 |311483k|2234.5 |  2887M |  74 | 603 |  16 |3904 |  23M|  3 | 103 |   0 |-2.781093e+09 | 9.905380e+02 |    Inf |   1.21%
 5684s|139500 | 38003 |311725k|2234.6 |  2889M |  74 | 603 |  16 |   0 |  23M|  0 | 103 |   0 |-2.781093e+09 | 9.905380e+02 |    Inf |   1.21%
 5687s|139600 | 38059 |311923k|2234.4 |  2894M |  74 | 603 |  16 |4398 |  23M|  2 | 103 |   0 |-2.781093e+09 | 9.905380e+02 |    Inf |   1.21%
 5691s|139700 | 38119 |312176k|2234.6 |  2897M |  74 | 603 |  16 |4136 |  23M|  2 | 103 |   0 |-2.781093e+09 | 9.905380e+02 |    Inf |   1.21%
 5696s|139800 | 38151 |312408k|2234.7 |  2852M |  74 | 603 |  16 |4553 |  23M|  2 | 103 |   0 |-2.781093e+09 | 9.905380e+02 |    Inf |   1.21%
 5699s|139900 | 38191 |312620k|2234.6 |  2855M |  74 | 603 |  17 |4441 |  23M|  2 | 104 |   0 |-2.781093e+09 | 9.905380e+02 |    Inf |   1.21%
 5704s|140000 | 38209 |312903k|2235.0 |  2856M |  74 | 603 |  17 |3828 |  23M|  2 | 104 |   0 |-2.781093e+09 | 9.905380e+02 |    Inf |   1.21%
 5707s|140100 | 38249 |313082k|2234.7 |  2860M |  74 | 603 |  17 |3452 |  23M|  2 | 104 |   0 |-2.781093e+09 | 9.905380e+02 |    Inf |   1.21%
 5710s|140200 | 38303 |313293k|2234.6 |  2864M |  74 | 603 |  17 |4447 |  23M|  2 | 104 |   0 |-2.781093e+09 | 9.905380e+02 |    Inf |   1.21%
 5713s|140300 | 38341 |313491k|2234.4 |  2866M |  74 | 603 |  17 |3739 |  23M|  3 | 104 |   0 |-2.781093e+09 | 9.905380e+02 |    Inf |   1.21%
 5717s|140400 | 38383 |313712k|2234.4 |  2870M |  74 | 603 |  17 |4073 |  23M|  2 | 104 |   0 |-2.781093e+09 | 9.905380e+02 |    Inf |   1.21%
 5721s|140500 | 38429 |313952k|2234.6 |  2873M |  74 | 603 |  17 |4826 |  23M|  3 | 104 |   0 |-2.781093e+09 | 9.905380e+02 |    Inf |   1.21%
 5724s|140600 | 38475 |314193k|2234.7 |  2879M |  74 | 603 |  17 |3481 |  23M|  2 | 104 |   0 |-2.781093e+09 | 9.905380e+02 |    Inf |   1.21%
 5728s|140700 | 38529 |314424k|2234.7 |  2881M |  74 | 603 |  17 |   0 |  23M|  0 | 104 |   0 |-2.781093e+09 | 9.905380e+02 |    Inf |   1.21%
 5731s|140800 | 38587 |314625k|2234.6 |  2884M |  74 | 603 |  17 |4340 |  23M|  2 | 104 |   0 |-2.781093e+09 | 9.905380e+02 |    Inf |   1.21%
 time | node  | left  |LP iter|LP it/n|mem/heur|mdpt |vars |cons |rows |cuts |sepa|confs|strbr|  dualbound   | primalbound  |  gap   | compl. 
 5735s|140900 | 38631 |314869k|2234.7 |  2885M |  74 | 603 |  17 |   0 |  23M|  0 | 104 |   0 |-2.781093e+09 | 9.905380e+02 |    Inf |   1.21%
 5739s|141000 | 38681 |315130k|2235.0 |  2887M |  74 | 603 |  16 |3545 |  23M|  2 | 104 |   0 |-2.781093e+09 | 9.905380e+02 |    Inf |   1.21%
 5742s|141100 | 38731 |315348k|2234.9 |  2890M |  74 | 603 |  16 |4674 |  23M|  1 | 104 |   0 |-2.781093e+09 | 9.905380e+02 |    Inf |   1.21%
 5746s|141200 | 38801 |315603k|2235.2 |  2894M |  74 | 603 |  16 |3768 |  23M|  3 | 104 |   0 |-2.781093e+09 | 9.905380e+02 |    Inf |   1.21%
 5750s|141300 | 38843 |315855k|2235.4 |  2895M |  74 | 603 |  16 |3946 |  23M|  2 | 104 |   0 |-2.781093e+09 | 9.905380e+02 |    Inf |   1.21%
 5754s|141400 | 38869 |316117k|2235.6 |  2899M |  74 | 603 |  16 |4872 |  23M|  2 | 104 |   0 |-2.781093e+09 | 9.905380e+02 |    Inf |   1.21%
 5759s|141500 | 38883 |316412k|2236.1 |  2902M |  74 | 603 |  16 |   0 |  23M|  0 | 104 |   0 |-2.781093e+09 | 9.905380e+02 |    Inf |   1.21%
 5763s|141600 | 38911 |316669k|2236.4 |  2903M |  74 | 603 |  15 |4358 |  23M|  2 | 104 |   0 |-2.781093e+09 | 9.905380e+02 |    Inf |   1.21%
 5766s|141700 | 38957 |316907k|2236.5 |  2905M |  74 | 603 |  14 |3999 |  23M|  1 | 104 |   0 |-2.781093e+09 | 9.905380e+02 |    Inf |   1.21%
 5770s|141800 | 39009 |317131k|2236.5 |  2908M |  74 | 603 |  14 |4126 |  23M|  2 | 104 |   0 |-2.781093e+09 | 9.905380e+02 |    Inf |   1.21%
 5773s|141900 | 39029 |317316k|2236.2 |  2910M |  74 | 603 |  14 |3849 |  23M|  1 | 104 |   0 |-2.781093e+09 | 9.905380e+02 |    Inf |   1.21%
 5777s|142000 | 39057 |317495k|2235.9 |  2911M |  74 | 603 |  14 |3904 |  23M|  3 | 104 |   0 |-2.781093e+09 | 9.905380e+02 |    Inf |   1.21%
 5780s|142100 | 39099 |317712k|2235.9 |  2913M |  74 | 603 |  14 |4704 |  23M|  0 | 104 |   0 |-2.781093e+09 | 9.905380e+02 |    Inf |   1.21%
 5784s|142200 | 39145 |317939k|2235.9 |  2915M |  74 | 603 |  14 |3917 |  23M|  2 | 104 |   0 |-2.781093e+09 | 9.905380e+02 |    Inf |   1.21%
 5787s|142300 | 39185 |318141k|2235.7 |  2917M |  74 | 603 |  15 |4903 |  23M|  1 | 105 |   0 |-2.781093e+09 | 9.905380e+02 |    Inf |   1.21%
 time | node  | left  |LP iter|LP it/n|mem/heur|mdpt |vars |cons |rows |cuts |sepa|confs|strbr|  dualbound   | primalbound  |  gap   | compl. 
 5791s|142400 | 39225 |318339k|2235.5 |  2919M |  74 | 603 |  15 |4278 |  23M|  1 | 105 |   0 |-2.781093e+09 | 9.905380e+02 |    Inf |   1.21%
 5795s|142500 | 39265 |318597k|2235.8 |  2922M |  74 | 603 |  15 |3759 |  23M|  2 | 105 |   0 |-2.781093e+09 | 9.905380e+02 |    Inf |   1.21%
 5799s|142600 | 39309 |318825k|2235.8 |  2926M |  74 | 603 |  15 |3825 |  23M|  1 | 105 |   0 |-2.781093e+09 | 9.905380e+02 |    Inf |   1.21%
 5801s|142700 | 39333 |318953k|2235.1 |  2927M |  74 | 603 |  15 |3741 |  23M|  2 | 105 |   0 |-2.781093e+09 | 9.905380e+02 |    Inf |   1.21%
 5805s|142800 | 39371 |319146k|2234.9 |  2932M |  74 | 603 |  15 |3544 |  23M|  3 | 105 |   0 |-2.781093e+09 | 9.905380e+02 |    Inf |   1.21%
 5808s|142900 | 39413 |319343k|2234.7 |  2934M |  74 | 603 |  16 |   0 |  23M|  0 | 106 |   0 |-2.781093e+09 | 9.905380e+02 |    Inf |   1.21%
 5812s|143000 | 39435 |319573k|2234.8 |  2936M |  74 | 603 |  16 |3877 |  23M|  2 | 106 |   0 |-2.781093e+09 | 9.905380e+02 |    Inf |   1.21%
 5815s|143100 | 39461 |319786k|2234.7 |  2938M |  74 | 603 |  16 |4258 |  23M|  2 | 106 |   0 |-2.781093e+09 | 9.905380e+02 |    Inf |   1.21%
 5819s|143200 | 39483 |319998k|2234.6 |  2942M |  74 | 603 |  16 |3715 |  23M|  2 | 106 |   0 |-2.781093e+09 | 9.905380e+02 |    Inf |   1.21%
 5822s|143300 | 39529 |320208k|2234.5 |  2944M |  74 | 603 |  16 |4013 |  23M|  2 | 106 |   0 |-2.781093e+09 | 9.905380e+02 |    Inf |   1.21%
 5825s|143400 | 39559 |320388k|2234.2 |  2946M |  74 | 603 |  16 |3737 |  23M|  2 | 106 |   0 |-2.781093e+09 | 9.905380e+02 |    Inf |   1.21%
 5829s|143500 | 39599 |320583k|2234.0 |  2948M |  74 | 603 |  16 |3975 |  23M|  2 | 106 |   0 |-2.781093e+09 | 9.905380e+02 |    Inf |   1.21%
 5832s|143600 | 39655 |320772k|2233.8 |  2950M |  74 | 603 |  17 |4082 |  23M|  0 | 107 |   0 |-2.781093e+09 | 9.905380e+02 |    Inf |   1.21%
 5836s|143700 | 39699 |321042k|2234.1 |  2953M |  74 | 603 |  17 |4462 |  23M|  2 | 107 |   0 |-2.781093e+09 | 9.905380e+02 |    Inf |   1.21%
 5840s|143800 | 39719 |321254k|2234.0 |  2954M |  74 | 603 |  17 |3685 |  23M|  2 | 107 |   0 |-2.781093e+09 | 9.905380e+02 |    Inf |   1.21%
 time | node  | left  |LP iter|LP it/n|mem/heur|mdpt |vars |cons |rows |cuts |sepa|confs|strbr|  dualbound   | primalbound  |  gap   | compl. 
 5844s|143900 | 39779 |321505k|2234.2 |  2958M |  74 | 603 |  17 |3679 |  23M|  2 | 107 |   0 |-2.781093e+09 | 9.905380e+02 |    Inf |   1.21%
 5847s|144000 | 39809 |321715k|2234.1 |  2960M |  74 | 603 |  17 |4742 |  23M|  2 | 107 |   0 |-2.781093e+09 | 9.905380e+02 |    Inf |   1.21%
 5851s|144100 | 39827 |321930k|2234.1 |  2962M |  74 | 603 |  17 |4413 |  23M|  4 | 107 |   0 |-2.781093e+09 | 9.905380e+02 |    Inf |   1.21%
 5854s|144200 | 39897 |322128k|2233.9 |  2963M |  74 | 603 |  17 |4156 |  23M|  1 | 107 |   0 |-2.781093e+09 | 9.905380e+02 |    Inf |   1.21%
 5858s|144300 | 39923 |322342k|2233.8 |  2966M |  74 | 603 |  17 |4200 |  23M|  2 | 107 |   0 |-2.781093e+09 | 9.905380e+02 |    Inf |   1.21%
 5861s|144400 | 39953 |322533k|2233.6 |  2968M |  74 | 603 |  17 |4208 |  23M|  2 | 107 |   0 |-2.781093e+09 | 9.905380e+02 |    Inf |   1.21%
 5865s|144500 | 39991 |322752k|2233.6 |  2970M |  74 | 603 |  17 |4254 |  23M|  3 | 107 |   0 |-2.781093e+09 | 9.905380e+02 |    Inf |   1.21%
 5869s|144600 | 40011 |322983k|2233.7 |  2972M |  74 | 603 |  17 |4292 |  23M|  3 | 107 |   0 |-2.781093e+09 | 9.905380e+02 |    Inf |   1.21%
 5872s|144700 | 40041 |323196k|2233.6 |  2976M |  74 | 603 |  17 |3968 |  23M|  2 | 107 |   0 |-2.781093e+09 | 9.905380e+02 |    Inf |   1.21%
 5876s|144800 | 40083 |323439k|2233.7 |  2978M |  74 | 603 |  17 |4024 |  23M|  1 | 107 |   0 |-2.781093e+09 | 9.905380e+02 |    Inf |   1.21%
 5879s|144900 | 40119 |323631k|2233.5 |  2980M |  74 | 603 |  17 |3670 |  23M|  0 | 107 |   0 |-2.781093e+09 | 9.905380e+02 |    Inf |   1.21%
 5883s|145000 | 40155 |323873k|2233.6 |  2980M |  74 | 603 |  17 |3564 |  23M|  1 | 107 |   0 |-2.781093e+09 | 9.905380e+02 |    Inf |   1.21%
 5887s|145100 | 40191 |324079k|2233.5 |  2983M |  74 | 603 |  17 |3389 |  24M|  2 | 107 |   0 |-2.781093e+09 | 9.905380e+02 |    Inf |   1.21%
 5890s|145200 | 40239 |324295k|2233.5 |  2984M |  74 | 603 |  17 |4181 |  24M|  2 | 107 |   0 |-2.781093e+09 | 9.905380e+02 |    Inf |   1.21%
 5894s|145300 | 40285 |324507k|2233.4 |  2989M |  74 | 603 |  17 |4301 |  24M|  3 | 107 |   0 |-2.781093e+09 | 9.905380e+02 |    Inf |   1.21%
 time | node  | left  |LP iter|LP it/n|mem/heur|mdpt |vars |cons |rows |cuts |sepa|confs|strbr|  dualbound   | primalbound  |  gap   | compl. 
 5898s|145400 | 40307 |324710k|2233.2 |  2989M |  74 | 603 |  17 |4272 |  24M|  2 | 107 |   0 |-2.781093e+09 | 9.905380e+02 |    Inf |   1.21%
 5901s|145500 | 40349 |324927k|2233.2 |  2991M |  74 | 603 |  17 |   0 |  24M|  0 | 107 |   0 |-2.781093e+09 | 9.905380e+02 |    Inf |   1.21%
 5905s|145600 | 40393 |325162k|2233.3 |  2994M |  74 | 603 |  17 |4146 |  24M|  2 | 107 |   0 |-2.781093e+09 | 9.905380e+02 |    Inf |   1.21%
 5909s|145700 | 40409 |325383k|2233.3 |  2995M |  74 | 603 |  17 |4016 |  24M|  2 | 107 |   0 |-2.781093e+09 | 9.905380e+02 |    Inf |   1.21%
 5913s|145800 | 40449 |325603k|2233.2 |  2998M |  74 | 603 |  17 |4074 |  24M|  1 | 107 |   0 |-2.781093e+09 | 9.905380e+02 |    Inf |   1.21%
 5917s|145900 | 40447 |325780k|2232.9 |  2999M |  74 | 603 |  17 |4249 |  24M|  2 | 107 |   0 |-2.781093e+09 | 9.905380e+02 |    Inf |   1.21%
 5921s|146000 | 40485 |326019k|2233.0 |  3001M |  74 | 603 |  17 |4816 |  24M|  2 | 107 |   0 |-2.781093e+09 | 9.905380e+02 |    Inf |   1.21%
 5925s|146100 | 40529 |326258k|2233.1 |  3005M |  74 | 603 |  17 |3922 |  24M|  2 | 107 |   0 |-2.781093e+09 | 9.905380e+02 |    Inf |   1.21%
 5928s|146200 | 40557 |326432k|2232.8 |  3007M |  74 | 603 |  17 |3953 |  24M|  2 | 107 |   0 |-2.781093e+09 | 9.905380e+02 |    Inf |   1.21%
 5932s|146300 | 40587 |326655k|2232.8 |  3008M |  74 | 603 |  17 |   0 |  24M|  0 | 107 |   0 |-2.781093e+09 | 9.905380e+02 |    Inf |   1.21%
 5935s|146400 | 40635 |326866k|2232.7 |  3011M |  74 | 603 |  17 |3299 |  24M|  2 | 107 |   0 |-2.781093e+09 | 9.905380e+02 |    Inf |   1.21%
 5939s|146500 | 40665 |327083k|2232.7 |  3013M |  74 | 603 |  17 |4483 |  24M|  3 | 107 |   0 |-2.781093e+09 | 9.905380e+02 |    Inf |   1.21%
 5943s|146600 | 40719 |327322k|2232.8 |  3015M |  74 | 603 |  17 |3565 |  24M|  2 | 107 |   0 |-2.781093e+09 | 9.905380e+02 |    Inf |   1.21%
 5947s|146700 | 40769 |327572k|2233.0 |  3017M |  74 | 603 |  17 |4228 |  24M|  2 | 107 |   0 |-2.781093e+09 | 9.905380e+02 |    Inf |   1.21%
 5951s|146800 | 40819 |327771k|2232.8 |  3019M |  74 | 603 |  17 |3779 |  24M|  2 | 107 |   0 |-2.781093e+09 | 9.905380e+02 |    Inf |   1.21%
 time | node  | left  |LP iter|LP it/n|mem/heur|mdpt |vars |cons |rows |cuts |sepa|confs|strbr|  dualbound   | primalbound  |  gap   | compl. 
 5954s|146900 | 40857 |327972k|2232.6 |  3020M |  74 | 603 |  17 |4427 |  24M|  2 | 107 |   0 |-2.781093e+09 | 9.905380e+02 |    Inf |   1.21%
 5958s|147000 | 40871 |328165k|2232.4 |  3021M |  74 | 603 |  17 |4292 |  24M|  2 | 107 |   0 |-2.781093e+09 | 9.905380e+02 |    Inf |   1.21%
 5962s|147100 | 40899 |328404k|2232.5 |  3022M |  74 | 603 |  17 |3686 |  24M|  3 | 107 |   0 |-2.781093e+09 | 9.905380e+02 |    Inf |   1.21%
 5966s|147200 | 40921 |328636k|2232.6 |  3024M |  74 | 603 |  17 |3912 |  24M|  1 | 107 |   0 |-2.781093e+09 | 9.905380e+02 |    Inf |   1.21%
 5969s|147300 | 40949 |328845k|2232.5 |  3026M |  74 | 603 |  17 |3712 |  24M|  2 | 107 |   0 |-2.781093e+09 | 9.905380e+02 |    Inf |   1.21%
 5973s|147400 | 40995 |329068k|2232.5 |  3028M |  74 | 603 |  17 |4032 |  24M|  2 | 107 |   0 |-2.781093e+09 | 9.905380e+02 |    Inf |   1.21%
 5978s|147500 | 41033 |329326k|2232.7 |  3030M |  74 | 603 |  17 |3841 |  24M|  2 | 107 |   0 |-2.781093e+09 | 9.905380e+02 |    Inf |   1.21%
 5982s|147600 | 41051 |329561k|2232.8 |  3033M |  74 | 603 |  17 |3818 |  24M|  3 | 107 |   0 |-2.781093e+09 | 9.905380e+02 |    Inf |   1.21%
 5986s|147700 | 41087 |329764k|2232.7 |  3035M |  74 | 603 |  17 |3825 |  24M|  2 | 107 |   0 |-2.781093e+09 | 9.905380e+02 |    Inf |   1.21%
 5989s|147800 | 41137 |329951k|2232.4 |  3037M |  74 | 603 |  17 |4379 |  24M|  2 | 107 |   0 |-2.781093e+09 | 9.905380e+02 |    Inf |   1.21%
 5993s|147900 | 41199 |330208k|2232.7 |  3040M |  74 | 603 |  17 |4519 |  24M|  2 | 107 |   0 |-2.781093e+09 | 9.905380e+02 |    Inf |   1.21%
 5997s|148000 | 41247 |330456k|2232.8 |  3042M |  74 | 603 |  17 |4370 |  24M|  1 | 107 |   0 |-2.781093e+09 | 9.905380e+02 |    Inf |   1.21%
 6001s|148100 | 41283 |330679k|2232.8 |  3047M |  74 | 603 |  17 |4377 |  24M|  1 | 107 |   0 |-2.781093e+09 | 9.905380e+02 |    Inf |   1.21%
 6005s|148200 | 41323 |330920k|2232.9 |  3049M |  74 | 603 |  17 |4533 |  24M|  2 | 107 |   0 |-2.781093e+09 | 9.905380e+02 |    Inf |   1.21%
 6010s|148300 | 41363 |331173k|2233.1 |  3050M |  74 | 603 |  17 |4344 |  24M|  2 | 107 |   0 |-2.781093e+09 | 9.905380e+02 |    Inf |   1.21%
 time | node  | left  |LP iter|LP it/n|mem/heur|mdpt |vars |cons |rows |cuts |sepa|confs|strbr|  dualbound   | primalbound  |  gap   | compl. 
 6013s|148400 | 41385 |331366k|2232.9 |  3052M |  74 | 603 |  17 |4369 |  24M|  2 | 107 |   0 |-2.781093e+09 | 9.905380e+02 |    Inf |   1.21%
 6017s|148500 | 41415 |331559k|2232.7 |  3054M |  74 | 603 |  17 |3521 |  24M|  2 | 107 |   0 |-2.781093e+09 | 9.905380e+02 |    Inf |   1.21%
 6021s|148600 | 41439 |331769k|2232.6 |  3055M |  74 | 603 |  15 |4617 |  24M|  0 | 107 |   0 |-2.781093e+09 | 9.905380e+02 |    Inf |   1.21%
 6024s|148700 | 41463 |331978k|2232.6 |  3056M |  74 | 603 |  15 |3896 |  24M|  0 | 107 |   0 |-2.781093e+09 | 9.905380e+02 |    Inf |   1.21%
 6027s|148800 | 41471 |332169k|2232.3 |  3058M |  74 | 603 |  15 |4634 |  24M|  2 | 107 |   0 |-2.781093e+09 | 9.905380e+02 |    Inf |   1.21%
 6031s|148900 | 41493 |332399k|2232.4 |  3060M |  74 | 603 |  14 |4192 |  24M|  2 | 107 |   0 |-2.781093e+09 | 9.905380e+02 |    Inf |   1.21%
 6035s|149000 | 41529 |332606k|2232.3 |  3062M |  74 | 603 |  14 |4509 |  24M|  3 | 107 |   0 |-2.781093e+09 | 9.905380e+02 |    Inf |   1.21%
 6039s|149100 | 41559 |332808k|2232.1 |  3064M |  74 | 603 |  14 |4405 |  24M|  2 | 107 |   0 |-2.781093e+09 | 9.905380e+02 |    Inf |   1.21%
 6043s|149200 | 41579 |333009k|2232.0 |  3066M |  74 | 603 |  14 |3978 |  24M|  0 | 107 |   0 |-2.781093e+09 | 9.905380e+02 |    Inf |   1.21%
 6047s|149300 | 41609 |333216k|2231.9 |  3067M |  74 | 603 |  14 |   0 |  24M|  0 | 107 |   0 |-2.781093e+09 | 9.905380e+02 |    Inf |   1.21%
 6051s|149400 | 41633 |333436k|2231.9 |  3070M |  74 | 603 |  14 |3789 |  24M|  0 | 107 |   0 |-2.781093e+09 | 9.905380e+02 |    Inf |   1.21%
 6055s|149500 | 41661 |333662k|2231.9 |  3071M |  74 | 603 |  14 |3922 |  24M|  2 | 107 |   0 |-2.781093e+09 | 9.905380e+02 |    Inf |   1.21%
 6059s|149600 | 41687 |333896k|2231.9 |  3074M |  74 | 603 |  14 |4653 |  24M|  2 | 107 |   0 |-2.781093e+09 | 9.905380e+02 |    Inf |   1.21%
 6063s|149700 | 41715 |334119k|2231.9 |  3075M |  74 | 603 |  14 |4329 |  24M|  2 | 107 |   0 |-2.781093e+09 | 9.905380e+02 |    Inf |   1.21%
 6068s|149800 | 41737 |334359k|2232.0 |  3077M |  74 | 603 |  14 |3771 |  24M|  1 | 107 |   0 |-2.781093e+09 | 9.905380e+02 |    Inf |   1.21%
 time | node  | left  |LP iter|LP it/n|mem/heur|mdpt |vars |cons |rows |cuts |sepa|confs|strbr|  dualbound   | primalbound  |  gap   | compl. 
 6072s|149900 | 41751 |334573k|2232.0 |  3078M |  74 | 603 |  14 |4044 |  24M|  1 | 107 |   0 |-2.781093e+09 | 9.905380e+02 |    Inf |   1.21%
 6076s|150000 | 41773 |334786k|2231.9 |  3079M |  74 | 603 |  14 |4042 |  24M|  1 | 107 |   0 |-2.781093e+09 | 9.905380e+02 |    Inf |   1.21%
 6079s|150100 | 41803 |334988k|2231.8 |  3083M |  74 | 603 |  14 |4441 |  24M|  2 | 107 |   0 |-2.781093e+09 | 9.905380e+02 |    Inf |   1.21%
 6083s|150200 | 41827 |335185k|2231.6 |  3085M |  74 | 603 |  14 |4256 |  24M|  2 | 107 |   0 |-2.781093e+09 | 9.905380e+02 |    Inf |   1.21%
 6087s|150300 | 41847 |335409k|2231.6 |  3086M |  74 | 603 |  14 |   0 |  24M|  0 | 107 |   0 |-2.781093e+09 | 9.905380e+02 |    Inf |   1.21%
 6091s|150400 | 41863 |335631k|2231.6 |  3087M |  74 | 603 |  14 |4316 |  24M|  2 | 107 |   0 |-2.781093e+09 | 9.905380e+02 |    Inf |   1.21%
 6095s|150500 | 41871 |335827k|2231.4 |  3089M |  74 | 603 |  14 |4314 |  24M|  2 | 107 |   0 |-2.781093e+09 | 9.905380e+02 |    Inf |   1.21%
 6098s|150600 | 41899 |336000k|2231.1 |  3090M |  74 | 603 |  14 |   0 |  24M|  0 | 107 |   0 |-2.781093e+09 | 9.905380e+02 |    Inf |   1.21%
 6102s|150700 | 41927 |336196k|2230.9 |  3092M |  74 | 603 |  14 |4060 |  25M|  2 | 107 |   0 |-2.781093e+09 | 9.905380e+02 |    Inf |   1.21%
 6106s|150800 | 41985 |336447k|2231.1 |  3094M |  74 | 603 |  14 |3782 |  25M|  2 | 107 |   0 |-2.781093e+09 | 9.905380e+02 |    Inf |   1.21%
 6110s|150900 | 42023 |336700k|2231.3 |  3097M |  74 | 603 |  14 |3970 |  25M|  2 | 107 |   0 |-2.781093e+09 | 9.905380e+02 |    Inf |   1.21%
 6114s|151000 | 42051 |336913k|2231.2 |  3099M |  74 | 603 |  14 |4733 |  25M|  2 | 107 |   0 |-2.781093e+09 | 9.905380e+02 |    Inf |   1.21%
 6119s|151100 | 42089 |337189k|2231.6 |  3101M |  74 | 603 |  14 |4646 |  25M|  2 | 107 |   0 |-2.781093e+09 | 9.905380e+02 |    Inf |   1.21%
 6123s|151200 | 42143 |337489k|2232.1 |  3104M |  74 | 603 |  14 |4319 |  25M|  1 | 107 |   0 |-2.781093e+09 | 9.905380e+02 |    Inf |   1.21%
 6128s|151300 | 42205 |337749k|2232.3 |  3106M |  74 | 603 |  14 |4732 |  25M|  3 | 107 |   0 |-2.781093e+09 | 9.905380e+02 |    Inf |   1.21%
 time | node  | left  |LP iter|LP it/n|mem/heur|mdpt |vars |cons |rows |cuts |sepa|confs|strbr|  dualbound   | primalbound  |  gap   | compl. 
 6132s|151400 | 42259 |338033k|2232.7 |  3109M |  74 | 603 |  14 |   0 |  25M|  0 | 107 |   0 |-2.781093e+09 | 9.905380e+02 |    Inf |   1.21%
 6137s|151500 | 42301 |338291k|2233.0 |  3111M |  74 | 603 |  14 |4449 |  25M|  2 | 107 |   0 |-2.781093e+09 | 9.905380e+02 |    Inf |   1.21%
 6141s|151600 | 42317 |338480k|2232.7 |  3114M |  74 | 603 |  15 |4670 |  25M|  1 | 108 |   0 |-2.781093e+09 | 9.905380e+02 |    Inf |   1.21%
 6144s|151700 | 42313 |338663k|2232.5 |  3116M |  74 | 603 |  15 |4443 |  25M|  1 | 108 |   0 |-2.781093e+09 | 9.905380e+02 |    Inf |   1.21%
 6148s|151800 | 42377 |338857k|2232.3 |  3117M |  74 | 603 |  15 |3978 |  25M|  2 | 108 |   0 |-2.781093e+09 | 9.905380e+02 |    Inf |   1.21%
 6151s|151900 | 42435 |339054k|2232.1 |  3121M |  74 | 603 |  15 |3995 |  25M|  2 | 108 |   0 |-2.781093e+09 | 9.905380e+02 |    Inf |   1.21%
 6155s|152000 | 42499 |339267k|2232.0 |  3124M |  74 | 603 |  15 |4264 |  25M|  2 | 108 |   0 |-2.781093e+09 | 9.905380e+02 |    Inf |   1.21%
 6158s|152100 | 42537 |339454k|2231.8 |  3127M |  74 | 603 |  15 |3790 |  25M|  2 | 108 |   0 |-2.781093e+09 | 9.905380e+02 |    Inf |   1.21%
 6162s|152200 | 42595 |339683k|2231.8 |  3129M |  74 | 603 |  15 |4366 |  25M|  1 | 108 |   0 |-2.781093e+09 | 9.905380e+02 |    Inf |   1.21%
 6166s|152300 | 42613 |339869k|2231.6 |  3131M |  74 | 603 |  15 |4538 |  25M|  2 | 108 |   0 |-2.781093e+09 | 9.905380e+02 |    Inf |   1.21%
 6170s|152400 | 42661 |340113k|2231.7 |  3133M |  74 | 603 |  15 |3732 |  25M|  2 | 108 |   0 |-2.781093e+09 | 9.905380e+02 |    Inf |   1.21%
 6173s|152500 | 42695 |340321k|2231.6 |  3135M |  74 | 603 |  15 |4381 |  25M|  3 | 108 |   0 |-2.781093e+09 | 9.905380e+02 |    Inf |   1.21%
 6177s|152600 | 42751 |340568k|2231.8 |  3137M |  74 | 603 |  15 |4360 |  25M|  2 | 108 |   0 |-2.781093e+09 | 9.905380e+02 |    Inf |   1.21%
 6181s|152700 | 42795 |340798k|2231.8 |  3139M |  74 | 603 |  15 |4294 |  25M|  3 | 108 |   0 |-2.781093e+09 | 9.905380e+02 |    Inf |   1.21%
 6185s|152800 | 42837 |340999k|2231.7 |  3141M |  74 | 603 |  15 |3892 |  25M|  1 | 108 |   0 |-2.781093e+09 | 9.905380e+02 |    Inf |   1.21%
 time | node  | left  |LP iter|LP it/n|mem/heur|mdpt |vars |cons |rows |cuts |sepa|confs|strbr|  dualbound   | primalbound  |  gap   | compl. 
 6189s|152900 | 42883 |341257k|2231.9 |  3143M |  74 | 603 |  14 |4666 |  25M|  2 | 108 |   0 |-2.781093e+09 | 9.905380e+02 |    Inf |   1.21%
 6193s|153000 | 42923 |341507k|2232.1 |  3146M |  74 | 603 |  13 |4408 |  25M|  2 | 108 |   0 |-2.781093e+09 | 9.905380e+02 |    Inf |   1.21%
 6196s|153100 | 42973 |341714k|2232.0 |  3149M |  74 | 603 |  13 |4534 |  25M|  3 | 108 |   0 |-2.781093e+09 | 9.905380e+02 |    Inf |   1.21%
 6200s|153200 | 43021 |341936k|2232.0 |  3151M |  74 | 603 |  14 |   0 |  25M|  0 | 109 |   0 |-2.781093e+09 | 9.905380e+02 |    Inf |   1.21%
 6204s|153300 | 43075 |342183k|2232.1 |  3155M |  74 | 603 |  14 |4101 |  25M|  0 | 109 |   0 |-2.781093e+09 | 9.905380e+02 |    Inf |   1.21%
 6208s|153400 | 43119 |342429k|2232.3 |  3157M |  74 | 603 |  14 |4317 |  25M|  1 | 109 |   0 |-2.781093e+09 | 9.905380e+02 |    Inf |   1.21%
 6212s|153500 | 43163 |342675k|2232.4 |  3158M |  74 | 603 |  14 |3959 |  25M|  2 | 109 |   0 |-2.781093e+09 | 9.905380e+02 |    Inf |   1.21%
 6216s|153600 | 43199 |342897k|2232.4 |  3162M |  74 | 603 |  14 |4556 |  25M|  1 | 109 |   0 |-2.781093e+09 | 9.905380e+02 |    Inf |   1.21%
 6220s|153700 | 43231 |343115k|2232.4 |  3164M |  74 | 603 |  14 |4134 |  25M|  1 | 109 |   0 |-2.781093e+09 | 9.905380e+02 |    Inf |   1.21%
 6223s|153800 | 43271 |343273k|2232.0 |  3168M |  74 | 603 |  14 |4565 |  25M|  2 | 109 |   0 |-2.781093e+09 | 9.905380e+02 |    Inf |   1.21%
 6227s|153900 | 43293 |343471k|2231.8 |  3171M |  74 | 603 |  14 |4053 |  25M|  2 | 109 |   0 |-2.781093e+09 | 9.905380e+02 |    Inf |   1.21%
 6231s|154000 | 43311 |343689k|2231.8 |  3172M |  74 | 603 |  14 |4214 |  25M|  1 | 109 |   0 |-2.781093e+09 | 9.905380e+02 |    Inf |   1.21%
 6234s|154100 | 43331 |343898k|2231.7 |  3172M |  74 | 603 |  14 |4307 |  25M|  2 | 109 |   0 |-2.781093e+09 | 9.905380e+02 |    Inf |   1.21%
 6239s|154200 | 43367 |344172k|2232.0 |  3176M |  74 | 603 |  14 |4501 |  25M|  2 | 109 |   0 |-2.781093e+09 | 9.905380e+02 |    Inf |   1.21%
 6242s|154300 | 43383 |344365k|2231.8 |  3177M |  74 | 603 |  14 |4127 |  25M|  1 | 109 |   0 |-2.781093e+09 | 9.905380e+02 |    Inf |   1.21%
 time | node  | left  |LP iter|LP it/n|mem/heur|mdpt |vars |cons |rows |cuts |sepa|confs|strbr|  dualbound   | primalbound  |  gap   | compl. 
 6247s|154400 | 43403 |344597k|2231.9 |  3180M |  74 | 603 |  14 |4169 |  25M|  1 | 109 |   0 |-2.781093e+09 | 9.905380e+02 |    Inf |   1.21%
 6250s|154500 | 43423 |344790k|2231.7 |  3183M |  74 | 603 |  14 |4016 |  25M|  2 | 109 |   0 |-2.781093e+09 | 9.905380e+02 |    Inf |   1.21%
 6254s|154600 | 43451 |345011k|2231.7 |  3184M |  74 | 603 |  14 |4143 |  25M|  1 | 109 |   0 |-2.781093e+09 | 9.905380e+02 |    Inf |   1.21%
 6258s|154700 | 43469 |345229k|2231.6 |  3186M |  74 | 603 |  14 |4225 |  25M|  1 | 109 |   0 |-2.781093e+09 | 9.905380e+02 |    Inf |   1.21%
 6262s|154800 | 43519 |345458k|2231.7 |  3188M |  74 | 603 |  14 |4285 |  25M|  3 | 109 |   0 |-2.781093e+09 | 9.905380e+02 |    Inf |   1.21%
 6266s|154900 | 43575 |345704k|2231.8 |  3192M |  74 | 603 |  14 |   0 |  25M|  0 | 109 |   0 |-2.781093e+09 | 9.905380e+02 |    Inf |   1.21%
 6270s|155000 | 43627 |345961k|2232.0 |  3196M |  74 | 603 |  14 |4456 |  25M|  3 | 109 |   0 |-2.781093e+09 | 9.905380e+02 |    Inf |   1.21%
 6274s|155100 | 43657 |346205k|2232.2 |  3199M |  74 | 603 |  14 |4081 |  25M|  2 | 109 |   0 |-2.781093e+09 | 9.905380e+02 |    Inf |   1.21%
 6279s|155200 | 43687 |346427k|2232.2 |  3202M |  74 | 603 |  14 |5002 |  25M|  1 | 109 |   0 |-2.781093e+09 | 9.905380e+02 |    Inf |   1.21%
 6283s|155300 | 43727 |346659k|2232.2 |  3204M |  74 | 603 |  14 |4592 |  25M|  2 | 109 |   0 |-2.781093e+09 | 9.905380e+02 |    Inf |   1.21%
 6287s|155400 | 43759 |346869k|2232.1 |  3205M |  74 | 603 |  14 |4169 |  25M|  3 | 109 |   0 |-2.781093e+09 | 9.905380e+02 |    Inf |   1.21%
 6291s|155500 | 43781 |347112k|2232.2 |  3207M |  74 | 603 |  14 |4472 |  25M|  2 | 109 |   0 |-2.781093e+09 | 9.905380e+02 |    Inf |   1.21%
 6296s|155600 | 43791 |347341k|2232.3 |  3208M |  74 | 603 |  14 |   0 |  25M|  0 | 109 |   0 |-2.781093e+09 | 9.905380e+02 |    Inf |   1.21%
 6299s|155700 | 43821 |347545k|2232.2 |  3211M |  74 | 603 |  14 |4296 |  25M|  2 | 109 |   0 |-2.781093e+09 | 9.905380e+02 |    Inf |   1.21%
 6303s|155800 | 43843 |347765k|2232.1 |  3213M |  74 | 603 |  14 |4235 |  25M|  2 | 109 |   0 |-2.781093e+09 | 9.905380e+02 |    Inf |   1.21%
 time | node  | left  |LP iter|LP it/n|mem/heur|mdpt |vars |cons |rows |cuts |sepa|confs|strbr|  dualbound   | primalbound  |  gap   | compl. 
 6307s|155900 | 43899 |348002k|2232.2 |  3217M |  74 | 603 |  14 |4059 |  25M|  2 | 109 |   0 |-2.781093e+09 | 9.905380e+02 |    Inf |   1.21%
 6310s|156000 | 43933 |348233k|2232.3 |  3219M |  74 | 603 |  14 |   0 |  25M|  0 | 109 |   0 |-2.781093e+09 | 9.905380e+02 |    Inf |   1.21%
 6314s|156100 | 43987 |348476k|2232.4 |  3222M |  74 | 603 |  14 |4239 |  26M|  2 | 109 |   0 |-2.781093e+09 | 9.905380e+02 |    Inf |   1.21%
 6318s|156200 | 44027 |348708k|2232.5 |  3224M |  74 | 603 |  14 |4549 |  26M|  1 | 109 |   0 |-2.781093e+09 | 9.905380e+02 |    Inf |   1.21%
 6322s|156300 | 44049 |348939k|2232.5 |  3227M |  74 | 603 |  14 |4519 |  26M|  1 | 109 |   0 |-2.781093e+09 | 9.905380e+02 |    Inf |   1.21%
 6326s|156400 | 44097 |349151k|2232.4 |  3232M |  74 | 603 |  14 |4131 |  26M|  3 | 109 |   0 |-2.781093e+09 | 9.905380e+02 |    Inf |   1.21%
 6330s|156500 | 44153 |349375k|2232.4 |  3234M |  74 | 603 |  14 |4437 |  26M|  2 | 109 |   0 |-2.781093e+09 | 9.905380e+02 |    Inf |   1.21%
 6333s|156600 | 44201 |349617k|2232.6 |  3237M |  74 | 603 |  13 |3708 |  26M|  2 | 109 |   0 |-2.781093e+09 | 9.905380e+02 |    Inf |   1.21%
 6337s|156700 | 44253 |349859k|2232.7 |  3243M |  74 | 603 |  12 |3915 |  26M|  2 | 109 |   0 |-2.781093e+09 | 9.905380e+02 |    Inf |   1.21%
 6341s|156800 | 44277 |350090k|2232.7 |  3245M |  74 | 603 |  12 |4176 |  26M|  2 | 109 |   0 |-2.781093e+09 | 9.905380e+02 |    Inf |   1.21%
 6345s|156900 | 44307 |350285k|2232.6 |  3248M |  74 | 603 |  12 |3954 |  26M|  2 | 110 |   0 |-2.781093e+09 | 9.905380e+02 |    Inf |   1.21%
 6349s|157000 | 44325 |350511k|2232.6 |  3253M |  74 | 603 |  12 |4010 |  26M|  2 | 111 |   0 |-2.781093e+09 | 9.905380e+02 |    Inf |   1.21%
 6353s|157100 | 44355 |350709k|2232.4 |  3256M |  74 | 603 |  12 |4546 |  26M|  2 | 111 |   0 |-2.781093e+09 | 9.905380e+02 |    Inf |   1.21%
 6356s|157200 | 44421 |350936k|2232.4 |  3257M |  74 | 603 |  12 |4499 |  26M|  5 | 111 |   0 |-2.781093e+09 | 9.905380e+02 |    Inf |   1.21%
 6360s|157300 | 44453 |351160k|2232.4 |  3258M |  74 | 603 |  12 |3892 |  26M|  2 | 111 |   0 |-2.781093e+09 | 9.905380e+02 |    Inf |   1.21%
 time | node  | left  |LP iter|LP it/n|mem/heur|mdpt |vars |cons |rows |cuts |sepa|confs|strbr|  dualbound   | primalbound  |  gap   | compl. 
 6364s|157400 | 44515 |351408k|2232.6 |  3262M |  74 | 603 |  12 |4347 |  26M|  1 | 111 |   0 |-2.781093e+09 | 9.905380e+02 |    Inf |   1.21%
 6368s|157500 | 44565 |351654k|2232.7 |  3265M |  74 | 603 |  12 |4173 |  26M|  2 | 111 |   0 |-2.781093e+09 | 9.905380e+02 |    Inf |   1.21%
 6372s|157600 | 44611 |351837k|2232.5 |  3267M |  74 | 603 |  12 |4316 |  26M|  2 | 111 |   0 |-2.781093e+09 | 9.905380e+02 |    Inf |   1.21%
 6376s|157700 | 44645 |352077k|2232.6 |  3272M |  74 | 603 |  12 |4073 |  26M|  2 | 111 |   0 |-2.781093e+09 | 9.905380e+02 |    Inf |   1.21%
 6380s|157800 | 44675 |352296k|2232.6 |  3274M |  74 | 603 |  12 |   0 |  26M|  0 | 111 |   0 |-2.781093e+09 | 9.905380e+02 |    Inf |   1.21%
 6383s|157900 | 44721 |352512k|2232.5 |  3277M |  74 | 603 |  12 |4197 |  26M|  2 | 111 |   0 |-2.781093e+09 | 9.905380e+02 |    Inf |   1.21%
 6388s|158000 | 44733 |352746k|2232.6 |  3277M |  74 | 603 |  12 |4017 |  26M|  2 | 111 |   0 |-2.781093e+09 | 9.905380e+02 |    Inf |   1.21%
 6392s|158100 | 44759 |352953k|2232.5 |  3279M |  74 | 603 |  12 |4395 |  26M|  2 | 111 |   0 |-2.781093e+09 | 9.905380e+02 |    Inf |   1.21%
 6396s|158200 | 44767 |353158k|2232.4 |  3281M |  74 | 603 |  12 |4175 |  26M|  2 | 111 |   0 |-2.781093e+09 | 9.905380e+02 |    Inf |   1.21%
 6400s|158300 | 44803 |353406k|2232.5 |  3281M |  74 | 603 |  12 |3884 |  26M|  3 | 111 |   0 |-2.781093e+09 | 9.905380e+02 |    Inf |   1.21%
 6404s|158400 | 44849 |353667k|2232.8 |  3286M |  74 | 603 |  12 |4100 |  26M|  2 | 111 |   0 |-2.781093e+09 | 9.905380e+02 |    Inf |   1.21%
 6409s|158500 | 44869 |353902k|2232.8 |  3287M |  74 | 603 |  12 |3682 |  26M|  1 | 111 |   0 |-2.781093e+09 | 9.905380e+02 |    Inf |   1.21%
 6413s|158600 | 44885 |354120k|2232.8 |  3289M |  74 | 603 |  12 |4385 |  26M|  2 | 111 |   0 |-2.781093e+09 | 9.905380e+02 |    Inf |   1.21%
 6416s|158700 | 44909 |354316k|2232.6 |  3291M |  74 | 603 |  12 |4559 |  26M|  1 | 111 |   0 |-2.781093e+09 | 9.905380e+02 |    Inf |   1.21%
 6419s|158800 | 44933 |354482k|2232.3 |  3293M |  74 | 603 |  12 |4254 |  26M|  2 | 111 |   0 |-2.781093e+09 | 9.905380e+02 |    Inf |   1.21%
 time | node  | left  |LP iter|LP it/n|mem/heur|mdpt |vars |cons |rows |cuts |sepa|confs|strbr|  dualbound   | primalbound  |  gap   | compl. 
 6423s|158900 | 44971 |354687k|2232.2 |  3296M |  74 | 603 |  12 |4228 |  26M|  1 | 111 |   0 |-2.781093e+09 | 9.905380e+02 |    Inf |   1.21%
 6427s|159000 | 45003 |354895k|2232.1 |  3298M |  74 | 603 |  12 |4219 |  26M|  2 | 111 |   0 |-2.781093e+09 | 9.905380e+02 |    Inf |   1.21%
 6430s|159100 | 45059 |355126k|2232.1 |  3299M |  74 | 603 |  12 |4142 |  26M|  3 | 111 |   0 |-2.781093e+09 | 9.905380e+02 |    Inf |   1.21%
 6434s|159200 | 45115 |355376k|2232.3 |  3303M |  74 | 603 |  12 |   0 |  26M|  0 | 111 |   0 |-2.781093e+09 | 9.905380e+02 |    Inf |   1.21%
 6439s|159300 | 45137 |355648k|2232.6 |  3305M |  74 | 603 |  12 |4637 |  26M|  4 | 111 |   0 |-2.781093e+09 | 9.905380e+02 |    Inf |   1.21%
 6442s|159400 | 45195 |355869k|2232.6 |  3310M |  74 | 603 |  12 |4528 |  26M|  2 | 111 |   0 |-2.781093e+09 | 9.905380e+02 |    Inf |   1.21%
 6446s|159500 | 45225 |356080k|2232.5 |  3313M |  74 | 603 |  12 |3883 |  26M|  2 | 111 |   0 |-2.781093e+09 | 9.905380e+02 |    Inf |   1.21%
 6450s|159600 | 45247 |356331k|2232.7 |  3315M |  74 | 603 |  12 |4316 |  26M|  2 | 111 |   0 |-2.781093e+09 | 9.905380e+02 |    Inf |   1.21%
 6454s|159700 | 45267 |356548k|2232.6 |  3321M |  74 | 603 |  12 |4092 |  26M|  1 | 111 |   0 |-2.781093e+09 | 9.905380e+02 |    Inf |   1.21%
 6458s|159800 | 45291 |356762k|2232.6 |  3321M |  74 | 603 |  12 |3903 |  26M|  2 | 111 |   0 |-2.781093e+09 | 9.905380e+02 |    Inf |   1.21%
 6463s|159900 | 45335 |357061k|2233.0 |  3326M |  74 | 603 |  12 |4974 |  26M|  2 | 111 |   0 |-2.781093e+09 | 9.905380e+02 |    Inf |   1.21%
 6467s|160000 | 45351 |357274k|2233.0 |  3326M |  74 | 603 |  12 |   0 |  26M|  0 | 111 |   0 |-2.781093e+09 | 9.905380e+02 |    Inf |   1.21%
 6471s|160100 | 45407 |357520k|2233.1 |  3328M |  74 | 603 |  12 |4419 |  26M|  2 | 111 |   0 |-2.781093e+09 | 9.905380e+02 |    Inf |   1.21%
 6475s|160200 | 45427 |357743k|2233.1 |  3330M |  74 | 603 |  12 |4280 |  26M|  2 | 111 |   0 |-2.781093e+09 | 9.905380e+02 |    Inf |   1.21%
 6479s|160300 | 45451 |357994k|2233.3 |  3334M |  74 | 603 |  12 |4166 |  26M|  0 | 111 |   0 |-2.781093e+09 | 9.905380e+02 |    Inf |   1.21%
 time | node  | left  |LP iter|LP it/n|mem/heur|mdpt |vars |cons |rows |cuts |sepa|confs|strbr|  dualbound   | primalbound  |  gap   | compl. 
 6483s|160400 | 45485 |358225k|2233.3 |  3337M |  74 | 603 |  12 |   0 |  26M|  0 | 111 |   0 |-2.781093e+09 | 9.905380e+02 |    Inf |   1.21%
 6487s|160500 | 45533 |358459k|2233.4 |  3346M |  74 | 603 |  12 |4180 |  26M|  2 | 111 |   0 |-2.781093e+09 | 9.905380e+02 |    Inf |   1.21%
 6491s|160600 | 45553 |358652k|2233.2 |  3347M |  74 | 603 |  12 |3711 |  26M|  1 | 111 |   0 |-2.781093e+09 | 9.905380e+02 |    Inf |   1.21%
 6494s|160700 | 45575 |358862k|2233.1 |  3351M |  74 | 603 |  12 |5308 |  26M|  0 | 111 |   0 |-2.781093e+09 | 9.905380e+02 |    Inf |   1.21%
 6497s|160800 | 45631 |359081k|2233.1 |  3354M |  74 | 603 |  12 |3906 |  26M|  2 | 111 |   0 |-2.781093e+09 | 9.905380e+02 |    Inf |   1.21%
 6501s|160900 | 45675 |359316k|2233.2 |  3357M |  74 | 603 |  12 |4947 |  26M|  2 | 111 |   0 |-2.781093e+09 | 9.905380e+02 |    Inf |   1.21%
 6506s|161000 | 45713 |359585k|2233.5 |  3359M |  74 | 603 |  12 |4952 |  26M|  2 | 111 |   0 |-2.781093e+09 | 9.905380e+02 |    Inf |   1.21%
 6510s|161100 | 45735 |359812k|2233.5 |  3361M |  74 | 603 |  12 |4156 |  26M|  1 | 111 |   0 |-2.781093e+09 | 9.905380e+02 |    Inf |   1.21%
 6514s|161200 | 45773 |360037k|2233.5 |  3365M |  74 | 603 |  12 |4822 |  26M|  2 | 111 |   0 |-2.781093e+09 | 9.905380e+02 |    Inf |   1.21%
 6517s|161300 | 45819 |360226k|2233.3 |  3366M |  74 | 603 |  12 |4828 |  26M|  2 | 111 |   0 |-2.781093e+09 | 9.905380e+02 |    Inf |   1.21%
 6521s|161400 | 45845 |360452k|2233.3 |  3368M |  74 | 603 |  11 |4375 |  26M|  2 | 111 |   0 |-2.781093e+09 | 9.905380e+02 |    Inf |   1.21%
 6525s|161500 | 45873 |360640k|2233.1 |  3371M |  74 | 603 |  11 |4272 |  26M|  1 | 111 |   0 |-2.781093e+09 | 9.905380e+02 |    Inf |   1.21%
 6528s|161600 | 45903 |360859k|2233.1 |  3373M |  74 | 603 |  11 |3973 |  26M|  1 | 111 |   0 |-2.781093e+09 | 9.905380e+02 |    Inf |   1.21%
 6532s|161700 | 45957 |361081k|2233.0 |  3375M |  74 | 603 |  12 |4394 |  27M|  2 | 112 |   0 |-2.781093e+09 | 9.905380e+02 |    Inf |   1.21%
 6536s|161800 | 45999 |361347k|2233.3 |  3382M |  74 | 603 |  12 |5074 |  27M|  2 | 112 |   0 |-2.781093e+09 | 9.905380e+02 |    Inf |   1.21%
 time | node  | left  |LP iter|LP it/n|mem/heur|mdpt |vars |cons |rows |cuts |sepa|confs|strbr|  dualbound   | primalbound  |  gap   | compl. 
 6541s|161900 | 46049 |361633k|2233.7 |  3384M |  74 | 603 |  12 |4740 |  27M|  2 | 112 |   0 |-2.781093e+09 | 9.905380e+02 |    Inf |   1.21%
 6545s|162000 | 46107 |361889k|2233.9 |  3389M |  74 | 603 |  12 |4871 |  27M|  2 | 112 |   0 |-2.781093e+09 | 9.905380e+02 |    Inf |   1.21%
 6549s|162100 | 46131 |362113k|2233.9 |  3392M |  74 | 603 |  12 |3962 |  27M|  2 | 112 |   0 |-2.781093e+09 | 9.905380e+02 |    Inf |   1.21%
 6553s|162200 | 46165 |362322k|2233.8 |  3394M |  74 | 603 |  12 |4659 |  27M|  2 | 112 |   0 |-2.781093e+09 | 9.905380e+02 |    Inf |   1.21%
 6558s|162300 | 46191 |362575k|2234.0 |  3396M |  74 | 603 |  12 |4376 |  27M|  1 | 112 |   0 |-2.781093e+09 | 9.905380e+02 |    Inf |   1.21%
 6562s|162400 | 46225 |362794k|2234.0 |  3398M |  74 | 603 |  12 |4751 |  27M|  2 | 112 |   0 |-2.781093e+09 | 9.905380e+02 |    Inf |   1.21%
 6566s|162500 | 46257 |363015k|2234.0 |  3401M |  74 | 603 |  12 |4937 |  27M|  2 | 112 |   0 |-2.781093e+09 | 9.905380e+02 |    Inf |   1.21%
 6570s|162600 | 46297 |363249k|2234.0 |  3404M |  74 | 603 |  12 |3701 |  27M|  1 | 112 |   0 |-2.781093e+09 | 9.905380e+02 |    Inf |   1.21%
 6574s|162700 | 46317 |363476k|2234.0 |  3407M |  74 | 603 |  12 |   0 |  27M|  0 | 112 |   0 |-2.781093e+09 | 9.905380e+02 |    Inf |   1.21%
 6579s|162800 | 46351 |363733k|2234.2 |  3410M |  74 | 603 |  12 |4400 |  27M|  2 | 112 |   0 |-2.781093e+09 | 9.905380e+02 |    Inf |   1.21%
 6583s|162900 | 46365 |363993k|2234.5 |  3410M |  74 | 603 |  12 |4883 |  27M|  2 | 112 |   0 |-2.781093e+09 | 9.905380e+02 |    Inf |   1.21%
 6587s|163000 | 46395 |364203k|2234.4 |  3414M |  74 | 603 |  12 |4912 |  27M|  2 | 112 |   0 |-2.781093e+09 | 9.905380e+02 |    Inf |   1.21%
 6591s|163100 | 46421 |364412k|2234.3 |  3416M |  74 | 603 |  12 |4845 |  27M|  2 | 112 |   0 |-2.781093e+09 | 9.905380e+02 |    Inf |   1.21%
 6596s|163200 | 46449 |364646k|2234.4 |  3419M |  74 | 603 |  12 |4651 |  27M|  3 | 112 |   0 |-2.781093e+09 | 9.905380e+02 |    Inf |   1.21%
 6600s|163300 | 46473 |364887k|2234.5 |  3421M |  74 | 603 |  12 |4226 |  27M|  1 | 112 |   0 |-2.781093e+09 | 9.905380e+02 |    Inf |   1.21%
 time | node  | left  |LP iter|LP it/n|mem/heur|mdpt |vars |cons |rows |cuts |sepa|confs|strbr|  dualbound   | primalbound  |  gap   | compl. 
 6604s|163400 | 46485 |365091k|2234.4 |  3422M |  74 | 603 |  12 |4600 |  27M|  2 | 112 |   0 |-2.781093e+09 | 9.905380e+02 |    Inf |   1.21%
 6608s|163500 | 46527 |365300k|2234.3 |  3425M |  74 | 603 |  12 |3969 |  27M|  2 | 112 |   0 |-2.781093e+09 | 9.905380e+02 |    Inf |   1.21%
 6612s|163600 | 46569 |365550k|2234.4 |  3429M |  74 | 603 |  12 |4806 |  27M|  2 | 112 |   0 |-2.781093e+09 | 9.905380e+02 |    Inf |   1.21%
 6617s|163700 | 46591 |365792k|2234.5 |  3431M |  74 | 603 |  12 |3977 |  27M|  2 | 112 |   0 |-2.781093e+09 | 9.905380e+02 |    Inf |   1.21%
 6621s|163800 | 46605 |365998k|2234.4 |  3433M |  74 | 603 |  13 |4004 |  27M|  2 | 113 |   0 |-2.781093e+09 | 9.905380e+02 |    Inf |   1.21%
 6625s|163900 | 46651 |366237k|2234.5 |  3436M |  74 | 603 |  13 |4336 |  27M|  2 | 113 |   0 |-2.781093e+09 | 9.905380e+02 |    Inf |   1.21%
 6629s|164000 | 46663 |366461k|2234.5 |  3438M |  74 | 603 |  13 |4910 |  27M|  1 | 113 |   0 |-2.781093e+09 | 9.905380e+02 |    Inf |   1.21%
 6633s|164100 | 46699 |366703k|2234.6 |  3440M |  74 | 603 |  13 |4058 |  27M|  2 | 113 |   0 |-2.781093e+09 | 9.905380e+02 |    Inf |   1.21%
 6637s|164200 | 46741 |366939k|2234.7 |  3444M |  74 | 603 |  13 |4922 |  27M|  2 | 113 |   0 |-2.781093e+09 | 9.905380e+02 |    Inf |   1.21%
 6640s|164300 | 46769 |367134k|2234.6 |  3447M |  74 | 603 |  13 |4058 |  27M|  1 | 113 |   0 |-2.781093e+09 | 9.905380e+02 |    Inf |   1.21%
 6645s|164400 | 46803 |367396k|2234.8 |  3450M |  74 | 603 |  13 |4048 |  27M|  2 | 113 |   0 |-2.781093e+09 | 9.905380e+02 |    Inf |   1.21%
 6649s|164500 | 46813 |367589k|2234.6 |  3453M |  74 | 603 |  13 |   0 |  27M|  0 | 113 |   0 |-2.781093e+09 | 9.905380e+02 |    Inf |   1.21%
 6653s|164600 | 46847 |367814k|2234.6 |  3456M |  74 | 603 |  13 |4346 |  27M|  2 | 113 |   0 |-2.781093e+09 | 9.905380e+02 |    Inf |   1.21%
 6657s|164700 | 46863 |368040k|2234.6 |  3458M |  74 | 603 |  14 |4074 |  27M|  2 | 114 |   0 |-2.781093e+09 | 9.905380e+02 |    Inf |   1.21%
 6661s|164800 | 46921 |368328k|2235.0 |  3462M |  74 | 603 |  14 |4442 |  27M|  4 | 114 |   0 |-2.781093e+09 | 9.905380e+02 |    Inf |   1.21%
 time | node  | left  |LP iter|LP it/n|mem/heur|mdpt |vars |cons |rows |cuts |sepa|confs|strbr|  dualbound   | primalbound  |  gap   | compl. 
 6665s|164900 | 46939 |368582k|2235.2 |  3464M |  74 | 603 |  14 |5336 |  27M|  1 | 114 |   0 |-2.781093e+09 | 9.905380e+02 |    Inf |   1.21%
 6669s|165000 | 46943 |368786k|2235.1 |  3464M |  74 | 603 |  14 |3884 |  27M|  1 | 114 |   0 |-2.781093e+09 | 9.905380e+02 |    Inf |   1.21%
 6673s|165100 | 46971 |369020k|2235.1 |  3466M |  74 | 603 |  14 |   0 |  27M|  0 | 114 |   0 |-2.781093e+09 | 9.905380e+02 |    Inf |   1.21%
 6677s|165200 | 47015 |369229k|2235.1 |  3417M |  74 | 603 |  14 |4025 |  27M|  2 | 114 |   0 |-2.781093e+09 | 9.905380e+02 |    Inf |   1.21%
 6680s|165300 | 47053 |369448k|2235.0 |  3420M |  74 | 603 |  14 |4593 |  27M|  1 | 114 |   0 |-2.781093e+09 | 9.905380e+02 |    Inf |   1.21%
 6684s|165400 | 47087 |369668k|2235.0 |  3422M |  74 | 603 |  14 |4392 |  27M|  2 | 114 |   0 |-2.781093e+09 | 9.905380e+02 |    Inf |   1.21%
 6688s|165500 | 47111 |369860k|2234.8 |  3425M |  74 | 603 |  14 |3970 |  27M|  2 | 114 |   0 |-2.781093e+09 | 9.905380e+02 |    Inf |   1.21%
 6691s|165600 | 47151 |370040k|2234.6 |  3426M |  74 | 603 |  14 |4024 |  27M|  2 | 114 |   0 |-2.781093e+09 | 9.905380e+02 |    Inf |   1.21%
 6694s|165700 | 47181 |370225k|2234.3 |  3428M |  74 | 603 |  14 |4384 |  27M|  1 | 114 |   0 |-2.781093e+09 | 9.905380e+02 |    Inf |   1.21%
 6697s|165800 | 47207 |370417k|2234.1 |  3432M |  74 | 603 |  14 |4192 |  27M|  2 | 114 |   0 |-2.781093e+09 | 9.905380e+02 |    Inf |   1.21%
 6701s|165900 | 47243 |370647k|2234.2 |  3433M |  74 | 603 |  14 |4141 |  27M|  3 | 114 |   0 |-2.781093e+09 | 9.905380e+02 |    Inf |   1.21%
 6705s|166000 | 47267 |370851k|2234.1 |  3436M |  74 | 603 |  14 |   0 |  27M|  0 | 114 |   0 |-2.781093e+09 | 9.905380e+02 |    Inf |   1.21%
 6708s|166100 | 47297 |371063k|2234.0 |  3439M |  74 | 603 |  14 |4274 |  27M|  1 | 114 |   0 |-2.781093e+09 | 9.905380e+02 |    Inf |   1.21%
 6712s|166200 | 47311 |371226k|2233.6 |  3441M |  74 | 603 |  14 |3078 |  27M|  2 | 114 |   0 |-2.781093e+09 | 9.905380e+02 |    Inf |   1.21%
 6715s|166300 | 47369 |371422k|2233.5 |  3445M |  74 | 603 |  14 |   0 |  27M|  0 | 114 |   0 |-2.781093e+09 | 9.905380e+02 |    Inf |   1.21%
 time | node  | left  |LP iter|LP it/n|mem/heur|mdpt |vars |cons |rows |cuts |sepa|confs|strbr|  dualbound   | primalbound  |  gap   | compl. 
 6719s|166400 | 47431 |371675k|2233.6 |  3446M |  74 | 603 |  14 |3969 |  27M|  2 | 114 |   0 |-2.781093e+09 | 9.905380e+02 |    Inf |   1.21%
 6723s|166500 | 47483 |371894k|2233.6 |  3449M |  74 | 603 |  14 |4991 |  27M|  5 | 114 |   0 |-2.781093e+09 | 9.905380e+02 |    Inf |   1.21%
 6726s|166600 | 47521 |372103k|2233.5 |  3450M |  74 | 603 |  14 |   0 |  27M|  0 | 114 |   0 |-2.781093e+09 | 9.905380e+02 |    Inf |   1.21%
 6731s|166700 | 47541 |372347k|2233.7 |  3455M |  74 | 603 |  14 |4304 |  27M|  2 | 114 |   0 |-2.781093e+09 | 9.905380e+02 |    Inf |   1.21%
 6735s|166800 | 47545 |372558k|2233.6 |  3456M |  74 | 603 |  14 |4284 |  27M|  1 | 114 |   0 |-2.781093e+09 | 9.905380e+02 |    Inf |   1.21%
 6739s|166900 | 47575 |372740k|2233.3 |  3458M |  74 | 603 |  14 |   0 |  27M|  0 | 114 |   0 |-2.781093e+09 | 9.905380e+02 |    Inf |   1.21%
 6742s|167000 | 47603 |372967k|2233.4 |  3460M |  74 | 603 |  14 |4394 |  27M|  1 | 114 |   0 |-2.781093e+09 | 9.905380e+02 |    Inf |   1.21%
 6747s|167100 | 47629 |373207k|2233.5 |  3462M |  74 | 603 |  14 |4541 |  27M|  2 | 114 |   0 |-2.781093e+09 | 9.905380e+02 |    Inf |   1.21%
 6751s|167200 | 47665 |373457k|2233.6 |  3464M |  74 | 603 |  14 |4385 |  27M|  3 | 114 |   0 |-2.781093e+09 | 9.905380e+02 |    Inf |   1.21%
 6756s|167300 | 47713 |373723k|2233.9 |  3465M |  74 | 603 |  14 |4712 |  28M|  1 | 114 |   0 |-2.781093e+09 | 9.905380e+02 |    Inf |   1.21%
 6760s|167400 | 47735 |373958k|2233.9 |  3471M |  74 | 603 |  14 |3920 |  28M|  2 | 114 |   0 |-2.781093e+09 | 9.905380e+02 |    Inf |   1.21%
 6765s|167500 | 47765 |374220k|2234.2 |  3472M |  74 | 603 |  14 |4545 |  28M|  1 | 114 |   0 |-2.781093e+09 | 9.905380e+02 |    Inf |   1.21%
 6769s|167600 | 47803 |374500k|2234.5 |  3476M |  74 | 603 |  14 |4360 |  28M|  0 | 114 |   0 |-2.781093e+09 | 9.905380e+02 |    Inf |   1.21%
 6774s|167700 | 47827 |374753k|2234.7 |  3477M |  74 | 603 |  14 |4220 |  28M|  2 | 114 |   0 |-2.781093e+09 | 9.905380e+02 |    Inf |   1.21%
 6777s|167800 | 47851 |374980k|2234.7 |  3479M |  74 | 603 |  13 |   0 |  28M|  0 | 114 |   0 |-2.781093e+09 | 9.905380e+02 |    Inf |   1.21%
 time | node  | left  |LP iter|LP it/n|mem/heur|mdpt |vars |cons |rows |cuts |sepa|confs|strbr|  dualbound   | primalbound  |  gap   | compl. 
 6782s|167900 | 47855 |375183k|2234.6 |  3480M |  74 | 603 |  13 |5185 |  28M|  3 | 114 |   0 |-2.781093e+09 | 9.905380e+02 |    Inf |   1.21%
 6785s|168000 | 47889 |375395k|2234.5 |  3482M |  74 | 603 |  12 |4163 |  28M|  2 | 114 |   0 |-2.781093e+09 | 9.905380e+02 |    Inf |   1.21%
 6790s|168100 | 47919 |375667k|2234.8 |  3484M |  74 | 603 |  12 |4450 |  28M|  1 | 114 |   0 |-2.781093e+09 | 9.905380e+02 |    Inf |   1.21%
 6795s|168200 | 47937 |375921k|2235.0 |  3486M |  74 | 603 |  12 |4284 |  28M|  2 | 114 |   0 |-2.781093e+09 | 9.905380e+02 |    Inf |   1.21%
 6799s|168300 | 47983 |376175k|2235.2 |  3488M |  74 | 603 |  12 |4034 |  28M|  2 | 114 |   0 |-2.781093e+09 | 9.905380e+02 |    Inf |   1.21%
 6802s|168400 | 48017 |376389k|2235.1 |  3491M |  74 | 603 |  12 |3962 |  28M|  2 | 114 |   0 |-2.781093e+09 | 9.905380e+02 |    Inf |   1.21%
 6807s|168500 | 48033 |376663k|2235.4 |  3493M |  74 | 603 |  12 |4469 |  28M|  0 | 114 |   0 |-2.781093e+09 | 9.905380e+02 |    Inf |   1.21%
 6812s|168600 | 48067 |376927k|2235.6 |  3493M |  74 | 603 |  12 |4404 |  28M|  2 | 114 |   0 |-2.781093e+09 | 9.905380e+02 |    Inf |   1.21%
 6816s|168700 | 48087 |377159k|2235.7 |  3496M |  74 | 603 |  12 |3897 |  28M|  2 | 114 |   0 |-2.781093e+09 | 9.905380e+02 |    Inf |   1.21%
 6819s|168800 | 48137 |377365k|2235.6 |  3498M |  74 | 603 |  12 |4111 |  28M|  2 | 114 |   0 |-2.781093e+09 | 9.905380e+02 |    Inf |   1.21%
 6822s|168900 | 48165 |377549k|2235.4 |  3502M |  74 | 603 |  12 |5278 |  28M|  2 | 114 |   0 |-2.781093e+09 | 9.905380e+02 |    Inf |   1.21%
 6826s|169000 | 48195 |377761k|2235.3 |  3505M |  74 | 603 |  12 |4496 |  28M|  2 | 114 |   0 |-2.781093e+09 | 9.905380e+02 |    Inf |   1.21%
 6829s|169100 | 48231 |377964k|2235.2 |  3507M |  74 | 603 |  12 |3768 |  28M|  2 | 114 |   0 |-2.781093e+09 | 9.905380e+02 |    Inf |   1.21%
 6833s|169200 | 48245 |378153k|2235.0 |  3508M |  74 | 603 |  12 |4113 |  28M|  2 | 114 |   0 |-2.781093e+09 | 9.905380e+02 |    Inf |   1.21%
 6837s|169300 | 48277 |378356k|2234.8 |  3510M |  74 | 603 |  12 |3940 |  28M|  2 | 114 |   0 |-2.781093e+09 | 9.905380e+02 |    Inf |   1.21%
 time | node  | left  |LP iter|LP it/n|mem/heur|mdpt |vars |cons |rows |cuts |sepa|confs|strbr|  dualbound   | primalbound  |  gap   | compl. 
 6840s|169400 | 48315 |378591k|2234.9 |  3512M |  74 | 603 |  12 |4586 |  28M|  2 | 114 |   0 |-2.781093e+09 | 9.905380e+02 |    Inf |   1.21%
 6844s|169500 | 48345 |378810k|2234.9 |  3514M |  74 | 603 |  12 |3720 |  28M|  2 | 114 |   0 |-2.781093e+09 | 9.905380e+02 |    Inf |   1.21%
 6848s|169600 | 48383 |379060k|2235.0 |  3517M |  74 | 603 |  12 |4124 |  28M|  2 | 114 |   0 |-2.781093e+09 | 9.905380e+02 |    Inf |   1.21%
 6853s|169700 | 48437 |379310k|2235.2 |  3520M |  74 | 603 |  12 |3949 |  28M|  2 | 114 |   0 |-2.781093e+09 | 9.905380e+02 |    Inf |   1.21%
 6856s|169800 | 48477 |379545k|2235.3 |  3522M |  74 | 603 |  12 |3779 |  28M|  2 | 114 |   0 |-2.781093e+09 | 9.905380e+02 |    Inf |   1.21%
 6860s|169900 | 48483 |379743k|2235.1 |  3524M |  74 | 603 |  12 |3932 |  28M|  2 | 114 |   0 |-2.781093e+09 | 9.905380e+02 |    Inf |   1.21%
 6865s|170000 | 48537 |380027k|2235.5 |  3527M |  74 | 603 |  12 |4634 |  28M|  2 | 114 |   0 |-2.781093e+09 | 9.905380e+02 |    Inf |   1.21%
 6869s|170100 | 48561 |380254k|2235.5 |  3529M |  74 | 603 |  12 |4962 |  28M|  2 | 114 |   0 |-2.781093e+09 | 9.905380e+02 |    Inf |   1.21%
 6873s|170200 | 48591 |380462k|2235.4 |  3531M |  74 | 603 |  12 |3955 |  28M|  1 | 114 |   0 |-2.781093e+09 | 9.905380e+02 |    Inf |   1.21%
 6878s|170300 | 48617 |380751k|2235.8 |  3533M |  74 | 603 |  12 |5190 |  28M|  3 | 114 |   0 |-2.781093e+09 | 9.905380e+02 |    Inf |   1.21%
 6882s|170400 | 48659 |380945k|2235.6 |  3535M |  74 | 603 |  12 |4096 |  28M|  1 | 114 |   0 |-2.781093e+09 | 9.905380e+02 |    Inf |   1.21%
 6886s|170500 | 48679 |381172k|2235.6 |  3537M |  74 | 603 |  12 |3907 |  28M|  2 | 114 |   0 |-2.781093e+09 | 9.905380e+02 |    Inf |   1.21%
 6891s|170600 | 48709 |381441k|2235.9 |  3539M |  74 | 603 |  12 |4905 |  28M|  2 | 114 |   0 |-2.781093e+09 | 9.905380e+02 |    Inf |   1.21%
 6895s|170700 | 48741 |381679k|2236.0 |  3543M |  74 | 603 |  12 |4865 |  28M|  1 | 114 |   0 |-2.781093e+09 | 9.905380e+02 |    Inf |   1.21%
 6899s|170800 | 48781 |381904k|2236.0 |  3547M |  74 | 603 |  12 |3912 |  28M|  2 | 114 |   0 |-2.781093e+09 | 9.905380e+02 |    Inf |   1.21%
 time | node  | left  |LP iter|LP it/n|mem/heur|mdpt |vars |cons |rows |cuts |sepa|confs|strbr|  dualbound   | primalbound  |  gap   | compl. 
 6903s|170900 | 48813 |382156k|2236.2 |  3549M |  74 | 603 |  12 |4449 |  28M|  2 | 114 |   0 |-2.781093e+09 | 9.905380e+02 |    Inf |   1.21%
 6907s|171000 | 48829 |382362k|2236.1 |  3550M |  74 | 603 |  12 |4358 |  28M|  4 | 114 |   0 |-2.781093e+09 | 9.905380e+02 |    Inf |   1.21%
 6911s|171100 | 48873 |382596k|2236.1 |  3551M |  74 | 603 |  12 |4688 |  28M|  2 | 114 |   0 |-2.781093e+09 | 9.905380e+02 |    Inf |   1.21%
 6915s|171200 | 48901 |382834k|2236.2 |  3554M |  74 | 603 |  12 |4524 |  28M|  1 | 114 |   0 |-2.781093e+09 | 9.905380e+02 |    Inf |   1.21%
 6918s|171300 | 48919 |383000k|2235.9 |  3557M |  74 | 603 |  12 |   0 |  28M|  0 | 114 |   0 |-2.781093e+09 | 9.905380e+02 |    Inf |   1.21%
 6922s|171400 | 48945 |383189k|2235.7 |  3558M |  74 | 603 |  12 |4024 |  28M|  2 | 114 |   0 |-2.781093e+09 | 9.905380e+02 |    Inf |   1.21%
 6926s|171500 | 48971 |383413k|2235.7 |  3559M |  74 | 603 |  12 |4107 |  28M|  2 | 114 |   0 |-2.781093e+09 | 9.905380e+02 |    Inf |   1.21%
 6930s|171600 | 49009 |383646k|2235.7 |  3561M |  74 | 603 |  12 |   0 |  28M|  0 | 114 |   0 |-2.781093e+09 | 9.905380e+02 |    Inf |   1.21%
 6933s|171700 | 49043 |383858k|2235.6 |  3563M |  74 | 603 |  12 |4205 |  28M|  4 | 114 |   0 |-2.781093e+09 | 9.905380e+02 |    Inf |   1.21%
 6937s|171800 | 49055 |384052k|2235.5 |  3565M |  74 | 603 |  12 |4210 |  28M|  1 | 114 |   0 |-2.781093e+09 | 9.905380e+02 |    Inf |   1.21%
 6941s|171900 | 49089 |384258k|2235.4 |  3566M |  74 | 603 |  12 |   0 |  28M|  0 | 114 |   0 |-2.781093e+09 | 9.905380e+02 |    Inf |   1.21%
 6945s|172000 | 49119 |384502k|2235.5 |  3572M |  74 | 603 |  12 |4047 |  28M|  2 | 114 |   0 |-2.781093e+09 | 9.905380e+02 |    Inf |   1.21%
 6949s|172100 | 49177 |384742k|2235.6 |  3574M |  74 | 603 |  12 |4622 |  28M|  1 | 114 |   0 |-2.781093e+09 | 9.905380e+02 |    Inf |   1.21%
 6952s|172200 | 49243 |384954k|2235.5 |  3576M |  74 | 603 |  12 |4306 |  28M|  2 | 114 |   0 |-2.781093e+09 | 9.905380e+02 |    Inf |   1.21%
 6956s|172300 | 49297 |385188k|2235.6 |  3578M |  74 | 603 |  12 |4169 |  28M|  2 | 114 |   0 |-2.781093e+09 | 9.905380e+02 |    Inf |   1.21%
 time | node  | left  |LP iter|LP it/n|mem/heur|mdpt |vars |cons |rows |cuts |sepa|confs|strbr|  dualbound   | primalbound  |  gap   | compl. 
 6961s|172400 | 49339 |385463k|2235.9 |  3581M |  74 | 603 |  12 |3974 |  28M|  2 | 114 |   0 |-2.781093e+09 | 9.905380e+02 |    Inf |   1.21%
 6965s|172500 | 49379 |385701k|2236.0 |  3583M |  74 | 603 |  12 |4437 |  28M|  1 | 114 |   0 |-2.781093e+09 | 9.905380e+02 |    Inf |   1.21%
 6970s|172600 | 49413 |385979k|2236.3 |  3584M |  74 | 603 |  12 |4225 |  28M|  2 | 114 |   0 |-2.781093e+09 | 9.905380e+02 |    Inf |   1.21%
 6974s|172700 | 49441 |386224k|2236.4 |  3587M |  74 | 603 |  12 |4166 |  28M|  1 | 115 |   0 |-2.781093e+09 | 9.905380e+02 |    Inf |   1.21%
 6977s|172800 | 49463 |386412k|2236.2 |  3588M |  74 | 603 |  12 |4282 |  28M|  1 | 115 |   0 |-2.781093e+09 | 9.905380e+02 |    Inf |   1.21%
 6982s|172900 | 49481 |386644k|2236.2 |  3591M |  74 | 603 |  12 |4423 |  28M|  1 | 115 |   0 |-2.781093e+09 | 9.905380e+02 |    Inf |   1.21%
 6986s|173000 | 49503 |386884k|2236.3 |  3592M |  74 | 603 |  12 |4260 |  29M|  2 | 115 |   0 |-2.781093e+09 | 9.905380e+02 |    Inf |   1.21%
 6990s|173100 | 49537 |387091k|2236.2 |  3593M |  74 | 603 |  12 |4525 |  29M|  2 | 115 |   0 |-2.781093e+09 | 9.905380e+02 |    Inf |   1.21%
 6994s|173200 | 49559 |387321k|2236.3 |  3595M |  74 | 603 |  12 |4376 |  29M|  1 | 115 |   0 |-2.781093e+09 | 9.905380e+02 |    Inf |   1.21%
 6998s|173300 | 49593 |387573k|2236.4 |  3599M |  74 | 603 |  12 |4195 |  29M|  3 | 115 |   0 |-2.781093e+09 | 9.905380e+02 |    Inf |   1.21%
 7002s|173400 | 49643 |387808k|2236.5 |  3601M |  74 | 603 |  12 |3515 |  29M|  1 | 115 |   0 |-2.781093e+09 | 9.905380e+02 |    Inf |   1.21%
 7006s|173500 | 49663 |388039k|2236.5 |  3603M |  74 | 603 |  12 |   0 |  29M|  0 | 115 |   0 |-2.781093e+09 | 9.905380e+02 |    Inf |   1.21%
 7010s|173600 | 49691 |388237k|2236.4 |  3605M |  74 | 603 |  12 |4574 |  29M|  7 | 115 |   0 |-2.781093e+09 | 9.905380e+02 |    Inf |   1.21%
 7013s|173700 | 49709 |388413k|2236.1 |  3605M |  74 | 603 |  12 |4275 |  29M|  2 | 115 |   0 |-2.781093e+09 | 9.905380e+02 |    Inf |   1.21%
 7016s|173800 | 49711 |388560k|2235.7 |  3606M |  74 | 603 |  12 |4054 |  29M|  2 | 115 |   0 |-2.781093e+09 | 9.905380e+02 |    Inf |   1.21%
 time | node  | left  |LP iter|LP it/n|mem/heur|mdpt |vars |cons |rows |cuts |sepa|confs|strbr|  dualbound   | primalbound  |  gap   | compl. 
 7020s|173900 | 49745 |388787k|2235.7 |  3609M |  74 | 603 |  12 |4194 |  29M|  2 | 115 |   0 |-2.781093e+09 | 9.905380e+02 |    Inf |   1.21%
 7024s|174000 | 49753 |388967k|2235.5 |  3609M |  74 | 603 |  12 |4587 |  29M|  1 | 115 |   0 |-2.781093e+09 | 9.905380e+02 |    Inf |   1.21%
 7028s|174100 | 49769 |389178k|2235.4 |  3611M |  74 | 603 |  12 |4152 |  29M|  1 | 115 |   0 |-2.781093e+09 | 9.905380e+02 |    Inf |   1.21%
 7032s|174200 | 49797 |389407k|2235.4 |  3612M |  74 | 603 |  12 |4387 |  29M|  0 | 115 |   0 |-2.781093e+09 | 9.905380e+02 |    Inf |   1.21%
 7036s|174300 | 49833 |389608k|2235.3 |  3614M |  74 | 603 |  12 |3948 |  29M|  2 | 115 |   0 |-2.781093e+09 | 9.905380e+02 |    Inf |   1.21%
 7039s|174400 | 49879 |389837k|2235.3 |  3616M |  74 | 603 |  12 |4025 |  29M|  2 | 115 |   0 |-2.781093e+09 | 9.905380e+02 |    Inf |   1.21%
 7043s|174500 | 49905 |390018k|2235.1 |  3619M |  74 | 603 |  12 |   0 |  29M|  0 | 115 |   0 |-2.781093e+09 | 9.905380e+02 |    Inf |   1.21%
 7045s|174600 | 49929 |390152k|2234.6 |  3620M |  74 | 603 |  12 |3820 |  29M|  2 | 116 |   0 |-2.781093e+09 | 9.905380e+02 |    Inf |   1.21%
 7049s|174700 | 49977 |390335k|2234.3 |  3622M |  74 | 603 |  12 |4415 |  29M|  2 | 116 |   0 |-2.781093e+09 | 9.905380e+02 |    Inf |   1.21%
 7053s|174800 | 50003 |390540k|2234.2 |  3623M |  74 | 603 |  12 |3747 |  29M|  2 | 116 |   0 |-2.781093e+09 | 9.905380e+02 |    Inf |   1.21%
 7057s|174900 | 50035 |390747k|2234.1 |  3626M |  74 | 603 |  12 |3975 |  29M|  2 | 116 |   0 |-2.781093e+09 | 9.905380e+02 |    Inf |   1.21%
 7061s|175000 | 50057 |390969k|2234.1 |  3627M |  74 | 603 |  12 |4662 |  29M|  2 | 116 |   0 |-2.781093e+09 | 9.905380e+02 |    Inf |   1.21%
 7064s|175100 | 50093 |391147k|2233.9 |  3630M |  74 | 603 |  12 |4573 |  29M|  2 | 116 |   0 |-2.781093e+09 | 9.905380e+02 |    Inf |   1.21%
 7068s|175200 | 50103 |391347k|2233.7 |  3630M |  74 | 603 |  13 |4705 |  29M|  2 | 117 |   0 |-2.781093e+09 | 9.905380e+02 |    Inf |   1.21%
 7073s|175300 | 50125 |391594k|2233.9 |  3632M |  74 | 603 |  13 |4416 |  29M|  2 | 117 |   0 |-2.781093e+09 | 9.905380e+02 |    Inf |   1.21%
 time | node  | left  |LP iter|LP it/n|mem/heur|mdpt |vars |cons |rows |cuts |sepa|confs|strbr|  dualbound   | primalbound  |  gap   | compl. 
 7077s|175400 | 50145 |391828k|2233.9 |  3633M |  74 | 603 |  13 |4456 |  29M|  2 | 117 |   0 |-2.781093e+09 | 9.905380e+02 |    Inf |   1.21%
 7081s|175500 | 50155 |392021k|2233.8 |  3636M |  74 | 603 |  13 |4255 |  29M|  4 | 117 |   0 |-2.781093e+09 | 9.905380e+02 |    Inf |   1.21%
 7085s|175600 | 50163 |392207k|2233.5 |  3637M |  74 | 603 |  13 |4390 |  29M|  2 | 117 |   0 |-2.781093e+09 | 9.905380e+02 |    Inf |   1.21%
 7088s|175700 | 50215 |392403k|2233.4 |  3639M |  74 | 603 |  13 |4086 |  29M|  2 | 117 |   0 |-2.781093e+09 | 9.905380e+02 |    Inf |   1.21%
 7091s|175800 | 50245 |392587k|2233.2 |  3641M |  74 | 603 |  13 |4523 |  29M|  1 | 117 |   0 |-2.781093e+09 | 9.905380e+02 |    Inf |   1.21%
 7095s|175900 | 50287 |392801k|2233.1 |  3643M |  74 | 603 |  13 |4217 |  29M|  2 | 117 |   0 |-2.781093e+09 | 9.905380e+02 |    Inf |   1.21%
 7098s|176000 | 50323 |393026k|2233.1 |  3646M |  74 | 603 |  13 |4393 |  29M|  0 | 117 |   0 |-2.781093e+09 | 9.905380e+02 |    Inf |   1.21%
 7102s|176100 | 50357 |393274k|2233.3 |  3647M |  74 | 603 |  13 |4435 |  29M|  6 | 117 |   0 |-2.781093e+09 | 9.905380e+02 |    Inf |   1.21%
 7107s|176200 | 50375 |393499k|2233.3 |  3649M |  74 | 603 |  13 |4304 |  29M|  2 | 117 |   0 |-2.781093e+09 | 9.905380e+02 |    Inf |   1.21%
 7110s|176300 | 50391 |393708k|2233.2 |  3651M |  74 | 603 |  13 |4030 |  29M|  2 | 117 |   0 |-2.781093e+09 | 9.905380e+02 |    Inf |   1.21%
 7114s|176400 | 50415 |393898k|2233.0 |  3652M |  74 | 603 |  13 |4354 |  29M|  2 | 117 |   0 |-2.781093e+09 | 9.905380e+02 |    Inf |   1.21%
 7118s|176500 | 50423 |394083k|2232.8 |  3652M |  74 | 603 |  13 |4304 |  29M|  1 | 117 |   0 |-2.781093e+09 | 9.905380e+02 |    Inf |   1.21%
 7122s|176600 | 50425 |394296k|2232.7 |  3653M |  74 | 603 |  13 |   0 |  29M|  0 | 117 |   0 |-2.781093e+09 | 9.905380e+02 |    Inf |   1.21%
 7126s|176700 | 50457 |394519k|2232.7 |  3655M |  74 | 603 |  13 |4508 |  29M|  5 | 117 |   0 |-2.781093e+09 | 9.905380e+02 |    Inf |   1.21%
 7129s|176800 | 50523 |394723k|2232.6 |  3656M |  74 | 603 |  13 |3749 |  29M|  2 | 117 |   0 |-2.781093e+09 | 9.905380e+02 |    Inf |   1.21%
 time | node  | left  |LP iter|LP it/n|mem/heur|mdpt |vars |cons |rows |cuts |sepa|confs|strbr|  dualbound   | primalbound  |  gap   | compl. 
 7132s|176900 | 50569 |394910k|2232.4 |  3658M |  74 | 603 |  13 |3855 |  29M|  1 | 117 |   0 |-2.781093e+09 | 9.905380e+02 |    Inf |   1.21%
 7135s|177000 | 50629 |395132k|2232.4 |  3660M |  74 | 603 |  13 |3864 |  29M|  2 | 117 |   0 |-2.781093e+09 | 9.905380e+02 |    Inf |   1.21%
 7139s|177100 | 50679 |395322k|2232.2 |  3663M |  74 | 603 |  13 |4066 |  29M|  1 | 117 |   0 |-2.781093e+09 | 9.905380e+02 |    Inf |   1.21%
 7142s|177200 | 50703 |395500k|2232.0 |  3665M |  74 | 603 |  13 |3874 |  29M|  1 | 117 |   0 |-2.781093e+09 | 9.905380e+02 |    Inf |   1.21%
 7146s|177300 | 50729 |395700k|2231.8 |  3668M |  74 | 603 |  13 |4140 |  29M|  2 | 117 |   0 |-2.781093e+09 | 9.905380e+02 |    Inf |   1.21%
 7149s|177400 | 50743 |395873k|2231.5 |  3668M |  74 | 603 |  13 |4280 |  29M|  1 | 117 |   0 |-2.781093e+09 | 9.905380e+02 |    Inf |   1.21%
 7153s|177500 | 50755 |396099k|2231.6 |  3669M |  74 | 603 |  13 |4429 |  29M|  2 | 117 |   0 |-2.781093e+09 | 9.905380e+02 |    Inf |   1.21%
 7158s|177600 | 50781 |396354k|2231.7 |  3672M |  74 | 603 |  13 |4109 |  29M|  3 | 117 |   0 |-2.781093e+09 | 9.905380e+02 |    Inf |   1.21%
 7162s|177700 | 50807 |396608k|2231.9 |  3672M |  74 | 603 |  13 |3861 |  29M|  2 | 117 |   0 |-2.781093e+09 | 9.905380e+02 |    Inf |   1.21%
 7166s|177800 | 50825 |396795k|2231.7 |  3673M |  74 | 603 |  13 |4097 |  29M|  2 | 117 |   0 |-2.781093e+09 | 9.905380e+02 |    Inf |   1.21%
 7169s|177900 | 50849 |396994k|2231.6 |  3675M |  74 | 603 |  13 |4597 |  29M|  1 | 117 |   0 |-2.781093e+09 | 9.905380e+02 |    Inf |   1.21%
 7173s|178000 | 50873 |397202k|2231.5 |  3677M |  74 | 603 |  13 |5077 |  29M|  2 | 117 |   0 |-2.781093e+09 | 9.905380e+02 |    Inf |   1.21%
 7177s|178100 | 50883 |397381k|2231.2 |  3677M |  74 | 603 |  13 |4789 |  29M|  2 | 117 |   0 |-2.781093e+09 | 9.905380e+02 |    Inf |   1.21%
 7181s|178200 | 50905 |397623k|2231.3 |  3677M |  74 | 603 |  13 |4411 |  29M|  2 | 117 |   0 |-2.781093e+09 | 9.905380e+02 |    Inf |   1.21%
 7186s|178300 | 50943 |397867k|2231.5 |  3679M |  74 | 603 |  13 |3852 |  29M|  2 | 117 |   0 |-2.781093e+09 | 9.905380e+02 |    Inf |   1.21%
 time | node  | left  |LP iter|LP it/n|mem/heur|mdpt |vars |cons |rows |cuts |sepa|confs|strbr|  dualbound   | primalbound  |  gap   | compl. 
 7189s|178400 | 50971 |398059k|2231.3 |  3682M |  74 | 603 |  13 |4267 |  29M|  2 | 117 |   0 |-2.781093e+09 | 9.905380e+02 |    Inf |   1.21%
 7194s|178500 | 50975 |398270k|2231.2 |  3686M |  74 | 603 |  13 |4539 |  29M|  1 | 117 |   0 |-2.781093e+09 | 9.905380e+02 |    Inf |   1.21%
 7198s|178600 | 50989 |398518k|2231.4 |  3687M |  74 | 603 |  13 |3709 |  30M|  2 | 117 |   0 |-2.781093e+09 | 9.905380e+02 |    Inf |   1.21%
 7202s|178700 | 51025 |398737k|2231.3 |  3689M |  74 | 603 |  13 |3719 |  30M|  2 | 117 |   0 |-2.781093e+09 | 9.905380e+02 |    Inf |   1.21%
 7206s|178800 | 51043 |398948k|2231.3 |  3689M |  74 | 603 |  13 |4242 |  30M|  2 | 117 |   0 |-2.781093e+09 | 9.905380e+02 |    Inf |   1.21%
 7210s|178900 | 51067 |399181k|2231.3 |  3690M |  74 | 603 |  13 |   0 |  30M|  0 | 117 |   0 |-2.781093e+09 | 9.905380e+02 |    Inf |   1.21%
 7215s|179000 | 51103 |399448k|2231.6 |  3693M |  74 | 603 |  13 |4731 |  30M|  2 | 117 |   0 |-2.781093e+09 | 9.905380e+02 |    Inf |   1.21%
 7220s|179100 | 51135 |399690k|2231.7 |  3695M |  74 | 603 |  13 |4788 |  30M|  2 | 117 |   0 |-2.781093e+09 | 9.905380e+02 |    Inf |   1.21%
 7224s|179200 | 51141 |399906k|2231.6 |  3695M |  74 | 603 |  13 |5119 |  30M|  2 | 117 |   0 |-2.781093e+09 | 9.905380e+02 |    Inf |   1.21%
 7229s|179300 | 51161 |400158k|2231.8 |  3696M |  74 | 603 |  13 |3963 |  30M|  2 | 117 |   0 |-2.781093e+09 | 9.905380e+02 |    Inf |   1.21%
 7233s|179400 | 51183 |400377k|2231.8 |  3699M |  74 | 603 |  13 |5051 |  30M|  1 | 117 |   0 |-2.781093e+09 | 9.905380e+02 |    Inf |   1.21%
 7237s|179500 | 51207 |400585k|2231.7 |  3700M |  74 | 603 |  13 |4363 |  30M|  2 | 117 |   0 |-2.781093e+09 | 9.905380e+02 |    Inf |   1.21%
 7240s|179600 | 51219 |400783k|2231.5 |  3700M |  74 | 603 |  13 |4173 |  30M|  2 | 117 |   0 |-2.781093e+09 | 9.905380e+02 |    Inf |   1.21%
 7245s|179700 | 51249 |401024k|2231.6 |  3702M |  74 | 603 |  13 |4544 |  30M|  1 | 117 |   0 |-2.781093e+09 | 9.905380e+02 |    Inf |   1.21%
 7249s|179800 | 51259 |401225k|2231.5 |  3704M |  74 | 603 |  13 |4045 |  30M|  1 | 117 |   0 |-2.781093e+09 | 9.905380e+02 |    Inf |   1.21%
 time | node  | left  |LP iter|LP it/n|mem/heur|mdpt |vars |cons |rows |cuts |sepa|confs|strbr|  dualbound   | primalbound  |  gap   | compl. 
 7253s|179900 | 51293 |401425k|2231.4 |  3705M |  74 | 603 |  13 |4316 |  30M|  1 | 117 |   0 |-2.781093e+09 | 9.905380e+02 |    Inf |   1.21%
 7257s|180000 | 51327 |401658k|2231.4 |  3707M |  74 | 603 |  14 |3916 |  30M|  2 | 118 |   0 |-2.781093e+09 | 9.905380e+02 |    Inf |   1.21%
 7260s|180100 | 51347 |401864k|2231.4 |  3709M |  74 | 603 |  14 |3830 |  30M|  2 | 118 |   0 |-2.781093e+09 | 9.905380e+02 |    Inf |   1.21%
 7264s|180200 | 51373 |402058k|2231.2 |  3711M |  74 | 603 |  14 |4116 |  30M|  2 | 118 |   0 |-2.781093e+09 | 9.905380e+02 |    Inf |   1.21%
 7268s|180300 | 51389 |402283k|2231.2 |  3713M |  74 | 603 |  14 |4541 |  30M|  2 | 118 |   0 |-2.781093e+09 | 9.905380e+02 |    Inf |   1.21%
 7272s|180400 | 51409 |402456k|2230.9 |  3713M |  74 | 603 |  14 |4446 |  30M|  3 | 118 |   0 |-2.781093e+09 | 9.905380e+02 |    Inf |   1.21%
 7275s|180500 | 51447 |402691k|2231.0 |  3714M |  74 | 603 |  14 |4693 |  30M|  1 | 118 |   0 |-2.781093e+09 | 9.905380e+02 |    Inf |   1.21%
 7279s|180600 | 51483 |402897k|2230.9 |  3718M |  74 | 603 |  14 |4622 |  30M|  2 | 118 |   0 |-2.781093e+09 | 9.905380e+02 |    Inf |   1.21%
 7283s|180700 | 51509 |403112k|2230.9 |  3718M |  74 | 603 |  14 |4276 |  30M|  2 | 118 |   0 |-2.781093e+09 | 9.905380e+02 |    Inf |   1.21%
 7287s|180800 | 51539 |403347k|2230.9 |  3720M |  74 | 603 |  14 |4061 |  30M|  1 | 118 |   0 |-2.781093e+09 | 9.905380e+02 |    Inf |   1.21%
 7292s|180900 | 51559 |403553k|2230.8 |  3722M |  74 | 603 |  14 |4408 |  30M|  2 | 118 |   0 |-2.781093e+09 | 9.905380e+02 |    Inf |   1.21%
 7296s|181000 | 51591 |403800k|2231.0 |  3724M |  74 | 603 |  14 |4738 |  30M|  3 | 118 |   0 |-2.781093e+09 | 9.905380e+02 |    Inf |   1.21%
 7300s|181100 | 51613 |404023k|2231.0 |  3726M |  74 | 603 |  14 |4840 |  30M|  2 | 118 |   0 |-2.781093e+09 | 9.905380e+02 |    Inf |   1.21%
 7305s|181200 | 51623 |404276k|2231.1 |  3728M |  74 | 603 |  14 |4179 |  30M|  1 | 118 |   0 |-2.781093e+09 | 9.905380e+02 |    Inf |   1.21%
 7310s|181300 | 51625 |404498k|2231.1 |  3728M |  74 | 603 |  14 |4625 |  30M|  4 | 118 |   0 |-2.781093e+09 | 9.905380e+02 |    Inf |   1.21%
 time | node  | left  |LP iter|LP it/n|mem/heur|mdpt |vars |cons |rows |cuts |sepa|confs|strbr|  dualbound   | primalbound  |  gap   | compl. 
 7313s|181400 | 51673 |404714k|2231.1 |  3730M |  74 | 603 |  14 |   0 |  30M|  0 | 118 |   0 |-2.781093e+09 | 9.905380e+02 |    Inf |   1.21%
 7318s|181500 | 51693 |404973k|2231.3 |  3733M |  74 | 603 |  14 |4772 |  30M|  1 | 118 |   0 |-2.781093e+09 | 9.905380e+02 |    Inf |   1.21%
 7322s|181600 | 51717 |405168k|2231.1 |  3734M |  74 | 603 |  14 |4525 |  30M|  2 | 118 |   0 |-2.781093e+09 | 9.905380e+02 |    Inf |   1.21%
 7327s|181700 | 51739 |405413k|2231.2 |  3735M |  74 | 603 |  14 |5134 |  30M|  1 | 118 |   0 |-2.781093e+09 | 9.905380e+02 |    Inf |   1.21%
 7331s|181800 | 51747 |405625k|2231.2 |  3739M |  74 | 603 |  14 |4207 |  30M|  1 | 118 |   0 |-2.781093e+09 | 9.905380e+02 |    Inf |   1.21%
 7334s|181900 | 51761 |405810k|2231.0 |  3739M |  74 | 603 |  14 |4570 |  30M|  2 | 118 |   0 |-2.781093e+09 | 9.905380e+02 |    Inf |   1.21%
 7339s|182000 | 51779 |406038k|2231.0 |  3740M |  74 | 603 |  14 |4472 |  30M|  2 | 118 |   0 |-2.781093e+09 | 9.905380e+02 |    Inf |   1.21%
 7343s|182100 | 51807 |406286k|2231.1 |  3743M |  74 | 603 |  14 |4560 |  30M|  2 | 118 |   0 |-2.781093e+09 | 9.905380e+02 |    Inf |   1.21%
 7346s|182200 | 51831 |406450k|2230.8 |  3744M |  74 | 603 |  14 |4041 |  30M|  2 | 118 |   0 |-2.781093e+09 | 9.905380e+02 |    Inf |   1.21%
 7351s|182300 | 51841 |406658k|2230.7 |  3745M |  74 | 603 |  14 |4258 |  30M|  2 | 118 |   0 |-2.781093e+09 | 9.905380e+02 |    Inf |   1.21%
 7356s|182400 | 51873 |406909k|2230.9 |  3746M |  74 | 603 |  14 |3994 |  30M|  2 | 118 |   0 |-2.781093e+09 | 9.905380e+02 |    Inf |   1.21%
 7361s|182500 | 51907 |407184k|2231.2 |  3749M |  74 | 603 |  14 |   0 |  30M|  0 | 118 |   0 |-2.781093e+09 | 9.905380e+02 |    Inf |   1.21%
 7364s|182600 | 51949 |407404k|2231.1 |  3751M |  74 | 603 |  14 |4226 |  30M|  2 | 118 |   0 |-2.781093e+09 | 9.905380e+02 |    Inf |   1.21%
 7368s|182700 | 51983 |407611k|2231.1 |  3752M |  74 | 603 |  14 |4167 |  30M|  1 | 118 |   0 |-2.781093e+09 | 9.905380e+02 |    Inf |   1.21%
 7373s|182800 | 52011 |407864k|2231.2 |  3755M |  74 | 603 |  14 |4253 |  30M|  1 | 118 |   0 |-2.781093e+09 | 9.905380e+02 |    Inf |   1.21%
 time | node  | left  |LP iter|LP it/n|mem/heur|mdpt |vars |cons |rows |cuts |sepa|confs|strbr|  dualbound   | primalbound  |  gap   | compl. 
 7376s|182900 | 52043 |408082k|2231.2 |  3756M |  74 | 603 |  14 |4162 |  30M|  2 | 118 |   0 |-2.781093e+09 | 9.905380e+02 |    Inf |   1.21%
 7381s|183000 | 52061 |408315k|2231.2 |  3759M |  74 | 603 |  14 |4028 |  30M|  2 | 118 |   0 |-2.781093e+09 | 9.905380e+02 |    Inf |   1.21%
 7384s|183100 | 52089 |408516k|2231.1 |  3762M |  74 | 603 |  14 |   0 |  30M|  0 | 118 |   0 |-2.781093e+09 | 9.905380e+02 |    Inf |   1.21%
 7388s|183200 | 52105 |408723k|2231.0 |  3762M |  74 | 603 |  14 |4460 |  30M|  2 | 118 |   0 |-2.781093e+09 | 9.905380e+02 |    Inf |   1.21%
 7391s|183300 | 52117 |408909k|2230.8 |  3764M |  74 | 603 |  13 |4249 |  30M|  2 | 118 |   0 |-2.781093e+09 | 9.905380e+02 |    Inf |   1.21%
 7396s|183400 | 52141 |409170k|2231.0 |  3768M |  74 | 603 |  13 |4711 |  30M|  2 | 119 |   0 |-2.781093e+09 | 9.905380e+02 |    Inf |   1.21%
 7400s|183500 | 52155 |409377k|2231.0 |  3769M |  74 | 603 |  13 |4159 |  30M|  2 | 119 |   0 |-2.781093e+09 | 9.905380e+02 |    Inf |   1.21%
 7404s|183600 | 52165 |409565k|2230.8 |  3769M |  74 | 603 |  13 |4244 |  30M|  3 | 119 |   0 |-2.781093e+09 | 9.905380e+02 |    Inf |   1.21%
 7407s|183700 | 52167 |409749k|2230.5 |  3769M |  74 | 603 |  13 |4167 |  30M|  1 | 119 |   0 |-2.781093e+09 | 9.905380e+02 |    Inf |   1.21%
 7412s|183800 | 52169 |409961k|2230.5 |  3770M |  74 | 603 |  13 |4283 |  30M|  2 | 119 |   0 |-2.781093e+09 | 9.905380e+02 |    Inf |   1.21%
 7416s|183900 | 52195 |410197k|2230.6 |  3772M |  74 | 603 |  13 |3921 |  30M|  0 | 119 |   0 |-2.781093e+09 | 9.905380e+02 |    Inf |   1.21%
 7421s|184000 | 52247 |410483k|2230.9 |  3773M |  74 | 603 |  13 |4417 |  31M|  1 | 119 |   0 |-2.781093e+09 | 9.905380e+02 |    Inf |   1.21%
 7425s|184100 | 52301 |410754k|2231.2 |  3776M |  74 | 603 |  13 |4372 |  31M|  0 | 119 |   0 |-2.781093e+09 | 9.905380e+02 |    Inf |   1.21%
 7429s|184200 | 52351 |410995k|2231.3 |  3778M |  74 | 603 |  13 |4359 |  31M|  3 | 119 |   0 |-2.781093e+09 | 9.905380e+02 |    Inf |   1.21%
 7433s|184300 | 52369 |411207k|2231.2 |  3780M |  74 | 603 |  13 |4264 |  31M|  2 | 119 |   0 |-2.781093e+09 | 9.905380e+02 |    Inf |   1.21%
 time | node  | left  |LP iter|LP it/n|mem/heur|mdpt |vars |cons |rows |cuts |sepa|confs|strbr|  dualbound   | primalbound  |  gap   | compl. 
 7437s|184400 | 52389 |411447k|2231.3 |  3782M |  74 | 603 |  13 |4478 |  31M|  2 | 119 |   0 |-2.781093e+09 | 9.905380e+02 |    Inf |   1.21%
 7442s|184500 | 52429 |411720k|2231.6 |  3786M |  74 | 603 |  13 |4606 |  31M|  2 | 119 |   0 |-2.781093e+09 | 9.905380e+02 |    Inf |   1.21%
 7446s|184600 | 52445 |411983k|2231.8 |  3786M |  74 | 603 |  13 |   0 |  31M|  0 | 119 |   0 |-2.781093e+09 | 9.905380e+02 |    Inf |   1.21%
 7451s|184700 | 52467 |412225k|2231.9 |  3788M |  74 | 603 |  13 |4685 |  31M|  2 | 119 |   0 |-2.781093e+09 | 9.905380e+02 |    Inf |   1.21%
 7455s|184800 | 52481 |412426k|2231.8 |  3790M |  74 | 603 |  13 |4412 |  31M|  2 | 119 |   0 |-2.781093e+09 | 9.905380e+02 |    Inf |   1.21%
 7459s|184900 | 52501 |412650k|2231.8 |  3792M |  74 | 603 |  13 |4788 |  31M|  5 | 119 |   0 |-2.781093e+09 | 9.905380e+02 |    Inf |   1.21%
 7463s|185000 | 52521 |412877k|2231.8 |  3797M |  74 | 603 |  13 |3893 |  31M|  2 | 119 |   0 |-2.781093e+09 | 9.905380e+02 |    Inf |   1.21%
 7466s|185100 | 52535 |413039k|2231.5 |  3798M |  74 | 603 |  13 |4417 |  31M|  3 | 119 |   0 |-2.781093e+09 | 9.905380e+02 |    Inf |   1.21%
 7470s|185200 | 52563 |413267k|2231.5 |  3799M |  74 | 603 |  13 |4165 |  31M|  2 | 119 |   0 |-2.781093e+09 | 9.905380e+02 |    Inf |   1.21%
 7475s|185300 | 52593 |413516k|2231.6 |  3801M |  74 | 603 |  13 |4190 |  31M|  2 | 119 |   0 |-2.781093e+09 | 9.905380e+02 |    Inf |   1.21%
 7479s|185400 | 52609 |413732k|2231.6 |  3803M |  74 | 603 |  13 |4405 |  31M|  1 | 119 |   0 |-2.781093e+09 | 9.905380e+02 |    Inf |   1.21%
 7483s|185500 | 52625 |413945k|2231.5 |  3805M |  74 | 603 |  13 |4671 |  31M|  2 | 119 |   0 |-2.781093e+09 | 9.905380e+02 |    Inf |   1.21%
 7488s|185600 | 52655 |414175k|2231.6 |  3807M |  74 | 603 |  13 |4561 |  31M|  2 | 119 |   0 |-2.781093e+09 | 9.905380e+02 |    Inf |   1.21%
 7492s|185700 | 52697 |414438k|2231.8 |  3808M |  74 | 603 |  13 |4691 |  31M|  1 | 119 |   0 |-2.781093e+09 | 9.905380e+02 |    Inf |   1.21%
 7496s|185800 | 52731 |414648k|2231.7 |  3811M |  74 | 603 |  13 |4161 |  31M|  1 | 119 |   0 |-2.781093e+09 | 9.905380e+02 |    Inf |   1.21%
 time | node  | left  |LP iter|LP it/n|mem/heur|mdpt |vars |cons |rows |cuts |sepa|confs|strbr|  dualbound   | primalbound  |  gap   | compl. 
 7501s|185900 | 52765 |414907k|2231.9 |  3815M |  74 | 603 |  13 |4173 |  31M|  2 | 119 |   0 |-2.781093e+09 | 9.905380e+02 |    Inf |   1.21%
 7504s|186000 | 52779 |415104k|2231.8 |  3817M |  74 | 603 |  13 |4107 |  31M|  2 | 119 |   0 |-2.781093e+09 | 9.905380e+02 |    Inf |   1.21%
 7508s|186100 | 52787 |415318k|2231.7 |  3817M |  74 | 603 |  14 |3781 |  31M|  2 | 120 |   0 |-2.781093e+09 | 9.905380e+02 |    Inf |   1.21%
 7512s|186200 | 52805 |415502k|2231.5 |  3819M |  74 | 603 |  14 |4371 |  31M|  4 | 120 |   0 |-2.781093e+09 | 9.905380e+02 |    Inf |   1.21%
 7516s|186300 | 52821 |415722k|2231.5 |  3822M |  74 | 603 |  14 |4678 |  31M|  2 | 120 |   0 |-2.781093e+09 | 9.905380e+02 |    Inf |   1.21%
 7520s|186400 | 52831 |415937k|2231.4 |  3823M |  74 | 603 |  14 |4986 |  31M|  5 | 120 |   0 |-2.781093e+09 | 9.905380e+02 |    Inf |   1.21%
 7524s|186500 | 52861 |416134k|2231.3 |  3825M |  74 | 603 |  14 |4537 |  31M|  1 | 120 |   0 |-2.781093e+09 | 9.905380e+02 |    Inf |   1.21%
 7528s|186600 | 52917 |416402k|2231.5 |  3828M |  74 | 603 |  14 |4432 |  31M|  2 | 120 |   0 |-2.781093e+09 | 9.905380e+02 |    Inf |   1.21%
 7532s|186700 | 52943 |416640k|2231.6 |  3829M |  74 | 603 |  14 |4611 |  31M|  2 | 120 |   0 |-2.781093e+09 | 9.905380e+02 |    Inf |   1.21%
 7536s|186800 | 52989 |416881k|2231.7 |  3833M |  74 | 603 |  14 |4786 |  31M|  2 | 120 |   0 |-2.781093e+09 | 9.905380e+02 |    Inf |   1.21%
 7541s|186900 | 53013 |417136k|2231.9 |  3835M |  74 | 603 |  14 |4001 |  31M|  2 | 120 |   0 |-2.781093e+09 | 9.905380e+02 |    Inf |   1.21%
 7545s|187000 | 53035 |417364k|2231.9 |  3836M |  74 | 603 |  14 |   0 |  31M|  0 | 120 |   0 |-2.781093e+09 | 9.905380e+02 |    Inf |   1.21%
 7549s|187100 | 53045 |417568k|2231.8 |  3837M |  74 | 603 |  14 |4354 |  31M|  1 | 121 |   0 |-2.781093e+09 | 9.905380e+02 |    Inf |   1.21%
 7553s|187200 | 53051 |417776k|2231.7 |  3839M |  74 | 603 |  14 |4217 |  31M|  0 | 121 |   0 |-2.781093e+09 | 9.905380e+02 |    Inf |   1.21%
 7557s|187300 | 53117 |418016k|2231.8 |  3842M |  74 | 603 |  14 |4350 |  31M|  2 | 121 |   0 |-2.781093e+09 | 9.905380e+02 |    Inf |   1.21%
 time | node  | left  |LP iter|LP it/n|mem/heur|mdpt |vars |cons |rows |cuts |sepa|confs|strbr|  dualbound   | primalbound  |  gap   | compl. 
 7561s|187400 | 53163 |418264k|2231.9 |  3846M |  74 | 603 |  14 |4272 |  31M|  2 | 121 |   0 |-2.781093e+09 | 9.905380e+02 |    Inf |   1.21%
 7565s|187500 | 53179 |418474k|2231.9 |  3846M |  74 | 603 |  14 |4167 |  31M|  2 | 121 |   0 |-2.781093e+09 | 9.905380e+02 |    Inf |   1.21%
 7569s|187600 | 53203 |418699k|2231.9 |  3847M |  74 | 603 |  14 |   0 |  31M|  0 | 121 |   0 |-2.781093e+09 | 9.905380e+02 |    Inf |   1.21%
 7574s|187700 | 53205 |418921k|2231.9 |  3849M |  74 | 603 |  14 |4364 |  31M|  1 | 121 |   0 |-2.781093e+09 | 9.905380e+02 |    Inf |   1.21%
 7578s|187800 | 53223 |419140k|2231.9 |  3851M |  74 | 603 |  14 |4602 |  31M|  2 | 121 |   0 |-2.781093e+09 | 9.905380e+02 |    Inf |   1.21%
 7582s|187900 | 53245 |419362k|2231.9 |  3853M |  74 | 603 |  14 |4469 |  31M|  3 | 121 |   0 |-2.781093e+09 | 9.905380e+02 |    Inf |   1.21%
 7587s|188000 | 53251 |419622k|2232.0 |  3855M |  74 | 603 |  14 |3935 |  31M|  2 | 121 |   0 |-2.781093e+09 | 9.905380e+02 |    Inf |   1.21%
 7591s|188100 | 53257 |419824k|2231.9 |  3856M |  74 | 603 |  14 |4118 |  31M|  2 | 121 |   0 |-2.781093e+09 | 9.905380e+02 |    Inf |   1.21%
 7595s|188200 | 53281 |420092k|2232.2 |  3860M |  74 | 603 |  14 |3963 |  31M|  2 | 121 |   0 |-2.781093e+09 | 9.905380e+02 |    Inf |   1.21%
 7598s|188300 | 53305 |420263k|2231.9 |  3863M |  74 | 603 |  14 |3853 |  31M|  2 | 121 |   0 |-2.781093e+09 | 9.905380e+02 |    Inf |   1.21%
 7604s|188400 | 53347 |420594k|2232.5 |  3866M |  74 | 603 |  14 |4462 |  31M|  1 | 121 |   0 |-2.781093e+09 | 9.905380e+02 |    Inf |   1.21%
 7608s|188500 | 53359 |420851k|2232.6 |  3867M |  74 | 603 |  14 |4195 |  31M|  2 | 121 |   0 |-2.781093e+09 | 9.905380e+02 |    Inf |   1.21%
 7612s|188600 | 53369 |421081k|2232.7 |  3867M |  74 | 603 |  14 |4257 |  31M|  1 | 121 |   0 |-2.781093e+09 | 9.905380e+02 |    Inf |   1.21%
 7617s|188700 | 53373 |421330k|2232.8 |  3868M |  74 | 603 |  10 |4278 |  31M|  1 | 121 |   0 |-2.781093e+09 | 9.905380e+02 |    Inf |   1.21%
 7621s|188800 | 53415 |421528k|2232.7 |  3870M |  74 | 603 |  10 |3810 |  31M|  1 | 121 |   0 |-2.781093e+09 | 9.905380e+02 |    Inf |   1.21%
 time | node  | left  |LP iter|LP it/n|mem/heur|mdpt |vars |cons |rows |cuts |sepa|confs|strbr|  dualbound   | primalbound  |  gap   | compl. 
 7625s|188900 | 53461 |421765k|2232.8 |  3872M |  74 | 603 |  11 |4143 |  31M|  2 | 122 |   0 |-2.781093e+09 | 9.905380e+02 |    Inf |   1.21%
 7628s|189000 | 53491 |421991k|2232.8 |  3874M |  74 | 603 |  11 |4372 |  31M|  2 | 122 |   0 |-2.781093e+09 | 9.905380e+02 |    Inf |   1.21%
 7633s|189100 | 53515 |422219k|2232.8 |  3878M |  74 | 603 |  11 |   0 |  31M|  0 | 122 |   0 |-2.781093e+09 | 9.905380e+02 |    Inf |   1.21%
 7636s|189200 | 53567 |422457k|2232.9 |  3880M |  74 | 603 |  11 |3921 |  31M|  2 | 122 |   0 |-2.781093e+09 | 9.905380e+02 |    Inf |   1.21%
 7641s|189300 | 53613 |422715k|2233.1 |  3884M |  74 | 603 |  11 |4565 |  31M|  2 | 122 |   0 |-2.781093e+09 | 9.905380e+02 |    Inf |   1.21%
 7645s|189400 | 53661 |422950k|2233.1 |  3889M |  74 | 603 |  11 |4280 |  31M|  2 | 122 |   0 |-2.781093e+09 | 9.905380e+02 |    Inf |   1.21%
 7648s|189500 | 53707 |423152k|2233.0 |  3891M |  74 | 603 |  11 |4325 |  31M|  2 | 122 |   0 |-2.781093e+09 | 9.905380e+02 |    Inf |   1.21%
 7652s|189600 | 53761 |423364k|2232.9 |  3894M |  74 | 603 |  11 |3833 |  31M|  2 | 122 |   0 |-2.781093e+09 | 9.905380e+02 |    Inf |   1.21%
 7655s|189700 | 53797 |423592k|2233.0 |  3895M |  74 | 603 |  11 |4059 |  32M|  2 | 122 |   0 |-2.781093e+09 | 9.905380e+02 |    Inf |   1.21%
 7659s|189800 | 53833 |423815k|2233.0 |  3897M |  74 | 603 |  11 |4338 |  32M|  1 | 122 |   0 |-2.781093e+09 | 9.905380e+02 |    Inf |   1.21%
 7664s|189900 | 53869 |424062k|2233.1 |  3898M |  74 | 603 |  11 |4109 |  32M|  2 | 122 |   0 |-2.781093e+09 | 9.905380e+02 |    Inf |   1.21%
 7668s|190000 | 53919 |424314k|2233.2 |  3900M |  74 | 603 |  11 |4119 |  32M|  2 | 122 |   0 |-2.781093e+09 | 9.905380e+02 |    Inf |   1.21%
 7672s|190100 | 53969 |424568k|2233.4 |  3902M |  74 | 603 |  11 |4647 |  32M|  1 | 122 |   0 |-2.781093e+09 | 9.905380e+02 |    Inf |   1.21%
 7677s|190200 | 54013 |424836k|2233.6 |  3905M |  74 | 603 |  11 |4505 |  32M|  0 | 122 |   0 |-2.781093e+09 | 9.905380e+02 |    Inf |   1.21%
 7681s|190300 | 54053 |425081k|2233.8 |  3910M |  74 | 603 |  11 |4398 |  32M|  2 | 122 |   0 |-2.781093e+09 | 9.905380e+02 |    Inf |   1.21%
 time | node  | left  |LP iter|LP it/n|mem/heur|mdpt |vars |cons |rows |cuts |sepa|confs|strbr|  dualbound   | primalbound  |  gap   | compl. 
 7685s|190400 | 54077 |425322k|2233.8 |  3912M |  74 | 603 |  11 |4434 |  32M|  2 | 122 |   0 |-2.781093e+09 | 9.905380e+02 |    Inf |   1.21%
 7690s|190500 | 54101 |425581k|2234.0 |  3914M |  74 | 603 |  11 |4567 |  32M|  3 | 122 |   0 |-2.781093e+09 | 9.905380e+02 |    Inf |   1.21%
 7694s|190600 | 54119 |425797k|2234.0 |  3915M |  74 | 603 |  11 |4090 |  32M|  2 | 122 |   0 |-2.781093e+09 | 9.905380e+02 |    Inf |   1.21%
 7698s|190700 | 54161 |426033k|2234.1 |  3918M |  74 | 603 |  11 |4489 |  32M|  2 | 122 |   0 |-2.781093e+09 | 9.905380e+02 |    Inf |   1.21%
 7702s|190800 | 54169 |426229k|2233.9 |  3919M |  74 | 603 |  11 |3944 |  32M|  2 | 122 |   0 |-2.781093e+09 | 9.905380e+02 |    Inf |   1.21%
 7706s|190900 | 54203 |426446k|2233.9 |  3923M |  74 | 603 |  11 |4233 |  32M|  3 | 122 |   0 |-2.781093e+09 | 9.905380e+02 |    Inf |   1.21%
 7710s|191000 | 54237 |426644k|2233.8 |  3926M |  74 | 603 |  11 |3911 |  32M|  3 | 122 |   0 |-2.781093e+09 | 9.905380e+02 |    Inf |   1.21%
 7714s|191100 | 54247 |426840k|2233.6 |  3927M |  74 | 603 |  11 |4172 |  32M|  2 | 122 |   0 |-2.781093e+09 | 9.905380e+02 |    Inf |   1.21%
 7717s|191200 | 54259 |427038k|2233.5 |  3929M |  74 | 603 |  11 |4057 |  32M|  3 | 122 |   0 |-2.781093e+09 | 9.905380e+02 |    Inf |   1.21%
 7722s|191300 | 54289 |427267k|2233.5 |  3929M |  74 | 603 |  11 |4065 |  32M|  2 | 122 |   0 |-2.781093e+09 | 9.905380e+02 |    Inf |   1.21%
 7725s|191400 | 54307 |427460k|2233.3 |  3932M |  74 | 603 |  11 |4158 |  32M|  2 | 122 |   0 |-2.781093e+09 | 9.905380e+02 |    Inf |   1.21%
 7729s|191500 | 54323 |427662k|2233.2 |  3933M |  74 | 603 |  11 |4215 |  32M|  2 | 122 |   0 |-2.781093e+09 | 9.905380e+02 |    Inf |   1.21%
 7733s|191600 | 54339 |427867k|2233.1 |  3934M |  74 | 603 |  11 |3585 |  32M|  2 | 122 |   0 |-2.781093e+09 | 9.905380e+02 |    Inf |   1.21%
 7737s|191700 | 54371 |428073k|2233.0 |  3936M |  74 | 603 |  11 |4107 |  32M|  2 | 122 |   0 |-2.781093e+09 | 9.905380e+02 |    Inf |   1.21%
 7741s|191800 | 54381 |428304k|2233.1 |  3938M |  74 | 603 |  10 |3659 |  32M|  2 | 122 |   0 |-2.781093e+09 | 9.905380e+02 |    Inf |   1.21%
 time | node  | left  |LP iter|LP it/n|mem/heur|mdpt |vars |cons |rows |cuts |sepa|confs|strbr|  dualbound   | primalbound  |  gap   | compl. 
 7745s|191900 | 54437 |428555k|2233.2 |  3940M |  74 | 603 |  10 |4332 |  32M|  3 | 122 |   0 |-2.781093e+09 | 9.905380e+02 |    Inf |   1.21%
 7749s|192000 | 54453 |428782k|2233.3 |  3941M |  74 | 603 |  10 |4285 |  32M|  1 | 122 |   0 |-2.781093e+09 | 9.905380e+02 |    Inf |   1.21%
 7753s|192100 | 54469 |429003k|2233.2 |  3944M |  74 | 603 |  10 |4046 |  32M|  2 | 122 |   0 |-2.781093e+09 | 9.905380e+02 |    Inf |   1.21%
 7757s|192200 | 54487 |429210k|2233.2 |  3945M |  74 | 603 |  10 |4481 |  32M|  2 | 122 |   0 |-2.781093e+09 | 9.905380e+02 |    Inf |   1.21%
 7761s|192300 | 54533 |429440k|2233.2 |  3947M |  74 | 603 |  10 |3659 |  32M|  2 | 122 |   0 |-2.781093e+09 | 9.905380e+02 |    Inf |   1.21%
 7765s|192400 | 54587 |429674k|2233.2 |  3949M |  74 | 603 |  11 |   0 |  32M|  0 | 123 |   0 |-2.781093e+09 | 9.905380e+02 |    Inf |   1.21%
 7769s|192500 | 54645 |429935k|2233.4 |  3953M |  74 | 603 |  11 |4593 |  32M|  2 | 123 |   0 |-2.781093e+09 | 9.905380e+02 |    Inf |   1.21%
 7773s|192600 | 54679 |430145k|2233.4 |  3959M |  74 | 603 |  12 |4272 |  32M|  3 | 124 |   0 |-2.781093e+09 | 9.905380e+02 |    Inf |   1.21%
 7777s|192700 | 54725 |430365k|2233.4 |  3961M |  74 | 603 |  12 |4437 |  32M|  1 | 124 |   0 |-2.781093e+09 | 9.905380e+02 |    Inf |   1.21%
 7781s|192800 | 54787 |430599k|2233.4 |  3965M |  74 | 603 |  12 |4022 |  32M|  2 | 124 |   0 |-2.781093e+09 | 9.905380e+02 |    Inf |   1.21%
 7785s|192900 | 54835 |430828k|2233.4 |  3968M |  74 | 603 |  12 |4667 |  32M|  2 | 124 |   0 |-2.781093e+09 | 9.905380e+02 |    Inf |   1.21%
 7790s|193000 | 54881 |431118k|2233.8 |  3969M |  74 | 603 |  12 |4111 |  32M|  0 | 124 |   0 |-2.781093e+09 | 9.905380e+02 |    Inf |   1.21%
 7794s|193100 | 54915 |431365k|2233.9 |  3974M |  74 | 603 |  12 |4414 |  32M|  2 | 124 |   0 |-2.781093e+09 | 9.905380e+02 |    Inf |   1.21%
 7798s|193200 | 54951 |431610k|2234.0 |  3976M |  74 | 603 |  12 |4086 |  32M|  2 | 124 |   0 |-2.781093e+09 | 9.905380e+02 |    Inf |   1.21%
 7803s|193300 | 54977 |431837k|2234.0 |  3977M |  74 | 603 |  12 |3823 |  32M|  2 | 124 |   0 |-2.781093e+09 | 9.905380e+02 |    Inf |   1.21%
 time | node  | left  |LP iter|LP it/n|mem/heur|mdpt |vars |cons |rows |cuts |sepa|confs|strbr|  dualbound   | primalbound  |  gap   | compl. 
 7807s|193400 | 55025 |432071k|2234.1 |  3983M |  74 | 603 |  12 |4381 |  32M|  3 | 124 |   0 |-2.781093e+09 | 9.905380e+02 |    Inf |   1.21%
 7811s|193500 | 55059 |432346k|2234.4 |  3987M |  74 | 603 |  12 |4613 |  32M|  1 | 125 |   0 |-2.781093e+09 | 9.905380e+02 |    Inf |   1.21%
 7816s|193600 | 55081 |432604k|2234.5 |  3992M |  74 | 603 |  12 |   0 |  32M|  0 | 125 |   0 |-2.781093e+09 | 9.905380e+02 |    Inf |   1.21%
 7821s|193700 | 55087 |432856k|2234.7 |  3995M |  74 | 603 |  12 |   0 |  32M|  0 | 126 |   0 |-2.781093e+09 | 9.905380e+02 |    Inf |   1.21%
 7825s|193800 | 55113 |433094k|2234.8 |  3998M |  74 | 603 |  12 |4517 |  32M|  2 | 126 |   0 |-2.781093e+09 | 9.905380e+02 |    Inf |   1.21%
 7829s|193900 | 55145 |433330k|2234.8 |  4001M |  74 | 603 |  12 |4398 |  32M|  3 | 126 |   0 |-2.781093e+09 | 9.905380e+02 |    Inf |   1.21%
 7833s|194000 | 55169 |433554k|2234.8 |  4003M |  74 | 603 |  12 |4169 |  32M|  0 | 126 |   0 |-2.781093e+09 | 9.905380e+02 |    Inf |   1.21%
 7837s|194100 | 55189 |433738k|2234.6 |  4004M |  74 | 603 |  12 |4313 |  32M|  1 | 126 |   0 |-2.781093e+09 | 9.905380e+02 |    Inf |   1.21%
 7841s|194200 | 55223 |433995k|2234.8 |  4009M |  74 | 603 |  11 |4160 |  32M|  2 | 126 |   0 |-2.781093e+09 | 9.905380e+02 |    Inf |   1.21%
 7845s|194300 | 55267 |434198k|2234.7 |  4013M |  74 | 603 |  11 |3994 |  32M|  1 | 126 |   0 |-2.781093e+09 | 9.905380e+02 |    Inf |   1.21%
 7849s|194400 | 55303 |434402k|2234.6 |  4015M |  74 | 603 |  11 |4090 |  32M|  2 | 127 |   0 |-2.781093e+09 | 9.905380e+02 |    Inf |   1.21%
 7852s|194500 | 55341 |434619k|2234.6 |  4018M |  74 | 603 |  11 |3964 |  32M|  2 | 127 |   0 |-2.781093e+09 | 9.905380e+02 |    Inf |   1.21%
 7856s|194600 | 55379 |434827k|2234.5 |  4020M |  74 | 603 |  11 |4055 |  32M|  2 | 127 |   0 |-2.781093e+09 | 9.905380e+02 |    Inf |   1.21%
 7860s|194700 | 55393 |435059k|2234.5 |  4023M |  74 | 603 |  11 |4218 |  32M|  2 | 127 |   0 |-2.781093e+09 | 9.905380e+02 |    Inf |   1.21%
 7864s|194800 | 55445 |435306k|2234.6 |  4025M |  74 | 603 |  11 |4031 |  32M|  2 | 127 |   0 |-2.781093e+09 | 9.905380e+02 |    Inf |   1.21%
 time | node  | left  |LP iter|LP it/n|mem/heur|mdpt |vars |cons |rows |cuts |sepa|confs|strbr|  dualbound   | primalbound  |  gap   | compl. 
 7869s|194900 | 55485 |435541k|2234.7 |  4028M |  74 | 603 |  11 |   0 |  32M|  0 | 127 |   0 |-2.781093e+09 | 9.905380e+02 |    Inf |   1.21%
 7873s|195000 | 55509 |435832k|2235.0 |  4030M |  74 | 603 |  11 |4523 |  33M|  0 | 127 |   0 |-2.781093e+09 | 9.905380e+02 |    Inf |   1.21%
 7878s|195100 | 55541 |436116k|2235.4 |  4034M |  74 | 603 |  11 |4633 |  33M|  3 | 127 |   0 |-2.781093e+09 | 9.905380e+02 |    Inf |   1.21%
 7882s|195200 | 55565 |436346k|2235.4 |  4037M |  74 | 603 |  11 |4258 |  33M|  1 | 127 |   0 |-2.781093e+09 | 9.905380e+02 |    Inf |   1.21%
 7886s|195300 | 55589 |436572k|2235.4 |  4039M |  74 | 603 |  11 |3793 |  33M|  1 | 127 |   0 |-2.781093e+09 | 9.905380e+02 |    Inf |   1.21%
 7890s|195400 | 55619 |436816k|2235.5 |  4042M |  74 | 603 |  11 |4313 |  33M|  1 | 127 |   0 |-2.781093e+09 | 9.905380e+02 |    Inf |   1.21%
 7895s|195500 | 55653 |437089k|2235.8 |  4046M |  74 | 603 |  11 |   0 |  33M|  0 | 127 |   0 |-2.781093e+09 | 9.905380e+02 |    Inf |   1.21%
 7899s|195600 | 55699 |437323k|2235.8 |  4049M |  74 | 603 |  11 |4154 |  33M|  2 | 127 |   0 |-2.781093e+09 | 9.905380e+02 |    Inf |   1.21%
 7903s|195700 | 55727 |437532k|2235.7 |  4051M |  74 | 603 |  11 |4180 |  33M|  2 | 127 |   0 |-2.781093e+09 | 9.905380e+02 |    Inf |   1.21%
 7907s|195800 | 55743 |437773k|2235.8 |  4055M |  74 | 603 |  11 |4333 |  33M|  1 | 127 |   0 |-2.781093e+09 | 9.905380e+02 |    Inf |   1.21%
 7911s|195900 | 55769 |437993k|2235.8 |  4057M |  74 | 603 |  12 |4257 |  33M|  3 | 128 |   0 |-2.781093e+09 | 9.905380e+02 |    Inf |   1.21%
 7916s|196000 | 55781 |438210k|2235.8 |  4059M |  74 | 603 |  12 |4155 |  33M|  1 | 128 |   0 |-2.781093e+09 | 9.905380e+02 |    Inf |   1.21%
 7920s|196100 | 55795 |438431k|2235.8 |  4060M |  74 | 603 |  12 |4410 |  33M|  7 | 128 |   0 |-2.781093e+09 | 9.905380e+02 |    Inf |   1.21%
 7924s|196200 | 55819 |438666k|2235.8 |  4063M |  74 | 603 |  12 |4551 |  33M|  1 | 128 |   0 |-2.781093e+09 | 9.905380e+02 |    Inf |   1.21%
 7928s|196300 | 55857 |438932k|2236.0 |  4065M |  74 | 603 |  12 |4410 |  33M|  1 | 128 |   0 |-2.781093e+09 | 9.905380e+02 |    Inf |   1.21%
 time | node  | left  |LP iter|LP it/n|mem/heur|mdpt |vars |cons |rows |cuts |sepa|confs|strbr|  dualbound   | primalbound  |  gap   | compl. 
 7933s|196400 | 55877 |439173k|2236.1 |  4068M |  74 | 603 |  12 |4477 |  33M|  2 | 128 |   0 |-2.781093e+09 | 9.905380e+02 |    Inf |   1.21%
 7937s|196500 | 55897 |439399k|2236.1 |  4071M |  74 | 603 |  12 |4119 |  33M|  1 | 128 |   0 |-2.781093e+09 | 9.905380e+02 |    Inf |   1.21%
 7942s|196600 | 55939 |439641k|2236.2 |  4075M |  74 | 603 |  12 |4650 |  33M|  1 | 128 |   0 |-2.781093e+09 | 9.905380e+02 |    Inf |   1.21%
 7946s|196700 | 55993 |439903k|2236.4 |  4078M |  74 | 603 |  12 |4581 |  33M|  2 | 128 |   0 |-2.781093e+09 | 9.905380e+02 |    Inf |   1.21%
 7951s|196800 | 56047 |440194k|2236.8 |  4079M |  74 | 603 |  12 |4873 |  33M|  2 | 128 |   0 |-2.781093e+09 | 9.905380e+02 |    Inf |   1.21%
 7956s|196900 | 56091 |440461k|2237.0 |  4084M |  74 | 603 |  12 |4676 |  33M|  1 | 128 |   0 |-2.781093e+09 | 9.905380e+02 |    Inf |   1.21%
 7960s|197000 | 56127 |440711k|2237.1 |  4087M |  74 | 603 |  12 |5053 |  33M|  2 | 128 |   0 |-2.781093e+09 | 9.905380e+02 |    Inf |   1.21%
 7965s|197100 | 56147 |440947k|2237.2 |  4091M |  74 | 603 |  12 |4401 |  33M|  4 | 128 |   0 |-2.781093e+09 | 9.905380e+02 |    Inf |   1.21%
 7969s|197200 | 56175 |441184k|2237.3 |  4093M |  74 | 603 |  12 |4753 |  33M|  2 | 128 |   0 |-2.781093e+09 | 9.905380e+02 |    Inf |   1.21%
 7973s|197300 | 56177 |441388k|2237.2 |  4095M |  74 | 603 |  12 |4167 |  33M|  2 | 128 |   0 |-2.781093e+09 | 9.905380e+02 |    Inf |   1.21%
 7977s|197400 | 56197 |441620k|2237.2 |  4095M |  74 | 603 |  12 |3973 |  33M|  2 | 128 |   0 |-2.781093e+09 | 9.905380e+02 |    Inf |   1.21%
 7981s|197500 | 56227 |441831k|2237.1 |  4097M |  74 | 603 |  12 |4184 |  33M|  1 | 128 |   0 |-2.781093e+09 | 9.905380e+02 |    Inf |   1.21%
 7985s|197600 | 56261 |442087k|2237.3 |  4100M |  74 | 603 |  12 |4012 |  33M|  3 | 128 |   0 |-2.781093e+09 | 9.905380e+02 |    Inf |   1.21%
 7989s|197700 | 56287 |442285k|2237.2 |  4101M |  74 | 603 |  12 |4295 |  33M|  2 | 128 |   0 |-2.781093e+09 | 9.905380e+02 |    Inf |   1.21%
 7993s|197800 | 56311 |442505k|2237.1 |  4103M |  74 | 603 |  12 |4494 |  33M|  2 | 128 |   0 |-2.781093e+09 | 9.905380e+02 |    Inf |   1.21%
 time | node  | left  |LP iter|LP it/n|mem/heur|mdpt |vars |cons |rows |cuts |sepa|confs|strbr|  dualbound   | primalbound  |  gap   | compl. 
 7997s|197900 | 56313 |442710k|2237.0 |  4103M |  74 | 603 |  12 |4438 |  33M|  3 | 128 |   0 |-2.781093e+09 | 9.905380e+02 |    Inf |   1.21%
 8002s|198000 | 56335 |442950k|2237.1 |  4106M |  74 | 603 |  12 |4534 |  33M|  2 | 128 |   0 |-2.781093e+09 | 9.905380e+02 |    Inf |   1.21%
 8007s|198100 | 56349 |443208k|2237.3 |  4109M |  74 | 603 |  12 |3731 |  33M|  2 | 128 |   0 |-2.781093e+09 | 9.905380e+02 |    Inf |   1.21%
 8011s|198200 | 56409 |443458k|2237.4 |  4113M |  74 | 603 |  12 |3589 |  33M|  2 | 128 |   0 |-2.781093e+09 | 9.905380e+02 |    Inf |   1.21%
 8015s|198300 | 56447 |443685k|2237.5 |  4117M |  74 | 603 |  12 |3727 |  33M|  2 | 128 |   0 |-2.781093e+09 | 9.905380e+02 |    Inf |   1.21%
 8018s|198400 | 56493 |443913k|2237.5 |  4120M |  74 | 603 |  12 |3642 |  33M|  3 | 128 |   0 |-2.781093e+09 | 9.905380e+02 |    Inf |   1.21%
 8022s|198500 | 56539 |444132k|2237.5 |  4123M |  74 | 603 |  12 |4212 |  33M|  4 | 128 |   0 |-2.781093e+09 | 9.905380e+02 |    Inf |   1.21%
 8026s|198600 | 56555 |444350k|2237.4 |  4125M |  74 | 603 |  12 |4271 |  33M|  2 | 128 |   0 |-2.781093e+09 | 9.905380e+02 |    Inf |   1.21%
 8030s|198700 | 56581 |444551k|2237.3 |  4131M |  74 | 603 |  12 |3996 |  33M|  2 | 128 |   0 |-2.781093e+09 | 9.905380e+02 |    Inf |   1.21%
 8035s|198800 | 56587 |444787k|2237.4 |  4133M |  74 | 603 |  12 |3671 |  33M|  2 | 128 |   0 |-2.781093e+09 | 9.905380e+02 |    Inf |   1.21%
 8039s|198900 | 56649 |445031k|2237.5 |  4135M |  74 | 603 |  12 |3917 |  33M|  2 | 128 |   0 |-2.781093e+09 | 9.905380e+02 |    Inf |   1.21%
 8043s|199000 | 56691 |445289k|2237.6 |  4138M |  74 | 603 |  12 |4009 |  33M|  1 | 128 |   0 |-2.781093e+09 | 9.905380e+02 |    Inf |   1.21%
 8047s|199100 | 56719 |445545k|2237.8 |  4142M |  74 | 603 |  12 |   0 |  33M|  0 | 128 |   0 |-2.781093e+09 | 9.905380e+02 |    Inf |   1.21%
 8052s|199200 | 56743 |445803k|2238.0 |  4144M |  74 | 603 |  12 |3977 |  33M|  1 | 128 |   0 |-2.781093e+09 | 9.905380e+02 |    Inf |   1.21%
 8055s|199300 | 56781 |446031k|2238.0 |  4148M |  74 | 603 |  12 |3867 |  33M|  2 | 128 |   0 |-2.781093e+09 | 9.905380e+02 |    Inf |   1.21%
 time | node  | left  |LP iter|LP it/n|mem/heur|mdpt |vars |cons |rows |cuts |sepa|confs|strbr|  dualbound   | primalbound  |  gap   | compl. 
 8059s|199400 | 56795 |446225k|2237.9 |  4150M |  74 | 603 |  12 |4182 |  33M|  2 | 128 |   0 |-2.781093e+09 | 9.905380e+02 |    Inf |   1.21%
 8064s|199500 | 56821 |446467k|2237.9 |  4153M |  74 | 603 |  12 |4036 |  33M|  2 | 128 |   0 |-2.781093e+09 | 9.905380e+02 |    Inf |   1.21%
 8067s|199600 | 56837 |446636k|2237.7 |  4155M |  74 | 603 |  12 |4282 |  33M|  2 | 128 |   0 |-2.781093e+09 | 9.905380e+02 |    Inf |   1.21%
 8071s|199700 | 56861 |446880k|2237.8 |  4157M |  74 | 603 |  12 |4397 |  33M|  3 | 128 |   0 |-2.781093e+09 | 9.905380e+02 |    Inf |   1.21%
 8075s|199800 | 56881 |447105k|2237.8 |  4158M |  74 | 603 |  12 |4354 |  33M|  1 | 128 |   0 |-2.781093e+09 | 9.905380e+02 |    Inf |   1.21%
 8079s|199900 | 56899 |447351k|2237.9 |  4159M |  74 | 603 |  12 |4147 |  33M|  1 | 128 |   0 |-2.781093e+09 | 9.905380e+02 |    Inf |   1.21%
 8084s|200000 | 56907 |447586k|2237.9 |  4160M |  74 | 603 |  12 |4229 |  33M|  2 | 128 |   0 |-2.781093e+09 | 9.905380e+02 |    Inf |   1.21%
 8089s|200100 | 56907 |447811k|2237.9 |  4161M |  74 | 603 |  12 |4383 |  33M|  1 | 128 |   0 |-2.781093e+09 | 9.905380e+02 |    Inf |   1.21%
 8093s|200200 | 56955 |448034k|2237.9 |  4162M |  74 | 603 |  12 |   0 |  33M|  0 | 128 |   0 |-2.781093e+09 | 9.905380e+02 |    Inf |   1.21%
 8097s|200300 | 57003 |448282k|2238.1 |  4166M |  74 | 603 |  12 |3653 |  33M|  3 | 128 |   0 |-2.781093e+09 | 9.905380e+02 |    Inf |   1.21%
 8100s|200400 | 57051 |448481k|2237.9 |  4169M |  74 | 603 |  12 |4072 |  33M|  1 | 128 |   0 |-2.781093e+09 | 9.905380e+02 |    Inf |   1.21%
 8104s|200500 | 57097 |448700k|2237.9 |  4174M |  74 | 603 |  12 |4226 |  34M|  1 | 128 |   0 |-2.781093e+09 | 9.905380e+02 |    Inf |   1.21%
 8108s|200600 | 57113 |448939k|2238.0 |  4178M |  74 | 603 |  12 |   0 |  34M|  0 | 128 |   0 |-2.781093e+09 | 9.905380e+02 |    Inf |   1.21%
 8113s|200700 | 57125 |449167k|2238.0 |  4179M |  74 | 603 |  12 |4753 |  34M|  4 | 128 |   0 |-2.781093e+09 | 9.905380e+02 |    Inf |   1.21%
 8116s|200800 | 57165 |449370k|2237.9 |  4182M |  74 | 603 |  12 |   0 |  34M|  0 | 128 |   0 |-2.781093e+09 | 9.905380e+02 |    Inf |   1.21%
 time | node  | left  |LP iter|LP it/n|mem/heur|mdpt |vars |cons |rows |cuts |sepa|confs|strbr|  dualbound   | primalbound  |  gap   | compl. 
 8120s|200900 | 57185 |449581k|2237.8 |  4184M |  74 | 603 |  12 |4353 |  34M|  1 | 128 |   0 |-2.781093e+09 | 9.905380e+02 |    Inf |   1.21%
 8125s|201000 | 57209 |449823k|2237.9 |  4186M |  74 | 603 |  12 |3873 |  34M|  2 | 128 |   0 |-2.781093e+09 | 9.905380e+02 |    Inf |   1.21%
 8128s|201100 | 57253 |450020k|2237.8 |  4118M |  74 | 603 |  12 |4512 |  34M|  2 | 128 |   0 |-2.781093e+09 | 9.905380e+02 |    Inf |   1.21%
 8132s|201200 | 57293 |450258k|2237.9 |  4122M |  74 | 603 |  12 |4193 |  34M|  2 | 128 |   0 |-2.781093e+09 | 9.905380e+02 |    Inf |   1.21%
 8137s|201300 | 57339 |450541k|2238.2 |  4127M |  74 | 603 |  12 |4362 |  34M|  2 | 128 |   0 |-2.781093e+09 | 9.905380e+02 |    Inf |   1.21%
 8140s|201400 | 57385 |450737k|2238.0 |  4130M |  74 | 603 |  12 |4268 |  34M|  2 | 128 |   0 |-2.781093e+09 | 9.905380e+02 |    Inf |   1.21%
 8145s|201500 | 57417 |450987k|2238.2 |  4132M |  74 | 603 |  12 |4606 |  34M|  6 | 128 |   0 |-2.781093e+09 | 9.905380e+02 |    Inf |   1.21%
 8149s|201600 | 57447 |451220k|2238.2 |  4135M |  74 | 603 |  12 |4071 |  34M|  2 | 128 |   0 |-2.781093e+09 | 9.905380e+02 |    Inf |   1.21%
 8153s|201700 | 57479 |451434k|2238.2 |  4138M |  74 | 603 |  12 |4242 |  34M|  2 | 128 |   0 |-2.781093e+09 | 9.905380e+02 |    Inf |   1.21%
 8157s|201800 | 57491 |451663k|2238.2 |  4138M |  74 | 603 |  12 |4434 |  34M|  2 | 128 |   0 |-2.781093e+09 | 9.905380e+02 |    Inf |   1.21%
 8161s|201900 | 57503 |451860k|2238.1 |  4141M |  74 | 603 |  12 |4109 |  34M|  1 | 128 |   0 |-2.781093e+09 | 9.905380e+02 |    Inf |   1.21%
 8165s|202000 | 57507 |452046k|2237.9 |  4142M |  74 | 603 |  12 |4100 |  34M|  2 | 128 |   0 |-2.781093e+09 | 9.905380e+02 |    Inf |   1.21%
 8169s|202100 | 57535 |452271k|2237.9 |  4145M |  74 | 603 |  12 |4431 |  34M|  1 | 128 |   0 |-2.781093e+09 | 9.905380e+02 |    Inf |   1.21%
 8173s|202200 | 57533 |452495k|2237.9 |  4145M |  74 | 603 |  12 |4504 |  34M|  2 | 128 |   0 |-2.781093e+09 | 9.905380e+02 |    Inf |   1.21%
 8177s|202300 | 57545 |452707k|2237.8 |  4149M |  74 | 603 |  12 |4899 |  34M|  3 | 128 |   0 |-2.781093e+09 | 9.905380e+02 |    Inf |   1.21%
 time | node  | left  |LP iter|LP it/n|mem/heur|mdpt |vars |cons |rows |cuts |sepa|confs|strbr|  dualbound   | primalbound  |  gap   | compl. 
 8182s|202400 | 57585 |452975k|2238.0 |  4152M |  74 | 603 |  10 |4269 |  34M|  2 | 128 |   0 |-2.781093e+09 | 9.905380e+02 |    Inf |   1.21%
 8186s|202500 | 57589 |453173k|2237.9 |  4153M |  74 | 603 |  10 |4494 |  34M|  2 | 129 |   0 |-2.781093e+09 | 9.905380e+02 |    Inf |   1.21%
 8190s|202600 | 57595 |453411k|2238.0 |  4155M |  74 | 603 |   9 |5038 |  34M|  2 | 129 |   0 |-2.781093e+09 | 9.905380e+02 |    Inf |   1.21%
 8194s|202700 | 57613 |453655k|2238.1 |  4155M |  74 | 603 |   9 |4128 |  34M|  2 | 129 |   0 |-2.781093e+09 | 9.905380e+02 |    Inf |   1.21%
 8198s|202800 | 57653 |453900k|2238.2 |  4158M |  74 | 603 |   9 |4122 |  34M|  0 | 129 |   0 |-2.781093e+09 | 9.905380e+02 |    Inf |   1.21%
 8202s|202900 | 57673 |454137k|2238.2 |  4160M |  74 | 603 |   9 |4947 |  34M|  1 | 129 |   0 |-2.781093e+09 | 9.905380e+02 |    Inf |   1.21%
 8207s|203000 | 57709 |454374k|2238.3 |  4161M |  74 | 603 |   9 |4031 |  34M|  2 | 129 |   0 |-2.781093e+09 | 9.905380e+02 |    Inf |   1.21%
 8211s|203100 | 57723 |454601k|2238.3 |  4163M |  74 | 603 |   9 |4123 |  34M|  2 | 129 |   0 |-2.781093e+09 | 9.905380e+02 |    Inf |   1.21%
 8216s|203200 | 57745 |454880k|2238.6 |  4164M |  74 | 603 |   9 |4653 |  34M|  2 | 129 |   0 |-2.781093e+09 | 9.905380e+02 |    Inf |   1.21%
 8220s|203300 | 57807 |455117k|2238.7 |  4166M |  74 | 603 |   9 |4413 |  34M|  2 | 129 |   0 |-2.781093e+09 | 9.905380e+02 |    Inf |   1.21%
 8224s|203400 | 57857 |455378k|2238.8 |  4168M |  74 | 603 |   9 |3843 |  34M|  2 | 129 |   0 |-2.781093e+09 | 9.905380e+02 |    Inf |   1.21%
 8228s|203500 | 57899 |455583k|2238.8 |  4174M |  74 | 603 |   9 |3893 |  34M|  2 | 129 |   0 |-2.781093e+09 | 9.905380e+02 |    Inf |   1.21%
 8231s|203600 | 57949 |455815k|2238.8 |  4177M |  74 | 603 |   9 |4107 |  34M|  2 | 129 |   0 |-2.781093e+09 | 9.905380e+02 |    Inf |   1.21%
 8235s|203700 | 57973 |456023k|2238.7 |  4180M |  74 | 603 |   9 |3894 |  34M|  2 | 129 |   0 |-2.781093e+09 | 9.905380e+02 |    Inf |   1.21%
 8239s|203800 | 58007 |456241k|2238.7 |  4182M |  74 | 603 |   9 |4085 |  34M|  2 | 129 |   0 |-2.781093e+09 | 9.905380e+02 |    Inf |   1.21%
 time | node  | left  |LP iter|LP it/n|mem/heur|mdpt |vars |cons |rows |cuts |sepa|confs|strbr|  dualbound   | primalbound  |  gap   | compl. 
 8242s|203900 | 58035 |456375k|2238.2 |  4184M |  74 | 603 |  10 |4407 |  34M|  3 | 130 |   0 |-2.781093e+09 | 9.905380e+02 |    Inf |   1.21%
 8245s|204000 | 58039 |456500k|2237.8 |  4186M |  74 | 603 |  10 |4098 |  34M|  3 | 130 |   0 |-2.781093e+09 | 9.905380e+02 |    Inf |   1.21%
 8248s|204100 | 58069 |456702k|2237.7 |  4189M |  74 | 603 |  10 |4435 |  34M|  3 | 130 |   0 |-2.781093e+09 | 9.905380e+02 |    Inf |   1.21%
 8252s|204200 | 58079 |456864k|2237.3 |  4189M |  74 | 603 |  10 |4496 |  34M|  2 | 130 |   0 |-2.781093e+09 | 9.905380e+02 |    Inf |   1.21%
 8256s|204300 | 58097 |457101k|2237.4 |  4190M |  74 | 603 |  10 |4131 |  34M|  0 | 130 |   0 |-2.781093e+09 | 9.905380e+02 |    Inf |   1.21%
 8260s|204400 | 58137 |457300k|2237.3 |  4192M |  74 | 603 |  10 |4088 |  34M|  2 | 130 |   0 |-2.781093e+09 | 9.905380e+02 |    Inf |   1.21%
 8264s|204500 | 58165 |457493k|2237.1 |  4194M |  74 | 603 |  10 |3904 |  34M|  2 | 130 |   0 |-2.781093e+09 | 9.905380e+02 |    Inf |   1.21%
 8268s|204600 | 58209 |457714k|2237.1 |  4196M |  74 | 603 |  10 |4086 |  34M|  2 | 130 |   0 |-2.781093e+09 | 9.905380e+02 |    Inf |   1.21%
 8272s|204700 | 58245 |457956k|2237.2 |  4200M |  74 | 603 |  10 |4224 |  34M|  0 | 130 |   0 |-2.781093e+09 | 9.905380e+02 |    Inf |   1.21%
 8275s|204800 | 58277 |458157k|2237.1 |  4201M |  74 | 603 |  10 |4284 |  34M|  2 | 130 |   0 |-2.781093e+09 | 9.905380e+02 |    Inf |   1.21%
 8279s|204900 | 58305 |458360k|2237.0 |  4203M |  74 | 603 |  10 |4243 |  34M|  2 | 130 |   0 |-2.781093e+09 | 9.905380e+02 |    Inf |   1.21%
 8283s|205000 | 58333 |458577k|2237.0 |  4205M |  74 | 603 |  10 |4062 |  34M|  3 | 130 |   0 |-2.781093e+09 | 9.905380e+02 |    Inf |   1.21%
 8288s|205100 | 58363 |458865k|2237.3 |  4207M |  74 | 603 |  10 |4183 |  34M|  2 | 130 |   0 |-2.781093e+09 | 9.905380e+02 |    Inf |   1.21%
 8292s|205200 | 58393 |459067k|2237.2 |  4208M |  74 | 603 |  10 |4377 |  34M|  2 | 130 |   0 |-2.781093e+09 | 9.905380e+02 |    Inf |   1.21%
 8296s|205300 | 58401 |459250k|2237.0 |  4209M |  74 | 603 |  10 |4643 |  34M|  6 | 130 |   0 |-2.781093e+09 | 9.905380e+02 |    Inf |   1.21%
 time | node  | left  |LP iter|LP it/n|mem/heur|mdpt |vars |cons |rows |cuts |sepa|confs|strbr|  dualbound   | primalbound  |  gap   | compl. 
 8300s|205400 | 58421 |459467k|2237.0 |  4210M |  74 | 603 |  10 |3785 |  34M|  2 | 130 |   0 |-2.781093e+09 | 9.905380e+02 |    Inf |   1.21%
 8303s|205500 | 58463 |459645k|2236.7 |  4212M |  74 | 603 |  10 |3949 |  34M|  2 | 130 |   0 |-2.781093e+09 | 9.905380e+02 |    Inf |   1.21%
 8307s|205600 | 58497 |459849k|2236.6 |  4213M |  74 | 603 |  10 |3721 |  34M|  2 | 130 |   0 |-2.781093e+09 | 9.905380e+02 |    Inf |   1.21%
 8311s|205700 | 58523 |460065k|2236.6 |  4215M |  74 | 603 |  10 |4387 |  34M|  2 | 130 |   0 |-2.781093e+09 | 9.905380e+02 |    Inf |   1.21%
 8316s|205800 | 58529 |460296k|2236.6 |  4215M |  74 | 603 |  10 |4189 |  34M|  2 | 130 |   0 |-2.781093e+09 | 9.905380e+02 |    Inf |   1.21%
 8320s|205900 | 58539 |460515k|2236.6 |  4215M |  74 | 603 |  10 |4440 |  34M|  2 | 130 |   0 |-2.781093e+09 | 9.905380e+02 |    Inf |   1.21%
 8325s|206000 | 58559 |460760k|2236.7 |  4217M |  74 | 603 |  10 |4201 |  34M|  2 | 130 |   0 |-2.781093e+09 | 9.905380e+02 |    Inf |   1.21%
 8329s|206100 | 58567 |460995k|2236.8 |  4217M |  74 | 603 |  10 |4762 |  35M|  0 | 130 |   0 |-2.781093e+09 | 9.905380e+02 |    Inf |   1.21%
 8332s|206200 | 58577 |461211k|2236.7 |  4219M |  74 | 603 |  10 |4336 |  35M|  2 | 130 |   0 |-2.781093e+09 | 9.905380e+02 |    Inf |   1.21%
 8336s|206300 | 58599 |461424k|2236.7 |  4221M |  74 | 603 |  10 |4356 |  35M|  1 | 130 |   0 |-2.781093e+09 | 9.905380e+02 |    Inf |   1.21%
 8341s|206400 | 58617 |461629k|2236.6 |  4221M |  74 | 603 |  10 |4481 |  35M|  4 | 130 |   0 |-2.781093e+09 | 9.905380e+02 |    Inf |   1.21%
 8345s|206500 | 58637 |461850k|2236.6 |  4223M |  74 | 603 |   9 |4531 |  35M|  2 | 130 |   0 |-2.781093e+09 | 9.905380e+02 |    Inf |   1.21%
 8349s|206600 | 58641 |462050k|2236.5 |  4223M |  74 | 603 |  10 |4224 |  35M|  3 | 131 |   0 |-2.781093e+09 | 9.905380e+02 |    Inf |   1.21%
 8353s|206700 | 58671 |462275k|2236.5 |  4226M |  74 | 603 |  10 |4385 |  35M|  3 | 131 |   0 |-2.781093e+09 | 9.905380e+02 |    Inf |   1.21%
 8356s|206800 | 58701 |462485k|2236.4 |  4228M |  74 | 603 |  10 |4582 |  35M|  2 | 131 |   0 |-2.781093e+09 | 9.905380e+02 |    Inf |   1.21%
 time | node  | left  |LP iter|LP it/n|mem/heur|mdpt |vars |cons |rows |cuts |sepa|confs|strbr|  dualbound   | primalbound  |  gap   | compl. 
 8361s|206900 | 58711 |462735k|2236.5 |  4231M |  74 | 603 |  10 |3949 |  35M|  2 | 131 |   0 |-2.781093e+09 | 9.905380e+02 |    Inf |   1.21%
 8365s|207000 | 58731 |462971k|2236.6 |  4232M |  74 | 603 |  10 |   0 |  35M|  0 | 131 |   0 |-2.781093e+09 | 9.905380e+02 |    Inf |   1.21%
 8369s|207100 | 58757 |463206k|2236.6 |  4235M |  74 | 603 |  10 |4215 |  35M|  2 | 131 |   0 |-2.781093e+09 | 9.905380e+02 |    Inf |   1.21%
 8373s|207200 | 58767 |463409k|2236.5 |  4237M |  74 | 603 |  10 |4399 |  35M|  0 | 131 |   0 |-2.781093e+09 | 9.905380e+02 |    Inf |   1.21%
 8378s|207300 | 58783 |463644k|2236.6 |  4237M |  74 | 603 |  10 |4134 |  35M|  2 | 131 |   0 |-2.781093e+09 | 9.905380e+02 |    Inf |   1.21%
 8382s|207400 | 58807 |463860k|2236.6 |  4239M |  74 | 603 |  10 |4659 |  35M|  2 | 131 |   0 |-2.781093e+09 | 9.905380e+02 |    Inf |   1.21%
 8386s|207500 | 58835 |464078k|2236.5 |  4240M |  74 | 603 |  10 |3763 |  35M|  2 | 131 |   0 |-2.781093e+09 | 9.905380e+02 |    Inf |   1.21%
 8389s|207600 | 58871 |464317k|2236.6 |  4242M |  74 | 603 |  10 |4231 |  35M|  2 | 131 |   0 |-2.781093e+09 | 9.905380e+02 |    Inf |   1.21%
 8392s|207700 | 58917 |464507k|2236.4 |  4245M |  74 | 603 |  10 |4290 |  35M|  2 | 131 |   0 |-2.781093e+09 | 9.905380e+02 |    Inf |   1.21%
 8396s|207800 | 58955 |464717k|2236.4 |  4246M |  74 | 603 |  10 |4087 |  35M|  2 | 131 |   0 |-2.781093e+09 | 9.905380e+02 |    Inf |   1.21%
 8400s|207900 | 58999 |464946k|2236.4 |  4249M |  74 | 603 |  10 |3748 |  35M|  2 | 131 |   0 |-2.781093e+09 | 9.905380e+02 |    Inf |   1.21%
 8403s|208000 | 59051 |465144k|2236.3 |  4253M |  74 | 603 |  10 |3962 |  35M|  4 | 131 |   0 |-2.781093e+09 | 9.905380e+02 |    Inf |   1.21%
 8407s|208100 | 59101 |465402k|2236.4 |  4256M |  74 | 603 |  10 |3844 |  35M|  2 | 131 |   0 |-2.781093e+09 | 9.905380e+02 |    Inf |   1.21%
 8411s|208200 | 59133 |465608k|2236.4 |  4258M |  74 | 603 |  10 |   0 |  35M|  0 | 132 |   0 |-2.781093e+09 | 9.905380e+02 |    Inf |   1.21%
 8415s|208300 | 59145 |465864k|2236.5 |  4260M |  74 | 603 |  11 |4852 |  35M|  2 | 133 |   0 |-2.781093e+09 | 9.905380e+02 |    Inf |   1.21%
 time | node  | left  |LP iter|LP it/n|mem/heur|mdpt |vars |cons |rows |cuts |sepa|confs|strbr|  dualbound   | primalbound  |  gap   | compl. 
 8420s|208400 | 59159 |466095k|2236.6 |  4261M |  74 | 603 |  11 |4061 |  35M|  1 | 133 |   0 |-2.781093e+09 | 9.905380e+02 |    Inf |   1.21%
 8424s|208500 | 59173 |466297k|2236.4 |  4262M |  74 | 603 |  11 |4675 |  35M|  4 | 133 |   0 |-2.781093e+09 | 9.905380e+02 |    Inf |   1.21%
 8427s|208600 | 59189 |466495k|2236.3 |  4263M |  74 | 603 |  11 |4403 |  35M|  2 | 133 |   0 |-2.781093e+09 | 9.905380e+02 |    Inf |   1.21%
 8432s|208700 | 59215 |466726k|2236.4 |  4263M |  74 | 603 |  11 |4710 |  35M|  2 | 133 |   0 |-2.781093e+09 | 9.905380e+02 |    Inf |   1.21%
 8436s|208800 | 59241 |466968k|2236.5 |  4266M |  74 | 603 |  11 |4434 |  35M|  2 | 133 |   0 |-2.781093e+09 | 9.905380e+02 |    Inf |   1.21%
 8440s|208900 | 59275 |467183k|2236.4 |  4268M |  74 | 603 |  11 |4410 |  35M|  2 | 133 |   0 |-2.781093e+09 | 9.905380e+02 |    Inf |   1.21%
 8443s|209000 | 59313 |467385k|2236.3 |  4271M |  74 | 603 |  11 |4273 |  35M|  1 | 133 |   0 |-2.781093e+09 | 9.905380e+02 |    Inf |   1.21%
 8446s|209100 | 59357 |467544k|2236.0 |  4274M |  74 | 603 |  11 |4053 |  35M|  0 | 133 |   0 |-2.781093e+09 | 9.905380e+02 |    Inf |   1.21%
 8450s|209200 | 59383 |467748k|2235.9 |  4276M |  74 | 603 |  11 |4347 |  35M|  2 | 133 |   0 |-2.781093e+09 | 9.905380e+02 |    Inf |   1.21%
 8453s|209300 | 59383 |467900k|2235.6 |  4278M |  74 | 603 |  11 |4103 |  35M|  1 | 133 |   0 |-2.781093e+09 | 9.905380e+02 |    Inf |   1.21%
 8457s|209400 | 59389 |468087k|2235.4 |  4279M |  74 | 603 |  11 |4140 |  35M|  1 | 133 |   0 |-2.781093e+09 | 9.905380e+02 |    Inf |   1.21%
 8461s|209500 | 59405 |468312k|2235.4 |  4279M |  74 | 603 |  11 |4383 |  35M|  3 | 133 |   0 |-2.781093e+09 | 9.905380e+02 |    Inf |   1.21%
 8465s|209600 | 59421 |468519k|2235.3 |  4281M |  74 | 603 |  11 |4652 |  35M|  0 | 133 |   0 |-2.781093e+09 | 9.905380e+02 |    Inf |   1.21%
 8469s|209700 | 59431 |468716k|2235.2 |  4281M |  74 | 603 |  11 |   0 |  35M|  0 | 133 |   0 |-2.781093e+09 | 9.905380e+02 |    Inf |   1.21%
 8473s|209800 | 59445 |468908k|2235.0 |  4283M |  74 | 603 |  11 |4437 |  35M|  2 | 133 |   0 |-2.781093e+09 | 9.905380e+02 |    Inf |   1.21%
 time | node  | left  |LP iter|LP it/n|mem/heur|mdpt |vars |cons |rows |cuts |sepa|confs|strbr|  dualbound   | primalbound  |  gap   | compl. 
 8477s|209900 | 59461 |469134k|2235.0 |  4284M |  74 | 603 |  11 |4766 |  35M|  2 | 133 |   0 |-2.781093e+09 | 9.905380e+02 |    Inf |   1.21%
 8481s|210000 | 59491 |469373k|2235.1 |  4286M |  74 | 603 |  11 |4717 |  35M|  2 | 133 |   0 |-2.781093e+09 | 9.905380e+02 |    Inf |   1.21%
 8486s|210100 | 59519 |469658k|2235.4 |  4289M |  74 | 603 |  11 |4296 |  35M|  2 | 133 |   0 |-2.781093e+09 | 9.905380e+02 |    Inf |   1.21%
 8490s|210200 | 59543 |469870k|2235.4 |  4290M |  74 | 603 |  11 |5142 |  35M|  2 | 133 |   0 |-2.781093e+09 | 9.905380e+02 |    Inf |   1.21%
 8494s|210300 | 59569 |470053k|2235.2 |  4292M |  74 | 603 |  11 |3753 |  35M|  2 | 133 |   0 |-2.781093e+09 | 9.905380e+02 |    Inf |   1.21%
 8497s|210400 | 59593 |470214k|2234.9 |  4293M |  74 | 603 |  11 |4355 |  35M|  2 | 133 |   0 |-2.781093e+09 | 9.905380e+02 |    Inf |   1.21%
 8501s|210500 | 59601 |470419k|2234.8 |  4294M |  74 | 603 |  11 |4305 |  35M|  2 | 133 |   0 |-2.781093e+09 | 9.905380e+02 |    Inf |   1.21%
 8505s|210600 | 59607 |470604k|2234.6 |  4295M |  74 | 603 |  11 |4227 |  35M|  2 | 133 |   0 |-2.781093e+09 | 9.905380e+02 |    Inf |   1.21%
 8509s|210700 | 59635 |470824k|2234.6 |  4296M |  74 | 603 |  11 |4493 |  35M|  1 | 133 |   0 |-2.781093e+09 | 9.905380e+02 |    Inf |   1.21%
 8513s|210800 | 59667 |471064k|2234.7 |  4298M |  74 | 603 |  11 |4024 |  35M|  2 | 133 |   0 |-2.781093e+09 | 9.905380e+02 |    Inf |   1.21%
 8517s|210900 | 59677 |471253k|2234.5 |  4298M |  74 | 603 |  11 |4496 |  35M|  2 | 133 |   0 |-2.781093e+09 | 9.905380e+02 |    Inf |   1.21%
 8520s|211000 | 59689 |471435k|2234.3 |  4300M |  74 | 603 |  11 |4053 |  35M|  2 | 133 |   0 |-2.781093e+09 | 9.905380e+02 |    Inf |   1.21%
 8524s|211100 | 59711 |471651k|2234.3 |  4300M |  74 | 603 |  11 |4306 |  35M|  2 | 133 |   0 |-2.781093e+09 | 9.905380e+02 |    Inf |   1.21%
 8528s|211200 | 59715 |471849k|2234.1 |  4301M |  74 | 603 |  11 |4401 |  35M|  1 | 133 |   0 |-2.781093e+09 | 9.905380e+02 |    Inf |   1.21%
 8533s|211300 | 59737 |472101k|2234.3 |  4302M |  74 | 603 |  11 |4392 |  35M|  2 | 133 |   0 |-2.781093e+09 | 9.905380e+02 |    Inf |   1.21%
 time | node  | left  |LP iter|LP it/n|mem/heur|mdpt |vars |cons |rows |cuts |sepa|confs|strbr|  dualbound   | primalbound  |  gap   | compl. 
 8537s|211400 | 59755 |472328k|2234.3 |  4303M |  74 | 603 |  11 |3770 |  35M|  2 | 133 |   0 |-2.781093e+09 | 9.905380e+02 |    Inf |   1.21%
 8540s|211500 | 59785 |472510k|2234.1 |  4304M |  74 | 603 |  11 |3882 |  35M|  2 | 133 |   0 |-2.781093e+09 | 9.905380e+02 |    Inf |   1.21%
 8544s|211600 | 59793 |472688k|2233.9 |  4305M |  74 | 603 |  11 |3947 |  35M|  2 | 133 |   0 |-2.781093e+09 | 9.905380e+02 |    Inf |   1.21%
 8547s|211700 | 59795 |472860k|2233.6 |  4307M |  74 | 603 |  11 |4733 |  36M|  2 | 133 |   0 |-2.781093e+09 | 9.905380e+02 |    Inf |   1.21%
 8552s|211800 | 59847 |473135k|2233.9 |  4308M |  74 | 603 |  11 |4275 |  36M|  2 | 133 |   0 |-2.781093e+09 | 9.905380e+02 |    Inf |   1.21%
 8556s|211900 | 59889 |473367k|2233.9 |  4311M |  74 | 603 |  11 |5321 |  36M|  2 | 133 |   0 |-2.781093e+09 | 9.905380e+02 |    Inf |   1.21%
 8561s|212000 | 59915 |473637k|2234.1 |  4312M |  74 | 603 |  11 |3701 |  36M|  2 | 133 |   0 |-2.781093e+09 | 9.905380e+02 |    Inf |   1.21%
 8566s|212100 | 59953 |473920k|2234.4 |  4313M |  74 | 603 |  11 |4698 |  36M|  3 | 133 |   0 |-2.781093e+09 | 9.905380e+02 |    Inf |   1.21%
 8571s|212200 | 59965 |474161k|2234.5 |  4314M |  74 | 603 |  11 |3969 |  36M|  1 | 133 |   0 |-2.781093e+09 | 9.905380e+02 |    Inf |   1.21%
 8575s|212300 | 60005 |474392k|2234.5 |  4316M |  74 | 603 |  11 |   0 |  36M|  0 | 133 |   0 |-2.781093e+09 | 9.905380e+02 |    Inf |   1.21%
 8580s|212400 | 60025 |474631k|2234.6 |  4318M |  74 | 603 |  11 |4740 |  36M|  2 | 133 |   0 |-2.781093e+09 | 9.905380e+02 |    Inf |   1.21%
 8584s|212500 | 60043 |474883k|2234.8 |  4319M |  74 | 603 |  11 |4282 |  36M|  2 | 133 |   0 |-2.781093e+09 | 9.905380e+02 |    Inf |   1.21%
 8589s|212600 | 60101 |475147k|2234.9 |  4323M |  74 | 603 |  11 |4388 |  36M|  2 | 133 |   0 |-2.781093e+09 | 9.905380e+02 |    Inf |   1.21%
 8592s|212700 | 60119 |475290k|2234.6 |  4324M |  74 | 603 |  11 |4454 |  36M|  2 | 133 |   0 |-2.781093e+09 | 9.905380e+02 |    Inf |   1.21%
 8595s|212800 | 60155 |475492k|2234.5 |  4326M |  74 | 603 |  11 |4116 |  36M|  2 | 133 |   0 |-2.781093e+09 | 9.905380e+02 |    Inf |   1.21%
 time | node  | left  |LP iter|LP it/n|mem/heur|mdpt |vars |cons |rows |cuts |sepa|confs|strbr|  dualbound   | primalbound  |  gap   | compl. 
 8599s|212900 | 60219 |475732k|2234.5 |  4328M |  74 | 603 |  11 |4682 |  36M|  1 | 133 |   0 |-2.781093e+09 | 9.905380e+02 |    Inf |   1.21%
 8604s|213000 | 60269 |475983k|2234.7 |  4331M |  74 | 603 |  11 |4617 |  36M|  2 | 133 |   0 |-2.781093e+09 | 9.905380e+02 |    Inf |   1.21%
 8608s|213100 | 60315 |476265k|2234.9 |  4332M |  74 | 603 |  11 |3736 |  36M|  2 | 133 |   0 |-2.781093e+09 | 9.905380e+02 |    Inf |   1.21%
 8613s|213200 | 60355 |476514k|2235.1 |  4334M |  74 | 603 |  11 |4390 |  36M|  3 | 133 |   0 |-2.781093e+09 | 9.905380e+02 |    Inf |   1.21%
 8617s|213300 | 60371 |476735k|2235.1 |  4337M |  74 | 603 |  11 |4594 |  36M|  1 | 133 |   0 |-2.781093e+09 | 9.905380e+02 |    Inf |   1.21%
 8621s|213400 | 60409 |476953k|2235.0 |  4339M |  74 | 603 |  11 |4329 |  36M|  1 | 133 |   0 |-2.781093e+09 | 9.905380e+02 |    Inf |   1.21%
 8625s|213500 | 60439 |477166k|2235.0 |  4340M |  74 | 603 |  11 |3321 |  36M|  2 | 133 |   0 |-2.781093e+09 | 9.905380e+02 |    Inf |   1.21%
 8629s|213600 | 60471 |477433k|2235.2 |  4343M |  74 | 603 |  11 |4802 |  36M|  3 | 133 |   0 |-2.781093e+09 | 9.905380e+02 |    Inf |   1.21%
 8633s|213700 | 60501 |477663k|2235.2 |  4345M |  74 | 603 |  11 |4041 |  36M|  2 | 133 |   0 |-2.781093e+09 | 9.905380e+02 |    Inf |   1.21%
 8637s|213800 | 60529 |477893k|2235.2 |  4347M |  74 | 603 |  11 |   0 |  36M|  0 | 133 |   0 |-2.781093e+09 | 9.905380e+02 |    Inf |   1.21%
 8641s|213900 | 60559 |478133k|2235.3 |  4349M |  74 | 603 |  11 |4220 |  36M|  2 | 133 |   0 |-2.781093e+09 | 9.905380e+02 |    Inf |   1.21%
 8645s|214000 | 60581 |478311k|2235.1 |  4350M |  74 | 603 |  11 |4139 |  36M|  1 | 133 |   0 |-2.781093e+09 | 9.905380e+02 |    Inf |   1.21%
 8649s|214100 | 60625 |478544k|2235.2 |  4353M |  74 | 603 |  11 |4159 |  36M|  2 | 133 |   0 |-2.781093e+09 | 9.905380e+02 |    Inf |   1.21%
 8653s|214200 | 60651 |478777k|2235.2 |  4356M |  74 | 603 |  11 |4388 |  36M|  2 | 133 |   0 |-2.781093e+09 | 9.905380e+02 |    Inf |   1.21%
 8657s|214300 | 60665 |479017k|2235.3 |  4357M |  74 | 603 |  10 |   0 |  36M|  0 | 133 |   0 |-2.781093e+09 | 9.905380e+02 |    Inf |   1.21%
 time | node  | left  |LP iter|LP it/n|mem/heur|mdpt |vars |cons |rows |cuts |sepa|confs|strbr|  dualbound   | primalbound  |  gap   | compl. 
 8661s|214400 | 60665 |479237k|2235.3 |  4357M |  74 | 603 |   8 |4747 |  36M|  1 | 134 |   0 |-2.781093e+09 | 9.905380e+02 |    Inf |   1.21%
 8666s|214500 | 60667 |479447k|2235.2 |  4359M |  74 | 603 |   8 |4742 |  36M|  2 | 134 |   0 |-2.781093e+09 | 9.905380e+02 |    Inf |   1.21%
 8670s|214600 | 60671 |479652k|2235.1 |  4359M |  74 | 603 |   8 |4640 |  36M|  0 | 134 |   0 |-2.781093e+09 | 9.905380e+02 |    Inf |   1.21%
 8675s|214700 | 60711 |479933k|2235.4 |  4362M |  74 | 603 |   8 |   0 |  36M|  0 | 134 |   0 |-2.781093e+09 | 9.905380e+02 |    Inf |   1.21%
 8679s|214800 | 60745 |480171k|2235.4 |  4364M |  74 | 603 |   8 |4093 |  36M|  2 | 134 |   0 |-2.781093e+09 | 9.905380e+02 |    Inf |   1.21%
 8683s|214900 | 60763 |480394k|2235.4 |  4366M |  74 | 603 |   8 |4378 |  36M|  0 | 134 |   0 |-2.781093e+09 | 9.905380e+02 |    Inf |   1.21%
 8687s|215000 | 60765 |480580k|2235.3 |  4366M |  74 | 603 |   8 |4462 |  36M|  2 | 134 |   0 |-2.781093e+09 | 9.905380e+02 |    Inf |   1.21%
 8690s|215100 | 60767 |480756k|2235.0 |  4366M |  74 | 603 |   8 |   0 |  36M|  0 | 134 |   0 |-2.781093e+09 | 9.905380e+02 |    Inf |   1.21%
 8694s|215200 | 60795 |480986k|2235.1 |  4368M |  74 | 603 |   8 |4222 |  36M|  1 | 134 |   0 |-2.781093e+09 | 9.905380e+02 |    Inf |   1.21%
 8698s|215300 | 60839 |481241k|2235.2 |  4370M |  74 | 603 |   8 |3920 |  36M|  0 | 134 |   0 |-2.781093e+09 | 9.905380e+02 |    Inf |   1.21%
 8702s|215400 | 60879 |481519k|2235.5 |  4373M |  74 | 603 |   8 |4001 |  36M|  2 | 134 |   0 |-2.781093e+09 | 9.905380e+02 |    Inf |   1.21%
 8706s|215500 | 60925 |481795k|2235.7 |  4375M |  74 | 603 |   8 |4069 |  36M|  2 | 134 |   0 |-2.781093e+09 | 9.905380e+02 |    Inf |   1.21%
 8711s|215600 | 60963 |482052k|2235.9 |  4376M |  74 | 603 |   8 |3962 |  36M|  2 | 134 |   0 |-2.781093e+09 | 9.905380e+02 |    Inf |   1.21%
 8716s|215700 | 61007 |482339k|2236.2 |  4379M |  74 | 603 |   8 |4206 |  36M|  2 | 134 |   0 |-2.781093e+09 | 9.905380e+02 |    Inf |   1.21%
 8721s|215800 | 61043 |482669k|2236.7 |  4382M |  74 | 603 |   9 |4855 |  36M|  2 | 135 |   0 |-2.781093e+09 | 9.905380e+02 |    Inf |   1.21%
 time | node  | left  |LP iter|LP it/n|mem/heur|mdpt |vars |cons |rows |cuts |sepa|confs|strbr|  dualbound   | primalbound  |  gap   | compl. 
 8725s|215900 | 61069 |482912k|2236.8 |  4384M |  74 | 603 |   9 |4192 |  36M|  2 | 135 |   0 |-2.781093e+09 | 9.905380e+02 |    Inf |   1.21%
 8730s|216000 | 61085 |483166k|2236.9 |  4387M |  74 | 603 |   9 |4431 |  36M|  3 | 136 |   0 |-2.781093e+09 | 9.905380e+02 |    Inf |   1.21%
 8734s|216100 | 61095 |483371k|2236.8 |  4388M |  74 | 603 |   9 |   0 |  36M|  0 | 136 |   0 |-2.781093e+09 | 9.905380e+02 |    Inf |   1.21%
 8738s|216200 | 61119 |483581k|2236.7 |  4389M |  74 | 603 |   9 |3617 |  36M|  2 | 136 |   0 |-2.781093e+09 | 9.905380e+02 |    Inf |   1.21%
 8742s|216300 | 61123 |483794k|2236.7 |  4390M |  74 | 603 |   9 |4606 |  36M|  2 | 136 |   0 |-2.781093e+09 | 9.905380e+02 |    Inf |   1.21%
 8747s|216400 | 61143 |484070k|2236.9 |  4392M |  74 | 603 |   9 |4299 |  36M|  1 | 136 |   0 |-2.781093e+09 | 9.905380e+02 |    Inf |   1.21%
 8751s|216500 | 61153 |484306k|2237.0 |  4394M |  74 | 603 |   9 |   0 |  36M|  0 | 136 |   0 |-2.781093e+09 | 9.905380e+02 |    Inf |   1.21%
 8755s|216600 | 61173 |484560k|2237.1 |  4396M |  74 | 603 |   9 |4421 |  36M|  2 | 136 |   0 |-2.781093e+09 | 9.905380e+02 |    Inf |   1.21%
 8759s|216700 | 61193 |484789k|2237.2 |  4397M |  74 | 603 |   9 |3980 |  36M|  1 | 136 |   0 |-2.781093e+09 | 9.905380e+02 |    Inf |   1.21%
 8763s|216800 | 61209 |485007k|2237.1 |  4398M |  74 | 603 |   9 |3826 |  36M|  2 | 136 |   0 |-2.781093e+09 | 9.905380e+02 |    Inf |   1.21%
 8767s|216900 | 61259 |485209k|2237.0 |  4400M |  74 | 603 |   9 |3646 |  36M|  2 | 136 |   0 |-2.781093e+09 | 9.905380e+02 |    Inf |   1.21%
 8771s|217000 | 61307 |485446k|2237.1 |  4402M |  74 | 603 |   9 |3999 |  36M|  2 | 136 |   0 |-2.781093e+09 | 9.905380e+02 |    Inf |   1.21%
 8775s|217100 | 61343 |485683k|2237.2 |  4404M |  74 | 603 |   9 |4326 |  36M|  2 | 136 |   0 |-2.781093e+09 | 9.905380e+02 |    Inf |   1.21%
 8779s|217200 | 61373 |485915k|2237.2 |  4407M |  74 | 603 |  10 |4120 |  36M|  3 | 137 |   0 |-2.781093e+09 | 9.905380e+02 |    Inf |   1.21%
 8782s|217300 | 61415 |486138k|2237.2 |  4408M |  74 | 603 |  10 |3944 |  36M|  0 | 137 |   0 |-2.781093e+09 | 9.905380e+02 |    Inf |   1.21%
 time | node  | left  |LP iter|LP it/n|mem/heur|mdpt |vars |cons |rows |cuts |sepa|confs|strbr|  dualbound   | primalbound  |  gap   | compl. 
 8786s|217400 | 61439 |486381k|2237.3 |  4409M |  74 | 603 |  10 |3825 |  37M|  1 | 137 |   0 |-2.781093e+09 | 9.905380e+02 |    Inf |   1.21%
 8790s|217500 | 61491 |486625k|2237.4 |  4412M |  74 | 603 |  10 |4121 |  37M|  3 | 137 |   0 |-2.781093e+09 | 9.905380e+02 |    Inf |   1.21%
 8794s|217600 | 61495 |486803k|2237.2 |  4413M |  74 | 603 |  10 |3704 |  37M|  2 | 137 |   0 |-2.781093e+09 | 9.905380e+02 |    Inf |   1.21%
 8798s|217700 | 61503 |487015k|2237.1 |  4413M |  74 | 603 |  10 |4327 |  37M|  1 | 137 |   0 |-2.781093e+09 | 9.905380e+02 |    Inf |   1.21%
 8801s|217800 | 61515 |487196k|2236.9 |  4415M |  74 | 603 |  10 |3801 |  37M|  2 | 138 |   0 |-2.781093e+09 | 9.905380e+02 |    Inf |   1.21%
 8805s|217900 | 61553 |487421k|2236.9 |  4417M |  74 | 603 |  10 |4177 |  37M|  1 | 138 |   0 |-2.781093e+09 | 9.905380e+02 |    Inf |   1.21%
 8809s|218000 | 61559 |487599k|2236.7 |  4417M |  74 | 603 |  10 |4100 |  37M|  2 | 138 |   0 |-2.781093e+09 | 9.905380e+02 |    Inf |   1.21%
 8813s|218100 | 61575 |487837k|2236.8 |  4418M |  74 | 603 |  10 |   0 |  37M|  0 | 138 |   0 |-2.781093e+09 | 9.905380e+02 |    Inf |   1.21%
 8817s|218200 | 61597 |488073k|2236.8 |  4421M |  74 | 603 |  10 |4339 |  37M|  1 | 138 |   0 |-2.781093e+09 | 9.905380e+02 |    Inf |   1.21%
 8821s|218300 | 61615 |488304k|2236.9 |  4421M |  74 | 603 |  10 |3661 |  37M|  2 | 138 |   0 |-2.781093e+09 | 9.905380e+02 |    Inf |   1.21%
 8825s|218400 | 61637 |488495k|2236.7 |  4422M |  74 | 603 |  10 |3896 |  37M|  3 | 138 |   0 |-2.781093e+09 | 9.905380e+02 |    Inf |   1.21%
 8829s|218500 | 61645 |488698k|2236.6 |  4422M |  74 | 603 |  10 |   0 |  37M|  0 | 138 |   0 |-2.781093e+09 | 9.905380e+02 |    Inf |   1.21%
 8833s|218600 | 61655 |488937k|2236.7 |  4425M |  74 | 603 |  10 |4130 |  37M|  1 | 139 |   0 |-2.781093e+09 | 9.905380e+02 |    Inf |   1.21%
 8837s|218700 | 61675 |489120k|2236.5 |  4426M |  74 | 603 |  10 |4216 |  37M|  2 | 139 |   0 |-2.781093e+09 | 9.905380e+02 |    Inf |   1.21%
 8841s|218800 | 61711 |489355k|2236.6 |  4426M |  74 | 603 |  10 |4189 |  37M|  2 | 139 |   0 |-2.781093e+09 | 9.905380e+02 |    Inf |   1.21%
 time | node  | left  |LP iter|LP it/n|mem/heur|mdpt |vars |cons |rows |cuts |sepa|confs|strbr|  dualbound   | primalbound  |  gap   | compl. 
 8844s|218900 | 61719 |489542k|2236.4 |  4428M |  74 | 603 |  10 |3897 |  37M|  2 | 139 |   0 |-2.781093e+09 | 9.905380e+02 |    Inf |   1.21%
 8848s|219000 | 61733 |489732k|2236.2 |  4430M |  74 | 603 |  10 |4340 |  37M|  2 | 139 |   0 |-2.781093e+09 | 9.905380e+02 |    Inf |   1.21%
 8851s|219100 | 61751 |489927k|2236.1 |  4430M |  74 | 603 |  10 |4472 |  37M|  3 | 139 |   0 |-2.781093e+09 | 9.905380e+02 |    Inf |   1.21%
 8855s|219200 | 61769 |490134k|2236.0 |  4433M |  74 | 603 |  10 |   0 |  37M|  0 | 140 |   0 |-2.781093e+09 | 9.905380e+02 |    Inf |   1.21%
 8859s|219300 | 61775 |490352k|2236.0 |  4436M |  74 | 603 |  10 |4622 |  37M|  2 | 140 |   0 |-2.781093e+09 | 9.905380e+02 |    Inf |   1.21%
 8863s|219400 | 61815 |490576k|2236.0 |  4437M |  74 | 603 |  10 |4178 |  37M|  2 | 140 |   0 |-2.781093e+09 | 9.905380e+02 |    Inf |   1.21%
 8868s|219500 | 61827 |490794k|2236.0 |  4438M |  74 | 603 |  10 |3744 |  37M|  1 | 140 |   0 |-2.781093e+09 | 9.905380e+02 |    Inf |   1.21%
 8871s|219600 | 61827 |490979k|2235.8 |  4438M |  74 | 603 |  10 |3608 |  37M|  3 | 140 |   0 |-2.781093e+09 | 9.905380e+02 |    Inf |   1.21%
 8876s|219700 | 61875 |491256k|2236.0 |  4443M |  74 | 603 |  10 |4344 |  37M|  2 | 140 |   0 |-2.781093e+09 | 9.905380e+02 |    Inf |   1.21%
 8881s|219800 | 61921 |491583k|2236.5 |  4444M |  74 | 603 |  10 |4037 |  37M|  2 | 140 |   0 |-2.781093e+09 | 9.905380e+02 |    Inf |   1.21%
 8885s|219900 | 61949 |491861k|2236.8 |  4447M |  74 | 603 |  10 |4215 |  37M|  3 | 140 |   0 |-2.781093e+09 | 9.905380e+02 |    Inf |   1.21%
 8890s|220000 | 61969 |492108k|2236.9 |  4448M |  74 | 603 |  10 |5058 |  37M|  2 | 140 |   0 |-2.781093e+09 | 9.905380e+02 |    Inf |   1.21%
 8895s|220100 | 62003 |492401k|2237.2 |  4451M |  74 | 603 |  10 |3655 |  37M|  2 | 140 |   0 |-2.781093e+09 | 9.905380e+02 |    Inf |   1.21%
 8899s|220200 | 62015 |492625k|2237.2 |  4451M |  74 | 603 |  10 |4081 |  37M|  2 | 140 |   0 |-2.781093e+09 | 9.905380e+02 |    Inf |   1.21%
 8903s|220300 | 62031 |492810k|2237.0 |  4453M |  74 | 603 |  10 |4980 |  37M|  1 | 140 |   0 |-2.781093e+09 | 9.905380e+02 |    Inf |   1.21%
 time | node  | left  |LP iter|LP it/n|mem/heur|mdpt |vars |cons |rows |cuts |sepa|confs|strbr|  dualbound   | primalbound  |  gap   | compl. 
 8907s|220400 | 62047 |493049k|2237.1 |  4453M |  74 | 603 |  10 |4093 |  37M|  3 | 140 |   0 |-2.781093e+09 | 9.905380e+02 |    Inf |   1.21%
 8912s|220500 | 62071 |493290k|2237.2 |  4455M |  74 | 603 |  10 |   0 |  37M|  0 | 140 |   0 |-2.781093e+09 | 9.905380e+02 |    Inf |   1.21%
 8916s|220600 | 62097 |493528k|2237.2 |  4457M |  74 | 603 |  10 |4646 |  37M|  2 | 140 |   0 |-2.781093e+09 | 9.905380e+02 |    Inf |   1.21%
 8920s|220700 | 62121 |493733k|2237.1 |  4458M |  74 | 603 |  10 |4149 |  37M|  1 | 140 |   0 |-2.781093e+09 | 9.905380e+02 |    Inf |   1.21%
 8924s|220800 | 62147 |493982k|2237.2 |  4460M |  74 | 603 |  10 |4420 |  37M|  2 | 140 |   0 |-2.781093e+09 | 9.905380e+02 |    Inf |   1.21%
 8928s|220900 | 62167 |494227k|2237.3 |  4460M |  74 | 603 |  10 |5051 |  37M|  4 | 140 |   0 |-2.781093e+09 | 9.905380e+02 |    Inf |   1.21%
 8932s|221000 | 62203 |494451k|2237.3 |  4463M |  74 | 603 |  10 |4241 |  37M|  2 | 140 |   0 |-2.781093e+09 | 9.905380e+02 |    Inf |   1.21%
 8936s|221100 | 62223 |494662k|2237.3 |  4465M |  74 | 603 |  10 |4879 |  37M|  2 | 140 |   0 |-2.781093e+09 | 9.905380e+02 |    Inf |   1.21%
 8940s|221200 | 62263 |494936k|2237.5 |  4467M |  74 | 603 |  10 |4045 |  37M|  2 | 140 |   0 |-2.781093e+09 | 9.905380e+02 |    Inf |   1.21%
 8944s|221300 | 62285 |495166k|2237.5 |  4469M |  74 | 603 |  10 |4014 |  37M|  1 | 140 |   0 |-2.781093e+09 | 9.905380e+02 |    Inf |   1.21%
 8949s|221400 | 62311 |495384k|2237.5 |  4470M |  74 | 603 |  10 |4602 |  37M|  2 | 140 |   0 |-2.781093e+09 | 9.905380e+02 |    Inf |   1.21%
 8953s|221500 | 62369 |495637k|2237.7 |  4474M |  74 | 603 |  10 |4082 |  37M|  3 | 140 |   0 |-2.781093e+09 | 9.905380e+02 |    Inf |   1.21%
 8957s|221600 | 62409 |495862k|2237.7 |  4476M |  74 | 603 |  10 |4444 |  37M|  1 | 140 |   0 |-2.781093e+09 | 9.905380e+02 |    Inf |   1.21%
 8961s|221700 | 62445 |496087k|2237.7 |  4479M |  74 | 603 |  10 |4324 |  37M|  1 | 140 |   0 |-2.781093e+09 | 9.905380e+02 |    Inf |   1.21%
 8964s|221800 | 62465 |496251k|2237.4 |  4480M |  74 | 603 |  10 |4573 |  37M|  1 | 140 |   0 |-2.781093e+09 | 9.905380e+02 |    Inf |   1.21%
 time | node  | left  |LP iter|LP it/n|mem/heur|mdpt |vars |cons |rows |cuts |sepa|confs|strbr|  dualbound   | primalbound  |  gap   | compl. 
 8968s|221900 | 62487 |496466k|2237.4 |  4482M |  74 | 603 |  10 |4532 |  37M|  0 | 140 |   0 |-2.781093e+09 | 9.905380e+02 |    Inf |   1.21%
 8972s|222000 | 62501 |496657k|2237.2 |  4483M |  74 | 603 |  10 |4057 |  37M|  2 | 140 |   0 |-2.781093e+09 | 9.905380e+02 |    Inf |   1.21%
 8975s|222100 | 62519 |496860k|2237.1 |  4484M |  74 | 603 |  10 |4337 |  37M|  1 | 140 |   0 |-2.781093e+09 | 9.905380e+02 |    Inf |   1.21%
 8980s|222200 | 62541 |497143k|2237.4 |  4485M |  74 | 603 |  10 |4770 |  37M|  3 | 140 |   0 |-2.781093e+09 | 9.905380e+02 |    Inf |   1.21%
 8985s|222300 | 62545 |497384k|2237.5 |  4490M |  74 | 603 |  10 |5101 |  37M|  6 | 140 |   0 |-2.781093e+09 | 9.905380e+02 |    Inf |   1.21%
 8989s|222400 | 62563 |497613k|2237.5 |  4491M |  74 | 603 |  10 |4522 |  37M|  5 | 140 |   0 |-2.781093e+09 | 9.905380e+02 |    Inf |   1.21%
 8994s|222500 | 62595 |497855k|2237.6 |  4493M |  74 | 603 |  10 |4171 |  37M|  1 | 140 |   0 |-2.781093e+09 | 9.905380e+02 |    Inf |   1.21%
 8998s|222600 | 62603 |498060k|2237.5 |  4493M |  74 | 603 |  10 |3890 |  37M|  2 | 140 |   0 |-2.781093e+09 | 9.905380e+02 |    Inf |   1.21%
 9002s|222700 | 62611 |498289k|2237.5 |  4496M |  74 | 603 |  10 |4381 |  37M|  2 | 140 |   0 |-2.781093e+09 | 9.905380e+02 |    Inf |   1.21%
 9007s|222800 | 62627 |498522k|2237.5 |  4498M |  74 | 603 |  10 |   0 |  37M|  0 | 140 |   0 |-2.781093e+09 | 9.905380e+02 |    Inf |   1.21%
 9011s|222900 | 62647 |498736k|2237.5 |  4500M |  74 | 603 |  10 |3576 |  38M|  2 | 140 |   0 |-2.781093e+09 | 9.905380e+02 |    Inf |   1.21%
 9015s|223000 | 62689 |498989k|2237.6 |  4502M |  74 | 603 |  10 |4128 |  38M|  2 | 140 |   0 |-2.781093e+09 | 9.905380e+02 |    Inf |   1.21%
 9019s|223100 | 62725 |499226k|2237.7 |  4503M |  74 | 603 |  10 |3976 |  38M|  1 | 140 |   0 |-2.781093e+09 | 9.905380e+02 |    Inf |   1.21%
 9023s|223200 | 62733 |499462k|2237.7 |  4504M |  74 | 603 |  10 |4043 |  38M|  2 | 140 |   0 |-2.781093e+09 | 9.905380e+02 |    Inf |   1.21%
 9027s|223300 | 62745 |499670k|2237.7 |  4505M |  74 | 603 |  10 |4088 |  38M|  1 | 140 |   0 |-2.781093e+09 | 9.905380e+02 |    Inf |   1.21%
 time | node  | left  |LP iter|LP it/n|mem/heur|mdpt |vars |cons |rows |cuts |sepa|confs|strbr|  dualbound   | primalbound  |  gap   | compl. 
 9031s|223400 | 62767 |499899k|2237.7 |  4506M |  74 | 603 |  10 |3868 |  38M|  3 | 140 |   0 |-2.781093e+09 | 9.905380e+02 |    Inf |   1.21%
 9036s|223500 | 62795 |500144k|2237.8 |  4508M |  74 | 603 |  10 |4002 |  38M|  2 | 140 |   0 |-2.781093e+09 | 9.905380e+02 |    Inf |   1.21%
 9041s|223600 | 62835 |500429k|2238.1 |  4509M |  74 | 603 |  10 |4407 |  38M|  2 | 140 |   0 |-2.781093e+09 | 9.905380e+02 |    Inf |   1.21%
 9045s|223700 | 62909 |500703k|2238.3 |  4512M |  74 | 603 |  10 |4209 |  38M|  2 | 140 |   0 |-2.781093e+09 | 9.905380e+02 |    Inf |   1.21%
 9049s|223800 | 62933 |500945k|2238.4 |  4514M |  74 | 603 |  10 |4933 |  38M|  2 | 140 |   0 |-2.781093e+09 | 9.905380e+02 |    Inf |   1.21%
 9054s|223900 | 62951 |501189k|2238.5 |  4516M |  74 | 603 |  10 |4767 |  38M|  2 | 140 |   0 |-2.781093e+09 | 9.905380e+02 |    Inf |   1.21%
 9058s|224000 | 62975 |501405k|2238.4 |  4519M |  74 | 603 |  10 |3961 |  38M|  2 | 140 |   0 |-2.781093e+09 | 9.905380e+02 |    Inf |   1.21%
 9062s|224100 | 62997 |501622k|2238.4 |  4519M |  74 | 603 |  10 |4253 |  38M|  1 | 140 |   0 |-2.781093e+09 | 9.905380e+02 |    Inf |   1.21%
 9066s|224200 | 63019 |501890k|2238.6 |  4522M |  74 | 603 |  10 |4321 |  38M|  1 | 140 |   0 |-2.781093e+09 | 9.905380e+02 |    Inf |   1.21%
 9071s|224300 | 63037 |502106k|2238.6 |  4523M |  74 | 603 |  10 |4297 |  38M|  2 | 140 |   0 |-2.781093e+09 | 9.905380e+02 |    Inf |   1.21%
 9075s|224400 | 63045 |502295k|2238.4 |  4525M |  74 | 603 |  10 |3954 |  38M|  2 | 140 |   0 |-2.781093e+09 | 9.905380e+02 |    Inf |   1.21%
 9079s|224500 | 63079 |502502k|2238.3 |  4528M |  74 | 603 |  10 |3930 |  38M|  2 | 140 |   0 |-2.781093e+09 | 9.905380e+02 |    Inf |   1.21%
 9082s|224600 | 63119 |502714k|2238.3 |  4534M |  74 | 603 |  10 |3975 |  38M|  2 | 140 |   0 |-2.781093e+09 | 9.905380e+02 |    Inf |   1.21%
 9086s|224700 | 63141 |502924k|2238.2 |  4537M |  74 | 603 |  10 |4353 |  38M|  2 | 140 |   0 |-2.781093e+09 | 9.905380e+02 |    Inf |   1.21%
 9089s|224800 | 63145 |503098k|2238.0 |  4540M |  74 | 603 |  10 |4499 |  38M|  2 | 140 |   0 |-2.781093e+09 | 9.905380e+02 |    Inf |   1.21%
 time | node  | left  |LP iter|LP it/n|mem/heur|mdpt |vars |cons |rows |cuts |sepa|confs|strbr|  dualbound   | primalbound  |  gap   | compl. 
 9093s|224900 | 63177 |503323k|2238.0 |  4542M |  74 | 603 |  10 |3927 |  38M|  2 | 140 |   0 |-2.781093e+09 | 9.905380e+02 |    Inf |   1.21%
 9097s|225000 | 63193 |503534k|2237.9 |  4543M |  74 | 603 |  10 |4143 |  38M|  1 | 140 |   0 |-2.781093e+09 | 9.905380e+02 |    Inf |   1.21%
 9101s|225100 | 63189 |503724k|2237.8 |  4544M |  74 | 603 |  10 |5061 |  38M|  3 | 141 |   0 |-2.781093e+09 | 9.905380e+02 |    Inf |   1.21%
 9105s|225200 | 63215 |503933k|2237.7 |  4545M |  74 | 603 |  10 |4466 |  38M|  2 | 141 |   0 |-2.781093e+09 | 9.905380e+02 |    Inf |   1.21%
 9108s|225300 | 63237 |504105k|2237.5 |  4545M |  74 | 603 |  10 |3881 |  38M|  2 | 141 |   0 |-2.781093e+09 | 9.905380e+02 |    Inf |   1.21%
 9112s|225400 | 63295 |504331k|2237.5 |  4548M |  74 | 603 |  10 |4539 |  38M|  2 | 141 |   0 |-2.781093e+09 | 9.905380e+02 |    Inf |   1.21%
 9115s|225500 | 63321 |504514k|2237.3 |  4551M |  74 | 603 |  10 |4201 |  38M|  1 | 141 |   0 |-2.781093e+09 | 9.905380e+02 |    Inf |   1.21%
 9119s|225600 | 63383 |504739k|2237.3 |  4554M |  74 | 603 |  10 |4412 |  38M|  1 | 141 |   0 |-2.781093e+09 | 9.905380e+02 |    Inf |   1.21%
 9123s|225700 | 63411 |504923k|2237.2 |  4556M |  74 | 603 |  10 |4448 |  38M|  1 | 141 |   0 |-2.781093e+09 | 9.905380e+02 |    Inf |   1.21%
 9127s|225800 | 63447 |505177k|2237.3 |  4558M |  74 | 603 |  10 |   0 |  38M|  0 | 141 |   0 |-2.781093e+09 | 9.905380e+02 |    Inf |   1.21%
 9131s|225900 | 63485 |505426k|2237.4 |  4562M |  74 | 603 |  10 |5516 |  38M|  3 | 141 |   0 |-2.781093e+09 | 9.905380e+02 |    Inf |   1.21%
 9135s|226000 | 63535 |505670k|2237.5 |  4564M |  74 | 603 |  10 |4946 |  38M|  2 | 141 |   0 |-2.781093e+09 | 9.905380e+02 |    Inf |   1.21%
 9139s|226100 | 63591 |505926k|2237.6 |  4568M |  74 | 603 |  10 |4102 |  38M|  3 | 141 |   0 |-2.781093e+09 | 9.905380e+02 |    Inf |   1.21%
 9144s|226200 | 63625 |506154k|2237.7 |  4569M |  74 | 603 |  10 |4021 |  38M|  2 | 141 |   0 |-2.781093e+09 | 9.905380e+02 |    Inf |   1.21%
 9148s|226300 | 63643 |506382k|2237.7 |  4573M |  74 | 603 |  10 |4140 |  38M|  1 | 141 |   0 |-2.781093e+09 | 9.905380e+02 |    Inf |   1.21%
 time | node  | left  |LP iter|LP it/n|mem/heur|mdpt |vars |cons |rows |cuts |sepa|confs|strbr|  dualbound   | primalbound  |  gap   | compl. 
 9152s|226400 | 63661 |506612k|2237.7 |  4573M |  74 | 603 |  10 |4071 |  38M|  1 | 141 |   0 |-2.781093e+09 | 9.905380e+02 |    Inf |   1.21%
 9156s|226500 | 63703 |506858k|2237.8 |  4576M |  74 | 603 |  10 |3654 |  38M|  1 | 142 |   0 |-2.781093e+09 | 9.905380e+02 |    Inf |   1.21%
 9160s|226600 | 63725 |507085k|2237.8 |  4577M |  74 | 603 |  10 |3942 |  38M|  2 | 142 |   0 |-2.781093e+09 | 9.905380e+02 |    Inf |   1.21%
 9164s|226700 | 63737 |507286k|2237.7 |  4578M |  74 | 603 |  10 |4230 |  38M|  2 | 142 |   0 |-2.781093e+09 | 9.905380e+02 |    Inf |   1.21%
 9169s|226800 | 63753 |507532k|2237.8 |  4580M |  74 | 603 |  10 |4379 |  38M|  2 | 142 |   0 |-2.781093e+09 | 9.905380e+02 |    Inf |   1.21%
 9173s|226900 | 63785 |507763k|2237.8 |  4582M |  74 | 603 |  10 |4509 |  38M|  2 | 142 |   0 |-2.781093e+09 | 9.905380e+02 |    Inf |   1.21%
 9176s|227000 | 63819 |507946k|2237.7 |  4584M |  74 | 603 |  10 |4123 |  38M|  2 | 143 |   0 |-2.781093e+09 | 9.905380e+02 |    Inf |   1.21%
 9181s|227100 | 63827 |508138k|2237.5 |  4586M |  74 | 603 |  10 |4341 |  38M|  2 | 143 |   0 |-2.781093e+09 | 9.905380e+02 |    Inf |   1.21%
 9185s|227200 | 63857 |508377k|2237.6 |  4587M |  74 | 603 |  10 |4480 |  38M|  1 | 143 |   0 |-2.781093e+09 | 9.905380e+02 |    Inf |   1.21%
 9189s|227300 | 63893 |508611k|2237.6 |  4589M |  74 | 603 |  10 |4098 |  38M|  2 | 143 |   0 |-2.781093e+09 | 9.905380e+02 |    Inf |   1.21%
 9193s|227400 | 63921 |508834k|2237.6 |  4590M |  74 | 603 |  10 |4203 |  38M|  2 | 143 |   0 |-2.781093e+09 | 9.905380e+02 |    Inf |   1.21%
 9197s|227500 | 63957 |509072k|2237.7 |  4596M |  74 | 603 |  10 |4111 |  38M|  2 | 144 |   0 |-2.781093e+09 | 9.905380e+02 |    Inf |   1.21%
 9201s|227600 | 63981 |509307k|2237.7 |  4601M |  74 | 603 |  10 |4100 |  38M|  2 | 144 |   0 |-2.781093e+09 | 9.905380e+02 |    Inf |   1.21%
 9205s|227700 | 64017 |509523k|2237.7 |  4601M |  74 | 603 |  10 |4111 |  38M|  0 | 144 |   0 |-2.781093e+09 | 9.905380e+02 |    Inf |   1.21%
 9209s|227800 | 64035 |509734k|2237.6 |  4603M |  74 | 603 |  10 |4093 |  38M|  1 | 144 |   0 |-2.781093e+09 | 9.905380e+02 |    Inf |   1.21%
 time | node  | left  |LP iter|LP it/n|mem/heur|mdpt |vars |cons |rows |cuts |sepa|confs|strbr|  dualbound   | primalbound  |  gap   | compl. 
 9213s|227900 | 64055 |509943k|2237.6 |  4605M |  74 | 603 |  10 |4257 |  38M|  2 | 144 |   0 |-2.781093e+09 | 9.905380e+02 |    Inf |   1.21%
 9216s|228000 | 64111 |510148k|2237.5 |  4607M |  74 | 603 |  10 |4139 |  38M|  1 | 144 |   0 |-2.781093e+09 | 9.905380e+02 |    Inf |   1.21%
 9220s|228100 | 64147 |510376k|2237.5 |  4608M |  74 | 603 |  11 |4107 |  38M|  2 | 145 |   0 |-2.781093e+09 | 9.905380e+02 |    Inf |   1.21%
 9224s|228200 | 64181 |510568k|2237.4 |  4609M |  74 | 603 |  11 |4159 |  38M|  2 | 145 |   0 |-2.781093e+09 | 9.905380e+02 |    Inf |   1.21%
 9227s|228300 | 64219 |510783k|2237.3 |  4611M |  74 | 603 |  11 |4462 |  38M|  1 | 146 |   0 |-2.781093e+09 | 9.905380e+02 |    Inf |   1.21%
 9232s|228400 | 64237 |511003k|2237.3 |  4613M |  74 | 603 |  11 |4111 |  38M|  2 | 146 |   0 |-2.781093e+09 | 9.905380e+02 |    Inf |   1.21%
 9236s|228500 | 64247 |511226k|2237.3 |  4613M |  74 | 603 |  11 |4358 |  39M|  2 | 146 |   0 |-2.781093e+09 | 9.905380e+02 |    Inf |   1.21%
 9240s|228600 | 64289 |511460k|2237.4 |  4616M |  74 | 603 |  11 |4524 |  39M|  0 | 146 |   0 |-2.781093e+09 | 9.905380e+02 |    Inf |   1.21%
 9244s|228700 | 64309 |511658k|2237.3 |  4618M |  74 | 603 |  11 |3944 |  39M|  0 | 146 |   0 |-2.781093e+09 | 9.905380e+02 |    Inf |   1.21%
 9248s|228800 | 64317 |511916k|2237.4 |  4620M |  74 | 603 |  11 |3943 |  39M|  2 | 146 |   0 |-2.781093e+09 | 9.905380e+02 |    Inf |   1.21%
 9253s|228900 | 64343 |512142k|2237.4 |  4621M |  74 | 603 |  11 |3963 |  39M|  1 | 146 |   0 |-2.781093e+09 | 9.905380e+02 |    Inf |   1.21%
 9257s|229000 | 64351 |512397k|2237.6 |  4624M |  74 | 603 |  11 |4749 |  39M|  2 | 146 |   0 |-2.781093e+09 | 9.905380e+02 |    Inf |   1.21%
 9261s|229100 | 64381 |512619k|2237.5 |  4626M |  74 | 603 |  11 |4551 |  39M|  2 | 146 |   0 |-2.781093e+09 | 9.905380e+02 |    Inf |   1.21%
 9265s|229200 | 64391 |512790k|2237.3 |  4628M |  74 | 603 |  11 |4784 |  39M|  5 | 146 |   0 |-2.781093e+09 | 9.905380e+02 |    Inf |   1.21%
 9269s|229300 | 64423 |513005k|2237.3 |  4631M |  74 | 603 |  11 |5071 |  39M|  3 | 146 |   0 |-2.781093e+09 | 9.905380e+02 |    Inf |   1.21%
 time | node  | left  |LP iter|LP it/n|mem/heur|mdpt |vars |cons |rows |cuts |sepa|confs|strbr|  dualbound   | primalbound  |  gap   | compl. 
 9274s|229400 | 64445 |513254k|2237.4 |  4633M |  74 | 603 |  11 |4388 |  39M|  1 | 146 |   0 |-2.781093e+09 | 9.905380e+02 |    Inf |   1.21%
 9277s|229500 | 64465 |513456k|2237.3 |  4634M |  74 | 603 |  11 |4530 |  39M|  1 | 146 |   0 |-2.781093e+09 | 9.905380e+02 |    Inf |   1.21%
 9282s|229600 | 64489 |513685k|2237.3 |  4636M |  74 | 603 |  11 |4406 |  39M|  2 | 146 |   0 |-2.781093e+09 | 9.905380e+02 |    Inf |   1.21%
 9286s|229700 | 64531 |513917k|2237.4 |  4639M |  74 | 603 |  12 |4009 |  39M|  2 | 147 |   0 |-2.781093e+09 | 9.905380e+02 |    Inf |   1.21%
 9289s|229800 | 64565 |514112k|2237.2 |  4641M |  74 | 603 |  12 |4232 |  39M|  1 | 147 |   0 |-2.781093e+09 | 9.905380e+02 |    Inf |   1.21%
 9294s|229900 | 64597 |514360k|2237.3 |  4645M |  74 | 603 |  12 |4724 |  39M|  0 | 147 |   0 |-2.781093e+09 | 9.905380e+02 |    Inf |   1.21%
 9297s|230000 | 64615 |514547k|2237.2 |  4647M |  74 | 603 |  12 |4344 |  39M|  4 | 147 |   0 |-2.781093e+09 | 9.905380e+02 |    Inf |   1.21%
 9301s|230100 | 64635 |514760k|2237.1 |  4649M |  74 | 603 |  12 |4250 |  39M|  2 | 147 |   0 |-2.781093e+09 | 9.905380e+02 |    Inf |   1.21%
 9305s|230200 | 64647 |514972k|2237.1 |  4651M |  74 | 603 |  12 |4133 |  39M|  2 | 147 |   0 |-2.781093e+09 | 9.905380e+02 |    Inf |   1.21%
 9309s|230300 | 64673 |515193k|2237.1 |  4651M |  74 | 603 |  12 |4358 |  39M|  3 | 147 |   0 |-2.781093e+09 | 9.905380e+02 |    Inf |   1.21%
 9313s|230400 | 64697 |515427k|2237.1 |  4653M |  74 | 603 |  12 |   0 |  39M|  0 | 147 |   0 |-2.781093e+09 | 9.905380e+02 |    Inf |   1.21%
 9317s|230500 | 64707 |515618k|2237.0 |  4657M |  74 | 603 |  12 |4133 |  39M|  2 | 147 |   0 |-2.781093e+09 | 9.905380e+02 |    Inf |   1.21%
 9321s|230600 | 64709 |515825k|2236.9 |  4658M |  74 | 603 |  12 |4362 |  39M|  2 | 147 |   0 |-2.781093e+09 | 9.905380e+02 |    Inf |   1.21%
 9326s|230700 | 64725 |516069k|2237.0 |  4659M |  74 | 603 |  12 |4391 |  39M|  2 | 147 |   0 |-2.781093e+09 | 9.905380e+02 |    Inf |   1.21%
 9330s|230800 | 64741 |516313k|2237.1 |  4660M |  74 | 603 |  12 |4217 |  39M|  2 | 147 |   0 |-2.781093e+09 | 9.905380e+02 |    Inf |   1.21%
 time | node  | left  |LP iter|LP it/n|mem/heur|mdpt |vars |cons |rows |cuts |sepa|confs|strbr|  dualbound   | primalbound  |  gap   | compl. 
 9334s|230900 | 64747 |516531k|2237.0 |  4661M |  74 | 603 |  12 |4391 |  39M|  2 | 147 |   0 |-2.781093e+09 | 9.905380e+02 |    Inf |   1.21%
 9338s|231000 | 64757 |516737k|2237.0 |  4662M |  74 | 603 |  12 |4346 |  39M|  1 | 147 |   0 |-2.781093e+09 | 9.905380e+02 |    Inf |   1.21%
 9342s|231100 | 64781 |516950k|2236.9 |  4663M |  74 | 603 |  12 |4630 |  39M|  1 | 147 |   0 |-2.781093e+09 | 9.905380e+02 |    Inf |   1.21%
 9346s|231200 | 64793 |517137k|2236.8 |  4665M |  74 | 603 |  12 |   0 |  39M|  0 | 147 |   0 |-2.781093e+09 | 9.905380e+02 |    Inf |   1.21%
 9350s|231300 | 64805 |517350k|2236.7 |  4666M |  74 | 603 |  12 |4121 |  39M|  1 | 147 |   0 |-2.781093e+09 | 9.905380e+02 |    Inf |   1.21%
 9354s|231400 | 64835 |517573k|2236.7 |  4667M |  74 | 603 |  13 |   0 |  39M|  0 | 148 |   0 |-2.781093e+09 | 9.905380e+02 |    Inf |   1.21%
 9358s|231500 | 64833 |517759k|2236.6 |  4669M |  74 | 603 |  13 |4238 |  39M|  2 | 148 |   0 |-2.781093e+09 | 9.905380e+02 |    Inf |   1.21%
 9362s|231600 | 64833 |517985k|2236.6 |  4669M |  74 | 603 |  13 |   0 |  39M|  0 | 148 |   0 |-2.781093e+09 | 9.905380e+02 |    Inf |   1.21%
 9366s|231700 | 64841 |518207k|2236.6 |  4670M |  74 | 603 |  13 |4353 |  39M|  1 | 148 |   0 |-2.781093e+09 | 9.905380e+02 |    Inf |   1.21%
 9370s|231800 | 64861 |518413k|2236.5 |  4673M |  74 | 603 |  13 |3902 |  39M|  3 | 148 |   0 |-2.781093e+09 | 9.905380e+02 |    Inf |   1.21%
 9374s|231900 | 64883 |518619k|2236.4 |  4674M |  74 | 603 |  13 |4524 |  39M|  2 | 148 |   0 |-2.781093e+09 | 9.905380e+02 |    Inf |   1.21%
 9378s|232000 | 64909 |518840k|2236.4 |  4676M |  74 | 603 |  14 |3936 |  39M|  3 | 149 |   0 |-2.781093e+09 | 9.905380e+02 |    Inf |   1.21%
 9381s|232100 | 64919 |518998k|2236.1 |  4677M |  74 | 603 |  14 |3782 |  39M|  2 | 149 |   0 |-2.781093e+09 | 9.905380e+02 |    Inf |   1.21%
 9385s|232200 | 64985 |519266k|2236.3 |  4680M |  74 | 603 |  14 |4616 |  39M|  2 | 149 |   0 |-2.781093e+09 | 9.905380e+02 |    Inf |   1.21%
 9390s|232300 | 65017 |519551k|2236.6 |  4682M |  74 | 603 |  14 |4405 |  39M|  0 | 149 |   0 |-2.781093e+09 | 9.905380e+02 |    Inf |   1.21%
 time | node  | left  |LP iter|LP it/n|mem/heur|mdpt |vars |cons |rows |cuts |sepa|confs|strbr|  dualbound   | primalbound  |  gap   | compl. 
 9395s|232400 | 65025 |519777k|2236.6 |  4683M |  74 | 603 |  14 |4277 |  39M|  2 | 149 |   0 |-2.781093e+09 | 9.905380e+02 |    Inf |   1.21%
 9399s|232500 | 65045 |519999k|2236.6 |  4686M |  74 | 603 |  14 |4741 |  39M|  6 | 149 |   0 |-2.781093e+09 | 9.905380e+02 |    Inf |   1.21%
 9403s|232600 | 65065 |520227k|2236.6 |  4687M |  74 | 603 |  14 |4439 |  39M|  2 | 149 |   0 |-2.781093e+09 | 9.905380e+02 |    Inf |   1.21%
 9407s|232700 | 65095 |520445k|2236.6 |  4689M |  74 | 603 |  14 |4452 |  39M|  2 | 149 |   0 |-2.781093e+09 | 9.905380e+02 |    Inf |   1.21%
 9411s|232800 | 65125 |520677k|2236.6 |  4692M |  74 | 603 |  14 |4413 |  39M|  2 | 149 |   0 |-2.781093e+09 | 9.905380e+02 |    Inf |   1.21%
 9415s|232900 | 65153 |520910k|2236.6 |  4694M |  74 | 603 |  14 |4402 |  39M|  2 | 149 |   0 |-2.781093e+09 | 9.905380e+02 |    Inf |   1.21%
 9419s|233000 | 65187 |521112k|2236.5 |  4696M |  74 | 603 |  13 |4076 |  39M|  2 | 149 |   0 |-2.781093e+09 | 9.905380e+02 |    Inf |   1.21%
 9422s|233100 | 65199 |521288k|2236.3 |  4698M |  74 | 603 |  13 |4005 |  39M|  2 | 149 |   0 |-2.781093e+09 | 9.905380e+02 |    Inf |   1.21%
 9426s|233200 | 65193 |521455k|2236.1 |  4698M |  74 | 603 |  13 |4172 |  39M|  2 | 149 |   0 |-2.781093e+09 | 9.905380e+02 |    Inf |   1.21%
 9429s|233300 | 65203 |521627k|2235.9 |  4700M |  74 | 603 |  13 |   0 |  39M|  0 | 149 |   0 |-2.781093e+09 | 9.905380e+02 |    Inf |   1.21%
 9433s|233400 | 65245 |521855k|2235.9 |  4703M |  74 | 603 |  13 |4087 |  39M|  1 | 149 |   0 |-2.781093e+09 | 9.905380e+02 |    Inf |   1.21%
 9438s|233500 | 65287 |522157k|2236.2 |  4707M |  74 | 603 |  12 |4939 |  39M|  1 | 149 |   0 |-2.781093e+09 | 9.905380e+02 |    Inf |   1.21%
 9442s|233600 | 65321 |522405k|2236.3 |  4709M |  74 | 603 |  12 |4323 |  39M|  2 | 149 |   0 |-2.781093e+09 | 9.905380e+02 |    Inf |   1.21%
 9447s|233700 | 65335 |522620k|2236.3 |  4712M |  74 | 603 |  11 |4771 |  39M|  0 | 149 |   0 |-2.781093e+09 | 9.905380e+02 |    Inf |   1.21%
 9451s|233800 | 65353 |522848k|2236.3 |  4714M |  74 | 603 |  10 |4495 |  39M|  2 | 149 |   0 |-2.781093e+09 | 9.905380e+02 |    Inf |   1.21%
 time | node  | left  |LP iter|LP it/n|mem/heur|mdpt |vars |cons |rows |cuts |sepa|confs|strbr|  dualbound   | primalbound  |  gap   | compl. 
 9455s|233900 | 65367 |523079k|2236.3 |  4715M |  74 | 603 |  10 |4268 |  39M|  1 | 150 |   0 |-2.781093e+09 | 9.905380e+02 |    Inf |   1.21%
 9459s|234000 | 65377 |523280k|2236.3 |  4715M |  74 | 603 |  10 |4454 |  40M|  2 | 150 |   0 |-2.781093e+09 | 9.905380e+02 |    Inf |   1.21%
 9464s|234100 | 65399 |523562k|2236.5 |  4720M |  74 | 603 |  10 |5050 |  40M|  2 | 150 |   0 |-2.781093e+09 | 9.905380e+02 |    Inf |   1.21%
 9469s|234200 | 65419 |523755k|2236.4 |  4722M |  74 | 603 |  10 |4260 |  40M|  2 | 150 |   0 |-2.781093e+09 | 9.905380e+02 |    Inf |   1.21%
 9473s|234300 | 65439 |523991k|2236.4 |  4724M |  74 | 603 |  10 |4623 |  40M|  2 | 150 |   0 |-2.781093e+09 | 9.905380e+02 |    Inf |   1.21%
 9478s|234400 | 65439 |524229k|2236.5 |  4726M |  74 | 603 |  10 |4548 |  40M|  2 | 150 |   0 |-2.781093e+09 | 9.905380e+02 |    Inf |   1.21%
 9482s|234500 | 65465 |524434k|2236.4 |  4728M |  74 | 603 |  10 |4322 |  40M|  2 | 150 |   0 |-2.781093e+09 | 9.905380e+02 |    Inf |   1.21%
 9486s|234600 | 65467 |524642k|2236.3 |  4728M |  74 | 603 |  10 |4185 |  40M|  2 | 150 |   0 |-2.781093e+09 | 9.905380e+02 |    Inf |   1.21%
 9490s|234700 | 65481 |524840k|2236.2 |  4729M |  74 | 603 |   9 |3855 |  40M|  2 | 150 |   0 |-2.781093e+09 | 9.905380e+02 |    Inf |   1.21%
 9494s|234800 | 65513 |525080k|2236.3 |  4730M |  74 | 603 |   9 |4119 |  40M|  1 | 150 |   0 |-2.781093e+09 | 9.905380e+02 |    Inf |   1.21%
 9498s|234900 | 65525 |525282k|2236.2 |  4733M |  74 | 603 |   9 |4561 |  40M|  2 | 150 |   0 |-2.781093e+09 | 9.905380e+02 |    Inf |   1.21%
 9503s|235000 | 65535 |525525k|2236.3 |  4735M |  74 | 603 |   9 |3436 |  40M|  2 | 150 |   0 |-2.781093e+09 | 9.905380e+02 |    Inf |   1.21%
 9507s|235100 | 65603 |525755k|2236.3 |  4736M |  74 | 603 |   9 |3899 |  40M|  2 | 150 |   0 |-2.781093e+09 | 9.905380e+02 |    Inf |   1.21%
 9510s|235200 | 65657 |525965k|2236.3 |  4740M |  74 | 603 |   9 |3815 |  40M|  2 | 150 |   0 |-2.781093e+09 | 9.905380e+02 |    Inf |   1.21%
 9514s|235300 | 65693 |526211k|2236.4 |  4746M |  74 | 603 |   9 |3866 |  40M|  2 | 150 |   0 |-2.781093e+09 | 9.905380e+02 |    Inf |   1.21%
 time | node  | left  |LP iter|LP it/n|mem/heur|mdpt |vars |cons |rows |cuts |sepa|confs|strbr|  dualbound   | primalbound  |  gap   | compl. 
 9518s|235400 | 65719 |526401k|2236.2 |  4748M |  74 | 603 |   9 |4391 |  40M|  2 | 150 |   0 |-2.781093e+09 | 9.905380e+02 |    Inf |   1.21%
 9522s|235500 | 65739 |526590k|2236.1 |  4749M |  74 | 603 |   9 |4327 |  40M|  1 | 150 |   0 |-2.781093e+09 | 9.905380e+02 |    Inf |   1.21%
 9525s|235600 | 65759 |526770k|2235.9 |  4752M |  74 | 603 |   9 |4445 |  40M|  3 | 150 |   0 |-2.781093e+09 | 9.905380e+02 |    Inf |   1.21%
 9530s|235700 | 65777 |527001k|2235.9 |  4755M |  74 | 603 |   9 |4057 |  40M|  1 | 150 |   0 |-2.781093e+09 | 9.905380e+02 |    Inf |   1.21%
 9533s|235800 | 65799 |527202k|2235.8 |  4756M |  74 | 603 |   9 |3928 |  40M|  0 | 150 |   0 |-2.781093e+09 | 9.905380e+02 |    Inf |   1.21%
 9537s|235900 | 65831 |527412k|2235.8 |  4757M |  74 | 603 |   9 |4409 |  40M|  1 | 150 |   0 |-2.781093e+09 | 9.905380e+02 |    Inf |   1.21%
 9541s|236000 | 65861 |527631k|2235.7 |  4764M |  74 | 603 |   9 |4747 |  40M|  1 | 150 |   0 |-2.781093e+09 | 9.905380e+02 |    Inf |   1.21%
 9546s|236100 | 65869 |527839k|2235.7 |  4765M |  74 | 603 |   9 |4630 |  40M|  6 | 150 |   0 |-2.781093e+09 | 9.905380e+02 |    Inf |   1.21%
 9550s|236200 | 65893 |528112k|2235.9 |  4765M |  74 | 603 |   9 |4255 |  40M|  1 | 150 |   0 |-2.781093e+09 | 9.905380e+02 |    Inf |   1.21%
 9553s|236300 | 65921 |528292k|2235.7 |  4765M |  74 | 603 |   9 |4205 |  40M|  2 | 150 |   0 |-2.781093e+09 | 9.905380e+02 |    Inf |   1.21%
 9557s|236400 | 65949 |528516k|2235.7 |  4768M |  74 | 603 |   9 |4595 |  40M|  2 | 150 |   0 |-2.781093e+09 | 9.905380e+02 |    Inf |   1.21%
 9562s|236500 | 65975 |528753k|2235.8 |  4772M |  74 | 603 |   9 |   0 |  40M|  0 | 150 |   0 |-2.781093e+09 | 9.905380e+02 |    Inf |   1.21%
 9566s|236600 | 65999 |528978k|2235.8 |  4773M |  74 | 603 |   9 |   0 |  40M|  0 | 150 |   0 |-2.781093e+09 | 9.905380e+02 |    Inf |   1.21%
 9570s|236700 | 66011 |529172k|2235.6 |  4774M |  74 | 603 |   9 |4382 |  40M|  3 | 150 |   0 |-2.781093e+09 | 9.905380e+02 |    Inf |   1.21%
 9574s|236800 | 66011 |529372k|2235.5 |  4775M |  74 | 603 |   9 |4597 |  40M|  2 | 150 |   0 |-2.781093e+09 | 9.905380e+02 |    Inf |   1.21%
 time | node  | left  |LP iter|LP it/n|mem/heur|mdpt |vars |cons |rows |cuts |sepa|confs|strbr|  dualbound   | primalbound  |  gap   | compl. 
 9578s|236900 | 66033 |529631k|2235.7 |  4780M |  74 | 603 |  10 |4368 |  40M|  2 | 151 |   0 |-2.781093e+09 | 9.905380e+02 |    Inf |   1.21%
 9583s|237000 | 66035 |529838k|2235.6 |  4782M |  74 | 603 |  10 |4072 |  40M|  4 | 151 |   0 |-2.781093e+09 | 9.905380e+02 |    Inf |   1.21%
 9586s|237100 | 66067 |530039k|2235.5 |  4785M |  74 | 603 |  10 |4337 |  40M|  2 | 151 |   0 |-2.781093e+09 | 9.905380e+02 |    Inf |   1.21%
 9591s|237200 | 66079 |530286k|2235.6 |  4786M |  74 | 603 |  11 |4219 |  40M|  3 | 152 |   0 |-2.781093e+09 | 9.905380e+02 |    Inf |   1.21%
 9595s|237300 | 66099 |530504k|2235.6 |  4790M |  74 | 603 |  11 |4433 |  40M|  2 | 152 |   0 |-2.781093e+09 | 9.905380e+02 |    Inf |   1.21%
 9599s|237400 | 66121 |530735k|2235.6 |  4793M |  74 | 603 |  11 |4160 |  40M|  3 | 152 |   0 |-2.781093e+09 | 9.905380e+02 |    Inf |   1.21%
 9604s|237500 | 66153 |530959k|2235.6 |  4795M |  74 | 603 |  11 |3914 |  40M|  2 | 152 |   0 |-2.781093e+09 | 9.905380e+02 |    Inf |   1.21%
 9607s|237600 | 66179 |531131k|2235.4 |  4795M |  74 | 603 |  12 |4090 |  40M|  3 | 153 |   0 |-2.781093e+09 | 9.905380e+02 |    Inf |   1.21%
 9611s|237700 | 66199 |531340k|2235.3 |  4798M |  74 | 603 |  12 |4167 |  40M|  1 | 153 |   0 |-2.781093e+09 | 9.905380e+02 |    Inf |   1.21%
 9615s|237800 | 66221 |531526k|2235.2 |  4799M |  74 | 603 |  12 |4107 |  40M|  2 | 153 |   0 |-2.781093e+09 | 9.905380e+02 |    Inf |   1.21%
 9619s|237900 | 66253 |531769k|2235.3 |  4803M |  74 | 603 |  12 |4259 |  40M|  1 | 153 |   0 |-2.781093e+09 | 9.905380e+02 |    Inf |   1.21%
 9623s|238000 | 66271 |531973k|2235.2 |  4805M |  74 | 603 |  12 |4361 |  40M|  2 | 153 |   0 |-2.781093e+09 | 9.905380e+02 |    Inf |   1.21%
 9626s|238100 | 66279 |532162k|2235.0 |  4806M |  74 | 603 |  12 |4272 |  40M|  2 | 153 |   0 |-2.781093e+09 | 9.905380e+02 |    Inf |   1.21%
 9630s|238200 | 66313 |532384k|2235.0 |  4810M |  74 | 603 |  12 |4254 |  40M|  1 | 153 |   0 |-2.781093e+09 | 9.905380e+02 |    Inf |   1.21%
 9634s|238300 | 66327 |532590k|2235.0 |  4815M |  74 | 603 |  12 |   0 |  40M|  0 | 153 |   0 |-2.781093e+09 | 9.905380e+02 |    Inf |   1.21%
 time | node  | left  |LP iter|LP it/n|mem/heur|mdpt |vars |cons |rows |cuts |sepa|confs|strbr|  dualbound   | primalbound  |  gap   | compl. 
 9638s|238400 | 66337 |532807k|2234.9 |  4815M |  74 | 603 |  12 |3992 |  40M|  2 | 153 |   0 |-2.781093e+09 | 9.905380e+02 |    Inf |   1.21%
 9642s|238500 | 66333 |532981k|2234.7 |  4816M |  74 | 603 |  12 |4350 |  40M|  1 | 153 |   0 |-2.781093e+09 | 9.905380e+02 |    Inf |   1.21%
 9646s|238600 | 66343 |533205k|2234.7 |  4817M |  74 | 603 |  12 |4867 |  40M|  3 | 153 |   0 |-2.781093e+09 | 9.905380e+02 |    Inf |   1.21%
 9650s|238700 | 66359 |533419k|2234.7 |  4817M |  74 | 603 |  12 |4166 |  40M|  2 | 153 |   0 |-2.781093e+09 | 9.905380e+02 |    Inf |   1.21%
 9655s|238800 | 66373 |533636k|2234.7 |  4819M |  74 | 603 |  12 |4124 |  40M|  2 | 153 |   0 |-2.781093e+09 | 9.905380e+02 |    Inf |   1.21%
 9659s|238900 | 66387 |533855k|2234.6 |  4822M |  74 | 603 |  12 |4565 |  40M|  5 | 153 |   0 |-2.781093e+09 | 9.905380e+02 |    Inf |   1.21%
 9663s|239000 | 66415 |534071k|2234.6 |  4824M |  74 | 603 |  12 |4690 |  40M|  1 | 153 |   0 |-2.781093e+09 | 9.905380e+02 |    Inf |   1.21%
 9668s|239100 | 66437 |534300k|2234.6 |  4824M |  74 | 603 |  12 |4095 |  40M|  1 | 153 |   0 |-2.781093e+09 | 9.905380e+02 |    Inf |   1.21%
 9672s|239200 | 66469 |534518k|2234.6 |  4827M |  74 | 603 |  12 |3895 |  40M|  2 | 153 |   0 |-2.781093e+09 | 9.905380e+02 |    Inf |   1.21%
 9676s|239300 | 66503 |534756k|2234.7 |  4829M |  74 | 603 |  12 |4067 |  40M|  2 | 153 |   0 |-2.781093e+09 | 9.905380e+02 |    Inf |   1.21%
 9680s|239400 | 66529 |534987k|2234.7 |  4829M |  74 | 603 |  12 |   0 |  41M|  0 | 153 |   0 |-2.781093e+09 | 9.905380e+02 |    Inf |   1.21%
 9684s|239500 | 66559 |535214k|2234.7 |  4833M |  74 | 603 |  12 |4260 |  41M|  2 | 153 |   0 |-2.781093e+09 | 9.905380e+02 |    Inf |   1.21%
 9688s|239600 | 66593 |535445k|2234.8 |  4836M |  74 | 603 |  12 |4317 |  41M|  1 | 153 |   0 |-2.781093e+09 | 9.905380e+02 |    Inf |   1.21%
 9692s|239700 | 66601 |535668k|2234.8 |  4838M |  74 | 603 |  12 |   0 |  41M|  0 | 153 |   0 |-2.781093e+09 | 9.905380e+02 |    Inf |   1.21%
 9696s|239800 | 66617 |535870k|2234.7 |  4838M |  74 | 603 |  12 |4232 |  41M|  2 | 153 |   0 |-2.781093e+09 | 9.905380e+02 |    Inf |   1.21%
 time | node  | left  |LP iter|LP it/n|mem/heur|mdpt |vars |cons |rows |cuts |sepa|confs|strbr|  dualbound   | primalbound  |  gap   | compl. 
 9700s|239900 | 66657 |536113k|2234.7 |  4840M |  74 | 603 |  12 |4524 |  41M|  1 | 153 |   0 |-2.781093e+09 | 9.905380e+02 |    Inf |   1.21%
 9704s|240000 | 66681 |536328k|2234.7 |  4842M |  74 | 603 |  12 |4632 |  41M|  2 | 153 |   0 |-2.781093e+09 | 9.905380e+02 |    Inf |   1.21%
 9709s|240100 | 66685 |536533k|2234.6 |  4849M |  74 | 603 |  12 |4453 |  41M|  1 | 153 |   0 |-2.781093e+09 | 9.905380e+02 |    Inf |   1.21%
 9713s|240200 | 66695 |536742k|2234.6 |  4850M |  74 | 603 |  12 |4713 |  41M|  3 | 153 |   0 |-2.781093e+09 | 9.905380e+02 |    Inf |   1.21%
 9717s|240300 | 66709 |536961k|2234.6 |  4851M |  74 | 603 |  12 |4941 |  41M|  1 | 153 |   0 |-2.781093e+09 | 9.905380e+02 |    Inf |   1.21%
 9721s|240400 | 66729 |537192k|2234.6 |  4852M |  74 | 603 |  12 |3994 |  41M|  2 | 154 |   0 |-2.781093e+09 | 9.905380e+02 |    Inf |   1.21%
 9725s|240500 | 66747 |537368k|2234.4 |  4854M |  74 | 603 |  12 |4139 |  41M|  1 | 154 |   0 |-2.781093e+09 | 9.905380e+02 |    Inf |   1.21%
 9729s|240600 | 66771 |537595k|2234.4 |  4856M |  74 | 603 |  12 |4307 |  41M|  6 | 154 |   0 |-2.781093e+09 | 9.905380e+02 |    Inf |   1.21%
 9733s|240700 | 66787 |537831k|2234.5 |  4858M |  74 | 603 |  12 |3649 |  41M|  1 | 154 |   0 |-2.781093e+09 | 9.905380e+02 |    Inf |   1.21%
 9737s|240800 | 66807 |538061k|2234.5 |  4860M |  74 | 603 |  12 |4411 |  41M|  2 | 154 |   0 |-2.781093e+09 | 9.905380e+02 |    Inf |   1.21%
 9742s|240900 | 66823 |538300k|2234.5 |  4862M |  74 | 603 |  12 |4391 |  41M|  1 | 154 |   0 |-2.781093e+09 | 9.905380e+02 |    Inf |   1.21%
 9746s|241000 | 66855 |538522k|2234.5 |  4866M |  74 | 603 |  12 |4532 |  41M|  2 | 154 |   0 |-2.781093e+09 | 9.905380e+02 |    Inf |   1.21%
 9750s|241100 | 66863 |538709k|2234.4 |  4866M |  74 | 603 |  12 |4392 |  41M|  2 | 154 |   0 |-2.781093e+09 | 9.905380e+02 |    Inf |   1.21%
 9754s|241200 | 66899 |538972k|2234.6 |  4868M |  74 | 603 |  12 |4726 |  41M|  1 | 154 |   0 |-2.781093e+09 | 9.905380e+02 |    Inf |   1.21%
 9758s|241300 | 66929 |539187k|2234.5 |  4868M |  74 | 603 |  12 |4112 |  41M|  3 | 154 |   0 |-2.781093e+09 | 9.905380e+02 |    Inf |   1.21%
 time | node  | left  |LP iter|LP it/n|mem/heur|mdpt |vars |cons |rows |cuts |sepa|confs|strbr|  dualbound   | primalbound  |  gap   | compl. 
 9763s|241400 | 66945 |539419k|2234.6 |  4870M |  74 | 603 |  12 |4571 |  41M|  1 | 154 |   0 |-2.781093e+09 | 9.905380e+02 |    Inf |   1.21%
 9768s|241500 | 66955 |539660k|2234.6 |  4870M |  74 | 603 |  12 |4570 |  41M|  0 | 154 |   0 |-2.781093e+09 | 9.905380e+02 |    Inf |   1.21%
 9773s|241600 | 66961 |539940k|2234.9 |  4871M |  74 | 603 |  12 |4744 |  41M|  2 | 154 |   0 |-2.781093e+09 | 9.905380e+02 |    Inf |   1.21%
 9776s|241700 | 66991 |540133k|2234.7 |  4873M |  74 | 603 |  12 |4154 |  41M|  2 | 154 |   0 |-2.781093e+09 | 9.905380e+02 |    Inf |   1.21%
 9780s|241800 | 67005 |540336k|2234.7 |  4874M |  74 | 603 |  12 |3953 |  41M|  2 | 154 |   0 |-2.781093e+09 | 9.905380e+02 |    Inf |   1.21%
 9784s|241900 | 67025 |540528k|2234.5 |  4876M |  74 | 603 |  12 |4274 |  41M|  2 | 154 |   0 |-2.781093e+09 | 9.905380e+02 |    Inf |   1.21%
 9788s|242000 | 67045 |540756k|2234.5 |  4880M |  74 | 603 |  12 |4747 |  41M|  2 | 154 |   0 |-2.781093e+09 | 9.905380e+02 |    Inf |   1.21%
 9792s|242100 | 67079 |540978k|2234.5 |  4883M |  74 | 603 |  12 |4967 |  41M|  2 | 155 |   0 |-2.781093e+09 | 9.905380e+02 |    Inf |   1.21%
 9797s|242200 | 67079 |541176k|2234.4 |  4886M |  74 | 603 |  12 |5416 |  41M|  7 | 155 |   0 |-2.781093e+09 | 9.905380e+02 |    Inf |   1.21%
 9801s|242300 | 67103 |541392k|2234.4 |  4887M |  74 | 603 |  12 |   0 |  41M|  0 | 155 |   0 |-2.781093e+09 | 9.905380e+02 |    Inf |   1.21%
 9805s|242400 | 67105 |541615k|2234.4 |  4888M |  74 | 603 |  12 |4517 |  41M|  2 | 155 |   0 |-2.781093e+09 | 9.905380e+02 |    Inf |   1.21%
 9809s|242500 | 67125 |541828k|2234.4 |  4889M |  74 | 603 |  12 |4282 |  41M|  2 | 155 |   0 |-2.781093e+09 | 9.905380e+02 |    Inf |   1.21%
 9813s|242600 | 67137 |542041k|2234.3 |  4889M |  74 | 603 |  12 |3997 |  41M|  2 | 155 |   0 |-2.781093e+09 | 9.905380e+02 |    Inf |   1.21%
 9817s|242700 | 67171 |542234k|2234.2 |  4892M |  74 | 603 |  12 |4256 |  41M|  2 | 155 |   0 |-2.781093e+09 | 9.905380e+02 |    Inf |   1.21%
 9821s|242800 | 67205 |542462k|2234.2 |  4894M |  74 | 603 |  12 |4388 |  41M|  3 | 155 |   0 |-2.781093e+09 | 9.905380e+02 |    Inf |   1.21%
 time | node  | left  |LP iter|LP it/n|mem/heur|mdpt |vars |cons |rows |cuts |sepa|confs|strbr|  dualbound   | primalbound  |  gap   | compl. 
 9824s|242900 | 67217 |542665k|2234.1 |  4895M |  74 | 603 |  12 |4528 |  41M|  2 | 155 |   0 |-2.781093e+09 | 9.905380e+02 |    Inf |   1.21%
 9829s|243000 | 67241 |542895k|2234.1 |  4899M |  74 | 603 |  12 |   0 |  41M|  0 | 155 |   0 |-2.781093e+09 | 9.905380e+02 |    Inf |   1.21%
 9832s|243100 | 67261 |543090k|2234.0 |  4901M |  74 | 603 |  12 |4189 |  41M|  2 | 155 |   0 |-2.781093e+09 | 9.905380e+02 |    Inf |   1.21%
 9836s|243200 | 67267 |543284k|2233.9 |  4903M |  74 | 603 |  12 |4307 |  41M|  2 | 155 |   0 |-2.781093e+09 | 9.905380e+02 |    Inf |   1.21%
 9841s|243300 | 67277 |543505k|2233.9 |  4903M |  74 | 603 |  12 |   0 |  41M|  0 | 156 |   0 |-2.781093e+09 | 9.905380e+02 |    Inf |   1.21%
 9845s|243400 | 67303 |543733k|2233.9 |  4906M |  74 | 603 |  12 |3979 |  41M|  2 | 156 |   0 |-2.781093e+09 | 9.905380e+02 |    Inf |   1.21%
 9849s|243500 | 67331 |543982k|2234.0 |  4909M |  74 | 603 |  12 |4334 |  41M|  1 | 156 |   0 |-2.781093e+09 | 9.905380e+02 |    Inf |   1.21%
 9854s|243600 | 67349 |544235k|2234.1 |  4910M |  74 | 603 |  12 |4260 |  41M|  2 | 156 |   0 |-2.781093e+09 | 9.905380e+02 |    Inf |   1.21%
 9858s|243700 | 67377 |544443k|2234.1 |  4911M |  74 | 603 |  12 |4372 |  41M|  2 | 156 |   0 |-2.781093e+09 | 9.905380e+02 |    Inf |   1.21%
 9862s|243800 | 67403 |544666k|2234.1 |  4915M |  74 | 603 |  12 |4552 |  41M|  2 | 156 |   0 |-2.781093e+09 | 9.905380e+02 |    Inf |   1.21%
 9866s|243900 | 67421 |544869k|2234.0 |  4917M |  74 | 603 |  12 |4010 |  41M|  3 | 156 |   0 |-2.781093e+09 | 9.905380e+02 |    Inf |   1.21%
 9871s|244000 | 67435 |545128k|2234.1 |  4919M |  74 | 603 |  12 |4728 |  41M|  1 | 156 |   0 |-2.781093e+09 | 9.905380e+02 |    Inf |   1.21%
 9875s|244100 | 67461 |545364k|2234.2 |  4922M |  74 | 603 |  12 |   0 |  41M|  0 | 156 |   0 |-2.781093e+09 | 9.905380e+02 |    Inf |   1.21%
 9879s|244200 | 67489 |545611k|2234.3 |  4925M |  74 | 603 |  12 |4858 |  41M|  1 | 156 |   0 |-2.781093e+09 | 9.905380e+02 |    Inf |   1.21%
 9885s|244300 | 67499 |545901k|2234.6 |  4926M |  74 | 603 |  12 |4858 |  41M|  2 | 156 |   0 |-2.781093e+09 | 9.905380e+02 |    Inf |   1.21%
 time | node  | left  |LP iter|LP it/n|mem/heur|mdpt |vars |cons |rows |cuts |sepa|confs|strbr|  dualbound   | primalbound  |  gap   | compl. 
 9889s|244400 | 67505 |546119k|2234.5 |  4928M |  74 | 603 |  12 |4455 |  41M|  2 | 156 |   0 |-2.781093e+09 | 9.905380e+02 |    Inf |   1.21%
 9893s|244500 | 67519 |546336k|2234.5 |  4931M |  74 | 603 |  12 |4021 |  41M|  1 | 156 |   0 |-2.781093e+09 | 9.905380e+02 |    Inf |   1.21%
 9898s|244600 | 67533 |546584k|2234.6 |  4933M |  74 | 603 |  12 |4445 |  41M|  2 | 156 |   0 |-2.781093e+09 | 9.905380e+02 |    Inf |   1.21%
 9903s|244700 | 67547 |546811k|2234.6 |  4936M |  74 | 603 |  12 |4727 |  41M|  2 | 156 |   0 |-2.781093e+09 | 9.905380e+02 |    Inf |   1.21%
 9907s|244800 | 67571 |547038k|2234.6 |  4939M |  74 | 603 |  12 |   0 |  41M|  0 | 156 |   0 |-2.781093e+09 | 9.905380e+02 |    Inf |   1.21%
 9911s|244900 | 67591 |547267k|2234.7 |  4942M |  74 | 603 |  12 |   0 |  41M|  0 | 156 |   0 |-2.781093e+09 | 9.905380e+02 |    Inf |   1.21%
 9915s|245000 | 67615 |547527k|2234.8 |  4947M |  74 | 603 |  12 |4164 |  42M|  2 | 156 |   0 |-2.781093e+09 | 9.905380e+02 |    Inf |   1.21%
 9919s|245100 | 67651 |547721k|2234.7 |  4949M |  74 | 603 |  12 |4555 |  42M|  3 | 156 |   0 |-2.781093e+09 | 9.905380e+02 |    Inf |   1.21%
 9923s|245200 | 67671 |547938k|2234.7 |  4952M |  74 | 603 |  12 |4065 |  42M|  1 | 156 |   0 |-2.781093e+09 | 9.905380e+02 |    Inf |   1.21%
 9927s|245300 | 67689 |548123k|2234.5 |  4952M |  74 | 603 |  12 |4585 |  42M|  2 | 156 |   0 |-2.781093e+09 | 9.905380e+02 |    Inf |   1.21%
 9931s|245400 | 67715 |548336k|2234.5 |  4954M |  74 | 603 |  12 |3778 |  42M|  2 | 156 |   0 |-2.781093e+09 | 9.905380e+02 |    Inf |   1.21%
 9935s|245500 | 67731 |548540k|2234.4 |  4956M |  74 | 603 |  12 |   0 |  42M|  0 | 156 |   0 |-2.781093e+09 | 9.905380e+02 |    Inf |   1.21%
 9939s|245600 | 67745 |548770k|2234.4 |  4957M |  74 | 603 |  12 |4393 |  42M|  2 | 156 |   0 |-2.781093e+09 | 9.905380e+02 |    Inf |   1.21%
 9944s|245700 | 67765 |549021k|2234.5 |  4959M |  74 | 603 |  12 |4259 |  42M|  2 | 157 |   0 |-2.781093e+09 | 9.905380e+02 |    Inf |   1.21%
 9948s|245800 | 67791 |549254k|2234.6 |  4961M |  74 | 603 |  12 |4226 |  42M|  3 | 157 |   0 |-2.781093e+09 | 9.905380e+02 |    Inf |   1.21%
 time | node  | left  |LP iter|LP it/n|mem/heur|mdpt |vars |cons |rows |cuts |sepa|confs|strbr|  dualbound   | primalbound  |  gap   | compl. 
 9953s|245900 | 67813 |549499k|2234.7 |  4963M |  74 | 603 |  12 |4627 |  42M|  2 | 157 |   0 |-2.781093e+09 | 9.905380e+02 |    Inf |   1.21%
 9957s|246000 | 67819 |549723k|2234.7 |  4963M |  74 | 603 |  12 |4175 |  42M|  2 | 157 |   0 |-2.781093e+09 | 9.905380e+02 |    Inf |   1.21%
 9960s|246100 | 67825 |549888k|2234.4 |  4964M |  74 | 603 |  12 |4227 |  42M|  1 | 157 |   0 |-2.781093e+09 | 9.905380e+02 |    Inf |   1.21%
 9964s|246200 | 67837 |550092k|2234.3 |  4965M |  74 | 603 |  12 |4034 |  42M|  2 | 157 |   0 |-2.781093e+09 | 9.905380e+02 |    Inf |   1.21%
 9969s|246300 | 67879 |550366k|2234.5 |  4970M |  74 | 603 |  12 |4426 |  42M|  2 | 157 |   0 |-2.781093e+09 | 9.905380e+02 |    Inf |   1.21%
 9973s|246400 | 67883 |550587k|2234.5 |  4972M |  74 | 603 |  12 |4369 |  42M|  2 | 157 |   0 |-2.781093e+09 | 9.905380e+02 |    Inf |   1.21%
 9977s|246500 | 67913 |550781k|2234.4 |  4974M |  74 | 603 |  12 |4692 |  42M|  2 | 157 |   0 |-2.781093e+09 | 9.905380e+02 |    Inf |   1.21%
 9981s|246600 | 67929 |551006k|2234.4 |  4976M |  74 | 603 |  12 |4468 |  42M|  1 | 157 |   0 |-2.781093e+09 | 9.905380e+02 |    Inf |   1.21%
 9985s|246700 | 67933 |551196k|2234.3 |  4976M |  74 | 603 |  12 |3839 |  42M|  1 | 157 |   0 |-2.781093e+09 | 9.905380e+02 |    Inf |   1.21%
 9989s|246800 | 67937 |551398k|2234.2 |  4979M |  74 | 603 |  12 |4160 |  42M|  2 | 157 |   0 |-2.781093e+09 | 9.905380e+02 |    Inf |   1.21%
 9994s|246900 | 67945 |551623k|2234.2 |  4979M |  74 | 603 |  12 |4066 |  42M|  2 | 157 |   0 |-2.781093e+09 | 9.905380e+02 |    Inf |   1.21%
 9997s|247000 | 67955 |551819k|2234.1 |  4980M |  74 | 603 |  12 |4600 |  42M|  2 | 157 |   0 |-2.781093e+09 | 9.905380e+02 |    Inf |   1.21%
  167m|247100 | 67975 |552004k|2233.9 |  4981M |  74 | 603 |  12 |4171 |  42M|  2 | 157 |   0 |-2.781093e+09 | 9.905380e+02 |    Inf |   1.21%
  167m|247200 | 67995 |552225k|2233.9 |  4983M |  74 | 603 |  12 |4289 |  42M|  3 | 157 |   0 |-2.781093e+09 | 9.905380e+02 |    Inf |   1.21%
  167m|247300 | 68017 |552424k|2233.8 |  4986M |  74 | 603 |  12 |3847 |  42M|  2 | 158 |   0 |-2.781093e+09 | 9.905380e+02 |    Inf |   1.21%
 time | node  | left  |LP iter|LP it/n|mem/heur|mdpt |vars |cons |rows |cuts |sepa|confs|strbr|  dualbound   | primalbound  |  gap   | compl. 
  167m|247400 | 68057 |552644k|2233.8 |  4987M |  74 | 603 |  12 |4216 |  42M|  2 | 158 |   0 |-2.781093e+09 | 9.905380e+02 |    Inf |   1.21%
  167m|247500 | 68071 |552823k|2233.6 |  4988M |  74 | 603 |  12 |4068 |  42M|  2 | 158 |   0 |-2.781093e+09 | 9.905380e+02 |    Inf |   1.21%
  167m|247600 | 68083 |553038k|2233.6 |  4990M |  74 | 603 |  12 |4101 |  42M|  1 | 158 |   0 |-2.781093e+09 | 9.905380e+02 |    Inf |   1.21%
  167m|247700 | 68085 |553241k|2233.5 |  4991M |  74 | 603 |  12 |4398 |  42M|  4 | 158 |   0 |-2.781093e+09 | 9.905380e+02 |    Inf |   1.21%
  167m|247800 | 68113 |553531k|2233.8 |  4996M |  74 | 603 |  12 |4681 |  42M|  2 | 158 |   0 |-2.781093e+09 | 9.905380e+02 |    Inf |   1.21%
  167m|247900 | 68121 |553736k|2233.7 |  4996M |  74 | 603 |  12 |4500 |  42M|  2 | 158 |   0 |-2.781093e+09 | 9.905380e+02 |    Inf |   1.21%
  167m|248000 | 68143 |553987k|2233.8 |  4999M |  74 | 603 |  12 |3950 |  42M|  2 | 158 |   0 |-2.781093e+09 | 9.905380e+02 |    Inf |   1.21%
  167m|248100 | 68159 |554180k|2233.7 |  5002M |  74 | 603 |  12 |4248 |  42M|  2 | 158 |   0 |-2.781093e+09 | 9.905380e+02 |    Inf |   1.21%
  167m|248200 | 68165 |554410k|2233.7 |  5006M |  74 | 603 |  12 |4057 |  42M|  3 | 158 |   0 |-2.781093e+09 | 9.905380e+02 |    Inf |   1.21%
  168m|248300 | 68177 |554585k|2233.5 |  5007M |  74 | 603 |  12 |   0 |  42M|  0 | 158 |   0 |-2.781093e+09 | 9.905380e+02 |    Inf |   1.21%
  168m|248400 | 68193 |554799k|2233.5 |  5009M |  74 | 603 |  12 |4202 |  42M|  1 | 158 |   0 |-2.781093e+09 | 9.905380e+02 |    Inf |   1.21%
  168m|248500 | 68199 |554995k|2233.4 |  5010M |  74 | 603 |  12 |4147 |  42M|  1 | 158 |   0 |-2.781093e+09 | 9.905380e+02 |    Inf |   1.21%
  168m|248600 | 68215 |555207k|2233.3 |  5013M |  74 | 603 |  11 |4195 |  42M|  3 | 158 |   0 |-2.781093e+09 | 9.905380e+02 |    Inf |   1.21%
  168m|248700 | 68237 |555421k|2233.3 |  5015M |  74 | 603 |  11 |3749 |  42M|  2 | 158 |   0 |-2.781093e+09 | 9.905380e+02 |    Inf |   1.21%
  168m|248800 | 68283 |555677k|2233.4 |  5019M |  74 | 603 |  11 |3917 |  42M|  2 | 158 |   0 |-2.781093e+09 | 9.905380e+02 |    Inf |   1.21%
 time | node  | left  |LP iter|LP it/n|mem/heur|mdpt |vars |cons |rows |cuts |sepa|confs|strbr|  dualbound   | primalbound  |  gap   | compl. 
  168m|248900 | 68303 |555883k|2233.4 |  5019M |  74 | 603 |  11 |4166 |  42M|  2 | 158 |   0 |-2.781093e+09 | 9.905380e+02 |    Inf |   1.21%
  168m|249000 | 68323 |556080k|2233.3 |  5023M |  74 | 603 |  11 |4729 |  42M|  2 | 158 |   0 |-2.781093e+09 | 9.905380e+02 |    Inf |   1.21%
  168m|249100 | 68345 |556303k|2233.3 |  5025M |  74 | 603 |  11 |4269 |  42M|  2 | 158 |   0 |-2.781093e+09 | 9.905380e+02 |    Inf |   1.21%
  168m|249200 | 68363 |556538k|2233.3 |  5025M |  74 | 603 |  11 |4383 |  42M|  3 | 158 |   0 |-2.781093e+09 | 9.905380e+02 |    Inf |   1.21%
  168m|249300 | 68375 |556776k|2233.4 |  5027M |  74 | 603 |  11 |4884 |  42M|  2 | 158 |   0 |-2.781093e+09 | 9.905380e+02 |    Inf |   1.21%
  168m|249400 | 68395 |557055k|2233.6 |  5029M |  74 | 603 |  11 |4857 |  42M|  1 | 158 |   0 |-2.781093e+09 | 9.905380e+02 |    Inf |   1.21%
  168m|249500 | 68423 |557260k|2233.5 |  5030M |  74 | 603 |  10 |3618 |  42M|  2 | 158 |   0 |-2.781093e+09 | 9.905380e+02 |    Inf |   1.21%
  168m|249600 | 68443 |557434k|2233.3 |  5031M |  74 | 603 |  10 |4236 |  42M|  1 | 158 |   0 |-2.781093e+09 | 9.905380e+02 |    Inf |   1.21%
  168m|249700 | 68459 |557668k|2233.4 |  5034M |  74 | 603 |  10 |4165 |  42M|  2 | 158 |   0 |-2.781093e+09 | 9.905380e+02 |    Inf |   1.21%
  169m|249800 | 68483 |557902k|2233.4 |  4948M |  74 | 603 |  10 |4218 |  42M|  0 | 158 |   0 |-2.781093e+09 | 9.905380e+02 |    Inf |   1.21%
  169m|249900 | 68483 |558120k|2233.4 |  4950M |  74 | 603 |  10 |4609 |  42M|  1 | 158 |   0 |-2.781093e+09 | 9.905380e+02 |    Inf |   1.21%
  169m|250000 | 68511 |558326k|2233.3 |  4952M |  74 | 603 |  10 |4004 |  42M|  2 | 158 |   0 |-2.781093e+09 | 9.905380e+02 |    Inf |   1.21%
  169m|250100 | 68545 |558590k|2233.5 |  4955M |  74 | 603 |  10 |4078 |  42M|  1 | 158 |   0 |-2.781093e+09 | 9.905380e+02 |    Inf |   1.21%
  169m|250200 | 68571 |558826k|2233.5 |  4957M |  74 | 603 |  10 |4370 |  42M|  1 | 158 |   0 |-2.781093e+09 | 9.905380e+02 |    Inf |   1.21%
  169m|250300 | 68587 |559038k|2233.5 |  4959M |  74 | 603 |  10 |   0 |  42M|  0 | 158 |   0 |-2.781093e+09 | 9.905380e+02 |    Inf |   1.21%
 time | node  | left  |LP iter|LP it/n|mem/heur|mdpt |vars |cons |rows |cuts |sepa|confs|strbr|  dualbound   | primalbound  |  gap   | compl. 
  169m|250400 | 68619 |559288k|2233.6 |  4960M |  74 | 603 |  10 |4692 |  42M|  1 | 158 |   0 |-2.781093e+09 | 9.905380e+02 |    Inf |   1.21%
  169m|250500 | 68653 |559530k|2233.7 |  4962M |  74 | 603 |  10 |4065 |  43M|  2 | 158 |   0 |-2.781093e+09 | 9.905380e+02 |    Inf |   1.21%
  169m|250600 | 68675 |559742k|2233.6 |  4964M |  74 | 603 |  10 |4410 |  43M|  2 | 158 |   0 |-2.781093e+09 | 9.905380e+02 |    Inf |   1.21%
  169m|250700 | 68689 |559940k|2233.5 |  4966M |  74 | 603 |  10 |4774 |  43M|  2 | 158 |   0 |-2.781093e+09 | 9.905380e+02 |    Inf |   1.21%
  169m|250800 | 68723 |560158k|2233.5 |  4967M |  74 | 603 |  10 |4317 |  43M|  2 | 158 |   0 |-2.781093e+09 | 9.905380e+02 |    Inf |   1.21%
  169m|250900 | 68743 |560381k|2233.5 |  4969M |  74 | 603 |  10 |5714 |  43M|  2 | 158 |   0 |-2.781093e+09 | 9.905380e+02 |    Inf |   1.21%
  169m|251000 | 68749 |560592k|2233.4 |  4970M |  74 | 603 |  10 |3795 |  43M|  1 | 158 |   0 |-2.781093e+09 | 9.905380e+02 |    Inf |   1.21%
  169m|251100 | 68765 |560776k|2233.3 |  4972M |  74 | 603 |  10 |4278 |  43M|  1 | 158 |   0 |-2.781093e+09 | 9.905380e+02 |    Inf |   1.21%
  170m|251200 | 68777 |560990k|2233.2 |  4974M |  74 | 603 |  10 |3985 |  43M|  1 | 158 |   0 |-2.781093e+09 | 9.905380e+02 |    Inf |   1.21%
  170m|251300 | 68791 |561169k|2233.1 |  4974M |  74 | 603 |  10 |4491 |  43M|  3 | 158 |   0 |-2.781093e+09 | 9.905380e+02 |    Inf |   1.21%
  170m|251400 | 68821 |561380k|2233.0 |  4976M |  74 | 603 |  10 |4513 |  43M|  0 | 158 |   0 |-2.781093e+09 | 9.905380e+02 |    Inf |   1.21%
  170m|251500 | 68837 |561563k|2232.9 |  4977M |  74 | 603 |  10 |4098 |  43M|  1 | 158 |   0 |-2.781093e+09 | 9.905380e+02 |    Inf |   1.21%
  170m|251600 | 68859 |561756k|2232.7 |  4981M |  74 | 603 |  10 |4042 |  43M|  2 | 158 |   0 |-2.781093e+09 | 9.905380e+02 |    Inf |   1.21%
  170m|251700 | 68861 |561930k|2232.5 |  4982M |  74 | 603 |  10 |5054 |  43M|  3 | 158 |   0 |-2.781093e+09 | 9.905380e+02 |    Inf |   1.21%
  170m|251800 | 68885 |562150k|2232.5 |  4983M |  74 | 603 |  10 |   0 |  43M|  0 | 158 |   0 |-2.781093e+09 | 9.905380e+02 |    Inf |   1.21%
 time | node  | left  |LP iter|LP it/n|mem/heur|mdpt |vars |cons |rows |cuts |sepa|confs|strbr|  dualbound   | primalbound  |  gap   | compl. 
  170m|251900 | 68901 |562391k|2232.6 |  4987M |  74 | 603 |  10 |4764 |  43M|  3 | 158 |   0 |-2.781093e+09 | 9.905380e+02 |    Inf |   1.21%
  170m|252000 | 68913 |562596k|2232.5 |  4990M |  74 | 603 |  10 |4478 |  43M|  1 | 158 |   0 |-2.781093e+09 | 9.905380e+02 |    Inf |   1.21%
  170m|252100 | 68917 |562801k|2232.5 |  4990M |  74 | 603 |  10 |   0 |  43M|  0 | 158 |   0 |-2.781093e+09 | 9.905380e+02 |    Inf |   1.21%
  170m|252200 | 68925 |563013k|2232.4 |  4991M |  74 | 603 |  10 |4681 |  43M|  2 | 158 |   0 |-2.781093e+09 | 9.905380e+02 |    Inf |   1.21%
  170m|252300 | 68927 |563189k|2232.2 |  4993M |  74 | 603 |  10 |4215 |  43M|  1 | 158 |   0 |-2.781093e+09 | 9.905380e+02 |    Inf |   1.21%
  170m|252400 | 68935 |563384k|2232.1 |  4993M |  74 | 603 |  10 |4826 |  43M|  2 | 158 |   0 |-2.781093e+09 | 9.905380e+02 |    Inf |   1.21%
  170m|252500 | 68945 |563600k|2232.1 |  4996M |  74 | 603 |  10 |   0 |  43M|  0 | 158 |   0 |-2.781093e+09 | 9.905380e+02 |    Inf |   1.21%
  170m|252600 | 68947 |563812k|2232.0 |  4996M |  74 | 603 |  10 |4463 |  43M|  2 | 158 |   0 |-2.781093e+09 | 9.905380e+02 |    Inf |   1.21%
  171m|252700 | 68975 |564024k|2232.0 |  4998M |  74 | 603 |  10 |3803 |  43M|  2 | 158 |   0 |-2.781093e+09 | 9.905380e+02 |    Inf |   1.21%
  171m|252800 | 69011 |564217k|2231.9 |  5000M |  74 | 603 |  10 |4353 |  43M|  2 | 158 |   0 |-2.781093e+09 | 9.905380e+02 |    Inf |   1.21%
  171m|252900 | 69025 |564436k|2231.9 |  5001M |  74 | 603 |  10 |5144 |  43M|  2 | 158 |   0 |-2.781093e+09 | 9.905380e+02 |    Inf |   1.21%
  171m|253000 | 69057 |564653k|2231.8 |  5003M |  74 | 603 |  10 |4486 |  43M|  0 | 158 |   0 |-2.781093e+09 | 9.905380e+02 |    Inf |   1.21%
  171m|253100 | 69081 |564846k|2231.7 |  5008M |  74 | 603 |  10 |4732 |  43M|  2 | 158 |   0 |-2.781093e+09 | 9.905380e+02 |    Inf |   1.21%
  171m|253200 | 69095 |565042k|2231.6 |  5008M |  74 | 603 |  10 |4480 |  43M|  2 | 158 |   0 |-2.781093e+09 | 9.905380e+02 |    Inf |   1.21%
  171m|253300 | 69109 |565252k|2231.6 |  5009M |  74 | 603 |  10 |4432 |  43M|  2 | 158 |   0 |-2.781093e+09 | 9.905380e+02 |    Inf |   1.21%
 time | node  | left  |LP iter|LP it/n|mem/heur|mdpt |vars |cons |rows |cuts |sepa|confs|strbr|  dualbound   | primalbound  |  gap   | compl. 
  171m|253400 | 69117 |565446k|2231.4 |  5010M |  74 | 603 |  10 |4083 |  43M|  1 | 158 |   0 |-2.781093e+09 | 9.905380e+02 |    Inf |   1.21%
  171m|253500 | 69137 |565656k|2231.4 |  5012M |  74 | 603 |  10 |4699 |  43M|  2 | 158 |   0 |-2.781093e+09 | 9.905380e+02 |    Inf |   1.21%
  171m|253600 | 69167 |565876k|2231.4 |  5014M |  74 | 603 |  10 |4371 |  43M|  2 | 158 |   0 |-2.781093e+09 | 9.905380e+02 |    Inf |   1.21%
  171m|253700 | 69195 |566129k|2231.5 |  5016M |  74 | 603 |  10 |4458 |  43M|  2 | 158 |   0 |-2.781093e+09 | 9.905380e+02 |    Inf |   1.21%
  171m|253800 | 69205 |566350k|2231.5 |  5019M |  74 | 603 |  10 |4824 |  43M|  1 | 158 |   0 |-2.781093e+09 | 9.905380e+02 |    Inf |   1.21%
  171m|253900 | 69207 |566579k|2231.5 |  5019M |  74 | 603 |  10 |4239 |  43M|  2 | 158 |   0 |-2.781093e+09 | 9.905380e+02 |    Inf |   1.21%
  171m|254000 | 69211 |566811k|2231.6 |  5020M |  74 | 603 |  10 |4321 |  43M|  2 | 158 |   0 |-2.781093e+09 | 9.905380e+02 |    Inf |   1.21%
  171m|254100 | 69247 |567046k|2231.6 |  5022M |  74 | 603 |  10 |4189 |  43M|  0 | 158 |   0 |-2.781093e+09 | 9.905380e+02 |    Inf |   1.21%
  172m|254200 | 69273 |567278k|2231.6 |  5023M |  74 | 603 |  10 |3180 |  43M|  2 | 158 |   0 |-2.781093e+09 | 9.905380e+02 |    Inf |   1.21%
  172m|254300 | 69319 |567465k|2231.5 |  5027M |  74 | 603 |  11 |4397 |  43M|  3 | 159 |   0 |-2.781093e+09 | 9.905380e+02 |    Inf |   1.21%
  172m|254400 | 69335 |567706k|2231.6 |  5029M |  74 | 603 |  11 |5223 |  43M|  2 | 159 |   0 |-2.781093e+09 | 9.905380e+02 |    Inf |   1.21%
  172m|254500 | 69351 |567947k|2231.6 |  5030M |  74 | 603 |  11 |   0 |  43M|  0 | 159 |   0 |-2.781093e+09 | 9.905380e+02 |    Inf |   1.21%
  172m|254600 | 69361 |568149k|2231.5 |  5033M |  74 | 603 |  11 |4399 |  43M|  2 | 159 |   0 |-2.781093e+09 | 9.905380e+02 |    Inf |   1.21%
  172m|254700 | 69363 |568366k|2231.5 |  5033M |  74 | 603 |  11 |3838 |  43M|  1 | 159 |   0 |-2.781093e+09 | 9.905380e+02 |    Inf |   1.21%
  172m|254800 | 69381 |568586k|2231.5 |  5034M |  74 | 603 |  11 |4095 |  43M|  2 | 159 |   0 |-2.781093e+09 | 9.905380e+02 |    Inf |   1.21%
 time | node  | left  |LP iter|LP it/n|mem/heur|mdpt |vars |cons |rows |cuts |sepa|confs|strbr|  dualbound   | primalbound  |  gap   | compl. 
  172m|254900 | 69389 |568799k|2231.5 |  5034M |  74 | 603 |  11 |   0 |  43M|  0 | 159 |   0 |-2.781093e+09 | 9.905380e+02 |    Inf |   1.21%
  172m|255000 | 69417 |569024k|2231.5 |  5036M |  74 | 603 |  11 |3735 |  43M|  2 | 159 |   0 |-2.781093e+09 | 9.905380e+02 |    Inf |   1.21%
  172m|255100 | 69437 |569269k|2231.6 |  5037M |  74 | 603 |  11 |   0 |  43M|  0 | 159 |   0 |-2.781093e+09 | 9.905380e+02 |    Inf |   1.21%
  172m|255200 | 69453 |569484k|2231.5 |  5038M |  74 | 603 |  11 |3833 |  43M|  2 | 159 |   0 |-2.781093e+09 | 9.905380e+02 |    Inf |   1.21%
  172m|255300 | 69471 |569694k|2231.5 |  5039M |  74 | 603 |  11 |4047 |  43M|  1 | 159 |   0 |-2.781093e+09 | 9.905380e+02 |    Inf |   1.21%
  172m|255400 | 69487 |569904k|2231.4 |  5041M |  74 | 603 |  11 |4103 |  43M|  2 | 159 |   0 |-2.781093e+09 | 9.905380e+02 |    Inf |   1.21%
  172m|255500 | 69489 |570121k|2231.4 |  5041M |  74 | 603 |  11 |4469 |  43M|  1 | 160 |   0 |-2.781093e+09 | 9.905380e+02 |    Inf |   1.21%
  173m|255600 | 69493 |570335k|2231.4 |  5041M |  74 | 603 |  11 |4286 |  43M|  2 | 160 |   0 |-2.781093e+09 | 9.905380e+02 |    Inf |   1.21%
  173m|255700 | 69539 |570581k|2231.5 |  5043M |  74 | 603 |  11 |3757 |  43M|  5 | 160 |   0 |-2.781093e+09 | 9.905380e+02 |    Inf |   1.21%
  173m|255800 | 69553 |570765k|2231.3 |  5043M |  74 | 603 |  11 |3936 |  43M|  2 | 160 |   0 |-2.781093e+09 | 9.905380e+02 |    Inf |   1.21%
  173m|255900 | 69571 |571001k|2231.4 |  5045M |  74 | 603 |  11 |4421 |  43M|  2 | 160 |   0 |-2.781093e+09 | 9.905380e+02 |    Inf |   1.21%
  173m|256000 | 69585 |571238k|2231.4 |  5045M |  74 | 603 |  11 |3805 |  43M|  2 | 160 |   0 |-2.781093e+09 | 9.905380e+02 |    Inf |   1.21%
  173m|256100 | 69595 |571441k|2231.3 |  5047M |  74 | 603 |  11 |4650 |  43M|  2 | 160 |   0 |-2.781093e+09 | 9.905380e+02 |    Inf |   1.21%
  173m|256200 | 69607 |571621k|2231.2 |  5049M |  74 | 603 |  11 |4420 |  44M|  2 | 160 |   0 |-2.781093e+09 | 9.905380e+02 |    Inf |   1.21%
  173m|256300 | 69631 |571820k|2231.1 |  5049M |  74 | 603 |  11 |4347 |  44M|  3 | 160 |   0 |-2.781093e+09 | 9.905380e+02 |    Inf |   1.21%
 time | node  | left  |LP iter|LP it/n|mem/heur|mdpt |vars |cons |rows |cuts |sepa|confs|strbr|  dualbound   | primalbound  |  gap   | compl. 
  173m|256400 | 69635 |572017k|2231.0 |  5049M |  74 | 603 |  11 |4667 |  44M|  1 | 160 |   0 |-2.781093e+09 | 9.905380e+02 |    Inf |   1.21%
  173m|256500 | 69655 |572233k|2230.9 |  5051M |  74 | 603 |  11 |4813 |  44M|  3 | 160 |   0 |-2.781093e+09 | 9.905380e+02 |    Inf |   1.21%
  173m|256600 | 69687 |572464k|2231.0 |  5052M |  74 | 603 |  11 |4132 |  44M|  2 | 160 |   0 |-2.781093e+09 | 9.905380e+02 |    Inf |   1.21%
  173m|256700 | 69721 |572731k|2231.1 |  5054M |  74 | 603 |  11 |5358 |  44M|  1 | 160 |   0 |-2.781093e+09 | 9.905380e+02 |    Inf |   1.21%
  173m|256800 | 69753 |572952k|2231.1 |  5056M |  74 | 603 |  11 |3743 |  44M|  2 | 160 |   0 |-2.781093e+09 | 9.905380e+02 |    Inf |   1.21%
  173m|256900 | 69787 |573167k|2231.1 |  5057M |  74 | 603 |  11 |4060 |  44M|  2 | 160 |   0 |-2.781093e+09 | 9.905380e+02 |    Inf |   1.21%
  173m|257000 | 69795 |573328k|2230.9 |  5058M |  74 | 603 |  11 |3791 |  44M|  2 | 160 |   0 |-2.781093e+09 | 9.905380e+02 |    Inf |   1.21%
  173m|257100 | 69821 |573541k|2230.8 |  5059M |  74 | 603 |  11 |3885 |  44M|  2 | 160 |   0 |-2.781093e+09 | 9.905380e+02 |    Inf |   1.21%
  174m|257200 | 69833 |573748k|2230.8 |  5061M |  74 | 603 |  11 |   0 |  44M|  0 | 160 |   0 |-2.781093e+09 | 9.905380e+02 |    Inf |   1.21%
  174m|257300 | 69843 |573971k|2230.8 |  5061M |  74 | 603 |  11 |4450 |  44M|  2 | 161 |   0 |-2.781093e+09 | 9.905380e+02 |    Inf |   1.21%
  174m|257400 | 69853 |574200k|2230.8 |  5063M |  74 | 603 |  10 |4233 |  44M|  1 | 161 |   0 |-2.781093e+09 | 9.905380e+02 |    Inf |   1.21%
  174m|257500 | 69891 |574435k|2230.8 |  5065M |  74 | 603 |  10 |4285 |  44M|  1 | 161 |   0 |-2.781093e+09 | 9.905380e+02 |    Inf |   1.21%
  174m|257600 | 69915 |574650k|2230.8 |  5065M |  74 | 603 |  10 |4332 |  44M|  1 | 161 |   0 |-2.781093e+09 | 9.905380e+02 |    Inf |   1.21%
  174m|257700 | 69931 |574892k|2230.9 |  5066M |  74 | 603 |  10 |   0 |  44M|  0 | 161 |   0 |-2.781093e+09 | 9.905380e+02 |    Inf |   1.21%
  174m|257800 | 69961 |575093k|2230.8 |  5069M |  74 | 603 |  10 |4270 |  44M|  4 | 161 |   0 |-2.781093e+09 | 9.905380e+02 |    Inf |   1.21%
 time | node  | left  |LP iter|LP it/n|mem/heur|mdpt |vars |cons |rows |cuts |sepa|confs|strbr|  dualbound   | primalbound  |  gap   | compl. 
  174m|257900 | 69963 |575272k|2230.6 |  5072M |  74 | 603 |  10 |4037 |  44M|  2 | 161 |   0 |-2.781093e+09 | 9.905380e+02 |    Inf |   1.21%
  174m|258000 | 69969 |575491k|2230.6 |  5073M |  74 | 603 |  10 |4955 |  44M|  2 | 161 |   0 |-2.781093e+09 | 9.905380e+02 |    Inf |   1.21%
  174m|258100 | 69989 |575702k|2230.5 |  5073M |  74 | 603 |  10 |4324 |  44M|  3 | 161 |   0 |-2.781093e+09 | 9.905380e+02 |    Inf |   1.21%
  174m|258200 | 69997 |575902k|2230.5 |  5075M |  74 | 603 |  10 |4601 |  44M|  2 | 161 |   0 |-2.781093e+09 | 9.905380e+02 |    Inf |   1.21%
  174m|258300 | 70023 |576136k|2230.5 |  5077M |  74 | 603 |  10 |4027 |  44M|  2 | 161 |   0 |-2.781093e+09 | 9.905380e+02 |    Inf |   1.21%
  174m|258400 | 70039 |576361k|2230.5 |  5078M |  74 | 603 |  10 |4092 |  44M|  3 | 161 |   0 |-2.781093e+09 | 9.905380e+02 |    Inf |   1.21%
  174m|258500 | 70045 |576572k|2230.5 |  5080M |  74 | 603 |  10 |4966 |  44M|  1 | 161 |   0 |-2.781093e+09 | 9.905380e+02 |    Inf |   1.21%
  175m|258600 | 70051 |576763k|2230.3 |  5081M |  74 | 603 |  10 |3719 |  44M|  2 | 161 |   0 |-2.781093e+09 | 9.905380e+02 |    Inf |   1.21%
  175m|258700 | 70105 |577051k|2230.6 |  5084M |  74 | 603 |  10 |4757 |  44M|  2 | 161 |   0 |-2.781093e+09 | 9.905380e+02 |    Inf |   1.21%
  175m|258800 | 70139 |577298k|2230.7 |  5088M |  74 | 603 |  10 |4096 |  44M|  2 | 161 |   0 |-2.781093e+09 | 9.905380e+02 |    Inf |   1.21%
  175m|258900 | 70165 |577505k|2230.6 |  5089M |  74 | 603 |  10 |4223 |  44M|  2 | 161 |   0 |-2.781093e+09 | 9.905380e+02 |    Inf |   1.21%
  175m|259000 | 70179 |577731k|2230.6 |  5090M |  74 | 603 |  10 |4143 |  44M|  2 | 161 |   0 |-2.781093e+09 | 9.905380e+02 |    Inf |   1.21%
  175m|259100 | 70197 |577924k|2230.5 |  5090M |  74 | 603 |  10 |4399 |  44M|  2 | 161 |   0 |-2.781093e+09 | 9.905380e+02 |    Inf |   1.21%
  175m|259200 | 70211 |578112k|2230.4 |  5092M |  74 | 603 |  10 |4466 |  44M|  2 | 161 |   0 |-2.781093e+09 | 9.905380e+02 |    Inf |   1.21%
  175m|259300 | 70255 |578392k|2230.6 |  5094M |  74 | 603 |  10 |   0 |  44M|  0 | 161 |   0 |-2.781093e+09 | 9.905380e+02 |    Inf |   1.21%
 time | node  | left  |LP iter|LP it/n|mem/heur|mdpt |vars |cons |rows |cuts |sepa|confs|strbr|  dualbound   | primalbound  |  gap   | compl. 
  175m|259400 | 70295 |578659k|2230.8 |  5095M |  74 | 603 |  10 |4185 |  44M|  2 | 161 |   0 |-2.781093e+09 | 9.905380e+02 |    Inf |   1.21%
  175m|259500 | 70305 |578856k|2230.7 |  5096M |  74 | 603 |  10 |4097 |  44M|  4 | 161 |   0 |-2.781093e+09 | 9.905380e+02 |    Inf |   1.21%
  175m|259600 | 70319 |579041k|2230.5 |  5098M |  74 | 603 |  10 |4520 |  44M|  1 | 161 |   0 |-2.781093e+09 | 9.905380e+02 |    Inf |   1.21%
  175m|259700 | 70339 |579263k|2230.5 |  5099M |  74 | 603 |  10 |4569 |  44M|  2 | 161 |   0 |-2.781093e+09 | 9.905380e+02 |    Inf |   1.21%
  175m|259800 | 70363 |579508k|2230.6 |  5101M |  74 | 603 |  10 |5024 |  44M|  2 | 161 |   0 |-2.781093e+09 | 9.905380e+02 |    Inf |   1.21%
  175m|259900 | 70371 |579699k|2230.5 |  5103M |  74 | 603 |  10 |3942 |  44M|  2 | 161 |   0 |-2.781093e+09 | 9.905380e+02 |    Inf |   1.21%
  175m|260000 | 70383 |579870k|2230.3 |  5103M |  74 | 603 |  10 |4418 |  44M|  1 | 161 |   0 |-2.781093e+09 | 9.905380e+02 |    Inf |   1.21%
  176m|260100 | 70387 |580002k|2229.9 |  5105M |  74 | 603 |  10 |4453 |  44M|  2 | 161 |   0 |-2.781093e+09 | 9.905380e+02 |    Inf |   1.21%
  176m|260200 | 70421 |580289k|2230.2 |  5107M |  74 | 603 |  10 |4138 |  44M|  2 | 161 |   0 |-2.781093e+09 | 9.905380e+02 |    Inf |   1.21%
  176m|260300 | 70429 |580544k|2230.3 |  5107M |  74 | 603 |  10 |4457 |  44M|  2 | 161 |   0 |-2.781093e+09 | 9.905380e+02 |    Inf |   1.21%
  176m|260400 | 70461 |580773k|2230.3 |  5109M |  74 | 603 |  10 |4010 |  44M|  2 | 161 |   0 |-2.781093e+09 | 9.905380e+02 |    Inf |   1.21%
  176m|260500 | 70499 |581050k|2230.5 |  5111M |  74 | 603 |  10 |4243 |  44M|  3 | 161 |   0 |-2.781093e+09 | 9.905380e+02 |    Inf |   1.21%
  176m|260600 | 70511 |581279k|2230.6 |  5112M |  74 | 603 |  10 |4525 |  44M|  2 | 161 |   0 |-2.781093e+09 | 9.905380e+02 |    Inf |   1.21%
  176m|260700 | 70517 |581491k|2230.5 |  5113M |  74 | 603 |  10 |5402 |  44M|  3 | 161 |   0 |-2.781093e+09 | 9.905380e+02 |    Inf |   1.21%
  176m|260800 | 70541 |581706k|2230.5 |  5115M |  74 | 603 |  10 |   0 |  44M|  0 | 161 |   0 |-2.781093e+09 | 9.905380e+02 |    Inf |   1.21%
 time | node  | left  |LP iter|LP it/n|mem/heur|mdpt |vars |cons |rows |cuts |sepa|confs|strbr|  dualbound   | primalbound  |  gap   | compl. 
  176m|260900 | 70565 |581920k|2230.4 |  5117M |  74 | 603 |  10 |4481 |  44M|  2 | 161 |   0 |-2.781093e+09 | 9.905380e+02 |    Inf |   1.21%
  176m|261000 | 70577 |582148k|2230.5 |  5118M |  74 | 603 |  10 |4789 |  44M|  2 | 161 |   0 |-2.781093e+09 | 9.905380e+02 |    Inf |   1.21%
  176m|261100 | 70585 |582380k|2230.5 |  5120M |  74 | 603 |  10 |3831 |  44M|  2 | 161 |   0 |-2.781093e+09 | 9.905380e+02 |    Inf |   1.21%
  176m|261200 | 70611 |582591k|2230.4 |  5122M |  74 | 603 |  11 |3958 |  44M|  2 | 162 |   0 |-2.781093e+09 | 9.905380e+02 |    Inf |   1.21%
  176m|261300 | 70637 |582791k|2230.4 |  5123M |  74 | 603 |  11 |4571 |  44M|  2 | 162 |   0 |-2.781093e+09 | 9.905380e+02 |    Inf |   1.21%
  176m|261400 | 70655 |582971k|2230.2 |  5125M |  74 | 603 |  11 |   0 |  44M|  0 | 162 |   0 |-2.781093e+09 | 9.905380e+02 |    Inf |   1.21%
  177m|261500 | 70681 |583190k|2230.2 |  5127M |  74 | 603 |  11 |4385 |  44M|  2 | 162 |   0 |-2.781093e+09 | 9.905380e+02 |    Inf |   1.21%
  177m|261600 | 70711 |583428k|2230.2 |  5128M |  74 | 603 |  11 |4327 |  44M|  2 | 162 |   0 |-2.781093e+09 | 9.905380e+02 |    Inf |   1.21%
  177m|261700 | 70713 |583635k|2230.2 |  5129M |  74 | 603 |  11 |5086 |  44M|  2 | 162 |   0 |-2.781093e+09 | 9.905380e+02 |    Inf |   1.21%
  177m|261800 | 70729 |583847k|2230.1 |  5129M |  74 | 603 |  11 |4172 |  45M|  2 | 162 |   0 |-2.781093e+09 | 9.905380e+02 |    Inf |   1.21%
  177m|261900 | 70757 |584066k|2230.1 |  5131M |  74 | 603 |  11 |4542 |  45M|  2 | 162 |   0 |-2.781093e+09 | 9.905380e+02 |    Inf |   1.21%
  177m|262000 | 70795 |584330k|2230.3 |  5133M |  74 | 603 |  11 |4554 |  45M|  2 | 162 |   0 |-2.781093e+09 | 9.905380e+02 |    Inf |   1.21%
  177m|262100 | 70815 |584550k|2230.3 |  5134M |  74 | 603 |  11 |5187 |  45M|  2 | 162 |   0 |-2.781093e+09 | 9.905380e+02 |    Inf |   1.21%
  177m|262200 | 70827 |584793k|2230.3 |  5136M |  74 | 603 |  11 |4718 |  45M|  3 | 162 |   0 |-2.781093e+09 | 9.905380e+02 |    Inf |   1.21%
  177m|262300 | 70861 |585021k|2230.4 |  5136M |  74 | 603 |  11 |3961 |  45M|  2 | 162 |   0 |-2.781093e+09 | 9.905380e+02 |    Inf |   1.21%
 time | node  | left  |LP iter|LP it/n|mem/heur|mdpt |vars |cons |rows |cuts |sepa|confs|strbr|  dualbound   | primalbound  |  gap   | compl. 
  177m|262400 | 70877 |585272k|2230.5 |  5138M |  74 | 603 |  11 |5396 |  45M|  1 | 162 |   0 |-2.781093e+09 | 9.905380e+02 |    Inf |   1.21%
  177m|262500 | 70879 |585531k|2230.6 |  5140M |  74 | 603 |  11 |4480 |  45M|  2 | 162 |   0 |-2.781093e+09 | 9.905380e+02 |    Inf |   1.21%
  177m|262600 | 70909 |585750k|2230.6 |  5140M |  74 | 603 |  11 |4561 |  45M|  2 | 162 |   0 |-2.781093e+09 | 9.905380e+02 |    Inf |   1.21%
  177m|262700 | 70921 |585979k|2230.6 |  5144M |  74 | 603 |  11 |4329 |  45M|  2 | 162 |   0 |-2.781093e+09 | 9.905380e+02 |    Inf |   1.21%
  177m|262800 | 70959 |586207k|2230.6 |  5146M |  74 | 603 |  11 |3737 |  45M|  2 | 162 |   0 |-2.781093e+09 | 9.905380e+02 |    Inf |   1.21%
  178m|262900 | 71021 |586396k|2230.5 |  5147M |  74 | 603 |  11 |4419 |  45M|  2 | 162 |   0 |-2.781093e+09 | 9.905380e+02 |    Inf |   1.21%
  178m|263000 | 71065 |586654k|2230.6 |  5152M |  74 | 603 |  11 |4675 |  45M|  2 | 162 |   0 |-2.781093e+09 | 9.905380e+02 |    Inf |   1.21%
  178m|263100 | 71107 |586873k|2230.6 |  5154M |  74 | 603 |  11 |4213 |  45M|  2 | 162 |   0 |-2.781093e+09 | 9.905380e+02 |    Inf |   1.21%
  178m|263200 | 71145 |587095k|2230.6 |  5159M |  74 | 603 |  11 |4354 |  45M|  2 | 162 |   0 |-2.781093e+09 | 9.905380e+02 |    Inf |   1.21%
  178m|263300 | 71185 |587349k|2230.7 |  5160M |  74 | 603 |  11 |4838 |  45M|  3 | 162 |   0 |-2.781093e+09 | 9.905380e+02 |    Inf |   1.21%
  178m|263400 | 71211 |587597k|2230.8 |  5164M |  74 | 603 |  11 |4560 |  45M|  1 | 162 |   0 |-2.781093e+09 | 9.905380e+02 |    Inf |   1.21%
  178m|263500 | 71233 |587843k|2230.9 |  5164M |  74 | 603 |  11 |4380 |  45M|  5 | 162 |   0 |-2.781093e+09 | 9.905380e+02 |    Inf |   1.21%
  178m|263600 | 71259 |588116k|2231.1 |  5165M |  74 | 603 |  11 |4287 |  45M|  2 | 162 |   0 |-2.781093e+09 | 9.905380e+02 |    Inf |   1.21%
  178m|263700 | 71273 |588345k|2231.1 |  5167M |  74 | 603 |  11 |4408 |  45M|  2 | 162 |   0 |-2.781093e+09 | 9.905380e+02 |    Inf |   1.21%
  178m|263800 | 71285 |588523k|2231.0 |  5168M |  74 | 603 |  11 |3287 |  45M|  2 | 162 |   0 |-2.781093e+09 | 9.905380e+02 |    Inf |   1.21%
 time | node  | left  |LP iter|LP it/n|mem/heur|mdpt |vars |cons |rows |cuts |sepa|confs|strbr|  dualbound   | primalbound  |  gap   | compl. 
  178m|263900 | 71319 |588723k|2230.9 |  5168M |  74 | 603 |  11 |   0 |  45M|  0 | 162 |   0 |-2.781093e+09 | 9.905380e+02 |    Inf |   1.21%
  178m|264000 | 71345 |588966k|2230.9 |  5169M |  74 | 603 |  11 |3952 |  45M|  2 | 162 |   0 |-2.781093e+09 | 9.905380e+02 |    Inf |   1.21%
  178m|264100 | 71381 |589248k|2231.2 |  5172M |  74 | 603 |  11 |5107 |  45M|  2 | 162 |   0 |-2.781093e+09 | 9.905380e+02 |    Inf |   1.21%
  178m|264200 | 71399 |589463k|2231.1 |  5173M |  74 | 603 |  11 |4233 |  45M|  2 | 162 |   0 |-2.781093e+09 | 9.905380e+02 |    Inf |   1.21%
  178m|264300 | 71423 |589700k|2231.2 |  5174M |  74 | 603 |  11 |4812 |  45M|  2 | 162 |   0 |-2.781093e+09 | 9.905380e+02 |    Inf |   1.21%
  179m|264400 | 71439 |589914k|2231.2 |  5175M |  74 | 603 |  11 |4338 |  45M|  0 | 162 |   0 |-2.781093e+09 | 9.905380e+02 |    Inf |   1.21%
  179m|264500 | 71467 |590131k|2231.1 |  5176M |  74 | 603 |  11 |4764 |  45M|  2 | 162 |   0 |-2.781093e+09 | 9.905380e+02 |    Inf |   1.21%
  179m|264600 | 71497 |590338k|2231.1 |  5180M |  74 | 603 |  11 |5199 |  45M|  2 | 162 |   0 |-2.781093e+09 | 9.905380e+02 |    Inf |   1.21%
  179m|264700 | 71513 |590549k|2231.0 |  5182M |  74 | 603 |  11 |4152 |  45M|  3 | 162 |   0 |-2.781093e+09 | 9.905380e+02 |    Inf |   1.21%
  179m|264800 | 71525 |590781k|2231.1 |  5184M |  74 | 603 |  11 |4861 |  45M|  3 | 162 |   0 |-2.781093e+09 | 9.905380e+02 |    Inf |   1.21%
  179m|264900 | 71527 |590966k|2230.9 |  5184M |  74 | 603 |  11 |4345 |  45M|  2 | 162 |   0 |-2.781093e+09 | 9.905380e+02 |    Inf |   1.21%
  179m|265000 | 71569 |591202k|2231.0 |  5186M |  74 | 603 |  11 |4491 |  45M|  2 | 162 |   0 |-2.781093e+09 | 9.905380e+02 |    Inf |   1.21%
  179m|265100 | 71617 |591473k|2231.1 |  5188M |  74 | 603 |  11 |4338 |  45M|  2 | 162 |   0 |-2.781093e+09 | 9.905380e+02 |    Inf |   1.21%
  179m|265200 | 71643 |591737k|2231.3 |  5190M |  74 | 603 |  11 |4130 |  45M|  3 | 162 |   0 |-2.781093e+09 | 9.905380e+02 |    Inf |   1.21%
  179m|265300 | 71675 |591976k|2231.4 |  5192M |  74 | 603 |  11 |4404 |  45M|  3 | 162 |   0 |-2.781093e+09 | 9.905380e+02 |    Inf |   1.21%
 time | node  | left  |LP iter|LP it/n|mem/heur|mdpt |vars |cons |rows |cuts |sepa|confs|strbr|  dualbound   | primalbound  |  gap   | compl. 
  179m|265400 | 71683 |592213k|2231.4 |  5193M |  74 | 603 |  11 |4580 |  45M|  2 | 162 |   0 |-2.781093e+09 | 9.905380e+02 |    Inf |   1.21%
  179m|265500 | 71707 |592455k|2231.5 |  5194M |  74 | 603 |  11 |4473 |  45M|  2 | 162 |   0 |-2.781093e+09 | 9.905380e+02 |    Inf |   1.21%
  179m|265600 | 71727 |592688k|2231.5 |  5196M |  74 | 603 |  11 |4125 |  45M|  2 | 162 |   0 |-2.781093e+09 | 9.905380e+02 |    Inf |   1.21%
  180m|265700 | 71731 |592940k|2231.6 |  5196M |  74 | 603 |  11 |4173 |  45M|  0 | 162 |   0 |-2.781093e+09 | 9.905380e+02 |    Inf |   1.21%
  180m|265800 | 71741 |593147k|2231.6 |  5199M |  74 | 603 |  11 |4788 |  45M|  2 | 162 |   0 |-2.781093e+09 | 9.905380e+02 |    Inf |   1.21%
  180m|265900 | 71751 |593365k|2231.5 |  5200M |  74 | 603 |  11 |4304 |  45M|  2 | 162 |   0 |-2.781093e+09 | 9.905380e+02 |    Inf |   1.21%
  180m|266000 | 71765 |593571k|2231.5 |  5201M |  74 | 603 |  11 |4786 |  45M|  1 | 162 |   0 |-2.781093e+09 | 9.905380e+02 |    Inf |   1.21%
  180m|266100 | 71777 |593780k|2231.4 |  5202M |  74 | 603 |  11 |5043 |  45M|  2 | 162 |   0 |-2.781093e+09 | 9.905380e+02 |    Inf |   1.21%
  180m|266200 | 71791 |593983k|2231.4 |  5204M |  74 | 603 |  11 |4806 |  45M|  2 | 162 |   0 |-2.781093e+09 | 9.905380e+02 |    Inf |   1.21%
  180m|266300 | 71815 |594245k|2231.5 |  5206M |  74 | 603 |  11 |4264 |  45M|  2 | 162 |   0 |-2.781093e+09 | 9.905380e+02 |    Inf |   1.21%
  180m|266400 | 71843 |594451k|2231.4 |  5208M |  74 | 603 |  11 |3983 |  45M|  1 | 162 |   0 |-2.781093e+09 | 9.905380e+02 |    Inf |   1.21%

SCIP Status        : solving was interrupted [time limit reached]
Solving Time (sec) : 10800.01
Solving Nodes      : 266425
Primal Bound       : +9.90537982503327e+02 (1 solutions)
Dual Bound         : -2.78109332644641e+09
Gap                : infinite

