nohup: ignoring input
/home/jingyizhao/lanyue/L2O/L2O-pMINLP-master/L2O-pMINLP-master
Integer Quadratic
Namespace(size=1000, penalty=1, project=True, initial_gurobi=False, stop_condition='time', batch_size=64, hlayers_sol=5, hlayers_rnd=4, hsize=2048, lr=0.001)
RC in CQ for size 1000.
quadratic问题中的QPA
[[0.00294665 0.         0.         ... 0.         0.         0.        ]
 [0.         0.00530587 0.         ... 0.         0.         0.        ]
 [0.         0.         0.00191521 ... 0.         0.         0.        ]
 ...
 [0.         0.         0.         ... 0.00179222 0.         0.        ]
 [0.         0.         0.         ... 0.         0.00191484 0.        ]
 [0.         0.         0.         ... 0.         0.         0.00325198]]
[8.25921182e-02 3.26560691e-02 8.96050598e-02 4.08873331e-02
 5.71850643e-02 6.66623414e-02 8.24330351e-02 4.99962463e-03
 9.74405529e-03 2.09468306e-03 4.76565671e-02 4.08458331e-02
 7.92204592e-02 6.24066329e-02 5.57125384e-02 4.73091978e-02
 7.29417948e-02 3.06893322e-02 9.75362528e-02 3.56703676e-02
 1.46179739e-02 3.20566496e-02 7.37057046e-02 1.76301835e-02
 5.85731838e-02 8.71095075e-03 7.54068493e-02 3.39863490e-02
 6.45268434e-02 4.69856773e-02 3.49099771e-02 5.29250902e-02
 8.72270596e-02 1.69638743e-02 3.84785851e-02 9.58509064e-02
 5.45909416e-02 8.17454424e-02 3.72766683e-02 8.94471494e-02
 2.19683513e-02 1.30863399e-02 2.50898857e-02 1.13687161e-02
 9.24160498e-03 5.94777224e-02 6.92019520e-02 6.00192834e-02
 4.75095521e-02 7.91188738e-02 5.60425948e-02 3.15070504e-02
 8.24654240e-02 7.15639817e-02 7.42399092e-04 1.94287797e-02
 3.36654003e-02 7.61941575e-03 6.98912264e-03 8.93588359e-02
 2.32295062e-02 6.18547823e-02 3.26307887e-02 2.12683743e-02
 4.40992419e-02 2.00533697e-03 8.02032172e-02 9.69003821e-03
 2.40407766e-02 8.26709702e-02 4.64845359e-02 6.39569009e-03
 5.53586830e-03 3.61123966e-02 1.82773679e-02 6.28321751e-02
 6.94065045e-02 5.83634677e-04 8.91243910e-02 6.92395737e-02
 9.50438458e-02 5.39895716e-02 6.40529846e-02 5.31979287e-02
 2.81091488e-02 5.88108993e-02 1.38195038e-02 2.97501848e-02
 2.63274721e-02 8.08825798e-02 9.97889340e-02 2.15636979e-02
 7.01365832e-02 9.95360150e-02 9.46740230e-02 8.51196748e-02
 5.66956297e-02 2.61384699e-02 3.69422111e-02 2.55871221e-02
 9.18893625e-02 3.66766552e-02 4.90728249e-03 4.23816793e-02
 4.29406365e-02 8.97532861e-02 1.47128735e-02 5.01522148e-02
 4.51820874e-02 2.55695791e-02 5.98680910e-02 6.07058452e-02
 2.67438676e-02 4.19844369e-02 4.02879253e-02 9.68086840e-02
 4.68723776e-02 1.60066326e-02 8.93694537e-02 4.93757083e-02
 7.89036121e-02 5.97036430e-02 1.79933958e-02 5.82785386e-03
 8.74592979e-02 3.79272416e-02 3.39539008e-02 2.19930261e-02
 1.96049693e-02 5.52596935e-03 7.11607854e-02 6.38041688e-02
 1.79248783e-02 4.11042239e-02 3.94960477e-02 7.86176576e-02
 7.19163355e-02 6.40192770e-03 7.63046111e-03 9.29963788e-02
 5.11875419e-02 6.81874608e-02 6.10600695e-02 8.57143344e-02
 9.81103360e-02 9.57299644e-02 7.68870476e-02 2.79673184e-02
 7.36955928e-02 8.86718452e-02 2.54737950e-02 1.75956555e-03
 6.50570442e-02 4.93459111e-02 8.30872424e-02 7.10368480e-02
 7.41968758e-02 9.32799227e-02 7.29172195e-02 2.15538441e-02
 4.33362698e-02 8.91813361e-02 9.62484025e-02 1.92613200e-03
 4.06298036e-02 5.33608597e-02 4.19840030e-02 8.42138175e-02
 1.76473339e-02 3.62499595e-03 2.12638458e-02 2.21260212e-02
 4.03077410e-02 1.57608661e-02 1.17721442e-02 6.76620395e-02
 4.95270522e-02 9.96216410e-02 4.52174691e-02 1.57711084e-02
 8.10566034e-02 7.90940706e-02 8.79830748e-02 9.23720130e-02
 5.65095403e-02 2.70244203e-02 2.07967471e-02 2.18116026e-02
 1.37092833e-02 9.31546983e-02 7.46447200e-02 2.47869317e-02
 1.56308589e-02 9.14107260e-03 3.16010152e-02 3.12558899e-02
 3.92563924e-02 6.87723243e-02 9.60858022e-02 4.55235181e-02
 8.97548802e-02 3.60448234e-02 9.17059210e-02 4.31043758e-02
 8.91840542e-02 7.52745431e-02 9.92655022e-02 6.62822898e-02
 6.78871723e-03 3.11325800e-02 5.94643049e-02 9.84537279e-02
 8.50112431e-02 7.38665693e-02 1.40679273e-02 2.40310222e-02
 9.66058046e-02 4.92496934e-02 9.68348327e-02 3.94314815e-02
 7.21463335e-02 6.62902102e-02 7.20585935e-02 6.07001998e-02
 3.48201569e-02 5.93244723e-02 7.00962826e-02 8.25626222e-03
 4.37787071e-02 7.59353813e-02 4.57519039e-02 2.11079386e-02
 8.13504616e-03 7.30411857e-02 3.15358646e-02 8.96761813e-02
 1.16492319e-02 5.58538353e-02 7.92496744e-02 4.07436248e-02
 1.62548283e-02 5.84612641e-02 5.61371042e-02 3.53203077e-02
 5.89824124e-02 8.56366810e-03 7.33967027e-02 2.38703430e-02
 7.96830496e-02 7.52642546e-03 1.34632600e-02 6.12009591e-02
 1.11146571e-02 3.66609430e-02 2.33352788e-02 9.52369468e-03
 7.19091489e-02 3.08634666e-03 1.25685819e-02 8.28767305e-02
 4.56548301e-02 6.31503138e-02 3.39041315e-02 4.50221669e-02
 8.75345504e-02 2.82851428e-02 8.14580835e-02 2.41685828e-02
 3.70498605e-03 7.01872323e-02 6.33712092e-02 7.15360801e-02
 7.70380710e-02 7.53009453e-02 5.73458719e-02 6.93013219e-02
 6.41930284e-02 7.63087722e-02 1.43881709e-02 6.57828271e-02
 3.21369268e-02 2.14387696e-02 4.05786143e-02 7.21210511e-02
 7.58024958e-02 1.05357306e-02 3.53989118e-02 4.29475573e-02
 8.00514085e-02 5.42932415e-02 2.10408994e-02 4.18242738e-02
 3.46511678e-02 5.13161189e-02 1.35161462e-02 6.46031268e-02
 7.71896544e-02 4.87807359e-02 3.67904853e-02 9.92821900e-02
 9.94254189e-02 5.73706073e-02 7.39197944e-02 5.81054531e-02
 7.49408355e-02 1.84650227e-02 1.65729566e-02 4.58657563e-02
 2.08590746e-02 3.91550386e-02 3.38301168e-02 1.73693611e-02
 3.67399303e-02 7.73341559e-02 7.80714056e-02 7.17364544e-02
 2.34272636e-02 9.07482801e-02 8.02765432e-02 2.31492956e-02
 4.16316497e-02 8.99216101e-02 5.44701873e-02 2.32436546e-02
 8.52702393e-02 1.17607040e-02 2.87464002e-02 9.20101847e-02
 7.02855540e-02 8.13117111e-03 1.20952740e-02 3.44974434e-02
 9.96267961e-02 5.32672063e-02 9.06064407e-02 4.75421542e-02
 2.44178824e-02 3.13189050e-02 5.97335405e-02 4.97940006e-02
 7.72469995e-02 9.37756071e-02 3.64494403e-03 8.16093140e-02
 7.10975448e-02 2.88186808e-02 3.13433193e-02 5.74147216e-02
 5.02735125e-02 9.19385653e-02 2.94046250e-02 7.58044536e-02
 9.92728682e-02 6.15793277e-02 5.89598572e-02 8.54534596e-02
 6.33538269e-02 5.60372667e-02 7.72813286e-02 8.68420740e-02
 4.47729434e-02 5.59181119e-02 3.12737086e-02 6.63144452e-02
 7.76475068e-02 4.81880174e-03 3.60619203e-02 6.12797075e-02
 5.15307498e-02 4.10585640e-02 8.10168092e-02 5.38891216e-04
 4.50351968e-02 1.92365137e-02 2.64997964e-02 3.55620884e-02
 1.29152027e-02 1.88840233e-02 5.43964473e-02 2.63409317e-02
 6.52442760e-02 9.87591534e-02 8.82756890e-02 7.24353821e-02
 8.72939611e-02 4.92054347e-02 6.97000469e-02 6.61947234e-02
 9.83203124e-02 1.68252725e-02 7.01879928e-02 7.27979801e-02
 6.78401736e-02 4.81907270e-02 8.00307617e-03 5.97573055e-02
 4.48580993e-02 2.62595233e-02 6.17712397e-02 8.76007235e-02
 4.30586644e-02 2.29623115e-02 6.78008940e-02 7.08383966e-02
 2.00004113e-02 1.39070025e-02 6.18552713e-02 6.89834933e-02
 4.87223016e-02 4.96622119e-02 6.64372293e-02 2.02074873e-02
 6.65718103e-02 1.30839964e-02 1.54483151e-02 1.60088490e-02
 1.58304531e-03 7.07967804e-02 4.64821266e-04 3.15636398e-02
 3.77911615e-02 5.04890233e-03 4.09899222e-03 5.06529615e-02
 3.66092188e-02 3.90807138e-02 2.55951029e-02 6.18435874e-02
 6.53221133e-02 3.21339373e-02 3.80311008e-02 5.29857689e-02
 3.92674788e-02 3.71300423e-02 7.84684369e-02 4.04399924e-02
 7.26889685e-02 8.23068470e-02 7.55714363e-02 8.79688480e-02
 3.30202023e-02 7.57126047e-02 6.67604219e-02 7.05105929e-02
 2.71529727e-02 5.15705014e-02 6.99060648e-02 5.97036469e-02
 7.69899834e-02 4.58016640e-03 8.16684937e-02 6.52346632e-02
 5.11286188e-02 5.43836881e-02 7.96317511e-02 3.00534278e-02
 4.11540815e-02 1.59679477e-02 4.19365938e-02 1.59484285e-02
 8.65922228e-02 2.86201783e-02 1.24379881e-02 9.28720361e-03
 3.08014458e-02 4.71003974e-02 9.96303191e-02 6.46734003e-02
 5.69058449e-02 4.49132399e-02 7.36631375e-03 1.46197411e-02
 7.04494194e-02 7.72324450e-02 3.72171126e-02 5.48251184e-02
 1.28812695e-02 1.73271619e-02 7.94937905e-02 2.84595267e-02
 7.85617876e-02 5.25221919e-02 6.44133408e-03 5.40909617e-02
 1.70547425e-02 5.15157452e-02 4.96945832e-02 5.08273381e-02
 2.54058187e-02 2.40527737e-02 4.80976293e-02 6.86386741e-02
 8.82246534e-03 6.23948160e-02 2.51141555e-02 7.29209917e-02
 8.20909669e-02 2.94141167e-02 7.40844802e-02 5.29082064e-02
 8.69223824e-02 6.75244805e-02 5.20369458e-02 9.38440587e-02
 1.84859246e-02 5.96307345e-02 2.48354392e-02 4.91585666e-03
 7.39850661e-02 8.00879192e-02 9.42092357e-02 9.47563311e-02
 5.18635628e-02 6.75988557e-02 7.41054699e-02 4.13911974e-03
 2.59296025e-02 1.93728804e-02 3.50984424e-02 8.86016146e-02
 2.16787223e-02 5.13553736e-02 2.39216285e-02 2.07337815e-02
 4.09887087e-02 1.62770572e-02 9.50391611e-02 3.89092866e-02
 3.44328704e-02 2.74132939e-02 6.02070605e-02 1.17892065e-03
 5.24197209e-02 7.32446496e-03 9.93007841e-02 5.35003323e-02
 7.09762654e-02 4.88215312e-03 1.13814749e-02 4.71860832e-03
 7.83125627e-02 6.40502957e-02 8.11578245e-02 6.25483110e-02
 7.20385059e-02 5.01271238e-02 4.86296079e-02 1.58759035e-02
 2.68201545e-02 6.33835651e-02 5.33065373e-02 4.04228406e-02
 8.43442027e-02 7.15476924e-03 6.39658877e-02 5.89294726e-02
 5.34798473e-02 5.72293739e-02 4.15666652e-02 2.45380010e-03
 2.90483056e-02 7.46505359e-02 1.51837636e-02 2.48500672e-02
 9.39814375e-03 5.10065563e-02 8.15169724e-02 4.03076000e-02
 2.86286768e-03 3.17192271e-02 6.20763517e-02 7.66603821e-02
 6.94456906e-02 7.02990626e-02 5.69820063e-02 6.88867435e-02
 6.56075763e-02 3.02779711e-02 4.93088194e-02 3.37065111e-03
 2.04175893e-02 3.16934652e-02 2.53329468e-02 8.00233734e-02
 5.55177467e-02 5.49052020e-02 7.53814441e-03 1.06188125e-02
 8.05109466e-02 1.51067102e-02 3.21152330e-02 5.33137165e-02
 7.93822966e-02 6.20671557e-02 4.91621640e-02 8.73972084e-02
 1.71617687e-02 2.62636083e-02 5.68593496e-02 2.08601006e-03
 4.23353180e-02 1.89882897e-02 3.12653222e-02 4.27879003e-02
 8.60599415e-02 8.59049110e-02 8.38222128e-02 5.09519803e-02
 8.18607265e-02 8.65871967e-02 9.93201169e-02 2.86620739e-02
 7.09833443e-02 5.20326563e-03 7.67690588e-02 2.71641719e-02
 6.95965298e-02 5.40911433e-02 4.72505392e-02 4.45821770e-02
 1.83683818e-02 2.64973915e-04 3.32563937e-02 2.85667732e-02
 8.61890270e-02 6.08625500e-03 7.67410012e-02 7.79856135e-02
 3.75898773e-03 5.62002388e-02 1.74918154e-02 1.85749578e-02
 9.37158255e-02 1.00110137e-02 6.90455285e-02 1.95809959e-02
 5.59214119e-02 6.17923420e-02 5.06533688e-02 7.51530440e-02
 4.18560117e-02 1.73032762e-02 1.27165550e-02 3.78378689e-02
 3.31350484e-02 9.17441878e-02 9.07097284e-03 9.02791506e-02
 7.58161045e-02 1.79094923e-02 6.12731767e-02 1.43813963e-02
 7.91238830e-02 7.11140158e-02 6.54506101e-03 8.72239438e-02
 6.20139459e-02 5.85557946e-02 9.39440814e-02 2.76858968e-02
 7.37535266e-02 8.24678689e-03 7.68867181e-02 5.82019725e-02
 4.13504490e-02 7.62508493e-02 7.52864148e-02 2.97256402e-02
 4.21972451e-02 1.85873121e-02 5.40474159e-02 6.53601028e-02
 5.58547952e-02 4.94131787e-03 7.49230678e-04 5.72949244e-03
 8.58963649e-02 1.45845225e-02 9.06456785e-02 4.08507548e-02
 9.56667480e-02 9.07221877e-02 3.10383226e-02 3.29487272e-02
 9.03299739e-02 6.94068352e-03 2.24214595e-02 6.15066185e-02
 6.29191436e-02 4.60578636e-02 1.01904392e-02 3.31399507e-02
 5.38503619e-04 7.04705481e-03 3.44359142e-02 1.96903677e-02
 2.38897948e-02 2.00225899e-02 1.25917022e-02 8.66149856e-02
 3.40098665e-02 8.76469882e-02 9.16194995e-02 1.50993249e-02
 3.53999685e-02 2.76452772e-02 8.31206646e-02 1.42032632e-03
 3.52762723e-03 8.45234298e-03 8.68954653e-02 6.14961912e-02
 7.20994326e-02 2.00126347e-02 7.43031118e-02 6.45422678e-02
 4.22371692e-02 3.44780399e-04 1.15206441e-02 2.16291741e-02
 2.98340831e-03 6.89700238e-03 9.72490820e-03 9.95731377e-02
 2.13151552e-02 5.86221475e-02 1.29082046e-02 5.12220960e-03
 8.81668014e-02 6.44568549e-02 7.41764807e-02 3.69213929e-02
 6.42987152e-02 3.48449693e-02 2.55035403e-03 1.20585275e-03
 2.42006987e-02 4.29712171e-02 2.65278783e-02 2.66581013e-02
 8.00602961e-02 9.25404289e-02 2.56758195e-02 7.26810654e-02
 1.48756944e-02 6.28664594e-02 6.35084520e-02 9.20484923e-02
 5.09025090e-02 7.21473413e-02 6.39198294e-02 6.89020719e-02
 5.63769345e-02 7.42210374e-02 1.59124378e-02 2.26473631e-02
 9.95146261e-02 8.97073529e-02 6.60630203e-02 9.87698318e-02
 1.20484305e-02 9.95940650e-02 7.61050122e-02 2.77140843e-02
 3.20774300e-02 4.02311333e-02 2.30382272e-02 1.38490793e-02
 6.87002541e-02 3.74206852e-02 3.73755988e-02 3.52968204e-02
 5.44818818e-02 3.83945794e-02 4.25368168e-02 6.09418341e-02
 8.09198167e-02 3.55836572e-02 2.52681044e-02 8.62853956e-02
 4.74888162e-02 4.97270577e-02 5.16665751e-02 5.95472494e-02
 6.76832364e-02 8.85807111e-02 3.94750211e-02 6.74036960e-02
 2.18314566e-02 9.01105053e-02 6.41838156e-02 4.62591613e-02
 8.27407946e-02 2.36946727e-02 9.68547262e-02 7.16821056e-02
 1.36361206e-02 9.38953180e-02 6.04165099e-02 7.19355021e-02
 2.18327186e-02 9.26083343e-02 9.67963239e-02 7.86687015e-02
 1.63286803e-02 7.41363925e-02 6.14615255e-02 8.65709942e-02
 4.56201228e-02 9.59653837e-02 9.98703743e-02 4.01078286e-02
 7.20971801e-02 9.78623444e-02 8.03654812e-02 3.61995094e-02
 7.88861681e-02 5.74542987e-02 4.46993609e-02 9.38471694e-02
 9.45887826e-02 9.22538722e-02 3.18605168e-02 8.12636759e-02
 5.39271427e-02 7.31156037e-02 9.73015660e-02 5.51564839e-02
 4.34208898e-02 7.38018837e-02 4.44481542e-02 6.62048014e-02
 5.28315508e-02 8.53266229e-03 5.45129031e-02 1.17370506e-02
 7.84182855e-04 6.28048878e-02 8.24686251e-02 7.72008042e-02
 6.49253100e-02 4.05233307e-02 3.30500862e-02 9.05026254e-05
 7.30500451e-02 8.69799063e-02 8.00674499e-02 4.80214093e-02
 1.66030217e-03 4.66276202e-02 2.56201856e-02 2.86076913e-02
 1.62939091e-02 7.73969317e-02 5.77445586e-02 7.19032556e-02
 9.02677746e-02 6.96815012e-03 2.37782108e-02 1.89929833e-02
 7.93612290e-02 7.64662000e-02 9.46095720e-02 5.00165357e-02
 4.65839540e-02 1.16974163e-02 6.39743023e-02 3.10659599e-02
 7.92707321e-02 4.34783490e-02 1.12807291e-03 3.81735150e-02
 2.14106478e-02 3.50579911e-02 2.29709648e-02 8.82317823e-02
 7.18385243e-02 6.62611576e-02 7.61514266e-02 4.50734992e-02
 4.64066117e-02 6.95741431e-02 1.09122049e-02 3.54424927e-02
 3.53706570e-02 2.08271502e-02 4.12445732e-03 2.55074708e-02
 6.37550880e-02 9.51984166e-02 5.04110768e-02 7.80839392e-02
 3.74993185e-02 8.81061887e-02 1.31642315e-02 7.38863250e-02
 3.86847565e-02 4.50759635e-02 2.34643207e-02 3.87069299e-02
 5.35648426e-02 6.94221403e-02 7.28310690e-02 3.23207769e-02
 9.93587206e-02 3.44982291e-02 4.97179868e-02 6.37857225e-02
 7.98283830e-02 2.66190436e-02 9.93070828e-02 9.83484578e-02
 5.43380295e-02 7.09693966e-02 4.31242802e-03 9.78097145e-02
 2.39267134e-03 5.92189157e-02 8.95587221e-02 2.34831206e-03
 7.70493853e-02 8.46875717e-02 4.01757893e-03 4.81898461e-02
 3.38032209e-02 7.48405298e-02 1.76307438e-03 9.02547740e-02
 9.09748855e-02 5.53109219e-02 1.51227849e-02 7.98370569e-03
 7.84325914e-02 2.63709361e-02 9.52546042e-04 8.65300811e-02
 6.05813176e-02 8.59674564e-02 1.24333166e-02 6.76960221e-02
 2.32231424e-02 5.29378659e-02 4.82799628e-02 1.97257523e-03
 8.16335211e-02 3.97190158e-02 5.65966643e-02 8.69979229e-02
 3.91220564e-02 6.08477451e-02 7.39047469e-02 1.47957625e-02
 1.98120872e-02 5.55130643e-02 4.72930145e-02 8.31289899e-02
 6.78015653e-02 5.06643891e-03 9.37007165e-02 5.95198504e-04
 4.67905882e-02 7.61263681e-02 3.07867991e-02 2.83047164e-02
 4.78331113e-02 8.68985873e-02 2.56205504e-02 6.93692851e-02
 4.65607886e-02 8.83597946e-03 4.15866423e-02 4.45788388e-02
 9.39636514e-02 8.12839544e-02 7.30017290e-02 7.39798253e-02
 1.41899742e-03 4.78870052e-02 6.76095771e-02 6.30974384e-02
 6.88778320e-02 6.14601633e-02 8.37534073e-02 2.00277127e-02
 3.74418660e-02 4.39546441e-02 7.58299152e-02 9.63901408e-02
 6.82487215e-02 1.03151675e-02 6.46946559e-02 9.26383931e-02
 1.01375468e-02 5.74385435e-02 4.70869706e-02 4.26430536e-02
 7.07687878e-02 6.96143275e-02 7.07612797e-02 3.30903471e-02]
[[-0.03396862  0.10180412 -0.03026804 ... -0.00519877  0.01948323
  -0.04109522]
 [ 0.12242976 -0.01633471 -0.03450174 ... -0.17227741 -0.16383688
   0.09598158]
 [-0.12583993  0.04786489 -0.06083993 ...  0.00322466  0.14294463
  -0.07115263]
 ...
 [-0.16954126  0.03274714 -0.08245077 ...  0.07041851  0.02085896
  -0.08859749]
 [ 0.00686379  0.063624    0.09502212 ...  0.14854579 -0.02460355
   0.19894482]
 [ 0.14128821 -0.01008883 -0.1459435  ... -0.07464749 -0.08007854
  -0.05079324]]
Epoch 0, Iters 0, Validation Loss: 887.71
Epoch 0, Iters 125, Training Loss: -81.66, Validation Loss: -151.67
Epoch 1, Iters 250, Training Loss: -152.73, Validation Loss: -160.51
Epoch 2, Iters 375, Training Loss: -159.72, Validation Loss: -164.25
Epoch 3, Iters 500, Training Loss: -161.93, Validation Loss: -158.12
Epoch 4, Iters 625, Training Loss: -164.25, Validation Loss: -164.52
Epoch 5, Iters 750, Training Loss: -164.22, Validation Loss: -168.74
Epoch 6, Iters 875, Training Loss: -165.93, Validation Loss: -168.55
Epoch 7, Iters 1000, Training Loss: -165.58, Validation Loss: -165.43
Epoch 8, Iters 1125, Training Loss: -162.71, Validation Loss: -162.37
Epoch 9, Iters 1250, Training Loss: -162.53, Validation Loss: -163.31
Epoch 10, Iters 1375, Training Loss: -160.96, Validation Loss: -163.69
Epoch 11, Iters 1500, Training Loss: -163.17, Validation Loss: -164.72
Epoch 12, Iters 1625, Training Loss: -161.18, Validation Loss: -163.26
Epoch 13, Iters 1750, Training Loss: -165.39, Validation Loss: -163.05
Epoch 14, Iters 1875, Training Loss: -161.33, Validation Loss: -166.19
Epoch 15, Iters 2000, Training Loss: -161.67, Validation Loss: -161.18
Epoch 16, Iters 2125, Training Loss: -163.19, Validation Loss: -162.38
Epoch 17, Iters 2250, Training Loss: -162.72, Validation Loss: -165.79
Epoch 18, Iters 2375, Training Loss: -166.32, Validation Loss: -162.70
Epoch 19, Iters 2500, Training Loss: -166.44, Validation Loss: -173.34
Epoch 20, Iters 2625, Training Loss: -165.01, Validation Loss: -166.10
Epoch 21, Iters 2750, Training Loss: -166.59, Validation Loss: -162.32
Epoch 22, Iters 2875, Training Loss: -167.28, Validation Loss: -162.25
Epoch 23, Iters 3000, Training Loss: -169.06, Validation Loss: -173.88
Epoch 24, Iters 3125, Training Loss: -168.07, Validation Loss: -171.44
Epoch 25, Iters 3250, Training Loss: -168.08, Validation Loss: -165.57
Epoch 26, Iters 3375, Training Loss: -168.10, Validation Loss: -162.32
Epoch 27, Iters 3500, Training Loss: -168.67, Validation Loss: -168.40
Epoch 28, Iters 3625, Training Loss: -168.33, Validation Loss: -169.93
Epoch 29, Iters 3750, Training Loss: -168.11, Validation Loss: -168.12
Epoch 30, Iters 3875, Training Loss: -169.23, Validation Loss: -169.61
Epoch 31, Iters 4000, Training Loss: -167.93, Validation Loss: -166.34
Epoch 32, Iters 4125, Training Loss: -166.75, Validation Loss: -168.25
Epoch 33, Iters 4250, Training Loss: -170.51, Validation Loss: -166.26
Epoch 34, Iters 4375, Training Loss: -168.52, Validation Loss: -172.04
Epoch 35, Iters 4500, Training Loss: -168.81, Validation Loss: -170.66
Epoch 36, Iters 4625, Training Loss: -169.61, Validation Loss: -169.77
Epoch 37, Iters 4750, Training Loss: -169.74, Validation Loss: -161.42
Epoch 38, Iters 4875, Training Loss: -170.42, Validation Loss: -175.34
Epoch 39, Iters 5000, Training Loss: -172.04, Validation Loss: -169.25
Epoch 40, Iters 5125, Training Loss: -170.48, Validation Loss: -170.92
Epoch 41, Iters 5250, Training Loss: -169.60, Validation Loss: -171.51
Epoch 42, Iters 5375, Training Loss: -171.11, Validation Loss: -173.72
Epoch 43, Iters 5500, Training Loss: -174.17, Validation Loss: -173.82
Epoch 44, Iters 5625, Training Loss: -175.22, Validation Loss: -177.40
Epoch 45, Iters 5750, Training Loss: -173.43, Validation Loss: -172.07
Epoch 46, Iters 5875, Training Loss: -170.77, Validation Loss: -172.28
Epoch 47, Iters 6000, Training Loss: -171.81, Validation Loss: -173.93
Epoch 48, Iters 6125, Training Loss: -171.79, Validation Loss: -171.00
Epoch 49, Iters 6250, Training Loss: -169.32, Validation Loss: -169.14
Epoch 50, Iters 6375, Training Loss: -171.62, Validation Loss: -158.67
Epoch 51, Iters 6500, Training Loss: -172.16, Validation Loss: -149.70
Epoch 52, Iters 6625, Training Loss: -170.65, Validation Loss: -170.64
Epoch 53, Iters 6750, Training Loss: -170.66, Validation Loss: -167.43
Epoch 54, Iters 6875, Training Loss: -170.04, Validation Loss: -172.76
Epoch 55, Iters 7000, Training Loss: -170.92, Validation Loss: -164.49
Epoch 56, Iters 7125, Training Loss: -171.08, Validation Loss: -172.93
Epoch 57, Iters 7250, Training Loss: -173.20, Validation Loss: -146.50
Epoch 58, Iters 7375, Training Loss: -174.77, Validation Loss: -171.71
Epoch 59, Iters 7500, Training Loss: -174.15, Validation Loss: -172.88
Epoch 60, Iters 7625, Training Loss: -174.82, Validation Loss: -172.09
Epoch 61, Iters 7750, Training Loss: -172.40, Validation Loss: -172.70
Epoch 62, Iters 7875, Training Loss: -172.42, Validation Loss: -172.06
Epoch 63, Iters 8000, Training Loss: -170.66, Validation Loss: -168.83
Epoch 64, Iters 8125, Training Loss: -169.03, Validation Loss: -169.85
Early stopping at iters 8125
Best model loaded.
Training complete.
The training time is 1459.08 sec.
Best model weights saved to /home/jingyizhao/lanyue/L2O/L2O-pMINLP-master/L2O-pMINLP-master/result/weight/best_weights.pth
  0%|          | 0/5 [00:00<?, ?it/s] 20%|██        | 1/5 [00:01<00:07,  1.83s/it] 40%|████      | 2/5 [00:03<00:05,  1.74s/it] 60%|██████    | 3/5 [00:05<00:03,  1.70s/it] 80%|████████  | 4/5 [00:06<00:01,  1.71s/it]100%|██████████| 5/5 [00:08<00:00,  1.69s/it]100%|██████████| 5/5 [00:08<00:00,  1.71s/it]
          Obj Val  Mean Violation  Max Violation  Num Violations  Elapsed Time
count    5.000000             5.0            5.0             5.0      5.000000
mean  -182.129954             0.0            0.0             0.0      0.110091
std      0.774089             0.0            0.0             0.0      0.023062
min   -182.802320             0.0            0.0             0.0      0.083244
25%   -182.630843             0.0            0.0             0.0      0.098512
50%   -182.332733             0.0            0.0             0.0      0.105746
75%   -182.036089             0.0            0.0             0.0      0.118453
max   -180.847786             0.0            0.0             0.0      0.144497
Number of infeasible solutions: 0
  0%|          | 0/5 [00:00<?, ?it/s]此时传入模型的b
[-9.18032110e-01 -3.62882972e-01 -6.52176678e-01  1.49249304e-02
 -6.61253512e-01 -7.12434292e-01 -8.28995585e-01  3.08202595e-01
  4.47725892e-01  2.46073037e-01 -5.70918441e-01 -8.93559158e-01
 -1.33913174e-01  4.24874313e-02 -2.26947501e-01  3.18461716e-01
 -8.26417208e-01  2.58527368e-01  7.91813195e-01 -8.28916073e-01
  3.17657858e-01  5.57388186e-01 -5.66239238e-01  5.34603119e-01
  4.76359636e-01  1.46248490e-01 -5.04976511e-01 -4.20089215e-01
  2.35541686e-01  6.49451077e-01  8.66691172e-01  1.95684750e-02
 -1.62847146e-01  7.02135086e-01  2.30297372e-01 -9.67297316e-01
 -9.41880107e-01 -8.06121767e-01  9.01487052e-01  6.43554986e-01
  6.54390275e-01 -9.64971364e-01  5.81789792e-01 -6.45906150e-01
 -1.14904538e-01  1.98970526e-03 -2.09353510e-02  5.06093383e-01
  7.61417687e-01  9.48281050e-01 -8.26685250e-01  4.43257540e-01
 -1.11315496e-01  4.99088109e-01 -3.20349097e-01 -2.27933824e-01
  1.80872992e-01  8.76135468e-01 -6.28334224e-01  7.02815056e-01
  3.03531557e-01 -7.85718977e-01  5.31349003e-01  9.54422295e-01
 -8.96318257e-01 -5.75781584e-01 -2.13043109e-01  3.35579097e-01
 -3.55232924e-01 -9.45485771e-01 -9.35561657e-02  8.72331917e-01
  5.88421762e-01  1.01730257e-01  8.68094385e-01  6.19610190e-01
  7.00414598e-01  9.45705354e-01 -3.01936418e-01  3.74872386e-01
 -9.97010052e-01  7.42576122e-01 -8.36760223e-01  1.94872558e-01
 -8.38597775e-01 -4.54655349e-01  5.58820128e-01  3.23650926e-01
 -1.67462051e-01 -8.31387579e-01  6.29172564e-01  7.89854288e-01
 -3.55431080e-01  1.27157688e-01  1.01648167e-01 -6.78137898e-01
 -5.11877298e-01 -5.06780744e-01 -2.84827620e-01 -7.54449219e-02
 -5.25132596e-01  3.68824929e-01 -1.67673469e-01 -2.75438875e-01
  2.78484702e-01  9.84911203e-01  1.80693209e-01  6.73212230e-01
  3.96082699e-01 -8.92307103e-01  7.43008435e-01  4.46233541e-01
 -7.37748265e-01  5.01307309e-01 -1.73000708e-01  7.78716922e-01
  5.48878729e-01 -4.25966121e-02  4.64784592e-01  6.61966980e-01
  1.45872131e-01  5.17294824e-01 -6.72987044e-01 -4.55968827e-01
 -8.07947338e-01 -3.54260236e-01 -1.99091837e-01  5.71599782e-01
  4.38813657e-01  2.19060197e-01  8.44736695e-01 -2.01018959e-01
  6.79915845e-02  5.29708207e-01  4.83945936e-01 -7.28820503e-01
 -2.65758216e-01 -3.21705073e-01  2.34367743e-01 -1.52407056e-02
 -4.14711893e-01 -4.99809743e-04  3.80778760e-01  3.84258121e-01
 -5.36694378e-02  7.09097266e-01 -1.98611513e-01 -2.21642911e-01
 -6.94937885e-01  3.88864130e-01  8.21377516e-01  1.45099936e-02
  4.46717530e-01  1.32616624e-01  4.22020912e-01  4.51172858e-01
 -6.68724775e-01 -3.52210224e-01 -2.38056853e-02  9.46038485e-01
  4.48279589e-01 -8.91900241e-01  9.46617499e-02  3.42880130e-01
 -2.64924437e-01  9.62001204e-01  6.28061771e-01 -9.70886499e-02
 -7.94590414e-01  5.64478159e-01  8.34954858e-01  1.15923077e-01
 -9.96384919e-01 -5.25751531e-01 -1.54726997e-01 -6.75732136e-01
 -2.78318018e-01  6.60344839e-01  5.28563380e-01  2.15551630e-01
 -5.34033537e-01  6.69211328e-01 -4.85612005e-01  2.65794545e-01
  7.00774014e-01  2.57935617e-02 -9.89125609e-01  8.71093750e-01
  4.03910756e-01  9.94533122e-01  6.01838231e-01 -9.20475364e-01
 -6.33484066e-01  7.10969120e-02 -2.23342985e-01  3.34397852e-02
  8.88353467e-01  7.09442258e-01 -9.35535669e-01 -5.75222552e-01
  5.78429401e-01  3.17164540e-01  3.97154152e-01 -1.19262233e-01
 -6.11162364e-01 -1.15485519e-01 -6.02797866e-01  3.36585790e-01
  5.19935846e-01 -1.00285664e-01  7.47294664e-01 -4.72427458e-01
  7.24856436e-01  6.56267047e-01 -1.66036800e-01 -8.16675544e-01
 -3.10190916e-01 -4.15538222e-01  1.66860253e-01 -3.63637000e-01
  4.06623811e-01 -9.20756519e-01  9.14684236e-01  1.28279760e-01
 -8.19491208e-01  5.45167923e-01  6.18491292e-01  6.05821371e-01
 -4.28197175e-01  5.86052001e-01 -6.65169239e-01  4.72843707e-01
 -5.57007015e-01 -9.86447334e-01 -4.34020728e-01  1.12862825e-01
  1.53538421e-01 -6.23678446e-01  7.76730478e-01 -2.19274729e-01
  8.77903461e-01 -8.92085075e-01 -2.83258826e-01  1.40873432e-01
 -9.64595795e-01  9.79645550e-01 -8.34896207e-01 -8.98818612e-01
 -3.87980253e-01 -4.38285410e-01 -1.12743489e-01  9.65496421e-01
 -7.45836049e-02  3.52190584e-01 -6.24486089e-01  9.60393250e-01
  5.07198930e-01 -2.37347767e-01 -9.10176814e-01 -1.67922854e-01
  9.49692786e-01 -4.68882799e-01 -9.78178263e-01  2.72928834e-01
 -1.91416189e-01 -5.83342373e-01  7.60425508e-01 -3.42710704e-01
 -4.57221955e-01 -1.87306944e-02  8.38610828e-01  7.20417082e-01
 -8.02136719e-01 -9.21833694e-01  9.43985343e-01  8.16180468e-01
 -7.92920113e-01 -7.62272954e-01 -2.23530859e-01 -2.53315344e-02
  9.62674916e-01 -4.60109144e-01  9.80232775e-01  7.62892485e-01
  2.43781179e-01 -5.48421979e-01 -8.79727542e-01 -1.53102770e-01
  3.46346617e-01 -7.83981979e-02 -6.29317641e-01 -2.18934849e-01
  4.75923419e-01  7.46271193e-01 -4.65516895e-01 -4.71894324e-01
  6.22728109e-01 -5.75071275e-01  4.62645918e-01 -7.07409322e-01
  6.96931541e-01 -1.21116571e-01  7.22395241e-01  8.49933982e-01
 -2.37222195e-01 -5.16243219e-01 -6.39438450e-01  2.22043782e-01
 -5.40078804e-02  4.86371905e-01  1.77483633e-01 -5.23302592e-02
  3.93969119e-02 -7.68088400e-01 -5.07007539e-01 -5.82883179e-01
  4.50714052e-01  7.05627799e-01  6.50048316e-01 -3.87915641e-01
 -5.03853083e-01  9.44726527e-01  4.85321045e-01  9.93968695e-02
  9.77076530e-01  3.24305117e-01 -7.12916911e-01 -1.60007715e-01
  8.74987125e-01 -4.16915596e-01  1.30416632e-01 -4.97333169e-01
  7.63313413e-01 -4.32335973e-01 -5.34707963e-01 -6.81068897e-01
  8.69676843e-02 -8.90674293e-01  5.11723340e-01 -1.08358627e-02
 -5.81761420e-01 -3.87225710e-02  6.21130288e-01  6.41406626e-02
  3.43092114e-01  5.94115853e-01  8.78407955e-02  5.40532708e-01
 -6.10655546e-01 -1.56117648e-01  1.14994496e-02 -2.36651793e-01
 -9.47869480e-01 -3.67730469e-01 -3.30787718e-01  2.85251677e-01
  9.16706204e-01  8.59669209e-01 -3.85284871e-01  1.54419988e-01
 -4.45296198e-01 -6.78265631e-01 -5.85964680e-01  4.26801324e-01
  5.15401661e-01  4.33752477e-01 -6.14394724e-01 -4.92635339e-01
 -4.91326541e-01 -6.27507091e-01 -9.80287969e-01  4.59558666e-01
  4.91984904e-01 -3.32560867e-01  7.26430833e-01 -1.52511925e-01
 -2.06986308e-01  2.32901946e-01  4.03849423e-01  5.87870598e-01
 -2.89841950e-01  1.80500358e-01  7.41469324e-01  9.08494830e-01
  5.17035611e-02  9.98225689e-01 -3.82885098e-01 -1.07864186e-01
 -7.96779096e-01 -2.02231422e-01  4.43948776e-01  2.67542988e-01
  2.18577161e-01 -6.49365962e-01 -1.16395615e-02  8.93447839e-04
 -1.65186197e-01  3.30063194e-01  9.88418937e-01  8.25372860e-02
  5.34665167e-01  7.76364267e-01 -2.72143394e-01  1.47566304e-01
  2.12694570e-01 -1.22426629e-01 -1.84593394e-01  1.60797328e-01
  9.03400958e-01 -6.38023198e-01 -2.13956639e-01  1.22863106e-01
  5.48783720e-01  5.19322991e-01 -4.27879304e-01 -8.21290970e-01
 -8.13194931e-01  6.47214234e-01 -3.29787999e-01  8.71356606e-01
  8.95698488e-01 -4.80534852e-01 -4.95929390e-01 -2.34261706e-01
  6.67674780e-01 -7.25710690e-02 -7.54245698e-01  4.37554777e-01
  9.76488829e-01 -6.30402505e-01  1.67909175e-01 -7.06601143e-01
 -3.84895056e-01  4.65692401e-01 -2.37511858e-01  7.76957929e-01
 -8.82064760e-01 -3.83418649e-01  8.49915624e-01  3.81700009e-01
  5.48255503e-01 -5.18257856e-01 -8.90259445e-01  9.85306323e-01
 -4.10747647e-01  4.80768710e-01 -8.51531982e-01  5.87741256e-01
  4.28924739e-01  4.82839257e-01  1.89852282e-01 -9.93908942e-01
 -3.24097574e-01 -2.50479169e-02 -7.48431504e-01 -8.01047310e-02
  3.18833470e-01  4.76550967e-01  5.91595471e-01  8.47382620e-02
  3.43073398e-01  9.37949598e-01  3.78572017e-01  7.40647972e-01
  3.27364624e-01  7.69138992e-01  3.77315611e-01 -1.36973411e-01
 -8.10245037e-01  1.21614531e-01  2.91051507e-01  1.90198138e-01
 -6.82282805e-01 -7.16970623e-01  5.24312258e-01 -8.17330897e-01
 -9.15383101e-01 -6.07702971e-01 -7.09079444e-01  4.46639717e-01
 -2.48299733e-01  4.90540653e-01  2.92342812e-01 -3.30846667e-01
 -6.15218222e-01  5.10342002e-01 -1.34564890e-02 -7.91223943e-01
  4.68892336e-01 -9.84562933e-01  4.59059149e-01  1.29135728e-01
 -2.55753905e-01 -2.41368547e-01 -9.64896142e-01  5.58479249e-01
  9.02184069e-01  3.09150130e-01  8.76897633e-01  4.67803329e-01
  8.17489803e-01 -7.68120512e-02  7.18861282e-01 -9.81388807e-01
  1.14793248e-01  6.95021033e-01  3.86196226e-01 -5.65052271e-01
  9.95454848e-01  3.41096431e-01 -5.82287490e-01 -7.96286047e-01
 -1.66247308e-01 -4.90132123e-01 -4.58093911e-01  3.27796012e-01
  5.25715888e-01  6.19372368e-01 -8.22296083e-01  9.39115107e-01
  3.04794192e-01  9.62756097e-01 -7.59147942e-01  4.18325454e-01
 -2.07882851e-01 -9.21409905e-01 -9.28200006e-01 -2.03703135e-01
 -6.52936339e-01  6.78298235e-01  9.67832625e-01  2.27810126e-02
 -4.83382851e-01  9.08484697e-01 -8.92783999e-02 -6.15841560e-02
  2.04917401e-01 -8.94868851e-01  7.30319262e-01 -7.02708066e-01
 -4.36090082e-01 -1.97066382e-01 -2.69172430e-01 -2.88876653e-01
 -1.15282133e-01 -3.82376343e-01 -3.93208265e-01 -3.36058557e-01
  1.82843402e-01  8.82825732e-01  5.74526608e-01 -9.44218859e-02
 -8.99106503e-01  4.65662539e-01  4.41661566e-01  2.45741550e-02
  2.21710041e-01 -4.92506891e-01 -4.86413211e-01 -5.62055111e-01
  3.54435056e-01  4.20860425e-02  8.67310524e-01  1.59271788e-02
  9.03254509e-01  1.50390223e-01  1.71308611e-02 -4.86142874e-01
  2.11183041e-01 -6.13054454e-01  5.44235408e-01 -8.00279796e-01
 -3.75905007e-01 -9.90259290e-01 -8.56015742e-01  7.46220723e-02
  1.38451114e-01 -4.22688186e-01  9.17741582e-02  4.51875895e-01
  7.55762756e-01  9.90259290e-01  7.30876863e-01 -9.07649323e-02
  6.08753026e-01  3.70152503e-01 -2.92975962e-01  8.38821232e-01
  7.18172848e-01 -8.12222436e-02 -4.39972579e-01 -6.69922590e-01
  6.55497015e-01 -6.52662218e-01 -4.28813249e-01 -6.49839640e-01
 -5.71360171e-01 -8.01616967e-01  2.93532491e-01  6.51232541e-01
 -2.31493991e-02 -5.88276498e-02 -1.54183701e-01 -9.55436587e-01
 -3.93607825e-01  9.93398368e-01  8.95460621e-02  4.15846080e-01
  1.02443889e-01  4.92713332e-01 -6.59544945e-01 -1.11269997e-02
  8.00423920e-01 -9.02825117e-01 -1.62585765e-01 -8.39722931e-01
 -7.34500349e-01  1.20010979e-01  4.53650765e-02  2.49947816e-01
 -7.42575109e-01  2.68491864e-01  6.42285543e-03 -4.20366526e-02
  8.08847070e-01 -7.35254109e-01  6.98181808e-01 -9.20430183e-01
 -8.39823663e-01  7.21771359e-01  7.43651032e-01 -6.65949941e-01
 -7.35546589e-01 -9.17621195e-01 -8.57909977e-01  3.25409055e-01
 -7.86799565e-02 -4.21378553e-01 -5.83364487e-01 -3.56731892e-01
  7.58063197e-01 -3.71374458e-01  5.59464455e-01 -7.27762818e-01
  5.13424516e-01  5.60216784e-01 -6.82576537e-01 -8.43787730e-01
  3.20386618e-01  8.55771184e-01 -8.77263606e-01 -5.55805713e-02
  4.46396023e-01  9.48452234e-01 -5.12576997e-01 -1.32573068e-01
 -4.14044589e-01  1.46295577e-01  2.43149877e-01 -5.96257389e-01
 -2.00798646e-01 -1.71353489e-01  2.50496924e-01  3.81844044e-02
  8.83788288e-01  1.26664013e-01  5.16944706e-01 -3.90512019e-01
  8.03455114e-01 -2.67921001e-01 -9.12459791e-01  3.67864251e-01
 -8.24959457e-01  4.52690348e-02 -2.53874928e-01 -4.16713238e-01
  6.04367614e-01 -1.28668979e-01  3.42831314e-01  9.42990929e-02
  3.54311734e-01 -6.66470051e-01 -1.08693577e-01  1.00159079e-01
  3.25148433e-01  8.87786567e-01  8.46972883e-01 -7.44720548e-02
  8.43562365e-01  2.28402734e-01  2.38269627e-01 -9.07749772e-01
 -5.74315548e-01  7.93743789e-01 -5.14181316e-01  5.56398392e-01
 -5.67115903e-01 -5.94996691e-01  1.24686301e-01  7.05377460e-01
  4.24173623e-01  5.22277772e-01  1.49222255e-01 -7.29451597e-01
  6.09851301e-01 -4.22687501e-01 -2.17792019e-01 -6.03565991e-01
  2.93478101e-01 -6.42607212e-01  5.33849776e-01 -7.06169665e-01
 -5.75527728e-01 -6.24139369e-01  2.13064492e-01  3.55590552e-01
  4.90235686e-01  8.69394541e-01 -4.42526221e-01  5.95526338e-01
  1.34927630e-01 -4.31503832e-01  9.44094956e-01 -2.67869592e-01
  4.36750380e-03 -8.99836540e-01 -2.54767656e-01 -9.32848632e-01
 -4.89464879e-01  6.18545592e-01  1.31875053e-01 -5.11618078e-01
 -3.45370114e-01  6.77935779e-01 -7.90731728e-01  5.63365102e-01
  8.29472423e-01  2.25488581e-02  2.47208506e-01  2.42841080e-01
 -2.61235267e-01  1.63286641e-01 -4.12327290e-01  3.60934764e-01
  9.42457914e-01 -3.81021768e-01 -4.82414573e-01  2.53096879e-01
  4.62859660e-01  7.71074891e-01  4.79343474e-01  5.62941253e-01
 -3.00683737e-01  5.71564198e-01 -4.99340981e-01  4.55267094e-02
  4.00334626e-01  1.97183773e-01  6.34489238e-01  2.25564867e-01
 -5.23663700e-01 -1.72198899e-02 -1.03000619e-01  9.99871254e-01
 -6.75618351e-01 -2.59669304e-01  5.27185261e-01  8.21785510e-01
  7.05994189e-01  4.81233895e-01 -7.81522274e-01 -6.05946127e-03
 -9.33781981e-01  9.46932495e-01 -7.99420357e-01  5.53328812e-01
 -8.96585286e-01 -6.22785270e-01  7.11977601e-01  7.41956055e-01
 -4.50980604e-01 -7.69085139e-02 -4.13911581e-01  9.52879608e-01
  7.43506312e-01 -7.09438741e-01  7.30939433e-02 -9.71400499e-01
  4.30432260e-01  1.23317569e-01  5.52737154e-03  8.45311303e-03
  5.29114485e-01  1.35786027e-01  2.60112435e-01 -4.28424567e-01
  5.55535853e-01 -5.40684938e-01  3.77858996e-01 -8.36294174e-01
 -3.29142600e-01  2.51304924e-01  1.70691058e-01 -3.42359215e-01
  6.22118473e-01 -1.36162803e-01 -6.45321190e-01 -4.75043803e-01
  9.89275575e-01  8.00591707e-01  6.14448607e-01  5.89694440e-01
  1.35058895e-01  8.34768295e-01 -7.01112151e-01  3.14860418e-02
  2.42243022e-01  1.33746549e-01  6.52159676e-02  3.02663177e-01
 -4.70440239e-01  7.69977033e-01  8.03471088e-01  9.84397769e-01
  7.05760717e-01  5.88518739e-01 -3.44564021e-02 -4.87121642e-01
  2.53409464e-02 -1.27949998e-01 -9.99701679e-01 -7.76723742e-01
  5.68916857e-01  1.52555093e-01 -4.36048537e-01  2.14514256e-01
  3.95066105e-02  4.21644926e-01  4.74383652e-01 -3.92507970e-01
  3.20302129e-01 -1.15909934e-01  8.90900135e-01  2.12756395e-01
  8.41612875e-01  6.75546825e-01 -9.93845344e-01  6.68206066e-02
 -4.61225718e-01 -9.37378705e-01 -2.29195863e-01 -7.10594058e-01
 -6.69019938e-01  1.65951163e-01 -8.45394135e-01  7.00347543e-01
  1.74707353e-01 -9.79710042e-01 -2.22353786e-02  2.85701782e-01
 -4.53760237e-01  1.21636644e-01 -6.56628549e-01  7.26834536e-01
 -4.46095496e-01  1.65999368e-01  2.10234627e-01  3.01114768e-01
 -7.93080866e-01 -7.92932570e-01  1.18506499e-01 -1.43527552e-01
  8.84658039e-01  9.81425166e-01 -2.25438938e-01 -4.28748220e-01
 -8.25860441e-01  2.45355248e-01 -7.64858127e-01 -5.62728584e-01
 -8.38328898e-02  6.26925826e-01 -8.40714216e-01 -2.31094539e-01
  1.72029193e-02  1.15130052e-01  2.18093380e-01  1.57048240e-01
 -9.22506571e-01 -4.33842897e-01  7.83360481e-01 -8.32420886e-01
 -8.65144789e-01 -9.96224940e-01 -1.03649832e-01 -7.97438443e-01
  4.32715297e-01 -1.17381752e-01 -8.40935171e-01 -9.44166422e-01
 -1.48743272e-01  7.80005530e-02  6.34230614e-01 -3.20748538e-01
  2.03579322e-01 -9.39260185e-01 -7.88649559e-01  5.58800280e-01
 -6.11433864e-01  2.36663461e-01  5.25200725e-01 -5.14479399e-01
  9.75630641e-01  6.28279328e-01  8.07128251e-01 -8.08426976e-01
 -6.40996158e-01 -3.51346254e-01  7.36343384e-01  4.97830696e-02
  5.19007929e-02  7.62024343e-01 -4.61949967e-02  1.03341453e-01
 -3.27080160e-01 -5.51106930e-01 -8.88335854e-02  3.12886655e-01
 -1.40834659e-01  6.74210608e-01  1.06203571e-01  1.88105285e-01
  7.22521842e-01 -1.01635821e-01 -7.24522173e-01 -5.83438516e-01
 -9.88959372e-01 -2.23599538e-01 -9.33855176e-01  8.01887870e-01
  8.30236673e-02  8.32222402e-02  2.46401235e-01  9.24140334e-01
  5.28509498e-01  6.79000318e-01  9.75484073e-01 -6.29880309e-01
 -8.29800010e-01 -5.18183112e-01 -8.72389913e-01  8.34136307e-01
 -2.38815159e-01  4.16646361e-01  7.99157739e-01 -8.03164184e-01
 -7.26753592e-01 -4.26357448e-01  5.17787695e-01 -3.80970597e-01
  8.55301321e-01  2.59306133e-01  6.07594013e-01  5.61890125e-01
  3.91401201e-01  1.83419570e-01 -9.50104833e-01  6.33243680e-01
  1.58521518e-01  4.52710658e-01 -3.53808962e-02 -1.25334561e-01
  7.35537410e-01  2.34242931e-01  5.57545602e-01  6.73834145e-01
 -2.49437258e-01  9.58665669e-01  7.41157174e-01 -5.40747717e-02
 -3.81676704e-02 -6.16442382e-01  4.77716982e-01  1.83717050e-02
 -5.06545246e-01 -1.69280544e-01 -6.52009904e-01 -3.62262011e-01
  6.53466955e-02 -5.83852649e-01 -7.46681929e-01 -2.39506677e-01
  9.60790336e-01  3.41948301e-01 -2.70245582e-01 -6.82183921e-01
  8.76232982e-02 -7.99911857e-01 -8.85361969e-01 -5.35840333e-01]
======================================================
Solve MINLP problem:
[[0.00294665 0.         0.         ... 0.         0.         0.        ]
 [0.         0.00530587 0.         ... 0.         0.         0.        ]
 [0.         0.         0.00191521 ... 0.         0.         0.        ]
 ...
 [0.         0.         0.         ... 0.00179222 0.         0.        ]
 [0.         0.         0.         ... 0.         0.00191484 0.        ]
 [0.         0.         0.         ... 0.         0.         0.00325198]]
[8.25921182e-02 3.26560691e-02 8.96050598e-02 4.08873331e-02
 5.71850643e-02 6.66623414e-02 8.24330351e-02 4.99962463e-03
 9.74405529e-03 2.09468306e-03 4.76565671e-02 4.08458331e-02
 7.92204592e-02 6.24066329e-02 5.57125384e-02 4.73091978e-02
 7.29417948e-02 3.06893322e-02 9.75362528e-02 3.56703676e-02
 1.46179739e-02 3.20566496e-02 7.37057046e-02 1.76301835e-02
 5.85731838e-02 8.71095075e-03 7.54068493e-02 3.39863490e-02
 6.45268434e-02 4.69856773e-02 3.49099771e-02 5.29250902e-02
 8.72270596e-02 1.69638743e-02 3.84785851e-02 9.58509064e-02
 5.45909416e-02 8.17454424e-02 3.72766683e-02 8.94471494e-02
 2.19683513e-02 1.30863399e-02 2.50898857e-02 1.13687161e-02
 9.24160498e-03 5.94777224e-02 6.92019520e-02 6.00192834e-02
 4.75095521e-02 7.91188738e-02 5.60425948e-02 3.15070504e-02
 8.24654240e-02 7.15639817e-02 7.42399092e-04 1.94287797e-02
 3.36654003e-02 7.61941575e-03 6.98912264e-03 8.93588359e-02
 2.32295062e-02 6.18547823e-02 3.26307887e-02 2.12683743e-02
 4.40992419e-02 2.00533697e-03 8.02032172e-02 9.69003821e-03
 2.40407766e-02 8.26709702e-02 4.64845359e-02 6.39569009e-03
 5.53586830e-03 3.61123966e-02 1.82773679e-02 6.28321751e-02
 6.94065045e-02 5.83634677e-04 8.91243910e-02 6.92395737e-02
 9.50438458e-02 5.39895716e-02 6.40529846e-02 5.31979287e-02
 2.81091488e-02 5.88108993e-02 1.38195038e-02 2.97501848e-02
 2.63274721e-02 8.08825798e-02 9.97889340e-02 2.15636979e-02
 7.01365832e-02 9.95360150e-02 9.46740230e-02 8.51196748e-02
 5.66956297e-02 2.61384699e-02 3.69422111e-02 2.55871221e-02
 9.18893625e-02 3.66766552e-02 4.90728249e-03 4.23816793e-02
 4.29406365e-02 8.97532861e-02 1.47128735e-02 5.01522148e-02
 4.51820874e-02 2.55695791e-02 5.98680910e-02 6.07058452e-02
 2.67438676e-02 4.19844369e-02 4.02879253e-02 9.68086840e-02
 4.68723776e-02 1.60066326e-02 8.93694537e-02 4.93757083e-02
 7.89036121e-02 5.97036430e-02 1.79933958e-02 5.82785386e-03
 8.74592979e-02 3.79272416e-02 3.39539008e-02 2.19930261e-02
 1.96049693e-02 5.52596935e-03 7.11607854e-02 6.38041688e-02
 1.79248783e-02 4.11042239e-02 3.94960477e-02 7.86176576e-02
 7.19163355e-02 6.40192770e-03 7.63046111e-03 9.29963788e-02
 5.11875419e-02 6.81874608e-02 6.10600695e-02 8.57143344e-02
 9.81103360e-02 9.57299644e-02 7.68870476e-02 2.79673184e-02
 7.36955928e-02 8.86718452e-02 2.54737950e-02 1.75956555e-03
 6.50570442e-02 4.93459111e-02 8.30872424e-02 7.10368480e-02
 7.41968758e-02 9.32799227e-02 7.29172195e-02 2.15538441e-02
 4.33362698e-02 8.91813361e-02 9.62484025e-02 1.92613200e-03
 4.06298036e-02 5.33608597e-02 4.19840030e-02 8.42138175e-02
 1.76473339e-02 3.62499595e-03 2.12638458e-02 2.21260212e-02
 4.03077410e-02 1.57608661e-02 1.17721442e-02 6.76620395e-02
 4.95270522e-02 9.96216410e-02 4.52174691e-02 1.57711084e-02
 8.10566034e-02 7.90940706e-02 8.79830748e-02 9.23720130e-02
 5.65095403e-02 2.70244203e-02 2.07967471e-02 2.18116026e-02
 1.37092833e-02 9.31546983e-02 7.46447200e-02 2.47869317e-02
 1.56308589e-02 9.14107260e-03 3.16010152e-02 3.12558899e-02
 3.92563924e-02 6.87723243e-02 9.60858022e-02 4.55235181e-02
 8.97548802e-02 3.60448234e-02 9.17059210e-02 4.31043758e-02
 8.91840542e-02 7.52745431e-02 9.92655022e-02 6.62822898e-02
 6.78871723e-03 3.11325800e-02 5.94643049e-02 9.84537279e-02
 8.50112431e-02 7.38665693e-02 1.40679273e-02 2.40310222e-02
 9.66058046e-02 4.92496934e-02 9.68348327e-02 3.94314815e-02
 7.21463335e-02 6.62902102e-02 7.20585935e-02 6.07001998e-02
 3.48201569e-02 5.93244723e-02 7.00962826e-02 8.25626222e-03
 4.37787071e-02 7.59353813e-02 4.57519039e-02 2.11079386e-02
 8.13504616e-03 7.30411857e-02 3.15358646e-02 8.96761813e-02
 1.16492319e-02 5.58538353e-02 7.92496744e-02 4.07436248e-02
 1.62548283e-02 5.84612641e-02 5.61371042e-02 3.53203077e-02
 5.89824124e-02 8.56366810e-03 7.33967027e-02 2.38703430e-02
 7.96830496e-02 7.52642546e-03 1.34632600e-02 6.12009591e-02
 1.11146571e-02 3.66609430e-02 2.33352788e-02 9.52369468e-03
 7.19091489e-02 3.08634666e-03 1.25685819e-02 8.28767305e-02
 4.56548301e-02 6.31503138e-02 3.39041315e-02 4.50221669e-02
 8.75345504e-02 2.82851428e-02 8.14580835e-02 2.41685828e-02
 3.70498605e-03 7.01872323e-02 6.33712092e-02 7.15360801e-02
 7.70380710e-02 7.53009453e-02 5.73458719e-02 6.93013219e-02
 6.41930284e-02 7.63087722e-02 1.43881709e-02 6.57828271e-02
 3.21369268e-02 2.14387696e-02 4.05786143e-02 7.21210511e-02
 7.58024958e-02 1.05357306e-02 3.53989118e-02 4.29475573e-02
 8.00514085e-02 5.42932415e-02 2.10408994e-02 4.18242738e-02
 3.46511678e-02 5.13161189e-02 1.35161462e-02 6.46031268e-02
 7.71896544e-02 4.87807359e-02 3.67904853e-02 9.92821900e-02
 9.94254189e-02 5.73706073e-02 7.39197944e-02 5.81054531e-02
 7.49408355e-02 1.84650227e-02 1.65729566e-02 4.58657563e-02
 2.08590746e-02 3.91550386e-02 3.38301168e-02 1.73693611e-02
 3.67399303e-02 7.73341559e-02 7.80714056e-02 7.17364544e-02
 2.34272636e-02 9.07482801e-02 8.02765432e-02 2.31492956e-02
 4.16316497e-02 8.99216101e-02 5.44701873e-02 2.32436546e-02
 8.52702393e-02 1.17607040e-02 2.87464002e-02 9.20101847e-02
 7.02855540e-02 8.13117111e-03 1.20952740e-02 3.44974434e-02
 9.96267961e-02 5.32672063e-02 9.06064407e-02 4.75421542e-02
 2.44178824e-02 3.13189050e-02 5.97335405e-02 4.97940006e-02
 7.72469995e-02 9.37756071e-02 3.64494403e-03 8.16093140e-02
 7.10975448e-02 2.88186808e-02 3.13433193e-02 5.74147216e-02
 5.02735125e-02 9.19385653e-02 2.94046250e-02 7.58044536e-02
 9.92728682e-02 6.15793277e-02 5.89598572e-02 8.54534596e-02
 6.33538269e-02 5.60372667e-02 7.72813286e-02 8.68420740e-02
 4.47729434e-02 5.59181119e-02 3.12737086e-02 6.63144452e-02
 7.76475068e-02 4.81880174e-03 3.60619203e-02 6.12797075e-02
 5.15307498e-02 4.10585640e-02 8.10168092e-02 5.38891216e-04
 4.50351968e-02 1.92365137e-02 2.64997964e-02 3.55620884e-02
 1.29152027e-02 1.88840233e-02 5.43964473e-02 2.63409317e-02
 6.52442760e-02 9.87591534e-02 8.82756890e-02 7.24353821e-02
 8.72939611e-02 4.92054347e-02 6.97000469e-02 6.61947234e-02
 9.83203124e-02 1.68252725e-02 7.01879928e-02 7.27979801e-02
 6.78401736e-02 4.81907270e-02 8.00307617e-03 5.97573055e-02
 4.48580993e-02 2.62595233e-02 6.17712397e-02 8.76007235e-02
 4.30586644e-02 2.29623115e-02 6.78008940e-02 7.08383966e-02
 2.00004113e-02 1.39070025e-02 6.18552713e-02 6.89834933e-02
 4.87223016e-02 4.96622119e-02 6.64372293e-02 2.02074873e-02
 6.65718103e-02 1.30839964e-02 1.54483151e-02 1.60088490e-02
 1.58304531e-03 7.07967804e-02 4.64821266e-04 3.15636398e-02
 3.77911615e-02 5.04890233e-03 4.09899222e-03 5.06529615e-02
 3.66092188e-02 3.90807138e-02 2.55951029e-02 6.18435874e-02
 6.53221133e-02 3.21339373e-02 3.80311008e-02 5.29857689e-02
 3.92674788e-02 3.71300423e-02 7.84684369e-02 4.04399924e-02
 7.26889685e-02 8.23068470e-02 7.55714363e-02 8.79688480e-02
 3.30202023e-02 7.57126047e-02 6.67604219e-02 7.05105929e-02
 2.71529727e-02 5.15705014e-02 6.99060648e-02 5.97036469e-02
 7.69899834e-02 4.58016640e-03 8.16684937e-02 6.52346632e-02
 5.11286188e-02 5.43836881e-02 7.96317511e-02 3.00534278e-02
 4.11540815e-02 1.59679477e-02 4.19365938e-02 1.59484285e-02
 8.65922228e-02 2.86201783e-02 1.24379881e-02 9.28720361e-03
 3.08014458e-02 4.71003974e-02 9.96303191e-02 6.46734003e-02
 5.69058449e-02 4.49132399e-02 7.36631375e-03 1.46197411e-02
 7.04494194e-02 7.72324450e-02 3.72171126e-02 5.48251184e-02
 1.28812695e-02 1.73271619e-02 7.94937905e-02 2.84595267e-02
 7.85617876e-02 5.25221919e-02 6.44133408e-03 5.40909617e-02
 1.70547425e-02 5.15157452e-02 4.96945832e-02 5.08273381e-02
 2.54058187e-02 2.40527737e-02 4.80976293e-02 6.86386741e-02
 8.82246534e-03 6.23948160e-02 2.51141555e-02 7.29209917e-02
 8.20909669e-02 2.94141167e-02 7.40844802e-02 5.29082064e-02
 8.69223824e-02 6.75244805e-02 5.20369458e-02 9.38440587e-02
 1.84859246e-02 5.96307345e-02 2.48354392e-02 4.91585666e-03
 7.39850661e-02 8.00879192e-02 9.42092357e-02 9.47563311e-02
 5.18635628e-02 6.75988557e-02 7.41054699e-02 4.13911974e-03
 2.59296025e-02 1.93728804e-02 3.50984424e-02 8.86016146e-02
 2.16787223e-02 5.13553736e-02 2.39216285e-02 2.07337815e-02
 4.09887087e-02 1.62770572e-02 9.50391611e-02 3.89092866e-02
 3.44328704e-02 2.74132939e-02 6.02070605e-02 1.17892065e-03
 5.24197209e-02 7.32446496e-03 9.93007841e-02 5.35003323e-02
 7.09762654e-02 4.88215312e-03 1.13814749e-02 4.71860832e-03
 7.83125627e-02 6.40502957e-02 8.11578245e-02 6.25483110e-02
 7.20385059e-02 5.01271238e-02 4.86296079e-02 1.58759035e-02
 2.68201545e-02 6.33835651e-02 5.33065373e-02 4.04228406e-02
 8.43442027e-02 7.15476924e-03 6.39658877e-02 5.89294726e-02
 5.34798473e-02 5.72293739e-02 4.15666652e-02 2.45380010e-03
 2.90483056e-02 7.46505359e-02 1.51837636e-02 2.48500672e-02
 9.39814375e-03 5.10065563e-02 8.15169724e-02 4.03076000e-02
 2.86286768e-03 3.17192271e-02 6.20763517e-02 7.66603821e-02
 6.94456906e-02 7.02990626e-02 5.69820063e-02 6.88867435e-02
 6.56075763e-02 3.02779711e-02 4.93088194e-02 3.37065111e-03
 2.04175893e-02 3.16934652e-02 2.53329468e-02 8.00233734e-02
 5.55177467e-02 5.49052020e-02 7.53814441e-03 1.06188125e-02
 8.05109466e-02 1.51067102e-02 3.21152330e-02 5.33137165e-02
 7.93822966e-02 6.20671557e-02 4.91621640e-02 8.73972084e-02
 1.71617687e-02 2.62636083e-02 5.68593496e-02 2.08601006e-03
 4.23353180e-02 1.89882897e-02 3.12653222e-02 4.27879003e-02
 8.60599415e-02 8.59049110e-02 8.38222128e-02 5.09519803e-02
 8.18607265e-02 8.65871967e-02 9.93201169e-02 2.86620739e-02
 7.09833443e-02 5.20326563e-03 7.67690588e-02 2.71641719e-02
 6.95965298e-02 5.40911433e-02 4.72505392e-02 4.45821770e-02
 1.83683818e-02 2.64973915e-04 3.32563937e-02 2.85667732e-02
 8.61890270e-02 6.08625500e-03 7.67410012e-02 7.79856135e-02
 3.75898773e-03 5.62002388e-02 1.74918154e-02 1.85749578e-02
 9.37158255e-02 1.00110137e-02 6.90455285e-02 1.95809959e-02
 5.59214119e-02 6.17923420e-02 5.06533688e-02 7.51530440e-02
 4.18560117e-02 1.73032762e-02 1.27165550e-02 3.78378689e-02
 3.31350484e-02 9.17441878e-02 9.07097284e-03 9.02791506e-02
 7.58161045e-02 1.79094923e-02 6.12731767e-02 1.43813963e-02
 7.91238830e-02 7.11140158e-02 6.54506101e-03 8.72239438e-02
 6.20139459e-02 5.85557946e-02 9.39440814e-02 2.76858968e-02
 7.37535266e-02 8.24678689e-03 7.68867181e-02 5.82019725e-02
 4.13504490e-02 7.62508493e-02 7.52864148e-02 2.97256402e-02
 4.21972451e-02 1.85873121e-02 5.40474159e-02 6.53601028e-02
 5.58547952e-02 4.94131787e-03 7.49230678e-04 5.72949244e-03
 8.58963649e-02 1.45845225e-02 9.06456785e-02 4.08507548e-02
 9.56667480e-02 9.07221877e-02 3.10383226e-02 3.29487272e-02
 9.03299739e-02 6.94068352e-03 2.24214595e-02 6.15066185e-02
 6.29191436e-02 4.60578636e-02 1.01904392e-02 3.31399507e-02
 5.38503619e-04 7.04705481e-03 3.44359142e-02 1.96903677e-02
 2.38897948e-02 2.00225899e-02 1.25917022e-02 8.66149856e-02
 3.40098665e-02 8.76469882e-02 9.16194995e-02 1.50993249e-02
 3.53999685e-02 2.76452772e-02 8.31206646e-02 1.42032632e-03
 3.52762723e-03 8.45234298e-03 8.68954653e-02 6.14961912e-02
 7.20994326e-02 2.00126347e-02 7.43031118e-02 6.45422678e-02
 4.22371692e-02 3.44780399e-04 1.15206441e-02 2.16291741e-02
 2.98340831e-03 6.89700238e-03 9.72490820e-03 9.95731377e-02
 2.13151552e-02 5.86221475e-02 1.29082046e-02 5.12220960e-03
 8.81668014e-02 6.44568549e-02 7.41764807e-02 3.69213929e-02
 6.42987152e-02 3.48449693e-02 2.55035403e-03 1.20585275e-03
 2.42006987e-02 4.29712171e-02 2.65278783e-02 2.66581013e-02
 8.00602961e-02 9.25404289e-02 2.56758195e-02 7.26810654e-02
 1.48756944e-02 6.28664594e-02 6.35084520e-02 9.20484923e-02
 5.09025090e-02 7.21473413e-02 6.39198294e-02 6.89020719e-02
 5.63769345e-02 7.42210374e-02 1.59124378e-02 2.26473631e-02
 9.95146261e-02 8.97073529e-02 6.60630203e-02 9.87698318e-02
 1.20484305e-02 9.95940650e-02 7.61050122e-02 2.77140843e-02
 3.20774300e-02 4.02311333e-02 2.30382272e-02 1.38490793e-02
 6.87002541e-02 3.74206852e-02 3.73755988e-02 3.52968204e-02
 5.44818818e-02 3.83945794e-02 4.25368168e-02 6.09418341e-02
 8.09198167e-02 3.55836572e-02 2.52681044e-02 8.62853956e-02
 4.74888162e-02 4.97270577e-02 5.16665751e-02 5.95472494e-02
 6.76832364e-02 8.85807111e-02 3.94750211e-02 6.74036960e-02
 2.18314566e-02 9.01105053e-02 6.41838156e-02 4.62591613e-02
 8.27407946e-02 2.36946727e-02 9.68547262e-02 7.16821056e-02
 1.36361206e-02 9.38953180e-02 6.04165099e-02 7.19355021e-02
 2.18327186e-02 9.26083343e-02 9.67963239e-02 7.86687015e-02
 1.63286803e-02 7.41363925e-02 6.14615255e-02 8.65709942e-02
 4.56201228e-02 9.59653837e-02 9.98703743e-02 4.01078286e-02
 7.20971801e-02 9.78623444e-02 8.03654812e-02 3.61995094e-02
 7.88861681e-02 5.74542987e-02 4.46993609e-02 9.38471694e-02
 9.45887826e-02 9.22538722e-02 3.18605168e-02 8.12636759e-02
 5.39271427e-02 7.31156037e-02 9.73015660e-02 5.51564839e-02
 4.34208898e-02 7.38018837e-02 4.44481542e-02 6.62048014e-02
 5.28315508e-02 8.53266229e-03 5.45129031e-02 1.17370506e-02
 7.84182855e-04 6.28048878e-02 8.24686251e-02 7.72008042e-02
 6.49253100e-02 4.05233307e-02 3.30500862e-02 9.05026254e-05
 7.30500451e-02 8.69799063e-02 8.00674499e-02 4.80214093e-02
 1.66030217e-03 4.66276202e-02 2.56201856e-02 2.86076913e-02
 1.62939091e-02 7.73969317e-02 5.77445586e-02 7.19032556e-02
 9.02677746e-02 6.96815012e-03 2.37782108e-02 1.89929833e-02
 7.93612290e-02 7.64662000e-02 9.46095720e-02 5.00165357e-02
 4.65839540e-02 1.16974163e-02 6.39743023e-02 3.10659599e-02
 7.92707321e-02 4.34783490e-02 1.12807291e-03 3.81735150e-02
 2.14106478e-02 3.50579911e-02 2.29709648e-02 8.82317823e-02
 7.18385243e-02 6.62611576e-02 7.61514266e-02 4.50734992e-02
 4.64066117e-02 6.95741431e-02 1.09122049e-02 3.54424927e-02
 3.53706570e-02 2.08271502e-02 4.12445732e-03 2.55074708e-02
 6.37550880e-02 9.51984166e-02 5.04110768e-02 7.80839392e-02
 3.74993185e-02 8.81061887e-02 1.31642315e-02 7.38863250e-02
 3.86847565e-02 4.50759635e-02 2.34643207e-02 3.87069299e-02
 5.35648426e-02 6.94221403e-02 7.28310690e-02 3.23207769e-02
 9.93587206e-02 3.44982291e-02 4.97179868e-02 6.37857225e-02
 7.98283830e-02 2.66190436e-02 9.93070828e-02 9.83484578e-02
 5.43380295e-02 7.09693966e-02 4.31242802e-03 9.78097145e-02
 2.39267134e-03 5.92189157e-02 8.95587221e-02 2.34831206e-03
 7.70493853e-02 8.46875717e-02 4.01757893e-03 4.81898461e-02
 3.38032209e-02 7.48405298e-02 1.76307438e-03 9.02547740e-02
 9.09748855e-02 5.53109219e-02 1.51227849e-02 7.98370569e-03
 7.84325914e-02 2.63709361e-02 9.52546042e-04 8.65300811e-02
 6.05813176e-02 8.59674564e-02 1.24333166e-02 6.76960221e-02
 2.32231424e-02 5.29378659e-02 4.82799628e-02 1.97257523e-03
 8.16335211e-02 3.97190158e-02 5.65966643e-02 8.69979229e-02
 3.91220564e-02 6.08477451e-02 7.39047469e-02 1.47957625e-02
 1.98120872e-02 5.55130643e-02 4.72930145e-02 8.31289899e-02
 6.78015653e-02 5.06643891e-03 9.37007165e-02 5.95198504e-04
 4.67905882e-02 7.61263681e-02 3.07867991e-02 2.83047164e-02
 4.78331113e-02 8.68985873e-02 2.56205504e-02 6.93692851e-02
 4.65607886e-02 8.83597946e-03 4.15866423e-02 4.45788388e-02
 9.39636514e-02 8.12839544e-02 7.30017290e-02 7.39798253e-02
 1.41899742e-03 4.78870052e-02 6.76095771e-02 6.30974384e-02
 6.88778320e-02 6.14601633e-02 8.37534073e-02 2.00277127e-02
 3.74418660e-02 4.39546441e-02 7.58299152e-02 9.63901408e-02
 6.82487215e-02 1.03151675e-02 6.46946559e-02 9.26383931e-02
 1.01375468e-02 5.74385435e-02 4.70869706e-02 4.26430536e-02
 7.07687878e-02 6.96143275e-02 7.07612797e-02 3.30903471e-02]
[[-0.03396862  0.10180412 -0.03026804 ... -0.00519877  0.01948323
  -0.04109522]
 [ 0.12242976 -0.01633471 -0.03450174 ... -0.17227741 -0.16383688
   0.09598158]
 [-0.12583993  0.04786489 -0.06083993 ...  0.00322466  0.14294463
  -0.07115263]
 ...
 [-0.16954126  0.03274714 -0.08245077 ...  0.07041851  0.02085896
  -0.08859749]
 [ 0.00686379  0.063624    0.09502212 ...  0.14854579 -0.02460355
   0.19894482]
 [ 0.14128821 -0.01008883 -0.1459435  ... -0.07464749 -0.08007854
  -0.05079324]]
Set parameter LicenseID to value 2639321
此时输入模型的b
[-0.9180321, -0.36288297, -0.6521767, 0.01492493, -0.6612535, -0.7124343, -0.8289956, 0.3082026, 0.4477259, 0.24607304, -0.57091844, -0.89355916, -0.13391317, 0.04248743, -0.2269475, 0.31846172, -0.8264172, 0.25852737, 0.7918132, -0.8289161, 0.31765786, 0.5573882, -0.56623924, 0.5346031, 0.47635964, 0.14624849, -0.5049765, -0.42008922, 0.23554169, 0.6494511, 0.8666912, 0.019568475, -0.16284715, 0.7021351, 0.23029737, -0.9672973, -0.9418801, -0.80612177, 0.90148705, 0.643555, 0.6543903, -0.96497136, 0.5817898, -0.64590615, -0.11490454, 0.0019897053, -0.020935351, 0.5060934, 0.7614177, 0.94828105, -0.82668525, 0.44325754, -0.111315496, 0.4990881, -0.3203491, -0.22793382, 0.18087299, 0.87613547, -0.6283342, 0.70281506, 0.30353156, -0.785719, 0.531349, 0.9544223, -0.89631826, -0.5757816, -0.21304311, 0.3355791, -0.35523292, -0.9454858, -0.093556166, 0.8723319, 0.58842176, 0.10173026, 0.8680944, 0.6196102, 0.7004146, 0.94570535, -0.30193642, 0.3748724, -0.99701005, 0.7425761, -0.8367602, 0.19487256, -0.8385978, -0.45465535, 0.5588201, 0.32365093, -0.16746205, -0.8313876, 0.62917256, 0.7898543, -0.35543108, 0.12715769, 0.10164817, -0.6781379, -0.5118773, -0.50678074, -0.28482762, -0.07544492, -0.5251326, 0.36882493, -0.16767347, -0.27543887, 0.2784847, 0.9849112, 0.18069321, 0.67321223, 0.3960827, -0.8923071, 0.74300843, 0.44623354, -0.73774827, 0.5013073, -0.17300071, 0.7787169, 0.5488787, -0.042596612, 0.4647846, 0.661967, 0.14587213, 0.5172948, -0.67298704, -0.45596883, -0.80794734, -0.35426024, -0.19909184, 0.5715998, 0.43881366, 0.2190602, 0.8447367, -0.20101896, 0.067991585, 0.5297082, 0.48394594, -0.7288205, -0.26575822, -0.32170507, 0.23436774, -0.015240706, -0.4147119, -0.00049980974, 0.38077876, 0.38425812, -0.053669438, 0.70909727, -0.19861151, -0.22164291, -0.6949379, 0.38886413, 0.8213775, 0.014509994, 0.44671753, 0.13261662, 0.4220209, 0.45117286, -0.6687248, -0.35221022, -0.023805685, 0.9460385, 0.4482796, -0.89190024, 0.09466175, 0.34288013, -0.26492444, 0.9620012, 0.6280618, -0.09708865, -0.7945904, 0.56447816, 0.83495486, 0.11592308, -0.9963849, -0.52575153, -0.154727, -0.67573214, -0.27831802, 0.66034484, 0.5285634, 0.21555163, -0.53403354, 0.6692113, -0.485612, 0.26579455, 0.700774, 0.025793562, -0.9891256, 0.87109375, 0.40391076, 0.9945331, 0.60183823, -0.92047536, -0.63348407, 0.07109691, -0.22334298, 0.033439785, 0.88835347, 0.70944226, -0.93553567, -0.57522255, 0.5784294, 0.31716454, 0.39715415, -0.11926223, -0.61116236, -0.11548552, -0.60279787, 0.3365858, 0.51993585, -0.100285664, 0.74729466, -0.47242746, 0.72485644, 0.65626705, -0.1660368, -0.81667554, -0.31019092, -0.41553822, 0.16686025, -0.363637, 0.4066238, -0.9207565, 0.91468424, 0.12827976, -0.8194912, 0.5451679, 0.6184913, 0.6058214, -0.42819718, 0.586052, -0.66516924, 0.4728437, -0.557007, -0.98644733, -0.43402073, 0.112862825, 0.15353842, -0.62367845, 0.7767305, -0.21927473, 0.87790346, -0.8920851, -0.28325883, 0.14087343, -0.9645958, 0.97964555, -0.8348962, -0.8988186, -0.38798025, -0.4382854, -0.11274349, 0.9654964, -0.074583605, 0.35219058, -0.6244861, 0.96039325, 0.5071989, -0.23734777, -0.9101768, -0.16792285, 0.9496928, -0.4688828, -0.97817826, 0.27292883, -0.19141619, -0.5833424, 0.7604255, -0.3427107, -0.45722196, -0.018730694, 0.8386108, 0.7204171, -0.8021367, -0.9218337, 0.94398534, 0.81618047, -0.7929201, -0.76227295, -0.22353086, -0.025331534, 0.9626749, -0.46010914, 0.9802328, 0.7628925, 0.24378118, -0.548422, -0.87972754, -0.15310277, 0.34634662, -0.0783982, -0.62931764, -0.21893485, 0.47592342, 0.7462712, -0.4655169, -0.47189432, 0.6227281, -0.5750713, 0.46264592, -0.7074093, 0.69693154, -0.12111657, 0.72239524, 0.849934, -0.2372222, -0.5162432, -0.63943845, 0.22204378, -0.05400788, 0.4863719, 0.17748363, -0.05233026, 0.03939691, -0.7680884, -0.50700754, -0.5828832, 0.45071405, 0.7056278, 0.6500483, -0.38791564, -0.5038531, 0.9447265, 0.48532104, 0.09939687, 0.97707653, 0.32430512, -0.7129169, -0.16000772, 0.8749871, -0.4169156, 0.13041663, -0.49733317, 0.7633134, -0.43233597, -0.53470796, -0.6810689, 0.086967684, -0.8906743, 0.51172334, -0.010835863, -0.5817614, -0.03872257, 0.6211303, 0.06414066, 0.3430921, 0.59411585, 0.087840796, 0.5405327, -0.61065555, -0.15611765, 0.01149945, -0.2366518, -0.9478695, -0.36773047, -0.33078772, 0.28525168, 0.9167062, 0.8596692, -0.38528487, 0.15441999, -0.4452962, -0.67826563, -0.5859647, 0.42680132, 0.51540166, 0.43375248, -0.6143947, -0.49263534, -0.49132654, -0.6275071, -0.98028797, 0.45955867, 0.4919849, -0.33256087, 0.72643083, -0.15251192, -0.20698631, 0.23290195, 0.40384942, 0.5878706, -0.28984195, 0.18050036, 0.7414693, 0.90849483, 0.05170356, 0.9982257, -0.3828851, -0.107864186, -0.7967791, -0.20223142, 0.44394878, 0.267543, 0.21857716, -0.64936596, -0.0116395615, 0.00089344784, -0.1651862, 0.3300632, 0.98841894, 0.082537286, 0.53466517, 0.77636427, -0.2721434, 0.1475663, 0.21269457, -0.12242663, -0.1845934, 0.16079733, 0.90340096, -0.6380232, -0.21395664, 0.12286311, 0.5487837, 0.519323, -0.4278793, -0.82129097, -0.81319493, 0.64721423, -0.329788, 0.8713566, 0.8956985, -0.48053485, -0.4959294, -0.2342617, 0.6676748, -0.07257107, -0.7542457, 0.43755478, 0.9764888, -0.6304025, 0.16790918, -0.70660114, -0.38489506, 0.4656924, -0.23751186, 0.7769579, -0.88206476, -0.38341865, 0.8499156, 0.3817, 0.5482555, -0.51825786, -0.89025944, 0.9853063, -0.41074765, 0.4807687, -0.851532, 0.58774126, 0.42892474, 0.48283926, 0.18985228, -0.99390894, -0.32409757, -0.025047917, -0.7484315, -0.08010473, 0.31883347, 0.47655097, 0.5915955, 0.08473826, 0.3430734, 0.9379496, 0.37857202, 0.740648, 0.32736462, 0.769139, 0.3773156, -0.13697341, -0.81024504, 0.12161453, 0.2910515, 0.19019814, -0.6822828, -0.7169706, 0.52431226, -0.8173309, -0.9153831, -0.607703, -0.70907944, 0.44663972, -0.24829973, 0.49054065, 0.2923428, -0.33084667, -0.6152182, 0.510342, -0.013456489, -0.79122394, 0.46889234, -0.98456293, 0.45905915, 0.12913573, -0.2557539, -0.24136855, -0.96489614, 0.55847925, 0.90218407, 0.30915013, 0.87689763, 0.46780333, 0.8174898, -0.07681205, 0.7188613, -0.9813888, 0.11479325, 0.69502103, 0.38619623, -0.5650523, 0.99545485, 0.34109643, -0.5822875, -0.79628605, -0.16624731, -0.49013212, -0.4580939, 0.327796, 0.5257159, 0.61937237, -0.8222961, 0.9391151, 0.3047942, 0.9627561, -0.75914794, 0.41832545, -0.20788285, -0.9214099, -0.9282, -0.20370314, -0.65293634, 0.67829823, 0.9678326, 0.022781013, -0.48338285, 0.9084847, -0.0892784, -0.061584156, 0.2049174, -0.89486885, 0.73031926, -0.70270807, -0.43609008, -0.19706638, -0.26917243, -0.28887665, -0.11528213, -0.38237634, -0.39320827, -0.33605856, 0.1828434, 0.88282573, 0.5745266, -0.094421886, -0.8991065, 0.46566254, 0.44166157, 0.024574155, 0.22171004, -0.4925069, -0.4864132, -0.5620551, 0.35443506, 0.042086042, 0.8673105, 0.015927179, 0.9032545, 0.15039022, 0.017130861, -0.48614287, 0.21118304, -0.61305445, 0.5442354, -0.8002798, -0.375905, -0.9902593, -0.85601574, 0.07462207, 0.13845111, -0.4226882, 0.09177416, 0.4518759, 0.75576276, 0.9902593, 0.73087686, -0.09076493, 0.608753, 0.3701525, -0.29297596, 0.83882123, 0.71817285, -0.08122224, -0.43997258, -0.6699226, 0.655497, -0.6526622, -0.42881325, -0.64983964, -0.5713602, -0.80161697, 0.2935325, 0.65123254, -0.0231494, -0.05882765, -0.1541837, -0.9554366, -0.39360783, 0.99339837, 0.08954606, 0.41584608, 0.10244389, 0.49271333, -0.65954494, -0.011127, 0.8004239, -0.9028251, -0.16258577, -0.83972293, -0.73450035, 0.12001098, 0.045365077, 0.24994782, -0.7425751, 0.26849186, 0.0064228554, -0.042036653, 0.80884707, -0.7352541, 0.6981818, -0.9204302, -0.83982366, 0.72177136, 0.74365103, -0.66594994, -0.7355466, -0.9176212, -0.85791, 0.32540905, -0.07867996, -0.42137855, -0.5833645, -0.3567319, 0.7580632, -0.37137446, 0.55946445, -0.7277628, 0.5134245, 0.5602168, -0.68257654, -0.8437877, 0.32038662, 0.8557712, -0.8772636, -0.05558057, 0.44639602, 0.94845223, -0.512577, -0.13257307, -0.4140446, 0.14629558, 0.24314988, -0.5962574, -0.20079865, -0.17135349, 0.25049692, 0.038184404, 0.8837883, 0.12666401, 0.5169447, -0.39051202, 0.8034551, -0.267921, -0.9124598, 0.36786425, -0.82495946, 0.045269035, -0.25387493, -0.41671324, 0.6043676, -0.12866898, 0.3428313, 0.09429909, 0.35431173, -0.66647005, -0.10869358, 0.10015908, 0.32514843, 0.88778657, 0.8469729, -0.074472055, 0.84356236, 0.22840273, 0.23826963, -0.9077498, -0.57431555, 0.7937438, -0.5141813, 0.5563984, -0.5671159, -0.5949967, 0.1246863, 0.70537746, 0.42417362, 0.5222778, 0.14922225, -0.7294516, 0.6098513, -0.4226875, -0.21779202, -0.603566, 0.2934781, -0.6426072, 0.5338498, -0.70616966, -0.5755277, -0.62413937, 0.21306449, 0.35559055, 0.4902357, 0.86939454, -0.44252622, 0.59552634, 0.13492763, -0.43150383, 0.94409496, -0.2678696, 0.004367504, -0.89983654, -0.25476766, -0.93284863, -0.48946488, 0.6185456, 0.13187505, -0.5116181, -0.3453701, 0.6779358, -0.7907317, 0.5633651, 0.8294724, 0.022548858, 0.2472085, 0.24284108, -0.26123527, 0.16328664, -0.4123273, 0.36093476, 0.9424579, -0.38102177, -0.48241457, 0.25309688, 0.46285966, 0.7710749, 0.47934347, 0.56294125, -0.30068374, 0.5715642, -0.49934098, 0.04552671, 0.40033463, 0.19718377, 0.63448924, 0.22556487, -0.5236637, -0.01721989, -0.10300062, 0.99987125, -0.67561835, -0.2596693, 0.52718526, 0.8217855, 0.7059942, 0.4812339, -0.7815223, -0.0060594613, -0.933782, 0.9469325, -0.79942036, 0.5533288, -0.8965853, -0.6227853, 0.7119776, 0.74195606, -0.4509806, -0.076908514, -0.41391158, 0.9528796, 0.7435063, -0.70943874, 0.07309394, -0.9714005, 0.43043226, 0.12331757, 0.0055273715, 0.008453113, 0.5291145, 0.13578603, 0.26011243, -0.42842457, 0.55553585, -0.54068494, 0.377859, -0.8362942, -0.3291426, 0.25130492, 0.17069106, -0.34235922, 0.6221185, -0.1361628, -0.6453212, -0.4750438, 0.9892756, 0.8005917, 0.6144486, 0.58969444, 0.1350589, 0.8347683, -0.70111215, 0.03148604, 0.24224302, 0.13374655, 0.06521597, 0.30266318, -0.47044024, 0.76997703, 0.8034711, 0.98439777, 0.7057607, 0.58851874, -0.034456402, -0.48712164, 0.025340946, -0.12795, -0.9997017, -0.77672374, 0.56891686, 0.1525551, -0.43604854, 0.21451426, 0.03950661, 0.42164493, 0.47438365, -0.39250797, 0.32030213, -0.115909934, 0.89090014, 0.2127564, 0.8416129, 0.6755468, -0.99384534, 0.06682061, -0.46122572, -0.9373787, -0.22919586, -0.71059406, -0.66901994, 0.16595116, -0.84539413, 0.70034754, 0.17470735, -0.97971004, -0.022235379, 0.28570178, -0.45376024, 0.121636644, -0.65662855, 0.72683454, -0.4460955, 0.16599937, 0.21023463, 0.30111477, -0.79308087, -0.79293257, 0.1185065, -0.14352755, 0.88465804, 0.98142517, -0.22543894, -0.42874822, -0.82586044, 0.24535525, -0.7648581, -0.5627286, -0.08383289, 0.6269258, -0.8407142, -0.23109454, 0.01720292, 0.11513005, 0.21809338, 0.15704824, -0.9225066, -0.4338429, 0.7833605, -0.8324209, -0.8651448, -0.99622494, -0.10364983, -0.79743844, 0.4327153, -0.11738175, -0.8409352, -0.9441664, -0.14874327, 0.07800055, 0.6342306, -0.32074854, 0.20357932, -0.9392602, -0.78864956, 0.5588003, -0.61143386, 0.23666346, 0.5252007, -0.5144794, 0.97563064, 0.6282793, 0.80712825, -0.808427, -0.64099616, -0.35134625, 0.7363434, 0.04978307, 0.051900793, 0.76202434, -0.046194997, 0.10334145, -0.32708016, -0.5511069, -0.088833585, 0.31288666, -0.14083466, 0.6742106, 0.10620357, 0.18810529, 0.72252184, -0.10163582, -0.7245222, -0.5834385, -0.9889594, -0.22359954, -0.9338552, 0.80188787, 0.08302367, 0.08322224, 0.24640124, 0.92414033, 0.5285095, 0.6790003, 0.9754841, -0.6298803, -0.8298, -0.5181831, -0.8723899, 0.8341363, -0.23881516, 0.41664636, 0.79915774, -0.8031642, -0.7267536, -0.42635745, 0.5177877, -0.3809706, 0.8553013, 0.25930613, 0.607594, 0.5618901, 0.3914012, 0.18341957, -0.95010483, 0.6332437, 0.15852152, 0.45271066, -0.035380896, -0.12533456, 0.7355374, 0.23424293, 0.5575456, 0.67383415, -0.24943726, 0.95866567, 0.7411572, -0.05407477, -0.03816767, -0.6164424, 0.47771698, 0.018371705, -0.50654525, -0.16928054, -0.6520099, -0.362262, 0.065346695, -0.58385265, -0.7466819, -0.23950668, 0.96079034, 0.3419483, -0.27024558, -0.6821839, 0.0876233, -0.79991186, -0.88536197, -0.53584033]
Gurobi没有传入初始解
======================================================
Solve MINLP problem:
没有初始化solution.
Set parameter OutputFlag to value 1
Set parameter LogFile to value "solver_result/gurobi/noinitial/cq_cls1_1000-1000.log"
Set parameter TimeLimit to value 10800
Set parameter NodefileStart to value 20
Set parameter Threads to value 20
Gurobi Optimizer version 12.0.1 build v12.0.1rc0 (linux64 - "Ubuntu 24.04.1 LTS")

CPU model: Intel(R) Xeon(R) Gold 6240C CPU @ 2.60GHz, instruction set [SSE2|AVX|AVX2|AVX512]
Thread count: 36 physical cores, 72 logical processors, using up to 20 threads

Non-default parameters:
TimeLimit  10800
NodefileStart  20
Threads  20

Optimize a model with 1000 rows, 1000 columns and 1000000 nonzeros
Model fingerprint: 0x198ed8e1
Model has 1000 quadratic objective terms
Variable types: 0 continuous, 1000 integer (0 binary)
Coefficient statistics:
  Matrix range     [3e-07, 5e-01]
  Objective range  [9e-05, 1e-01]
  QObjective range [2e-05, 1e-02]
  Bounds range     [0e+00, 0e+00]
  RHS range        [5e-04, 1e+00]
Presolve time: 0.45s
Presolved: 1000 rows, 1000 columns, 1000000 nonzeros
Presolved model has 1000 quadratic objective terms
Variable types: 0 continuous, 1000 integer (0 binary)

Root simplex log...

Iteration    Objective       Primal Inf.    Dual Inf.      Time
     408   -2.2169212e+02   3.590724e+01   0.000000e+00      6s
     539   -2.1413774e+02   2.106506e+00   0.000000e+00     11s
     580   -2.1403304e+02   0.000000e+00   0.000000e+00     14s

Root relaxation: objective -2.140330e+02, 580 iterations, 12.40 seconds (3.78 work units)

    Nodes    |    Current Node    |     Objective Bounds      |     Work
 Expl Unexpl |  Obj  Depth IntInf | Incumbent    BestBd   Gap | It/Node Time

     0     0 -214.03304    0 1000          - -214.03304      -     -   13s
     0     0 -214.03213    0 1000          - -214.03213      -     -  107s
     0     2 -214.03213    0 1000          - -214.03213      -     -  239s
     1     4 -214.03213    1  998          - -214.03213      -   3.0  245s
     3     8 -214.03178    2  998          - -214.03213      -   2.7  250s
    15    32 -214.03007    4  996          - -214.03138      -   3.1  259s
    31    52 -214.03007    5  995          - -214.03138      -   3.2  264s
    51   111 -214.02898    6  994          - -214.03125      -   3.0  275s
   110   211 -214.02776    8  992          - -214.03125      -   3.1  303s
   210   399 -214.02593   10  990          - -214.03125      -   3.1  354s
   398   792 -214.02643   15  985          - -214.03125      -   3.1  456s
   791  1860 -214.02520   25  976          - -214.03125      -   3.2  642s
  1859  3209 -214.01479   80  932          - -214.03125      -   3.0  871s
  3208  4471 -213.99968  146  876          - -214.03125      -   3.0 1063s
  4470  5629 -213.98014  203  838          - -214.03125      -   3.1 1241s
  5628  6832 -213.95972  262  800          - -214.03125      -   3.1 1415s
  6831  7965 -213.93892  324  763          - -214.03125      -   3.2 1580s
  7964  9125 -213.91959  379  734          - -214.03125      -   3.5 1737s
  9124 10285 -213.89694  430  700          - -214.03125      -   3.5 1881s
 10284 11385 -213.87070  484  673          - -214.03125      -   3.6 2016s
 11384 12453 -213.84452  529  648          - -214.03125      -   3.8 2157s
 12453 12454 -213.97479  194 1000          - -214.03125      -   4.0 2175s
 12455 12455 -214.00175  117 1000          - -214.03125      -   4.0 2195s
 12457 12457 -213.96644  228 1000          - -214.03125      -   4.0 2345s
 12458 12460 -214.03125   15  999          - -214.03125      -   4.0 2364s
 12460 12464 -214.03021   16  998          - -214.03073      -   4.0 2369s
 12464 12470 -214.02901   17  997          - -214.02901      -   4.0 2373s
 12472 12484 -214.02777   18  996          - -214.02816      -   4.0 2379s
 12488 12498 -214.02626   19  995          - -214.02690      -   4.0 2384s
 12508 12548 -214.02422   20  994          - -214.02582      -   4.0 2396s
 12564 12630 -214.02158   22  992          - -214.02582      -   4.0 2430s
 12665 12807 -214.01817   24  990          - -214.02582      -   4.0 2499s
 12876 13156 -214.01218   29  985          - -214.02582      -   4.0 2629s
 13295 13681 -214.00071   39  975          - -214.02582      -   4.0 2814s
 13960 15638 -213.98438   54  960          - -214.02582      -   3.9 3256s
 16138 14938 -213.92899   99  915          - -214.02582      -   3.8 3277s
 16164 16122 -213.92788  101  913          - -214.02582      -   3.8 3538s
 17357 16907 -213.90067  127  887          - -214.02582      -   3.7 3784s
 18540 17630 -213.87299  155  859          - -214.02582      -   3.6 4021s
 19657 18257 -213.85180  181  833          - -214.02582      -   3.6 4234s
 20656 18991 -213.83132  204  810          - -214.02582      -   3.6 4453s
 21723 19680 -213.79786  230  786          - -214.02582      -   3.6 4678s
 22768 20025 -213.77900  254  765          - -214.02582      -   3.7 4821s
 23461 20817 -213.75881  270  752          - -214.02582      -   3.7 5023s
 24484 21656 -213.74009  295  735          - -214.02582      -   3.8 5275s
 25664 22167 -213.71743  322  715          - -214.02582      -   3.9 5448s
 26569 22758 -213.69643  344  698          - -214.02582      -   4.0 5611s
 27461 23338 -213.68259  365  680          - -214.02582      -   4.1 5769s
 28339 23927 -213.66886  386  667          - -214.02582      -   4.3 5923s
 29220 24453 -213.64436  408  653          - -214.02582      -   4.4 6064s
 30040 25074 -213.62274  427  647          - -214.02582      -   4.6 6220s
 30934 25662 -213.61367  447  637          - -214.02582      -   4.8 6369s
 31820 26045 -213.58951  467  628          - -214.02582      -   5.0 6486s
 32499 26715 -213.57454  483  615          - -214.02582      -   5.1 6628s
 33395 27294 -213.55507  504  607          - -214.02582      -   5.3 6774s
 34273 27867 -213.53832  524  600          - -214.02582      -   5.5 6929s
 35138 28398 -213.51769  544  589          - -214.02582      -   5.8 7061s
 35958 29029 -213.49993  564  566          - -214.02582      -   6.0 7211s
 36862 29660 -213.47228  586  564          - -214.02582      -   6.3 7357s
 37794 30152 -213.44884  610  552          - -214.02582      -   6.5 7486s
 38597 30900 -213.42682  630  541          - -214.02582      -   6.8 7648s
 39613 31524 -213.40243  654  525          - -214.02582      -   7.1 7804s
 40575 32288 -213.36267  678  526          - -214.02582      -   7.4 7965s
 41660 33052 -213.34569  706  507          - -214.02582      -   7.7 8130s
 42786 33709 -213.29498  733  495          - -214.02582      -   8.1 8278s
 43818 34541 -213.26058  759  489          - -214.02582      -   8.4 8445s
 44994 34386 -213.22138  789  480          - -214.02582      -   8.8 8495s
 45231 35499 -213.20855  797  472          - -214.02582      -   8.9 8662s
 46423 36324 -213.16055  827  460          - -214.02582      -   9.4 8827s
 47645 37257 -213.12151  854  453          - -214.02582      -   9.8 9174s
 48986 38225 -213.03750  888  435          - -214.02582      -  10.4 9349s
 50401 39350 -212.97062  922  436          - -214.02582      -  11.0 9532s
 51806 40816 -212.91321  954  422          - -214.02582      -  11.6 9717s
 53272 42362 -212.84720  986  414          - -214.02582      -  12.3 9903s
 54818 43988 -212.78193 1021  404          - -214.02582      -  13.0 10120s
 56444 45602 -212.66827 1059  389          - -214.02582      -  13.8 10325s
 58058 47181 -212.52114 1094  374          - -214.02582      -  14.7 10519s
 59637 48923 -212.47640 1132  367          - -214.02582      -  15.6 10721s
 61379 49730 -212.30653 1170  352          - -214.02582      -  16.6 10800s

Explored 62186 nodes (1071936 simplex iterations) in 10800.99 seconds (1460.01 work units)
Thread count was 20 (of 72 available processors)

Solution count 0

Time limit reached
Best objective -, best bound -2.140258239771e+02, gap -
 20%|██        | 1/5 [3:00:07<12:00:30, 10807.67s/it]无法得到可行解
约束的个数: 1000
Gurobi model disposed.
此时传入模型的b
[-2.18463272e-01  9.28950191e-01  7.29172289e-01  6.73378408e-01
  2.73305357e-01 -8.08658242e-01 -7.85311580e-01  6.18032336e-01
 -3.18942785e-01  2.23134816e-01 -2.80065626e-01  8.42868030e-01
 -7.63009846e-01  3.10635865e-01  4.40424263e-01  1.26147002e-01
 -1.22139849e-01 -8.27978432e-01  8.02668154e-01  8.55254591e-01
  8.33781540e-01 -4.93914306e-01  3.32267106e-01  8.16439927e-01
 -3.95075619e-01  6.77913010e-01 -1.58388361e-01 -2.08360612e-01
 -6.88257575e-01 -4.25936759e-01  4.33776140e-01 -6.53405607e-01
  2.50524899e-04  5.19090831e-01  3.99089515e-01  6.69344306e-01
  5.64281464e-01  6.27989829e-01  9.79382992e-01 -5.01157165e-01
 -9.21176434e-01  4.08472009e-02  1.09739248e-02  4.42998141e-01
  7.61223435e-01 -9.40873086e-01  1.59487456e-01  3.11773837e-01
  8.70229542e-01  2.25889757e-01 -4.70566422e-01  4.82574292e-02
 -6.49535835e-01  1.12595968e-01  7.96322584e-01 -8.51738811e-01
 -2.76892573e-01  1.87375426e-01  3.50708693e-01  9.12331998e-01
 -9.43968058e-01 -5.20091593e-01  6.59027874e-01 -5.56417406e-01
  1.17238397e-02  7.74376571e-01  3.38221759e-01 -4.23490778e-02
 -4.91822541e-01 -4.44498688e-01 -3.38133425e-01  8.49835992e-01
 -5.04469216e-01 -5.54682553e-01 -6.31515920e-01  6.59931242e-01
  2.91974157e-01 -9.48112667e-01  4.01303284e-02 -6.85610652e-01
  2.34880373e-01 -1.41993284e-01  7.29451299e-01  7.15739839e-03
 -1.97274283e-01 -2.24345371e-01  5.08524179e-01 -6.83781743e-01
 -7.82011569e-01  8.04835111e-02  1.52532160e-01  1.30158052e-01
 -6.14259303e-01 -9.11803484e-01 -2.47291923e-01  1.60504073e-01
  6.30753279e-01 -8.25815260e-01  8.87338579e-01 -3.89226615e-01
  9.77597237e-01  7.62566254e-02 -8.83117318e-01 -8.88925076e-01
  1.21836048e-02 -6.34430721e-02 -6.94542885e-01  8.43088388e-01
  2.77655959e-01  9.25511360e-01 -5.21916747e-01 -1.44308791e-01
  8.97662461e-01  5.13516545e-01  6.99437916e-01  5.72947145e-01
 -1.61536574e-01  5.20842791e-01  2.80585319e-01 -6.25956416e-01
  4.67689425e-01 -2.57266965e-02  9.38872218e-01  4.12967682e-01
  6.22708321e-01  9.02421892e-01 -7.36142769e-02 -8.72447908e-01
 -2.32858598e-01  6.39069617e-01 -9.08713281e-01  6.60918534e-01
 -2.37693101e-01  4.06419337e-01  2.19263528e-02 -1.05662033e-01
  2.25344315e-01 -4.57482427e-01 -7.12662518e-01  9.85901117e-01
  9.62875962e-01  3.27924371e-01  2.01878563e-01 -2.22538158e-01
 -6.97485805e-01  4.55538064e-01  7.76235700e-01 -2.01699093e-01
  2.06171140e-01  6.11924529e-01  4.53192711e-01  8.25345576e-01
  7.94836640e-01 -6.84988678e-01  3.69342953e-01 -8.51366103e-01
 -5.88099062e-01 -5.44833243e-01 -3.91535103e-01  5.38286567e-01
 -2.78472066e-01  8.49725783e-01 -1.10509582e-01 -3.94429892e-01
  2.52777755e-01 -7.86973476e-01  3.80331814e-01  5.84018886e-01
 -6.72903299e-01  7.14468896e-01  2.72774428e-01  3.21751595e-01
 -6.34086072e-01  4.45769459e-01 -6.77317455e-02  2.99637578e-02
 -7.29509175e-01 -2.80842543e-01 -1.37788251e-01  4.16601479e-01
 -8.31706583e-01  5.95206618e-01 -3.12994450e-01 -3.36679697e-01
  3.58024329e-01 -4.74441886e-01 -1.12891480e-01  6.43909156e-01
 -1.72837690e-01  8.03140163e-01  9.51197684e-01  6.92727685e-01
 -8.28311741e-02  9.52056125e-02  2.47589834e-02 -5.34731269e-01
  8.28159571e-01  4.30941612e-01  8.39534342e-01  7.86529839e-01
  8.19371462e-01 -9.06168103e-01 -7.03666151e-01 -7.50941634e-01
  6.24781800e-03  2.86508083e-01  2.20259875e-01  6.78771913e-01
  1.24832831e-01  3.37805420e-01  4.58244026e-01  9.31177258e-01
  1.74096107e-01 -1.71008676e-01 -6.56025782e-02  2.90554762e-02
 -8.92656565e-01  4.82629329e-01  4.11402196e-01 -3.99477661e-01
 -7.88328469e-01  8.11454415e-01 -9.32436049e-01  9.73798275e-01
 -1.79413557e-01  6.55550480e-01  5.06228030e-01 -8.42612803e-01
 -7.02298164e-01  5.75368226e-01 -6.65928900e-01 -7.82108665e-01
 -2.98242033e-01  3.37805867e-01 -1.68129891e-01 -8.95911217e-01
 -4.55561817e-01 -8.66708234e-02  3.40881586e-01 -9.12928522e-01
 -9.66061413e-01 -7.92385459e-01 -8.01162958e-01 -8.49371493e-01
 -8.49643946e-01 -4.24046189e-01 -7.11438000e-01  3.70390207e-01
  7.10308254e-01 -2.05916673e-01  1.95022911e-01  4.90330100e-01
 -3.59551221e-01 -1.05006665e-01 -5.26121974e-01  9.01791826e-02
  3.07996988e-01  4.68125403e-01  2.09365070e-01 -7.92625427e-01
 -4.53026593e-01  2.37559110e-01  7.31196776e-02 -6.48194790e-01
  2.16388106e-01 -3.75433713e-02 -4.89464879e-01 -1.31360352e-01
 -9.12408233e-01  8.34524810e-01 -9.34767783e-01  9.64935720e-01
 -1.82415798e-01  9.89173412e-01  7.75829315e-01 -8.21802318e-01
  5.08159101e-01 -6.14144087e-01 -9.55083847e-01 -9.58152771e-01
  7.60356724e-01  9.29185987e-01  6.02260828e-01  8.15034628e-01
  7.23164797e-01  7.22486436e-01 -6.01082146e-01  9.68298137e-01
 -5.91860056e-01 -4.01565731e-01 -2.97066271e-01 -7.07682848e-01
  3.92369747e-01 -2.33579680e-01  9.00185466e-01 -9.19041097e-01
  1.18565038e-01 -6.64175212e-01 -9.48070437e-02  4.50511128e-02
 -5.30316830e-01  1.79394856e-01 -7.54068851e-01 -4.18262005e-01
 -6.66232347e-01 -5.86953640e-01 -8.89008820e-01 -5.16381264e-01
  8.20055246e-01 -6.62725627e-01  8.44295979e-01 -8.77481699e-01
  2.27804914e-01 -5.42318106e-01 -7.05628395e-01  3.18283923e-02
 -1.11116298e-01  1.15297206e-01  5.37571907e-01  3.14984977e-01
  5.15445411e-01  8.76576751e-02  8.68199944e-01 -1.29416943e-01
  3.79142851e-01 -1.44171178e-01  5.01424670e-01  8.35533217e-02
  3.92955065e-01  7.29033053e-01 -2.49886632e-01  9.45244074e-01
  7.99868584e-01 -8.24263334e-01 -9.52271879e-01  8.51829112e-01
 -2.41533890e-01  6.59534812e-01 -7.73319125e-01  1.58367202e-01
  5.30045033e-01 -6.05281353e-01  6.31878853e-01  8.21044505e-01
 -6.03761852e-01  8.43854249e-01  6.10856950e-01  1.86912734e-02
 -6.82052076e-01 -7.74364412e-01 -1.30095541e-01 -4.80131507e-01
 -8.13624203e-01  6.40761852e-01  2.71836400e-01  9.46236014e-01
 -8.88985097e-02 -6.86326206e-01 -6.11134887e-01 -5.19436359e-01
 -4.97501612e-01 -1.25125825e-01  4.03941989e-01  3.35948497e-01
 -3.47802967e-01  3.14361483e-01  1.47311568e-01  2.46703908e-01
 -1.76043674e-01 -5.08022547e-01  1.07961409e-01  7.63581693e-01
  8.43296170e-01 -1.32127125e-02 -2.51211911e-01 -4.51627281e-03
 -3.66962671e-01  1.11337125e-01  4.74099696e-01  5.39525986e-01
 -4.18681145e-01 -8.39241922e-01 -8.18011224e-01 -8.15649033e-02
 -4.52333689e-01 -8.36686969e-01  5.54656647e-02  7.30115026e-02
 -4.34571624e-01 -2.21207842e-01 -1.11511506e-01 -4.61989760e-01
  6.92873120e-01  6.06291950e-01  5.66329479e-01  9.73000169e-01
 -4.90068167e-01  1.34065986e-01 -7.72249579e-01  8.62989202e-02
 -1.77293867e-01 -4.87420589e-01  2.50857592e-01 -8.54481339e-01
 -8.35260749e-01 -1.97183818e-01  3.32032293e-01  8.45485628e-01
  8.36867452e-01 -9.46381569e-01  5.88359177e-01 -7.57184148e-01
 -1.02853499e-01  4.65393990e-01 -9.54875469e-01  2.59717077e-01
  1.86413139e-01  4.02389467e-01  7.35674798e-01  3.98175716e-01
  9.02259767e-01  4.10411239e-01 -8.92629027e-01  2.70971984e-01
 -4.43481281e-02 -7.67875373e-01 -1.24928944e-01  2.54147321e-01
  6.62043452e-01  7.32939601e-01  4.21047032e-01 -2.95236290e-01
 -6.36868179e-01  1.58844978e-01  1.88098758e-01  2.36407861e-01
  4.34325248e-01 -9.72690880e-01  5.06890677e-02  1.60538301e-01
  4.65266228e-01  3.67863208e-01 -2.01430246e-02 -5.68876922e-01
  9.47373152e-01  8.44105482e-01 -7.20535815e-01 -4.58164334e-01
  4.60572451e-01  4.21485007e-01  9.92600024e-01  8.16465735e-01
 -4.83899295e-01  4.69554573e-01  2.88124740e-01 -3.47495019e-01
  6.23648584e-01  4.48338777e-01  6.96569979e-01  1.71714693e-01
  5.60602486e-01  7.16584861e-01 -2.27567852e-01  5.55902243e-01
 -9.65020895e-01  5.38944677e-02  9.69664454e-01  1.40161499e-01
  6.01229072e-01 -4.93281126e-01  5.94628274e-01  3.10767442e-01
  4.40545887e-01 -3.21456492e-01 -8.58867645e-01  2.08441868e-01
 -4.94931012e-01 -8.25560868e-01 -3.84876095e-02 -6.82480574e-01
  4.36655819e-01 -6.10313527e-02 -2.65412629e-01  6.70031488e-01
  3.14876795e-01 -8.86070013e-01  7.04944789e-01 -2.05065265e-01
  4.43310201e-01  1.03877351e-01 -7.21882880e-01  2.24264085e-01
  4.47474778e-01  7.14461625e-01 -4.41069394e-01  1.93901718e-01
 -8.19072783e-01  7.34615326e-01  9.89046931e-01 -4.17852014e-01
 -6.33627236e-01 -5.24119258e-01 -7.40982533e-01 -1.79626390e-01
 -5.91489315e-01 -8.46095085e-01  4.62059736e-01 -3.77593547e-01
 -7.33147025e-01  4.62895691e-01  1.24751903e-01  7.84740523e-02
 -5.16047418e-01  1.09579884e-01  6.56125695e-02  8.88766721e-02
 -8.21871981e-02  5.50175428e-01  2.00342506e-01  2.34343588e-01
  5.40573180e-01  3.47024277e-02 -3.94571215e-01 -9.10440832e-03
  5.77048600e-01  1.31219476e-01  9.79791999e-01  5.77837050e-01
 -2.02153809e-03 -7.30162382e-01  2.66468406e-01 -3.07172202e-02
 -2.86140591e-01 -7.73373604e-01  2.62657464e-01 -6.92704797e-01
  6.21458935e-03  2.77077556e-01 -4.43736732e-01  2.60311574e-01
 -2.75330335e-01  6.91301942e-01  7.04688668e-01  1.54056847e-02
 -2.40902185e-01 -5.03957927e-01  2.95316190e-01 -2.28093103e-01
  7.45375335e-01 -6.38078332e-01 -6.60106242e-01 -6.37754917e-01
  5.88039815e-01 -6.70103610e-01  1.97055191e-01 -8.23217332e-01
 -7.39383996e-01 -1.88860685e-01 -9.44177032e-01  7.84583867e-01
  8.50474596e-01 -5.77140331e-01 -1.29977345e-01  5.06826818e-01
 -3.89058106e-02  6.07801557e-01 -3.59140515e-01  1.90189923e-03
 -6.91074073e-01  7.15864718e-01 -7.01671779e-01  7.37760663e-01
 -7.67820835e-01 -6.48237288e-01 -8.20626765e-02 -9.95943844e-01
  3.21502686e-01  8.07765901e-01 -1.09761722e-01 -5.60178399e-01
 -6.40364349e-01  1.26281217e-01  9.23195034e-02  1.29773647e-01
 -2.93192744e-01 -6.17610931e-01 -8.73148918e-01  8.02290797e-01
 -7.26701617e-01  4.14037645e-01 -9.33018565e-01 -3.04905832e-01
 -2.63360571e-02  2.72194445e-01 -1.04165241e-01  6.75936401e-01
  6.65380776e-01 -2.34842107e-01  7.33508110e-01 -5.02989948e-01
 -5.66730797e-01 -8.26326489e-01 -9.85829592e-01  5.36573470e-01
  3.31455708e-01 -9.91553426e-01  9.32501972e-01  3.41946274e-01
 -2.95713037e-01  8.29797387e-01  2.80125290e-01 -9.91232157e-01
  2.68143088e-01  9.78609741e-01 -7.10355580e-01 -2.34867297e-02
 -8.95292342e-01 -6.31585836e-01  4.15354013e-01  4.86630164e-02
  7.19001889e-01 -5.95970571e-01 -3.34215641e-01 -5.23417234e-01
 -6.41188920e-01 -7.85017133e-01 -6.71556652e-01 -6.90373033e-02
 -1.62640914e-01 -5.25890768e-01  9.98848855e-01 -8.92179847e-01
 -7.30016410e-01  6.41470909e-01 -7.32896328e-02  9.85642672e-02
  2.52348989e-01 -9.88216937e-01  6.62099198e-02 -2.31108412e-01
 -3.37490618e-01 -9.10740018e-01  9.94743034e-02  2.47913420e-01
  4.89791095e-01  5.22815704e-01  3.29656661e-01  7.89655626e-01
 -5.85507214e-01 -7.80984104e-01  9.56442773e-01 -7.51609206e-01
 -2.87494302e-01 -2.25024059e-01  9.09741163e-01 -6.46051526e-01
  3.73764396e-01  4.72902060e-01 -1.50706982e-02  4.74278599e-01
  5.17165482e-01  2.37732649e-01  5.15007079e-01 -8.99361372e-01
 -7.64901144e-03 -1.94337279e-01  1.16258390e-01 -1.60322696e-01
 -3.95565987e-01  2.77079821e-01 -5.04728675e-01  6.12982452e-01
  5.34837544e-01 -3.41325372e-01 -6.59834683e-01  2.94619560e-01
 -2.78048813e-01  4.68525082e-01 -3.80726844e-01  4.31748450e-01
 -4.50735718e-01  2.43243247e-01  4.07006890e-02  3.70038807e-01
 -9.46198702e-01  5.96105635e-01  8.76217723e-01 -2.85355777e-01
 -5.32817900e-01 -7.08565652e-01  5.53530753e-01 -8.33478093e-01
  5.88719666e-01  2.57131696e-01  4.33930427e-01 -8.43822896e-01
  2.63857365e-01  4.02904093e-01  5.28474808e-01 -9.42980647e-01
 -4.96268421e-01  1.21278606e-01 -8.24112535e-01 -4.38471913e-01
  9.97899473e-01 -7.20840096e-02  7.33226165e-02  7.55734563e-01
  2.69958973e-02  1.67770952e-01 -6.47121489e-01  7.74373233e-01
  7.86449790e-01  7.21320093e-01 -3.07046026e-01 -1.41143873e-01
  3.64556342e-01 -4.25250500e-01  5.02710789e-03  3.15597296e-01
  6.60218179e-01  3.42063218e-01 -9.11298633e-01 -8.71469319e-01
  6.90661490e-01 -8.28629315e-01  2.67177463e-01 -1.62773028e-01
 -1.03121199e-01 -9.08847451e-01  6.89281642e-01  8.80385399e-01
  2.20581219e-01  4.61590856e-01  9.13463712e-01  4.36522007e-01
 -7.59392321e-01 -3.45287025e-01  5.19057751e-01 -7.01299727e-01
 -3.61404806e-01  8.31571341e-01 -2.63030142e-01 -1.88112423e-01
 -2.71180421e-01  7.96048641e-01  1.99573934e-01 -8.86579156e-01
 -3.14103276e-01 -4.88243774e-02  1.51502565e-01  5.17549574e-01
  8.67989898e-01  1.23261116e-01  8.62020791e-01 -3.58404964e-01
 -2.97693133e-01 -5.82126677e-01 -2.94836789e-01  8.01761150e-01
  6.88605726e-01 -8.89023662e-01 -4.85018402e-01  9.69560444e-02
  7.17676222e-01 -5.04577637e-01  6.90920711e-01  4.31121700e-02
  6.26099855e-02 -5.94654717e-02  7.56316245e-01  7.84272730e-01
  6.89034998e-01 -2.03299448e-01  9.12843883e-01  1.38096675e-01
  3.03283691e-01 -9.11335051e-01 -7.86452472e-01  5.58898747e-01
 -5.00633717e-01 -8.91604543e-01  8.76978755e-01 -6.87925398e-01
 -8.95711482e-01 -1.20427079e-01 -3.23852360e-01 -3.51710707e-01
  5.92336595e-01 -6.87566340e-01  4.29516584e-02 -3.53417039e-01
 -2.79030919e-01 -6.86053336e-01  3.57034326e-01  3.78863484e-01
  4.18170303e-01 -1.63979158e-01  5.28934300e-01  1.42529771e-01
 -9.09071028e-01 -6.82790160e-01 -9.36496377e-01  2.39270329e-01
  2.31246144e-01 -3.34069341e-01  8.40180099e-01 -7.30249405e-01
 -6.79189920e-01  8.83388221e-01 -2.13130504e-01 -8.04324925e-01
  5.89474916e-01 -8.68986726e-01  8.15549254e-01 -4.21047539e-01
  2.40245163e-01  9.18220282e-01 -1.70419082e-01 -8.75434279e-01
 -4.31148052e-01  4.92233098e-01 -3.69509161e-01  1.07854471e-01
 -6.37964159e-02  3.41644347e-01  6.56331718e-01  7.14274645e-01
 -7.16683805e-01 -3.94232422e-01  9.45833743e-01  9.83682871e-01
  3.31646621e-01 -7.16424525e-01 -1.31915987e-01  1.94650292e-01
  1.12406187e-01  6.41929507e-01  1.83292970e-01 -9.84436393e-01
  9.06524122e-01 -4.92121220e-01  5.80685556e-01  5.48460126e-01
  9.11610365e-01 -9.35425162e-02  7.24572957e-01 -4.06276852e-01
 -3.91151577e-01  6.11734688e-01  8.22173581e-02  1.31451227e-02
  1.17061855e-02  3.76294076e-01  7.64732778e-01  4.82830584e-01
  7.21577629e-02  1.04644559e-01  7.99326360e-01 -1.57643139e-01
 -6.39878288e-02  5.21744192e-01  4.11218762e-01 -8.85244429e-01
  6.29285157e-01  9.84932780e-01 -6.33851647e-01 -6.60593748e-01
 -5.96108198e-01 -7.13873133e-02 -8.83323789e-01  7.65033901e-01
  8.13721061e-01  3.65801990e-01  4.97023702e-01  7.31338203e-01
 -6.90361857e-01 -4.84234929e-01 -3.13859284e-01 -5.17090321e-01
 -3.25761698e-02  2.40614265e-01 -6.68581650e-02 -7.94342458e-01
 -8.89458060e-01 -9.44167852e-01  5.87114573e-01  7.10299015e-01
  6.11218274e-01 -6.11964941e-01 -9.70639169e-01  6.93510175e-01
  7.72528231e-01  1.24143273e-01 -5.89185596e-01 -2.67306119e-01
  1.85679197e-01 -5.05071163e-01 -1.25486493e-01 -2.45433152e-01
  2.03235731e-01  3.10105383e-01  7.90986896e-01 -6.27258897e-01
  7.84730971e-01 -2.01501757e-01  5.08599818e-01 -7.54234910e-01
 -3.09606325e-02 -4.97622281e-01 -3.98985408e-02 -3.67500275e-01
  4.71693754e-01  4.83020514e-01  8.05371523e-01  7.47061014e-01
  3.62750560e-01  7.19340503e-01 -2.94764996e-01 -6.83972895e-01
  4.19776887e-01  1.31632194e-01 -7.08165050e-01  8.27518821e-01
 -7.42434204e-01 -4.93962377e-01  6.23943269e-01 -7.46696770e-01
 -5.18972576e-01 -8.80164981e-01  2.48269409e-01  5.78257322e-01
  9.06035006e-01 -8.38609338e-01  2.73289159e-02  5.38977206e-01
  7.55158961e-01 -9.26111817e-01 -5.59136987e-01  7.22024798e-01
 -8.41590762e-01 -5.25454283e-01 -3.76451999e-01 -9.73719716e-01
  7.26413429e-01  8.28376651e-01  2.37945169e-01  4.17533636e-01
  4.15522460e-04 -9.93797958e-01 -7.01336622e-01 -8.36457491e-01
 -6.49847984e-01  4.05096337e-02 -4.58786756e-01 -7.17804074e-01
  1.05648465e-01 -2.38787666e-01 -8.03795934e-01 -4.08914208e-01
  8.85547623e-02 -4.85886335e-01  8.84460151e-01  8.89516771e-01
  7.09244847e-01 -3.50935787e-01 -6.62409961e-01  4.96930063e-01
  3.58823150e-01 -8.91817987e-01  5.86203253e-03  4.73372072e-01
  7.92031825e-01  6.01194382e-01  8.65369439e-01  9.34749007e-01
  5.54884337e-02  6.43342614e-01  8.63968492e-01  5.84303856e-01
  9.57559705e-01 -8.42152596e-01 -7.64960170e-01 -8.80399823e-01
 -8.11006308e-01  1.10589201e-02  7.56564260e-01  7.53476322e-01
 -2.22096905e-01  7.94329822e-01 -8.42477530e-02 -5.94500415e-02
 -9.06299576e-02  9.41967905e-01  4.67282474e-01  1.68955922e-01
 -4.20909196e-01 -6.49596334e-01 -3.11442047e-01  1.65239289e-01]
======================================================
Solve MINLP problem:
[[0.00294665 0.         0.         ... 0.         0.         0.        ]
 [0.         0.00530587 0.         ... 0.         0.         0.        ]
 [0.         0.         0.00191521 ... 0.         0.         0.        ]
 ...
 [0.         0.         0.         ... 0.00179222 0.         0.        ]
 [0.         0.         0.         ... 0.         0.00191484 0.        ]
 [0.         0.         0.         ... 0.         0.         0.00325198]]
[8.25921182e-02 3.26560691e-02 8.96050598e-02 4.08873331e-02
 5.71850643e-02 6.66623414e-02 8.24330351e-02 4.99962463e-03
 9.74405529e-03 2.09468306e-03 4.76565671e-02 4.08458331e-02
 7.92204592e-02 6.24066329e-02 5.57125384e-02 4.73091978e-02
 7.29417948e-02 3.06893322e-02 9.75362528e-02 3.56703676e-02
 1.46179739e-02 3.20566496e-02 7.37057046e-02 1.76301835e-02
 5.85731838e-02 8.71095075e-03 7.54068493e-02 3.39863490e-02
 6.45268434e-02 4.69856773e-02 3.49099771e-02 5.29250902e-02
 8.72270596e-02 1.69638743e-02 3.84785851e-02 9.58509064e-02
 5.45909416e-02 8.17454424e-02 3.72766683e-02 8.94471494e-02
 2.19683513e-02 1.30863399e-02 2.50898857e-02 1.13687161e-02
 9.24160498e-03 5.94777224e-02 6.92019520e-02 6.00192834e-02
 4.75095521e-02 7.91188738e-02 5.60425948e-02 3.15070504e-02
 8.24654240e-02 7.15639817e-02 7.42399092e-04 1.94287797e-02
 3.36654003e-02 7.61941575e-03 6.98912264e-03 8.93588359e-02
 2.32295062e-02 6.18547823e-02 3.26307887e-02 2.12683743e-02
 4.40992419e-02 2.00533697e-03 8.02032172e-02 9.69003821e-03
 2.40407766e-02 8.26709702e-02 4.64845359e-02 6.39569009e-03
 5.53586830e-03 3.61123966e-02 1.82773679e-02 6.28321751e-02
 6.94065045e-02 5.83634677e-04 8.91243910e-02 6.92395737e-02
 9.50438458e-02 5.39895716e-02 6.40529846e-02 5.31979287e-02
 2.81091488e-02 5.88108993e-02 1.38195038e-02 2.97501848e-02
 2.63274721e-02 8.08825798e-02 9.97889340e-02 2.15636979e-02
 7.01365832e-02 9.95360150e-02 9.46740230e-02 8.51196748e-02
 5.66956297e-02 2.61384699e-02 3.69422111e-02 2.55871221e-02
 9.18893625e-02 3.66766552e-02 4.90728249e-03 4.23816793e-02
 4.29406365e-02 8.97532861e-02 1.47128735e-02 5.01522148e-02
 4.51820874e-02 2.55695791e-02 5.98680910e-02 6.07058452e-02
 2.67438676e-02 4.19844369e-02 4.02879253e-02 9.68086840e-02
 4.68723776e-02 1.60066326e-02 8.93694537e-02 4.93757083e-02
 7.89036121e-02 5.97036430e-02 1.79933958e-02 5.82785386e-03
 8.74592979e-02 3.79272416e-02 3.39539008e-02 2.19930261e-02
 1.96049693e-02 5.52596935e-03 7.11607854e-02 6.38041688e-02
 1.79248783e-02 4.11042239e-02 3.94960477e-02 7.86176576e-02
 7.19163355e-02 6.40192770e-03 7.63046111e-03 9.29963788e-02
 5.11875419e-02 6.81874608e-02 6.10600695e-02 8.57143344e-02
 9.81103360e-02 9.57299644e-02 7.68870476e-02 2.79673184e-02
 7.36955928e-02 8.86718452e-02 2.54737950e-02 1.75956555e-03
 6.50570442e-02 4.93459111e-02 8.30872424e-02 7.10368480e-02
 7.41968758e-02 9.32799227e-02 7.29172195e-02 2.15538441e-02
 4.33362698e-02 8.91813361e-02 9.62484025e-02 1.92613200e-03
 4.06298036e-02 5.33608597e-02 4.19840030e-02 8.42138175e-02
 1.76473339e-02 3.62499595e-03 2.12638458e-02 2.21260212e-02
 4.03077410e-02 1.57608661e-02 1.17721442e-02 6.76620395e-02
 4.95270522e-02 9.96216410e-02 4.52174691e-02 1.57711084e-02
 8.10566034e-02 7.90940706e-02 8.79830748e-02 9.23720130e-02
 5.65095403e-02 2.70244203e-02 2.07967471e-02 2.18116026e-02
 1.37092833e-02 9.31546983e-02 7.46447200e-02 2.47869317e-02
 1.56308589e-02 9.14107260e-03 3.16010152e-02 3.12558899e-02
 3.92563924e-02 6.87723243e-02 9.60858022e-02 4.55235181e-02
 8.97548802e-02 3.60448234e-02 9.17059210e-02 4.31043758e-02
 8.91840542e-02 7.52745431e-02 9.92655022e-02 6.62822898e-02
 6.78871723e-03 3.11325800e-02 5.94643049e-02 9.84537279e-02
 8.50112431e-02 7.38665693e-02 1.40679273e-02 2.40310222e-02
 9.66058046e-02 4.92496934e-02 9.68348327e-02 3.94314815e-02
 7.21463335e-02 6.62902102e-02 7.20585935e-02 6.07001998e-02
 3.48201569e-02 5.93244723e-02 7.00962826e-02 8.25626222e-03
 4.37787071e-02 7.59353813e-02 4.57519039e-02 2.11079386e-02
 8.13504616e-03 7.30411857e-02 3.15358646e-02 8.96761813e-02
 1.16492319e-02 5.58538353e-02 7.92496744e-02 4.07436248e-02
 1.62548283e-02 5.84612641e-02 5.61371042e-02 3.53203077e-02
 5.89824124e-02 8.56366810e-03 7.33967027e-02 2.38703430e-02
 7.96830496e-02 7.52642546e-03 1.34632600e-02 6.12009591e-02
 1.11146571e-02 3.66609430e-02 2.33352788e-02 9.52369468e-03
 7.19091489e-02 3.08634666e-03 1.25685819e-02 8.28767305e-02
 4.56548301e-02 6.31503138e-02 3.39041315e-02 4.50221669e-02
 8.75345504e-02 2.82851428e-02 8.14580835e-02 2.41685828e-02
 3.70498605e-03 7.01872323e-02 6.33712092e-02 7.15360801e-02
 7.70380710e-02 7.53009453e-02 5.73458719e-02 6.93013219e-02
 6.41930284e-02 7.63087722e-02 1.43881709e-02 6.57828271e-02
 3.21369268e-02 2.14387696e-02 4.05786143e-02 7.21210511e-02
 7.58024958e-02 1.05357306e-02 3.53989118e-02 4.29475573e-02
 8.00514085e-02 5.42932415e-02 2.10408994e-02 4.18242738e-02
 3.46511678e-02 5.13161189e-02 1.35161462e-02 6.46031268e-02
 7.71896544e-02 4.87807359e-02 3.67904853e-02 9.92821900e-02
 9.94254189e-02 5.73706073e-02 7.39197944e-02 5.81054531e-02
 7.49408355e-02 1.84650227e-02 1.65729566e-02 4.58657563e-02
 2.08590746e-02 3.91550386e-02 3.38301168e-02 1.73693611e-02
 3.67399303e-02 7.73341559e-02 7.80714056e-02 7.17364544e-02
 2.34272636e-02 9.07482801e-02 8.02765432e-02 2.31492956e-02
 4.16316497e-02 8.99216101e-02 5.44701873e-02 2.32436546e-02
 8.52702393e-02 1.17607040e-02 2.87464002e-02 9.20101847e-02
 7.02855540e-02 8.13117111e-03 1.20952740e-02 3.44974434e-02
 9.96267961e-02 5.32672063e-02 9.06064407e-02 4.75421542e-02
 2.44178824e-02 3.13189050e-02 5.97335405e-02 4.97940006e-02
 7.72469995e-02 9.37756071e-02 3.64494403e-03 8.16093140e-02
 7.10975448e-02 2.88186808e-02 3.13433193e-02 5.74147216e-02
 5.02735125e-02 9.19385653e-02 2.94046250e-02 7.58044536e-02
 9.92728682e-02 6.15793277e-02 5.89598572e-02 8.54534596e-02
 6.33538269e-02 5.60372667e-02 7.72813286e-02 8.68420740e-02
 4.47729434e-02 5.59181119e-02 3.12737086e-02 6.63144452e-02
 7.76475068e-02 4.81880174e-03 3.60619203e-02 6.12797075e-02
 5.15307498e-02 4.10585640e-02 8.10168092e-02 5.38891216e-04
 4.50351968e-02 1.92365137e-02 2.64997964e-02 3.55620884e-02
 1.29152027e-02 1.88840233e-02 5.43964473e-02 2.63409317e-02
 6.52442760e-02 9.87591534e-02 8.82756890e-02 7.24353821e-02
 8.72939611e-02 4.92054347e-02 6.97000469e-02 6.61947234e-02
 9.83203124e-02 1.68252725e-02 7.01879928e-02 7.27979801e-02
 6.78401736e-02 4.81907270e-02 8.00307617e-03 5.97573055e-02
 4.48580993e-02 2.62595233e-02 6.17712397e-02 8.76007235e-02
 4.30586644e-02 2.29623115e-02 6.78008940e-02 7.08383966e-02
 2.00004113e-02 1.39070025e-02 6.18552713e-02 6.89834933e-02
 4.87223016e-02 4.96622119e-02 6.64372293e-02 2.02074873e-02
 6.65718103e-02 1.30839964e-02 1.54483151e-02 1.60088490e-02
 1.58304531e-03 7.07967804e-02 4.64821266e-04 3.15636398e-02
 3.77911615e-02 5.04890233e-03 4.09899222e-03 5.06529615e-02
 3.66092188e-02 3.90807138e-02 2.55951029e-02 6.18435874e-02
 6.53221133e-02 3.21339373e-02 3.80311008e-02 5.29857689e-02
 3.92674788e-02 3.71300423e-02 7.84684369e-02 4.04399924e-02
 7.26889685e-02 8.23068470e-02 7.55714363e-02 8.79688480e-02
 3.30202023e-02 7.57126047e-02 6.67604219e-02 7.05105929e-02
 2.71529727e-02 5.15705014e-02 6.99060648e-02 5.97036469e-02
 7.69899834e-02 4.58016640e-03 8.16684937e-02 6.52346632e-02
 5.11286188e-02 5.43836881e-02 7.96317511e-02 3.00534278e-02
 4.11540815e-02 1.59679477e-02 4.19365938e-02 1.59484285e-02
 8.65922228e-02 2.86201783e-02 1.24379881e-02 9.28720361e-03
 3.08014458e-02 4.71003974e-02 9.96303191e-02 6.46734003e-02
 5.69058449e-02 4.49132399e-02 7.36631375e-03 1.46197411e-02
 7.04494194e-02 7.72324450e-02 3.72171126e-02 5.48251184e-02
 1.28812695e-02 1.73271619e-02 7.94937905e-02 2.84595267e-02
 7.85617876e-02 5.25221919e-02 6.44133408e-03 5.40909617e-02
 1.70547425e-02 5.15157452e-02 4.96945832e-02 5.08273381e-02
 2.54058187e-02 2.40527737e-02 4.80976293e-02 6.86386741e-02
 8.82246534e-03 6.23948160e-02 2.51141555e-02 7.29209917e-02
 8.20909669e-02 2.94141167e-02 7.40844802e-02 5.29082064e-02
 8.69223824e-02 6.75244805e-02 5.20369458e-02 9.38440587e-02
 1.84859246e-02 5.96307345e-02 2.48354392e-02 4.91585666e-03
 7.39850661e-02 8.00879192e-02 9.42092357e-02 9.47563311e-02
 5.18635628e-02 6.75988557e-02 7.41054699e-02 4.13911974e-03
 2.59296025e-02 1.93728804e-02 3.50984424e-02 8.86016146e-02
 2.16787223e-02 5.13553736e-02 2.39216285e-02 2.07337815e-02
 4.09887087e-02 1.62770572e-02 9.50391611e-02 3.89092866e-02
 3.44328704e-02 2.74132939e-02 6.02070605e-02 1.17892065e-03
 5.24197209e-02 7.32446496e-03 9.93007841e-02 5.35003323e-02
 7.09762654e-02 4.88215312e-03 1.13814749e-02 4.71860832e-03
 7.83125627e-02 6.40502957e-02 8.11578245e-02 6.25483110e-02
 7.20385059e-02 5.01271238e-02 4.86296079e-02 1.58759035e-02
 2.68201545e-02 6.33835651e-02 5.33065373e-02 4.04228406e-02
 8.43442027e-02 7.15476924e-03 6.39658877e-02 5.89294726e-02
 5.34798473e-02 5.72293739e-02 4.15666652e-02 2.45380010e-03
 2.90483056e-02 7.46505359e-02 1.51837636e-02 2.48500672e-02
 9.39814375e-03 5.10065563e-02 8.15169724e-02 4.03076000e-02
 2.86286768e-03 3.17192271e-02 6.20763517e-02 7.66603821e-02
 6.94456906e-02 7.02990626e-02 5.69820063e-02 6.88867435e-02
 6.56075763e-02 3.02779711e-02 4.93088194e-02 3.37065111e-03
 2.04175893e-02 3.16934652e-02 2.53329468e-02 8.00233734e-02
 5.55177467e-02 5.49052020e-02 7.53814441e-03 1.06188125e-02
 8.05109466e-02 1.51067102e-02 3.21152330e-02 5.33137165e-02
 7.93822966e-02 6.20671557e-02 4.91621640e-02 8.73972084e-02
 1.71617687e-02 2.62636083e-02 5.68593496e-02 2.08601006e-03
 4.23353180e-02 1.89882897e-02 3.12653222e-02 4.27879003e-02
 8.60599415e-02 8.59049110e-02 8.38222128e-02 5.09519803e-02
 8.18607265e-02 8.65871967e-02 9.93201169e-02 2.86620739e-02
 7.09833443e-02 5.20326563e-03 7.67690588e-02 2.71641719e-02
 6.95965298e-02 5.40911433e-02 4.72505392e-02 4.45821770e-02
 1.83683818e-02 2.64973915e-04 3.32563937e-02 2.85667732e-02
 8.61890270e-02 6.08625500e-03 7.67410012e-02 7.79856135e-02
 3.75898773e-03 5.62002388e-02 1.74918154e-02 1.85749578e-02
 9.37158255e-02 1.00110137e-02 6.90455285e-02 1.95809959e-02
 5.59214119e-02 6.17923420e-02 5.06533688e-02 7.51530440e-02
 4.18560117e-02 1.73032762e-02 1.27165550e-02 3.78378689e-02
 3.31350484e-02 9.17441878e-02 9.07097284e-03 9.02791506e-02
 7.58161045e-02 1.79094923e-02 6.12731767e-02 1.43813963e-02
 7.91238830e-02 7.11140158e-02 6.54506101e-03 8.72239438e-02
 6.20139459e-02 5.85557946e-02 9.39440814e-02 2.76858968e-02
 7.37535266e-02 8.24678689e-03 7.68867181e-02 5.82019725e-02
 4.13504490e-02 7.62508493e-02 7.52864148e-02 2.97256402e-02
 4.21972451e-02 1.85873121e-02 5.40474159e-02 6.53601028e-02
 5.58547952e-02 4.94131787e-03 7.49230678e-04 5.72949244e-03
 8.58963649e-02 1.45845225e-02 9.06456785e-02 4.08507548e-02
 9.56667480e-02 9.07221877e-02 3.10383226e-02 3.29487272e-02
 9.03299739e-02 6.94068352e-03 2.24214595e-02 6.15066185e-02
 6.29191436e-02 4.60578636e-02 1.01904392e-02 3.31399507e-02
 5.38503619e-04 7.04705481e-03 3.44359142e-02 1.96903677e-02
 2.38897948e-02 2.00225899e-02 1.25917022e-02 8.66149856e-02
 3.40098665e-02 8.76469882e-02 9.16194995e-02 1.50993249e-02
 3.53999685e-02 2.76452772e-02 8.31206646e-02 1.42032632e-03
 3.52762723e-03 8.45234298e-03 8.68954653e-02 6.14961912e-02
 7.20994326e-02 2.00126347e-02 7.43031118e-02 6.45422678e-02
 4.22371692e-02 3.44780399e-04 1.15206441e-02 2.16291741e-02
 2.98340831e-03 6.89700238e-03 9.72490820e-03 9.95731377e-02
 2.13151552e-02 5.86221475e-02 1.29082046e-02 5.12220960e-03
 8.81668014e-02 6.44568549e-02 7.41764807e-02 3.69213929e-02
 6.42987152e-02 3.48449693e-02 2.55035403e-03 1.20585275e-03
 2.42006987e-02 4.29712171e-02 2.65278783e-02 2.66581013e-02
 8.00602961e-02 9.25404289e-02 2.56758195e-02 7.26810654e-02
 1.48756944e-02 6.28664594e-02 6.35084520e-02 9.20484923e-02
 5.09025090e-02 7.21473413e-02 6.39198294e-02 6.89020719e-02
 5.63769345e-02 7.42210374e-02 1.59124378e-02 2.26473631e-02
 9.95146261e-02 8.97073529e-02 6.60630203e-02 9.87698318e-02
 1.20484305e-02 9.95940650e-02 7.61050122e-02 2.77140843e-02
 3.20774300e-02 4.02311333e-02 2.30382272e-02 1.38490793e-02
 6.87002541e-02 3.74206852e-02 3.73755988e-02 3.52968204e-02
 5.44818818e-02 3.83945794e-02 4.25368168e-02 6.09418341e-02
 8.09198167e-02 3.55836572e-02 2.52681044e-02 8.62853956e-02
 4.74888162e-02 4.97270577e-02 5.16665751e-02 5.95472494e-02
 6.76832364e-02 8.85807111e-02 3.94750211e-02 6.74036960e-02
 2.18314566e-02 9.01105053e-02 6.41838156e-02 4.62591613e-02
 8.27407946e-02 2.36946727e-02 9.68547262e-02 7.16821056e-02
 1.36361206e-02 9.38953180e-02 6.04165099e-02 7.19355021e-02
 2.18327186e-02 9.26083343e-02 9.67963239e-02 7.86687015e-02
 1.63286803e-02 7.41363925e-02 6.14615255e-02 8.65709942e-02
 4.56201228e-02 9.59653837e-02 9.98703743e-02 4.01078286e-02
 7.20971801e-02 9.78623444e-02 8.03654812e-02 3.61995094e-02
 7.88861681e-02 5.74542987e-02 4.46993609e-02 9.38471694e-02
 9.45887826e-02 9.22538722e-02 3.18605168e-02 8.12636759e-02
 5.39271427e-02 7.31156037e-02 9.73015660e-02 5.51564839e-02
 4.34208898e-02 7.38018837e-02 4.44481542e-02 6.62048014e-02
 5.28315508e-02 8.53266229e-03 5.45129031e-02 1.17370506e-02
 7.84182855e-04 6.28048878e-02 8.24686251e-02 7.72008042e-02
 6.49253100e-02 4.05233307e-02 3.30500862e-02 9.05026254e-05
 7.30500451e-02 8.69799063e-02 8.00674499e-02 4.80214093e-02
 1.66030217e-03 4.66276202e-02 2.56201856e-02 2.86076913e-02
 1.62939091e-02 7.73969317e-02 5.77445586e-02 7.19032556e-02
 9.02677746e-02 6.96815012e-03 2.37782108e-02 1.89929833e-02
 7.93612290e-02 7.64662000e-02 9.46095720e-02 5.00165357e-02
 4.65839540e-02 1.16974163e-02 6.39743023e-02 3.10659599e-02
 7.92707321e-02 4.34783490e-02 1.12807291e-03 3.81735150e-02
 2.14106478e-02 3.50579911e-02 2.29709648e-02 8.82317823e-02
 7.18385243e-02 6.62611576e-02 7.61514266e-02 4.50734992e-02
 4.64066117e-02 6.95741431e-02 1.09122049e-02 3.54424927e-02
 3.53706570e-02 2.08271502e-02 4.12445732e-03 2.55074708e-02
 6.37550880e-02 9.51984166e-02 5.04110768e-02 7.80839392e-02
 3.74993185e-02 8.81061887e-02 1.31642315e-02 7.38863250e-02
 3.86847565e-02 4.50759635e-02 2.34643207e-02 3.87069299e-02
 5.35648426e-02 6.94221403e-02 7.28310690e-02 3.23207769e-02
 9.93587206e-02 3.44982291e-02 4.97179868e-02 6.37857225e-02
 7.98283830e-02 2.66190436e-02 9.93070828e-02 9.83484578e-02
 5.43380295e-02 7.09693966e-02 4.31242802e-03 9.78097145e-02
 2.39267134e-03 5.92189157e-02 8.95587221e-02 2.34831206e-03
 7.70493853e-02 8.46875717e-02 4.01757893e-03 4.81898461e-02
 3.38032209e-02 7.48405298e-02 1.76307438e-03 9.02547740e-02
 9.09748855e-02 5.53109219e-02 1.51227849e-02 7.98370569e-03
 7.84325914e-02 2.63709361e-02 9.52546042e-04 8.65300811e-02
 6.05813176e-02 8.59674564e-02 1.24333166e-02 6.76960221e-02
 2.32231424e-02 5.29378659e-02 4.82799628e-02 1.97257523e-03
 8.16335211e-02 3.97190158e-02 5.65966643e-02 8.69979229e-02
 3.91220564e-02 6.08477451e-02 7.39047469e-02 1.47957625e-02
 1.98120872e-02 5.55130643e-02 4.72930145e-02 8.31289899e-02
 6.78015653e-02 5.06643891e-03 9.37007165e-02 5.95198504e-04
 4.67905882e-02 7.61263681e-02 3.07867991e-02 2.83047164e-02
 4.78331113e-02 8.68985873e-02 2.56205504e-02 6.93692851e-02
 4.65607886e-02 8.83597946e-03 4.15866423e-02 4.45788388e-02
 9.39636514e-02 8.12839544e-02 7.30017290e-02 7.39798253e-02
 1.41899742e-03 4.78870052e-02 6.76095771e-02 6.30974384e-02
 6.88778320e-02 6.14601633e-02 8.37534073e-02 2.00277127e-02
 3.74418660e-02 4.39546441e-02 7.58299152e-02 9.63901408e-02
 6.82487215e-02 1.03151675e-02 6.46946559e-02 9.26383931e-02
 1.01375468e-02 5.74385435e-02 4.70869706e-02 4.26430536e-02
 7.07687878e-02 6.96143275e-02 7.07612797e-02 3.30903471e-02]
[[-0.03396862  0.10180412 -0.03026804 ... -0.00519877  0.01948323
  -0.04109522]
 [ 0.12242976 -0.01633471 -0.03450174 ... -0.17227741 -0.16383688
   0.09598158]
 [-0.12583993  0.04786489 -0.06083993 ...  0.00322466  0.14294463
  -0.07115263]
 ...
 [-0.16954126  0.03274714 -0.08245077 ...  0.07041851  0.02085896
  -0.08859749]
 [ 0.00686379  0.063624    0.09502212 ...  0.14854579 -0.02460355
   0.19894482]
 [ 0.14128821 -0.01008883 -0.1459435  ... -0.07464749 -0.08007854
  -0.05079324]]
此时输入模型的b
[-0.21846327, 0.9289502, 0.7291723, 0.6733784, 0.27330536, -0.80865824, -0.7853116, 0.61803234, -0.3189428, 0.22313482, -0.28006563, 0.84286803, -0.76300985, 0.31063586, 0.44042426, 0.126147, -0.12213985, -0.82797843, 0.80266815, 0.8552546, 0.83378154, -0.4939143, 0.3322671, 0.8164399, -0.39507562, 0.677913, -0.15838836, -0.20836061, -0.6882576, -0.42593676, 0.43377614, -0.6534056, 0.0002505249, 0.51909083, 0.39908952, 0.6693443, 0.56428146, 0.6279898, 0.979383, -0.50115716, -0.92117643, 0.0408472, 0.010973925, 0.44299814, 0.76122344, -0.9408731, 0.15948746, 0.31177384, 0.87022954, 0.22588976, -0.47056642, 0.04825743, -0.64953583, 0.11259597, 0.7963226, -0.8517388, -0.27689257, 0.18737543, 0.3507087, 0.912332, -0.94396806, -0.5200916, 0.6590279, -0.5564174, 0.01172384, 0.7743766, 0.33822176, -0.042349078, -0.49182254, -0.4444987, -0.33813342, 0.849836, -0.5044692, -0.55468255, -0.6315159, 0.65993124, 0.29197416, -0.94811267, 0.04013033, -0.68561065, 0.23488037, -0.14199328, 0.7294513, 0.0071573984, -0.19727428, -0.22434537, 0.5085242, -0.68378174, -0.78201157, 0.08048351, 0.15253216, 0.13015805, -0.6142593, -0.9118035, -0.24729192, 0.16050407, 0.6307533, -0.82581526, 0.8873386, -0.38922662, 0.97759724, 0.076256625, -0.8831173, -0.8889251, 0.012183605, -0.06344307, -0.6945429, 0.8430884, 0.27765596, 0.92551136, -0.52191675, -0.14430879, 0.89766246, 0.51351655, 0.6994379, 0.57294714, -0.16153657, 0.5208428, 0.28058532, -0.6259564, 0.46768942, -0.025726696, 0.9388722, 0.41296768, 0.6227083, 0.9024219, -0.07361428, -0.8724479, -0.2328586, 0.6390696, -0.9087133, 0.66091853, -0.2376931, 0.40641934, 0.021926353, -0.10566203, 0.22534432, -0.45748243, -0.7126625, 0.9859011, 0.96287596, 0.32792437, 0.20187856, -0.22253816, -0.6974858, 0.45553806, 0.7762357, -0.2016991, 0.20617114, 0.6119245, 0.4531927, 0.8253456, 0.79483664, -0.6849887, 0.36934295, -0.8513661, -0.58809906, -0.54483324, -0.3915351, 0.53828657, -0.27847207, 0.8497258, -0.11050958, -0.3944299, 0.25277776, -0.7869735, 0.3803318, 0.5840189, -0.6729033, 0.7144689, 0.27277443, 0.3217516, -0.6340861, 0.44576946, -0.067731746, 0.029963758, -0.7295092, -0.28084254, -0.13778825, 0.41660148, -0.8317066, 0.5952066, -0.31299445, -0.3366797, 0.35802433, -0.4744419, -0.11289148, 0.64390916, -0.17283769, 0.80314016, 0.9511977, 0.6927277, -0.082831174, 0.09520561, 0.024758983, -0.53473127, 0.8281596, 0.4309416, 0.83953434, 0.78652984, 0.81937146, -0.9061681, -0.70366615, -0.75094163, 0.006247818, 0.28650808, 0.22025988, 0.6787719, 0.12483283, 0.33780542, 0.45824403, 0.93117726, 0.17409611, -0.17100868, -0.06560258, 0.029055476, -0.89265656, 0.48262933, 0.4114022, -0.39947766, -0.78832847, 0.8114544, -0.93243605, 0.9737983, -0.17941356, 0.6555505, 0.506228, -0.8426128, -0.70229816, 0.5753682, -0.6659289, -0.78210866, -0.29824203, 0.33780587, -0.16812989, -0.8959112, -0.45556182, -0.08667082, 0.3408816, -0.9129285, -0.9660614, -0.79238546, -0.80116296, -0.8493715, -0.84964395, -0.4240462, -0.711438, 0.3703902, 0.71030825, -0.20591667, 0.19502291, 0.4903301, -0.35955122, -0.105006665, -0.526122, 0.09017918, 0.307997, 0.4681254, 0.20936507, -0.7926254, -0.4530266, 0.23755911, 0.07311968, -0.6481948, 0.2163881, -0.03754337, -0.48946488, -0.13136035, -0.91240823, 0.8345248, -0.9347678, 0.9649357, -0.1824158, 0.9891734, 0.7758293, -0.8218023, 0.5081591, -0.6141441, -0.95508385, -0.9581528, 0.7603567, 0.929186, 0.6022608, 0.8150346, 0.7231648, 0.72248644, -0.60108215, 0.96829814, -0.59186006, -0.40156573, -0.29706627, -0.70768285, 0.39236975, -0.23357968, 0.90018547, -0.9190411, 0.11856504, -0.6641752, -0.09480704, 0.045051113, -0.5303168, 0.17939486, -0.75406885, -0.418262, -0.66623235, -0.58695364, -0.8890088, -0.51638126, 0.82005525, -0.6627256, 0.844296, -0.8774817, 0.22780491, -0.5423181, -0.7056284, 0.031828392, -0.1111163, 0.115297206, 0.5375719, 0.31498498, 0.5154454, 0.087657675, 0.86819994, -0.12941694, 0.37914285, -0.14417118, 0.5014247, 0.08355332, 0.39295506, 0.72903305, -0.24988663, 0.9452441, 0.7998686, -0.82426333, -0.9522719, 0.8518291, -0.24153389, 0.6595348, -0.7733191, 0.1583672, 0.53004503, -0.60528135, 0.63187885, 0.8210445, -0.60376185, 0.84385425, 0.61085695, 0.018691273, -0.6820521, -0.7743644, -0.13009554, -0.4801315, -0.8136242, 0.64076185, 0.2718364, 0.946236, -0.08889851, -0.6863262, -0.6111349, -0.51943636, -0.4975016, -0.12512583, 0.403942, 0.3359485, -0.34780297, 0.31436148, 0.14731157, 0.24670391, -0.17604367, -0.50802255, 0.10796141, 0.7635817, 0.8432962, -0.0132127125, -0.2512119, -0.004516273, -0.36696267, 0.111337125, 0.4740997, 0.539526, -0.41868114, -0.8392419, -0.8180112, -0.0815649, -0.4523337, -0.83668697, 0.055465665, 0.0730115, -0.43457162, -0.22120784, -0.111511506, -0.46198976, 0.6928731, 0.60629195, 0.5663295, 0.97300017, -0.49006817, 0.13406599, -0.7722496, 0.08629892, -0.17729387, -0.4874206, 0.2508576, -0.85448134, -0.83526075, -0.19718382, 0.3320323, 0.8454856, 0.83686745, -0.94638157, 0.5883592, -0.75718415, -0.1028535, 0.465394, -0.95487547, 0.25971708, 0.18641314, 0.40238947, 0.7356748, 0.39817572, 0.90225977, 0.41041124, -0.892629, 0.27097198, -0.04434813, -0.7678754, -0.124928944, 0.25414732, 0.66204345, 0.7329396, 0.42104703, -0.2952363, -0.6368682, 0.15884498, 0.18809876, 0.23640786, 0.43432525, -0.9726909, 0.050689068, 0.1605383, 0.46526623, 0.3678632, -0.020143025, -0.5688769, 0.94737315, 0.8441055, -0.7205358, -0.45816433, 0.46057245, 0.421485, 0.9926, 0.81646574, -0.4838993, 0.46955457, 0.28812474, -0.34749502, 0.6236486, 0.44833878, 0.69657, 0.1717147, 0.5606025, 0.71658486, -0.22756785, 0.55590224, -0.9650209, 0.053894468, 0.96966445, 0.1401615, 0.6012291, -0.49328113, 0.5946283, 0.31076744, 0.4405459, -0.3214565, -0.85886765, 0.20844187, -0.494931, -0.82556087, -0.03848761, -0.6824806, 0.43665582, -0.061031353, -0.26541263, 0.6700315, 0.3148768, -0.88607, 0.7049448, -0.20506527, 0.4433102, 0.10387735, -0.7218829, 0.22426409, 0.44747478, 0.7144616, -0.4410694, 0.19390172, -0.8190728, 0.7346153, 0.98904693, -0.417852, -0.63362724, -0.52411926, -0.74098253, -0.17962639, -0.5914893, -0.8460951, 0.46205974, -0.37759355, -0.733147, 0.4628957, 0.1247519, 0.07847405, -0.5160474, 0.10957988, 0.06561257, 0.08887667, -0.0821872, 0.5501754, 0.2003425, 0.23434359, 0.5405732, 0.034702428, -0.39457121, -0.009104408, 0.5770486, 0.13121948, 0.979792, 0.57783705, -0.002021538, -0.7301624, 0.2664684, -0.03071722, -0.2861406, -0.7733736, 0.26265746, -0.6927048, 0.0062145893, 0.27707756, -0.44373673, 0.26031157, -0.27533033, 0.69130194, 0.70468867, 0.015405685, -0.24090219, -0.5039579, 0.2953162, -0.2280931, 0.74537534, -0.63807833, -0.66010624, -0.6377549, 0.5880398, -0.6701036, 0.19705519, -0.82321733, -0.739384, -0.18886068, -0.94417703, 0.78458387, 0.8504746, -0.57714033, -0.12997735, 0.5068268, -0.03890581, 0.60780156, -0.35914052, 0.0019018992, -0.6910741, 0.7158647, -0.7016718, 0.73776066, -0.76782084, -0.6482373, -0.08206268, -0.99594384, 0.3215027, 0.8077659, -0.10976172, -0.5601784, -0.64036435, 0.12628122, 0.0923195, 0.12977365, -0.29319274, -0.61761093, -0.8731489, 0.8022908, -0.7267016, 0.41403764, -0.93301857, -0.30490583, -0.026336057, 0.27219445, -0.10416524, 0.6759364, 0.6653808, -0.2348421, 0.7335081, -0.50298995, -0.5667308, -0.8263265, -0.9858296, 0.53657347, 0.3314557, -0.9915534, 0.932502, 0.34194627, -0.29571304, 0.8297974, 0.2801253, -0.99123216, 0.2681431, 0.97860974, -0.7103556, -0.02348673, -0.89529234, -0.63158584, 0.415354, 0.048663016, 0.7190019, -0.5959706, -0.33421564, -0.52341723, -0.6411889, -0.78501713, -0.67155665, -0.0690373, -0.16264091, -0.52589077, 0.99884886, -0.89217985, -0.7300164, 0.6414709, -0.07328963, 0.09856427, 0.252349, -0.98821694, 0.06620992, -0.23110841, -0.33749062, -0.91074, 0.0994743, 0.24791342, 0.4897911, 0.5228157, 0.32965666, 0.7896556, -0.5855072, -0.7809841, 0.9564428, -0.7516092, -0.2874943, -0.22502406, 0.90974116, -0.6460515, 0.3737644, 0.47290206, -0.015070698, 0.4742786, 0.5171655, 0.23773265, 0.5150071, -0.8993614, -0.0076490114, -0.19433728, 0.11625839, -0.1603227, -0.395566, 0.27707982, -0.5047287, 0.61298245, 0.53483754, -0.34132537, -0.6598347, 0.29461956, -0.2780488, 0.46852508, -0.38072684, 0.43174845, -0.45073572, 0.24324325, 0.04070069, 0.3700388, -0.9461987, 0.59610564, 0.8762177, -0.28535578, -0.5328179, -0.70856565, 0.55353075, -0.8334781, 0.58871967, 0.2571317, 0.43393043, -0.8438229, 0.26385736, 0.4029041, 0.5284748, -0.94298065, -0.49626842, 0.12127861, -0.82411253, -0.4384719, 0.9978995, -0.07208401, 0.07332262, 0.75573456, 0.026995897, 0.16777095, -0.6471215, 0.77437323, 0.7864498, 0.7213201, -0.30704603, -0.14114387, 0.36455634, -0.4252505, 0.005027108, 0.3155973, 0.6602182, 0.34206322, -0.91129863, -0.8714693, 0.6906615, -0.8286293, 0.26717746, -0.16277303, -0.1031212, -0.90884745, 0.68928164, 0.8803854, 0.22058122, 0.46159086, 0.9134637, 0.436522, -0.7593923, -0.34528702, 0.51905775, -0.7012997, -0.3614048, 0.83157134, -0.26303014, -0.18811242, -0.27118042, 0.79604864, 0.19957393, -0.88657916, -0.31410328, -0.048824377, 0.15150256, 0.5175496, 0.8679899, 0.12326112, 0.8620208, -0.35840496, -0.29769313, -0.5821267, -0.2948368, 0.80176115, 0.6886057, -0.88902366, -0.4850184, 0.096956044, 0.7176762, -0.50457764, 0.6909207, 0.04311217, 0.062609985, -0.05946547, 0.75631624, 0.78427273, 0.689035, -0.20329945, 0.9128439, 0.13809668, 0.3032837, -0.91133505, -0.7864525, 0.55889875, -0.5006337, -0.89160454, 0.87697875, -0.6879254, -0.8957115, -0.12042708, -0.32385236, -0.3517107, 0.5923366, -0.68756634, 0.04295166, -0.35341704, -0.27903092, -0.68605334, 0.35703433, 0.37886348, 0.4181703, -0.16397916, 0.5289343, 0.14252977, -0.909071, -0.68279016, -0.9364964, 0.23927033, 0.23124614, -0.33406934, 0.8401801, -0.7302494, -0.6791899, 0.8833882, -0.2131305, -0.8043249, 0.5894749, -0.8689867, 0.81554925, -0.42104754, 0.24024516, 0.9182203, -0.17041908, -0.8754343, -0.43114805, 0.4922331, -0.36950916, 0.10785447, -0.063796416, 0.34164435, 0.6563317, 0.71427464, -0.7166838, -0.39423242, 0.94583374, 0.9836829, 0.33164662, -0.7164245, -0.13191599, 0.19465029, 0.11240619, 0.6419295, 0.18329297, -0.9844364, 0.9065241, -0.49212122, 0.58068556, 0.5484601, 0.91161036, -0.093542516, 0.72457296, -0.40627685, -0.39115158, 0.6117347, 0.08221736, 0.013145123, 0.0117061855, 0.37629408, 0.7647328, 0.48283058, 0.07215776, 0.10464456, 0.79932636, -0.15764314, -0.06398783, 0.5217442, 0.41121876, -0.8852444, 0.62928516, 0.9849328, -0.63385165, -0.66059375, -0.5961082, -0.07138731, -0.8833238, 0.7650339, 0.81372106, 0.365802, 0.4970237, 0.7313382, -0.69036186, -0.48423493, -0.31385928, -0.5170903, -0.03257617, 0.24061427, -0.066858165, -0.79434246, -0.88945806, -0.94416785, 0.5871146, 0.710299, 0.6112183, -0.61196494, -0.97063917, 0.6935102, 0.77252823, 0.12414327, -0.5891856, -0.26730612, 0.1856792, -0.50507116, -0.1254865, -0.24543315, 0.20323573, 0.31010538, 0.7909869, -0.6272589, 0.784731, -0.20150176, 0.5085998, -0.7542349, -0.030960632, -0.49762228, -0.03989854, -0.36750028, 0.47169375, 0.4830205, 0.8053715, 0.747061, 0.36275056, 0.7193405, -0.294765, -0.6839729, 0.4197769, 0.1316322, -0.70816505, 0.8275188, -0.7424342, -0.49396238, 0.62394327, -0.74669677, -0.5189726, -0.880165, 0.24826941, 0.5782573, 0.906035, -0.83860934, 0.027328916, 0.5389772, 0.75515896, -0.9261118, -0.559137, 0.7220248, -0.84159076, -0.5254543, -0.376452, -0.9737197, 0.7264134, 0.82837665, 0.23794517, 0.41753364, 0.00041552246, -0.99379796, -0.7013366, -0.8364575, -0.649848, 0.040509634, -0.45878676, -0.7178041, 0.105648465, -0.23878767, -0.80379593, -0.4089142, 0.08855476, -0.48588634, 0.88446015, 0.8895168, 0.70924485, -0.3509358, -0.66240996, 0.49693006, 0.35882315, -0.891818, 0.0058620325, 0.47337207, 0.7920318, 0.6011944, 0.86536944, 0.934749, 0.055488434, 0.6433426, 0.8639685, 0.58430386, 0.9575597, -0.8421526, -0.76496017, -0.8803998, -0.8110063, 0.01105892, 0.75656426, 0.7534763, -0.2220969, 0.7943298, -0.08424775, -0.05945004, -0.09062996, 0.9419679, 0.46728247, 0.16895592, -0.4209092, -0.64959633, -0.31144205, 0.16523929]
Gurobi没有传入初始解
======================================================
Solve MINLP problem:
没有初始化solution.
Set parameter OutputFlag to value 1
Set parameter LogFile to value "solver_result/gurobi/noinitial/cq_cls1_1000-1000.log"
Set parameter TimeLimit to value 10800
Set parameter NodefileStart to value 20
Set parameter Threads to value 20
Gurobi Optimizer version 12.0.1 build v12.0.1rc0 (linux64 - "Ubuntu 24.04.1 LTS")

CPU model: Intel(R) Xeon(R) Gold 6240C CPU @ 2.60GHz, instruction set [SSE2|AVX|AVX2|AVX512]
Thread count: 36 physical cores, 72 logical processors, using up to 20 threads

Non-default parameters:
TimeLimit  10800
NodefileStart  20
Threads  20

Optimize a model with 1000 rows, 1000 columns and 1000000 nonzeros
Model fingerprint: 0x3d03eb8f
Model has 1000 quadratic objective terms
Variable types: 0 continuous, 1000 integer (0 binary)
Coefficient statistics:
  Matrix range     [3e-07, 5e-01]
  Objective range  [9e-05, 1e-01]
  QObjective range [2e-05, 1e-02]
  Bounds range     [0e+00, 0e+00]
  RHS range        [3e-04, 1e+00]
Presolve time: 0.45s
Presolved: 1000 rows, 1000 columns, 1000000 nonzeros
Presolved model has 1000 quadratic objective terms
Variable types: 0 continuous, 1000 integer (0 binary)

Root simplex log...

Iteration    Objective       Primal Inf.    Dual Inf.      Time
     413   -2.2289882e+02   3.909210e+01   0.000000e+00      5s
     546   -2.1398325e+02   2.547047e+00   0.000000e+00     11s
     591   -2.1385696e+02   0.000000e+00   0.000000e+00     16s

Root relaxation: objective -2.138570e+02, 591 iterations, 14.58 seconds (3.88 work units)

    Nodes    |    Current Node    |     Objective Bounds      |     Work
 Expl Unexpl |  Obj  Depth IntInf | Incumbent    BestBd   Gap | It/Node Time

     0     0 -213.85696    0 1000          - -213.85696      -     -   15s
     0     0 -213.85514    0 1000          - -213.85514      -     -  112s
     0     2 -213.85514    0 1000          - -213.85514      -     -  240s
     1     4 -213.85514    1  999          - -213.85514      -   2.0  245s
     3     8 -213.85498    2  998          - -213.85498      -   2.7  250s
    15    32 -213.85358    4  996          - -213.85400      -   2.5  259s
    31    52 -213.85286    5  995          - -213.85364      -   2.5  264s
    51   110 -213.85278    6  994          - -213.85364      -   2.5  275s
   109   210 -213.85077    8  992          - -213.85327      -   2.6  304s
   209   403 -213.84984   10  990          - -213.85327      -   2.7  359s
   402   784 -213.84854   15  985          - -213.85327      -   2.8  458s
   783  1822 -213.84594   32  969          - -213.85327      -   2.8  647s
  1821  3218 -213.83422   85  923          - -213.85327      -   2.7  878s
  3217  4535 -213.81055  147  877          - -213.85327      -   2.8 1079s
  4534  5716 -213.78960  199  838          - -213.85327      -   2.9 1261s
  5715  6873 -213.77103  261  795          - -213.85327      -   2.9 1428s
  6872  8028 -213.75365  316  761          - -213.85327      -   3.0 1589s
  8027  9161 -213.73857  364  733          - -213.85327      -   3.1 1757s
  9160 10254 -213.71190  421  697          - -213.85327      -   3.2 1905s
 10253 11315 -213.69458  460  676          - -213.85327      -   3.4 2042s
 11314 12396 -213.67423  508  655          - -213.85327      -   3.6 2179s
 12396 12397 -213.77551  256 1000          - -213.85327      -   3.8 2197s
 12398 12398 -213.83964   59 1000          - -213.85327      -   3.8 2220s
 12400 12400 -213.72182  412 1000          - -213.85327      -   3.8 2364s
 12401 12403 -213.85327   15  999          - -213.85327      -   3.8 2377s
 12403 12407 -213.85327   16  998          - -213.85327      -   3.8 2381s
 12407 12413 -213.85173   17  997          - -213.85298      -   3.8 2386s
 12415 12427 -213.84975   18  996          - -213.85139      -   3.8 2392s
 12431 12441 -213.84805   19  995          - -213.84957      -   3.8 2397s
 12451 12495 -213.84663   20  994          - -213.84887      -   3.8 2409s
 12511 12572 -213.84331   22  992          - -213.84887      -   3.8 2436s
 12608 12764 -213.83958   24  990          - -213.84887      -   3.8 2504s
 12833 13082 -213.83224   30  984          - -213.84887      -   3.8 2620s
 13226 13030 -213.81791   40  974          - -213.84887      -   3.7 2684s
 13305 13901 -213.81623   41  973          - -213.84887      -   3.7 2910s
 14202 15697 -213.78488   63  951          - -213.84887      -   3.7 3370s
 16297 16220 -213.72363  111  903          - -213.84887      -   3.5 3647s
 17518 17071 -213.69491  138  876          - -213.84887      -   3.5 3925s
 18776 17893 -213.66564  168  846          - -213.84887      -   3.5 4184s
 20018 18683 -213.64495  196  818          - -213.84887      -   3.4 4423s
 21222 19431 -213.62404  223  792          - -213.84887      -   3.4 4667s
 22371 20170 -213.60139  250  767          - -213.84887      -   3.4 4890s
 23493 20876 -213.57574  276  746          - -213.84887      -   3.4 5121s
 24573 21702 -213.55466  301  720          - -213.84887      -   3.5 5368s
 25759 21930 -213.52636  329  702          - -213.84887      -   3.5 5489s
 26382 22774 -213.51416  342  691          - -213.84887      -   3.6 5686s
 27434 23410 -213.49233  368  677          - -213.84887      -   3.7 5865s
 28421 24021 -213.47302  391  657          - -213.84887      -   3.9 6032s
 29361 24568 -213.44865  414  645          - -213.84887      -   4.0 6188s
 30221 25213 -213.42999  435  632          - -213.84887      -   4.2 6357s
 31153 25823 -213.40554  458  619          - -213.84887      -   4.4 6512s
 32073 26420 -213.38271  480  611          - -213.84887      -   4.6 6670s
 32977 27019 -213.36882  502  595          - -213.84887      -   4.8 6837s
 33877 27372 -213.34095  523  584          - -213.84887      -   5.0 6956s
 34530 28077 -213.32100  539  584          - -213.84887      -   5.2 7118s
 35453 28625 -213.29611  561  575          - -213.84887      -   5.4 7260s
 36309 29273 -213.28233  582  569          - -213.84887      -   5.6 7418s
 37242 29933 -213.25997  604  552          - -213.84887      -   5.9 7572s
 38213 30029 -213.22968  627  547          - -213.84887      -   6.2 7653s
 38633 30946 -213.21063  640  533          - -213.84887      -   6.3 7812s
 39690 31464 -213.16096  665  529          - -213.84887      -   6.6 7939s
 40560 32256 -213.13651  686  518          - -213.84887      -   6.9 8094s
 41642 33067 -213.08696  711  500          - -213.84887      -   7.2 8268s
 42814 33883 -213.05160  738  502          - -213.84887      -   7.6 8448s
 44020 34735 -212.98609  764  488          - -213.84887      -   7.9 8628s
 45274 35450 -212.94623  792  487          - -213.84887      -   8.3 8797s
 46407 36323 -212.90644  815  475          - -213.84887      -   8.7 8984s
 47658 37243 -212.86254  839  468          - -213.84887      -   9.1 9343s
 48995 37760 -212.77762  864  458          - -213.84887      -   9.6 9480s
 49958 39189 -212.75148  889  446          - -213.84887      -  10.0 9701s
 51588 40781 -212.64030  923  446          - -213.84887      -  10.7 9897s
 53180 42392 -212.62784  957  420          - -213.84887      -  11.4 10099s
 54791 44088 -212.54572  989  418          - -213.84887      -  12.2 10298s
 56487 45756 -212.44865 1022  399          - -213.84887      -  13.0 10506s
 58155 46038 -212.33891 1054  387          - -213.84887      -  14.0 10562s
 58437 47718 -212.29747 1061  385          - -213.84887      -  14.1 10782s
 60117 47933 -212.15078 1092  373          - -213.84887      -  15.2 10800s

Explored 60332 nodes (924163 simplex iterations) in 10801.05 seconds (1362.02 work units)
Thread count was 20 (of 72 available processors)

Solution count 0

Time limit reached
Best objective -, best bound -2.138488728870e+02, gap -
 40%|████      | 2/5 [6:00:15<9:00:23, 10807.77s/it] 无法得到可行解
约束的个数: 1000
Gurobi model disposed.
此时传入模型的b
[ 2.51051188e-01  8.42696607e-01 -7.06625879e-01  1.72256440e-01
  1.23818882e-01 -8.12060714e-01 -2.83088773e-01  9.23414171e-01
  4.89482552e-01  4.04163182e-01  8.04257035e-01  2.80384243e-01
 -6.11328006e-01 -5.59238970e-01  1.50916889e-01  9.48064089e-01
 -8.70024264e-01  6.65721953e-01 -7.58604482e-02 -5.65024972e-01
 -2.98982441e-01  3.11064273e-01  2.98871011e-01  7.45165169e-01
  8.03073108e-01 -9.05117154e-01  1.75902098e-01 -9.07123685e-01
  4.55707371e-01  5.71839631e-01 -5.26865602e-01  5.73727965e-01
  2.40024060e-01 -2.44906783e-01  3.61691028e-01  7.83168912e-01
  8.89369920e-02  5.78567266e-01  2.02595517e-01  8.46272707e-01
 -6.91390514e-01  3.75589728e-01  8.61977100e-01 -2.87432820e-01
 -9.58889246e-01 -6.94768190e-01 -3.49323787e-02  1.43497705e-01
  8.74198258e-01  1.39866993e-01 -5.10145962e-01 -9.74596083e-01
 -4.70884815e-02  5.05057454e-01  2.91584522e-01  5.65138042e-01
  2.48607054e-01 -6.18667543e-01  5.16289949e-01 -6.57999039e-01
 -2.00275734e-01  8.12957704e-01  8.09533536e-01 -9.03691053e-01
  2.23202199e-01 -7.00502396e-02 -8.46784294e-01 -5.14688313e-01
  3.61136317e-01 -8.12414706e-01  8.99599552e-01 -3.11567843e-01
  7.30777860e-01  3.86230111e-01 -2.98935652e-01 -2.51386669e-02
  8.86414647e-02 -7.46291399e-01  3.71799469e-01  7.66237617e-01
  2.64759481e-01  6.66526258e-01 -2.96714574e-01  6.13267660e-01
  3.70018244e-01 -4.66138899e-01 -5.19809484e-01 -1.15207233e-01
  4.72734034e-01 -7.37560332e-01  2.72321790e-01  4.41159934e-01
 -6.37689948e-01  3.43390942e-01  2.16565520e-01 -7.32998490e-01
 -4.87738429e-03 -5.58060646e-01  7.18406618e-01  7.58584917e-01
  5.84858358e-01  4.01296169e-01 -1.73817594e-02  1.28503650e-01
 -1.82951406e-01 -9.71507549e-01  6.33256912e-01 -2.54736274e-01
 -7.30298758e-01 -7.23095179e-01  3.18289280e-01  3.05796474e-01
  6.15735829e-01  6.43902302e-01 -9.86239433e-01  3.76932025e-01
  2.82381445e-01 -8.89882684e-01  6.96445256e-02  7.72714615e-01
 -2.50024736e-01  8.28150928e-01  6.87729895e-01 -1.97286442e-01
  7.23624110e-01  2.06024766e-01  9.00492072e-01 -3.20676327e-01
  3.83151732e-02 -2.80345887e-01  1.45388201e-01  2.76801854e-01
  4.15869206e-01 -1.20375767e-01 -5.50623298e-01 -3.42762113e-01
 -4.75150466e-01  8.79230380e-01  4.30459380e-01  7.76368618e-01
 -6.10358492e-02 -1.64887831e-01  6.35595843e-02  9.72153068e-01
  1.79936469e-01 -4.11425978e-01 -6.49483562e-01  2.22369358e-01
 -6.30462050e-01 -6.96519196e-01  3.64238769e-01  4.34991300e-01
  9.68830228e-01  2.71413475e-01  5.29990256e-01  4.30245876e-01
  1.43393189e-01  1.55818969e-01 -4.11029667e-01  9.24071610e-01
  3.13049525e-01 -3.88057619e-01  9.48241770e-01  9.74995136e-01
 -2.72308290e-01 -2.39268586e-01 -5.90117514e-01  8.48198771e-01
 -8.32555443e-02  9.12659407e-01 -6.27282500e-01  1.09345734e-01
  8.38608202e-03  5.96312582e-01 -4.33144033e-01 -9.54791188e-01
  4.12122905e-01 -1.59394145e-01 -6.83301315e-02  1.48434281e-01
  9.94986832e-01 -6.07753277e-01 -6.52726710e-01 -9.29207087e-01
  5.06556809e-01 -6.05285704e-01  6.73569679e-01 -8.50062251e-01
  5.35328150e-01  9.85594511e-01  2.92034656e-01 -8.47376108e-01
  5.39107740e-01 -6.67901218e-01  9.52673137e-01  3.40870798e-01
 -7.41562486e-01 -3.17769825e-01 -6.79845035e-01  1.75038472e-01
 -5.16296089e-01  8.80504072e-01  4.46000975e-03  9.58974659e-01
  2.28513569e-01 -9.51539576e-01  5.08189619e-01 -5.40000379e-01
  7.13986516e-01 -9.06256735e-01 -6.18204653e-01 -1.64592788e-01
 -6.43473804e-01 -2.58736491e-01  7.03209639e-01  4.73626912e-01
 -9.19328257e-02 -9.06067550e-01  8.32288384e-01 -7.66452134e-01
 -9.39612746e-01 -1.23171575e-01  3.40897143e-01  1.79121494e-01
 -6.19594634e-01 -4.03059512e-01  8.93172085e-01 -8.16179037e-01
  9.37386394e-01 -6.03052139e-01  8.35259795e-01 -1.01076044e-01
  4.84561056e-01  8.97716507e-02 -6.14250839e-01 -8.94454896e-01
 -7.35503793e-01 -3.41891497e-01 -1.57852113e-01 -2.73263991e-01
 -2.62518585e-01  8.17339599e-01  6.02026045e-01  1.23367392e-01
 -1.10311851e-01 -1.33848995e-01 -5.29028893e-01  4.00635898e-01
 -3.07682827e-02  3.08412820e-01 -4.72223938e-01  8.81651819e-01
  1.53471962e-01  4.07480627e-01  7.08779335e-01  1.80938572e-01
  1.63627826e-02 -3.84016275e-01 -3.34693521e-01 -7.20604599e-01
 -7.58677244e-01 -8.58207107e-01 -7.27802873e-01  6.94425762e-01
  4.21742439e-01 -9.00054514e-01 -8.55439067e-01  4.72305834e-01
 -8.99033487e-01  8.76433551e-02 -6.51606172e-02  5.33482850e-01
 -3.89446855e-01 -6.61429286e-01  4.40996915e-01  5.38840473e-01
  8.67962778e-01  9.30821896e-01 -7.84322023e-01 -1.03787236e-01
  5.61764598e-01  5.70546031e-01  8.82658601e-01  4.81058545e-02
 -1.83507755e-01  8.76183987e-01  9.51108187e-02  4.63261664e-01
  1.48896590e-01  2.82272846e-01 -7.63365746e-01  8.11835766e-01
 -6.42927170e-01 -6.15748942e-01 -1.51437223e-01  6.90295517e-01
  5.85980415e-01  9.04447615e-01  3.49796176e-01 -5.51316381e-01
 -8.29561204e-02 -1.78914517e-01 -9.23322260e-01  9.98051941e-01
  1.81102112e-01  5.48454940e-01 -4.22242492e-01 -9.91396978e-03
  1.81846127e-01  7.16000199e-01 -2.45417148e-01  4.38382357e-01
  6.91857874e-01  9.77410153e-02 -6.47354648e-02  9.73984003e-01
 -1.85172245e-01 -7.82370865e-01  8.05498838e-01  8.32193904e-03
  6.31453395e-01  7.24272370e-01 -8.08503509e-01 -4.38554525e-01
 -9.90176082e-01 -8.05445671e-01 -1.66003466e-01 -8.61934721e-01
  6.78406835e-01 -8.85138571e-01 -9.14799333e-01 -7.63167977e-01
  2.42272794e-01 -5.88881135e-01 -7.03394711e-01 -4.28265840e-01
 -4.71826077e-01  5.28439462e-01 -8.33936792e-04 -8.04376721e-01
 -7.98451528e-02 -7.03587756e-02  9.76517081e-01 -7.71676242e-01
  1.32408053e-01 -6.08048201e-01  8.34578216e-01  5.66738546e-01
 -4.78354782e-01 -5.92829466e-01 -6.15728740e-03  9.11834002e-01
 -6.68444932e-01  7.37564206e-01 -6.71684980e-01 -3.25175345e-01
  9.84883845e-01  5.89413583e-01 -8.69701445e-01  7.66254783e-01
  7.81816125e-01 -9.48620081e-01 -6.72752261e-01  8.29561532e-01
 -1.26850709e-01 -3.60582709e-01 -2.81258002e-02 -9.20744419e-01
  5.67366660e-01 -6.36788905e-01  6.67320311e-01 -1.52417734e-01
  5.12829363e-01 -8.50884259e-01 -7.79395461e-01  1.71049476e-01
  2.79648811e-01 -1.24811888e-01  4.18097526e-01  2.44783401e-01
 -5.42131484e-01  5.39105944e-02 -8.35335627e-02 -9.45949912e-01
  9.66522515e-01  2.93389827e-01 -8.89192581e-01 -5.16180396e-01
 -7.45629907e-01  9.58961368e-01 -1.67224124e-01  7.28500783e-01
 -3.62406641e-01  3.29226106e-01  5.29614270e-01 -8.73885632e-01
  6.29834294e-01 -9.50534403e-01  6.27624512e-01  5.09844661e-01
  3.07252675e-01 -9.21527922e-01  9.14127409e-01 -5.00550628e-01
  6.61253691e-01  7.94547677e-01 -7.69549787e-01  7.60472715e-02
 -9.67967570e-01  8.16004932e-01 -7.87930608e-01  8.14740658e-01
 -8.02302241e-01 -4.03581440e-01  6.11104906e-01  6.42796397e-01
 -5.70159294e-02  4.03673977e-01  9.59621847e-01 -5.50563872e-01
 -3.39694381e-01 -9.05410349e-01 -7.57887423e-01 -3.27583998e-02
  7.50063181e-01 -1.34684891e-01 -7.75139406e-02 -8.89191210e-01
  3.24653774e-01  5.54456890e-01 -1.17384024e-01 -7.53346443e-01
 -2.37960011e-01 -7.59659484e-02 -7.70972848e-01 -7.21177876e-01
  9.97360885e-01 -8.21865737e-01  2.99772799e-01 -7.68045187e-01
  3.41627717e-01 -6.55885935e-01  8.97558510e-01 -6.46319687e-02
 -8.85400414e-01  2.69649476e-01 -7.49096155e-01 -4.06206936e-01
 -4.65831578e-01 -5.24826407e-01 -5.99416971e-01  5.04847407e-01
 -6.37312472e-01  5.47762632e-01 -6.33045018e-01  6.51355863e-01
 -2.61374801e-01  6.36501610e-02 -1.34144261e-01 -2.88776517e-01
  8.90920043e-01  4.66613859e-01 -8.88279557e-01 -9.95188415e-01
 -3.02985877e-01  8.18157017e-01 -1.40339568e-01  2.92581558e-01
 -3.17519575e-01 -2.15695709e-01 -5.98228335e-01 -6.15469873e-01
  1.72284886e-01  9.61235583e-01 -2.27882341e-01 -9.37215209e-01
  3.87967587e-01  2.67571330e-01 -3.41947705e-01 -6.56317830e-01
 -3.32841218e-01  1.01889549e-02 -5.14003277e-01  2.59511977e-01
  7.22492695e-01 -9.85321224e-01  5.30379176e-01  3.15268427e-01
 -4.00725663e-01  7.62675047e-01  9.18860018e-01 -1.84823334e-01
 -9.98545587e-02  7.05807209e-01 -9.31246102e-01  7.18511403e-01
 -2.56249886e-02 -1.71588182e-01  1.56006008e-01 -8.81796539e-01
 -2.57752150e-01 -3.62159610e-01 -6.58962965e-01  9.75911915e-01
 -8.58290851e-01  6.31470740e-01  4.62331474e-01  7.96839714e-01
  5.12023032e-01  1.65745318e-01 -7.73158073e-01  5.43142617e-01
 -3.59487265e-01 -4.50356863e-02  3.42794418e-01 -5.02856135e-01
  2.19172105e-01 -6.94274068e-01  9.52399015e-01  9.01389182e-01
  1.41179919e-01  5.69285572e-01  3.19218785e-01  4.56567854e-02
  5.14516294e-01 -4.48416442e-01  9.82991040e-01 -5.62547266e-01
  4.72007990e-01  1.64074436e-01  9.71431255e-01  8.95237684e-01
  8.27031851e-01 -4.80616629e-01  5.65021694e-01 -5.28569162e-01
 -9.29564834e-01 -5.03880024e-01  4.21663910e-01 -1.32908210e-01
 -5.25957882e-01  9.51656282e-01 -8.74350488e-01 -7.84102619e-01
  1.44016534e-01 -9.37316120e-01 -3.09082996e-02  3.53474736e-01
 -3.57848927e-02 -6.75960124e-01  1.19830340e-01 -3.30992043e-01
  4.49678481e-01  8.42080653e-01 -7.87791073e-01  9.93526280e-01
 -1.01328328e-01  6.38787806e-01  8.69306684e-01 -7.41534531e-01
  2.85339169e-02 -8.14617038e-01 -3.40469569e-01  7.15387017e-02
 -6.54427350e-01 -6.56485092e-03 -3.46486032e-01  2.28217512e-01
 -6.41766667e-01  8.47537339e-01  9.01163295e-02  3.43354940e-01
 -4.69958931e-01 -9.61670995e-01 -3.51818323e-01  3.57572623e-02
  3.17868203e-01  9.12548125e-01  7.24113643e-01  9.91084397e-01
 -1.42519280e-01 -3.09356511e-01 -4.17632282e-01 -7.81371534e-01
 -8.45516443e-01  5.24184346e-01  3.16903979e-01  2.57196367e-01
 -8.78086925e-01 -2.54702896e-01 -6.18850708e-01  4.60346699e-01
  2.86788136e-01 -9.43751395e-01 -2.06237689e-01  7.83789217e-01
  6.19089782e-01 -7.13019371e-02 -5.24574578e-01 -1.05660439e-01
  9.06487226e-01 -4.50934082e-01  6.36778772e-01 -7.80919373e-01
 -6.59909308e-01 -2.56483853e-01  7.93101132e-01  3.90546501e-01
 -9.50396121e-01 -9.13798690e-01  4.08192754e-01 -7.31928870e-02
  9.62636173e-01 -3.64112288e-01 -2.74530411e-01  1.39336765e-01
 -8.59530032e-01 -5.58091044e-01 -1.32261872e-01  1.32258266e-01
  2.53946126e-01 -8.75340104e-01  5.26099563e-01  8.06652665e-01
 -6.76248610e-01  8.98033530e-02  2.92972028e-01 -5.25283992e-01
  5.06643832e-01 -1.78093880e-01 -4.99774188e-01 -2.27871165e-01
 -6.68338716e-01  5.42666353e-02  1.64979890e-01 -2.88432926e-01
  5.58379769e-01  6.65702224e-01  1.96020201e-01  8.10432434e-01
 -2.69769102e-01 -6.87705219e-01 -2.94783086e-01  5.29454589e-01
  9.03920054e-01  9.97320235e-01  7.70401120e-01 -8.77701819e-01
 -8.30746710e-01  2.17736006e-01 -7.01560378e-01  4.70045328e-01
  5.37958860e-01 -1.91009790e-01  4.29548144e-01  3.11099380e-01
 -9.03750241e-01  9.85054612e-01 -1.11804754e-01  4.97632325e-01
 -8.35779369e-01  6.83800876e-01 -1.54677093e-01  1.10294752e-01
 -9.16676700e-01 -3.83101195e-01  3.51336896e-01 -3.70086521e-01
  6.10325158e-01  3.24476928e-01  9.24662173e-01  4.92185801e-01
 -3.84913445e-01 -5.44283211e-01  8.02247524e-01  3.63802016e-01
 -2.79425800e-01 -6.70532286e-01 -7.43714869e-02  7.58550882e-01
  7.30331361e-01 -5.09915411e-01  5.06044209e-01 -7.51242578e-01
 -8.54255736e-01  3.10135812e-01  6.34425819e-01 -2.14655757e-01
 -6.59918904e-01 -4.27300751e-01  6.64297163e-01  5.79203188e-01
  2.45796479e-02  7.70803750e-01 -2.11450327e-02  1.85310319e-01
  9.86672640e-01  3.65986735e-01 -9.89898026e-01 -5.25507987e-01
 -8.85098934e-01 -7.91121304e-01  4.05385345e-01  9.25356090e-01
 -2.34692991e-01 -4.03890431e-01 -7.83320606e-01  9.50233459e-01
  9.16302919e-01  4.71799701e-01 -7.97127604e-01  5.28048038e-01
 -2.94851482e-01 -3.41963917e-01 -7.51579583e-01 -2.29549691e-01
  2.36957058e-01  7.77303576e-01  2.45524839e-01 -4.63822603e-01
  2.11926475e-01 -5.77390194e-01  3.32416594e-01  1.71159655e-01
 -8.89913142e-01 -1.56641364e-01  2.22993731e-01 -9.33067679e-01
 -7.56295204e-01 -6.84120834e-01 -7.86128759e-01  9.22752500e-01
 -4.12230343e-01 -1.50805429e-01 -6.90209627e-01 -9.47957695e-01
  2.49435365e-01  6.66571379e-01  5.83872199e-02 -7.31390357e-01
  3.93004596e-01  7.02208877e-01  7.47237206e-02  9.66981113e-01
  6.69681013e-01 -4.05902803e-01 -3.82513523e-01  5.28201520e-01
  9.40219581e-01  4.96584103e-02  6.66681170e-01  4.11685824e-01
  6.38078302e-02 -3.40474337e-01 -5.10239661e-01 -2.90451169e-01
 -2.98549086e-01  3.54761273e-01  2.95476854e-01  4.96792048e-01
 -6.40850723e-01 -3.88335764e-01  9.93604183e-01  5.76742142e-02
 -6.85771883e-01  6.20192401e-02 -3.74224752e-01 -9.47031658e-03
  4.91321266e-01 -3.98874223e-01  2.67441541e-01 -9.99134123e-01
  7.37882495e-01 -9.75260496e-01  7.39550591e-01 -8.72924566e-01
 -7.94912577e-01  8.66109371e-01 -4.97111492e-02 -2.36554235e-01
  1.78656265e-01  5.26919246e-01  7.26461768e-01 -2.79953599e-01
  2.97143966e-01 -4.79456902e-01 -2.78349817e-01  5.73819578e-01
  4.34957981e-01  7.52739906e-01  1.69260621e-01 -7.00270891e-01
 -8.66030157e-01  5.04803538e-01  9.46072876e-01 -6.96123481e-01
 -9.49154317e-01  3.00458334e-02 -6.77231610e-01  5.38192749e-01
  2.75304079e-01  2.81313628e-01 -4.05016929e-01 -5.61000764e-01
 -9.26673472e-01 -8.64213347e-01 -3.50462705e-01  9.27587986e-01
 -9.99758422e-01 -1.83373407e-01  4.99708623e-01  9.36015606e-01
 -6.49821103e-01 -1.65576264e-02 -2.98053533e-01 -3.16213854e-02
  7.59934008e-01  1.72724873e-01  6.02413118e-01 -4.98617142e-01
  8.84477854e-01 -9.61740792e-01  3.29225987e-01  7.05554843e-01
  5.64254105e-01 -5.05004883e-01 -8.85061622e-01 -4.82389480e-01
 -6.37874246e-01 -9.51704144e-01 -4.51765805e-01 -3.60221453e-02
  6.59097373e-01 -9.87974331e-02  8.14271450e-01  8.01023424e-01
 -9.38854694e-01  9.65996385e-01 -1.61761791e-01  5.60128868e-01
 -7.94038594e-01  4.15590316e-01  2.92958647e-01 -6.99452519e-01
 -6.24463677e-01 -7.96861231e-01  1.29310802e-01  3.59804302e-01
 -6.79125011e-01 -1.26135007e-01  9.22073066e-01 -5.62343597e-01
 -3.62738699e-01 -6.49138033e-01  8.84077668e-01  2.54026294e-01
  3.50317299e-01 -4.56332028e-01 -6.40473068e-01 -1.05683200e-01
 -1.27830684e-01 -9.45950747e-01 -8.37417066e-01 -3.42858374e-01
 -4.80034381e-01 -4.95687068e-01  2.74115384e-01 -6.02678776e-01
  1.25258893e-01 -4.11285134e-03  4.63927805e-01 -2.13837758e-01
 -2.39036307e-01  6.37628317e-01  6.55708194e-01 -6.95122659e-01
  8.20635140e-01 -7.44452178e-02  7.67406225e-01  2.27739230e-01
 -5.61612010e-01 -7.33202323e-02 -7.40753829e-01  5.25625348e-01
  5.04992366e-01 -2.58941948e-01 -5.78957319e-01 -4.96821888e-02
  5.32458007e-01  6.83847189e-01 -6.21568620e-01 -9.44960676e-03
  8.60215485e-01 -4.40909415e-01  3.60098690e-01 -4.96796459e-01
 -3.36781383e-01  9.42976654e-01 -8.21832716e-01 -8.23313951e-01
  2.82481243e-03 -2.42189780e-01  5.80086410e-01 -1.37896508e-01
 -5.02576649e-01  8.38779986e-01  9.35505509e-01  3.56667072e-01
 -5.68804502e-01 -9.25884545e-01  4.50240165e-01  6.12170517e-01
  1.66463688e-01 -2.97677606e-01 -2.07270399e-01 -1.74194440e-01
 -3.11936349e-01  9.42400098e-01  1.68510333e-01 -2.30153367e-01
 -1.78408027e-01 -3.34524155e-01  9.56602573e-01 -6.75061166e-01
 -6.55082583e-01 -5.24690926e-01  7.00227499e-01  3.33250836e-02
 -5.50959885e-01  3.19113885e-03  5.05280197e-01 -7.70403147e-01
 -2.43991371e-02 -5.64759612e-01 -4.51662123e-01 -9.10601258e-01
  7.37787843e-01  5.27167916e-01  9.20987844e-01  9.67579663e-01
  8.78895760e-01  1.63175151e-01  7.13981748e-01  7.44639039e-01
 -6.68642342e-01  8.48898947e-01 -9.85037312e-02  9.02966484e-02
 -8.33254680e-02 -2.77363390e-01 -6.26383424e-01  4.34933484e-01
 -3.61126184e-01 -6.47956491e-01 -7.56048441e-01  7.90075481e-01
 -4.55976903e-01  2.93407053e-01  1.01605169e-01  4.74392861e-01
 -4.31552483e-03 -6.82446480e-01 -5.91458619e-01 -3.75228785e-02
  6.44644678e-01  6.61509216e-01 -8.80151510e-01  8.56973946e-01
 -4.33624797e-02  7.23901570e-01 -7.25666225e-01 -5.38707495e-01
  9.27162647e-01 -2.70529598e-01 -3.43747169e-01 -6.75684139e-02
 -9.62357044e-01  3.73856246e-01 -3.79750133e-01 -1.26447245e-01
  7.20242783e-02 -2.28072375e-01  7.94792250e-02  6.19879603e-01
  6.72619939e-01 -7.81683505e-01 -7.59352028e-01 -6.98430955e-01
 -6.97445050e-02  7.16580093e-01 -5.75119138e-01 -1.79896846e-01
 -9.00535643e-01  2.62290835e-01  7.49630868e-01  7.44425297e-01
 -2.14534730e-01 -4.09673929e-01  9.14667964e-01  3.19604754e-01]
======================================================
Solve MINLP problem:
[[0.00294665 0.         0.         ... 0.         0.         0.        ]
 [0.         0.00530587 0.         ... 0.         0.         0.        ]
 [0.         0.         0.00191521 ... 0.         0.         0.        ]
 ...
 [0.         0.         0.         ... 0.00179222 0.         0.        ]
 [0.         0.         0.         ... 0.         0.00191484 0.        ]
 [0.         0.         0.         ... 0.         0.         0.00325198]]
[8.25921182e-02 3.26560691e-02 8.96050598e-02 4.08873331e-02
 5.71850643e-02 6.66623414e-02 8.24330351e-02 4.99962463e-03
 9.74405529e-03 2.09468306e-03 4.76565671e-02 4.08458331e-02
 7.92204592e-02 6.24066329e-02 5.57125384e-02 4.73091978e-02
 7.29417948e-02 3.06893322e-02 9.75362528e-02 3.56703676e-02
 1.46179739e-02 3.20566496e-02 7.37057046e-02 1.76301835e-02
 5.85731838e-02 8.71095075e-03 7.54068493e-02 3.39863490e-02
 6.45268434e-02 4.69856773e-02 3.49099771e-02 5.29250902e-02
 8.72270596e-02 1.69638743e-02 3.84785851e-02 9.58509064e-02
 5.45909416e-02 8.17454424e-02 3.72766683e-02 8.94471494e-02
 2.19683513e-02 1.30863399e-02 2.50898857e-02 1.13687161e-02
 9.24160498e-03 5.94777224e-02 6.92019520e-02 6.00192834e-02
 4.75095521e-02 7.91188738e-02 5.60425948e-02 3.15070504e-02
 8.24654240e-02 7.15639817e-02 7.42399092e-04 1.94287797e-02
 3.36654003e-02 7.61941575e-03 6.98912264e-03 8.93588359e-02
 2.32295062e-02 6.18547823e-02 3.26307887e-02 2.12683743e-02
 4.40992419e-02 2.00533697e-03 8.02032172e-02 9.69003821e-03
 2.40407766e-02 8.26709702e-02 4.64845359e-02 6.39569009e-03
 5.53586830e-03 3.61123966e-02 1.82773679e-02 6.28321751e-02
 6.94065045e-02 5.83634677e-04 8.91243910e-02 6.92395737e-02
 9.50438458e-02 5.39895716e-02 6.40529846e-02 5.31979287e-02
 2.81091488e-02 5.88108993e-02 1.38195038e-02 2.97501848e-02
 2.63274721e-02 8.08825798e-02 9.97889340e-02 2.15636979e-02
 7.01365832e-02 9.95360150e-02 9.46740230e-02 8.51196748e-02
 5.66956297e-02 2.61384699e-02 3.69422111e-02 2.55871221e-02
 9.18893625e-02 3.66766552e-02 4.90728249e-03 4.23816793e-02
 4.29406365e-02 8.97532861e-02 1.47128735e-02 5.01522148e-02
 4.51820874e-02 2.55695791e-02 5.98680910e-02 6.07058452e-02
 2.67438676e-02 4.19844369e-02 4.02879253e-02 9.68086840e-02
 4.68723776e-02 1.60066326e-02 8.93694537e-02 4.93757083e-02
 7.89036121e-02 5.97036430e-02 1.79933958e-02 5.82785386e-03
 8.74592979e-02 3.79272416e-02 3.39539008e-02 2.19930261e-02
 1.96049693e-02 5.52596935e-03 7.11607854e-02 6.38041688e-02
 1.79248783e-02 4.11042239e-02 3.94960477e-02 7.86176576e-02
 7.19163355e-02 6.40192770e-03 7.63046111e-03 9.29963788e-02
 5.11875419e-02 6.81874608e-02 6.10600695e-02 8.57143344e-02
 9.81103360e-02 9.57299644e-02 7.68870476e-02 2.79673184e-02
 7.36955928e-02 8.86718452e-02 2.54737950e-02 1.75956555e-03
 6.50570442e-02 4.93459111e-02 8.30872424e-02 7.10368480e-02
 7.41968758e-02 9.32799227e-02 7.29172195e-02 2.15538441e-02
 4.33362698e-02 8.91813361e-02 9.62484025e-02 1.92613200e-03
 4.06298036e-02 5.33608597e-02 4.19840030e-02 8.42138175e-02
 1.76473339e-02 3.62499595e-03 2.12638458e-02 2.21260212e-02
 4.03077410e-02 1.57608661e-02 1.17721442e-02 6.76620395e-02
 4.95270522e-02 9.96216410e-02 4.52174691e-02 1.57711084e-02
 8.10566034e-02 7.90940706e-02 8.79830748e-02 9.23720130e-02
 5.65095403e-02 2.70244203e-02 2.07967471e-02 2.18116026e-02
 1.37092833e-02 9.31546983e-02 7.46447200e-02 2.47869317e-02
 1.56308589e-02 9.14107260e-03 3.16010152e-02 3.12558899e-02
 3.92563924e-02 6.87723243e-02 9.60858022e-02 4.55235181e-02
 8.97548802e-02 3.60448234e-02 9.17059210e-02 4.31043758e-02
 8.91840542e-02 7.52745431e-02 9.92655022e-02 6.62822898e-02
 6.78871723e-03 3.11325800e-02 5.94643049e-02 9.84537279e-02
 8.50112431e-02 7.38665693e-02 1.40679273e-02 2.40310222e-02
 9.66058046e-02 4.92496934e-02 9.68348327e-02 3.94314815e-02
 7.21463335e-02 6.62902102e-02 7.20585935e-02 6.07001998e-02
 3.48201569e-02 5.93244723e-02 7.00962826e-02 8.25626222e-03
 4.37787071e-02 7.59353813e-02 4.57519039e-02 2.11079386e-02
 8.13504616e-03 7.30411857e-02 3.15358646e-02 8.96761813e-02
 1.16492319e-02 5.58538353e-02 7.92496744e-02 4.07436248e-02
 1.62548283e-02 5.84612641e-02 5.61371042e-02 3.53203077e-02
 5.89824124e-02 8.56366810e-03 7.33967027e-02 2.38703430e-02
 7.96830496e-02 7.52642546e-03 1.34632600e-02 6.12009591e-02
 1.11146571e-02 3.66609430e-02 2.33352788e-02 9.52369468e-03
 7.19091489e-02 3.08634666e-03 1.25685819e-02 8.28767305e-02
 4.56548301e-02 6.31503138e-02 3.39041315e-02 4.50221669e-02
 8.75345504e-02 2.82851428e-02 8.14580835e-02 2.41685828e-02
 3.70498605e-03 7.01872323e-02 6.33712092e-02 7.15360801e-02
 7.70380710e-02 7.53009453e-02 5.73458719e-02 6.93013219e-02
 6.41930284e-02 7.63087722e-02 1.43881709e-02 6.57828271e-02
 3.21369268e-02 2.14387696e-02 4.05786143e-02 7.21210511e-02
 7.58024958e-02 1.05357306e-02 3.53989118e-02 4.29475573e-02
 8.00514085e-02 5.42932415e-02 2.10408994e-02 4.18242738e-02
 3.46511678e-02 5.13161189e-02 1.35161462e-02 6.46031268e-02
 7.71896544e-02 4.87807359e-02 3.67904853e-02 9.92821900e-02
 9.94254189e-02 5.73706073e-02 7.39197944e-02 5.81054531e-02
 7.49408355e-02 1.84650227e-02 1.65729566e-02 4.58657563e-02
 2.08590746e-02 3.91550386e-02 3.38301168e-02 1.73693611e-02
 3.67399303e-02 7.73341559e-02 7.80714056e-02 7.17364544e-02
 2.34272636e-02 9.07482801e-02 8.02765432e-02 2.31492956e-02
 4.16316497e-02 8.99216101e-02 5.44701873e-02 2.32436546e-02
 8.52702393e-02 1.17607040e-02 2.87464002e-02 9.20101847e-02
 7.02855540e-02 8.13117111e-03 1.20952740e-02 3.44974434e-02
 9.96267961e-02 5.32672063e-02 9.06064407e-02 4.75421542e-02
 2.44178824e-02 3.13189050e-02 5.97335405e-02 4.97940006e-02
 7.72469995e-02 9.37756071e-02 3.64494403e-03 8.16093140e-02
 7.10975448e-02 2.88186808e-02 3.13433193e-02 5.74147216e-02
 5.02735125e-02 9.19385653e-02 2.94046250e-02 7.58044536e-02
 9.92728682e-02 6.15793277e-02 5.89598572e-02 8.54534596e-02
 6.33538269e-02 5.60372667e-02 7.72813286e-02 8.68420740e-02
 4.47729434e-02 5.59181119e-02 3.12737086e-02 6.63144452e-02
 7.76475068e-02 4.81880174e-03 3.60619203e-02 6.12797075e-02
 5.15307498e-02 4.10585640e-02 8.10168092e-02 5.38891216e-04
 4.50351968e-02 1.92365137e-02 2.64997964e-02 3.55620884e-02
 1.29152027e-02 1.88840233e-02 5.43964473e-02 2.63409317e-02
 6.52442760e-02 9.87591534e-02 8.82756890e-02 7.24353821e-02
 8.72939611e-02 4.92054347e-02 6.97000469e-02 6.61947234e-02
 9.83203124e-02 1.68252725e-02 7.01879928e-02 7.27979801e-02
 6.78401736e-02 4.81907270e-02 8.00307617e-03 5.97573055e-02
 4.48580993e-02 2.62595233e-02 6.17712397e-02 8.76007235e-02
 4.30586644e-02 2.29623115e-02 6.78008940e-02 7.08383966e-02
 2.00004113e-02 1.39070025e-02 6.18552713e-02 6.89834933e-02
 4.87223016e-02 4.96622119e-02 6.64372293e-02 2.02074873e-02
 6.65718103e-02 1.30839964e-02 1.54483151e-02 1.60088490e-02
 1.58304531e-03 7.07967804e-02 4.64821266e-04 3.15636398e-02
 3.77911615e-02 5.04890233e-03 4.09899222e-03 5.06529615e-02
 3.66092188e-02 3.90807138e-02 2.55951029e-02 6.18435874e-02
 6.53221133e-02 3.21339373e-02 3.80311008e-02 5.29857689e-02
 3.92674788e-02 3.71300423e-02 7.84684369e-02 4.04399924e-02
 7.26889685e-02 8.23068470e-02 7.55714363e-02 8.79688480e-02
 3.30202023e-02 7.57126047e-02 6.67604219e-02 7.05105929e-02
 2.71529727e-02 5.15705014e-02 6.99060648e-02 5.97036469e-02
 7.69899834e-02 4.58016640e-03 8.16684937e-02 6.52346632e-02
 5.11286188e-02 5.43836881e-02 7.96317511e-02 3.00534278e-02
 4.11540815e-02 1.59679477e-02 4.19365938e-02 1.59484285e-02
 8.65922228e-02 2.86201783e-02 1.24379881e-02 9.28720361e-03
 3.08014458e-02 4.71003974e-02 9.96303191e-02 6.46734003e-02
 5.69058449e-02 4.49132399e-02 7.36631375e-03 1.46197411e-02
 7.04494194e-02 7.72324450e-02 3.72171126e-02 5.48251184e-02
 1.28812695e-02 1.73271619e-02 7.94937905e-02 2.84595267e-02
 7.85617876e-02 5.25221919e-02 6.44133408e-03 5.40909617e-02
 1.70547425e-02 5.15157452e-02 4.96945832e-02 5.08273381e-02
 2.54058187e-02 2.40527737e-02 4.80976293e-02 6.86386741e-02
 8.82246534e-03 6.23948160e-02 2.51141555e-02 7.29209917e-02
 8.20909669e-02 2.94141167e-02 7.40844802e-02 5.29082064e-02
 8.69223824e-02 6.75244805e-02 5.20369458e-02 9.38440587e-02
 1.84859246e-02 5.96307345e-02 2.48354392e-02 4.91585666e-03
 7.39850661e-02 8.00879192e-02 9.42092357e-02 9.47563311e-02
 5.18635628e-02 6.75988557e-02 7.41054699e-02 4.13911974e-03
 2.59296025e-02 1.93728804e-02 3.50984424e-02 8.86016146e-02
 2.16787223e-02 5.13553736e-02 2.39216285e-02 2.07337815e-02
 4.09887087e-02 1.62770572e-02 9.50391611e-02 3.89092866e-02
 3.44328704e-02 2.74132939e-02 6.02070605e-02 1.17892065e-03
 5.24197209e-02 7.32446496e-03 9.93007841e-02 5.35003323e-02
 7.09762654e-02 4.88215312e-03 1.13814749e-02 4.71860832e-03
 7.83125627e-02 6.40502957e-02 8.11578245e-02 6.25483110e-02
 7.20385059e-02 5.01271238e-02 4.86296079e-02 1.58759035e-02
 2.68201545e-02 6.33835651e-02 5.33065373e-02 4.04228406e-02
 8.43442027e-02 7.15476924e-03 6.39658877e-02 5.89294726e-02
 5.34798473e-02 5.72293739e-02 4.15666652e-02 2.45380010e-03
 2.90483056e-02 7.46505359e-02 1.51837636e-02 2.48500672e-02
 9.39814375e-03 5.10065563e-02 8.15169724e-02 4.03076000e-02
 2.86286768e-03 3.17192271e-02 6.20763517e-02 7.66603821e-02
 6.94456906e-02 7.02990626e-02 5.69820063e-02 6.88867435e-02
 6.56075763e-02 3.02779711e-02 4.93088194e-02 3.37065111e-03
 2.04175893e-02 3.16934652e-02 2.53329468e-02 8.00233734e-02
 5.55177467e-02 5.49052020e-02 7.53814441e-03 1.06188125e-02
 8.05109466e-02 1.51067102e-02 3.21152330e-02 5.33137165e-02
 7.93822966e-02 6.20671557e-02 4.91621640e-02 8.73972084e-02
 1.71617687e-02 2.62636083e-02 5.68593496e-02 2.08601006e-03
 4.23353180e-02 1.89882897e-02 3.12653222e-02 4.27879003e-02
 8.60599415e-02 8.59049110e-02 8.38222128e-02 5.09519803e-02
 8.18607265e-02 8.65871967e-02 9.93201169e-02 2.86620739e-02
 7.09833443e-02 5.20326563e-03 7.67690588e-02 2.71641719e-02
 6.95965298e-02 5.40911433e-02 4.72505392e-02 4.45821770e-02
 1.83683818e-02 2.64973915e-04 3.32563937e-02 2.85667732e-02
 8.61890270e-02 6.08625500e-03 7.67410012e-02 7.79856135e-02
 3.75898773e-03 5.62002388e-02 1.74918154e-02 1.85749578e-02
 9.37158255e-02 1.00110137e-02 6.90455285e-02 1.95809959e-02
 5.59214119e-02 6.17923420e-02 5.06533688e-02 7.51530440e-02
 4.18560117e-02 1.73032762e-02 1.27165550e-02 3.78378689e-02
 3.31350484e-02 9.17441878e-02 9.07097284e-03 9.02791506e-02
 7.58161045e-02 1.79094923e-02 6.12731767e-02 1.43813963e-02
 7.91238830e-02 7.11140158e-02 6.54506101e-03 8.72239438e-02
 6.20139459e-02 5.85557946e-02 9.39440814e-02 2.76858968e-02
 7.37535266e-02 8.24678689e-03 7.68867181e-02 5.82019725e-02
 4.13504490e-02 7.62508493e-02 7.52864148e-02 2.97256402e-02
 4.21972451e-02 1.85873121e-02 5.40474159e-02 6.53601028e-02
 5.58547952e-02 4.94131787e-03 7.49230678e-04 5.72949244e-03
 8.58963649e-02 1.45845225e-02 9.06456785e-02 4.08507548e-02
 9.56667480e-02 9.07221877e-02 3.10383226e-02 3.29487272e-02
 9.03299739e-02 6.94068352e-03 2.24214595e-02 6.15066185e-02
 6.29191436e-02 4.60578636e-02 1.01904392e-02 3.31399507e-02
 5.38503619e-04 7.04705481e-03 3.44359142e-02 1.96903677e-02
 2.38897948e-02 2.00225899e-02 1.25917022e-02 8.66149856e-02
 3.40098665e-02 8.76469882e-02 9.16194995e-02 1.50993249e-02
 3.53999685e-02 2.76452772e-02 8.31206646e-02 1.42032632e-03
 3.52762723e-03 8.45234298e-03 8.68954653e-02 6.14961912e-02
 7.20994326e-02 2.00126347e-02 7.43031118e-02 6.45422678e-02
 4.22371692e-02 3.44780399e-04 1.15206441e-02 2.16291741e-02
 2.98340831e-03 6.89700238e-03 9.72490820e-03 9.95731377e-02
 2.13151552e-02 5.86221475e-02 1.29082046e-02 5.12220960e-03
 8.81668014e-02 6.44568549e-02 7.41764807e-02 3.69213929e-02
 6.42987152e-02 3.48449693e-02 2.55035403e-03 1.20585275e-03
 2.42006987e-02 4.29712171e-02 2.65278783e-02 2.66581013e-02
 8.00602961e-02 9.25404289e-02 2.56758195e-02 7.26810654e-02
 1.48756944e-02 6.28664594e-02 6.35084520e-02 9.20484923e-02
 5.09025090e-02 7.21473413e-02 6.39198294e-02 6.89020719e-02
 5.63769345e-02 7.42210374e-02 1.59124378e-02 2.26473631e-02
 9.95146261e-02 8.97073529e-02 6.60630203e-02 9.87698318e-02
 1.20484305e-02 9.95940650e-02 7.61050122e-02 2.77140843e-02
 3.20774300e-02 4.02311333e-02 2.30382272e-02 1.38490793e-02
 6.87002541e-02 3.74206852e-02 3.73755988e-02 3.52968204e-02
 5.44818818e-02 3.83945794e-02 4.25368168e-02 6.09418341e-02
 8.09198167e-02 3.55836572e-02 2.52681044e-02 8.62853956e-02
 4.74888162e-02 4.97270577e-02 5.16665751e-02 5.95472494e-02
 6.76832364e-02 8.85807111e-02 3.94750211e-02 6.74036960e-02
 2.18314566e-02 9.01105053e-02 6.41838156e-02 4.62591613e-02
 8.27407946e-02 2.36946727e-02 9.68547262e-02 7.16821056e-02
 1.36361206e-02 9.38953180e-02 6.04165099e-02 7.19355021e-02
 2.18327186e-02 9.26083343e-02 9.67963239e-02 7.86687015e-02
 1.63286803e-02 7.41363925e-02 6.14615255e-02 8.65709942e-02
 4.56201228e-02 9.59653837e-02 9.98703743e-02 4.01078286e-02
 7.20971801e-02 9.78623444e-02 8.03654812e-02 3.61995094e-02
 7.88861681e-02 5.74542987e-02 4.46993609e-02 9.38471694e-02
 9.45887826e-02 9.22538722e-02 3.18605168e-02 8.12636759e-02
 5.39271427e-02 7.31156037e-02 9.73015660e-02 5.51564839e-02
 4.34208898e-02 7.38018837e-02 4.44481542e-02 6.62048014e-02
 5.28315508e-02 8.53266229e-03 5.45129031e-02 1.17370506e-02
 7.84182855e-04 6.28048878e-02 8.24686251e-02 7.72008042e-02
 6.49253100e-02 4.05233307e-02 3.30500862e-02 9.05026254e-05
 7.30500451e-02 8.69799063e-02 8.00674499e-02 4.80214093e-02
 1.66030217e-03 4.66276202e-02 2.56201856e-02 2.86076913e-02
 1.62939091e-02 7.73969317e-02 5.77445586e-02 7.19032556e-02
 9.02677746e-02 6.96815012e-03 2.37782108e-02 1.89929833e-02
 7.93612290e-02 7.64662000e-02 9.46095720e-02 5.00165357e-02
 4.65839540e-02 1.16974163e-02 6.39743023e-02 3.10659599e-02
 7.92707321e-02 4.34783490e-02 1.12807291e-03 3.81735150e-02
 2.14106478e-02 3.50579911e-02 2.29709648e-02 8.82317823e-02
 7.18385243e-02 6.62611576e-02 7.61514266e-02 4.50734992e-02
 4.64066117e-02 6.95741431e-02 1.09122049e-02 3.54424927e-02
 3.53706570e-02 2.08271502e-02 4.12445732e-03 2.55074708e-02
 6.37550880e-02 9.51984166e-02 5.04110768e-02 7.80839392e-02
 3.74993185e-02 8.81061887e-02 1.31642315e-02 7.38863250e-02
 3.86847565e-02 4.50759635e-02 2.34643207e-02 3.87069299e-02
 5.35648426e-02 6.94221403e-02 7.28310690e-02 3.23207769e-02
 9.93587206e-02 3.44982291e-02 4.97179868e-02 6.37857225e-02
 7.98283830e-02 2.66190436e-02 9.93070828e-02 9.83484578e-02
 5.43380295e-02 7.09693966e-02 4.31242802e-03 9.78097145e-02
 2.39267134e-03 5.92189157e-02 8.95587221e-02 2.34831206e-03
 7.70493853e-02 8.46875717e-02 4.01757893e-03 4.81898461e-02
 3.38032209e-02 7.48405298e-02 1.76307438e-03 9.02547740e-02
 9.09748855e-02 5.53109219e-02 1.51227849e-02 7.98370569e-03
 7.84325914e-02 2.63709361e-02 9.52546042e-04 8.65300811e-02
 6.05813176e-02 8.59674564e-02 1.24333166e-02 6.76960221e-02
 2.32231424e-02 5.29378659e-02 4.82799628e-02 1.97257523e-03
 8.16335211e-02 3.97190158e-02 5.65966643e-02 8.69979229e-02
 3.91220564e-02 6.08477451e-02 7.39047469e-02 1.47957625e-02
 1.98120872e-02 5.55130643e-02 4.72930145e-02 8.31289899e-02
 6.78015653e-02 5.06643891e-03 9.37007165e-02 5.95198504e-04
 4.67905882e-02 7.61263681e-02 3.07867991e-02 2.83047164e-02
 4.78331113e-02 8.68985873e-02 2.56205504e-02 6.93692851e-02
 4.65607886e-02 8.83597946e-03 4.15866423e-02 4.45788388e-02
 9.39636514e-02 8.12839544e-02 7.30017290e-02 7.39798253e-02
 1.41899742e-03 4.78870052e-02 6.76095771e-02 6.30974384e-02
 6.88778320e-02 6.14601633e-02 8.37534073e-02 2.00277127e-02
 3.74418660e-02 4.39546441e-02 7.58299152e-02 9.63901408e-02
 6.82487215e-02 1.03151675e-02 6.46946559e-02 9.26383931e-02
 1.01375468e-02 5.74385435e-02 4.70869706e-02 4.26430536e-02
 7.07687878e-02 6.96143275e-02 7.07612797e-02 3.30903471e-02]
[[-0.03396862  0.10180412 -0.03026804 ... -0.00519877  0.01948323
  -0.04109522]
 [ 0.12242976 -0.01633471 -0.03450174 ... -0.17227741 -0.16383688
   0.09598158]
 [-0.12583993  0.04786489 -0.06083993 ...  0.00322466  0.14294463
  -0.07115263]
 ...
 [-0.16954126  0.03274714 -0.08245077 ...  0.07041851  0.02085896
  -0.08859749]
 [ 0.00686379  0.063624    0.09502212 ...  0.14854579 -0.02460355
   0.19894482]
 [ 0.14128821 -0.01008883 -0.1459435  ... -0.07464749 -0.08007854
  -0.05079324]]
此时输入模型的b
[0.2510512, 0.8426966, -0.7066259, 0.17225644, 0.12381888, -0.8120607, -0.28308877, 0.9234142, 0.48948255, 0.40416318, 0.80425704, 0.28038424, -0.611328, -0.559239, 0.15091689, 0.9480641, -0.87002426, 0.66572195, -0.07586045, -0.565025, -0.29898244, 0.31106427, 0.298871, 0.74516517, 0.8030731, -0.90511715, 0.1759021, -0.9071237, 0.45570737, 0.57183963, -0.5268656, 0.57372797, 0.24002406, -0.24490678, 0.36169103, 0.7831689, 0.08893699, 0.57856727, 0.20259552, 0.8462727, -0.6913905, 0.37558973, 0.8619771, -0.28743282, -0.95888925, -0.6947682, -0.03493238, 0.1434977, 0.87419826, 0.139867, -0.51014596, -0.9745961, -0.04708848, 0.50505745, 0.29158452, 0.56513804, 0.24860705, -0.61866754, 0.51628995, -0.65799904, -0.20027573, 0.8129577, 0.80953354, -0.90369105, 0.2232022, -0.07005024, -0.8467843, -0.5146883, 0.36113632, -0.8124147, 0.89959955, -0.31156784, 0.73077786, 0.3862301, -0.29893565, -0.025138667, 0.088641465, -0.7462914, 0.37179947, 0.7662376, 0.26475948, 0.66652626, -0.29671457, 0.61326766, 0.37001824, -0.4661389, -0.5198095, -0.11520723, 0.47273403, -0.73756033, 0.2723218, 0.44115993, -0.63768995, 0.34339094, 0.21656552, -0.7329985, -0.0048773843, -0.55806065, 0.7184066, 0.7585849, 0.58485836, 0.40129617, -0.01738176, 0.12850365, -0.1829514, -0.97150755, 0.6332569, -0.25473627, -0.73029876, -0.7230952, 0.31828928, 0.30579647, 0.6157358, 0.6439023, -0.98623943, 0.37693202, 0.28238145, -0.8898827, 0.069644526, 0.7727146, -0.25002474, 0.8281509, 0.6877299, -0.19728644, 0.7236241, 0.20602477, 0.9004921, -0.32067633, 0.038315173, -0.2803459, 0.1453882, 0.27680185, 0.4158692, -0.12037577, -0.5506233, -0.3427621, -0.47515047, 0.8792304, 0.43045938, 0.7763686, -0.06103585, -0.16488783, 0.063559584, 0.97215307, 0.17993647, -0.41142598, -0.64948356, 0.22236936, -0.63046205, -0.6965192, 0.36423877, 0.4349913, 0.9688302, 0.27141348, 0.52999026, 0.43024588, 0.14339319, 0.15581897, -0.41102967, 0.9240716, 0.31304953, -0.38805762, 0.9482418, 0.97499514, -0.2723083, -0.23926859, -0.5901175, 0.8481988, -0.083255544, 0.9126594, -0.6272825, 0.109345734, 0.008386082, 0.5963126, -0.43314403, -0.9547912, 0.4121229, -0.15939415, -0.06833013, 0.14843428, 0.99498683, -0.6077533, -0.6527267, -0.9292071, 0.5065568, -0.6052857, 0.6735697, -0.85006225, 0.53532815, 0.9855945, 0.29203466, -0.8473761, 0.53910774, -0.6679012, 0.95267314, 0.3408708, -0.7415625, -0.31776983, -0.67984504, 0.17503847, -0.5162961, 0.8805041, 0.0044600097, 0.95897466, 0.22851357, -0.9515396, 0.5081896, -0.5400004, 0.7139865, -0.90625674, -0.61820465, -0.16459279, -0.6434738, -0.2587365, 0.70320964, 0.4736269, -0.091932826, -0.90606755, 0.8322884, -0.76645213, -0.93961275, -0.123171575, 0.34089714, 0.1791215, -0.61959463, -0.4030595, 0.8931721, -0.81617904, 0.9373864, -0.60305214, 0.8352598, -0.101076044, 0.48456106, 0.08977165, -0.61425084, -0.8944549, -0.7355038, -0.3418915, -0.15785211, -0.273264, -0.26251858, 0.8173396, 0.60202605, 0.12336739, -0.11031185, -0.133849, -0.5290289, 0.4006359, -0.030768283, 0.30841282, -0.47222394, 0.8816518, 0.15347196, 0.40748063, 0.70877934, 0.18093857, 0.016362783, -0.38401628, -0.33469352, -0.7206046, -0.75867724, -0.8582071, -0.7278029, 0.69442576, 0.42174244, -0.9000545, -0.85543907, 0.47230583, -0.8990335, 0.087643355, -0.06516062, 0.53348285, -0.38944685, -0.6614293, 0.44099692, 0.5388405, 0.8679628, 0.9308219, -0.784322, -0.103787236, 0.5617646, 0.57054603, 0.8826586, 0.048105855, -0.18350776, 0.876184, 0.09511082, 0.46326166, 0.14889659, 0.28227285, -0.76336575, 0.81183577, -0.64292717, -0.61574894, -0.15143722, 0.6902955, 0.5859804, 0.9044476, 0.34979618, -0.5513164, -0.08295612, -0.17891452, -0.92332226, 0.99805194, 0.18110211, 0.54845494, -0.4222425, -0.00991397, 0.18184613, 0.7160002, -0.24541715, 0.43838236, 0.6918579, 0.097741015, -0.064735465, 0.973984, -0.18517224, -0.78237087, 0.80549884, 0.008321939, 0.6314534, 0.7242724, -0.8085035, -0.43855453, -0.9901761, -0.8054457, -0.16600347, -0.8619347, 0.67840683, -0.8851386, -0.91479933, -0.763168, 0.2422728, -0.58888113, -0.7033947, -0.42826584, -0.47182608, 0.52843946, -0.0008339368, -0.8043767, -0.07984515, -0.070358776, 0.9765171, -0.77167624, 0.13240805, -0.6080482, 0.8345782, 0.56673855, -0.47835478, -0.59282947, -0.0061572874, 0.911834, -0.66844493, 0.7375642, -0.671685, -0.32517534, 0.98488384, 0.5894136, -0.86970145, 0.7662548, 0.7818161, -0.9486201, -0.67275226, 0.82956153, -0.12685071, -0.3605827, -0.0281258, -0.9207444, 0.56736666, -0.6367889, 0.6673203, -0.15241773, 0.51282936, -0.85088426, -0.77939546, 0.17104948, 0.2796488, -0.12481189, 0.41809753, 0.2447834, -0.5421315, 0.053910594, -0.08353356, -0.9459499, 0.9665225, 0.29338983, -0.8891926, -0.5161804, -0.7456299, 0.95896137, -0.16722412, 0.7285008, -0.36240664, 0.3292261, 0.52961427, -0.87388563, 0.6298343, -0.9505344, 0.6276245, 0.50984466, 0.30725268, -0.9215279, 0.9141274, -0.5005506, 0.6612537, 0.7945477, -0.7695498, 0.07604727, -0.96796757, 0.81600493, -0.7879306, 0.81474066, -0.80230224, -0.40358144, 0.6111049, 0.6427964, -0.05701593, 0.40367398, 0.95962185, -0.5505639, -0.33969438, -0.90541035, -0.7578874, -0.0327584, 0.7500632, -0.13468489, -0.07751394, -0.8891912, 0.32465377, 0.5544569, -0.117384024, -0.75334644, -0.23796001, -0.07596595, -0.77097285, -0.7211779, 0.9973609, -0.82186574, 0.2997728, -0.7680452, 0.34162772, -0.65588593, 0.8975585, -0.06463197, -0.8854004, 0.26964948, -0.74909616, -0.40620694, -0.46583158, -0.5248264, -0.599417, 0.5048474, -0.6373125, 0.54776263, -0.633045, 0.65135586, -0.2613748, 0.06365016, -0.13414426, -0.28877652, 0.89092004, 0.46661386, -0.88827956, -0.9951884, -0.30298588, 0.818157, -0.14033957, 0.29258156, -0.31751958, -0.21569571, -0.59822834, -0.6154699, 0.17228489, 0.9612356, -0.22788234, -0.9372152, 0.3879676, 0.26757133, -0.3419477, -0.65631783, -0.33284122, 0.010188955, -0.5140033, 0.25951198, 0.7224927, -0.9853212, 0.5303792, 0.31526843, -0.40072566, 0.76267505, 0.91886, -0.18482333, -0.09985456, 0.7058072, -0.9312461, 0.7185114, -0.025624989, -0.17158818, 0.15600601, -0.88179654, -0.25775215, -0.3621596, -0.65896297, 0.9759119, -0.85829085, 0.63147074, 0.46233147, 0.7968397, 0.51202303, 0.16574532, -0.7731581, 0.5431426, -0.35948727, -0.045035686, 0.34279442, -0.50285614, 0.2191721, -0.69427407, 0.952399, 0.9013892, 0.14117992, 0.5692856, 0.31921878, 0.045656785, 0.5145163, -0.44841644, 0.98299104, -0.56254727, 0.472008, 0.16407444, 0.97143126, 0.8952377, 0.82703185, -0.48061663, 0.5650217, -0.52856916, -0.92956483, -0.50388, 0.4216639, -0.13290821, -0.5259579, 0.9516563, -0.8743505, -0.7841026, 0.14401653, -0.9373161, -0.0309083, 0.35347474, -0.035784893, -0.6759601, 0.11983034, -0.33099204, 0.44967848, 0.84208065, -0.7877911, 0.9935263, -0.10132833, 0.6387878, 0.8693067, -0.74153453, 0.028533917, -0.81461704, -0.34046957, 0.0715387, -0.65442735, -0.006564851, -0.34648603, 0.22821751, -0.64176667, 0.84753734, 0.09011633, 0.34335494, -0.46995893, -0.961671, -0.35181832, 0.035757262, 0.3178682, 0.9125481, 0.72411364, 0.9910844, -0.14251928, -0.3093565, -0.41763228, -0.78137153, -0.84551644, 0.52418435, 0.31690398, 0.25719637, -0.8780869, -0.2547029, -0.6188507, 0.4603467, 0.28678814, -0.9437514, -0.20623769, 0.7837892, 0.6190898, -0.07130194, -0.5245746, -0.10566044, 0.9064872, -0.45093408, 0.6367788, -0.7809194, -0.6599093, -0.25648385, 0.79310113, 0.3905465, -0.9503961, -0.9137987, 0.40819275, -0.07319289, 0.9626362, -0.3641123, -0.2745304, 0.13933676, -0.85953003, -0.55809104, -0.13226187, 0.13225827, 0.25394613, -0.8753401, 0.52609956, 0.80665267, -0.6762486, 0.08980335, 0.29297203, -0.525284, 0.50664383, -0.17809388, -0.4997742, -0.22787116, -0.6683387, 0.054266635, 0.16497989, -0.28843293, 0.55837977, 0.6657022, 0.1960202, 0.81043243, -0.2697691, -0.6877052, -0.2947831, 0.5294546, 0.90392005, 0.99732023, 0.7704011, -0.8777018, -0.8307467, 0.217736, -0.7015604, 0.47004533, 0.53795886, -0.19100979, 0.42954814, 0.31109938, -0.90375024, 0.9850546, -0.11180475, 0.49763232, -0.83577937, 0.6838009, -0.1546771, 0.11029475, -0.9166767, -0.3831012, 0.3513369, -0.37008652, 0.61032516, 0.32447693, 0.9246622, 0.4921858, -0.38491344, -0.5442832, 0.8022475, 0.36380202, -0.2794258, -0.6705323, -0.07437149, 0.7585509, 0.73033136, -0.5099154, 0.5060442, -0.7512426, -0.85425574, 0.3101358, 0.6344258, -0.21465576, -0.6599189, -0.42730075, 0.66429716, 0.5792032, 0.024579648, 0.77080375, -0.021145033, 0.18531032, 0.98667264, 0.36598673, -0.989898, -0.525508, -0.88509893, -0.7911213, 0.40538535, 0.9253561, -0.23469299, -0.40389043, -0.7833206, 0.95023346, 0.9163029, 0.4717997, -0.7971276, 0.52804804, -0.29485148, -0.34196392, -0.7515796, -0.22954969, 0.23695706, 0.7773036, 0.24552484, -0.4638226, 0.21192648, -0.5773902, 0.3324166, 0.17115965, -0.88991314, -0.15664136, 0.22299373, -0.9330677, -0.7562952, -0.68412083, -0.78612876, 0.9227525, -0.41223034, -0.15080543, -0.6902096, -0.9479577, 0.24943537, 0.6665714, 0.05838722, -0.73139036, 0.3930046, 0.7022089, 0.07472372, 0.9669811, 0.669681, -0.4059028, -0.38251352, 0.5282015, 0.9402196, 0.04965841, 0.6666812, 0.41168582, 0.06380783, -0.34047434, -0.51023966, -0.29045117, -0.2985491, 0.35476127, 0.29547685, 0.49679205, -0.6408507, -0.38833576, 0.9936042, 0.057674214, -0.6857719, 0.06201924, -0.37422475, -0.009470317, 0.49132127, -0.39887422, 0.26744154, -0.9991341, 0.7378825, -0.9752605, 0.7395506, -0.87292457, -0.7949126, 0.8661094, -0.04971115, -0.23655424, 0.17865627, 0.52691925, 0.72646177, -0.2799536, 0.29714397, -0.4794569, -0.27834982, 0.5738196, 0.43495798, 0.7527399, 0.16926062, -0.7002709, -0.86603016, 0.50480354, 0.9460729, -0.6961235, -0.9491543, 0.030045833, -0.6772316, 0.53819275, 0.27530408, 0.28131363, -0.40501693, -0.56100076, -0.9266735, -0.86421335, -0.3504627, 0.927588, -0.9997584, -0.1833734, 0.49970862, 0.9360156, -0.6498211, -0.016557626, -0.29805353, -0.031621385, 0.759934, 0.17272487, 0.6024131, -0.49861714, 0.88447785, -0.9617408, 0.329226, 0.70555484, 0.5642541, -0.5050049, -0.8850616, -0.48238948, -0.63787425, -0.95170414, -0.4517658, -0.036022145, 0.6590974, -0.09879743, 0.81427145, 0.8010234, -0.9388547, 0.9659964, -0.16176179, 0.56012887, -0.7940386, 0.41559032, 0.29295865, -0.6994525, -0.6244637, -0.79686123, 0.1293108, 0.3598043, -0.679125, -0.126135, 0.92207307, -0.5623436, -0.3627387, -0.64913803, 0.88407767, 0.2540263, 0.3503173, -0.45633203, -0.64047307, -0.1056832, -0.12783068, -0.94595075, -0.83741707, -0.34285837, -0.48003438, -0.49568707, 0.27411538, -0.6026788, 0.1252589, -0.0041128513, 0.4639278, -0.21383776, -0.2390363, 0.6376283, 0.6557082, -0.69512266, 0.82063514, -0.07444522, 0.7674062, 0.22773923, -0.561612, -0.07332023, -0.7407538, 0.52562535, 0.50499237, -0.25894195, -0.5789573, -0.04968219, 0.532458, 0.6838472, -0.6215686, -0.009449607, 0.8602155, -0.44090942, 0.3600987, -0.49679646, -0.33678138, 0.94297665, -0.8218327, -0.82331395, 0.0028248124, -0.24218978, 0.5800864, -0.13789651, -0.50257665, 0.83878, 0.9355055, 0.35666707, -0.5688045, -0.92588454, 0.45024016, 0.6121705, 0.16646369, -0.2976776, -0.2072704, -0.17419444, -0.31193635, 0.9424001, 0.16851033, -0.23015337, -0.17840803, -0.33452415, 0.9566026, -0.67506117, -0.6550826, -0.5246909, 0.7002275, 0.033325084, -0.5509599, 0.0031911389, 0.5052802, -0.77040315, -0.024399137, -0.5647596, -0.45166212, -0.91060126, 0.73778784, 0.5271679, 0.92098784, 0.96757966, 0.87889576, 0.16317515, 0.71398175, 0.74463904, -0.66864234, 0.84889895, -0.09850373, 0.09029665, -0.08332547, -0.2773634, -0.6263834, 0.43493348, -0.36112618, -0.6479565, -0.75604844, 0.7900755, -0.4559769, 0.29340705, 0.10160517, 0.47439286, -0.004315525, -0.6824465, -0.5914586, -0.03752288, 0.6446447, 0.6615092, -0.8801515, 0.85697395, -0.04336248, 0.72390157, -0.7256662, -0.5387075, 0.92716265, -0.2705296, -0.34374717, -0.067568414, -0.96235704, 0.37385625, -0.37975013, -0.12644725, 0.07202428, -0.22807238, 0.079479225, 0.6198796, 0.67261994, -0.7816835, -0.759352, -0.69843096, -0.069744505, 0.7165801, -0.57511914, -0.17989685, -0.90053564, 0.26229084, 0.74963087, 0.7444253, -0.21453473, -0.40967393, 0.91466796, 0.31960475]
Gurobi没有传入初始解
======================================================
Solve MINLP problem:
没有初始化solution.
Set parameter OutputFlag to value 1
Set parameter LogFile to value "solver_result/gurobi/noinitial/cq_cls1_1000-1000.log"
Set parameter TimeLimit to value 10800
Set parameter NodefileStart to value 20
Set parameter Threads to value 20
Gurobi Optimizer version 12.0.1 build v12.0.1rc0 (linux64 - "Ubuntu 24.04.1 LTS")

CPU model: Intel(R) Xeon(R) Gold 6240C CPU @ 2.60GHz, instruction set [SSE2|AVX|AVX2|AVX512]
Thread count: 36 physical cores, 72 logical processors, using up to 20 threads

Non-default parameters:
TimeLimit  10800
NodefileStart  20
Threads  20

Optimize a model with 1000 rows, 1000 columns and 1000000 nonzeros
Model fingerprint: 0x50d2b8f8
Model has 1000 quadratic objective terms
Variable types: 0 continuous, 1000 integer (0 binary)
Coefficient statistics:
  Matrix range     [3e-07, 5e-01]
  Objective range  [9e-05, 1e-01]
  QObjective range [2e-05, 1e-02]
  Bounds range     [0e+00, 0e+00]
  RHS range        [8e-04, 1e+00]
Presolve time: 0.54s
Presolved: 1000 rows, 1000 columns, 1000000 nonzeros
Presolved model has 1000 quadratic objective terms
Variable types: 0 continuous, 1000 integer (0 binary)

Root simplex log...

Iteration    Objective       Primal Inf.    Dual Inf.      Time
     410   -2.2125648e+02   3.796777e+01   0.000000e+00      6s
     541   -2.1388648e+02   1.732949e+00   0.000000e+00     11s
     578   -2.1380396e+02   0.000000e+00   0.000000e+00     14s

Root relaxation: objective -2.138040e+02, 578 iterations, 12.70 seconds (3.74 work units)

    Nodes    |    Current Node    |     Objective Bounds      |     Work
 Expl Unexpl |  Obj  Depth IntInf | Incumbent    BestBd   Gap | It/Node Time

     0     0 -213.80396    0 1000          - -213.80396      -     -   13s
     0     0 -213.80239    0 1000          - -213.80239      -     -  101s
     0     2 -213.80239    0 1000          - -213.80239      -     -  216s
     1     4 -213.80239    1  999          - -213.80239      -   4.0  221s
     3     8 -213.80232    2  998          - -213.80239      -   2.7  226s
     7    16 -213.80081    3  997          - -213.80239      -   2.7  231s
    15    32 -213.79998    4  996          - -213.80201      -   2.5  236s
    31    52 -213.79953    5  995          - -213.80174      -   2.9  241s
    51   112 -213.79814    6  994          - -213.80172      -   3.1  252s
   111   193 -213.79754    8  992          - -213.80172      -   3.2  276s
   192   354 -213.79667   10  990          - -213.80172      -   3.2  326s
   353   666 -213.79320   14  987          - -213.80172      -   3.1  419s
   665  1523 -213.79331   23  978          - -213.80172      -   3.1  593s
  1522  2930 -213.78509   62  948          - -213.80172      -   2.9  819s
  2929  4263 -213.76495  128  889          - -213.80172      -   2.9 1012s
  4262  5432 -213.74813  187  847          - -213.80172      -   3.0 1187s
  5431  6643 -213.73117  245  809          - -213.80172      -   3.0 1356s
  6642  7791 -213.70902  305  773          - -213.80172      -   3.1 1511s
  7790  8942 -213.69265  356  738          - -213.80172      -   3.3 1663s
  8941 10061 -213.66996  412  707          - -213.80172      -   3.4 1801s
 10060 11131 -213.64487  470  676          - -213.80172      -   3.5 1936s
 11130 12177 -213.61084  520  650          - -213.80172      -   3.6 2062s
 12177 12178 -213.70285  326 1000          - -213.80172      -   3.8 2081s
 12179 12179 -213.79488   29 1000          - -213.80172      -   3.8 2100s
 12181 12181 -213.79154   35 1000          - -213.80172      -   3.8 2244s
 12182 12184 -213.80172   15  999          - -213.80172      -   3.8 2256s
 12184 12188 -213.80089   16  998          - -213.80089      -   3.8 2260s
 12188 12194 -213.79895   17  997          - -213.80022      -   3.8 2265s
 12196 12208 -213.79771   18  996          - -213.79859      -   3.8 2270s
 12212 12222 -213.79610   19  995          - -213.79771      -   3.8 2276s
 12232 12271 -213.79467   20  994          - -213.79665      -   3.8 2286s
 12287 12351 -213.79225   22  992          - -213.79665      -   3.8 2316s
 12386 12525 -213.78927   24  990          - -213.79665      -   3.8 2378s
 12593 12490 -213.78414   29  985          - -213.79665      -   3.8 2417s
 12627 13034 -213.78015   32  982          - -213.79665      -   3.8 2567s
 13182 14473 -213.75801   48  966          - -213.79665      -   3.8 2894s
 14806 15445 -213.72064   82  932          - -213.79665      -   3.7 3223s
 16319 16231 -213.68420  115  899          - -213.79665      -   3.6 3486s
 17610 16869 -213.65351  143  871          - -213.79665      -   3.6 3702s
 18678 17670 -213.63181  168  846          - -213.79665      -   3.5 3933s
 19835 18396 -213.60171  195  820          - -213.79665      -   3.5 4156s
 20947 18829 -213.58164  222  794          - -213.79665      -   3.6 4320s
 21750 19685 -213.56466  240  777          - -213.79665      -   3.6 4556s
 22874 20404 -213.53931  266  753          - -213.79665      -   3.6 4767s
 23968 21235 -213.51812  292  731          - -213.79665      -   3.7 5013s
 25163 21758 -213.49489  320  710          - -213.79665      -   3.8 5192s
 26085 22366 -213.47990  343  689          - -213.79665      -   3.9 5371s
 27000 23000 -213.46507  363  677          - -213.79665      -   4.1 5541s
 27939 23620 -213.44182  386  664          - -213.79665      -   4.2 5717s
 28872 24177 -213.42672  409  648          - -213.79665      -   4.4 5872s
 29740 24774 -213.41111  430  647          - -213.79665      -   4.5 6033s
 30626 25128 -213.40082  445  643          - -213.79665      -   4.8 6152s
 31276 25866 -213.38331  459  630          - -213.79665      -   4.9 6317s
 32230 26467 -213.37090  481  624          - -213.79665      -   5.1 6483s
 33149 26471 -213.35100  503  616          - -213.79665      -   5.4 6555s
 33460 27326 -213.33985  513  607          - -213.79665      -   5.4 6722s
 34418 27894 -213.31618  537  601          - -213.79665      -   5.7 6872s
 35306 28527 -213.28360  558  580          - -213.79665      -   5.9 7038s
 36235 29183 -213.24898  582  567          - -213.79665      -   6.2 7217s
 37200 29610 -213.23259  606  555          - -213.79665      -   6.4 7333s
 37949 30404 -213.19710  624  543          - -213.79665      -   6.7 7488s
 38993 31120 -213.16501  649  531          - -213.79665      -   7.0 7644s
 40057 31785 -213.11286  675  521          - -213.79665      -   7.3 7803s
 41076 32577 -213.07418  700  513          - -213.79665      -   7.6 7967s
 42208 33199 -213.03867  728  494          - -213.79665      -   8.0 8119s
 43207 34069 -213.00125  752  483          - -213.79665      -   8.3 8296s
 44410 33720 -212.97536  782  484          - -213.79665      -   8.8 8317s
 44462 34867 -212.97479  783  485          - -213.79665      -   8.8 8490s
 45627 35742 -212.92856  811  476          - -213.79665      -   9.2 8674s
 46890 36535 -212.86607  840  460          - -213.79665      -   9.7 8996s
 48104 37646 -212.80734  871  451          - -213.79665      -  10.2 9199s
 49620 38957 -212.74770  908  437          - -213.79665      -  10.9 9400s
 51137 40331 -212.64508  946  424          - -213.79665      -  11.6 9587s
 52511 41905 -212.62724  976  409          - -213.79665      -  12.3 9810s
 54085 43472 -212.55606 1010  396          - -213.79665      -  13.1 10023s
 55652 45141 -212.45944 1042  393          - -213.79665      -  13.9 10259s
 57321 46648 -212.35340 1078  375          - -213.79665      -  14.8 10466s
 58828 48324 -212.23147 1110  368          - -213.79665      -  15.8 10693s
 60504 49533 -212.07319 1146  353          - -213.79665      -  16.8 10800s

Explored 61713 nodes (1093816 simplex iterations) in 10800.92 seconds (1433.02 work units)
Thread count was 20 (of 72 available processors)

Solution count 0

Time limit reached
Best objective -, best bound -2.137966549069e+02, gap -
 60%|██████    | 3/5 [9:00:23<6:00:15, 10807.74s/it]无法得到可行解
约束的个数: 1000
Gurobi model disposed.
此时传入模型的b
[ 7.35772789e-01  5.28926194e-01 -9.89301443e-01  5.55634558e-01
  3.89970660e-01  7.75740445e-01 -4.72519435e-02 -1.12283781e-01
  7.20902145e-01  5.50952077e-01 -5.22043169e-01  2.21131314e-02
 -9.84476268e-01  6.72526896e-01 -9.81975317e-01 -7.42201507e-01
  3.64316583e-01  7.19970167e-01  1.20321527e-01  7.08155453e-01
 -4.36749160e-01 -5.19801974e-01 -1.78429633e-01  8.81794810e-01
  4.32987422e-01 -9.49872285e-02 -8.62469673e-01 -7.76393592e-01
  7.74515033e-01  1.48915276e-01  5.49582124e-01  2.36042723e-01
  4.73607898e-01 -8.56662989e-01 -4.05533105e-01 -3.72464657e-01
  1.03756003e-01 -9.83213305e-01 -7.32741952e-01  4.62191373e-01
 -9.76745903e-01 -5.11268198e-01  5.19617677e-01 -2.09874943e-01
  4.75633800e-01 -7.54882157e-01 -2.23403305e-01  2.73370802e-01
  7.09400892e-01  2.78162777e-01 -3.30712020e-01 -2.18052447e-01
 -6.29162014e-01 -6.93500698e-01 -5.71414828e-01 -6.54136240e-01
  3.90699804e-01 -4.04695600e-01  9.92215395e-01 -3.26505214e-01
 -2.69012004e-01  5.70939004e-01  1.14658438e-01 -6.66483879e-01
  9.02682319e-02  9.68282521e-01  3.55904281e-01 -3.29599231e-01
 -5.33037007e-01 -1.72273278e-01 -4.70080040e-02  9.08851087e-01
  7.97517419e-01 -2.86778569e-01  3.77568156e-01 -8.52543637e-02
  2.51082927e-01 -3.66390347e-01  7.15802729e-01 -4.88534629e-01
 -6.92074955e-01 -2.95031786e-01  9.82256174e-01 -3.25363517e-01
 -3.98713648e-01 -3.45557332e-01 -5.37324488e-01  7.84142166e-02
  7.89520666e-02  9.36894774e-01  5.12464568e-02 -7.86443353e-01
  1.77352145e-01  5.68001151e-01 -3.31098586e-01  4.62461770e-01
 -7.34730721e-01  3.12681198e-01 -5.79259694e-01  8.14671636e-01
  9.87718344e-01 -1.48789182e-01  6.55809283e-01 -6.81777671e-02
  9.89794791e-01  5.96687555e-01 -4.76760924e-01  3.65710288e-01
  8.48716855e-01  5.72842300e-01  3.59071493e-01  7.28573740e-01
  1.87543526e-01 -7.75608420e-01 -6.83385134e-01 -9.18674469e-01
 -3.81543458e-01 -7.57974148e-01 -3.29295874e-01 -5.55913866e-01
  7.60327816e-01  8.99179518e-01 -4.55646008e-01  2.87733376e-01
 -9.02490020e-01 -1.37436539e-02  9.44942951e-01  6.47960961e-01
  3.44699264e-01  3.49968910e-01 -4.41742539e-01  2.31856689e-01
  4.50370759e-01  7.04099953e-01  4.14096266e-01  7.72757316e-03
 -8.04694235e-01 -5.63469648e-01  9.49550688e-01 -8.89097810e-01
  2.24375218e-01 -9.02590454e-01  1.59892753e-01  5.27567506e-01
  6.06599264e-02 -3.33212376e-01 -9.63955581e-01 -6.14874959e-01
  9.25305367e-01  2.76909918e-01 -8.98884296e-01  1.09786605e-02
 -5.27821600e-01  8.90814364e-01 -6.16113603e-01 -2.94294178e-01
  4.10809904e-01  5.78945100e-01  7.31509447e-01  5.69163382e-01
 -2.86789060e-01  1.92204788e-01 -1.36673495e-01 -8.16924691e-01
  6.43634617e-01  2.96077937e-01  4.26281273e-01  8.28289211e-01
 -6.15328968e-01 -2.79198796e-01 -9.02451456e-01 -8.49772930e-01
 -3.65893424e-01  5.24254620e-01 -5.60411811e-01 -4.69822377e-01
 -2.82953650e-01 -9.81692433e-01  5.31398416e-01  5.14336944e-01
  7.62837589e-01  2.50776440e-01  7.86789119e-01  2.87392944e-01
 -7.35309482e-01 -3.83190662e-01 -8.40098143e-01 -3.96937907e-01
  8.43372703e-01  9.96059716e-01 -8.85055423e-01 -8.89209509e-01
 -1.07213944e-01 -9.11745310e-01 -2.29093596e-01  6.00885451e-01
  7.04852939e-01  9.58541512e-01  1.20344758e-01  8.08083475e-01
 -3.07015449e-01 -8.59247446e-01  7.48547196e-01 -9.20748889e-01
  9.56386507e-01  1.73596904e-01  7.23255992e-01  6.14050888e-02
 -3.36886287e-01  3.88194144e-01 -6.66524053e-01  8.18088055e-01
  4.78256464e-01 -2.82918155e-01  3.03081334e-01 -1.30710274e-01
  2.11697057e-01  2.74515688e-01  5.83591640e-01 -9.49236929e-01
  3.90381254e-02 -2.34935403e-01  2.42613986e-01 -9.75069165e-01
 -3.50755364e-01  3.29698533e-01 -8.47457349e-01 -1.25522017e-01
 -3.82809997e-01 -7.72028446e-01 -5.90857089e-01  2.42534921e-01
 -5.35541952e-01  9.55908537e-01 -4.60772604e-01  5.37588075e-03
 -7.29562581e-01  6.55285120e-01  9.25716281e-01 -3.21983695e-01
 -6.56114519e-01 -6.66857719e-01 -4.49498326e-01  2.82400757e-01
  4.33369696e-01  5.82215607e-01 -6.96005762e-01  2.12587312e-01
  1.79504722e-01 -4.07920927e-01  2.55672455e-01  4.58521098e-01
 -9.89963710e-01 -5.68803310e-01  1.73823252e-01 -5.33519626e-01
 -8.74378681e-01  5.94159484e-01 -9.18231189e-01  7.77165353e-01
  6.44249737e-01  8.67009982e-02 -7.22255111e-01 -8.48346591e-01
 -5.67495823e-01 -4.63129044e-01 -4.27575648e-01  2.70014077e-01
  6.18229210e-01  5.96175492e-01 -1.38494104e-01 -2.85542309e-01
 -2.12307990e-01 -3.50213379e-01 -9.47927892e-01  3.11637670e-01
  2.81194836e-01  4.98648822e-01  3.00475257e-03 -6.30258620e-01
 -2.66425967e-01  8.61408651e-01  4.76077884e-01 -3.97073627e-01
  6.97771192e-01  5.97413778e-01  7.24692523e-01 -8.16201448e-01
 -9.17902529e-01 -7.17341781e-01  2.16008767e-01  8.77451003e-01
 -7.34895945e-01 -6.81856215e-01 -8.52480710e-01 -5.89667141e-01
  9.81782198e-01  6.33287430e-01  3.88406515e-01  4.07843858e-01
  8.41920495e-01 -3.88336718e-01  5.15822351e-01 -3.69687110e-01
  4.45004731e-01 -5.27103841e-01  7.34767079e-01  7.58224785e-01
  5.25289178e-02  3.32130611e-01 -4.63383824e-01 -1.79340225e-02
 -4.19462413e-01  1.12240084e-01  5.58808923e-01 -6.89507842e-01
  7.65341938e-01  3.04580510e-01  9.34003770e-01  4.51190948e-01
  9.12671626e-01 -6.13677561e-01 -3.56790155e-01  4.43529248e-01
  7.70909250e-01 -9.75855291e-01  3.42017740e-01 -1.19350173e-01
 -4.71458375e-01  1.51424333e-01 -5.49796224e-01  2.19083175e-01
 -5.63184321e-01 -3.95937786e-02  5.35559952e-01  9.76019323e-01
 -4.87416387e-01 -3.67367744e-01 -4.69365180e-01  3.82949620e-01
 -9.63423610e-01 -5.54252148e-01 -1.53010547e-01 -7.05998540e-01
  1.52823955e-01  9.18370664e-01  5.45810759e-01  3.36976409e-01
 -3.10632676e-01 -8.69948030e-01  1.75866485e-01 -8.22519422e-01
 -8.24619472e-01  1.77659422e-01 -9.68265593e-01  5.33625066e-01
 -8.60473216e-01 -5.15931189e-01  8.74299258e-02 -6.76948249e-01
 -6.88489974e-01  3.15100968e-01  1.81406945e-01  7.79407859e-01
 -4.99483049e-01 -9.42206204e-01 -2.90697932e-01 -5.92671514e-01
  8.06026399e-01  2.87755877e-01 -5.17949648e-02 -7.39823282e-01
 -6.36007786e-01 -9.70525980e-01 -7.41242588e-01 -1.53173059e-01
  6.81796908e-01 -9.94742036e-01 -5.42423248e-01  6.96699739e-01
  7.83089876e-01  4.72694665e-01 -7.59739637e-01  8.09412375e-02
 -5.30246019e-01  5.16984820e-01  5.42497039e-01  8.17544460e-01
 -9.76276815e-01  6.80411756e-01  6.81755066e-01  5.58245480e-01
 -9.18286085e-01 -6.14902020e-01  4.49192017e-01 -2.33092904e-01
  2.94514924e-01 -8.42367113e-01  6.25222325e-01  3.65092248e-01
 -8.20180357e-01  9.40582156e-01  3.49993668e-02 -4.81617123e-01
  7.73897409e-01  1.56759545e-01  2.99493104e-01  8.81551147e-01
 -5.63079298e-01 -6.96222158e-03 -3.59360799e-02 -9.63510334e-01
  5.76770842e-01  8.12870920e-01 -3.78181296e-03 -1.70492455e-01
 -7.27740526e-01 -7.77320266e-01 -8.06979537e-01 -1.30045518e-01
 -2.91257888e-01 -7.37648189e-01  5.81446290e-01  1.37769431e-01
 -9.50253785e-01  9.24758673e-01  5.69432199e-01 -3.76378894e-01
 -7.68970013e-01 -5.71127594e-01  1.53428331e-01  5.93404531e-01
  8.16470161e-02  9.74386394e-01 -6.50993228e-01 -4.65417117e-01
 -3.35604697e-03  4.05983418e-01 -4.65641290e-01  4.27560210e-01
  1.98366806e-01 -3.04410309e-01  3.62366676e-01  8.14266145e-01
  5.39468288e-01  8.02927911e-01 -3.09758037e-01  2.06357747e-01
 -8.69022548e-01  5.03886640e-01 -6.17545307e-01 -7.09653914e-01
 -1.27275929e-01  1.65224433e-01 -4.49934423e-01 -9.05217171e-01
  2.57874280e-01 -9.38731551e-01 -4.32275534e-01  2.58676440e-01
  5.27928233e-01 -6.95371985e-01  9.15747702e-01 -5.00009418e-01
 -3.24509531e-01 -2.30556265e-01  8.60099912e-01 -6.95200324e-01
 -9.13356423e-01  7.70935178e-01 -4.54476207e-01 -5.20037651e-01
 -9.51580942e-01  2.97089756e-01  4.01018560e-01 -2.22060159e-01
 -2.38733307e-01  4.24915731e-01 -8.53693068e-01  5.71384951e-02
  2.19896659e-01  5.60372055e-01 -7.22731888e-01 -2.64903396e-01
  1.78374797e-01 -9.32183623e-01  7.80595303e-01 -1.05107084e-01
  5.24461806e-01  2.23264620e-01  6.66854918e-01  2.53094792e-01
 -4.71257597e-01  1.19728051e-01  4.10428047e-01 -9.08462942e-01
 -9.46043134e-01  6.77547634e-01 -5.48371434e-01  3.87696564e-01
 -4.40390706e-01 -8.07122767e-01  8.17031503e-01 -8.70386779e-01
 -6.86859906e-01  4.16036218e-01  2.97380328e-01  5.07848740e-01
  7.31660187e-01 -5.34140646e-01  6.38680995e-01  4.11400825e-01
  6.27715111e-01  8.17152679e-01 -8.51975322e-01 -2.40299642e-01
 -5.38685918e-01  7.13592470e-01 -9.87735331e-01 -4.68995839e-01
  4.95071024e-01 -6.50699139e-01  4.93086455e-03  4.15015399e-01
 -4.85232562e-01  7.70910025e-01 -5.41630208e-01  8.92989576e-01
 -1.17842235e-01 -1.61423802e-01 -8.52175713e-01  5.79294145e-01
  5.53741038e-01 -4.98034447e-01  5.09616554e-01 -8.29184473e-01
 -8.03217173e-01  7.40053713e-01 -8.20657670e-01 -1.97616652e-01
  6.82140052e-01  4.59376842e-01  1.16324417e-01  4.35583234e-01
  9.02348980e-02 -7.70130455e-01  8.46642703e-02  1.82245776e-01
 -7.50843883e-01  3.43156666e-01  9.55327630e-01 -4.45371435e-04
  9.41529334e-01  7.58575737e-01 -7.89455235e-01  1.55374452e-01
 -7.17907548e-01 -1.31851748e-01  2.96989560e-01 -7.51944244e-01
 -4.56575006e-01 -6.54665053e-01 -7.83350587e-01  9.24676135e-02
  4.90688086e-01 -1.03151470e-01  1.50934890e-01  5.99305153e-01
 -7.25138783e-01  2.97566116e-01 -2.84187675e-01  8.71432424e-01
  5.69317997e-01 -2.14138687e-01  8.05795252e-01  7.74720311e-01
 -8.31765532e-01 -7.43145823e-01  1.82948768e-01  6.40902877e-01
 -1.87659085e-01 -2.17495993e-01  6.42925873e-02 -7.71431148e-01
  9.94774938e-01 -1.61117375e-01  8.82096887e-01 -7.49994099e-01
  5.07018745e-01  8.33804727e-01 -2.66740710e-01  3.74566461e-03
  8.01818728e-01 -8.10488939e-01 -7.97934771e-01  1.75934568e-01
  7.90427327e-02  3.87159467e-01  3.69322866e-01 -1.47796601e-01
  6.81338966e-01 -7.15871155e-01 -9.25240934e-01  9.96510863e-01
  4.87055689e-01  9.49174345e-01 -2.30927095e-01 -8.27202857e-01
 -6.68473661e-01 -5.39302826e-01 -5.79255283e-01  1.91163868e-01
  6.39486730e-01 -9.45353985e-01  8.37605715e-01  8.77401054e-01
 -6.24028862e-01  6.30637586e-01  1.33978710e-01  1.94323033e-01
  2.61500239e-01 -1.12792909e-01  1.97095260e-01 -8.81503403e-01
  5.19730389e-01  3.95750612e-01  8.95518541e-01  1.90156244e-03
 -8.20304871e-01 -8.48575652e-01 -3.83005917e-01  3.19150627e-01
  3.62419367e-01 -7.53353238e-01  3.15491676e-01  6.10062480e-01
  3.33839208e-01  8.49972904e-01  2.27817550e-01  3.61496925e-01
  6.22287333e-01 -2.21855387e-01 -2.99678504e-01  1.94462594e-02
 -5.04362762e-01  5.06746769e-01  1.62839130e-01 -7.42438614e-01
  9.98895109e-01 -4.01098788e-01  3.74729693e-01  2.77416617e-01
  6.42404437e-01 -4.26340580e-01 -7.92232037e-01  7.05330789e-01
  2.23559335e-01  6.33798540e-01  8.66948485e-01 -5.45016944e-01
  2.34075397e-01  6.88896105e-02 -7.67319620e-01 -4.27750885e-01
  8.06134462e-01 -6.70136988e-01  7.59784877e-01  1.00006461e-02
  8.20508838e-01 -3.13207239e-01  9.70167279e-01 -8.64095747e-01
  3.55899900e-01  2.06808567e-01  1.14245102e-01  1.26907453e-01
 -2.08910540e-01 -2.99006015e-01  1.21504337e-01 -4.99125689e-01
  6.18947625e-01  5.90036273e-01 -5.33919990e-01 -1.83649927e-01
  6.54850662e-01  1.65727109e-01  5.89515977e-02  4.65091586e-01
  7.47842491e-01  9.41213250e-01  3.01053017e-01 -3.59894127e-01
 -7.29147613e-01 -2.55416662e-01 -2.97746629e-01  5.00957072e-01
 -1.69979200e-01  8.53111863e-01  2.35147566e-01  1.35032430e-01
  4.77441669e-01  6.08782768e-01  6.45600483e-02 -2.77656615e-01
 -8.82856190e-01 -6.91107571e-01  5.92035174e-01  4.62110370e-01
  7.02175558e-01 -6.67397201e-01  3.79167676e-01 -2.78288126e-01
  2.12496772e-01  6.10046446e-01 -1.77951127e-01  8.64756644e-01
 -8.32792044e-01  9.21072587e-02 -5.92858076e-01 -8.40947390e-01
  5.88122070e-01 -4.80116438e-03  3.25380355e-01 -4.85184677e-02
  7.51319170e-01 -3.09095442e-01 -9.51650441e-01 -4.69025970e-01
 -1.11919187e-01 -5.71027696e-01 -5.85548103e-01 -4.24498230e-01
 -5.77813327e-01 -7.32119977e-01  4.40117866e-01  6.26885951e-01
  9.82553422e-01  3.03478777e-01  2.06218325e-02  2.06147164e-01
  7.11810231e-01 -2.18810439e-01  4.27942336e-01 -3.36872667e-01
 -9.31424797e-01  4.13897008e-01  2.08969757e-01  5.90513110e-01
  2.60350436e-01 -3.66591066e-01  6.48123741e-01 -6.39285505e-01
 -5.67827344e-01  4.61046487e-01  9.74126399e-01 -5.16305566e-01
  4.48811501e-01  2.07330048e-01 -9.01363015e-01  3.21795613e-01
 -3.83470416e-01 -5.14683723e-01 -2.09325194e-01  4.98994589e-01
  5.68328500e-01  3.79402757e-01  4.76965681e-03 -5.17210364e-01
 -5.81125975e-01 -3.23438495e-01 -3.81546408e-01  3.02185118e-01
 -3.38723123e-01 -2.62130916e-01  9.04020607e-01 -2.48954102e-01
  4.88061368e-01 -4.65786934e-01  1.57160144e-02 -1.95182890e-01
  9.19814706e-01  3.25138062e-01 -7.92153656e-01 -9.87339020e-01
  1.06248416e-01 -1.02547221e-01  2.16252565e-01  9.31014180e-01
  7.65218735e-01  1.14487745e-01  1.43108238e-02  3.23468596e-02
  3.75429749e-01  7.19834924e-01  5.78701079e-01 -8.80915523e-01
  4.38330173e-02  6.24284387e-01  3.06249201e-01  9.43115056e-01
  7.59600282e-01 -7.76740313e-01  8.82832885e-01 -2.76333660e-01
 -9.93185639e-01  1.73359796e-01  9.57528409e-03  2.14551598e-01
 -5.19510694e-02 -7.87569582e-01  5.73578537e-01 -8.87259305e-01
  2.92039305e-01 -9.47135150e-01  2.57182986e-01  1.02703072e-01
  2.09807351e-01  9.54293549e-01  1.30609363e-01  2.99083382e-01
  6.50643528e-01  9.93055582e-01  7.67441571e-01  3.11888009e-01
  7.82422781e-01 -9.40245613e-02  6.73883975e-01  4.94855225e-01
 -1.34263588e-02  2.81338155e-01 -5.70373237e-01 -9.84363973e-01
 -9.80889857e-01  9.70307648e-01 -4.55844313e-01 -2.53173441e-01
  9.26841423e-02  4.10189033e-01 -7.94639960e-02 -6.23452127e-01
 -8.69683504e-01  6.75032675e-01  9.27907765e-01 -3.05366218e-01
  1.23010293e-01 -5.90296350e-02 -5.88460922e-01  5.76251149e-01
  5.38743064e-02  3.40669900e-01  4.10528779e-01  9.44024384e-01
 -7.02672422e-01  6.38568327e-02  7.94626594e-01  6.45408392e-01
 -1.57813638e-01  7.55067825e-01  3.63445356e-02  3.60866904e-01
  1.89971477e-01  9.99608397e-01 -1.76057786e-01 -3.40923727e-01
 -4.93680179e-01 -5.56635261e-01 -3.48394334e-01 -4.34077792e-02
  6.74831569e-02  2.72491544e-01 -6.46415472e-01  3.65956604e-01
  5.98801732e-01 -4.96791571e-01 -4.99508306e-02  4.71244276e-01
 -2.33115599e-01  9.06694293e-01 -8.98758247e-02  9.19840336e-01
  1.31990174e-02 -2.88285404e-01  6.67373717e-01  1.47741348e-01
  8.41370225e-01 -9.04951453e-01  1.21827804e-01 -2.65225619e-01
 -4.77474123e-01 -4.44666333e-02  1.46359876e-01 -9.80614102e-04
  8.15194428e-01 -6.26564503e-01  1.84582785e-01  8.79302800e-01
  9.60828185e-01 -7.74357736e-01 -9.03176665e-01 -5.15753031e-01
  6.86351180e-01 -7.65053153e-01  4.95641559e-01 -7.47039557e-01
  9.94201601e-01  2.72946686e-01  5.05400896e-01  8.25943232e-01
  4.38858986e-01 -5.32723486e-01 -3.90996397e-01  9.20005366e-02
  2.07233801e-02  4.14464712e-01 -6.45847261e-01 -5.62156260e-01
 -2.91910946e-01  6.04302585e-01  4.08033878e-01 -9.89552617e-01
  5.59380531e-01  7.96143889e-01 -5.01228511e-01 -9.26755846e-01
 -5.21961510e-01 -2.49696478e-01 -6.61446825e-02 -2.69087911e-01
 -5.01285851e-01  9.87759292e-01  1.31542578e-01  3.44486505e-01
  3.21615338e-01  2.79064983e-01  9.18003321e-01  8.77875388e-01
 -4.06607360e-01 -1.76632833e-02  6.36893034e-01  3.71497393e-01
  7.03207999e-02  7.34494105e-02 -1.01636693e-01 -6.27668858e-01
 -9.51697648e-01 -5.48519254e-01 -9.45831716e-01  6.79750144e-01
  1.14443317e-01 -2.45844692e-01 -3.92901093e-01  8.49393487e-01
 -9.52540100e-01 -3.95781279e-01 -1.75436124e-01  3.78714353e-01
  9.46350574e-01  1.02438599e-01  8.39660108e-01 -2.24304542e-01
 -6.25170529e-01  7.27080643e-01 -9.74361002e-01 -7.73084700e-01
  5.77047348e-01  9.33277488e-01 -1.76144481e-01  1.51427016e-01
 -6.20678663e-01  7.03613460e-01  2.60357112e-01  4.39741105e-01
 -7.43573487e-01 -6.70026720e-01 -2.03912154e-01  8.82655978e-01
 -7.39725590e-01  6.13352321e-02 -7.32528090e-01 -9.30104107e-02
 -8.22377298e-03 -3.79188687e-01 -1.82896808e-01  4.65874285e-01
  2.11908922e-01  1.30838394e-01  9.57336068e-01 -7.84109592e-01
 -3.72027278e-01 -8.96099389e-01  1.85503393e-01 -2.63352484e-01
  9.74177361e-01 -4.94100630e-01 -9.12520170e-01 -6.32188678e-01
  8.75839949e-01  6.31232977e-01 -7.94820309e-01  7.54375100e-01]
======================================================
Solve MINLP problem:
[[0.00294665 0.         0.         ... 0.         0.         0.        ]
 [0.         0.00530587 0.         ... 0.         0.         0.        ]
 [0.         0.         0.00191521 ... 0.         0.         0.        ]
 ...
 [0.         0.         0.         ... 0.00179222 0.         0.        ]
 [0.         0.         0.         ... 0.         0.00191484 0.        ]
 [0.         0.         0.         ... 0.         0.         0.00325198]]
[8.25921182e-02 3.26560691e-02 8.96050598e-02 4.08873331e-02
 5.71850643e-02 6.66623414e-02 8.24330351e-02 4.99962463e-03
 9.74405529e-03 2.09468306e-03 4.76565671e-02 4.08458331e-02
 7.92204592e-02 6.24066329e-02 5.57125384e-02 4.73091978e-02
 7.29417948e-02 3.06893322e-02 9.75362528e-02 3.56703676e-02
 1.46179739e-02 3.20566496e-02 7.37057046e-02 1.76301835e-02
 5.85731838e-02 8.71095075e-03 7.54068493e-02 3.39863490e-02
 6.45268434e-02 4.69856773e-02 3.49099771e-02 5.29250902e-02
 8.72270596e-02 1.69638743e-02 3.84785851e-02 9.58509064e-02
 5.45909416e-02 8.17454424e-02 3.72766683e-02 8.94471494e-02
 2.19683513e-02 1.30863399e-02 2.50898857e-02 1.13687161e-02
 9.24160498e-03 5.94777224e-02 6.92019520e-02 6.00192834e-02
 4.75095521e-02 7.91188738e-02 5.60425948e-02 3.15070504e-02
 8.24654240e-02 7.15639817e-02 7.42399092e-04 1.94287797e-02
 3.36654003e-02 7.61941575e-03 6.98912264e-03 8.93588359e-02
 2.32295062e-02 6.18547823e-02 3.26307887e-02 2.12683743e-02
 4.40992419e-02 2.00533697e-03 8.02032172e-02 9.69003821e-03
 2.40407766e-02 8.26709702e-02 4.64845359e-02 6.39569009e-03
 5.53586830e-03 3.61123966e-02 1.82773679e-02 6.28321751e-02
 6.94065045e-02 5.83634677e-04 8.91243910e-02 6.92395737e-02
 9.50438458e-02 5.39895716e-02 6.40529846e-02 5.31979287e-02
 2.81091488e-02 5.88108993e-02 1.38195038e-02 2.97501848e-02
 2.63274721e-02 8.08825798e-02 9.97889340e-02 2.15636979e-02
 7.01365832e-02 9.95360150e-02 9.46740230e-02 8.51196748e-02
 5.66956297e-02 2.61384699e-02 3.69422111e-02 2.55871221e-02
 9.18893625e-02 3.66766552e-02 4.90728249e-03 4.23816793e-02
 4.29406365e-02 8.97532861e-02 1.47128735e-02 5.01522148e-02
 4.51820874e-02 2.55695791e-02 5.98680910e-02 6.07058452e-02
 2.67438676e-02 4.19844369e-02 4.02879253e-02 9.68086840e-02
 4.68723776e-02 1.60066326e-02 8.93694537e-02 4.93757083e-02
 7.89036121e-02 5.97036430e-02 1.79933958e-02 5.82785386e-03
 8.74592979e-02 3.79272416e-02 3.39539008e-02 2.19930261e-02
 1.96049693e-02 5.52596935e-03 7.11607854e-02 6.38041688e-02
 1.79248783e-02 4.11042239e-02 3.94960477e-02 7.86176576e-02
 7.19163355e-02 6.40192770e-03 7.63046111e-03 9.29963788e-02
 5.11875419e-02 6.81874608e-02 6.10600695e-02 8.57143344e-02
 9.81103360e-02 9.57299644e-02 7.68870476e-02 2.79673184e-02
 7.36955928e-02 8.86718452e-02 2.54737950e-02 1.75956555e-03
 6.50570442e-02 4.93459111e-02 8.30872424e-02 7.10368480e-02
 7.41968758e-02 9.32799227e-02 7.29172195e-02 2.15538441e-02
 4.33362698e-02 8.91813361e-02 9.62484025e-02 1.92613200e-03
 4.06298036e-02 5.33608597e-02 4.19840030e-02 8.42138175e-02
 1.76473339e-02 3.62499595e-03 2.12638458e-02 2.21260212e-02
 4.03077410e-02 1.57608661e-02 1.17721442e-02 6.76620395e-02
 4.95270522e-02 9.96216410e-02 4.52174691e-02 1.57711084e-02
 8.10566034e-02 7.90940706e-02 8.79830748e-02 9.23720130e-02
 5.65095403e-02 2.70244203e-02 2.07967471e-02 2.18116026e-02
 1.37092833e-02 9.31546983e-02 7.46447200e-02 2.47869317e-02
 1.56308589e-02 9.14107260e-03 3.16010152e-02 3.12558899e-02
 3.92563924e-02 6.87723243e-02 9.60858022e-02 4.55235181e-02
 8.97548802e-02 3.60448234e-02 9.17059210e-02 4.31043758e-02
 8.91840542e-02 7.52745431e-02 9.92655022e-02 6.62822898e-02
 6.78871723e-03 3.11325800e-02 5.94643049e-02 9.84537279e-02
 8.50112431e-02 7.38665693e-02 1.40679273e-02 2.40310222e-02
 9.66058046e-02 4.92496934e-02 9.68348327e-02 3.94314815e-02
 7.21463335e-02 6.62902102e-02 7.20585935e-02 6.07001998e-02
 3.48201569e-02 5.93244723e-02 7.00962826e-02 8.25626222e-03
 4.37787071e-02 7.59353813e-02 4.57519039e-02 2.11079386e-02
 8.13504616e-03 7.30411857e-02 3.15358646e-02 8.96761813e-02
 1.16492319e-02 5.58538353e-02 7.92496744e-02 4.07436248e-02
 1.62548283e-02 5.84612641e-02 5.61371042e-02 3.53203077e-02
 5.89824124e-02 8.56366810e-03 7.33967027e-02 2.38703430e-02
 7.96830496e-02 7.52642546e-03 1.34632600e-02 6.12009591e-02
 1.11146571e-02 3.66609430e-02 2.33352788e-02 9.52369468e-03
 7.19091489e-02 3.08634666e-03 1.25685819e-02 8.28767305e-02
 4.56548301e-02 6.31503138e-02 3.39041315e-02 4.50221669e-02
 8.75345504e-02 2.82851428e-02 8.14580835e-02 2.41685828e-02
 3.70498605e-03 7.01872323e-02 6.33712092e-02 7.15360801e-02
 7.70380710e-02 7.53009453e-02 5.73458719e-02 6.93013219e-02
 6.41930284e-02 7.63087722e-02 1.43881709e-02 6.57828271e-02
 3.21369268e-02 2.14387696e-02 4.05786143e-02 7.21210511e-02
 7.58024958e-02 1.05357306e-02 3.53989118e-02 4.29475573e-02
 8.00514085e-02 5.42932415e-02 2.10408994e-02 4.18242738e-02
 3.46511678e-02 5.13161189e-02 1.35161462e-02 6.46031268e-02
 7.71896544e-02 4.87807359e-02 3.67904853e-02 9.92821900e-02
 9.94254189e-02 5.73706073e-02 7.39197944e-02 5.81054531e-02
 7.49408355e-02 1.84650227e-02 1.65729566e-02 4.58657563e-02
 2.08590746e-02 3.91550386e-02 3.38301168e-02 1.73693611e-02
 3.67399303e-02 7.73341559e-02 7.80714056e-02 7.17364544e-02
 2.34272636e-02 9.07482801e-02 8.02765432e-02 2.31492956e-02
 4.16316497e-02 8.99216101e-02 5.44701873e-02 2.32436546e-02
 8.52702393e-02 1.17607040e-02 2.87464002e-02 9.20101847e-02
 7.02855540e-02 8.13117111e-03 1.20952740e-02 3.44974434e-02
 9.96267961e-02 5.32672063e-02 9.06064407e-02 4.75421542e-02
 2.44178824e-02 3.13189050e-02 5.97335405e-02 4.97940006e-02
 7.72469995e-02 9.37756071e-02 3.64494403e-03 8.16093140e-02
 7.10975448e-02 2.88186808e-02 3.13433193e-02 5.74147216e-02
 5.02735125e-02 9.19385653e-02 2.94046250e-02 7.58044536e-02
 9.92728682e-02 6.15793277e-02 5.89598572e-02 8.54534596e-02
 6.33538269e-02 5.60372667e-02 7.72813286e-02 8.68420740e-02
 4.47729434e-02 5.59181119e-02 3.12737086e-02 6.63144452e-02
 7.76475068e-02 4.81880174e-03 3.60619203e-02 6.12797075e-02
 5.15307498e-02 4.10585640e-02 8.10168092e-02 5.38891216e-04
 4.50351968e-02 1.92365137e-02 2.64997964e-02 3.55620884e-02
 1.29152027e-02 1.88840233e-02 5.43964473e-02 2.63409317e-02
 6.52442760e-02 9.87591534e-02 8.82756890e-02 7.24353821e-02
 8.72939611e-02 4.92054347e-02 6.97000469e-02 6.61947234e-02
 9.83203124e-02 1.68252725e-02 7.01879928e-02 7.27979801e-02
 6.78401736e-02 4.81907270e-02 8.00307617e-03 5.97573055e-02
 4.48580993e-02 2.62595233e-02 6.17712397e-02 8.76007235e-02
 4.30586644e-02 2.29623115e-02 6.78008940e-02 7.08383966e-02
 2.00004113e-02 1.39070025e-02 6.18552713e-02 6.89834933e-02
 4.87223016e-02 4.96622119e-02 6.64372293e-02 2.02074873e-02
 6.65718103e-02 1.30839964e-02 1.54483151e-02 1.60088490e-02
 1.58304531e-03 7.07967804e-02 4.64821266e-04 3.15636398e-02
 3.77911615e-02 5.04890233e-03 4.09899222e-03 5.06529615e-02
 3.66092188e-02 3.90807138e-02 2.55951029e-02 6.18435874e-02
 6.53221133e-02 3.21339373e-02 3.80311008e-02 5.29857689e-02
 3.92674788e-02 3.71300423e-02 7.84684369e-02 4.04399924e-02
 7.26889685e-02 8.23068470e-02 7.55714363e-02 8.79688480e-02
 3.30202023e-02 7.57126047e-02 6.67604219e-02 7.05105929e-02
 2.71529727e-02 5.15705014e-02 6.99060648e-02 5.97036469e-02
 7.69899834e-02 4.58016640e-03 8.16684937e-02 6.52346632e-02
 5.11286188e-02 5.43836881e-02 7.96317511e-02 3.00534278e-02
 4.11540815e-02 1.59679477e-02 4.19365938e-02 1.59484285e-02
 8.65922228e-02 2.86201783e-02 1.24379881e-02 9.28720361e-03
 3.08014458e-02 4.71003974e-02 9.96303191e-02 6.46734003e-02
 5.69058449e-02 4.49132399e-02 7.36631375e-03 1.46197411e-02
 7.04494194e-02 7.72324450e-02 3.72171126e-02 5.48251184e-02
 1.28812695e-02 1.73271619e-02 7.94937905e-02 2.84595267e-02
 7.85617876e-02 5.25221919e-02 6.44133408e-03 5.40909617e-02
 1.70547425e-02 5.15157452e-02 4.96945832e-02 5.08273381e-02
 2.54058187e-02 2.40527737e-02 4.80976293e-02 6.86386741e-02
 8.82246534e-03 6.23948160e-02 2.51141555e-02 7.29209917e-02
 8.20909669e-02 2.94141167e-02 7.40844802e-02 5.29082064e-02
 8.69223824e-02 6.75244805e-02 5.20369458e-02 9.38440587e-02
 1.84859246e-02 5.96307345e-02 2.48354392e-02 4.91585666e-03
 7.39850661e-02 8.00879192e-02 9.42092357e-02 9.47563311e-02
 5.18635628e-02 6.75988557e-02 7.41054699e-02 4.13911974e-03
 2.59296025e-02 1.93728804e-02 3.50984424e-02 8.86016146e-02
 2.16787223e-02 5.13553736e-02 2.39216285e-02 2.07337815e-02
 4.09887087e-02 1.62770572e-02 9.50391611e-02 3.89092866e-02
 3.44328704e-02 2.74132939e-02 6.02070605e-02 1.17892065e-03
 5.24197209e-02 7.32446496e-03 9.93007841e-02 5.35003323e-02
 7.09762654e-02 4.88215312e-03 1.13814749e-02 4.71860832e-03
 7.83125627e-02 6.40502957e-02 8.11578245e-02 6.25483110e-02
 7.20385059e-02 5.01271238e-02 4.86296079e-02 1.58759035e-02
 2.68201545e-02 6.33835651e-02 5.33065373e-02 4.04228406e-02
 8.43442027e-02 7.15476924e-03 6.39658877e-02 5.89294726e-02
 5.34798473e-02 5.72293739e-02 4.15666652e-02 2.45380010e-03
 2.90483056e-02 7.46505359e-02 1.51837636e-02 2.48500672e-02
 9.39814375e-03 5.10065563e-02 8.15169724e-02 4.03076000e-02
 2.86286768e-03 3.17192271e-02 6.20763517e-02 7.66603821e-02
 6.94456906e-02 7.02990626e-02 5.69820063e-02 6.88867435e-02
 6.56075763e-02 3.02779711e-02 4.93088194e-02 3.37065111e-03
 2.04175893e-02 3.16934652e-02 2.53329468e-02 8.00233734e-02
 5.55177467e-02 5.49052020e-02 7.53814441e-03 1.06188125e-02
 8.05109466e-02 1.51067102e-02 3.21152330e-02 5.33137165e-02
 7.93822966e-02 6.20671557e-02 4.91621640e-02 8.73972084e-02
 1.71617687e-02 2.62636083e-02 5.68593496e-02 2.08601006e-03
 4.23353180e-02 1.89882897e-02 3.12653222e-02 4.27879003e-02
 8.60599415e-02 8.59049110e-02 8.38222128e-02 5.09519803e-02
 8.18607265e-02 8.65871967e-02 9.93201169e-02 2.86620739e-02
 7.09833443e-02 5.20326563e-03 7.67690588e-02 2.71641719e-02
 6.95965298e-02 5.40911433e-02 4.72505392e-02 4.45821770e-02
 1.83683818e-02 2.64973915e-04 3.32563937e-02 2.85667732e-02
 8.61890270e-02 6.08625500e-03 7.67410012e-02 7.79856135e-02
 3.75898773e-03 5.62002388e-02 1.74918154e-02 1.85749578e-02
 9.37158255e-02 1.00110137e-02 6.90455285e-02 1.95809959e-02
 5.59214119e-02 6.17923420e-02 5.06533688e-02 7.51530440e-02
 4.18560117e-02 1.73032762e-02 1.27165550e-02 3.78378689e-02
 3.31350484e-02 9.17441878e-02 9.07097284e-03 9.02791506e-02
 7.58161045e-02 1.79094923e-02 6.12731767e-02 1.43813963e-02
 7.91238830e-02 7.11140158e-02 6.54506101e-03 8.72239438e-02
 6.20139459e-02 5.85557946e-02 9.39440814e-02 2.76858968e-02
 7.37535266e-02 8.24678689e-03 7.68867181e-02 5.82019725e-02
 4.13504490e-02 7.62508493e-02 7.52864148e-02 2.97256402e-02
 4.21972451e-02 1.85873121e-02 5.40474159e-02 6.53601028e-02
 5.58547952e-02 4.94131787e-03 7.49230678e-04 5.72949244e-03
 8.58963649e-02 1.45845225e-02 9.06456785e-02 4.08507548e-02
 9.56667480e-02 9.07221877e-02 3.10383226e-02 3.29487272e-02
 9.03299739e-02 6.94068352e-03 2.24214595e-02 6.15066185e-02
 6.29191436e-02 4.60578636e-02 1.01904392e-02 3.31399507e-02
 5.38503619e-04 7.04705481e-03 3.44359142e-02 1.96903677e-02
 2.38897948e-02 2.00225899e-02 1.25917022e-02 8.66149856e-02
 3.40098665e-02 8.76469882e-02 9.16194995e-02 1.50993249e-02
 3.53999685e-02 2.76452772e-02 8.31206646e-02 1.42032632e-03
 3.52762723e-03 8.45234298e-03 8.68954653e-02 6.14961912e-02
 7.20994326e-02 2.00126347e-02 7.43031118e-02 6.45422678e-02
 4.22371692e-02 3.44780399e-04 1.15206441e-02 2.16291741e-02
 2.98340831e-03 6.89700238e-03 9.72490820e-03 9.95731377e-02
 2.13151552e-02 5.86221475e-02 1.29082046e-02 5.12220960e-03
 8.81668014e-02 6.44568549e-02 7.41764807e-02 3.69213929e-02
 6.42987152e-02 3.48449693e-02 2.55035403e-03 1.20585275e-03
 2.42006987e-02 4.29712171e-02 2.65278783e-02 2.66581013e-02
 8.00602961e-02 9.25404289e-02 2.56758195e-02 7.26810654e-02
 1.48756944e-02 6.28664594e-02 6.35084520e-02 9.20484923e-02
 5.09025090e-02 7.21473413e-02 6.39198294e-02 6.89020719e-02
 5.63769345e-02 7.42210374e-02 1.59124378e-02 2.26473631e-02
 9.95146261e-02 8.97073529e-02 6.60630203e-02 9.87698318e-02
 1.20484305e-02 9.95940650e-02 7.61050122e-02 2.77140843e-02
 3.20774300e-02 4.02311333e-02 2.30382272e-02 1.38490793e-02
 6.87002541e-02 3.74206852e-02 3.73755988e-02 3.52968204e-02
 5.44818818e-02 3.83945794e-02 4.25368168e-02 6.09418341e-02
 8.09198167e-02 3.55836572e-02 2.52681044e-02 8.62853956e-02
 4.74888162e-02 4.97270577e-02 5.16665751e-02 5.95472494e-02
 6.76832364e-02 8.85807111e-02 3.94750211e-02 6.74036960e-02
 2.18314566e-02 9.01105053e-02 6.41838156e-02 4.62591613e-02
 8.27407946e-02 2.36946727e-02 9.68547262e-02 7.16821056e-02
 1.36361206e-02 9.38953180e-02 6.04165099e-02 7.19355021e-02
 2.18327186e-02 9.26083343e-02 9.67963239e-02 7.86687015e-02
 1.63286803e-02 7.41363925e-02 6.14615255e-02 8.65709942e-02
 4.56201228e-02 9.59653837e-02 9.98703743e-02 4.01078286e-02
 7.20971801e-02 9.78623444e-02 8.03654812e-02 3.61995094e-02
 7.88861681e-02 5.74542987e-02 4.46993609e-02 9.38471694e-02
 9.45887826e-02 9.22538722e-02 3.18605168e-02 8.12636759e-02
 5.39271427e-02 7.31156037e-02 9.73015660e-02 5.51564839e-02
 4.34208898e-02 7.38018837e-02 4.44481542e-02 6.62048014e-02
 5.28315508e-02 8.53266229e-03 5.45129031e-02 1.17370506e-02
 7.84182855e-04 6.28048878e-02 8.24686251e-02 7.72008042e-02
 6.49253100e-02 4.05233307e-02 3.30500862e-02 9.05026254e-05
 7.30500451e-02 8.69799063e-02 8.00674499e-02 4.80214093e-02
 1.66030217e-03 4.66276202e-02 2.56201856e-02 2.86076913e-02
 1.62939091e-02 7.73969317e-02 5.77445586e-02 7.19032556e-02
 9.02677746e-02 6.96815012e-03 2.37782108e-02 1.89929833e-02
 7.93612290e-02 7.64662000e-02 9.46095720e-02 5.00165357e-02
 4.65839540e-02 1.16974163e-02 6.39743023e-02 3.10659599e-02
 7.92707321e-02 4.34783490e-02 1.12807291e-03 3.81735150e-02
 2.14106478e-02 3.50579911e-02 2.29709648e-02 8.82317823e-02
 7.18385243e-02 6.62611576e-02 7.61514266e-02 4.50734992e-02
 4.64066117e-02 6.95741431e-02 1.09122049e-02 3.54424927e-02
 3.53706570e-02 2.08271502e-02 4.12445732e-03 2.55074708e-02
 6.37550880e-02 9.51984166e-02 5.04110768e-02 7.80839392e-02
 3.74993185e-02 8.81061887e-02 1.31642315e-02 7.38863250e-02
 3.86847565e-02 4.50759635e-02 2.34643207e-02 3.87069299e-02
 5.35648426e-02 6.94221403e-02 7.28310690e-02 3.23207769e-02
 9.93587206e-02 3.44982291e-02 4.97179868e-02 6.37857225e-02
 7.98283830e-02 2.66190436e-02 9.93070828e-02 9.83484578e-02
 5.43380295e-02 7.09693966e-02 4.31242802e-03 9.78097145e-02
 2.39267134e-03 5.92189157e-02 8.95587221e-02 2.34831206e-03
 7.70493853e-02 8.46875717e-02 4.01757893e-03 4.81898461e-02
 3.38032209e-02 7.48405298e-02 1.76307438e-03 9.02547740e-02
 9.09748855e-02 5.53109219e-02 1.51227849e-02 7.98370569e-03
 7.84325914e-02 2.63709361e-02 9.52546042e-04 8.65300811e-02
 6.05813176e-02 8.59674564e-02 1.24333166e-02 6.76960221e-02
 2.32231424e-02 5.29378659e-02 4.82799628e-02 1.97257523e-03
 8.16335211e-02 3.97190158e-02 5.65966643e-02 8.69979229e-02
 3.91220564e-02 6.08477451e-02 7.39047469e-02 1.47957625e-02
 1.98120872e-02 5.55130643e-02 4.72930145e-02 8.31289899e-02
 6.78015653e-02 5.06643891e-03 9.37007165e-02 5.95198504e-04
 4.67905882e-02 7.61263681e-02 3.07867991e-02 2.83047164e-02
 4.78331113e-02 8.68985873e-02 2.56205504e-02 6.93692851e-02
 4.65607886e-02 8.83597946e-03 4.15866423e-02 4.45788388e-02
 9.39636514e-02 8.12839544e-02 7.30017290e-02 7.39798253e-02
 1.41899742e-03 4.78870052e-02 6.76095771e-02 6.30974384e-02
 6.88778320e-02 6.14601633e-02 8.37534073e-02 2.00277127e-02
 3.74418660e-02 4.39546441e-02 7.58299152e-02 9.63901408e-02
 6.82487215e-02 1.03151675e-02 6.46946559e-02 9.26383931e-02
 1.01375468e-02 5.74385435e-02 4.70869706e-02 4.26430536e-02
 7.07687878e-02 6.96143275e-02 7.07612797e-02 3.30903471e-02]
[[-0.03396862  0.10180412 -0.03026804 ... -0.00519877  0.01948323
  -0.04109522]
 [ 0.12242976 -0.01633471 -0.03450174 ... -0.17227741 -0.16383688
   0.09598158]
 [-0.12583993  0.04786489 -0.06083993 ...  0.00322466  0.14294463
  -0.07115263]
 ...
 [-0.16954126  0.03274714 -0.08245077 ...  0.07041851  0.02085896
  -0.08859749]
 [ 0.00686379  0.063624    0.09502212 ...  0.14854579 -0.02460355
   0.19894482]
 [ 0.14128821 -0.01008883 -0.1459435  ... -0.07464749 -0.08007854
  -0.05079324]]
此时输入模型的b
[0.7357728, 0.5289262, -0.98930144, 0.55563456, 0.38997066, 0.77574044, -0.047251943, -0.11228378, 0.72090214, 0.5509521, -0.52204317, 0.022113131, -0.98447627, 0.6725269, -0.9819753, -0.7422015, 0.36431658, 0.71997017, 0.12032153, 0.70815545, -0.43674916, -0.519802, -0.17842963, 0.8817948, 0.43298742, -0.09498723, -0.8624697, -0.7763936, 0.77451503, 0.14891528, 0.5495821, 0.23604272, 0.4736079, -0.856663, -0.4055331, -0.37246466, 0.103756, -0.9832133, -0.73274195, 0.46219137, -0.9767459, -0.5112682, 0.5196177, -0.20987494, 0.4756338, -0.75488216, -0.2234033, 0.2733708, 0.7094009, 0.27816278, -0.33071202, -0.21805245, -0.629162, -0.6935007, -0.5714148, -0.65413624, 0.3906998, -0.4046956, 0.9922154, -0.3265052, -0.269012, 0.570939, 0.11465844, -0.6664839, 0.09026823, 0.9682825, 0.35590428, -0.32959923, -0.533037, -0.17227328, -0.047008004, 0.9088511, 0.7975174, -0.28677857, 0.37756816, -0.08525436, 0.25108293, -0.36639035, 0.7158027, -0.48853463, -0.69207495, -0.2950318, 0.9822562, -0.32536352, -0.39871365, -0.34555733, -0.5373245, 0.07841422, 0.07895207, 0.9368948, 0.051246457, -0.78644335, 0.17735215, 0.56800115, -0.3310986, 0.46246177, -0.7347307, 0.3126812, -0.5792597, 0.81467164, 0.98771834, -0.14878918, 0.6558093, -0.06817777, 0.9897948, 0.59668756, -0.47676092, 0.3657103, 0.84871686, 0.5728423, 0.3590715, 0.72857374, 0.18754353, -0.7756084, -0.68338513, -0.91867447, -0.38154346, -0.75797415, -0.32929587, -0.55591387, 0.7603278, 0.8991795, -0.455646, 0.28773338, -0.90249, -0.013743654, 0.94494295, 0.64796096, 0.34469926, 0.3499689, -0.44174254, 0.23185669, 0.45037076, 0.70409995, 0.41409627, 0.007727573, -0.80469424, -0.56346965, 0.9495507, -0.8890978, 0.22437522, -0.90259045, 0.15989275, 0.5275675, 0.060659926, -0.33321238, -0.9639556, -0.61487496, 0.92530537, 0.27690992, -0.8988843, 0.010978661, -0.5278216, 0.89081436, -0.6161136, -0.29429418, 0.4108099, 0.5789451, 0.73150945, 0.5691634, -0.28678906, 0.19220479, -0.1366735, -0.8169247, 0.6436346, 0.29607794, 0.42628127, 0.8282892, -0.61532897, -0.2791988, -0.90245146, -0.84977293, -0.36589342, 0.5242546, -0.5604118, -0.46982238, -0.28295365, -0.98169243, 0.5313984, 0.51433694, 0.7628376, 0.25077644, 0.7867891, 0.28739294, -0.7353095, -0.38319066, -0.84009814, -0.3969379, 0.8433727, 0.9960597, -0.8850554, -0.8892095, -0.107213944, -0.9117453, -0.2290936, 0.60088545, 0.70485294, 0.9585415, 0.12034476, 0.8080835, -0.30701545, -0.85924745, 0.7485472, -0.9207489, 0.9563865, 0.1735969, 0.723256, 0.06140509, -0.3368863, 0.38819414, -0.66652405, 0.81808805, 0.47825646, -0.28291816, 0.30308133, -0.13071027, 0.21169706, 0.2745157, 0.58359164, -0.9492369, 0.039038125, -0.2349354, 0.24261399, -0.97506917, -0.35075536, 0.32969853, -0.84745735, -0.12552202, -0.38281, -0.77202845, -0.5908571, 0.24253492, -0.53554195, 0.95590854, -0.4607726, 0.0053758807, -0.7295626, 0.6552851, 0.9257163, -0.3219837, -0.6561145, -0.6668577, -0.44949833, 0.28240076, 0.4333697, 0.5822156, -0.69600576, 0.21258731, 0.17950472, -0.40792093, 0.25567245, 0.4585211, -0.9899637, -0.5688033, 0.17382325, -0.5335196, -0.8743787, 0.5941595, -0.9182312, 0.77716535, 0.64424974, 0.086701, -0.7222551, -0.8483466, -0.5674958, -0.46312904, -0.42757565, 0.27001408, 0.6182292, 0.5961755, -0.1384941, -0.2855423, -0.21230799, -0.35021338, -0.9479279, 0.31163767, 0.28119484, 0.49864882, 0.0030047526, -0.6302586, -0.26642597, 0.86140865, 0.47607788, -0.39707363, 0.6977712, 0.5974138, 0.7246925, -0.81620145, -0.9179025, -0.7173418, 0.21600877, 0.877451, -0.73489594, -0.6818562, -0.8524807, -0.58966714, 0.9817822, 0.63328743, 0.38840652, 0.40784386, 0.8419205, -0.38833672, 0.51582235, -0.3696871, 0.44500473, -0.52710384, 0.7347671, 0.7582248, 0.052528918, 0.3321306, -0.46338382, -0.017934022, -0.4194624, 0.11224008, 0.5588089, -0.68950784, 0.76534194, 0.3045805, 0.9340038, 0.45119095, 0.9126716, -0.61367756, -0.35679016, 0.44352925, 0.77090925, -0.9758553, 0.34201774, -0.11935017, -0.47145838, 0.15142433, -0.5497962, 0.21908318, -0.5631843, -0.03959378, 0.53555995, 0.9760193, -0.4874164, -0.36736774, -0.46936518, 0.38294962, -0.9634236, -0.55425215, -0.15301055, -0.70599854, 0.15282395, 0.91837066, 0.54581076, 0.3369764, -0.31063268, -0.869948, 0.17586648, -0.8225194, -0.8246195, 0.17765942, -0.9682656, 0.53362507, -0.8604732, -0.5159312, 0.087429926, -0.67694825, -0.68849, 0.31510097, 0.18140694, 0.77940786, -0.49948305, -0.9422062, -0.29069793, -0.5926715, 0.8060264, 0.28775588, -0.051794965, -0.7398233, -0.6360078, -0.970526, -0.7412426, -0.15317306, 0.6817969, -0.99474204, -0.54242325, 0.69669974, 0.7830899, 0.47269467, -0.75973964, 0.08094124, -0.530246, 0.5169848, 0.54249704, 0.81754446, -0.9762768, 0.68041176, 0.68175507, 0.5582455, -0.9182861, -0.614902, 0.44919202, -0.2330929, 0.29451492, -0.8423671, 0.6252223, 0.36509225, -0.82018036, 0.94058216, 0.034999367, -0.48161712, 0.7738974, 0.15675955, 0.2994931, 0.88155115, -0.5630793, -0.0069622216, -0.03593608, -0.96351033, 0.57677084, 0.8128709, -0.003781813, -0.17049246, -0.7277405, -0.77732027, -0.80697954, -0.13004552, -0.2912579, -0.7376482, 0.5814463, 0.13776943, -0.9502538, 0.9247587, 0.5694322, -0.3763789, -0.76897, -0.5711276, 0.15342833, 0.59340453, 0.081647016, 0.9743864, -0.6509932, -0.46541712, -0.003356047, 0.40598342, -0.4656413, 0.4275602, 0.1983668, -0.3044103, 0.36236668, 0.81426615, 0.5394683, 0.8029279, -0.30975804, 0.20635775, -0.86902255, 0.50388664, -0.6175453, -0.7096539, -0.12727593, 0.16522443, -0.44993442, -0.9052172, 0.25787428, -0.93873155, -0.43227553, 0.25867644, 0.52792823, -0.695372, 0.9157477, -0.5000094, -0.32450953, -0.23055626, 0.8600999, -0.6952003, -0.9133564, 0.7709352, -0.4544762, -0.52003765, -0.95158094, 0.29708976, 0.40101856, -0.22206016, -0.2387333, 0.42491573, -0.85369307, 0.057138495, 0.21989666, 0.56037205, -0.7227319, -0.2649034, 0.1783748, -0.9321836, 0.7805953, -0.105107084, 0.5244618, 0.22326462, 0.6668549, 0.2530948, -0.4712576, 0.11972805, 0.41042805, -0.90846294, -0.94604313, 0.67754763, -0.54837143, 0.38769656, -0.4403907, -0.80712277, 0.8170315, -0.8703868, -0.6868599, 0.41603622, 0.29738033, 0.50784874, 0.7316602, -0.53414065, 0.638681, 0.41140082, 0.6277151, 0.8171527, -0.8519753, -0.24029964, -0.5386859, 0.71359247, -0.98773533, -0.46899584, 0.49507102, -0.65069914, 0.0049308646, 0.4150154, -0.48523256, 0.77091, -0.5416302, 0.8929896, -0.117842235, -0.1614238, -0.8521757, 0.57929415, 0.55374104, -0.49803445, 0.50961655, -0.8291845, -0.8032172, 0.7400537, -0.8206577, -0.19761665, 0.68214005, 0.45937684, 0.11632442, 0.43558323, 0.0902349, -0.77013046, 0.08466427, 0.18224578, -0.7508439, 0.34315667, 0.95532763, -0.00044537144, 0.94152933, 0.75857574, -0.78945524, 0.15537445, -0.71790755, -0.13185175, 0.29698956, -0.75194424, -0.456575, -0.65466505, -0.7833506, 0.09246761, 0.4906881, -0.10315147, 0.15093489, 0.59930515, -0.7251388, 0.29756612, -0.28418767, 0.8714324, 0.569318, -0.21413869, 0.80579525, 0.7747203, -0.83176553, -0.7431458, 0.18294877, 0.6409029, -0.18765908, -0.217496, 0.06429259, -0.77143115, 0.99477494, -0.16111737, 0.8820969, -0.7499941, 0.50701874, 0.8338047, -0.2667407, 0.0037456646, 0.8018187, -0.81048894, -0.7979348, 0.17593457, 0.07904273, 0.38715947, 0.36932287, -0.1477966, 0.68133897, -0.71587116, -0.92524093, 0.99651086, 0.4870557, 0.94917434, -0.2309271, -0.82720286, -0.66847366, -0.5393028, -0.5792553, 0.19116387, 0.63948673, -0.945354, 0.8376057, 0.87740105, -0.62402886, 0.6306376, 0.13397871, 0.19432303, 0.26150024, -0.11279291, 0.19709526, -0.8815034, 0.5197304, 0.3957506, 0.89551854, 0.0019015624, -0.8203049, -0.84857565, -0.38300592, 0.31915063, 0.36241937, -0.75335324, 0.31549168, 0.6100625, 0.3338392, 0.8499729, 0.22781755, 0.36149693, 0.62228733, -0.22185539, -0.2996785, 0.01944626, -0.50436276, 0.50674677, 0.16283913, -0.7424386, 0.9988951, -0.4010988, 0.3747297, 0.27741662, 0.64240444, -0.42634058, -0.79223204, 0.7053308, 0.22355933, 0.63379854, 0.8669485, -0.54501694, 0.2340754, 0.06888961, -0.7673196, -0.4277509, 0.80613446, -0.670137, 0.7597849, 0.010000646, 0.82050884, -0.31320724, 0.9701673, -0.86409575, 0.3558999, 0.20680857, 0.1142451, 0.12690745, -0.20891054, -0.29900602, 0.12150434, -0.4991257, 0.6189476, 0.5900363, -0.53392, -0.18364993, 0.65485066, 0.16572711, 0.058951598, 0.4650916, 0.7478425, 0.94121325, 0.30105302, -0.35989413, -0.7291476, -0.25541666, -0.29774663, 0.5009571, -0.1699792, 0.85311186, 0.23514757, 0.13503243, 0.47744167, 0.60878277, 0.06456005, -0.2776566, -0.8828562, -0.6911076, 0.5920352, 0.46211037, 0.70217556, -0.6673972, 0.37916768, -0.27828813, 0.21249677, 0.61004645, -0.17795113, 0.86475664, -0.83279204, 0.09210726, -0.5928581, -0.8409474, 0.58812207, -0.0048011644, 0.32538036, -0.048518468, 0.75131917, -0.30909544, -0.95165044, -0.46902597, -0.11191919, -0.5710277, -0.5855481, -0.42449823, -0.5778133, -0.73212, 0.44011787, 0.62688595, 0.9825534, 0.30347878, 0.020621832, 0.20614716, 0.71181023, -0.21881044, 0.42794234, -0.33687267, -0.9314248, 0.413897, 0.20896976, 0.5905131, 0.26035044, -0.36659107, 0.64812374, -0.6392855, -0.56782734, 0.4610465, 0.9741264, -0.51630557, 0.4488115, 0.20733005, -0.901363, 0.3217956, -0.38347042, -0.5146837, -0.2093252, 0.4989946, 0.5683285, 0.37940276, 0.004769657, -0.51721036, -0.581126, -0.3234385, -0.3815464, 0.30218512, -0.33872312, -0.26213092, 0.9040206, -0.2489541, 0.48806137, -0.46578693, 0.015716014, -0.19518289, 0.9198147, 0.32513806, -0.79215366, -0.987339, 0.106248416, -0.10254722, 0.21625257, 0.9310142, 0.76521873, 0.114487745, 0.014310824, 0.03234686, 0.37542975, 0.7198349, 0.5787011, -0.8809155, 0.043833017, 0.6242844, 0.3062492, 0.94311506, 0.7596003, -0.7767403, 0.8828329, -0.27633366, -0.99318564, 0.1733598, 0.009575284, 0.2145516, -0.05195107, -0.7875696, 0.57357854, -0.8872593, 0.2920393, -0.94713515, 0.257183, 0.10270307, 0.20980735, 0.95429355, 0.13060936, 0.29908338, 0.6506435, 0.9930556, 0.7674416, 0.311888, 0.7824228, -0.09402456, 0.673884, 0.49485523, -0.013426359, 0.28133816, -0.57037324, -0.984364, -0.98088986, 0.97030765, -0.4558443, -0.25317344, 0.09268414, 0.41018903, -0.079463996, -0.6234521, -0.8696835, 0.6750327, 0.92790776, -0.30536622, 0.12301029, -0.059029635, -0.5884609, 0.57625115, 0.053874306, 0.3406699, 0.41052878, 0.9440244, -0.7026724, 0.06385683, 0.7946266, 0.6454084, -0.15781364, 0.7550678, 0.036344536, 0.3608669, 0.18997148, 0.9996084, -0.17605779, -0.34092373, -0.49368018, -0.55663526, -0.34839433, -0.04340778, 0.06748316, 0.27249154, -0.6464155, 0.3659566, 0.59880173, -0.49679157, -0.04995083, 0.47124428, -0.2331156, 0.9066943, -0.089875825, 0.91984034, 0.013199017, -0.2882854, 0.6673737, 0.14774135, 0.8413702, -0.90495145, 0.1218278, -0.26522562, -0.47747412, -0.044466633, 0.14635988, -0.0009806141, 0.8151944, -0.6265645, 0.18458278, 0.8793028, 0.9608282, -0.77435774, -0.90317667, -0.51575303, 0.6863512, -0.76505315, 0.49564156, -0.74703956, 0.9942016, 0.2729467, 0.5054009, 0.82594323, 0.438859, -0.5327235, -0.3909964, 0.09200054, 0.02072338, 0.4144647, -0.64584726, -0.56215626, -0.29191095, 0.6043026, 0.40803388, -0.9895526, 0.55938053, 0.7961439, -0.5012285, -0.92675585, -0.5219615, -0.24969648, -0.06614468, -0.2690879, -0.50128585, 0.9877593, 0.13154258, 0.3444865, 0.32161534, 0.27906498, 0.9180033, 0.8778754, -0.40660736, -0.017663283, 0.63689303, 0.3714974, 0.0703208, 0.07344941, -0.10163669, -0.62766886, -0.95169765, -0.54851925, -0.9458317, 0.67975014, 0.11444332, -0.24584469, -0.3929011, 0.8493935, -0.9525401, -0.39578128, -0.17543612, 0.37871435, 0.9463506, 0.1024386, 0.8396601, -0.22430454, -0.6251705, 0.72708064, -0.974361, -0.7730847, 0.57704735, 0.9332775, -0.17614448, 0.15142702, -0.62067866, 0.70361346, 0.2603571, 0.4397411, -0.7435735, -0.6700267, -0.20391215, 0.882656, -0.7397256, 0.061335232, -0.7325281, -0.09301041, -0.008223773, -0.3791887, -0.18289681, 0.46587428, 0.21190892, 0.1308384, 0.95733607, -0.7841096, -0.37202728, -0.8960994, 0.1855034, -0.26335248, 0.97417736, -0.49410063, -0.9125202, -0.6321887, 0.87583995, 0.631233, -0.7948203, 0.7543751]
Gurobi没有传入初始解
======================================================
Solve MINLP problem:
没有初始化solution.
Set parameter OutputFlag to value 1
Set parameter LogFile to value "solver_result/gurobi/noinitial/cq_cls1_1000-1000.log"
Set parameter TimeLimit to value 10800
Set parameter NodefileStart to value 20
Set parameter Threads to value 20
Gurobi Optimizer version 12.0.1 build v12.0.1rc0 (linux64 - "Ubuntu 24.04.1 LTS")

CPU model: Intel(R) Xeon(R) Gold 6240C CPU @ 2.60GHz, instruction set [SSE2|AVX|AVX2|AVX512]
Thread count: 36 physical cores, 72 logical processors, using up to 20 threads

Non-default parameters:
TimeLimit  10800
NodefileStart  20
Threads  20

Optimize a model with 1000 rows, 1000 columns and 1000000 nonzeros
Model fingerprint: 0xa82e7334
Model has 1000 quadratic objective terms
Variable types: 0 continuous, 1000 integer (0 binary)
Coefficient statistics:
  Matrix range     [3e-07, 5e-01]
  Objective range  [9e-05, 1e-01]
  QObjective range [2e-05, 1e-02]
  Bounds range     [0e+00, 0e+00]
  RHS range        [4e-04, 1e+00]
Presolve time: 0.51s
Presolved: 1000 rows, 1000 columns, 1000000 nonzeros
Presolved model has 1000 quadratic objective terms
Variable types: 0 continuous, 1000 integer (0 binary)

Root simplex log...

Iteration    Objective       Primal Inf.    Dual Inf.      Time
     410   -2.2052130e+02   3.641080e+01   0.000000e+00      6s
     541   -2.1401609e+02   1.908821e+00   0.000000e+00     11s
     579   -2.1392387e+02   0.000000e+00   0.000000e+00     14s

Root relaxation: objective -2.139239e+02, 579 iterations, 12.47 seconds (3.76 work units)

    Nodes    |    Current Node    |     Objective Bounds      |     Work
 Expl Unexpl |  Obj  Depth IntInf | Incumbent    BestBd   Gap | It/Node Time

     0     0 -213.92387    0 1000          - -213.92387      -     -   13s
     0     0 -213.92264    0 1000          - -213.92264      -     -  108s
     0     2 -213.92246    0 1000          - -213.92246      -     -  233s
     1     4 -213.92246    1  999          - -213.92246      -   3.0  238s
     3     8 -213.92246    2  998          - -213.92246      -   3.0  243s
     7    16 -213.92207    3  997          - -213.92246      -   2.9  247s
    15    32 -213.92116    4  996          - -213.92246      -   3.0  252s
    31    52 -213.91940    5  995          - -213.92246      -   2.9  257s
    51   112 -213.91933    6  994          - -213.92219      -   2.7  268s
   111   211 -213.91773    8  992          - -213.92180      -   2.7  293s
   210   407 -213.91636   10  990          - -213.92180      -   2.7  350s
   406   802 -213.91526   15  985          - -213.92180      -   2.6  452s
   801  1861 -213.91178   33  968          - -213.92180      -   2.7  638s
  1860  3193 -213.89811   88  924          - -213.92180      -   2.7  859s
  3192  4482 -213.88328  149  884          - -213.92180      -   2.7 1059s
  4481  5681 -213.86710  204  849          - -213.92180      -   2.8 1245s
  5680  6858 -213.85304  261  809          - -213.92180      -   2.9 1418s
  6857  8016 -213.83738  315  778          - -213.92180      -   2.9 1584s
  8015  9152 -213.81403  366  741          - -213.92180      -   3.1 1740s
  9151 10275 -213.78701  407  720          - -213.92180      -   3.3 1881s
 10274 11366 -213.76140  460  682          - -213.92180      -   3.4 2017s
 11365 12446 -213.73515  511  658          - -213.92180      -   3.6 2154s
 12446 12447 -213.81545  388 1000          - -213.92180      -   3.8 2173s
 12448 12448 -213.89585   88 1000          - -213.92180      -   3.8 2192s
 12450 12450 -213.91675   13 1000          - -213.92180      -   3.8 2335s
 12451 12453 -213.92180   15  999          - -213.92180      -   3.8 2353s
 12453 12457 -213.92066   16  998          - -213.92109      -   3.8 2358s
 12457 12463 -213.91953   17  997          - -213.92060      -   3.8 2363s
 12465 12477 -213.91775   18  996          - -213.91869      -   3.8 2368s
 12481 12491 -213.91626   19  995          - -213.91794      -   3.8 2373s
 12501 12538 -213.91455   20  994          - -213.91679      -   3.8 2384s
 12554 12615 -213.91275   21  993          - -213.91679      -   3.8 2410s
 12649 12811 -213.90972   24  990          - -213.91679      -   3.8 2480s
 12877 13164 -213.90207   30  984          - -213.91679      -   3.8 2602s
 13306 13698 -213.88999   40  974          - -213.91679      -   3.7 2773s
 13983 14102 -213.86848   55  959          - -213.91679      -   3.7 2965s
 14612 16239 -213.84765   73  941          - -213.91679      -   3.6 3468s
 16959 16774 -213.80137  124  890          - -213.91679      -   3.5 3771s
 18276 17612 -213.76941  154  861          - -213.91679      -   3.4 4050s
 19553 18436 -213.73920  184  832          - -213.91679      -   3.4 4316s
 20803 19218 -213.70296  214  802          - -213.91679      -   3.4 4561s
 22002 20004 -213.67006  243  779          - -213.91679      -   3.4 4801s
 23187 20406 -213.64498  271  751          - -213.91679      -   3.4 4979s
 23984 21329 -213.63161  288  733          - -213.91679      -   3.5 5225s
 25173 21898 -213.60935  315  717          - -213.91679      -   3.5 5405s
 26138 22510 -213.58404  337  698          - -213.91679      -   3.7 5583s
 27072 23130 -213.57606  358  692          - -213.91679      -   3.8 5766s
 28003 23721 -213.55373  380  676          - -213.91679      -   3.9 5935s
 28905 24346 -213.53490  400  661          - -213.91679      -   4.1 6106s
 29830 24961 -213.52037  422  652          - -213.91679      -   4.3 6287s
 30754 25569 -213.50379  443  636          - -213.91679      -   4.5 6454s
 31670 26021 -213.47897  466  626          - -213.91679      -   4.6 6590s
 32427 26705 -213.45890  484  610          - -213.91679      -   4.8 6752s
 33363 27249 -213.43354  507  588          - -213.91679      -   5.0 6912s
 34219 27892 -213.40624  527  586          - -213.91679      -   5.2 7070s
 35148 28490 -213.38327  550  577          - -213.91679      -   5.5 7236s
 36055 29090 -213.34794  571  567          - -213.91679      -   5.7 7403s
 36958 29507 -213.32700  590  558          - -213.91679      -   6.0 7525s
 37676 29705 -213.32233  606  547          - -213.91679      -   6.1 7614s
 38113 30555 -213.30039  619  546          - -213.91679      -   6.3 7782s
 39109 31269 -213.27604  641  532          - -213.91679      -   6.6 7947s
 40155 32013 -213.22490  665  530          - -213.91679      -   6.9 8112s
 41247 32703 -213.17701  690  520          - -213.91679      -   7.2 8268s
 42301 33410 -213.15275  714  509          - -213.91679      -   7.5 8422s
 43360 34276 -213.11640  738  501          - -213.91679      -   7.9 8606s
 44579 35123 -213.05284  766  488          - -213.91679      -   8.2 8794s
 45832 35968 -213.01895  793  473          - -213.91679      -   8.6 8986s
 47095 36648 -212.96855  821  461          - -213.91679      -   9.1 9292s
 48196 37345 -212.92235  843  454          - -213.91679      -   9.5 9469s
 49260 38905 -212.89438  851  450          - -213.91679      -   9.9 9757s
 51174 40449 -212.84894  890  437          - -213.91679      -  10.7 9996s
 52898 42108 -212.77151  926  421          - -213.91679      -  11.5 10229s
 54557 43813 -212.71778  957  415          - -213.91679      -  12.2 10456s
 56262 45586 -212.64779  989  397          - -213.91679      -  13.0 10693s
 58035 46783 -212.56497 1020  395          - -213.91679      -  13.9 10800s

Explored 59232 nodes (865140 simplex iterations) in 10801.04 seconds (1328.07 work units)
Thread count was 20 (of 72 available processors)

Solution count 0

Time limit reached
Best objective -, best bound -2.139167893159e+02, gap -
 80%|████████  | 4/5 [12:00:31<3:00:07, 10807.77s/it]无法得到可行解
约束的个数: 1000
Gurobi model disposed.
此时传入模型的b
[-1.41059026e-01 -6.05130255e-01 -1.37330532e-01 -3.25930566e-01
 -5.12153924e-01  2.81266451e-01  9.11804378e-01 -9.94331241e-01
 -9.08445716e-02 -8.22600499e-02  7.14625955e-01  8.66377294e-01
 -1.45432437e-02  4.52378929e-01  7.65183985e-01  1.45872578e-01
 -5.79600990e-01  2.31294543e-01 -4.90897298e-01 -2.54295290e-01
  5.31659499e-02  5.67602217e-01  6.37459576e-01 -5.46975285e-02
  1.48358092e-01  4.68327254e-01 -4.44384068e-01 -7.81093717e-01
  8.41436088e-01 -6.17593348e-01 -2.45807260e-01  9.77728009e-01
  3.02876323e-01 -4.65194017e-01  8.09169710e-01 -3.87847632e-01
  7.47836530e-01 -6.17748559e-01  5.06216168e-01 -8.84932756e-01
 -4.29851770e-01 -3.78387958e-01  3.14518698e-02 -5.00364184e-01
 -2.91366398e-01 -1.85985073e-01 -8.90178144e-01 -9.83959496e-01
  4.25292691e-03  4.71281469e-01 -8.26562285e-01  4.49181646e-01
 -6.98170245e-01 -5.37847817e-01 -4.53356057e-01 -6.88603938e-01
  6.90538138e-02 -9.86587882e-01 -9.55645442e-01 -5.18464148e-01
  5.97278237e-01  8.85197878e-01  1.26421303e-01  6.59755707e-01
 -1.37497947e-01 -7.53555521e-02 -2.80520678e-01 -2.74804026e-01
 -3.22019637e-01  6.73916936e-01 -7.06055462e-01  1.51630327e-01
 -9.39722657e-01 -5.68989038e-01  9.73144889e-01  2.06561744e-01
  5.07369161e-01 -4.66450691e-01 -8.12372386e-01 -9.91690531e-02
 -5.86124286e-02 -2.75499016e-01  4.79124188e-01 -7.26277113e-01
 -5.66389918e-01 -7.91796327e-01 -6.38218403e-01  6.53624296e-01
 -3.48417163e-01 -6.60619974e-01 -3.16013694e-01 -9.18532550e-01
 -2.03129370e-02  5.35808384e-01 -7.10845232e-01  8.13645005e-01
 -9.16445851e-01  3.25487345e-01  2.23966032e-01 -5.34920156e-01
 -9.69990551e-01  1.29717737e-01 -1.29510194e-01 -3.24774802e-01
  6.46067321e-01  5.15785143e-02  4.66517121e-01  7.07731307e-01
 -6.23292923e-01 -3.23699981e-01  7.32926965e-01  2.36686066e-01
  1.48996964e-01 -7.82251060e-01 -1.41230866e-01 -6.97600424e-01
  3.24978083e-01 -7.14112043e-01  7.01402247e-01  6.14536941e-01
  7.26333380e-01  9.87801075e-01 -1.25272423e-01  1.15424491e-01
  9.87656116e-01  9.04596210e-01 -3.67583275e-01  3.74954760e-01
  4.84982543e-02 -9.52123106e-01  5.62380672e-01 -6.31563544e-01
 -8.95716906e-01  8.15290093e-01 -3.82619649e-01 -9.74323869e-01
  7.42711127e-01  9.39414561e-01 -8.30157518e-01 -6.03839099e-01
  8.82420540e-01  1.61688849e-01 -1.74768772e-02 -1.10023627e-02
 -4.95955437e-01  8.84845972e-01 -8.13239992e-01 -3.06841135e-01
  6.26358867e-01 -5.29435813e-01 -3.75255913e-01 -6.26278400e-01
  4.67263103e-01 -8.38704944e-01  4.90154922e-01 -7.28464603e-01
  2.39179377e-02 -8.25889647e-01  2.16596320e-01 -5.38678765e-02
  8.38566840e-01  1.52863562e-01  7.56050885e-01  4.15553749e-02
 -1.56924933e-01 -7.52557367e-02 -6.80946767e-01  8.46162140e-01
 -2.97330171e-01 -9.86995772e-02 -6.67935669e-01  7.43069947e-01
  9.66829956e-01  2.59703368e-01 -6.28093362e-01  7.06960917e-01
 -3.48926663e-01 -3.84029657e-01 -8.47492814e-02 -8.81495237e-01
  6.92136765e-01  7.04237163e-01 -6.90786123e-01 -7.16007173e-01
 -8.99190307e-01  8.39823842e-01  7.91196883e-01 -8.75229239e-01
  3.34627062e-01  6.17669313e-04 -8.64157438e-01 -7.06221759e-01
  4.74100769e-01 -6.98638931e-02 -9.87854421e-01 -6.06496215e-01
  1.43475264e-01  3.35516959e-01 -3.91018838e-01  8.35283220e-01
  7.18722463e-01  9.98887241e-01 -4.34398234e-01 -2.37800017e-01
 -5.86580098e-01 -9.36100841e-01 -9.81279850e-01 -5.12874842e-01
 -2.13742554e-02  6.57364190e-01 -3.63054812e-01 -2.24222511e-01
 -2.32326567e-01 -5.41774571e-01  7.26404488e-01  3.93929720e-01
 -6.55212343e-01  7.60168210e-02  9.61788297e-01  8.94927621e-01
  3.70492131e-01  7.36237407e-01 -2.63802320e-01 -2.82551646e-01
  8.61468783e-04  8.81681859e-01 -3.37022066e-01  9.88018453e-01
 -7.94720184e-03 -8.50166619e-01  4.91289385e-02 -2.35746965e-01
  8.98271382e-01  3.82108450e-01  9.69535589e-01 -6.99978471e-01
 -5.60280442e-01 -1.65227149e-02 -9.62827325e-01 -3.57872069e-01
  4.85452861e-01  5.76653600e-01  3.96017700e-01  7.24852085e-02
 -8.63149703e-01  6.38902724e-01 -4.04744118e-01  6.62880123e-01
  8.49723518e-01  7.41597891e-01 -6.38750136e-01 -9.92865086e-01
  7.06189632e-01 -2.56283164e-01 -2.26168990e-01 -5.07330708e-03
 -8.43930006e-01 -4.33316499e-01 -7.73911595e-01 -8.49163532e-01
 -2.82818265e-03  4.86237198e-01  8.40048552e-01 -5.46920449e-02
 -3.34191173e-01  8.28230619e-01 -4.40145820e-01 -8.62028122e-01
 -4.71332997e-01  5.34163713e-01 -3.62787634e-01  6.39525950e-01
 -6.69663787e-01 -1.91303939e-01  7.51515031e-01 -2.03124791e-01
 -2.52361447e-01 -9.53915834e-01  6.85462177e-01 -3.87443930e-01
  5.82610786e-01  9.88680243e-01 -2.32841328e-01 -7.96013057e-01
  2.06029918e-02 -3.17597806e-01  5.45618117e-01  7.58645236e-01
  3.30217272e-01  7.08440766e-02 -6.53917730e-01  9.98214781e-01
  9.28039253e-01  1.89293120e-02  5.48018754e-01  9.03019547e-01
 -5.95041931e-01 -5.95533311e-01  5.83477318e-01  3.41641814e-01
 -7.79364184e-02  7.54241228e-01 -2.02126265e-01 -1.43950701e-01
  9.04734492e-01 -5.71419537e-01  5.43098092e-01  5.84404945e-01
 -1.77989706e-01  3.89588654e-01 -8.21095109e-01  1.89516112e-01
 -4.83281285e-01  2.58624524e-01  6.52808666e-01  5.97478986e-01
 -5.50210834e-01 -3.13935190e-01 -8.89808416e-01 -1.98064744e-01
 -5.95497191e-01  8.81809473e-01 -8.26174855e-01 -1.72523275e-01
 -7.24451005e-01 -1.66958421e-01 -3.55414867e-01  3.03276837e-01
 -6.20439470e-01  6.20618403e-01 -1.88642040e-01 -2.39860639e-01
 -2.08359987e-01 -3.95522624e-01  8.32331955e-01  2.70187765e-01
 -8.18344653e-01  7.52215266e-01 -4.63791877e-01  5.43128908e-01
  6.58863187e-01 -8.55532438e-02 -1.93855196e-01 -8.04307222e-01
  7.94965267e-01  1.28997505e-01  2.16841459e-01 -1.29159495e-01
 -3.90064507e-03 -7.98175693e-01  9.88902807e-01  6.71906443e-03
 -1.10489186e-02 -5.33343375e-01  5.00116050e-01  2.13140473e-01
 -9.11623955e-01  5.40114045e-01  3.74494791e-01  1.06202597e-02
  5.91631114e-01  5.58470309e-01 -5.01261353e-01 -5.58313191e-01
 -7.34740317e-01  6.09710455e-01 -8.58879864e-01 -7.18530893e-01
 -9.32907611e-02 -7.64102757e-01  4.02267650e-02 -4.20938045e-01
 -7.39517212e-01  1.52350605e-01 -6.59209907e-01 -8.45562696e-01
 -2.06275433e-01  4.71473753e-01  5.11668861e-01 -8.04757893e-01
  1.56175464e-01 -3.34721625e-01  6.35908663e-01 -3.64532292e-01
 -2.36131281e-01 -5.08781016e-01  3.02868873e-01 -5.96201777e-01
 -3.09413314e-01 -6.26964569e-01 -4.98602301e-01  9.78406608e-01
  8.19379210e-01  2.09601209e-01  7.46157169e-01 -5.76601505e-01
  2.06894308e-01  7.87842833e-03 -5.13556600e-01  2.41851985e-01
 -8.99735749e-01 -8.82684290e-01 -3.84797871e-01  5.59233427e-01
  7.35664546e-01  7.54758656e-01  5.35637021e-01  7.56682336e-01
  2.03726217e-01  3.02171022e-01  3.00688863e-01  8.77338946e-01
 -8.40219855e-01 -8.22702825e-01 -2.29473516e-01  9.39207315e-01
  8.69509816e-01  9.80868340e-01  3.48176420e-01 -7.56283998e-02
 -1.40478453e-02 -6.47502065e-01  1.34474337e-01 -1.51802540e-01
 -6.69184506e-01  5.89399159e-01  2.33129278e-01  8.51270556e-01
  7.74893105e-01 -6.05801165e-01 -7.32409477e-01  6.77437782e-01
 -1.14141181e-01 -9.07079995e-01 -1.01404719e-01  5.90142906e-01
 -2.70899266e-01  1.68568611e-01  5.74385643e-01  6.88544929e-01
  1.96137041e-01  9.87816989e-01 -3.84593964e-01 -5.44738173e-01
 -8.25007141e-01 -4.67458844e-01 -7.24636763e-02 -7.36166909e-02
 -6.29233837e-01 -2.69722790e-01  5.43902278e-01 -5.17735839e-01
  3.00556362e-01 -6.45748004e-02 -2.09736511e-01 -5.97022414e-01
 -1.73835367e-01 -8.79646301e-01 -2.59370566e-03 -4.60801423e-01
  9.39222097e-01 -5.41981459e-01  9.40097153e-01  3.09290230e-01
 -2.78509706e-01 -5.59124529e-01 -8.24212193e-01  7.43308723e-01
  1.15559563e-01  5.42629421e-01 -6.62875056e-01 -8.13737735e-02
  4.44128871e-01  3.59597057e-01 -4.07278627e-01 -2.80051201e-04
 -8.35937917e-01 -9.09016967e-01  2.41414294e-01 -6.55259013e-01
  4.93873328e-01  8.86507705e-02  3.34308028e-01  2.58463919e-01
  4.15373314e-03 -7.54079461e-01 -3.18595022e-01 -8.19222450e-01
 -8.05276453e-01  9.34708178e-01 -8.11204791e-01 -6.55573428e-01
  3.30555886e-01  8.53505015e-01 -2.02432007e-01  1.67639449e-01
 -2.70397604e-01  9.72814381e-01 -8.23862255e-01 -2.46975914e-01
  7.92642117e-01  8.22979212e-01  3.05968404e-01 -9.22500968e-01
  9.18918014e-01  1.46527663e-01  1.40979499e-01  4.73915160e-01
  9.46890891e-01 -8.94684792e-02 -9.96267259e-01  4.85440522e-01
  3.53644133e-01 -9.82467830e-01  3.09783667e-01  9.23992872e-01
  2.28217006e-01 -8.81677747e-01  5.63629270e-01  7.39036441e-01
  3.36528867e-02 -7.78889433e-02  4.48178470e-01 -7.32627094e-01
  4.98847753e-01 -1.41815357e-02 -1.15102127e-01 -9.71387625e-01
 -9.07088816e-01  9.84756351e-01 -4.85815644e-01 -7.50376463e-01
 -8.55263650e-01 -6.96965575e-01  9.47780728e-01  1.02881916e-01
 -8.40226002e-03  8.59838188e-01 -3.73372674e-01 -4.94389057e-01
 -4.78353918e-01  4.22689617e-01 -3.41921523e-02  2.91780919e-01
  1.99189454e-01  6.91216528e-01  9.96370077e-01 -4.17387635e-01
  8.07744324e-01 -2.57605642e-01 -9.22945023e-01  9.57713544e-01
  3.62479746e-01 -7.23269358e-02  6.57435000e-01  4.77911443e-01
 -9.18638647e-01 -2.69576728e-01  3.18505973e-01 -4.14320320e-01
 -1.22626595e-01  3.27534497e-01 -2.74647593e-01 -7.21337557e-01
  6.79966211e-01  9.38722908e-01  3.96972865e-01 -5.23354411e-01
 -3.39175463e-01  2.11872533e-01 -6.76329076e-01  1.19451620e-01
  5.99604798e-03  7.89254844e-01  2.53629267e-01  1.65034920e-01
  9.48715448e-01  4.50364918e-01 -5.40814579e-01 -7.50968516e-01
  7.06514716e-02 -5.03757238e-01  8.67154524e-02 -8.36516142e-01
  3.66803408e-01 -6.74704850e-01  8.12381685e-01  4.36051577e-01
  6.53423607e-01 -8.66657555e-01 -2.82884121e-01 -9.51118052e-01
 -2.02359974e-01  1.04123682e-01  1.01599586e-03  6.46860898e-01
 -3.19194317e-01  3.77220273e-01 -9.87208247e-01  1.82611290e-02
 -5.08518778e-02 -7.94853330e-01  8.10943067e-01 -2.34949365e-01
 -4.69402522e-01 -7.96984375e-01  5.33804595e-01  8.17195415e-01
  5.65661430e-01  3.00966263e-01 -3.64752918e-01  5.78696787e-01
  1.52538463e-01 -7.76308537e-01 -3.81134480e-01 -5.78812063e-01
  5.61426938e-01 -3.15907709e-02 -3.35196614e-01  9.54177439e-01
 -5.05599439e-01 -3.65119725e-01 -1.38861477e-01 -4.07195896e-01
  5.05782783e-01  7.33971357e-01 -9.24355760e-02  4.49307978e-01
 -7.15687275e-01 -1.76477492e-01 -6.83448792e-01  1.69232581e-02
 -7.65032232e-01 -6.22776151e-01  7.19321728e-01  2.11221781e-02
  5.30958712e-01 -4.15042579e-01  9.58702981e-01  6.48655236e-01
  4.79777545e-01 -5.45928001e-01  5.57632267e-01 -1.30539581e-01
  9.60228264e-01  1.20616548e-01 -2.51107842e-01 -9.11500394e-01
 -4.24708694e-01  7.82200217e-01 -1.62506729e-01  6.72678292e-01
  3.74314994e-01  4.84419644e-01  8.88211250e-01 -6.68879300e-02
 -8.60368907e-01  8.00642967e-01  4.24524277e-01 -8.34914744e-01
  1.86945900e-01 -9.96673405e-01  3.63546073e-01  5.48858583e-01
 -2.55672336e-01  4.75635111e-01  4.85029727e-01 -6.60552800e-01
 -1.48076490e-01  5.44720888e-01  4.31514263e-01 -9.73596215e-01
  7.71019816e-01 -4.09923345e-02  5.90467274e-01 -9.03234124e-01
  9.76698846e-02 -4.44390982e-01 -6.94833770e-02 -5.43647945e-01
 -3.39085698e-01 -9.02610362e-01 -8.38639855e-01 -2.02723518e-01
  6.09557927e-02  7.19163120e-01  1.92159310e-01  3.40102673e-01
 -8.12007666e-01  8.18882108e-01  1.51246861e-01 -3.68748993e-01
  3.12045932e-01  3.38346630e-01 -4.54433292e-01 -8.88523698e-01
 -1.81868657e-01  7.36201644e-01  5.56277931e-01  1.95273533e-01
 -1.62605103e-02 -6.52679145e-01  4.99150097e-01 -5.91592431e-01
  8.51989090e-01 -3.35747510e-01 -6.11849785e-01  4.85672504e-01
 -7.47997999e-01 -2.09394488e-02 -2.65492260e-01  4.39325690e-01
 -6.90728664e-01  1.26557380e-01  5.37481308e-01  6.42795265e-01
 -3.98615748e-01  5.16694427e-01 -9.28154364e-02 -5.75481236e-01
 -7.37497389e-01  2.86833495e-01 -4.29141700e-01 -2.94669032e-01
  8.32909197e-02 -2.58774579e-01  9.32664156e-01  4.26745951e-01
 -2.59213179e-01  3.12516540e-01 -8.62562716e-01  8.60965729e-01
 -4.62478787e-01  1.17688857e-01  1.41364053e-01 -7.29269862e-01
 -6.73146904e-01  1.69241682e-01  6.44851327e-01  5.27482271e-01
  2.94263214e-01 -8.74660015e-01  7.22601414e-01 -2.63862401e-01
 -7.72777081e-01 -5.96260689e-02 -8.75259221e-01 -2.94467121e-01
 -4.74789739e-01 -8.66162896e-01  5.43246388e-01  1.86920047e-01
  8.48008513e-01  8.72966886e-01 -6.24038875e-01  9.09107268e-01
 -2.96964169e-01  1.46978348e-01 -1.08123779e-01  2.88455546e-01
 -4.12858248e-01 -7.06779420e-01 -3.21233481e-01 -5.61916232e-01
  4.31242138e-01  8.58326256e-01  9.65733528e-01  6.82159066e-02
 -5.70084989e-01  1.56702101e-01  2.55793363e-01  3.56313080e-01
  9.01254714e-01 -8.60824406e-01 -4.60449100e-01 -4.01176214e-01
 -9.05973971e-01 -2.68388450e-01  9.11688954e-02 -3.17866504e-01
  3.16866398e-01  8.82189572e-01  9.28086221e-01  7.59275407e-02
  5.48245966e-01 -7.58958519e-01 -9.78129029e-01 -5.91011047e-01
 -4.00762975e-01  6.13620460e-01  3.27235579e-01  8.09904099e-01
 -5.93617320e-01  2.68053055e-01 -9.01054144e-01  5.23813605e-01
  4.84805293e-02 -9.10202742e-01  6.19570851e-01  5.42425871e-01
 -6.86755478e-01  7.17483819e-01  3.51679742e-01  8.83635655e-02
 -6.51139617e-01 -4.72020395e-02  7.77627170e-01 -4.23479825e-01
  1.10941775e-01 -4.28483874e-01 -3.06034565e-01 -5.31125605e-01
 -7.40332067e-01 -8.78434420e-01  5.00388026e-01 -7.44627863e-02
  6.20630264e-01  1.50067121e-01 -6.23757131e-02 -9.39488649e-01
 -9.21553731e-01  9.80172932e-01 -6.90519094e-01 -2.66101003e-01
  9.30645943e-01  1.80090919e-01  3.46383274e-01 -1.93768442e-01
 -2.49250516e-01 -5.12852907e-01  5.92736565e-02 -4.31503564e-01
  4.01752859e-01 -4.14829671e-01  8.76654565e-01  3.51554960e-01
 -1.75683632e-01  3.75222206e-01  7.51479506e-01 -2.52577901e-01
 -3.15772623e-01  4.16323878e-02 -9.18866456e-01  9.24921036e-01
 -7.45948374e-01 -9.20808792e-01  1.44514665e-01  3.29365760e-01
 -2.12122872e-01 -3.81277382e-01 -4.32738811e-01  8.97617102e-01
 -9.76316273e-01  2.90199310e-01 -3.78919035e-01 -7.36442745e-01
 -9.04545128e-01  1.77136242e-01 -4.26485777e-01  5.17200768e-01
  2.62842998e-02  3.43757495e-02  1.08426519e-01  9.26031590e-01
  2.83576936e-01  5.77214956e-01  9.59830701e-01 -5.58336198e-01
  3.80976796e-01 -7.97041357e-01 -9.63023484e-01  3.26125145e-01
 -1.53774887e-01 -6.53316081e-01  2.34938636e-01  4.94624108e-01
 -9.70814943e-01 -2.14987651e-01  1.12805493e-01 -7.79877463e-03
  9.87776160e-01  6.59704685e-01  9.65833008e-01 -3.98524433e-01
 -2.75007803e-02 -2.87559450e-01 -5.29167771e-01 -9.60884631e-01
 -9.15648222e-01  2.24857509e-01  6.82804823e-01 -9.04169023e-01
  4.24456447e-01 -6.12800241e-01  5.87612033e-01  9.31860685e-01
  6.37776017e-01 -3.40633422e-01  2.17958540e-01 -3.12201768e-01
  6.29612386e-01 -7.64149964e-01 -4.37810421e-01 -3.50963563e-01
  7.86377966e-01 -6.71328962e-01 -3.20688784e-01  6.04893327e-01
 -8.93686414e-01  3.48157287e-01  3.16674352e-01  9.47436988e-02
 -4.03839111e-01 -2.28949502e-01  6.45549655e-01 -3.41562442e-02
 -5.39253175e-01 -3.95457596e-01  2.74129599e-01 -4.13867645e-02
  5.19731343e-01 -2.71456808e-01 -5.01984000e-01  8.32165360e-01
 -9.53413606e-01  8.86801660e-01 -4.81917560e-01  6.97872102e-01
 -9.16690230e-01 -4.26611751e-02 -7.72840440e-01 -2.40183055e-01
 -2.33409122e-01 -2.73768723e-01 -9.06747341e-01  7.83340752e-01
  2.85776019e-01 -9.28314090e-01  7.32378304e-01 -7.21317947e-01
  2.42665350e-01 -9.30009902e-01 -2.60633618e-01 -3.06561291e-01
 -5.42755365e-01  3.12683970e-01 -2.26094663e-01 -5.72130799e-01
 -9.05569613e-01 -8.75989497e-01 -7.18415439e-01  5.88509440e-01
 -6.41403437e-01 -9.54396486e-01  4.04741287e-01  2.89893955e-01
  9.28290308e-01  4.14399952e-01  7.70412147e-01 -4.23282266e-01
 -2.14334249e-01  1.52358552e-02 -2.77694404e-01 -8.04185271e-01
 -2.66421735e-01 -4.19725478e-01  2.37916932e-01 -3.19670171e-01
  9.95842963e-02  6.41026199e-01 -2.42266193e-01 -7.62396399e-03
 -6.39658272e-01  4.66231316e-01  2.20782042e-01 -6.28281891e-01
 -7.80240893e-01 -3.02937329e-01 -9.32774484e-01 -6.99620128e-01
 -2.77570516e-01  1.90394089e-01  8.53717923e-02 -3.38859975e-01
  7.64458060e-01 -8.12415779e-01  2.71043211e-01 -8.55272412e-01
 -6.89997494e-01  6.81950927e-01  2.46508315e-01 -5.98841999e-03
  3.71971726e-01  9.52909589e-01  9.75585103e-01 -3.50764632e-01
  5.24552882e-01  2.97167808e-01 -4.32787091e-01 -8.08784008e-01]
======================================================
Solve MINLP problem:
[[0.00294665 0.         0.         ... 0.         0.         0.        ]
 [0.         0.00530587 0.         ... 0.         0.         0.        ]
 [0.         0.         0.00191521 ... 0.         0.         0.        ]
 ...
 [0.         0.         0.         ... 0.00179222 0.         0.        ]
 [0.         0.         0.         ... 0.         0.00191484 0.        ]
 [0.         0.         0.         ... 0.         0.         0.00325198]]
[8.25921182e-02 3.26560691e-02 8.96050598e-02 4.08873331e-02
 5.71850643e-02 6.66623414e-02 8.24330351e-02 4.99962463e-03
 9.74405529e-03 2.09468306e-03 4.76565671e-02 4.08458331e-02
 7.92204592e-02 6.24066329e-02 5.57125384e-02 4.73091978e-02
 7.29417948e-02 3.06893322e-02 9.75362528e-02 3.56703676e-02
 1.46179739e-02 3.20566496e-02 7.37057046e-02 1.76301835e-02
 5.85731838e-02 8.71095075e-03 7.54068493e-02 3.39863490e-02
 6.45268434e-02 4.69856773e-02 3.49099771e-02 5.29250902e-02
 8.72270596e-02 1.69638743e-02 3.84785851e-02 9.58509064e-02
 5.45909416e-02 8.17454424e-02 3.72766683e-02 8.94471494e-02
 2.19683513e-02 1.30863399e-02 2.50898857e-02 1.13687161e-02
 9.24160498e-03 5.94777224e-02 6.92019520e-02 6.00192834e-02
 4.75095521e-02 7.91188738e-02 5.60425948e-02 3.15070504e-02
 8.24654240e-02 7.15639817e-02 7.42399092e-04 1.94287797e-02
 3.36654003e-02 7.61941575e-03 6.98912264e-03 8.93588359e-02
 2.32295062e-02 6.18547823e-02 3.26307887e-02 2.12683743e-02
 4.40992419e-02 2.00533697e-03 8.02032172e-02 9.69003821e-03
 2.40407766e-02 8.26709702e-02 4.64845359e-02 6.39569009e-03
 5.53586830e-03 3.61123966e-02 1.82773679e-02 6.28321751e-02
 6.94065045e-02 5.83634677e-04 8.91243910e-02 6.92395737e-02
 9.50438458e-02 5.39895716e-02 6.40529846e-02 5.31979287e-02
 2.81091488e-02 5.88108993e-02 1.38195038e-02 2.97501848e-02
 2.63274721e-02 8.08825798e-02 9.97889340e-02 2.15636979e-02
 7.01365832e-02 9.95360150e-02 9.46740230e-02 8.51196748e-02
 5.66956297e-02 2.61384699e-02 3.69422111e-02 2.55871221e-02
 9.18893625e-02 3.66766552e-02 4.90728249e-03 4.23816793e-02
 4.29406365e-02 8.97532861e-02 1.47128735e-02 5.01522148e-02
 4.51820874e-02 2.55695791e-02 5.98680910e-02 6.07058452e-02
 2.67438676e-02 4.19844369e-02 4.02879253e-02 9.68086840e-02
 4.68723776e-02 1.60066326e-02 8.93694537e-02 4.93757083e-02
 7.89036121e-02 5.97036430e-02 1.79933958e-02 5.82785386e-03
 8.74592979e-02 3.79272416e-02 3.39539008e-02 2.19930261e-02
 1.96049693e-02 5.52596935e-03 7.11607854e-02 6.38041688e-02
 1.79248783e-02 4.11042239e-02 3.94960477e-02 7.86176576e-02
 7.19163355e-02 6.40192770e-03 7.63046111e-03 9.29963788e-02
 5.11875419e-02 6.81874608e-02 6.10600695e-02 8.57143344e-02
 9.81103360e-02 9.57299644e-02 7.68870476e-02 2.79673184e-02
 7.36955928e-02 8.86718452e-02 2.54737950e-02 1.75956555e-03
 6.50570442e-02 4.93459111e-02 8.30872424e-02 7.10368480e-02
 7.41968758e-02 9.32799227e-02 7.29172195e-02 2.15538441e-02
 4.33362698e-02 8.91813361e-02 9.62484025e-02 1.92613200e-03
 4.06298036e-02 5.33608597e-02 4.19840030e-02 8.42138175e-02
 1.76473339e-02 3.62499595e-03 2.12638458e-02 2.21260212e-02
 4.03077410e-02 1.57608661e-02 1.17721442e-02 6.76620395e-02
 4.95270522e-02 9.96216410e-02 4.52174691e-02 1.57711084e-02
 8.10566034e-02 7.90940706e-02 8.79830748e-02 9.23720130e-02
 5.65095403e-02 2.70244203e-02 2.07967471e-02 2.18116026e-02
 1.37092833e-02 9.31546983e-02 7.46447200e-02 2.47869317e-02
 1.56308589e-02 9.14107260e-03 3.16010152e-02 3.12558899e-02
 3.92563924e-02 6.87723243e-02 9.60858022e-02 4.55235181e-02
 8.97548802e-02 3.60448234e-02 9.17059210e-02 4.31043758e-02
 8.91840542e-02 7.52745431e-02 9.92655022e-02 6.62822898e-02
 6.78871723e-03 3.11325800e-02 5.94643049e-02 9.84537279e-02
 8.50112431e-02 7.38665693e-02 1.40679273e-02 2.40310222e-02
 9.66058046e-02 4.92496934e-02 9.68348327e-02 3.94314815e-02
 7.21463335e-02 6.62902102e-02 7.20585935e-02 6.07001998e-02
 3.48201569e-02 5.93244723e-02 7.00962826e-02 8.25626222e-03
 4.37787071e-02 7.59353813e-02 4.57519039e-02 2.11079386e-02
 8.13504616e-03 7.30411857e-02 3.15358646e-02 8.96761813e-02
 1.16492319e-02 5.58538353e-02 7.92496744e-02 4.07436248e-02
 1.62548283e-02 5.84612641e-02 5.61371042e-02 3.53203077e-02
 5.89824124e-02 8.56366810e-03 7.33967027e-02 2.38703430e-02
 7.96830496e-02 7.52642546e-03 1.34632600e-02 6.12009591e-02
 1.11146571e-02 3.66609430e-02 2.33352788e-02 9.52369468e-03
 7.19091489e-02 3.08634666e-03 1.25685819e-02 8.28767305e-02
 4.56548301e-02 6.31503138e-02 3.39041315e-02 4.50221669e-02
 8.75345504e-02 2.82851428e-02 8.14580835e-02 2.41685828e-02
 3.70498605e-03 7.01872323e-02 6.33712092e-02 7.15360801e-02
 7.70380710e-02 7.53009453e-02 5.73458719e-02 6.93013219e-02
 6.41930284e-02 7.63087722e-02 1.43881709e-02 6.57828271e-02
 3.21369268e-02 2.14387696e-02 4.05786143e-02 7.21210511e-02
 7.58024958e-02 1.05357306e-02 3.53989118e-02 4.29475573e-02
 8.00514085e-02 5.42932415e-02 2.10408994e-02 4.18242738e-02
 3.46511678e-02 5.13161189e-02 1.35161462e-02 6.46031268e-02
 7.71896544e-02 4.87807359e-02 3.67904853e-02 9.92821900e-02
 9.94254189e-02 5.73706073e-02 7.39197944e-02 5.81054531e-02
 7.49408355e-02 1.84650227e-02 1.65729566e-02 4.58657563e-02
 2.08590746e-02 3.91550386e-02 3.38301168e-02 1.73693611e-02
 3.67399303e-02 7.73341559e-02 7.80714056e-02 7.17364544e-02
 2.34272636e-02 9.07482801e-02 8.02765432e-02 2.31492956e-02
 4.16316497e-02 8.99216101e-02 5.44701873e-02 2.32436546e-02
 8.52702393e-02 1.17607040e-02 2.87464002e-02 9.20101847e-02
 7.02855540e-02 8.13117111e-03 1.20952740e-02 3.44974434e-02
 9.96267961e-02 5.32672063e-02 9.06064407e-02 4.75421542e-02
 2.44178824e-02 3.13189050e-02 5.97335405e-02 4.97940006e-02
 7.72469995e-02 9.37756071e-02 3.64494403e-03 8.16093140e-02
 7.10975448e-02 2.88186808e-02 3.13433193e-02 5.74147216e-02
 5.02735125e-02 9.19385653e-02 2.94046250e-02 7.58044536e-02
 9.92728682e-02 6.15793277e-02 5.89598572e-02 8.54534596e-02
 6.33538269e-02 5.60372667e-02 7.72813286e-02 8.68420740e-02
 4.47729434e-02 5.59181119e-02 3.12737086e-02 6.63144452e-02
 7.76475068e-02 4.81880174e-03 3.60619203e-02 6.12797075e-02
 5.15307498e-02 4.10585640e-02 8.10168092e-02 5.38891216e-04
 4.50351968e-02 1.92365137e-02 2.64997964e-02 3.55620884e-02
 1.29152027e-02 1.88840233e-02 5.43964473e-02 2.63409317e-02
 6.52442760e-02 9.87591534e-02 8.82756890e-02 7.24353821e-02
 8.72939611e-02 4.92054347e-02 6.97000469e-02 6.61947234e-02
 9.83203124e-02 1.68252725e-02 7.01879928e-02 7.27979801e-02
 6.78401736e-02 4.81907270e-02 8.00307617e-03 5.97573055e-02
 4.48580993e-02 2.62595233e-02 6.17712397e-02 8.76007235e-02
 4.30586644e-02 2.29623115e-02 6.78008940e-02 7.08383966e-02
 2.00004113e-02 1.39070025e-02 6.18552713e-02 6.89834933e-02
 4.87223016e-02 4.96622119e-02 6.64372293e-02 2.02074873e-02
 6.65718103e-02 1.30839964e-02 1.54483151e-02 1.60088490e-02
 1.58304531e-03 7.07967804e-02 4.64821266e-04 3.15636398e-02
 3.77911615e-02 5.04890233e-03 4.09899222e-03 5.06529615e-02
 3.66092188e-02 3.90807138e-02 2.55951029e-02 6.18435874e-02
 6.53221133e-02 3.21339373e-02 3.80311008e-02 5.29857689e-02
 3.92674788e-02 3.71300423e-02 7.84684369e-02 4.04399924e-02
 7.26889685e-02 8.23068470e-02 7.55714363e-02 8.79688480e-02
 3.30202023e-02 7.57126047e-02 6.67604219e-02 7.05105929e-02
 2.71529727e-02 5.15705014e-02 6.99060648e-02 5.97036469e-02
 7.69899834e-02 4.58016640e-03 8.16684937e-02 6.52346632e-02
 5.11286188e-02 5.43836881e-02 7.96317511e-02 3.00534278e-02
 4.11540815e-02 1.59679477e-02 4.19365938e-02 1.59484285e-02
 8.65922228e-02 2.86201783e-02 1.24379881e-02 9.28720361e-03
 3.08014458e-02 4.71003974e-02 9.96303191e-02 6.46734003e-02
 5.69058449e-02 4.49132399e-02 7.36631375e-03 1.46197411e-02
 7.04494194e-02 7.72324450e-02 3.72171126e-02 5.48251184e-02
 1.28812695e-02 1.73271619e-02 7.94937905e-02 2.84595267e-02
 7.85617876e-02 5.25221919e-02 6.44133408e-03 5.40909617e-02
 1.70547425e-02 5.15157452e-02 4.96945832e-02 5.08273381e-02
 2.54058187e-02 2.40527737e-02 4.80976293e-02 6.86386741e-02
 8.82246534e-03 6.23948160e-02 2.51141555e-02 7.29209917e-02
 8.20909669e-02 2.94141167e-02 7.40844802e-02 5.29082064e-02
 8.69223824e-02 6.75244805e-02 5.20369458e-02 9.38440587e-02
 1.84859246e-02 5.96307345e-02 2.48354392e-02 4.91585666e-03
 7.39850661e-02 8.00879192e-02 9.42092357e-02 9.47563311e-02
 5.18635628e-02 6.75988557e-02 7.41054699e-02 4.13911974e-03
 2.59296025e-02 1.93728804e-02 3.50984424e-02 8.86016146e-02
 2.16787223e-02 5.13553736e-02 2.39216285e-02 2.07337815e-02
 4.09887087e-02 1.62770572e-02 9.50391611e-02 3.89092866e-02
 3.44328704e-02 2.74132939e-02 6.02070605e-02 1.17892065e-03
 5.24197209e-02 7.32446496e-03 9.93007841e-02 5.35003323e-02
 7.09762654e-02 4.88215312e-03 1.13814749e-02 4.71860832e-03
 7.83125627e-02 6.40502957e-02 8.11578245e-02 6.25483110e-02
 7.20385059e-02 5.01271238e-02 4.86296079e-02 1.58759035e-02
 2.68201545e-02 6.33835651e-02 5.33065373e-02 4.04228406e-02
 8.43442027e-02 7.15476924e-03 6.39658877e-02 5.89294726e-02
 5.34798473e-02 5.72293739e-02 4.15666652e-02 2.45380010e-03
 2.90483056e-02 7.46505359e-02 1.51837636e-02 2.48500672e-02
 9.39814375e-03 5.10065563e-02 8.15169724e-02 4.03076000e-02
 2.86286768e-03 3.17192271e-02 6.20763517e-02 7.66603821e-02
 6.94456906e-02 7.02990626e-02 5.69820063e-02 6.88867435e-02
 6.56075763e-02 3.02779711e-02 4.93088194e-02 3.37065111e-03
 2.04175893e-02 3.16934652e-02 2.53329468e-02 8.00233734e-02
 5.55177467e-02 5.49052020e-02 7.53814441e-03 1.06188125e-02
 8.05109466e-02 1.51067102e-02 3.21152330e-02 5.33137165e-02
 7.93822966e-02 6.20671557e-02 4.91621640e-02 8.73972084e-02
 1.71617687e-02 2.62636083e-02 5.68593496e-02 2.08601006e-03
 4.23353180e-02 1.89882897e-02 3.12653222e-02 4.27879003e-02
 8.60599415e-02 8.59049110e-02 8.38222128e-02 5.09519803e-02
 8.18607265e-02 8.65871967e-02 9.93201169e-02 2.86620739e-02
 7.09833443e-02 5.20326563e-03 7.67690588e-02 2.71641719e-02
 6.95965298e-02 5.40911433e-02 4.72505392e-02 4.45821770e-02
 1.83683818e-02 2.64973915e-04 3.32563937e-02 2.85667732e-02
 8.61890270e-02 6.08625500e-03 7.67410012e-02 7.79856135e-02
 3.75898773e-03 5.62002388e-02 1.74918154e-02 1.85749578e-02
 9.37158255e-02 1.00110137e-02 6.90455285e-02 1.95809959e-02
 5.59214119e-02 6.17923420e-02 5.06533688e-02 7.51530440e-02
 4.18560117e-02 1.73032762e-02 1.27165550e-02 3.78378689e-02
 3.31350484e-02 9.17441878e-02 9.07097284e-03 9.02791506e-02
 7.58161045e-02 1.79094923e-02 6.12731767e-02 1.43813963e-02
 7.91238830e-02 7.11140158e-02 6.54506101e-03 8.72239438e-02
 6.20139459e-02 5.85557946e-02 9.39440814e-02 2.76858968e-02
 7.37535266e-02 8.24678689e-03 7.68867181e-02 5.82019725e-02
 4.13504490e-02 7.62508493e-02 7.52864148e-02 2.97256402e-02
 4.21972451e-02 1.85873121e-02 5.40474159e-02 6.53601028e-02
 5.58547952e-02 4.94131787e-03 7.49230678e-04 5.72949244e-03
 8.58963649e-02 1.45845225e-02 9.06456785e-02 4.08507548e-02
 9.56667480e-02 9.07221877e-02 3.10383226e-02 3.29487272e-02
 9.03299739e-02 6.94068352e-03 2.24214595e-02 6.15066185e-02
 6.29191436e-02 4.60578636e-02 1.01904392e-02 3.31399507e-02
 5.38503619e-04 7.04705481e-03 3.44359142e-02 1.96903677e-02
 2.38897948e-02 2.00225899e-02 1.25917022e-02 8.66149856e-02
 3.40098665e-02 8.76469882e-02 9.16194995e-02 1.50993249e-02
 3.53999685e-02 2.76452772e-02 8.31206646e-02 1.42032632e-03
 3.52762723e-03 8.45234298e-03 8.68954653e-02 6.14961912e-02
 7.20994326e-02 2.00126347e-02 7.43031118e-02 6.45422678e-02
 4.22371692e-02 3.44780399e-04 1.15206441e-02 2.16291741e-02
 2.98340831e-03 6.89700238e-03 9.72490820e-03 9.95731377e-02
 2.13151552e-02 5.86221475e-02 1.29082046e-02 5.12220960e-03
 8.81668014e-02 6.44568549e-02 7.41764807e-02 3.69213929e-02
 6.42987152e-02 3.48449693e-02 2.55035403e-03 1.20585275e-03
 2.42006987e-02 4.29712171e-02 2.65278783e-02 2.66581013e-02
 8.00602961e-02 9.25404289e-02 2.56758195e-02 7.26810654e-02
 1.48756944e-02 6.28664594e-02 6.35084520e-02 9.20484923e-02
 5.09025090e-02 7.21473413e-02 6.39198294e-02 6.89020719e-02
 5.63769345e-02 7.42210374e-02 1.59124378e-02 2.26473631e-02
 9.95146261e-02 8.97073529e-02 6.60630203e-02 9.87698318e-02
 1.20484305e-02 9.95940650e-02 7.61050122e-02 2.77140843e-02
 3.20774300e-02 4.02311333e-02 2.30382272e-02 1.38490793e-02
 6.87002541e-02 3.74206852e-02 3.73755988e-02 3.52968204e-02
 5.44818818e-02 3.83945794e-02 4.25368168e-02 6.09418341e-02
 8.09198167e-02 3.55836572e-02 2.52681044e-02 8.62853956e-02
 4.74888162e-02 4.97270577e-02 5.16665751e-02 5.95472494e-02
 6.76832364e-02 8.85807111e-02 3.94750211e-02 6.74036960e-02
 2.18314566e-02 9.01105053e-02 6.41838156e-02 4.62591613e-02
 8.27407946e-02 2.36946727e-02 9.68547262e-02 7.16821056e-02
 1.36361206e-02 9.38953180e-02 6.04165099e-02 7.19355021e-02
 2.18327186e-02 9.26083343e-02 9.67963239e-02 7.86687015e-02
 1.63286803e-02 7.41363925e-02 6.14615255e-02 8.65709942e-02
 4.56201228e-02 9.59653837e-02 9.98703743e-02 4.01078286e-02
 7.20971801e-02 9.78623444e-02 8.03654812e-02 3.61995094e-02
 7.88861681e-02 5.74542987e-02 4.46993609e-02 9.38471694e-02
 9.45887826e-02 9.22538722e-02 3.18605168e-02 8.12636759e-02
 5.39271427e-02 7.31156037e-02 9.73015660e-02 5.51564839e-02
 4.34208898e-02 7.38018837e-02 4.44481542e-02 6.62048014e-02
 5.28315508e-02 8.53266229e-03 5.45129031e-02 1.17370506e-02
 7.84182855e-04 6.28048878e-02 8.24686251e-02 7.72008042e-02
 6.49253100e-02 4.05233307e-02 3.30500862e-02 9.05026254e-05
 7.30500451e-02 8.69799063e-02 8.00674499e-02 4.80214093e-02
 1.66030217e-03 4.66276202e-02 2.56201856e-02 2.86076913e-02
 1.62939091e-02 7.73969317e-02 5.77445586e-02 7.19032556e-02
 9.02677746e-02 6.96815012e-03 2.37782108e-02 1.89929833e-02
 7.93612290e-02 7.64662000e-02 9.46095720e-02 5.00165357e-02
 4.65839540e-02 1.16974163e-02 6.39743023e-02 3.10659599e-02
 7.92707321e-02 4.34783490e-02 1.12807291e-03 3.81735150e-02
 2.14106478e-02 3.50579911e-02 2.29709648e-02 8.82317823e-02
 7.18385243e-02 6.62611576e-02 7.61514266e-02 4.50734992e-02
 4.64066117e-02 6.95741431e-02 1.09122049e-02 3.54424927e-02
 3.53706570e-02 2.08271502e-02 4.12445732e-03 2.55074708e-02
 6.37550880e-02 9.51984166e-02 5.04110768e-02 7.80839392e-02
 3.74993185e-02 8.81061887e-02 1.31642315e-02 7.38863250e-02
 3.86847565e-02 4.50759635e-02 2.34643207e-02 3.87069299e-02
 5.35648426e-02 6.94221403e-02 7.28310690e-02 3.23207769e-02
 9.93587206e-02 3.44982291e-02 4.97179868e-02 6.37857225e-02
 7.98283830e-02 2.66190436e-02 9.93070828e-02 9.83484578e-02
 5.43380295e-02 7.09693966e-02 4.31242802e-03 9.78097145e-02
 2.39267134e-03 5.92189157e-02 8.95587221e-02 2.34831206e-03
 7.70493853e-02 8.46875717e-02 4.01757893e-03 4.81898461e-02
 3.38032209e-02 7.48405298e-02 1.76307438e-03 9.02547740e-02
 9.09748855e-02 5.53109219e-02 1.51227849e-02 7.98370569e-03
 7.84325914e-02 2.63709361e-02 9.52546042e-04 8.65300811e-02
 6.05813176e-02 8.59674564e-02 1.24333166e-02 6.76960221e-02
 2.32231424e-02 5.29378659e-02 4.82799628e-02 1.97257523e-03
 8.16335211e-02 3.97190158e-02 5.65966643e-02 8.69979229e-02
 3.91220564e-02 6.08477451e-02 7.39047469e-02 1.47957625e-02
 1.98120872e-02 5.55130643e-02 4.72930145e-02 8.31289899e-02
 6.78015653e-02 5.06643891e-03 9.37007165e-02 5.95198504e-04
 4.67905882e-02 7.61263681e-02 3.07867991e-02 2.83047164e-02
 4.78331113e-02 8.68985873e-02 2.56205504e-02 6.93692851e-02
 4.65607886e-02 8.83597946e-03 4.15866423e-02 4.45788388e-02
 9.39636514e-02 8.12839544e-02 7.30017290e-02 7.39798253e-02
 1.41899742e-03 4.78870052e-02 6.76095771e-02 6.30974384e-02
 6.88778320e-02 6.14601633e-02 8.37534073e-02 2.00277127e-02
 3.74418660e-02 4.39546441e-02 7.58299152e-02 9.63901408e-02
 6.82487215e-02 1.03151675e-02 6.46946559e-02 9.26383931e-02
 1.01375468e-02 5.74385435e-02 4.70869706e-02 4.26430536e-02
 7.07687878e-02 6.96143275e-02 7.07612797e-02 3.30903471e-02]
[[-0.03396862  0.10180412 -0.03026804 ... -0.00519877  0.01948323
  -0.04109522]
 [ 0.12242976 -0.01633471 -0.03450174 ... -0.17227741 -0.16383688
   0.09598158]
 [-0.12583993  0.04786489 -0.06083993 ...  0.00322466  0.14294463
  -0.07115263]
 ...
 [-0.16954126  0.03274714 -0.08245077 ...  0.07041851  0.02085896
  -0.08859749]
 [ 0.00686379  0.063624    0.09502212 ...  0.14854579 -0.02460355
   0.19894482]
 [ 0.14128821 -0.01008883 -0.1459435  ... -0.07464749 -0.08007854
  -0.05079324]]
此时输入模型的b
[-0.14105903, -0.60513026, -0.13733053, -0.32593057, -0.5121539, 0.28126645, 0.9118044, -0.99433124, -0.09084457, -0.08226005, 0.71462595, 0.8663773, -0.014543244, 0.45237893, 0.765184, 0.14587258, -0.579601, 0.23129454, -0.4908973, -0.2542953, 0.05316595, 0.5676022, 0.6374596, -0.05469753, 0.14835809, 0.46832725, -0.44438407, -0.7810937, 0.8414361, -0.61759335, -0.24580726, 0.977728, 0.30287632, -0.46519402, 0.8091697, -0.38784763, 0.74783653, -0.61774856, 0.50621617, -0.88493276, -0.42985177, -0.37838796, 0.03145187, -0.5003642, -0.2913664, -0.18598507, -0.89017814, -0.9839595, 0.004252927, 0.47128147, -0.8265623, 0.44918165, -0.69817024, -0.5378478, -0.45335606, -0.68860394, 0.069053814, -0.9865879, -0.95564544, -0.51846415, 0.59727824, 0.8851979, 0.1264213, 0.6597557, -0.13749795, -0.07535555, -0.28052068, -0.27480403, -0.32201964, 0.67391694, -0.70605546, 0.15163033, -0.93972266, -0.56898904, 0.9731449, 0.20656174, 0.50736916, -0.4664507, -0.8123724, -0.09916905, -0.05861243, -0.27549902, 0.4791242, -0.7262771, -0.5663899, -0.7917963, -0.6382184, 0.6536243, -0.34841716, -0.66062, -0.3160137, -0.91853255, -0.020312937, 0.5358084, -0.71084523, 0.813645, -0.91644585, 0.32548735, 0.22396603, -0.53492016, -0.96999055, 0.12971774, -0.1295102, -0.3247748, 0.6460673, 0.051578514, 0.46651712, 0.7077313, -0.6232929, -0.32369998, 0.73292696, 0.23668607, 0.14899696, -0.78225106, -0.14123087, -0.6976004, 0.32497808, -0.71411204, 0.70140225, 0.61453694, 0.7263334, 0.9878011, -0.12527242, 0.11542449, 0.9876561, 0.9045962, -0.36758327, 0.37495476, 0.048498254, -0.9521231, 0.5623807, -0.63156354, -0.8957169, 0.8152901, -0.38261965, -0.97432387, 0.7427111, 0.93941456, -0.8301575, -0.6038391, 0.88242054, 0.16168885, -0.017476877, -0.011002363, -0.49595544, 0.884846, -0.81324, -0.30684114, 0.62635887, -0.5294358, -0.3752559, -0.6262784, 0.4672631, -0.83870494, 0.49015492, -0.7284646, 0.023917938, -0.82588965, 0.21659632, -0.053867877, 0.83856684, 0.15286356, 0.7560509, 0.041555375, -0.15692493, -0.07525574, -0.68094677, 0.84616214, -0.29733017, -0.09869958, -0.66793567, 0.74306995, 0.96682996, 0.25970337, -0.62809336, 0.7069609, -0.34892666, -0.38402966, -0.08474928, -0.88149524, 0.69213676, 0.70423716, -0.6907861, -0.7160072, -0.8991903, 0.83982384, 0.7911969, -0.87522924, 0.33462706, 0.0006176693, -0.86415744, -0.70622176, 0.47410077, -0.06986389, -0.9878544, -0.6064962, 0.14347526, 0.33551696, -0.39101884, 0.8352832, 0.71872246, 0.99888724, -0.43439823, -0.23780002, -0.5865801, -0.93610084, -0.98127985, -0.51287484, -0.021374255, 0.6573642, -0.3630548, -0.22422251, -0.23232657, -0.5417746, 0.7264045, 0.39392972, -0.65521234, 0.07601682, 0.9617883, 0.8949276, 0.37049213, 0.7362374, -0.26380232, -0.28255165, 0.0008614688, 0.88168186, -0.33702207, 0.98801845, -0.007947202, -0.8501666, 0.04912894, -0.23574696, 0.8982714, 0.38210845, 0.9695356, -0.6999785, -0.56028044, -0.016522715, -0.9628273, -0.35787207, 0.48545286, 0.5766536, 0.3960177, 0.07248521, -0.8631497, 0.6389027, -0.40474412, 0.6628801, 0.8497235, 0.7415979, -0.63875014, -0.9928651, 0.70618963, -0.25628316, -0.22616899, -0.005073307, -0.84393, -0.4333165, -0.7739116, -0.84916353, -0.0028281827, 0.4862372, 0.84004855, -0.054692045, -0.33419117, 0.8282306, -0.44014582, -0.8620281, -0.471333, 0.5341637, -0.36278763, 0.63952595, -0.6696638, -0.19130394, 0.75151503, -0.20312479, -0.25236145, -0.95391583, 0.6854622, -0.38744393, 0.5826108, 0.98868024, -0.23284133, -0.79601306, 0.020602992, -0.3175978, 0.5456181, 0.75864524, 0.33021727, 0.07084408, -0.65391773, 0.9982148, 0.92803925, 0.018929312, 0.54801875, 0.90301955, -0.59504193, -0.5955333, 0.5834773, 0.3416418, -0.07793642, 0.7542412, -0.20212626, -0.1439507, 0.9047345, -0.57141954, 0.5430981, 0.58440495, -0.1779897, 0.38958865, -0.8210951, 0.18951611, -0.48328128, 0.25862452, 0.65280867, 0.597479, -0.55021083, -0.3139352, -0.8898084, -0.19806474, -0.5954972, 0.8818095, -0.82617486, -0.17252328, -0.724451, -0.16695842, -0.35541487, 0.30327684, -0.62043947, 0.6206184, -0.18864204, -0.23986064, -0.20835999, -0.39552262, 0.83233196, 0.27018777, -0.81834465, 0.75221527, -0.46379188, 0.5431289, 0.6588632, -0.085553244, -0.1938552, -0.8043072, 0.79496527, 0.1289975, 0.21684146, -0.1291595, -0.003900645, -0.7981757, 0.9889028, 0.0067190644, -0.011048919, -0.5333434, 0.50011605, 0.21314047, -0.91162395, 0.54011405, 0.3744948, 0.01062026, 0.5916311, 0.5584703, -0.50126135, -0.5583132, -0.7347403, 0.60971045, -0.85887986, -0.7185309, -0.09329076, -0.76410276, 0.040226765, -0.42093804, -0.7395172, 0.1523506, -0.6592099, -0.8455627, -0.20627543, 0.47147375, 0.51166886, -0.8047579, 0.15617546, -0.33472162, 0.63590866, -0.3645323, -0.23613128, -0.508781, 0.30286887, -0.5962018, -0.3094133, -0.62696457, -0.4986023, 0.9784066, 0.8193792, 0.20960121, 0.74615717, -0.5766015, 0.20689431, 0.007878428, -0.5135566, 0.24185199, -0.89973575, -0.8826843, -0.38479787, 0.5592334, 0.73566455, 0.75475866, 0.535637, 0.75668234, 0.20372622, 0.30217102, 0.30068886, 0.87733895, -0.84021986, -0.8227028, -0.22947352, 0.9392073, 0.8695098, 0.98086834, 0.34817642, -0.0756284, -0.014047845, -0.64750206, 0.13447434, -0.15180254, -0.6691845, 0.58939916, 0.23312928, 0.85127056, 0.7748931, -0.60580117, -0.7324095, 0.6774378, -0.11414118, -0.90708, -0.10140472, 0.5901429, -0.27089927, 0.16856861, 0.57438564, 0.6885449, 0.19613704, 0.987817, -0.38459396, -0.5447382, -0.82500714, -0.46745884, -0.07246368, -0.07361669, -0.62923384, -0.2697228, 0.5439023, -0.51773584, 0.30055636, -0.0645748, -0.20973651, -0.5970224, -0.17383537, -0.8796463, -0.0025937057, -0.46080142, 0.9392221, -0.54198146, 0.94009715, 0.30929023, -0.2785097, -0.5591245, -0.8242122, 0.7433087, 0.11555956, 0.5426294, -0.66287506, -0.08137377, 0.44412887, 0.35959706, -0.40727863, -0.0002800512, -0.8359379, -0.90901697, 0.2414143, -0.655259, 0.49387333, 0.08865077, 0.33430803, 0.25846392, 0.004153733, -0.75407946, -0.31859502, -0.81922245, -0.80527645, 0.9347082, -0.8112048, -0.6555734, 0.3305559, 0.853505, -0.202432, 0.16763945, -0.2703976, 0.9728144, -0.82386225, -0.24697591, 0.7926421, 0.8229792, 0.3059684, -0.92250097, 0.918918, 0.14652766, 0.1409795, 0.47391516, 0.9468909, -0.08946848, -0.99626726, 0.48544052, 0.35364413, -0.98246783, 0.30978367, 0.9239929, 0.228217, -0.88167775, 0.56362927, 0.73903644, 0.033652887, -0.07788894, 0.44817847, -0.7326271, 0.49884775, -0.014181536, -0.11510213, -0.9713876, -0.9070888, 0.98475635, -0.48581564, -0.75037646, -0.85526365, -0.6969656, 0.9477807, 0.102881916, -0.00840226, 0.8598382, -0.37337267, -0.49438906, -0.47835392, 0.42268962, -0.034192152, 0.29178092, 0.19918945, 0.6912165, 0.9963701, -0.41738763, 0.8077443, -0.25760564, -0.922945, 0.95771354, 0.36247975, -0.072326936, 0.657435, 0.47791144, -0.91863865, -0.26957673, 0.31850597, -0.41432032, -0.122626595, 0.3275345, -0.2746476, -0.72133756, 0.6799662, 0.9387229, 0.39697286, -0.5233544, -0.33917546, 0.21187253, -0.6763291, 0.11945162, 0.005996048, 0.78925484, 0.25362927, 0.16503492, 0.94871545, 0.45036492, -0.5408146, -0.7509685, 0.07065147, -0.50375724, 0.08671545, -0.83651614, 0.3668034, -0.67470485, 0.8123817, 0.43605158, 0.6534236, -0.86665756, -0.28288412, -0.95111805, -0.20235997, 0.10412368, 0.0010159959, 0.6468609, -0.31919432, 0.37722027, -0.98720825, 0.018261129, -0.050851878, -0.7948533, 0.81094307, -0.23494937, -0.46940252, -0.7969844, 0.5338046, 0.8171954, 0.56566143, 0.30096626, -0.36475292, 0.5786968, 0.15253846, -0.77630854, -0.38113448, -0.57881206, 0.56142694, -0.03159077, -0.3351966, 0.95417744, -0.50559944, -0.36511973, -0.13886148, -0.4071959, 0.5057828, 0.73397136, -0.092435576, 0.44930798, -0.7156873, -0.17647749, -0.6834488, 0.016923258, -0.76503223, -0.62277615, 0.7193217, 0.021122178, 0.5309587, -0.41504258, 0.958703, 0.64865524, 0.47977754, -0.545928, 0.55763227, -0.13053958, 0.96022826, 0.12061655, -0.25110784, -0.9115004, -0.4247087, 0.7822002, -0.16250673, 0.6726783, 0.374315, 0.48441964, 0.88821125, -0.06688793, -0.8603689, 0.80064297, 0.42452428, -0.83491474, 0.1869459, -0.9966734, 0.36354607, 0.5488586, -0.25567234, 0.4756351, 0.48502973, -0.6605528, -0.14807649, 0.5447209, 0.43151426, -0.9735962, 0.7710198, -0.040992334, 0.5904673, -0.9032341, 0.097669885, -0.44439098, -0.06948338, -0.54364794, -0.3390857, -0.90261036, -0.83863986, -0.20272352, 0.060955793, 0.7191631, 0.19215931, 0.34010267, -0.81200767, 0.8188821, 0.15124686, -0.368749, 0.31204593, 0.33834663, -0.4544333, -0.8885237, -0.18186866, 0.73620164, 0.55627793, 0.19527353, -0.01626051, -0.65267915, 0.4991501, -0.59159243, 0.8519891, -0.3357475, -0.6118498, 0.4856725, -0.747998, -0.020939449, -0.26549226, 0.4393257, -0.69072866, 0.12655738, 0.5374813, 0.64279526, -0.39861575, 0.5166944, -0.09281544, -0.57548124, -0.7374974, 0.2868335, -0.4291417, -0.29466903, 0.08329092, -0.25877458, 0.93266416, 0.42674595, -0.25921318, 0.31251654, -0.8625627, 0.8609657, -0.4624788, 0.11768886, 0.14136405, -0.72926986, -0.6731469, 0.16924168, 0.6448513, 0.5274823, 0.2942632, -0.87466, 0.7226014, -0.2638624, -0.7727771, -0.05962607, -0.8752592, -0.29446712, -0.47478974, -0.8661629, 0.5432464, 0.18692005, 0.8480085, 0.8729669, -0.6240389, 0.90910727, -0.29696417, 0.14697835, -0.10812378, 0.28845555, -0.41285825, -0.7067794, -0.32123348, -0.56191623, 0.43124214, 0.85832626, 0.9657335, 0.06821591, -0.570085, 0.1567021, 0.25579336, 0.35631308, 0.9012547, -0.8608244, -0.4604491, -0.4011762, -0.905974, -0.26838845, 0.091168895, -0.3178665, 0.3168664, 0.8821896, 0.9280862, 0.07592754, 0.54824597, -0.7589585, -0.978129, -0.59101105, -0.40076298, 0.61362046, 0.32723558, 0.8099041, -0.5936173, 0.26805305, -0.90105414, 0.5238136, 0.04848053, -0.91020274, 0.61957085, 0.5424259, -0.6867555, 0.7174838, 0.35167974, 0.088363566, -0.6511396, -0.04720204, 0.77762717, -0.42347983, 0.110941775, -0.42848387, -0.30603456, -0.5311256, -0.74033207, -0.8784344, 0.500388, -0.07446279, 0.62063026, 0.15006712, -0.062375713, -0.93948865, -0.92155373, 0.98017293, -0.6905191, -0.266101, 0.93064594, 0.18009092, 0.34638327, -0.19376844, -0.24925052, -0.5128529, 0.059273656, -0.43150356, 0.40175286, -0.41482967, 0.87665457, 0.35155496, -0.17568363, 0.3752222, 0.7514795, -0.2525779, -0.31577262, 0.041632388, -0.91886646, 0.92492104, -0.7459484, -0.9208088, 0.14451467, 0.32936576, -0.21212287, -0.38127738, -0.4327388, 0.8976171, -0.9763163, 0.2901993, -0.37891904, -0.73644274, -0.9045451, 0.17713624, -0.42648578, 0.51720077, 0.0262843, 0.03437575, 0.10842652, 0.9260316, 0.28357694, 0.57721496, 0.9598307, -0.5583362, 0.3809768, -0.79704136, -0.9630235, 0.32612514, -0.15377489, -0.6533161, 0.23493864, 0.4946241, -0.97081494, -0.21498765, 0.11280549, -0.0077987746, 0.98777616, 0.6597047, 0.965833, -0.39852443, -0.02750078, -0.28755945, -0.5291678, -0.96088463, -0.9156482, 0.22485751, 0.6828048, -0.904169, 0.42445645, -0.61280024, 0.58761203, 0.9318607, 0.637776, -0.34063342, 0.21795854, -0.31220177, 0.6296124, -0.76414996, -0.43781042, -0.35096356, 0.78637797, -0.67132896, -0.32068878, 0.6048933, -0.8936864, 0.3481573, 0.31667435, 0.0947437, -0.4038391, -0.2289495, 0.64554965, -0.034156244, -0.5392532, -0.3954576, 0.2741296, -0.041386764, 0.51973134, -0.2714568, -0.501984, 0.83216536, -0.9534136, 0.88680166, -0.48191756, 0.6978721, -0.91669023, -0.042661175, -0.77284044, -0.24018306, -0.23340912, -0.27376872, -0.90674734, 0.78334075, 0.28577602, -0.9283141, 0.7323783, -0.72131795, 0.24266535, -0.9300099, -0.26063362, -0.3065613, -0.54275537, 0.31268397, -0.22609466, -0.5721308, -0.9055696, -0.8759895, -0.71841544, 0.58850944, -0.64140344, -0.9543965, 0.4047413, 0.28989395, 0.9282903, 0.41439995, 0.77041215, -0.42328227, -0.21433425, 0.015235855, -0.2776944, -0.8041853, -0.26642174, -0.41972548, 0.23791693, -0.31967017, 0.0995843, 0.6410262, -0.2422662, -0.007623964, -0.6396583, 0.46623132, 0.22078204, -0.6282819, -0.7802409, -0.30293733, -0.9327745, -0.6996201, -0.27757052, 0.19039409, 0.08537179, -0.33885998, 0.76445806, -0.8124158, 0.2710432, -0.8552724, -0.6899975, 0.6819509, 0.24650832, -0.00598842, 0.37197173, 0.9529096, 0.9755851, -0.35076463, 0.5245529, 0.2971678, -0.4327871, -0.808784]
Gurobi没有传入初始解
======================================================
Solve MINLP problem:
没有初始化solution.
Set parameter OutputFlag to value 1
Set parameter LogFile to value "solver_result/gurobi/noinitial/cq_cls1_1000-1000.log"
Set parameter TimeLimit to value 10800
Set parameter NodefileStart to value 20
Set parameter Threads to value 20
Gurobi Optimizer version 12.0.1 build v12.0.1rc0 (linux64 - "Ubuntu 24.04.1 LTS")

CPU model: Intel(R) Xeon(R) Gold 6240C CPU @ 2.60GHz, instruction set [SSE2|AVX|AVX2|AVX512]
Thread count: 36 physical cores, 72 logical processors, using up to 20 threads

Non-default parameters:
TimeLimit  10800
NodefileStart  20
Threads  20

Optimize a model with 1000 rows, 1000 columns and 1000000 nonzeros
Model fingerprint: 0x85028ebd
Model has 1000 quadratic objective terms
Variable types: 0 continuous, 1000 integer (0 binary)
Coefficient statistics:
  Matrix range     [3e-07, 5e-01]
  Objective range  [9e-05, 1e-01]
  QObjective range [2e-05, 1e-02]
  Bounds range     [0e+00, 0e+00]
  RHS range        [3e-04, 1e+00]
Presolve time: 0.47s
Presolved: 1000 rows, 1000 columns, 1000000 nonzeros
Presolved model has 1000 quadratic objective terms
Variable types: 0 continuous, 1000 integer (0 binary)

Root simplex log...

Iteration    Objective       Primal Inf.    Dual Inf.      Time
     413   -2.2281162e+02   4.306246e+01   0.000000e+00      5s
     546   -2.1339377e+02   3.451437e+00   0.000000e+00     10s
     596   -2.1316154e+02   0.000000e+00   0.000000e+00     15s

Root relaxation: objective -2.131615e+02, 596 iterations, 14.22 seconds (3.90 work units)

    Nodes    |    Current Node    |     Objective Bounds      |     Work
 Expl Unexpl |  Obj  Depth IntInf | Incumbent    BestBd   Gap | It/Node Time

     0     0 -213.16154    0 1000          - -213.16154      -     -   15s
     0     0 -213.16004    0 1000          - -213.16004      -     -  104s
     0     2 -213.15986    0 1000          - -213.15986      -     -  215s
     1     4 -213.15986    1  999          - -213.15986      -   4.0  220s
     7    16 -213.15986    3  997          - -213.15986      -   2.9  229s
    15    32 -213.15977    4  996          - -213.15977      -   2.8  234s
    31    52 -213.15908    5  995          - -213.15954      -   2.9  239s
    51   112 -213.15849    6  994          - -213.15946      -   3.0  250s
   111   192 -213.15848    8  992          - -213.15946      -   2.8  272s
   191   332 -213.15725   10  990          - -213.15946      -   2.8  312s
   331   637 -213.15642   13  988          - -213.15946      -   2.7  393s
   636  1411 -213.15254   23  978          - -213.15946      -   2.7  540s
  1410  2897 -213.14048   54  950          - -213.15946      -   2.7  774s
  2896  4193 -213.11755  124  893          - -213.15946      -   2.8  967s
  4192  5327 -213.10344  178  856          - -213.15946      -   2.8 1141s
  5326  6484 -213.08206  227  820          - -213.15946      -   2.9 1308s
  6483  7652 -213.06047  287  784          - -213.15946      -   3.0 1468s
  7651  8766 -213.03430  340  753          - -213.15946      -   3.1 1633s
  8765  9889 -213.01751  382  729          - -213.15946      -   3.3 1773s
  9888 10966 -212.99004  420  709          - -213.15946      -   3.4 1916s
 10965 12036 -212.97245  464  681          - -213.15946      -   3.6 2045s
 12036 12037 -213.13245   91 1000          - -213.15946      -   3.7 2064s
 12037 12038 -213.10336  225 1000          - -213.15946      -   3.7 2065s
 12038 12038 -213.12709  106 1000          - -213.15946      -   3.7 2087s
 12040 12040 -213.11657  152 1000          - -213.15946      -   3.7 2224s
 12041 12043 -213.15946   15  999          - -213.15946      -   3.8 2237s
 12043 12047 -213.15816   16  998          - -213.15882      -   3.8 2242s
 12047 12053 -213.15678   17  997          - -213.15729      -   3.8 2246s
 12055 12067 -213.15512   18  996          - -213.15615      -   3.8 2252s
 12071 12081 -213.15329   19  995          - -213.15467      -   3.8 2257s
 12091 12130 -213.15162   20  994          - -213.15384      -   3.8 2268s
 12146 12208 -213.14904   22  992          - -213.15384      -   3.8 2297s
 12243 12391 -213.14587   24  990          - -213.15384      -   3.8 2362s
 12458 12350 -213.13849   29  985          - -213.15384      -   3.7 2398s
 12489 12828 -213.13644   32  982          - -213.15384      -   3.7 2539s
 12977 13764 -213.11680   44  970          - -213.15384      -   3.7 2811s
 14076 15311 -213.09327   66  948          - -213.15384      -   3.7 3217s
 15989 15843 -213.04833  107  907          - -213.15384      -   3.6 3491s
 17159 16707 -213.02372  134  880          - -213.15384      -   3.5 3781s
 18413 17498 -212.99195  163  851          - -213.15384      -   3.5 4047s
 19622 18175 -212.96673  191  824          - -213.15384      -   3.4 4275s
 20702 18935 -212.94190  215  801          - -213.15384      -   3.4 4521s
 21822 19656 -212.91692  242  775          - -213.15384      -   3.4 4756s
 22916 20379 -212.89331  267  750          - -213.15384      -   3.5 4970s
 24004 20838 -212.87560  293  733          - -213.15384      -   3.5 5152s
 24825 21948 -212.86340  311  717          - -213.15384      -   3.6 5415s
 26209 22536 -212.83406  343  694          - -213.15384      -   3.7 5615s
 27258 23194 -212.81485  368  675          - -213.15384      -   3.9 5806s
 28266 23821 -212.79102  392  658          - -213.15384      -   4.0 5984s
 29229 24453 -212.76927  415  649          - -213.15384      -   4.2 6173s
 30182 25073 -212.75491  438  636          - -213.15384      -   4.4 6346s
 31120 25624 -212.72847  459  624          - -213.15384      -   4.6 6499s
 31983 26275 -212.71563  480  605          - -213.15384      -   4.8 6675s
 32922 26627 -212.69420  503  602          - -213.15384      -   5.0 6797s
 33587 27356 -212.66951  519  588          - -213.15384      -   5.2 6954s
 34538 27973 -212.64469  542  574          - -213.15384      -   5.5 7127s
 35472 27958 -212.61454  563  557          - -213.15384      -   5.7 7215s
 35768 28810 -212.60554  572  561          - -213.15384      -   5.8 7383s
 36719 29431 -212.59378  595  560          - -213.15384      -   6.1 7536s
 37657 30132 -212.57124  616  549          - -213.15384      -   6.3 7695s
 38670 30710 -212.55076  640  549          - -213.15384      -   6.6 7838s
 39586 31491 -212.52561  663  537          - -213.15384      -   6.9 8004s
 40672 32241 -212.49651  689  531          - -213.15384      -   7.3 8174s
 41784 32977 -212.46340  716  518          - -213.15384      -   7.7 8341s
 42891 33818 -212.42225  744  494          - -213.15384      -   8.0 8521s
 44101 34503 -212.37823  773  485          - -213.15384      -   8.4 8695s
 45189 35413 -212.32496  798  474          - -213.15384      -   8.8 8882s
 46462 36213 -212.29893  826  478          - -213.15384      -   9.3 9057s
 47686 36096 -212.25649  853  463          - -213.15384      -   9.8 9232s
 47977 42106 -212.25552  854  463          - -213.15384      -   9.9 10036s
 54084 43506 -211.97376  992  410          - -213.15384      -  12.7 10220s
 55545 45239 -211.87732 1025  397          - -213.15384      -  13.3 10434s
 57278 46959 -211.78322 1060  384          - -213.15384      -  14.3 10657s
 58998 48365 -211.64771 1097  373          - -213.15384      -  15.3 10800s

Explored 60404 nodes (985289 simplex iterations) in 10801.07 seconds (1376.71 work units)
Thread count was 20 (of 72 available processors)

Solution count 0

Time limit reached
Best objective -, best bound -2.131538393667e+02, gap -
100%|██████████| 5/5 [15:00:40<00:00, 10808.42s/it]  100%|██████████| 5/5 [15:00:40<00:00, 10808.12s/it]
无法得到可行解
约束的个数: 1000
Gurobi model disposed.
gurobi求解的结果
                                                   params  ... Elapsed Time
count                                                   5  ...            0
unique                                                  5  ...            0
top     {'b': [-0.9180321, -0.36288297, -0.6521767, 0....  ...          NaN
freq                                                    1  ...          NaN

[4 rows x 8 columns]
