nohup: ignoring input
/home/jingyizhao/lanyue/L2O/L2O-pMINLP-master/L2O-pMINLP-master
Integer Quadratic
Namespace(size=500, penalty=1, project=True, initial_gurobi=True, stop_condition='time', batch_size=64, hlayers_sol=5, hlayers_rnd=4, hsize=1024, lr=0.001)
LT in CQ for size 500.
quadratic问题中的QPA
[[0.00294665 0.         0.         ... 0.         0.         0.        ]
 [0.         0.00530587 0.         ... 0.         0.         0.        ]
 [0.         0.         0.00191521 ... 0.         0.         0.        ]
 ...
 [0.         0.         0.         ... 0.00036931 0.         0.        ]
 [0.         0.         0.         ... 0.         0.00864608 0.        ]
 [0.         0.         0.         ... 0.         0.         0.0002159 ]]
[0.00133922 0.08177239 0.02510362 0.05407345 0.0584661  0.06953505
 0.0572123  0.03969068 0.0244073  0.07791699 0.04997084 0.01213402
 0.06808288 0.0112906  0.03857721 0.06185987 0.07575615 0.04951519
 0.05330309 0.06762374 0.08010294 0.02096921 0.02583031 0.02608824
 0.05500534 0.08229287 0.01873222 0.06601226 0.01353801 0.02233934
 0.06650325 0.01563992 0.01025159 0.05748777 0.0352567  0.08438829
 0.03763755 0.02197414 0.04864225 0.09976746 0.00181751 0.00729885
 0.08754292 0.03216953 0.02603403 0.05598473 0.05248588 0.04908028
 0.04183061 0.05945832 0.04630717 0.06185976 0.02284373 0.01333738
 0.07422781 0.0538897  0.06085712 0.0611719  0.07460422 0.0845935
 0.00725107 0.04313434 0.04728378 0.06317844 0.06107105 0.0358849
 0.03265345 0.00307268 0.03492641 0.00220235 0.07327128 0.0157121
 0.02361114 0.05673034 0.09645324 0.05110158 0.06613662 0.02328464
 0.07959891 0.09027635 0.06257487 0.08225257 0.01248787 0.08656734
 0.02557825 0.02754175 0.03855789 0.08877995 0.03626134 0.00023315
 0.00387181 0.04408163 0.03452555 0.09239139 0.06734281 0.01021451
 0.05867741 0.0515583  0.06876298 0.03105892 0.05197503 0.0049388
 0.06264219 0.08953422 0.05860403 0.07815534 0.03476151 0.00306742
 0.08422802 0.00581519 0.0843923  0.00774878 0.0132233  0.09230754
 0.04921892 0.04722613 0.08399801 0.06804495 0.07964862 0.07986401
 0.06359439 0.04765696 0.05138381 0.03877611 0.05708265 0.02026126
 0.09548149 0.02687087 0.02772522 0.07923771 0.03475723 0.03359557
 0.00400404 0.09081151 0.02953911 0.04516075 0.04593805 0.07474501
 0.00706981 0.07728628 0.04100942 0.07414747 0.05794287 0.09270067
 0.00499511 0.06015323 0.04723491 0.07328196 0.08622323 0.07708847
 0.00772451 0.04070049 0.05042961 0.02967686 0.04229219 0.01438626
 0.07556076 0.06884494 0.03621866 0.09768255 0.07451063 0.08162189
 0.03265578 0.00066749 0.03712253 0.07146835 0.02995036 0.08405409
 0.03584627 0.07842178 0.06781245 0.02518036 0.06832849 0.07154936
 0.09606445 0.08637938 0.08172043 0.02333243 0.05890263 0.07351509
 0.09244427 0.07091198 0.07420116 0.06281726 0.03615584 0.08071931
 0.05708791 0.03514295 0.04337441 0.02101509 0.0636107  0.03513254
 0.03402702 0.02087314 0.07591831 0.07796393 0.0382953  0.03873887
 0.08548603 0.09315812 0.07185882 0.06257971 0.07543251 0.08081806
 0.06399422 0.04348634 0.06746841 0.03374991 0.01661944 0.02442329
 0.00567911 0.0475542  0.08633873 0.05100447 0.06934462 0.08680323
 0.09878164 0.08082736 0.09100773 0.09516713 0.09612457 0.03745898
 0.04359444 0.05694872 0.04626932 0.09445095 0.0836615  0.0013266
 0.0441172  0.05260435 0.06512218 0.09733626 0.0528653  0.02258527
 0.07674533 0.00949805 0.01788375 0.06693704 0.08226266 0.01638301
 0.01801214 0.0003151  0.05238591 0.05562263 0.069318   0.04074037
 0.00111452 0.05069197 0.09800315 0.04777785 0.02962359 0.05721144
 0.08420964 0.05887146 0.08433907 0.0409551  0.01031315 0.05571807
 0.03922759 0.07541025 0.09809351 0.09857075 0.09086422 0.03109582
 0.08274066 0.08056854 0.05166704 0.07578351 0.04382434 0.01477322
 0.01130025 0.03397862 0.0440002  0.00382547 0.0405858  0.05992139
 0.07180629 0.03076267 0.05439422 0.05595874 0.06127391 0.06153024
 0.04960326 0.08374212 0.01123874 0.05504487 0.05397648 0.00527283
 0.0132057  0.01910609 0.00592752 0.09450579 0.06426141 0.03605839
 0.06962132 0.04120773 0.07159304 0.04223442 0.08767316 0.08335783
 0.0442676  0.05137423 0.0191519  0.03084932 0.05612969 0.08326521
 0.09981613 0.04975683 0.00667542 0.09734665 0.06632399 0.0095614
 0.03448687 0.02514818 0.03820351 0.07851758 0.0562359  0.0322804
 0.02424905 0.05365921 0.05166194 0.00103395 0.05248943 0.03413897
 0.00321797 0.0135666  0.05104997 0.03297562 0.09515222 0.02353217
 0.08770565 0.05819153 0.07880408 0.06048169 0.08510414 0.07834791
 0.09723876 0.08982619 0.00141041 0.06491263 0.08322218 0.07945705
 0.06314119 0.07815998 0.09043522 0.00194805 0.09838504 0.00719455
 0.09940301 0.01675928 0.05358797 0.09972834 0.05633487 0.02203558
 0.04122514 0.05621719 0.02949358 0.00323306 0.045841   0.0864933
 0.0861266  0.02458368 0.05032549 0.05070931 0.04436682 0.00033209
 0.05000338 0.04556979 0.04066138 0.05734781 0.07779707 0.07503536
 0.03979888 0.05546754 0.0510734  0.07288759 0.0038776  0.09143401
 0.00533113 0.0631238  0.0822524  0.04454337 0.03013635 0.04701835
 0.03351121 0.04578329 0.09128481 0.06656726 0.03954722 0.03178628
 0.04299563 0.00019806 0.09570965 0.06161056 0.02724723 0.05609425
 0.04883717 0.02848462 0.02782634 0.05688568 0.02571337 0.0311811
 0.00272871 0.04378882 0.08420307 0.07772633 0.05852183 0.08166751
 0.00029335 0.07850384 0.09362274 0.05035981 0.0552622  0.00116196
 0.02389757 0.06385213 0.06298134 0.06436209 0.06114441 0.0239408
 0.01367103 0.02360204 0.02809949 0.04488965 0.07335366 0.06448454
 0.00896222 0.04484223 0.00286915 0.07755604 0.04794993 0.01262589
 0.0178823  0.05907873 0.00489121 0.01276896 0.02016645 0.05318037
 0.01977345 0.04140443 0.04665961 0.041359   0.05992908 0.0777708
 0.061222   0.07758379 0.02049927 0.06980975 0.00542676 0.01413459
 0.00570196 0.01199475 0.03469513 0.07083954 0.0605495  0.05667881
 0.02657863 0.07266255 0.00528351 0.00801001 0.03527261 0.09968004
 0.03065466 0.07958693 0.05965904 0.07281371 0.00461331 0.02969448
 0.05310453 0.00169754 0.02180899 0.04461533 0.05286625 0.04501398
 0.06021779 0.08571979 0.04486718 0.05069914 0.00407421 0.07037332
 0.06241258 0.01858998 0.03386769 0.01501927 0.01143804 0.01308397
 0.07770566 0.00100339 0.08206587 0.09505336 0.05697101 0.07545044
 0.07674267 0.00739541 0.07841799 0.01024942 0.02098656 0.01792223
 0.01914838 0.03251976]
[[-0.05174188  0.09723156 -0.02041709 ...  0.20673279 -0.0414435
   0.0362385 ]
 [ 0.03663959 -0.19775092  0.05117836 ...  0.06210294  0.14739006
   0.04037151]
 [ 0.08735605 -0.10103314  0.03549017 ... -0.00663709  0.05049992
  -0.04427324]
 ...
 [-0.12178913  0.00677205  0.09318566 ...  0.1984211  -0.09827667
  -0.03660177]
 [ 0.03619071 -0.08138609  0.12245426 ...  0.09280058 -0.24994393
   0.13769932]
 [ 0.12697229  0.13147694  0.10654318 ...  0.02334976  0.05295595
   0.03927171]]
Epoch 0, Iters 0, Validation Loss: 124.99
Epoch 0, Iters 125, Training Loss: -55.67, Validation Loss: -82.70
Epoch 1, Iters 250, Training Loss: -82.81, Validation Loss: -83.31
Epoch 2, Iters 375, Training Loss: -83.87, Validation Loss: -85.03
Epoch 3, Iters 500, Training Loss: -84.88, Validation Loss: -85.27
Epoch 4, Iters 625, Training Loss: -85.33, Validation Loss: -85.98
Epoch 5, Iters 750, Training Loss: -85.19, Validation Loss: -85.28
Epoch 6, Iters 875, Training Loss: -85.56, Validation Loss: -86.19
Epoch 7, Iters 1000, Training Loss: -86.12, Validation Loss: -85.15
Epoch 8, Iters 1125, Training Loss: -86.29, Validation Loss: -85.86
Epoch 9, Iters 1250, Training Loss: -86.17, Validation Loss: -86.27
Epoch 10, Iters 1375, Training Loss: -86.45, Validation Loss: -88.12
Epoch 11, Iters 1500, Training Loss: -86.92, Validation Loss: -82.74
Epoch 12, Iters 1625, Training Loss: -86.76, Validation Loss: -88.10
Epoch 13, Iters 1750, Training Loss: -87.11, Validation Loss: -86.59
Epoch 14, Iters 1875, Training Loss: -87.06, Validation Loss: -87.42
Epoch 15, Iters 2000, Training Loss: -86.82, Validation Loss: -87.13
Epoch 16, Iters 2125, Training Loss: -86.60, Validation Loss: -87.44
Epoch 17, Iters 2250, Training Loss: -87.42, Validation Loss: -88.72
Epoch 18, Iters 2375, Training Loss: -87.46, Validation Loss: -83.83
Epoch 19, Iters 2500, Training Loss: -86.90, Validation Loss: -87.64
Epoch 20, Iters 2625, Training Loss: -87.44, Validation Loss: -87.96
Epoch 21, Iters 2750, Training Loss: -86.67, Validation Loss: -87.78
Epoch 22, Iters 2875, Training Loss: -87.12, Validation Loss: -86.67
Epoch 23, Iters 3000, Training Loss: -87.47, Validation Loss: -86.42
Epoch 24, Iters 3125, Training Loss: -86.50, Validation Loss: -88.64
Epoch 25, Iters 3250, Training Loss: -86.65, Validation Loss: -86.49
Epoch 26, Iters 3375, Training Loss: -87.01, Validation Loss: -86.08
Epoch 27, Iters 3500, Training Loss: -86.40, Validation Loss: -86.58
Epoch 28, Iters 3625, Training Loss: -87.28, Validation Loss: -87.51
Epoch 29, Iters 3750, Training Loss: -87.07, Validation Loss: -88.11
Epoch 30, Iters 3875, Training Loss: -87.07, Validation Loss: -87.38
Epoch 31, Iters 4000, Training Loss: -86.18, Validation Loss: -85.54
Epoch 32, Iters 4125, Training Loss: -86.10, Validation Loss: -87.53
Epoch 33, Iters 4250, Training Loss: -85.74, Validation Loss: -85.63
Epoch 34, Iters 4375, Training Loss: -86.76, Validation Loss: -87.72
Epoch 35, Iters 4500, Training Loss: -87.66, Validation Loss: -86.02
Epoch 36, Iters 4625, Training Loss: -86.02, Validation Loss: -87.09
Epoch 37, Iters 4750, Training Loss: -86.94, Validation Loss: -85.06
Epoch 38, Iters 4875, Training Loss: -86.11, Validation Loss: -84.59
Epoch 39, Iters 5000, Training Loss: -86.02, Validation Loss: -86.97
Epoch 40, Iters 5125, Training Loss: -87.00, Validation Loss: -87.36
Epoch 41, Iters 5250, Training Loss: -87.06, Validation Loss: -83.84
Epoch 42, Iters 5375, Training Loss: -87.11, Validation Loss: -85.50
Epoch 43, Iters 5500, Training Loss: -86.03, Validation Loss: -85.52
Epoch 44, Iters 5625, Training Loss: -86.18, Validation Loss: -83.81
Early stopping at iters 5625
Best model loaded.
Training complete.
The training time is 308.22 sec.
Best model weights saved to /home/jingyizhao/lanyue/L2O/L2O-pMINLP-master/L2O-pMINLP-master/result/weight/best_weights.pth

  0%|          | 0/5 [00:00<?, ?it/s]
 20%|██        | 1/5 [00:00<00:02,  1.59it/s]
 40%|████      | 2/5 [00:01<00:01,  1.78it/s]
 60%|██████    | 3/5 [00:01<00:01,  1.78it/s]
 80%|████████  | 4/5 [00:02<00:00,  1.86it/s]
100%|██████████| 5/5 [00:02<00:00,  1.87it/s]
100%|██████████| 5/5 [00:02<00:00,  1.83it/s]
         Obj Val  Mean Violation  Max Violation  Num Violations  Elapsed Time
count   5.000000             5.0            5.0             5.0      5.000000
mean  -91.530505             0.0            0.0             0.0      0.065998
std     0.165749             0.0            0.0             0.0      0.022433
min   -91.767582             0.0            0.0             0.0      0.040113
25%   -91.542615             0.0            0.0             0.0      0.048487
50%   -91.526268             0.0            0.0             0.0      0.069919
75%   -91.516473             0.0            0.0             0.0      0.074736
max   -91.299586             0.0            0.0             0.0      0.096732
Number of infeasible solutions: 0

  0%|          | 0/5 [00:00<?, ?it/s]此时传入模型的b
[-3.50231767e-01 -1.68057144e-01 -1.31820217e-01  2.74961323e-01
  1.87692106e-01 -6.02174580e-01 -7.09566176e-01 -6.89997256e-01
  3.18727881e-01 -3.71542931e-01 -3.67270738e-01  2.44713575e-01
 -6.04782939e-01 -7.36850202e-01  8.19181502e-01 -6.63706660e-01
  4.23778862e-01  4.31412727e-01 -5.91233075e-01 -9.52520192e-01
  1.50506273e-01 -3.18378568e-01  3.57018352e-01 -7.16561854e-01
  3.79685909e-01  3.37533325e-01  9.63721335e-01 -3.99760753e-01
 -9.12140071e-01 -4.10112739e-01  3.83896440e-01  7.82260358e-01
  9.76062119e-01  6.59022152e-01  1.63659364e-01  6.26028419e-01
  8.72164190e-01 -7.29184985e-01 -9.00465190e-01 -9.71324295e-02
 -7.19341695e-01  3.10538232e-01  1.98668450e-01 -7.38722563e-01
 -4.71433789e-01  7.34477043e-01  4.50118154e-01 -1.11190841e-01
 -2.45450493e-02 -4.94488627e-01 -4.21263516e-01 -8.58066976e-01
  3.02568316e-01 -2.91637570e-01  6.62368357e-01  7.00654924e-01
 -3.28628987e-01 -8.67169559e-01 -2.74109960e-01 -5.86620212e-01
  3.58460963e-01  3.25858314e-03  4.16226089e-01 -5.23211181e-01
  6.29988834e-02  3.48337680e-01 -6.33832037e-01  6.89677656e-01
  7.47288406e-01  3.52425873e-01  1.41560167e-01  6.25995278e-01
  6.78929269e-01 -1.65397644e-01 -2.28480399e-01 -4.44894016e-01
  2.09748775e-01 -8.57781321e-02 -1.89384595e-01 -9.75003362e-01
 -5.88553071e-01  9.25411165e-01 -3.81871313e-01  7.29966044e-01
 -3.30079466e-01 -3.42165887e-01 -5.84015071e-01 -6.52350724e-01
  8.09075058e-01  7.71118701e-01  6.04723215e-01 -7.38128424e-01
  2.82178342e-01  5.58046877e-01  3.61072212e-01 -7.31065392e-01
  4.65010136e-01  8.93004537e-01 -8.21186960e-01  7.44630814e-01
 -6.02285624e-01  7.92867184e-01 -3.33547622e-01 -8.71823132e-01
 -1.76433668e-01 -2.32118070e-02  4.65922147e-01 -6.85103118e-01
 -8.44030082e-01 -5.23464143e-01  4.37538713e-01 -2.01490536e-01
  1.50621325e-01  8.58639896e-01 -6.55538738e-01  5.38914323e-01
 -4.73491400e-01 -7.61806965e-01 -5.21060944e-01  8.02277386e-01
 -3.14904183e-01 -6.45148396e-01 -4.18584198e-01  9.54703271e-01
  7.32442737e-02  1.50360480e-01  6.26529455e-01  5.14922500e-01
 -9.21865880e-01 -7.31935740e-01 -4.61930752e-01  8.16350400e-01
 -3.80741119e-01 -4.35299605e-01  5.56804538e-01  3.52704644e-01
  6.69108152e-01  9.40264761e-01 -1.53651819e-01  5.10948718e-01
 -1.30112395e-01 -8.62187862e-01  8.60323310e-02  1.20733127e-01
 -5.72784305e-01  4.38139290e-01  7.77232170e-01 -6.97090030e-01
  7.16575742e-01 -1.57365695e-01 -3.48680079e-01  4.20835435e-01
  3.21166188e-01  5.80558896e-01  9.00316000e-01 -3.85282606e-01
  6.95450485e-01 -9.38209713e-01  8.45558226e-01 -8.41287434e-01
  3.74658763e-01 -5.48314691e-01 -2.66012430e-01  7.40745485e-01
 -8.98979723e-01  3.06384981e-01 -3.77133310e-01  1.19831473e-01
  3.97727072e-01 -5.92181087e-01 -1.14029786e-02  1.81686535e-01
  9.43639398e-01 -2.88034707e-01 -4.08927500e-01  8.27284098e-01
 -7.63919055e-01  9.27817747e-02  9.48374629e-01  3.19425225e-01
  8.24263811e-01  6.57676935e-01 -9.95710433e-01  9.74377513e-01
  3.91556472e-01  9.29382145e-02  4.42689508e-01  9.81451333e-01
  2.14719057e-01  7.54828632e-01  6.76422417e-01  4.14199650e-01
 -7.69759178e-01  7.02664077e-01  7.79250681e-01  2.68366814e-01
 -7.55582988e-01  6.14205122e-01  5.82002640e-01  2.33924955e-01
 -1.25330389e-01 -8.57119620e-01 -2.20128000e-01 -2.22848982e-01
  1.46590874e-01 -6.38533175e-01 -6.47616863e-01 -9.07659173e-01
 -3.67579341e-01 -4.91778880e-01 -4.37087595e-01 -7.47012377e-01
 -2.16313735e-01 -9.89516556e-01 -3.03791851e-01 -6.84386373e-01
 -5.12424350e-01  6.79176271e-01 -3.78927104e-02 -4.82071668e-01
 -6.10771775e-01  6.59150183e-01 -9.48700979e-02 -9.58699882e-02
  3.40015501e-01 -5.67087710e-01 -3.03573459e-01  9.00398970e-01
  6.53477550e-01 -2.99947649e-01 -1.84662670e-01  6.79952800e-01
  1.27841935e-01 -7.08851933e-01 -6.53197616e-02  8.76208961e-01
  8.55167270e-01 -9.58819926e-01 -1.88535646e-01  3.63258272e-01
  4.83679503e-01 -4.02953804e-01  8.17851067e-01  4.48493734e-02
 -1.77835524e-02 -4.85563368e-01  6.28923535e-01  4.90038723e-01
 -5.70381641e-01  1.80618331e-01 -9.36863482e-01  3.18897128e-01
 -5.04657030e-01 -8.76384735e-01 -5.73591232e-01 -8.96900356e-01
 -5.76876700e-01  7.24544823e-01  9.64017391e-01 -2.37973019e-01
 -5.78053817e-02  4.77665931e-01  3.51114780e-01  1.01652391e-01
 -1.24329425e-01 -1.30785629e-01 -2.88244188e-01  4.48912561e-01
 -9.27533627e-01  2.88832814e-01 -9.24526095e-01 -1.92308545e-01
 -6.83024228e-01 -3.70149523e-01  4.06890601e-01  1.52779877e-01
  9.75686610e-01 -3.90630931e-01  1.56839818e-01  7.14953125e-01
  6.99443579e-01  6.94018543e-01  8.71951461e-01 -5.55304170e-01
 -1.68562755e-01 -7.28137493e-01 -3.51589322e-01  6.50408089e-01
 -8.42190623e-01  5.58043361e-01  7.21385002e-01  7.66584158e-01
  2.60805935e-01  1.15900487e-01 -4.15239841e-01  2.96888918e-01
 -4.79345292e-01  3.11858833e-01 -5.65185726e-01 -4.83373195e-01
  1.69263735e-01  6.06331289e-01  2.18164131e-01  5.63544214e-01
 -2.17429012e-01  6.06351905e-02  9.32127833e-01  9.51876044e-02
 -1.42239472e-02  6.58707500e-01  8.29827249e-01 -5.06465614e-01
  1.01227723e-01 -5.18819690e-01 -5.48007727e-01  3.80965114e-01
  9.14449990e-01  4.23530310e-01 -8.01575422e-01 -7.23640680e-01
  7.22543716e-01 -4.62123424e-01  4.44373876e-01  4.03781533e-01
  1.17103823e-01  6.31139696e-01 -1.53591096e-01 -7.46426821e-01
 -2.72053659e-01 -8.44646871e-01 -3.85650367e-01 -6.40434146e-01
  1.39195994e-01 -8.76705229e-01  2.10265759e-02 -9.31580484e-01
  4.20853287e-01 -1.88142627e-01  1.01138175e-01 -2.80899376e-01
  5.96337736e-01 -9.55462515e-01 -4.54463571e-01 -3.98388743e-01
  7.95816898e-01  5.01658559e-01  7.32752323e-01 -1.32742822e-01
  5.90834498e-01  4.87238497e-01  8.72383535e-01 -3.75469267e-01
  4.53566998e-01 -1.03764161e-01  8.21960092e-01 -1.23895846e-01
 -9.06181753e-01 -6.46505117e-01  2.96313912e-01  8.22396398e-01
 -7.70230889e-01 -5.67323983e-01 -1.36335999e-01  3.12182665e-01
 -5.09094715e-01 -1.52263999e-01  5.27750075e-01 -9.93457198e-01
  1.71924785e-01 -4.06332940e-01  2.42190212e-01 -6.77987814e-01
  8.81097257e-01 -2.40679681e-01  7.72029103e-04  4.04005080e-01
  2.83986807e-01 -3.52694839e-01  9.55575109e-01  5.85975870e-02
 -6.11110449e-01 -5.96462935e-02  6.11573637e-01 -9.40786660e-01
  7.96826422e-01 -4.53553125e-02  6.04277074e-01  4.50358450e-01
 -7.95691237e-02  1.91228792e-01  2.84680814e-01 -4.52223718e-01
 -9.57248032e-01  6.74374223e-01  5.42919219e-01  1.61751449e-01
 -3.01537216e-01 -7.77818322e-01  3.86813015e-01 -1.66565791e-01
 -2.43619636e-01 -5.42144477e-01  6.06524229e-01 -8.92920494e-02
  1.59378648e-01  6.58431649e-01 -5.85453391e-01 -9.41504419e-01
 -5.03254771e-01  9.81712699e-01  1.80028394e-01 -6.06026053e-01
  4.78564352e-01 -6.60392523e-01  1.93734035e-01 -7.73257494e-01
 -7.81714916e-01 -9.13060248e-01  5.13766743e-02  5.28248072e-01
 -7.06357598e-01  9.12127435e-01  8.50229025e-01 -2.46480107e-01
  2.67037898e-01 -9.26342607e-01  2.58785337e-01 -5.90347648e-01
  7.40504861e-01 -7.33187735e-01 -4.63081598e-02 -1.72469363e-01
  2.03377083e-01  1.54398158e-01 -6.65287435e-01  9.54726517e-01
 -5.56235313e-01  4.28403728e-02 -5.59342325e-01  2.59849757e-01
  1.78276688e-01 -6.00781739e-01  1.32902592e-01  7.76509643e-01
 -4.22552377e-01 -5.40557384e-01 -5.32440901e-01 -9.05695617e-01
  2.51976222e-01 -2.17758894e-01 -1.50067225e-01 -9.71061349e-01
  4.27637339e-01  1.04079291e-01  3.19012672e-01 -1.44676745e-01
 -7.73128390e-01  8.85827184e-01  8.45641553e-01  7.95972943e-01
  3.12020689e-01  1.04276627e-01  5.17581642e-01 -3.83364171e-01
  6.20753586e-01 -4.17695567e-02  7.36451447e-01 -9.77895379e-01
  3.29603404e-01 -8.72723818e-01  1.81074470e-01  4.44894046e-01
 -9.04611528e-01  9.44733977e-01  8.82849216e-01 -7.23856032e-01
  7.39928365e-01  6.62490308e-01  9.33924496e-01 -3.04633111e-01
 -7.75689542e-01  6.36176348e-01 -9.69227493e-01  4.53078300e-01
 -2.03676626e-01  1.99674979e-01  9.83243108e-01  2.07108930e-01
  2.30620787e-01  2.92134911e-01 -4.60081816e-01 -2.75009930e-01
  8.85680735e-01 -7.82826424e-01 -2.29131896e-02 -5.50008535e-01
 -1.70628667e-01  4.18980718e-01 -3.06214213e-01  5.19351304e-01]
======================================================
Solve MINLP problem:
[[0.00294665 0.         0.         ... 0.         0.         0.        ]
 [0.         0.00530587 0.         ... 0.         0.         0.        ]
 [0.         0.         0.00191521 ... 0.         0.         0.        ]
 ...
 [0.         0.         0.         ... 0.00036931 0.         0.        ]
 [0.         0.         0.         ... 0.         0.00864608 0.        ]
 [0.         0.         0.         ... 0.         0.         0.0002159 ]]
[0.00133922 0.08177239 0.02510362 0.05407345 0.0584661  0.06953505
 0.0572123  0.03969068 0.0244073  0.07791699 0.04997084 0.01213402
 0.06808288 0.0112906  0.03857721 0.06185987 0.07575615 0.04951519
 0.05330309 0.06762374 0.08010294 0.02096921 0.02583031 0.02608824
 0.05500534 0.08229287 0.01873222 0.06601226 0.01353801 0.02233934
 0.06650325 0.01563992 0.01025159 0.05748777 0.0352567  0.08438829
 0.03763755 0.02197414 0.04864225 0.09976746 0.00181751 0.00729885
 0.08754292 0.03216953 0.02603403 0.05598473 0.05248588 0.04908028
 0.04183061 0.05945832 0.04630717 0.06185976 0.02284373 0.01333738
 0.07422781 0.0538897  0.06085712 0.0611719  0.07460422 0.0845935
 0.00725107 0.04313434 0.04728378 0.06317844 0.06107105 0.0358849
 0.03265345 0.00307268 0.03492641 0.00220235 0.07327128 0.0157121
 0.02361114 0.05673034 0.09645324 0.05110158 0.06613662 0.02328464
 0.07959891 0.09027635 0.06257487 0.08225257 0.01248787 0.08656734
 0.02557825 0.02754175 0.03855789 0.08877995 0.03626134 0.00023315
 0.00387181 0.04408163 0.03452555 0.09239139 0.06734281 0.01021451
 0.05867741 0.0515583  0.06876298 0.03105892 0.05197503 0.0049388
 0.06264219 0.08953422 0.05860403 0.07815534 0.03476151 0.00306742
 0.08422802 0.00581519 0.0843923  0.00774878 0.0132233  0.09230754
 0.04921892 0.04722613 0.08399801 0.06804495 0.07964862 0.07986401
 0.06359439 0.04765696 0.05138381 0.03877611 0.05708265 0.02026126
 0.09548149 0.02687087 0.02772522 0.07923771 0.03475723 0.03359557
 0.00400404 0.09081151 0.02953911 0.04516075 0.04593805 0.07474501
 0.00706981 0.07728628 0.04100942 0.07414747 0.05794287 0.09270067
 0.00499511 0.06015323 0.04723491 0.07328196 0.08622323 0.07708847
 0.00772451 0.04070049 0.05042961 0.02967686 0.04229219 0.01438626
 0.07556076 0.06884494 0.03621866 0.09768255 0.07451063 0.08162189
 0.03265578 0.00066749 0.03712253 0.07146835 0.02995036 0.08405409
 0.03584627 0.07842178 0.06781245 0.02518036 0.06832849 0.07154936
 0.09606445 0.08637938 0.08172043 0.02333243 0.05890263 0.07351509
 0.09244427 0.07091198 0.07420116 0.06281726 0.03615584 0.08071931
 0.05708791 0.03514295 0.04337441 0.02101509 0.0636107  0.03513254
 0.03402702 0.02087314 0.07591831 0.07796393 0.0382953  0.03873887
 0.08548603 0.09315812 0.07185882 0.06257971 0.07543251 0.08081806
 0.06399422 0.04348634 0.06746841 0.03374991 0.01661944 0.02442329
 0.00567911 0.0475542  0.08633873 0.05100447 0.06934462 0.08680323
 0.09878164 0.08082736 0.09100773 0.09516713 0.09612457 0.03745898
 0.04359444 0.05694872 0.04626932 0.09445095 0.0836615  0.0013266
 0.0441172  0.05260435 0.06512218 0.09733626 0.0528653  0.02258527
 0.07674533 0.00949805 0.01788375 0.06693704 0.08226266 0.01638301
 0.01801214 0.0003151  0.05238591 0.05562263 0.069318   0.04074037
 0.00111452 0.05069197 0.09800315 0.04777785 0.02962359 0.05721144
 0.08420964 0.05887146 0.08433907 0.0409551  0.01031315 0.05571807
 0.03922759 0.07541025 0.09809351 0.09857075 0.09086422 0.03109582
 0.08274066 0.08056854 0.05166704 0.07578351 0.04382434 0.01477322
 0.01130025 0.03397862 0.0440002  0.00382547 0.0405858  0.05992139
 0.07180629 0.03076267 0.05439422 0.05595874 0.06127391 0.06153024
 0.04960326 0.08374212 0.01123874 0.05504487 0.05397648 0.00527283
 0.0132057  0.01910609 0.00592752 0.09450579 0.06426141 0.03605839
 0.06962132 0.04120773 0.07159304 0.04223442 0.08767316 0.08335783
 0.0442676  0.05137423 0.0191519  0.03084932 0.05612969 0.08326521
 0.09981613 0.04975683 0.00667542 0.09734665 0.06632399 0.0095614
 0.03448687 0.02514818 0.03820351 0.07851758 0.0562359  0.0322804
 0.02424905 0.05365921 0.05166194 0.00103395 0.05248943 0.03413897
 0.00321797 0.0135666  0.05104997 0.03297562 0.09515222 0.02353217
 0.08770565 0.05819153 0.07880408 0.06048169 0.08510414 0.07834791
 0.09723876 0.08982619 0.00141041 0.06491263 0.08322218 0.07945705
 0.06314119 0.07815998 0.09043522 0.00194805 0.09838504 0.00719455
 0.09940301 0.01675928 0.05358797 0.09972834 0.05633487 0.02203558
 0.04122514 0.05621719 0.02949358 0.00323306 0.045841   0.0864933
 0.0861266  0.02458368 0.05032549 0.05070931 0.04436682 0.00033209
 0.05000338 0.04556979 0.04066138 0.05734781 0.07779707 0.07503536
 0.03979888 0.05546754 0.0510734  0.07288759 0.0038776  0.09143401
 0.00533113 0.0631238  0.0822524  0.04454337 0.03013635 0.04701835
 0.03351121 0.04578329 0.09128481 0.06656726 0.03954722 0.03178628
 0.04299563 0.00019806 0.09570965 0.06161056 0.02724723 0.05609425
 0.04883717 0.02848462 0.02782634 0.05688568 0.02571337 0.0311811
 0.00272871 0.04378882 0.08420307 0.07772633 0.05852183 0.08166751
 0.00029335 0.07850384 0.09362274 0.05035981 0.0552622  0.00116196
 0.02389757 0.06385213 0.06298134 0.06436209 0.06114441 0.0239408
 0.01367103 0.02360204 0.02809949 0.04488965 0.07335366 0.06448454
 0.00896222 0.04484223 0.00286915 0.07755604 0.04794993 0.01262589
 0.0178823  0.05907873 0.00489121 0.01276896 0.02016645 0.05318037
 0.01977345 0.04140443 0.04665961 0.041359   0.05992908 0.0777708
 0.061222   0.07758379 0.02049927 0.06980975 0.00542676 0.01413459
 0.00570196 0.01199475 0.03469513 0.07083954 0.0605495  0.05667881
 0.02657863 0.07266255 0.00528351 0.00801001 0.03527261 0.09968004
 0.03065466 0.07958693 0.05965904 0.07281371 0.00461331 0.02969448
 0.05310453 0.00169754 0.02180899 0.04461533 0.05286625 0.04501398
 0.06021779 0.08571979 0.04486718 0.05069914 0.00407421 0.07037332
 0.06241258 0.01858998 0.03386769 0.01501927 0.01143804 0.01308397
 0.07770566 0.00100339 0.08206587 0.09505336 0.05697101 0.07545044
 0.07674267 0.00739541 0.07841799 0.01024942 0.02098656 0.01792223
 0.01914838 0.03251976]
[[-0.05174188  0.09723156 -0.02041709 ...  0.20673279 -0.0414435
   0.0362385 ]
 [ 0.03663959 -0.19775092  0.05117836 ...  0.06210294  0.14739006
   0.04037151]
 [ 0.08735605 -0.10103314  0.03549017 ... -0.00663709  0.05049992
  -0.04427324]
 ...
 [-0.12178913  0.00677205  0.09318566 ...  0.1984211  -0.09827667
  -0.03660177]
 [ 0.03619071 -0.08138609  0.12245426 ...  0.09280058 -0.24994393
   0.13769932]
 [ 0.12697229  0.13147694  0.10654318 ...  0.02334976  0.05295595
   0.03927171]]
Set parameter LicenseID to value 2639321
此时输入模型的b
[-0.35023177, -0.16805714, -0.13182022, 0.27496132, 0.1876921, -0.6021746, -0.7095662, -0.68999726, 0.31872788, -0.37154293, -0.36727074, 0.24471357, -0.60478294, -0.7368502, 0.8191815, -0.66370666, 0.42377886, 0.43141273, -0.5912331, -0.9525202, 0.15050627, -0.31837857, 0.35701835, -0.71656185, 0.3796859, 0.33753332, 0.96372133, -0.39976075, -0.9121401, -0.41011274, 0.38389644, 0.78226036, 0.9760621, 0.65902215, 0.16365936, 0.6260284, 0.8721642, -0.729185, -0.9004652, -0.09713243, -0.7193417, 0.31053823, 0.19866845, -0.73872256, -0.4714338, 0.73447704, 0.45011815, -0.11119084, -0.02454505, -0.49448863, -0.42126352, -0.858067, 0.30256832, -0.29163757, 0.66236836, 0.7006549, -0.328629, -0.86716956, -0.27410996, -0.5866202, 0.35846096, 0.0032585831, 0.4162261, -0.5232112, 0.06299888, 0.34833768, -0.63383204, 0.68967766, 0.7472884, 0.35242587, 0.14156017, 0.6259953, 0.67892927, -0.16539764, -0.2284804, -0.44489402, 0.20974877, -0.08577813, -0.1893846, -0.97500336, -0.5885531, 0.92541116, -0.3818713, 0.72996604, -0.33007947, -0.3421659, -0.5840151, -0.6523507, 0.80907506, 0.7711187, 0.6047232, -0.7381284, 0.28217834, 0.5580469, 0.3610722, -0.7310654, 0.46501014, 0.89300454, -0.82118696, 0.7446308, -0.6022856, 0.7928672, -0.33354762, -0.87182313, -0.17643367, -0.023211807, 0.46592215, -0.6851031, -0.8440301, -0.52346414, 0.4375387, -0.20149054, 0.15062132, 0.8586399, -0.65553874, 0.5389143, -0.4734914, -0.76180696, -0.52106094, 0.8022774, -0.31490418, -0.6451484, -0.4185842, 0.9547033, 0.07324427, 0.15036048, 0.62652946, 0.5149225, -0.9218659, -0.73193574, -0.46193075, 0.8163504, -0.38074112, -0.4352996, 0.55680454, 0.35270464, 0.66910815, 0.94026476, -0.15365182, 0.5109487, -0.1301124, -0.86218786, 0.08603233, 0.12073313, -0.5727843, 0.4381393, 0.77723217, -0.69709, 0.71657574, -0.1573657, -0.34868008, 0.42083544, 0.3211662, 0.5805589, 0.900316, -0.3852826, 0.6954505, -0.9382097, 0.8455582, -0.84128743, 0.37465876, -0.5483147, -0.26601243, 0.7407455, -0.8989797, 0.30638498, -0.3771333, 0.11983147, 0.39772707, -0.5921811, -0.011402979, 0.18168654, 0.9436394, -0.2880347, -0.4089275, 0.8272841, -0.76391906, 0.092781775, 0.9483746, 0.31942523, 0.8242638, 0.65767694, -0.99571043, 0.9743775, 0.39155647, 0.092938215, 0.4426895, 0.98145133, 0.21471906, 0.75482863, 0.6764224, 0.41419965, -0.7697592, 0.7026641, 0.7792507, 0.2683668, -0.755583, 0.6142051, 0.58200264, 0.23392496, -0.12533039, -0.8571196, -0.220128, -0.22284898, 0.14659087, -0.6385332, -0.64761686, -0.9076592, -0.36757934, -0.49177888, -0.4370876, -0.7470124, -0.21631373, -0.98951656, -0.30379185, -0.6843864, -0.51242435, 0.6791763, -0.03789271, -0.48207167, -0.6107718, 0.6591502, -0.0948701, -0.09586999, 0.3400155, -0.5670877, -0.30357346, 0.90039897, 0.65347755, -0.29994765, -0.18466267, 0.6799528, 0.12784193, -0.70885193, -0.06531976, 0.87620896, 0.85516727, -0.9588199, -0.18853565, 0.36325827, 0.4836795, -0.4029538, 0.81785107, 0.044849373, -0.017783552, -0.48556337, 0.62892354, 0.49003872, -0.57038164, 0.18061833, -0.9368635, 0.31889713, -0.50465703, -0.87638474, -0.57359123, -0.89690036, -0.5768767, 0.7245448, 0.9640174, -0.23797302, -0.05780538, 0.47766593, 0.35111478, 0.10165239, -0.124329425, -0.13078563, -0.2882442, 0.44891256, -0.9275336, 0.2888328, -0.9245261, -0.19230855, -0.6830242, -0.37014952, 0.4068906, 0.15277988, 0.9756866, -0.39063093, 0.15683982, 0.7149531, 0.6994436, 0.69401854, 0.87195146, -0.55530417, -0.16856275, -0.7281375, -0.35158932, 0.6504081, -0.8421906, 0.55804336, 0.721385, 0.76658416, 0.26080593, 0.11590049, -0.41523984, 0.29688892, -0.4793453, 0.31185883, -0.5651857, -0.4833732, 0.16926374, 0.6063313, 0.21816413, 0.5635442, -0.21742901, 0.06063519, 0.93212783, 0.095187604, -0.014223947, 0.6587075, 0.82982725, -0.5064656, 0.10122772, -0.5188197, -0.5480077, 0.3809651, 0.91445, 0.4235303, -0.8015754, -0.7236407, 0.7225437, -0.46212342, 0.44437388, 0.40378153, 0.11710382, 0.6311397, -0.1535911, -0.7464268, -0.27205366, -0.8446469, -0.38565037, -0.64043415, 0.139196, -0.8767052, 0.021026576, -0.9315805, 0.4208533, -0.18814263, 0.101138175, -0.28089938, 0.59633774, -0.9554625, -0.45446357, -0.39838874, 0.7958169, 0.50165856, 0.7327523, -0.13274282, 0.5908345, 0.4872385, 0.87238353, -0.37546927, 0.453567, -0.10376416, 0.8219601, -0.12389585, -0.90618175, -0.6465051, 0.2963139, 0.8223964, -0.7702309, -0.567324, -0.136336, 0.31218266, -0.5090947, -0.152264, 0.5277501, -0.9934572, 0.17192478, -0.40633294, 0.24219021, -0.6779878, 0.88109726, -0.24067968, 0.0007720291, 0.40400508, 0.2839868, -0.35269484, 0.9555751, 0.058597587, -0.61111045, -0.059646294, 0.61157364, -0.94078666, 0.7968264, -0.045355313, 0.6042771, 0.45035845, -0.07956912, 0.19122879, 0.2846808, -0.45222372, -0.95724803, 0.6743742, 0.5429192, 0.16175145, -0.30153722, -0.7778183, 0.386813, -0.16656579, -0.24361964, -0.5421445, 0.6065242, -0.08929205, 0.15937865, 0.65843165, -0.5854534, -0.9415044, -0.5032548, 0.9817127, 0.1800284, -0.60602605, 0.47856435, -0.6603925, 0.19373403, -0.7732575, -0.7817149, -0.91306025, 0.051376674, 0.5282481, -0.7063576, 0.91212744, 0.850229, -0.2464801, 0.2670379, -0.9263426, 0.25878534, -0.59034765, 0.74050486, -0.73318774, -0.04630816, -0.17246936, 0.20337708, 0.15439816, -0.66528744, 0.9547265, -0.5562353, 0.042840373, -0.5593423, 0.25984976, 0.17827669, -0.60078174, 0.13290259, 0.77650964, -0.42255238, -0.5405574, -0.5324409, -0.9056956, 0.25197622, -0.2177589, -0.15006723, -0.97106135, 0.42763734, 0.10407929, 0.31901267, -0.14467674, -0.7731284, 0.8858272, 0.84564155, 0.79597294, 0.3120207, 0.10427663, 0.51758164, -0.38336417, 0.6207536, -0.041769557, 0.73645145, -0.9778954, 0.3296034, -0.8727238, 0.18107447, 0.44489405, -0.9046115, 0.944734, 0.8828492, -0.72385603, 0.73992836, 0.6624903, 0.9339245, -0.3046331, -0.77568954, 0.63617635, -0.9692275, 0.4530783, -0.20367663, 0.19967498, 0.9832431, 0.20710893, 0.23062079, 0.2921349, -0.46008182, -0.27500993, 0.88568074, -0.7828264, -0.02291319, -0.55000854, -0.17062867, 0.41898072, -0.3062142, 0.5193513]
已作为Gurobi初始解
此时传入求解器的初始解为：
[7.0, -3.0, -14.0, -11.0, -3.0, -10.0, 2.0, -13.0, -18.0, -12.0, -4.0, 21.0, 3.0, -1.0, -16.0, -1.0, -7.0, -1.0, -9.0, -2.0, -26.0, 4.0, -3.0, -1.0, -3.0, -18.0, -3.0, -29.0, -4.0, -17.0, -15.0, 6.0, 0.0, 12.0, -2.0, -12.0, -7.0, -9.0, 1.0, -1.0, 3.0, 11.0, -6.0, -6.0, -16.0, 7.0, -7.0, -12.0, -1.0, -2.0, -3.0, -6.0, 3.0, 2.0, -16.0, -11.0, -12.0, 11.0, 1.0, 4.0, -10.0, 0.0, -24.0, 5.0, -5.0, -6.0, -1.0, -8.0, 0.0, -1.0, -23.0, 17.0, -9.0, -17.0, -27.0, -8.0, -2.0, -12.0, -2.0, -13.0, 14.0, -13.0, 5.0, -22.0, -10.0, -12.0, 0.0, 6.0, -8.0, -3.0, -1.0, -19.0, -1.0, -5.0, 1.0, -13.0, -13.0, -3.0, -8.0, -3.0, -14.0, -1.0, -5.0, -2.0, 4.0, -20.0, 11.0, -14.0, -11.0, -12.0, -13.0, 2.0, 2.0, -1.0, 1.0, -17.0, -10.0, 1.0, -9.0, -9.0, -14.0, 3.0, 2.0, -12.0, -28.0, -13.0, -14.0, -3.0, -5.0, -2.0, 1.0, 3.0, 0.0, -7.0, 0.0, -1.0, -12.0, -14.0, -3.0, -10.0, 11.0, -14.0, -4.0, -14.0, 3.0, -15.0, -9.0, -6.0, -15.0, 8.0, -12.0, -17.0, -14.0, -2.0, 7.0, -5.0, -18.0, -3.0, 1.0, -5.0, -7.0, -5.0, -9.0, 7.0, -8.0, -1.0, 10.0, -13.0, -8.0, -3.0, -9.0, -3.0, -4.0, -26.0, -30.0, -10.0, -34.0, -8.0, 5.0, -27.0, -21.0, -6.0, -14.0, -8.0, -9.0, -14.0, 3.0, -4.0, -15.0, 10.0, -10.0, -1.0, 1.0, -4.0, -13.0, -2.0, -2.0, -9.0, -10.0, -10.0, -18.0, -4.0, -5.0, 3.0, -7.0, 1.0, -6.0, -5.0, -7.0, 4.0, -16.0, -1.0, -7.0, 4.0, -10.0, -13.0, -3.0, -16.0, -7.0, -2.0, -9.0, 2.0, -1.0, 2.0, -7.0, -7.0, -29.0, 4.0, -15.0, -4.0, 16.0, -7.0, -20.0, 4.0, -11.0, 3.0, -5.0, -9.0, -17.0, -9.0, 4.0, 6.0, -3.0, 8.0, 5.0, 2.0, 2.0, -17.0, -22.0, -11.0, -9.0, -7.0, 7.0, -8.0, -11.0, 4.0, 5.0, -6.0, -6.0, -5.0, -5.0, -13.0, -25.0, -4.0, -5.0, -15.0, -12.0, -28.0, -11.0, 0.0, 5.0, -3.0, -5.0, 10.0, -1.0, -4.0, -17.0, 1.0, -10.0, 2.0, -4.0, -8.0, -10.0, -3.0, 6.0, -8.0, 4.0, -4.0, 4.0, -1.0, 3.0, 10.0, -3.0, -18.0, 2.0, 0.0, 0.0, -7.0, 2.0, 0.0, -7.0, -1.0, -13.0, 7.0, -6.0, -9.0, -12.0, -7.0, -5.0, -11.0, 9.0, -4.0, -1.0, 2.0, -7.0, -3.0, -8.0, -3.0, 6.0, -11.0, -23.0, -19.0, -9.0, 6.0, 0.0, -7.0, -7.0, -2.0, -3.0, 1.0, -1.0, 8.0, -22.0, -8.0, -12.0, -16.0, -9.0, -4.0, -3.0, -36.0, 2.0, 3.0, -4.0, -17.0, -19.0, -4.0, -11.0, -2.0, -22.0, 4.0, -14.0, -6.0, -1.0, -8.0, -22.0, -21.0, 4.0, 9.0, -20.0, -15.0, 0.0, 7.0, -10.0, -6.0, -4.0, -4.0, -18.0, -5.0, -1.0, -15.0, -16.0, -16.0, -3.0, -20.0, -5.0, -14.0, 22.0, 10.0, -4.0, -18.0, -9.0, -3.0, 3.0, -1.0, 0.0, -17.0, -10.0, -2.0, -9.0, -19.0, -4.0, 8.0, -8.0, -13.0, 0.0, 26.0, 0.0, -3.0, -8.0, -7.0, -9.0, 5.0, -7.0, -5.0, -1.0, -6.0, -23.0, -43.0, 9.0, -11.0, -7.0, -1.0, -4.0, 4.0, 0.0, -7.0, -13.0, -16.0, -28.0, -1.0, 5.0, -11.0, -3.0, 17.0, 0.0, -28.0, 4.0, -21.0, -12.0, -10.0, -8.0, 6.0, 10.0, 0.0, -6.0, -5.0, 8.0, -8.0, 7.0, 6.0, -5.0, -4.0, -8.0, 1.0, -2.0, -34.0, 10.0, -14.0, -5.0, -7.0, -4.0, 2.0, -3.0, -23.0, -8.0, -4.0, -1.0, -10.0, -4.0, 1.0, 1.0, -15.0, -7.0, -18.0, -5.0, -15.0, 17.0, 1.0, -20.0, -8.0, -11.0, -2.0, -24.0, -19.0, -10.0, -10.0, -19.0, -6.0, 4.0, -11.0, -11.0, -6.0, -6.0, -16.0, 11.0, 3.0, -19.0, -4.0, -5.0, 0.0, 8.0, -6.0, -13.0, 2.0, -2.0, -6.0, -15.0, 3.0, -5.0, -32.0]
======================================================
Solve MINLP problem:
初始化solution
初始解违反约束的程度是
(array([0, 0, 0, 0, 0, 0, 0, 0, 0, 0, 0, 0, 0, 0, 0, 0, 0, 0, 0, 0, 0, 0,
       0, 0, 0, 0, 0, 0, 0, 0, 0, 0, 0, 0, 0, 0, 0, 0, 0, 0, 0, 0, 0, 0,
       0, 0, 0, 0, 0, 0, 0, 0, 0, 0, 0, 0, 0, 0, 0, 0, 0, 0, 0, 0, 0, 0,
       0, 0, 0, 0, 0, 0, 0, 0, 0, 0, 0, 0, 0, 0, 0, 0, 0, 0, 0, 0, 0, 0,
       0, 0, 0, 0, 0, 0, 0, 0, 0, 0, 0, 0, 0, 0, 0, 0, 0, 0, 0, 0, 0, 0,
       0, 0, 0, 0, 0, 0, 0, 0, 0, 0, 0, 0, 0, 0, 0, 0, 0, 0, 0, 0, 0, 0,
       0, 0, 0, 0, 0, 0, 0, 0, 0, 0, 0, 0, 0, 0, 0, 0, 0, 0, 0, 0, 0, 0,
       0, 0, 0, 0, 0, 0, 0, 0, 0, 0, 0, 0, 0, 0, 0, 0, 0, 0, 0, 0, 0, 0,
       0, 0, 0, 0, 0, 0, 0, 0, 0, 0, 0, 0, 0, 0, 0, 0, 0, 0, 0, 0, 0, 0,
       0, 0, 0, 0, 0, 0, 0, 0, 0, 0, 0, 0, 0, 0, 0, 0, 0, 0, 0, 0, 0, 0,
       0, 0, 0, 0, 0, 0, 0, 0, 0, 0, 0, 0, 0, 0, 0, 0, 0, 0, 0, 0, 0, 0,
       0, 0, 0, 0, 0, 0, 0, 0, 0, 0, 0, 0, 0, 0, 0, 0, 0, 0, 0, 0, 0, 0,
       0, 0, 0, 0, 0, 0, 0, 0, 0, 0, 0, 0, 0, 0, 0, 0, 0, 0, 0, 0, 0, 0,
       0, 0, 0, 0, 0, 0, 0, 0, 0, 0, 0, 0, 0, 0, 0, 0, 0, 0, 0, 0, 0, 0,
       0, 0, 0, 0, 0, 0, 0, 0, 0, 0, 0, 0, 0, 0, 0, 0, 0, 0, 0, 0, 0, 0,
       0, 0, 0, 0, 0, 0, 0, 0, 0, 0, 0, 0, 0, 0, 0, 0, 0, 0, 0, 0, 0, 0,
       0, 0, 0, 0, 0, 0, 0, 0, 0, 0, 0, 0, 0, 0, 0, 0, 0, 0, 0, 0, 0, 0,
       0, 0, 0, 0, 0, 0, 0, 0, 0, 0, 0, 0, 0, 0, 0, 0, 0, 0, 0, 0, 0, 0,
       0, 0, 0, 0, 0, 0, 0, 0, 0, 0, 0, 0, 0, 0, 0, 0, 0, 0, 0, 0, 0, 0,
       0, 0, 0, 0, 0, 0, 0, 0, 0, 0, 0, 0, 0, 0, 0, 0, 0, 0, 0, 0, 0, 0,
       0, 0, 0, 0, 0, 0, 0, 0, 0, 0, 0, 0, 0, 0, 0, 0, 0, 0, 0, 0, 0, 0,
       0, 0, 0, 0, 0, 0, 0, 0, 0, 0, 0, 0, 0, 0, 0, 0, 0, 0, 0, 0, 0, 0,
       0, 0, 0, 0, 0, 0, 0, 0, 0, 0, 0, 0, 0, 0, 0, 0]), -91.54261537566019)
Set parameter OutputFlag to value 1
Set parameter LogFile to value "solver_result/gurobi/initial/cq_cls1_500-500.log"
Set parameter TimeLimit to value 10800
Set parameter NodefileStart to value 20
Set parameter Threads to value 20
Gurobi Optimizer version 12.0.1 build v12.0.1rc0 (linux64 - "Ubuntu 24.04.1 LTS")

CPU model: Intel(R) Xeon(R) Gold 6240C CPU @ 2.60GHz, instruction set [SSE2|AVX|AVX2|AVX512]
Thread count: 36 physical cores, 72 logical processors, using up to 20 threads

Non-default parameters:
TimeLimit  10800
NodefileStart  20
Threads  20

Optimize a model with 500 rows, 500 columns and 250000 nonzeros
Model fingerprint: 0x77fabf5a
Model has 500 quadratic objective terms
Variable types: 0 continuous, 500 integer (0 binary)
Coefficient statistics:
  Matrix range     [7e-07, 5e-01]
  Objective range  [2e-04, 1e-01]
  QObjective range [2e-05, 1e-02]
  Bounds range     [0e+00, 0e+00]
  RHS range        [8e-04, 1e+00]

Loaded user MIP start with objective -91.5426

Presolve time: 0.09s
Presolved: 500 rows, 500 columns, 250000 nonzeros
Presolved model has 500 quadratic objective terms
Variable types: 0 continuous, 500 integer (0 binary)
Found heuristic solution: objective -92.1590450

Root relaxation: objective -1.063958e+02, 287 iterations, 1.01 seconds (0.50 work units)

    Nodes    |    Current Node    |     Objective Bounds      |     Work
 Expl Unexpl |  Obj  Depth IntInf | Incumbent    BestBd   Gap | It/Node Time

     0     0 -106.39582    0  500  -92.15905 -106.39582  15.4%     -    1s
H    0     0                     -92.3764124 -106.39582  15.2%     -    1s
H    0     0                     -92.4259888 -106.39582  15.1%     -    1s
H    0     0                     -92.5458750 -106.39582  15.0%     -    1s
H    0     0                     -92.6185547 -106.39582  14.9%     -    1s
H    0     0                     -92.6472367 -106.39582  14.8%     -    1s
H    0     0                     -92.6583089 -106.39582  14.8%     -    1s
H    0     0                     -92.7107510 -106.39582  14.8%     -    1s
H    0     0                     -93.7283770 -106.39582  13.5%     -    1s
     0     0 -106.39279    0  500  -93.72838 -106.39279  13.5%     -   10s
     0     2 -106.39279    0  500  -93.72838 -106.39279  13.5%     -   11s
    51   112 -106.38851    6  494  -93.72838 -106.39115  13.5%   2.1   15s
   171   212 -106.38491    9  491  -93.72838 -106.39115  13.5%   2.2   20s
   211   580 -106.38563   10  490  -93.72838 -106.39115  13.5%   2.2   31s
   579  1036 -106.37356   22  478  -93.72838 -106.39115  13.5%   2.3   41s
  1035  1056 -106.35485   42  458  -93.72838 -106.39115  13.5%   2.3   45s
  1055  1148 -106.35302   42  458  -93.72838 -106.39115  13.5%   2.3   52s
  1147  1530 -106.35331   43  457  -93.72838 -106.39115  13.5%   2.3   64s
  1529  2228 -106.33076   64  436  -93.72838 -106.39115  13.5%   2.4   77s
  2227  3015 -106.30691   89  414  -93.72838 -106.39115  13.5%   2.6   90s
  3014  3566 -106.27277  118  389  -93.72838 -106.39115  13.5%   2.9   99s
  3565  4176 -106.24808  139  374  -93.72838 -106.39115  13.5%   3.1  108s
  4175  4713 -106.22192  158  356  -93.72838 -106.39115  13.5%   3.4  117s
  4712  5226 -106.19730  174  343  -93.72838 -106.39115  13.5%   3.7  128s
  5225  5579 -106.16824  190  331  -93.72838 -106.39115  13.5%   4.1  135s
  5578  6071 -106.14962  202  325  -93.72838 -106.39115  13.5%   4.4  143s
  6070  6554 -106.12412  215  319  -93.72838 -106.39115  13.5%   4.7  150s
  6553  7019 -106.09542  228  309  -93.72838 -106.39115  13.5%   5.1  157s
  7018  7476 -106.07088  239  311  -93.72838 -106.39115  13.5%   5.5  163s
  7475  7922 -106.03838  250  300  -93.72838 -106.39115  13.5%   5.9  170s
  7961  7982 -106.00217  262  301  -93.72838 -106.39115  13.5%   6.3  175s
  8018  8452 -105.99999  263  301  -93.72838 -106.39115  13.5%   6.3  185s
  8451  8891 -105.97563  274  293  -93.72838 -106.39115  13.5%   6.8  192s
  8890  9301 -105.94696  286  287  -93.72838 -106.39115  13.5%   7.2  197s
  9300  9732 -105.90676  297  280  -93.72838 -106.39115  13.5%   7.6  203s
  9731 10132 -105.87455  307  280  -93.72838 -106.39115  13.5%   8.1  209s
H 9943 10132                     -93.8638598 -106.39115  13.3%   8.2  209s
H10131 10615                     -94.2789600 -106.39115  12.8%   8.5  215s
 10614 11120 -105.76382  334  263  -94.27896 -106.39115  12.8%   9.0  220s
 11125 11669 -105.72229  347  268  -94.27896 -106.39115  12.8%   9.4  230s
 11687 11670 -106.16447  194  500  -94.27896 -106.39115  12.8%   9.8  393s
H11688 11087                     -94.4926875 -106.39115  12.6%   9.8  394s
 11689 11087 -106.33536   60  500  -94.49269 -106.39115  12.6%   9.8  396s
 11722 11130 -106.38887   20  495  -94.49269 -106.39115  12.6%   9.8  400s
 11856 11277 -106.38144   24  491  -94.49269 -106.39032  12.6%   9.7  406s
 11973 11312 -106.37915   27  488  -94.49269 -106.39032  12.6%   9.6  411s
 12041 11365 -106.37633   28  487  -94.49269 -106.39032  12.6%   9.6  419s
 12083 11524 -106.37754   29  486  -94.49269 -106.39032  12.6%   9.5  424s
 12256 11825 -106.37310   33  482  -94.49269 -106.39032  12.6%   9.4  435s
 12615 12070 -106.36280   41  474  -94.49269 -106.39032  12.6%   9.2  444s
 12979 11968 -106.34882   50  465  -94.49269 -106.39032  12.6%   9.1  446s
 13019 12016 -106.34681   51  464  -94.49269 -106.39032  12.6%   9.0  451s
 13060 12576 -106.34548   52  463  -94.49269 -106.39032  12.6%   9.0  462s
 13634 12834 -106.32583   65  450  -94.49269 -106.39032  12.6%   8.7  471s
 14083 13059 -106.31605   74  441  -94.49269 -106.39032  12.6%   8.6  479s
 14458 13268 -106.31039   81  434  -94.49269 -106.39032  12.6%   8.4  486s
 14792 13468 -106.29929   88  427  -94.49269 -106.39032  12.6%   8.3  493s
 15103 13668 -106.29745   95  420  -94.49269 -106.39032  12.6%   8.2  498s
 15407 13886 -106.29246  101  415  -94.49269 -106.39032  12.6%   8.1  505s
 15726 14053 -106.28760  108  408  -94.49269 -106.39032  12.6%   8.0  510s
 16139 14318 -106.27981  117  399  -94.49269 -106.39032  12.6%   8.0  519s
 16402 14505 -106.27258  123  394  -94.49269 -106.39032  12.6%   7.9  524s
 16677 14601 -106.27122  129  388  -94.49269 -106.39032  12.6%   7.9  528s
 16864 14806 -106.26607  133  384  -94.49269 -106.39032  12.6%   7.8  534s
 17132 14737 -106.26172  139  381  -94.49269 -106.39032  12.6%   7.8  537s
 17152 14750 -106.26292  140  380  -94.49269 -106.39032  12.6%   7.8  543s
 17172 14764 -106.25892  140  379  -94.49269 -106.39032  12.6%   7.8  549s
 17192 14777 -106.26229  141  379  -94.49269 -106.39032  12.6%   7.8  555s
 17212 14790 -106.25952  141  381  -94.49269 -106.39032  12.6%   7.8  585s
 17232 14804 -106.26158  142  378  -94.49269 -106.39032  12.6%   7.8  592s
 17252 14817 -106.25828  142  380  -94.49269 -106.39032  12.6%   7.8  601s
 17272 14830 -106.26078  143  377  -94.49269 -106.39032  12.6%   7.8  609s
 17292 14844 -106.25665  143  378  -94.49269 -106.39032  12.6%   7.8  643s
 17312 14857 -106.25912  144  375  -94.49269 -106.39032  12.6%   7.8  651s
 17332 14870 -106.25884  144  378  -94.49269 -106.39032  12.6%   7.8  658s
H17341 14312                     -95.0585371 -106.39032  11.9%   7.8  658s
 17352 14561 -106.25856  145  374  -95.05854 -106.39032  11.9%   7.8  662s
 17604 14843 -106.25120  151  370  -95.05854 -106.39032  11.9%   7.8  668s
 17970 15063 -106.23955  160  363  -95.05854 -106.39032  11.9%   7.8  674s
 18312 15335 -106.23167  167  357  -95.05854 -106.39032  11.9%   7.8  681s
 18698 15612 -106.22828  177  352  -95.05854 -106.39032  11.9%   7.8  688s
 19104 15791 -106.21739  186  342  -95.05854 -106.39032  11.9%   7.8  693s
 19418 16130 -106.21296  194  338  -95.05854 -106.39032  11.9%   7.8  701s
 19862 16420 -106.20055  204  334  -95.05854 -106.39032  11.9%   7.9  708s
 20300 16735 -106.19855  215  322  -95.05854 -106.39032  11.9%   8.0  715s
 20761 17015 -106.18797  226  311  -95.05854 -106.39032  11.9%   8.1  721s
 21195 17351 -106.17998  236  307  -95.05854 -106.39032  11.9%   8.3  728s
 21675 17691 -106.16915  247  306  -95.05854 -106.39032  11.9%   8.4  735s
 22189 17988 -106.15242  258  305  -95.05854 -106.39032  11.9%   8.7  742s
 22674 18299 -106.13347  268  298  -95.05854 -106.38812  11.9%   8.9  751s
 23166 18811 -106.11936  280  289  -95.05854 -106.38812  11.9%   9.1  767s
 23878 19054 -106.08416  295  281  -95.05854 -106.38812  11.9%   9.3  777s
 24365 19427 -106.05524  306  285  -95.05854 -106.38795  11.9%   9.5  787s
 24900 19754 -106.03759  318  271  -95.05854 -106.38795  11.9%   9.6  797s
 25405 20205 -106.00931  330  270  -95.05854 -106.38795  11.9%   9.8  810s
 26025 20643 -105.98362  344  271  -95.05854 -106.38795  11.9%  10.0  821s
 26669 21032 -105.96491  359  261  -95.05854 -106.38795  11.9%  10.3  831s
 27273 21510 -105.95424  372  258  -95.05854 -106.38795  11.9%  10.5  843s
 27952 21931 -105.93584  387  256  -95.05854 -106.38795  11.9%  10.7  855s
 28600 22315 -105.89670  402  254  -95.05854 -106.38795  11.9%  11.0  865s
 29220 22399 -105.88387  417  247  -95.05854 -106.38795  11.9%  11.3  874s
 29490 23081 -105.88454  424  241  -95.05854 -106.38795  11.9%  11.4  886s
 30262 23539 -105.84609  442  240  -95.05854 -106.38795  11.9%  11.7  897s
 30978 23321 -105.80682  459  230  -95.05854 -106.38795  11.9%  12.1  902s
 30998 23788 -105.78880  459  225  -95.05854 -106.38795  11.9%  12.1  910s
 31472 24505 -105.78589  470  231  -95.05854 -106.38795  11.9%  12.3  921s
 32347 25171 -105.74548  490  220  -95.05854 -106.38795  11.9%  12.8  932s
 33317 25763 -105.69553  511  209  -95.05854 -106.38795  11.9%  13.4  947s
 34243 26417 -105.61963  531  211  -95.05854 -106.38794  11.9%  13.9  966s
 35223 27016 -105.50589  551  193  -95.05854 -106.38794  11.9%  14.4  986s
 36148 27578 -105.43780  571  191  -95.05854 -106.38794  11.9%  15.0 1004s
 37019 28109 -105.34892  588  175  -95.05854 -106.38794  11.9%  15.7 1020s
 37840 27855 -105.22547  606  169  -95.05854 -106.38794  11.9%  16.4 1030s
 37860 27869 -105.18257  606  171  -95.05854 -106.38794  11.9%  16.4 1056s
 37880 27882 -105.17214  607  172  -95.05854 -106.38794  11.9%  16.4 1079s
 37900 27895 -105.20997  607  168  -95.05854 -106.38794  11.9%  16.4 1103s
 37920 27909 -105.18788  608  168  -95.05854 -106.38794  11.9%  16.5 1120s
H37926 27366                     -95.4520013 -106.38794  11.5%  16.5 1120s
H37940 27859                     -95.4609875 -106.38794  11.4%  16.5 1134s
 38939 28560 -105.00720  632  159  -95.46099 -106.38794  11.4%  17.3 1143s
 39973 29351 -104.75094  657  146  -95.46099 -106.38794  11.4%  18.3 1152s
 41157 30386 -104.53516  686  142  -95.46099 -106.38794  11.4%  19.4 1182s
 42429 30563 -104.23219  717  125  -95.46099 -106.38767  11.4%  20.4 1192s
 42642 31875 -104.18314  722  122  -95.46099 -106.38765  11.4%  20.6 1221s
 44066 32609 -106.37177   40  475  -95.46099 -106.38758  11.4%  21.0 1259s
 44834 34775 -106.36032   63  453  -95.46099 -106.38758  11.4%  21.4 1296s
 47064 37677 -106.23072  231  334  -95.46099 -106.38758  11.4%  21.4 1359s
 50177 39110 -105.78109  452  250  -95.46099 -106.38758  11.4%  21.2 1386s
 51630 40660 -105.00207  545  211  -95.46099 -106.38758  11.4%  21.1 1413s
 53274 42154 -104.15242  653  173  -95.46099 -106.38758  11.4%  20.9 1442s
 54936 43722 infeasible  751       -95.46099 -106.38705  11.4%  20.7 1468s
 56556 45693 -106.35776   58  457  -95.46099 -106.38697  11.4%  20.3 1496s
 58559 47662 -106.23306  185  357  -95.46099 -106.38697  11.4%  19.8 1528s
 60528 49394 -105.95443  320  294  -95.46099 -106.38697  11.4%  19.4 1556s
 62260 51254 -105.49400  432  262  -95.46099 -106.38697  11.4%  19.2 1585s
 64120 53294 -104.22412  557  219  -95.46099 -106.38697  11.4%  19.0 1616s
 66174 55078 -102.46969  681  179  -95.46099 -106.38697  11.4%  19.0 1644s
 68114 55628  -99.29100  805  137  -95.46099 -106.38689  11.4%  18.9 1682s
 68686 57833 -106.30095  104  418  -95.46099 -106.38689  11.4%  18.8 1714s
 70891 61277 -106.09363  258  318  -95.46099 -106.38689  11.4%  18.6 1757s
 74335 63002 -104.99346  491  231  -95.46099 -106.38689  11.4%  18.4 1777s
 76060 64942 -103.65443  598  206  -95.46099 -106.38689  11.4%  18.4 1801s
 78000 64962 -101.17724  724  166  -95.46099 -106.38689  11.4%  18.6 1818s
 78020 64982 -101.16423  725  166  -95.46099 -106.38689  11.4%  18.6 1863s
 78040 65002 -101.15264  726  168  -95.46099 -106.38689  11.4%  18.6 1895s
 78060 65022 -101.14749  727  167  -95.46099 -106.38689  11.4%  18.6 1923s
 78080 65042 -101.14085  728  167  -95.46099 -106.38689  11.4%  18.6 1947s
 78100 65062 -101.12770  729  168  -95.46099 -106.38689  11.4%  18.6 1968s
 78120 65503 -101.12119  730  168  -95.46099 -106.38689  11.4%  18.6 1988s
 78577 67499 -100.44809  745  167  -95.46099 -106.38689  11.4%  18.7 2020s
 80775 69800 -106.37093   41  474  -95.46099 -106.38689  11.4%  18.8 2056s
 83300 72386 -106.21647  214  339  -95.46099 -106.38689  11.4%  18.9 2093s
 86021 74635 -105.83466  385  268  -95.46099 -106.38584  11.4%  18.6 2120s
 88280 77077 -105.17649  505  236  -95.46099 -106.38584  11.4%  18.4 2147s
 90722 79153 -103.50971  631  205  -95.46099 -106.38584  11.4%  18.3 2167s
 92837 81032 -101.13785  737  170  -95.46099 -106.38584  11.4%  18.4 2194s
 94870 83861     cutoff  847       -95.46099 -106.38571  11.4%  18.5 2249s
 97749 86124 -106.32581   67  448  -95.46099 -106.38569  11.4%  18.5 2289s
 100226 88167 -106.25013  109  416  -95.46099 -106.38569  11.4%  18.5 2322s
 102314 90362 -106.20374  136  390  -95.46099 -106.38562  11.4%  18.5 2355s
 104509 92294 -106.16843  161  372  -95.46099 -106.38562  11.4%  18.4 2385s
 106441 94270 -106.09208  180  358  -95.46099 -106.38562  11.4%  18.5 2416s
 108577 96017 -106.05618  197  348  -95.46099 -106.38562  11.4%  18.6 2444s
 110344 98272 -105.99039  219  330  -95.46099 -106.38562  11.4%  18.6 2476s
 112607 100661 -105.92182  240  325  -95.46099 -106.38562  11.4%  18.7 2506s
 115249 102657 -105.81200  271  312  -95.46099 -106.38562  11.4%  18.7 2536s
 117368 104603 -105.75588  286  305  -95.46099 -106.38560  11.4%  18.6 2568s
 119314 107259 -105.68714  309  290  -95.46099 -106.38560  11.4%  18.5 2617s
 121970 109036 -105.57590  338  276  -95.46099 -106.38560  11.4%  18.6 2647s
 123890 111042 -105.49511  354  280  -95.46099 -106.38560  11.4%  18.7 2678s
 125962 113056 -105.37350  373  267  -95.46099 -106.38506  11.4%  18.8 2708s
 128028 115284 -105.18680  397  266  -95.46099 -106.38506  11.4%  18.8 2741s
 130394 117418 -105.07018  413  262  -95.46099 -106.38506  11.4%  18.8 2772s
 132528 119637 -105.00736  425  256  -95.46099 -106.38506  11.4%  18.7 2799s
 134747 121766 -104.91206  441  252  -95.46099 -106.38506  11.4%  18.7 2818s
 136876 123784 -104.73283  459  253  -95.46099 -106.38506  11.4%  18.8 2849s
 138909 125574 -104.66603  471  251  -95.46099 -106.38506  11.4%  18.9 2873s
 140701 127374 -104.49966  492  236  -95.46099 -106.38506  11.4%  19.0 2891s
 142661 129890 -104.40009  504  235  -95.46099 -106.38506  11.4%  19.2 2931s
 145355 132016 -104.12557  524  234  -95.46099 -106.38506  11.4%  19.2 2958s
 147576 133615 -103.96814  546  234  -95.46099 -106.38506  11.4%  19.3 2987s
 149269 135554 -103.86131  553  228  -95.46099 -106.38506  11.4%  19.4 3021s
 151449 137279 -103.77051  564  230  -95.46099 -106.38506  11.4%  19.4 3057s
 153197 139252 -103.57459  578  229  -95.46099 -106.38466  11.4%  19.4 3095s
 155309 141320 -103.46615  588  219  -95.46099 -106.38466  11.4%  19.4 3132s
 157554 143403 -103.26521  597  213  -95.46099 -106.38466  11.4%  19.4 3166s
 159671 145631 -102.98664  617  213  -95.46099 -106.38464  11.4%  19.3 3199s
 161952 147637 -102.80524  631  211  -95.46099 -106.38464  11.4%  19.2 3229s
 163958 149447 -102.68171  643  216  -95.46099 -106.38464  11.4%  19.1 3256s
 165796 149467 -102.51438  655  210  -95.46099 -106.38464  11.4%  19.1 3283s
 165816 168952 -102.61461  651  206  -95.46099 -106.38464  11.4%  19.1 3700s
 185816 173795  -98.68397  818  161  -95.46099 -106.38464  11.4%  19.1 3731s
 190795 178174  -98.27271  833  161  -95.46099 -106.38464  11.4%  19.2 3773s
 195342 179926  -97.79758  847  153  -95.46099 -106.38464  11.4%  19.1 3788s
 197094 181757  -97.45119  856  152  -95.46099 -106.38464  11.4%  19.1 3803s
 199028 183191  -97.04930  864  149  -95.46099 -106.38464  11.4%  19.1 3821s
 200462 184596  -96.86413  875  148  -95.46099 -106.38464  11.4%  19.1 3837s
 201869 185927     cutoff  890       -95.46099 -106.38464  11.4%  19.1 3853s
 203286 187326 -106.37797   27  488  -95.46099 -106.38464  11.4%  19.1 3874s
 204735 188822 -106.28764  131  389  -95.46099 -106.38464  11.4%  19.2 3896s
 206265 190294 -106.13791  242  318  -95.46099 -106.38427  11.4%  19.2 3914s
 207761 191922 -105.88457  343  277  -95.46099 -106.38427  11.4%  19.2 3933s
 209500 193590 -105.37973  452  249  -95.46099 -106.38427  11.4%  19.3 3958s
 211380 195486 -104.50209  544  215  -95.46099 -106.38427  11.4%  19.3 3983s
 213332 197374 -103.24206  627  190  -95.46099 -106.38427  11.4%  19.2 4004s
 215220 200096 -101.48462  703  173  -95.46099 -106.38427  11.4%  19.2 4031s
 217942 201888  -96.52133  835  140  -95.46099 -106.38427  11.4%  19.3 4053s
 219755 203880 -106.35629   50  466  -95.46099 -106.38427  11.4%  19.3 4087s
 221837 206484 -106.28988   88  428  -95.46099 -106.38427  11.4%  19.4 4121s
 224557 208394 -106.21340  123  398  -95.46099 -106.38427  11.4%  19.5 4150s
 226574 210217 -106.17139  149  375  -95.46099 -106.38425  11.4%  19.6 4177s
 228544 212214 -106.11355  173  362  -95.46099 -106.38425  11.4%  19.6 4205s
 230588 213916 -106.07867  191  350  -95.46099 -106.38400  11.4%  19.6 4229s
 232358 215834 -105.99834  212  339  -95.46099 -106.38400  11.4%  19.6 4255s
 234308 217672 -105.94199  232  324  -95.46099 -106.38400  11.4%  19.6 4280s
 236152 219416 -105.88667  255  312  -95.46099 -106.38400  11.4%  19.7 4304s
 237940 221281 -105.78812  278  302  -95.46099 -106.38400  11.4%  19.8 4328s
 239879 223837 -105.67514  306  294  -95.46099 -106.38400  11.4%  19.8 4361s
 242609 225688 -105.61356  326  289  -95.46099 -106.38400  11.4%  19.9 4382s
 244534 227985 -105.54849  342  283  -95.46099 -106.38394  11.4%  19.9 4405s
 246871 229854 -105.50115  353  277  -95.46099 -106.38394  11.4%  19.9 4429s
 248740 231631 -105.40760  366  276  -95.46099 -106.38394  11.4%  19.9 4447s
 250517 233421 -105.30680  381  272  -95.46099 -106.38394  11.4%  20.0 4466s
 252374 235239 -105.14340  404  263  -95.46099 -106.38394  11.4%  20.1 4490s
 254271 237153 -105.06663  417  270  -95.46099 -106.38386  11.4%  20.1 4514s
 256420 237173 -104.85166  438  255  -95.46099 -106.38386  11.4%  20.2 4528s
 256440 237462 -104.80348  441  256  -95.46099 -106.38386  11.4%  20.2 4558s
 256746 237886 -104.84534  440  255  -95.46099 -106.38386  11.4%  20.2 4586s
 257198 238221 -104.83643  441  259  -95.46099 -106.38386  11.4%  20.2 4615s
 257541 238535 -104.80254  442  256  -95.46099 -106.38382  11.4%  20.2 4640s
 257855 238824 -104.84531  441  254  -95.46099 -106.38382  11.4%  20.2 4658s
 258144 239730 -104.81331  441  253  -95.46099 -106.38382  11.4%  20.2 4678s
 259050 242364 -104.70238  453  255  -95.46099 -106.38382  11.4%  20.2 4722s
 261841 244903 -104.55075  474  248  -95.46099 -106.38382  11.4%  20.3 4760s
 264541 247660 -104.28106  501  246  -95.46099 -106.38382  11.4%  20.2 4801s
 267441 249392 -104.11741  519  236  -95.46099 -106.38382  11.4%  20.2 4828s
 269292 251133 -103.97063  536  234  -95.46099 -106.38382  11.4%  20.2 4852s
 271189 253120 -103.86413  545  236  -95.46099 -106.38378  11.4%  20.2 4878s
 273176 254690 -103.64243  563  226  -95.46099 -106.38378  11.4%  20.2 4897s
 274784 256555 -103.42079  571  220  -95.46099 -106.38378  11.4%  20.2 4921s
 276867 258581 -103.30694  586  219  -95.46099 -106.38376  11.4%  20.2 4949s
 279045 260744 -103.07470  601  212  -95.46099 -106.38372  11.4%  20.2 4975s
 281247 262755 -102.81112  618  213  -95.46099 -106.38372  11.4%  20.2 4998s
 283334 264421 -102.60003  632  208  -95.46099 -106.38372  11.4%  20.2 5020s
 285016 266293 -102.51525  641  205  -95.46099 -106.38372  11.4%  20.1 5041s
 287037 268063 -102.40598  653  201  -95.46099 -106.38368  11.4%  20.1 5062s
 288807 270592 -102.28788  661  200  -95.46099 -106.38368  11.4%  20.2 5093s
 291336 272310 -101.87785  677  191  -95.46099 -106.38368  11.4%  20.2 5111s
 293285 274319 -101.79448  687  188  -95.46099 -106.38368  11.4%  20.2 5137s
 295348 276740 -101.65604  696  184  -95.46099 -106.38363  11.4%  20.2 5163s
 297828 278835 -101.31876  707  189  -95.46099 -106.38363  11.4%  20.3 5185s
 299999 280781 -101.10365  718  184  -95.46099 -106.38358  11.4%  20.2 5210s
 301945 282557 -100.97106  726  183  -95.46099 -106.38358  11.4%  20.3 5228s
 303781 284208 -100.78079  740  182  -95.46099 -106.38358  11.4%  20.3 5250s
 305516 285958 -100.55111  747  180  -95.46099 -106.38357  11.4%  20.3 5274s
 307300 287683 -100.44533  755  173  -95.46099 -106.38357  11.4%  20.4 5295s
 309275 289463  -99.88895  779  172  -95.46099 -106.38357  11.4%  20.4 5325s
 311155 291432  -99.66565  785  169  -95.46099 -106.38348  11.4%  20.4 5358s
 313152 293627  -99.43003  797  163  -95.46099 -106.38348  11.4%  20.4 5399s
 315384 295744  -98.67731  820  154  -95.46099 -106.38348  11.4%  20.4 5432s
 317585 296770  -98.21666  834  152  -95.46099 -106.38348  11.4%  20.4 5463s
 318659 299214  -97.48513  847  142  -95.46099 -106.38348  11.4%  20.4 5495s
 321117 301355  -96.84190  863  137  -95.46099 -106.38348  11.4%  20.4 5524s
 323342 303496  -95.92809  878  137  -95.46099 -106.38347  11.4%  20.4 5553s
 325576 305617 -106.35086   53  463  -95.46099 -106.38347  11.4%  20.4 5583s
 327697 307776 -106.17894  211  340  -95.46099 -106.38347  11.4%  20.4 5608s
 329856 310048 -105.80901  359  266  -95.46099 -106.38347  11.4%  20.5 5633s
 332298 311864 -105.05841  492  228  -95.46099 -106.38347  11.4%  20.5 5657s
 334169 313814 -103.76246  594  204  -95.46099 -106.38341  11.4%  20.5 5684s
 336137 316126 -102.11876  680  188  -95.46099 -106.38341  11.4%  20.6 5719s
 338553 316146  -99.67222  785  168  -95.46099 -106.38328  11.4%  20.6 5735s
 338573 316166  -99.63027  786  162  -95.46099 -106.38328  11.4%  20.6 5776s
 338593 316186  -99.59994  787  165  -95.46099 -106.38328  11.4%  20.6 5807s
 338613 316206  -99.55501  788  171  -95.46099 -106.38328  11.4%  20.6 5835s
 338633 316226  -99.54230  789  170  -95.46099 -106.38328  11.4%  20.6 5857s
 338653 316256  -99.52812  790  170  -95.46099 -106.38328  11.4%  20.6 5880s
 338683 317026  -99.19958  798  159  -95.46099 -106.38328  11.4%  20.6 5897s
 339453 319605  -97.35751  854  154  -95.46099 -106.38328  11.4%  20.6 5927s
 342144 322095 -106.30637  105  413  -95.46099 -106.38328  11.4%  20.7 5963s
 344634 323378 -106.03174  293  298  -95.46099 -106.38328  11.4%  20.8 5993s
 345987 325691 -105.87126  348  273  -95.46099 -106.38328  11.4%  20.8 6027s
 348635 328379 -104.79153  525  213  -95.46099 -106.38328  11.4%  20.9 6065s
 351455 330937 -102.90725  668  174  -95.46099 -106.38328  11.4%  20.9 6095s
 354090 333360  -99.98386  793  146  -95.46099 -106.38328  11.4%  21.0 6126s
 356654 334518  -95.86248  879  124  -95.46099 -106.38309  11.4%  21.0 6158s
 357903 336865 -106.35904   45  470  -95.46099 -106.38309  11.4%  21.0 6191s
 360282 339258 -106.20368  220  333  -95.46099 -106.38308  11.4%  21.0 6219s
 362751 341150 -105.82405  409  258  -95.46099 -106.38308  11.4%  21.1 6244s
 364971 342976 -104.74888  535  207  -95.46099 -106.38308  11.4%  21.1 6269s
 366977 345131 -103.25893  616  189  -95.46099 -106.38308  11.4%  21.1 6294s
 369218 347242 -101.73215  686  176  -95.46099 -106.38308  11.4%  21.1 6314s
 371396 349313  -99.68737  753  164  -95.46099 -106.38308  11.4%  21.1 6335s
 373603 351416  -97.27965  827  147  -95.46099 -106.38308  11.4%  21.1 6363s
 375753 353607 -106.37562   28  487  -95.46099 -106.38308  11.4%  21.1 6391s
 377970 355557 -106.26339  161  370  -95.46099 -106.38308  11.4%  21.1 6416s
 379920 357485 -106.04671  288  298  -95.46099 -106.38308  11.4%  21.2 6434s
 382052 359492 -105.65830  401  254  -95.46099 -106.38308  11.4%  21.2 6462s
 384345 362031 -105.04974  510  221  -95.46099 -106.38302  11.4%  21.2 6495s
 386937 364022 -103.52030  645  188  -95.46099 -106.38302  11.4%  21.2 6517s
 388967 365825 -101.84143  734  160  -95.46099 -106.38302  11.4%  21.2 6536s
 390841 367736  -99.34127  816  141  -95.46099 -106.38302  11.4%  21.2 6561s
 392907 369611  -95.51702  886  127  -95.46099 -106.38302  11.4%  21.3 6589s
 394881 371289 -106.27436  127  392  -95.46099 -106.38297  11.4%  21.3 6610s
 396590 373214 -106.12281  249  318  -95.46099 -106.38297  11.4%  21.3 6637s
 398515 374938 -105.70390  385  264  -95.46099 -106.38297  11.4%  21.3 6655s
 400287 376893 -105.00736  497  230  -95.46099 -106.38297  11.4%  21.4 6686s
 402460 378870 -103.85370  605  197  -95.46099 -106.38297  11.4%  21.4 6710s
 404603 380786 -102.23064  696  168  -95.46099 -106.38297  11.4%  21.4 6732s
 406519 382873 -100.34493  780  156  -95.46099 -106.38297  11.4%  21.4 6755s
 408606 385158  -96.35215  887  126  -95.46099 -106.38297  11.4%  21.5 6785s
 410983 387354 -106.20127  161  375  -95.46099 -106.38297  11.4%  21.5 6813s
 413204 389487 -105.85901  312  283  -95.46099 -106.38297  11.4%  21.5 6841s
 415429 392106 -105.39235  430  247  -95.46099 -106.38297  11.4%  21.6 6871s
 418203 393512 -104.55401  550  201  -95.46099 -106.38297  11.4%  21.6 6895s
 419855 395618 -103.74548  648  180  -95.46099 -106.38297  11.4%  21.6 6923s
 421968 397578 -102.55979  768  135  -95.46099 -106.38293  11.4%  21.6 6948s
 423928 397598 -100.64162  892  109  -95.46099 -106.38293  11.4%  21.6 6960s
 423948 397618 -100.63261  893  108  -95.46099 -106.38293  11.4%  21.6 7006s
 423968 398006 -100.61451  894  107  -95.46099 -106.38293  11.4%  21.6 7032s
 424356 398531  -97.88715 1078   62  -95.46099 -106.38293  11.4%  21.6 7058s
 424971 399090 -106.31645  102  414  -95.46099 -106.38293  11.4%  21.6 7081s
 425552 399542 -106.14307  228  336  -95.46099 -106.38293  11.4%  21.6 7112s
 426004 400162 -105.75641  371  276  -95.46099 -106.38293  11.4%  21.5 7134s
 426628 401962 -104.99671  503  225  -95.46099 -106.38293  11.4%  21.5 7166s
 428466 404390 -103.68734  600  194  -95.46099 -106.38293  11.4%  21.6 7201s
 430904 406720 -101.19200  715  161  -95.46099 -106.38293  11.4%  21.6 7238s
 433242 408759  -96.57956  827  149  -95.46099 -106.38293  11.4%  21.7 7274s
 435647 410269 -106.26030  151  376  -95.46099 -106.38290  11.4%  21.7 7295s
 437311 412873 -106.09449  256  320  -95.46099 -106.38290  11.4%  21.7 7326s
 440112 415244 -105.67278  415  260  -95.46099 -106.38272  11.4%  21.7 7355s
 442483 417362 -104.86357  536  228  -95.46099 -106.38272  11.4%  21.7 7379s
 444601 419254 -103.66406  632  195  -95.46099 -106.38272  11.4%  21.7 7401s
 446503 420993 -102.18665  724  177  -95.46099 -106.38272  11.4%  21.7 7421s
 448322 422755 -100.09325  812  149  -95.46099 -106.38272  11.4%  21.7 7442s
 450084 424464  -96.99385  921  127  -95.46099 -106.38272  11.4%  21.8 7462s
 452036 426475 -106.31610  106  415  -95.46099 -106.38272  11.4%  21.8 7487s
 454215 428866 -106.18845  238  319  -95.46099 -106.38272  11.4%  21.8 7514s
 456814 430830 -105.91626  377  261  -95.46099 -106.38272  11.4%  21.8 7547s
 458778 433795 -105.55691  476  235  -95.46099 -106.38272  11.4%  21.7 7571s
 461743 435857 -103.87294  620  199  -95.46099 -106.38272  11.4%  21.7 7588s
 463805 437817 -102.11517  722  171  -95.46099 -106.38272  11.4%  21.7 7606s
 465765 439825  -99.58154  803  156  -95.46099 -106.38272  11.4%  21.7 7623s
 467789 442370  -95.73373  881  141  -95.46099 -106.38272  11.4%  21.8 7644s
 470669 444944 -106.31223  116  402  -95.46099 -106.38271  11.4%  21.9 7667s
 473642 447061 -106.18815  231  323  -95.46099 -106.38252  11.4%  21.8 7692s
 475838 449196 -105.97374  344  275  -95.46099 -106.38246  11.4%  21.8 7715s
 477996 451196 -105.57279  455  241  -95.46099 -106.38246  11.4%  21.7 7735s
 479996 453735 -104.82466  539  213  -95.46099 -106.38246  11.4%  21.7 7759s
 482535 455552 -103.21265  632  197  -95.46099 -106.38246  11.4%  21.7 7772s
 484352 457172 -101.65963  714  175  -95.46099 -106.38246  11.4%  21.7 7784s
 485972 458938  -99.88668  790  167  -95.46099 -106.38246  11.4%  21.8 7797s
 487786 460642  -96.86055  886  138  -95.46099 -106.38246  11.4%  21.9 7821s
 490097 463265 -106.36642   38  477  -95.46099 -106.38230  11.4%  21.9 7853s
 492849 465613 -106.20680  190  352  -95.46099 -106.38230  11.4%  21.8 7881s
 495254 467903 -105.94426  321  280  -95.46099 -106.38230  11.4%  21.8 7909s
 497548 469636 -105.35603  440  233  -95.46099 -106.38230  11.4%  21.8 7933s
 499281 471289 -104.64291  529  222  -95.46099 -106.38230  11.4%  21.8 7957s
 500934 472629 -103.53510  622  195  -95.46099 -106.38230  11.4%  21.8 7984s
 502274 474342 -102.50855  689  174  -95.46099 -106.38230  11.4%  21.8 8009s
 504033 476390 -100.68498  786  152  -95.46099 -106.38230  11.4%  21.9 8042s
 506670 476408 -106.38163   29  486  -95.46099 -106.38230  11.4%  22.0 8054s
 506692 476426 -106.38126   30  485  -95.46099 -106.38230  11.4%  22.0 8083s
 506714 476446 -106.38089   31  484  -95.46099 -106.38230  11.4%  22.0 8111s
 506734 476466 -106.38031   32  483  -95.46099 -106.38230  11.4%  22.0 8140s
 506754 476485 -106.37843   33  482  -95.46099 -106.38230  11.4%  22.0 8167s
 506775 476502 -106.37693   34  481  -95.46099 -106.38230  11.4%  22.0 8189s
H506779 475457                     -95.6763435 -106.38230  11.2%  22.0 8189s
 506796 477641 -106.37639   35  479  -95.67634 -106.38230  11.2%  22.0 8216s
H507382 477589                     -95.6872113 -106.38230  11.2%  22.0 8216s
 509150 479858 -106.25658  162  370  -95.68721 -106.38229  11.2%  21.9 8240s
 511443 480845 -106.06568  291  297  -95.68721 -106.38229  11.2%  21.9 8253s
 512430 483405 -105.91100  347  274  -95.68721 -106.38229  11.2%  21.9 8283s
 514990 485518 -105.22373  490  230  -95.68721 -106.38229  11.2%  21.8 8304s
 517103 487390 -104.06237  600  200  -95.68721 -106.38229  11.2%  21.9 8323s
 518975 489248 -102.67206  695  173  -95.68721 -106.38229  11.2%  21.9 8342s
 520876 491031 -100.29833  788  156  -95.68721 -106.38229  11.2%  22.0 8367s
 522850 492899  -96.57853  883  142  -95.68721 -106.38229  11.2%  22.1 8392s
 525168 495262 -106.32766   86  430  -95.68721 -106.38226  11.2%  22.1 8422s
 527775 498170 -106.17330  223  328  -95.68721 -106.38226  11.2%  22.0 8456s
 530735 500151 -105.79670  380  266  -95.68721 -106.38226  11.2%  22.0 8472s
 532716 502005 -105.22203  479  225  -95.68721 -106.38226  11.2%  22.0 8485s
 534570 503829 -104.43966  556  209  -95.68721 -106.38226  11.2%  22.0 8497s
 536436 505438 -103.27676  640  197  -95.68721 -106.38226  11.2%  22.0 8522s
 538045 506967 -101.94720  714  170  -95.68721 -106.38226  11.2%  22.0 8546s
 539599 508405  -99.82577  791  159  -95.68721 -106.38226  11.2%  22.1 8569s
 541187 510364  -95.70937  862  146  -95.68721 -106.38226  11.2%  22.1 8597s
 543439 512571 -106.20977  145  377  -95.68721 -106.38214  11.2%  22.1 8624s
 545841 514494 -105.90118  281  292  -95.68721 -106.38214  11.2%  22.1 8645s
 547773 516540 -105.50848  385  250  -95.68721 -106.38214  11.2%  22.1 8664s
 549933 518419 -104.90112  504  213  -95.68721 -106.38214  11.2%  22.0 8686s
 551816 520991 -103.99804  616  180  -95.68721 -106.38214  11.2%  22.0 8711s
 554476 523040 -102.17907  783  135  -95.68721 -106.38214  11.2%  22.1 8731s
 556525 525717  -99.58108  967   83  -95.68721 -106.38214  11.2%  22.1 8746s
 559361 527639 -106.36700   38  477  -95.68721 -106.38214  11.2%  22.1 8769s
 561407 529244 -106.33413   67  448  -95.68721 -106.38214  11.2%  22.1 8796s
 563052 530459 -106.30094  101  415  -95.68721 -106.38214  11.2%  22.1 8821s
 564375 532216 -106.27538  135  388  -95.68721 -106.38214  11.2%  22.1 8848s
 566256 533985 -106.22620  173  357  -95.68721 -106.38214  11.2%  22.1 8877s
 568025 535764 -106.18851  210  334  -95.68721 -106.38214  11.2%  22.1 8907s
 569851 537602 -106.12489  249  317  -95.68721 -106.38214  11.2%  22.1 8935s
 571782 539343 -106.08862  284  295  -95.68721 -106.38214  11.2%  22.1 8964s
 573575 541002 -106.01533  322  272  -95.68721 -106.38212  11.2%  22.1 8990s
 575234 542359 -105.89226  358  262  -95.68721 -106.38212  11.2%  22.1 9011s
 576591 545325 -105.76614  385  252  -95.68721 -106.38212  11.2%  22.1 9058s
 579998 547301 -105.41283  460  227  -95.68721 -106.38212  11.2%  22.2 9097s
 582088 547321 -105.12671  510  213  -95.68721 -106.38211  11.2%  22.1 9116s
 582108 547341 -105.09903  510  213  -95.68721 -106.38211  11.2%  22.1 9155s
 582128 547361 -105.11753  511  214  -95.68721 -106.38211  11.2%  22.1 9190s
 582148 547381 -105.10463  511  213  -95.68721 -106.38211  11.2%  22.1 9219s
 582168 547401 -105.11229  512  215  -95.68721 -106.38211  11.2%  22.1 9247s
 582188 547501 -105.09611  512  214  -95.68721 -106.38211  11.2%  22.1 9270s
 582288 549189 -105.08559  518  210  -95.68721 -106.38211  11.2%  22.1 9305s
 583976 551492 -104.56917  569  193  -95.68721 -106.38211  11.2%  22.1 9349s
 586416 553842 -103.95597  621  169  -95.68721 -106.38211  11.2%  22.1 9387s
 588766 556000 -102.61822  673  144  -95.68721 -106.38211  11.2%  22.1 9422s
 591021 558155 -106.30051  125  397  -95.68721 -106.38211  11.2%  22.1 9451s
 593214 560671 -106.10121  281  299  -95.68721 -106.38211  11.2%  22.1 9484s
 595792 563109 -105.54208  450  240  -95.68721 -106.38211  11.2%  22.1 9512s
 598230 565855 -104.47761  563  215  -95.68721 -106.38211  11.2%  22.1 9541s
 601093 567216 -102.89702  656  194  -95.68721 -106.38211  11.2%  22.1 9560s
 602454 568987 -101.88192  718  184  -95.68721 -106.38211  11.2%  22.1 9580s
 604225 570776 -100.30621  785  173  -95.68721 -106.38211  11.2%  22.1 9600s
 606014 572351  -98.48598  868  148  -95.68721 -106.38211  11.2%  22.1 9619s
 607591 574216  -96.52389  941  139  -95.68721 -106.38211  11.2%  22.2 9643s
 609805 575886 -106.32993   59  456  -95.68721 -106.38202  11.2%  22.2 9679s
 611617 577759 -106.27056   92  426  -95.68721 -106.38199  11.2%  22.2 9712s
 613548 579842 -106.21692  123  399  -95.68721 -106.38197  11.2%  22.2 9749s
 615865 581723 -106.12264  161  366  -95.68721 -106.38197  11.2%  22.2 9781s
 617854 583877 -106.07522  181  347  -95.68721 -106.38197  11.2%  22.2 9814s
 620030 585745 -106.02604  202  335  -95.68721 -106.38197  11.2%  22.1 9844s
 621898 588075 -105.97736  222  324  -95.68721 -106.38197  11.2%  22.1 9878s
 624228 588595 -105.91163  246  311  -95.68721 -106.38197  11.2%  22.1 9909s
 624753 591453 -105.90561  251  308  -95.68721 -106.38197  11.2%  22.1 9944s
 627762 593635 -105.82307  273  300  -95.68721 -106.38190  11.2%  22.1 9970s
 630030 596061 -105.74566  289  285  -95.68721 -106.38189  11.2%  22.1 9996s
 632522 598053 -105.61534  318  282  -95.68721 -106.38189  11.2%  22.1 10018s
 634575 599961 -105.53784  334  279  -95.68721 -106.38189  11.2%  22.0 10045s
 636483 601801 -105.46178  351  267  -95.68721 -106.38189  11.2%  22.0 10068s
 638323 603559 -105.35618  365  267  -95.68721 -106.38189  11.2%  22.0 10088s
 640081 605300 -105.27244  379  266  -95.68721 -106.38189  11.2%  22.1 10108s
 641822 606979 -105.19163  393  266  -95.68721 -106.38189  11.2%  22.1 10129s
 643677 608907 -105.07947  407  258  -95.68721 -106.38189  11.2%  22.1 10160s
 645842 611362 -104.91220  429  253  -95.68721 -106.38188  11.2%  22.1 10194s
 648297 613284 -104.66540  448  257  -95.68721 -106.38188  11.2%  22.1 10213s
 650219 615134 -104.57250  462  248  -95.68721 -106.38188  11.2%  22.1 10232s
 652097 617046 -104.35759  485  238  -95.68721 -106.38188  11.2%  22.1 10249s
 654076 619314 -104.24307  498  238  -95.68721 -106.38188  11.2%  22.1 10271s
 656344 621455 -104.07541  506  241  -95.68721 -106.38188  11.2%  22.1 10295s
 658689 623213 -103.96050  518  229  -95.68721 -106.38188  11.2%  22.1 10322s
 660447 624855 -103.86001  529  226  -95.68721 -106.38188  11.2%  22.1 10341s
 662280 626912 -103.70613  543  230  -95.68721 -106.38188  11.2%  22.1 10369s
 664337 628709 -103.45473  560  221  -95.68721 -106.38188  11.2%  22.1 10388s
 666134 628729 -103.37523  569  224  -95.68721 -106.38188  11.2%  22.1 10401s
 666154 628778 -103.42700  566  224  -95.68721 -106.38188  11.2%  22.1 10435s
 666203 629052 -103.35233  571  219  -95.68721 -106.38188  11.2%  22.1 10464s
 666507 629159 -103.37153  570  219  -95.68721 -106.38188  11.2%  22.1 10493s
 666614 629264 -103.40189  568  225  -95.68721 -106.38188  11.2%  22.1 10520s
 666719 629368 -103.36203  571  225  -95.68721 -106.38188  11.2%  22.1 10546s
 666823 630821 -103.30995  572  222  -95.68721 -106.38188  11.2%  22.1 10573s
 668276 632029 -103.24371  577  222  -95.68721 -106.38188  11.2%  22.1 10605s
 669484 633982 -103.18023  586  217  -95.68721 -106.38188  11.2%  22.1 10637s
 671539 636074 -102.84358  605  209  -95.68721 -106.38188  11.2%  22.2 10670s
 673674 638159 -102.66570  615  212  -95.68721 -106.38188  11.2%  22.2 10701s
 675871 640111 -102.42983  630  205  -95.68721 -106.38188  11.2%  22.2 10730s
 677981 642125 -102.25256  644  199  -95.68721 -106.38186  11.2%  22.2 10757s
 680099 644247 -101.99400  656  193  -95.68721 -106.38184  11.2%  22.2 10782s
 682263 645996 -101.73420  667  193  -95.68721 -106.38184  11.2%  22.3 10800s

Explored 684046 nodes (15234557 simplex iterations) in 10800.09 seconds (2960.64 work units)
Thread count was 20 (of 72 available processors)

Solution count 10: -95.6872 -95.6763 -95.461 ... -92.7108

Time limit reached
Best objective -9.568721132776e+01, best bound -1.063818357471e+02, gap 11.1766%
final_gap is 0.11%
x[0]: 6.00 x[1]: -3.00 x[2]: -13.00 x[3]: -12.00 x[4]: -5.00 x[5]: -10.00 x[6]: 1.00 x[7]: -12.00 x[8]: -18.00 x[9]: -12.00 x[10]: -5.00 x[11]: 20.00 x[12]: 1.00 x[13]: -1.00 x[14]: -17.00 x[15]: -1.00 x[16]: -9.00 x[17]: -1.00 x[18]: -9.00 x[19]: -2.00 x[20]: -25.00 x[21]: 4.00 x[22]: -4.00 x[23]: -1.00 x[24]: -3.00 x[25]: -18.00 x[26]: -3.00 x[27]: -31.00 x[28]: -4.00 x[29]: -17.00 x[30]: -15.00 x[31]: 6.00 x[32]: 0.00 x[33]: 11.00 x[34]: -2.00 x[35]: -13.00 x[36]: -7.00 x[37]: -9.00 x[38]: -1.00 x[39]: -2.00 x[40]: 4.00 x[41]: 11.00 x[42]: -6.00 x[43]: -6.00 x[44]: -16.00 x[45]: 6.00 x[46]: -7.00 x[47]: -13.00 x[48]: -1.00 x[49]: -3.00 x[50]: -3.00 x[51]: -6.00 x[52]: 3.00 x[53]: 2.00 x[54]: -15.00 x[55]: -12.00 x[56]: -13.00 x[57]: 11.00 x[58]: 1.00 x[59]: 3.00 x[60]: -9.00 x[61]: -1.00 x[62]: -23.00 x[63]: 5.00 x[64]: -5.00 x[65]: -6.00 x[66]: -1.00 x[67]: -7.00 x[68]: 0.00 x[69]: -1.00 x[70]: -23.00 x[71]: 16.00 x[72]: -8.00 x[73]: -17.00 x[74]: -27.00 x[75]: -8.00 x[76]: -3.00 x[77]: -12.00 x[78]: -2.00 x[79]: -14.00 x[80]: 13.00 x[81]: -13.00 x[82]: 5.00 x[83]: -22.00 x[84]: -10.00 x[85]: -12.00 x[86]: 0.00 x[87]: 5.00 x[88]: -8.00 x[89]: -3.00 x[90]: -1.00 x[91]: -19.00 x[92]: -1.00 x[93]: -5.00 x[94]: 1.00 x[95]: -13.00 x[96]: -13.00 x[97]: -4.00 x[98]: -8.00 x[99]: -4.00 x[100]: -14.00 x[101]: -1.00 x[102]: -5.00 x[103]: -2.00 x[104]: 4.00 x[105]: -20.00 x[106]: 11.00 x[107]: -13.00 x[108]: -12.00 x[109]: -12.00 x[110]: -13.00 x[111]: 2.00 x[112]: 2.00 x[113]: -2.00 x[114]: 1.00 x[115]: -18.00 x[116]: -10.00 x[117]: 1.00 x[118]: -10.00 x[119]: -9.00 x[120]: -13.00 x[121]: 3.00 x[122]: 2.00 x[123]: -12.00 x[124]: -30.00 x[125]: -13.00 x[126]: -15.00 x[127]: -3.00 x[128]: -5.00 x[129]: -3.00 x[130]: 1.00 x[131]: 3.00 x[132]: 0.00 x[133]: -8.00 x[134]: -1.00 x[135]: -2.00 x[136]: -13.00 x[137]: -14.00 x[138]: -3.00 x[139]: -10.00 x[140]: 10.00 x[141]: -15.00 x[142]: -4.00 x[143]: -14.00 x[144]: 3.00 x[145]: -16.00 x[146]: -9.00 x[147]: -6.00 x[148]: -16.00 x[149]: 8.00 x[150]: -13.00 x[151]: -16.00 x[152]: -14.00 x[153]: -2.00 x[154]: 7.00 x[155]: -4.00 x[156]: -18.00 x[157]: -4.00 x[158]: 1.00 x[159]: -5.00 x[160]: -7.00 x[161]: -5.00 x[162]: -9.00 x[163]: 7.00 x[164]: -8.00 x[165]: -1.00 x[166]: 10.00 x[167]: -13.00 x[168]: -8.00 x[169]: -4.00 x[170]: -10.00 x[171]: -2.00 x[172]: -4.00 x[173]: -26.00 x[174]: -30.00 x[175]: -9.00 x[176]: -34.00 x[177]: -8.00 x[178]: 4.00 x[179]: -27.00 x[180]: -21.00 x[181]: -7.00 x[182]: -15.00 x[183]: -9.00 x[184]: -9.00 x[185]: -14.00 x[186]: 3.00 x[187]: -2.00 x[188]: -15.00 x[189]: 10.00 x[190]: -9.00 x[191]: -1.00 x[192]: 1.00 x[193]: -4.00 x[194]: -13.00 x[195]: -2.00 x[196]: -2.00 x[197]: -9.00 x[198]: -10.00 x[199]: -10.00 x[200]: -18.00 x[201]: -4.00 x[202]: -5.00 x[203]: 2.00 x[204]: -8.00 x[205]: 1.00 x[206]: -6.00 x[207]: -5.00 x[208]: -7.00 x[209]: 4.00 x[210]: -16.00 x[211]: -1.00 x[212]: -7.00 x[213]: 4.00 x[214]: -9.00 x[215]: -13.00 x[216]: -4.00 x[217]: -17.00 x[218]: -8.00 x[219]: -3.00 x[220]: -9.00 x[221]: 2.00 x[222]: -1.00 x[223]: 3.00 x[224]: -7.00 x[225]: -7.00 x[226]: -29.00 x[227]: 4.00 x[228]: -17.00 x[229]: -4.00 x[230]: 16.00 x[231]: -7.00 x[232]: -21.00 x[233]: 4.00 x[234]: -11.00 x[235]: 3.00 x[236]: -6.00 x[237]: -10.00 x[238]: -17.00 x[239]: -9.00 x[240]: 4.00 x[241]: 6.00 x[242]: -3.00 x[243]: 8.00 x[244]: 5.00 x[245]: 2.00 x[246]: 2.00 x[247]: -17.00 x[248]: -22.00 x[249]: -11.00 x[250]: -9.00 x[251]: -7.00 x[252]: 7.00 x[253]: -8.00 x[254]: -11.00 x[255]: 3.00 x[256]: 5.00 x[257]: -6.00 x[258]: -6.00 x[259]: -5.00 x[260]: -5.00 x[261]: -13.00 x[262]: -25.00 x[263]: -4.00 x[264]: -5.00 x[265]: -15.00 x[266]: -12.00 x[267]: -29.00 x[268]: -11.00 x[269]: 0.00 x[270]: 5.00 x[271]: -3.00 x[272]: -5.00 x[273]: 10.00 x[274]: -1.00 x[275]: -4.00 x[276]: -17.00 x[277]: 1.00 x[278]: -10.00 x[279]: 2.00 x[280]: -4.00 x[281]: -8.00 x[282]: -10.00 x[283]: -3.00 x[284]: 6.00 x[285]: -8.00 x[286]: 4.00 x[287]: -4.00 x[288]: 4.00 x[289]: -1.00 x[290]: 3.00 x[291]: 10.00 x[292]: -5.00 x[293]: -17.00 x[294]: 1.00 x[295]: 0.00 x[296]: 0.00 x[297]: -7.00 x[298]: 2.00 x[299]: 0.00 x[300]: -7.00 x[301]: -1.00 x[302]: -13.00 x[303]: 7.00 x[304]: -6.00 x[305]: -10.00 x[306]: -11.00 x[307]: -7.00 x[308]: -5.00 x[309]: -11.00 x[310]: 9.00 x[311]: -5.00 x[312]: -2.00 x[313]: 1.00 x[314]: -7.00 x[315]: -3.00 x[316]: -8.00 x[317]: -3.00 x[318]: 6.00 x[319]: -11.00 x[320]: -23.00 x[321]: -18.00 x[322]: -10.00 x[323]: 5.00 x[324]: 0.00 x[325]: -7.00 x[326]: -7.00 x[327]: -2.00 x[328]: -3.00 x[329]: 2.00 x[330]: -2.00 x[331]: 8.00 x[332]: -22.00 x[333]: -8.00 x[334]: -12.00 x[335]: -16.00 x[336]: -9.00 x[337]: -4.00 x[338]: -3.00 x[339]: -36.00 x[340]: 2.00 x[341]: 3.00 x[342]: -4.00 x[343]: -17.00 x[344]: -19.00 x[345]: -4.00 x[346]: -11.00 x[347]: -2.00 x[348]: -22.00 x[349]: 4.00 x[350]: -14.00 x[351]: -6.00 x[352]: -1.00 x[353]: -8.00 x[354]: -22.00 x[355]: -21.00 x[356]: 4.00 x[357]: 9.00 x[358]: -19.00 x[359]: -15.00 x[360]: -1.00 x[361]: 7.00 x[362]: -11.00 x[363]: -6.00 x[364]: -4.00 x[365]: -4.00 x[366]: -18.00 x[367]: -5.00 x[368]: -1.00 x[369]: -15.00 x[370]: -15.00 x[371]: -17.00 x[372]: -3.00 x[373]: -21.00 x[374]: -5.00 x[375]: -14.00 x[376]: 22.00 x[377]: 10.00 x[378]: -4.00 x[379]: -18.00 x[380]: -10.00 x[381]: -5.00 x[382]: 3.00 x[383]: -1.00 x[384]: 0.00 x[385]: -17.00 x[386]: -10.00 x[387]: -3.00 x[388]: -9.00 x[389]: -19.00 x[390]: -4.00 x[391]: 8.00 x[392]: -8.00 x[393]: -13.00 x[394]: 0.00 x[395]: 26.00 x[396]: -1.00 x[397]: -3.00 x[398]: -8.00 x[399]: -7.00 x[400]: -9.00 x[401]: 5.00 x[402]: -8.00 x[403]: -5.00 x[404]: -1.00 x[405]: -6.00 x[406]: -23.00 x[407]: -45.00 x[408]: 9.00 x[409]: -11.00 x[410]: -7.00 x[411]: -1.00 x[412]: -4.00 x[413]: 5.00 x[414]: 0.00 x[415]: -7.00 x[416]: -13.00 x[417]: -16.00 x[418]: -28.00 x[419]: 0.00 x[420]: 5.00 x[421]: -10.00 x[422]: -3.00 x[423]: 17.00 x[424]: 0.00 x[425]: -29.00 x[426]: 5.00 x[427]: -21.00 x[428]: -12.00 x[429]: -10.00 x[430]: -9.00 x[431]: 6.00 x[432]: 10.00 x[433]: 0.00 x[434]: -7.00 x[435]: -5.00 x[436]: 8.00 x[437]: -8.00 x[438]: 7.00 x[439]: 6.00 x[440]: -5.00 x[441]: -4.00 x[442]: -8.00 x[443]: 0.00 x[444]: -2.00 x[445]: -33.00 x[446]: 10.00 x[447]: -14.00 x[448]: -5.00 x[449]: -7.00 x[450]: -4.00 x[451]: 1.00 x[452]: -3.00 x[453]: -23.00 x[454]: -8.00 x[455]: -4.00 x[456]: -1.00 x[457]: -10.00 x[458]: -4.00 x[459]: 1.00 x[460]: 1.00 x[461]: -15.00 x[462]: -8.00 x[463]: -18.00 x[464]: -5.00 x[465]: -15.00 x[466]: 17.00 x[467]: 1.00 x[468]: -20.00 x[469]: -8.00 x[470]: -11.00 x[471]: -2.00 x[472]: -24.00 x[473]: -19.00 x[474]: -10.00 x[475]: -10.00 x[476]: -19.00 x[477]: -6.00 x[478]: 4.00 x[479]: -11.00 x[480]: -11.00 x[481]: -7.00 x[482]: -6.00 x[483]: -16.00 x[484]: 11.00 x[485]: 3.00 x[486]: -19.00 x[487]: -4.00 x[488]: -5.00 x[489]: 0.00 x[490]: 8.00 x[491]: -6.00 x[492]: -13.00 x[493]: 2.00 x[494]: -2.00 x[495]: -6.00 x[496]: -15.00 x[497]: 3.00 x[498]: -5.00 x[499]: -32.00 
Objective Value: -95.69
Elapsed Time: 10800.0987 sec

无可行解，所有约束违规量为零
输出违反约束的量

 20%|██        | 1/5 [3:00:03<12:00:14, 10803.70s/it][0. 0. 0. 0. 0. 0. 0. 0. 0. 0. 0. 0. 0. 0. 0. 0. 0. 0. 0. 0. 0. 0. 0. 0.
 0. 0. 0. 0. 0. 0. 0. 0. 0. 0. 0. 0. 0. 0. 0. 0. 0. 0. 0. 0. 0. 0. 0. 0.
 0. 0. 0. 0. 0. 0. 0. 0. 0. 0. 0. 0. 0. 0. 0. 0. 0. 0. 0. 0. 0. 0. 0. 0.
 0. 0. 0. 0. 0. 0. 0. 0. 0. 0. 0. 0. 0. 0. 0. 0. 0. 0. 0. 0. 0. 0. 0. 0.
 0. 0. 0. 0. 0. 0. 0. 0. 0. 0. 0. 0. 0. 0. 0. 0. 0. 0. 0. 0. 0. 0. 0. 0.
 0. 0. 0. 0. 0. 0. 0. 0. 0. 0. 0. 0. 0. 0. 0. 0. 0. 0. 0. 0. 0. 0. 0. 0.
 0. 0. 0. 0. 0. 0. 0. 0. 0. 0. 0. 0. 0. 0. 0. 0. 0. 0. 0. 0. 0. 0. 0. 0.
 0. 0. 0. 0. 0. 0. 0. 0. 0. 0. 0. 0. 0. 0. 0. 0. 0. 0. 0. 0. 0. 0. 0. 0.
 0. 0. 0. 0. 0. 0. 0. 0. 0. 0. 0. 0. 0. 0. 0. 0. 0. 0. 0. 0. 0. 0. 0. 0.
 0. 0. 0. 0. 0. 0. 0. 0. 0. 0. 0. 0. 0. 0. 0. 0. 0. 0. 0. 0. 0. 0. 0. 0.
 0. 0. 0. 0. 0. 0. 0. 0. 0. 0. 0. 0. 0. 0. 0. 0. 0. 0. 0. 0. 0. 0. 0. 0.
 0. 0. 0. 0. 0. 0. 0. 0. 0. 0. 0. 0. 0. 0. 0. 0. 0. 0. 0. 0. 0. 0. 0. 0.
 0. 0. 0. 0. 0. 0. 0. 0. 0. 0. 0. 0. 0. 0. 0. 0. 0. 0. 0. 0. 0. 0. 0. 0.
 0. 0. 0. 0. 0. 0. 0. 0. 0. 0. 0. 0. 0. 0. 0. 0. 0. 0. 0. 0. 0. 0. 0. 0.
 0. 0. 0. 0. 0. 0. 0. 0. 0. 0. 0. 0. 0. 0. 0. 0. 0. 0. 0. 0. 0. 0. 0. 0.
 0. 0. 0. 0. 0. 0. 0. 0. 0. 0. 0. 0. 0. 0. 0. 0. 0. 0. 0. 0. 0. 0. 0. 0.
 0. 0. 0. 0. 0. 0. 0. 0. 0. 0. 0. 0. 0. 0. 0. 0. 0. 0. 0. 0. 0. 0. 0. 0.
 0. 0. 0. 0. 0. 0. 0. 0. 0. 0. 0. 0. 0. 0. 0. 0. 0. 0. 0. 0. 0. 0. 0. 0.
 0. 0. 0. 0. 0. 0. 0. 0. 0. 0. 0. 0. 0. 0. 0. 0. 0. 0. 0. 0. 0. 0. 0. 0.
 0. 0. 0. 0. 0. 0. 0. 0. 0. 0. 0. 0. 0. 0. 0. 0. 0. 0. 0. 0. 0. 0. 0. 0.
 0. 0. 0. 0. 0. 0. 0. 0. 0. 0. 0. 0. 0. 0. 0. 0. 0. 0. 0. 0.]
约束的个数: 500
Gurobi model disposed.
此时传入模型的b
[ 0.4573143   0.03147329  0.8982158  -0.985039    0.9624522  -0.9103426
  0.5242075   0.22130643 -0.27615976  0.84775317 -0.62400043  0.74074906
 -0.79571724  0.81504387  0.11240688 -0.5067489  -0.90500426  0.6076858
 -0.51993084 -0.01373796 -0.8063437  -0.50460434  0.673717    0.4898806
 -0.34935185 -0.96042955 -0.02587703 -0.06997851 -0.6772019   0.48342875
  0.9076719   0.39925542  0.44223997 -0.905477    0.05447105 -0.91797143
 -0.79569906 -0.17432474  0.40814057 -0.3362289   0.48321706 -0.20395578
  0.0970575  -0.11889575  0.07256542  0.9973865   0.21550405  0.15622555
 -0.83179665 -0.7938729  -0.27713174 -0.3585108  -0.42395413 -0.44615945
  0.32016554  0.26257437  0.4730996  -0.71753174 -0.01384609 -0.21219863
  0.7431835  -0.77439725 -0.0688086   0.40384775 -0.9516828   0.45963123
  0.92198676 -0.02570571 -0.401701    0.6776407   0.41603556 -0.03724698
 -0.95341176 -0.29826647  0.93329006  0.1095072   0.5335954   0.8894439
  0.2903947   0.06541323 -0.04724873 -0.28961885 -0.73331624  0.37418345
 -0.75998956 -0.581777   -0.08880443 -0.987332   -0.39024115 -0.22863086
 -0.29259852 -0.92759734  0.9292453   0.05102797  0.47869423  0.86155677
  0.84570867  0.27328083 -0.09673974  0.44893375  0.06639962 -0.7213395
  0.99891776  0.636349   -0.5066965   0.5169367   0.4542085   0.10410926
  0.70297205 -0.78669006 -0.16361304  0.6951146   0.1895688  -0.6833193
  0.9724935  -0.03910451  0.9591476  -0.0227608  -0.660558    0.23824863
 -0.27115571  0.14983407  0.27352786 -0.5969975   0.58421093  0.7791734
  0.903218   -0.48705533 -0.08389187  0.47691885 -0.5583143   0.44162273
 -0.12838966 -0.814867   -0.27547017 -0.8590644  -0.8271402   0.47440356
  0.4721477   0.19742352 -0.27421096  0.8281564  -0.07110232  0.4541161
  0.20044887  0.9808517   0.47029042  0.87007636 -0.1136533  -0.4528059
  0.91518325 -0.11919561 -0.18057224  0.5535187   0.28067195  0.92215306
 -0.22999951  0.561905    0.8159113   0.28448138 -0.14290921  0.0787736
 -0.36291942  0.32430646  0.28891763  0.38465536 -0.470539    0.3185547
  0.52981114 -0.65261036  0.26316288 -0.18995525 -0.18878779 -0.9187073
  0.721107    0.5383852   0.10025033 -0.5987447  -0.11415052 -0.33660957
  0.67753315 -0.8633669  -0.16845931  0.53758436  0.4914866  -0.16514188
  0.14271657  0.06730631 -0.95411706 -0.07756642  0.7927241  -0.00171949
 -0.17817257  0.7177344   0.503582    0.85983366  0.96023786  0.00787312
  0.2868052  -0.17493315  0.550329   -0.32290503  0.14601587 -0.14527757
  0.03623543  0.83689874  0.25047877 -0.5932021  -0.12102354  0.56207514
  0.87642914  0.500797   -0.54000497  0.18851885  0.04199864 -0.88610244
  0.14713597 -0.5659879  -0.23163804  0.6436479  -0.85109407 -0.43094578
 -0.47565988 -0.58806413 -0.775248    0.36568853 -0.5171172   0.27105743
  0.34618986 -0.4798194  -0.3888662  -0.25993165  0.82913715  0.05183054
  0.62892973  0.23120418  0.6766784  -0.5751993   0.79906285  0.72361076
 -0.15039392  0.92224187 -0.5763269  -0.91204536  0.7188804  -0.58961093
 -0.68825305 -0.74607056 -0.5379318  -0.18283823 -0.42795572 -0.22905827
  0.52933735  0.16869433  0.604636   -0.11679342  0.69264364  0.72573596
  0.22177854 -0.07227006  0.5478775  -0.05556181 -0.9975443   0.3687914
 -0.9410072   0.9627776   0.4845854  -0.03732068  0.36527094  0.41935763
  0.9665688   0.5364352  -0.09988484 -0.9217156  -0.2771331   0.8125719
  0.2984365  -0.51710284  0.28039736 -0.4844787   0.8272457   0.2643059
 -0.00905574  0.7070491  -0.5770982  -0.30321544  0.3782138   0.29605263
 -0.37119618  0.11642443 -0.939817    0.7668852  -0.44792318 -0.3323108
  0.3001769   0.324725   -0.9657694  -0.2975261  -0.13515614 -0.24858697
  0.6875468  -0.4174098   0.12181164  0.61942595 -0.18244198  0.9382593
 -0.11278322  0.91795146 -0.11487013 -0.94744754  0.60629064 -0.07629669
 -0.91632843  0.22087125 -0.6700369  -0.16313267 -0.10546295 -0.14774287
  0.7112142  -0.28343025  0.21002609 -0.42813513 -0.18502943 -0.22701545
  0.77845585 -0.19908768  0.7354914   0.86892205  0.46890312  0.6141475
  0.33338597  0.9850767   0.8962213  -0.443958    0.47771913 -0.35885775
 -0.28197965  0.60229504  0.06172686 -0.4970667  -0.01477049  0.6399244
  0.69277936  0.19148223 -0.6100873  -0.7807467   0.91578364 -0.9496599
  0.5113685   0.9499769   0.65158284 -0.1312452  -0.89798194 -0.9463807
  0.9275521  -0.58506423 -0.3702239   0.41208425 -0.18880619 -0.0334614
 -0.36852098 -0.15891497  0.14674017 -0.21346489 -0.43520182 -0.38828602
 -0.5307078  -0.9365944  -0.6357852   0.6751214  -0.191104   -0.87994736
  0.3403251   0.35802954 -0.25092164 -0.79028964 -0.49899235 -0.706737
  0.99630105 -0.05211499  0.9772447  -0.37919143 -0.13134801  0.03255116
  0.04471764 -0.53657454  0.45712295  0.58186275 -0.6028134   0.6634571
  0.9153099   0.48270842 -0.71227866  0.5922662  -0.541253   -0.8169002
 -0.06022101  0.5251628  -0.50106174 -0.4068906  -0.7698253   0.252782
  0.73320806  0.99387324 -0.07860713  0.79550284 -0.82899356 -0.45438084
 -0.827604   -0.21421051  0.13238342  0.92204934 -0.6969566  -0.7502742
  0.89110875  0.4830652   0.92703617 -0.36694872 -0.32590097 -0.1782144
  0.19145961  0.01141154  0.33277535 -0.5486311   0.09051172  0.2556293
  0.9280259  -0.03688182  0.81096816 -0.5700971  -0.7240984  -0.5900103
  0.66949517  0.38859576 -0.41019282  0.5157914  -0.15606852  0.4508604
 -0.7685313   0.22537604  0.6799533  -0.7063903  -0.5762915   0.16796933
 -0.19256908 -0.6127337   0.7656199  -0.52991766  0.2519098   0.978748
  0.6799912   0.26365426  0.04955734  0.42948127 -0.13758603  0.1984111
 -0.38780004  0.5817139   0.46428397  0.6927689  -0.36703125  0.57372904
 -0.8999801  -0.32096553  0.05509692 -0.826043   -0.70727265 -0.20065519
 -0.21629174 -0.148987    0.46148053  0.45912135 -0.39867333 -0.9678622
  0.69867    -0.9544451  -0.02226527  0.01934238  0.33000103 -0.24517854
 -0.4956536  -0.12291306  0.62316173 -0.2016874   0.5961634   0.9672404
 -0.6744719  -0.40921164 -0.65486085 -0.40012184 -0.64556473 -0.18332419
 -0.8013845  -0.6754523  -0.9660417   0.5968092  -0.6226422   0.39133343
  0.86346793 -0.3088395 ]
======================================================
Solve MINLP problem:
[[0.00294665 0.         0.         ... 0.         0.         0.        ]
 [0.         0.00530587 0.         ... 0.         0.         0.        ]
 [0.         0.         0.00191521 ... 0.         0.         0.        ]
 ...
 [0.         0.         0.         ... 0.00036931 0.         0.        ]
 [0.         0.         0.         ... 0.         0.00864608 0.        ]
 [0.         0.         0.         ... 0.         0.         0.0002159 ]]
[0.00133922 0.08177239 0.02510362 0.05407345 0.0584661  0.06953505
 0.0572123  0.03969068 0.0244073  0.07791699 0.04997084 0.01213402
 0.06808288 0.0112906  0.03857721 0.06185987 0.07575615 0.04951519
 0.05330309 0.06762374 0.08010294 0.02096921 0.02583031 0.02608824
 0.05500534 0.08229287 0.01873222 0.06601226 0.01353801 0.02233934
 0.06650325 0.01563992 0.01025159 0.05748777 0.0352567  0.08438829
 0.03763755 0.02197414 0.04864225 0.09976746 0.00181751 0.00729885
 0.08754292 0.03216953 0.02603403 0.05598473 0.05248588 0.04908028
 0.04183061 0.05945832 0.04630717 0.06185976 0.02284373 0.01333738
 0.07422781 0.0538897  0.06085712 0.0611719  0.07460422 0.0845935
 0.00725107 0.04313434 0.04728378 0.06317844 0.06107105 0.0358849
 0.03265345 0.00307268 0.03492641 0.00220235 0.07327128 0.0157121
 0.02361114 0.05673034 0.09645324 0.05110158 0.06613662 0.02328464
 0.07959891 0.09027635 0.06257487 0.08225257 0.01248787 0.08656734
 0.02557825 0.02754175 0.03855789 0.08877995 0.03626134 0.00023315
 0.00387181 0.04408163 0.03452555 0.09239139 0.06734281 0.01021451
 0.05867741 0.0515583  0.06876298 0.03105892 0.05197503 0.0049388
 0.06264219 0.08953422 0.05860403 0.07815534 0.03476151 0.00306742
 0.08422802 0.00581519 0.0843923  0.00774878 0.0132233  0.09230754
 0.04921892 0.04722613 0.08399801 0.06804495 0.07964862 0.07986401
 0.06359439 0.04765696 0.05138381 0.03877611 0.05708265 0.02026126
 0.09548149 0.02687087 0.02772522 0.07923771 0.03475723 0.03359557
 0.00400404 0.09081151 0.02953911 0.04516075 0.04593805 0.07474501
 0.00706981 0.07728628 0.04100942 0.07414747 0.05794287 0.09270067
 0.00499511 0.06015323 0.04723491 0.07328196 0.08622323 0.07708847
 0.00772451 0.04070049 0.05042961 0.02967686 0.04229219 0.01438626
 0.07556076 0.06884494 0.03621866 0.09768255 0.07451063 0.08162189
 0.03265578 0.00066749 0.03712253 0.07146835 0.02995036 0.08405409
 0.03584627 0.07842178 0.06781245 0.02518036 0.06832849 0.07154936
 0.09606445 0.08637938 0.08172043 0.02333243 0.05890263 0.07351509
 0.09244427 0.07091198 0.07420116 0.06281726 0.03615584 0.08071931
 0.05708791 0.03514295 0.04337441 0.02101509 0.0636107  0.03513254
 0.03402702 0.02087314 0.07591831 0.07796393 0.0382953  0.03873887
 0.08548603 0.09315812 0.07185882 0.06257971 0.07543251 0.08081806
 0.06399422 0.04348634 0.06746841 0.03374991 0.01661944 0.02442329
 0.00567911 0.0475542  0.08633873 0.05100447 0.06934462 0.08680323
 0.09878164 0.08082736 0.09100773 0.09516713 0.09612457 0.03745898
 0.04359444 0.05694872 0.04626932 0.09445095 0.0836615  0.0013266
 0.0441172  0.05260435 0.06512218 0.09733626 0.0528653  0.02258527
 0.07674533 0.00949805 0.01788375 0.06693704 0.08226266 0.01638301
 0.01801214 0.0003151  0.05238591 0.05562263 0.069318   0.04074037
 0.00111452 0.05069197 0.09800315 0.04777785 0.02962359 0.05721144
 0.08420964 0.05887146 0.08433907 0.0409551  0.01031315 0.05571807
 0.03922759 0.07541025 0.09809351 0.09857075 0.09086422 0.03109582
 0.08274066 0.08056854 0.05166704 0.07578351 0.04382434 0.01477322
 0.01130025 0.03397862 0.0440002  0.00382547 0.0405858  0.05992139
 0.07180629 0.03076267 0.05439422 0.05595874 0.06127391 0.06153024
 0.04960326 0.08374212 0.01123874 0.05504487 0.05397648 0.00527283
 0.0132057  0.01910609 0.00592752 0.09450579 0.06426141 0.03605839
 0.06962132 0.04120773 0.07159304 0.04223442 0.08767316 0.08335783
 0.0442676  0.05137423 0.0191519  0.03084932 0.05612969 0.08326521
 0.09981613 0.04975683 0.00667542 0.09734665 0.06632399 0.0095614
 0.03448687 0.02514818 0.03820351 0.07851758 0.0562359  0.0322804
 0.02424905 0.05365921 0.05166194 0.00103395 0.05248943 0.03413897
 0.00321797 0.0135666  0.05104997 0.03297562 0.09515222 0.02353217
 0.08770565 0.05819153 0.07880408 0.06048169 0.08510414 0.07834791
 0.09723876 0.08982619 0.00141041 0.06491263 0.08322218 0.07945705
 0.06314119 0.07815998 0.09043522 0.00194805 0.09838504 0.00719455
 0.09940301 0.01675928 0.05358797 0.09972834 0.05633487 0.02203558
 0.04122514 0.05621719 0.02949358 0.00323306 0.045841   0.0864933
 0.0861266  0.02458368 0.05032549 0.05070931 0.04436682 0.00033209
 0.05000338 0.04556979 0.04066138 0.05734781 0.07779707 0.07503536
 0.03979888 0.05546754 0.0510734  0.07288759 0.0038776  0.09143401
 0.00533113 0.0631238  0.0822524  0.04454337 0.03013635 0.04701835
 0.03351121 0.04578329 0.09128481 0.06656726 0.03954722 0.03178628
 0.04299563 0.00019806 0.09570965 0.06161056 0.02724723 0.05609425
 0.04883717 0.02848462 0.02782634 0.05688568 0.02571337 0.0311811
 0.00272871 0.04378882 0.08420307 0.07772633 0.05852183 0.08166751
 0.00029335 0.07850384 0.09362274 0.05035981 0.0552622  0.00116196
 0.02389757 0.06385213 0.06298134 0.06436209 0.06114441 0.0239408
 0.01367103 0.02360204 0.02809949 0.04488965 0.07335366 0.06448454
 0.00896222 0.04484223 0.00286915 0.07755604 0.04794993 0.01262589
 0.0178823  0.05907873 0.00489121 0.01276896 0.02016645 0.05318037
 0.01977345 0.04140443 0.04665961 0.041359   0.05992908 0.0777708
 0.061222   0.07758379 0.02049927 0.06980975 0.00542676 0.01413459
 0.00570196 0.01199475 0.03469513 0.07083954 0.0605495  0.05667881
 0.02657863 0.07266255 0.00528351 0.00801001 0.03527261 0.09968004
 0.03065466 0.07958693 0.05965904 0.07281371 0.00461331 0.02969448
 0.05310453 0.00169754 0.02180899 0.04461533 0.05286625 0.04501398
 0.06021779 0.08571979 0.04486718 0.05069914 0.00407421 0.07037332
 0.06241258 0.01858998 0.03386769 0.01501927 0.01143804 0.01308397
 0.07770566 0.00100339 0.08206587 0.09505336 0.05697101 0.07545044
 0.07674267 0.00739541 0.07841799 0.01024942 0.02098656 0.01792223
 0.01914838 0.03251976]
[[-0.05174188  0.09723156 -0.02041709 ...  0.20673279 -0.0414435
   0.0362385 ]
 [ 0.03663959 -0.19775092  0.05117836 ...  0.06210294  0.14739006
   0.04037151]
 [ 0.08735605 -0.10103314  0.03549017 ... -0.00663709  0.05049992
  -0.04427324]
 ...
 [-0.12178913  0.00677205  0.09318566 ...  0.1984211  -0.09827667
  -0.03660177]
 [ 0.03619071 -0.08138609  0.12245426 ...  0.09280058 -0.24994393
   0.13769932]
 [ 0.12697229  0.13147694  0.10654318 ...  0.02334976  0.05295595
   0.03927171]]
此时输入模型的b
[0.4573143, 0.03147329, 0.8982158, -0.985039, 0.9624522, -0.9103426, 0.5242075, 0.22130643, -0.27615976, 0.84775317, -0.62400043, 0.74074906, -0.79571724, 0.81504387, 0.11240688, -0.5067489, -0.90500426, 0.6076858, -0.51993084, -0.01373796, -0.8063437, -0.50460434, 0.673717, 0.4898806, -0.34935185, -0.96042955, -0.025877032, -0.069978505, -0.6772019, 0.48342875, 0.9076719, 0.39925542, 0.44223997, -0.905477, 0.054471046, -0.91797143, -0.79569906, -0.17432474, 0.40814057, -0.3362289, 0.48321706, -0.20395578, 0.0970575, -0.11889575, 0.07256542, 0.9973865, 0.21550405, 0.15622555, -0.83179665, -0.7938729, -0.27713174, -0.3585108, -0.42395413, -0.44615945, 0.32016554, 0.26257437, 0.4730996, -0.71753174, -0.013846091, -0.21219863, 0.7431835, -0.77439725, -0.0688086, 0.40384775, -0.9516828, 0.45963123, 0.92198676, -0.02570571, -0.401701, 0.6776407, 0.41603556, -0.03724698, -0.95341176, -0.29826647, 0.93329006, 0.1095072, 0.5335954, 0.8894439, 0.2903947, 0.06541323, -0.047248732, -0.28961885, -0.73331624, 0.37418345, -0.75998956, -0.581777, -0.08880443, -0.987332, -0.39024115, -0.22863086, -0.29259852, -0.92759734, 0.9292453, 0.051027972, 0.47869423, 0.86155677, 0.84570867, 0.27328083, -0.09673974, 0.44893375, 0.06639962, -0.7213395, 0.99891776, 0.636349, -0.5066965, 0.5169367, 0.4542085, 0.10410926, 0.70297205, -0.78669006, -0.16361304, 0.6951146, 0.1895688, -0.6833193, 0.9724935, -0.039104506, 0.9591476, -0.022760801, -0.660558, 0.23824863, -0.27115571, 0.14983407, 0.27352786, -0.5969975, 0.58421093, 0.7791734, 0.903218, -0.48705533, -0.08389187, 0.47691885, -0.5583143, 0.44162273, -0.12838966, -0.814867, -0.27547017, -0.8590644, -0.8271402, 0.47440356, 0.4721477, 0.19742352, -0.27421096, 0.8281564, -0.07110232, 0.4541161, 0.20044887, 0.9808517, 0.47029042, 0.87007636, -0.1136533, -0.4528059, 0.91518325, -0.11919561, -0.18057224, 0.5535187, 0.28067195, 0.92215306, -0.22999951, 0.561905, 0.8159113, 0.28448138, -0.14290921, 0.078773595, -0.36291942, 0.32430646, 0.28891763, 0.38465536, -0.470539, 0.3185547, 0.52981114, -0.65261036, 0.26316288, -0.18995525, -0.18878779, -0.9187073, 0.721107, 0.5383852, 0.100250326, -0.5987447, -0.11415052, -0.33660957, 0.67753315, -0.8633669, -0.16845931, 0.53758436, 0.4914866, -0.16514188, 0.14271657, 0.06730631, -0.95411706, -0.077566415, 0.7927241, -0.0017194871, -0.17817257, 0.7177344, 0.503582, 0.85983366, 0.96023786, 0.007873124, 0.2868052, -0.17493315, 0.550329, -0.32290503, 0.14601587, -0.14527757, 0.03623543, 0.83689874, 0.25047877, -0.5932021, -0.12102354, 0.56207514, 0.87642914, 0.500797, -0.54000497, 0.18851885, 0.041998643, -0.88610244, 0.14713597, -0.5659879, -0.23163804, 0.6436479, -0.85109407, -0.43094578, -0.47565988, -0.58806413, -0.775248, 0.36568853, -0.5171172, 0.27105743, 0.34618986, -0.4798194, -0.3888662, -0.25993165, 0.82913715, 0.051830538, 0.62892973, 0.23120418, 0.6766784, -0.5751993, 0.79906285, 0.72361076, -0.15039392, 0.92224187, -0.5763269, -0.91204536, 0.7188804, -0.58961093, -0.68825305, -0.74607056, -0.5379318, -0.18283823, -0.42795572, -0.22905827, 0.52933735, 0.16869433, 0.604636, -0.116793424, 0.69264364, 0.72573596, 0.22177854, -0.07227006, 0.5478775, -0.055561814, -0.9975443, 0.3687914, -0.9410072, 0.9627776, 0.4845854, -0.03732068, 0.36527094, 0.41935763, 0.9665688, 0.5364352, -0.09988484, -0.9217156, -0.2771331, 0.8125719, 0.2984365, -0.51710284, 0.28039736, -0.4844787, 0.8272457, 0.2643059, -0.009055738, 0.7070491, -0.5770982, -0.30321544, 0.3782138, 0.29605263, -0.37119618, 0.11642443, -0.939817, 0.7668852, -0.44792318, -0.3323108, 0.3001769, 0.324725, -0.9657694, -0.2975261, -0.13515614, -0.24858697, 0.6875468, -0.4174098, 0.12181164, 0.61942595, -0.18244198, 0.9382593, -0.112783216, 0.91795146, -0.11487013, -0.94744754, 0.60629064, -0.07629669, -0.91632843, 0.22087125, -0.6700369, -0.16313267, -0.105462946, -0.14774287, 0.7112142, -0.28343025, 0.21002609, -0.42813513, -0.18502943, -0.22701545, 0.77845585, -0.19908768, 0.7354914, 0.86892205, 0.46890312, 0.6141475, 0.33338597, 0.9850767, 0.8962213, -0.443958, 0.47771913, -0.35885775, -0.28197965, 0.60229504, 0.061726864, -0.4970667, -0.014770492, 0.6399244, 0.69277936, 0.19148223, -0.6100873, -0.7807467, 0.91578364, -0.9496599, 0.5113685, 0.9499769, 0.65158284, -0.1312452, -0.89798194, -0.9463807, 0.9275521, -0.58506423, -0.3702239, 0.41208425, -0.18880619, -0.0334614, -0.36852098, -0.15891497, 0.14674017, -0.21346489, -0.43520182, -0.38828602, -0.5307078, -0.9365944, -0.6357852, 0.6751214, -0.191104, -0.87994736, 0.3403251, 0.35802954, -0.25092164, -0.79028964, -0.49899235, -0.706737, 0.99630105, -0.052114986, 0.9772447, -0.37919143, -0.13134801, 0.03255116, 0.044717643, -0.53657454, 0.45712295, 0.58186275, -0.6028134, 0.6634571, 0.9153099, 0.48270842, -0.71227866, 0.5922662, -0.541253, -0.8169002, -0.060221013, 0.5251628, -0.50106174, -0.4068906, -0.7698253, 0.252782, 0.73320806, 0.99387324, -0.078607135, 0.79550284, -0.82899356, -0.45438084, -0.827604, -0.21421051, 0.13238342, 0.92204934, -0.6969566, -0.7502742, 0.89110875, 0.4830652, 0.92703617, -0.36694872, -0.32590097, -0.1782144, 0.19145961, 0.011411542, 0.33277535, -0.5486311, 0.090511724, 0.2556293, 0.9280259, -0.036881823, 0.81096816, -0.5700971, -0.7240984, -0.5900103, 0.66949517, 0.38859576, -0.41019282, 0.5157914, -0.15606852, 0.4508604, -0.7685313, 0.22537604, 0.6799533, -0.7063903, -0.5762915, 0.16796933, -0.19256908, -0.6127337, 0.7656199, -0.52991766, 0.2519098, 0.978748, 0.6799912, 0.26365426, 0.04955734, 0.42948127, -0.13758603, 0.1984111, -0.38780004, 0.5817139, 0.46428397, 0.6927689, -0.36703125, 0.57372904, -0.8999801, -0.32096553, 0.055096917, -0.826043, -0.70727265, -0.20065519, -0.21629174, -0.148987, 0.46148053, 0.45912135, -0.39867333, -0.9678622, 0.69867, -0.9544451, -0.022265267, 0.01934238, 0.33000103, -0.24517854, -0.4956536, -0.12291306, 0.62316173, -0.2016874, 0.5961634, 0.9672404, -0.6744719, -0.40921164, -0.65486085, -0.40012184, -0.64556473, -0.18332419, -0.8013845, -0.6754523, -0.9660417, 0.5968092, -0.6226422, 0.39133343, 0.86346793, -0.3088395]
已作为Gurobi初始解
此时传入求解器的初始解为：
[8.0, -3.0, -14.0, -11.0, -4.0, -10.0, 2.0, -14.0, -19.0, -12.0, -4.0, 22.0, 3.0, -1.0, -16.0, -1.0, -8.0, -1.0, -10.0, -2.0, -27.0, 5.0, -3.0, -1.0, -3.0, -19.0, -3.0, -30.0, -5.0, -18.0, -16.0, 6.0, 0.0, 13.0, -2.0, -12.0, -8.0, -9.0, 1.0, -1.0, 3.0, 12.0, -6.0, -7.0, -16.0, 7.0, -7.0, -12.0, -1.0, -2.0, -4.0, -6.0, 3.0, 2.0, -16.0, -11.0, -13.0, 12.0, 2.0, 4.0, -10.0, 0.0, -25.0, 5.0, -6.0, -6.0, -2.0, -8.0, 0.0, -1.0, -24.0, 17.0, -10.0, -18.0, -28.0, -9.0, -3.0, -12.0, -2.0, -13.0, 15.0, -13.0, 5.0, -23.0, -11.0, -13.0, -1.0, 6.0, -8.0, -4.0, -2.0, -19.0, -1.0, -6.0, 1.0, -14.0, -13.0, -3.0, -8.0, -3.0, -15.0, -1.0, -6.0, -3.0, 4.0, -20.0, 12.0, -15.0, -11.0, -12.0, -14.0, 2.0, 2.0, -2.0, 1.0, -18.0, -10.0, 1.0, -10.0, -10.0, -15.0, 3.0, 2.0, -12.0, -29.0, -14.0, -15.0, -4.0, -6.0, -2.0, 1.0, 3.0, 0.0, -7.0, 0.0, -1.0, -12.0, -15.0, -3.0, -10.0, 12.0, -15.0, -4.0, -15.0, 3.0, -15.0, -10.0, -6.0, -15.0, 8.0, -13.0, -18.0, -15.0, -2.0, 7.0, -6.0, -18.0, -4.0, 0.0, -5.0, -8.0, -6.0, -9.0, 8.0, -8.0, -1.0, 10.0, -13.0, -8.0, -3.0, -10.0, -3.0, -4.0, -27.0, -31.0, -10.0, -35.0, -9.0, 5.0, -28.0, -21.0, -6.0, -15.0, -9.0, -10.0, -15.0, 3.0, -4.0, -15.0, 10.0, -10.0, -1.0, 1.0, -5.0, -13.0, -3.0, -3.0, -9.0, -11.0, -10.0, -19.0, -4.0, -5.0, 3.0, -7.0, 1.0, -6.0, -5.0, -8.0, 4.0, -16.0, -2.0, -8.0, 4.0, -11.0, -13.0, -4.0, -17.0, -7.0, -3.0, -9.0, 2.0, -2.0, 3.0, -8.0, -7.0, -30.0, 5.0, -16.0, -5.0, 17.0, -7.0, -21.0, 4.0, -11.0, 4.0, -6.0, -10.0, -17.0, -9.0, 4.0, 6.0, -4.0, 8.0, 5.0, 2.0, 2.0, -18.0, -23.0, -11.0, -9.0, -7.0, 8.0, -9.0, -12.0, 4.0, 5.0, -7.0, -7.0, -6.0, -6.0, -14.0, -26.0, -4.0, -5.0, -16.0, -13.0, -30.0, -11.0, 0.0, 6.0, -3.0, -5.0, 10.0, -1.0, -5.0, -18.0, 1.0, -11.0, 2.0, -4.0, -9.0, -11.0, -3.0, 7.0, -8.0, 4.0, -4.0, 5.0, -1.0, 4.0, 10.0, -3.0, -18.0, 2.0, 0.0, 0.0, -7.0, 2.0, 0.0, -8.0, -1.0, -13.0, 7.0, -6.0, -10.0, -13.0, -8.0, -5.0, -11.0, 9.0, -5.0, -1.0, 2.0, -7.0, -3.0, -8.0, -3.0, 6.0, -12.0, -24.0, -19.0, -9.0, 6.0, 0.0, -7.0, -8.0, -2.0, -4.0, 1.0, -2.0, 8.0, -23.0, -9.0, -12.0, -17.0, -10.0, -4.0, -4.0, -38.0, 2.0, 3.0, -5.0, -18.0, -20.0, -4.0, -11.0, -2.0, -23.0, 5.0, -14.0, -6.0, -2.0, -9.0, -23.0, -22.0, 4.0, 9.0, -21.0, -16.0, 0.0, 8.0, -10.0, -6.0, -4.0, -4.0, -19.0, -5.0, -1.0, -16.0, -16.0, -17.0, -3.0, -21.0, -5.0, -15.0, 22.0, 10.0, -5.0, -19.0, -9.0, -3.0, 3.0, -1.0, -1.0, -18.0, -10.0, -2.0, -10.0, -20.0, -4.0, 8.0, -8.0, -14.0, 0.0, 27.0, 0.0, -3.0, -8.0, -7.0, -9.0, 6.0, -8.0, -6.0, -1.0, -6.0, -24.0, -45.0, 9.0, -11.0, -7.0, -1.0, -4.0, 4.0, 1.0, -7.0, -14.0, -16.0, -29.0, -1.0, 6.0, -12.0, -3.0, 18.0, 0.0, -29.0, 4.0, -22.0, -12.0, -10.0, -9.0, 6.0, 10.0, 0.0, -6.0, -6.0, 8.0, -9.0, 7.0, 6.0, -5.0, -4.0, -8.0, 1.0, -3.0, -36.0, 10.0, -15.0, -5.0, -7.0, -5.0, 2.0, -3.0, -24.0, -8.0, -4.0, -1.0, -11.0, -4.0, 1.0, 1.0, -16.0, -8.0, -18.0, -5.0, -15.0, 18.0, 1.0, -20.0, -9.0, -11.0, -2.0, -25.0, -20.0, -11.0, -10.0, -20.0, -6.0, 4.0, -12.0, -12.0, -7.0, -6.0, -16.0, 12.0, 3.0, -20.0, -5.0, -5.0, 0.0, 8.0, -6.0, -14.0, 2.0, -3.0, -6.0, -16.0, 3.0, -5.0, -34.0]
======================================================
Solve MINLP problem:
初始化solution
初始解违反约束的程度是
(array([0, 0, 0, 0, 0, 0, 0, 0, 0, 0, 0, 0, 0, 0, 0, 0, 0, 0, 0, 0, 0, 0,
       0, 0, 0, 0, 0, 0, 0, 0, 0, 0, 0, 0, 0, 0, 0, 0, 0, 0, 0, 0, 0, 0,
       0, 0, 0, 0, 0, 0, 0, 0, 0, 0, 0, 0, 0, 0, 0, 0, 0, 0, 0, 0, 0, 0,
       0, 0, 0, 0, 0, 0, 0, 0, 0, 0, 0, 0, 0, 0, 0, 0, 0, 0, 0, 0, 0, 0,
       0, 0, 0, 0, 0, 0, 0, 0, 0, 0, 0, 0, 0, 0, 0, 0, 0, 0, 0, 0, 0, 0,
       0, 0, 0, 0, 0, 0, 0, 0, 0, 0, 0, 0, 0, 0, 0, 0, 0, 0, 0, 0, 0, 0,
       0, 0, 0, 0, 0, 0, 0, 0, 0, 0, 0, 0, 0, 0, 0, 0, 0, 0, 0, 0, 0, 0,
       0, 0, 0, 0, 0, 0, 0, 0, 0, 0, 0, 0, 0, 0, 0, 0, 0, 0, 0, 0, 0, 0,
       0, 0, 0, 0, 0, 0, 0, 0, 0, 0, 0, 0, 0, 0, 0, 0, 0, 0, 0, 0, 0, 0,
       0, 0, 0, 0, 0, 0, 0, 0, 0, 0, 0, 0, 0, 0, 0, 0, 0, 0, 0, 0, 0, 0,
       0, 0, 0, 0, 0, 0, 0, 0, 0, 0, 0, 0, 0, 0, 0, 0, 0, 0, 0, 0, 0, 0,
       0, 0, 0, 0, 0, 0, 0, 0, 0, 0, 0, 0, 0, 0, 0, 0, 0, 0, 0, 0, 0, 0,
       0, 0, 0, 0, 0, 0, 0, 0, 0, 0, 0, 0, 0, 0, 0, 0, 0, 0, 0, 0, 0, 0,
       0, 0, 0, 0, 0, 0, 0, 0, 0, 0, 0, 0, 0, 0, 0, 0, 0, 0, 0, 0, 0, 0,
       0, 0, 0, 0, 0, 0, 0, 0, 0, 0, 0, 0, 0, 0, 0, 0, 0, 0, 0, 0, 0, 0,
       0, 0, 0, 0, 0, 0, 0, 0, 0, 0, 0, 0, 0, 0, 0, 0, 0, 0, 0, 0, 0, 0,
       0, 0, 0, 0, 0, 0, 0, 0, 0, 0, 0, 0, 0, 0, 0, 0, 0, 0, 0, 0, 0, 0,
       0, 0, 0, 0, 0, 0, 0, 0, 0, 0, 0, 0, 0, 0, 0, 0, 0, 0, 0, 0, 0, 0,
       0, 0, 0, 0, 0, 0, 0, 0, 0, 0, 0, 0, 0, 0, 0, 0, 0, 0, 0, 0, 0, 0,
       0, 0, 0, 0, 0, 0, 0, 0, 0, 0, 0, 0, 0, 0, 0, 0, 0, 0, 0, 0, 0, 0,
       0, 0, 0, 0, 0, 0, 0, 0, 0, 0, 0, 0, 0, 0, 0, 0, 0, 0, 0, 0, 0, 0,
       0, 0, 0, 0, 0, 0, 0, 0, 0, 0, 0, 0, 0, 0, 0, 0, 0, 0, 0, 0, 0, 0,
       0, 0, 0, 0, 0, 0, 0, 0, 0, 0, 0, 0, 0, 0, 0, 0]), -91.7675819809876)
Set parameter OutputFlag to value 1
Set parameter LogFile to value "solver_result/gurobi/initial/cq_cls1_500-500.log"
Set parameter TimeLimit to value 10800
Set parameter NodefileStart to value 20
Set parameter Threads to value 20
Gurobi Optimizer version 12.0.1 build v12.0.1rc0 (linux64 - "Ubuntu 24.04.1 LTS")

CPU model: Intel(R) Xeon(R) Gold 6240C CPU @ 2.60GHz, instruction set [SSE2|AVX|AVX2|AVX512]
Thread count: 36 physical cores, 72 logical processors, using up to 20 threads

Non-default parameters:
TimeLimit  10800
NodefileStart  20
Threads  20

Optimize a model with 500 rows, 500 columns and 250000 nonzeros
Model fingerprint: 0x99f0269e
Model has 500 quadratic objective terms
Variable types: 0 continuous, 500 integer (0 binary)
Coefficient statistics:
  Matrix range     [7e-07, 5e-01]
  Objective range  [2e-04, 1e-01]
  QObjective range [2e-05, 1e-02]
  Bounds range     [0e+00, 0e+00]
  RHS range        [2e-03, 1e+00]

Loaded user MIP start with objective -91.7676

Presolve time: 0.07s
Presolved: 500 rows, 500 columns, 250000 nonzeros
Presolved model has 500 quadratic objective terms
Variable types: 0 continuous, 500 integer (0 binary)
Found heuristic solution: objective -92.7911731

Root relaxation: objective -1.068089e+02, 295 iterations, 1.01 seconds (0.51 work units)

    Nodes    |    Current Node    |     Objective Bounds      |     Work
 Expl Unexpl |  Obj  Depth IntInf | Incumbent    BestBd   Gap | It/Node Time

     0     0 -106.80888    0  500  -92.79117 -106.80888  15.1%     -    1s
H    0     0                     -93.2144675 -106.80888  14.6%     -    1s
H    0     0                     -93.3963630 -106.80888  14.4%     -    1s
     0     0 -106.80526    0  500  -93.39636 -106.80526  14.4%     -   10s
     0     2 -106.80526    0  500  -93.39636 -106.80526  14.4%     -   11s
    91   177 -106.80152    7  493  -93.39636 -106.80387  14.4%   2.4   16s
H  180   197                     -93.5113425 -106.80387  14.2%   2.3   17s
H  196   331                     -95.0735099 -106.80387  12.3%   2.3   22s
   350   371 -106.79566   14  486  -95.07351 -106.80387  12.3%   2.4   25s
H  372   391                     -95.1369441 -106.80387  12.3%   2.3   28s
H  390  1016                     -95.6657185 -106.80387  11.6%   2.4   38s
  1015  1036 -106.77334   38  462  -95.66572 -106.80387  11.6%   2.5   40s
  1035  1342 -106.77268   39  462  -95.66572 -106.80387  11.6%   2.5   46s
  1341  1944 -106.76030   48  452  -95.66572 -106.80387  11.6%   2.5   56s
  1963  1984 -106.73387   71  432  -95.66572 -106.80387  11.6%   2.7   60s
  2003  2044 -106.73261   72  430  -95.66572 -106.80387  11.6%   2.7   73s
  2043  2808 -106.73074   74  428  -95.66572 -106.80387  11.6%   2.7   85s
  2807  3424 -106.70195  100  404  -95.66572 -106.80387  11.6%   2.9   95s
  3423  3988 -106.68256  118  391  -95.66572 -106.80387  11.6%   3.1  104s
  3987  4520 -106.65946  139  378  -95.66572 -106.80387  11.6%   3.4  112s
  4519  5019 -106.63492  155  361  -95.66572 -106.80387  11.6%   3.6  120s
  5060  5109 -106.61820  168  356  -95.66572 -106.80387  11.6%   4.0  126s
  5108  5160 -106.61915  169  354  -95.66572 -106.80387  11.6%   4.1  130s
  5210  5263 -106.61751  170  352  -95.66572 -106.80387  11.6%   4.2  136s
  5336  5671 -106.61507  171  353  -95.66572 -106.80387  11.6%   4.5  145s
  5670  6180 -106.59175  187  343  -95.66572 -106.80387  11.6%   4.8  153s
  6179  6654 -106.56614  200  336  -95.66572 -106.80387  11.6%   5.2  161s
  6653  7154 -106.53595  214  327  -95.66572 -106.80387  11.6%   5.6  168s
  7153  7636 -106.50962  228  322  -95.66572 -106.80387  11.6%   6.0  175s
  7635  8141 -106.48495  243  312  -95.66572 -106.80387  11.6%   6.4  182s
  8140  8647 -106.44568  257  298  -95.66572 -106.80387  11.6%   6.8  188s
  8646  9198 -106.40800  271  289  -95.66572 -106.80387  11.6%   7.3  195s
  9279  9601 -106.35771  299  278  -95.66572 -106.80387  11.6%   7.7  203s
  9606 10028 -106.31914  310  278  -95.66572 -106.80387  11.6%   8.0  210s
 10033 10482 -106.25893  325  274  -95.66572 -106.80387  11.6%   8.4  217s
 10487 10946 -106.20402  340  268  -95.66572 -106.80387  11.6%   8.9  224s
 10951 11283 -106.15183  351  270  -95.66572 -106.80387  11.6%   9.4  229s
 11288 11786 -106.10012  360  256  -95.66572 -106.80387  11.6%   9.8  235s
 11792 11787 -106.09656  361  500  -95.66572 -106.80387  11.6%  10.4  387s
 11794 11788 -106.37278  278  500  -95.66572 -106.80387  11.6%  10.4  390s
 11847 11878 -106.80203   21  494  -95.66572 -106.80387  11.6%  10.4  395s
 11980 11933 -106.79930   24  491  -95.66572 -106.80387  11.6%  10.3  400s
 12040 11973 -106.79676   26  489  -95.66572 -106.80387  11.6%  10.2  405s
 12060 12149 -106.79525   26  489  -95.66572 -106.80387  11.6%  10.2  410s
 12242 12377 -106.79409   30  485  -95.66572 -106.80387  11.6%  10.1  416s
 12531 12615 -106.78943   36  479  -95.66572 -106.80387  11.6%   9.9  423s
 12865 12523 -106.77804   43  472  -95.66572 -106.80387  11.6%   9.7  425s
 12925 12563 -106.77363   45  470  -95.66572 -106.80387  11.6%   9.7  431s
H12940 11968                     -95.8633087 -106.80387  11.4%   9.7  431s
H12945 11707                     -95.8873448 -106.80387  11.4%   9.7  438s
 13245 12142 -106.76370   52  463  -95.88734 -106.80387  11.4%   9.5  447s
 13780 12339 -106.75250   63  452  -95.88734 -106.80387  11.4%   9.3  453s
 14156 12424 -106.74108   71  444  -95.88734 -106.80387  11.4%   9.1  458s
 14366 12678 -106.73459   75  440  -95.88734 -106.80387  11.4%   9.0  463s
 14690 12881 -106.72955   82  433  -95.88734 -106.80387  11.4%   8.9  468s
 15001 13059 -106.72270   88  427  -95.88734 -106.80387  11.4%   8.8  473s
 15283 13248 -106.71599   95  420  -95.88734 -106.80387  11.4%   8.7  479s
 15566 13425 -106.70924  101  414  -95.88734 -106.80387  11.4%   8.6  483s
 15837 13593 -106.70483  107  408  -95.88734 -106.80387  11.4%   8.5  488s
 16095 13672 -106.69627  113  403  -95.88734 -106.80387  11.4%   8.5  491s
 16260 13916 -106.69155  117  399  -95.88734 -106.80387  11.4%   8.4  497s
 16559 14112 -106.68581  124  392  -95.88734 -106.80387  11.4%   8.4  502s
 16855 14273 -106.68000  130  387  -95.88734 -106.80387  11.4%   8.3  507s
 17115 14244 -106.67449  137  382  -95.88734 -106.80387  11.4%   8.3  512s
 17172 14279 -106.67284  137  382  -95.88734 -106.80387  11.4%   8.3  518s
 17226 14318 -106.67057  138  384  -95.88734 -106.80387  11.4%   8.3  523s
 17283 14361 -106.67412  138  381  -95.88734 -106.80387  11.4%   8.2  529s
 17345 14400 -106.67281  139  381  -95.88734 -106.80387  11.4%   8.2  534s
 17405 14445 -106.67132  139  379  -95.88734 -106.80387  11.4%   8.2  540s
 17470 14486 -106.67113  140  377  -95.88734 -106.80387  11.4%   8.2  548s
 17533 14485 -106.67054  140  380  -95.88734 -106.80387  11.4%   8.2  555s
 17553 14499 -106.67092  141  376  -95.88734 -106.80387  11.4%   8.2  561s
 17573 14512 -106.66551  141  378  -95.88734 -106.80387  11.4%   8.2  566s
 17593 14525 -106.66796  142  376  -95.88734 -106.80387  11.4%   8.2  572s
 17613 14579 -106.66933  142  374  -95.88734 -106.80387  11.4%   8.2  578s
 17673 14626 -106.66655  143  377  -95.88734 -106.80387  11.4%   8.2  585s
 17740 14656 -106.66661  143  374  -95.88734 -106.80387  11.4%   8.2  591s
 17793 14659 -106.66456  144  373  -95.88734 -106.80387  11.4%   8.2  597s
 17813 14693 -106.66521  144  372  -95.88734 -106.80387  11.4%   8.2  603s
 17854 14745 -106.66355  145  372  -95.88734 -106.80387  11.4%   8.2  609s
 17920 14794 -106.66105  145  372  -95.88734 -106.80387  11.4%   8.2  615s
 17991 14791 -106.66279  146  371  -95.88734 -106.80387  11.4%   8.2  621s
 18011 14804 -106.66022  146  372  -95.88734 -106.80387  11.4%   8.2  627s
 18031 14832 -106.66137  147  371  -95.88734 -106.80387  11.4%   8.2  632s
 18066 14892 -106.66091  147  370  -95.88734 -106.80387  11.4%   8.2  638s
 18137 14888 -106.66041  148  369  -95.88734 -106.80387  11.4%   8.2  644s
 18157 14901 -106.65834  148  371  -95.88734 -106.80387  11.4%   8.2  649s
 18177 14916 -106.66013  149  368  -95.88734 -106.80387  11.4%   8.2  655s
 18198 14973 -106.65477  149  368  -95.88734 -106.80387  11.4%   8.2  660s
 18262 15027 -106.65942  150  368  -95.88734 -106.80387  11.4%   8.2  666s
 18338 15022 -106.65747  150  366  -95.88734 -106.80387  11.4%   8.2  672s
 18358 15046 -106.65847  151  368  -95.88734 -106.80387  11.4%   8.2  677s
 18389 15154 -106.65642  151  366  -95.88734 -106.80387  11.4%   8.2  682s
 18507 15349 -106.65705  152  366  -95.88734 -106.80387  11.4%   8.2  689s
 18741 15291 -106.65534  152  366  -95.88734 -106.80387  11.4%   8.3  694s
 18761 15327 -106.65602  153  364  -95.88734 -106.80387  11.4%   8.3  700s
 18804 15530 -106.65042  158  360  -95.88734 -106.80387  11.4%   8.3  707s
 19041 15818 -106.63823  170  351  -95.88734 -106.80387  11.4%   8.3  716s
 19388 16210 -106.63114  177  349  -95.88734 -106.80387  11.4%   8.3  724s
 19896 16716 -106.62032  190  338  -95.88734 -106.80387  11.4%   8.4  734s
 20571 17095 -106.60697  206  323  -95.88734 -106.80387  11.4%   8.5  743s
 21175 17622 -106.57982  221  315  -95.88734 -106.80387  11.4%   8.7  752s
 21904 17890 -106.56529  238  305  -95.88734 -106.80387  11.4%   8.9  760s
 22459 18426 -106.54193  251  309  -95.88734 -106.80387  11.4%   9.2  771s
 23198 18836 -106.54164  265  288  -95.88734 -106.80387  11.4%   9.5  782s
 23864 19729 -106.53484  278  289  -95.88734 -106.80387  11.4%   9.7  801s
 24997 19934 -106.51656  303  286  -95.88734 -106.80387  11.4%  10.1  810s
 25580 20284 -106.50380  315  276  -95.88734 -106.80387  11.4%  10.3  819s
 26124 20761 -106.48516  328  269  -95.88734 -106.80387  11.4%  10.4  829s
 26782 21171 -106.44803  342  268  -95.88734 -106.80387  11.4%  10.6  840s
 27412 21615 -106.43048  356  263  -95.88734 -106.80387  11.4%  10.9  849s
 28066 22072 -106.40281  371  253  -95.88734 -106.80387  11.4%  11.1  859s
 28741 22560 -106.38868  387  246  -95.88734 -106.80387  11.4%  11.4  869s
 29454 23006 -106.33482  402  253  -95.88734 -106.80387  11.4%  11.6  877s
 30137 23412 -106.32705  419  239  -95.88734 -106.80387  11.4%  12.0  886s
 30771 24009 -106.28459  435  229  -95.88734 -106.80387  11.4%  12.3  895s
 31579 24554 -106.22890  454  222  -95.88734 -106.80387  11.4%  12.7  903s
 32394 25015 -106.16587  475  214  -95.88734 -106.80387  11.4%  13.1  911s
 33126 25591 -106.08224  492  207  -95.88734 -106.80387  11.4%  13.5  920s
 34006 26173 -105.94488  510  200  -95.88734 -106.80387  11.4%  14.1  931s
 34921 26698 -105.82353  529  190  -95.88734 -106.80378  11.4%  14.5  947s
 35767 27212 -105.70267  549  179  -95.88734 -106.80362  11.4%  15.1  963s
 36563 27752 -105.60284  566  172  -95.88734 -106.80362  11.4%  15.6  978s
 37368 28374 -105.49834  583  169  -95.88734 -106.80362  11.4%  16.1  991s
 38286 28924 -105.33693  604  162  -95.88734 -106.80362  11.4%  16.9 1012s
 39156 29571 -105.08850  626  150  -95.88734 -106.80362  11.4%  17.5 1035s
 40119 30323 -104.79022  647  148  -95.88734 -106.80362  11.4%  18.2 1060s
 41216 31012 -103.53324  670  144  -95.88734 -106.80362  11.4%  18.9 1083s
 42353 31922 -102.97185  689  133  -95.88734 -106.80362  11.4%  19.5 1109s
 43763 33029 -106.72131  102  422  -95.88734 -106.80362  11.4%  20.0 1138s
 45380 34757 -106.58688  208  345  -95.88734 -106.80361  11.4%  20.3 1163s
 47202 37778 -106.35589  330  285  -95.88734 -106.80292  11.4%  20.4 1217s
 50391 38907 -105.27651  520  222  -95.88734 -106.80292  11.4%  20.4 1236s
 51642 40670 -104.55231  588  195  -95.88734 -106.80262  11.4%  20.4 1259s
 53453 42425 -103.01609  677  170  -95.88734 -106.80262  11.4%  20.2 1280s
 55258 44411  -98.61332  769  138  -95.88734 -106.80262  11.4%  20.1 1303s
 57356 46133 -106.76062   85  434  -95.88734 -106.80262  11.4%  19.8 1324s
 59164 48083 -106.67024  187  356  -95.88734 -106.80262  11.4%  19.6 1350s
 61168 49878 -106.44494  308  296  -95.88734 -106.80262  11.4%  19.3 1374s
 62963 51638 -106.01935  412  258  -95.88734 -106.80262  11.4%  19.1 1396s
 64723 53936 -105.41150  495  247  -95.88734 -106.80262  11.4%  19.0 1420s
 67021 55866 -104.22208  586  227  -95.88734 -106.80262  11.4%  19.0 1446s
 69125 56178 -102.54186  681  196  -95.88734 -106.80262  11.4%  18.9 1476s
 69437 57878 -102.35143  695  189  -95.88734 -106.80262  11.4%  18.9 1508s
 71220 60929  -99.93759  799  160  -95.88734 -106.80262  11.4%  18.8 1559s
 74369 62936 -106.72787  121  401  -95.88734 -106.80262  11.4%  18.5 1588s
 76376 64874 -106.53429  268  312  -95.88734 -106.80262  11.4%  18.3 1614s
 78314 66696 -106.03489  404  260  -95.88734 -106.80262  11.4%  18.2 1638s
 80136 68507 -104.99076  519  229  -95.88734 -106.80262  11.4%  18.2 1663s
 81947 70244 -103.55307  621  207  -95.88734 -106.80262  11.4%  18.4 1684s
 83718 71422 -101.87887  708  193  -95.88734 -106.80262  11.4%  18.5 1704s
 84930 73502 -100.42571  766  183  -95.88734 -106.80262  11.4%  18.6 1734s
 87214 73519  -96.60398  875  149  -95.88734 -106.80242  11.4%  18.7 1752s
 87237 73539  -96.59801  876  149  -95.88734 -106.80242  11.4%  18.7 1785s
 87257 73559  -96.58622  877  150  -95.88734 -106.80242  11.4%  18.7 1845s
 87277 73579  -96.58096  878  147  -95.88734 -106.80242  11.4%  18.7 1874s
 87297 73599  -96.53451  879  151  -95.88734 -106.80242  11.4%  18.7 1898s
 87317 73619  -96.48704  880  149  -95.88734 -106.80242  11.4%  18.7 1920s
 87337 74419  -96.44224  881  148  -95.88734 -106.80242  11.4%  18.7 1941s
 88241 76623 -106.74469   81  436  -95.88734 -106.80242  11.4%  18.7 1971s
 90445 78822 -106.50483  238  324  -95.88734 -106.80242  11.4%  18.7 1999s
 92670 80313 -106.03202  387  262  -95.88734 -106.80242  11.4%  18.6 2025s
 94161 83310 -105.38384  473  242  -95.88734 -106.80242  11.4%  18.7 2079s
 97240 85201 -103.03267  645  202  -95.88734 -106.80242  11.4%  19.0 2110s
 99233 87166 -100.61496  747  177  -95.88734 -106.80242  11.4%  19.2 2142s
 101414 89414  -96.82022  851  142  -95.88734 -106.80222  11.4%  19.4 2173s
 103908 91880 -106.71004  127  401  -95.88734 -106.80213  11.4%  19.2 2201s
 106400 94131 -106.53061  271  317  -95.88734 -106.80213  11.4%  19.0 2229s
H108122 94129                     -95.9501264 -106.80213  11.3%  18.9 2229s
H108651 95955                     -95.9897983 -106.80213  11.3%  18.8 2250s
 110481 97762 -105.36481  519  232  -95.98980 -106.80213  11.3%  18.8 2272s
 112288 99638 -103.99287  614  213  -95.98980 -106.80213  11.3%  18.9 2295s
 114164 100911 -102.17757  712  187  -95.98980 -106.80213  11.3%  19.0 2316s
H114684 100899                     -96.0342217 -106.80213  11.2%  19.1 2316s
 115500 103001 -100.97477  777  175  -96.03422 -106.80213  11.2%  19.2 2345s
 117726 106615  -97.83116  877  160  -96.03422 -106.80185  11.2%  19.3 2388s
 121599 108445 -106.64362  135  389  -96.03422 -106.80185  11.2%  19.2 2411s
 123429 110197 -106.40959  247  316  -96.03422 -106.80185  11.2%  19.1 2430s
 125181 111962 -106.05804  349  271  -96.03422 -106.80185  11.2%  19.1 2445s
 126964 113714 -105.55198  462  229  -96.03422 -106.80185  11.2%  19.1 2466s
 128808 115381 -104.76964  579  203  -96.03422 -106.80185  11.2%  19.2 2483s
 130481 117650 -103.80946  685  159  -96.03422 -106.80179  11.2%  19.3 2505s
 132750 120570 -102.16634  825  133  -96.03422 -106.80179  11.2%  19.4 2521s
 135864 122548  -98.64450 1084   67  -96.03422 -106.80179  11.2%  19.5 2540s
 138032 124552 -106.76530   72  443  -96.03422 -106.80179  11.2%  19.4 2563s
 140125 126434 -106.62996  182  356  -96.03422 -106.80179  11.2%  19.3 2584s
 142078 129977 -106.47979  292  311  -96.03422 -106.80179  11.2%  19.2 2624s
 145621 131514 -105.57465  486  232  -96.03422 -106.80179  11.2%  19.1 2641s
 147212 132985 -104.74304  562  220  -96.03422 -106.80179  11.2%  19.1 2663s
 148683 134719 -103.52114  634  200  -96.03422 -106.80179  11.2%  19.2 2685s
 150450 136404 -101.82381  714  182  -96.03422 -106.80179  11.2%  19.3 2703s
 152166 138325  -99.42205  797  164  -96.03422 -106.80155  11.2%  19.5 2726s
 154339 140009 -106.79607   30  485  -96.03422 -106.80155  11.2%  19.6 2748s
 156164 141833 -106.71218  133  391  -96.03422 -106.80155  11.2%  19.5 2778s
 158035 143940 -106.60707  247  319  -96.03422 -106.80155  11.2%  19.5 2811s
 160156 145897 -106.29088  389  266  -96.03422 -106.80089  11.2%  19.4 2842s
 162161 147591 -105.50535  512  229  -96.03422 -106.80089  11.2%  19.4 2870s
 163902 149427 -104.27966  601  205  -96.03422 -106.80089  11.2%  19.4 2900s
 165751 151718 -102.53759  685  189  -96.03422 -106.80049  11.2%  19.4 2936s
 168042 153889  -99.79123  805  163  -96.03422 -106.80049  11.2%  19.6 2968s
 170461 155022 -106.77779   38  477  -96.03422 -106.80049  11.2%  19.6 2986s
 171732 157419 -106.71366   79  437  -96.03422 -106.80049  11.2%  19.6 3017s
 174283 159678 -106.29528  233  334  -96.03422 -106.80049  11.2%  19.5 3044s
 176579 161780 -105.55989  360  292  -96.03422 -106.80049  11.2%  19.5 3070s
 178696 163773 -104.66828  463  278  -96.03422 -106.80049  11.2%  19.5 3099s
 180724 165577 -103.63711  550  264  -96.03422 -106.80049  11.2%  19.5 3122s
 182528 165597 -102.56220  623  258  -96.03422 -106.80049  11.2%  19.5 3137s
 182548 165617 -102.54800  624  260  -96.03422 -106.80049  11.2%  19.5 3170s
 182568 165637 -102.53267  625  256  -96.03422 -106.80049  11.2%  19.5 3200s
 182588 165657 -102.50946  626  261  -96.03422 -106.80049  11.2%  19.5 3226s
 182608 165811 -102.50177  627  261  -96.03422 -106.80049  11.2%  19.6 3248s
 182762 166087 -102.49155  628  265  -96.03422 -106.80049  11.2%  19.6 3269s
 183038 166870 -102.47129  629  261  -96.03422 -106.80049  11.2%  19.6 3287s
 183821 169077 -102.45205  630  263  -96.03422 -106.80049  11.2%  19.6 3314s
 186114 170860 -101.36347  708  244  -96.03422 -106.80049  11.2%  19.7 3349s
 187959 172800 -100.12033  774  247  -96.03422 -106.80049  11.2%  19.7 3384s
 189899 174807  -98.76244  838  238  -96.03422 -106.80049  11.2%  19.8 3420s
 191983 176952  -97.19870  912  236  -96.03422 -106.80049  11.2%  19.8 3454s
 194337 177900  -96.04608  969  224  -96.03422 -106.80031  11.2%  19.8 3492s
 195412 180615 -106.79173   33  482  -96.03422 -106.80016  11.2%  19.8 3526s
 198162 183269 -106.63873  198  352  -96.03422 -106.80016  11.2%  19.7 3554s
 200827 185518 -106.25359  373  266  -96.03422 -106.80016  11.2%  19.7 3587s
 203106 187576 -105.41387  516  221  -96.03422 -106.80003  11.2%  19.7 3611s
 205164 189542 -103.94661  627  201  -96.03422 -106.80003  11.2%  19.8 3628s
 207152 191454 -102.01230  714  186  -96.03422 -106.80003  11.2%  19.9 3661s
 209140 193406  -99.94327  808  149  -96.03422 -106.79993  11.2%  20.0 3698s
 211270 195638  -96.49617  906  144  -96.03422 -106.79990  11.2%  20.1 3733s
 213572 198311 -106.72300  115  404  -96.03422 -106.79990  11.2%  20.1 3774s
 216451 200119 -106.39407  311  285  -96.03422 -106.79990  11.2%  20.1 3801s
 218387 201932 -105.84086  434  243  -96.03422 -106.79990  11.2%  20.1 3825s
 220202 203818 -104.99817  530  218  -96.03422 -106.79990  11.2%  20.0 3851s
 222118 205623 -103.69700  622  197  -96.03422 -106.79990  11.2%  20.1 3877s
 223952 207362 -101.77639  703  174  -96.03422 -106.79990  11.2%  20.1 3901s
 225691 208804  -99.36316  783  163  -96.03422 -106.79990  11.2%  20.2 3924s
 227289 209959  -96.46146  852  155  -96.03422 -106.79990  11.2%  20.3 3945s
 228560 212122 -106.74618  110  412  -96.03422 -106.79987  11.2%  20.3 3977s
 230728 214126 -106.58746  271  308  -96.03422 -106.79987  11.2%  20.3 4000s
 232887 215933 -106.09180  423  253  -96.03422 -106.79977  11.2%  20.4 4027s
 234941 217998 -104.95310  533  218  -96.03422 -106.79975  11.2%  20.4 4061s
 237050 220367 -103.63997  619  202  -96.03422 -106.79973  11.2%  20.4 4105s
 239486 222288 -101.64972  707  188  -96.03422 -106.79973  11.2%  20.4 4139s
 241436 224200  -99.64663  781  171  -96.03422 -106.79969  11.2%  20.5 4171s
 243433 225328  -97.36470  857  164  -96.03422 -106.79969  11.2%  20.6 4203s
 244649 227457 -106.77567   54  461  -96.03422 -106.79969  11.2%  20.6 4235s
 246801 229733 -106.58760  204  350  -96.03422 -106.79969  11.2%  20.6 4266s
 249095 231844 -106.23396  372  263  -96.03422 -106.79969  11.2%  20.6 4296s
 251316 233990 -105.30405  510  234  -96.03422 -106.79969  11.2%  20.6 4325s
 253520 236068 -103.73794  620  194  -96.03422 -106.79969  11.2%  20.7 4350s
 255624 237985 -101.67311  707  177  -96.03422 -106.79969  11.2%  20.7 4383s
 257553 239992  -99.19901  787  155  -96.03422 -106.79969  11.2%  20.7 4415s
 259773 241918 -106.79520   32  483  -96.03422 -106.79969  11.2%  20.8 4448s
 261818 241938 -106.70780  159  369  -96.03422 -106.79969  11.2%  20.8 4471s
 261838 261401 -106.70445  160  366  -96.03422 -106.79969  11.2%  20.8 4907s
 281838 265503 -105.18018  563  184  -96.03422 -106.79947  11.2%  21.2 4952s
 286123 266338 -104.68993  603  168  -96.03422 -106.79947  11.2%  21.2 4970s
 286964 272483 -104.60855  609  168  -96.03422 -106.79947  11.2%  21.2 5026s
 293165 274597 -104.07529  652  150  -96.03422 -106.79947  11.2%  21.4 5050s
 295423 276589 -103.84146  671  143  -96.03422 -106.79947  11.2%  21.5 5078s
 297762 278844 -103.65503  677  144  -96.03422 -106.79938  11.2%  21.6 5108s
 300246 281191 -103.39499  696  140  -96.03422 -106.79938  11.2%  21.6 5134s
 302676 283392 -102.97440  706  137  -96.03422 -106.79934  11.2%  21.6 5160s
 304885 285346 -102.95731  713  134  -96.03422 -106.79930  11.2%  21.6 5182s
 306880 287184 -102.51813  724  128  -96.03422 -106.79930  11.2%  21.6 5211s
 308859 289102 infeasible  733       -96.03422 -106.79926  11.2%  21.7 5237s
 310869 291785 -106.75382   95  421  -96.03422 -106.79926  11.2%  21.7 5272s
 313741 293643 -106.56048  293  287  -96.03422 -106.79926  11.2%  21.8 5296s
 315743 295756 -106.18541  412  247  -96.03422 -106.79920  11.2%  21.8 5320s
 317940 297808 -105.38031  523  215  -96.03422 -106.79920  11.2%  21.7 5342s
 319992 299694 -104.11335  615  193  -96.03422 -106.79920  11.2%  21.7 5357s
 321893 301482 -102.32231  699  168  -96.03422 -106.79920  11.2%  21.7 5370s
 323894 303469  -99.97544  782  152  -96.03422 -106.79920  11.2%  21.8 5396s
 325901 305430  -96.25150  870  130  -96.03422 -106.79918  11.2%  21.8 5417s
 327944 308084 -106.75479   86  431  -96.03422 -106.79918  11.2%  21.8 5441s
 330706 310397 -106.65625  218  337  -96.03422 -106.79918  11.2%  21.9 5465s
 333327 312274 -106.45459  338  285  -96.03422 -106.79918  11.2%  21.9 5488s
 335265 315037 -106.07290  443  245  -96.03422 -106.79916  11.2%  21.8 5520s
 338113 316930 -104.68899  579  203  -96.03422 -106.79916  11.2%  21.8 5543s
 340069 318707 -103.38469  652  186  -96.03422 -106.79916  11.2%  21.8 5566s
 341971 320513 -101.68113  726  173  -96.03422 -106.79916  11.2%  21.9 5593s
 343990 322441  -99.42034  807  145  -96.03422 -106.79915  11.2%  21.9 5618s
 345983 324387     cutoff  891       -96.03422 -106.79915  11.2%  21.9 5644s
 348081 326304 -106.70616  140  386  -96.03422 -106.79915  11.2%  22.0 5669s
 350382 326324 -106.51842  269  307  -96.03422 -106.79914  11.2%  22.0 5680s
 350402 326341 -106.51652  270  308  -96.03422 -106.79914  11.2%  22.0 5709s
 350425 326361 -106.51632  271  307  -96.03422 -106.79914  11.2%  22.0 5734s
 350445 326376 -106.51338  272  306  -96.03422 -106.79914  11.2%  22.0 5759s
 350468 326395 -106.51248  273  306  -96.03422 -106.79914  11.2%  22.0 5783s
 350489 326411 -106.51170  274  304  -96.03422 -106.79914  11.2%  22.0 5805s
 350511 326430 -106.50958  275  303  -96.03422 -106.79914  11.2%  22.0 5822s
 350531 326808 -106.50799  276  304  -96.03422 -106.79914  11.2%  22.0 5842s
 350929 327607 -106.50730  277  306  -96.03422 -106.79914  11.2%  21.9 5859s
 351821 330053 -106.40410  317  289  -96.03422 -106.79905  11.2%  21.9 5885s
 354267 332502 -105.80720  454  235  -96.03422 -106.79905  11.2%  21.9 5908s
 356775 334783 -104.72972  576  207  -96.03422 -106.79905  11.2%  21.9 5937s
 359056 337649 -103.21865  677  178  -96.03422 -106.79905  11.2%  21.9 5973s
 362090 339454 -100.14743  797  146  -96.03422 -106.79905  11.2%  22.0 5994s
 363999 341361  -96.12643  875  135  -96.03422 -106.79900  11.2%  22.0 6018s
 366049 343367 -106.75304   83  433  -96.03422 -106.79900  11.2%  22.0 6043s
 368344 345380 -106.65145  210  336  -96.03422 -106.79900  11.2%  22.0 6063s
 370402 347271 -106.47095  320  278  -96.03422 -106.79900  11.2%  21.9 6085s
 372336 349262 -106.03206  415  244  -96.03422 -106.79900  11.2%  21.9 6104s
 374430 351577 -105.29447  504  220  -96.03422 -106.79900  11.2%  21.9 6126s
 376745 352414 -104.33959  591  196  -96.03422 -106.79900  11.2%  21.9 6145s
 377644 354443 -104.24545  599  195  -96.03422 -106.79900  11.2%  21.9 6170s
 379762 356273 -103.00495  666  181  -96.03422 -106.79900  11.2%  21.9 6190s
 381592 357913 -101.46937  734  174  -96.03422 -106.79900  11.2%  21.9 6204s
 383268 360517  -99.68507  805  161  -96.03422 -106.79900  11.2%  22.0 6240s
 386210 362544 -106.79097   37  478  -96.03422 -106.79899  11.2%  22.0 6265s
 388377 364602 -106.70541  160  373  -96.03422 -106.79899  11.2%  22.0 6286s
 390477 366636 -106.55374  280  288  -96.03422 -106.79899  11.2%  22.0 6308s
 392583 368935 -106.27302  396  256  -96.03422 -106.79899  11.2%  22.0 6331s
 394936 370536 -105.67524  491  222  -96.03422 -106.79899  11.2%  22.0 6353s
 396697 372207 -104.95937  566  208  -96.03422 -106.79899  11.2%  22.0 6376s
 398368 373857 -103.99001  634  192  -96.03422 -106.79899  11.2%  22.0 6395s
 400018 375492 -102.57835  707  170  -96.03422 -106.79899  11.2%  22.0 6409s
 401725 377271 -100.66058  783  155  -96.03422 -106.79899  11.2%  22.1 6434s
 403541 378941  -97.46130  861  135  -96.03422 -106.79899  11.2%  22.1 6463s
 405456 381006 -106.78036   54  461  -96.03422 -106.79899  11.2%  22.1 6493s
 407782 384090 -106.62724  184  351  -96.03422 -106.79899  11.2%  22.1 6535s
 410898 385926 -106.27804  352  271  -96.03422 -106.79899  11.2%  22.1 6560s
 412828 387721 -105.75540  446  243  -96.03422 -106.79899  11.2%  22.0 6588s
 414695 389054 -104.94568  536  220  -96.03422 -106.79899  11.2%  22.0 6613s
 416028 391222 -104.19597  601  200  -96.03422 -106.79899  11.2%  22.0 6642s
 418214 392946 -102.87666  684  174  -96.03422 -106.79899  11.2%  22.1 6669s
 419955 394631 -100.83042  768  158  -96.03422 -106.79899  11.2%  22.1 6695s
 421733 396440  -98.05859  863  133  -96.03422 -106.79899  11.2%  22.1 6722s
 423707 398473 -106.71423   91  429  -96.03422 -106.79887  11.2%  22.2 6746s
 425886 400562 -106.49085  221  331  -96.03422 -106.79887  11.2%  22.1 6772s
 428121 402399 -106.12988  342  272  -96.03422 -106.79884  11.2%  22.1 6793s
 429958 404278 -105.59800  443  241  -96.03422 -106.79884  11.2%  22.1 6813s
 431837 406802 -104.90094  559  198  -96.03422 -106.79884  11.2%  22.1 6842s
 434361 408587 -103.47315  715  160  -96.03422 -106.79884  11.2%  22.1 6862s
 436177 411497 -101.95958  830  130  -96.03422 -106.79884  11.2%  22.2 6886s
 439217 413123  -97.74101 1119   64  -96.03422 -106.79884  11.2%  22.2 6905s
 440882 414751 -106.75355   89  427  -96.03422 -106.79884  11.2%  22.2 6927s
 442528 416345 -106.68489  181  354  -96.03422 -106.79884  11.2%  22.2 6947s
 444377 418212 -106.60955  245  318  -96.03422 -106.79884  11.2%  22.2 6971s
 446396 420390 -106.52402  293  298  -96.03422 -106.79884  11.2%  22.2 6999s
 448574 421896 -106.45471  328  274  -96.03422 -106.79884  11.2%  22.2 7015s
 450080 423750 -106.36189  367  264  -96.03422 -106.79884  11.2%  22.1 7031s
 451972 423770 -106.25371  396  247  -96.03422 -106.79884  11.2%  22.1 7045s
 451992 423790 -106.26756  391  245  -96.03422 -106.79884  11.2%  22.1 7092s
 452012 423810 -106.25319  393  250  -96.03422 -106.79884  11.2%  22.1 7119s
 452032 423830 -106.24636  395  244  -96.03422 -106.79884  11.2%  22.1 7145s
 452052 423850 -106.25576  394  248  -96.03422 -106.79884  11.2%  22.1 7168s
 452072 423870 -106.25399  395  248  -96.03422 -106.79884  11.2%  22.1 7187s
 452092 423963 -106.25168  396  249  -96.03422 -106.79884  11.2%  22.2 7205s
 452185 424985 -106.25373  396  246  -96.03422 -106.79884  11.2%  22.2 7220s
 453207 426702 -106.24369  398  246  -96.03422 -106.79884  11.2%  22.2 7244s
 454949 428672 -106.13830  421  245  -96.03422 -106.79884  11.2%  22.2 7277s
 456984 430555 -105.98886  454  230  -96.03422 -106.79884  11.2%  22.3 7300s
 458989 432538 -105.85461  479  219  -96.03422 -106.79880  11.2%  22.3 7326s
 461079 434685 -105.70001  497  216  -96.03422 -106.79880  11.2%  22.4 7357s
 463571 435894 -105.54924  526  206  -96.03422 -106.79876  11.2%  22.4 7382s
 464870 438654 -105.43750  543  197  -96.03422 -106.79874  11.2%  22.4 7413s
 467630 441007 -105.29984  565  189  -96.03422 -106.79874  11.2%  22.4 7432s
 470078 443163 -105.08434  583  183  -96.03422 -106.79874  11.2%  22.4 7462s
 472250 445314 -104.94719  595  178  -96.03422 -106.79852  11.2%  22.4 7485s
 474504 447804 -104.75766  609  172  -96.03422 -106.79852  11.2%  22.4 7517s
 477075 450930 -104.56164  624  162  -96.03422 -106.79851  11.2%  22.5 7547s
 480396 453601 -104.36437  638  164  -96.03422 -106.79851  11.2%  22.5 7586s
 483103 455380 -104.10772  658  160  -96.03422 -106.79851  11.2%  22.5 7611s
 484962 457406 -104.09534  660  153  -96.03422 -106.79851  11.2%  22.5 7636s
 487020 459359 -103.98813  668  149  -96.03422 -106.79851  11.2%  22.5 7659s
 489045 461295 -103.79654  677  149  -96.03422 -106.79851  11.2%  22.5 7692s
 491025 463438 -103.65458  687  136  -96.03422 -106.79850  11.2%  22.5 7722s
 493168 465947 -103.44225  697  136  -96.03422 -106.79850  11.2%  22.6 7749s
 495749 468168 -102.98288  714  132  -96.03422 -106.79850  11.2%  22.6 7775s
 498182 469939 -102.68636  724  129  -96.03422 -106.79850  11.2%  22.6 7798s
 499953 472241 -102.36011  731  124  -96.03422 -106.79850  11.2%  22.6 7822s
 502314 473990 -101.94776  735  121  -96.03422 -106.79850  11.2%  22.6 7846s
 504149 476326 -101.21003  745  120  -96.03422 -106.79850  11.2%  22.6 7882s
 506589 478351 -106.74219   99  418  -96.03422 -106.79850  11.2%  22.6 7908s
 508678 480215 -106.59218  243  322  -96.03422 -106.79850  11.2%  22.5 7932s
 510542 481985 -106.29052  362  258  -96.03422 -106.79850  11.2%  22.6 7954s
 512318 483957 -105.62847  468  223  -96.03422 -106.79850  11.2%  22.6 7975s
 514515 485940 -104.45312  567  201  -96.03422 -106.79850  11.2%  22.6 7998s
 516580 488429 -103.21593  643  188  -96.03422 -106.79850  11.2%  22.6 8022s
 519137 490135 -101.53095  721  169  -96.03422 -106.79850  11.2%  22.6 8047s
 520905 491976  -99.77475  790  154  -96.03422 -106.79850  11.2%  22.6 8076s
 522779 493601  -97.40635  868  143  -96.03422 -106.79850  11.2%  22.6 8109s
 524478 495487 -106.79245   31  484  -96.03422 -106.79850  11.2%  22.6 8143s
 526385 496817 -106.66843  175  359  -96.03422 -106.79850  11.2%  22.6 8168s
 527715 499092 -106.55629  253  310  -96.03422 -106.79850  11.2%  22.7 8209s
 530097 501127 -105.98006  412  234  -96.03422 -106.79850  11.2%  22.7 8238s
 532211 503081 -104.98690  517  212  -96.03422 -106.79850  11.2%  22.7 8264s
 534317 504932 -103.72531  617  186  -96.03422 -106.79850  11.2%  22.7 8290s
 536186 506830 -102.14339  701  168  -96.03422 -106.79850  11.2%  22.7 8314s
 538084 508665 -100.00552  791  150  -96.03422 -106.79850  11.2%  22.7 8337s
 539973 510263  -96.47538  889  126  -96.03422 -106.79850  11.2%  22.7 8360s
 541652 510283 -106.72288   84  431  -96.03422 -106.79850  11.2%  22.8 8374s
 541672 510303 -106.72216   85  431  -96.03422 -106.79850  11.2%  22.8 8407s
 541692 510323 -106.72025   86  430  -96.03422 -106.79850  11.2%  22.8 8434s
 541712 510343 -106.71949   87  430  -96.03422 -106.79850  11.2%  22.8 8461s
 541732 510363 -106.71772   88  428  -96.03422 -106.79850  11.2%  22.8 8483s
 541752 510383 -106.71751   89  427  -96.03422 -106.79850  11.2%  22.8 8502s
 541772 510947 -106.71711   90  426  -96.03422 -106.79850  11.2%  22.8 8520s
 542336 512172 -106.71625   91  424  -96.03422 -106.79850  11.2%  22.8 8534s
 543561 514103 -106.71318   92  424  -96.03422 -106.79850  11.2%  22.8 8560s
 545521 516084 -106.48004  217  321  -96.03422 -106.79850  11.2%  22.9 8584s
 547773 518465 -106.03329  362  262  -96.03422 -106.79850  11.2%  22.9 8615s
 550211 520616 -105.22270  498  208  -96.03422 -106.79848  11.2%  22.9 8647s
 552451 523113 -104.20572  632  173  -96.03422 -106.79848  11.2%  23.0 8681s
 554990 524809 -102.38682  796  130  -96.03422 -106.79848  11.2%  23.0 8701s
 556772 527060 -100.52895  927  105  -96.03422 -106.79848  11.2%  23.0 8727s
 559129 528612 -106.77601   42  473  -96.03422 -106.79848  11.2%  23.0 8758s
 560812 530314 -106.72097   75  440  -96.03422 -106.79848  11.2%  23.0 8789s
 562514 532107 -106.67227  105  414  -96.03422 -106.79848  11.2%  23.1 8823s
 564400 533739 -106.64411  127  393  -96.03422 -106.79848  11.2%  23.1 8852s
 566135 535620 -106.60557  149  378  -96.03422 -106.79848  11.2%  23.1 8887s
 568050 537210 -106.51932  185  354  -96.03422 -106.79848  11.2%  23.1 8918s
 569739 539316 -106.45837  208  339  -96.03422 -106.79848  11.2%  23.1 8949s
 571893 541410 -106.37272  237  325  -96.03422 -106.79848  11.2%  23.1 8979s
 574021 543129 -106.32256  261  310  -96.03422 -106.79848  11.2%  23.1 9009s
 575824 545293 -106.26815  279  304  -96.03422 -106.79848  11.2%  23.1 9048s
 577992 546986 -106.14859  310  295  -96.03422 -106.79848  11.2%  23.1 9077s
 579752 549060 -106.08307  328  288  -96.03422 -106.79848  11.2%  23.1 9110s
 581826 550844 -105.96422  349  284  -96.03422 -106.79848  11.2%  23.1 9136s
 583648 552705 -105.87662  373  273  -96.03422 -106.79848  11.2%  23.1 9165s
 585639 554843 -105.79852  389  270  -96.03422 -106.79848  11.2%  23.2 9194s
 587795 556796 -105.72470  406  266  -96.03422 -106.79848  11.2%  23.2 9217s
 589806 558799 -105.59718  423  260  -96.03422 -106.79848  11.2%  23.2 9244s
 591856 560780 -105.49830  439  259  -96.03422 -106.79848  11.2%  23.2 9274s
 593837 562802 -105.39975  448  256  -96.03422 -106.79848  11.2%  23.2 9296s
 595961 564733 -105.32844  457  252  -96.03422 -106.79848  11.2%  23.3 9323s
 598020 567189 -105.23247  468  253  -96.03422 -106.79848  11.2%  23.3 9356s
 600545 569654 -105.06926  486  246  -96.03422 -106.79848  11.2%  23.3 9387s
 603063 571618 -104.98897  497  241  -96.03422 -106.79848  11.2%  23.3 9409s
 605076 573750 -104.81039  508  242  -96.03422 -106.79848  11.2%  23.3 9430s
 607300 575361 -104.66009  528  241  -96.03422 -106.79848  11.2%  23.3 9450s
 608969 577130 -104.53879  538  230  -96.03422 -106.79848  11.2%  23.3 9474s
H610553 576832                     -96.0964014 -106.79848  11.1%  23.3 9474s
H610794 578556                     -96.1101409 -106.79848  11.1%  23.3 9499s
 611952 578556 -103.69994  626  174  -96.11014 -106.79848  11.1%  23.3 9500s
 612670 580519 -104.27545  557  224  -96.11014 -106.79826  11.1%  23.3 9525s
 614711 582455 -104.02848  579  221  -96.11014 -106.79826  11.1%  23.4 9548s
 616821 584449 -103.82835  592  219  -96.11014 -106.79826  11.1%  23.4 9572s
 618918 586447 -103.59531  607  216  -96.11014 -106.79826  11.1%  23.4 9597s
 620916 588595 -103.35703  625  213  -96.11014 -106.79826  11.1%  23.3 9617s
 623102 588614 -102.98952  644  206  -96.11014 -106.79826  11.1%  23.4 9630s
 623123 588859 -103.00987  644  206  -96.11014 -106.79826  11.1%  23.4 9661s
 623395 589027 -103.01708  643  202  -96.11014 -106.79826  11.1%  23.4 9696s
 623571 602168 -102.99004  644  199  -96.11014 -106.79826  11.1%  23.3 9904s
 637408 605309 -100.77279  730  189  -96.11014 -106.79810  11.1%  23.4 9949s
 640549 606610  -99.93743  750  175  -96.11014 -106.79810  11.1%  23.4 9970s
 641850 608637  -99.86071  758  170  -96.11014 -106.79810  11.1%  23.4 9995s
 643877 611369  -99.43677  767  169  -96.11014 -106.79810  11.1%  23.4 10024s
 646609 612756  -98.80719  784  168  -96.11014 -106.79810  11.1%  23.4 10040s
 647996 614688  -98.70408  788  164  -96.11014 -106.79810  11.1%  23.4 10058s
 649928 616587  -98.20345  800  159  -96.11014 -106.79810  11.1%  23.4 10075s
 651827 619264  -97.91545  809  155  -96.11014 -106.79810  11.1%  23.5 10095s
 654504 621447  -97.07434  822  156  -96.11014 -106.79810  11.1%  23.5 10116s
 656813 623322  -96.22235  838  154  -96.11014 -106.79810  11.1%  23.6 10144s
 658768 625002 -106.62005  145  377  -96.11014 -106.79810  11.1%  23.6 10166s
 660448 627633 -106.34022  273  299  -96.11014 -106.79810  11.1%  23.6 10187s
 663103 629923 -105.42528  470  222  -96.11014 -106.79810  11.1%  23.7 10198s
 665487 631912 -104.19758  648  171  -96.11014 -106.79810  11.1%  23.7 10228s
 667480 633552 -102.64483  779  136  -96.11014 -106.79810  11.1%  23.8 10246s
 669142 636902 -100.73650  928  106  -96.11014 -106.79810  11.1%  23.8 10278s
 672725 638795 -106.71712  131  393  -96.11014 -106.79810  11.1%  23.9 10304s
 674638 640258 -106.58940  256  311  -96.11014 -106.79810  11.1%  23.9 10319s
 676225 641745 -106.36359  357  260  -96.11014 -106.79810  11.1%  23.9 10339s
 677800 641765 -105.98882  455  232  -96.11014 -106.79810  11.1%  23.9 10373s
 677820 641784 -105.98489  456  230  -96.11014 -106.79810  11.1%  23.9 10418s
 677841 641803 -105.98171  457  228  -96.11014 -106.79810  11.1%  23.9 10452s
 677862 641822 -105.97666  458  232  -96.11014 -106.79810  11.1%  23.9 10482s
 677883 642907 -105.97035  459  228  -96.11014 -106.79810  11.1%  23.9 10507s
 679254 644727 -105.12804  561  194  -96.11014 -106.79810  11.1%  24.0 10548s
 681330 648093 -103.74902  664  159  -96.11014 -106.79810  11.1%  24.0 10586s
 684815 650161  -97.66821  826  117  -96.11014 -106.79810  11.1%  23.9 10610s
 687009 653360 -106.71720  119  403  -96.11014 -106.79810  11.1%  23.9 10642s
 690286 655615 -106.47328  306  285  -96.11014 -106.79810  11.1%  23.9 10662s
 692541 656964 -106.03994  433  237  -96.11014 -106.79810  11.1%  23.9 10673s
 693992 658386 -105.39049  509  214  -96.11014 -106.79810  11.1%  23.9 10689s
 695576 660932 -104.55752  577  197  -96.11014 -106.79806  11.1%  23.9 10720s
 698366 662722 -102.98494  686  168  -96.11014 -106.79806  11.1%  23.9 10738s
 700265 664426 -101.77579  750  149  -96.11014 -106.79806  11.1%  23.9 10756s
 702001 665408 -100.40638  801  139  -96.11014 -106.79806  11.1%  23.9 10767s
 703069 666266  -98.97216  864  112  -96.11014 -106.79806  11.1%  23.9 10779s
 703973 668840  -97.83613  878  114  -96.11014 -106.79806  11.1%  23.9 10800s

Explored 706620 nodes (16850828 simplex iterations) in 10800.15 seconds (3195.15 work units)
Thread count was 20 (of 72 available processors)

Solution count 10: -96.1101 -96.0964 -96.0342 ... -95.0735

Time limit reached
Best objective -9.611014085386e+01, best bound -1.067980411968e+02, gap 11.1205%
final_gap is 0.11%
x[0]: 7.00 x[1]: -4.00 x[2]: -14.00 x[3]: -11.00 x[4]: -5.00 x[5]: -11.00 x[6]: 0.00 x[7]: -13.00 x[8]: -21.00 x[9]: -13.00 x[10]: -5.00 x[11]: 21.00 x[12]: 3.00 x[13]: -1.00 x[14]: -16.00 x[15]: -2.00 x[16]: -8.00 x[17]: -2.00 x[18]: -10.00 x[19]: -2.00 x[20]: -27.00 x[21]: 4.00 x[22]: -5.00 x[23]: -2.00 x[24]: -4.00 x[25]: -22.00 x[26]: -4.00 x[27]: -32.00 x[28]: -5.00 x[29]: -18.00 x[30]: -16.00 x[31]: 5.00 x[32]: 0.00 x[33]: 13.00 x[34]: -2.00 x[35]: -14.00 x[36]: -7.00 x[37]: -10.00 x[38]: 1.00 x[39]: -1.00 x[40]: 3.00 x[41]: 12.00 x[42]: -6.00 x[43]: -8.00 x[44]: -16.00 x[45]: 5.00 x[46]: -6.00 x[47]: -12.00 x[48]: -1.00 x[49]: -2.00 x[50]: -4.00 x[51]: -6.00 x[52]: 3.00 x[53]: 3.00 x[54]: -15.00 x[55]: -11.00 x[56]: -14.00 x[57]: 12.00 x[58]: 2.00 x[59]: 3.00 x[60]: -10.00 x[61]: -1.00 x[62]: -24.00 x[63]: 5.00 x[64]: -6.00 x[65]: -6.00 x[66]: -2.00 x[67]: -8.00 x[68]: -2.00 x[69]: 0.00 x[70]: -24.00 x[71]: 16.00 x[72]: -10.00 x[73]: -17.00 x[74]: -29.00 x[75]: -8.00 x[76]: -3.00 x[77]: -11.00 x[78]: -3.00 x[79]: -13.00 x[80]: 14.00 x[81]: -14.00 x[82]: 4.00 x[83]: -23.00 x[84]: -11.00 x[85]: -13.00 x[86]: -2.00 x[87]: 6.00 x[88]: -8.00 x[89]: -4.00 x[90]: -1.00 x[91]: -19.00 x[92]: -2.00 x[93]: -6.00 x[94]: 1.00 x[95]: -15.00 x[96]: -13.00 x[97]: -3.00 x[98]: -8.00 x[99]: -3.00 x[100]: -15.00 x[101]: -1.00 x[102]: -6.00 x[103]: -3.00 x[104]: 4.00 x[105]: -20.00 x[106]: 12.00 x[107]: -15.00 x[108]: -13.00 x[109]: -11.00 x[110]: -14.00 x[111]: 1.00 x[112]: 2.00 x[113]: -3.00 x[114]: 1.00 x[115]: -18.00 x[116]: -10.00 x[117]: 1.00 x[118]: -10.00 x[119]: -10.00 x[120]: -14.00 x[121]: 3.00 x[122]: 2.00 x[123]: -12.00 x[124]: -30.00 x[125]: -14.00 x[126]: -15.00 x[127]: -4.00 x[128]: -4.00 x[129]: -2.00 x[130]: 1.00 x[131]: 3.00 x[132]: 0.00 x[133]: -7.00 x[134]: 0.00 x[135]: -1.00 x[136]: -12.00 x[137]: -15.00 x[138]: -3.00 x[139]: -10.00 x[140]: 12.00 x[141]: -14.00 x[142]: -5.00 x[143]: -15.00 x[144]: 3.00 x[145]: -15.00 x[146]: -10.00 x[147]: -7.00 x[148]: -15.00 x[149]: 8.00 x[150]: -13.00 x[151]: -18.00 x[152]: -15.00 x[153]: -2.00 x[154]: 7.00 x[155]: -6.00 x[156]: -18.00 x[157]: -5.00 x[158]: 0.00 x[159]: -5.00 x[160]: -8.00 x[161]: -6.00 x[162]: -9.00 x[163]: 8.00 x[164]: -9.00 x[165]: -1.00 x[166]: 10.00 x[167]: -12.00 x[168]: -8.00 x[169]: -3.00 x[170]: -10.00 x[171]: -3.00 x[172]: -4.00 x[173]: -27.00 x[174]: -31.00 x[175]: -10.00 x[176]: -35.00 x[177]: -8.00 x[178]: 5.00 x[179]: -30.00 x[180]: -21.00 x[181]: -6.00 x[182]: -15.00 x[183]: -10.00 x[184]: -10.00 x[185]: -15.00 x[186]: 2.00 x[187]: -4.00 x[188]: -15.00 x[189]: 10.00 x[190]: -10.00 x[191]: -2.00 x[192]: 0.00 x[193]: -5.00 x[194]: -14.00 x[195]: -3.00 x[196]: -2.00 x[197]: -9.00 x[198]: -11.00 x[199]: -10.00 x[200]: -19.00 x[201]: -4.00 x[202]: -5.00 x[203]: 3.00 x[204]: -7.00 x[205]: 1.00 x[206]: -7.00 x[207]: -5.00 x[208]: -7.00 x[209]: 4.00 x[210]: -15.00 x[211]: -2.00 x[212]: -8.00 x[213]: 4.00 x[214]: -11.00 x[215]: -13.00 x[216]: -4.00 x[217]: -17.00 x[218]: -7.00 x[219]: -3.00 x[220]: -9.00 x[221]: 2.00 x[222]: -2.00 x[223]: 3.00 x[224]: -8.00 x[225]: -8.00 x[226]: -30.00 x[227]: 5.00 x[228]: -16.00 x[229]: -5.00 x[230]: 17.00 x[231]: -7.00 x[232]: -21.00 x[233]: 4.00 x[234]: -10.00 x[235]: 4.00 x[236]: -5.00 x[237]: -9.00 x[238]: -18.00 x[239]: -9.00 x[240]: 4.00 x[241]: 6.00 x[242]: -4.00 x[243]: 8.00 x[244]: 5.00 x[245]: 2.00 x[246]: 2.00 x[247]: -18.00 x[248]: -23.00 x[249]: -11.00 x[250]: -9.00 x[251]: -8.00 x[252]: 8.00 x[253]: -9.00 x[254]: -13.00 x[255]: 4.00 x[256]: 4.00 x[257]: -7.00 x[258]: -6.00 x[259]: -6.00 x[260]: -6.00 x[261]: -15.00 x[262]: -26.00 x[263]: -4.00 x[264]: -6.00 x[265]: -16.00 x[266]: -13.00 x[267]: -31.00 x[268]: -10.00 x[269]: 1.00 x[270]: 6.00 x[271]: -3.00 x[272]: -4.00 x[273]: 10.00 x[274]: -1.00 x[275]: -5.00 x[276]: -18.00 x[277]: 1.00 x[278]: -11.00 x[279]: 1.00 x[280]: -4.00 x[281]: -9.00 x[282]: -10.00 x[283]: -4.00 x[284]: 8.00 x[285]: -8.00 x[286]: 4.00 x[287]: -4.00 x[288]: 4.00 x[289]: -1.00 x[290]: 4.00 x[291]: 9.00 x[292]: -3.00 x[293]: -17.00 x[294]: 2.00 x[295]: 0.00 x[296]: -1.00 x[297]: -7.00 x[298]: 2.00 x[299]: 0.00 x[300]: -9.00 x[301]: -1.00 x[302]: -13.00 x[303]: 7.00 x[304]: -6.00 x[305]: -10.00 x[306]: -13.00 x[307]: -8.00 x[308]: -4.00 x[309]: -11.00 x[310]: 9.00 x[311]: -5.00 x[312]: -1.00 x[313]: 1.00 x[314]: -7.00 x[315]: -3.00 x[316]: -8.00 x[317]: -3.00 x[318]: 6.00 x[319]: -11.00 x[320]: -24.00 x[321]: -18.00 x[322]: -9.00 x[323]: 6.00 x[324]: 0.00 x[325]: -7.00 x[326]: -8.00 x[327]: -2.00 x[328]: -5.00 x[329]: 1.00 x[330]: -2.00 x[331]: 8.00 x[332]: -23.00 x[333]: -9.00 x[334]: -12.00 x[335]: -17.00 x[336]: -10.00 x[337]: -3.00 x[338]: -4.00 x[339]: -39.00 x[340]: 2.00 x[341]: 3.00 x[342]: -6.00 x[343]: -18.00 x[344]: -20.00 x[345]: -4.00 x[346]: -11.00 x[347]: -2.00 x[348]: -23.00 x[349]: 5.00 x[350]: -14.00 x[351]: -6.00 x[352]: -2.00 x[353]: -9.00 x[354]: -23.00 x[355]: -22.00 x[356]: 4.00 x[357]: 9.00 x[358]: -21.00 x[359]: -16.00 x[360]: -1.00 x[361]: 8.00 x[362]: -10.00 x[363]: -6.00 x[364]: -4.00 x[365]: -4.00 x[366]: -19.00 x[367]: -5.00 x[368]: -1.00 x[369]: -15.00 x[370]: -16.00 x[371]: -17.00 x[372]: -3.00 x[373]: -22.00 x[374]: -6.00 x[375]: -15.00 x[376]: 22.00 x[377]: 10.00 x[378]: -4.00 x[379]: -19.00 x[380]: -9.00 x[381]: -3.00 x[382]: 3.00 x[383]: -2.00 x[384]: -1.00 x[385]: -19.00 x[386]: -10.00 x[387]: -2.00 x[388]: -10.00 x[389]: -20.00 x[390]: -4.00 x[391]: 9.00 x[392]: -8.00 x[393]: -14.00 x[394]: 0.00 x[395]: 27.00 x[396]: 0.00 x[397]: -3.00 x[398]: -8.00 x[399]: -7.00 x[400]: -9.00 x[401]: 6.00 x[402]: -7.00 x[403]: -5.00 x[404]: -1.00 x[405]: -6.00 x[406]: -24.00 x[407]: -45.00 x[408]: 9.00 x[409]: -11.00 x[410]: -7.00 x[411]: -1.00 x[412]: -4.00 x[413]: 4.00 x[414]: 0.00 x[415]: -7.00 x[416]: -15.00 x[417]: -16.00 x[418]: -29.00 x[419]: -1.00 x[420]: 6.00 x[421]: -11.00 x[422]: -3.00 x[423]: 18.00 x[424]: 0.00 x[425]: -31.00 x[426]: 5.00 x[427]: -23.00 x[428]: -13.00 x[429]: -10.00 x[430]: -8.00 x[431]: 6.00 x[432]: 10.00 x[433]: 0.00 x[434]: -6.00 x[435]: -6.00 x[436]: 8.00 x[437]: -9.00 x[438]: 7.00 x[439]: 6.00 x[440]: -5.00 x[441]: -4.00 x[442]: -8.00 x[443]: 1.00 x[444]: -3.00 x[445]: -36.00 x[446]: 9.00 x[447]: -15.00 x[448]: -5.00 x[449]: -7.00 x[450]: -5.00 x[451]: 2.00 x[452]: -3.00 x[453]: -25.00 x[454]: -9.00 x[455]: -4.00 x[456]: -1.00 x[457]: -10.00 x[458]: -4.00 x[459]: 1.00 x[460]: 0.00 x[461]: -16.00 x[462]: -8.00 x[463]: -18.00 x[464]: -4.00 x[465]: -15.00 x[466]: 18.00 x[467]: 1.00 x[468]: -20.00 x[469]: -9.00 x[470]: -11.00 x[471]: -2.00 x[472]: -25.00 x[473]: -20.00 x[474]: -11.00 x[475]: -10.00 x[476]: -20.00 x[477]: -6.00 x[478]: 4.00 x[479]: -12.00 x[480]: -12.00 x[481]: -7.00 x[482]: -6.00 x[483]: -16.00 x[484]: 12.00 x[485]: 3.00 x[486]: -22.00 x[487]: -5.00 x[488]: -5.00 x[489]: 0.00 x[490]: 8.00 x[491]: -6.00 x[492]: -14.00 x[493]: 2.00 x[494]: -3.00 x[495]: -6.00 x[496]: -16.00 x[497]: 3.00 x[498]: -5.00 x[499]: -34.00 
Objective Value: -96.11
Elapsed Time: 10800.1613 sec

无可行解，所有约束违规量为零
输出违反约束的量

 40%|████      | 2/5 [6:00:06<9:00:10, 10803.38s/it] [0. 0. 0. 0. 0. 0. 0. 0. 0. 0. 0. 0. 0. 0. 0. 0. 0. 0. 0. 0. 0. 0. 0. 0.
 0. 0. 0. 0. 0. 0. 0. 0. 0. 0. 0. 0. 0. 0. 0. 0. 0. 0. 0. 0. 0. 0. 0. 0.
 0. 0. 0. 0. 0. 0. 0. 0. 0. 0. 0. 0. 0. 0. 0. 0. 0. 0. 0. 0. 0. 0. 0. 0.
 0. 0. 0. 0. 0. 0. 0. 0. 0. 0. 0. 0. 0. 0. 0. 0. 0. 0. 0. 0. 0. 0. 0. 0.
 0. 0. 0. 0. 0. 0. 0. 0. 0. 0. 0. 0. 0. 0. 0. 0. 0. 0. 0. 0. 0. 0. 0. 0.
 0. 0. 0. 0. 0. 0. 0. 0. 0. 0. 0. 0. 0. 0. 0. 0. 0. 0. 0. 0. 0. 0. 0. 0.
 0. 0. 0. 0. 0. 0. 0. 0. 0. 0. 0. 0. 0. 0. 0. 0. 0. 0. 0. 0. 0. 0. 0. 0.
 0. 0. 0. 0. 0. 0. 0. 0. 0. 0. 0. 0. 0. 0. 0. 0. 0. 0. 0. 0. 0. 0. 0. 0.
 0. 0. 0. 0. 0. 0. 0. 0. 0. 0. 0. 0. 0. 0. 0. 0. 0. 0. 0. 0. 0. 0. 0. 0.
 0. 0. 0. 0. 0. 0. 0. 0. 0. 0. 0. 0. 0. 0. 0. 0. 0. 0. 0. 0. 0. 0. 0. 0.
 0. 0. 0. 0. 0. 0. 0. 0. 0. 0. 0. 0. 0. 0. 0. 0. 0. 0. 0. 0. 0. 0. 0. 0.
 0. 0. 0. 0. 0. 0. 0. 0. 0. 0. 0. 0. 0. 0. 0. 0. 0. 0. 0. 0. 0. 0. 0. 0.
 0. 0. 0. 0. 0. 0. 0. 0. 0. 0. 0. 0. 0. 0. 0. 0. 0. 0. 0. 0. 0. 0. 0. 0.
 0. 0. 0. 0. 0. 0. 0. 0. 0. 0. 0. 0. 0. 0. 0. 0. 0. 0. 0. 0. 0. 0. 0. 0.
 0. 0. 0. 0. 0. 0. 0. 0. 0. 0. 0. 0. 0. 0. 0. 0. 0. 0. 0. 0. 0. 0. 0. 0.
 0. 0. 0. 0. 0. 0. 0. 0. 0. 0. 0. 0. 0. 0. 0. 0. 0. 0. 0. 0. 0. 0. 0. 0.
 0. 0. 0. 0. 0. 0. 0. 0. 0. 0. 0. 0. 0. 0. 0. 0. 0. 0. 0. 0. 0. 0. 0. 0.
 0. 0. 0. 0. 0. 0. 0. 0. 0. 0. 0. 0. 0. 0. 0. 0. 0. 0. 0. 0. 0. 0. 0. 0.
 0. 0. 0. 0. 0. 0. 0. 0. 0. 0. 0. 0. 0. 0. 0. 0. 0. 0. 0. 0. 0. 0. 0. 0.
 0. 0. 0. 0. 0. 0. 0. 0. 0. 0. 0. 0. 0. 0. 0. 0. 0. 0. 0. 0. 0. 0. 0. 0.
 0. 0. 0. 0. 0. 0. 0. 0. 0. 0. 0. 0. 0. 0. 0. 0. 0. 0. 0. 0.]
约束的个数: 500
Gurobi model disposed.
此时传入模型的b
[ 8.67743134e-01 -9.29906294e-02  1.67119533e-01 -8.78904641e-01
 -3.42799783e-01 -9.35188591e-01 -2.03084931e-01  3.09999257e-01
 -1.69746459e-01 -4.34881419e-01 -1.97487384e-01  5.09915352e-01
 -6.65305674e-01 -5.24427518e-02  8.46701637e-02 -6.22561574e-01
  8.07970405e-01 -6.32596374e-01  6.83642209e-01 -2.24655330e-01
  6.96048081e-01 -3.75416517e-01 -7.36541152e-01 -3.41739893e-01
  4.86058712e-01 -2.92256534e-01  3.59303176e-01 -2.33059227e-01
  9.25737858e-01 -5.07297456e-01 -7.15714335e-01 -7.51636773e-02
 -7.52451718e-01  5.51941633e-01 -3.40946048e-01  5.39681554e-01
 -2.38191262e-01 -1.17852084e-01  8.84477437e-01  3.01205456e-01
  3.64399076e-01  3.50994706e-01 -9.97238696e-01 -9.04681683e-01
 -6.50602579e-01 -3.38147372e-01  8.82940471e-01 -9.58066761e-01
 -7.37183928e-01  4.16457653e-01  1.97081864e-02 -4.57735926e-01
 -9.68631804e-02  4.60989416e-01  1.70446992e-01 -6.92104220e-01
  8.37347090e-01 -4.68872964e-01  1.69166163e-01  6.90715253e-01
  6.32357061e-01  8.47540617e-01 -2.08513424e-01 -5.62946975e-01
  9.15265501e-01  1.35739625e-01  5.51129401e-01 -2.27758139e-01
  7.79045895e-02  7.32720792e-01  9.15418565e-01 -6.13429286e-02
 -8.58492196e-01 -9.69966769e-01 -3.25957686e-01  7.20617414e-01
  5.21586478e-01 -7.28234708e-01  3.20439726e-01 -9.31963205e-01
 -7.43618071e-01  8.88530493e-01  4.35433805e-01  6.53473735e-01
  4.38555107e-02 -1.73254162e-01 -9.56712961e-01  5.66778481e-01
  8.59166384e-01 -6.38966680e-01  6.56407058e-01 -6.54825643e-02
 -2.46929407e-01  1.28546253e-01  5.21161020e-01 -9.30069685e-01
  3.77195984e-01 -2.85574257e-01  7.18213260e-01  1.89114705e-01
 -2.45604828e-01  8.70232642e-01 -6.53209507e-01  7.33558238e-01
 -2.62584209e-01  3.19246948e-01 -8.92149270e-01  6.26314223e-01
 -8.46234262e-01 -7.02257812e-01  5.67903101e-01 -8.14349592e-01
  7.66057134e-01 -4.43138242e-01  9.22572851e-01 -7.79366493e-01
 -2.27095231e-01  3.94820452e-01 -1.08432300e-01 -6.20225549e-01
 -5.13144016e-01  3.38151455e-01 -2.83091009e-01  9.66578186e-01
  9.31905746e-01  9.65434730e-01  4.71587449e-01 -2.09018365e-01
  5.49105644e-01  6.82658195e-01  1.87298998e-01 -2.47183889e-01
 -7.99032450e-01 -2.49467745e-01 -8.72662842e-01 -8.67351770e-01
  7.80294836e-01  8.74445558e-01 -6.34894967e-01 -1.08695086e-02
 -8.20449054e-01  2.67604887e-01 -9.46923018e-01 -4.34544116e-01
  9.45762455e-01 -1.07874140e-01  1.48657501e-01  8.10861681e-03
 -4.48119015e-01  7.83449948e-01 -7.43288040e-01 -8.25786591e-01
 -1.99964628e-01 -4.64009911e-01 -3.90004277e-01 -7.78546154e-01
 -6.34388506e-01 -2.52968162e-01  7.14442909e-01 -7.20991552e-01
 -4.81406301e-01 -8.04174066e-01 -4.80407536e-01 -6.21465504e-01
 -5.04755020e-01  3.98145765e-01 -6.23006701e-01 -9.20477808e-01
 -8.66034448e-01 -9.08168435e-01  8.02528203e-01 -2.91883796e-01
 -4.75108951e-01  4.73872781e-01 -3.32983136e-01  4.30488825e-01
  7.13742495e-01  7.44416937e-02 -7.19400644e-01 -6.58379421e-02
  5.10021031e-01  2.17002720e-01  6.21073902e-01 -6.31538510e-01
  6.65794075e-01 -7.95631409e-02 -1.79953903e-01 -8.26162025e-02
  1.76124662e-01 -6.11048102e-01  4.85389292e-01  6.75000608e-01
 -1.88077241e-01  7.53982723e-01  9.74364579e-01 -6.61755919e-01
 -3.77225019e-02  1.13866962e-01  4.52000368e-03  7.64679134e-01
 -3.96705031e-01  9.94980097e-01 -6.84485137e-01 -7.41686404e-01
  5.61850548e-01  9.39253569e-01  9.25009191e-01  7.57836401e-01
 -3.00095081e-01 -4.20623422e-01 -8.09180021e-01 -5.30937195e-01
 -7.42440701e-01  1.05032988e-01 -5.89358434e-03  9.97329295e-01
  3.62566859e-01 -7.38747895e-01  1.38630301e-01 -6.68550730e-02
  7.46303797e-01  5.60091257e-01  9.22885060e-01 -6.64641261e-02
 -8.09430778e-01  9.29472506e-01 -3.17891389e-02 -9.57855880e-01
 -9.95617211e-02  2.49754831e-01  5.54426432e-01  9.47220802e-01
 -7.06940964e-02 -8.58280122e-01 -5.75222492e-01 -6.67281687e-01
  4.87388760e-01  9.64806378e-01 -9.98233914e-01 -6.82113111e-01
  5.89963019e-01 -8.83591712e-01  6.48823142e-01  8.70324016e-01
  9.07883227e-01 -1.82534501e-01  6.23912096e-01  6.51886523e-01
 -6.45212293e-01  4.25492436e-01 -5.48575997e-01 -7.29605854e-01
  4.04668778e-01  9.85699058e-01  9.30752873e-01  9.01789963e-01
  3.39865297e-01 -8.39850724e-01  3.16290468e-01  3.07277977e-01
 -9.61362481e-01  8.12935054e-01  5.19949794e-01  3.74234110e-01
 -6.98392630e-01 -9.62453723e-01 -9.75527644e-01 -1.98189765e-01
  4.77782756e-01 -7.69342124e-01  7.81753182e-01  4.14578944e-01
 -9.27377284e-01 -1.02341078e-01 -8.39408040e-01  1.35039747e-01
 -5.59763849e-01 -7.66150594e-01  7.76326656e-01  7.24840641e-01
  8.39604557e-01 -3.37473989e-01  4.52309817e-01 -5.26531696e-01
 -8.91146898e-01  6.71309471e-01 -5.00385046e-01  4.95770097e-01
  8.06625605e-01  6.97236508e-02 -7.65339971e-01  9.29831266e-01
 -5.73325098e-01 -1.12947628e-01 -5.95128238e-01 -8.69615078e-02
 -3.06419820e-01 -5.42567968e-01 -5.94296396e-01  6.33578241e-01
 -1.30969957e-01 -2.49166161e-01  6.69888616e-01 -1.13512203e-01
  3.60177346e-02 -3.55416298e-01  6.32185161e-01 -1.70057148e-01
 -3.74417722e-01 -6.05533123e-01  7.40120590e-01 -3.66939187e-01
 -1.49075508e-01 -2.55191237e-01 -7.87362218e-01 -8.78971636e-01
  8.56948018e-01  5.68522871e-01 -2.18849614e-01  6.23341978e-01
 -7.73291588e-01 -2.52156347e-01 -2.23665237e-01 -2.77071446e-01
 -5.13221800e-01  6.60136223e-01 -5.63851058e-01 -3.04918051e-01
  9.60416734e-01  2.77464777e-01  1.41753733e-01 -7.56959796e-01
  7.53716230e-01  4.17955726e-01  4.73726094e-01 -9.13752019e-01
  6.10706270e-01  4.41711873e-01  1.80190593e-01  6.45338237e-01
 -3.36831212e-01 -3.78699034e-01 -8.22589338e-01 -5.70788682e-01
  2.29262948e-01 -1.30204096e-01  4.68725532e-01 -6.19525509e-03
 -7.54259825e-01  6.34536088e-01 -3.42565149e-01 -6.56396091e-01
  7.91230559e-01 -3.98583889e-01 -4.60161686e-01  1.66248649e-01
 -5.16351283e-01  8.24053228e-01  5.98718882e-01 -7.26381183e-01
 -6.93745375e-01  9.53834414e-01 -7.91734159e-01  2.12586537e-01
 -1.20857067e-01  5.74474812e-01  6.58888578e-01 -5.15942182e-03
 -8.64508092e-01  3.68150890e-01  9.89040673e-01  3.56945485e-01
 -9.76470411e-01  7.77247965e-01 -9.21287358e-01  9.25094426e-01
 -1.43607512e-01  9.28054512e-01 -1.47978231e-01 -2.60384947e-01
  4.91919778e-02  3.82397830e-01 -9.30820346e-01 -6.09220028e-01
  7.98844159e-01 -1.13661006e-01 -1.54900383e-02 -6.68423772e-01
 -9.13658619e-01  7.62013555e-01  4.04128820e-01  7.23997772e-01
  3.67326111e-01  1.94972545e-01 -9.13192749e-01  1.47948667e-01
 -8.65774214e-01 -1.39079154e-01 -9.97573555e-01 -6.78367615e-01
  6.70081556e-01 -2.26558506e-01 -5.02168775e-01 -8.10150146e-01
  1.26883313e-01 -1.57136456e-04  8.08063924e-01 -3.37834597e-01
  4.31268930e-01 -7.67294109e-01  7.44115293e-01 -5.08962095e-01
 -4.98515278e-01  6.69567883e-01 -5.79632044e-01 -9.54779983e-01
  7.93578327e-01  5.48367560e-01  5.83074428e-03  9.62866783e-01
  1.02462068e-01  9.46232557e-01 -4.91456300e-01 -1.51394889e-01
  2.11455762e-01  7.57232189e-01  8.07857454e-01 -5.84337041e-02
  7.24111438e-01 -9.58541334e-01 -1.68476682e-02  8.39884937e-01
  4.14167762e-01 -3.50404143e-01  9.06615496e-01 -8.08781683e-01
 -4.64176953e-01  3.69435549e-01 -6.14210904e-01 -7.95323431e-01
  5.21517508e-02  7.57812083e-01  1.02558797e-02  1.81609899e-01
  2.85555869e-01 -4.13103789e-01  2.17038915e-01  2.71682348e-02
 -2.64657497e-01 -8.77370358e-01 -6.64066255e-01 -5.91183543e-01
 -7.00429142e-01 -2.66872793e-01  4.00025576e-01 -9.18306828e-01
 -6.67441010e-01  1.95533440e-01 -5.77636242e-01 -3.64637673e-01
  3.85328472e-01 -7.58244395e-01  6.57683194e-01 -8.43037844e-01
 -9.31372523e-01  2.19820328e-02 -1.24282598e-01 -4.73670036e-01
  8.05409327e-02  5.91037691e-01 -4.98210222e-01 -4.32464004e-01
  9.63156462e-01  6.88750029e-01 -3.62732619e-01  7.54603803e-01
 -9.42226231e-01 -3.73454928e-01 -1.34133831e-01 -1.18807226e-01
  9.92135704e-02  8.88497174e-01 -2.77382493e-01  3.64791632e-01
  7.84629464e-01 -5.76752841e-01  9.77328718e-01 -4.24670018e-02
  4.50248867e-01  7.49989003e-02  8.37052763e-01  3.52186978e-01
 -4.49472427e-01  2.05588594e-01 -5.63281238e-01  3.44718426e-01
 -5.83041668e-01  5.16143382e-01  5.35454378e-02 -5.90522945e-01]
======================================================
Solve MINLP problem:
[[0.00294665 0.         0.         ... 0.         0.         0.        ]
 [0.         0.00530587 0.         ... 0.         0.         0.        ]
 [0.         0.         0.00191521 ... 0.         0.         0.        ]
 ...
 [0.         0.         0.         ... 0.00036931 0.         0.        ]
 [0.         0.         0.         ... 0.         0.00864608 0.        ]
 [0.         0.         0.         ... 0.         0.         0.0002159 ]]
[0.00133922 0.08177239 0.02510362 0.05407345 0.0584661  0.06953505
 0.0572123  0.03969068 0.0244073  0.07791699 0.04997084 0.01213402
 0.06808288 0.0112906  0.03857721 0.06185987 0.07575615 0.04951519
 0.05330309 0.06762374 0.08010294 0.02096921 0.02583031 0.02608824
 0.05500534 0.08229287 0.01873222 0.06601226 0.01353801 0.02233934
 0.06650325 0.01563992 0.01025159 0.05748777 0.0352567  0.08438829
 0.03763755 0.02197414 0.04864225 0.09976746 0.00181751 0.00729885
 0.08754292 0.03216953 0.02603403 0.05598473 0.05248588 0.04908028
 0.04183061 0.05945832 0.04630717 0.06185976 0.02284373 0.01333738
 0.07422781 0.0538897  0.06085712 0.0611719  0.07460422 0.0845935
 0.00725107 0.04313434 0.04728378 0.06317844 0.06107105 0.0358849
 0.03265345 0.00307268 0.03492641 0.00220235 0.07327128 0.0157121
 0.02361114 0.05673034 0.09645324 0.05110158 0.06613662 0.02328464
 0.07959891 0.09027635 0.06257487 0.08225257 0.01248787 0.08656734
 0.02557825 0.02754175 0.03855789 0.08877995 0.03626134 0.00023315
 0.00387181 0.04408163 0.03452555 0.09239139 0.06734281 0.01021451
 0.05867741 0.0515583  0.06876298 0.03105892 0.05197503 0.0049388
 0.06264219 0.08953422 0.05860403 0.07815534 0.03476151 0.00306742
 0.08422802 0.00581519 0.0843923  0.00774878 0.0132233  0.09230754
 0.04921892 0.04722613 0.08399801 0.06804495 0.07964862 0.07986401
 0.06359439 0.04765696 0.05138381 0.03877611 0.05708265 0.02026126
 0.09548149 0.02687087 0.02772522 0.07923771 0.03475723 0.03359557
 0.00400404 0.09081151 0.02953911 0.04516075 0.04593805 0.07474501
 0.00706981 0.07728628 0.04100942 0.07414747 0.05794287 0.09270067
 0.00499511 0.06015323 0.04723491 0.07328196 0.08622323 0.07708847
 0.00772451 0.04070049 0.05042961 0.02967686 0.04229219 0.01438626
 0.07556076 0.06884494 0.03621866 0.09768255 0.07451063 0.08162189
 0.03265578 0.00066749 0.03712253 0.07146835 0.02995036 0.08405409
 0.03584627 0.07842178 0.06781245 0.02518036 0.06832849 0.07154936
 0.09606445 0.08637938 0.08172043 0.02333243 0.05890263 0.07351509
 0.09244427 0.07091198 0.07420116 0.06281726 0.03615584 0.08071931
 0.05708791 0.03514295 0.04337441 0.02101509 0.0636107  0.03513254
 0.03402702 0.02087314 0.07591831 0.07796393 0.0382953  0.03873887
 0.08548603 0.09315812 0.07185882 0.06257971 0.07543251 0.08081806
 0.06399422 0.04348634 0.06746841 0.03374991 0.01661944 0.02442329
 0.00567911 0.0475542  0.08633873 0.05100447 0.06934462 0.08680323
 0.09878164 0.08082736 0.09100773 0.09516713 0.09612457 0.03745898
 0.04359444 0.05694872 0.04626932 0.09445095 0.0836615  0.0013266
 0.0441172  0.05260435 0.06512218 0.09733626 0.0528653  0.02258527
 0.07674533 0.00949805 0.01788375 0.06693704 0.08226266 0.01638301
 0.01801214 0.0003151  0.05238591 0.05562263 0.069318   0.04074037
 0.00111452 0.05069197 0.09800315 0.04777785 0.02962359 0.05721144
 0.08420964 0.05887146 0.08433907 0.0409551  0.01031315 0.05571807
 0.03922759 0.07541025 0.09809351 0.09857075 0.09086422 0.03109582
 0.08274066 0.08056854 0.05166704 0.07578351 0.04382434 0.01477322
 0.01130025 0.03397862 0.0440002  0.00382547 0.0405858  0.05992139
 0.07180629 0.03076267 0.05439422 0.05595874 0.06127391 0.06153024
 0.04960326 0.08374212 0.01123874 0.05504487 0.05397648 0.00527283
 0.0132057  0.01910609 0.00592752 0.09450579 0.06426141 0.03605839
 0.06962132 0.04120773 0.07159304 0.04223442 0.08767316 0.08335783
 0.0442676  0.05137423 0.0191519  0.03084932 0.05612969 0.08326521
 0.09981613 0.04975683 0.00667542 0.09734665 0.06632399 0.0095614
 0.03448687 0.02514818 0.03820351 0.07851758 0.0562359  0.0322804
 0.02424905 0.05365921 0.05166194 0.00103395 0.05248943 0.03413897
 0.00321797 0.0135666  0.05104997 0.03297562 0.09515222 0.02353217
 0.08770565 0.05819153 0.07880408 0.06048169 0.08510414 0.07834791
 0.09723876 0.08982619 0.00141041 0.06491263 0.08322218 0.07945705
 0.06314119 0.07815998 0.09043522 0.00194805 0.09838504 0.00719455
 0.09940301 0.01675928 0.05358797 0.09972834 0.05633487 0.02203558
 0.04122514 0.05621719 0.02949358 0.00323306 0.045841   0.0864933
 0.0861266  0.02458368 0.05032549 0.05070931 0.04436682 0.00033209
 0.05000338 0.04556979 0.04066138 0.05734781 0.07779707 0.07503536
 0.03979888 0.05546754 0.0510734  0.07288759 0.0038776  0.09143401
 0.00533113 0.0631238  0.0822524  0.04454337 0.03013635 0.04701835
 0.03351121 0.04578329 0.09128481 0.06656726 0.03954722 0.03178628
 0.04299563 0.00019806 0.09570965 0.06161056 0.02724723 0.05609425
 0.04883717 0.02848462 0.02782634 0.05688568 0.02571337 0.0311811
 0.00272871 0.04378882 0.08420307 0.07772633 0.05852183 0.08166751
 0.00029335 0.07850384 0.09362274 0.05035981 0.0552622  0.00116196
 0.02389757 0.06385213 0.06298134 0.06436209 0.06114441 0.0239408
 0.01367103 0.02360204 0.02809949 0.04488965 0.07335366 0.06448454
 0.00896222 0.04484223 0.00286915 0.07755604 0.04794993 0.01262589
 0.0178823  0.05907873 0.00489121 0.01276896 0.02016645 0.05318037
 0.01977345 0.04140443 0.04665961 0.041359   0.05992908 0.0777708
 0.061222   0.07758379 0.02049927 0.06980975 0.00542676 0.01413459
 0.00570196 0.01199475 0.03469513 0.07083954 0.0605495  0.05667881
 0.02657863 0.07266255 0.00528351 0.00801001 0.03527261 0.09968004
 0.03065466 0.07958693 0.05965904 0.07281371 0.00461331 0.02969448
 0.05310453 0.00169754 0.02180899 0.04461533 0.05286625 0.04501398
 0.06021779 0.08571979 0.04486718 0.05069914 0.00407421 0.07037332
 0.06241258 0.01858998 0.03386769 0.01501927 0.01143804 0.01308397
 0.07770566 0.00100339 0.08206587 0.09505336 0.05697101 0.07545044
 0.07674267 0.00739541 0.07841799 0.01024942 0.02098656 0.01792223
 0.01914838 0.03251976]
[[-0.05174188  0.09723156 -0.02041709 ...  0.20673279 -0.0414435
   0.0362385 ]
 [ 0.03663959 -0.19775092  0.05117836 ...  0.06210294  0.14739006
   0.04037151]
 [ 0.08735605 -0.10103314  0.03549017 ... -0.00663709  0.05049992
  -0.04427324]
 ...
 [-0.12178913  0.00677205  0.09318566 ...  0.1984211  -0.09827667
  -0.03660177]
 [ 0.03619071 -0.08138609  0.12245426 ...  0.09280058 -0.24994393
   0.13769932]
 [ 0.12697229  0.13147694  0.10654318 ...  0.02334976  0.05295595
   0.03927171]]
此时输入模型的b
[0.86774313, -0.09299063, 0.16711953, -0.87890464, -0.34279978, -0.9351886, -0.20308493, 0.30999926, -0.16974646, -0.43488142, -0.19748738, 0.50991535, -0.6653057, -0.05244275, 0.08467016, -0.6225616, 0.8079704, -0.6325964, 0.6836422, -0.22465533, 0.6960481, -0.37541652, -0.73654115, -0.3417399, 0.4860587, -0.29225653, 0.35930318, -0.23305923, 0.92573786, -0.50729746, -0.71571434, -0.07516368, -0.7524517, 0.55194163, -0.34094605, 0.53968155, -0.23819126, -0.117852084, 0.88447744, 0.30120546, 0.36439908, 0.3509947, -0.9972387, -0.9046817, -0.6506026, -0.33814737, 0.8829405, -0.95806676, -0.7371839, 0.41645765, 0.019708186, -0.45773593, -0.09686318, 0.46098942, 0.17044699, -0.6921042, 0.8373471, -0.46887296, 0.16916616, 0.69071525, 0.63235706, 0.8475406, -0.20851342, -0.562947, 0.9152655, 0.13573962, 0.5511294, -0.22775814, 0.07790459, 0.7327208, 0.91541857, -0.06134293, -0.8584922, -0.96996677, -0.3259577, 0.7206174, 0.5215865, -0.7282347, 0.32043973, -0.9319632, -0.7436181, 0.8885305, 0.4354338, 0.65347373, 0.04385551, -0.17325416, -0.95671296, 0.5667785, 0.8591664, -0.6389667, 0.65640706, -0.065482564, -0.2469294, 0.12854625, 0.521161, -0.9300697, 0.37719598, -0.28557426, 0.71821326, 0.1891147, -0.24560483, 0.87023264, -0.6532095, 0.73355824, -0.2625842, 0.31924695, -0.89214927, 0.6263142, -0.84623426, -0.7022578, 0.5679031, -0.8143496, 0.76605713, -0.44313824, 0.92257285, -0.7793665, -0.22709523, 0.39482045, -0.1084323, -0.62022555, -0.513144, 0.33815145, -0.283091, 0.9665782, 0.93190575, 0.96543473, 0.47158745, -0.20901836, 0.54910564, 0.6826582, 0.187299, -0.24718389, -0.79903245, -0.24946775, -0.87266284, -0.8673518, 0.78029484, 0.87444556, -0.63489497, -0.010869509, -0.82044905, 0.2676049, -0.946923, -0.43454412, 0.94576246, -0.10787414, 0.1486575, 0.008108617, -0.448119, 0.78344995, -0.74328804, -0.8257866, -0.19996463, -0.4640099, -0.39000428, -0.77854615, -0.6343885, -0.25296816, 0.7144429, -0.72099155, -0.4814063, -0.80417407, -0.48040754, -0.6214655, -0.504755, 0.39814577, -0.6230067, -0.9204778, -0.86603445, -0.90816844, 0.8025282, -0.2918838, -0.47510895, 0.47387278, -0.33298314, 0.43048882, 0.7137425, 0.07444169, -0.71940064, -0.06583794, 0.51002103, 0.21700272, 0.6210739, -0.6315385, 0.6657941, -0.07956314, -0.1799539, -0.0826162, 0.17612466, -0.6110481, 0.4853893, 0.6750006, -0.18807724, 0.7539827, 0.9743646, -0.6617559, -0.037722502, 0.11386696, 0.0045200037, 0.76467913, -0.39670503, 0.9949801, -0.68448514, -0.7416864, 0.56185055, 0.93925357, 0.9250092, 0.7578364, -0.30009508, -0.42062342, -0.80918, -0.5309372, -0.7424407, 0.10503299, -0.0058935843, 0.9973293, 0.36256686, -0.7387479, 0.1386303, -0.06685507, 0.7463038, 0.56009126, 0.92288506, -0.066464126, -0.8094308, 0.9294725, -0.03178914, -0.9578559, -0.09956172, 0.24975483, 0.55442643, 0.9472208, -0.0706941, -0.8582801, -0.5752225, -0.6672817, 0.48738876, 0.9648064, -0.9982339, -0.6821131, 0.589963, -0.8835917, 0.64882314, 0.870324, 0.9078832, -0.1825345, 0.6239121, 0.6518865, -0.6452123, 0.42549244, -0.548576, -0.72960585, 0.40466878, 0.98569906, 0.9307529, 0.90178996, 0.3398653, -0.8398507, 0.31629047, 0.30727798, -0.9613625, 0.81293505, 0.5199498, 0.3742341, -0.6983926, -0.9624537, -0.97552764, -0.19818977, 0.47778276, -0.7693421, 0.7817532, 0.41457894, -0.9273773, -0.10234108, -0.83940804, 0.13503975, -0.55976385, -0.7661506, 0.77632666, 0.72484064, 0.83960456, -0.337474, 0.45230982, -0.5265317, -0.8911469, 0.6713095, -0.50038505, 0.4957701, 0.8066256, 0.06972365, -0.76534, 0.92983127, -0.5733251, -0.11294763, -0.59512824, -0.08696151, -0.30641982, -0.54256797, -0.5942964, 0.63357824, -0.13096996, -0.24916616, 0.6698886, -0.1135122, 0.036017735, -0.3554163, 0.63218516, -0.17005715, -0.37441772, -0.6055331, 0.7401206, -0.3669392, -0.14907551, -0.25519124, -0.7873622, -0.87897164, 0.856948, 0.5685229, -0.21884961, 0.623342, -0.7732916, -0.25215635, -0.22366524, -0.27707145, -0.5132218, 0.6601362, -0.56385106, -0.30491805, 0.96041673, 0.27746478, 0.14175373, -0.7569598, 0.75371623, 0.41795573, 0.4737261, -0.913752, 0.61070627, 0.44171187, 0.1801906, 0.64533824, -0.3368312, -0.37869903, -0.82258934, -0.5707887, 0.22926295, -0.1302041, 0.46872553, -0.006195255, -0.7542598, 0.6345361, -0.34256515, -0.6563961, 0.79123056, -0.3985839, -0.4601617, 0.16624865, -0.5163513, 0.8240532, 0.5987189, -0.7263812, -0.6937454, 0.9538344, -0.79173416, 0.21258654, -0.12085707, 0.5744748, 0.6588886, -0.005159422, -0.8645081, 0.3681509, 0.9890407, 0.35694548, -0.9764704, 0.77724797, -0.92128736, 0.9250944, -0.14360751, 0.9280545, -0.14797823, -0.26038495, 0.049191978, 0.38239783, -0.93082035, -0.60922, 0.79884416, -0.113661006, -0.015490038, -0.6684238, -0.9136586, 0.76201355, 0.40412882, 0.7239978, 0.3673261, 0.19497254, -0.91319275, 0.14794867, -0.8657742, -0.13907915, -0.99757355, -0.6783676, 0.67008156, -0.2265585, -0.5021688, -0.81015015, 0.12688331, -0.00015713646, 0.8080639, -0.3378346, 0.43126893, -0.7672941, 0.7441153, -0.5089621, -0.49851528, 0.6695679, -0.57963204, -0.95478, 0.7935783, 0.54836756, 0.0058307443, 0.9628668, 0.10246207, 0.94623256, -0.4914563, -0.15139489, 0.21145576, 0.7572322, 0.80785745, -0.058433704, 0.72411144, -0.95854133, -0.016847668, 0.83988494, 0.41416776, -0.35040414, 0.9066155, -0.8087817, -0.46417695, 0.36943555, -0.6142109, -0.79532343, 0.05215175, 0.7578121, 0.01025588, 0.1816099, 0.28555587, -0.4131038, 0.21703891, 0.027168235, -0.2646575, -0.87737036, -0.66406626, -0.59118354, -0.70042914, -0.2668728, 0.40002558, -0.9183068, -0.667441, 0.19553344, -0.57763624, -0.36463767, 0.38532847, -0.7582444, 0.6576832, -0.84303784, -0.9313725, 0.021982033, -0.1242826, -0.47367004, 0.08054093, 0.5910377, -0.49821022, -0.432464, 0.96315646, 0.68875, -0.36273262, 0.7546038, -0.94222623, -0.37345493, -0.13413383, -0.11880723, 0.09921357, 0.8884972, -0.2773825, 0.36479163, 0.78462946, -0.57675284, 0.9773287, -0.042467, 0.45024887, 0.0749989, 0.83705276, 0.35218698, -0.44947243, 0.2055886, -0.56328124, 0.34471843, -0.58304167, 0.5161434, 0.053545438, -0.59052294]
已作为Gurobi初始解
此时传入求解器的初始解为：
[7.0, -3.0, -14.0, -11.0, -3.0, -10.0, 2.0, -13.0, -18.0, -12.0, -4.0, 21.0, 3.0, -1.0, -15.0, -1.0, -7.0, -1.0, -9.0, -2.0, -26.0, 4.0, -3.0, -1.0, -3.0, -18.0, -3.0, -29.0, -4.0, -17.0, -15.0, 6.0, 0.0, 12.0, -2.0, -12.0, -7.0, -8.0, 1.0, -1.0, 3.0, 11.0, -6.0, -6.0, -16.0, 7.0, -6.0, -12.0, -1.0, -2.0, -3.0, -6.0, 3.0, 2.0, -16.0, -11.0, -12.0, 11.0, 2.0, 4.0, -10.0, 0.0, -23.0, 5.0, -5.0, -6.0, -1.0, -8.0, 0.0, -1.0, -23.0, 17.0, -9.0, -17.0, -27.0, -8.0, -2.0, -12.0, -2.0, -12.0, 14.0, -13.0, 5.0, -22.0, -10.0, -12.0, 0.0, 6.0, -7.0, -3.0, -1.0, -18.0, -1.0, -5.0, 1.0, -13.0, -13.0, -3.0, -7.0, -3.0, -14.0, -1.0, -5.0, -2.0, 4.0, -19.0, 11.0, -14.0, -11.0, -12.0, -13.0, 2.0, 2.0, -1.0, 1.0, -17.0, -10.0, 1.0, -9.0, -10.0, -14.0, 3.0, 2.0, -12.0, -28.0, -13.0, -14.0, -3.0, -5.0, -2.0, 1.0, 3.0, 0.0, -7.0, 0.0, -1.0, -12.0, -14.0, -3.0, -10.0, 11.0, -14.0, -4.0, -14.0, 3.0, -15.0, -9.0, -6.0, -15.0, 8.0, -12.0, -17.0, -14.0, -2.0, 7.0, -5.0, -18.0, -3.0, 0.0, -5.0, -7.0, -5.0, -8.0, 7.0, -8.0, -1.0, 10.0, -13.0, -8.0, -3.0, -9.0, -2.0, -4.0, -25.0, -30.0, -10.0, -34.0, -8.0, 5.0, -27.0, -20.0, -6.0, -14.0, -8.0, -9.0, -14.0, 3.0, -4.0, -15.0, 10.0, -10.0, -1.0, 1.0, -4.0, -13.0, -2.0, -2.0, -9.0, -10.0, -10.0, -18.0, -4.0, -5.0, 3.0, -7.0, 1.0, -6.0, -5.0, -7.0, 4.0, -16.0, -1.0, -7.0, 4.0, -10.0, -13.0, -3.0, -16.0, -7.0, -2.0, -9.0, 2.0, -1.0, 2.0, -7.0, -7.0, -29.0, 4.0, -15.0, -4.0, 16.0, -7.0, -20.0, 4.0, -11.0, 3.0, -5.0, -9.0, -16.0, -9.0, 4.0, 6.0, -3.0, 8.0, 5.0, 2.0, 2.0, -17.0, -22.0, -11.0, -9.0, -6.0, 7.0, -8.0, -11.0, 4.0, 5.0, -6.0, -6.0, -5.0, -5.0, -13.0, -24.0, -4.0, -5.0, -15.0, -12.0, -28.0, -11.0, 0.0, 5.0, -3.0, -5.0, 10.0, -1.0, -4.0, -17.0, 1.0, -10.0, 2.0, -4.0, -8.0, -10.0, -2.0, 6.0, -8.0, 4.0, -4.0, 4.0, -1.0, 3.0, 10.0, -3.0, -17.0, 2.0, 0.0, 0.0, -6.0, 2.0, 0.0, -7.0, -1.0, -13.0, 7.0, -5.0, -9.0, -12.0, -7.0, -5.0, -10.0, 9.0, -4.0, -1.0, 2.0, -7.0, -3.0, -8.0, -3.0, 6.0, -11.0, -23.0, -18.0, -9.0, 6.0, 0.0, -6.0, -7.0, -2.0, -3.0, 1.0, -1.0, 8.0, -22.0, -8.0, -11.0, -16.0, -9.0, -4.0, -3.0, -36.0, 2.0, 3.0, -4.0, -17.0, -19.0, -4.0, -10.0, -1.0, -22.0, 4.0, -14.0, -6.0, -1.0, -8.0, -22.0, -21.0, 4.0, 9.0, -20.0, -15.0, 0.0, 7.0, -10.0, -6.0, -4.0, -4.0, -18.0, -5.0, -1.0, -15.0, -15.0, -16.0, -3.0, -20.0, -5.0, -14.0, 21.0, 10.0, -4.0, -18.0, -9.0, -3.0, 3.0, -1.0, 0.0, -17.0, -10.0, -1.0, -10.0, -19.0, -4.0, 7.0, -8.0, -13.0, 0.0, 26.0, 0.0, -3.0, -8.0, -7.0, -9.0, 5.0, -7.0, -5.0, -1.0, -6.0, -23.0, -43.0, 8.0, -11.0, -7.0, -1.0, -4.0, 4.0, 0.0, -7.0, -13.0, -16.0, -27.0, -1.0, 5.0, -11.0, -3.0, 17.0, 0.0, -28.0, 4.0, -21.0, -12.0, -10.0, -8.0, 6.0, 10.0, 0.0, -6.0, -5.0, 8.0, -8.0, 7.0, 6.0, -5.0, -4.0, -8.0, 1.0, -2.0, -34.0, 10.0, -14.0, -5.0, -7.0, -4.0, 2.0, -3.0, -23.0, -8.0, -4.0, -1.0, -10.0, -4.0, 1.0, 1.0, -15.0, -7.0, -17.0, -5.0, -15.0, 17.0, 1.0, -19.0, -8.0, -11.0, -2.0, -24.0, -19.0, -10.0, -10.0, -19.0, -6.0, 4.0, -11.0, -11.0, -6.0, -5.0, -16.0, 11.0, 3.0, -18.0, -4.0, -5.0, 0.0, 8.0, -6.0, -13.0, 2.0, -2.0, -6.0, -15.0, 3.0, -5.0, -32.0]
======================================================
Solve MINLP problem:
初始化solution
初始解违反约束的程度是
(array([0, 0, 0, 0, 0, 0, 0, 0, 0, 0, 0, 0, 0, 0, 0, 0, 0, 0, 0, 0, 0, 0,
       0, 0, 0, 0, 0, 0, 0, 0, 0, 0, 0, 0, 0, 0, 0, 0, 0, 0, 0, 0, 0, 0,
       0, 0, 0, 0, 0, 0, 0, 0, 0, 0, 0, 0, 0, 0, 0, 0, 0, 0, 0, 0, 0, 0,
       0, 0, 0, 0, 0, 0, 0, 0, 0, 0, 0, 0, 0, 0, 0, 0, 0, 0, 0, 0, 0, 0,
       0, 0, 0, 0, 0, 0, 0, 0, 0, 0, 0, 0, 0, 0, 0, 0, 0, 0, 0, 0, 0, 0,
       0, 0, 0, 0, 0, 0, 0, 0, 0, 0, 0, 0, 0, 0, 0, 0, 0, 0, 0, 0, 0, 0,
       0, 0, 0, 0, 0, 0, 0, 0, 0, 0, 0, 0, 0, 0, 0, 0, 0, 0, 0, 0, 0, 0,
       0, 0, 0, 0, 0, 0, 0, 0, 0, 0, 0, 0, 0, 0, 0, 0, 0, 0, 0, 0, 0, 0,
       0, 0, 0, 0, 0, 0, 0, 0, 0, 0, 0, 0, 0, 0, 0, 0, 0, 0, 0, 0, 0, 0,
       0, 0, 0, 0, 0, 0, 0, 0, 0, 0, 0, 0, 0, 0, 0, 0, 0, 0, 0, 0, 0, 0,
       0, 0, 0, 0, 0, 0, 0, 0, 0, 0, 0, 0, 0, 0, 0, 0, 0, 0, 0, 0, 0, 0,
       0, 0, 0, 0, 0, 0, 0, 0, 0, 0, 0, 0, 0, 0, 0, 0, 0, 0, 0, 0, 0, 0,
       0, 0, 0, 0, 0, 0, 0, 0, 0, 0, 0, 0, 0, 0, 0, 0, 0, 0, 0, 0, 0, 0,
       0, 0, 0, 0, 0, 0, 0, 0, 0, 0, 0, 0, 0, 0, 0, 0, 0, 0, 0, 0, 0, 0,
       0, 0, 0, 0, 0, 0, 0, 0, 0, 0, 0, 0, 0, 0, 0, 0, 0, 0, 0, 0, 0, 0,
       0, 0, 0, 0, 0, 0, 0, 0, 0, 0, 0, 0, 0, 0, 0, 0, 0, 0, 0, 0, 0, 0,
       0, 0, 0, 0, 0, 0, 0, 0, 0, 0, 0, 0, 0, 0, 0, 0, 0, 0, 0, 0, 0, 0,
       0, 0, 0, 0, 0, 0, 0, 0, 0, 0, 0, 0, 0, 0, 0, 0, 0, 0, 0, 0, 0, 0,
       0, 0, 0, 0, 0, 0, 0, 0, 0, 0, 0, 0, 0, 0, 0, 0, 0, 0, 0, 0, 0, 0,
       0, 0, 0, 0, 0, 0, 0, 0, 0, 0, 0, 0, 0, 0, 0, 0, 0, 0, 0, 0, 0, 0,
       0, 0, 0, 0, 0, 0, 0, 0, 0, 0, 0, 0, 0, 0, 0, 0, 0, 0, 0, 0, 0, 0,
       0, 0, 0, 0, 0, 0, 0, 0, 0, 0, 0, 0, 0, 0, 0, 0, 0, 0, 0, 0, 0, 0,
       0, 0, 0, 0, 0, 0, 0, 0, 0, 0, 0, 0, 0, 0, 0, 0]), -91.29958570055749)
Set parameter OutputFlag to value 1
Set parameter LogFile to value "solver_result/gurobi/initial/cq_cls1_500-500.log"
Set parameter TimeLimit to value 10800
Set parameter NodefileStart to value 20
Set parameter Threads to value 20
Gurobi Optimizer version 12.0.1 build v12.0.1rc0 (linux64 - "Ubuntu 24.04.1 LTS")

CPU model: Intel(R) Xeon(R) Gold 6240C CPU @ 2.60GHz, instruction set [SSE2|AVX|AVX2|AVX512]
Thread count: 36 physical cores, 72 logical processors, using up to 20 threads

Non-default parameters:
TimeLimit  10800
NodefileStart  20
Threads  20

Optimize a model with 500 rows, 500 columns and 250000 nonzeros
Model fingerprint: 0x5de2afd0
Model has 500 quadratic objective terms
Variable types: 0 continuous, 500 integer (0 binary)
Coefficient statistics:
  Matrix range     [7e-07, 5e-01]
  Objective range  [2e-04, 1e-01]
  QObjective range [2e-05, 1e-02]
  Bounds range     [0e+00, 0e+00]
  RHS range        [2e-04, 1e+00]

Loaded user MIP start with objective -91.2996

Presolve time: 0.08s
Presolved: 500 rows, 500 columns, 250000 nonzeros
Presolved model has 500 quadratic objective terms
Variable types: 0 continuous, 500 integer (0 binary)
Found heuristic solution: objective -92.2088864

Root relaxation: objective -1.061749e+02, 279 iterations, 0.99 seconds (0.49 work units)

    Nodes    |    Current Node    |     Objective Bounds      |     Work
 Expl Unexpl |  Obj  Depth IntInf | Incumbent    BestBd   Gap | It/Node Time

     0     0 -106.17488    0  500  -92.20889 -106.17488  15.1%     -    1s
H    0     0                     -92.4889033 -106.17488  14.8%     -    1s
H    0     0                     -92.6230154 -106.17488  14.6%     -    1s
     0     0 -106.17152    0  500  -92.62302 -106.17152  14.6%     -    9s
     0     2 -106.17152    0  500  -92.62302 -106.17152  14.6%     -   10s
   101   122 -106.16549    8  492  -92.62302 -106.16941  14.6%   2.5   15s
H  149   162                     -93.0753593 -106.16941  14.1%   2.5   16s
H  161   421                     -93.5707111 -106.16941  13.5%   2.5   23s
   420   621 -106.15939   15  485  -93.57071 -106.16941  13.5%   2.5   27s
   620   641 -106.14978   22  478  -93.57071 -106.16941  13.5%   2.5   31s
   640   703 -106.14830   22  478  -93.57071 -106.16941  13.5%   2.5   35s
   702   823 -106.14790   25  475  -93.57071 -106.16941  13.5%   2.5   54s
   822  2171 -106.14346   30  471  -93.57071 -106.16941  13.5%   2.5   75s
H 2173  2191                     -93.6132895 -106.16941  13.4%   2.7   77s
H 2179  2191                     -93.9596565 -106.16941  13.0%   2.7   77s
H 2190  2764                     -94.4738645 -106.16941  12.4%   2.7   85s
H 2763  3326                     -94.4954963 -106.16941  12.4%   2.9   94s
  3325  3839 -106.04621  111  395  -94.49550 -106.16941  12.4%   3.1  102s
  3838  4325 -106.02702  128  381  -94.49550 -106.16941  12.4%   3.3  110s
  4324  4783 -106.01075  142  369  -94.49550 -106.16941  12.4%   3.5  117s
  4802  4853 -105.98860  156  357  -94.49550 -106.16941  12.4%   3.8  121s
  4852  5305 -105.98764  157  358  -94.49550 -106.16941  12.4%   3.8  127s
  5304  5751 -105.97173  168  351  -94.49550 -106.16941  12.4%   4.1  134s
  5750  6181 -105.94877  179  344  -94.49550 -106.16941  12.4%   4.5  140s
  6220  6241 -105.92625  191  329  -94.49550 -106.16941  12.4%   4.8  145s
  6260  6420 -105.92328  192  329  -94.49550 -106.16941  12.4%   4.9  151s
  6419  6863 -105.90884  200  324  -94.49550 -106.16941  12.4%   5.0  157s
  6862  6897 -105.88797  211  323  -94.49550 -106.16941  12.4%   5.4  162s
  6896  6936 -105.88155  211  318  -94.49550 -106.16941  12.4%   5.4  167s
  6935  6973 -105.88667  212  321  -94.49550 -106.16941  12.4%   5.4  172s
  6972  7011 -105.88527  212  322  -94.49550 -106.16941  12.4%   5.4  178s
  7010  7053 -105.88350  213  318  -94.49550 -106.16941  12.4%   5.4  183s
  7052  7140 -105.88222  213  320  -94.49550 -106.16941  12.4%   5.5  189s
  7139  7418 -105.88223  214  319  -94.49550 -106.16941  12.4%   5.5  195s
  7417  7832 -105.87959  216  317  -94.49550 -106.16941  12.4%   5.8  201s
  7831  8285 -105.83970  229  308  -94.49550 -106.16941  12.4%   6.2  208s
  8284  8751 -105.81718  241  301  -94.49550 -106.16941  12.4%   6.6  214s
  8750  9185 -105.78608  254  301  -94.49550 -106.16941  12.4%   7.0  220s
  9184  9629 -105.74685  267  291  -94.49550 -106.16941  12.4%   7.4  226s
  9628 10080 -105.70406  279  281  -94.49550 -106.16941  12.4%   7.9  233s
 10079 10554 -105.65283  294  276  -94.49550 -106.16941  12.4%   8.3  239s
 10553 10990 -105.60175  307  267  -94.49550 -106.16941  12.4%   8.8  244s
 10995 11010 -105.54307  318  265  -94.49550 -106.16941  12.4%   9.3  245s
H11002 11010                     -94.5183591 -106.16941  12.3%   9.3  245s
H11015 11573                     -94.9755853 -106.16941  11.8%   9.3  253s
 11585 11574 -106.03308  130  500  -94.97559 -106.16941  11.8%   9.7  382s
H11586 10996                     -95.0323795 -106.16941  11.7%   9.7  383s
 11589 10998 -105.15126  438  500  -95.03238 -106.16941  11.7%   9.7  385s
 11695 11123 -106.16161   23  492  -95.03238 -106.16825  11.7%   9.7  391s
 11867 11204 -106.15705   27  488  -95.03238 -106.16825  11.7%   9.6  395s
 11911 11244 -106.15525   28  487  -95.03238 -106.16825  11.7%   9.5  401s
 11974 11492 -106.15620   29  486  -95.03238 -106.16825  11.7%   9.5  410s
 12211 11724 -106.15227   35  480  -95.03238 -106.16825  11.7%   9.3  417s
 12522 12068 -106.14324   43  472  -95.03238 -106.16825  11.7%   9.2  426s
 12989 11952 -106.12961   55  461  -95.03238 -106.16825  11.7%   8.9  431s
 13009 12305 -106.12886   55  461  -95.03238 -106.16825  11.7%   8.9  443s
 13369 12936 -106.11804   64  452  -95.03238 -106.16825  11.7%   8.8  456s
 14120 13196 -106.09754   79  437  -95.03238 -106.16825  11.7%   8.5  465s
 14630 13494 -106.08775   90  426  -95.03238 -106.16825  11.7%   8.3  472s
 15098 13777 -106.07456  100  417  -95.03238 -106.16825  11.7%   8.1  480s
 15537 14036 -106.06553  110  408  -95.03238 -106.16825  11.7%   8.0  486s
 15942 14121 -106.05703  119  399  -95.03238 -106.16825  11.7%   7.9  493s
 16162 14454 -106.05168  124  394  -95.03238 -106.16825  11.7%   7.8  499s
 16569 14702 -106.04715  133  388  -95.03238 -106.16825  11.7%   7.8  506s
 16972 14607 -106.03912  142  378  -95.03238 -106.16825  11.7%   7.7  516s
 16992 14621 -106.03804  142  378  -95.03238 -106.16825  11.7%   7.7  522s
 17012 14634 -106.03867  143  377  -95.03238 -106.16825  11.7%   7.7  528s
 17032 14647 -106.03625  143  377  -95.03238 -106.16825  11.7%   7.7  535s
 17052 14661 -106.03803  144  376  -95.03238 -106.16825  11.7%   7.7  542s
 17072 14674 -106.03485  144  376  -95.03238 -106.16825  11.7%   7.7  550s
 17092 14687 -106.03793  145  375  -95.03238 -106.16825  11.7%   7.7  556s
 17112 14701 -106.03347  145  378  -95.03238 -106.16825  11.7%   7.7  563s
 17132 14714 -106.03697  146  374  -95.03238 -106.16825  11.7%   7.7  570s
 17152 14727 -106.03531  146  378  -95.03238 -106.16825  11.7%   7.7  577s
 17172 14741 -106.03596  147  373  -95.03238 -106.16825  11.7%   7.7  584s
 17192 14754 -106.03549  147  374  -95.03238 -106.16825  11.7%   7.7  590s
 17212 14767 -106.03515  148  373  -95.03238 -106.16825  11.7%   7.7  596s
 17232 14781 -106.02990  148  374  -95.03238 -106.16825  11.7%   7.7  602s
 17252 14794 -106.03453  149  374  -95.03238 -106.16825  11.7%   7.7  608s
 17272 14807 -106.03046  149  371  -95.03238 -106.16825  11.7%   7.7  615s
 17292 14821 -106.03453  150  373  -95.03238 -106.16825  11.7%   7.7  620s
 17312 14834 -106.03105  150  372  -95.03238 -106.16825  11.7%   7.7  626s
 17332 14847 -106.03402  151  372  -95.03238 -106.16825  11.7%   7.7  631s
 17352 14861 -106.03262  151  372  -95.03238 -106.16825  11.7%   7.7  637s
 17372 14874 -106.03263  152  369  -95.03238 -106.16825  11.7%   7.7  642s
 17392 14887 -106.03169  152  373  -95.03238 -106.16825  11.7%   7.7  647s
 17412 14901 -106.02943  153  371  -95.03238 -106.16825  11.7%   7.7  652s
 17432 14914 -106.02958  153  371  -95.03238 -106.16825  11.7%   7.6  657s
 17452 14927 -106.02910  154  370  -95.03238 -106.16825  11.7%   7.6  662s
 17472 14941 -106.02414  154  371  -95.03238 -106.16825  11.7%   7.6  668s
 17492 14984 -106.02850  155  369  -95.03238 -106.16825  11.7%   7.6  674s
 17542 15134 -106.02639  155  368  -95.03238 -106.16825  11.7%   7.7  679s
 17709 15429 -106.02686  156  368  -95.03238 -106.16825  11.7%   7.7  686s
 18059 15745 -106.01985  161  363  -95.03238 -106.16825  11.7%   7.6  693s
 18492 16095 -106.01296  170  356  -95.03238 -106.16825  11.7%   7.6  702s
 18986 16417 -106.00491  182  346  -95.03238 -106.16825  11.7%   7.7  709s
 19473 16748 -105.99836  193  340  -95.03238 -106.16825  11.7%   7.7  717s
 19966 16994 -105.98844  205  330  -95.03238 -106.16825  11.7%   7.8  724s
 20377 17428 -105.98306  215  327  -95.03238 -106.16825  11.7%   7.9  731s
 20948 17673 -105.96969  228  321  -95.03238 -106.16825  11.7%   8.1  738s
 21383 18091 -105.95362  237  308  -95.03238 -106.16825  11.7%   8.3  745s
 21964 18515 -105.93104  251  310  -95.03238 -106.16825  11.7%   8.6  755s
 22620 18847 -105.91255  265  301  -95.03238 -106.16825  11.7%   8.8  763s
 23182 19723 -105.88529  278  300  -95.03238 -106.16819  11.7%   8.9  781s
 24246 19785 -105.85167  302  283  -95.03238 -106.16819  11.7%   9.2  788s
 24702 20009 -105.84506  312  284  -95.03238 -106.16819  11.7%   9.3  794s
 25038 20157 -105.82213  321  286  -95.03238 -106.16819  11.7%   9.4  807s
 25298 20845 -105.80531  327  284  -95.03238 -106.16819  11.7%   9.5  818s
 26073 21309 -105.79198  345  278  -95.03238 -106.16819  11.7%   9.8  828s
 26795 21851 -105.77266  361  266  -95.03238 -106.16819  11.7%  10.1  838s
 27578 22350 -105.73094  380  258  -95.03238 -106.16819  11.7%  10.3  848s
 28338 22887 -105.68422  399  253  -95.03238 -106.16819  11.7%  10.6  859s
 29128 23416 -105.64845  419  248  -95.03238 -106.16819  11.7%  11.0  869s
 29921 23868 -105.59591  438  235  -95.03238 -106.16819  11.7%  11.3  877s
 30637 24477 -105.54964  457  234  -95.03238 -106.16819  11.7%  11.7  886s
 31489 25072 -105.47893  476  230  -95.03238 -106.16819  11.7%  12.1  898s
 32396 25745 -105.36913  495  216  -95.03238 -106.16805  11.7%  12.6  912s
H32433 25183                     -95.0553903 -106.16805  11.7%  12.6  912s
H33371 25255                     -95.1129749 -106.16805  11.6%  13.1  926s
 34294 25733 -105.15342  533  207  -95.11297 -106.16805  11.6%  13.5  937s
 35080 26267 -105.08612  551  199  -95.11297 -106.16805  11.6%  14.0  950s
 35876 26517 -104.97513  568  193  -95.11297 -106.16805  11.6%  14.6  958s
 36391 27269 -104.93210  580  186  -95.11297 -106.16805  11.6%  15.0  971s
 37315 27925 -104.81167  599  179  -95.11297 -106.16805  11.6%  15.7  979s
 38279 28533 -104.59388  623  176  -95.11297 -106.16805  11.6%  16.6  989s
H38901 27830                     -95.1234338 -106.16805  11.6%  17.3  989s
H39238 28510                     -95.3052528 -106.16805  11.4%  17.5 1013s
 40257 29568 -104.09402  670  146  -95.30525 -106.16805  11.4%  18.4 1037s
 41345 30761 -103.64682  697  133  -95.30525 -106.16805  11.4%  19.5 1062s
 42618 32234 -103.05894  729  125  -95.30525 -106.16805  11.4%  20.4 1089s
 44271 33845 -106.07726  103  419  -95.30525 -106.16769  11.4%  21.0 1112s
 45906 35861 -105.96859  206  344  -95.30525 -106.16766  11.4%  21.2 1136s
 47932 38488 -105.70904  338  279  -95.30525 -106.16766  11.4%  21.3 1184s
 50727 40349 -104.96915  503  233  -95.30525 -106.16766  11.4%  21.6 1208s
 52690 42407 -103.97644  610  199  -95.30525 -106.16766  11.4%  21.5 1231s
 54774 44408 -102.22611  708  156  -95.30525 -106.16766  11.4%  21.3 1253s
 56953 46522 -106.14863   44  471  -95.30525 -106.16766  11.4%  21.1 1276s
 59143 48609 -106.04117  151  378  -95.30525 -106.16761  11.4%  20.8 1295s
 61242 51022 -105.87547  256  318  -95.30525 -106.16761  11.4%  20.5 1314s
 63738 53024 -105.54391  376  269  -95.30525 -106.16761  11.4%  20.3 1336s
 65802 53897 -105.01361  473  239  -95.30525 -106.16755  11.4%  20.1 1347s
 66723 56068 -104.72072  519  233  -95.30525 -106.16755  11.4%  20.1 1370s
 68923 58696 -103.64204  610  200  -95.30525 -106.16755  11.4%  19.9 1390s
 71628 62621 -101.93675  695  161  -95.30525 -106.16755  11.4%  19.9 1435s
 75819 64543 -106.13059   66  449  -95.30525 -106.16755  11.4%  19.6 1456s
 77741 66344 -106.03512  169  361  -95.30525 -106.16755  11.4%  19.4 1473s
 79566 68327 -105.86422  272  308  -95.30525 -106.16755  11.4%  19.3 1492s
 81573 70338 -105.54105  377  268  -95.30525 -106.16755  11.4%  19.2 1511s
 83643 72143 -104.90784  468  245  -95.30525 -106.16755  11.4%  19.2 1532s
 85594 73676 -104.02446  550  226  -95.30525 -106.16755  11.4%  19.2 1558s
 87201 75105 -102.94933  620  206  -95.30525 -106.16755  11.4%  19.3 1580s
 88704 76766 -101.66434  680  195  -95.30525 -106.16755  11.4%  19.3 1606s
 90497 78377  -99.72934  768  162  -95.30525 -106.16755  11.4%  19.3 1629s
 92239 80315  -95.63710  838  146  -95.30525 -106.16755  11.4%  19.3 1654s
 94316 82299 -106.08321  111  410  -95.30525 -106.16739  11.4%  19.1 1679s
 96360 85361 -105.94230  230  327  -95.30525 -106.16739  11.4%  19.0 1720s
 99512 87077 -105.29876  402  267  -95.30525 -106.16739  11.4%  18.8 1742s
 101228 89008 -104.67066  484  240  -95.30525 -106.16739  11.4%  18.7 1767s
 103159 89976 -103.53326  577  210  -95.30525 -106.16739  11.4%  18.7 1790s
 104127 91916 -102.90133  625  197  -95.30525 -106.16739  11.4%  18.8 1813s
 106160 91936 -100.84046  710  174  -95.30525 -106.16739  11.4%  18.9 1830s
 106180 91956 -100.82057  711  172  -95.30525 -106.16739  11.4%  18.9 1858s
 106200 92052 -100.80599  712  172  -95.30525 -106.16739  11.4%  18.9 1884s
 106302 93103 -100.79352  713  169  -95.30525 -106.16739  11.4%  18.9 1909s
 107434 93606 -100.78855  714  171  -95.30525 -106.16739  11.4%  18.9 1940s
 107937 94285 -100.75678  715  169  -95.30525 -106.16739  11.4%  18.8 1965s
 108628 95372 -100.71471  716  169  -95.30525 -106.16708  11.4%  18.8 1989s
 109715 97757 -100.47787  727  167  -95.30525 -106.16708  11.4%  18.8 2026s
 112240 100054 -106.14148   50  466  -95.30525 -106.16708  11.4%  18.9 2063s
 114607 101985 -105.99361  191  358  -95.30525 -106.16708  11.4%  18.9 2091s
 116747 104767 -105.71821  310  294  -95.30525 -106.16708  11.4%  18.9 2128s
 119557 107658 -104.97563  467  253  -95.30525 -106.16708  11.4%  18.7 2165s
 122448 109512 -103.26024  601  211  -95.30525 -106.16708  11.4%  18.7 2188s
 124302 111363 -101.68320  703  180  -95.30525 -106.16708  11.4%  18.8 2210s
 126372 113358  -98.84965  802  145  -95.30525 -106.16708  11.4%  19.0 2238s
 128483 115395 -106.14064   53  462  -95.30525 -106.16708  11.4%  19.0 2264s
 130550 117333 -106.02183  189  348  -95.30525 -106.16708  11.4%  19.0 2288s
 132672 119284 -105.79075  326  290  -95.30525 -106.16708  11.4%  19.0 2315s
 134763 121146 -105.32864  454  240  -95.30525 -106.16645  11.4%  19.0 2340s
 136633 122980 -104.33456  543  229  -95.30525 -106.16619  11.4%  18.9 2359s
 138467 124679 -102.95382  624  205  -95.30525 -106.16619  11.4%  19.0 2375s
 140166 126457 -101.26441  699  180  -95.30525 -106.16619  11.4%  19.1 2397s
 142111 128266  -98.89320  783  161  -95.30525 -106.16619  11.4%  19.3 2421s
 144037 130552  -95.73514  875  137  -95.30525 -106.16619  11.4%  19.4 2451s
 146418 132878 -106.06529  139  383  -95.30525 -106.16619  11.4%  19.4 2479s
 148778 134891 -105.80545  299  291  -95.30525 -106.16619  11.4%  19.5 2505s
 150923 136693 -105.36013  429  255  -95.30525 -106.16619  11.4%  19.5 2529s
 152821 138705 -104.51003  522  230  -95.30525 -106.16619  11.4%  19.5 2555s
 154833 140439 -103.21990  617  208  -95.30525 -106.16619  11.4%  19.6 2572s
 156567 142123 -101.76075  698  192  -95.30525 -106.16619  11.4%  19.7 2584s
 158351 143714  -99.85383  778  173  -95.30525 -106.16619  11.4%  19.9 2611s
 160226 145669  -97.43101  853  161  -95.30525 -106.16566  11.4%  19.9 2639s
 162330 147469 -106.15038   38  477  -95.30525 -106.16485  11.4%  20.0 2667s
 164285 149325 -106.00927  175  362  -95.30525 -106.16485  11.4%  20.0 2702s
 166206 150921 -105.73920  315  288  -95.30525 -106.16463  11.4%  20.1 2729s
 167802 152929 -105.17391  431  253  -95.30525 -106.16463  11.4%  20.1 2767s
 169907 154736 -103.78455  557  226  -95.30525 -106.16463  11.4%  20.3 2797s
 171714 156796 -102.42876  649  201  -95.30525 -106.16463  11.4%  20.4 2827s
 173978 158847 -100.46639  737  195  -95.30525 -106.16463  11.4%  20.6 2856s
 176243 161370  -98.46083  827  154  -95.30525 -106.16445  11.4%  20.5 2885s
 178877 163560  -95.36190  918  147  -95.30525 -106.16440  11.4%  20.5 2914s
 181087 165708 -105.99295  155  382  -95.30525 -106.16432  11.4%  20.5 2938s
 183273 167379 -105.57757  306  297  -95.30525 -106.16432  11.4%  20.5 2967s
 185091 169289 -105.24152  400  258  -95.30525 -106.16432  11.4%  20.6 2994s
 187023 169309 -104.48356  529  218  -95.30525 -106.16428  11.4%  20.7 3010s
 187043 169329 -104.48254  530  219  -95.30525 -106.16428  11.4%  20.7 3050s
 187063 169349 -104.47347  531  221  -95.30525 -106.16428  11.4%  20.7 3079s
 187083 169797 -104.47004  532  223  -95.30525 -106.16428  11.4%  20.7 3105s
 187531 171143 -104.46138  533  220  -95.30525 -106.16428  11.4%  20.7 3129s
 188919 172263 -104.29311  561  203  -95.30525 -106.16428  11.4%  20.7 3154s
H189572 172172                     -95.4278557 -106.16428  11.3%  20.7 3154s
 190134 174688 -103.05885  696  169  -95.42786 -106.16428  11.3%  20.7 3190s
 192691 177172 -101.00692  879  124  -95.42786 -106.16428  11.3%  20.7 3225s
 195334 178314 -106.16285   27  488  -95.42786 -106.16421  11.3%  20.8 3254s
 196476 180639 -106.11760   84  433  -95.42786 -106.16421  11.3%  20.8 3284s
 198898 182622 -105.89458  251  310  -95.42786 -106.16421  11.3%  20.8 3307s
 200959 184805 -105.41547  381  244  -95.42786 -106.16421  11.3%  20.9 3335s
 203142 186816 -104.57550  496  232  -95.42786 -106.16421  11.3%  20.9 3357s
 205297 187416 -103.44769  600  211  -95.42786 -106.16421  11.3%  21.0 3368s
 206003 189575 -102.96081  633  194  -95.42786 -106.16415  11.3%  21.0 3398s
 208363 191749 -100.85948  736  163  -95.42786 -106.16412  11.3%  21.1 3427s
 210740 193871  -97.37842  841  133  -95.42786 -106.16412  11.3%  21.1 3455s
 213173 196607 -106.08174   96  424  -95.42786 -106.16410  11.3%  21.1 3484s
 215968 199107 -105.89865  241  315  -95.42786 -106.16410  11.3%  21.0 3512s
 218468 201287 -105.44708  390  258  -95.42786 -106.16410  11.3%  21.0 3533s
 220707 203246 -104.72623  505  234  -95.42786 -106.16410  11.3%  21.0 3555s
 222710 205462 -103.56532  592  209  -95.42786 -106.16406  11.3%  21.1 3578s
 225005 207165 -102.09660  688  177  -95.42786 -106.16406  11.3%  21.1 3603s
 226855 209115 -100.48943  757  159  -95.42786 -106.16406  11.3%  21.2 3630s
 228842 211087  -97.92446  835  142  -95.42786 -106.16406  11.3%  21.2 3655s
 230953 212704 -106.13095   59  458  -95.42786 -106.16406  11.3%  21.3 3676s
 232745 214809 -105.96900  161  371  -95.42786 -106.16406  11.3%  21.2 3703s
 234938 217032 -105.64639  293  293  -95.42786 -106.16406  11.3%  21.2 3727s
 237171 218897 -105.12448  417  257  -95.42786 -106.16398  11.3%  21.2 3747s
 239075 221047 -104.54481  527  225  -95.42786 -106.16398  11.3%  21.2 3775s
 241380 223127 -103.33512  664  172  -95.42786 -106.16398  11.3%  21.3 3809s
 243478 225025 -101.68276  807  132  -95.42786 -106.16396  11.3%  21.4 3837s
 245571 227337  -98.55028  986   98  -95.42786 -106.16396  11.3%  21.4 3868s
 247929 229553 -106.11479   77  440  -95.42786 -106.16394  11.3%  21.5 3899s
 250313 231457 -105.94882  223  334  -95.42786 -106.16394  11.3%  21.5 3928s
 252317 233362 -105.63120  347  281  -95.42786 -106.16383  11.3%  21.4 3958s
 254222 235083 -104.98922  467  231  -95.42786 -106.16383  11.3%  21.4 3987s
 256014 236644 -103.74204  570  196  -95.42786 -106.16383  11.3%  21.5 4018s
 257647 238437 -102.18936  651  184  -95.42786 -106.16383  11.3%  21.5 4050s
 259454 238457 -100.14616  734  151  -95.42786 -106.16371  11.3%  21.5 4064s
 259474 238477 -100.12201  735  151  -95.42786 -106.16371  11.3%  21.5 4092s
 259494 238497 -100.05729  736  158  -95.42786 -106.16371  11.3%  21.5 4122s
 259514 238517  -99.99776  737  159  -95.42786 -106.16371  11.3%  21.5 4147s
 259534 238537  -99.96881  738  161  -95.42786 -106.16371  11.3%  21.5 4170s
 259554 238557  -99.95278  739  155  -95.42786 -106.16371  11.3%  21.5 4191s
 259574 238863  -99.92069  740  155  -95.42786 -106.16371  11.3%  21.5 4207s
 259880 240235  -99.87025  741  154  -95.42786 -106.16371  11.3%  21.5 4232s
 261334 242341  -97.24204  816  142  -95.42786 -106.16371  11.3%  21.5 4267s
 263602 244484 -106.11021  105  414  -95.42786 -106.16371  11.3%  21.5 4301s
 265825 246564 -105.95496  254  314  -95.42786 -106.16362  11.3%  21.5 4330s
 267905 248458 -105.56489  401  251  -95.42786 -106.16362  11.3%  21.4 4359s
 269799 250335 -104.75951  507  222  -95.42786 -106.16362  11.3%  21.5 4386s
 271676 252208 -103.49278  598  196  -95.42786 -106.16362  11.3%  21.5 4412s
 273647 254555 -102.02042  685  176  -95.42786 -106.16362  11.3%  21.6 4441s
 276089 256122 -100.03705  767  171  -95.42786 -106.16362  11.3%  21.7 4463s
 277690 258373  -97.57890  839  161  -95.42786 -106.16359  11.3%  21.7 4491s
 280095 259961 -106.13955   53  462  -95.42786 -106.16359  11.3%  21.8 4516s
 281808 262336 -106.04623  159  368  -95.42786 -106.16350  11.3%  21.8 4544s
 284309 264658 -105.78955  327  278  -95.42786 -106.16350  11.3%  21.8 4577s
 286631 267117 -104.97387  466  234  -95.42786 -106.16350  11.3%  21.8 4608s
 289100 269536 -103.74017  585  202  -95.42786 -106.16350  11.3%  21.9 4633s
 291600 271497 -102.07242  673  182  -95.42786 -106.16350  11.3%  21.9 4655s
 293623 273294  -99.91214  762  152  -95.42786 -106.16350  11.3%  21.9 4678s
 295577 275156 -106.16278   25  490  -95.42786 -106.16350  11.3%  21.9 4706s
 297586 275446 -106.03348  156  372  -95.42786 -106.16350  11.3%  21.9 4737s
 297889 277461 -106.02457  165  370  -95.42786 -106.16350  11.3%  21.9 4765s
 299997 279308 -105.80105  302  291  -95.42786 -106.16350  11.3%  21.9 4787s
 301856 281226 -105.25649  421  257  -95.42786 -106.16350  11.3%  21.9 4811s
 303798 283143 -104.27389  532  222  -95.42786 -106.16350  11.3%  21.9 4834s
 305715 285324 -102.95960  624  185  -95.42786 -106.16350  11.3%  21.9 4851s
 307951 287167 -101.18697  714  171  -95.42786 -106.16350  11.3%  22.0 4880s
 309916 289513  -98.97732  802  141  -95.42786 -106.16350  11.3%  22.0 4910s
 312459 291572 -106.14912   46  470  -95.42786 -106.16350  11.3%  22.0 4939s
 314518 293542 -106.04408  187  348  -95.42786 -106.16350  11.3%  22.0 4960s
 316488 295335 -105.81654  322  285  -95.42786 -106.16350  11.3%  22.0 4975s
 318281 296970 -105.22204  445  230  -95.42786 -106.16350  11.3%  22.0 4986s
 319992 298754 -104.15001  546  205  -95.42786 -106.16350  11.3%  22.1 5014s
 321776 300446 -102.60539  643  184  -95.42786 -106.16350  11.3%  22.2 5036s
 323754 302453 -100.73878  738  160  -95.42786 -106.16350  11.3%  22.2 5064s
 325864 304314  -98.12940  824  143  -95.42786 -106.16340  11.2%  22.3 5087s
 327850 306359  -95.46673  897  134  -95.42786 -106.16340  11.2%  22.3 5120s
 329972 308336 -105.96984  160  369  -95.42786 -106.16340  11.2%  22.3 5149s
 331955 309850 -105.58491  305  298  -95.42786 -106.16340  11.2%  22.3 5169s
 333513 311945 -105.08603  417  254  -95.42786 -106.16340  11.2%  22.4 5203s
 335813 314072 -104.03849  563  218  -95.42786 -106.16340  11.2%  22.5 5233s
 338054 316233 -102.88414  694  176  -95.42786 -106.16340  11.2%  22.5 5260s
 340301 318197 -101.25679  843  135  -95.42786 -106.16340  11.2%  22.5 5283s
 342361 320448  -98.80701 1013   92  -95.42786 -106.16335  11.2%  22.5 5307s
 344706 320468 -106.12650   78  438  -95.42786 -106.16335  11.2%  22.5 5319s
 344726 320488 -106.12629   79  437  -95.42786 -106.16335  11.2%  22.5 5373s
 344746 320508 -106.12381   80  436  -95.42786 -106.16335  11.2%  22.5 5400s
 344766 320528 -106.12107   81  436  -95.42786 -106.16335  11.2%  22.5 5427s
 344786 320548 -106.12054   82  435  -95.42786 -106.16335  11.2%  22.5 5449s
 344806 320568 -106.11921   83  434  -95.42786 -106.16335  11.2%  22.5 5469s
 344826 320622 -106.11920   84  433  -95.42786 -106.16335  11.2%  22.5 5487s
 344884 321324 -106.11831   85  432  -95.42786 -106.16335  11.2%  22.5 5505s
 345684 321602 -106.11799   86  431  -95.42786 -106.16335  11.2%  22.5 5542s
 346014 324093 -106.11360   93  424  -95.42786 -106.16334  11.2%  22.5 5576s
 348524 326184 -105.95816  267  314  -95.42786 -106.16334  11.2%  22.5 5605s
 350706 328296 -105.63237  408  255  -95.42786 -106.16334  11.2%  22.5 5641s
 352968 330399 -104.68837  542  217  -95.42786 -106.16333  11.2%  22.5 5674s
 355181 332513 -102.94582  640  192  -95.42786 -106.16324  11.2%  22.5 5704s
 357343 334908 -100.46319  728  164  -95.42786 -106.16324  11.2%  22.5 5742s
 359787 336744  -96.36540  829  141  -95.42786 -106.16324  11.2%  22.5 5773s
 361817 338704 -106.08716  107  416  -95.42786 -106.16324  11.2%  22.5 5802s
 363941 340622 -105.90312  257  314  -95.42786 -106.16323  11.2%  22.5 5828s
 365879 342729 -105.50305  381  255  -95.42786 -106.16323  11.2%  22.5 5855s
 368043 344797 -104.71895  505  226  -95.42786 -106.16323  11.2%  22.5 5882s
 370266 346867 -103.39534  599  208  -95.42786 -106.16323  11.2%  22.5 5910s
 372340 348579 -101.38829  686  194  -95.42786 -106.16323  11.2%  22.5 5929s
 374119 350475  -98.81772  757  162  -95.42786 -106.16323  11.2%  22.5 5959s
 376064 352214     cutoff  837       -95.42786 -106.16323  11.2%  22.5 5984s
 377909 354315 -106.04906  138  383  -95.42786 -106.16313  11.2%  22.6 6009s
 380154 356821 -105.82844  285  299  -95.42786 -106.16311  11.2%  22.6 6040s
 382668 358847 -105.22646  435  241  -95.42786 -106.16311  11.2%  22.6 6062s
 384894 361383 -104.41080  532  215  -95.42786 -106.16311  11.2%  22.6 6090s
 387534 363159 -103.25072  630  188  -95.42786 -106.16311  11.2%  22.6 6120s
 389332 364924 -101.10564  705  170  -95.42786 -106.16311  11.2%  22.6 6150s
 391154 366449  -97.88428  802  142  -95.42786 -106.16311  11.2%  22.6 6176s
 392918 368340 -106.11087   75  441  -95.42786 -106.16310  11.2%  22.5 6205s
 394809 369646 -105.87868  204  336  -95.42786 -106.16310  11.2%  22.5 6224s
 396115 371502 -105.58903  298  294  -95.42786 -106.16310  11.2%  22.5 6252s
 398019 373350 -105.06085  425  250  -95.42786 -106.16310  11.2%  22.5 6278s
 400043 375426 -104.20507  533  227  -95.42786 -106.16300  11.2%  22.5 6305s
 402162 377502 -103.28507  648  192  -95.42786 -106.16300  11.2%  22.4 6331s
 404290 380681 -102.03114  778  158  -95.42786 -106.16300  11.2%  22.4 6364s
 407512 382607  -98.56442 1026   91  -95.42786 -106.16299  11.2%  22.4 6380s
 409507 384191 -106.14978   42  473  -95.42786 -106.16299  11.2%  22.4 6402s
 411128 385635 -106.06543  149  379  -95.42786 -106.16299  11.2%  22.4 6420s
 412572 387282 -105.92805  254  317  -95.42786 -106.16299  11.2%  22.4 6438s
 414267 388745 -105.60135  369  267  -95.42786 -106.16299  11.2%  22.4 6458s
 415938 390547 -105.13598  469  239  -95.42786 -106.16299  11.2%  22.4 6484s
 417740 391758 -104.17012  574  210  -95.42786 -106.16299  11.2%  22.4 6501s
 418951 393541 -103.24334  641  188  -95.42786 -106.16299  11.2%  22.4 6519s
 420746 395135 -101.21285  744  154  -95.42786 -106.16299  11.2%  22.4 6536s
 422432 396872  -96.48453  835  132  -95.42786 -106.16299  11.2%  22.5 6565s
 424495 398902 -106.10303   90  426  -95.42786 -106.16296  11.2%  22.5 6590s
 426563 400913 -105.80691  229  325  -95.42786 -106.16296  11.2%  22.5 6619s
 428630 403375 -105.36682  362  272  -95.42786 -106.16296  11.2%  22.4 6646s
 431194 405215 -104.49626  510  223  -95.42786 -106.16286  11.2%  22.4 6667s
 433072 407309 -103.70441  607  200  -95.42786 -106.16286  11.2%  22.4 6690s
 435290 407329 -102.61955  728  173  -95.42786 -106.16286  11.2%  22.4 6702s
 435310 407349 -102.61406  729  170  -95.42786 -106.16286  11.2%  22.4 6731s
 435330 407365 -102.60898  730  169  -95.42786 -106.16286  11.2%  22.4 6757s
 435352 407447 -102.60752  731  169  -95.42786 -106.16286  11.2%  22.4 6780s
 435436 408226 -102.58099  734  166  -95.42786 -106.16286  11.2%  22.4 6803s
 436221 409618 -101.08330  851  137  -95.42786 -106.16286  11.2%  22.4 6825s
 437671 410774  -97.85478 1054   86  -95.42786 -106.16286  11.2%  22.4 6851s
 438951 413326 -106.12511   62  454  -95.42786 -106.16286  11.2%  22.4 6882s
 441521 415611 -105.82130  231  328  -95.42786 -106.16286  11.2%  22.4 6903s
 443806 417997 -105.39692  364  269  -95.42786 -106.16286  11.2%  22.3 6921s
 446318 420254 -104.71662  501  233  -95.42786 -106.16286  11.2%  22.3 6950s
 448627 422550 -103.68879  628  189  -95.42786 -106.16286  11.2%  22.4 6979s
 451099 424967 -102.20503  765  155  -95.42786 -106.16286  11.2%  22.4 7004s
 453516 428175 -100.35580  911  123  -95.42786 -106.16286  11.2%  22.4 7037s
 456996 429475 -106.15205   34  481  -95.42786 -106.16286  11.2%  22.4 7060s
 458320 430788 -106.12048   60  456  -95.42786 -106.16286  11.2%  22.4 7084s
 459633 432394 -106.07926   85  431  -95.42786 -106.16286  11.2%  22.4 7112s
 461239 434007 -106.02055  115  407  -95.42786 -106.16286  11.2%  22.4 7140s
 462943 435534 -105.97187  139  388  -95.42786 -106.16286  11.2%  22.4 7165s
 464553 437454 -105.92535  163  368  -95.42786 -106.16286  11.2%  22.3 7193s
 466570 438725 -105.86294  188  352  -95.42786 -106.16286  11.2%  22.3 7212s
 467869 440684 -105.80201  206  340  -95.42786 -106.16285  11.2%  22.3 7242s
 469904 442569 -105.75482  228  332  -95.42786 -106.16285  11.2%  22.3 7269s
 471898 444350 -105.69087  253  316  -95.42786 -106.16285  11.2%  22.3 7296s
 473725 446268 -105.65831  272  307  -95.42786 -106.16285  11.2%  22.3 7321s
 475661 448183 -105.57254  291  305  -95.42786 -106.16285  11.2%  22.3 7353s
 477607 450387 -105.44953  315  293  -95.42786 -106.16285  11.2%  22.3 7384s
 479908 452406 -105.28943  343  281  -95.42786 -106.16285  11.2%  22.3 7414s
 481959 452626 -105.23109  359  281  -95.42786 -106.16285  11.2%  22.3 7446s
 482213 454816 -105.24351  358  278  -95.42786 -106.16285  11.2%  22.3 7473s
 484403 457087 -105.11858  379  267  -95.42786 -106.16285  11.2%  22.2 7497s
 486742 459196 -105.00942  393  270  -95.42786 -106.16285  11.2%  22.2 7523s
 488879 461161 -104.91435  412  261  -95.42786 -106.16285  11.2%  22.2 7548s
 490844 463083 -104.82856  427  260  -95.42786 -106.16285  11.2%  22.3 7569s
 492811 464761 -104.69208  444  250  -95.42786 -106.16285  11.2%  22.3 7598s
 494560 466631 -104.56129  463  249  -95.42786 -106.16285  11.2%  22.3 7634s
 496482 468708 -104.43450  474  244  -95.42786 -106.16285  11.2%  22.3 7671s
 498668 470904 -104.35772  487  238  -95.42786 -106.16285  11.2%  22.3 7706s
 500929 473065 -104.24022  498  244  -95.42786 -106.16285  11.2%  22.3 7742s
 503239 474967 -104.00570  517  238  -95.42786 -106.16278  11.2%  22.3 7772s
 505202 475312 -103.86494  536  233  -95.42786 -106.16278  11.2%  22.3 7785s
 505573 475330 -103.86354  535  231  -95.42786 -106.16278  11.2%  22.3 7814s
 505595 475350 -103.87454  534  228  -95.42786 -106.16278  11.2%  22.3 7848s
 505615 475368 -103.84991  536  229  -95.42786 -106.16278  11.2%  22.3 7877s
 505637 475386 -103.80960  539  228  -95.42786 -106.16278  11.2%  22.3 7906s
 505659 475434 -103.82728  539  235  -95.42786 -106.16278  11.2%  22.3 7927s
 505707 476716 -103.85892  536  230  -95.42786 -106.16278  11.2%  22.3 7958s
 507040 479142 -103.64186  550  226  -95.42786 -106.16264  11.2%  22.3 7992s
 509521 481545 -103.44281  564  226  -95.42786 -106.16264  11.2%  22.3 8025s
 511963 483671 -103.12885  584  224  -95.42786 -106.16264  11.2%  22.3 8055s
 514257 485908 -102.86287  602  218  -95.42786 -106.16261  11.2%  22.3 8084s
 516494 488098 -102.56259  619  205  -95.42786 -106.16261  11.2%  22.3 8110s
 518815 490287 -102.23478  633  213  -95.42786 -106.16261  11.2%  22.4 8141s
 521030 490812 -101.95522  649  207  -95.42786 -106.16261  11.2%  22.4 8174s
 521622 493326 -101.92605  650  205  -95.42786 -106.16261  11.2%  22.4 8201s
 524202 495967 -101.78644  661  194  -95.42786 -106.16261  11.2%  22.4 8232s
 526843 498224 -101.54440  671  201  -95.42786 -106.16261  11.2%  22.4 8248s
 529168 500144 -101.47179  678  194  -95.42786 -106.16261  11.2%  22.4 8271s
 531134 501720 -101.36488  689  191  -95.42786 -106.16261  11.2%  22.4 8292s
 532710 503389 -101.20486  700  184  -95.42786 -106.16261  11.2%  22.5 8309s
 534476 505018 -101.06447  705  176  -95.42786 -106.16261  11.2%  22.5 8336s
 536201 506708 -100.55624  720  183  -95.42786 -106.16261  11.2%  22.5 8368s
 537912 508385 -100.34391  732  177  -95.42786 -106.16261  11.2%  22.5 8400s
 539665 510151  -99.89257  746  175  -95.42786 -106.16261  11.2%  22.5 8431s
 541431 511919  -99.80112  752  173  -95.42786 -106.16261  11.2%  22.5 8461s
 543274 513627  -99.38286  765  171  -95.42786 -106.16261  11.2%  22.6 8489s
 545037 515509  -99.10476  772  171  -95.42786 -106.16261  11.2%  22.6 8518s
 546993 517449  -98.85174  778  167  -95.42786 -106.16261  11.2%  22.6 8544s
 548933 519620  -98.77476  784  164  -95.42786 -106.16261  11.2%  22.6 8577s
 551121 521321  -98.48330  796  160  -95.42786 -106.16261  11.2%  22.6 8601s
 553048 523513  -98.24473  803  163  -95.42786 -106.16260  11.2%  22.7 8634s
 555240 525649  -98.17465  809  165  -95.42786 -106.16260  11.2%  22.7 8657s
 557376 528002  -97.36128  827  156  -95.42786 -106.16260  11.2%  22.7 8680s
 559931 529940  -96.98099  836  156  -95.42786 -106.16260  11.2%  22.7 8707s
 561967 531950  -96.54167  847  157  -95.42786 -106.16260  11.2%  22.7 8733s
 563989 533722  -95.77226  862  151  -95.42786 -106.16260  11.2%  22.7 8751s
 565831 535484  -95.60818  870  144  -95.42786 -106.16260  11.2%  22.7 8775s
 567795 537275  -95.46150  880  143  -95.42786 -106.16260  11.2%  22.8 8801s
 569749 539178 -106.06306  145  380  -95.42786 -106.16254  11.2%  22.8 8825s
 571781 541362 -105.80304  280  301  -95.42786 -106.16249  11.2%  22.8 8855s
 573965 543408 -105.25660  412  247  -95.42786 -106.16249  11.2%  22.8 8874s
 576119 544326 -104.39606  528  228  -95.42786 -106.16249  11.2%  22.9 8911s
 577232 546685 -103.95373  560  212  -95.42786 -106.16249  11.2%  22.9 8947s
 579711 548796 -102.43828  668  194  -95.42786 -106.16249  11.2%  22.9 8980s
 581870 550702 -100.45835  766  156  -95.42786 -106.16249  11.2%  22.9 9011s
 583973 552652  -97.39499  876  133  -95.42786 -106.16247  11.2%  22.9 9049s
 586028 554744 -106.09655  118  402  -95.42786 -106.16247  11.2%  22.9 9086s
 588188 554764 -105.90023  281  299  -95.42786 -106.16247  11.2%  22.9 9102s
 588208 554784 -105.89839  282  295  -95.42786 -106.16247  11.2%  22.9 9155s
 588228 554804 -105.89578  283  296  -95.42786 -106.16247  11.2%  22.9 9211s
 588248 554824 -105.89544  284  295  -95.42786 -106.16247  11.2%  22.9 9238s
 588268 554844 -105.89455  285  293  -95.42786 -106.16247  11.2%  22.9 9264s
 588288 554864 -105.89375  286  294  -95.42786 -106.16247  11.2%  22.9 9286s
 588308 555461 -105.89309  287  294  -95.42786 -106.16247  11.2%  22.9 9308s
 588905 557439 -105.72630  350  270  -95.42786 -106.16247  11.2%  22.9 9339s
 590899 559437 -105.01837  478  235  -95.42786 -106.16247  11.2%  22.9 9370s
 593047 561428 -103.75506  592  199  -95.42786 -106.16247  11.2%  22.9 9399s
 595111 562960 -102.01082  691  168  -95.42786 -106.16247  11.2%  22.9 9436s
 596749 565560 -100.09003  769  160  -95.42786 -106.16247  11.2%  22.9 9472s
 599395 567765     cutoff  895       -95.42786 -106.16247  11.2%  22.9 9507s
 601681 569898 -105.97971  190  347  -95.42786 -106.16247  11.2%  22.9 9540s
 603814 571913 -105.58583  355  263  -95.42786 -106.16247  11.2%  22.9 9562s
 605829 573799 -104.66602  492  224  -95.42786 -106.16247  11.2%  22.9 9582s
 607846 575580 -103.12471  615  190  -95.42786 -106.16247  11.2%  22.9 9611s
 609687 577665 -101.31301  706  157  -95.42786 -106.16246  11.2%  23.0 9642s
 611838 579589  -98.81832  802  139  -95.42786 -106.16246  11.2%  23.0 9680s
 613986 581753 -106.14789   42  473  -95.42786 -106.16246  11.2%  23.0 9716s
 616332 583881 -106.05287  160  367  -95.42786 -106.16246  11.2%  23.0 9748s
 618470 586201 -105.98292  220  329  -95.42786 -106.16246  11.2%  23.0 9785s
 620790 588077 -105.87960  285  303  -95.42786 -106.16246  11.2%  23.0 9812s
 622704 590121 -105.78687  322  277  -95.42786 -106.16246  11.2%  23.0 9841s
 624802 591960 -105.65899  364  260  -95.42786 -106.16246  11.2%  23.1 9873s
 626709 594063 -105.54847  395  246  -95.42786 -106.16245  11.2%  23.1 9905s
 628866 595977 -105.40502  433  240  -95.42786 -106.16245  11.2%  23.1 9929s
 631081 597379 -105.27755  463  229  -95.42786 -106.16237  11.2%  23.1 9949s
 632519 599764 -105.15318  477  228  -95.42786 -106.16236  11.2%  23.1 9976s
 634904 602026 -104.97108  503  212  -95.42786 -106.16236  11.2%  23.1 9996s
 637166 603869 -104.80791  528  205  -95.42786 -106.16236  11.2%  23.1 10020s
 639076 605801 -104.66385  541  200  -95.42786 -106.16236  11.2%  23.1 10049s
 641080 607645 -104.47453  566  194  -95.42786 -106.16236  11.2%  23.1 10077s
 642924 609865 -104.28298  588  174  -95.42786 -106.16236  11.2%  23.1 10106s
 645343 611764 -104.04240  611  171  -95.42786 -106.16236  11.2%  23.2 10137s
 647428 613448 -103.88977  633  157  -95.42786 -106.16236  11.2%  23.2 10170s
 649112 615366 -103.67603  648  152  -95.42786 -106.16236  11.2%  23.2 10206s
 651030 616519 -103.54498  664  151  -95.42786 -106.16236  11.2%  23.2 10222s
 652222 618679 -103.40034  672  142  -95.42786 -106.16236  11.2%  23.2 10261s
 654382 620822 -103.22962  680  147  -95.42786 -106.16236  11.2%  23.2 10297s
 656533 623003 -103.05579  685  145  -95.42786 -106.16236  11.2%  23.2 10331s
 658764 625145 -102.84616  697  141  -95.42786 -106.16236  11.2%  23.2 10361s
 661071 627136 -102.56721  707  139  -95.42786 -106.16236  11.2%  23.2 10391s
 663124 629135 -101.97802  721  129  -95.42786 -106.16236  11.2%  23.2 10419s
 665125 630928 -101.82198  727  129  -95.42786 -106.16236  11.2%  23.2 10445s
 667111 633163 infeasible  737       -95.42786 -106.16236  11.2%  23.2 10488s
 669368 634752 -105.99733  187  350  -95.42786 -106.16236  11.2%  23.2 10517s
 670993 634772 -105.79384  312  290  -95.42786 -106.16236  11.2%  23.2 10537s
 671013 634792 -105.78871  313  289  -95.42786 -106.16236  11.2%  23.2 10576s
 671033 634812 -105.78684  314  288  -95.42786 -106.16236  11.2%  23.2 10609s
 671053 634914 -105.78580  315  291  -95.42786 -106.16236  11.2%  23.2 10643s
 671155 635073 -105.78296  316  289  -95.42786 -106.16236  11.2%  23.2 10670s
 671314 635363 -105.78185  317  287  -95.42786 -106.16236  11.2%  23.2 10697s
 671640 637328 -105.72474  339  276  -95.42786 -106.16236  11.2%  23.2 10734s
 673632 638973 -105.11515  477  230  -95.42786 -106.16234  11.2%  23.2 10764s
 675277 640458 -104.09953  585  179  -95.42786 -106.16234  11.2%  23.2 10800s

Explored 676762 nodes (15702279 simplex iterations) in 10800.16 seconds (2990.23 work units)
Thread count was 20 (of 72 available processors)

Solution count 10: -95.4279 -95.3053 -95.1234 ... -94.4739

Time limit reached
Best objective -9.542785566984e+01, best bound -1.061623379140e+02, gap 11.2488%
final_gap is 0.11%
x[0]: 6.00 x[1]: -4.00 x[2]: -14.00 x[3]: -12.00 x[4]: -4.00 x[5]: -10.00 x[6]: 1.00 x[7]: -13.00 x[8]: -19.00 x[9]: -12.00 x[10]: -4.00 x[11]: 21.00 x[12]: 3.00 x[13]: 0.00 x[14]: -15.00 x[15]: -1.00 x[16]: -8.00 x[17]: -2.00 x[18]: -8.00 x[19]: -2.00 x[20]: -27.00 x[21]: 3.00 x[22]: -4.00 x[23]: -2.00 x[24]: -2.00 x[25]: -17.00 x[26]: -5.00 x[27]: -29.00 x[28]: -4.00 x[29]: -16.00 x[30]: -15.00 x[31]: 6.00 x[32]: 0.00 x[33]: 12.00 x[34]: -2.00 x[35]: -12.00 x[36]: -7.00 x[37]: -8.00 x[38]: 1.00 x[39]: -1.00 x[40]: 3.00 x[41]: 11.00 x[42]: -6.00 x[43]: -6.00 x[44]: -16.00 x[45]: 7.00 x[46]: -6.00 x[47]: -12.00 x[48]: -2.00 x[49]: -2.00 x[50]: -3.00 x[51]: -6.00 x[52]: 3.00 x[53]: 0.00 x[54]: -15.00 x[55]: -11.00 x[56]: -13.00 x[57]: 11.00 x[58]: 1.00 x[59]: 4.00 x[60]: -10.00 x[61]: 0.00 x[62]: -23.00 x[63]: 5.00 x[64]: -5.00 x[65]: -6.00 x[66]: -2.00 x[67]: -8.00 x[68]: 0.00 x[69]: -1.00 x[70]: -23.00 x[71]: 17.00 x[72]: -8.00 x[73]: -17.00 x[74]: -27.00 x[75]: -8.00 x[76]: -3.00 x[77]: -10.00 x[78]: -2.00 x[79]: -13.00 x[80]: 12.00 x[81]: -14.00 x[82]: 4.00 x[83]: -23.00 x[84]: -11.00 x[85]: -12.00 x[86]: 0.00 x[87]: 6.00 x[88]: -7.00 x[89]: -3.00 x[90]: -1.00 x[91]: -18.00 x[92]: -1.00 x[93]: -5.00 x[94]: 1.00 x[95]: -13.00 x[96]: -13.00 x[97]: -3.00 x[98]: -7.00 x[99]: -3.00 x[100]: -14.00 x[101]: -1.00 x[102]: -5.00 x[103]: -3.00 x[104]: 3.00 x[105]: -21.00 x[106]: 11.00 x[107]: -14.00 x[108]: -12.00 x[109]: -11.00 x[110]: -13.00 x[111]: 2.00 x[112]: 1.00 x[113]: -2.00 x[114]: -1.00 x[115]: -17.00 x[116]: -10.00 x[117]: 1.00 x[118]: -9.00 x[119]: -10.00 x[120]: -14.00 x[121]: 2.00 x[122]: 2.00 x[123]: -12.00 x[124]: -28.00 x[125]: -13.00 x[126]: -14.00 x[127]: -3.00 x[128]: -4.00 x[129]: -2.00 x[130]: 0.00 x[131]: 4.00 x[132]: 0.00 x[133]: -7.00 x[134]: 0.00 x[135]: -1.00 x[136]: -11.00 x[137]: -13.00 x[138]: -3.00 x[139]: -10.00 x[140]: 11.00 x[141]: -15.00 x[142]: -4.00 x[143]: -16.00 x[144]: 3.00 x[145]: -15.00 x[146]: -9.00 x[147]: -6.00 x[148]: -15.00 x[149]: 8.00 x[150]: -12.00 x[151]: -18.00 x[152]: -13.00 x[153]: -2.00 x[154]: 7.00 x[155]: -5.00 x[156]: -19.00 x[157]: -3.00 x[158]: 0.00 x[159]: -6.00 x[160]: -7.00 x[161]: -6.00 x[162]: -7.00 x[163]: 7.00 x[164]: -10.00 x[165]: -1.00 x[166]: 10.00 x[167]: -13.00 x[168]: -8.00 x[169]: -3.00 x[170]: -9.00 x[171]: -2.00 x[172]: -4.00 x[173]: -25.00 x[174]: -30.00 x[175]: -10.00 x[176]: -33.00 x[177]: -8.00 x[178]: 5.00 x[179]: -27.00 x[180]: -21.00 x[181]: -7.00 x[182]: -14.00 x[183]: -9.00 x[184]: -9.00 x[185]: -14.00 x[186]: 3.00 x[187]: -3.00 x[188]: -15.00 x[189]: 10.00 x[190]: -9.00 x[191]: -1.00 x[192]: 1.00 x[193]: -5.00 x[194]: -13.00 x[195]: -2.00 x[196]: -2.00 x[197]: -8.00 x[198]: -10.00 x[199]: -10.00 x[200]: -18.00 x[201]: -4.00 x[202]: -5.00 x[203]: 3.00 x[204]: -8.00 x[205]: 1.00 x[206]: -6.00 x[207]: -5.00 x[208]: -7.00 x[209]: 4.00 x[210]: -16.00 x[211]: -1.00 x[212]: -9.00 x[213]: 4.00 x[214]: -10.00 x[215]: -13.00 x[216]: -4.00 x[217]: -17.00 x[218]: -7.00 x[219]: -2.00 x[220]: -9.00 x[221]: 2.00 x[222]: -1.00 x[223]: 2.00 x[224]: -6.00 x[225]: -7.00 x[226]: -30.00 x[227]: 4.00 x[228]: -15.00 x[229]: -4.00 x[230]: 16.00 x[231]: -7.00 x[232]: -21.00 x[233]: 4.00 x[234]: -11.00 x[235]: 3.00 x[236]: -5.00 x[237]: -9.00 x[238]: -16.00 x[239]: -9.00 x[240]: 3.00 x[241]: 5.00 x[242]: -3.00 x[243]: 8.00 x[244]: 5.00 x[245]: 2.00 x[246]: 2.00 x[247]: -17.00 x[248]: -22.00 x[249]: -11.00 x[250]: -9.00 x[251]: -6.00 x[252]: 7.00 x[253]: -8.00 x[254]: -11.00 x[255]: 4.00 x[256]: 5.00 x[257]: -5.00 x[258]: -6.00 x[259]: -6.00 x[260]: -5.00 x[261]: -13.00 x[262]: -24.00 x[263]: -5.00 x[264]: -5.00 x[265]: -15.00 x[266]: -11.00 x[267]: -30.00 x[268]: -11.00 x[269]: -1.00 x[270]: 6.00 x[271]: -4.00 x[272]: -5.00 x[273]: 10.00 x[274]: -3.00 x[275]: -4.00 x[276]: -18.00 x[277]: 1.00 x[278]: -10.00 x[279]: 1.00 x[280]: -4.00 x[281]: -8.00 x[282]: -10.00 x[283]: -2.00 x[284]: 5.00 x[285]: -8.00 x[286]: 4.00 x[287]: -4.00 x[288]: 4.00 x[289]: -2.00 x[290]: 3.00 x[291]: 10.00 x[292]: -3.00 x[293]: -18.00 x[294]: 2.00 x[295]: 0.00 x[296]: -1.00 x[297]: -5.00 x[298]: 2.00 x[299]: 0.00 x[300]: -7.00 x[301]: -1.00 x[302]: -13.00 x[303]: 7.00 x[304]: -5.00 x[305]: -10.00 x[306]: -12.00 x[307]: -8.00 x[308]: -6.00 x[309]: -11.00 x[310]: 9.00 x[311]: -4.00 x[312]: -1.00 x[313]: 1.00 x[314]: -7.00 x[315]: -3.00 x[316]: -7.00 x[317]: -3.00 x[318]: 6.00 x[319]: -11.00 x[320]: -23.00 x[321]: -18.00 x[322]: -10.00 x[323]: 6.00 x[324]: 0.00 x[325]: -6.00 x[326]: -7.00 x[327]: -4.00 x[328]: -3.00 x[329]: 1.00 x[330]: -3.00 x[331]: 8.00 x[332]: -23.00 x[333]: -8.00 x[334]: -11.00 x[335]: -17.00 x[336]: -9.00 x[337]: -4.00 x[338]: -3.00 x[339]: -36.00 x[340]: 2.00 x[341]: 3.00 x[342]: -4.00 x[343]: -16.00 x[344]: -20.00 x[345]: -5.00 x[346]: -10.00 x[347]: -1.00 x[348]: -21.00 x[349]: 4.00 x[350]: -12.00 x[351]: -6.00 x[352]: -2.00 x[353]: -8.00 x[354]: -22.00 x[355]: -21.00 x[356]: 3.00 x[357]: 8.00 x[358]: -20.00 x[359]: -15.00 x[360]: 0.00 x[361]: 6.00 x[362]: -10.00 x[363]: -6.00 x[364]: -5.00 x[365]: -3.00 x[366]: -17.00 x[367]: -5.00 x[368]: -1.00 x[369]: -15.00 x[370]: -15.00 x[371]: -17.00 x[372]: -3.00 x[373]: -20.00 x[374]: -5.00 x[375]: -15.00 x[376]: 21.00 x[377]: 10.00 x[378]: -4.00 x[379]: -17.00 x[380]: -9.00 x[381]: -3.00 x[382]: 2.00 x[383]: -1.00 x[384]: 0.00 x[385]: -17.00 x[386]: -10.00 x[387]: -1.00 x[388]: -10.00 x[389]: -19.00 x[390]: -4.00 x[391]: 7.00 x[392]: -9.00 x[393]: -13.00 x[394]: -1.00 x[395]: 26.00 x[396]: -1.00 x[397]: -3.00 x[398]: -8.00 x[399]: -7.00 x[400]: -9.00 x[401]: 5.00 x[402]: -7.00 x[403]: -5.00 x[404]: -2.00 x[405]: -6.00 x[406]: -24.00 x[407]: -43.00 x[408]: 7.00 x[409]: -11.00 x[410]: -7.00 x[411]: -1.00 x[412]: -4.00 x[413]: 4.00 x[414]: 1.00 x[415]: -7.00 x[416]: -13.00 x[417]: -16.00 x[418]: -27.00 x[419]: -1.00 x[420]: 5.00 x[421]: -10.00 x[422]: -5.00 x[423]: 17.00 x[424]: 0.00 x[425]: -28.00 x[426]: 3.00 x[427]: -21.00 x[428]: -12.00 x[429]: -10.00 x[430]: -8.00 x[431]: 5.00 x[432]: 10.00 x[433]: 0.00 x[434]: -6.00 x[435]: -5.00 x[436]: 8.00 x[437]: -8.00 x[438]: 7.00 x[439]: 6.00 x[440]: -5.00 x[441]: -4.00 x[442]: -8.00 x[443]: 0.00 x[444]: -3.00 x[445]: -34.00 x[446]: 10.00 x[447]: -16.00 x[448]: -5.00 x[449]: -7.00 x[450]: -4.00 x[451]: 1.00 x[452]: -3.00 x[453]: -23.00 x[454]: -8.00 x[455]: -4.00 x[456]: -1.00 x[457]: -8.00 x[458]: -4.00 x[459]: 1.00 x[460]: 1.00 x[461]: -15.00 x[462]: -7.00 x[463]: -17.00 x[464]: -5.00 x[465]: -15.00 x[466]: 17.00 x[467]: 1.00 x[468]: -19.00 x[469]: -8.00 x[470]: -11.00 x[471]: -2.00 x[472]: -24.00 x[473]: -19.00 x[474]: -11.00 x[475]: -11.00 x[476]: -19.00 x[477]: -6.00 x[478]: 4.00 x[479]: -11.00 x[480]: -11.00 x[481]: -6.00 x[482]: -5.00 x[483]: -16.00 x[484]: 11.00 x[485]: 2.00 x[486]: -18.00 x[487]: -4.00 x[488]: -5.00 x[489]: 0.00 x[490]: 8.00 x[491]: -6.00 x[492]: -13.00 x[493]: 1.00 x[494]: -2.00 x[495]: -6.00 x[496]: -14.00 x[497]: 3.00 x[498]: -5.00 x[499]: -32.00 
Objective Value: -95.43
Elapsed Time: 10800.1743 sec

无可行解，所有约束违规量为零
输出违反约束的量

 60%|██████    | 3/5 [9:00:09<6:00:06, 10803.27s/it][0. 0. 0. 0. 0. 0. 0. 0. 0. 0. 0. 0. 0. 0. 0. 0. 0. 0. 0. 0. 0. 0. 0. 0.
 0. 0. 0. 0. 0. 0. 0. 0. 0. 0. 0. 0. 0. 0. 0. 0. 0. 0. 0. 0. 0. 0. 0. 0.
 0. 0. 0. 0. 0. 0. 0. 0. 0. 0. 0. 0. 0. 0. 0. 0. 0. 0. 0. 0. 0. 0. 0. 0.
 0. 0. 0. 0. 0. 0. 0. 0. 0. 0. 0. 0. 0. 0. 0. 0. 0. 0. 0. 0. 0. 0. 0. 0.
 0. 0. 0. 0. 0. 0. 0. 0. 0. 0. 0. 0. 0. 0. 0. 0. 0. 0. 0. 0. 0. 0. 0. 0.
 0. 0. 0. 0. 0. 0. 0. 0. 0. 0. 0. 0. 0. 0. 0. 0. 0. 0. 0. 0. 0. 0. 0. 0.
 0. 0. 0. 0. 0. 0. 0. 0. 0. 0. 0. 0. 0. 0. 0. 0. 0. 0. 0. 0. 0. 0. 0. 0.
 0. 0. 0. 0. 0. 0. 0. 0. 0. 0. 0. 0. 0. 0. 0. 0. 0. 0. 0. 0. 0. 0. 0. 0.
 0. 0. 0. 0. 0. 0. 0. 0. 0. 0. 0. 0. 0. 0. 0. 0. 0. 0. 0. 0. 0. 0. 0. 0.
 0. 0. 0. 0. 0. 0. 0. 0. 0. 0. 0. 0. 0. 0. 0. 0. 0. 0. 0. 0. 0. 0. 0. 0.
 0. 0. 0. 0. 0. 0. 0. 0. 0. 0. 0. 0. 0. 0. 0. 0. 0. 0. 0. 0. 0. 0. 0. 0.
 0. 0. 0. 0. 0. 0. 0. 0. 0. 0. 0. 0. 0. 0. 0. 0. 0. 0. 0. 0. 0. 0. 0. 0.
 0. 0. 0. 0. 0. 0. 0. 0. 0. 0. 0. 0. 0. 0. 0. 0. 0. 0. 0. 0. 0. 0. 0. 0.
 0. 0. 0. 0. 0. 0. 0. 0. 0. 0. 0. 0. 0. 0. 0. 0. 0. 0. 0. 0. 0. 0. 0. 0.
 0. 0. 0. 0. 0. 0. 0. 0. 0. 0. 0. 0. 0. 0. 0. 0. 0. 0. 0. 0. 0. 0. 0. 0.
 0. 0. 0. 0. 0. 0. 0. 0. 0. 0. 0. 0. 0. 0. 0. 0. 0. 0. 0. 0. 0. 0. 0. 0.
 0. 0. 0. 0. 0. 0. 0. 0. 0. 0. 0. 0. 0. 0. 0. 0. 0. 0. 0. 0. 0. 0. 0. 0.
 0. 0. 0. 0. 0. 0. 0. 0. 0. 0. 0. 0. 0. 0. 0. 0. 0. 0. 0. 0. 0. 0. 0. 0.
 0. 0. 0. 0. 0. 0. 0. 0. 0. 0. 0. 0. 0. 0. 0. 0. 0. 0. 0. 0. 0. 0. 0. 0.
 0. 0. 0. 0. 0. 0. 0. 0. 0. 0. 0. 0. 0. 0. 0. 0. 0. 0. 0. 0. 0. 0. 0. 0.
 0. 0. 0. 0. 0. 0. 0. 0. 0. 0. 0. 0. 0. 0. 0. 0. 0. 0. 0. 0.]
约束的个数: 500
Gurobi model disposed.
此时传入模型的b
[-0.848838    0.37983948  0.01085212  0.45145187  0.87007827  0.4562915
 -0.35907426 -0.89079    -0.9304561  -0.2545488  -0.7768722  -0.83425516
  0.74246615  0.94996226  0.773472    0.4026712   0.72625786  0.40894407
 -0.65449756 -0.8786867  -0.991432    0.904387   -0.5378837   0.39603236
 -0.0214638  -0.12121317 -0.08632729 -0.9232173  -0.22432892 -0.6801065
 -0.9995796  -0.7718143  -0.8614233  -0.96472317  0.47033972  0.22133312
 -0.4835574  -0.93284506 -0.49240917  0.15375419  0.14315468 -0.32824406
 -0.11031238  0.7386829   0.66915303  0.29930717 -0.22824584  0.63681877
 -0.7245697   0.60535634  0.37343904  0.9556602   0.13405256  0.30866292
  0.10905788 -0.89829886 -0.5989527  -0.81932724  0.14416942 -0.16404091
 -0.14114742  0.43093967  0.4768419  -0.5817626   0.8660497  -0.76305616
  0.32256225 -0.7467395   0.6019048   0.19760117  0.08426463  0.6814288
  0.7962956  -0.07868534  0.14881302  0.82181966  0.06580164  0.8674505
  0.7739348   0.74387175 -0.3311815   0.7584998  -0.77806556 -0.5132216
  0.27633324 -0.00700047  0.38502237 -0.4372809  -0.642711   -0.4487824
 -0.42311427 -0.6982202  -0.26101467 -0.6281485  -0.024405    0.26738575
 -0.9938609  -0.9500939  -0.6670094  -0.41204187  0.68903494 -0.14318188
  0.7100387   0.15893151 -0.5062866  -0.74705935 -0.59769005 -0.3577193
 -0.5540854   0.28168008  0.35807377  0.23389213 -0.04045914 -0.19137456
 -0.7335517  -0.56077343 -0.40189266 -0.3603527  -0.09987073 -0.85600984
 -0.39297453  0.9822352  -0.6358545   0.58795154 -0.42326874  0.06189723
 -0.9246747   0.18664026 -0.9835108  -0.4394123  -0.7682802  -0.70081246
  0.10157555 -0.8114605  -0.45387143 -0.5377571   0.9431391  -0.06931788
  0.53248656 -0.44279152  0.5355548  -0.9946272   0.8365157   0.9298767
  0.33139566 -0.972234    0.5636965   0.11838601  0.03945877  0.93290544
 -0.20769253 -0.35512248 -0.43811527  0.27778298  0.07273002  0.23382735
 -0.44633213  0.16404276  0.20305702  0.76179516 -0.85344976 -0.8791906
  0.51985157 -0.28355825 -0.20846368  0.14755118  0.46116272 -0.73090583
  0.03997961  0.01801174 -0.38775715  0.7693415  -0.44074422 -0.1657849
  0.08400609  0.39299136  0.52920794  0.9903681  -0.27128533 -0.8471836
 -0.95468074 -0.03323798  0.71856534 -0.3639125  -0.7011102  -0.13590541
  0.62881875 -0.85418254  0.80029076  0.59560084 -0.98414344  0.8584522
 -0.25896844 -0.6639435   0.7470342  -0.27624854  0.49368528  0.01503419
 -0.49966025  0.73887753 -0.79344285  0.71334875 -0.28539374  0.08187219
 -0.65491444  0.5992684   0.8017793   0.9396906   0.03770797  0.27727723
  0.29995474  0.67410994 -0.27553582  0.13280727 -0.25081322 -0.4778588
 -0.5818296   0.2569735   0.2152131  -0.8238984  -0.65141207  0.832294
  0.5479835   0.07447006 -0.6759501   0.94625235  0.67725164 -0.42277783
  0.5467161  -0.48818758  0.644449    0.9175658  -0.28343508  0.35381943
 -0.6132795  -0.4647957  -0.3325497  -0.5333316  -0.6087259  -0.56289065
  0.47814557 -0.00501151  0.34397817  0.4318604   0.84632456 -0.9843192
 -0.97022057 -0.13265714  0.76590025  0.67316204  0.31511262  0.13406847
  0.5525122   0.0386935  -0.7877948   0.092113   -0.95853436 -0.6989722
 -0.69603807  0.7063577   0.48592857  0.9095561  -0.35969186  0.7735973
  0.82574224 -0.520415    0.22823836 -0.4991142   0.72294104 -0.46415806
  0.12567773 -0.04896712  0.64849293 -0.5011144   0.73670125  0.64433676
 -0.2945739  -0.12022943 -0.08441906  0.564304   -0.970825    0.3419459
 -0.29022384  0.71087366  0.7898759   0.07689974 -0.32065758 -0.05149054
  0.35289294  0.5944708   0.04610199  0.8263161  -0.39779833  0.54812133
  0.2704583  -0.62866676 -0.11368724 -0.512947    0.70895296  0.74032664
 -0.37918618  0.8099728   0.37155467  0.45902067 -0.9498657   0.11451256
 -0.45370352  0.38502392  0.279428    0.5497486   0.2764319   0.89064044
  0.07622139  0.75103277  0.58627933 -0.9914008   0.9073581   0.3074702
 -0.47611672 -0.24063925  0.01411418 -0.06611626  0.43725428 -0.50999886
 -0.6393798   0.34556526 -0.2932345  -0.5374127  -0.31347835 -0.7308272
  0.46689245 -0.47229353  0.6613611   0.62027645 -0.18468426  0.2495508
  0.6258771  -0.530651    0.23344238  0.78254336  0.5420213   0.17954953
 -0.805083    0.9352027   0.43390673  0.21387862  0.38614798 -0.2660028
  0.7612046   0.79286504  0.49366882 -0.14159687 -0.08907515  0.44881454
 -0.09959236 -0.16094762 -0.59624344  0.35377944  0.58616287  0.30104363
 -0.16017959  0.16315074  0.14249925  0.24920723  0.3879534  -0.55909604
 -0.25415874 -0.554208   -0.605955   -0.89902705  0.34019834 -0.8712529
 -0.5718339  -0.16451333  0.47331464  0.31959888  0.17461309 -0.6156174
  0.7134309   0.9183016   0.45306194 -0.14386554  0.2686662   0.8735165
 -0.6451697  -0.24432553 -0.5800438  -0.9623769  -0.16032279  0.5246898
 -0.4757418  -0.7723011   0.9629402   0.9013026   0.8868538   0.14758624
  0.7736573   0.4813826  -0.01183617 -0.52714944 -0.3832595  -0.86409354
  0.6728179   0.00446037 -0.15559037  0.6905871   0.4814983  -0.513617
  0.9839326  -0.47564498 -0.911427    0.06617031 -0.3325206   0.99634784
  0.40339515 -0.71607023  0.49176055  0.8764613  -0.5057132   0.93798375
 -0.9884467   0.7779386   0.4812293   0.5402048  -0.37696692 -0.87984073
  0.6971411   0.1601349   0.792653   -0.81711566  0.19832806  0.9768893
  0.6607321   0.7425371   0.6445009  -0.28087074 -0.21327446  0.1930365
 -0.30078357 -0.16381341  0.9581545  -0.19837555  0.68410164  0.196365
  0.13987878  0.46606687  0.01610684 -0.252668    0.0173848   0.14935935
 -0.40659952 -0.31395105 -0.97649187  0.12258983  0.44146374  0.93461084
  0.6630022   0.03588246  0.39788485  0.4795024   0.46326905  0.6459249
 -0.04187898 -0.60412496 -0.9133485   0.30924287  0.34405944  0.6923129
 -0.19007139  0.86656374 -0.80453706  0.3115004  -0.87652916 -0.8270001
  0.7991493   0.71170235  0.2697357  -0.29148644 -0.5160424  -0.22711661
  0.40798765  0.76842976 -0.04754075 -0.6650457  -0.84894013 -0.9270415
 -0.8233104   0.67521095  0.22917046 -0.5746658   0.33386683  0.8724815
 -0.3543878  -0.51421076 -0.2763893  -0.07512195  0.9628034  -0.2565122
  0.5455532   0.3914672 ]
======================================================
Solve MINLP problem:
[[0.00294665 0.         0.         ... 0.         0.         0.        ]
 [0.         0.00530587 0.         ... 0.         0.         0.        ]
 [0.         0.         0.00191521 ... 0.         0.         0.        ]
 ...
 [0.         0.         0.         ... 0.00036931 0.         0.        ]
 [0.         0.         0.         ... 0.         0.00864608 0.        ]
 [0.         0.         0.         ... 0.         0.         0.0002159 ]]
[0.00133922 0.08177239 0.02510362 0.05407345 0.0584661  0.06953505
 0.0572123  0.03969068 0.0244073  0.07791699 0.04997084 0.01213402
 0.06808288 0.0112906  0.03857721 0.06185987 0.07575615 0.04951519
 0.05330309 0.06762374 0.08010294 0.02096921 0.02583031 0.02608824
 0.05500534 0.08229287 0.01873222 0.06601226 0.01353801 0.02233934
 0.06650325 0.01563992 0.01025159 0.05748777 0.0352567  0.08438829
 0.03763755 0.02197414 0.04864225 0.09976746 0.00181751 0.00729885
 0.08754292 0.03216953 0.02603403 0.05598473 0.05248588 0.04908028
 0.04183061 0.05945832 0.04630717 0.06185976 0.02284373 0.01333738
 0.07422781 0.0538897  0.06085712 0.0611719  0.07460422 0.0845935
 0.00725107 0.04313434 0.04728378 0.06317844 0.06107105 0.0358849
 0.03265345 0.00307268 0.03492641 0.00220235 0.07327128 0.0157121
 0.02361114 0.05673034 0.09645324 0.05110158 0.06613662 0.02328464
 0.07959891 0.09027635 0.06257487 0.08225257 0.01248787 0.08656734
 0.02557825 0.02754175 0.03855789 0.08877995 0.03626134 0.00023315
 0.00387181 0.04408163 0.03452555 0.09239139 0.06734281 0.01021451
 0.05867741 0.0515583  0.06876298 0.03105892 0.05197503 0.0049388
 0.06264219 0.08953422 0.05860403 0.07815534 0.03476151 0.00306742
 0.08422802 0.00581519 0.0843923  0.00774878 0.0132233  0.09230754
 0.04921892 0.04722613 0.08399801 0.06804495 0.07964862 0.07986401
 0.06359439 0.04765696 0.05138381 0.03877611 0.05708265 0.02026126
 0.09548149 0.02687087 0.02772522 0.07923771 0.03475723 0.03359557
 0.00400404 0.09081151 0.02953911 0.04516075 0.04593805 0.07474501
 0.00706981 0.07728628 0.04100942 0.07414747 0.05794287 0.09270067
 0.00499511 0.06015323 0.04723491 0.07328196 0.08622323 0.07708847
 0.00772451 0.04070049 0.05042961 0.02967686 0.04229219 0.01438626
 0.07556076 0.06884494 0.03621866 0.09768255 0.07451063 0.08162189
 0.03265578 0.00066749 0.03712253 0.07146835 0.02995036 0.08405409
 0.03584627 0.07842178 0.06781245 0.02518036 0.06832849 0.07154936
 0.09606445 0.08637938 0.08172043 0.02333243 0.05890263 0.07351509
 0.09244427 0.07091198 0.07420116 0.06281726 0.03615584 0.08071931
 0.05708791 0.03514295 0.04337441 0.02101509 0.0636107  0.03513254
 0.03402702 0.02087314 0.07591831 0.07796393 0.0382953  0.03873887
 0.08548603 0.09315812 0.07185882 0.06257971 0.07543251 0.08081806
 0.06399422 0.04348634 0.06746841 0.03374991 0.01661944 0.02442329
 0.00567911 0.0475542  0.08633873 0.05100447 0.06934462 0.08680323
 0.09878164 0.08082736 0.09100773 0.09516713 0.09612457 0.03745898
 0.04359444 0.05694872 0.04626932 0.09445095 0.0836615  0.0013266
 0.0441172  0.05260435 0.06512218 0.09733626 0.0528653  0.02258527
 0.07674533 0.00949805 0.01788375 0.06693704 0.08226266 0.01638301
 0.01801214 0.0003151  0.05238591 0.05562263 0.069318   0.04074037
 0.00111452 0.05069197 0.09800315 0.04777785 0.02962359 0.05721144
 0.08420964 0.05887146 0.08433907 0.0409551  0.01031315 0.05571807
 0.03922759 0.07541025 0.09809351 0.09857075 0.09086422 0.03109582
 0.08274066 0.08056854 0.05166704 0.07578351 0.04382434 0.01477322
 0.01130025 0.03397862 0.0440002  0.00382547 0.0405858  0.05992139
 0.07180629 0.03076267 0.05439422 0.05595874 0.06127391 0.06153024
 0.04960326 0.08374212 0.01123874 0.05504487 0.05397648 0.00527283
 0.0132057  0.01910609 0.00592752 0.09450579 0.06426141 0.03605839
 0.06962132 0.04120773 0.07159304 0.04223442 0.08767316 0.08335783
 0.0442676  0.05137423 0.0191519  0.03084932 0.05612969 0.08326521
 0.09981613 0.04975683 0.00667542 0.09734665 0.06632399 0.0095614
 0.03448687 0.02514818 0.03820351 0.07851758 0.0562359  0.0322804
 0.02424905 0.05365921 0.05166194 0.00103395 0.05248943 0.03413897
 0.00321797 0.0135666  0.05104997 0.03297562 0.09515222 0.02353217
 0.08770565 0.05819153 0.07880408 0.06048169 0.08510414 0.07834791
 0.09723876 0.08982619 0.00141041 0.06491263 0.08322218 0.07945705
 0.06314119 0.07815998 0.09043522 0.00194805 0.09838504 0.00719455
 0.09940301 0.01675928 0.05358797 0.09972834 0.05633487 0.02203558
 0.04122514 0.05621719 0.02949358 0.00323306 0.045841   0.0864933
 0.0861266  0.02458368 0.05032549 0.05070931 0.04436682 0.00033209
 0.05000338 0.04556979 0.04066138 0.05734781 0.07779707 0.07503536
 0.03979888 0.05546754 0.0510734  0.07288759 0.0038776  0.09143401
 0.00533113 0.0631238  0.0822524  0.04454337 0.03013635 0.04701835
 0.03351121 0.04578329 0.09128481 0.06656726 0.03954722 0.03178628
 0.04299563 0.00019806 0.09570965 0.06161056 0.02724723 0.05609425
 0.04883717 0.02848462 0.02782634 0.05688568 0.02571337 0.0311811
 0.00272871 0.04378882 0.08420307 0.07772633 0.05852183 0.08166751
 0.00029335 0.07850384 0.09362274 0.05035981 0.0552622  0.00116196
 0.02389757 0.06385213 0.06298134 0.06436209 0.06114441 0.0239408
 0.01367103 0.02360204 0.02809949 0.04488965 0.07335366 0.06448454
 0.00896222 0.04484223 0.00286915 0.07755604 0.04794993 0.01262589
 0.0178823  0.05907873 0.00489121 0.01276896 0.02016645 0.05318037
 0.01977345 0.04140443 0.04665961 0.041359   0.05992908 0.0777708
 0.061222   0.07758379 0.02049927 0.06980975 0.00542676 0.01413459
 0.00570196 0.01199475 0.03469513 0.07083954 0.0605495  0.05667881
 0.02657863 0.07266255 0.00528351 0.00801001 0.03527261 0.09968004
 0.03065466 0.07958693 0.05965904 0.07281371 0.00461331 0.02969448
 0.05310453 0.00169754 0.02180899 0.04461533 0.05286625 0.04501398
 0.06021779 0.08571979 0.04486718 0.05069914 0.00407421 0.07037332
 0.06241258 0.01858998 0.03386769 0.01501927 0.01143804 0.01308397
 0.07770566 0.00100339 0.08206587 0.09505336 0.05697101 0.07545044
 0.07674267 0.00739541 0.07841799 0.01024942 0.02098656 0.01792223
 0.01914838 0.03251976]
[[-0.05174188  0.09723156 -0.02041709 ...  0.20673279 -0.0414435
   0.0362385 ]
 [ 0.03663959 -0.19775092  0.05117836 ...  0.06210294  0.14739006
   0.04037151]
 [ 0.08735605 -0.10103314  0.03549017 ... -0.00663709  0.05049992
  -0.04427324]
 ...
 [-0.12178913  0.00677205  0.09318566 ...  0.1984211  -0.09827667
  -0.03660177]
 [ 0.03619071 -0.08138609  0.12245426 ...  0.09280058 -0.24994393
   0.13769932]
 [ 0.12697229  0.13147694  0.10654318 ...  0.02334976  0.05295595
   0.03927171]]
此时输入模型的b
[-0.848838, 0.37983948, 0.010852123, 0.45145187, 0.87007827, 0.4562915, -0.35907426, -0.89079, -0.9304561, -0.2545488, -0.7768722, -0.83425516, 0.74246615, 0.94996226, 0.773472, 0.4026712, 0.72625786, 0.40894407, -0.65449756, -0.8786867, -0.991432, 0.904387, -0.5378837, 0.39603236, -0.021463798, -0.12121317, -0.08632729, -0.9232173, -0.22432892, -0.6801065, -0.9995796, -0.7718143, -0.8614233, -0.96472317, 0.47033972, 0.22133312, -0.4835574, -0.93284506, -0.49240917, 0.15375419, 0.14315468, -0.32824406, -0.11031238, 0.7386829, 0.66915303, 0.29930717, -0.22824584, 0.63681877, -0.7245697, 0.60535634, 0.37343904, 0.9556602, 0.13405256, 0.30866292, 0.10905788, -0.89829886, -0.5989527, -0.81932724, 0.14416942, -0.16404091, -0.14114742, 0.43093967, 0.4768419, -0.5817626, 0.8660497, -0.76305616, 0.32256225, -0.7467395, 0.6019048, 0.19760117, 0.08426463, 0.6814288, 0.7962956, -0.078685336, 0.14881302, 0.82181966, 0.06580164, 0.8674505, 0.7739348, 0.74387175, -0.3311815, 0.7584998, -0.77806556, -0.5132216, 0.27633324, -0.007000467, 0.38502237, -0.4372809, -0.642711, -0.4487824, -0.42311427, -0.6982202, -0.26101467, -0.6281485, -0.024405003, 0.26738575, -0.9938609, -0.9500939, -0.6670094, -0.41204187, 0.68903494, -0.14318188, 0.7100387, 0.15893151, -0.5062866, -0.74705935, -0.59769005, -0.3577193, -0.5540854, 0.28168008, 0.35807377, 0.23389213, -0.040459137, -0.19137456, -0.7335517, -0.56077343, -0.40189266, -0.3603527, -0.099870734, -0.85600984, -0.39297453, 0.9822352, -0.6358545, 0.58795154, -0.42326874, 0.06189723, -0.9246747, 0.18664026, -0.9835108, -0.4394123, -0.7682802, -0.70081246, 0.10157555, -0.8114605, -0.45387143, -0.5377571, 0.9431391, -0.069317885, 0.53248656, -0.44279152, 0.5355548, -0.9946272, 0.8365157, 0.9298767, 0.33139566, -0.972234, 0.5636965, 0.11838601, 0.03945877, 0.93290544, -0.20769253, -0.35512248, -0.43811527, 0.27778298, 0.07273002, 0.23382735, -0.44633213, 0.16404276, 0.20305702, 0.76179516, -0.85344976, -0.8791906, 0.51985157, -0.28355825, -0.20846368, 0.14755118, 0.46116272, -0.73090583, 0.039979607, 0.018011738, -0.38775715, 0.7693415, -0.44074422, -0.1657849, 0.08400609, 0.39299136, 0.52920794, 0.9903681, -0.27128533, -0.8471836, -0.95468074, -0.03323798, 0.71856534, -0.3639125, -0.7011102, -0.13590541, 0.62881875, -0.85418254, 0.80029076, 0.59560084, -0.98414344, 0.8584522, -0.25896844, -0.6639435, 0.7470342, -0.27624854, 0.49368528, 0.0150341885, -0.49966025, 0.73887753, -0.79344285, 0.71334875, -0.28539374, 0.08187219, -0.65491444, 0.5992684, 0.8017793, 0.9396906, 0.03770797, 0.27727723, 0.29995474, 0.67410994, -0.27553582, 0.13280727, -0.25081322, -0.4778588, -0.5818296, 0.2569735, 0.2152131, -0.8238984, -0.65141207, 0.832294, 0.5479835, 0.07447006, -0.6759501, 0.94625235, 0.67725164, -0.42277783, 0.5467161, -0.48818758, 0.644449, 0.9175658, -0.28343508, 0.35381943, -0.6132795, -0.4647957, -0.3325497, -0.5333316, -0.6087259, -0.56289065, 0.47814557, -0.0050115124, 0.34397817, 0.4318604, 0.84632456, -0.9843192, -0.97022057, -0.13265714, 0.76590025, 0.67316204, 0.31511262, 0.13406847, 0.5525122, 0.0386935, -0.7877948, 0.092112996, -0.95853436, -0.6989722, -0.69603807, 0.7063577, 0.48592857, 0.9095561, -0.35969186, 0.7735973, 0.82574224, -0.520415, 0.22823836, -0.4991142, 0.72294104, -0.46415806, 0.12567773, -0.04896712, 0.64849293, -0.5011144, 0.73670125, 0.64433676, -0.2945739, -0.12022943, -0.084419064, 0.564304, -0.970825, 0.3419459, -0.29022384, 0.71087366, 0.7898759, 0.07689974, -0.32065758, -0.05149054, 0.35289294, 0.5944708, 0.04610199, 0.8263161, -0.39779833, 0.54812133, 0.2704583, -0.62866676, -0.11368724, -0.512947, 0.70895296, 0.74032664, -0.37918618, 0.8099728, 0.37155467, 0.45902067, -0.9498657, 0.114512555, -0.45370352, 0.38502392, 0.279428, 0.5497486, 0.2764319, 0.89064044, 0.07622139, 0.75103277, 0.58627933, -0.9914008, 0.9073581, 0.3074702, -0.47611672, -0.24063925, 0.014114184, -0.06611626, 0.43725428, -0.50999886, -0.6393798, 0.34556526, -0.2932345, -0.5374127, -0.31347835, -0.7308272, 0.46689245, -0.47229353, 0.6613611, 0.62027645, -0.18468426, 0.2495508, 0.6258771, -0.530651, 0.23344238, 0.78254336, 0.5420213, 0.17954953, -0.805083, 0.9352027, 0.43390673, 0.21387862, 0.38614798, -0.2660028, 0.7612046, 0.79286504, 0.49366882, -0.14159687, -0.08907515, 0.44881454, -0.09959236, -0.16094762, -0.59624344, 0.35377944, 0.58616287, 0.30104363, -0.16017959, 0.16315074, 0.14249925, 0.24920723, 0.3879534, -0.55909604, -0.25415874, -0.554208, -0.605955, -0.89902705, 0.34019834, -0.8712529, -0.5718339, -0.16451333, 0.47331464, 0.31959888, 0.17461309, -0.6156174, 0.7134309, 0.9183016, 0.45306194, -0.14386554, 0.2686662, 0.8735165, -0.6451697, -0.24432553, -0.5800438, -0.9623769, -0.16032279, 0.5246898, -0.4757418, -0.7723011, 0.9629402, 0.9013026, 0.8868538, 0.14758624, 0.7736573, 0.4813826, -0.011836169, -0.52714944, -0.3832595, -0.86409354, 0.6728179, 0.0044603706, -0.15559037, 0.6905871, 0.4814983, -0.513617, 0.9839326, -0.47564498, -0.911427, 0.06617031, -0.3325206, 0.99634784, 0.40339515, -0.71607023, 0.49176055, 0.8764613, -0.5057132, 0.93798375, -0.9884467, 0.7779386, 0.4812293, 0.5402048, -0.37696692, -0.87984073, 0.6971411, 0.1601349, 0.792653, -0.81711566, 0.19832806, 0.9768893, 0.6607321, 0.7425371, 0.6445009, -0.28087074, -0.21327446, 0.1930365, -0.30078357, -0.16381341, 0.9581545, -0.19837555, 0.68410164, 0.196365, 0.13987878, 0.46606687, 0.01610684, -0.252668, 0.017384805, 0.14935935, -0.40659952, -0.31395105, -0.97649187, 0.122589834, 0.44146374, 0.93461084, 0.6630022, 0.03588246, 0.39788485, 0.4795024, 0.46326905, 0.6459249, -0.04187898, -0.60412496, -0.9133485, 0.30924287, 0.34405944, 0.6923129, -0.19007139, 0.86656374, -0.80453706, 0.3115004, -0.87652916, -0.8270001, 0.7991493, 0.71170235, 0.2697357, -0.29148644, -0.5160424, -0.22711661, 0.40798765, 0.76842976, -0.047540754, -0.6650457, -0.84894013, -0.9270415, -0.8233104, 0.67521095, 0.22917046, -0.5746658, 0.33386683, 0.8724815, -0.3543878, -0.51421076, -0.2763893, -0.07512195, 0.9628034, -0.2565122, 0.5455532, 0.3914672]
已作为Gurobi初始解
此时传入求解器的初始解为：
[7.0, -3.0, -14.0, -11.0, -3.0, -10.0, 2.0, -13.0, -18.0, -12.0, -4.0, 21.0, 3.0, -1.0, -15.0, -1.0, -7.0, -1.0, -9.0, -2.0, -26.0, 4.0, -3.0, -1.0, -3.0, -18.0, -3.0, -29.0, -4.0, -17.0, -15.0, 6.0, 0.0, 12.0, -2.0, -12.0, -7.0, -8.0, 1.0, -1.0, 3.0, 11.0, -6.0, -6.0, -16.0, 7.0, -6.0, -12.0, -1.0, -2.0, -3.0, -6.0, 3.0, 2.0, -16.0, -11.0, -12.0, 11.0, 1.0, 4.0, -10.0, 0.0, -23.0, 5.0, -5.0, -6.0, -1.0, -8.0, 0.0, -1.0, -23.0, 17.0, -9.0, -17.0, -27.0, -8.0, -2.0, -12.0, -2.0, -12.0, 14.0, -13.0, 5.0, -22.0, -10.0, -12.0, 0.0, 6.0, -7.0, -3.0, -1.0, -18.0, -1.0, -5.0, 1.0, -13.0, -13.0, -3.0, -7.0, -3.0, -14.0, -1.0, -5.0, -2.0, 4.0, -19.0, 11.0, -14.0, -11.0, -12.0, -13.0, 2.0, 2.0, -1.0, 1.0, -17.0, -10.0, 1.0, -9.0, -9.0, -14.0, 3.0, 2.0, -11.0, -28.0, -13.0, -14.0, -3.0, -5.0, -2.0, 1.0, 3.0, 0.0, -7.0, 0.0, -1.0, -12.0, -14.0, -3.0, -10.0, 11.0, -14.0, -4.0, -14.0, 3.0, -14.0, -9.0, -6.0, -14.0, 8.0, -12.0, -17.0, -14.0, -2.0, 7.0, -5.0, -17.0, -3.0, 1.0, -5.0, -7.0, -5.0, -9.0, 7.0, -8.0, -1.0, 10.0, -13.0, -8.0, -3.0, -9.0, -2.0, -4.0, -25.0, -30.0, -10.0, -34.0, -8.0, 5.0, -27.0, -20.0, -6.0, -14.0, -8.0, -9.0, -14.0, 3.0, -4.0, -15.0, 10.0, -9.0, -1.0, 1.0, -4.0, -13.0, -2.0, -2.0, -9.0, -10.0, -10.0, -18.0, -4.0, -5.0, 2.0, -7.0, 1.0, -6.0, -5.0, -7.0, 4.0, -16.0, -1.0, -7.0, 4.0, -10.0, -13.0, -3.0, -16.0, -7.0, -2.0, -9.0, 2.0, -1.0, 2.0, -7.0, -7.0, -29.0, 4.0, -15.0, -4.0, 16.0, -7.0, -20.0, 4.0, -10.0, 3.0, -5.0, -9.0, -16.0, -8.0, 4.0, 6.0, -3.0, 8.0, 5.0, 2.0, 2.0, -17.0, -22.0, -11.0, -8.0, -6.0, 7.0, -8.0, -11.0, 4.0, 5.0, -6.0, -6.0, -5.0, -5.0, -13.0, -24.0, -4.0, -5.0, -15.0, -12.0, -28.0, -11.0, 0.0, 5.0, -3.0, -5.0, 10.0, -1.0, -4.0, -17.0, 1.0, -10.0, 2.0, -4.0, -8.0, -10.0, -3.0, 6.0, -8.0, 4.0, -4.0, 4.0, -1.0, 3.0, 10.0, -3.0, -17.0, 2.0, 0.0, 0.0, -7.0, 2.0, 0.0, -7.0, -1.0, -13.0, 7.0, -5.0, -9.0, -12.0, -7.0, -4.0, -10.0, 9.0, -4.0, -1.0, 2.0, -7.0, -3.0, -8.0, -3.0, 6.0, -11.0, -23.0, -18.0, -9.0, 6.0, 0.0, -6.0, -7.0, -1.0, -3.0, 1.0, -1.0, 8.0, -22.0, -8.0, -11.0, -16.0, -9.0, -4.0, -3.0, -36.0, 2.0, 3.0, -4.0, -17.0, -19.0, -4.0, -10.0, -2.0, -22.0, 4.0, -14.0, -6.0, -1.0, -8.0, -22.0, -21.0, 4.0, 9.0, -20.0, -15.0, 0.0, 7.0, -10.0, -6.0, -4.0, -4.0, -18.0, -5.0, -1.0, -15.0, -15.0, -16.0, -3.0, -20.0, -5.0, -14.0, 21.0, 10.0, -4.0, -18.0, -9.0, -3.0, 3.0, -1.0, -1.0, -17.0, -10.0, -2.0, -9.0, -19.0, -4.0, 7.0, -8.0, -13.0, 0.0, 26.0, 0.0, -3.0, -8.0, -7.0, -9.0, 5.0, -7.0, -5.0, -1.0, -6.0, -22.0, -43.0, 8.0, -11.0, -7.0, -1.0, -4.0, 4.0, 0.0, -7.0, -13.0, -15.0, -27.0, -1.0, 5.0, -11.0, -2.0, 17.0, 0.0, -28.0, 4.0, -21.0, -12.0, -10.0, -8.0, 6.0, 10.0, 0.0, -6.0, -5.0, 8.0, -8.0, 7.0, 6.0, -5.0, -4.0, -8.0, 1.0, -2.0, -34.0, 10.0, -14.0, -5.0, -7.0, -4.0, 2.0, -3.0, -23.0, -8.0, -4.0, -1.0, -10.0, -4.0, 1.0, 1.0, -15.0, -7.0, -17.0, -5.0, -15.0, 17.0, 1.0, -19.0, -8.0, -11.0, -2.0, -24.0, -19.0, -10.0, -10.0, -19.0, -6.0, 4.0, -11.0, -11.0, -6.0, -5.0, -16.0, 11.0, 3.0, -18.0, -4.0, -5.0, 0.0, 8.0, -6.0, -13.0, 2.0, -2.0, -6.0, -15.0, 3.0, -5.0, -32.0]
======================================================
Solve MINLP problem:
初始化solution
初始解违反约束的程度是
(array([0, 0, 0, 0, 0, 0, 0, 0, 0, 0, 0, 0, 0, 0, 0, 0, 0, 0, 0, 0, 0, 0,
       0, 0, 0, 0, 0, 0, 0, 0, 0, 0, 0, 0, 0, 0, 0, 0, 0, 0, 0, 0, 0, 0,
       0, 0, 0, 0, 0, 0, 0, 0, 0, 0, 0, 0, 0, 0, 0, 0, 0, 0, 0, 0, 0, 0,
       0, 0, 0, 0, 0, 0, 0, 0, 0, 0, 0, 0, 0, 0, 0, 0, 0, 0, 0, 0, 0, 0,
       0, 0, 0, 0, 0, 0, 0, 0, 0, 0, 0, 0, 0, 0, 0, 0, 0, 0, 0, 0, 0, 0,
       0, 0, 0, 0, 0, 0, 0, 0, 0, 0, 0, 0, 0, 0, 0, 0, 0, 0, 0, 0, 0, 0,
       0, 0, 0, 0, 0, 0, 0, 0, 0, 0, 0, 0, 0, 0, 0, 0, 0, 0, 0, 0, 0, 0,
       0, 0, 0, 0, 0, 0, 0, 0, 0, 0, 0, 0, 0, 0, 0, 0, 0, 0, 0, 0, 0, 0,
       0, 0, 0, 0, 0, 0, 0, 0, 0, 0, 0, 0, 0, 0, 0, 0, 0, 0, 0, 0, 0, 0,
       0, 0, 0, 0, 0, 0, 0, 0, 0, 0, 0, 0, 0, 0, 0, 0, 0, 0, 0, 0, 0, 0,
       0, 0, 0, 0, 0, 0, 0, 0, 0, 0, 0, 0, 0, 0, 0, 0, 0, 0, 0, 0, 0, 0,
       0, 0, 0, 0, 0, 0, 0, 0, 0, 0, 0, 0, 0, 0, 0, 0, 0, 0, 0, 0, 0, 0,
       0, 0, 0, 0, 0, 0, 0, 0, 0, 0, 0, 0, 0, 0, 0, 0, 0, 0, 0, 0, 0, 0,
       0, 0, 0, 0, 0, 0, 0, 0, 0, 0, 0, 0, 0, 0, 0, 0, 0, 0, 0, 0, 0, 0,
       0, 0, 0, 0, 0, 0, 0, 0, 0, 0, 0, 0, 0, 0, 0, 0, 0, 0, 0, 0, 0, 0,
       0, 0, 0, 0, 0, 0, 0, 0, 0, 0, 0, 0, 0, 0, 0, 0, 0, 0, 0, 0, 0, 0,
       0, 0, 0, 0, 0, 0, 0, 0, 0, 0, 0, 0, 0, 0, 0, 0, 0, 0, 0, 0, 0, 0,
       0, 0, 0, 0, 0, 0, 0, 0, 0, 0, 0, 0, 0, 0, 0, 0, 0, 0, 0, 0, 0, 0,
       0, 0, 0, 0, 0, 0, 0, 0, 0, 0, 0, 0, 0, 0, 0, 0, 0, 0, 0, 0, 0, 0,
       0, 0, 0, 0, 0, 0, 0, 0, 0, 0, 0, 0, 0, 0, 0, 0, 0, 0, 0, 0, 0, 0,
       0, 0, 0, 0, 0, 0, 0, 0, 0, 0, 0, 0, 0, 0, 0, 0, 0, 0, 0, 0, 0, 0,
       0, 0, 0, 0, 0, 0, 0, 0, 0, 0, 0, 0, 0, 0, 0, 0, 0, 0, 0, 0, 0, 0,
       0, 0, 0, 0, 0, 0, 0, 0, 0, 0, 0, 0, 0, 0, 0, 0]), -91.5164731125656)
Set parameter OutputFlag to value 1
Set parameter LogFile to value "solver_result/gurobi/initial/cq_cls1_500-500.log"
Set parameter TimeLimit to value 10800
Set parameter NodefileStart to value 20
Set parameter Threads to value 20
Gurobi Optimizer version 12.0.1 build v12.0.1rc0 (linux64 - "Ubuntu 24.04.1 LTS")

CPU model: Intel(R) Xeon(R) Gold 6240C CPU @ 2.60GHz, instruction set [SSE2|AVX|AVX2|AVX512]
Thread count: 36 physical cores, 72 logical processors, using up to 20 threads

Non-default parameters:
TimeLimit  10800
NodefileStart  20
Threads  20

Optimize a model with 500 rows, 500 columns and 250000 nonzeros
Model fingerprint: 0xe117d602
Model has 500 quadratic objective terms
Variable types: 0 continuous, 500 integer (0 binary)
Coefficient statistics:
  Matrix range     [7e-07, 5e-01]
  Objective range  [2e-04, 1e-01]
  QObjective range [2e-05, 1e-02]
  Bounds range     [0e+00, 0e+00]
  RHS range        [4e-03, 1e+00]

Loaded user MIP start with objective -91.5165

Presolve time: 0.08s
Presolved: 500 rows, 500 columns, 250000 nonzeros
Presolved model has 500 quadratic objective terms
Variable types: 0 continuous, 500 integer (0 binary)
Found heuristic solution: objective -92.2311516

Root relaxation: objective -1.068005e+02, 298 iterations, 1.21 seconds (0.53 work units)

    Nodes    |    Current Node    |     Objective Bounds      |     Work
 Expl Unexpl |  Obj  Depth IntInf | Incumbent    BestBd   Gap | It/Node Time

     0     0 -106.80054    0  500  -92.23115 -106.80054  15.8%     -    1s
H    0     0                     -92.2529008 -106.80054  15.8%     -    1s
H    0     0                     -92.4874578 -106.80054  15.5%     -    1s
H    0     0                     -92.5396408 -106.80054  15.4%     -    1s
H    0     0                     -92.7158116 -106.80054  15.2%     -    1s
H    0     0                     -92.9992666 -106.80054  14.8%     -    1s
H    0     0                     -94.3396316 -106.80054  13.2%     -    1s
     0     0 -106.79864    0  500  -94.33963 -106.79864  13.2%     -   11s
     0     2 -106.79864    0  500  -94.33963 -106.79864  13.2%     -   12s
H   15    32                     -94.4394365 -106.79770  13.1%   2.3   14s
    31    52 -106.79509    5  495  -94.43944 -106.79730  13.1%   2.5   15s
   171   221 -106.79105    9  491  -94.43944 -106.79640  13.1%   2.5   20s
   220   485 -106.78980   10  490  -94.43944 -106.79640  13.1%   2.4   26s
   504   525 -106.78189   18  482  -94.43944 -106.79640  13.1%   2.4   31s
   547   908 -106.78196   19  481  -94.43944 -106.79640  13.1%   2.4   43s
   907  2091 -106.76788   33  467  -94.43944 -106.79640  13.1%   2.4   60s
  2130  2151 -106.72570   74  427  -94.43944 -106.79640  13.1%   2.6   66s
  2150  2484 -106.72488   75  426  -94.43944 -106.79640  13.1%   2.6   74s
  2483  3153 -106.71256   85  417  -94.43944 -106.79640  13.1%   2.7   83s
  3152  3724 -106.68982  105  398  -94.43944 -106.79640  13.1%   2.9   92s
  3723  4268 -106.67148  122  385  -94.43944 -106.79640  13.1%   3.2  100s
  4267  4764 -106.64528  143  367  -94.43944 -106.79640  13.1%   3.4  107s
  4763  5246 -106.62499  156  358  -94.43944 -106.79640  13.1%   3.7  114s
  5245  5707 -106.59740  174  344  -94.43944 -106.79640  13.1%   4.0  121s
  5706  6145 -106.57490  186  332  -94.43944 -106.79640  13.1%   4.3  127s
  6184  6205 -106.55311  199  328  -94.43944 -106.79640  13.1%   4.7  130s
  6243  6596 -106.54814  200  328  -94.43944 -106.79640  13.1%   4.7  138s
  6595  6630 -106.52541  210  322  -94.43944 -106.79640  13.1%   5.0  142s
  6629  6669 -106.52284  210  313  -94.43944 -106.79640  13.1%   5.1  147s
  6668  6708 -106.52356  211  318  -94.43944 -106.79640  13.1%   5.1  152s
  6707  6771 -106.52044  211  318  -94.43944 -106.79640  13.1%   5.1  157s
  6770  6832 -106.52246  212  317  -94.43944 -106.79640  13.1%   5.2  162s
  6831  6929 -106.51912  212  320  -94.43944 -106.79640  13.1%   5.2  167s
  6928  7171 -106.52053  213  320  -94.43944 -106.79640  13.1%   5.3  173s
  7170  7524 -106.51826  214  315  -94.43944 -106.79640  13.1%   5.6  180s
  7523  7981 -106.51623  214  321  -94.43944 -106.79640  13.1%   5.9  187s
  7980  8445 -106.49985  223  315  -94.43944 -106.79640  13.1%   6.3  193s
  8444  8877 -106.46970  237  305  -94.43944 -106.79640  13.1%   6.8  199s
  8876  9331 -106.43283  251  295  -94.43944 -106.79640  13.1%   7.2  206s
  9330  9782 -106.39717  263  291  -94.43944 -106.79640  13.1%   7.7  212s
  9781 10128 -106.34051  278  281  -94.43944 -106.79640  13.1%   8.2  216s
 10127 10619 -106.31220  287  276  -94.43944 -106.79640  13.1%   8.5  223s
 10618 11159 -106.25141  302  276  -94.43944 -106.79640  13.1%   9.1  228s
 11158 11693 -106.15865  323  267  -94.43944 -106.79640  13.1%   9.6  234s
 11711 11694 -106.24315  294  500  -94.43944 -106.79640  13.1%  10.2  363s
H11712 11110                     -94.9714046 -106.79640  12.5%  10.2  364s
 11713 11110 -105.89736  382  500  -94.97140 -106.79640  12.5%  10.2  365s
 11766 11198 -106.79201   21  494  -94.97140 -106.79549  12.5%  10.2  370s
 11857 11239 -106.78760   24  491  -94.97140 -106.79549  12.5%  10.2  376s
 11954 11292 -106.78621   26  489  -94.97140 -106.79549  12.5%  10.1  380s
 12014 11332 -106.78467   27  488  -94.97140 -106.79549  12.5%  10.1  386s
 12034 11364 -106.78255   28  487  -94.97140 -106.79549  12.5%  10.1  391s
 12073 11673 -106.78472   28  487  -94.97140 -106.79549  12.5%  10.0  398s
 12395 12024 -106.77603   35  480  -94.97140 -106.79549  12.5%   9.8  408s
 12853 11891 -106.75842   46  469  -94.97140 -106.79549  12.5%   9.6  410s
H12856 11334                     -95.0257561 -106.79549  12.4%   9.6  410s
H12873 11209                     -95.3734337 -106.79549  12.0%   9.6  419s
 13281 11496 -106.74481   56  459  -95.37343 -106.79549  12.0%   9.3  426s
 13704 11929 -106.73169   64  451  -95.37343 -106.79549  12.0%   9.1  436s
 14278 12194 -106.71712   76  439  -95.37343 -106.79549  12.0%   8.9  444s
 14735 12308 -106.70833   86  429  -95.37343 -106.79549  12.0%   8.7  449s
 15001 12616 -106.70243   92  423  -95.37343 -106.79549  12.0%   8.6  456s
 15398 12844 -106.68996  100  415  -95.37343 -106.79549  12.0%   8.5  462s
 15758 13079 -106.68336  108  407  -95.37343 -106.79549  12.0%   8.4  468s
 16113 13289 -106.67316  116  400  -95.37343 -106.79549  12.0%   8.3  474s
 16441 13507 -106.66743  124  393  -95.37343 -106.79549  12.0%   8.3  479s
 16769 13658 -106.66163  131  386  -95.37343 -106.79549  12.0%   8.2  485s
 17029 13894 -106.65487  137  379  -95.37343 -106.79549  12.0%   8.2  491s
 17352 14128 -106.65143  145  372  -95.37343 -106.79549  12.0%   8.1  496s
 17693 14342 -106.63510  153  365  -95.37343 -106.79549  12.0%   8.1  502s
 18021 14552 -106.62620  162  363  -95.37343 -106.79549  12.0%   8.1  508s
 18340 14805 -106.61926  170  357  -95.37343 -106.79549  12.0%   8.1  513s
 18700 15078 -106.60891  178  350  -95.37343 -106.79549  12.0%   8.1  519s
 19093 14967 -106.60004  187  337  -95.37343 -106.79549  12.0%   8.1  520s
H19113 14480                     -95.5401158 -106.79549  11.8%   8.1  522s
H19133 14402                     -95.5911744 -106.79549  11.7%   8.1  528s
 19539 14668 -106.59269  198  331  -95.59117 -106.79549  11.7%   8.1  534s
 19940 14569 -106.58549  207  325  -95.59117 -106.79549  11.7%   8.2  537s
 19975 14990 -106.58528  208  320  -95.59117 -106.79549  11.7%   8.2  543s
 20428 14879 -106.57098  218  323  -95.59117 -106.79549  11.7%   8.3  545s
 20629 15480 -106.56382  223  315  -95.59117 -106.79549  11.7%   8.3  555s
 21116 15742 -106.55120  234  312  -95.59117 -106.79549  11.7%   8.5  561s
 21540 16111 -106.53939  244  308  -95.59117 -106.79549  11.7%   8.6  567s
 22050 15961 -106.52355  255  302  -95.59117 -106.79549  11.7%   8.8  570s
 22070 15974 -106.53049  255  298  -95.59117 -106.79549  11.7%   8.8  579s
 22090 15987 -106.52261  256  304  -95.59117 -106.79549  11.7%   8.8  587s
 22110 16001 -106.51892  256  299  -95.59117 -106.79549  11.7%   8.9  596s
 22130 16014 -106.52199  257  304  -95.59117 -106.79549  11.7%   8.9  605s
 22150 16027 -106.51337  257  306  -95.59117 -106.79549  11.7%   8.9  614s
 22170 16041 -106.52197  258  303  -95.59117 -106.79549  11.7%   8.9  623s
 22190 16054 -106.51626  258  303  -95.59117 -106.79549  11.7%   8.9  632s
 22210 16067 -106.51961  259  301  -95.59117 -106.79549  11.7%   8.9  640s
 22230 16081 -106.51847  259  303  -95.59117 -106.79549  11.7%   8.9  648s
 22250 16094 -106.51797  260  299  -95.59117 -106.79549  11.7%   8.9  656s
 22270 16107 -106.51273  260  305  -95.59117 -106.79549  11.7%   8.9  664s
 22290 16121 -106.51721  261  301  -95.59117 -106.79549  11.7%   8.9  671s
 22310 16132 -106.50996  261  298  -95.59117 -106.79549  11.7%   8.9  678s
 22332 16141 -106.51003  262  302  -95.59117 -106.79549  11.7%   8.9  685s
 22356 16153 -106.51672  262  302  -95.59117 -106.79549  11.7%   9.0  691s
 22376 16166 -106.50969  263  300  -95.59117 -106.79549  11.7%   9.0  697s
 22396 16179 -106.50302  263  297  -95.59117 -106.79549  11.7%   9.0  703s
 22416 16188 -106.50938  264  299  -95.59117 -106.79549  11.7%   9.0  709s
 22441 16199 -106.50426  264  298  -95.59117 -106.79549  11.7%   9.0  715s
 22461 16213 -106.50852  265  299  -95.59117 -106.79549  11.7%   9.0  721s
 22481 16262 -106.50289  265  296  -95.59117 -106.79549  11.7%   9.0  728s
 22551 16259 -106.50807  266  299  -95.59117 -106.79549  11.7%   9.1  732s
 22571 16304 -106.50142  266  298  -95.59117 -106.79549  11.7%   9.1  739s
 22633 16461 -106.50609  267  298  -95.59117 -106.79549  11.7%   9.1  745s
 22837 16983 -106.50409  267  301  -95.59117 -106.79549  11.7%   9.2  754s
 23469 17893 -106.49140  280  294  -95.59117 -106.79531  11.7%   9.4  773s
 24589 18125 -106.46326  304  291  -95.59117 -106.79531  11.7%   9.8  783s
 25195 18455 -106.44405  317  279  -95.59117 -106.79531  11.7%   9.9  789s
 25727 18941 -106.43161  328  283  -95.59117 -106.79531  11.7%  10.1  798s
 26390 19352 -106.41730  341  276  -95.59117 -106.79531  11.7%  10.3  805s
 27022 19743 -106.38758  355  269  -95.59117 -106.79531  11.7%  10.6  812s
 27624 20103 -106.37359  368  265  -95.59117 -106.79531  11.7%  10.8  818s
 28184 20624 -106.34163  379  256  -95.59117 -106.79531  11.7%  11.1  826s
 28892 20838 -106.31684  394  255  -95.59117 -106.79531  11.7%  11.4  832s
 29342 21433 -106.29149  405  250  -95.59117 -106.79531  11.7%  11.5  840s
 30087 21976 -106.23041  421  239  -95.59117 -106.79531  11.7%  11.9  847s
 30878 22356 -106.18530  439  238  -95.59117 -106.79531  11.7%  12.3  855s
 31522 22983 -106.14969  454  232  -95.59117 -106.79531  11.7%  12.6  862s
H32408 22316                     -95.6312819 -106.79531  11.7%  13.1  864s
 32444 23082 -106.06786  473  222  -95.63128 -106.79531  11.7%  13.1  870s
 33222 23833 -106.01597  489  223  -95.63128 -106.79531  11.7%  13.5  877s
 34232 24488 -105.89239  508  214  -95.63128 -106.79531  11.7%  14.1  884s
 35224 25389 -105.85603  525  208  -95.63128 -106.79531  11.7%  14.6  899s
 36530 25863 -105.69321  544  198  -95.63128 -106.79457  11.7%  15.2  917s
 37439 26457 -105.60548  562  197  -95.63128 -106.79457  11.7%  15.7  933s
 38336 27445 -105.50863  579  187  -95.63128 -106.79457  11.7%  16.3  948s
 39347 28354 -105.33270  596  180  -95.63128 -106.79457  11.7%  17.0  958s
 40256 29379 -105.28716  613  168  -95.63128 -106.79457  11.7%  17.7  967s
 41321 30443 -105.13455  631  165  -95.63128 -106.79457  11.7%  18.6  985s
 42421 31648 -104.86347  652  155  -95.63128 -106.79457  11.7%  19.4 1006s
 43854 32815 -104.19407  676  147  -95.63128 -106.79457  11.7%  20.0 1025s
 45075 34817 -103.05593  701  135  -95.63128 -106.79457  11.7%  20.3 1050s
 47131 38131 -106.73251   84  434  -95.63128 -106.79457  11.7%  20.3 1102s
 50565 39468 -106.48023  304  296  -95.63128 -106.79457  11.7%  20.2 1122s
 51980 41062 -106.26764  398  268  -95.63128 -106.79457  11.7%  20.2 1147s
 53682 42869 -105.73795  502  230  -95.63128 -106.79457  11.7%  20.2 1171s
 55583 45108 -104.57424  606  188  -95.63128 -106.79457  11.7%  19.9 1195s
 57872 47227 -102.38207  691  157  -95.63128 -106.79457  11.7%  19.7 1219s
 60127 49054 -106.79034   25  490  -95.63128 -106.79436  11.7%  19.4 1240s
 62004 51037 -106.70442  111  405  -95.63128 -106.79436  11.7%  19.1 1267s
 64038 52905 -106.57190  222  347  -95.63128 -106.79436  11.7%  18.8 1294s
 65910 54533 -106.33277  335  283  -95.63128 -106.79436  11.7%  18.7 1318s
 67620 56279 -106.02477  440  251  -95.63128 -106.79334  11.7%  18.6 1342s
 69601 58245 -105.31016  549  215  -95.63128 -106.79323  11.7%  18.4 1366s
 71583 61242 -103.70120  656  177  -95.63128 -106.79303  11.7%  18.2 1405s
 74696 63571 -106.74522   76  439  -95.63128 -106.79303  11.7%  17.8 1432s
 77025 65608 -106.63354  224  334  -95.63128 -106.79303  11.7%  17.6 1458s
 79086 67550 -106.34056  362  283  -95.63128 -106.79303  11.7%  17.5 1482s
 81028 69323 -105.62089  476  251  -95.63128 -106.79303  11.7%  17.6 1503s
 82851 71217 -104.29268  563  224  -95.63128 -106.79303  11.7%  17.6 1525s
 84953 73106 -102.56711  665  197  -95.63128 -106.79285  11.7%  17.6 1548s
 86842 75207 -100.49628  754  169  -95.63128 -106.79285  11.7%  17.5 1571s
 89086 77310 -106.76924   44  472  -95.63128 -106.79285  11.7%  17.5 1598s
 91201 79133 -106.65635  175  359  -95.63128 -106.79285  11.7%  17.4 1621s
 93042 81016 -106.49557  305  291  -95.63128 -106.79285  11.7%  17.4 1645s
 94929 83444 -106.01153  437  245  -95.63128 -106.79285  11.7%  17.5 1676s
 97462 85562 -104.52782  577  219  -95.63128 -106.79268  11.7%  17.7 1702s
 99901 87443 -102.50442  680  188  -95.63128 -106.79268  11.7%  17.7 1725s
 101791 89837 -100.51006  774  164  -95.63128 -106.79243  11.7%  17.6 1749s
 104315 92187 -106.77832   40  475  -95.63128 -106.79243  11.7%  17.6 1782s
 106752 92207 -106.73105   82  436  -95.63128 -106.79239  11.7%  17.5 1794s
 106772 92227 -106.72749   82  435  -95.63128 -106.79239  11.7%  17.5 1821s
 106792 92247 -106.72885   83  435  -95.63128 -106.79239  11.7%  17.5 1847s
 106812 92267 -106.73054   83  435  -95.63128 -106.79239  11.7%  17.5 1871s
 106832 92287 -106.73017   84  434  -95.63128 -106.79239  11.7%  17.5 1893s
 106852 92307 -106.72567   84  435  -95.63128 -106.79239  11.7%  17.5 1915s
 106872 92327 -106.72979   85  433  -95.63128 -106.79239  11.7%  17.5 1933s
 106892 92707 -106.72903   85  432  -95.63128 -106.79239  11.7%  17.5 1950s
 107272 94360 -106.72783   86  432  -95.63128 -106.79239  11.7%  17.5 1976s
 108935 96208 -106.72569   86  432  -95.63128 -106.79239  11.7%  17.6 2007s
 110811 98400 -106.68841  123  398  -95.63128 -106.79239  11.7%  17.6 2038s
 113078 100332 -106.63385  167  368  -95.63128 -106.79239  11.7%  17.7 2067s
 115288 102351 -106.59121  210  335  -95.63128 -106.79239  11.7%  17.7 2100s
 117307 104450 -106.54769  249  318  -95.63128 -106.79239  11.7%  17.6 2132s
 119406 107101 -106.50819  290  294  -95.63128 -106.79239  11.7%  17.5 2176s
 122080 108983 -106.40457  342  272  -95.63128 -106.79239  11.7%  17.5 2209s
 124013 111066 -106.31843  385  253  -95.63128 -106.79239  11.7%  17.5 2241s
 126194 112246 -106.13025  428  243  -95.63128 -106.79239  11.7%  17.5 2273s
 127374 114300 -106.01415  458  226  -95.63128 -106.79239  11.7%  17.5 2301s
 129428 116510 -105.80494  497  219  -95.63128 -106.79239  11.7%  17.4 2331s
 131638 118583 -105.58801  541  202  -95.63128 -106.79239  11.7%  17.4 2358s
 133711 120583 -105.19871  584  185  -95.63128 -106.79239  11.7%  17.5 2384s
 135750 122528 -104.82039  621  171  -95.63128 -106.79239  11.7%  17.6 2416s
 137862 124549 -104.00473  670  144  -95.63128 -106.79239  11.7%  17.8 2453s
 140003 126734 -106.75624   49  466  -95.63128 -106.79187  11.7%  17.8 2489s
 142218 129432 -106.49570  204  341  -95.63128 -106.79187  11.7%  17.8 2536s
 144964 131461 -105.89884  387  262  -95.63128 -106.79179  11.7%  17.8 2566s
 146993 133116 -105.13503  515  218  -95.63128 -106.79179  11.7%  17.8 2590s
 148706 135149 -104.30576  627  194  -95.63128 -106.79179  11.7%  17.8 2618s
 150758 137625 -102.97169  758  156  -95.63128 -106.79178  11.7%  17.9 2642s
 153271 139903 -100.59453  929  112  -95.63128 -106.79178  11.7%  18.0 2671s
 155766 141682 -106.76353   50  465  -95.63128 -106.79132  11.7%  18.0 2696s
 157604 143618 -106.57814  174  368  -95.63128 -106.79132  11.7%  18.0 2723s
 159692 145475 -106.20951  309  285  -95.63128 -106.79132  11.7%  18.0 2746s
 161555 147537 -105.77031  430  244  -95.63128 -106.79132  11.7%  18.0 2766s
 163654 149303 -105.02183  548  208  -95.63128 -106.79132  11.7%  18.0 2788s
 165494 151672 -104.12920  654  185  -95.63128 -106.79132  11.7%  18.0 2818s
 167866 154628 -102.51139  805  141  -95.63128 -106.79132  11.7%  18.1 2839s
 171026 156636  -99.29745 1004   96  -95.63128 -106.79132  11.7%  18.2 2862s
 173087 158451 -106.74686   77  439  -95.63128 -106.79132  11.7%  18.2 2886s
 175026 160370 -106.61677  197  355  -95.63128 -106.79132  11.7%  18.1 2910s
 176971 162173 -106.37577  317  289  -95.63128 -106.79132  11.7%  18.1 2930s
 178834 163856 -105.87600  430  246  -95.63128 -106.79109  11.7%  18.1 2953s
 180523 165530 -105.17721  520  220  -95.63128 -106.79109  11.7%  18.2 2971s
 182255 167119 -104.06061  610  199  -95.63128 -106.79107  11.7%  18.2 2993s
 183844 168839 -102.94119  702  179  -95.63128 -106.79107  11.7%  18.3 3011s
 185787 170650 -100.45460  812  148  -95.63128 -106.79107  11.7%  18.4 3037s
 187664 172664 -106.77021   52  463  -95.63128 -106.79107  11.7%  18.5 3063s
 189764 174906 -106.60027  186  348  -95.63128 -106.79107  11.7%  18.5 3100s
 192089 177026 -106.29649  335  279  -95.63128 -106.79107  11.7%  18.5 3135s
 194262 178851 -105.66643  465  230  -95.63128 -106.79107  11.7%  18.6 3166s
 196087 181038 -104.72017  565  201  -95.63128 -106.79107  11.7%  18.6 3199s
 198297 181058 -102.79993  681  176  -95.63128 -106.79107  11.7%  18.7 3215s
 198317 181075 -102.79079  682  177  -95.63128 -106.79107  11.7%  18.7 3261s
 198340 181095 -102.76313  683  174  -95.63128 -106.79107  11.7%  18.7 3290s
 198360 181112 -102.73182  684  172  -95.63128 -106.79107  11.7%  18.7 3315s
 198383 181132 -102.71096  685  176  -95.63128 -106.79107  11.7%  18.7 3337s
 198403 181150 -102.67301  686  173  -95.63128 -106.79107  11.7%  18.7 3358s
 198425 181525 -102.64574  687  172  -95.63128 -106.79107  11.7%  18.8 3376s
 198882 183311 -101.85278  726  161  -95.63128 -106.79107  11.7%  18.8 3406s
 200813 185592  -97.91977  823  137  -95.63128 -106.79095  11.7%  18.9 3437s
 203273 187634 -106.68450  145  385  -95.63128 -106.79095  11.7%  18.8 3465s
 205351 188738 -106.50670  264  304  -95.63128 -106.79095  11.7%  18.9 3492s
 206501 191272 -106.32600  324  279  -95.63128 -106.79095  11.7%  18.9 3525s
 209035 193473 -105.51683  478  215  -95.63128 -106.79095  11.7%  18.9 3550s
 211236 195566 -104.20374  607  181  -95.63128 -106.79095  11.7%  19.0 3575s
 213483 198004 -100.92231  733  146  -95.63128 -106.79095  11.7%  19.2 3621s
 216164 200000 -106.68171  144  381  -95.63128 -106.79080  11.7%  19.3 3652s
 218245 202145 -106.50740  282  296  -95.63128 -106.79080  11.7%  19.3 3683s
 220436 204165 -106.14305  413  248  -95.63128 -106.79080  11.7%  19.3 3710s
 222498 205997 -105.42922  525  216  -95.63128 -106.79080  11.7%  19.3 3738s
 224442 207643 -104.35178  624  183  -95.63128 -106.79080  11.7%  19.3 3763s
 226209 209449 -102.80946  702  174  -95.63128 -106.79080  11.7%  19.3 3790s
 228069 211183 -100.36974  788  150  -95.63128 -106.79080  11.7%  19.4 3813s
 230086 213258 -106.74191   77  440  -95.63128 -106.79080  11.7%  19.4 3840s
 232283 214219 -106.57227  214  334  -95.63128 -106.79080  11.7%  19.4 3852s
 233244 216379 -106.51041  241  320  -95.63128 -106.79080  11.7%  19.4 3876s
 235486 218538 -106.11720  376  264  -95.63128 -106.79080  11.7%  19.4 3904s
 237684 220990 -105.42724  505  227  -95.63128 -106.79080  11.7%  19.4 3935s
 240234 223117 -103.93969  634  185  -95.63128 -106.79080  11.7%  19.4 3964s
 242370 225168 -101.25018  731  161  -95.63128 -106.79080  11.7%  19.5 3988s
 244716 227153 -106.78560   25  490  -95.63128 -106.79080  11.7%  19.5 4021s
 246701 228959 -106.73976   57  459  -95.63128 -106.79080  11.7%  19.6 4050s
 248591 230633 -106.69570   81  436  -95.63128 -106.79080  11.7%  19.6 4082s
 250413 232431 -106.66404  105  414  -95.63128 -106.79080  11.7%  19.5 4112s
 252324 234285 -106.61229  129  392  -95.63128 -106.79080  11.7%  19.5 4145s
 254319 236253 -106.54589  157  372  -95.63128 -106.79080  11.7%  19.4 4175s
 256301 238152 -106.50814  173  363  -95.63128 -106.79080  11.7%  19.4 4204s
 258200 239048 -106.45560  196  345  -95.63128 -106.79080  11.7%  19.4 4217s
 259096 240915 -106.44987  202  340  -95.63128 -106.79080  11.7%  19.4 4245s
 261023 243192 -106.39769  226  327  -95.63128 -106.79080  11.7%  19.4 4279s
 263468 245254 -106.32162  248  317  -95.63128 -106.79080  11.7%  19.4 4307s
 265555 247109 -106.24475  267  309  -95.63128 -106.79062  11.7%  19.3 4330s
 267410 249008 -106.18747  287  304  -95.63128 -106.79062  11.7%  19.3 4353s
 269381 250906 -106.12271  306  293  -95.63128 -106.79062  11.7%  19.3 4381s
 271279 252745 -105.96789  336  278  -95.63128 -106.79062  11.7%  19.3 4402s
 273118 254477 -105.85450  358  273  -95.63128 -106.79062  11.7%  19.4 4421s
 274852 256308 -105.78226  369  272  -95.63128 -106.79062  11.7%  19.4 4443s
 276847 258549 -105.65878  386  263  -95.63128 -106.79062  11.7%  19.5 4469s
 279212 260570 -105.55048  402  268  -95.63128 -106.79058  11.7%  19.5 4497s
 281233 260590 -105.43631  415  259  -95.63128 -106.79058  11.7%  19.5 4513s
 281253 260610 -105.45331  415  260  -95.63128 -106.79058  11.7%  19.5 4559s
 281273 260630 -105.41590  416  263  -95.63128 -106.79058  11.7%  19.5 4589s
 281293 260650 -105.44939  416  260  -95.63128 -106.79058  11.7%  19.5 4614s
 281313 260670 -105.44308  417  259  -95.63128 -106.79058  11.7%  19.5 4638s
 281333 260690 -105.41047  417  263  -95.63128 -106.79058  11.7%  19.5 4658s
 281353 261132 -105.40273  418  261  -95.63128 -106.79058  11.7%  19.5 4677s
 281795 262852 -105.44242  417  255  -95.63128 -106.79058  11.7%  19.5 4697s
 283587 264905 -105.35347  428  259  -95.63128 -106.79058  11.7%  19.5 4728s
 285640 266965 -105.17263  449  250  -95.63128 -106.79058  11.7%  19.6 4752s
 287700 268944 -105.03584  462  251  -95.63128 -106.79058  11.7%  19.6 4772s
 289767 270896 -104.86660  481  247  -95.63128 -106.79058  11.7%  19.7 4812s
 291884 272935 -104.67904  503  241  -95.63128 -106.79041  11.7%  19.8 4852s
 293977 274932 -104.43068  521  232  -95.63128 -106.79040  11.7%  19.8 4889s
 296009 276687 -104.21751  540  229  -95.63128 -106.79040  11.7%  19.8 4922s
 297820 278561 -104.04877  554  227  -95.63128 -106.79040  11.7%  19.8 4954s
 299822 280586 -103.89154  566  226  -95.63128 -106.79040  11.7%  19.8 4984s
 301847 282591 -103.75433  578  231  -95.63128 -106.79040  11.7%  19.8 5017s
 303907 284623 -103.60117  594  218  -95.63128 -106.79040  11.7%  19.8 5046s
 305939 286584 -103.39171  614  212  -95.63128 -106.79040  11.7%  19.9 5073s
 307929 288561 -103.14424  632  205  -95.63128 -106.79040  11.7%  19.9 5104s
 309939 290850 -102.98280  647  203  -95.63128 -106.79040  11.7%  20.0 5136s
 312250 292626 -102.72722  665  199  -95.63128 -106.79040  11.7%  20.1 5162s
 314117 294714 -102.43960  683  193  -95.63128 -106.79040  11.7%  20.1 5195s
 316253 296686 -102.05940  699  195  -95.63128 -106.79040  11.7%  20.2 5221s
 318345 298692 -101.87358  708  185  -95.63128 -106.79040  11.7%  20.2 5251s
 320413 300411 -101.48530  721  185  -95.63128 -106.79040  11.7%  20.3 5276s
 322383 302080 -101.27619  732  183  -95.63128 -106.79040  11.7%  20.3 5308s
 324052 304050 -100.75659  750  186  -95.63128 -106.79040  11.7%  20.3 5347s
 326108 305911 -100.57326  758  181  -95.63128 -106.79040  11.7%  20.4 5382s
 328080 307885 -100.36355  767  180  -95.63128 -106.79021  11.7%  20.4 5417s
 330054 310021  -99.97458  779  168  -95.63128 -106.79021  11.7%  20.4 5451s
 332259 312004  -99.41775  793  170  -95.63128 -106.79021  11.7%  20.5 5481s
 334314 314469  -98.70430  808  165  -95.63128 -106.79021  11.7%  20.5 5516s
 336835 316152  -98.27929  816  165  -95.63128 -106.79021  11.7%  20.5 5541s
 338520 317929  -97.86697  826  162  -95.63128 -106.79021  11.7%  20.5 5566s
 340437 320011  -96.82190  836  162  -95.63128 -106.79021  11.7%  20.6 5603s
 342531 321792  -96.36708  846  163  -95.63128 -106.79021  11.7%  20.6 5640s
 344487 323657  -95.68903  855  161  -95.63128 -106.79021  11.7%  20.7 5676s
 346612 325217 -106.75690   67  449  -95.63128 -106.79017  11.7%  20.7 5711s
 348283 327561 -106.68824  148  373  -95.63128 -106.79017  11.7%  20.7 5750s
 350772 329642 -106.42783  308  285  -95.63128 -106.79017  11.7%  20.6 5785s
 352899 331799 -105.90458  436  239  -95.63128 -106.79017  11.7%  20.6 5821s
 355155 333960 -104.88778  548  204  -95.63128 -106.79014  11.7%  20.6 5855s
 357336 334626 -103.39640  663  163  -95.63128 -106.79014  11.7%  20.6 5877s
 358054 334645 -102.57236  698  155  -95.63128 -106.79014  11.7%  20.6 5967s
 358075 336136 -102.56871  699  155  -95.63128 -106.79014  11.7%  20.6 6047s
 359796 343636 -100.42091  765  134  -95.63128 -106.79014  11.7%  20.7 6148s
 367726 346635 -106.30981  361  256  -95.63128 -106.79013  11.7%  20.6 6187s
 370739 348806 -104.99163  548  202  -95.63128 -106.79013  11.7%  20.6 6215s
 372934 351450 -103.33173  667  170  -95.63128 -106.79013  11.7%  20.6 6249s
 375766 354031 -106.78063   36  479  -95.63128 -106.79013  11.7%  20.7 6285s
 378480 356369 -106.57776  225  317  -95.63128 -106.79013  11.7%  20.6 6311s
 380882 359033 -106.25989  371  266  -95.63128 -106.79013  11.7%  20.6 6348s
 383546 360871 -105.33336  526  217  -95.63128 -106.79013  11.7%  20.7 6368s
 385448 362753 -104.19215  627  183  -95.63128 -106.79013  11.7%  20.7 6389s
 387470 364540 -101.81840  729  157  -95.63128 -106.79007  11.7%  20.7 6417s
 389513 366185 -106.78293   37  478  -95.63128 -106.79007  11.7%  20.8 6449s
 391304 368130 -106.73415   67  448  -95.63128 -106.78996  11.7%  20.8 6482s
 393381 370026 -106.67539  105  414  -95.63128 -106.78995  11.7%  20.8 6512s
 395392 372080 -106.61905  132  392  -95.63128 -106.78994  11.7%  20.7 6544s
 397446 373833 -106.55089  163  367  -95.63128 -106.78994  11.7%  20.7 6570s
 399199 375717 -106.49919  190  350  -95.63128 -106.78994  11.7%  20.7 6599s
 401119 377413 -106.43668  215  332  -95.63128 -106.78994  11.7%  20.7 6625s
 402971 379108 -106.38929  236  331  -95.63128 -106.78993  11.7%  20.8 6656s
 404717 381446 -106.35344  253  318  -95.63128 -106.78993  11.7%  20.7 6697s
 407067 383185 -106.27194  281  305  -95.63128 -106.78991  11.7%  20.7 6726s
 408806 385230 -106.24031  299  292  -95.63128 -106.78991  11.7%  20.7 6759s
 410851 387090 -106.11412  324  282  -95.63128 -106.78991  11.7%  20.7 6787s
 412739 389127 -106.07502  336  281  -95.63128 -106.78991  11.7%  20.8 6816s
 414864 390834 -105.96855  352  276  -95.63128 -106.78991  11.7%  20.8 6843s
 416743 392986 -105.87233  371  269  -95.63128 -106.78991  11.7%  20.8 6874s
 418953 394977 -105.70244  391  266  -95.63128 -106.78991  11.7%  20.8 6905s
 420984 396976 -105.63897  407  265  -95.63128 -106.78991  11.7%  20.8 6936s
 422985 398814 -105.51284  425  265  -95.63128 -106.78991  11.7%  20.8 6963s
 424907 400745 -105.42780  438  258  -95.63128 -106.78991  11.7%  20.8 6998s
 427022 402683 -105.29726  459  247  -95.63128 -106.78991  11.7%  20.9 7029s
 429094 405249 -105.14815  480  250  -95.63128 -106.78991  11.7%  20.8 7066s
 431671 406267 -104.96654  494  237  -95.63128 -106.78991  11.7%  20.8 7087s
 432761 408640 -104.90191  502  239  -95.63128 -106.78991  11.7%  20.8 7120s
 435134 410739 -104.62992  522  234  -95.63128 -106.78991  11.7%  20.8 7147s
 437233 412903 -104.40681  538  235  -95.63128 -106.78991  11.7%  20.8 7172s
 439428 412922 -104.26473  562  225  -95.63128 -106.78991  11.7%  20.8 7189s
 439449 412940 -104.25758  559  218  -95.63128 -106.78991  11.7%  20.8 7220s
 439471 412965 -104.23039  562  221  -95.63128 -106.78991  11.7%  20.8 7248s
 439500 413478 -104.23880  561  217  -95.63128 -106.78991  11.7%  20.8 7274s
 440013 414563 -104.25740  563  222  -95.63128 -106.78991  11.7%  20.8 7298s
 441155 415412 -104.25273  563  228  -95.63128 -106.78991  11.7%  20.8 7325s
 442051 416986 -104.24889  560  218  -95.63128 -106.78991  11.7%  20.8 7363s
 443695 419344 -104.22163  562  225  -95.63128 -106.78983  11.7%  20.8 7408s
 446053 421599 -104.10884  579  214  -95.63128 -106.78983  11.7%  20.8 7449s
 448351 423655 -103.77475  606  207  -95.63128 -106.78983  11.7%  20.8 7487s
 450627 424972 -103.50686  621  202  -95.63128 -106.78983  11.7%  20.8 7513s
 452039 427393 -103.16457  639  200  -95.63128 -106.78983  11.7%  20.8 7556s
 454484 429345 -102.84996  658  193  -95.63128 -106.78983  11.7%  20.8 7589s
 456436 431276 -102.64671  665  193  -95.63128 -106.78983  11.7%  20.8 7618s
 458367 433091 -102.59051  672  192  -95.63128 -106.78983  11.7%  20.8 7643s
 460182 435046 -102.22825  684  188  -95.63128 -106.78983  11.7%  20.8 7668s
 462137 436943 -102.08258  697  187  -95.63128 -106.78983  11.7%  20.8 7692s
 464202 438858 -101.78901  711  184  -95.63128 -106.78983  11.7%  20.8 7723s
 466177 440720 -101.39988  724  180  -95.63128 -106.78972  11.7%  20.8 7756s
 468039 442627 -101.03930  736  174  -95.63128 -106.78972  11.7%  20.8 7792s
 469946 444526 -100.77791  742  177  -95.63128 -106.78972  11.7%  20.8 7825s
 471845 446110 -100.58008  752  166  -95.63128 -106.78972  11.7%  20.9 7853s
 473429 447987 -100.37585  761  165  -95.63128 -106.78972  11.7%  20.9 7884s
 475356 450165  -99.62837  781  165  -95.63128 -106.78972  11.7%  20.9 7922s
 477604 451987  -99.04697  794  161  -95.63128 -106.78971  11.7%  20.9 7951s
 479468 454208  -98.50468  808  159  -95.63128 -106.78971  11.7%  21.0 7984s
 481689 456111  -97.70225  817  158  -95.63128 -106.78971  11.7%  21.0 8008s
 483648 458158  -95.78178  831  151  -95.63128 -106.78971  11.7%  21.0 8037s
 485718 460057 -106.65335  155  373  -95.63128 -106.78971  11.7%  21.0 8060s
 487623 461904 -106.39965  301  290  -95.63128 -106.78971  11.7%  21.0 8088s
 489547 463670 -105.87410  429  242  -95.63128 -106.78968  11.7%  21.1 8110s
 491604 465611 -104.94662  554  211  -95.63128 -106.78968  11.7%  21.1 8150s
 493620 467585 -103.30911  675  182  -95.63128 -106.78968  11.7%  21.1 8186s
 495596 469629 -100.95545  786  156  -95.63128 -106.78968  11.7%  21.1 8222s
 497797 471555 -106.76481   61  454  -95.63128 -106.78968  11.7%  21.1 8251s
 499790 473883 -106.60258  200  344  -95.63128 -106.78968  11.7%  21.1 8284s
 502176 475854 -106.21479  364  267  -95.63128 -106.78968  11.7%  21.1 8309s
 504147 477706 -105.59602  485  228  -95.63128 -106.78968  11.7%  21.1 8328s
 506146 479763 -104.53291  608  196  -95.63128 -106.78968  11.7%  21.2 8355s
 508328 479783 -102.40302  740  151  -95.63128 -106.78960  11.7%  21.2 8371s
 508348 479803 -102.37908  741  146  -95.63128 -106.78960  11.7%  21.2 8423s
 508368 479823 -102.35825  742  148  -95.63128 -106.78960  11.7%  21.2 8454s
 508388 479843 -102.30317  743  151  -95.63128 -106.78960  11.7%  21.2 8480s
 508408 479863 -102.29231  744  147  -95.63128 -106.78960  11.7%  21.2 8504s
 508428 479923 -102.27460  745  150  -95.63128 -106.78960  11.7%  21.2 8526s
 508488 480392 -102.23073  746  149  -95.63128 -106.78960  11.7%  21.2 8543s
 508957 481535 -102.21837  747  147  -95.63128 -106.78960  11.7%  21.2 8563s
 510100 482799 -101.53369  774  145  -95.63128 -106.78960  11.7%  21.2 8579s
 511496 483950 infeasible  828       -95.63128 -106.78960  11.7%  21.2 8596s
 512687 485952 -106.74630   63  452  -95.63128 -106.78960  11.7%  21.2 8623s
 514709 487320 -106.51343  194  346  -95.63128 -106.78960  11.7%  21.2 8644s
 516118 488556 -106.27380  286  300  -95.63128 -106.78960  11.7%  21.2 8669s
 517354 490670 -105.94979  371  264  -95.63128 -106.78960  11.7%  21.2 8705s
 519528 492787 -105.26187  501  224  -95.63128 -106.78960  11.7%  21.3 8743s
 521949 494454 -104.09803  647  170  -95.63128 -106.78960  11.7%  21.3 8774s
 523752 495732 -103.00663  741  148  -95.63128 -106.78960  11.7%  21.3 8795s
 525068 499092 -101.92966  811  127  -95.63128 -106.78960  11.7%  21.3 8830s
 528526 500366 -106.78863   25  490  -95.63128 -106.78960  11.7%  21.3 8849s
 529822 501912 -106.70343  101  415  -95.63128 -106.78960  11.7%  21.3 8870s
 531368 503922 -106.53752  196  346  -95.63128 -106.78960  11.7%  21.3 8889s
 533378 506562 -106.25250  292  286  -95.63128 -106.78960  11.7%  21.3 8909s
 536223 508454 -105.56531  445  224  -95.63128 -106.78960  11.7%  21.3 8937s
 538389 509866 -104.88260  552  199  -95.63128 -106.78958  11.7%  21.3 8957s
 539825 512948 -104.20179  617  179  -95.63128 -106.78958  11.7%  21.3 8989s
 543107 515368 -102.47660  788  137  -95.63128 -106.78958  11.7%  21.3 9014s
 545573 516828  -99.79290  979   98  -95.63128 -106.78958  11.7%  21.3 9031s
 547087 516991  -95.86373 1210   46  -95.63128 -106.78958  11.7%  21.3 9052s
 547301 536238 -106.74707   83  434  -95.63128 -106.78958  11.7%  21.3 9189s
 567301 537430 -106.40335  255  311  -95.63128 -106.78950  11.7%  21.3 9199s
 568493 538662 -106.22487  316  285  -95.63128 -106.78950  11.7%  21.3 9207s
 569725 539420 -106.02228  368  268  -95.63128 -106.78950  11.7%  21.4 9212s
 570483 542023 -105.89335  392  252  -95.63128 -106.78950  11.7%  21.4 9225s
 573184 542043 -105.43925  474  232  -95.63128 -106.78950  11.7%  21.4 9239s
 573204 542138 -105.43585  475  231  -95.63128 -106.78950  11.7%  21.4 9271s
 573299 543079 -105.43305  476  234  -95.63128 -106.78950  11.7%  21.4 9303s
 574321 544335 -105.42775  477  232  -95.63128 -106.78950  11.7%  21.4 9333s
H574323 541067                     -96.1033151 -106.78950  11.1%  21.4 9334s
H575664 540130                     -96.5703732 -106.78950  10.6%  21.3 9372s
 578759 543018 -104.18397  645  181  -96.57037 -106.78950  10.6%  21.3 9401s
 581767 546619 -102.56429  795  139  -96.57037 -106.78950  10.6%  21.4 9433s
 585469 549114  -98.77449 1062   75  -96.57037 -106.78950  10.6%  21.4 9455s
 588126 551374 -106.71893   95  423  -96.57037 -106.78950  10.6%  21.3 9482s
 590430 552600 -106.54427  224  317  -96.57037 -106.78938  10.6%  21.3 9497s
 591743 554609 -106.38798  299  286  -96.57037 -106.78937  10.6%  21.3 9524s
 593816 557516 -105.94622  410  240  -96.57037 -106.78937  10.6%  21.3 9560s
 596827 559264 -104.90098  554  208  -96.57037 -106.78937  10.6%  21.3 9582s
 598623 561244 -103.79053  638  179  -96.57037 -106.78937  10.6%  21.3 9606s
 600603 563195 -101.89767  737  147  -96.57037 -106.78937  10.6%  21.3 9628s
 602907 565381 infeasible  805       -96.57037 -106.78937  10.6%  21.3 9654s
 605230 567462 -106.66653  142  385  -96.57037 -106.78936  10.6%  21.3 9674s
 607341 569217 -106.48467  263  306  -96.57037 -106.78936  10.6%  21.3 9704s
 609140 571119 -106.16085  366  250  -96.57037 -106.78936  10.6%  21.3 9733s
 611042 572909 -105.53250  472  211  -96.57037 -106.78936  10.6%  21.3 9759s
 612832 575157 -104.62390  568  198  -96.57037 -106.78936  10.6%  21.3 9787s
 615182 576079 -103.21666  660  162  -96.57037 -106.78936  10.6%  21.3 9815s
 616258 577990 -102.31004  707  160  -96.57037 -106.78936  10.6%  21.3 9843s
 618429 580504  -98.72224  805  134  -96.57037 -106.78936  10.6%  21.3 9890s
 621332 580524 -106.72578   90  427  -96.57037 -106.78935  10.6%  21.3 9901s
 621352 580544 -106.72549   91  426  -96.57037 -106.78935  10.6%  21.3 9929s
 621372 580564 -106.72498   92  425  -96.57037 -106.78935  10.6%  21.3 9963s
 621392 580584 -106.72432   93  424  -96.57037 -106.78935  10.6%  21.3 9989s
 621412 580647 -106.72331   94  422  -96.57037 -106.78935  10.6%  21.3 10016s
 621475 580811 -106.72283   95  421  -96.57037 -106.78935  10.6%  21.3 10039s
 621639 581154 -106.72183   96  420  -96.57037 -106.78935  10.6%  21.3 10062s
 622011 582875 -106.72148   97  419  -96.57037 -106.78935  10.6%  21.3 10105s
 623748 585942 -106.72023   98  417  -96.57037 -106.78935  10.6%  21.3 10145s
 626815 588765 -106.42832  284  298  -96.57037 -106.78935  10.6%  21.3 10179s
 629744 591152 -105.70144  450  233  -96.57037 -106.78935  10.6%  21.3 10207s
 632143 593102 -104.44203  575  193  -96.57037 -106.78935  10.6%  21.3 10230s
 634397 595448 -102.78770  695  159  -96.57037 -106.78935  10.6%  21.3 10271s
 636923 597508 -106.77947   37  478  -96.57037 -106.78924  10.6%  21.3 10308s
H638415 597122                     -96.6193574 -106.78924  10.5%  21.3 10308s
H638983 598655                     -96.6618886 -106.78924  10.5%  21.3 10343s
H640944 600468                     -96.6768482 -106.78924  10.5%  21.3 10378s
 643088 602721 -106.62345  148  384  -96.67685 -106.78924  10.5%  21.3 10416s
 645343 605398 -106.55261  178  358  -96.67685 -106.78921  10.5%  21.3 10449s
 648020 607259 -106.52004  195  346  -96.67685 -106.78921  10.5%  21.3 10468s
 649972 609179 -106.48256  211  334  -96.67685 -106.78921  10.5%  21.3 10497s
 652004 611221 -106.42598  234  322  -96.67685 -106.78921  10.5%  21.3 10527s
 654180 613357 -106.36194  255  317  -96.67685 -106.78921  10.5%  21.2 10555s
 656348 615281 -106.31927  271  304  -96.67685 -106.78921  10.5%  21.2 10585s
 658384 617220 -106.27717  283  306  -96.67685 -106.78913  10.5%  21.2 10618s
 660323 619143 -106.18544  310  288  -96.67685 -106.78913  10.5%  21.2 10650s
 662256 620885 -106.12596  323  279  -96.67685 -106.78913  10.5%  21.2 10681s
 664194 623037 -106.06106  342  277  -96.67685 -106.78911  10.5%  21.2 10707s
 666458 625458 -106.01744  354  276  -96.67685 -106.78911  10.5%  21.2 10743s
 668931 627581 -105.91948  372  270  -96.67685 -106.78911  10.5%  21.1 10768s
 671054 629506 -105.83758  386  263  -96.67685 -106.78911  10.5%  21.1 10787s
 672979 630964 -105.80636  394  270  -96.67685 -106.78911  10.5%  21.1 10800s

Explored 674437 nodes (14249772 simplex iterations) in 10800.15 seconds (3065.50 work units)
Thread count was 20 (of 72 available processors)

Solution count 10: -96.6768 -96.6619 -96.6194 ... -95.0258

Time limit reached
Best objective -9.667684817244e+01, best bound -1.067891110199e+02, gap 10.4599%
final_gap is 0.10%
x[0]: 7.00 x[1]: -4.00 x[2]: -14.00 x[3]: -11.00 x[4]: -5.00 x[5]: -10.00 x[6]: 2.00 x[7]: -12.00 x[8]: -17.00 x[9]: -12.00 x[10]: -5.00 x[11]: 21.00 x[12]: 1.00 x[13]: -1.00 x[14]: -15.00 x[15]: -2.00 x[16]: -8.00 x[17]: -1.00 x[18]: -9.00 x[19]: -2.00 x[20]: -26.00 x[21]: 4.00 x[22]: -4.00 x[23]: -2.00 x[24]: -3.00 x[25]: -20.00 x[26]: -3.00 x[27]: -30.00 x[28]: -3.00 x[29]: -15.00 x[30]: -15.00 x[31]: 6.00 x[32]: 0.00 x[33]: 12.00 x[34]: -2.00 x[35]: -13.00 x[36]: -7.00 x[37]: -9.00 x[38]: 1.00 x[39]: -2.00 x[40]: 2.00 x[41]: 11.00 x[42]: -6.00 x[43]: -7.00 x[44]: -16.00 x[45]: 6.00 x[46]: -6.00 x[47]: -12.00 x[48]: -1.00 x[49]: -3.00 x[50]: -4.00 x[51]: -6.00 x[52]: 2.00 x[53]: 0.00 x[54]: -16.00 x[55]: -10.00 x[56]: -12.00 x[57]: 10.00 x[58]: 1.00 x[59]: 4.00 x[60]: -10.00 x[61]: -1.00 x[62]: -23.00 x[63]: 5.00 x[64]: -5.00 x[65]: -6.00 x[66]: -1.00 x[67]: -8.00 x[68]: 0.00 x[69]: -1.00 x[70]: -23.00 x[71]: 17.00 x[72]: -7.00 x[73]: -17.00 x[74]: -28.00 x[75]: -8.00 x[76]: -2.00 x[77]: -11.00 x[78]: -2.00 x[79]: -12.00 x[80]: 14.00 x[81]: -14.00 x[82]: 4.00 x[83]: -22.00 x[84]: -9.00 x[85]: -12.00 x[86]: 1.00 x[87]: 6.00 x[88]: -6.00 x[89]: -2.00 x[90]: -2.00 x[91]: -18.00 x[92]: -1.00 x[93]: -5.00 x[94]: 0.00 x[95]: -13.00 x[96]: -13.00 x[97]: -3.00 x[98]: -8.00 x[99]: -4.00 x[100]: -14.00 x[101]: -1.00 x[102]: -5.00 x[103]: -4.00 x[104]: 3.00 x[105]: -20.00 x[106]: 10.00 x[107]: -14.00 x[108]: -12.00 x[109]: -11.00 x[110]: -13.00 x[111]: 0.00 x[112]: 2.00 x[113]: -2.00 x[114]: 1.00 x[115]: -17.00 x[116]: -10.00 x[117]: 1.00 x[118]: -10.00 x[119]: -9.00 x[120]: -13.00 x[121]: 2.00 x[122]: 1.00 x[123]: -10.00 x[124]: -29.00 x[125]: -12.00 x[126]: -14.00 x[127]: -4.00 x[128]: -4.00 x[129]: -3.00 x[130]: 1.00 x[131]: 3.00 x[132]: 0.00 x[133]: -7.00 x[134]: 1.00 x[135]: -1.00 x[136]: -12.00 x[137]: -13.00 x[138]: -4.00 x[139]: -10.00 x[140]: 11.00 x[141]: -14.00 x[142]: -4.00 x[143]: -17.00 x[144]: 3.00 x[145]: -15.00 x[146]: -8.00 x[147]: -6.00 x[148]: -15.00 x[149]: 8.00 x[150]: -12.00 x[151]: -17.00 x[152]: -14.00 x[153]: -2.00 x[154]: 7.00 x[155]: -5.00 x[156]: -18.00 x[157]: -3.00 x[158]: 1.00 x[159]: -5.00 x[160]: -8.00 x[161]: -5.00 x[162]: -9.00 x[163]: 7.00 x[164]: -8.00 x[165]: -1.00 x[166]: 10.00 x[167]: -13.00 x[168]: -7.00 x[169]: -3.00 x[170]: -10.00 x[171]: -2.00 x[172]: -4.00 x[173]: -25.00 x[174]: -30.00 x[175]: -10.00 x[176]: -34.00 x[177]: -8.00 x[178]: 5.00 x[179]: -27.00 x[180]: -20.00 x[181]: -6.00 x[182]: -15.00 x[183]: -8.00 x[184]: -9.00 x[185]: -14.00 x[186]: 2.00 x[187]: -2.00 x[188]: -14.00 x[189]: 10.00 x[190]: -9.00 x[191]: -3.00 x[192]: 1.00 x[193]: -4.00 x[194]: -13.00 x[195]: -3.00 x[196]: -2.00 x[197]: -8.00 x[198]: -10.00 x[199]: -11.00 x[200]: -18.00 x[201]: -4.00 x[202]: -5.00 x[203]: 1.00 x[204]: -7.00 x[205]: 1.00 x[206]: -7.00 x[207]: -4.00 x[208]: -6.00 x[209]: 4.00 x[210]: -16.00 x[211]: -1.00 x[212]: -7.00 x[213]: 3.00 x[214]: -9.00 x[215]: -13.00 x[216]: -4.00 x[217]: -16.00 x[218]: -7.00 x[219]: -3.00 x[220]: -9.00 x[221]: 2.00 x[222]: -3.00 x[223]: 2.00 x[224]: -7.00 x[225]: -7.00 x[226]: -31.00 x[227]: 4.00 x[228]: -15.00 x[229]: -4.00 x[230]: 15.00 x[231]: -7.00 x[232]: -20.00 x[233]: 4.00 x[234]: -10.00 x[235]: 3.00 x[236]: -6.00 x[237]: -9.00 x[238]: -16.00 x[239]: -9.00 x[240]: 4.00 x[241]: 6.00 x[242]: -3.00 x[243]: 8.00 x[244]: 5.00 x[245]: 2.00 x[246]: 2.00 x[247]: -17.00 x[248]: -22.00 x[249]: -11.00 x[250]: -7.00 x[251]: -6.00 x[252]: 7.00 x[253]: -8.00 x[254]: -12.00 x[255]: 4.00 x[256]: 5.00 x[257]: -6.00 x[258]: -6.00 x[259]: -5.00 x[260]: -5.00 x[261]: -13.00 x[262]: -25.00 x[263]: -4.00 x[264]: -5.00 x[265]: -15.00 x[266]: -12.00 x[267]: -28.00 x[268]: -11.00 x[269]: 0.00 x[270]: 5.00 x[271]: -3.00 x[272]: -5.00 x[273]: 10.00 x[274]: -2.00 x[275]: -4.00 x[276]: -17.00 x[277]: 1.00 x[278]: -10.00 x[279]: 2.00 x[280]: -4.00 x[281]: -8.00 x[282]: -11.00 x[283]: -3.00 x[284]: 6.00 x[285]: -8.00 x[286]: 4.00 x[287]: -4.00 x[288]: 4.00 x[289]: -1.00 x[290]: 2.00 x[291]: 10.00 x[292]: -3.00 x[293]: -17.00 x[294]: 2.00 x[295]: -1.00 x[296]: 0.00 x[297]: -7.00 x[298]: 1.00 x[299]: 0.00 x[300]: -7.00 x[301]: -2.00 x[302]: -14.00 x[303]: 7.00 x[304]: -6.00 x[305]: -8.00 x[306]: -13.00 x[307]: -7.00 x[308]: -4.00 x[309]: -10.00 x[310]: 8.00 x[311]: -4.00 x[312]: -3.00 x[313]: 2.00 x[314]: -7.00 x[315]: -3.00 x[316]: -7.00 x[317]: -3.00 x[318]: 5.00 x[319]: -10.00 x[320]: -24.00 x[321]: -17.00 x[322]: -10.00 x[323]: 6.00 x[324]: 0.00 x[325]: -6.00 x[326]: -7.00 x[327]: -1.00 x[328]: -3.00 x[329]: 1.00 x[330]: -1.00 x[331]: 8.00 x[332]: -22.00 x[333]: -9.00 x[334]: -11.00 x[335]: -16.00 x[336]: -9.00 x[337]: -4.00 x[338]: -3.00 x[339]: -36.00 x[340]: 2.00 x[341]: 3.00 x[342]: -4.00 x[343]: -17.00 x[344]: -19.00 x[345]: -4.00 x[346]: -10.00 x[347]: -3.00 x[348]: -22.00 x[349]: 4.00 x[350]: -13.00 x[351]: -6.00 x[352]: -1.00 x[353]: -8.00 x[354]: -22.00 x[355]: -21.00 x[356]: 3.00 x[357]: 9.00 x[358]: -20.00 x[359]: -15.00 x[360]: 0.00 x[361]: 6.00 x[362]: -11.00 x[363]: -6.00 x[364]: -4.00 x[365]: -4.00 x[366]: -20.00 x[367]: -5.00 x[368]: -1.00 x[369]: -15.00 x[370]: -15.00 x[371]: -17.00 x[372]: -3.00 x[373]: -21.00 x[374]: -6.00 x[375]: -15.00 x[376]: 21.00 x[377]: 10.00 x[378]: -4.00 x[379]: -18.00 x[380]: -10.00 x[381]: -3.00 x[382]: 3.00 x[383]: -1.00 x[384]: 0.00 x[385]: -17.00 x[386]: -10.00 x[387]: -3.00 x[388]: -9.00 x[389]: -20.00 x[390]: -4.00 x[391]: 7.00 x[392]: -8.00 x[393]: -13.00 x[394]: 0.00 x[395]: 27.00 x[396]: -1.00 x[397]: -2.00 x[398]: -8.00 x[399]: -7.00 x[400]: -9.00 x[401]: 5.00 x[402]: -5.00 x[403]: -5.00 x[404]: -1.00 x[405]: -6.00 x[406]: -21.00 x[407]: -44.00 x[408]: 8.00 x[409]: -11.00 x[410]: -8.00 x[411]: -1.00 x[412]: -5.00 x[413]: 2.00 x[414]: 0.00 x[415]: -7.00 x[416]: -14.00 x[417]: -15.00 x[418]: -27.00 x[419]: 0.00 x[420]: 5.00 x[421]: -11.00 x[422]: -2.00 x[423]: 17.00 x[424]: 0.00 x[425]: -28.00 x[426]: 3.00 x[427]: -23.00 x[428]: -12.00 x[429]: -10.00 x[430]: -8.00 x[431]: 5.00 x[432]: 10.00 x[433]: 0.00 x[434]: -6.00 x[435]: -5.00 x[436]: 8.00 x[437]: -8.00 x[438]: 7.00 x[439]: 6.00 x[440]: -5.00 x[441]: -4.00 x[442]: -8.00 x[443]: 0.00 x[444]: -2.00 x[445]: -34.00 x[446]: 10.00 x[447]: -14.00 x[448]: -5.00 x[449]: -7.00 x[450]: -4.00 x[451]: 2.00 x[452]: -3.00 x[453]: -23.00 x[454]: -8.00 x[455]: -4.00 x[456]: -1.00 x[457]: -10.00 x[458]: -5.00 x[459]: 1.00 x[460]: 1.00 x[461]: -14.00 x[462]: -7.00 x[463]: -18.00 x[464]: -5.00 x[465]: -15.00 x[466]: 17.00 x[467]: 1.00 x[468]: -20.00 x[469]: -8.00 x[470]: -11.00 x[471]: -2.00 x[472]: -24.00 x[473]: -19.00 x[474]: -11.00 x[475]: -10.00 x[476]: -19.00 x[477]: -6.00 x[478]: 3.00 x[479]: -11.00 x[480]: -11.00 x[481]: -6.00 x[482]: -4.00 x[483]: -16.00 x[484]: 11.00 x[485]: 3.00 x[486]: -18.00 x[487]: -4.00 x[488]: -5.00 x[489]: 0.00 x[490]: 8.00 x[491]: -6.00 x[492]: -14.00 x[493]: 2.00 x[494]: -2.00 x[495]: -6.00 x[496]: -15.00 x[497]: 3.00 x[498]: -5.00 x[499]: -32.00 
Objective Value: -96.68
Elapsed Time: 10800.1549 sec

无可行解，所有约束违规量为零
输出违反约束的量

 80%|████████  | 4/5 [12:00:13<3:00:03, 10803.35s/it][0. 0. 0. 0. 0. 0. 0. 0. 0. 0. 0. 0. 0. 0. 0. 0. 0. 0. 0. 0. 0. 0. 0. 0.
 0. 0. 0. 0. 0. 0. 0. 0. 0. 0. 0. 0. 0. 0. 0. 0. 0. 0. 0. 0. 0. 0. 0. 0.
 0. 0. 0. 0. 0. 0. 0. 0. 0. 0. 0. 0. 0. 0. 0. 0. 0. 0. 0. 0. 0. 0. 0. 0.
 0. 0. 0. 0. 0. 0. 0. 0. 0. 0. 0. 0. 0. 0. 0. 0. 0. 0. 0. 0. 0. 0. 0. 0.
 0. 0. 0. 0. 0. 0. 0. 0. 0. 0. 0. 0. 0. 0. 0. 0. 0. 0. 0. 0. 0. 0. 0. 0.
 0. 0. 0. 0. 0. 0. 0. 0. 0. 0. 0. 0. 0. 0. 0. 0. 0. 0. 0. 0. 0. 0. 0. 0.
 0. 0. 0. 0. 0. 0. 0. 0. 0. 0. 0. 0. 0. 0. 0. 0. 0. 0. 0. 0. 0. 0. 0. 0.
 0. 0. 0. 0. 0. 0. 0. 0. 0. 0. 0. 0. 0. 0. 0. 0. 0. 0. 0. 0. 0. 0. 0. 0.
 0. 0. 0. 0. 0. 0. 0. 0. 0. 0. 0. 0. 0. 0. 0. 0. 0. 0. 0. 0. 0. 0. 0. 0.
 0. 0. 0. 0. 0. 0. 0. 0. 0. 0. 0. 0. 0. 0. 0. 0. 0. 0. 0. 0. 0. 0. 0. 0.
 0. 0. 0. 0. 0. 0. 0. 0. 0. 0. 0. 0. 0. 0. 0. 0. 0. 0. 0. 0. 0. 0. 0. 0.
 0. 0. 0. 0. 0. 0. 0. 0. 0. 0. 0. 0. 0. 0. 0. 0. 0. 0. 0. 0. 0. 0. 0. 0.
 0. 0. 0. 0. 0. 0. 0. 0. 0. 0. 0. 0. 0. 0. 0. 0. 0. 0. 0. 0. 0. 0. 0. 0.
 0. 0. 0. 0. 0. 0. 0. 0. 0. 0. 0. 0. 0. 0. 0. 0. 0. 0. 0. 0. 0. 0. 0. 0.
 0. 0. 0. 0. 0. 0. 0. 0. 0. 0. 0. 0. 0. 0. 0. 0. 0. 0. 0. 0. 0. 0. 0. 0.
 0. 0. 0. 0. 0. 0. 0. 0. 0. 0. 0. 0. 0. 0. 0. 0. 0. 0. 0. 0. 0. 0. 0. 0.
 0. 0. 0. 0. 0. 0. 0. 0. 0. 0. 0. 0. 0. 0. 0. 0. 0. 0. 0. 0. 0. 0. 0. 0.
 0. 0. 0. 0. 0. 0. 0. 0. 0. 0. 0. 0. 0. 0. 0. 0. 0. 0. 0. 0. 0. 0. 0. 0.
 0. 0. 0. 0. 0. 0. 0. 0. 0. 0. 0. 0. 0. 0. 0. 0. 0. 0. 0. 0. 0. 0. 0. 0.
 0. 0. 0. 0. 0. 0. 0. 0. 0. 0. 0. 0. 0. 0. 0. 0. 0. 0. 0. 0. 0. 0. 0. 0.
 0. 0. 0. 0. 0. 0. 0. 0. 0. 0. 0. 0. 0. 0. 0. 0. 0. 0. 0. 0.]
约束的个数: 500
Gurobi model disposed.
此时传入模型的b
[ 0.74078673  0.5577826   0.36769885 -0.11940084  0.32115805  0.25263453
 -0.68286616 -0.56131476  0.98022014  0.77233005  0.25713867 -0.50991696
 -0.06793416  0.8738444   0.61902565 -0.6237703  -0.06360981 -0.8376027
  0.7217797  -0.12483381  0.25274867 -0.10483472  0.6201001   0.08447705
 -0.72462463  0.3507171   0.18256477 -0.0118784  -0.38785854  0.68858385
 -0.48157248  0.3167128   0.99544525  0.42791414 -0.79364663 -0.26453307
  0.0556949  -0.6493628   0.7538822  -0.6398072   0.695464    0.64386743
  0.96516013 -0.5867778   0.18179652 -0.1378265  -0.52216274 -0.62940043
  0.52829456 -0.899041   -0.16196264  0.53411824  0.6552553   0.14502892
 -0.43888912 -0.6462149   0.5112626  -0.9173072  -0.27991596 -0.01729907
 -0.7581403  -0.8226861  -0.56252706  0.6237845   0.9439676  -0.6075634
 -0.70825285 -0.3329969  -0.7027439   0.93664736 -0.43887275 -0.8047327
 -0.10260263 -0.7336746  -0.7086347  -0.11160579  0.769711    0.06629131
  0.31700343  0.5204939   0.396552   -0.54851174 -0.0707064  -0.13542743
  0.7659867   0.21866111  0.11614721  0.99503225 -0.31966862  0.10878444
  0.4878543  -0.65742666  0.19149582 -0.08842072 -0.9460016   0.8671758
  0.8307033   0.917683   -0.80642426  0.4168228  -0.18895471  0.22723731
  0.66201746  0.14300646 -0.9511064  -0.7816345  -0.37709528 -0.9958615
  0.24720415 -0.37300867 -0.8299622   0.4688108   0.37278804  0.16064647
 -0.794588    0.9263533  -0.2713598  -0.1421026   0.46363    -0.482399
 -0.4790272   0.45879596 -0.802089   -0.21502325 -0.7670618  -0.6226048
 -0.6559365   0.49000862 -0.2999754   0.3537955  -0.87164944  0.7419038
 -0.43114036 -0.9588186   0.6548256   0.8175838  -0.00322997 -0.8646674
 -0.23133332  0.41441774 -0.55958164 -0.31591362  0.38248318 -0.1697675
 -0.01362669 -0.7343294   0.6165266  -0.2635228  -0.6929979  -0.26407582
 -0.47712034 -0.31378564 -0.5428521   0.2510007   0.99481404 -0.5399228
 -0.02402769  0.7684313   0.15185374 -0.0557195  -0.7943851  -0.5851339
 -0.14361914 -0.05719794  0.95348173 -0.03964117  0.5934586   0.7435561
  0.11450921 -0.5249205   0.13403812  0.34356195 -0.4697782   0.47077557
  0.634301    0.70290697 -0.64308584  0.8858219   0.30028024  0.43301123
 -0.8953851   0.08448125  0.3188627  -0.68050104 -0.96326077  0.5747591
  0.23964767 -0.64927    -0.06657936 -0.80721015  0.3971466  -0.89521605
 -0.6873726   0.48051947 -0.7426551  -0.04416035 -0.9632082  -0.6898754
  0.7059834  -0.21108463  0.7335348   0.11671314 -0.583986    0.4264592
  0.629888    0.771012    0.01443146 -0.6766025   0.7298944  -0.85451025
  0.7566649  -0.86159176  0.5777508   0.95182824 -0.56703067 -0.7725974
 -0.1449044  -0.43638003  0.5179243  -0.9129092  -0.4884007   0.36025745
  0.90535873 -0.7097965   0.01775732  0.43983492  0.41571778 -0.4264799
 -0.29373056  0.6673745  -0.0087854  -0.47051036 -0.6738777   0.2708952
 -0.96490574  0.62190956  0.9477373  -0.14021897  0.31164986 -0.21723518
  0.0012503  -0.7395003  -0.96671945 -0.914487    0.61428326  0.42415944
  0.3796843  -0.4079202   0.15803888  0.09980898  0.17673217 -0.25612274
 -0.00939431  0.30656737 -0.05018734 -0.4971234  -0.5139921   0.5262548
  0.15290962  0.01687475  0.74924964 -0.80328393 -0.34592178 -0.49404913
  0.6133874   0.26808062  0.3313016   0.9066174  -0.7440527   0.5686268
 -0.8978266  -0.23094316 -0.9634991  -0.05202743 -0.39193717  0.17725414
 -0.415281    0.641475   -0.0872473  -0.42186743 -0.9981836   0.16588092
  0.649206   -0.849617    0.25238582  0.31476286  0.6820145  -0.7737674
 -0.26774025  0.6857354  -0.50811315 -0.03686607  0.37451872  0.80741197
  0.01068279  0.98084986 -0.2897514  -0.73555905 -0.15837005 -0.6708207
 -0.31362566  0.3456456   0.54142666  0.7053277  -0.74656874  0.1942833
  0.83563924  0.5253606   0.36577997 -0.76069415 -0.30037534  0.6331799
  0.7565606   0.9415233   0.48589793  0.4355823  -0.8343574  -0.3449654
  0.473173   -0.11560024 -0.61166227  0.68730605 -0.21758574 -0.6469361
 -0.5527601  -0.8342865   0.13783415 -0.5422026  -0.28801253  0.3293532
  0.4269947   0.22061445 -0.83247465 -0.1904966  -0.5790264   0.900708
  0.48873144 -0.827067   -0.85307664 -0.5139707   0.9652129  -0.03296125
 -0.35089913  0.5310557  -0.89316446  0.04887888 -0.429587   -0.42406964
  0.68819803 -0.73618215  0.10885435  0.24870661  0.92831767  0.9445853
  0.22677173 -0.50886613 -0.8623     -0.7612485  -0.11988553  0.36468738
  0.00371288 -0.11749112 -0.36653516  0.6829459  -0.09236623  0.37256607
  0.12088475 -0.6129741   0.874693    0.21073058 -0.11832295  0.55279875
 -0.7361627   0.26424974 -0.18444121 -0.3833083  -0.8936953   0.916778
  0.89467585  0.8653867   0.13457482  0.16066724 -0.04876891 -0.6315805
 -0.379556    0.34176913 -0.05256819  0.5782605  -0.40165403 -0.7868661
 -0.108805    0.09345417 -0.99029714 -0.00316661 -0.1386758  -0.69698334
  0.5069216   0.30894014 -0.37400392 -0.4823898  -0.32736272  0.37411174
  0.38738152  0.6057463  -0.28150237  0.2570017   0.97508717 -0.93422186
 -0.62035644  0.9244511   0.3746156   0.5064277  -0.20689961 -0.72475463
  0.9268029  -0.87184376  0.49151942  0.5748843   0.3101853   0.13239451
 -0.15028565 -0.18658605 -0.29875404  0.8410194   0.48746958  0.6684288
 -0.29245156 -0.8741326  -0.9936715  -0.04076212  0.85768133  0.05701097
  0.78358716  0.78082347 -0.08805128  0.97542024  0.30349275 -0.0174478
 -0.12505326  0.69317544  0.19924143  0.80225617  0.19141626  0.94224685
 -0.47284225  0.32818195 -0.59855425  0.72490025 -0.4509836   0.9413474
  0.18985508 -0.71267146  0.4704931   0.0332524  -0.35168248  0.29398704
 -0.31589848  0.06825087  0.84242773 -0.2321328  -0.1435735   0.9874594
  0.90790725  0.30468976 -0.41273698  0.51985383 -0.9443372  -0.43236136
  0.8714746  -0.45703307 -0.30444148 -0.00964128 -0.40760866 -0.9157751
  0.3941519  -0.8998719  -0.44833595 -0.41252905 -0.04605637  0.3826944
  0.6967746   0.5465284  -0.04117915 -0.9055542   0.11894086 -0.03255118
  0.9604126  -0.7526604  -0.8163847   0.2530408  -0.66646683 -0.14471269
 -0.39691284 -0.97830415 -0.6937412   0.03437653 -0.36300707 -0.07093383
 -0.6444739   0.93470675]
======================================================
Solve MINLP problem:
[[0.00294665 0.         0.         ... 0.         0.         0.        ]
 [0.         0.00530587 0.         ... 0.         0.         0.        ]
 [0.         0.         0.00191521 ... 0.         0.         0.        ]
 ...
 [0.         0.         0.         ... 0.00036931 0.         0.        ]
 [0.         0.         0.         ... 0.         0.00864608 0.        ]
 [0.         0.         0.         ... 0.         0.         0.0002159 ]]
[0.00133922 0.08177239 0.02510362 0.05407345 0.0584661  0.06953505
 0.0572123  0.03969068 0.0244073  0.07791699 0.04997084 0.01213402
 0.06808288 0.0112906  0.03857721 0.06185987 0.07575615 0.04951519
 0.05330309 0.06762374 0.08010294 0.02096921 0.02583031 0.02608824
 0.05500534 0.08229287 0.01873222 0.06601226 0.01353801 0.02233934
 0.06650325 0.01563992 0.01025159 0.05748777 0.0352567  0.08438829
 0.03763755 0.02197414 0.04864225 0.09976746 0.00181751 0.00729885
 0.08754292 0.03216953 0.02603403 0.05598473 0.05248588 0.04908028
 0.04183061 0.05945832 0.04630717 0.06185976 0.02284373 0.01333738
 0.07422781 0.0538897  0.06085712 0.0611719  0.07460422 0.0845935
 0.00725107 0.04313434 0.04728378 0.06317844 0.06107105 0.0358849
 0.03265345 0.00307268 0.03492641 0.00220235 0.07327128 0.0157121
 0.02361114 0.05673034 0.09645324 0.05110158 0.06613662 0.02328464
 0.07959891 0.09027635 0.06257487 0.08225257 0.01248787 0.08656734
 0.02557825 0.02754175 0.03855789 0.08877995 0.03626134 0.00023315
 0.00387181 0.04408163 0.03452555 0.09239139 0.06734281 0.01021451
 0.05867741 0.0515583  0.06876298 0.03105892 0.05197503 0.0049388
 0.06264219 0.08953422 0.05860403 0.07815534 0.03476151 0.00306742
 0.08422802 0.00581519 0.0843923  0.00774878 0.0132233  0.09230754
 0.04921892 0.04722613 0.08399801 0.06804495 0.07964862 0.07986401
 0.06359439 0.04765696 0.05138381 0.03877611 0.05708265 0.02026126
 0.09548149 0.02687087 0.02772522 0.07923771 0.03475723 0.03359557
 0.00400404 0.09081151 0.02953911 0.04516075 0.04593805 0.07474501
 0.00706981 0.07728628 0.04100942 0.07414747 0.05794287 0.09270067
 0.00499511 0.06015323 0.04723491 0.07328196 0.08622323 0.07708847
 0.00772451 0.04070049 0.05042961 0.02967686 0.04229219 0.01438626
 0.07556076 0.06884494 0.03621866 0.09768255 0.07451063 0.08162189
 0.03265578 0.00066749 0.03712253 0.07146835 0.02995036 0.08405409
 0.03584627 0.07842178 0.06781245 0.02518036 0.06832849 0.07154936
 0.09606445 0.08637938 0.08172043 0.02333243 0.05890263 0.07351509
 0.09244427 0.07091198 0.07420116 0.06281726 0.03615584 0.08071931
 0.05708791 0.03514295 0.04337441 0.02101509 0.0636107  0.03513254
 0.03402702 0.02087314 0.07591831 0.07796393 0.0382953  0.03873887
 0.08548603 0.09315812 0.07185882 0.06257971 0.07543251 0.08081806
 0.06399422 0.04348634 0.06746841 0.03374991 0.01661944 0.02442329
 0.00567911 0.0475542  0.08633873 0.05100447 0.06934462 0.08680323
 0.09878164 0.08082736 0.09100773 0.09516713 0.09612457 0.03745898
 0.04359444 0.05694872 0.04626932 0.09445095 0.0836615  0.0013266
 0.0441172  0.05260435 0.06512218 0.09733626 0.0528653  0.02258527
 0.07674533 0.00949805 0.01788375 0.06693704 0.08226266 0.01638301
 0.01801214 0.0003151  0.05238591 0.05562263 0.069318   0.04074037
 0.00111452 0.05069197 0.09800315 0.04777785 0.02962359 0.05721144
 0.08420964 0.05887146 0.08433907 0.0409551  0.01031315 0.05571807
 0.03922759 0.07541025 0.09809351 0.09857075 0.09086422 0.03109582
 0.08274066 0.08056854 0.05166704 0.07578351 0.04382434 0.01477322
 0.01130025 0.03397862 0.0440002  0.00382547 0.0405858  0.05992139
 0.07180629 0.03076267 0.05439422 0.05595874 0.06127391 0.06153024
 0.04960326 0.08374212 0.01123874 0.05504487 0.05397648 0.00527283
 0.0132057  0.01910609 0.00592752 0.09450579 0.06426141 0.03605839
 0.06962132 0.04120773 0.07159304 0.04223442 0.08767316 0.08335783
 0.0442676  0.05137423 0.0191519  0.03084932 0.05612969 0.08326521
 0.09981613 0.04975683 0.00667542 0.09734665 0.06632399 0.0095614
 0.03448687 0.02514818 0.03820351 0.07851758 0.0562359  0.0322804
 0.02424905 0.05365921 0.05166194 0.00103395 0.05248943 0.03413897
 0.00321797 0.0135666  0.05104997 0.03297562 0.09515222 0.02353217
 0.08770565 0.05819153 0.07880408 0.06048169 0.08510414 0.07834791
 0.09723876 0.08982619 0.00141041 0.06491263 0.08322218 0.07945705
 0.06314119 0.07815998 0.09043522 0.00194805 0.09838504 0.00719455
 0.09940301 0.01675928 0.05358797 0.09972834 0.05633487 0.02203558
 0.04122514 0.05621719 0.02949358 0.00323306 0.045841   0.0864933
 0.0861266  0.02458368 0.05032549 0.05070931 0.04436682 0.00033209
 0.05000338 0.04556979 0.04066138 0.05734781 0.07779707 0.07503536
 0.03979888 0.05546754 0.0510734  0.07288759 0.0038776  0.09143401
 0.00533113 0.0631238  0.0822524  0.04454337 0.03013635 0.04701835
 0.03351121 0.04578329 0.09128481 0.06656726 0.03954722 0.03178628
 0.04299563 0.00019806 0.09570965 0.06161056 0.02724723 0.05609425
 0.04883717 0.02848462 0.02782634 0.05688568 0.02571337 0.0311811
 0.00272871 0.04378882 0.08420307 0.07772633 0.05852183 0.08166751
 0.00029335 0.07850384 0.09362274 0.05035981 0.0552622  0.00116196
 0.02389757 0.06385213 0.06298134 0.06436209 0.06114441 0.0239408
 0.01367103 0.02360204 0.02809949 0.04488965 0.07335366 0.06448454
 0.00896222 0.04484223 0.00286915 0.07755604 0.04794993 0.01262589
 0.0178823  0.05907873 0.00489121 0.01276896 0.02016645 0.05318037
 0.01977345 0.04140443 0.04665961 0.041359   0.05992908 0.0777708
 0.061222   0.07758379 0.02049927 0.06980975 0.00542676 0.01413459
 0.00570196 0.01199475 0.03469513 0.07083954 0.0605495  0.05667881
 0.02657863 0.07266255 0.00528351 0.00801001 0.03527261 0.09968004
 0.03065466 0.07958693 0.05965904 0.07281371 0.00461331 0.02969448
 0.05310453 0.00169754 0.02180899 0.04461533 0.05286625 0.04501398
 0.06021779 0.08571979 0.04486718 0.05069914 0.00407421 0.07037332
 0.06241258 0.01858998 0.03386769 0.01501927 0.01143804 0.01308397
 0.07770566 0.00100339 0.08206587 0.09505336 0.05697101 0.07545044
 0.07674267 0.00739541 0.07841799 0.01024942 0.02098656 0.01792223
 0.01914838 0.03251976]
[[-0.05174188  0.09723156 -0.02041709 ...  0.20673279 -0.0414435
   0.0362385 ]
 [ 0.03663959 -0.19775092  0.05117836 ...  0.06210294  0.14739006
   0.04037151]
 [ 0.08735605 -0.10103314  0.03549017 ... -0.00663709  0.05049992
  -0.04427324]
 ...
 [-0.12178913  0.00677205  0.09318566 ...  0.1984211  -0.09827667
  -0.03660177]
 [ 0.03619071 -0.08138609  0.12245426 ...  0.09280058 -0.24994393
   0.13769932]
 [ 0.12697229  0.13147694  0.10654318 ...  0.02334976  0.05295595
   0.03927171]]
此时输入模型的b
[0.74078673, 0.5577826, 0.36769885, -0.11940084, 0.32115805, 0.25263453, -0.68286616, -0.56131476, 0.98022014, 0.77233005, 0.25713867, -0.50991696, -0.06793416, 0.8738444, 0.61902565, -0.6237703, -0.06360981, -0.8376027, 0.7217797, -0.124833815, 0.25274867, -0.10483472, 0.6201001, 0.08447705, -0.72462463, 0.3507171, 0.18256477, -0.011878399, -0.38785854, 0.68858385, -0.48157248, 0.3167128, 0.99544525, 0.42791414, -0.79364663, -0.26453307, 0.055694904, -0.6493628, 0.7538822, -0.6398072, 0.695464, 0.64386743, 0.96516013, -0.5867778, 0.18179652, -0.1378265, -0.52216274, -0.62940043, 0.52829456, -0.899041, -0.16196264, 0.53411824, 0.6552553, 0.14502892, -0.43888912, -0.6462149, 0.5112626, -0.9173072, -0.27991596, -0.017299075, -0.7581403, -0.8226861, -0.56252706, 0.6237845, 0.9439676, -0.6075634, -0.70825285, -0.3329969, -0.7027439, 0.93664736, -0.43887275, -0.8047327, -0.10260263, -0.7336746, -0.7086347, -0.111605786, 0.769711, 0.06629131, 0.31700343, 0.5204939, 0.396552, -0.54851174, -0.070706405, -0.13542743, 0.7659867, 0.21866111, 0.116147205, 0.99503225, -0.31966862, 0.108784445, 0.4878543, -0.65742666, 0.19149582, -0.08842072, -0.9460016, 0.8671758, 0.8307033, 0.917683, -0.80642426, 0.4168228, -0.18895471, 0.22723731, 0.66201746, 0.14300646, -0.9511064, -0.7816345, -0.37709528, -0.9958615, 0.24720415, -0.37300867, -0.8299622, 0.4688108, 0.37278804, 0.16064647, -0.794588, 0.9263533, -0.2713598, -0.1421026, 0.46363, -0.482399, -0.4790272, 0.45879596, -0.802089, -0.21502325, -0.7670618, -0.6226048, -0.6559365, 0.49000862, -0.2999754, 0.3537955, -0.87164944, 0.7419038, -0.43114036, -0.9588186, 0.6548256, 0.8175838, -0.0032299655, -0.8646674, -0.23133332, 0.41441774, -0.55958164, -0.31591362, 0.38248318, -0.1697675, -0.013626691, -0.7343294, 0.6165266, -0.2635228, -0.6929979, -0.26407582, -0.47712034, -0.31378564, -0.5428521, 0.2510007, 0.99481404, -0.5399228, -0.024027694, 0.7684313, 0.15185374, -0.055719502, -0.7943851, -0.5851339, -0.14361914, -0.05719794, 0.95348173, -0.03964117, 0.5934586, 0.7435561, 0.11450921, -0.5249205, 0.13403812, 0.34356195, -0.4697782, 0.47077557, 0.634301, 0.70290697, -0.64308584, 0.8858219, 0.30028024, 0.43301123, -0.8953851, 0.08448125, 0.3188627, -0.68050104, -0.96326077, 0.5747591, 0.23964767, -0.64927, -0.06657936, -0.80721015, 0.3971466, -0.89521605, -0.6873726, 0.48051947, -0.7426551, -0.044160347, -0.9632082, -0.6898754, 0.7059834, -0.21108463, 0.7335348, 0.116713144, -0.583986, 0.4264592, 0.629888, 0.771012, 0.014431456, -0.6766025, 0.7298944, -0.85451025, 0.7566649, -0.86159176, 0.5777508, 0.95182824, -0.56703067, -0.7725974, -0.1449044, -0.43638003, 0.5179243, -0.9129092, -0.4884007, 0.36025745, 0.90535873, -0.7097965, 0.017757315, 0.43983492, 0.41571778, -0.4264799, -0.29373056, 0.6673745, -0.008785404, -0.47051036, -0.6738777, 0.2708952, -0.96490574, 0.62190956, 0.9477373, -0.14021897, 0.31164986, -0.21723518, 0.0012502995, -0.7395003, -0.96671945, -0.914487, 0.61428326, 0.42415944, 0.3796843, -0.4079202, 0.15803888, 0.099808976, 0.17673217, -0.25612274, -0.009394311, 0.30656737, -0.05018734, -0.4971234, -0.5139921, 0.5262548, 0.15290962, 0.016874755, 0.74924964, -0.80328393, -0.34592178, -0.49404913, 0.6133874, 0.26808062, 0.3313016, 0.9066174, -0.7440527, 0.5686268, -0.8978266, -0.23094316, -0.9634991, -0.052027427, -0.39193717, 0.17725414, -0.415281, 0.641475, -0.0872473, -0.42186743, -0.9981836, 0.16588092, 0.649206, -0.849617, 0.25238582, 0.31476286, 0.6820145, -0.7737674, -0.26774025, 0.6857354, -0.50811315, -0.03686607, 0.37451872, 0.80741197, 0.010682791, 0.98084986, -0.2897514, -0.73555905, -0.15837005, -0.6708207, -0.31362566, 0.3456456, 0.54142666, 0.7053277, -0.74656874, 0.1942833, 0.83563924, 0.5253606, 0.36577997, -0.76069415, -0.30037534, 0.6331799, 0.7565606, 0.9415233, 0.48589793, 0.4355823, -0.8343574, -0.3449654, 0.473173, -0.11560024, -0.61166227, 0.68730605, -0.21758574, -0.6469361, -0.5527601, -0.8342865, 0.13783415, -0.5422026, -0.28801253, 0.3293532, 0.4269947, 0.22061445, -0.83247465, -0.1904966, -0.5790264, 0.900708, 0.48873144, -0.827067, -0.85307664, -0.5139707, 0.9652129, -0.032961246, -0.35089913, 0.5310557, -0.89316446, 0.04887888, -0.429587, -0.42406964, 0.68819803, -0.73618215, 0.108854346, 0.24870661, 0.92831767, 0.9445853, 0.22677173, -0.50886613, -0.8623, -0.7612485, -0.11988553, 0.36468738, 0.0037128818, -0.11749112, -0.36653516, 0.6829459, -0.092366226, 0.37256607, 0.12088475, -0.6129741, 0.874693, 0.21073058, -0.118322946, 0.55279875, -0.7361627, 0.26424974, -0.18444121, -0.3833083, -0.8936953, 0.916778, 0.89467585, 0.8653867, 0.13457482, 0.16066724, -0.048768908, -0.6315805, -0.379556, 0.34176913, -0.05256819, 0.5782605, -0.40165403, -0.7868661, -0.108805, 0.09345417, -0.99029714, -0.0031666073, -0.1386758, -0.69698334, 0.5069216, 0.30894014, -0.37400392, -0.4823898, -0.32736272, 0.37411174, 0.38738152, 0.6057463, -0.28150237, 0.2570017, 0.97508717, -0.93422186, -0.62035644, 0.9244511, 0.3746156, 0.5064277, -0.20689961, -0.72475463, 0.9268029, -0.87184376, 0.49151942, 0.5748843, 0.3101853, 0.13239451, -0.15028565, -0.18658605, -0.29875404, 0.8410194, 0.48746958, 0.6684288, -0.29245156, -0.8741326, -0.9936715, -0.040762123, 0.85768133, 0.057010967, 0.78358716, 0.78082347, -0.08805128, 0.97542024, 0.30349275, -0.017447798, -0.12505326, 0.69317544, 0.19924143, 0.80225617, 0.19141626, 0.94224685, -0.47284225, 0.32818195, -0.59855425, 0.72490025, -0.4509836, 0.9413474, 0.18985508, -0.71267146, 0.4704931, 0.033252403, -0.35168248, 0.29398704, -0.31589848, 0.06825087, 0.84242773, -0.2321328, -0.1435735, 0.9874594, 0.90790725, 0.30468976, -0.41273698, 0.51985383, -0.9443372, -0.43236136, 0.8714746, -0.45703307, -0.30444148, -0.009641284, -0.40760866, -0.9157751, 0.3941519, -0.8998719, -0.44833595, -0.41252905, -0.046056367, 0.3826944, 0.6967746, 0.5465284, -0.041179147, -0.9055542, 0.11894086, -0.032551177, 0.9604126, -0.7526604, -0.8163847, 0.2530408, -0.66646683, -0.14471269, -0.39691284, -0.97830415, -0.6937412, 0.03437653, -0.36300707, -0.070933826, -0.6444739, 0.93470675]
已作为Gurobi初始解
此时传入求解器的初始解为：
[7.0, -3.0, -14.0, -11.0, -3.0, -10.0, 2.0, -13.0, -18.0, -12.0, -4.0, 21.0, 3.0, -1.0, -16.0, -1.0, -7.0, -1.0, -9.0, -2.0, -26.0, 4.0, -3.0, -1.0, -3.0, -18.0, -3.0, -29.0, -4.0, -17.0, -15.0, 6.0, 0.0, 12.0, -2.0, -12.0, -7.0, -9.0, 1.0, -1.0, 3.0, 11.0, -6.0, -6.0, -16.0, 7.0, -7.0, -12.0, -1.0, -2.0, -3.0, -6.0, 3.0, 2.0, -16.0, -11.0, -13.0, 11.0, 2.0, 4.0, -10.0, 0.0, -24.0, 5.0, -5.0, -6.0, -1.0, -8.0, 0.0, -1.0, -23.0, 17.0, -9.0, -17.0, -27.0, -9.0, -2.0, -12.0, -1.0, -13.0, 14.0, -13.0, 5.0, -23.0, -11.0, -12.0, 0.0, 6.0, -8.0, -3.0, -1.0, -19.0, -1.0, -6.0, 1.0, -13.0, -13.0, -3.0, -8.0, -3.0, -15.0, -1.0, -5.0, -2.0, 4.0, -20.0, 11.0, -14.0, -11.0, -12.0, -14.0, 2.0, 2.0, -1.0, 1.0, -17.0, -10.0, 1.0, -9.0, -10.0, -14.0, 3.0, 2.0, -12.0, -28.0, -14.0, -14.0, -4.0, -5.0, -2.0, 1.0, 3.0, 0.0, -7.0, 0.0, -1.0, -12.0, -14.0, -3.0, -10.0, 11.0, -14.0, -4.0, -14.0, 3.0, -15.0, -9.0, -6.0, -15.0, 8.0, -12.0, -17.0, -14.0, -2.0, 7.0, -5.0, -18.0, -3.0, 0.0, -5.0, -7.0, -5.0, -9.0, 7.0, -8.0, -1.0, 10.0, -13.0, -8.0, -3.0, -9.0, -3.0, -4.0, -26.0, -30.0, -10.0, -34.0, -8.0, 5.0, -27.0, -21.0, -6.0, -15.0, -8.0, -10.0, -14.0, 3.0, -4.0, -15.0, 10.0, -10.0, -1.0, 1.0, -4.0, -13.0, -2.0, -2.0, -9.0, -10.0, -10.0, -19.0, -4.0, -5.0, 3.0, -7.0, 1.0, -6.0, -5.0, -7.0, 4.0, -16.0, -1.0, -7.0, 4.0, -11.0, -13.0, -3.0, -16.0, -7.0, -2.0, -9.0, 2.0, -1.0, 3.0, -7.0, -7.0, -29.0, 4.0, -15.0, -4.0, 16.0, -7.0, -20.0, 4.0, -11.0, 4.0, -5.0, -9.0, -17.0, -9.0, 4.0, 6.0, -4.0, 8.0, 5.0, 2.0, 2.0, -17.0, -22.0, -11.0, -9.0, -7.0, 7.0, -8.0, -11.0, 4.0, 5.0, -6.0, -6.0, -5.0, -5.0, -13.0, -25.0, -4.0, -5.0, -15.0, -12.0, -29.0, -11.0, 0.0, 6.0, -3.0, -5.0, 10.0, -1.0, -4.0, -17.0, 1.0, -10.0, 2.0, -4.0, -8.0, -10.0, -3.0, 7.0, -8.0, 4.0, -4.0, 4.0, -1.0, 3.0, 10.0, -3.0, -18.0, 2.0, 0.0, 0.0, -7.0, 2.0, 0.0, -8.0, -1.0, -13.0, 7.0, -6.0, -10.0, -12.0, -7.0, -5.0, -11.0, 9.0, -4.0, -1.0, 2.0, -7.0, -3.0, -8.0, -3.0, 6.0, -11.0, -23.0, -19.0, -9.0, 6.0, 0.0, -6.0, -7.0, -2.0, -3.0, 1.0, -1.0, 8.0, -23.0, -8.0, -12.0, -16.0, -9.0, -4.0, -3.0, -36.0, 2.0, 3.0, -4.0, -17.0, -19.0, -4.0, -11.0, -2.0, -22.0, 4.0, -14.0, -6.0, -1.0, -8.0, -22.0, -21.0, 4.0, 9.0, -20.0, -15.0, 0.0, 7.0, -10.0, -6.0, -4.0, -4.0, -18.0, -5.0, -1.0, -16.0, -16.0, -16.0, -3.0, -20.0, -5.0, -14.0, 22.0, 10.0, -4.0, -19.0, -9.0, -3.0, 3.0, -1.0, 0.0, -17.0, -10.0, -2.0, -10.0, -19.0, -4.0, 8.0, -8.0, -14.0, 0.0, 26.0, 0.0, -3.0, -8.0, -7.0, -9.0, 5.0, -7.0, -5.0, -1.0, -6.0, -23.0, -44.0, 9.0, -11.0, -7.0, -1.0, -4.0, 4.0, 0.0, -7.0, -13.0, -16.0, -28.0, -1.0, 5.0, -11.0, -3.0, 17.0, 0.0, -29.0, 4.0, -21.0, -12.0, -10.0, -8.0, 6.0, 10.0, 0.0, -6.0, -5.0, 8.0, -8.0, 7.0, 6.0, -5.0, -4.0, -8.0, 1.0, -2.0, -34.0, 10.0, -14.0, -5.0, -7.0, -4.0, 2.0, -3.0, -23.0, -8.0, -4.0, -1.0, -10.0, -4.0, 1.0, 1.0, -15.0, -7.0, -18.0, -5.0, -15.0, 17.0, 1.0, -20.0, -8.0, -11.0, -2.0, -24.0, -19.0, -10.0, -10.0, -19.0, -6.0, 4.0, -11.0, -11.0, -6.0, -6.0, -16.0, 11.0, 3.0, -19.0, -4.0, -5.0, 0.0, 8.0, -6.0, -14.0, 2.0, -2.0, -6.0, -15.0, 3.0, -5.0, -33.0]
======================================================
Solve MINLP problem:
初始化solution
初始解违反约束的程度是
(array([0, 0, 0, 0, 0, 0, 0, 0, 0, 0, 0, 0, 0, 0, 0, 0, 0, 0, 0, 0, 0, 0,
       0, 0, 0, 0, 0, 0, 0, 0, 0, 0, 0, 0, 0, 0, 0, 0, 0, 0, 0, 0, 0, 0,
       0, 0, 0, 0, 0, 0, 0, 0, 0, 0, 0, 0, 0, 0, 0, 0, 0, 0, 0, 0, 0, 0,
       0, 0, 0, 0, 0, 0, 0, 0, 0, 0, 0, 0, 0, 0, 0, 0, 0, 0, 0, 0, 0, 0,
       0, 0, 0, 0, 0, 0, 0, 0, 0, 0, 0, 0, 0, 0, 0, 0, 0, 0, 0, 0, 0, 0,
       0, 0, 0, 0, 0, 0, 0, 0, 0, 0, 0, 0, 0, 0, 0, 0, 0, 0, 0, 0, 0, 0,
       0, 0, 0, 0, 0, 0, 0, 0, 0, 0, 0, 0, 0, 0, 0, 0, 0, 0, 0, 0, 0, 0,
       0, 0, 0, 0, 0, 0, 0, 0, 0, 0, 0, 0, 0, 0, 0, 0, 0, 0, 0, 0, 0, 0,
       0, 0, 0, 0, 0, 0, 0, 0, 0, 0, 0, 0, 0, 0, 0, 0, 0, 0, 0, 0, 0, 0,
       0, 0, 0, 0, 0, 0, 0, 0, 0, 0, 0, 0, 0, 0, 0, 0, 0, 0, 0, 0, 0, 0,
       0, 0, 0, 0, 0, 0, 0, 0, 0, 0, 0, 0, 0, 0, 0, 0, 0, 0, 0, 0, 0, 0,
       0, 0, 0, 0, 0, 0, 0, 0, 0, 0, 0, 0, 0, 0, 0, 0, 0, 0, 0, 0, 0, 0,
       0, 0, 0, 0, 0, 0, 0, 0, 0, 0, 0, 0, 0, 0, 0, 0, 0, 0, 0, 0, 0, 0,
       0, 0, 0, 0, 0, 0, 0, 0, 0, 0, 0, 0, 0, 0, 0, 0, 0, 0, 0, 0, 0, 0,
       0, 0, 0, 0, 0, 0, 0, 0, 0, 0, 0, 0, 0, 0, 0, 0, 0, 0, 0, 0, 0, 0,
       0, 0, 0, 0, 0, 0, 0, 0, 0, 0, 0, 0, 0, 0, 0, 0, 0, 0, 0, 0, 0, 0,
       0, 0, 0, 0, 0, 0, 0, 0, 0, 0, 0, 0, 0, 0, 0, 0, 0, 0, 0, 0, 0, 0,
       0, 0, 0, 0, 0, 0, 0, 0, 0, 0, 0, 0, 0, 0, 0, 0, 0, 0, 0, 0, 0, 0,
       0, 0, 0, 0, 0, 0, 0, 0, 0, 0, 0, 0, 0, 0, 0, 0, 0, 0, 0, 0, 0, 0,
       0, 0, 0, 0, 0, 0, 0, 0, 0, 0, 0, 0, 0, 0, 0, 0, 0, 0, 0, 0, 0, 0,
       0, 0, 0, 0, 0, 0, 0, 0, 0, 0, 0, 0, 0, 0, 0, 0, 0, 0, 0, 0, 0, 0,
       0, 0, 0, 0, 0, 0, 0, 0, 0, 0, 0, 0, 0, 0, 0, 0, 0, 0, 0, 0, 0, 0,
       0, 0, 0, 0, 0, 0, 0, 0, 0, 0, 0, 0, 0, 0, 0, 0]), -91.52626792354032)
Set parameter OutputFlag to value 1
Set parameter LogFile to value "solver_result/gurobi/initial/cq_cls1_500-500.log"
Set parameter TimeLimit to value 10800
Set parameter NodefileStart to value 20
Set parameter Threads to value 20
Gurobi Optimizer version 12.0.1 build v12.0.1rc0 (linux64 - "Ubuntu 24.04.1 LTS")

CPU model: Intel(R) Xeon(R) Gold 6240C CPU @ 2.60GHz, instruction set [SSE2|AVX|AVX2|AVX512]
Thread count: 36 physical cores, 72 logical processors, using up to 20 threads

Non-default parameters:
TimeLimit  10800
NodefileStart  20
Threads  20

Optimize a model with 500 rows, 500 columns and 250000 nonzeros
Model fingerprint: 0xf5f57598
Model has 500 quadratic objective terms
Variable types: 0 continuous, 500 integer (0 binary)
Coefficient statistics:
  Matrix range     [7e-07, 5e-01]
  Objective range  [2e-04, 1e-01]
  QObjective range [2e-05, 1e-02]
  Bounds range     [0e+00, 0e+00]
  RHS range        [1e-03, 1e+00]

Loaded user MIP start with objective -91.5263

Presolve time: 0.07s
Presolved: 500 rows, 500 columns, 250000 nonzeros
Presolved model has 500 quadratic objective terms
Variable types: 0 continuous, 500 integer (0 binary)
Found heuristic solution: objective -92.9796590

Root relaxation: objective -1.064509e+02, 300 iterations, 0.93 seconds (0.52 work units)

    Nodes    |    Current Node    |     Objective Bounds      |     Work
 Expl Unexpl |  Obj  Depth IntInf | Incumbent    BestBd   Gap | It/Node Time

     0     0 -106.45087    0  500  -92.97966 -106.45087  14.5%     -    1s
H    0     0                     -93.2233576 -106.45087  14.2%     -    1s
H    0     0                     -93.3312264 -106.45087  14.1%     -    1s
H    0     0                     -93.4185622 -106.45087  14.0%     -    1s
H    0     0                     -93.6383421 -106.45087  13.7%     -    1s
H    0     0                     -93.6556236 -106.45087  13.7%     -    1s
H    0     0                     -93.7019119 -106.45087  13.6%     -    1s
H    0     0                     -93.7225038 -106.45087  13.6%     -    1s
H    0     0                     -95.2188434 -106.45087  11.8%     -    1s
     0     0 -106.44883    0  500  -95.21884 -106.44883  11.8%     -    9s
     0     2 -106.44883    0  500  -95.21884 -106.44883  11.8%     -   10s
   131   152 -106.44034    8  492  -95.21884 -106.44641  11.8%   2.5   15s
   230   270 -106.43933   11  489  -95.21884 -106.44641  11.8%   2.5   24s
   269   316 -106.43912   12  488  -95.21884 -106.44641  11.8%   2.5   32s
   315   408 -106.43846   12  488  -95.21884 -106.44641  11.8%   2.5   42s
   407   970 -106.43845   13  487  -95.21884 -106.44641  11.8%   2.5   57s
   969  1694 -106.41473   37  463  -95.21884 -106.44641  11.8%   2.7   69s
  1693  2638 -106.38653   65  437  -95.21884 -106.44641  11.8%   2.8   84s
  2637  3300 -106.34279  100  405  -95.21884 -106.44641  11.8%   3.0   93s
  3299  3879 -106.31806  125  382  -95.21884 -106.44641  11.8%   3.3  102s
  3878  4417 -106.29527  146  368  -95.21884 -106.44641  11.8%   3.5  110s
  4416  4911 -106.26755  162  359  -95.21884 -106.44641  11.8%   3.8  119s
  4910  5378 -106.23998  177  343  -95.21884 -106.44641  11.8%   4.1  126s
  5377  5827 -106.22003  190  336  -95.21884 -106.44641  11.8%   4.4  133s
  5826  6266 -106.18943  204  319  -95.21884 -106.44641  11.8%   4.8  139s
  6265  6694 -106.15560  218  314  -95.21884 -106.44641  11.8%   5.1  146s
  6753  6810 -106.11330  230  306  -95.21884 -106.44641  11.8%   5.6  151s
  6809  7182 -106.11673  231  306  -95.21884 -106.44641  11.8%   5.6  156s
  7181  7610 -106.10336  234  304  -95.21884 -106.44641  11.8%   6.0  163s
  7609  8037 -106.07014  246  299  -95.21884 -106.44641  11.8%   6.4  169s
  8036  8450 -106.02750  258  301  -95.21884 -106.44641  11.8%   6.8  175s
  8449  8859 -105.99905  268  294  -95.21884 -106.44641  11.8%   7.2  180s
  8858  9262 -105.97450  279  292  -95.21884 -106.44641  11.8%   7.6  186s
  9261  9673 -105.95224  288  291  -95.21884 -106.44641  11.8%   8.0  191s
  9712  9733 -105.91925  301  283  -95.21884 -106.44641  11.8%   8.5  195s
  9782  9867 -105.90999  304  287  -95.21884 -106.44641  11.8%   8.5  202s
  9866 10210 -105.90705  305  286  -95.21884 -106.44641  11.8%   8.6  208s
 10215 10704 -105.90470  306  283  -95.21884 -106.44641  11.8%   8.8  216s
 10709 11189 -105.87071  317  276  -95.21884 -106.44641  11.8%   9.2  224s
 11194 11662 -105.80979  329  269  -95.21884 -106.44641  11.8%   9.7  231s
 11668 11663 -106.27476  157  500  -95.21884 -106.44641  11.8%  10.2  378s
H11669 11080                     -95.2493340 -106.44641  11.8%  10.2  379s
 11670 11080 -106.37546   78  500  -95.24933 -106.44641  11.8%  10.2  380s
 11723 11172 -106.44111   21  494  -95.24933 -106.44370  11.8%  10.2  385s
 11856 11366 -106.43780   25  490  -95.24933 -106.44370  11.8%  10.1  392s
 12037 11346 -106.43329   30  485  -95.24933 -106.44370  11.8%  10.0  396s
 12077 11506 -106.43228   31  484  -95.24933 -106.44370  11.8%   9.9  403s
 12230 11774 -106.42342   34  481  -95.24933 -106.44370  11.8%   9.8  410s
 12549 12043 -106.41605   42  473  -95.24933 -106.44370  11.8%   9.7  418s
 12925 11938 -106.40517   51  464  -95.24933 -106.44370  11.8%   9.5  421s
 12965 12005 -106.40396   52  462  -95.24933 -106.44370  11.8%   9.4  428s
 13025 12719 -106.40186   54  461  -95.24933 -106.44370  11.8%   9.4  441s
 13759 12921 -106.38751   68  447  -95.24933 -106.44370  11.8%   9.1  449s
 14206 13219 -106.37477   77  439  -95.24933 -106.44370  11.8%   8.9  457s
 14653 13476 -106.36376   87  428  -95.24933 -106.44370  11.8%   8.7  465s
 15059 13711 -106.35330   95  421  -95.24933 -106.44370  11.8%   8.6  471s
 15429 13941 -106.34643  103  413  -95.24933 -106.44370  11.8%   8.5  477s
 15783 14091 -106.33761  111  404  -95.24933 -106.44370  11.8%   8.4  482s
 16051 14341 -106.33658  117  399  -95.24933 -106.44370  11.8%   8.3  489s
 16390 14559 -106.33041  125  390  -95.24933 -106.44370  11.8%   8.3  494s
 16721 14776 -106.32420  131  386  -95.24933 -106.44370  11.8%   8.2  500s
 17048 14961 -106.31612  139  379  -95.24933 -106.44370  11.8%   8.1  506s
 17342 15195 -106.31347  146  372  -95.24933 -106.44370  11.8%   8.1  512s
 17674 15369 -106.30731  155  365  -95.24933 -106.44370  11.8%   8.1  517s
 17959 15381 -106.28981  162  361  -95.24933 -106.44370  11.8%   8.1  523s
 18066 15365 -106.29029  165  358  -95.24933 -106.44370  11.8%   8.0  528s
 18086 15379 -106.29283  165  357  -95.24933 -106.44370  11.8%   8.0  534s
 18106 15392 -106.29120  166  357  -95.24933 -106.44370  11.8%   8.0  539s
 18126 15405 -106.29033  166  358  -95.24933 -106.44370  11.8%   8.0  545s
 18146 15419 -106.29061  167  357  -95.24933 -106.44370  11.8%   8.0  550s
 18186 15445 -106.29021  168  356  -95.24933 -106.44370  11.8%   8.0  559s
 18206 15459 -106.28616  168  356  -95.24933 -106.44370  11.8%   8.0  564s
 18226 15472 -106.28936  169  353  -95.24933 -106.44370  11.8%   8.0  569s
 18246 15495 -106.28607  169  355  -95.24933 -106.44370  11.8%   8.0  572s
 18276 15528 -106.28901  170  351  -95.24933 -106.44370  11.8%   8.0  577s
 18319 15608 -106.28665  170  352  -95.24933 -106.44370  11.8%   8.0  582s
 18413 15797 -106.28869  171  351  -95.24933 -106.44370  11.8%   8.0  587s
 18633 16118 -106.28276  177  344  -95.24933 -106.44370  11.8%   8.0  594s
 19028 16197 -106.27332  186  346  -95.24933 -106.44370  11.8%   8.0  601s
 19238 16542 -106.27107  192  335  -95.24933 -106.44370  11.8%   8.1  607s
 19653 16822 -106.26357  201  333  -95.24933 -106.44370  11.8%   8.1  614s
 20072 17090 -106.25098  210  326  -95.24933 -106.44370  11.8%   8.2  620s
 20479 17415 -106.23407  220  319  -95.24933 -106.44370  11.8%   8.3  627s
 20940 17713 -106.22670  231  315  -95.24933 -106.44370  11.8%   8.4  633s
 21392 18032 -106.21203  242  312  -95.24933 -106.44370  11.8%   8.6  640s
 21861 18314 -106.18987  252  310  -95.24933 -106.44370  11.8%   8.8  646s
 22360 18602 -106.18209  264  303  -95.24933 -106.44370  11.8%   9.0  654s
 22834 18980 -106.17521  275  294  -95.24933 -106.44370  11.8%   9.2  664s
 23370 19461 -106.14919  286  290  -95.24933 -106.44370  11.8%   9.3  679s
 24030 19767 -106.14351  300  286  -95.24933 -106.44370  11.8%   9.6  690s
 24594 19868 -106.13407  312  291  -95.24933 -106.44370  11.8%   9.8  697s
 24845 20490 -106.11297  317  282  -95.24933 -106.44370  11.8%  10.0  711s
 25550 20860 -106.10373  333  282  -95.24933 -106.44370  11.8%  10.3  722s
 26155 21291 -106.09431  347  278  -95.24933 -106.44370  11.8%  10.6  732s
 26788 21793 -106.05800  362  276  -95.24933 -106.44370  11.8%  10.9  744s
 27501 22261 -106.03406  378  263  -95.24933 -106.44370  11.8%  11.3  755s
 28207 22631 -106.02222  395  261  -95.24933 -106.44370  11.8%  11.7  764s
 28842 23180 -105.98522  411  244  -95.24933 -106.44370  11.8%  11.9  776s
 29603 23750 -105.93991  429  239  -95.24933 -106.44370  11.8%  12.3  790s
 30426 24231 -105.87423  448  240  -95.24933 -106.44370  11.8%  12.7  800s
 31182 24840 -105.82380  464  235  -95.24933 -106.44370  11.8%  13.0  810s
 32043 25028 -105.77294  486  221  -95.24933 -106.44370  11.8%  13.5  822s
 32518 25935 -105.74486  497  210  -95.24933 -106.44370  11.8%  13.7  833s
 33583 26579 -105.65941  519  204  -95.24933 -106.44370  11.8%  14.3  848s
 34614 27138 -105.52720  540  197  -95.24933 -106.44370  11.8%  14.8  865s
 35517 27769 -105.45023  560  182  -95.24933 -106.44370  11.8%  15.3  879s
 36473 28400 -105.37833  579  179  -95.24933 -106.44370  11.8%  16.0  898s
 37426 28966 -105.25520  599  169  -95.24933 -106.44324  11.8%  16.7  915s
 38310 28691 -105.02811  618  160  -95.24933 -106.44324  11.8%  17.5  924s
 38330 28705 -105.09402  619  161  -95.24933 -106.44324  11.8%  17.5  961s
 38350 28718 -105.06073  619  162  -95.24933 -106.44324  11.8%  17.5  989s
 38370 28731 -105.09245  620  162  -95.24933 -106.44324  11.8%  17.5 1012s
 38390 28745 -105.00544  620  160  -95.24933 -106.44324  11.8%  17.5 1030s
 38410 28758 -105.08568  621  165  -95.24933 -106.44324  11.8%  17.6 1045s
 38430 28771 -105.05093  621  157  -95.24933 -106.44324  11.8%  17.6 1061s
 38450 28799 -105.08503  622  166  -95.24933 -106.44324  11.8%  17.6 1073s
 38484 29253 -105.07519  626  162  -95.24933 -106.44324  11.8%  17.6 1087s
 38952 30146 -104.82319  647  151  -95.24933 -106.44324  11.8%  18.1 1104s
 40029 30674 -104.54415  671  144  -95.24933 -106.44324  11.8%  19.0 1131s
 41042 31164 infeasible  689       -95.24933 -106.44316  11.8%  19.8 1163s
 42001 32854 -106.40768   59  456  -95.24933 -106.44311  11.8%  20.3 1196s
 44077 34010 -106.22210  215  342  -95.24933 -106.44311  11.8%  20.5 1223s
 45957 35759 -105.97748  342  282  -95.24933 -106.44311  11.8%  20.8 1251s
 48195 39518 -105.36474  490  223  -95.24933 -106.44311  11.8%  20.9 1310s
 52106 40977 -102.74138  678  166  -95.24933 -106.44311  11.8%  20.4 1326s
 53717 42482 -106.43575   30  485  -95.24933 -106.44311  11.8%  20.1 1345s
 55280 44373 -106.37766  110  410  -95.24933 -106.44311  11.8%  19.8 1365s
 57171 46261 -106.24153  215  339  -95.24933 -106.44311  11.8%  19.5 1382s
 59059 48250 -105.99389  325  291  -95.24933 -106.44311  11.8%  19.3 1398s
 61048 49834 -105.63580  434  251  -95.24933 -106.44311  11.8%  19.2 1414s
 62771 51656 -104.94971  509  234  -95.24933 -106.44311  11.8%  19.3 1440s
 64695 53618 -103.71717  604  208  -95.24933 -106.44311  11.8%  19.3 1464s
 66657 56176 -102.24459  700  172  -95.24933 -106.44311  11.8%  19.3 1488s
 69464 57751  -98.64536  786  145  -95.24933 -106.44311  11.8%  19.2 1511s
 71209 61307 -106.42968   34  481  -95.24933 -106.44311  11.8%  19.1 1569s
 71846 61307 -106.35219  136  384  -95.24933 -106.44301  11.8%  18.9 1570s
 74801 63098 -106.34074   81  436  -95.24933 -106.44301  11.8%  18.6 1599s
 76644 64970 -106.28284  106  412  -95.24933 -106.44291  11.8%  18.5 1629s
 78516 66689 -106.23622  135  388  -95.24933 -106.44291  11.8%  18.4 1656s
 80235 68675 -106.20944  154  373  -95.24933 -106.44291  11.8%  18.3 1684s
 82275 70519 -106.16011  178  360  -95.24933 -106.44291  11.8%  18.4 1710s
 84258 72536 -106.11771  196  345  -95.24933 -106.44269  11.8%  18.3 1741s
 86339 74304 -106.05113  216  338  -95.24933 -106.44269  11.8%  18.2 1772s
 88153 74884 -105.99064  232  326  -95.24933 -106.44269  11.8%  18.2 1804s
 88733 76939 -105.96390  240  323  -95.24933 -106.44269  11.8%  18.2 1840s
 90864 78936 -105.86562  259  315  -95.24933 -106.44269  11.8%  18.2 1870s
 92947 80897 -105.81169  275  312  -95.24933 -106.44269  11.8%  18.2 1900s
 95061 83988 -105.75041  295  305  -95.24933 -106.44269  11.8%  18.2 1942s
 98194 85909 -105.62545  320  297  -95.24933 -106.44269  11.8%  18.1 1967s
 100169 87852 -105.55933  332  288  -95.24933 -106.44269  11.8%  18.0 1989s
 102112 89641 -105.49721  344  286  -95.24933 -106.44269  11.8%  18.0 2009s
 103951 91473 -105.39539  365  276  -95.24933 -106.44269  11.8%  18.0 2034s
 105783 93282 -105.29041  383  272  -95.24933 -106.44269  11.8%  18.1 2055s
 107631 95133 -105.19262  400  270  -95.24933 -106.44269  11.8%  18.2 2081s
 109524 97125 -105.06618  409  274  -95.24933 -106.44269  11.8%  18.3 2104s
 111578 98852 -104.93358  422  269  -95.24933 -106.44269  11.8%  18.3 2126s
 113438 100749 -104.93570  432  256  -95.24933 -106.44269  11.8%  18.3 2158s
 115369 102620 -104.78071  449  258  -95.24933 -106.44269  11.8%  18.3 2188s
 117322 104552 -104.64435  467  257  -95.24933 -106.44258  11.8%  18.3 2217s
 119266 107359 -104.54466  480  247  -95.24933 -106.44235  11.8%  18.3 2253s
 122124 109064 -104.37715  498  245  -95.24933 -106.44235  11.8%  18.4 2278s
 123862 109614 -104.26256  506  242  -95.24933 -106.44235  11.8%  18.4 2290s
 124412 109634 -104.27935  508  241  -95.24933 -106.44235  11.8%  18.4 2323s
 124432 109654 -104.27069  509  237  -95.24933 -106.44235  11.8%  18.4 2355s
 124452 109674 -104.27755  510  239  -95.24933 -106.44235  11.8%  18.4 2382s
 124472 109694 -104.22319  511  242  -95.24933 -106.44235  11.8%  18.4 2407s
 124492 109714 -104.22081  512  241  -95.24933 -106.44235  11.8%  18.4 2429s
 124512 110201 -104.27059  509  241  -95.24933 -106.44235  11.8%  18.4 2449s
 125133 112267 -104.27052  511  236  -95.24933 -106.44235  11.8%  18.4 2482s
 127199 113397 -104.02415  531  230  -95.24933 -106.44235  11.8%  18.3 2523s
 128329 116295 -103.97260  541  229  -95.24933 -106.44235  11.8%  18.3 2564s
 131262 118910 -103.74632  559  222  -95.24933 -106.44235  11.8%  18.4 2600s
 133877 121409 -103.59124  575  228  -95.24933 -106.44235  11.8%  18.4 2630s
 136411 124431 -103.31628  590  220  -95.24933 -106.44235  11.8%  18.6 2661s
 139546 126699 -103.04765  606  218  -95.24933 -106.44235  11.8%  18.7 2693s
 141920 128774 -102.80034  620  212  -95.24933 -106.44235  11.8%  18.7 2719s
 144017 131484 -102.51095  634  207  -95.24933 -106.44235  11.8%  18.8 2752s
 146902 133540 -102.26920  652  201  -95.24933 -106.44235  11.8%  18.9 2781s
 148984 135703 -102.08764  658  194  -95.24933 -106.44235  11.8%  18.9 2804s
 151215 137926 -101.76913  668  200  -95.24933 -106.44235  11.8%  18.9 2829s
 153486 140564 -101.63977  677  193  -95.24933 -106.44235  11.8%  18.9 2852s
 156195 142220 -101.47503  685  194  -95.24933 -106.44235  11.8%  18.9 2873s
 157851 144012 -101.26600  694  191  -95.24933 -106.44235  11.8%  19.0 2891s
 159650 145479 -100.90814  704  190  -95.24933 -106.44235  11.8%  19.0 2910s
 161211 147374 -100.61926  716  192  -95.24933 -106.44235  11.8%  19.1 2935s
 163160 149105  -99.89573  734  182  -95.24933 -106.44235  11.8%  19.1 2962s
 164937 150806  -99.33040  750  180  -95.24933 -106.44223  11.8%  19.2 2988s
 166642 152670  -99.01166  762  175  -95.24933 -106.44223  11.8%  19.2 3016s
 168657 155104  -98.58813  774  172  -95.24933 -106.44223  11.8%  19.3 3053s
 171464 157390  -98.09429  789  170  -95.24933 -106.44160  11.8%  19.3 3080s
 173826 159940  -97.70822  798  172  -95.24933 -106.44160  11.8%  19.3 3103s
 176447 161104  -97.10438  810  164  -95.24933 -106.44160  11.8%  19.3 3117s
 177826 162931  -96.87466  816  167  -95.24933 -106.44160  11.8%  19.2 3138s
 179653 165046  -96.83666  821  162  -95.24933 -106.44160  11.8%  19.2 3161s
 181770 167122  -95.71997  835  162  -95.24933 -106.44160  11.8%  19.1 3181s
 183901 169441  -95.26736  843  157  -95.24933 -106.44160  11.8%  19.1 3203s
 186281 172696 -106.38229   86  433  -95.24933 -106.44160  11.8%  19.2 3226s
 189615 174757 -106.27274  206  338  -95.24933 -106.44160  11.8%  19.2 3248s
 191760 177889 -106.15871  310  293  -95.24933 -106.44160  11.8%  19.2 3281s
 194912 179621 -105.39593  485  239  -95.24933 -106.44160  11.8%  19.2 3306s
 196740 181364 -104.36527  569  215  -95.24933 -106.44160  11.8%  19.2 3331s
 198737 183284 -102.93670  659  185  -95.24933 -106.44156  11.8%  19.1 3354s
 200687 185164 -101.10860  733  176  -95.24933 -106.44156  11.8%  19.1 3373s
 202620 186928  -99.21793  820  139  -95.24933 -106.44156  11.8%  19.1 3399s
 204492 188443 -106.38757   78  439  -95.24933 -106.44156  11.8%  19.2 3420s
 206175 190228 -106.29336  184  351  -95.24933 -106.44039  11.7%  19.2 3444s
 208086 192318 -106.12552  303  295  -95.24933 -106.44024  11.7%  19.1 3466s
 210176 194259 -105.74687  428  246  -95.24933 -106.44024  11.7%  19.1 3486s
 212202 195982 -104.92291  538  220  -95.24933 -106.44024  11.7%  19.1 3506s
 213999 197982 -103.93136  618  201  -95.24933 -106.44024  11.7%  19.0 3531s
 215999 200296 -102.16100  714  171  -95.24933 -106.44024  11.7%  19.0 3557s
 218385 202340  -96.46865  829  143  -95.24933 -106.44024  11.7%  19.0 3585s
 220481 204378 -106.34924  120  401  -95.24933 -106.44024  11.7%  19.0 3611s
 222611 204398 -106.20287  264  308  -95.24933 -106.44024  11.7%  19.0 3625s
 222631 204418 -106.19952  265  305  -95.24933 -106.44024  11.7%  19.0 3683s
 222651 204438 -106.19430  266  309  -95.24933 -106.44024  11.7%  19.0 3710s
 222671 204458 -106.19344  267  308  -95.24933 -106.44024  11.7%  19.0 3736s
 222691 204561 -106.18800  268  308  -95.24933 -106.44024  11.7%  19.0 3757s
 222794 204960 -106.18742  269  305  -95.24933 -106.44024  11.7%  19.0 3776s
 223193 205597 -106.18623  270  306  -95.24933 -106.44024  11.7%  19.1 3794s
 223853 208200 -106.18064  273  304  -95.24933 -106.44024  11.7%  19.1 3819s
 226596 210698 -105.67625  435  250  -95.24933 -106.44024  11.7%  19.1 3850s
 229212 212623 -104.72363  562  211  -95.24933 -106.44024  11.7%  19.1 3873s
 231137 214741 -103.16563  667  179  -95.24933 -106.44024  11.7%  19.1 3896s
 233255 216706  -99.86684  781  152  -95.24933 -106.44024  11.7%  19.2 3923s
 235298 218740 -106.40822   43  472  -95.24933 -106.44024  11.7%  19.2 3963s
 237340 220152 -106.35395   93  422  -95.24933 -106.44024  11.7%  19.3 3993s
 238988 222585 -106.31481  130  389  -95.24933 -106.44024  11.7%  19.4 4032s
 241672 224519 -106.27526  184  347  -95.24933 -106.44024  11.7%  19.4 4056s
 243606 226518 -106.23409  220  321  -95.24933 -106.44024  11.7%  19.3 4080s
 245605 228315 -106.18691  260  307  -95.24933 -106.44024  11.7%  19.3 4102s
 247402 229899 -106.12980  300  277  -95.24933 -106.44024  11.7%  19.3 4120s
 249016 231980 -106.07929  334  276  -95.24933 -106.44024  11.7%  19.4 4145s
 251119 234216 -105.95803  376  255  -95.24933 -106.44024  11.7%  19.5 4169s
 253520 237045 -105.77281  418  241  -95.24933 -106.44024  11.7%  19.6 4191s
 256481 239572 -105.65655  451  225  -95.24933 -106.44024  11.7%  19.6 4217s
 259194 240964 -105.43219  484  223  -95.24933 -106.43943  11.7%  19.5 4235s
 260586 242945 -105.31751  510  216  -95.24933 -106.43943  11.7%  19.5 4257s
 262567 245513 -105.07371  541  194  -95.24933 -106.43943  11.7%  19.5 4288s
 265135 247510 -104.60188  588  172  -95.24933 -106.43943  11.7%  19.5 4306s
 267183 249405 -104.12997  626  160  -95.24933 -106.43943  11.7%  19.5 4329s
 269149 251222 -103.73307  662  143  -95.24933 -106.43943  11.7%  19.6 4352s
 271193 253289     cutoff  684       -95.24933 -106.43943  11.7%  19.6 4377s
 273340 255015 -106.31860  138  389  -95.24933 -106.43940  11.7%  19.5 4397s
 275066 257058 -106.17377  242  324  -95.24933 -106.43940  11.7%  19.5 4416s
 277109 258765 -105.81434  377  263  -95.24933 -106.43940  11.7%  19.5 4428s
 278838 260551 -105.03972  484  228  -95.24933 -106.43940  11.7%  19.6 4445s
 280674 262692 -103.92594  590  209  -95.24933 -106.43940  11.7%  19.7 4467s
 282833 264448 -102.12622  693  185  -95.24933 -106.43940  11.7%  19.7 4486s
 284649 266313 -100.01530  799  152  -95.24933 -106.43940  11.7%  19.8 4516s
 286771 268425  -95.42428  895  135  -95.24933 -106.43905  11.7%  19.9 4558s
 289059 270180 -106.38625   69  446  -95.24933 -106.43903  11.7%  19.9 4592s
 291095 271181 -106.33189   98  420  -95.24933 -106.43903  11.7%  19.9 4610s
 292178 273997 -106.32087  108  411  -95.24933 -106.43903  11.7%  19.9 4649s
 295042 276471 -106.28322  139  385  -95.24933 -106.43892  11.7%  19.8 4682s
 297536 278702 -106.20247  170  363  -95.24933 -106.43892  11.7%  19.8 4711s
 299899 280839 -106.15018  193  345  -95.24933 -106.43892  11.7%  19.8 4742s
 302108 283088 -106.06624  219  336  -95.24933 -106.43885  11.7%  19.8 4771s
 304357 285945 -106.00496  235  325  -95.24933 -106.43885  11.7%  19.8 4797s
 307309 288293 -105.96324  251  323  -95.24933 -106.43885  11.7%  19.8 4823s
 309912 289391 -105.91481  267  315  -95.24933 -106.43875  11.7%  19.7 4842s
 311034 289411 -105.87691  279  305  -95.24933 -106.43875  11.7%  19.7 4906s
 311054 289431 -105.87814  279  309  -95.24933 -106.43875  11.7%  19.7 4963s
 311074 289667 -105.87669  280  309  -95.24933 -106.43875  11.7%  19.7 5004s
 311310 294776 -105.84905  284  304  -95.24933 -106.43875  11.7%  19.7 5079s
 316640 298355 -105.63625  336  282  -95.24933 -106.43875  11.7%  19.6 5133s
 320287 301030 -105.50804  363  275  -95.24933 -106.43874  11.7%  19.5 5169s
 322986 303541 -105.41695  383  265  -95.24933 -106.43874  11.7%  19.5 5206s
 325497 305844 -105.24637  410  256  -95.24933 -106.43874  11.7%  19.5 5240s
 327820 307860 -105.07758  431  258  -95.24933 -106.43874  11.7%  19.5 5269s
 329890 310038 -104.90691  447  247  -95.24933 -106.43874  11.7%  19.5 5304s
 332074 312057 -104.84297  456  247  -95.24933 -106.43872  11.7%  19.6 5332s
 334093 314319 -104.63843  475  239  -95.24933 -106.43872  11.7%  19.6 5362s
 336386 316078 -104.43359  496  241  -95.24933 -106.43872  11.7%  19.7 5390s
 338259 317949 -104.29906  509  232  -95.24933 -106.43872  11.7%  19.7 5415s
 340262 320173 -104.20392  521  234  -95.24933 -106.43872  11.7%  19.7 5446s
 342584 321919 -104.06273  537  228  -95.24933 -106.43872  11.7%  19.7 5475s
 344396 324119 -103.94041  546  230  -95.24933 -106.43872  11.7%  19.7 5505s
 346680 326343 -103.77953  559  230  -95.24933 -106.43872  11.7%  19.7 5532s
 348904 328469 -103.63465  572  222  -95.24933 -106.43872  11.7%  19.7 5554s
 351112 330543 -103.48305  579  224  -95.24933 -106.43872  11.7%  19.8 5578s
 353271 333445 -103.36305  595  216  -95.24933 -106.43872  11.7%  19.8 5602s
 356316 335491 -103.30004  603  220  -95.24933 -106.43872  11.7%  19.8 5631s
 358378 337999 -102.92717  620  213  -95.24933 -106.43872  11.7%  19.8 5662s
 360946 340272 -102.66650  633  206  -95.24933 -106.43872  11.7%  19.8 5684s
 363258 342128 -102.49732  648  207  -95.24933 -106.43872  11.7%  19.8 5705s
 365147 343677 -102.48579  654  203  -95.24933 -106.43872  11.7%  19.8 5720s
 366712 345633 -102.31796  663  201  -95.24933 -106.43872  11.7%  19.8 5744s
 368730 345973 -102.22140  672  202  -95.24933 -106.43872  11.7%  19.8 5771s
 369109 347980 -102.22183  673  199  -95.24933 -106.43872  11.7%  19.8 5796s
 371116 349938 -102.12455  682  195  -95.24933 -106.43872  11.7%  19.8 5818s
 373131 351828 -101.90726  694  196  -95.24933 -106.43872  11.7%  19.9 5849s
 375093 353776 -101.66548  706  191  -95.24933 -106.43850  11.7%  19.9 5879s
 377084 355872 -101.43774  719  186  -95.24933 -106.43850  11.7%  19.9 5908s
 379201 357815 -101.21746  726  189  -95.24933 -106.43850  11.7%  19.9 5936s
 381201 360024 -100.85933  741  180  -95.24933 -106.43850  11.7%  20.0 5975s
 383440 361987 -100.73069  751  173  -95.24933 -106.43850  11.7%  20.0 6006s
 385403 363787 -100.46937  759  178  -95.24933 -106.43850  11.7%  20.0 6034s
 387274 365933 -100.20222  766  175  -95.24933 -106.43850  11.7%  20.1 6064s
 389495 367979 -100.08761  772  172  -95.24933 -106.43850  11.7%  20.1 6091s
 391727 370149  -99.49579  789  166  -95.24933 -106.43847  11.7%  20.2 6120s
 394048 372327  -99.34849  795  170  -95.24933 -106.43847  11.7%  20.2 6148s
 396273 374391  -98.65485  813  167  -95.24933 -106.43847  11.7%  20.2 6170s
 398437 376350  -98.32514  825  164  -95.24933 -106.43847  11.7%  20.2 6192s
 400396 377077  -97.77688  832  163  -95.24933 -106.43847  11.7%  20.2 6202s
 401125 377097  -97.79229  839  156  -95.24933 -106.43847  11.7%  20.2 6258s
 401145 377117  -97.74596  837  156  -95.24933 -106.43847  11.7%  20.2 6292s
 401165 377135  -97.84241  837  155  -95.24933 -106.43847  11.7%  20.2 6319s
 401187 377155  -97.84023  838  157  -95.24933 -106.43847  11.7%  20.2 6341s
 401207 377181  -97.87812  837  157  -95.24933 -106.43847  11.7%  20.2 6359s
 401233 377399  -97.84745  836  155  -95.24933 -106.43847  11.7%  20.2 6375s
 401451 379196  -97.61778  838  159  -95.24933 -106.43847  11.7%  20.2 6394s
 403358 381602  -97.33255  847  150  -95.24933 -106.43847  11.7%  20.3 6426s
 406012 384117  -96.46171  871  142  -95.24933 -106.43847  11.7%  20.3 6458s
 408756 384826  -95.74134  891  135  -95.24933 -106.43847  11.7%  20.3 6482s
 409562 387146  -95.29457  901  132  -95.24933 -106.43844  11.7%  20.3 6520s
 411979 389340 -106.40252   63  452  -95.24933 -106.43844  11.7%  20.3 6555s
 414257 391242 -106.23803  211  334  -95.24933 -106.43844  11.7%  20.2 6587s
 416207 393340 -105.99152  340  268  -95.24933 -106.43844  11.7%  20.2 6618s
 418305 395348 -105.44761  467  226  -95.24933 -106.43844  11.7%  20.2 6648s
 420378 397476 -104.40266  580  201  -95.24933 -106.43844  11.7%  20.2 6675s
 422512 400154 -102.79574  683  176  -95.24933 -106.43828  11.7%  20.2 6701s
 425299 402021 -100.62925  784  150  -95.24933 -106.43828  11.7%  20.2 6726s
 427166 403845  -97.43899  901  133  -95.24933 -106.43828  11.7%  20.2 6748s
 429058 406197 -106.36939  106  413  -95.24933 -106.43828  11.7%  20.3 6786s
 431534 408129 -106.14159  279  298  -95.24933 -106.43825  11.7%  20.3 6816s
 433466 409853 -105.73805  412  246  -95.24933 -106.43825  11.7%  20.3 6841s
 435190 411894 -105.04810  522  218  -95.24933 -106.43825  11.7%  20.3 6869s
 437268 413673 -103.65574  640  187  -95.24933 -106.43825  11.7%  20.3 6894s
 439123 415690 -101.89081  734  159  -95.24933 -106.43825  11.7%  20.3 6922s
 441267 417592  -99.14738  848  136  -95.24933 -106.43825  11.7%  20.4 6945s
 443370 419419 -106.42200   33  482  -95.24933 -106.43825  11.7%  20.4 6976s
 445281 421266 -106.33841   84  432  -95.24933 -106.43822  11.7%  20.3 7008s
 447184 423240 -106.28706  111  405  -95.24933 -106.43822  11.7%  20.3 7040s
 449178 425284 -106.24838  137  385  -95.24933 -106.43822  11.7%  20.3 7071s
 451222 427171 -106.17606  165  361  -95.24933 -106.43822  11.7%  20.3 7099s
 453109 429261 -106.10305  192  348  -95.24933 -106.43822  11.7%  20.4 7132s
 455466 431217 -106.06960  210  333  -95.24933 -106.43822  11.7%  20.4 7160s
 457422 433359 -106.01012  230  326  -95.24933 -106.43822  11.7%  20.4 7186s
 459626 435160 -105.96377  245  324  -95.24933 -106.43822  11.7%  20.4 7208s
 461459 437338 -105.90216  264  312  -95.24933 -106.43822  11.7%  20.4 7231s
 463751 439408 -105.84351  284  300  -95.24933 -106.43822  11.7%  20.4 7261s
 465821 441204 -105.73489  310  290  -95.24933 -106.43822  11.7%  20.4 7282s
 467617 443272 -105.65325  325  287  -95.24933 -106.43822  11.7%  20.4 7304s
 469739 445179 -105.59251  341  286  -95.24933 -106.43822  11.7%  20.4 7328s
 471784 447197 -105.51804  360  278  -95.24933 -106.43805  11.7%  20.4 7355s
 473820 449246 -105.47585  368  272  -95.24933 -106.43805  11.7%  20.4 7375s
 475925 451719 -105.37849  383  261  -95.24933 -106.43805  11.7%  20.4 7406s
 478465 453413 -105.30842  395  262  -95.24933 -106.43804  11.7%  20.4 7431s
 480384 454998 -105.18093  411  259  -95.24933 -106.43795  11.7%  20.5 7462s
 481969 456723 -105.10565  426  257  -95.24933 -106.43795  11.7%  20.5 7494s
 483694 456743 -105.01413  437  255  -95.24933 -106.43795  11.7%  20.5 7511s
 483714 456763 -104.98790  436  255  -95.24933 -106.43795  11.7%  20.5 7567s
 483734 456783 -104.99826  437  254  -95.24933 -106.43795  11.7%  20.5 7599s
 483754 456803 -104.99521  438  255  -95.24933 -106.43795  11.7%  20.5 7625s
 483774 456823 -104.97042  437  253  -95.24933 -106.43795  11.7%  20.5 7648s
H483776 456804                     -95.2594436 -106.43795  11.7%  20.5 7648s
 483794 457594 -105.00195  439  258  -95.25944 -106.43795  11.7%  20.5 7664s
H484506 457478                     -95.2923157 -106.43795  11.7%  20.5 7664s
 484584 459492 -104.98073  443  254  -95.29232 -106.43795  11.7%  20.5 7700s
 486639 461303 -104.92939  453  249  -95.29232 -106.43795  11.7%  20.5 7731s
 488584 463510 -104.80738  466  242  -95.29232 -106.43795  11.7%  20.5 7764s
 490888 465279 -104.71390  478  244  -95.29232 -106.43795  11.7%  20.5 7796s
 492704 467600 -104.55574  491  240  -95.29232 -106.43794  11.7%  20.5 7827s
 495041 469630 -104.39607  503  243  -95.29232 -106.43794  11.7%  20.5 7855s
 497111 471814 -104.24603  513  229  -95.29232 -106.43794  11.7%  20.5 7884s
 499315 473851 -104.08455  532  226  -95.29232 -106.43794  11.7%  20.5 7910s
 501352 476018 -103.83931  548  225  -95.29232 -106.43794  11.7%  20.6 7935s
 503665 477860 -103.55679  567  218  -95.29232 -106.43794  11.7%  20.6 7971s
 505624 479747 -103.40684  580  214  -95.29232 -106.43787  11.7%  20.6 8003s
 507521 481808 -103.19522  591  212  -95.29232 -106.43787  11.7%  20.6 8039s
 509730 483646 -103.01850  601  213  -95.29232 -106.43787  11.7%  20.6 8073s
 511742 485869 -102.82571  617  210  -95.29232 -106.43787  11.7%  20.6 8106s
 514010 486209 -102.49387  635  203  -95.29232 -106.43784  11.7%  20.6 8137s
 514350 488432 -102.41098  639  203  -95.29232 -106.43784  11.7%  20.6 8169s
 516573 490455 -102.16085  651  195  -95.29232 -106.43784  11.7%  20.6 8197s
 518596 492467 -101.97011  667  183  -95.29232 -106.43784  11.7%  20.6 8225s
 520725 494483 -101.72487  679  184  -95.29232 -106.43784  11.7%  20.6 8252s
 522811 496686 -101.10166  696  179  -95.29232 -106.43784  11.7%  20.6 8282s
 525014 498709 -101.06474  700  180  -95.29232 -106.43784  11.7%  20.6 8307s
 527050 500593 -100.71844  715  177  -95.29232 -106.43784  11.7%  20.7 8330s
 529033 502660 -100.42051  726  170  -95.29232 -106.43784  11.7%  20.7 8359s
 531100 504657  -99.77952  745  165  -95.29232 -106.43784  11.7%  20.7 8381s
 533097 506601  -99.62908  752  171  -95.29232 -106.43784  11.7%  20.7 8402s
 535041 508593  -99.39280  761  161  -95.29232 -106.43784  11.7%  20.7 8425s
 537155 510625  -98.39189  792  148  -95.29232 -106.43784  11.7%  20.8 8451s
 539191 510644  -97.48646  801  154  -95.29232 -106.43784  11.7%  20.8 8469s
 539212 510664  -97.61784  802  152  -95.29232 -106.43784  11.7%  20.8 8516s
 539232 510844  -97.94425  800  148  -95.29232 -106.43784  11.7%  20.8 8546s
 539412 511217  -98.14960  796  146  -95.29232 -106.43784  11.7%  20.8 8573s
 539814 511924  -97.61634  802  152  -95.29232 -106.43784  11.7%  20.8 8599s
 540525 512831  -97.36087  802  153  -95.29232 -106.43784  11.7%  20.8 8629s
 541477 514640  -97.59083  803  153  -95.29232 -106.43784  11.7%  20.8 8655s
 543420 517179  -97.03914  806  152  -95.29232 -106.43784  11.7%  20.8 8684s
 546027 518314  -96.15129  816  148  -95.29232 -106.43784  11.7%  20.8 8716s
 547405 522001 -106.42096   42  473  -95.29232 -106.43784  11.7%  20.9 8764s
 551168 524443 -106.03886  295  296  -95.29232 -106.43784  11.7%  20.9 8790s
 553641 526863 -105.54906  429  244  -95.29232 -106.43784  11.7%  20.9 8816s
 556139 528908 -104.62343  549  204  -95.29232 -106.43784  11.7%  20.9 8842s
 558266 530938 -103.17708  657  175  -95.29232 -106.43784  11.7%  20.9 8866s
 560346 533034 -101.13468  755  148  -95.29232 -106.43776  11.7%  20.9 8890s
 562442 535236  -97.37718  868  135  -95.29232 -106.43776  11.7%  20.9 8911s
 564781 537386 -106.36538   98  419  -95.29232 -106.43776  11.7%  21.0 8939s
 566963 539133 -106.27616  191  341  -95.29232 -106.43776  11.7%  21.0 8965s
 568712 540958 -106.21155  238  321  -95.29232 -106.43776  11.7%  21.0 8985s
 570537 543143 -106.14615  280  302  -95.29232 -106.43776  11.7%  21.0 9012s
 572961 545335 -106.02626  346  273  -95.29232 -106.43776  11.7%  21.0 9038s
 575175 547058 -105.94811  373  257  -95.29232 -106.43776  11.7%  21.0 9056s
 577008 549075 -105.84022  407  239  -95.29232 -106.43776  11.7%  21.0 9083s
 579084 551046 -105.69968  437  231  -95.29232 -106.43776  11.7%  21.0 9104s
 581076 552865 -105.49447  461  220  -95.29232 -106.43776  11.7%  21.1 9124s
 583046 554531 -105.35438  486  213  -95.29232 -106.43776  11.7%  21.1 9152s
 584835 556930 -105.16771  515  205  -95.29232 -106.43773  11.7%  21.1 9179s
 587258 559233 -104.98593  542  192  -95.29232 -106.43773  11.7%  21.1 9207s
 589717 560842 -104.83507  562  181  -95.29232 -106.43773  11.7%  21.1 9233s
 591472 562922 -104.58446  595  161  -95.29232 -106.43773  11.7%  21.2 9260s
 593606 565148 -104.39754  610  158  -95.29232 -106.43766  11.7%  21.2 9292s
 595883 567032 -104.16664  628  154  -95.29232 -106.43766  11.7%  21.2 9317s
 597767 568853 -103.81821  652  148  -95.29232 -106.43766  11.7%  21.2 9340s
 599588 570714 -103.61829  668  145  -95.29232 -106.43766  11.7%  21.2 9363s
 601552 572446 -103.36191  676  145  -95.29232 -106.43766  11.7%  21.3 9387s
 603410 574602 -102.84292  680  148  -95.29232 -106.43766  11.7%  21.4 9416s
 605817 576665 -106.38926   86  430  -95.29232 -106.43766  11.7%  21.4 9443s
 608086 579197 -106.22371  224  330  -95.29232 -106.43762  11.7%  21.4 9472s
 610741 581392 -105.83193  378  252  -95.29232 -106.43759  11.7%  21.4 9499s
 613019 583663 -105.14541  500  219  -95.29232 -106.43759  11.7%  21.3 9525s
 615367 585704 -104.02656  601  200  -95.29232 -106.43758  11.7%  21.4 9548s
 617408 588965 -102.69188  676  189  -95.29232 -106.43758  11.7%  21.4 9571s
 620852 590321 -100.27754  783  152  -95.29232 -106.43758  11.7%  21.4 9589s
 622220 591988  -98.48668  838  149  -95.29232 -106.43758  11.7%  21.4 9605s
 624005 593659  -95.78023  912  138  -95.29232 -106.43757  11.7%  21.4 9628s
 625901 593679 -106.36804   87  429  -95.29232 -106.43753  11.7%  21.4 9637s
 625921 593697 -106.36763   88  428  -95.29232 -106.43753  11.7%  21.4 9662s
 625943 593715 -106.36710   89  427  -95.29232 -106.43753  11.7%  21.4 9686s
 625964 593731 -106.36680   90  427  -95.29232 -106.43753  11.7%  21.4 9709s
 625988 593749 -106.36492   91  426  -95.29232 -106.43753  11.7%  21.4 9731s
 626009 593852 -106.36417   92  425  -95.29232 -106.43753  11.7%  21.4 9750s
 626118 594059 -106.36325   93  424  -95.29232 -106.43753  11.7%  21.4 9768s
 626327 594418 -106.35971   94  422  -95.29232 -106.43753  11.7%  21.4 9782s
 626706 595741 -106.35961   95  421  -95.29232 -106.43753  11.7%  21.5 9803s
 628181 597292 -106.35912   96  420  -95.29232 -106.43752  11.7%  21.4 9833s
 629812 599589 -106.35796   97  419  -95.29232 -106.43752  11.7%  21.4 9858s
 632201 601992 -106.19054  211  333  -95.29232 -106.43752  11.7%  21.4 9890s
 634604 604165 -105.79921  353  267  -95.29232 -106.43752  11.7%  21.4 9911s
 636796 606157 -105.07886  473  220  -95.29232 -106.43752  11.7%  21.4 9936s
 638953 608151 -104.09838  595  189  -95.29232 -106.43749  11.7%  21.5 9963s
 640990 610386 -102.80401  693  170  -95.29232 -106.43749  11.7%  21.5 10007s
 643255 611146 -100.40154  800  153  -95.29232 -106.43749  11.7%  21.5 10041s
 644061 613507  -98.23350  863  140  -95.29232 -106.43747  11.7%  21.5 10085s
 646660 615977  -95.30171  928  130  -95.29232 -106.43747  11.7%  21.5 10123s
 649278 618869 -106.28724  183  351  -95.29232 -106.43744  11.7%  21.6 10156s
 652192 621600 -106.01441  341  273  -95.29232 -106.43744  11.7%  21.6 10185s
 655011 623334 -105.43625  470  230  -95.29232 -106.43744  11.7%  21.5 10208s
 656875 625417 -104.44994  572  195  -95.29232 -106.43744  11.7%  21.5 10236s
 658966 627375 -102.99039  664  176  -95.29232 -106.43739  11.7%  21.5 10259s
 660944 629224 -101.26185  741  170  -95.29232 -106.43739  11.7%  21.6 10284s
 662866 631133  -99.22937  821  150  -95.29232 -106.43739  11.7%  21.6 10314s
 664807 633440  -96.42461  903  143  -95.29232 -106.43739  11.7%  21.6 10347s
 667417 635403 -106.39421   70  445  -95.29232 -106.43739  11.7%  21.6 10373s
 669435 637307 -106.24349  200  344  -95.29232 -106.43739  11.7%  21.6 10402s
 671514 639268 -105.98370  324  280  -95.29232 -106.43739  11.7%  21.6 10429s
 673557 641181 -105.50184  437  237  -95.29232 -106.43739  11.7%  21.6 10457s
 675586 643123 -104.60055  541  205  -95.29232 -106.43733  11.7%  21.6 10481s
 677552 644922 -103.43910  633  191  -95.29232 -106.43731  11.7%  21.6 10505s
 679351 645087 -101.67289  714  170  -95.29232 -106.43731  11.7%  21.6 10529s
 679516 646858 -101.56786  720  166  -95.29232 -106.43731  11.7%  21.6 10553s
 681324 648574  -99.49631  809  154  -95.29232 -106.43731  11.7%  21.6 10576s
 683065 650341  -96.77597  887  135  -95.29232 -106.43731  11.7%  21.7 10600s
 685077 652380 -106.36612   99  421  -95.29232 -106.43729  11.7%  21.7 10626s
 687116 654292 -106.17332  244  319  -95.29232 -106.43729  11.7%  21.7 10646s
 689136 656629 -105.77049  377  259  -95.29232 -106.43729  11.7%  21.7 10677s
 691663 658506 -104.84165  521  210  -95.29232 -106.43727  11.7%  21.7 10702s
 693601 660436 -103.76878  617  182  -95.29232 -106.43726  11.7%  21.7 10725s
 695573 662350 -102.41698  713  166  -95.29232 -106.43726  11.7%  21.7 10749s
 697558 664190 -100.12477  809  150  -95.29232 -106.43726  11.7%  21.7 10774s
 699457 666007     cutoff  906       -95.29232 -106.43726  11.7%  21.8 10800s

Explored 701455 nodes (15270470 simplex iterations) in 10800.15 seconds (2935.85 work units)
Thread count was 20 (of 72 available processors)

Solution count 10: -95.2923 -95.2594 -95.2493 ... -93.3312

Time limit reached
Best objective -9.529231567931e+01, best bound -1.064372536250e+02, gap 11.6955%
final_gap is 0.12%
x[0]: 5.00 x[1]: -3.00 x[2]: -14.00 x[3]: -10.00 x[4]: -4.00 x[5]: -11.00 x[6]: 2.00 x[7]: -12.00 x[8]: -19.00 x[9]: -12.00 x[10]: -4.00 x[11]: 21.00 x[12]: 1.00 x[13]: -1.00 x[14]: -16.00 x[15]: -1.00 x[16]: -8.00 x[17]: -1.00 x[18]: -9.00 x[19]: -1.00 x[20]: -26.00 x[21]: 2.00 x[22]: -5.00 x[23]: -1.00 x[24]: -4.00 x[25]: -19.00 x[26]: -4.00 x[27]: -30.00 x[28]: -3.00 x[29]: -16.00 x[30]: -15.00 x[31]: 6.00 x[32]: -1.00 x[33]: 11.00 x[34]: -3.00 x[35]: -12.00 x[36]: -7.00 x[37]: -9.00 x[38]: -1.00 x[39]: -2.00 x[40]: 3.00 x[41]: 11.00 x[42]: -6.00 x[43]: -6.00 x[44]: -16.00 x[45]: 7.00 x[46]: -6.00 x[47]: -12.00 x[48]: -1.00 x[49]: -3.00 x[50]: -3.00 x[51]: -6.00 x[52]: 3.00 x[53]: 2.00 x[54]: -15.00 x[55]: -11.00 x[56]: -13.00 x[57]: 10.00 x[58]: 1.00 x[59]: 4.00 x[60]: -10.00 x[61]: 0.00 x[62]: -24.00 x[63]: 5.00 x[64]: -5.00 x[65]: -6.00 x[66]: -1.00 x[67]: -7.00 x[68]: 0.00 x[69]: -1.00 x[70]: -23.00 x[71]: 17.00 x[72]: -9.00 x[73]: -18.00 x[74]: -27.00 x[75]: -9.00 x[76]: -3.00 x[77]: -12.00 x[78]: -1.00 x[79]: -13.00 x[80]: 14.00 x[81]: -14.00 x[82]: 5.00 x[83]: -24.00 x[84]: -11.00 x[85]: -11.00 x[86]: 0.00 x[87]: 6.00 x[88]: -8.00 x[89]: -3.00 x[90]: -1.00 x[91]: -19.00 x[92]: -1.00 x[93]: -6.00 x[94]: 0.00 x[95]: -13.00 x[96]: -13.00 x[97]: -3.00 x[98]: -7.00 x[99]: -3.00 x[100]: -14.00 x[101]: -1.00 x[102]: -5.00 x[103]: -2.00 x[104]: 4.00 x[105]: -20.00 x[106]: 11.00 x[107]: -14.00 x[108]: -12.00 x[109]: -11.00 x[110]: -14.00 x[111]: 2.00 x[112]: 2.00 x[113]: -1.00 x[114]: 1.00 x[115]: -17.00 x[116]: -10.00 x[117]: 1.00 x[118]: -9.00 x[119]: -9.00 x[120]: -13.00 x[121]: 3.00 x[122]: 1.00 x[123]: -12.00 x[124]: -28.00 x[125]: -13.00 x[126]: -14.00 x[127]: -3.00 x[128]: -5.00 x[129]: -2.00 x[130]: 1.00 x[131]: 3.00 x[132]: 0.00 x[133]: -6.00 x[134]: 0.00 x[135]: -1.00 x[136]: -11.00 x[137]: -14.00 x[138]: -3.00 x[139]: -10.00 x[140]: 11.00 x[141]: -14.00 x[142]: -5.00 x[143]: -15.00 x[144]: 3.00 x[145]: -15.00 x[146]: -8.00 x[147]: -6.00 x[148]: -16.00 x[149]: 8.00 x[150]: -12.00 x[151]: -17.00 x[152]: -13.00 x[153]: -2.00 x[154]: 7.00 x[155]: -5.00 x[156]: -18.00 x[157]: -3.00 x[158]: 0.00 x[159]: -5.00 x[160]: -7.00 x[161]: -5.00 x[162]: -10.00 x[163]: 7.00 x[164]: -8.00 x[165]: -1.00 x[166]: 10.00 x[167]: -13.00 x[168]: -8.00 x[169]: -5.00 x[170]: -9.00 x[171]: -2.00 x[172]: -5.00 x[173]: -26.00 x[174]: -30.00 x[175]: -10.00 x[176]: -34.00 x[177]: -8.00 x[178]: 5.00 x[179]: -27.00 x[180]: -21.00 x[181]: -6.00 x[182]: -15.00 x[183]: -8.00 x[184]: -10.00 x[185]: -14.00 x[186]: 3.00 x[187]: -5.00 x[188]: -15.00 x[189]: 10.00 x[190]: -10.00 x[191]: -2.00 x[192]: 1.00 x[193]: -4.00 x[194]: -13.00 x[195]: -2.00 x[196]: -2.00 x[197]: -8.00 x[198]: -10.00 x[199]: -10.00 x[200]: -19.00 x[201]: -4.00 x[202]: -5.00 x[203]: 3.00 x[204]: -7.00 x[205]: 1.00 x[206]: -6.00 x[207]: -5.00 x[208]: -7.00 x[209]: 4.00 x[210]: -16.00 x[211]: -2.00 x[212]: -7.00 x[213]: 4.00 x[214]: -12.00 x[215]: -13.00 x[216]: -3.00 x[217]: -16.00 x[218]: -7.00 x[219]: -2.00 x[220]: -9.00 x[221]: 2.00 x[222]: -1.00 x[223]: 3.00 x[224]: -8.00 x[225]: -7.00 x[226]: -30.00 x[227]: 3.00 x[228]: -15.00 x[229]: -4.00 x[230]: 16.00 x[231]: -7.00 x[232]: -19.00 x[233]: 5.00 x[234]: -11.00 x[235]: 4.00 x[236]: -5.00 x[237]: -9.00 x[238]: -17.00 x[239]: -8.00 x[240]: 4.00 x[241]: 6.00 x[242]: -4.00 x[243]: 7.00 x[244]: 4.00 x[245]: 2.00 x[246]: 2.00 x[247]: -17.00 x[248]: -22.00 x[249]: -11.00 x[250]: -9.00 x[251]: -6.00 x[252]: 7.00 x[253]: -8.00 x[254]: -13.00 x[255]: 4.00 x[256]: 5.00 x[257]: -6.00 x[258]: -6.00 x[259]: -5.00 x[260]: -5.00 x[261]: -13.00 x[262]: -24.00 x[263]: -4.00 x[264]: -6.00 x[265]: -15.00 x[266]: -11.00 x[267]: -30.00 x[268]: -11.00 x[269]: 0.00 x[270]: 6.00 x[271]: -3.00 x[272]: -5.00 x[273]: 10.00 x[274]: -2.00 x[275]: -4.00 x[276]: -17.00 x[277]: 1.00 x[278]: -10.00 x[279]: 2.00 x[280]: -4.00 x[281]: -8.00 x[282]: -10.00 x[283]: -3.00 x[284]: 7.00 x[285]: -8.00 x[286]: 4.00 x[287]: -4.00 x[288]: 4.00 x[289]: -1.00 x[290]: 3.00 x[291]: 10.00 x[292]: -3.00 x[293]: -18.00 x[294]: 2.00 x[295]: 0.00 x[296]: 0.00 x[297]: -7.00 x[298]: 2.00 x[299]: -1.00 x[300]: -7.00 x[301]: -1.00 x[302]: -12.00 x[303]: 7.00 x[304]: -6.00 x[305]: -10.00 x[306]: -12.00 x[307]: -8.00 x[308]: -5.00 x[309]: -11.00 x[310]: 9.00 x[311]: -4.00 x[312]: -1.00 x[313]: 1.00 x[314]: -7.00 x[315]: -3.00 x[316]: -8.00 x[317]: -3.00 x[318]: 6.00 x[319]: -11.00 x[320]: -23.00 x[321]: -18.00 x[322]: -9.00 x[323]: 6.00 x[324]: 0.00 x[325]: -6.00 x[326]: -7.00 x[327]: -2.00 x[328]: -4.00 x[329]: 0.00 x[330]: -1.00 x[331]: 8.00 x[332]: -23.00 x[333]: -9.00 x[334]: -12.00 x[335]: -16.00 x[336]: -9.00 x[337]: -5.00 x[338]: -2.00 x[339]: -36.00 x[340]: 1.00 x[341]: 3.00 x[342]: -4.00 x[343]: -17.00 x[344]: -19.00 x[345]: -4.00 x[346]: -11.00 x[347]: -2.00 x[348]: -22.00 x[349]: 4.00 x[350]: -14.00 x[351]: -6.00 x[352]: -2.00 x[353]: -8.00 x[354]: -22.00 x[355]: -21.00 x[356]: 4.00 x[357]: 8.00 x[358]: -20.00 x[359]: -15.00 x[360]: 0.00 x[361]: 7.00 x[362]: -10.00 x[363]: -6.00 x[364]: -4.00 x[365]: -2.00 x[366]: -18.00 x[367]: -5.00 x[368]: -1.00 x[369]: -16.00 x[370]: -15.00 x[371]: -16.00 x[372]: -3.00 x[373]: -21.00 x[374]: -5.00 x[375]: -15.00 x[376]: 22.00 x[377]: 10.00 x[378]: -5.00 x[379]: -19.00 x[380]: -9.00 x[381]: -3.00 x[382]: 3.00 x[383]: 0.00 x[384]: 0.00 x[385]: -17.00 x[386]: -9.00 x[387]: -2.00 x[388]: -10.00 x[389]: -19.00 x[390]: -4.00 x[391]: 8.00 x[392]: -8.00 x[393]: -15.00 x[394]: 0.00 x[395]: 26.00 x[396]: 0.00 x[397]: -3.00 x[398]: -8.00 x[399]: -7.00 x[400]: -9.00 x[401]: 5.00 x[402]: -7.00 x[403]: -5.00 x[404]: -1.00 x[405]: -6.00 x[406]: -23.00 x[407]: -44.00 x[408]: 9.00 x[409]: -11.00 x[410]: -7.00 x[411]: -1.00 x[412]: -4.00 x[413]: 4.00 x[414]: 0.00 x[415]: -7.00 x[416]: -13.00 x[417]: -16.00 x[418]: -28.00 x[419]: -1.00 x[420]: 5.00 x[421]: -11.00 x[422]: -3.00 x[423]: 16.00 x[424]: 0.00 x[425]: -29.00 x[426]: 4.00 x[427]: -21.00 x[428]: -12.00 x[429]: -10.00 x[430]: -8.00 x[431]: 6.00 x[432]: 10.00 x[433]: 0.00 x[434]: -6.00 x[435]: -4.00 x[436]: 8.00 x[437]: -8.00 x[438]: 7.00 x[439]: 6.00 x[440]: -5.00 x[441]: -5.00 x[442]: -8.00 x[443]: 1.00 x[444]: -2.00 x[445]: -35.00 x[446]: 10.00 x[447]: -14.00 x[448]: -5.00 x[449]: -7.00 x[450]: -3.00 x[451]: 2.00 x[452]: -3.00 x[453]: -23.00 x[454]: -8.00 x[455]: -4.00 x[456]: -1.00 x[457]: -10.00 x[458]: -4.00 x[459]: 1.00 x[460]: 0.00 x[461]: -15.00 x[462]: -7.00 x[463]: -18.00 x[464]: -5.00 x[465]: -15.00 x[466]: 16.00 x[467]: 1.00 x[468]: -20.00 x[469]: -8.00 x[470]: -10.00 x[471]: -3.00 x[472]: -24.00 x[473]: -19.00 x[474]: -10.00 x[475]: -10.00 x[476]: -19.00 x[477]: -6.00 x[478]: 4.00 x[479]: -11.00 x[480]: -11.00 x[481]: -6.00 x[482]: -6.00 x[483]: -16.00 x[484]: 11.00 x[485]: 3.00 x[486]: -19.00 x[487]: -4.00 x[488]: -5.00 x[489]: 0.00 x[490]: 7.00 x[491]: -6.00 x[492]: -14.00 x[493]: 2.00 x[494]: -2.00 x[495]: -6.00 x[496]: -15.00 x[497]: 3.00 x[498]: -5.00 x[499]: -34.00 
Objective Value: -95.29
Elapsed Time: 10800.1600 sec

无可行解，所有约束违规量为零
输出违反约束的量

100%|██████████| 5/5 [15:00:16<00:00, 10803.28s/it]  
100%|██████████| 5/5 [15:00:16<00:00, 10803.33s/it]
[0. 0. 0. 0. 0. 0. 0. 0. 0. 0. 0. 0. 0. 0. 0. 0. 0. 0. 0. 0. 0. 0. 0. 0.
 0. 0. 0. 0. 0. 0. 0. 0. 0. 0. 0. 0. 0. 0. 0. 0. 0. 0. 0. 0. 0. 0. 0. 0.
 0. 0. 0. 0. 0. 0. 0. 0. 0. 0. 0. 0. 0. 0. 0. 0. 0. 0. 0. 0. 0. 0. 0. 0.
 0. 0. 0. 0. 0. 0. 0. 0. 0. 0. 0. 0. 0. 0. 0. 0. 0. 0. 0. 0. 0. 0. 0. 0.
 0. 0. 0. 0. 0. 0. 0. 0. 0. 0. 0. 0. 0. 0. 0. 0. 0. 0. 0. 0. 0. 0. 0. 0.
 0. 0. 0. 0. 0. 0. 0. 0. 0. 0. 0. 0. 0. 0. 0. 0. 0. 0. 0. 0. 0. 0. 0. 0.
 0. 0. 0. 0. 0. 0. 0. 0. 0. 0. 0. 0. 0. 0. 0. 0. 0. 0. 0. 0. 0. 0. 0. 0.
 0. 0. 0. 0. 0. 0. 0. 0. 0. 0. 0. 0. 0. 0. 0. 0. 0. 0. 0. 0. 0. 0. 0. 0.
 0. 0. 0. 0. 0. 0. 0. 0. 0. 0. 0. 0. 0. 0. 0. 0. 0. 0. 0. 0. 0. 0. 0. 0.
 0. 0. 0. 0. 0. 0. 0. 0. 0. 0. 0. 0. 0. 0. 0. 0. 0. 0. 0. 0. 0. 0. 0. 0.
 0. 0. 0. 0. 0. 0. 0. 0. 0. 0. 0. 0. 0. 0. 0. 0. 0. 0. 0. 0. 0. 0. 0. 0.
 0. 0. 0. 0. 0. 0. 0. 0. 0. 0. 0. 0. 0. 0. 0. 0. 0. 0. 0. 0. 0. 0. 0. 0.
 0. 0. 0. 0. 0. 0. 0. 0. 0. 0. 0. 0. 0. 0. 0. 0. 0. 0. 0. 0. 0. 0. 0. 0.
 0. 0. 0. 0. 0. 0. 0. 0. 0. 0. 0. 0. 0. 0. 0. 0. 0. 0. 0. 0. 0. 0. 0. 0.
 0. 0. 0. 0. 0. 0. 0. 0. 0. 0. 0. 0. 0. 0. 0. 0. 0. 0. 0. 0. 0. 0. 0. 0.
 0. 0. 0. 0. 0. 0. 0. 0. 0. 0. 0. 0. 0. 0. 0. 0. 0. 0. 0. 0. 0. 0. 0. 0.
 0. 0. 0. 0. 0. 0. 0. 0. 0. 0. 0. 0. 0. 0. 0. 0. 0. 0. 0. 0. 0. 0. 0. 0.
 0. 0. 0. 0. 0. 0. 0. 0. 0. 0. 0. 0. 0. 0. 0. 0. 0. 0. 0. 0. 0. 0. 0. 0.
 0. 0. 0. 0. 0. 0. 0. 0. 0. 0. 0. 0. 0. 0. 0. 0. 0. 0. 0. 0. 0. 0. 0. 0.
 0. 0. 0. 0. 0. 0. 0. 0. 0. 0. 0. 0. 0. 0. 0. 0. 0. 0. 0. 0. 0. 0. 0. 0.
 0. 0. 0. 0. 0. 0. 0. 0. 0. 0. 0. 0. 0. 0. 0. 0. 0. 0. 0. 0.]
约束的个数: 500
Gurobi model disposed.
gurobi求解的结果
         Obj Val       gap  ...  Num Violations  Elapsed Time
count   5.000000  5.000000  ...             5.0      5.000000
mean  -95.838874  0.111403  ...             0.0  10800.149838
std     0.562683  0.004429  ...             0.0      0.029486
min   -96.676848  0.104599  ...             0.0  10800.098676
25%   -96.110141  0.111205  ...             0.0  10800.154892
50%   -95.687211  0.111766  ...             0.0  10800.160003
75%   -95.427856  0.112488  ...             0.0  10800.161282
max   -95.292316  0.116955  ...             0.0  10800.174337

[8 rows x 6 columns]
 0%|          | 0/5 [00:00<?, ?it/s]此时传入模型的b
[-0.02607701  0.10076446  0.2599986   0.967666    0.54001546 -0.49367496
  0.970494   -0.524936    0.84286106  0.00278004 -0.87514746  0.9627681
  0.48658982  0.9176744  -0.57225853  0.5297189   0.6803667   0.6638707
 -0.25219756  0.8573785  -0.48696885 -0.6797898   0.40442836  0.3629921
 -0.6603789  -0.29799554 -0.5683996   0.55966294 -0.37835607 -0.42317036
  0.8458947  -0.71495306 -0.3968823  -0.6586338  -0.07609085 -0.92440766
  0.41126573 -0.79247355 -0.6198128  -0.9241388   0.7067138   0.40457988
 -0.3284273   0.05509066  0.6768017  -0.59440607 -0.99421036  0.06942318
 -0.5334551   0.36398822  0.7905841   0.15219793 -0.90336657 -0.70383775
 -0.21351565 -0.49497193  0.28819236  0.4541357  -0.09801786  0.6775447
 -0.6786267   0.74237084  0.9935571  -0.9032261   0.06642406 -0.04865926
  0.8758837  -0.18713611 -0.5690861  -0.43250635 -0.21454483 -0.74528915
  0.9656312  -0.8149716  -0.5703125   0.7566268   0.03751551 -0.00454872
  0.86776835 -0.299705    0.8908202   0.84150827 -0.74311113 -0.30640998
 -0.6931393   0.33521727 -0.40256432 -0.4042287  -0.95752025 -0.3599502
 -0.02555376  0.04833192 -0.4712866   0.5639645  -0.00700805 -0.20829897
  0.42780393  0.6554517   0.5616118   0.19922599 -0.98071146 -0.10089989
  0.63805926 -0.8253225  -0.79745126  0.85385484  0.40392908 -0.49318424
  0.41854993  0.90966254 -0.61332464 -0.90090925  0.8427929   0.4819418
 -0.7861948  -0.2647011  -0.9860659  -0.75410104 -0.9095836   0.5116617
 -0.8524705  -0.8664602   0.44509846  0.2073652   0.58472526  0.87389493
 -0.35726038 -0.48567912  0.11546929  0.3726134  -0.47257823  0.3661342
 -0.09865748  0.6733306   0.7943914  -0.6436359   0.93907654  0.4244008
  0.8213494  -0.8252887  -0.5445584  -0.7110761   0.51943403 -0.21594462
  0.21208173  0.33140546 -0.05191468  0.3512837   0.98711264 -0.43051746
 -0.45456457 -0.50856185 -0.00494564  0.09273714 -0.761028    0.11646018
 -0.41198203 -0.5897828   0.09360172  0.95507145 -0.9019733   0.6525742
 -0.07939521 -0.5516682   0.4532909  -0.3087916  -0.7073828   0.87992066
  0.2687346  -0.7937015  -0.48137748  0.5352949  -0.25302505  0.2389638
  0.485452    0.4984184   0.36785284  0.20099303  0.67987     0.2598768
  0.74403375  0.5776956   0.7514222   0.26057422  0.82592016 -0.41480026
 -0.7349045  -0.2788368  -0.01738462  0.57246506 -0.17667113  0.22508882
  0.00808124 -0.25304562  0.35321787 -0.37146422  0.7322761  -0.7098518
 -0.9786967   0.08064195  0.05569066 -0.33584893  0.8573238  -0.91496277
 -0.9260074   0.14195956 -0.05567772 -0.23748218  0.2629778  -0.12667295
 -0.57292867 -0.38452542 -0.9881866  -0.77549684  0.8920306  -0.90480214
 -0.41048333  0.7648886   0.8897897   0.4554103   0.5842755  -0.7338699
  0.49868926 -0.8255242   0.04997568 -0.653682   -0.19080631 -0.6639396
  0.8988143   0.5782932  -0.05692454 -0.34609702  0.909926   -0.8620031
  0.70390993  0.39893886 -0.9396134  -0.25843868 -0.8713038   0.33809292
 -0.85873246  0.29673147  0.45193192 -0.16907643 -0.7771194   0.7443099
 -0.38236496  0.13781762  0.67784846  0.8632668  -0.20580232  0.7711945
  0.38626367  0.01015001  0.95100045  0.49357525 -0.24304292 -0.09247647
 -0.6335686  -0.2773062   0.80956537 -0.8378579   0.22128038  0.6811014
  0.30958223 -0.1245824  -0.28202978  0.19591726 -0.6949677  -0.3439473
 -0.31808192 -0.28787768 -0.98692477  0.5055686  -0.20066369  0.34707326
 -0.11275352  0.9642143  -0.97979677  0.67468095 -0.5973917   0.11991414
  0.53707016 -0.50577873  0.54671514  0.5716489  -0.13760301 -0.8272779
  0.05152573  0.30807126 -0.801082    0.35303372  0.02228232 -0.62139666
  0.14801626 -0.264919   -0.7493626  -0.11222773 -0.06894805  0.58073026
  0.8263559  -0.47482732 -0.45167485  0.43527484  0.05390319  0.5783899
  0.5904656   0.54265726 -0.59208417 -0.20825055  0.4626061  -0.6128521
 -0.22214334 -0.7965511  -0.59770733  0.9915424   0.14295296  0.53091955
  0.25241503  0.93434346 -0.84405553 -0.8532934   0.5805921   0.14689428
  0.24813774 -0.24319856 -0.51018095  0.31466752 -0.07765884  0.93071455
 -0.15047714  0.729231    0.43213162 -0.12172886  0.4438155  -0.1232236
  0.2585474   0.60585284 -0.6464608  -0.28325236 -0.45844102 -0.725197
 -0.06509558 -0.600924   -0.03192227 -0.32332882 -0.61941975 -0.8864018
 -0.5507389  -0.95266604  0.95342904 -0.08574303  0.4753875  -0.5914443
 -0.7738671   0.32340118 -0.9982985  -0.40425768  0.45521432 -0.87020063
 -0.12901786 -0.41781086  0.33363062 -0.261671    0.07668504  0.93136734
 -0.52925014  0.85524917  0.03291228  0.5265792  -0.6965598  -0.7046376
 -0.34352663  0.00188479  0.3855039  -0.03364149  0.1317618  -0.5966531
  0.86244583  0.896356   -0.20534702  0.28540093  0.65362847 -0.16363683
 -0.3528381  -0.13177128  0.08114007 -0.00773245  0.7640868   0.9109648
  0.9045825   0.30011362 -0.5778712   0.3196648   0.31277576  0.9397862
 -0.35068026 -0.9765761  -0.7516173  -0.8080599  -0.96340483 -0.66805845
 -0.31805295 -0.5881695   0.43321872  0.48293412  0.80734044  0.21428837
  0.6819496   0.82335293  0.16481517 -0.54356927  0.6248157   0.80745745
  0.43088052 -0.33238652  0.2898473   0.4268177  -0.86811656  0.02373825
  0.30424744  0.53619516 -0.81105494 -0.39319173  0.26071316  0.8720844
 -0.12167717  0.9927738   0.44427675 -0.87311643 -0.9255447   0.24755722
  0.8651364  -0.6268454  -0.784231   -0.68500936 -0.6899023  -0.6778473
  0.89389855  0.9429436  -0.6708941   0.02906497 -0.14721458  0.7941043
  0.504108   -0.31145296  0.7579115   0.9754454   0.76140654  0.30272847
 -0.62528956  0.33154908 -0.16533811  0.6952676   0.72502244 -0.5494438
  0.12151973 -0.63644    -0.6260492   0.5653455   0.90838313 -0.16201542
  0.10574211  0.6213263   0.3734069  -0.8199083   0.6314189   0.28897637
  0.05484232  0.08617085 -0.02420762  0.21282277 -0.9844856   0.35933977
 -0.44762528  0.5105923   0.10593016 -0.30751717  0.8044898  -0.07288171
  0.36920714  0.72427857  0.04091261 -0.60105926  0.8319937   0.80865556
  0.5041402  -0.03611054  0.5248966   0.7164743   0.6412964  -0.6385252
  0.6710466  -0.85513276  0.6531548  -0.25763687  0.9895369  -0.611433
 -0.8690526   0.87504005]
======================================================
Solve MINLP problem:
[[0.00294665 0.         0.         ... 0.         0.         0.        ]
 [0.         0.00530587 0.         ... 0.         0.         0.        ]
 [0.         0.         0.00191521 ... 0.         0.         0.        ]
 ...
 [0.         0.         0.         ... 0.00036931 0.         0.        ]
 [0.         0.         0.         ... 0.         0.00864608 0.        ]
 [0.         0.         0.         ... 0.         0.         0.0002159 ]]
[0.00133922 0.08177239 0.02510362 0.05407345 0.0584661  0.06953505
 0.0572123  0.03969068 0.0244073  0.07791699 0.04997084 0.01213402
 0.06808288 0.0112906  0.03857721 0.06185987 0.07575615 0.04951519
 0.05330309 0.06762374 0.08010294 0.02096921 0.02583031 0.02608824
 0.05500534 0.08229287 0.01873222 0.06601226 0.01353801 0.02233934
 0.06650325 0.01563992 0.01025159 0.05748777 0.0352567  0.08438829
 0.03763755 0.02197414 0.04864225 0.09976746 0.00181751 0.00729885
 0.08754292 0.03216953 0.02603403 0.05598473 0.05248588 0.04908028
 0.04183061 0.05945832 0.04630717 0.06185976 0.02284373 0.01333738
 0.07422781 0.0538897  0.06085712 0.0611719  0.07460422 0.0845935
 0.00725107 0.04313434 0.04728378 0.06317844 0.06107105 0.0358849
 0.03265345 0.00307268 0.03492641 0.00220235 0.07327128 0.0157121
 0.02361114 0.05673034 0.09645324 0.05110158 0.06613662 0.02328464
 0.07959891 0.09027635 0.06257487 0.08225257 0.01248787 0.08656734
 0.02557825 0.02754175 0.03855789 0.08877995 0.03626134 0.00023315
 0.00387181 0.04408163 0.03452555 0.09239139 0.06734281 0.01021451
 0.05867741 0.0515583  0.06876298 0.03105892 0.05197503 0.0049388
 0.06264219 0.08953422 0.05860403 0.07815534 0.03476151 0.00306742
 0.08422802 0.00581519 0.0843923  0.00774878 0.0132233  0.09230754
 0.04921892 0.04722613 0.08399801 0.06804495 0.07964862 0.07986401
 0.06359439 0.04765696 0.05138381 0.03877611 0.05708265 0.02026126
 0.09548149 0.02687087 0.02772522 0.07923771 0.03475723 0.03359557
 0.00400404 0.09081151 0.02953911 0.04516075 0.04593805 0.07474501
 0.00706981 0.07728628 0.04100942 0.07414747 0.05794287 0.09270067
 0.00499511 0.06015323 0.04723491 0.07328196 0.08622323 0.07708847
 0.00772451 0.04070049 0.05042961 0.02967686 0.04229219 0.01438626
 0.07556076 0.06884494 0.03621866 0.09768255 0.07451063 0.08162189
 0.03265578 0.00066749 0.03712253 0.07146835 0.02995036 0.08405409
 0.03584627 0.07842178 0.06781245 0.02518036 0.06832849 0.07154936
 0.09606445 0.08637938 0.08172043 0.02333243 0.05890263 0.07351509
 0.09244427 0.07091198 0.07420116 0.06281726 0.03615584 0.08071931
 0.05708791 0.03514295 0.04337441 0.02101509 0.0636107  0.03513254
 0.03402702 0.02087314 0.07591831 0.07796393 0.0382953  0.03873887
 0.08548603 0.09315812 0.07185882 0.06257971 0.07543251 0.08081806
 0.06399422 0.04348634 0.06746841 0.03374991 0.01661944 0.02442329
 0.00567911 0.0475542  0.08633873 0.05100447 0.06934462 0.08680323
 0.09878164 0.08082736 0.09100773 0.09516713 0.09612457 0.03745898
 0.04359444 0.05694872 0.04626932 0.09445095 0.0836615  0.0013266
 0.0441172  0.05260435 0.06512218 0.09733626 0.0528653  0.02258527
 0.07674533 0.00949805 0.01788375 0.06693704 0.08226266 0.01638301
 0.01801214 0.0003151  0.05238591 0.05562263 0.069318   0.04074037
 0.00111452 0.05069197 0.09800315 0.04777785 0.02962359 0.05721144
 0.08420964 0.05887146 0.08433907 0.0409551  0.01031315 0.05571807
 0.03922759 0.07541025 0.09809351 0.09857075 0.09086422 0.03109582
 0.08274066 0.08056854 0.05166704 0.07578351 0.04382434 0.01477322
 0.01130025 0.03397862 0.0440002  0.00382547 0.0405858  0.05992139
 0.07180629 0.03076267 0.05439422 0.05595874 0.06127391 0.06153024
 0.04960326 0.08374212 0.01123874 0.05504487 0.05397648 0.00527283
 0.0132057  0.01910609 0.00592752 0.09450579 0.06426141 0.03605839
 0.06962132 0.04120773 0.07159304 0.04223442 0.08767316 0.08335783
 0.0442676  0.05137423 0.0191519  0.03084932 0.05612969 0.08326521
 0.09981613 0.04975683 0.00667542 0.09734665 0.06632399 0.0095614
 0.03448687 0.02514818 0.03820351 0.07851758 0.0562359  0.0322804
 0.02424905 0.05365921 0.05166194 0.00103395 0.05248943 0.03413897
 0.00321797 0.0135666  0.05104997 0.03297562 0.09515222 0.02353217
 0.08770565 0.05819153 0.07880408 0.06048169 0.08510414 0.07834791
 0.09723876 0.08982619 0.00141041 0.06491263 0.08322218 0.07945705
 0.06314119 0.07815998 0.09043522 0.00194805 0.09838504 0.00719455
 0.09940301 0.01675928 0.05358797 0.09972834 0.05633487 0.02203558
 0.04122514 0.05621719 0.02949358 0.00323306 0.045841   0.0864933
 0.0861266  0.02458368 0.05032549 0.05070931 0.04436682 0.00033209
 0.05000338 0.04556979 0.04066138 0.05734781 0.07779707 0.07503536
 0.03979888 0.05546754 0.0510734  0.07288759 0.0038776  0.09143401
 0.00533113 0.0631238  0.0822524  0.04454337 0.03013635 0.04701835
 0.03351121 0.04578329 0.09128481 0.06656726 0.03954722 0.03178628
 0.04299563 0.00019806 0.09570965 0.06161056 0.02724723 0.05609425
 0.04883717 0.02848462 0.02782634 0.05688568 0.02571337 0.0311811
 0.00272871 0.04378882 0.08420307 0.07772633 0.05852183 0.08166751
 0.00029335 0.07850384 0.09362274 0.05035981 0.0552622  0.00116196
 0.02389757 0.06385213 0.06298134 0.06436209 0.06114441 0.0239408
 0.01367103 0.02360204 0.02809949 0.04488965 0.07335366 0.06448454
 0.00896222 0.04484223 0.00286915 0.07755604 0.04794993 0.01262589
 0.0178823  0.05907873 0.00489121 0.01276896 0.02016645 0.05318037
 0.01977345 0.04140443 0.04665961 0.041359   0.05992908 0.0777708
 0.061222   0.07758379 0.02049927 0.06980975 0.00542676 0.01413459
 0.00570196 0.01199475 0.03469513 0.07083954 0.0605495  0.05667881
 0.02657863 0.07266255 0.00528351 0.00801001 0.03527261 0.09968004
 0.03065466 0.07958693 0.05965904 0.07281371 0.00461331 0.02969448
 0.05310453 0.00169754 0.02180899 0.04461533 0.05286625 0.04501398
 0.06021779 0.08571979 0.04486718 0.05069914 0.00407421 0.07037332
 0.06241258 0.01858998 0.03386769 0.01501927 0.01143804 0.01308397
 0.07770566 0.00100339 0.08206587 0.09505336 0.05697101 0.07545044
 0.07674267 0.00739541 0.07841799 0.01024942 0.02098656 0.01792223
 0.01914838 0.03251976]
[[-0.05174188  0.09723156 -0.02041709 ...  0.20673279 -0.0414435
   0.0362385 ]
 [ 0.03663959 -0.19775092  0.05117836 ...  0.06210294  0.14739006
   0.04037151]
 [ 0.08735605 -0.10103314  0.03549017 ... -0.00663709  0.05049992
  -0.04427324]
 ...
 [-0.12178913  0.00677205  0.09318566 ...  0.1984211  -0.09827667
  -0.03660177]
 [ 0.03619071 -0.08138609  0.12245426 ...  0.09280058 -0.24994393
   0.13769932]
 [ 0.12697229  0.13147694  0.10654318 ...  0.02334976  0.05295595
   0.03927171]]
Set parameter LicenseID to value 2639321
此时输入模型的b
[-0.026077012, 0.10076446, 0.2599986, 0.967666, 0.54001546, -0.49367496, 0.970494, -0.524936, 0.84286106, 0.0027800382, -0.87514746, 0.9627681, 0.48658982, 0.9176744, -0.57225853, 0.5297189, 0.6803667, 0.6638707, -0.25219756, 0.8573785, -0.48696885, -0.6797898, 0.40442836, 0.3629921, -0.6603789, -0.29799554, -0.5683996, 0.55966294, -0.37835607, -0.42317036, 0.8458947, -0.71495306, -0.3968823, -0.6586338, -0.07609085, -0.92440766, 0.41126573, -0.79247355, -0.6198128, -0.9241388, 0.7067138, 0.40457988, -0.3284273, 0.055090662, 0.6768017, -0.59440607, -0.99421036, 0.06942318, -0.5334551, 0.36398822, 0.7905841, 0.15219793, -0.90336657, -0.70383775, -0.21351565, -0.49497193, 0.28819236, 0.4541357, -0.09801786, 0.6775447, -0.6786267, 0.74237084, 0.9935571, -0.9032261, 0.066424064, -0.04865926, 0.8758837, -0.18713611, -0.5690861, -0.43250635, -0.21454483, -0.74528915, 0.9656312, -0.8149716, -0.5703125, 0.7566268, 0.037515514, -0.004548723, 0.86776835, -0.299705, 0.8908202, 0.84150827, -0.74311113, -0.30640998, -0.6931393, 0.33521727, -0.40256432, -0.4042287, -0.95752025, -0.3599502, -0.02555376, 0.04833192, -0.4712866, 0.5639645, -0.0070080482, -0.20829897, 0.42780393, 0.6554517, 0.5616118, 0.19922599, -0.98071146, -0.10089989, 0.63805926, -0.8253225, -0.79745126, 0.85385484, 0.40392908, -0.49318424, 0.41854993, 0.90966254, -0.61332464, -0.90090925, 0.8427929, 0.4819418, -0.7861948, -0.2647011, -0.9860659, -0.75410104, -0.9095836, 0.5116617, -0.8524705, -0.8664602, 0.44509846, 0.2073652, 0.58472526, 0.87389493, -0.35726038, -0.48567912, 0.11546929, 0.3726134, -0.47257823, 0.3661342, -0.09865748, 0.6733306, 0.7943914, -0.6436359, 0.93907654, 0.4244008, 0.8213494, -0.8252887, -0.5445584, -0.7110761, 0.51943403, -0.21594462, 0.21208173, 0.33140546, -0.051914684, 0.3512837, 0.98711264, -0.43051746, -0.45456457, -0.50856185, -0.004945639, 0.09273714, -0.761028, 0.11646018, -0.41198203, -0.5897828, 0.09360172, 0.95507145, -0.9019733, 0.6525742, -0.07939521, -0.5516682, 0.4532909, -0.3087916, -0.7073828, 0.87992066, 0.2687346, -0.7937015, -0.48137748, 0.5352949, -0.25302505, 0.2389638, 0.485452, 0.4984184, 0.36785284, 0.20099303, 0.67987, 0.2598768, 0.74403375, 0.5776956, 0.7514222, 0.26057422, 0.82592016, -0.41480026, -0.7349045, -0.2788368, -0.017384624, 0.57246506, -0.17667113, 0.22508882, 0.008081243, -0.25304562, 0.35321787, -0.37146422, 0.7322761, -0.7098518, -0.9786967, 0.08064195, 0.055690665, -0.33584893, 0.8573238, -0.91496277, -0.9260074, 0.14195956, -0.05567772, -0.23748218, 0.2629778, -0.12667295, -0.57292867, -0.38452542, -0.9881866, -0.77549684, 0.8920306, -0.90480214, -0.41048333, 0.7648886, 0.8897897, 0.4554103, 0.5842755, -0.7338699, 0.49868926, -0.8255242, 0.04997568, -0.653682, -0.19080631, -0.6639396, 0.8988143, 0.5782932, -0.056924544, -0.34609702, 0.909926, -0.8620031, 0.70390993, 0.39893886, -0.9396134, -0.25843868, -0.8713038, 0.33809292, -0.85873246, 0.29673147, 0.45193192, -0.16907643, -0.7771194, 0.7443099, -0.38236496, 0.13781762, 0.67784846, 0.8632668, -0.20580232, 0.7711945, 0.38626367, 0.01015001, 0.95100045, 0.49357525, -0.24304292, -0.09247647, -0.6335686, -0.2773062, 0.80956537, -0.8378579, 0.22128038, 0.6811014, 0.30958223, -0.1245824, -0.28202978, 0.19591726, -0.6949677, -0.3439473, -0.31808192, -0.28787768, -0.98692477, 0.5055686, -0.20066369, 0.34707326, -0.11275352, 0.9642143, -0.97979677, 0.67468095, -0.5973917, 0.119914144, 0.53707016, -0.50577873, 0.54671514, 0.5716489, -0.13760301, -0.8272779, 0.051525734, 0.30807126, -0.801082, 0.35303372, 0.022282315, -0.62139666, 0.14801626, -0.264919, -0.7493626, -0.11222773, -0.06894805, 0.58073026, 0.8263559, -0.47482732, -0.45167485, 0.43527484, 0.05390319, 0.5783899, 0.5904656, 0.54265726, -0.59208417, -0.20825055, 0.4626061, -0.6128521, -0.22214334, -0.7965511, -0.59770733, 0.9915424, 0.14295296, 0.53091955, 0.25241503, 0.93434346, -0.84405553, -0.8532934, 0.5805921, 0.14689428, 0.24813774, -0.24319856, -0.51018095, 0.31466752, -0.07765884, 0.93071455, -0.15047714, 0.729231, 0.43213162, -0.12172886, 0.4438155, -0.1232236, 0.2585474, 0.60585284, -0.6464608, -0.28325236, -0.45844102, -0.725197, -0.06509558, -0.600924, -0.03192227, -0.32332882, -0.61941975, -0.8864018, -0.5507389, -0.95266604, 0.95342904, -0.08574303, 0.4753875, -0.5914443, -0.7738671, 0.32340118, -0.9982985, -0.40425768, 0.45521432, -0.87020063, -0.12901786, -0.41781086, 0.33363062, -0.261671, 0.07668504, 0.93136734, -0.52925014, 0.85524917, 0.03291228, 0.5265792, -0.6965598, -0.7046376, -0.34352663, 0.0018847934, 0.3855039, -0.033641487, 0.1317618, -0.5966531, 0.86244583, 0.896356, -0.20534702, 0.28540093, 0.65362847, -0.16363683, -0.3528381, -0.13177128, 0.08114007, -0.0077324463, 0.7640868, 0.9109648, 0.9045825, 0.30011362, -0.5778712, 0.3196648, 0.31277576, 0.9397862, -0.35068026, -0.9765761, -0.7516173, -0.8080599, -0.96340483, -0.66805845, -0.31805295, -0.5881695, 0.43321872, 0.48293412, 0.80734044, 0.21428837, 0.6819496, 0.82335293, 0.16481517, -0.54356927, 0.6248157, 0.80745745, 0.43088052, -0.33238652, 0.2898473, 0.4268177, -0.86811656, 0.023738248, 0.30424744, 0.53619516, -0.81105494, -0.39319173, 0.26071316, 0.8720844, -0.12167717, 0.9927738, 0.44427675, -0.87311643, -0.9255447, 0.24755722, 0.8651364, -0.6268454, -0.784231, -0.68500936, -0.6899023, -0.6778473, 0.89389855, 0.9429436, -0.6708941, 0.029064968, -0.14721458, 0.7941043, 0.504108, -0.31145296, 0.7579115, 0.9754454, 0.76140654, 0.30272847, -0.62528956, 0.33154908, -0.16533811, 0.6952676, 0.72502244, -0.5494438, 0.12151973, -0.63644, -0.6260492, 0.5653455, 0.90838313, -0.16201542, 0.10574211, 0.6213263, 0.3734069, -0.8199083, 0.6314189, 0.28897637, 0.054842316, 0.08617085, -0.024207618, 0.21282277, -0.9844856, 0.35933977, -0.44762528, 0.5105923, 0.105930164, -0.30751717, 0.8044898, -0.07288171, 0.36920714, 0.72427857, 0.040912606, -0.60105926, 0.8319937, 0.80865556, 0.5041402, -0.036110543, 0.5248966, 0.7164743, 0.6412964, -0.6385252, 0.6710466, -0.85513276, 0.6531548, -0.25763687, 0.9895369, -0.611433, -0.8690526, 0.87504005]
已作为Gurobi初始解
此时传入求解器的初始解为：
[7.0, -2.0, -16.0, -10.0, -2.0, -10.0, 4.0, -13.0, -19.0, -11.0, -4.0, 21.0, 4.0, -1.0, -13.0, -1.0, -6.0, 0.0, -9.0, -1.0, -27.0, 5.0, -1.0, 0.0, -5.0, -15.0, -4.0, -26.0, -5.0, -18.0, -14.0, 7.0, 1.0, 13.0, -2.0, -12.0, -8.0, -10.0, 2.0, -1.0, 3.0, 13.0, -6.0, -6.0, -16.0, 8.0, -7.0, -11.0, -1.0, -3.0, -4.0, -4.0, 5.0, 2.0, -16.0, -11.0, -11.0, 12.0, 4.0, 4.0, -11.0, 1.0, -21.0, 4.0, -5.0, -4.0, -2.0, -8.0, 0.0, -1.0, -22.0, 17.0, -10.0, -18.0, -25.0, -8.0, -3.0, -12.0, -2.0, -11.0, 15.0, -11.0, 7.0, -22.0, -10.0, -12.0, 1.0, 7.0, -7.0, -4.0, -1.0, -18.0, -2.0, -6.0, 2.0, -11.0, -14.0, -4.0, -8.0, -4.0, -14.0, 0.0, -5.0, -2.0, 5.0, -19.0, 12.0, -15.0, -11.0, -12.0, -12.0, 3.0, 2.0, -1.0, 2.0, -17.0, -8.0, 3.0, -8.0, -10.0, -14.0, 3.0, 2.0, -12.0, -25.0, -15.0, -13.0, -4.0, -6.0, -1.0, 0.0, 4.0, 0.0, -7.0, -1.0, -1.0, -13.0, -14.0, -6.0, -9.0, 13.0, -13.0, -4.0, -13.0, 3.0, -12.0, -8.0, -7.0, -11.0, 9.0, -11.0, -16.0, -14.0, -1.0, 7.0, -5.0, -18.0, -5.0, 2.0, -4.0, -7.0, -5.0, -9.0, 8.0, -8.0, -1.0, 11.0, -14.0, -8.0, -1.0, -8.0, -3.0, -4.0, -25.0, -30.0, -10.0, -33.0, -7.0, 6.0, -26.0, -21.0, -6.0, -14.0, -9.0, -9.0, -14.0, 4.0, -4.0, -17.0, 10.0, -10.0, -1.0, 2.0, -4.0, -12.0, -2.0, -2.0, -10.0, -10.0, -9.0, -18.0, -3.0, -5.0, 4.0, -7.0, 1.0, -6.0, -5.0, -7.0, 6.0, -15.0, 0.0, -7.0, 3.0, -10.0, -11.0, -3.0, -14.0, -7.0, -2.0, -9.0, 3.0, -1.0, 1.0, -7.0, -6.0, -29.0, 4.0, -14.0, -4.0, 18.0, -6.0, -20.0, 3.0, -11.0, 3.0, -4.0, -9.0, -16.0, -9.0, 5.0, 7.0, -3.0, 10.0, 7.0, 2.0, 2.0, -18.0, -19.0, -10.0, -9.0, -7.0, 9.0, -9.0, -10.0, 3.0, 5.0, -7.0, -7.0, -4.0, -6.0, -14.0, -23.0, -3.0, -4.0, -14.0, -11.0, -28.0, -12.0, 1.0, 5.0, -1.0, -5.0, 10.0, -3.0, -4.0, -17.0, 1.0, -9.0, 4.0, -3.0, -7.0, -10.0, -3.0, 7.0, -7.0, 6.0, -4.0, 6.0, 0.0, 4.0, 10.0, -1.0, -16.0, 3.0, 2.0, 3.0, -7.0, 3.0, 2.0, -9.0, 0.0, -14.0, 8.0, -3.0, -8.0, -13.0, -7.0, -4.0, -11.0, 9.0, -5.0, 0.0, 3.0, -8.0, -2.0, -8.0, -2.0, 8.0, -12.0, -20.0, -20.0, -8.0, 6.0, 1.0, -8.0, -7.0, -2.0, -2.0, 1.0, 0.0, 8.0, -21.0, -9.0, -9.0, -16.0, -11.0, -4.0, -4.0, -35.0, 3.0, 4.0, -5.0, -16.0, -17.0, -3.0, -10.0, 0.0, -21.0, 5.0, -14.0, -5.0, -1.0, -7.0, -20.0, -22.0, 4.0, 8.0, -20.0, -15.0, 2.0, 7.0, -10.0, -5.0, -3.0, -5.0, -16.0, -4.0, 0.0, -16.0, -16.0, -14.0, -2.0, -18.0, -5.0, -15.0, 22.0, 11.0, -5.0, -18.0, -6.0, -3.0, 2.0, -2.0, 0.0, -16.0, -10.0, 0.0, -10.0, -21.0, -5.0, 6.0, -7.0, -14.0, 1.0, 26.0, 1.0, -4.0, -8.0, -6.0, -8.0, 6.0, -7.0, -5.0, -1.0, -5.0, -22.0, -37.0, 8.0, -11.0, -7.0, 0.0, -4.0, 4.0, 0.0, -6.0, -13.0, -13.0, -25.0, -1.0, 6.0, -12.0, -3.0, 19.0, 2.0, -24.0, 4.0, -21.0, -9.0, -10.0, -9.0, 7.0, 10.0, 2.0, -7.0, -6.0, 8.0, -7.0, 8.0, 6.0, -5.0, -5.0, -8.0, 2.0, -2.0, -34.0, 10.0, -15.0, -5.0, -6.0, -5.0, -1.0, -4.0, -22.0, -8.0, -4.0, 0.0, -11.0, -4.0, 1.0, 2.0, -16.0, -7.0, -17.0, -5.0, -13.0, 18.0, 2.0, -16.0, -9.0, -12.0, -1.0, -24.0, -17.0, -8.0, -8.0, -19.0, -4.0, 5.0, -11.0, -10.0, -5.0, -5.0, -17.0, 12.0, 3.0, -17.0, -5.0, -4.0, 1.0, 11.0, -6.0, -11.0, 2.0, -3.0, -6.0, -16.0, 5.0, -5.0, -30.0]
======================================================
Solve MINLP problem:
初始化solution
初始解违反约束的程度是
(array([0, 0, 0, 0, 0, 0, 0, 0, 0, 0, 0, 0, 0, 0, 0, 0, 0, 0, 0, 0, 0, 0,
       0, 0, 0, 0, 0, 0, 0, 0, 0, 0, 0, 0, 0, 0, 0, 0, 0, 0, 0, 0, 0, 0,
       0, 0, 0, 0, 0, 0, 0, 0, 0, 0, 0, 0, 0, 0, 0, 0, 0, 0, 0, 0, 0, 0,
       0, 0, 0, 0, 0, 0, 0, 0, 0, 0, 0, 0, 0, 0, 0, 0, 0, 0, 0, 0, 0, 0,
       0, 0, 0, 0, 0, 0, 0, 0, 0, 0, 0, 0, 0, 0, 0, 0, 0, 0, 0, 0, 0, 0,
       0, 0, 0, 0, 0, 0, 0, 0, 0, 0, 0, 0, 0, 0, 0, 0, 0, 0, 0, 0, 0, 0,
       0, 0, 0, 0, 0, 0, 0, 0, 0, 0, 0, 0, 0, 0, 0, 0, 0, 0, 0, 0, 0, 0,
       0, 0, 0, 0, 0, 0, 0, 0, 0, 0, 0, 0, 0, 0, 0, 0, 0, 0, 0, 0, 0, 0,
       0, 0, 0, 0, 0, 0, 0, 0, 0, 0, 0, 0, 0, 0, 0, 0, 0, 0, 0, 0, 0, 0,
       0, 0, 0, 0, 0, 0, 0, 0, 0, 0, 0, 0, 0, 0, 0, 0, 0, 0, 0, 0, 0, 0,
       0, 0, 0, 0, 0, 0, 0, 0, 0, 0, 0, 0, 0, 0, 0, 0, 0, 0, 0, 0, 0, 0,
       0, 0, 0, 0, 0, 0, 0, 0, 0, 0, 0, 0, 0, 0, 0, 0, 0, 0, 0, 0, 0, 0,
       0, 0, 0, 0, 0, 0, 0, 0, 0, 0, 0, 0, 0, 0, 0, 0, 0, 0, 0, 0, 0, 0,
       0, 0, 0, 0, 0, 0, 0, 0, 0, 0, 0, 0, 0, 0, 0, 0, 0, 0, 0, 0, 0, 0,
       0, 0, 0, 0, 0, 0, 0, 0, 0, 0, 0, 0, 0, 0, 0, 0, 0, 0, 0, 0, 0, 0,
       0, 0, 0, 0, 0, 0, 0, 0, 0, 0, 0, 0, 0, 0, 0, 0, 0, 0, 0, 0, 0, 0,
       0, 0, 0, 0, 0, 0, 0, 0, 0, 0, 0, 0, 0, 0, 0, 0, 0, 0, 0, 0, 0, 0,
       0, 0, 0, 0, 0, 0, 0, 0, 0, 0, 0, 0, 0, 0, 0, 0, 0, 0, 0, 0, 0, 0,
       0, 0, 0, 0, 0, 0, 0, 0, 0, 0, 0, 0, 0, 0, 0, 0, 0, 0, 0, 0, 0, 0,
       0, 0, 0, 0, 0, 0, 0, 0, 0, 0, 0, 0, 0, 0, 0, 0, 0, 0, 0, 0, 0, 0,
       0, 0, 0, 0, 0, 0, 0, 0, 0, 0, 0, 0, 0, 0, 0, 0, 0, 0, 0, 0, 0, 0,
       0, 0, 0, 0, 0, 0, 0, 0, 0, 0, 0, 0, 0, 0, 0, 0, 0, 0, 0, 0, 0, 0,
       0, 0, 0, 0, 0, 0, 0, 0, 0, 0, 0, 0, 0, 0, 0, 0]), -76.229719187881)
Set parameter OutputFlag to value 1
Set parameter LogFile to value "solver_result/gurobi/initial/cq_cls100_500-500.log"
Set parameter TimeLimit to value 10800
Set parameter NodefileStart to value 20
Set parameter Threads to value 20
Gurobi Optimizer version 12.0.1 build v12.0.1rc0 (linux64 - "Ubuntu 24.04.1 LTS")

CPU model: Intel(R) Xeon(R) Gold 6240C CPU @ 2.60GHz, instruction set [SSE2|AVX|AVX2|AVX512]
Thread count: 36 physical cores, 72 logical processors, using up to 20 threads

Non-default parameters:
TimeLimit  10800
NodefileStart  20
Threads  20

Optimize a model with 500 rows, 500 columns and 250000 nonzeros
Model fingerprint: 0x39228690
Model has 500 quadratic objective terms
Variable types: 0 continuous, 500 integer (0 binary)
Coefficient statistics:
  Matrix range     [7e-07, 5e-01]
  Objective range  [2e-04, 1e-01]
  QObjective range [2e-05, 1e-02]
  Bounds range     [0e+00, 0e+00]
  RHS range        [2e-03, 1e+00]

Loaded user MIP start with objective -76.2297

Presolve time: 0.07s
Presolved: 500 rows, 500 columns, 250000 nonzeros
Presolved model has 500 quadratic objective terms
Variable types: 0 continuous, 500 integer (0 binary)
Found heuristic solution: objective -81.6673118

Root relaxation: objective -1.067365e+02, 282 iterations, 0.95 seconds (0.50 work units)

    Nodes    |    Current Node    |     Objective Bounds      |     Work
 Expl Unexpl |  Obj  Depth IntInf | Incumbent    BestBd   Gap | It/Node Time

     0     0 -106.73651    0  500  -81.66731 -106.73651  30.7%     -    1s
H    0     0                     -82.2660422 -106.73651  29.7%     -    1s
H    0     0                     -82.3512036 -106.73651  29.6%     -    1s
H    0     0                     -82.7521758 -106.73651  29.0%     -    1s
H    0     0                     -82.9610602 -106.73651  28.7%     -    1s
H    0     0                     -83.0267159 -106.73651  28.6%     -    1s
H    0     0                     -83.2179355 -106.73651  28.3%     -    1s
H    0     0                     -83.2471283 -106.73651  28.2%     -    1s
H    0     0                     -83.4648354 -106.73651  27.9%     -    1s
H    0     0                     -83.5543325 -106.73651  27.7%     -    1s
H    0     0                     -86.8842920 -106.73651  22.8%     -    1s
     0     0 -106.73468    0  500  -86.88429 -106.73468  22.8%     -    9s
     0     2 -106.73468    0  500  -86.88429 -106.73468  22.8%     -   10s
   131   152 -106.72836    8  492  -86.88429 -106.73143  22.8%   2.3   15s
H  213   246                     -86.9647181 -106.73143  22.7%   2.3   18s
H  245   544                     -87.9956908 -106.73143  21.3%   2.3   25s
   563   584 -106.71532   18  482  -87.99569 -106.73143  21.3%   2.5   30s
   674  1355 -106.71088   24  476  -87.99569 -106.73143  21.3%   2.5   48s
  1354  1375 -106.68387   50  451  -87.99569 -106.73143  21.3%   2.6   51s
  1394  1692 -106.68287   51  450  -87.99569 -106.73143  21.3%   2.6   62s
  1691  2613 -106.66914   65  437  -87.99569 -106.73143  21.3%   2.6   77s
  2612  3280 -106.63719   98  406  -87.99569 -106.73143  21.3%   2.8   87s
  3279  3862 -106.61210  122  383  -87.99569 -106.73143  21.3%   3.0   95s
  3861  4385 -106.58489  139  371  -87.99569 -106.73143  21.3%   3.3  104s
  4384  4884 -106.57052  152  359  -87.99569 -106.73143  21.3%   3.6  112s
  4883  5352 -106.54844  167  350  -87.99569 -106.73143  21.3%   3.9  119s
  5351  5819 -106.52992  180  347  -87.99569 -106.73143  21.3%   4.2  126s
  5858  6070 -106.50499  195  330  -87.99569 -106.73143  21.3%   4.5  132s
  6069  6529 -106.49723  200  328  -87.99569 -106.73143  21.3%   4.7  139s
  6528  6978 -106.47067  212  318  -87.99569 -106.73143  21.3%   5.1  145s
  7048  7142 -106.43504  229  308  -87.99569 -106.73143  21.3%   5.5  153s
  7141  7262 -106.43841  230  311  -87.99569 -106.73143  21.3%   5.6  158s
  7261  7371 -106.43547  230  306  -87.99569 -106.73143  21.3%   5.7  163s
  7370  7496 -106.43687  231  307  -87.99569 -106.73143  21.3%   5.8  169s
  7495  7624 -106.43408  232  306  -87.99569 -106.73143  21.3%   5.9  174s
  7623  7782 -106.43190  233  308  -87.99569 -106.73143  21.3%   6.0  179s
  7781  8105 -106.43144  233  302  -87.99569 -106.73143  21.3%   6.1  185s
  8104  8591 -106.42409  238  305  -87.99569 -106.73143  21.3%   6.4  192s
  8590  9017 -106.38548  255  295  -87.99569 -106.73143  21.3%   6.8  197s
  9016  9484 -106.34702  270  288  -87.99569 -106.73143  21.3%   7.2  203s
  9483  9952 -106.31106  282  276  -87.99569 -106.73143  21.3%   7.7  209s
  9951 10444 -106.27360  294  278  -87.99569 -106.73143  21.3%   8.2  215s
 10443 10956 -106.22114  309  267  -87.99569 -106.73143  21.3%   8.7  221s
 10955 11476 -106.16920  323  265  -87.99569 -106.73143  21.3%   9.2  227s
 11476 11477 -106.60072  122  500  -87.99569 -106.73143  21.3%   9.8  383s
H11477 10904                     -88.1857682 -106.73143  21.0%   9.8  384s
 11478 10904 -106.60574  119  500  -88.18577 -106.73143  21.0%   9.8  385s
 11531 10995 -106.72846   21  494  -88.18577 -106.72983  21.0%   9.8  390s
 11649 11112 -106.72667   23  492  -88.18577 -106.72983  21.0%   9.7  395s
 11791 11148 -106.72415   27  488  -88.18577 -106.72983  21.0%   9.6  403s
 11825 11175 -106.72221   31  484  -88.18577 -106.72983  21.0%   9.6  408s
 11863 11289 -106.72002   36  478  -88.18577 -106.72983  21.0%   9.6  413s
 11990 11693 -106.70667   41  474  -88.18577 -106.72983  21.0%   9.5  422s
 12436 12134 -106.68946   52  463  -88.18577 -106.72983  21.0%   9.2  434s
 13026 11957 -106.67420   66  450  -88.18577 -106.72983  21.0%   8.9  452s
 13066 12314 -106.67309   67  450  -88.18577 -106.72983  21.0%   8.9  462s
 13416 13198 -106.65982   74  442  -88.18577 -106.72983  21.0%   8.8  478s
 14417 13530 -106.64342   95  421  -88.18577 -106.72983  21.0%   8.4  489s
 15082 13902 -106.62673  109  409  -88.18577 -106.72983  21.0%   8.2  499s
 15676 14245 -106.61862  122  396  -88.18577 -106.72983  21.0%   8.0  508s
 16217 14490 -106.60517  134  383  -88.18577 -106.72983  21.0%   7.9  516s
 16642 14843 -106.59414  143  378  -88.18577 -106.72983  21.0%   7.9  524s
 17137 14698 -106.58244  153  367  -88.18577 -106.72983  21.0%   7.8  527s
 17157 14711 -106.58579  154  365  -88.18577 -106.72983  21.0%   7.8  535s
 17177 14725 -106.58185  154  366  -88.18577 -106.72983  21.0%   7.8  543s
 17197 14738 -106.58489  155  363  -88.18577 -106.72983  21.0%   7.8  552s
 17217 14751 -106.58384  155  367  -88.18577 -106.72983  21.0%   7.8  561s
 17237 14765 -106.58381  156  363  -88.18577 -106.72983  21.0%   7.8  601s
 17257 14778 -106.58237  156  363  -88.18577 -106.72983  21.0%   7.8  609s
 17277 14791 -106.58271  157  363  -88.18577 -106.72983  21.0%   7.8  617s
 17297 14805 -106.58009  157  360  -88.18577 -106.72983  21.0%   7.8  625s
 17317 14818 -106.58210  158  362  -88.18577 -106.72983  21.0%   7.8  634s
 17337 14831 -106.57945  158  364  -88.18577 -106.72983  21.0%   7.8  642s
 17357 14845 -106.58185  159  361  -88.18577 -106.72983  21.0%   7.8  650s
 17377 14858 -106.57697  159  364  -88.18577 -106.72983  21.0%   7.8  657s
 17397 14871 -106.58101  160  362  -88.18577 -106.72983  21.0%   7.8  665s
 17417 14885 -106.57936  160  361  -88.18577 -106.72983  21.0%   7.8  672s
 17437 14898 -106.57893  161  360  -88.18577 -106.72983  21.0%   7.8  680s
 17457 14911 -106.57454  161  359  -88.18577 -106.72983  21.0%   7.8  687s
 17477 14925 -106.57889  162  359  -88.18577 -106.72983  21.0%   7.8  694s
 17497 14938 -106.57523  162  359  -88.18577 -106.72983  21.0%   7.8  700s
 17517 14951 -106.57846  163  358  -88.18577 -106.72983  21.0%   7.8  707s
 17537 14965 -106.57448  163  359  -88.18577 -106.72983  21.0%   7.8  714s
 17557 14978 -106.57813  164  357  -88.18577 -106.72983  21.0%   7.8  720s
 17577 14991 -106.57263  164  359  -88.18577 -106.72983  21.0%   7.8  727s
 17597 15100 -106.57753  165  356  -88.18577 -106.72983  21.0%   7.8  735s
 17712 15422 -106.56744  175  347  -88.18577 -106.72983  21.0%   7.8  744s
 18073 15813 -106.55899  188  341  -88.18577 -106.72983  21.0%   7.8  753s
 18584 16245 -106.53819  200  336  -88.18577 -106.72983  21.0%   7.8  762s
 19186 16496 -106.52863  213  322  -88.18577 -106.72983  21.0%   7.9  768s
 19638 16874 -106.52200  224  315  -88.18577 -106.72983  21.0%   7.9  776s
 20167 17062 -106.50151  236  308  -88.18577 -106.72983  21.0%   8.1  782s
 20531 17498 -106.48343  244  309  -88.18577 -106.72983  21.0%   8.2  790s
 21088 17885 -106.48010  256  301  -88.18577 -106.72983  21.0%   8.4  797s
 21661 18276 -106.45480  269  295  -88.18577 -106.72983  21.0%   8.6  804s
 22269 18618 -106.44386  281  287  -88.18577 -106.72983  21.0%   9.0  812s
 22872 18879 -106.41121  293  284  -88.18577 -106.72972  21.0%   9.2  820s
 23346 19820 -106.38059  304  297  -88.18577 -106.72958  21.0%   9.4  840s
 24445 19957 -106.36747  327  278  -88.18577 -106.72958  21.0%   9.7  848s
 24988 20366 -106.35978  339  269  -88.18577 -106.72958  21.0%   9.9  856s
 25538 20815 -106.32973  351  267  -88.18577 -106.72958  21.0%  10.1  865s
 26170 21137 -106.29664  364  259  -88.18577 -106.72958  21.0%  10.3  871s
 26703 21644 -106.26595  376  256  -88.18577 -106.72958  21.0%  10.6  878s
 27388 22088 -106.21950  392  245  -88.18577 -106.72958  21.0%  10.8  886s
 28060 22581 -106.15970  405  245  -88.18577 -106.72958  21.0%  11.1  894s
 28777 23041 -106.12489  422  243  -88.18577 -106.72958  21.0%  11.5  901s
 29476 23455 -106.05736  438  240  -88.18577 -106.72958  21.0%  11.8  908s
 30123 23965 -106.03789  453  229  -88.18577 -106.72958  21.0%  12.1  915s
 30849 24495 -105.98187  472  226  -88.18577 -106.72958  21.0%  12.5  922s
 31621 24984 -105.92184  489  213  -88.18577 -106.72958  21.0%  13.0  929s
 32373 25459 -105.87167  508  205  -88.18577 -106.72958  21.0%  13.4  936s
 33155 26134 -105.79447  525  201  -88.18577 -106.72936  21.0%  13.9  952s
 34090 26721 -105.72546  544  196  -88.18577 -106.72936  21.0%  14.5  965s
 34989 27296 -105.55284  561  182  -88.18577 -106.72936  21.0%  15.1  978s
 35864 28329 -105.53412  579  183  -88.18577 -106.72936  21.0%  15.7  990s
 37188 29116 -105.42308  600  169  -88.18577 -106.72936  21.0%  16.4 1009s
 38498 29645 -105.23002  619  168  -88.18577 -106.72936  21.0%  17.1 1029s
 39463 30419 -105.02073  638  163  -88.18577 -106.72936  21.0%  17.6 1048s
 40559 31043 -104.72171  660  146  -88.18577 -106.72936  21.0%  18.4 1061s
 41602 31804 -104.61971  682  142  -88.18577 -106.72936  21.0%  19.3 1081s
 42745 32628 -103.98507  705  133  -88.18577 -106.72936  21.0%  20.1 1102s
 44032 33878 -106.72261   24  491  -88.18577 -106.72922  21.0%  20.9 1128s
 45825 34935 -106.63905  138  398  -88.18577 -106.72922  21.0%  21.3 1148s
 47021 37657 -106.49205  218  350  -88.18577 -106.72858  21.0%  21.6 1200s
 49891 39281 -105.97793  401  274  -88.18577 -106.72858  21.0%  21.8 1227s
 51631 41128 -105.44109  508  234  -88.18577 -106.72858  21.0%  21.7 1253s
 53554 43086 -104.25003  607  201  -88.18577 -106.72858  21.0%  21.4 1277s
 55552 44968 -102.38994  716  163  -88.18577 -106.72858  21.0%  21.1 1300s
 57586 47018 -106.70869   37  478  -88.18577 -106.72858  21.0%  20.9 1323s
 59708 49242 -106.51780  143  385  -88.18577 -106.72858  21.0%  20.6 1348s
 61977 51361 -106.19837  257  323  -88.18577 -106.72858  21.0%  20.2 1368s
 64096 52942 -105.74707  370  280  -88.18577 -106.72858  21.0%  19.9 1387s
 65677 55052 -105.07951  474  251  -88.18577 -106.72858  21.0%  19.7 1406s
 67787 57231 -104.11638  590  225  -88.18577 -106.72858  21.0%  19.6 1423s
 69988 61896 -102.93719  704  203  -88.18577 -106.72858  21.0%  19.7 1466s
 74923 63644  -99.77139  939  150  -88.18577 -106.72850  21.0%  19.6 1482s
 76685 65491  -97.79126 1040  132  -88.18577 -106.72850  21.0%  19.6 1496s
 78608 67865  -95.18412 1182   97  -88.18577 -106.72842  21.0%  19.6 1518s
 81087 69386  -90.21747 1441   45  -88.18577 -106.72842  21.0%  19.6 1537s
 82680 71111 -106.70099   50  465  -88.18577 -106.72842  21.0%  19.6 1558s
 84405 72747 -106.62030  138  389  -88.18577 -106.72842  21.0%  19.5 1580s
 86138 74222 -106.52687  236  328  -88.18577 -106.72842  21.0%  19.5 1601s
 87613 75656 -106.30309  334  291  -88.18577 -106.72842  21.0%  19.4 1621s
 89047 77160 -105.91918  430  263  -88.18577 -106.72842  21.0%  19.4 1643s
 90551 78576 -104.96933  519  243  -88.18577 -106.72842  21.0%  19.5 1664s
 92047 80202 -103.86223  600  228  -88.18577 -106.72842  21.0%  19.5 1686s
 93791 82587 -102.47566  695  203  -88.18577 -106.72819  21.0%  19.6 1726s
 96436 84603  -98.55130  826  162  -88.18577 -106.72819  21.0%  19.6 1759s
 98595 86479 -106.70477   44  471  -88.18577 -106.72819  21.0%  19.4 1787s
 100471 88548 -106.59339  169  369  -88.18577 -106.72819  21.0%  19.3 1819s
 102540 90446 -106.33376  313  300  -88.18577 -106.72819  21.0%  19.3 1847s
 104563 92166 -105.85755  448  249  -88.18577 -106.72819  21.0%  19.2 1874s
 106443 94270 -104.73370  562  219  -88.18577 -106.72819  21.0%  19.2 1902s
 108663 96538 -102.89966  666  190  -88.18577 -106.72763  21.0%  19.0 1928s
 110931 98533  -99.72789  779  157  -88.18577 -106.72763  21.0%  18.9 1951s
 112991 100615     cutoff  881       -88.18577 -106.72763  21.0%  18.8 1976s
 115172 100635 -106.62500  102  413  -88.18577 -106.72763  21.0%  18.6 1988s
 115192 100655 -106.62410  103  412  -88.18577 -106.72763  21.0%  18.6 2042s
 115212 100675 -106.62234  104  411  -88.18577 -106.72763  21.0%  18.6 2076s
 115232 100695 -106.62156  105  411  -88.18577 -106.72763  21.0%  18.6 2102s
 115252 100715 -106.61904  106  411  -88.18577 -106.72763  21.0%  18.6 2125s
 115272 100735 -106.61722  107  409  -88.18577 -106.72763  21.0%  18.6 2147s
 115292 100755 -106.61631  108  408  -88.18577 -106.72763  21.0%  18.6 2164s
 115312 101048 -106.61273  109  408  -88.18577 -106.72763  21.0%  18.6 2181s
 115605 102072 -106.61256  110  407  -88.18577 -106.72763  21.0%  18.6 2199s
 116629 103773 -106.52134  158  369  -88.18577 -106.72763  21.0%  18.6 2223s
 118358 106751 -106.37464  212  331  -88.18577 -106.72763  21.0%  18.6 2262s
 121528 109267 -105.53091  400  260  -88.18577 -106.72741  21.0%  18.6 2298s
 124156 111505 -104.45798  557  228  -88.18577 -106.72732  21.0%  18.6 2335s
 126426 113696 -103.02428  700  198  -88.18577 -106.72732  21.0%  18.5 2370s
 128689 116002 -101.16474  846  164  -88.18577 -106.72732  21.0%  18.5 2402s
 130995 118512  -98.72802 1009  125  -88.18577 -106.72732  21.0%  18.4 2433s
 133561 120715  -93.57040 1261   86  -88.18577 -106.72732  21.0%  18.5 2462s
 135901 122549 -106.66360   84  432  -88.18577 -106.72732  21.0%  18.4 2489s
 137834 124443 -106.48513  224  325  -88.18577 -106.72732  21.0%  18.4 2521s
 139728 127032 -106.14874  361  257  -88.18577 -106.72732  21.0%  18.3 2566s
 142363 128985 -105.01045  530  225  -88.18577 -106.72732  21.0%  18.3 2596s
 144336 130581 -103.35478  653  184  -88.18577 -106.72732  21.0%  18.3 2620s
 145932 132580 -101.40656  735  163  -88.18577 -106.72732  21.0%  18.3 2647s
 148055 134507  -97.21535  857  125  -88.18577 -106.72732  21.0%  18.3 2674s
 150021 136535 -106.62039  136  389  -88.18577 -106.72700  21.0%  18.3 2700s
 152049 138369 -106.45480  293  294  -88.18577 -106.72700  21.0%  18.3 2720s
 153883 140190 -105.97748  426  250  -88.18577 -106.72700  21.0%  18.3 2740s
 155734 142074 -105.02900  544  222  -88.18577 -106.72700  21.0%  18.4 2768s
 157668 144147 -103.54838  647  192  -88.18577 -106.72700  21.0%  18.5 2796s
 159825 146085 -101.39618  767  169  -88.18577 -106.72700  21.0%  18.6 2823s
 161763 148131  -98.26576  873  149  -88.18577 -106.72700  21.0%  18.6 2845s
 163830 150490 -106.67087   72  443  -88.18577 -106.72700  21.0%  18.7 2876s
 166263 152454 -106.36253  229  331  -88.18577 -106.72700  21.0%  18.8 2902s
 168249 154053 -105.77274  370  263  -88.18577 -106.72700  21.0%  18.9 2923s
 169996 156250 -105.20694  458  243  -88.18577 -106.72656  21.0%  18.9 2956s
 172301 158438 -104.26264  591  209  -88.18577 -106.72647  21.0%  19.0 2985s
 174521 160612 -102.90371  717  185  -88.18577 -106.72647  21.0%  19.0 3016s
 176695 162544 -101.28282  844  159  -88.18577 -106.72647  21.0%  19.1 3037s
 178635 164554  -99.20961  976  130  -88.18577 -106.72647  21.0%  19.1 3061s
 180705 166708  -94.85711 1181   94  -88.18577 -106.72638  21.0%  19.2 3084s
 182892 168680 -106.72446   26  489  -88.18577 -106.72638  21.0%  19.3 3113s
 184965 170774 -106.57789  166  361  -88.18577 -106.72638  21.0%  19.4 3139s
 187141 173156 -106.33348  309  289  -88.18577 -106.72638  21.0%  19.4 3170s
 189523 175076 -105.71515  461  238  -88.18577 -106.72638  21.0%  19.5 3188s
 191501 176751 -104.67924  586  200  -88.18577 -106.72638  21.0%  19.6 3213s
 193340 177715 -102.88672  691  175  -88.18577 -106.72638  21.0%  19.7 3246s
H194072 177705                     -88.2587598 -106.72638  20.9%  19.7 3246s
H194442 180078                     -88.3494750 -106.72638  20.8%  19.7 3276s
 196867 182261 infeasible  846       -88.34948 -106.72638  20.8%  19.8 3303s
 199140 184347 -106.60469  145  375  -88.34948 -106.72563  20.8%  19.8 3328s
 201364 186468 -106.33062  303  284  -88.34948 -106.72561  20.8%  19.9 3360s
 203497 188495 -105.80281  442  254  -88.34948 -106.72550  20.8%  20.0 3393s
 205526 189095 -104.66405  568  206  -88.34948 -106.72550  20.8%  20.1 3406s
 206168 189110 -104.16260  607  197  -88.34948 -106.72550  20.8%  20.1 3460s
 206193 189129 -104.16132  608  199  -88.34948 -106.72550  20.8%  20.1 3493s
 206214 189149 -104.14880  609  198  -88.34948 -106.72550  20.8%  20.1 3523s
 206234 189168 -104.14714  610  196  -88.34948 -106.72550  20.8%  20.1 3549s
 206255 189183 -104.13487  611  195  -88.34948 -106.72550  20.8%  20.1 3573s
 206280 189779 -104.12887  612  197  -88.34948 -106.72550  20.8%  20.1 3596s
H206724 189722                     -88.4951424 -106.72549  20.6%  20.1 3596s
 207033 191615 -103.21953  685  167  -88.49514 -106.72549  20.6%  20.1 3631s
 209160 193802  -99.47710  825  138  -88.49514 -106.72545  20.6%  20.2 3671s
 211409 194356 -106.51326  163  371  -88.49514 -106.72545  20.6%  20.2 3721s
 211992 203223 -106.46938  177  358  -88.49514 -106.72545  20.6%  20.2 3850s
 221178 205478 -102.73177  745  183  -88.49514 -106.72545  20.6%  20.2 3878s
 223550 206677 -100.91694  885  159  -88.49514 -106.72545  20.6%  20.2 3898s
 224783 209139  -99.60380  960  139  -88.49514 -106.72540  20.6%  20.1 3931s
 227273 211340  -94.54693 1223   97  -88.49514 -106.72540  20.6%  20.1 3957s
 229622 213673 -106.69100   67  449  -88.49514 -106.72540  20.6%  20.1 3986s
 232138 215755 -106.54377  213  334  -88.49514 -106.72540  20.6%  20.1 4012s
 234336 218609 -106.27243  350  281  -88.49514 -106.72538  20.6%  20.1 4050s
 237278 220540 -105.37617  504  222  -88.49514 -106.72538  20.6%  20.0 4072s
 239233 222538 -104.46754  604  202  -88.49514 -106.72538  20.6%  19.9 4093s
 241231 224347 -102.85575  733  157  -88.49514 -106.72538  20.6%  19.9 4109s
 243206 226194 -106.71290   40  476  -88.49514 -106.72538  20.6%  19.9 4137s
 245185 228073 -106.62124  145  383  -88.49514 -106.72530  20.6%  19.9 4161s
 247176 230014 -106.53976  225  320  -88.49514 -106.72510  20.6%  19.9 4188s
 249179 231902 -106.45590  283  288  -88.49514 -106.72510  20.6%  19.9 4215s
 251125 233570 -106.33811  340  266  -88.49514 -106.72510  20.6%  19.8 4237s
 252823 235276 -106.25359  375  260  -88.49514 -106.72510  20.6%  19.8 4257s
 254529 237149 -106.16262  402  253  -88.49514 -106.72510  20.6%  19.8 4275s
 256402 238904 -105.97928  449  235  -88.49514 -106.72510  20.6%  19.9 4289s
 258209 241586 -105.80781  472  232  -88.49514 -106.72510  20.6%  19.9 4321s
 261120 243460 -105.47485  525  206  -88.49514 -106.72502  20.6%  20.0 4344s
 262994 245977 -105.21149  553  199  -88.49514 -106.72502  20.6%  20.0 4367s
 265608 247953 -105.00356  591  186  -88.49514 -106.72502  20.6%  20.0 4389s
 267678 249934 -104.68713  618  174  -88.49514 -106.72502  20.6%  20.0 4415s
 269731 251652 -104.27895  654  153  -88.49514 -106.72502  20.6%  20.0 4439s
 271487 252758 -103.81094  692  138  -88.49514 -106.72502  20.6%  20.0 4463s
 272665 254563 -103.02883  708  135  -88.49514 -106.72502  20.6%  20.0 4489s
 274542 256415 -106.66621   92  423  -88.49514 -106.72501  20.6%  20.0 4516s
 276496 258187 -106.52066  216  333  -88.49514 -106.72501  20.6%  20.0 4539s
 278482 260160 -106.31435  337  278  -88.49514 -106.72501  20.6%  20.0 4565s
 280533 262015 -105.82739  453  239  -88.49514 -106.72501  20.6%  20.0 4591s
 282396 264565 -104.99659  557  205  -88.49514 -106.72500  20.6%  20.0 4624s
 284946 266318 -103.26240  688  168  -88.49514 -106.72500  20.6%  20.0 4645s
 286755 268519 -100.68702  780  145  -88.49514 -106.72500  20.6%  20.1 4674s
 289050 270234 -106.68266   57  458  -88.49514 -106.72491  20.6%  20.1 4693s
 290882 272192 -106.57664  138  381  -88.49514 -106.72491  20.6%  20.1 4716s
 292850 274340 -106.27132  262  305  -88.49514 -106.72483  20.6%  20.1 4735s
 294998 276673 -105.78992  381  264  -88.49514 -106.72483  20.6%  20.1 4760s
 297347 279138 -105.07974  487  234  -88.49514 -106.72483  20.6%  20.1 4781s
 299983 279158 -104.22409  588  208  -88.49514 -106.72483  20.6%  20.2 4793s
 300003 279178 -104.20558  589  210  -88.49514 -106.72483  20.6%  20.2 4834s
 300023 279198 -104.19355  590  211  -88.49514 -106.72483  20.6%  20.2 4863s
 300043 279218 -104.18566  591  213  -88.49514 -106.72483  20.6%  20.2 4888s
 300063 279238 -104.18421  592  214  -88.49514 -106.72483  20.6%  20.2 4912s
 300083 279258 -104.17495  593  215  -88.49514 -106.72483  20.6%  20.2 4934s
 300103 279373 -104.17132  594  212  -88.49514 -106.72483  20.6%  20.2 4954s
 300218 279742 -104.14724  596  211  -88.49514 -106.72483  20.6%  20.2 4975s
 300587 280006 -103.19774  695  195  -88.49514 -106.72483  20.6%  20.2 4998s
 300851 282076 -103.07046  709  187  -88.49514 -106.72483  20.6%  20.2 5029s
 302939 284588 -101.74935  817  169  -88.49514 -106.72483  20.6%  20.2 5061s
 305507 287467  -99.58250  973  129  -88.49514 -106.72477  20.6%  20.3 5106s
 308577 288513  -94.42233 1251   82  -88.49514 -106.72477  20.6%  20.3 5135s
 309623 290426  -89.20283 1499   37  -88.49514 -106.72477  20.6%  20.3 5166s
 311618 292310 -106.60807  152  374  -88.49514 -106.72477  20.6%  20.3 5196s
 313614 294274 -106.38581  286  289  -88.49514 -106.72474  20.6%  20.3 5224s
 315624 296277 -105.90022  412  251  -88.49514 -106.72474  20.6%  20.3 5251s
 317627 298080 -105.19863  525  211  -88.49514 -106.72474  20.6%  20.3 5277s
 319440 299984 -104.15028  645  171  -88.49514 -106.72474  20.6%  20.3 5302s
 321490 302008 -102.07652  744  158  -88.49514 -106.72472  20.6%  20.4 5326s
 323592 304033 -106.72235   26  489  -88.49514 -106.72472  20.6%  20.4 5355s
 325695 305948 -106.59670  165  360  -88.49514 -106.72472  20.6%  20.4 5381s
 327796 307775 -106.33484  309  288  -88.49514 -106.72472  20.6%  20.4 5407s
 329737 310306 -105.80630  427  230  -88.49514 -106.72472  20.6%  20.4 5441s
 332378 312264 -104.48764  569  195  -88.49514 -106.72472  20.6%  20.4 5464s
 334352 314095 -103.09520  674  165  -88.49514 -106.72472  20.6%  20.4 5483s
 336271 316331 -100.96032  779  133  -88.49514 -106.72472  20.6%  20.4 5514s
 338563 319111 -106.67008   86  431  -88.49514 -106.72472  20.6%  20.4 5543s
 341414 321158 -106.50656  219  325  -88.49514 -106.72472  20.6%  20.5 5568s
 343640 323213 -106.30310  327  274  -88.49514 -106.72472  20.6%  20.5 5594s
 345715 325458 -105.91055  439  239  -88.49514 -106.72472  20.6%  20.5 5621s
 348111 327363 -105.17798  535  208  -88.49514 -106.72472  20.6%  20.4 5643s
 350106 329288 -104.34132  624  184  -88.49514 -106.72472  20.6%  20.4 5667s
 352106 331086 -102.94020  715  164  -88.49514 -106.72472  20.6%  20.4 5692s
 353904 332977 -100.92613  809  148  -88.49514 -106.72472  20.6%  20.4 5714s
 355867 335391 -106.71884   29  486  -88.49514 -106.72472  20.6%  20.4 5748s
 358453 337650 -106.61061  142  380  -88.49514 -106.72472  20.6%  20.4 5778s
 360898 339924 -106.51993  224  324  -88.49514 -106.72472  20.6%  20.4 5804s
 363226 341936 -106.41596  269  301  -88.49514 -106.72472  20.6%  20.4 5831s
 365465 344014 -106.32903  317  280  -88.49514 -106.72472  20.6%  20.4 5858s
 367593 346065 -106.20885  359  267  -88.49514 -106.72462  20.6%  20.4 5881s
H367883 346020                     -88.5478374 -106.72462  20.5%  20.4 5881s
 369644 347940 -106.06493  398  250  -88.54784 -106.72462  20.5%  20.4 5902s
 371640 349825 -105.91433  436  235  -88.54784 -106.72462  20.5%  20.4 5929s
 373619 351801 -105.71806  468  221  -88.54784 -106.72462  20.5%  20.4 5954s
 375729 352381 -105.56345  487  222  -88.54784 -106.72462  20.5%  20.4 5986s
 376313 354450 -105.53731  494  221  -88.54784 -106.72462  20.5%  20.4 6009s
 378426 357084 -105.34451  529  205  -88.54784 -106.72462  20.5%  20.4 6042s
 381206 359066 -105.04111  578  183  -88.54784 -106.72457  20.5%  20.3 6063s
 383196 361157 -104.78400  616  163  -88.54784 -106.72446  20.5%  20.3 6081s
 385297 363350 -104.54662  645  154  -88.54784 -106.72446  20.5%  20.4 6099s
 387686 365090 -104.04505  686  140  -88.54784 -106.72444  20.5%  20.4 6123s
 389544 366869 -103.71733  722  130  -88.54784 -106.72444  20.5%  20.4 6145s
 391521 368720 -106.65735   90  427  -88.54784 -106.72444  20.5%  20.4 6166s
 393493 370620 -106.50336  209  330  -88.54784 -106.72437  20.5%  20.4 6190s
 395467 372327 -106.27820  320  283  -88.54784 -106.72434  20.5%  20.3 6212s
 397174 374138 -105.90785  415  254  -88.54784 -106.72434  20.5%  20.3 6230s
 398985 374482 -105.27599  506  211  -88.54784 -106.72434  20.5%  20.3 6238s
 399329 374502 -105.16193  523  213  -88.54784 -106.72434  20.5%  20.3 6267s
 399349 374522 -105.15919  524  208  -88.54784 -106.72434  20.5%  20.3 6302s
 399369 374542 -105.14777  525  208  -88.54784 -106.72434  20.5%  20.3 6326s
 399389 374647 -105.14664  526  207  -88.54784 -106.72434  20.5%  20.3 6348s
 399494 374957 -105.13180  527  202  -88.54784 -106.72434  20.5%  20.3 6371s
 399804 375237 -105.12912  528  206  -88.54784 -106.72434  20.5%  20.3 6391s
 400102 375999 -105.12570  529  206  -88.54784 -106.72434  20.5%  20.3 6413s
 400887 378166 -104.75594  570  199  -88.54784 -106.72434  20.5%  20.4 6437s
 403198 380417 -103.14218  705  164  -88.54784 -106.72432  20.5%  20.4 6464s
 405639 382762 -106.70521   41  474  -88.54784 -106.72430  20.5%  20.4 6492s
 407992 384745 -106.54219  182  346  -88.54784 -106.72430  20.5%  20.3 6510s
 410174 386559 -106.31157  300  291  -88.54784 -106.72429  20.5%  20.3 6533s
 412079 388577 -105.95595  406  253  -88.54784 -106.72427  20.5%  20.3 6558s
 414147 390436 -105.33213  521  211  -88.54784 -106.72420  20.5%  20.4 6579s
 416078 392425 -104.34100  615  188  -88.54784 -106.72420  20.5%  20.4 6602s
 418191 394179 -103.01614  712  166  -88.54784 -106.72420  20.5%  20.4 6621s
 420085 396316 -100.99605  821  140  -88.54784 -106.72420  20.5%  20.4 6643s
 422306 398089 -106.66149   97  419  -88.54784 -106.72419  20.5%  20.4 6665s
 424287 399902 -106.54780  215  327  -88.54784 -106.72419  20.5%  20.4 6696s
 426110 402180 -106.33068  334  275  -88.54784 -106.72415  20.5%  20.3 6735s
 428450 404621 -105.82171  457  238  -88.54784 -106.72415  20.5%  20.4 6767s
 430947 406930 -104.88038  580  197  -88.54784 -106.72415  20.5%  20.4 6793s
 433378 408837 -103.50552  684  169  -88.54784 -106.72414  20.5%  20.4 6813s
 435299 410927 -101.87269  798  140  -88.54784 -106.72414  20.5%  20.4 6835s
 437451 413127 -106.64908  108  408  -88.54784 -106.72414  20.5%  20.4 6855s
 439707 415163 -106.51615  226  323  -88.54784 -106.72414  20.5%  20.4 6875s
 441788 417205 -106.34051  320  276  -88.54784 -106.72414  20.5%  20.4 6896s
 444012 418802 -105.95262  429  245  -88.54784 -106.72414  20.5%  20.4 6915s
 445683 420553 -105.43304  521  212  -88.54784 -106.72414  20.5%  20.4 6939s
 447512 422022 -104.53962  618  183  -88.54784 -106.72413  20.5%  20.4 6965s
 449109 424386 -103.51502  701  163  -88.54784 -106.72413  20.5%  20.4 7006s
 451473 426050 -100.85769  830  137  -88.54784 -106.72413  20.5%  20.4 7034s
 453187 428160 -106.66358   79  436  -88.54784 -106.72413  20.5%  20.4 7063s
 455337 430022 -106.44052  237  318  -88.54784 -106.72413  20.5%  20.4 7087s
 457313 431866 -106.12920  368  262  -88.54784 -106.72413  20.5%  20.4 7112s
 459296 434161 -105.49957  484  228  -88.54784 -106.72413  20.5%  20.4 7139s
 461685 436169 -104.44288  607  196  -88.54784 -106.72412  20.5%  20.4 7166s
 463749 438063 -102.96213  726  151  -88.54784 -106.72412  20.5%  20.4 7196s
 465663 439878  -99.66277  838  121  -88.54784 -106.72408  20.5%  20.4 7223s
 467572 441825 -106.62978   95  422  -88.54784 -106.72405  20.5%  20.4 7254s
 469619 443510 -106.33892  236  322  -88.54784 -106.72405  20.5%  20.5 7285s
 471344 445390 -105.91193  351  273  -88.54784 -106.72405  20.5%  20.5 7317s
 473296 447413 -105.23925  471  241  -88.54784 -106.72405  20.5%  20.5 7351s
 475416 449179 -104.30680  598  209  -88.54784 -106.72405  20.5%  20.5 7376s
 477266 451392 -103.40657  695  189  -88.54784 -106.72405  20.5%  20.5 7406s
 479527 453525 -101.92899  814  160  -88.54784 -106.72405  20.5%  20.5 7438s
 481756 455624  -99.77354  957  130  -88.54784 -106.72405  20.5%  20.5 7472s
 483917 458292  -96.54371 1128  110  -88.54784 -106.72405  20.5%  20.6 7506s
 486695 460188 -106.70939   44  471  -88.54784 -106.72403  20.5%  20.6 7535s
 488679 462382 -106.58828  169  360  -88.54784 -106.72403  20.5%  20.6 7565s
 490937 463256 -106.33336  307  283  -88.54784 -106.72399  20.5%  20.5 7596s
 491936 463276 -106.23766  351  268  -88.54784 -106.72399  20.5%  20.5 7610s
 491956 463296 -106.23209  352  269  -88.54784 -106.72399  20.5%  20.5 7657s
 491976 463315 -106.23011  353  265  -88.54784 -106.72399  20.5%  20.5 7687s
 491997 463335 -106.22730  354  268  -88.54784 -106.72399  20.5%  20.5 7717s
 492017 463352 -106.22611  355  263  -88.54784 -106.72399  20.5%  20.5 7742s
 492040 463370 -106.22359  356  264  -88.54784 -106.72399  20.5%  20.5 7763s
 492062 463477 -106.22033  357  264  -88.54784 -106.72399  20.5%  20.5 7783s
 492169 465316 -106.21820  358  264  -88.54784 -106.72399  20.5%  20.5 7814s
 494050 467664 -106.13772  382  247  -88.54784 -106.72399  20.5%  20.5 7842s
 496398 469653 -105.39954  519  213  -88.54784 -106.72399  20.5%  20.5 7870s
 498387 472153 -104.22689  628  186  -88.54784 -106.72399  20.5%  20.5 7899s
 500995 474262 -102.25693  767  154  -88.54784 -106.72399  20.5%  20.6 7927s
 503264 476127 infeasible  910       -88.54784 -106.72392  20.5%  20.6 7954s
 505345 478283 -106.62606  133  387  -88.54784 -106.72388  20.5%  20.6 7980s
 507591 480135 -106.43636  267  301  -88.54784 -106.72388  20.5%  20.6 8011s
 509577 482257 -106.11352  375  259  -88.54784 -106.72388  20.5%  20.6 8043s
 511699 484270 -105.54879  495  221  -88.54784 -106.72388  20.5%  20.5 8075s
 513712 485958 -104.63101  616  191  -88.54784 -106.72388  20.5%  20.5 8101s
 515400 487865 -103.30331  700  175  -88.54784 -106.72388  20.5%  20.5 8128s
 517307 489772 -101.39975  802  141  -88.54784 -106.72388  20.5%  20.5 8155s
 519377 492305 -106.71288   41  474  -88.54784 -106.72387  20.5%  20.6 8190s
 522042 492337 -106.53742  212  338  -88.54784 -106.72386  20.5%  20.5 8218s
 522074 494126 -106.53609  213  337  -88.54784 -106.72386  20.5%  20.5 8240s
 523863 496056 -106.32512  337  270  -88.54784 -106.72386  20.5%  20.5 8261s
 525793 497965 -105.80753  461  231  -88.54784 -106.72386  20.5%  20.5 8283s
 527702 499823 -104.66146  570  198  -88.54784 -106.72386  20.5%  20.5 8304s
 529618 501751 -103.37220  685  175  -88.54784 -106.72386  20.5%  20.6 8333s
 531552 503622 -101.24160  815  146  -88.54784 -106.72382  20.5%  20.6 8360s
 533626 505494 -106.67394   73  442  -88.54784 -106.72382  20.5%  20.6 8387s
 535816 507686 -106.48479  221  318  -88.54784 -106.72378  20.5%  20.6 8416s
 538034 509725 -106.15192  346  268  -88.54784 -106.72378  20.5%  20.6 8444s
 540077 511683 -105.67394  454  226  -88.54784 -106.72377  20.5%  20.6 8468s
 542053 513582 -104.84397  565  194  -88.54784 -106.72377  20.5%  20.6 8489s
 543996 515804 -103.54452  680  158  -88.54784 -106.72377  20.5%  20.6 8514s
 546284 517636 -100.18243  829  132  -88.54784 -106.72377  20.5%  20.7 8548s
 548218 519556 -106.63818  107  411  -88.54784 -106.72377  20.5%  20.7 8580s
 550342 521780 -106.44223  245  313  -88.54784 -106.72377  20.5%  20.7 8613s
 552684 523916 -106.10526  378  249  -88.54784 -106.72377  20.5%  20.7 8642s
 554820 525892 -105.51117  494  228  -88.54784 -106.72377  20.5%  20.7 8669s
 556796 527810 -104.36474  591  195  -88.54784 -106.72377  20.5%  20.7 8694s
 558760 529810 -102.69855  709  157  -88.54784 -106.72377  20.5%  20.7 8720s
 560774 531854  -98.45423  834  129  -88.54784 -106.72377  20.5%  20.7 8745s
 563073 533813 -106.61087  136  383  -88.54784 -106.72377  20.5%  20.8 8770s
 565174 535686 -106.42490  279  283  -88.54784 -106.72374  20.5%  20.8 8794s
 567105 538160 -106.02567  391  241  -88.54784 -106.72373  20.5%  20.8 8824s
 569627 539970 -105.18454  536  200  -88.54784 -106.72373  20.5%  20.8 8848s
 571437 541880 -104.26435  638  170  -88.54784 -106.72373  20.5%  20.8 8866s
 573349 543707 -102.76827  742  141  -88.54784 -106.72373  20.5%  20.8 8885s
 575248 545753 -106.69717   50  466  -88.54784 -106.72371  20.5%  20.8 8912s
 577426 547655 -106.54407  186  352  -88.54784 -106.72371  20.5%  20.8 8934s
 579424 549725 -106.28481  301  289  -88.54784 -106.72371  20.5%  20.8 8959s
 581670 549742 -105.75168  421  240  -88.54784 -106.72371  20.5%  20.8 8971s
 581693 549757 -105.74712  422  241  -88.54784 -106.72371  20.5%  20.8 9020s
 581718 549776 -105.74470  423  239  -88.54784 -106.72371  20.5%  20.8 9049s
 581739 549794 -105.73996  424  238  -88.54784 -106.72371  20.5%  20.8 9077s
 581761 549807 -105.73345  425  237  -88.54784 -106.72371  20.5%  20.8 9101s
 581788 549826 -105.72242  426  238  -88.54784 -106.72370  20.5%  20.8 9123s
 581809 549843 -105.71943  427  237  -88.54784 -106.72370  20.5%  20.8 9143s
 581832 549997 -105.69901  428  235  -88.54784 -106.72370  20.5%  20.8 9161s
 581992 551844 -105.69724  429  237  -88.54784 -106.72370  20.5%  20.8 9187s
 583883 553881 -105.13280  524  212  -88.54784 -106.72370  20.5%  20.8 9213s
 586012 555933 -103.89094  629  175  -88.54784 -106.72369  20.5%  20.8 9238s
 588106 557265 -101.80885  736  155  -88.54784 -106.72369  20.5%  20.8 9264s
 589546 559617 -106.71800   31  484  -88.54784 -106.72369  20.5%  20.8 9296s
 592072 562124 -106.55036  191  345  -88.54784 -106.72369  20.5%  20.9 9328s
 594771 563866 -106.21817  351  259  -88.54784 -106.72369  20.5%  20.8 9351s
 596559 565703 -105.76065  450  228  -88.54784 -106.72369  20.5%  20.8 9377s
 598438 567470 -105.09032  549  189  -88.54784 -106.72369  20.5%  20.9 9399s
 600311 569646 -104.15092  647  176  -88.54784 -106.72369  20.5%  20.9 9425s
 602604 571395 -102.38332  750  151  -88.54784 -106.72367  20.5%  20.9 9447s
 604415 573262  -99.41725  833  128  -88.54784 -106.72367  20.5%  20.9 9475s
 606378 574891 -106.62966  127  392  -88.54784 -106.72365  20.5%  20.9 9500s
 608039 576719 -106.54864  206  333  -88.54784 -106.72365  20.5%  20.9 9524s
 609997 578384 -106.45686  266  301  -88.54784 -106.72365  20.5%  21.0 9547s
 611796 580244 -106.34911  311  283  -88.54784 -106.72363  20.5%  21.0 9573s
 613862 582210 -106.25094  354  266  -88.54784 -106.72363  20.5%  21.0 9600s
 615984 584778 -106.13408  389  248  -88.54784 -106.72363  20.5%  21.0 9627s
 618663 586404 -105.88035  449  222  -88.54784 -106.72363  20.5%  21.0 9645s
 620289 588225 -105.71707  489  209  -88.54784 -106.72363  20.5%  21.0 9660s
 622122 589488 -105.40086  531  196  -88.54784 -106.72363  20.5%  21.0 9678s
 623485 591872 -105.15410  560  186  -88.54784 -106.72361  20.5%  21.0 9703s
 625935 593809 -104.77959  599  175  -88.54784 -106.72361  20.5%  21.1 9731s
 628027 595753 -104.38043  648  151  -88.54784 -106.72360  20.5%  21.1 9767s
 629973 597664 -104.02232  681  140  -88.54784 -106.72360  20.5%  21.1 9798s
 632068 600249 -103.54781  692  139  -88.54784 -106.72360  20.5%  21.1 9830s
 634931 602605 -106.69843   50  466  -88.54784 -106.72357  20.5%  21.1 9863s
 637516 604393 -106.65071   87  432  -88.54784 -106.72357  20.5%  21.1 9891s
 639358 606380 -106.61523  116  409  -88.54784 -106.72354  20.5%  21.1 9927s
 641365 608573 -106.56307  142  392  -88.54784 -106.72354  20.5%  21.1 9963s
 643608 610490 -106.50909  170  369  -88.54784 -106.72354  20.5%  21.0 9994s
 645581 612493 -106.45023  195  349  -88.54784 -106.72354  20.5%  21.0 10024s
 647584 614482 -106.39287  223  335  -88.54784 -106.72354  20.5%  21.0 10052s
 649573 616478 -106.33559  240  322  -88.54784 -106.72354  20.5%  21.0 10079s
 651569 618886 -106.26722  266  318  -88.54784 -106.72354  20.5%  21.0 10104s
 653977 620854 -106.18390  287  298  -88.54784 -106.72354  20.5%  21.1 10127s
 656097 622696 -106.13185  304  301  -88.54784 -106.72354  20.5%  21.1 10164s
 657941 624537 -106.03963  324  286  -88.54784 -106.72354  20.5%  21.1 10199s
 659782 626462 -105.94278  337  287  -88.54784 -106.72354  20.5%  21.1 10235s
 661815 628688 -105.86442  352  272  -88.54784 -106.72354  20.5%  21.1 10269s
 664271 630905 -105.78153  367  278  -88.54784 -106.72352  20.5%  21.1 10305s
 666558 632735 -105.66317  383  274  -88.54784 -106.72352  20.5%  21.1 10331s
 668412 634635 -105.61034  392  269  -88.54784 -106.72352  20.5%  21.1 10359s
 670420 636533 -105.44189  412  263  -88.54784 -106.72352  20.5%  21.0 10387s
 672318 638431 -105.30437  424  261  -88.54784 -106.72352  20.5%  21.0 10412s
 674302 639331 -105.15698  443  253  -88.54784 -106.72352  20.5%  21.0 10446s
 675202 639351 -105.10744  452  252  -88.54784 -106.72352  20.5%  21.0 10465s
 675222 639371 -105.09631  453  254  -88.54784 -106.72352  20.5%  21.0 10512s
 675242 639391 -105.09186  454  252  -88.54784 -106.72352  20.5%  21.0 10544s
 675262 639411 -105.10721  451  247  -88.54784 -106.72352  20.5%  21.0 10573s
 675282 639431 -105.07782  455  250  -88.54784 -106.72352  20.5%  21.0 10599s
 675302 639528 -105.10363  452  250  -88.54784 -106.72352  20.5%  21.0 10619s
 675399 640683 -105.06437  456  249  -88.54784 -106.72352  20.5%  21.0 10647s
 676554 643005 -105.08393  453  249  -88.54784 -106.72352  20.5%  21.0 10674s
 678960 644579 -104.97801  472  245  -88.54784 -106.72352  20.5%  21.0 10694s
 680534 647107 -104.85778  486  244  -88.54784 -106.72352  20.5%  21.0 10727s
 683062 649732 -104.72589  499  240  -88.54784 -106.72352  20.5%  21.0 10752s
 685733 651930 -104.60089  511  242  -88.54784 -106.72352  20.5%  21.1 10779s
 688029 653889 -104.46242  518  238  -88.54784 -106.72352  20.5%  21.1 10800s

Explored 690056 nodes (14543722 simplex iterations) in 10800.13 seconds (2926.04 work units)
Thread count was 20 (of 72 available processors)

Solution count 10: -88.5478 -88.4951 -88.3495 ... -83.4648

Time limit reached
Best objective -8.854783741816e+01, best bound -1.067235183988e+02, gap 20.5264%
final_gap is 0.21%
x[0]: 2.00 x[1]: -6.00 x[2]: -14.00 x[3]: -10.00 x[4]: -3.00 x[5]: -11.00 x[6]: 3.00 x[7]: -10.00 x[8]: -22.00 x[9]: -13.00 x[10]: -4.00 x[11]: 20.00 x[12]: 3.00 x[13]: -1.00 x[14]: -13.00 x[15]: -2.00 x[16]: -6.00 x[17]: -2.00 x[18]: -12.00 x[19]: -6.00 x[20]: -28.00 x[21]: 3.00 x[22]: -2.00 x[23]: -1.00 x[24]: -6.00 x[25]: -18.00 x[26]: -5.00 x[27]: -27.00 x[28]: -3.00 x[29]: -17.00 x[30]: -17.00 x[31]: 6.00 x[32]: 0.00 x[33]: 10.00 x[34]: -3.00 x[35]: -12.00 x[36]: -7.00 x[37]: -11.00 x[38]: 2.00 x[39]: -1.00 x[40]: 3.00 x[41]: 13.00 x[42]: -7.00 x[43]: -6.00 x[44]: -14.00 x[45]: 5.00 x[46]: -6.00 x[47]: -14.00 x[48]: -2.00 x[49]: -3.00 x[50]: -4.00 x[51]: -5.00 x[52]: 2.00 x[53]: 2.00 x[54]: -16.00 x[55]: -10.00 x[56]: -12.00 x[57]: 12.00 x[58]: 3.00 x[59]: 4.00 x[60]: -9.00 x[61]: 0.00 x[62]: -21.00 x[63]: 4.00 x[64]: -7.00 x[65]: -5.00 x[66]: -2.00 x[67]: -6.00 x[68]: -1.00 x[69]: -1.00 x[70]: -24.00 x[71]: 16.00 x[72]: -7.00 x[73]: -16.00 x[74]: -26.00 x[75]: -8.00 x[76]: -4.00 x[77]: -7.00 x[78]: -3.00 x[79]: -11.00 x[80]: 14.00 x[81]: -12.00 x[82]: 7.00 x[83]: -22.00 x[84]: -9.00 x[85]: -11.00 x[86]: 1.00 x[87]: 7.00 x[88]: -7.00 x[89]: -3.00 x[90]: -1.00 x[91]: -17.00 x[92]: -3.00 x[93]: -6.00 x[94]: 2.00 x[95]: -11.00 x[96]: -13.00 x[97]: -4.00 x[98]: -9.00 x[99]: -4.00 x[100]: -13.00 x[101]: -1.00 x[102]: -5.00 x[103]: -3.00 x[104]: 5.00 x[105]: -19.00 x[106]: 12.00 x[107]: -11.00 x[108]: -12.00 x[109]: -12.00 x[110]: -12.00 x[111]: 2.00 x[112]: 1.00 x[113]: -1.00 x[114]: 1.00 x[115]: -18.00 x[116]: -8.00 x[117]: 2.00 x[118]: -9.00 x[119]: -9.00 x[120]: -14.00 x[121]: 3.00 x[122]: 2.00 x[123]: -13.00 x[124]: -25.00 x[125]: -13.00 x[126]: -13.00 x[127]: -3.00 x[128]: -6.00 x[129]: -1.00 x[130]: 0.00 x[131]: 4.00 x[132]: 0.00 x[133]: -8.00 x[134]: 0.00 x[135]: -1.00 x[136]: -13.00 x[137]: -13.00 x[138]: -6.00 x[139]: -9.00 x[140]: 13.00 x[141]: -13.00 x[142]: -5.00 x[143]: -13.00 x[144]: 2.00 x[145]: -13.00 x[146]: -6.00 x[147]: -8.00 x[148]: -13.00 x[149]: 9.00 x[150]: -11.00 x[151]: -17.00 x[152]: -12.00 x[153]: -1.00 x[154]: 7.00 x[155]: -4.00 x[156]: -18.00 x[157]: -7.00 x[158]: 2.00 x[159]: -6.00 x[160]: -7.00 x[161]: -7.00 x[162]: -6.00 x[163]: 7.00 x[164]: -10.00 x[165]: -1.00 x[166]: 11.00 x[167]: -13.00 x[168]: -6.00 x[169]: -3.00 x[170]: -9.00 x[171]: -3.00 x[172]: -5.00 x[173]: -23.00 x[174]: -30.00 x[175]: -10.00 x[176]: -33.00 x[177]: -5.00 x[178]: 6.00 x[179]: -26.00 x[180]: -22.00 x[181]: -6.00 x[182]: -15.00 x[183]: -10.00 x[184]: -9.00 x[185]: -16.00 x[186]: 3.00 x[187]: -3.00 x[188]: -15.00 x[189]: 9.00 x[190]: -10.00 x[191]: -2.00 x[192]: 1.00 x[193]: -4.00 x[194]: -12.00 x[195]: -3.00 x[196]: -2.00 x[197]: -9.00 x[198]: -10.00 x[199]: -9.00 x[200]: -18.00 x[201]: -3.00 x[202]: -5.00 x[203]: 3.00 x[204]: -7.00 x[205]: 0.00 x[206]: -7.00 x[207]: -5.00 x[208]: -6.00 x[209]: 6.00 x[210]: -14.00 x[211]: 0.00 x[212]: -7.00 x[213]: 3.00 x[214]: -9.00 x[215]: -12.00 x[216]: -3.00 x[217]: -13.00 x[218]: -7.00 x[219]: -3.00 x[220]: -10.00 x[221]: 3.00 x[222]: -1.00 x[223]: 1.00 x[224]: -6.00 x[225]: -6.00 x[226]: -30.00 x[227]: 5.00 x[228]: -14.00 x[229]: -4.00 x[230]: 17.00 x[231]: -6.00 x[232]: -20.00 x[233]: 2.00 x[234]: -12.00 x[235]: 1.00 x[236]: -6.00 x[237]: -9.00 x[238]: -16.00 x[239]: -9.00 x[240]: 5.00 x[241]: 6.00 x[242]: -4.00 x[243]: 10.00 x[244]: 7.00 x[245]: 2.00 x[246]: 3.00 x[247]: -18.00 x[248]: -20.00 x[249]: -10.00 x[250]: -9.00 x[251]: -7.00 x[252]: 9.00 x[253]: -8.00 x[254]: -9.00 x[255]: 3.00 x[256]: 5.00 x[257]: -7.00 x[258]: -9.00 x[259]: -5.00 x[260]: -6.00 x[261]: -14.00 x[262]: -23.00 x[263]: -4.00 x[264]: -4.00 x[265]: -14.00 x[266]: -11.00 x[267]: -28.00 x[268]: -11.00 x[269]: 1.00 x[270]: 5.00 x[271]: -2.00 x[272]: -5.00 x[273]: 10.00 x[274]: -3.00 x[275]: -4.00 x[276]: -15.00 x[277]: 2.00 x[278]: -9.00 x[279]: 4.00 x[280]: -5.00 x[281]: -7.00 x[282]: -10.00 x[283]: -5.00 x[284]: 7.00 x[285]: -8.00 x[286]: 6.00 x[287]: -4.00 x[288]: 5.00 x[289]: 0.00 x[290]: 3.00 x[291]: 8.00 x[292]: -2.00 x[293]: -16.00 x[294]: 2.00 x[295]: 1.00 x[296]: 1.00 x[297]: -7.00 x[298]: 3.00 x[299]: 1.00 x[300]: -8.00 x[301]: 0.00 x[302]: -14.00 x[303]: 8.00 x[304]: -3.00 x[305]: -10.00 x[306]: -14.00 x[307]: -7.00 x[308]: -4.00 x[309]: -10.00 x[310]: 9.00 x[311]: -5.00 x[312]: -3.00 x[313]: 3.00 x[314]: -10.00 x[315]: -4.00 x[316]: -6.00 x[317]: -3.00 x[318]: 5.00 x[319]: -11.00 x[320]: -22.00 x[321]: -20.00 x[322]: -7.00 x[323]: 6.00 x[324]: -1.00 x[325]: -7.00 x[326]: -7.00 x[327]: -3.00 x[328]: -4.00 x[329]: 1.00 x[330]: 0.00 x[331]: 7.00 x[332]: -22.00 x[333]: -10.00 x[334]: -11.00 x[335]: -16.00 x[336]: -11.00 x[337]: -4.00 x[338]: -3.00 x[339]: -35.00 x[340]: 3.00 x[341]: 4.00 x[342]: -5.00 x[343]: -16.00 x[344]: -17.00 x[345]: -3.00 x[346]: -10.00 x[347]: 0.00 x[348]: -21.00 x[349]: 6.00 x[350]: -14.00 x[351]: -5.00 x[352]: -1.00 x[353]: -6.00 x[354]: -20.00 x[355]: -21.00 x[356]: 4.00 x[357]: 7.00 x[358]: -20.00 x[359]: -15.00 x[360]: 1.00 x[361]: 7.00 x[362]: -10.00 x[363]: -6.00 x[364]: -5.00 x[365]: -4.00 x[366]: -19.00 x[367]: -4.00 x[368]: 0.00 x[369]: -15.00 x[370]: -16.00 x[371]: -15.00 x[372]: -4.00 x[373]: -17.00 x[374]: -5.00 x[375]: -15.00 x[376]: 21.00 x[377]: 10.00 x[378]: -3.00 x[379]: -15.00 x[380]: -8.00 x[381]: -3.00 x[382]: 2.00 x[383]: -4.00 x[384]: 0.00 x[385]: -16.00 x[386]: -10.00 x[387]: 0.00 x[388]: -10.00 x[389]: -22.00 x[390]: -4.00 x[391]: 9.00 x[392]: -7.00 x[393]: -15.00 x[394]: 0.00 x[395]: 25.00 x[396]: 0.00 x[397]: -2.00 x[398]: -8.00 x[399]: -7.00 x[400]: -11.00 x[401]: 6.00 x[402]: -7.00 x[403]: -5.00 x[404]: -1.00 x[405]: -5.00 x[406]: -23.00 x[407]: -39.00 x[408]: 8.00 x[409]: -11.00 x[410]: -7.00 x[411]: -1.00 x[412]: -5.00 x[413]: 3.00 x[414]: 0.00 x[415]: -6.00 x[416]: -14.00 x[417]: -14.00 x[418]: -26.00 x[419]: -1.00 x[420]: 6.00 x[421]: -12.00 x[422]: -4.00 x[423]: 18.00 x[424]: 0.00 x[425]: -24.00 x[426]: 3.00 x[427]: -22.00 x[428]: -9.00 x[429]: -10.00 x[430]: -7.00 x[431]: 6.00 x[432]: 10.00 x[433]: 1.00 x[434]: -6.00 x[435]: -5.00 x[436]: 8.00 x[437]: -7.00 x[438]: 7.00 x[439]: 6.00 x[440]: -5.00 x[441]: -6.00 x[442]: -7.00 x[443]: 0.00 x[444]: -3.00 x[445]: -34.00 x[446]: 10.00 x[447]: -15.00 x[448]: -5.00 x[449]: -5.00 x[450]: -4.00 x[451]: -1.00 x[452]: -5.00 x[453]: -22.00 x[454]: -8.00 x[455]: -4.00 x[456]: 0.00 x[457]: -11.00 x[458]: -4.00 x[459]: 1.00 x[460]: 1.00 x[461]: -16.00 x[462]: -7.00 x[463]: -17.00 x[464]: -5.00 x[465]: -14.00 x[466]: 18.00 x[467]: 0.00 x[468]: -18.00 x[469]: -9.00 x[470]: -12.00 x[471]: -2.00 x[472]: -24.00 x[473]: -20.00 x[474]: -9.00 x[475]: -8.00 x[476]: -20.00 x[477]: -4.00 x[478]: 3.00 x[479]: -11.00 x[480]: -10.00 x[481]: -5.00 x[482]: -4.00 x[483]: -17.00 x[484]: 12.00 x[485]: 3.00 x[486]: -17.00 x[487]: -4.00 x[488]: -4.00 x[489]: 1.00 x[490]: 11.00 x[491]: -6.00 x[492]: -12.00 x[493]: 2.00 x[494]: -3.00 x[495]: -6.00 x[496]: -16.00 x[497]: 4.00 x[498]: -3.00 x[499]: -32.00
Objective Value: -88.55
Elapsed Time: 10800.1346 sec

无可行解，所有约束违规量为零
输出违反约束的量

 20%|██        | 1/5 [3:00:03<12:00:12, 10803.10s/it][0. 0. 0. 0. 0. 0. 0. 0. 0. 0. 0. 0. 0. 0. 0. 0. 0. 0. 0. 0. 0. 0. 0. 0.
 0. 0. 0. 0. 0. 0. 0. 0. 0. 0. 0. 0. 0. 0. 0. 0. 0. 0. 0. 0. 0. 0. 0. 0.
 0. 0. 0. 0. 0. 0. 0. 0. 0. 0. 0. 0. 0. 0. 0. 0. 0. 0. 0. 0. 0. 0. 0. 0.
 0. 0. 0. 0. 0. 0. 0. 0. 0. 0. 0. 0. 0. 0. 0. 0. 0. 0. 0. 0. 0. 0. 0. 0.
 0. 0. 0. 0. 0. 0. 0. 0. 0. 0. 0. 0. 0. 0. 0. 0. 0. 0. 0. 0. 0. 0. 0. 0.
 0. 0. 0. 0. 0. 0. 0. 0. 0. 0. 0. 0. 0. 0. 0. 0. 0. 0. 0. 0. 0. 0. 0. 0.
 0. 0. 0. 0. 0. 0. 0. 0. 0. 0. 0. 0. 0. 0. 0. 0. 0. 0. 0. 0. 0. 0. 0. 0.
 0. 0. 0. 0. 0. 0. 0. 0. 0. 0. 0. 0. 0. 0. 0. 0. 0. 0. 0. 0. 0. 0. 0. 0.
 0. 0. 0. 0. 0. 0. 0. 0. 0. 0. 0. 0. 0. 0. 0. 0. 0. 0. 0. 0. 0. 0. 0. 0.
 0. 0. 0. 0. 0. 0. 0. 0. 0. 0. 0. 0. 0. 0. 0. 0. 0. 0. 0. 0. 0. 0. 0. 0.
 0. 0. 0. 0. 0. 0. 0. 0. 0. 0. 0. 0. 0. 0. 0. 0. 0. 0. 0. 0. 0. 0. 0. 0.
 0. 0. 0. 0. 0. 0. 0. 0. 0. 0. 0. 0. 0. 0. 0. 0. 0. 0. 0. 0. 0. 0. 0. 0.
 0. 0. 0. 0. 0. 0. 0. 0. 0. 0. 0. 0. 0. 0. 0. 0. 0. 0. 0. 0. 0. 0. 0. 0.
 0. 0. 0. 0. 0. 0. 0. 0. 0. 0. 0. 0. 0. 0. 0. 0. 0. 0. 0. 0. 0. 0. 0. 0.
 0. 0. 0. 0. 0. 0. 0. 0. 0. 0. 0. 0. 0. 0. 0. 0. 0. 0. 0. 0. 0. 0. 0. 0.
 0. 0. 0. 0. 0. 0. 0. 0. 0. 0. 0. 0. 0. 0. 0. 0. 0. 0. 0. 0. 0. 0. 0. 0.
 0. 0. 0. 0. 0. 0. 0. 0. 0. 0. 0. 0. 0. 0. 0. 0. 0. 0. 0. 0. 0. 0. 0. 0.
 0. 0. 0. 0. 0. 0. 0. 0. 0. 0. 0. 0. 0. 0. 0. 0. 0. 0. 0. 0. 0. 0. 0. 0.
 0. 0. 0. 0. 0. 0. 0. 0. 0. 0. 0. 0. 0. 0. 0. 0. 0. 0. 0. 0. 0. 0. 0. 0.
 0. 0. 0. 0. 0. 0. 0. 0. 0. 0. 0. 0. 0. 0. 0. 0. 0. 0. 0. 0. 0. 0. 0. 0.
 0. 0. 0. 0. 0. 0. 0. 0. 0. 0. 0. 0. 0. 0. 0. 0. 0. 0. 0. 0.]
约束的个数: 500
Gurobi model disposed.
此时传入模型的b
[ 2.30260029e-01 -9.57675353e-02  8.56810868e-01 -6.37520552e-01
 -4.80494261e-01  1.54741392e-01  2.38860741e-01 -5.89937389e-01
  6.02065086e-01 -5.89146078e-01 -8.00998330e-01 -9.61260498e-01
 -5.68515837e-01  4.79973882e-01  6.73180759e-01 -1.41438052e-01
 -5.59464455e-01 -1.05330527e-01 -6.12479150e-01 -1.22581646e-01
  2.98333466e-01 -3.35488886e-01 -4.51360613e-01  9.73213077e-01
  1.87257722e-01 -8.69493663e-01 -2.98218668e-01 -8.98953438e-01
 -8.63719583e-01 -6.76399767e-01 -8.02070737e-01  6.14595711e-01
  5.09541094e-01  7.01193810e-01 -5.47034144e-01 -5.65499604e-01
  6.75720453e-01  9.97877777e-01  3.37250024e-01  7.97823668e-01
  1.45933166e-01  7.07586646e-01  1.16328396e-01 -2.76454091e-01
 -5.16737960e-02 -6.27875388e-01  6.49340391e-01  1.80279627e-01
  9.12745416e-01 -4.39681679e-01  2.26130396e-01 -9.54007804e-01
 -6.26221821e-02 -7.62234330e-01 -7.05865562e-01 -2.72317350e-01
 -9.16003168e-01 -5.66633493e-02 -7.18611419e-01  1.55157879e-01
 -2.75466561e-01  1.50604561e-01 -3.01994950e-01  5.55688322e-01
 -2.50077009e-01  3.66600931e-01 -3.19602787e-01  8.61021698e-01
  9.91324663e-01  6.60786688e-01 -7.03246236e-01 -9.15808454e-02
  1.63028374e-01 -3.50692030e-03 -6.25965178e-01 -1.81182906e-01
  1.08175389e-01 -2.48848096e-01 -1.06866322e-01 -1.16542824e-01
  5.83795667e-01 -9.47727025e-01  2.09033817e-01  7.28665352e-01
 -8.77919316e-01 -9.11090493e-01 -6.13628149e-01 -9.03851986e-01
 -4.99666870e-01  5.86195350e-01 -3.25219333e-01  3.37538093e-01
 -5.25103152e-01  9.79298055e-01 -4.12625611e-01 -6.59910738e-01
 -9.38549459e-01 -8.88977051e-01  8.93989265e-01  8.18105936e-01
  1.14603654e-01 -4.73993093e-01  7.45723069e-01 -8.74111176e-01
 -1.97584376e-01  6.51054144e-01  7.27240980e-01  5.92486002e-03
 -9.19598937e-01  4.23252791e-01 -3.53541046e-01 -7.25948572e-01
  4.65249598e-01 -7.05716550e-01  2.45889246e-01 -6.86050057e-01
 -1.00007422e-01  3.43744040e-01 -9.36143517e-01  6.49011374e-01
 -4.82594728e-01  6.75701261e-01  9.67963159e-01 -5.38469732e-01
  2.03604445e-01 -8.28322232e-01 -7.67663479e-01 -1.35113567e-01
  9.11951661e-01  8.33571851e-01  3.97505969e-01  3.16121906e-01
  4.46731955e-01  7.75322139e-01 -2.91349813e-02 -7.37718463e-01
 -1.68971553e-01 -3.19986492e-01  8.75673071e-02 -9.51795101e-01
 -9.26752508e-01  5.81383824e-01  4.80578005e-01  5.26253343e-01
  6.94862068e-01 -2.39089370e-01  5.58329582e-01  3.45419466e-01
  6.58233941e-01  9.90084350e-01 -9.39314902e-01  4.23425913e-01
 -5.62045574e-01  4.98584598e-01 -2.95519501e-01  2.73277253e-01
 -2.17882276e-01 -8.19775701e-01 -9.53701884e-02  6.12827063e-01
 -6.67370617e-01 -3.20369691e-01  2.77048826e-01  5.52359939e-01
 -3.16931397e-01 -1.07734650e-01 -1.98482275e-01 -7.92637169e-02
 -8.78361464e-01  5.86468019e-02 -3.52603763e-01  1.23428605e-01
 -2.94974864e-01 -7.83269167e-01  1.57223329e-01 -4.27476108e-01
  2.27220222e-01 -8.37922871e-01  1.93517506e-01 -5.32291830e-01
 -1.49416760e-01  3.36879253e-01  5.43045163e-01 -5.26630402e-01
 -3.80703479e-01  1.31419137e-01 -7.52636850e-01 -2.36247018e-01
 -7.73596108e-01 -4.53673840e-01 -7.25607097e-01  9.02461171e-01
 -2.87406236e-01 -8.73678327e-01 -1.08496606e-01  4.11042571e-01
  4.74701703e-01 -2.47803420e-01  6.44674778e-01 -7.71573633e-02
 -7.03361511e-01  9.52157974e-01  7.57798791e-01 -3.62463236e-01
  6.13055944e-01  9.96667147e-02  8.50013316e-01 -7.07582086e-02
 -4.94831413e-01  2.40634292e-01 -9.01704371e-01 -4.23923880e-01
  7.00469077e-01  2.93309689e-01  2.72016406e-01 -2.98331618e-01
 -6.23453319e-01  5.68567157e-01 -1.86433658e-01 -9.89595950e-01
  3.80576432e-01 -9.46402133e-01 -7.53909588e-01  8.72784734e-01
 -4.03543502e-01  1.54407501e-01 -4.82512146e-01 -4.57349807e-01
 -7.99924195e-01 -8.34175646e-01  6.11027181e-01 -6.98004007e-01
  9.14540648e-01 -7.67925918e-01  4.08357471e-01  6.67412803e-02
  4.61092263e-01 -3.55013460e-01  8.38306844e-02  7.82893181e-01
 -5.13955891e-01 -5.39616048e-01  5.54337390e-02  4.21162635e-01
  1.85671240e-01  3.93767744e-01  5.09365916e-01 -3.24853033e-01
 -2.99577434e-02 -6.54756367e-01  7.14274228e-01  1.68598354e-01
  5.23951948e-01 -3.41147989e-01  2.00026959e-01 -5.81730567e-02
 -9.75791086e-03 -1.66528866e-01 -4.23909605e-01 -4.54417646e-01
 -8.95588920e-02  8.15671384e-01 -6.69106781e-01  5.28431952e-01
  6.77601755e-01 -5.55114686e-01  3.79129857e-01 -8.35008442e-01
  5.50139606e-01  4.28561747e-01  9.07884598e-01 -4.45312083e-01
  6.04469478e-02 -2.26590768e-01  4.14666645e-02  9.25131977e-01
  1.41840339e-01 -5.80762327e-01  6.14377499e-01  6.37178957e-01
 -5.83315611e-01  9.92271483e-01  5.70028305e-01  2.91640252e-01
 -1.12735033e-02 -3.68728220e-01 -6.94194078e-01 -4.13109541e-01
 -2.56379992e-01  6.94287419e-01  7.20242262e-01  6.84255719e-01
  9.69620466e-01  6.85561299e-01 -3.68430555e-01  6.91298544e-01
  2.53279626e-01  3.27404022e-01  8.76517177e-01 -7.09490955e-01
 -9.88496184e-01  5.15578799e-02 -3.50351512e-01  1.52204573e-01
  8.02703738e-01  8.76920104e-01 -5.97680733e-03  6.99701846e-01
 -9.36104715e-01 -7.25178540e-01 -4.82025921e-01  3.65390569e-01
  2.33221933e-01  6.81674182e-01 -8.03439677e-01  8.64991546e-01
  9.60481346e-01 -6.65495336e-01 -2.44325295e-01  7.53141046e-01
  6.31270826e-01  1.38052791e-01 -6.63233399e-01  1.03655696e-01
 -5.51452160e-01 -5.77441573e-01  4.12270874e-01  7.53069341e-01
 -9.77399588e-01  3.98354143e-01 -9.86440182e-01  7.04811335e-01
 -4.05012518e-02 -7.39543915e-01 -2.03015611e-01  3.86684299e-01
 -4.87700224e-01  2.85745472e-01  2.50416040e-01 -3.67583632e-01
  9.40869033e-01 -3.75124484e-01 -6.37290835e-01  5.06195426e-01
 -1.67806059e-01 -8.94856751e-01  8.60811353e-01  8.15702856e-01
  2.76252180e-01 -7.92752862e-01 -3.36206183e-02 -9.71535265e-01
  4.01619285e-01 -7.01157510e-01  6.41313136e-01  2.99484372e-01
 -9.24763381e-01 -6.25067716e-03 -5.82486033e-01 -3.01684201e-01
  7.66542256e-01 -2.93487102e-01  4.93850499e-01 -6.19773924e-01
  9.13946748e-01  3.37989718e-01  2.08369702e-01 -9.98069704e-01
 -3.70705081e-03  2.62218877e-03  5.69541045e-02  7.44450808e-01
  8.75567138e-01  1.75486524e-02  7.53553212e-01 -8.40659022e-01
  8.20002615e-01 -1.81712676e-02 -1.93850949e-01  8.77148747e-01
  7.78482258e-01  2.53673010e-02 -3.55130255e-01 -2.27865875e-01
  4.31793511e-01  6.67983592e-01  8.09084475e-01  8.22002828e-01
  1.43253297e-01 -5.52025139e-01  1.67180896e-01  1.07801825e-01
 -8.06180537e-01  3.75681102e-01  6.45689130e-01  2.37383738e-01
 -4.64404747e-02 -3.42142999e-01 -3.20860356e-01  3.22153002e-01
  6.56344473e-01  6.87096000e-01 -9.67944205e-01  8.62900734e-01
  3.94939184e-02  1.44913405e-01 -6.34617805e-01 -1.93914056e-01
 -9.54033434e-01  2.41653115e-01 -3.51732790e-01 -9.42233205e-01
 -3.88817415e-02 -5.55336475e-01 -5.66876709e-01 -1.76527753e-01
 -8.08832049e-01 -1.25084788e-01  9.86565530e-01  1.36637568e-01
  5.90775847e-01 -4.77771938e-01  6.11634254e-01  1.07205003e-01
 -5.99746667e-02  4.42313880e-01 -4.61453125e-02  1.55206472e-01
 -1.88941494e-01 -5.74738324e-01 -6.15136087e-01  6.09364033e-01
 -3.31465602e-01 -9.43933845e-01  8.66233408e-01  4.13866639e-01
  3.99724126e-01 -7.94758499e-02  9.95517492e-01  9.97934520e-01
 -1.32172450e-01 -9.26089823e-01  1.42458066e-01 -2.76967049e-01
  8.07375610e-01  4.74421650e-01  2.86896884e-01  2.69633442e-01
  8.35580587e-01 -4.28779334e-01 -8.27441156e-01 -1.05986468e-01
  1.19662732e-01 -7.94401407e-01 -5.16603410e-01 -8.79016181e-04
  1.69321790e-01 -8.09979677e-01 -1.91855282e-02 -4.98736501e-01
  8.64992321e-01 -4.47179943e-01 -9.17639062e-02  5.39320707e-01
 -1.48205653e-01  8.43759358e-01 -7.76821673e-01 -2.99023807e-01
  4.44636881e-01 -6.91463947e-01 -9.36801553e-01  2.42793575e-01
  5.91228623e-03 -1.60699293e-01 -3.71522665e-01  4.37522709e-01
 -3.63682568e-01  7.80738294e-01  1.37247443e-01  4.54820424e-01
  2.25032821e-01  9.29548740e-01  9.70746040e-01 -8.85541320e-01
  4.77186054e-01 -3.13081205e-01 -4.30112660e-01 -7.74847269e-01
  3.95390183e-01  3.77667069e-01 -5.71587801e-01 -3.71801525e-01
  4.80921865e-01 -9.13343668e-01 -4.60890770e-01  8.09257686e-01
 -3.30894053e-01 -3.85491140e-02  5.95139146e-01 -1.82925209e-01]
======================================================
Solve MINLP problem:
[[0.00294665 0.         0.         ... 0.         0.         0.        ]
 [0.         0.00530587 0.         ... 0.         0.         0.        ]
 [0.         0.         0.00191521 ... 0.         0.         0.        ]
 ...
 [0.         0.         0.         ... 0.00036931 0.         0.        ]
 [0.         0.         0.         ... 0.         0.00864608 0.        ]
 [0.         0.         0.         ... 0.         0.         0.0002159 ]]
[0.00133922 0.08177239 0.02510362 0.05407345 0.0584661  0.06953505
 0.0572123  0.03969068 0.0244073  0.07791699 0.04997084 0.01213402
 0.06808288 0.0112906  0.03857721 0.06185987 0.07575615 0.04951519
 0.05330309 0.06762374 0.08010294 0.02096921 0.02583031 0.02608824
 0.05500534 0.08229287 0.01873222 0.06601226 0.01353801 0.02233934
 0.06650325 0.01563992 0.01025159 0.05748777 0.0352567  0.08438829
 0.03763755 0.02197414 0.04864225 0.09976746 0.00181751 0.00729885
 0.08754292 0.03216953 0.02603403 0.05598473 0.05248588 0.04908028
 0.04183061 0.05945832 0.04630717 0.06185976 0.02284373 0.01333738
 0.07422781 0.0538897  0.06085712 0.0611719  0.07460422 0.0845935
 0.00725107 0.04313434 0.04728378 0.06317844 0.06107105 0.0358849
 0.03265345 0.00307268 0.03492641 0.00220235 0.07327128 0.0157121
 0.02361114 0.05673034 0.09645324 0.05110158 0.06613662 0.02328464
 0.07959891 0.09027635 0.06257487 0.08225257 0.01248787 0.08656734
 0.02557825 0.02754175 0.03855789 0.08877995 0.03626134 0.00023315
 0.00387181 0.04408163 0.03452555 0.09239139 0.06734281 0.01021451
 0.05867741 0.0515583  0.06876298 0.03105892 0.05197503 0.0049388
 0.06264219 0.08953422 0.05860403 0.07815534 0.03476151 0.00306742
 0.08422802 0.00581519 0.0843923  0.00774878 0.0132233  0.09230754
 0.04921892 0.04722613 0.08399801 0.06804495 0.07964862 0.07986401
 0.06359439 0.04765696 0.05138381 0.03877611 0.05708265 0.02026126
 0.09548149 0.02687087 0.02772522 0.07923771 0.03475723 0.03359557
 0.00400404 0.09081151 0.02953911 0.04516075 0.04593805 0.07474501
 0.00706981 0.07728628 0.04100942 0.07414747 0.05794287 0.09270067
 0.00499511 0.06015323 0.04723491 0.07328196 0.08622323 0.07708847
 0.00772451 0.04070049 0.05042961 0.02967686 0.04229219 0.01438626
 0.07556076 0.06884494 0.03621866 0.09768255 0.07451063 0.08162189
 0.03265578 0.00066749 0.03712253 0.07146835 0.02995036 0.08405409
 0.03584627 0.07842178 0.06781245 0.02518036 0.06832849 0.07154936
 0.09606445 0.08637938 0.08172043 0.02333243 0.05890263 0.07351509
 0.09244427 0.07091198 0.07420116 0.06281726 0.03615584 0.08071931
 0.05708791 0.03514295 0.04337441 0.02101509 0.0636107  0.03513254
 0.03402702 0.02087314 0.07591831 0.07796393 0.0382953  0.03873887
 0.08548603 0.09315812 0.07185882 0.06257971 0.07543251 0.08081806
 0.06399422 0.04348634 0.06746841 0.03374991 0.01661944 0.02442329
 0.00567911 0.0475542  0.08633873 0.05100447 0.06934462 0.08680323
 0.09878164 0.08082736 0.09100773 0.09516713 0.09612457 0.03745898
 0.04359444 0.05694872 0.04626932 0.09445095 0.0836615  0.0013266
 0.0441172  0.05260435 0.06512218 0.09733626 0.0528653  0.02258527
 0.07674533 0.00949805 0.01788375 0.06693704 0.08226266 0.01638301
 0.01801214 0.0003151  0.05238591 0.05562263 0.069318   0.04074037
 0.00111452 0.05069197 0.09800315 0.04777785 0.02962359 0.05721144
 0.08420964 0.05887146 0.08433907 0.0409551  0.01031315 0.05571807
 0.03922759 0.07541025 0.09809351 0.09857075 0.09086422 0.03109582
 0.08274066 0.08056854 0.05166704 0.07578351 0.04382434 0.01477322
 0.01130025 0.03397862 0.0440002  0.00382547 0.0405858  0.05992139
 0.07180629 0.03076267 0.05439422 0.05595874 0.06127391 0.06153024
 0.04960326 0.08374212 0.01123874 0.05504487 0.05397648 0.00527283
 0.0132057  0.01910609 0.00592752 0.09450579 0.06426141 0.03605839
 0.06962132 0.04120773 0.07159304 0.04223442 0.08767316 0.08335783
 0.0442676  0.05137423 0.0191519  0.03084932 0.05612969 0.08326521
 0.09981613 0.04975683 0.00667542 0.09734665 0.06632399 0.0095614
 0.03448687 0.02514818 0.03820351 0.07851758 0.0562359  0.0322804
 0.02424905 0.05365921 0.05166194 0.00103395 0.05248943 0.03413897
 0.00321797 0.0135666  0.05104997 0.03297562 0.09515222 0.02353217
 0.08770565 0.05819153 0.07880408 0.06048169 0.08510414 0.07834791
 0.09723876 0.08982619 0.00141041 0.06491263 0.08322218 0.07945705
 0.06314119 0.07815998 0.09043522 0.00194805 0.09838504 0.00719455
 0.09940301 0.01675928 0.05358797 0.09972834 0.05633487 0.02203558
 0.04122514 0.05621719 0.02949358 0.00323306 0.045841   0.0864933
 0.0861266  0.02458368 0.05032549 0.05070931 0.04436682 0.00033209
 0.05000338 0.04556979 0.04066138 0.05734781 0.07779707 0.07503536
 0.03979888 0.05546754 0.0510734  0.07288759 0.0038776  0.09143401
 0.00533113 0.0631238  0.0822524  0.04454337 0.03013635 0.04701835
 0.03351121 0.04578329 0.09128481 0.06656726 0.03954722 0.03178628
 0.04299563 0.00019806 0.09570965 0.06161056 0.02724723 0.05609425
 0.04883717 0.02848462 0.02782634 0.05688568 0.02571337 0.0311811
 0.00272871 0.04378882 0.08420307 0.07772633 0.05852183 0.08166751
 0.00029335 0.07850384 0.09362274 0.05035981 0.0552622  0.00116196
 0.02389757 0.06385213 0.06298134 0.06436209 0.06114441 0.0239408
 0.01367103 0.02360204 0.02809949 0.04488965 0.07335366 0.06448454
 0.00896222 0.04484223 0.00286915 0.07755604 0.04794993 0.01262589
 0.0178823  0.05907873 0.00489121 0.01276896 0.02016645 0.05318037
 0.01977345 0.04140443 0.04665961 0.041359   0.05992908 0.0777708
 0.061222   0.07758379 0.02049927 0.06980975 0.00542676 0.01413459
 0.00570196 0.01199475 0.03469513 0.07083954 0.0605495  0.05667881
 0.02657863 0.07266255 0.00528351 0.00801001 0.03527261 0.09968004
 0.03065466 0.07958693 0.05965904 0.07281371 0.00461331 0.02969448
 0.05310453 0.00169754 0.02180899 0.04461533 0.05286625 0.04501398
 0.06021779 0.08571979 0.04486718 0.05069914 0.00407421 0.07037332
 0.06241258 0.01858998 0.03386769 0.01501927 0.01143804 0.01308397
 0.07770566 0.00100339 0.08206587 0.09505336 0.05697101 0.07545044
 0.07674267 0.00739541 0.07841799 0.01024942 0.02098656 0.01792223
 0.01914838 0.03251976]
[[-0.05174188  0.09723156 -0.02041709 ...  0.20673279 -0.0414435
   0.0362385 ]
 [ 0.03663959 -0.19775092  0.05117836 ...  0.06210294  0.14739006
   0.04037151]
 [ 0.08735605 -0.10103314  0.03549017 ... -0.00663709  0.05049992
  -0.04427324]
 ...
 [-0.12178913  0.00677205  0.09318566 ...  0.1984211  -0.09827667
  -0.03660177]
 [ 0.03619071 -0.08138609  0.12245426 ...  0.09280058 -0.24994393
   0.13769932]
 [ 0.12697229  0.13147694  0.10654318 ...  0.02334976  0.05295595
   0.03927171]]
此时输入模型的b
[0.23026003, -0.095767535, 0.85681087, -0.63752055, -0.48049426, 0.15474139, 0.23886074, -0.5899374, 0.6020651, -0.5891461, -0.80099833, -0.9612605, -0.56851584, 0.47997388, 0.67318076, -0.14143805, -0.55946445, -0.10533053, -0.61247915, -0.122581646, 0.29833347, -0.3354889, -0.4513606, 0.9732131, 0.18725772, -0.86949366, -0.29821867, -0.89895344, -0.8637196, -0.67639977, -0.80207074, 0.6145957, 0.5095411, 0.7011938, -0.54703414, -0.5654996, 0.67572045, 0.9978778, 0.33725002, 0.79782367, 0.14593317, 0.70758665, 0.116328396, -0.2764541, -0.051673796, -0.6278754, 0.6493404, 0.18027963, 0.9127454, -0.43968168, 0.2261304, -0.9540078, -0.06262218, -0.76223433, -0.70586556, -0.27231735, -0.91600317, -0.05666335, -0.7186114, 0.15515788, -0.27546656, 0.15060456, -0.30199495, 0.5556883, -0.250077, 0.36660093, -0.3196028, 0.8610217, 0.99132466, 0.6607867, -0.70324624, -0.091580845, 0.16302837, -0.0035069203, -0.6259652, -0.1811829, 0.10817539, -0.2488481, -0.10686632, -0.11654282, 0.58379567, -0.947727, 0.20903382, 0.72866535, -0.8779193, -0.9110905, -0.61362815, -0.903852, -0.49966687, 0.58619535, -0.32521933, 0.3375381, -0.52510315, 0.97929806, -0.4126256, -0.65991074, -0.93854946, -0.88897705, 0.89398926, 0.81810594, 0.11460365, -0.4739931, 0.74572307, -0.8741112, -0.19758438, 0.65105414, 0.727241, 0.00592486, -0.91959894, 0.4232528, -0.35354105, -0.7259486, 0.4652496, -0.70571655, 0.24588925, -0.68605006, -0.10000742, 0.34374404, -0.9361435, 0.6490114, -0.48259473, 0.67570126, 0.96796316, -0.53846973, 0.20360444, -0.82832223, -0.7676635, -0.13511357, 0.91195166, 0.83357185, 0.39750597, 0.3161219, 0.44673195, 0.77532214, -0.029134981, -0.73771846, -0.16897155, -0.3199865, 0.08756731, -0.9517951, -0.9267525, 0.5813838, 0.480578, 0.52625334, 0.69486207, -0.23908937, 0.5583296, 0.34541947, 0.65823394, 0.99008435, -0.9393149, 0.4234259, -0.5620456, 0.4985846, -0.2955195, 0.27327725, -0.21788228, -0.8197757, -0.09537019, 0.61282706, -0.6673706, -0.3203697, 0.27704883, 0.55235994, -0.3169314, -0.10773465, -0.19848228, -0.07926372, -0.87836146, 0.0586468, -0.35260376, 0.123428605, -0.29497486, -0.78326917, 0.15722333, -0.4274761, 0.22722022, -0.8379229, 0.1935175, -0.5322918, -0.14941676, 0.33687925, 0.54304516, -0.5266304, -0.38070348, 0.13141914, -0.75263685, -0.23624702, -0.7735961, -0.45367384, -0.7256071, 0.9024612, -0.28740624, -0.8736783, -0.10849661, 0.41104257, 0.4747017, -0.24780342, 0.6446748, -0.07715736, -0.7033615, 0.952158, 0.7577988, -0.36246324, 0.61305594, 0.099666715, 0.8500133, -0.07075821, -0.4948314, 0.24063429, -0.9017044, -0.42392388, 0.7004691, 0.2933097, 0.2720164, -0.29833162, -0.6234533, 0.56856716, -0.18643366, -0.98959595, 0.38057643, -0.94640213, -0.7539096, 0.87278473, -0.4035435, 0.1544075, -0.48251215, -0.4573498, -0.7999242, -0.83417565, 0.6110272, -0.698004, 0.91454065, -0.7679259, 0.40835747, 0.06674128, 0.46109226, -0.35501346, 0.083830684, 0.7828932, -0.5139559, -0.53961605, 0.05543374, 0.42116264, 0.18567124, 0.39376774, 0.5093659, -0.32485303, -0.029957743, -0.65475637, 0.7142742, 0.16859835, 0.52395195, -0.341148, 0.20002696, -0.058173057, -0.009757911, -0.16652887, -0.4239096, -0.45441765, -0.08955889, 0.8156714, -0.6691068, 0.52843195, 0.67760175, -0.5551147, 0.37912986, -0.83500844, 0.5501396, 0.42856175, 0.9078846, -0.44531208, 0.060446948, -0.22659077, 0.041466665, 0.925132, 0.14184034, -0.5807623, 0.6143775, 0.63717896, -0.5833156, 0.9922715, 0.5700283, 0.29164025, -0.011273503, -0.36872822, -0.6941941, -0.41310954, -0.25638, 0.6942874, 0.72024226, 0.6842557, 0.96962047, 0.6855613, -0.36843055, 0.69129854, 0.25327963, 0.32740402, 0.8765172, -0.70949095, -0.9884962, 0.05155788, -0.3503515, 0.15220457, 0.80270374, 0.8769201, -0.0059768073, 0.69970185, -0.9361047, -0.72517854, -0.48202592, 0.36539057, 0.23322193, 0.6816742, -0.8034397, 0.86499155, 0.96048135, -0.66549534, -0.2443253, 0.75314105, 0.6312708, 0.13805279, -0.6632334, 0.103655696, -0.55145216, -0.5774416, 0.41227087, 0.75306934, -0.9773996, 0.39835414, -0.9864402, 0.70481133, -0.04050125, -0.7395439, -0.20301561, 0.3866843, -0.48770022, 0.28574547, 0.25041604, -0.36758363, 0.94086903, -0.37512448, -0.63729084, 0.5061954, -0.16780606, -0.89485675, 0.86081135, 0.81570286, 0.27625218, -0.79275286, -0.03362062, -0.97153527, 0.4016193, -0.7011575, 0.64131314, 0.29948437, -0.9247634, -0.006250677, -0.58248603, -0.3016842, 0.76654226, -0.2934871, 0.4938505, -0.6197739, 0.91394675, 0.33798972, 0.2083697, -0.9980697, -0.0037070508, 0.0026221888, 0.056954104, 0.7444508, 0.87556714, 0.017548652, 0.7535532, -0.840659, 0.8200026, -0.018171268, -0.19385095, 0.87714875, 0.77848226, 0.025367301, -0.35513026, -0.22786587, 0.4317935, 0.6679836, 0.8090845, 0.8220028, 0.1432533, -0.55202514, 0.1671809, 0.107801825, -0.80618054, 0.3756811, 0.64568913, 0.23738374, -0.046440475, -0.342143, -0.32086036, 0.322153, 0.6563445, 0.687096, -0.9679442, 0.86290073, 0.03949392, 0.1449134, -0.6346178, -0.19391406, -0.95403343, 0.24165311, -0.3517328, -0.9422332, -0.03888174, -0.5553365, -0.5668767, -0.17652775, -0.80883205, -0.12508479, 0.98656553, 0.13663757, 0.59077585, -0.47777194, 0.61163425, 0.107205, -0.059974667, 0.44231388, -0.046145312, 0.15520647, -0.1889415, -0.5747383, -0.6151361, 0.60936403, -0.3314656, -0.94393384, 0.8662334, 0.41386664, 0.39972413, -0.07947585, 0.9955175, 0.9979345, -0.13217245, -0.9260898, 0.14245807, -0.27696705, 0.8073756, 0.47442165, 0.28689688, 0.26963344, 0.8355806, -0.42877933, -0.82744116, -0.10598647, 0.11966273, -0.7944014, -0.5166034, -0.0008790162, 0.16932179, -0.8099797, -0.019185528, -0.4987365, 0.8649923, -0.44717994, -0.091763906, 0.5393207, -0.14820565, 0.84375936, -0.7768217, -0.2990238, 0.44463688, -0.69146395, -0.93680155, 0.24279357, 0.005912286, -0.1606993, -0.37152267, 0.4375227, -0.36368257, 0.7807383, 0.13724744, 0.45482042, 0.22503282, 0.92954874, 0.97074604, -0.8855413, 0.47718605, -0.3130812, -0.43011266, -0.77484727, 0.39539018, 0.37766707, -0.5715878, -0.37180153, 0.48092186, -0.91334367, -0.46089077, 0.8092577, -0.33089405, -0.038549114, 0.59513915, -0.18292521]
已作为Gurobi初始解
此时传入求解器的初始解为：
[7.0, -1.0, -15.0, -9.0, -2.0, -10.0, 3.0, -13.0, -18.0, -11.0, -3.0, 21.0, 4.0, 0.0, -13.0, -1.0, -6.0, 0.0, -9.0, -1.0, -26.0, 4.0, -1.0, 0.0, -5.0, -14.0, -4.0, -25.0, -4.0, -18.0, -14.0, 7.0, 1.0, 12.0, -2.0, -12.0, -8.0, -9.0, 2.0, -1.0, 3.0, 13.0, -6.0, -6.0, -15.0, 8.0, -7.0, -11.0, -1.0, -3.0, -4.0, -3.0, 4.0, 2.0, -16.0, -11.0, -11.0, 12.0, 4.0, 4.0, -11.0, 1.0, -20.0, 4.0, -5.0, -4.0, -2.0, -8.0, 0.0, -1.0, -21.0, 17.0, -10.0, -17.0, -24.0, -7.0, -2.0, -12.0, -2.0, -11.0, 14.0, -10.0, 6.0, -22.0, -10.0, -11.0, 1.0, 7.0, -7.0, -4.0, -1.0, -18.0, -2.0, -6.0, 2.0, -11.0, -14.0, -4.0, -8.0, -4.0, -14.0, 0.0, -5.0, -2.0, 5.0, -18.0, 12.0, -14.0, -10.0, -12.0, -12.0, 3.0, 2.0, -1.0, 2.0, -16.0, -8.0, 3.0, -8.0, -10.0, -13.0, 3.0, 2.0, -12.0, -24.0, -14.0, -13.0, -4.0, -6.0, -1.0, 0.0, 4.0, 0.0, -7.0, -1.0, 0.0, -12.0, -13.0, -6.0, -9.0, 12.0, -12.0, -4.0, -12.0, 3.0, -11.0, -8.0, -7.0, -10.0, 8.0, -10.0, -16.0, -14.0, -1.0, 7.0, -5.0, -17.0, -5.0, 2.0, -4.0, -7.0, -5.0, -9.0, 8.0, -8.0, -1.0, 11.0, -14.0, -8.0, -1.0, -8.0, -3.0, -4.0, -24.0, -29.0, -10.0, -32.0, -7.0, 6.0, -25.0, -20.0, -5.0, -14.0, -9.0, -9.0, -13.0, 4.0, -4.0, -17.0, 10.0, -9.0, -1.0, 2.0, -4.0, -11.0, -2.0, -1.0, -10.0, -10.0, -9.0, -18.0, -3.0, -5.0, 4.0, -7.0, 1.0, -5.0, -5.0, -7.0, 6.0, -15.0, 0.0, -6.0, 3.0, -10.0, -11.0, -3.0, -14.0, -7.0, -2.0, -9.0, 3.0, -1.0, 1.0, -7.0, -5.0, -28.0, 4.0, -14.0, -4.0, 18.0, -6.0, -19.0, 3.0, -10.0, 3.0, -4.0, -8.0, -16.0, -9.0, 5.0, 7.0, -3.0, 10.0, 6.0, 2.0, 2.0, -17.0, -19.0, -10.0, -9.0, -7.0, 9.0, -8.0, -10.0, 3.0, 5.0, -7.0, -6.0, -4.0, -6.0, -14.0, -22.0, -3.0, -4.0, -14.0, -10.0, -27.0, -11.0, 0.0, 5.0, -1.0, -4.0, 10.0, -3.0, -4.0, -16.0, 1.0, -9.0, 4.0, -3.0, -6.0, -10.0, -3.0, 7.0, -7.0, 6.0, -4.0, 5.0, 0.0, 3.0, 10.0, -1.0, -16.0, 3.0, 1.0, 3.0, -6.0, 3.0, 2.0, -9.0, 0.0, -13.0, 8.0, -3.0, -8.0, -13.0, -7.0, -4.0, -11.0, 9.0, -5.0, 0.0, 3.0, -8.0, -2.0, -8.0, -2.0, 8.0, -11.0, -19.0, -19.0, -8.0, 5.0, 1.0, -8.0, -7.0, -2.0, -2.0, 1.0, 0.0, 7.0, -21.0, -9.0, -9.0, -16.0, -10.0, -4.0, -3.0, -34.0, 3.0, 4.0, -5.0, -16.0, -16.0, -3.0, -10.0, 0.0, -20.0, 4.0, -14.0, -5.0, -1.0, -7.0, -20.0, -22.0, 4.0, 8.0, -19.0, -14.0, 2.0, 7.0, -10.0, -5.0, -3.0, -5.0, -15.0, -4.0, 0.0, -16.0, -16.0, -13.0, -2.0, -18.0, -5.0, -14.0, 22.0, 11.0, -5.0, -18.0, -6.0, -3.0, 2.0, -2.0, 0.0, -16.0, -9.0, 0.0, -9.0, -20.0, -5.0, 6.0, -7.0, -13.0, 0.0, 26.0, 1.0, -4.0, -8.0, -6.0, -8.0, 6.0, -7.0, -5.0, -1.0, -5.0, -22.0, -36.0, 8.0, -11.0, -7.0, 0.0, -4.0, 4.0, 1.0, -6.0, -12.0, -13.0, -24.0, -1.0, 6.0, -12.0, -3.0, 19.0, 2.0, -24.0, 4.0, -20.0, -9.0, -10.0, -9.0, 7.0, 9.0, 2.0, -7.0, -6.0, 8.0, -7.0, 8.0, 6.0, -5.0, -5.0, -8.0, 2.0, -2.0, -34.0, 9.0, -14.0, -4.0, -5.0, -4.0, -1.0, -3.0, -22.0, -8.0, -4.0, 0.0, -11.0, -4.0, 2.0, 2.0, -15.0, -7.0, -16.0, -5.0, -13.0, 17.0, 2.0, -16.0, -9.0, -12.0, -1.0, -23.0, -16.0, -7.0, -8.0, -18.0, -4.0, 5.0, -11.0, -10.0, -5.0, -5.0, -17.0, 12.0, 3.0, -16.0, -5.0, -4.0, 1.0, 10.0, -6.0, -10.0, 2.0, -3.0, -6.0, -16.0, 5.0, -5.0, -29.0]
======================================================
Solve MINLP problem:
初始化solution
初始解违反约束的程度是
(array([0, 0, 0, 0, 0, 0, 0, 0, 0, 0, 0, 0, 0, 0, 0, 0, 0, 0, 0, 0, 0, 0,
       0, 0, 0, 0, 0, 0, 0, 0, 0, 0, 0, 0, 0, 0, 0, 0, 0, 0, 0, 0, 0, 0,
       0, 0, 0, 0, 0, 0, 0, 0, 0, 0, 0, 0, 0, 0, 0, 0, 0, 0, 0, 0, 0, 0,
       0, 0, 0, 0, 0, 0, 0, 0, 0, 0, 0, 0, 0, 0, 0, 0, 0, 0, 0, 0, 0, 0,
       0, 0, 0, 0, 0, 0, 0, 0, 0, 0, 0, 0, 0, 0, 0, 0, 0, 0, 0, 0, 0, 0,
       0, 0, 0, 0, 0, 0, 0, 0, 0, 0, 0, 0, 0, 0, 0, 0, 0, 0, 0, 0, 0, 0,
       0, 0, 0, 0, 0, 0, 0, 0, 0, 0, 0, 0, 0, 0, 0, 0, 0, 0, 0, 0, 0, 0,
       0, 0, 0, 0, 0, 0, 0, 0, 0, 0, 0, 0, 0, 0, 0, 0, 0, 0, 0, 0, 0, 0,
       0, 0, 0, 0, 0, 0, 0, 0, 0, 0, 0, 0, 0, 0, 0, 0, 0, 0, 0, 0, 0, 0,
       0, 0, 0, 0, 0, 0, 0, 0, 0, 0, 0, 0, 0, 0, 0, 0, 0, 0, 0, 0, 0, 0,
       0, 0, 0, 0, 0, 0, 0, 0, 0, 0, 0, 0, 0, 0, 0, 0, 0, 0, 0, 0, 0, 0,
       0, 0, 0, 0, 0, 0, 0, 0, 0, 0, 0, 0, 0, 0, 0, 0, 0, 0, 0, 0, 0, 0,
       0, 0, 0, 0, 0, 0, 0, 0, 0, 0, 0, 0, 0, 0, 0, 0, 0, 0, 0, 0, 0, 0,
       0, 0, 0, 0, 0, 0, 0, 0, 0, 0, 0, 0, 0, 0, 0, 0, 0, 0, 0, 0, 0, 0,
       0, 0, 0, 0, 0, 0, 0, 0, 0, 0, 0, 0, 0, 0, 0, 0, 0, 0, 0, 0, 0, 0,
       0, 0, 0, 0, 0, 0, 0, 0, 0, 0, 0, 0, 0, 0, 0, 0, 0, 0, 0, 0, 0, 0,
       0, 0, 0, 0, 0, 0, 0, 0, 0, 0, 0, 0, 0, 0, 0, 0, 0, 0, 0, 0, 0, 0,
       0, 0, 0, 0, 0, 0, 0, 0, 0, 0, 0, 0, 0, 0, 0, 0, 0, 0, 0, 0, 0, 0,
       0, 0, 0, 0, 0, 0, 0, 0, 0, 0, 0, 0, 0, 0, 0, 0, 0, 0, 0, 0, 0, 0,
       0, 0, 0, 0, 0, 0, 0, 0, 0, 0, 0, 0, 0, 0, 0, 0, 0, 0, 0, 0, 0, 0,
       0, 0, 0, 0, 0, 0, 0, 0, 0, 0, 0, 0, 0, 0, 0, 0, 0, 0, 0, 0, 0, 0,
       0, 0, 0, 0, 0, 0, 0, 0, 0, 0, 0, 0, 0, 0, 0, 0, 0, 0, 0, 0, 0, 0,
       0, 0, 0, 0, 0, 0, 0, 0, 0, 0, 0, 0, 0, 0, 0, 0]), -76.46377503886382)
Set parameter OutputFlag to value 1
Set parameter LogFile to value "solver_result/gurobi/initial/cq_cls100_500-500.log"
Set parameter TimeLimit to value 10800
Set parameter NodefileStart to value 20
Set parameter Threads to value 20
Gurobi Optimizer version 12.0.1 build v12.0.1rc0 (linux64 - "Ubuntu 24.04.1 LTS")

CPU model: Intel(R) Xeon(R) Gold 6240C CPU @ 2.60GHz, instruction set [SSE2|AVX|AVX2|AVX512]
Thread count: 36 physical cores, 72 logical processors, using up to 20 threads

Non-default parameters:
TimeLimit  10800
NodefileStart  20
Threads  20

Optimize a model with 500 rows, 500 columns and 250000 nonzeros
Model fingerprint: 0x2c64cc8b
Model has 500 quadratic objective terms
Variable types: 0 continuous, 500 integer (0 binary)
Coefficient statistics:
  Matrix range     [7e-07, 5e-01]
  Objective range  [2e-04, 1e-01]
  QObjective range [2e-05, 1e-02]
  Bounds range     [0e+00, 0e+00]
  RHS range        [9e-04, 1e+00]

Loaded user MIP start with objective -76.4638

Presolve time: 0.08s
Presolved: 500 rows, 500 columns, 250000 nonzeros
Presolved model has 500 quadratic objective terms
Variable types: 0 continuous, 500 integer (0 binary)
Found heuristic solution: objective -81.3498252

Root relaxation: objective -1.068096e+02, 290 iterations, 1.05 seconds (0.51 work units)

    Nodes    |    Current Node    |     Objective Bounds      |     Work
 Expl Unexpl |  Obj  Depth IntInf | Incumbent    BestBd   Gap | It/Node Time

     0     0 -106.80957    0  500  -81.34983 -106.80957  31.3%     -    1s
H    0     0                     -82.9298257 -106.80957  28.8%     -    1s
H    0     0                     -83.4780503 -106.80957  27.9%     -    1s
H    0     0                     -83.9731338 -106.80957  27.2%     -    1s
H    0     0                     -83.9835966 -106.80957  27.2%     -    1s
H    0     0                     -87.3004285 -106.80957  22.3%     -    1s
     0     0 -106.80691    0  500  -87.30043 -106.80691  22.3%     -    9s
     0     2 -106.80691    0  500  -87.30043 -106.80691  22.3%     -   10s
H  123   132                     -87.4577142 -106.80395  22.1%   3.2   14s
H  131   262                     -88.5505162 -106.80395  20.6%   3.2   18s
   281   302 -106.79775   12  488  -88.55052 -106.80395  20.6%   3.3   20s
   341   362 -106.79623   13  487  -88.55052 -106.80395  20.6%   3.3   27s
H  376   382                     -88.7391627 -106.80395  20.4%   3.3   28s
H  381   516                     -89.1000180 -106.80395  19.9%   3.3   34s
   515  1981 -106.79001   19  481  -89.10002 -106.80395  19.9%   3.3   59s
  1980  2001 -106.73146   78  426  -89.10002 -106.80395  19.9%   3.3   61s
  2020  2044 -106.73088   79  425  -89.10002 -106.80395  19.9%   3.3   66s
  2043  2545 -106.73059   79  423  -89.10002 -106.80395  19.9%   3.3   74s
  2544  3229 -106.71202   95  409  -89.10002 -106.80395  19.9%   3.4   85s
  3228  3826 -106.68673  117  388  -89.10002 -106.80395  19.9%   3.4   94s
  3825  4366 -106.65287  138  371  -89.10002 -106.80395  19.9%   3.6  102s
  4365  4883 -106.63384  154  355  -89.10002 -106.80395  19.9%   3.9  110s
  4882  5390 -106.61318  168  350  -89.10002 -106.80395  19.9%   4.2  118s
  5389  5877 -106.58833  185  337  -89.10002 -106.80395  19.9%   4.5  125s
  5876  6347 -106.56526  201  329  -89.10002 -106.80395  19.9%   4.8  132s
  6346  6808 -106.54199  215  322  -89.10002 -106.80395  19.9%   5.1  138s
  6807  7259 -106.50984  230  311  -89.10002 -106.80395  19.9%   5.4  145s
  7258  7700 -106.46779  245  297  -89.10002 -106.80395  19.9%   5.8  151s
  7699  7820 -106.44606  256  289  -89.10002 -106.80395  19.9%   6.2  156s
  7859  8010 -106.42741  267  296  -89.10002 -106.80395  19.9%   6.3  164s
  8009  8180 -106.39878  279  290  -89.10002 -106.80395  19.9%   6.4  170s
  8179  8393 -106.35139  291  277  -89.10002 -106.80395  19.9%   6.5  176s
  8392  8675 -106.30747  303  275  -89.10002 -106.80395  19.9%   6.6  182s
  8674  9082 -106.26452  318  271  -89.10002 -106.80395  19.9%   6.8  188s
  9081  9511 -106.22919  332  267  -89.10002 -106.80395  19.9%   7.0  194s
  9510  9975 -106.18723  345  260  -89.10002 -106.80395  19.9%   7.4  200s
  9974 10431 -106.12247  360  260  -89.10002 -106.80395  19.9%   7.9  206s
 10470 10596 -106.05360  376  245  -89.10002 -106.80395  19.9%   8.4  211s
 10595 11072 -106.05119  376  251  -89.10002 -106.80395  19.9%   8.5  216s
 11071 11574 -105.99562  386  241  -89.10002 -106.80395  19.9%   9.0  222s
 11574 11575 -106.72796   75  500  -89.10002 -106.80395  19.9%   9.6  357s
H11575 10997                     -89.3613559 -106.80395  19.5%   9.6  358s
 11579 11002 -106.80395   16  499  -89.36136 -106.80395  19.5%   9.6  360s
 11686 11092 -106.80050   22  493  -89.36136 -106.80258  19.5%   9.5  365s
H11699 10537                     -89.4351236 -106.80258  19.4%   9.5  365s
H11706 10162                     -89.8699009 -106.80258  18.8%   9.5  369s
H11856  9636                     -89.9397344 -106.80258  18.7%   9.4  371s
 11876  9831 -106.79802   26  489  -89.93973 -106.80258  18.7%   9.4  377s
 12078 10112 -106.79791   27  488  -89.93973 -106.80258  18.7%   9.4  385s
 12426 10579 -106.79513   27  488  -89.93973 -106.80258  18.7%   9.2  399s
 13009 10405 -106.79145   31  484  -89.93973 -106.80258  18.7%   8.9  402s
H13017  9930                     -90.0045462 -106.80258  18.7%   8.9  402s
H13029  9498                     -90.0626589 -106.80258  18.6%   8.9  406s
 13049 10599 -106.78986   32  483  -90.06266 -106.80258  18.6%   8.9  426s
 14157 10960 -106.78855   33  482  -90.06266 -106.80258  18.6%   8.4  439s
 14887 11524 -106.78765   33  482  -90.06266 -106.80258  18.6%   8.2  453s
 15694 11275 -106.78151   40  474  -90.06266 -106.80258  18.6%   8.0  456s
 15714 11592 -106.78054   40  476  -90.06266 -106.80258  18.6%   8.0  462s
 16038 12263 -106.76815   47  468  -90.06266 -106.80258  18.6%   8.0  475s
 16817 12716 -106.74868   63  453  -90.06266 -106.80258  18.6%   7.9  486s
 17530 13030 -106.72972   79  439  -90.06266 -106.80258  18.6%   7.9  495s
 18081 13237 -106.72068   92  425  -90.06266 -106.80258  18.6%   7.9  503s
 18472 13127 -106.71506  100  418  -90.06266 -106.80258  18.6%   7.9  515s
 18492 13140 -106.71600  101  418  -90.06266 -106.80258  18.6%   7.9  526s
 18512 13153 -106.71489  101  417  -90.06266 -106.80258  18.6%   7.9  561s
 18532 13167 -106.71531  102  417  -90.06266 -106.80258  18.6%   7.9  592s
 18552 13180 -106.71247  102  417  -90.06266 -106.80258  18.6%   7.9  603s
 18572 13193 -106.71517  103  416  -90.06266 -106.80258  18.6%   7.9  614s
 18592 13207 -106.71153  103  417  -90.06266 -106.80258  18.6%   7.9  625s
 18612 13220 -106.71509  104  415  -90.06266 -106.80258  18.6%   7.9  635s
 18632 13233 -106.71279  104  416  -90.06266 -106.80258  18.6%   7.9  645s
 18652 13247 -106.71462  105  414  -90.06266 -106.80258  18.6%   7.9  655s
 18672 13260 -106.71127  105  414  -90.06266 -106.80258  18.6%   7.9  664s
 18692 13273 -106.71298  106  413  -90.06266 -106.80258  18.6%   7.9  673s
 18712 13287 -106.71263  106  413  -90.06266 -106.80258  18.6%   7.9  681s
 18732 13300 -106.71262  107  413  -90.06266 -106.80258  18.6%   7.9  688s
 18752 13313 -106.70927  107  412  -90.06266 -106.80258  18.6%   7.9  696s
 18772 13327 -106.71240  108  412  -90.06266 -106.80258  18.6%   7.9  703s
 18792 13340 -106.70780  108  411  -90.06266 -106.80258  18.6%   7.9  713s
 18812 13521 -106.71162  109  410  -90.06266 -106.80258  18.6%   7.9  721s
 19000 13910 -106.70910  109  411  -90.06266 -106.80258  18.6%   7.9  729s
 19451 14508 -106.71057  110  408  -90.06266 -106.80258  18.6%   8.0  741s
 20200 14951 -106.69257  127  392  -90.06266 -106.80258  18.6%   8.2  751s
 20892 15367 -106.68298  144  378  -90.06266 -106.80258  18.6%   8.4  761s
 21539 15818 -106.67396  160  366  -90.06266 -106.80258  18.6%   8.7  770s
 22232 16202 -106.66231  176  354  -90.06266 -106.80258  18.6%   9.0  780s
 22903 16527 -106.64303  192  343  -90.06266 -106.80258  18.6%   9.2  790s
 23459 17514 -106.62851  206  337  -90.06266 -106.80257  18.6%   9.4  813s
 24632 17519 -106.61801  233  318  -90.06266 -106.80257  18.6%   9.7  821s
 25028 17841 -106.61135  242  314  -90.06266 -106.80257  18.6%   9.8  831s
 25482 18289 -106.58806  253  314  -90.06266 -106.80257  18.6%  10.1  841s
 26121 18673 -106.57264  269  304  -90.06266 -106.80257  18.6%  10.3  853s
 26678 19205 -106.56468  285  292  -90.06266 -106.80257  18.6%  10.5  865s
 27396 19703 -106.54347  303  288  -90.06266 -106.80257  18.6%  10.8  876s
 28133 20152 -106.51633  322  281  -90.06266 -106.80257  18.6%  11.1  887s
 28828 20701 -106.47159  340  276  -90.06266 -106.80257  18.6%  11.4  898s
 29608 21255 -106.43012  360  270  -90.06266 -106.80257  18.6%  11.7  908s
 30422 21738 -106.39617  381  262  -90.06266 -106.80257  18.6%  12.0  917s
 31177 22319 -106.35312  400  250  -90.06266 -106.80257  18.6%  12.4  928s
 32009 22751 -106.28550  421  245  -90.06266 -106.80257  18.6%  12.8  936s
 32757 23294 -106.25299  440  239  -90.06266 -106.80257  18.6%  13.2  948s
 33567 23903 -106.18852  459  223  -90.06266 -106.80253  18.6%  13.7  962s
 34446 24583 -106.15684  478  226  -90.06266 -106.80253  18.6%  14.2  975s
 35419 25336 -106.01888  499  216  -90.06266 -106.80253  18.6%  14.8  988s
 36496 26045 -105.95088  521  205  -90.06266 -106.80253  18.6%  15.4 1000s
 37609 26759 -105.77417  547  188  -90.06266 -106.80253  18.6%  16.0 1018s
 38527 27790 -105.62745  569  182  -90.06266 -106.80253  18.6%  16.6 1034s
 39558 28675 -105.46802  593  173  -90.06266 -106.80253  18.6%  17.4 1046s
 40481 29669 -105.21054  620  161  -90.06266 -106.80253  18.6%  18.2 1069s
 41577 30893 -104.88842  648  149  -90.06266 -106.80189  18.6%  19.1 1095s
 42935 32337 -104.01096  680  137  -90.06266 -106.80175  18.6%  19.6 1121s
 44495 33999 infeasible  698       -90.06266 -106.80144  18.6%  19.8 1147s
 46215 35683 -106.65803  105  420  -90.06266 -106.80144  18.6%  20.0 1173s
 48041 36829 -106.35841  234  342  -90.06266 -106.80144  18.6%  20.1 1238s
 49341 40725 -106.15088  290  312  -90.06266 -106.80144  18.6%  20.1 1283s
 53301 43187 -104.98251  508  247  -90.06266 -106.80119  18.6%  19.3 1308s
 55763 45459 -103.97545  631  220  -90.06266 -106.80119  18.6%  19.0 1331s
 58035 47898 -102.63697  754  201  -90.06266 -106.80119  18.6%  18.9 1352s
 60474 50938 -101.05576  873  164  -90.06266 -106.80119  18.6%  19.0 1374s
 63724 52780  -99.03151 1006  137  -90.06266 -106.80119  18.6%  19.2 1396s
 65718 55066  -96.37708 1175   90  -90.06266 -106.80109  18.6%  19.1 1418s
 68116 57009 -106.79291   27  488  -90.06266 -106.80109  18.6%  18.9 1440s
 70116 58848 -106.64536  128  401  -90.06266 -106.80109  18.6%  18.6 1460s
 71955 62468 -106.36202  231  339  -90.06266 -106.80109  18.6%  18.4 1495s
 75575 64424 -105.30379  454  255  -90.06266 -106.80109  18.6%  18.3 1513s
 77531 66234 -104.37811  576  230  -90.06266 -106.80109  18.6%  18.5 1532s
 79547 68070 -103.23442  692  205  -90.06266 -106.80109  18.6%  18.6 1558s
 81523 70025 -101.94971  815  175  -90.06266 -106.80096  18.6%  18.6 1588s
 83558 72222 -100.00649  943  154  -90.06266 -106.80096  18.6%  18.5 1618s
 85755 74609  -97.34114 1114  107  -90.06266 -106.80096  18.6%  18.4 1645s
 88266 76476  -91.73415 1400   47  -90.06266 -106.80096  18.6%  18.4 1672s
 90218 78319 -106.72804  116  404  -90.06266 -106.80096  18.6%  18.3 1698s
 92091 80276 -106.57641  234  331  -90.06266 -106.80096  18.6%  18.2 1723s
 94106 82145 -106.35526  358  283  -90.06266 -106.80091  18.6%  18.1 1746s
 96100 85354 -105.90108  466  238  -90.06266 -106.80051  18.6%  18.0 1786s
 99309 87028 -103.89144  624  196  -90.06266 -106.80051  18.6%  17.8 1804s
 100983 89556 -102.12312  707  175  -90.06266 -106.80051  18.6%  17.8 1827s
 103613 91427  -98.74905  825  132  -90.06266 -106.80051  18.6%  17.8 1851s
 105691 93079 -106.76073   77  438  -90.06266 -106.80051  18.6%  17.8 1871s
 107343 94999 -106.69020  179  355  -90.06266 -106.80051  18.6%  17.7 1891s
 109263 96700 -106.55553  301  290  -90.06266 -106.80051  18.6%  17.6 1908s
 111036 98520 -106.20388  416  262  -90.06266 -106.80051  18.6%  17.6 1930s
 112920 100245 -105.44414  527  219  -90.06266 -106.80051  18.6%  17.6 1951s
 114645 100265 -104.09039  619  195  -90.06266 -106.80051  18.6%  17.6 1961s
 114665 100285 -104.07515  620  194  -90.06266 -106.80051  18.6%  17.6 2005s
 114685 100305 -104.03104  621  194  -90.06266 -106.80051  18.6%  17.6 2030s
 114705 100325 -103.98593  622  193  -90.06266 -106.80051  18.6%  17.6 2053s
 114725 100345 -103.98457  623  193  -90.06266 -106.80051  18.6%  17.6 2074s
 114745 100365 -103.98392  624  193  -90.06266 -106.80051  18.6%  17.6 2092s
 114765 100385 -103.96698  625  194  -90.06266 -106.80051  18.6%  17.6 2108s
 114785 100437 -103.93246  626  192  -90.06266 -106.80051  18.6%  17.6 2123s
 114837 101569 -103.92400  627  191  -90.06266 -106.80051  18.6%  17.6 2139s
 115969 103448 -101.98324  692  179  -90.06266 -106.80051  18.6%  17.7 2158s
 117920 105452  -98.63719  782  169  -90.06266 -106.80051  18.6%  17.7 2185s
 119942 107819  -93.26257  905  139  -90.06266 -106.80051  18.6%  17.8 2214s
 122555 109543 -106.69260  135  389  -90.06266 -106.80050  18.6%  17.8 2236s
 124279 112431 -106.57830  215  341  -90.06266 -106.80050  18.6%  17.7 2265s
 127191 115121 -106.21684  387  267  -90.06266 -106.80050  18.6%  17.7 2288s
 129881 117632 -105.50944  519  228  -90.06266 -106.80050  18.6%  17.7 2311s
 132521 119393 -104.00934  633  188  -90.06266 -106.80050  18.6%  17.8 2341s
 134374 121278 -101.66273  737  152  -90.06266 -106.80050  18.6%  17.8 2371s
 136379 123087  -96.40030  854  123  -90.06266 -106.80034  18.6%  17.8 2400s
 138379 124851 -106.69059  100  420  -90.06266 -106.79997  18.6%  17.8 2425s
 140159 126805 -106.46161  211  338  -90.06266 -106.79997  18.6%  17.7 2453s
 142121 128591 -106.03661  333  289  -90.06266 -106.79993  18.6%  17.7 2479s
 143907 131059 -105.45842  438  265  -90.06266 -106.79993  18.6%  17.7 2516s
 146385 133161 -104.43767  578  227  -90.06266 -106.79993  18.6%  17.7 2546s
 148555 135170 -103.04281  705  203  -90.06266 -106.79993  18.6%  17.8 2579s
 150671 136880 -101.53324  828  178  -90.06266 -106.79993  18.6%  17.8 2607s
 152381 138923  -99.91951  931  159  -90.06266 -106.79993  18.6%  17.9 2637s
 154442 141820  -97.51269 1091  118  -90.06266 -106.79993  18.6%  17.9 2670s
 157437 143985 -106.79414   29  486  -90.06266 -106.79993  18.6%  18.0 2698s
 159687 145748 -106.65136  157  373  -90.06266 -106.79993  18.6%  17.9 2723s
 161450 147607 -106.46019  276  308  -90.06266 -106.79993  18.6%  17.9 2750s
 163357 149241 -105.98331  400  252  -90.06266 -106.79993  18.6%  18.0 2774s
 165021 151082 -105.34143  502  222  -90.06266 -106.79993  18.6%  18.0 2797s
 166862 153818 -104.17301  594  199  -90.06266 -106.79993  18.6%  18.1 2826s
 169624 156199 -101.93896  732  160  -90.06266 -106.79993  18.6%  18.2 2850s
 172144 157713  -97.38837  861  120  -90.06266 -106.79949  18.6%  18.3 2871s
 173748 159286 -106.74643   93  425  -90.06266 -106.79949  18.6%  18.3 2891s
 175367 161165 -106.68197  160  370  -90.06266 -106.79949  18.6%  18.2 2916s
 177246 162806 -106.61303  245  322  -90.06266 -106.79949  18.6%  18.2 2935s
 178925 164578 -106.53183  303  294  -90.06266 -106.79949  18.6%  18.3 2959s
 180731 166206 -106.41924  370  267  -90.06266 -106.79949  18.6%  18.3 2977s
 182425 167539 -106.31240  398  259  -90.06266 -106.79949  18.6%  18.4 2994s
 183758 169521 -106.19417  431  240  -90.06266 -106.79949  18.6%  18.4 3016s
 185786 171519 -106.03372  468  226  -90.06266 -106.79949  18.6%  18.5 3040s
 187864 173536 -105.80852  519  211  -90.06266 -106.79949  18.6%  18.6 3069s
 189919 175931 -105.58459  551  199  -90.06266 -106.79936  18.6%  18.6 3101s
 192376 177695 -105.25541  586  184  -90.06266 -106.79936  18.6%  18.7 3123s
 194140 179720 -104.99378  621  164  -90.06266 -106.79936  18.6%  18.7 3147s
 196204 181431 -104.75545  634  159  -90.06266 -106.79936  18.6%  18.8 3168s
 197979 183493 -104.48623  657  147  -90.06266 -106.79936  18.6%  18.9 3191s
 200138 185504 -103.82059  682  137  -90.06266 -106.79936  18.6%  19.0 3215s
 202250 187585 -103.20691  703  130  -90.06266 -106.79936  18.6%  19.0 3242s
 204514 189949 -106.69015  127  399  -90.06266 -106.79936  18.6%  19.1 3273s
 207030 189969 -106.47396  274  306  -90.06266 -106.79869  18.6%  19.0 3285s
 207050 189989 -106.46953  275  306  -90.06266 -106.79869  18.6%  19.0 3315s
 207070 190009 -106.46836  276  302  -90.06266 -106.79869  18.6%  19.0 3354s
 207090 190029 -106.46341  277  302  -90.06266 -106.79869  18.6%  19.0 3382s
 207110 190049 -106.46302  278  303  -90.06266 -106.79869  18.6%  19.0 3407s
 207130 190069 -106.46198  279  305  -90.06266 -106.79869  18.6%  19.0 3429s
 207150 190089 -106.46160  280  304  -90.06266 -106.79869  18.6%  19.0 3451s
 207170 190503 -106.45313  281  305  -90.06266 -106.79869  18.6%  19.0 3467s
 207584 192328 -106.43836  287  299  -90.06266 -106.79869  18.6%  19.1 3490s
 209443 194438 -106.06151  404  253  -90.06266 -106.79869  18.6%  19.1 3522s
 211595 196478 -105.07610  536  218  -90.06266 -106.79869  18.6%  19.1 3552s
 213679 198768 -103.65685  654  179  -90.06266 -106.79869  18.6%  19.2 3587s
 216093 200763  -98.45014  782  147  -90.06266 -106.79869  18.6%  19.3 3614s
 218194 202854 -106.73625   89  428  -90.06266 -106.79869  18.6%  19.3 3641s
 220439 203095 -106.60320  227  320  -90.06266 -106.79869  18.6%  19.3 3676s
 220680 205446 -106.60086  229  318  -90.06266 -106.79869  18.6%  19.3 3709s
 223095 207650 -106.28911  381  259  -90.06266 -106.79869  18.6%  19.3 3745s
 225325 209706 -105.54174  512  220  -90.06266 -106.79869  18.6%  19.2 3779s
 227441 211509 -104.21740  625  184  -90.06266 -106.79869  18.6%  19.3 3810s
 229274 213475 -102.31019  712  170  -90.06266 -106.79842  18.6%  19.3 3840s
 231370 215445  -98.37193  828  144  -90.06266 -106.79842  18.6%  19.3 3870s
 233547 217468 -106.77873   49  467  -90.06266 -106.79839  18.6%  19.3 3900s
 235594 219308 -106.68771  146  383  -90.06266 -106.79839  18.6%  19.3 3927s
 237512 221681 -106.60672  226  329  -90.06266 -106.79839  18.6%  19.3 3961s
 239991 223686 -106.49682  311  282  -90.06266 -106.79839  18.6%  19.4 3984s
 242012 225574 -106.38564  379  255  -90.06266 -106.79831  18.6%  19.4 4007s
 244068 227575 -106.24769  415  240  -90.06266 -106.79831  18.6%  19.4 4035s
 246101 229514 -106.02168  458  225  -90.06266 -106.79824  18.6%  19.5 4059s
 248128 231459 -105.81585  492  205  -90.06266 -106.79824  18.6%  19.5 4086s
 250141 233483 -105.55738  529  187  -90.06266 -106.79824  18.6%  19.5 4120s
 252197 235440 -105.31522  559  175  -90.06266 -106.79824  18.6%  19.5 4152s
 254154 237262 -104.91584  610  157  -90.06266 -106.79824  18.6%  19.6 4183s
 255992 239010 -104.31557  638  151  -90.06266 -106.79824  18.6%  19.7 4209s
 258010 240990     cutoff  649       -90.06266 -106.79824  18.6%  19.7 4241s
 260333 243184 -106.77264   48  467  -90.06266 -106.79818  18.6%  19.7 4283s
 262625 245357 -106.71342   86  430  -90.06266 -106.79818  18.6%  19.7 4317s
 264798 247165 -106.65436  119  397  -90.06266 -106.79818  18.6%  19.6 4349s
 266622 249182 -106.61988  139  387  -90.06266 -106.79818  18.6%  19.6 4382s
 268639 251160 -106.55916  164  362  -90.06266 -106.79818  18.6%  19.6 4411s
 270625 253027 -106.53705  180  354  -90.06266 -106.79818  18.6%  19.6 4443s
 272614 254835 -106.48652  201  349  -90.06266 -106.79802  18.6%  19.5 4477s
 274493 256758 -106.43224  225  327  -90.06266 -106.79802  18.6%  19.5 4509s
 276434 258720 -106.36963  245  312  -90.06266 -106.79797  18.6%  19.5 4542s
 278396 261601 -106.30850  268  303  -90.06266 -106.79797  18.6%  19.5 4574s
 281400 263671 -106.17949  297  289  -90.06266 -106.79797  18.6%  19.5 4603s
 283514 264735 -106.10465  318  288  -90.06266 -106.79797  18.6%  19.5 4639s
 284616 268770 -106.04819  327  281  -90.06266 -106.79797  18.6%  19.4 4696s
 288651 270913 -105.85292  366  268  -90.06266 -106.79797  18.6%  19.4 4727s
 290844 273158 -105.73594  381  261  -90.06266 -106.79797  18.6%  19.4 4760s
 293089 275465 -105.68747  393  264  -90.06266 -106.79797  18.6%  19.4 4786s
 295470 275484 -105.56804  414  254  -90.06266 -106.79797  18.6%  19.5 4805s
 295491 275502 -105.55997  415  252  -90.06266 -106.79797  18.6%  19.5 4837s
 295513 275521 -105.58501  410  251  -90.06266 -106.79797  18.6%  19.5 4898s
 295534 275541 -105.58115  411  256  -90.06266 -106.79797  18.6%  19.5 4929s
 295554 275601 -105.56359  415  256  -90.06266 -106.79797  18.6%  19.5 4958s
 295614 275750 -105.57041  412  251  -90.06266 -106.79797  18.6%  19.5 4985s
 295763 276856 -105.54294  415  251  -90.06266 -106.79797  18.6%  19.5 5010s
 296893 279271 -105.51809  422  258  -90.06266 -106.79797  18.6%  19.5 5042s
 299322 281689 -105.36001  445  248  -90.06266 -106.79793  18.6%  19.5 5070s
 301770 283927 -105.32797  455  245  -90.06266 -106.79793  18.6%  19.4 5095s
 304008 286207 -105.22915  470  240  -90.06266 -106.79793  18.6%  19.5 5123s
 306316 288202 -105.08116  485  237  -90.06266 -106.79793  18.6%  19.5 5145s
 308311 290388 -104.91922  501  247  -90.06266 -106.79793  18.6%  19.5 5167s
 310593 291079 -104.80756  520  243  -90.06266 -106.79793  18.6%  19.6 5202s
 311376 293675 -104.73256  524  235  -90.06266 -106.79793  18.6%  19.6 5250s
 314006 295983 -104.52937  541  233  -90.06266 -106.79793  18.6%  19.6 5290s
 316314 298390 -104.35950  555  225  -90.06266 -106.79793  18.6%  19.6 5323s
 318807 300195 -104.21284  569  221  -90.06266 -106.79793  18.6%  19.7 5353s
 320700 302220 -104.01442  587  214  -90.06266 -106.79793  18.6%  19.7 5380s
 322763 304313 -103.86576  603  213  -90.06266 -106.79793  18.6%  19.7 5403s
 324870 306224 -103.62709  617  212  -90.06266 -106.79793  18.6%  19.8 5436s
 326899 308117 -103.39666  639  193  -90.06266 -106.79769  18.6%  19.8 5473s
 328792 309907 -103.15306  655  193  -90.06266 -106.79769  18.6%  19.8 5508s
 330582 311848 -102.83148  668  189  -90.06266 -106.79769  18.6%  19.9 5545s
 332531 313904 -102.40117  683  187  -90.06266 -106.79769  18.6%  19.9 5583s
 334726 315846 -101.96786  706  178  -90.06266 -106.79769  18.6%  20.0 5614s
 336716 317774 -101.21668  729  174  -90.06266 -106.79760  18.6%  20.0 5643s
 338644 319659 -100.72737  745  167  -90.06266 -106.79760  18.6%  20.0 5671s
 340543 321544 -100.48699  749  169  -90.06266 -106.79760  18.6%  20.1 5697s
 342496 323545 -100.09099  765  168  -90.06266 -106.79760  18.6%  20.1 5724s
 344497 325583  -99.51184  777  165  -90.06266 -106.79760  18.6%  20.2 5748s
 346535 327569  -98.74043  789  169  -90.06266 -106.79760  18.6%  20.3 5773s
 348583 329746  -98.15424  806  158  -90.06266 -106.79760  18.6%  20.3 5806s
 350810 331704  -97.04881  828  150  -90.06266 -106.79760  18.6%  20.4 5830s
 352844 333502  -96.16770  844  150  -90.06266 -106.79760  18.6%  20.4 5853s
 354768 335630  -95.84437  861  143  -90.06266 -106.79760  18.6%  20.4 5885s
 357013 337911  -94.88527  881  139  -90.06266 -106.79760  18.6%  20.5 5916s
 359336 340010  -93.56763  899  135  -90.06266 -106.79760  18.6%  20.5 5941s
 361581 341780 infeasible  921       -90.06266 -106.79760  18.6%  20.5 5964s
 363488 343683 -106.71315  101  418  -90.06266 -106.79757  18.6%  20.5 5987s
 365604 345660 -106.52335  250  313  -90.06266 -106.79757  18.6%  20.6 6013s
 367597 347598 -106.16619  368  260  -90.06266 -106.79757  18.6%  20.6 6034s
 369619 349531 -105.50602  484  220  -90.06266 -106.79757  18.6%  20.6 6060s
 371650 351595 -104.61958  586  198  -90.06266 -106.79757  18.6%  20.7 6089s
 373863 352741 -103.01929  689  170  -90.06266 -106.79757  18.6%  20.7 6103s
 375118 354988 -100.85036  765  157  -90.06266 -106.79751  18.6%  20.7 6133s
 377535 355008  -96.13361  834  143  -90.06266 -106.79751  18.6%  20.7 6148s
 377555 355028  -95.99841  835  142  -90.06266 -106.79751  18.6%  20.7 6206s
 377575 355047 infeasible  836       -90.06266 -106.79751  18.6%  20.7 6263s
 377596 355067  -95.76719  837  142  -90.06266 -106.79751  18.6%  20.7 6289s
 377616 355086 infeasible  838       -90.06266 -106.79751  18.6%  20.7 6311s
 377637 355106  -95.27306  839  142  -90.06266 -106.79751  18.6%  20.7 6332s
 377657 355234  -95.25607  840  141  -90.06266 -106.79751  18.6%  20.7 6350s
 377785 356656  -95.23720  841  141  -90.06266 -106.79751  18.6%  20.7 6371s
 379243 358855 -106.69859   96  423  -90.06266 -106.79751  18.6%  20.7 6393s
 381643 361565 -106.41405  246  325  -90.06266 -106.79751  18.6%  20.7 6426s
 384567 363243 -105.81931  403  275  -90.06266 -106.79751  18.6%  20.7 6447s
 386307 365258 -105.24233  499  239  -90.06266 -106.79748  18.6%  20.7 6470s
 388374 367147 -104.42987  599  217  -90.06266 -106.79747  18.6%  20.7 6489s
 390342 369488 -103.44710  697  184  -90.06266 -106.79747  18.6%  20.8 6515s
 392801 371756 -102.06718  798  167  -90.06266 -106.79747  18.6%  20.8 6540s
 395188 373478 -100.58409  899  143  -90.06266 -106.79747  18.6%  20.8 6561s
 396980 375256  -98.68533 1019  120  -90.06266 -106.79747  18.6%  20.8 6583s
 398840 377291  -95.04700 1224   75  -90.06266 -106.79743  18.6%  20.8 6606s
 400984 378999 -106.73401   80  437  -90.06266 -106.79740  18.6%  20.8 6627s
 402758 379899 -106.62481  195  341  -90.06266 -106.79740  18.6%  20.8 6641s
 403658 381957 -106.56947  232  324  -90.06266 -106.79740  18.6%  20.8 6668s
 405818 384721 -106.27494  369  253  -90.06266 -106.79740  18.6%  20.9 6698s
 408738 386622 -105.34115  524  196  -90.06266 -106.79740  18.6%  20.9 6722s
 410740 388531 -104.29458  626  175  -90.06266 -106.79739  18.6%  20.9 6745s
 412692 390255 -102.52021  739  146  -90.06266 -106.79739  18.6%  20.9 6768s
 414496 392283 -106.77673   43  472  -90.06266 -106.79739  18.6%  20.9 6792s
 416654 394108 -106.66617  169  364  -90.06266 -106.79735  18.6%  20.9 6819s
 418537 395952 -106.49341  293  294  -90.06266 -106.79734  18.6%  20.9 6849s
 420413 397835 -106.12730  410  255  -90.06266 -106.79734  18.6%  20.9 6878s
 422482 399965 -105.42732  525  211  -90.06266 -106.79732  18.6%  21.0 6908s
 424781 402113 -104.35797  633  184  -90.06266 -106.79732  18.6%  21.0 6933s
 427059 403984 -103.06376  728  150  -90.06266 -106.79732  18.6%  21.0 6958s
 429016 406364 -106.79039   32  483  -90.06266 -106.79731  18.6%  20.9 6992s
 431542 408383 -106.63935  179  360  -90.06266 -106.79731  18.6%  20.9 7016s
 433561 410449 -106.42814  306  299  -90.06266 -106.79731  18.6%  20.9 7042s
 435655 411743 -105.96399  432  247  -90.06266 -106.79731  18.6%  20.9 7056s
 437041 413998 -105.58780  502  228  -90.06266 -106.79731  18.6%  20.9 7087s
 439497 416334 -104.48880  623  186  -90.06266 -106.79731  18.6%  21.0 7115s
 442027 418519 -103.02725  738  148  -90.06266 -106.79728  18.6%  20.9 7141s
 444292 420331 -106.79644   26  489  -90.06266 -106.79728  18.6%  20.9 7173s
 446206 422242 -106.75764   51  464  -90.06266 -106.79728  18.6%  20.9 7204s
 448143 424136 -106.71640   88  428  -90.06266 -106.79728  18.6%  20.9 7234s
 450037 426005 -106.67327  120  397  -90.06266 -106.79728  18.6%  20.9 7264s
 451906 428555 -106.63464  142  384  -90.06266 -106.79728  18.6%  20.9 7302s
 454520 430167 -106.56859  178  356  -90.06266 -106.79728  18.6%  21.0 7325s
 456324 432317 -106.53651  195  348  -90.06266 -106.79728  18.6%  21.0 7354s
 458572 434217 -106.47903  220  325  -90.06266 -106.79728  18.6%  21.0 7376s
 460554 436227 -106.44599  233  317  -90.06266 -106.79728  18.6%  20.9 7404s
 462602 438152 -106.36939  260  316  -90.06266 -106.79728  18.6%  20.9 7433s
 464573 439300 -106.31476  277  304  -90.06266 -106.79728  18.6%  20.9 7449s
 465721 441196 -106.25155  292  296  -90.06266 -106.79728  18.6%  20.9 7477s
 467705 443321 -106.14962  313  284  -90.06266 -106.79728  18.6%  21.0 7507s
 469986 445455 -106.07738  335  281  -90.06266 -106.79728  18.6%  21.0 7536s
 472238 447674 -105.98768  350  278  -90.06266 -106.79728  18.6%  21.0 7561s
 474554 449698 -105.93207  365  279  -90.06266 -106.79728  18.6%  21.0 7589s
 476689 449718 -105.85292  377  274  -90.06266 -106.79728  18.6%  20.9 7610s
 476709 469078 -105.85190  378  273  -90.06266 -106.79728  18.6%  20.9 7915s
 496709 472260 -103.77379  572  217  -90.06266 -106.79691  18.6%  21.1 7954s
 499925 472966 -103.39714  594  207  -90.06266 -106.79691  18.6%  21.1 7968s
H499967 472962                     -90.0816035 -106.79691  18.6%  21.1 7968s
H500001 472954                     -90.1141167 -106.79691  18.5%  21.1 7968s
H500631 479163                     -90.2162610 -106.79691  18.4%  21.1 8029s
 507273 481431 -102.61222  638  198  -90.21626 -106.79691  18.4%  21.2 8061s
 509667 483575 -102.35523  652  196  -90.21626 -106.79690  18.4%  21.3 8096s
 511845 485610 -101.97507  666  191  -90.21626 -106.79690  18.4%  21.3 8130s
 513946 487214 -101.70680  673  190  -90.21626 -106.79690  18.4%  21.3 8163s
 515625 489469 -101.16304  689  191  -90.21626 -106.79690  18.4%  21.3 8196s
 517880 491421 -100.89138  700  184  -90.21626 -106.79690  18.4%  21.3 8224s
 519868 493651 -100.59499  710  182  -90.21626 -106.79690  18.4%  21.3 8258s
 522124 495673 -100.23374  721  179  -90.21626 -106.79690  18.4%  21.4 8287s
 524326 498148  -99.98344  728  180  -90.21626 -106.79690  18.4%  21.4 8320s
 526903 499895  -99.48669  746  175  -90.21626 -106.79690  18.4%  21.4 8340s
 528704 501911  -99.20613  751  174  -90.21626 -106.79689  18.4%  21.4 8363s
 530843 503703  -98.78410  765  169  -90.21626 -106.79689  18.4%  21.4 8388s
 532688 505680  -98.20650  777  162  -90.21626 -106.79689  18.4%  21.4 8415s
 534699 507390  -98.04609  789  156  -90.21626 -106.79689  18.4%  21.4 8435s
 536409 509349  -97.58561  802  160  -90.21626 -106.79689  18.4%  21.4 8454s
 538368 511054  -96.79628  817  158  -90.21626 -106.79689  18.4%  21.4 8472s
 540149 512944  -96.41407  826  155  -90.21626 -106.79689  18.4%  21.5 8496s
 542257 515069  -95.37949  840  152  -90.21626 -106.79686  18.4%  21.5 8525s
 544479 517410  -93.68610  859  147  -90.21626 -106.79680  18.4%  21.5 8554s
 546898 519391  -92.37029  874  148  -90.21626 -106.79680  18.4%  21.5 8580s
 549187 522013  -90.32165  891  143  -90.21626 -106.79680  18.4%  21.5 8617s
 552016 523690 -106.67327  142  381  -90.21626 -106.79679  18.4%  21.5 8637s
 553693 525599 -106.47872  250  310  -90.21626 -106.79679  18.4%  21.5 8660s
 555604 527226 -106.08669  367  263  -90.21626 -106.79679  18.4%  21.5 8681s
 557265 529235 -105.58990  466  226  -90.21626 -106.79679  18.4%  21.5 8705s
 559294 531016 -104.72619  564  201  -90.21626 -106.79679  18.4%  21.5 8721s
 561127 533679 -103.66122  637  183  -90.21626 -106.79679  18.4%  21.6 8746s
 563976 535628 -102.21075  739  164  -90.21626 -106.79679  18.4%  21.6 8773s
 566080 535647  -99.95643  834  136  -90.21626 -106.79679  18.4%  21.6 8785s
 566101 535665  -99.92601  835  138  -90.21626 -106.79679  18.4%  21.6 8836s
 566123 535685  -99.85276  836  139  -90.21626 -106.79679  18.4%  21.6 8862s
 566143 535705  -99.83996  837  138  -90.21626 -106.79679  18.4%  21.6 8898s
 566163 535946  -99.82818  838  139  -90.21626 -106.79679  18.4%  21.6 8922s
 566404 536404  -99.80035  839  134  -90.21626 -106.79679  18.4%  21.6 8944s
 566864 537196  -99.78890  840  133  -90.21626 -106.79679  18.4%  21.6 8966s
 567697 538144  -99.70381  841  131  -90.21626 -106.79679  18.4%  21.6 8990s
 568734 540129  -97.37399  904  125  -90.21626 -106.79679  18.4%  21.6 9018s
 570873 542475 -106.71091  114  404  -90.21626 -106.79677  18.4%  21.6 9048s
 573255 543902 -106.46798  265  300  -90.21626 -106.79677  18.4%  21.6 9066s
 574682 547726 -106.22233  355  265  -90.21626 -106.79677  18.4%  21.6 9099s
 578534 549723 -104.77181  548  201  -90.21626 -106.79677  18.4%  21.6 9125s
 580561 551725 -103.41417  661  175  -90.21626 -106.79677  18.4%  21.6 9150s
 582665 553914 -101.49245  767  159  -90.21626 -106.79676  18.4%  21.7 9183s
 584932 556208  -96.82846  883  133  -90.21626 -106.79676  18.4%  21.7 9213s
 587349 558033 -106.70869   93  423  -90.21626 -106.79676  18.4%  21.7 9241s
 589379 559951 -106.48500  225  329  -90.21626 -106.79676  18.4%  21.7 9274s
 591297 561749 -106.09640  343  272  -90.21626 -106.79676  18.4%  21.7 9303s
 593095 563814 -105.64181  442  246  -90.21626 -106.79676  18.4%  21.7 9334s
 595183 564011 -104.89713  551  221  -90.21626 -106.79676  18.4%  21.7 9368s
 595422 565856 -104.81162  557  219  -90.21626 -106.79676  18.4%  21.7 9402s
 597267 568030 -103.78558  664  200  -90.21626 -106.79676  18.4%  21.7 9441s
 599441 570053 -102.25821  795  167  -90.21626 -106.79676  18.4%  21.8 9472s
 601464 572275 -100.42694  933  135  -90.21626 -106.79676  18.4%  21.8 9502s
 603755 574711  -97.19439 1137   99  -90.21626 -106.79676  18.4%  21.8 9528s
 606336 576584 -106.75361   60  455  -90.21626 -106.79676  18.4%  21.8 9554s
 608318 578467 -106.57513  200  334  -90.21626 -106.79676  18.4%  21.8 9581s
 610253 580436 -106.25301  335  266  -90.21626 -106.79676  18.4%  21.8 9606s
 612236 582458 -105.64341  458  232  -90.21626 -106.79676  18.4%  21.9 9626s
 614332 584285 -104.70187  565  197  -90.21626 -106.79676  18.4%  21.9 9650s
 616247 586193 -103.40097  661  178  -90.21626 -106.79676  18.4%  21.9 9674s
 618219 588032 -101.36441  759  158  -90.21626 -106.79676  18.4%  21.9 9703s
 620096 590317  -98.16480  854  135  -90.21626 -106.79676  18.4%  22.0 9738s
 622603 592267 -106.67083  118  399  -90.21626 -106.79676  18.4%  22.0 9767s
 624673 594136 -106.39139  248  315  -90.21626 -106.79672  18.4%  22.0 9793s
 626734 596150 -105.99737  364  262  -90.21626 -106.79671  18.4%  22.0 9820s
 628852 598114 -105.45630  476  236  -90.21626 -106.79662  18.4%  22.0 9842s
 630816 600073 -104.71027  578  209  -90.21626 -106.79662  18.4%  22.0 9860s
 632857 602063 -103.69861  680  183  -90.21626 -106.79662  18.4%  22.0 9884s
 634923 604076 -102.42093  783  176  -90.21626 -106.79658  18.4%  22.0 9906s
 637013 605691 -100.92127  899  137  -90.21626 -106.79658  18.4%  22.0 9925s
 638680 607947  -99.26295  995  123  -90.21626 -106.79658  18.4%  22.1 9953s
 641058 610842  -95.42730 1193   89  -90.21626 -106.79658  18.4%  22.1 9979s
 644089 613678 -106.74198   85  431  -90.21626 -106.79658  18.4%  22.1 10015s
 647089 615403 -106.53285  254  303  -90.21626 -106.79658  18.4%  22.1 10037s
 648848 617127 -106.25101  349  258  -90.21626 -106.79658  18.4%  22.1 10055s
 650651 619009 -105.74830  436  224  -90.21626 -106.79658  18.4%  22.1 10078s
 652595 620673 -105.00921  529  196  -90.21626 -106.79657  18.4%  22.1 10099s
 654309 620693 -104.18159  611  187  -90.21626 -106.79657  18.4%  22.1 10111s
 654329 620713 -104.17852  612  187  -90.21626 -106.79657  18.4%  22.1 10162s
 654349 620733 -104.17736  613  185  -90.21626 -106.79657  18.4%  22.1 10192s
 654369 620753 -104.17557  614  184  -90.21626 -106.79657  18.4%  22.1 10216s
H654378 620692                     -90.2521209 -106.79657  18.3%  22.1 10216s
 654389 622472 -104.17241  615  187  -90.25212 -106.79657  18.3%  22.1 10239s
 656169 624369 -103.10458  710  166  -90.25212 -106.79657  18.3%  22.1 10257s
 658090 626400 -101.25526  796  142  -90.25212 -106.79657  18.3%  22.1 10278s
 660310 627019  -98.61355  885  134  -90.25212 -106.79653  18.3%  22.2 10312s
 661039 629351  -94.58347  953  127  -90.25212 -106.79652  18.3%  22.2 10342s
 663489 631591 -106.70328  106  410  -90.25212 -106.79652  18.3%  22.2 10371s
 665847 633615 -106.50158  242  319  -90.25212 -106.79651  18.3%  22.2 10396s
 668048 636327 -106.12353  363  270  -90.25212 -106.79651  18.3%  22.2 10430s
 670760 638502 -105.33136  500  221  -90.25212 -106.79651  18.3%  22.2 10447s
 672988 640223 -104.46833  584  188  -90.25212 -106.79651  18.3%  22.2 10468s
 674799 642079 -103.44991  666  169  -90.25212 -106.79651  18.3%  22.2 10493s
 676655 643815 -101.85638  756  138  -90.25212 -106.79651  18.3%  22.2 10511s
 678441 645872  -99.18680  856  125  -90.25212 -106.79651  18.3%  22.2 10536s
 680643 648277 -106.77765   41  474  -90.25212 -106.79651  18.3%  22.2 10559s
 683121 650398 -106.63838  164  367  -90.25212 -106.79651  18.3%  22.2 10583s
 685261 652275 -106.41180  283  290  -90.25212 -106.79651  18.3%  22.2 10604s
 687168 653967 -106.03111  382  261  -90.25212 -106.79651  18.3%  22.2 10627s
 689006 655701 -105.41781  472  238  -90.25212 -106.79651  18.3%  22.3 10657s
 690784 657301 -104.65859  565  204  -90.25212 -106.79650  18.3%  22.3 10686s
 692538 659829 -103.62645  664  174  -90.25212 -106.79650  18.3%  22.3 10726s
 695146 661884 -101.40633  819  133  -90.25212 -106.79650  18.3%  22.3 10751s
 697291 663712 -106.79188   31  484  -90.25212 -106.79650  18.3%  22.3 10777s
 699229 665577 -106.75541   57  458  -90.25212 -106.79646  18.3%  22.3 10800s

Explored 701248 nodes (15661963 simplex iterations) in 10800.15 seconds (2960.20 work units)
Thread count was 20 (of 72 available processors)

Solution count 10: -90.2521 -90.2163 -90.1141 ... -89.3614

Time limit reached
Best objective -9.025212094577e+01, best bound -1.067964621772e+02, gap 18.3312%
final_gap is 0.18%
x[0]: 4.00 x[1]: -4.00 x[2]: -13.00 x[3]: -10.00 x[4]: -4.00 x[5]: -9.00 x[6]: 1.00 x[7]: -13.00 x[8]: -18.00 x[9]: -12.00 x[10]: -4.00 x[11]: 17.00 x[12]: 3.00 x[13]: 0.00 x[14]: -14.00 x[15]: -4.00 x[16]: -7.00 x[17]: -1.00 x[18]: -8.00 x[19]: -4.00 x[20]: -27.00 x[21]: 5.00 x[22]: -2.00 x[23]: 1.00 x[24]: -7.00 x[25]: -17.00 x[26]: -4.00 x[27]: -27.00 x[28]: -4.00 x[29]: -18.00 x[30]: -16.00 x[31]: 6.00 x[32]: 0.00 x[33]: 11.00 x[34]: -2.00 x[35]: -12.00 x[36]: -6.00 x[37]: -8.00 x[38]: 1.00 x[39]: -2.00 x[40]: 3.00 x[41]: 13.00 x[42]: -6.00 x[43]: -7.00 x[44]: -14.00 x[45]: 7.00 x[46]: -8.00 x[47]: -13.00 x[48]: -2.00 x[49]: -4.00 x[50]: -4.00 x[51]: -5.00 x[52]: 3.00 x[53]: 2.00 x[54]: -16.00 x[55]: -11.00 x[56]: -13.00 x[57]: 10.00 x[58]: -1.00 x[59]: 3.00 x[60]: -11.00 x[61]: 1.00 x[62]: -20.00 x[63]: 2.00 x[64]: -7.00 x[65]: -4.00 x[66]: -3.00 x[67]: -8.00 x[68]: 0.00 x[69]: 0.00 x[70]: -22.00 x[71]: 17.00 x[72]: -7.00 x[73]: -16.00 x[74]: -24.00 x[75]: -6.00 x[76]: -3.00 x[77]: -10.00 x[78]: -3.00 x[79]: -13.00 x[80]: 13.00 x[81]: -10.00 x[82]: 4.00 x[83]: -23.00 x[84]: -10.00 x[85]: -11.00 x[86]: 0.00 x[87]: 7.00 x[88]: -7.00 x[89]: -3.00 x[90]: -1.00 x[91]: -16.00 x[92]: -2.00 x[93]: -6.00 x[94]: 0.00 x[95]: -10.00 x[96]: -13.00 x[97]: -4.00 x[98]: -7.00 x[99]: -5.00 x[100]: -14.00 x[101]: -1.00 x[102]: -5.00 x[103]: -3.00 x[104]: 4.00 x[105]: -19.00 x[106]: 10.00 x[107]: -13.00 x[108]: -11.00 x[109]: -12.00 x[110]: -16.00 x[111]: 1.00 x[112]: -1.00 x[113]: -3.00 x[114]: 2.00 x[115]: -17.00 x[116]: -9.00 x[117]: 1.00 x[118]: -8.00 x[119]: -10.00 x[120]: -13.00 x[121]: 2.00 x[122]: 2.00 x[123]: -12.00 x[124]: -25.00 x[125]: -12.00 x[126]: -13.00 x[127]: -3.00 x[128]: -4.00 x[129]: -1.00 x[130]: 0.00 x[131]: 2.00 x[132]: 1.00 x[133]: -7.00 x[134]: -2.00 x[135]: -2.00 x[136]: -10.00 x[137]: -14.00 x[138]: -5.00 x[139]: -10.00 x[140]: 10.00 x[141]: -12.00 x[142]: -5.00 x[143]: -17.00 x[144]: 4.00 x[145]: -12.00 x[146]: -8.00 x[147]: -7.00 x[148]: -12.00 x[149]: 8.00 x[150]: -10.00 x[151]: -17.00 x[152]: -14.00 x[153]: -1.00 x[154]: 7.00 x[155]: -5.00 x[156]: -19.00 x[157]: -5.00 x[158]: 2.00 x[159]: -4.00 x[160]: -8.00 x[161]: -5.00 x[162]: -9.00 x[163]: 8.00 x[164]: -10.00 x[165]: -2.00 x[166]: 11.00 x[167]: -14.00 x[168]: -8.00 x[169]: -2.00 x[170]: -9.00 x[171]: -5.00 x[172]: -5.00 x[173]: -24.00 x[174]: -28.00 x[175]: -9.00 x[176]: -32.00 x[177]: -6.00 x[178]: 5.00 x[179]: -25.00 x[180]: -22.00 x[181]: -5.00 x[182]: -15.00 x[183]: -9.00 x[184]: -8.00 x[185]: -13.00 x[186]: 2.00 x[187]: -4.00 x[188]: -16.00 x[189]: 9.00 x[190]: -7.00 x[191]: -3.00 x[192]: 1.00 x[193]: -4.00 x[194]: -12.00 x[195]: -4.00 x[196]: -2.00 x[197]: -9.00 x[198]: -10.00 x[199]: -10.00 x[200]: -18.00 x[201]: -4.00 x[202]: -5.00 x[203]: 3.00 x[204]: -8.00 x[205]: 0.00 x[206]: -6.00 x[207]: -5.00 x[208]: -7.00 x[209]: 3.00 x[210]: -13.00 x[211]: -2.00 x[212]: -8.00 x[213]: 3.00 x[214]: -10.00 x[215]: -12.00 x[216]: -4.00 x[217]: -16.00 x[218]: -7.00 x[219]: -4.00 x[220]: -11.00 x[221]: 1.00 x[222]: -1.00 x[223]: 1.00 x[224]: -7.00 x[225]: -5.00 x[226]: -29.00 x[227]: 4.00 x[228]: -16.00 x[229]: -6.00 x[230]: 14.00 x[231]: -7.00 x[232]: -19.00 x[233]: 3.00 x[234]: -12.00 x[235]: 2.00 x[236]: -5.00 x[237]: -9.00 x[238]: -17.00 x[239]: -8.00 x[240]: 5.00 x[241]: 7.00 x[242]: -4.00 x[243]: 9.00 x[244]: 6.00 x[245]: 1.00 x[246]: 2.00 x[247]: -17.00 x[248]: -20.00 x[249]: -10.00 x[250]: -8.00 x[251]: -7.00 x[252]: 8.00 x[253]: -8.00 x[254]: -11.00 x[255]: 5.00 x[256]: 4.00 x[257]: -8.00 x[258]: -5.00 x[259]: -4.00 x[260]: -7.00 x[261]: -13.00 x[262]: -23.00 x[263]: -3.00 x[264]: -4.00 x[265]: -14.00 x[266]: -11.00 x[267]: -28.00 x[268]: -9.00 x[269]: 1.00 x[270]: 3.00 x[271]: -1.00 x[272]: -4.00 x[273]: 9.00 x[274]: -3.00 x[275]: -4.00 x[276]: -15.00 x[277]: 0.00 x[278]: -9.00 x[279]: 4.00 x[280]: -3.00 x[281]: -7.00 x[282]: -9.00 x[283]: -5.00 x[284]: 6.00 x[285]: -7.00 x[286]: 6.00 x[287]: -3.00 x[288]: 5.00 x[289]: -1.00 x[290]: 3.00 x[291]: 8.00 x[292]: -2.00 x[293]: -17.00 x[294]: 3.00 x[295]: 0.00 x[296]: 3.00 x[297]: -6.00 x[298]: 2.00 x[299]: 1.00 x[300]: -8.00 x[301]: -1.00 x[302]: -13.00 x[303]: 8.00 x[304]: -4.00 x[305]: -8.00 x[306]: -13.00 x[307]: -7.00 x[308]: -4.00 x[309]: -11.00 x[310]: 9.00 x[311]: -4.00 x[312]: -2.00 x[313]: 2.00 x[314]: -9.00 x[315]: -2.00 x[316]: -8.00 x[317]: -3.00 x[318]: 8.00 x[319]: -10.00 x[320]: -21.00 x[321]: -18.00 x[322]: -11.00 x[323]: 5.00 x[324]: 0.00 x[325]: -8.00 x[326]: -7.00 x[327]: -3.00 x[328]: -4.00 x[329]: 1.00 x[330]: -2.00 x[331]: 6.00 x[332]: -22.00 x[333]: -10.00 x[334]: -9.00 x[335]: -16.00 x[336]: -10.00 x[337]: -5.00 x[338]: -3.00 x[339]: -34.00 x[340]: 2.00 x[341]: 4.00 x[342]: -6.00 x[343]: -17.00 x[344]: -16.00 x[345]: -3.00 x[346]: -10.00 x[347]: 0.00 x[348]: -20.00 x[349]: 4.00 x[350]: -14.00 x[351]: -5.00 x[352]: -1.00 x[353]: -7.00 x[354]: -20.00 x[355]: -21.00 x[356]: 3.00 x[357]: 7.00 x[358]: -19.00 x[359]: -13.00 x[360]: 2.00 x[361]: 7.00 x[362]: -10.00 x[363]: -5.00 x[364]: -5.00 x[365]: -5.00 x[366]: -15.00 x[367]: -4.00 x[368]: 0.00 x[369]: -16.00 x[370]: -16.00 x[371]: -14.00 x[372]: -3.00 x[373]: -18.00 x[374]: -5.00 x[375]: -14.00 x[376]: 22.00 x[377]: 11.00 x[378]: -5.00 x[379]: -18.00 x[380]: -7.00 x[381]: -4.00 x[382]: 2.00 x[383]: -2.00 x[384]: 0.00 x[385]: -16.00 x[386]: -9.00 x[387]: -1.00 x[388]: -9.00 x[389]: -19.00 x[390]: -6.00 x[391]: 6.00 x[392]: -7.00 x[393]: -13.00 x[394]: -1.00 x[395]: 25.00 x[396]: 1.00 x[397]: -4.00 x[398]: -8.00 x[399]: -4.00 x[400]: -9.00 x[401]: 6.00 x[402]: -7.00 x[403]: -5.00 x[404]: -2.00 x[405]: -5.00 x[406]: -22.00 x[407]: -36.00 x[408]: 8.00 x[409]: -11.00 x[410]: -8.00 x[411]: 0.00 x[412]: -5.00 x[413]: 5.00 x[414]: 0.00 x[415]: -7.00 x[416]: -12.00 x[417]: -14.00 x[418]: -25.00 x[419]: -1.00 x[420]: 6.00 x[421]: -12.00 x[422]: -3.00 x[423]: 19.00 x[424]: 1.00 x[425]: -25.00 x[426]: 4.00 x[427]: -20.00 x[428]: -10.00 x[429]: -10.00 x[430]: -9.00 x[431]: 7.00 x[432]: 8.00 x[433]: 1.00 x[434]: -6.00 x[435]: -6.00 x[436]: 7.00 x[437]: -7.00 x[438]: 8.00 x[439]: 6.00 x[440]: -5.00 x[441]: -6.00 x[442]: -7.00 x[443]: 1.00 x[444]: -3.00 x[445]: -34.00 x[446]: 9.00 x[447]: -15.00 x[448]: -4.00 x[449]: -6.00 x[450]: -2.00 x[451]: 0.00 x[452]: -4.00 x[453]: -23.00 x[454]: -9.00 x[455]: -4.00 x[456]: -1.00 x[457]: -11.00 x[458]: -3.00 x[459]: 2.00 x[460]: 1.00 x[461]: -14.00 x[462]: -7.00 x[463]: -17.00 x[464]: -5.00 x[465]: -14.00 x[466]: 17.00 x[467]: 2.00 x[468]: -16.00 x[469]: -9.00 x[470]: -12.00 x[471]: -1.00 x[472]: -23.00 x[473]: -16.00 x[474]: -7.00 x[475]: -8.00 x[476]: -18.00 x[477]: -4.00 x[478]: 5.00 x[479]: -11.00 x[480]: -11.00 x[481]: -5.00 x[482]: -3.00 x[483]: -17.00 x[484]: 12.00 x[485]: 3.00 x[486]: -16.00 x[487]: -5.00 x[488]: -4.00 x[489]: 1.00 x[490]: 11.00 x[491]: -6.00 x[492]: -13.00 x[493]: 3.00 x[494]: -4.00 x[495]: -4.00 x[496]: -14.00 x[497]: 4.00 x[498]: -5.00 x[499]: -29.00
Objective Value: -90.25
Elapsed Time: 10800.1620 sec

无可行解，所有约束违规量为零
输出违反约束的量

 40%|████      | 2/5 [6:00:06<9:00:09, 10803.18s/it] [0. 0. 0. 0. 0. 0. 0. 0. 0. 0. 0. 0. 0. 0. 0. 0. 0. 0. 0. 0. 0. 0. 0. 0.
 0. 0. 0. 0. 0. 0. 0. 0. 0. 0. 0. 0. 0. 0. 0. 0. 0. 0. 0. 0. 0. 0. 0. 0.
 0. 0. 0. 0. 0. 0. 0. 0. 0. 0. 0. 0. 0. 0. 0. 0. 0. 0. 0. 0. 0. 0. 0. 0.
 0. 0. 0. 0. 0. 0. 0. 0. 0. 0. 0. 0. 0. 0. 0. 0. 0. 0. 0. 0. 0. 0. 0. 0.
 0. 0. 0. 0. 0. 0. 0. 0. 0. 0. 0. 0. 0. 0. 0. 0. 0. 0. 0. 0. 0. 0. 0. 0.
 0. 0. 0. 0. 0. 0. 0. 0. 0. 0. 0. 0. 0. 0. 0. 0. 0. 0. 0. 0. 0. 0. 0. 0.
 0. 0. 0. 0. 0. 0. 0. 0. 0. 0. 0. 0. 0. 0. 0. 0. 0. 0. 0. 0. 0. 0. 0. 0.
 0. 0. 0. 0. 0. 0. 0. 0. 0. 0. 0. 0. 0. 0. 0. 0. 0. 0. 0. 0. 0. 0. 0. 0.
 0. 0. 0. 0. 0. 0. 0. 0. 0. 0. 0. 0. 0. 0. 0. 0. 0. 0. 0. 0. 0. 0. 0. 0.
 0. 0. 0. 0. 0. 0. 0. 0. 0. 0. 0. 0. 0. 0. 0. 0. 0. 0. 0. 0. 0. 0. 0. 0.
 0. 0. 0. 0. 0. 0. 0. 0. 0. 0. 0. 0. 0. 0. 0. 0. 0. 0. 0. 0. 0. 0. 0. 0.
 0. 0. 0. 0. 0. 0. 0. 0. 0. 0. 0. 0. 0. 0. 0. 0. 0. 0. 0. 0. 0. 0. 0. 0.
 0. 0. 0. 0. 0. 0. 0. 0. 0. 0. 0. 0. 0. 0. 0. 0. 0. 0. 0. 0. 0. 0. 0. 0.
 0. 0. 0. 0. 0. 0. 0. 0. 0. 0. 0. 0. 0. 0. 0. 0. 0. 0. 0. 0. 0. 0. 0. 0.
 0. 0. 0. 0. 0. 0. 0. 0. 0. 0. 0. 0. 0. 0. 0. 0. 0. 0. 0. 0. 0. 0. 0. 0.
 0. 0. 0. 0. 0. 0. 0. 0. 0. 0. 0. 0. 0. 0. 0. 0. 0. 0. 0. 0. 0. 0. 0. 0.
 0. 0. 0. 0. 0. 0. 0. 0. 0. 0. 0. 0. 0. 0. 0. 0. 0. 0. 0. 0. 0. 0. 0. 0.
 0. 0. 0. 0. 0. 0. 0. 0. 0. 0. 0. 0. 0. 0. 0. 0. 0. 0. 0. 0. 0. 0. 0. 0.
 0. 0. 0. 0. 0. 0. 0. 0. 0. 0. 0. 0. 0. 0. 0. 0. 0. 0. 0. 0. 0. 0. 0. 0.
 0. 0. 0. 0. 0. 0. 0. 0. 0. 0. 0. 0. 0. 0. 0. 0. 0. 0. 0. 0. 0. 0. 0. 0.
 0. 0. 0. 0. 0. 0. 0. 0. 0. 0. 0. 0. 0. 0. 0. 0. 0. 0. 0. 0.]
约束的个数: 500
Gurobi model disposed.
此时传入模型的b
[-0.94991255  0.21244188  0.8305402   0.24482784 -0.2129256   0.6500906
 -0.6869492   0.37130225  0.6198608  -0.34906927 -0.14699233  0.18071757
 -0.97691923  0.7716437  -0.7055636   0.3260392  -0.53014493 -0.14351751
  0.5288229  -0.23729771 -0.7024215   0.54900354  0.9102949   0.76892895
  0.04632102 -0.9175927   0.7810094   0.4078561   0.6093853  -0.31863
  0.48589167 -0.8770251  -0.70523864  0.5965224   0.67352813 -0.61794406
 -0.56031644 -0.40145817 -0.00359893  0.49802753  0.76897013  0.34489092
 -0.06466097 -0.2474932   0.860768   -0.73637     0.83995754  0.934866
 -0.31999084  0.19957761  0.23875488  0.7255592  -0.50539047 -0.21114793
 -0.9265005  -0.5078422   0.13962726 -0.61466527  0.79565096  0.40246558
 -0.9506491  -0.84006226  0.17209962  0.706108   -0.30872536 -0.06348795
  0.7750907   0.6333255   0.4086992  -0.8543689   0.78738874 -0.78594005
 -0.50653446  0.5600665   0.22880715  0.19188946  0.19310507 -0.85633075
 -0.6887679   0.05315484 -0.47373545  0.05640785 -0.16724513  0.6706734
  0.11503042  0.14551891  0.00110691 -0.8034322   0.19785702  0.7887226
 -0.18520755  0.45748073 -0.1500733  -0.4427188  -0.3965617  -0.48193717
 -0.34277672 -0.19199695  0.45382455 -0.67091304  0.09649988  0.07135441
  0.41748574  0.7360887  -0.805992   -0.53850067 -0.34122643  0.16495936
 -0.00287471  0.56984544 -0.11122835 -0.15903845  0.6157451  -0.8157989
  0.9458488   0.7044718  -0.5653641   0.14054061  0.24889223  0.06884459
  0.9116264  -0.99141216 -0.10420901  0.5459396  -0.69268304 -0.9568269
 -0.2295605  -0.47475     0.7835726  -0.41578522  0.07574026  0.8944955
  0.22791451  0.9500862  -0.6231474  -0.6369497  -0.97822285  0.02782355
 -0.70041096  0.7708231  -0.25040206 -0.42055905 -0.5169827  -0.09771243
  0.42894068  0.18683782 -0.67729163 -0.1782533  -0.84728515 -0.7471259
  0.85899264 -0.22370547 -0.39678597 -0.7495246   0.938496   -0.48841003
  0.31576696  0.5275457   0.97617626  0.4376993  -0.21672225  0.9369519
  0.75242084 -0.9504917   0.46281907  0.4835786   0.16371715  0.6721985
  0.8049837   0.77327985 -0.22625439  0.31049907  0.500288   -0.06310185
 -0.33068088  0.08785185  0.8818496  -0.3261805  -0.570696    0.79701424
 -0.13464619 -0.73004663 -0.2798057  -0.5108853  -0.56329036  0.9026473
  0.22942783 -0.5618971   0.7299859  -0.44755292 -0.90573263 -0.94535136
  0.4233122  -0.3171381  -0.17649329 -0.28687254 -0.61471117  0.87171435
 -0.53724355  0.00266646  0.74435824 -0.4982848  -0.40187335  0.6466509
  0.60846    -0.34242725 -0.621523   -0.5160943   0.20158738 -0.4154075
  0.34862584  0.34591714  0.05197695 -0.37735695  0.65034896 -0.03001075
  0.23743923 -0.40171883  0.7532227   0.01086644 -0.6303518   0.7789086
 -0.489147    0.7749401   0.30907327 -0.16011229 -0.9493536   0.21905604
 -0.33720595 -0.75330335 -0.7078705   0.36129192 -0.69649947 -0.39645615
 -0.9598723   0.07052352 -0.12823415  0.8994743   0.16356833 -0.95470953
  0.48748118  0.7463306   0.8202804  -0.18174745 -0.5038925  -0.9285976
 -0.44572514  0.21726869  0.3806459   0.5209143  -0.71641165 -0.19935542
 -0.10533696 -0.82609147 -0.3890877   0.19583617  0.3213858   0.6279002
  0.02333728 -0.7277424   0.09623346  0.5747487   0.65604913  0.9501398
  0.40395403  0.1228858   0.39731836  0.6326097   0.7024882   0.1849641
 -0.859828    0.6383685   0.45715308  0.66710746 -0.9756707  -0.35590437
  0.9053447   0.755417    0.4615814   0.9938684  -0.9467067  -0.84373444
  0.52729595 -0.5791332   0.98330086  0.3033341   0.9091078   0.76531726
  0.2814758  -0.8536364  -0.8807813  -0.3656377   0.92405915 -0.7105213
 -0.6069698   0.3425704  -0.5975334  -0.87274694  0.45303518 -0.3175043
  0.49544272  0.41080186  0.8990525   0.2815772   0.51757485 -0.3941765
  0.3137821   0.27628532  0.90967786  0.4082131  -0.52813774 -0.89392436
 -0.19727959 -0.45735335 -0.414156    0.2589964  -0.47492164 -0.8064866
 -0.04822388 -0.11097108  0.47177088 -0.22202338  0.1427882   0.6476432
 -0.71327627 -0.11084431 -0.876884    0.21910518 -0.7872303   0.00725497
 -0.14869314  0.24125004 -0.16630872  0.01494623  0.03385906 -0.02639952
 -0.5075266  -0.61866224 -0.7925514  -0.00731527 -0.24560605  0.25150236
 -0.6930755  -0.01217221 -0.86201185  0.19549935  0.15600619 -0.13821414
 -0.23536678 -0.4853119   0.01994338  0.42514482  0.9240421  -0.36064997
 -0.76667124 -0.8033809   0.657169   -0.27937895 -0.77240133 -0.8920154
  0.910315   -0.69158614  0.5472119   0.34072018 -0.7122582   0.03207742
  0.11044143 -0.34283954 -0.5812224  -0.9114457  -0.8055311  -0.50774187
 -0.66245365  0.8190722   0.59005255  0.6559052   0.51469254  0.5366567
  0.931189    0.07042634 -0.51601213 -0.61979675  0.26585588  0.06630728
 -0.32227388  0.72678465 -0.7719302  -0.83458906  0.29351905  0.7632347
  0.62647885 -0.09557334  0.72383314 -0.11756507 -0.79765356  0.10576376
  0.94308937  0.69307053 -0.48152912 -0.10167155  0.23438121 -0.7138373
 -0.22831368  0.96378136  0.32158214 -0.4272063  -0.9924963   0.8786697
  0.91950667 -0.7427311   0.99791443 -0.55414456 -0.07800106  0.28288615
 -0.9327923   0.40987474  0.1758559  -0.71352667 -0.48339343  0.24706349
 -0.14606339 -0.6548714  -0.9440628  -0.47594982 -0.09157597 -0.1660235
 -0.68461114  0.6990367   0.9208918   0.43525368  0.19240451 -0.30435425
  0.15046905 -0.97377735 -0.6143654   0.45580286 -0.10151023  0.60444415
 -0.9794647   0.39635175 -0.52729046  0.43942988 -0.82449794 -0.24459368
 -0.46439472  0.10596056  0.94681275 -0.44313595 -0.1870318  -0.7804199
  0.87951076 -0.38202682 -0.84528095  0.1942984  -0.8661452  -0.6091841
  0.25847432 -0.770052   -0.08729351 -0.48934484  0.78532505  0.5862923
  0.6441596  -0.80157053 -0.30234024 -0.53853947 -0.4814313   0.814102
 -0.4050166   0.5737303   0.99053675  0.20395796 -0.34880427  0.17967808
  0.04327684  0.4942623   0.34118763  0.3825578  -0.3268967   0.14926618
  0.7941398  -0.27713382 -0.03950976  0.40022925  0.48254058  0.83540237
 -0.27411154 -0.6797877  -0.10233653  0.06768785 -0.5375785   0.46187782
  0.46093976  0.9406268   0.5501736  -0.7904446   0.29044455 -0.72802705
 -0.30637243 -0.6010767 ]
======================================================
Solve MINLP problem:
[[0.00294665 0.         0.         ... 0.         0.         0.        ]
 [0.         0.00530587 0.         ... 0.         0.         0.        ]
 [0.         0.         0.00191521 ... 0.         0.         0.        ]
 ...
 [0.         0.         0.         ... 0.00036931 0.         0.        ]
 [0.         0.         0.         ... 0.         0.00864608 0.        ]
 [0.         0.         0.         ... 0.         0.         0.0002159 ]]
[0.00133922 0.08177239 0.02510362 0.05407345 0.0584661  0.06953505
 0.0572123  0.03969068 0.0244073  0.07791699 0.04997084 0.01213402
 0.06808288 0.0112906  0.03857721 0.06185987 0.07575615 0.04951519
 0.05330309 0.06762374 0.08010294 0.02096921 0.02583031 0.02608824
 0.05500534 0.08229287 0.01873222 0.06601226 0.01353801 0.02233934
 0.06650325 0.01563992 0.01025159 0.05748777 0.0352567  0.08438829
 0.03763755 0.02197414 0.04864225 0.09976746 0.00181751 0.00729885
 0.08754292 0.03216953 0.02603403 0.05598473 0.05248588 0.04908028
 0.04183061 0.05945832 0.04630717 0.06185976 0.02284373 0.01333738
 0.07422781 0.0538897  0.06085712 0.0611719  0.07460422 0.0845935
 0.00725107 0.04313434 0.04728378 0.06317844 0.06107105 0.0358849
 0.03265345 0.00307268 0.03492641 0.00220235 0.07327128 0.0157121
 0.02361114 0.05673034 0.09645324 0.05110158 0.06613662 0.02328464
 0.07959891 0.09027635 0.06257487 0.08225257 0.01248787 0.08656734
 0.02557825 0.02754175 0.03855789 0.08877995 0.03626134 0.00023315
 0.00387181 0.04408163 0.03452555 0.09239139 0.06734281 0.01021451
 0.05867741 0.0515583  0.06876298 0.03105892 0.05197503 0.0049388
 0.06264219 0.08953422 0.05860403 0.07815534 0.03476151 0.00306742
 0.08422802 0.00581519 0.0843923  0.00774878 0.0132233  0.09230754
 0.04921892 0.04722613 0.08399801 0.06804495 0.07964862 0.07986401
 0.06359439 0.04765696 0.05138381 0.03877611 0.05708265 0.02026126
 0.09548149 0.02687087 0.02772522 0.07923771 0.03475723 0.03359557
 0.00400404 0.09081151 0.02953911 0.04516075 0.04593805 0.07474501
 0.00706981 0.07728628 0.04100942 0.07414747 0.05794287 0.09270067
 0.00499511 0.06015323 0.04723491 0.07328196 0.08622323 0.07708847
 0.00772451 0.04070049 0.05042961 0.02967686 0.04229219 0.01438626
 0.07556076 0.06884494 0.03621866 0.09768255 0.07451063 0.08162189
 0.03265578 0.00066749 0.03712253 0.07146835 0.02995036 0.08405409
 0.03584627 0.07842178 0.06781245 0.02518036 0.06832849 0.07154936
 0.09606445 0.08637938 0.08172043 0.02333243 0.05890263 0.07351509
 0.09244427 0.07091198 0.07420116 0.06281726 0.03615584 0.08071931
 0.05708791 0.03514295 0.04337441 0.02101509 0.0636107  0.03513254
 0.03402702 0.02087314 0.07591831 0.07796393 0.0382953  0.03873887
 0.08548603 0.09315812 0.07185882 0.06257971 0.07543251 0.08081806
 0.06399422 0.04348634 0.06746841 0.03374991 0.01661944 0.02442329
 0.00567911 0.0475542  0.08633873 0.05100447 0.06934462 0.08680323
 0.09878164 0.08082736 0.09100773 0.09516713 0.09612457 0.03745898
 0.04359444 0.05694872 0.04626932 0.09445095 0.0836615  0.0013266
 0.0441172  0.05260435 0.06512218 0.09733626 0.0528653  0.02258527
 0.07674533 0.00949805 0.01788375 0.06693704 0.08226266 0.01638301
 0.01801214 0.0003151  0.05238591 0.05562263 0.069318   0.04074037
 0.00111452 0.05069197 0.09800315 0.04777785 0.02962359 0.05721144
 0.08420964 0.05887146 0.08433907 0.0409551  0.01031315 0.05571807
 0.03922759 0.07541025 0.09809351 0.09857075 0.09086422 0.03109582
 0.08274066 0.08056854 0.05166704 0.07578351 0.04382434 0.01477322
 0.01130025 0.03397862 0.0440002  0.00382547 0.0405858  0.05992139
 0.07180629 0.03076267 0.05439422 0.05595874 0.06127391 0.06153024
 0.04960326 0.08374212 0.01123874 0.05504487 0.05397648 0.00527283
 0.0132057  0.01910609 0.00592752 0.09450579 0.06426141 0.03605839
 0.06962132 0.04120773 0.07159304 0.04223442 0.08767316 0.08335783
 0.0442676  0.05137423 0.0191519  0.03084932 0.05612969 0.08326521
 0.09981613 0.04975683 0.00667542 0.09734665 0.06632399 0.0095614
 0.03448687 0.02514818 0.03820351 0.07851758 0.0562359  0.0322804
 0.02424905 0.05365921 0.05166194 0.00103395 0.05248943 0.03413897
 0.00321797 0.0135666  0.05104997 0.03297562 0.09515222 0.02353217
 0.08770565 0.05819153 0.07880408 0.06048169 0.08510414 0.07834791
 0.09723876 0.08982619 0.00141041 0.06491263 0.08322218 0.07945705
 0.06314119 0.07815998 0.09043522 0.00194805 0.09838504 0.00719455
 0.09940301 0.01675928 0.05358797 0.09972834 0.05633487 0.02203558
 0.04122514 0.05621719 0.02949358 0.00323306 0.045841   0.0864933
 0.0861266  0.02458368 0.05032549 0.05070931 0.04436682 0.00033209
 0.05000338 0.04556979 0.04066138 0.05734781 0.07779707 0.07503536
 0.03979888 0.05546754 0.0510734  0.07288759 0.0038776  0.09143401
 0.00533113 0.0631238  0.0822524  0.04454337 0.03013635 0.04701835
 0.03351121 0.04578329 0.09128481 0.06656726 0.03954722 0.03178628
 0.04299563 0.00019806 0.09570965 0.06161056 0.02724723 0.05609425
 0.04883717 0.02848462 0.02782634 0.05688568 0.02571337 0.0311811
 0.00272871 0.04378882 0.08420307 0.07772633 0.05852183 0.08166751
 0.00029335 0.07850384 0.09362274 0.05035981 0.0552622  0.00116196
 0.02389757 0.06385213 0.06298134 0.06436209 0.06114441 0.0239408
 0.01367103 0.02360204 0.02809949 0.04488965 0.07335366 0.06448454
 0.00896222 0.04484223 0.00286915 0.07755604 0.04794993 0.01262589
 0.0178823  0.05907873 0.00489121 0.01276896 0.02016645 0.05318037
 0.01977345 0.04140443 0.04665961 0.041359   0.05992908 0.0777708
 0.061222   0.07758379 0.02049927 0.06980975 0.00542676 0.01413459
 0.00570196 0.01199475 0.03469513 0.07083954 0.0605495  0.05667881
 0.02657863 0.07266255 0.00528351 0.00801001 0.03527261 0.09968004
 0.03065466 0.07958693 0.05965904 0.07281371 0.00461331 0.02969448
 0.05310453 0.00169754 0.02180899 0.04461533 0.05286625 0.04501398
 0.06021779 0.08571979 0.04486718 0.05069914 0.00407421 0.07037332
 0.06241258 0.01858998 0.03386769 0.01501927 0.01143804 0.01308397
 0.07770566 0.00100339 0.08206587 0.09505336 0.05697101 0.07545044
 0.07674267 0.00739541 0.07841799 0.01024942 0.02098656 0.01792223
 0.01914838 0.03251976]
[[-0.05174188  0.09723156 -0.02041709 ...  0.20673279 -0.0414435
   0.0362385 ]
 [ 0.03663959 -0.19775092  0.05117836 ...  0.06210294  0.14739006
   0.04037151]
 [ 0.08735605 -0.10103314  0.03549017 ... -0.00663709  0.05049992
  -0.04427324]
 ...
 [-0.12178913  0.00677205  0.09318566 ...  0.1984211  -0.09827667
  -0.03660177]
 [ 0.03619071 -0.08138609  0.12245426 ...  0.09280058 -0.24994393
   0.13769932]
 [ 0.12697229  0.13147694  0.10654318 ...  0.02334976  0.05295595
   0.03927171]]
此时输入模型的b
[-0.94991255, 0.21244188, 0.8305402, 0.24482784, -0.2129256, 0.6500906, -0.6869492, 0.37130225, 0.6198608, -0.34906927, -0.14699233, 0.18071757, -0.97691923, 0.7716437, -0.7055636, 0.3260392, -0.53014493, -0.14351751, 0.5288229, -0.23729771, -0.7024215, 0.54900354, 0.9102949, 0.76892895, 0.046321023, -0.9175927, 0.7810094, 0.4078561, 0.6093853, -0.31863, 0.48589167, -0.8770251, -0.70523864, 0.5965224, 0.67352813, -0.61794406, -0.56031644, -0.40145817, -0.00359893, 0.49802753, 0.76897013, 0.34489092, -0.06466097, -0.2474932, 0.860768, -0.73637, 0.83995754, 0.934866, -0.31999084, 0.19957761, 0.23875488, 0.7255592, -0.50539047, -0.21114793, -0.9265005, -0.5078422, 0.13962726, -0.61466527, 0.79565096, 0.40246558, -0.9506491, -0.84006226, 0.17209962, 0.706108, -0.30872536, -0.063487954, 0.7750907, 0.6333255, 0.4086992, -0.8543689, 0.78738874, -0.78594005, -0.50653446, 0.5600665, 0.22880715, 0.19188946, 0.19310507, -0.85633075, -0.6887679, 0.05315484, -0.47373545, 0.056407854, -0.16724513, 0.6706734, 0.115030415, 0.14551891, 0.001106909, -0.8034322, 0.19785702, 0.7887226, -0.18520755, 0.45748073, -0.1500733, -0.4427188, -0.3965617, -0.48193717, -0.34277672, -0.19199695, 0.45382455, -0.67091304, 0.09649988, 0.07135441, 0.41748574, 0.7360887, -0.805992, -0.53850067, -0.34122643, 0.16495936, -0.0028747118, 0.56984544, -0.111228354, -0.15903845, 0.6157451, -0.8157989, 0.9458488, 0.7044718, -0.5653641, 0.14054061, 0.24889223, 0.068844594, 0.9116264, -0.99141216, -0.104209006, 0.5459396, -0.69268304, -0.9568269, -0.2295605, -0.47475, 0.7835726, -0.41578522, 0.075740255, 0.8944955, 0.22791451, 0.9500862, -0.6231474, -0.6369497, -0.97822285, 0.02782355, -0.70041096, 0.7708231, -0.25040206, -0.42055905, -0.5169827, -0.097712435, 0.42894068, 0.18683782, -0.67729163, -0.1782533, -0.84728515, -0.7471259, 0.85899264, -0.22370547, -0.39678597, -0.7495246, 0.938496, -0.48841003, 0.31576696, 0.5275457, 0.97617626, 0.4376993, -0.21672225, 0.9369519, 0.75242084, -0.9504917, 0.46281907, 0.4835786, 0.16371715, 0.6721985, 0.8049837, 0.77327985, -0.22625439, 0.31049907, 0.500288, -0.06310185, -0.33068088, 0.08785185, 0.8818496, -0.3261805, -0.570696, 0.79701424, -0.13464619, -0.73004663, -0.2798057, -0.5108853, -0.56329036, 0.9026473, 0.22942783, -0.5618971, 0.7299859, -0.44755292, -0.90573263, -0.94535136, 0.4233122, -0.3171381, -0.17649329, -0.28687254, -0.61471117, 0.87171435, -0.53724355, 0.002666459, 0.74435824, -0.4982848, -0.40187335, 0.6466509, 0.60846, -0.34242725, -0.621523, -0.5160943, 0.20158738, -0.4154075, 0.34862584, 0.34591714, 0.05197695, -0.37735695, 0.65034896, -0.030010754, 0.23743923, -0.40171883, 0.7532227, 0.01086644, -0.6303518, 0.7789086, -0.489147, 0.7749401, 0.30907327, -0.16011229, -0.9493536, 0.21905604, -0.33720595, -0.75330335, -0.7078705, 0.36129192, -0.69649947, -0.39645615, -0.9598723, 0.07052352, -0.12823415, 0.8994743, 0.16356833, -0.95470953, 0.48748118, 0.7463306, 0.8202804, -0.18174745, -0.5038925, -0.9285976, -0.44572514, 0.21726869, 0.3806459, 0.5209143, -0.71641165, -0.19935542, -0.105336964, -0.82609147, -0.3890877, 0.19583617, 0.3213858, 0.6279002, 0.023337284, -0.7277424, 0.09623346, 0.5747487, 0.65604913, 0.9501398, 0.40395403, 0.1228858, 0.39731836, 0.6326097, 0.7024882, 0.1849641, -0.859828, 0.6383685, 0.45715308, 0.66710746, -0.9756707, -0.35590437, 0.9053447, 0.755417, 0.4615814, 0.9938684, -0.9467067, -0.84373444, 0.52729595, -0.5791332, 0.98330086, 0.3033341, 0.9091078, 0.76531726, 0.2814758, -0.8536364, -0.8807813, -0.3656377, 0.92405915, -0.7105213, -0.6069698, 0.3425704, -0.5975334, -0.87274694, 0.45303518, -0.3175043, 0.49544272, 0.41080186, 0.8990525, 0.2815772, 0.51757485, -0.3941765, 0.3137821, 0.27628532, 0.90967786, 0.4082131, -0.52813774, -0.89392436, -0.19727959, -0.45735335, -0.414156, 0.2589964, -0.47492164, -0.8064866, -0.04822388, -0.11097108, 0.47177088, -0.22202338, 0.1427882, 0.6476432, -0.71327627, -0.11084431, -0.876884, 0.21910518, -0.7872303, 0.0072549684, -0.14869314, 0.24125004, -0.16630872, 0.014946232, 0.03385906, -0.026399516, -0.5075266, -0.61866224, -0.7925514, -0.0073152706, -0.24560605, 0.25150236, -0.6930755, -0.012172209, -0.86201185, 0.19549935, 0.15600619, -0.13821414, -0.23536678, -0.4853119, 0.019943379, 0.42514482, 0.9240421, -0.36064997, -0.76667124, -0.8033809, 0.657169, -0.27937895, -0.77240133, -0.8920154, 0.910315, -0.69158614, 0.5472119, 0.34072018, -0.7122582, 0.032077424, 0.11044143, -0.34283954, -0.5812224, -0.9114457, -0.8055311, -0.50774187, -0.66245365, 0.8190722, 0.59005255, 0.6559052, 0.51469254, 0.5366567, 0.931189, 0.07042634, -0.51601213, -0.61979675, 0.26585588, 0.066307284, -0.32227388, 0.72678465, -0.7719302, -0.83458906, 0.29351905, 0.7632347, 0.62647885, -0.09557334, 0.72383314, -0.11756507, -0.79765356, 0.10576376, 0.94308937, 0.69307053, -0.48152912, -0.10167155, 0.23438121, -0.7138373, -0.22831368, 0.96378136, 0.32158214, -0.4272063, -0.9924963, 0.8786697, 0.91950667, -0.7427311, 0.99791443, -0.55414456, -0.07800106, 0.28288615, -0.9327923, 0.40987474, 0.1758559, -0.71352667, -0.48339343, 0.24706349, -0.14606339, -0.6548714, -0.9440628, -0.47594982, -0.09157597, -0.1660235, -0.68461114, 0.6990367, 0.9208918, 0.43525368, 0.19240451, -0.30435425, 0.15046905, -0.97377735, -0.6143654, 0.45580286, -0.10151023, 0.60444415, -0.9794647, 0.39635175, -0.52729046, 0.43942988, -0.82449794, -0.24459368, -0.46439472, 0.10596056, 0.94681275, -0.44313595, -0.1870318, -0.7804199, 0.87951076, -0.38202682, -0.84528095, 0.1942984, -0.8661452, -0.6091841, 0.25847432, -0.770052, -0.08729351, -0.48934484, 0.78532505, 0.5862923, 0.6441596, -0.80157053, -0.30234024, -0.53853947, -0.4814313, 0.814102, -0.4050166, 0.5737303, 0.99053675, 0.20395796, -0.34880427, 0.17967808, 0.043276843, 0.4942623, 0.34118763, 0.3825578, -0.3268967, 0.14926618, 0.7941398, -0.27713382, -0.039509762, 0.40022925, 0.48254058, 0.83540237, -0.27411154, -0.6797877, -0.102336526, 0.06768785, -0.5375785, 0.46187782, 0.46093976, 0.9406268, 0.5501736, -0.7904446, 0.29044455, -0.72802705, -0.30637243, -0.6010767]
已作为Gurobi初始解
此时传入求解器的初始解为：
[7.0, -2.0, -15.0, -10.0, -2.0, -10.0, 3.0, -13.0, -18.0, -11.0, -3.0, 21.0, 4.0, 0.0, -13.0, -1.0, -6.0, 0.0, -9.0, -1.0, -26.0, 4.0, -1.0, 0.0, -5.0, -15.0, -4.0, -25.0, -5.0, -18.0, -14.0, 7.0, 1.0, 13.0, -2.0, -12.0, -8.0, -9.0, 2.0, -1.0, 3.0, 13.0, -6.0, -6.0, -15.0, 8.0, -7.0, -11.0, -1.0, -3.0, -4.0, -4.0, 4.0, 2.0, -16.0, -11.0, -11.0, 12.0, 4.0, 4.0, -11.0, 1.0, -21.0, 4.0, -5.0, -4.0, -2.0, -8.0, 0.0, -1.0, -22.0, 17.0, -10.0, -17.0, -24.0, -7.0, -2.0, -12.0, -2.0, -11.0, 15.0, -10.0, 6.0, -22.0, -10.0, -11.0, 1.0, 7.0, -7.0, -4.0, -1.0, -18.0, -2.0, -6.0, 2.0, -11.0, -14.0, -4.0, -8.0, -4.0, -14.0, 0.0, -5.0, -2.0, 5.0, -18.0, 12.0, -14.0, -10.0, -12.0, -12.0, 3.0, 2.0, -1.0, 2.0, -16.0, -8.0, 3.0, -8.0, -10.0, -13.0, 3.0, 2.0, -12.0, -24.0, -15.0, -13.0, -4.0, -6.0, -1.0, 0.0, 4.0, 0.0, -7.0, -1.0, 0.0, -13.0, -13.0, -6.0, -9.0, 13.0, -12.0, -4.0, -12.0, 3.0, -12.0, -8.0, -7.0, -11.0, 8.0, -10.0, -16.0, -14.0, -1.0, 7.0, -5.0, -18.0, -5.0, 2.0, -4.0, -7.0, -5.0, -9.0, 8.0, -8.0, -1.0, 11.0, -14.0, -8.0, -1.0, -8.0, -3.0, -4.0, -25.0, -29.0, -10.0, -32.0, -7.0, 6.0, -25.0, -20.0, -5.0, -14.0, -9.0, -9.0, -13.0, 4.0, -4.0, -17.0, 10.0, -10.0, -1.0, 2.0, -4.0, -11.0, -2.0, -1.0, -10.0, -10.0, -9.0, -18.0, -3.0, -5.0, 4.0, -7.0, 1.0, -6.0, -5.0, -7.0, 6.0, -15.0, 0.0, -6.0, 3.0, -10.0, -11.0, -3.0, -14.0, -7.0, -2.0, -9.0, 3.0, -1.0, 1.0, -7.0, -6.0, -28.0, 4.0, -14.0, -4.0, 18.0, -6.0, -19.0, 3.0, -11.0, 3.0, -4.0, -8.0, -16.0, -9.0, 5.0, 7.0, -3.0, 10.0, 6.0, 2.0, 2.0, -17.0, -19.0, -10.0, -9.0, -7.0, 9.0, -8.0, -10.0, 3.0, 5.0, -7.0, -6.0, -4.0, -6.0, -14.0, -23.0, -3.0, -4.0, -14.0, -11.0, -27.0, -11.0, 0.0, 5.0, -1.0, -4.0, 10.0, -3.0, -4.0, -17.0, 1.0, -9.0, 4.0, -3.0, -7.0, -10.0, -3.0, 7.0, -7.0, 6.0, -4.0, 5.0, 0.0, 3.0, 10.0, -1.0, -16.0, 3.0, 1.0, 3.0, -7.0, 3.0, 2.0, -9.0, 0.0, -13.0, 8.0, -3.0, -8.0, -13.0, -7.0, -4.0, -11.0, 9.0, -5.0, 0.0, 3.0, -8.0, -2.0, -8.0, -2.0, 8.0, -12.0, -20.0, -19.0, -8.0, 6.0, 1.0, -8.0, -7.0, -2.0, -2.0, 1.0, 0.0, 7.0, -21.0, -9.0, -9.0, -16.0, -10.0, -4.0, -3.0, -34.0, 3.0, 4.0, -5.0, -16.0, -16.0, -3.0, -10.0, 0.0, -20.0, 4.0, -14.0, -5.0, -1.0, -7.0, -20.0, -22.0, 4.0, 8.0, -20.0, -14.0, 2.0, 7.0, -10.0, -5.0, -3.0, -5.0, -15.0, -4.0, 0.0, -16.0, -16.0, -13.0, -2.0, -18.0, -5.0, -14.0, 22.0, 11.0, -5.0, -18.0, -6.0, -3.0, 2.0, -2.0, 0.0, -16.0, -9.0, 0.0, -9.0, -20.0, -5.0, 6.0, -7.0, -14.0, 0.0, 26.0, 1.0, -4.0, -8.0, -6.0, -8.0, 6.0, -7.0, -5.0, -1.0, -5.0, -22.0, -36.0, 8.0, -11.0, -7.0, 0.0, -4.0, 4.0, 1.0, -6.0, -12.0, -13.0, -24.0, -1.0, 6.0, -12.0, -3.0, 19.0, 2.0, -24.0, 4.0, -20.0, -9.0, -10.0, -9.0, 7.0, 9.0, 2.0, -7.0, -6.0, 8.0, -7.0, 8.0, 6.0, -5.0, -5.0, -8.0, 2.0, -2.0, -34.0, 9.0, -14.0, -4.0, -6.0, -4.0, -1.0, -3.0, -22.0, -8.0, -4.0, 0.0, -11.0, -4.0, 1.0, 2.0, -16.0, -7.0, -16.0, -5.0, -13.0, 17.0, 1.0, -16.0, -9.0, -12.0, -1.0, -24.0, -16.0, -7.0, -8.0, -18.0, -4.0, 5.0, -11.0, -10.0, -5.0, -5.0, -17.0, 12.0, 3.0, -16.0, -5.0, -4.0, 1.0, 11.0, -6.0, -10.0, 2.0, -3.0, -6.0, -16.0, 5.0, -5.0, -29.0]
======================================================
Solve MINLP problem:
初始化solution
初始解违反约束的程度是
(array([0, 0, 0, 0, 0, 0, 0, 0, 0, 0, 0, 0, 0, 0, 0, 0, 0, 0, 0, 0, 0, 0,
       0, 0, 0, 0, 0, 0, 0, 0, 0, 0, 0, 0, 0, 0, 0, 0, 0, 0, 0, 0, 0, 0,
       0, 0, 0, 0, 0, 0, 0, 0, 0, 0, 0, 0, 0, 0, 0, 0, 0, 0, 0, 0, 0, 0,
       0, 0, 0, 0, 0, 0, 0, 0, 0, 0, 0, 0, 0, 0, 0, 0, 0, 0, 0, 0, 0, 0,
       0, 0, 0, 0, 0, 0, 0, 0, 0, 0, 0, 0, 0, 0, 0, 0, 0, 0, 0, 0, 0, 0,
       0, 0, 0, 0, 0, 0, 0, 0, 0, 0, 0, 0, 0, 0, 0, 0, 0, 0, 0, 0, 0, 0,
       0, 0, 0, 0, 0, 0, 0, 0, 0, 0, 0, 0, 0, 0, 0, 0, 0, 0, 0, 0, 0, 0,
       0, 0, 0, 0, 0, 0, 0, 0, 0, 0, 0, 0, 0, 0, 0, 0, 0, 0, 0, 0, 0, 0,
       0, 0, 0, 0, 0, 0, 0, 0, 0, 0, 0, 0, 0, 0, 0, 0, 0, 0, 0, 0, 0, 0,
       0, 0, 0, 0, 0, 0, 0, 0, 0, 0, 0, 0, 0, 0, 0, 0, 0, 0, 0, 0, 0, 0,
       0, 0, 0, 0, 0, 0, 0, 0, 0, 0, 0, 0, 0, 0, 0, 0, 0, 0, 0, 0, 0, 0,
       0, 0, 0, 0, 0, 0, 0, 0, 0, 0, 0, 0, 0, 0, 0, 0, 0, 0, 0, 0, 0, 0,
       0, 0, 0, 0, 0, 0, 0, 0, 0, 0, 0, 0, 0, 0, 0, 0, 0, 0, 0, 0, 0, 0,
       0, 0, 0, 0, 0, 0, 0, 0, 0, 0, 0, 0, 0, 0, 0, 0, 0, 0, 0, 0, 0, 0,
       0, 0, 0, 0, 0, 0, 0, 0, 0, 0, 0, 0, 0, 0, 0, 0, 0, 0, 0, 0, 0, 0,
       0, 0, 0, 0, 0, 0, 0, 0, 0, 0, 0, 0, 0, 0, 0, 0, 0, 0, 0, 0, 0, 0,
       0, 0, 0, 0, 0, 0, 0, 0, 0, 0, 0, 0, 0, 0, 0, 0, 0, 0, 0, 0, 0, 0,
       0, 0, 0, 0, 0, 0, 0, 0, 0, 0, 0, 0, 0, 0, 0, 0, 0, 0, 0, 0, 0, 0,
       0, 0, 0, 0, 0, 0, 0, 0, 0, 0, 0, 0, 0, 0, 0, 0, 0, 0, 0, 0, 0, 0,
       0, 0, 0, 0, 0, 0, 0, 0, 0, 0, 0, 0, 0, 0, 0, 0, 0, 0, 0, 0, 0, 0,
       0, 0, 0, 0, 0, 0, 0, 0, 0, 0, 0, 0, 0, 0, 0, 0, 0, 0, 0, 0, 0, 0,
       0, 0, 0, 0, 0, 0, 0, 0, 0, 0, 0, 0, 0, 0, 0, 0, 0, 0, 0, 0, 0, 0,
       0, 0, 0, 0, 0, 0, 0, 0, 0, 0, 0, 0, 0, 0, 0, 0]), -76.31398072565192)
Set parameter OutputFlag to value 1
Set parameter LogFile to value "solver_result/gurobi/initial/cq_cls100_500-500.log"
Set parameter TimeLimit to value 10800
Set parameter NodefileStart to value 20
Set parameter Threads to value 20
Gurobi Optimizer version 12.0.1 build v12.0.1rc0 (linux64 - "Ubuntu 24.04.1 LTS")

CPU model: Intel(R) Xeon(R) Gold 6240C CPU @ 2.60GHz, instruction set [SSE2|AVX|AVX2|AVX512]
Thread count: 36 physical cores, 72 logical processors, using up to 20 threads

Non-default parameters:
TimeLimit  10800
NodefileStart  20
Threads  20

Optimize a model with 500 rows, 500 columns and 250000 nonzeros
Model fingerprint: 0xd6b1de33
Model has 500 quadratic objective terms
Variable types: 0 continuous, 500 integer (0 binary)
Coefficient statistics:
  Matrix range     [7e-07, 5e-01]
  Objective range  [2e-04, 1e-01]
  QObjective range [2e-05, 1e-02]
  Bounds range     [0e+00, 0e+00]
  RHS range        [1e-03, 1e+00]

Loaded user MIP start with objective -76.314

Presolve time: 0.08s
Presolved: 500 rows, 500 columns, 250000 nonzeros
Presolved model has 500 quadratic objective terms
Variable types: 0 continuous, 500 integer (0 binary)
Found heuristic solution: objective -81.9174413

Root relaxation: objective -1.067803e+02, 290 iterations, 0.96 seconds (0.51 work units)

    Nodes    |    Current Node    |     Objective Bounds      |     Work
 Expl Unexpl |  Obj  Depth IntInf | Incumbent    BestBd   Gap | It/Node Time

     0     0 -106.78025    0  500  -81.91744 -106.78025  30.4%     -    1s
H    0     0                     -82.4118894 -106.78025  29.6%     -    1s
H    0     0                     -82.8322311 -106.78025  28.9%     -    1s
H    0     0                     -83.2220314 -106.78025  28.3%     -    1s
H    0     0                     -83.3663567 -106.78025  28.1%     -    1s
H    0     0                     -83.5231997 -106.78025  27.8%     -    1s
H    0     0                     -83.6655044 -106.78025  27.6%     -    1s
H    0     0                     -83.6786478 -106.78025  27.6%     -    1s
H    0     0                     -87.5697194 -106.78025  21.9%     -    1s
     0     0 -106.77743    0  500  -87.56972 -106.77743  21.9%     -    8s
     0     2 -106.77743    0  500  -87.56972 -106.77743  21.9%     -   10s
H   51   112                     -87.5713099 -106.77507  21.9%   2.2   13s
H  124   132                     -87.6169697 -106.77507  21.9%   2.3   14s
H  131   257                     -87.6786355 -106.77507  21.8%   2.3   17s
   256   417 -106.76523   11  489  -87.67864 -106.77507  21.8%   2.4   21s
   436   457 -106.75826   15  485  -87.67864 -106.77507  21.8%   2.5   25s
   476   497 -106.75810   16  484  -87.67864 -106.77507  21.8%   2.5   33s
   496   517 -106.75811   17  483  -87.67864 -106.77507  21.8%   2.5   35s
   516   628 -106.75759   17  483  -87.67864 -106.77507  21.8%   2.5   40s
   627  1778 -106.75762   18  482  -87.67864 -106.77507  21.8%   2.5   58s
  1777  1798 -106.71481   59  442  -87.67864 -106.77507  21.8%   2.6   60s
H 1788  1798                     -87.7646758 -106.77507  21.7%   2.6   60s
H 1797  2282                     -87.9227705 -106.77507  21.4%   2.6   67s
  2281  2801 -106.70408   71  430  -87.92277 -106.77507  21.4%   2.7   75s
  2800  3283 -106.68670   87  417  -87.92277 -106.77507  21.4%   2.9   82s
  3282  3728 -106.66997  104  402  -87.92277 -106.77507  21.4%   3.1   89s
  3727  4161 -106.65498  120  386  -87.92277 -106.77507  21.4%   3.3   96s
  4160  4580 -106.63712  137  376  -87.92277 -106.77507  21.4%   3.5  103s
  4579  4980 -106.61408  153  362  -87.92277 -106.77507  21.4%   3.7  109s
  4979  5364 -106.59150  167  348  -87.92277 -106.77507  21.4%   4.0  115s
  5403  5424 -106.56399  179  345  -87.92277 -106.77507  21.4%   4.3  120s
  5466  5775 -106.56461  182  344  -87.92277 -106.77507  21.4%   4.3  129s
  5774  6171 -106.54964  193  340  -87.92277 -106.77507  21.4%   4.6  135s
  6170  6561 -106.53063  202  332  -87.92277 -106.77507  21.4%   4.9  141s
  6560  6947 -106.51969  213  329  -87.92277 -106.77507  21.4%   5.2  147s
  6946  7282 -106.50487  222  318  -87.92277 -106.77507  21.4%   5.6  152s
  7281  7645 -106.48621  230  317  -87.92277 -106.77507  21.4%   5.9  157s
  7644  7678 -106.46558  242  307  -87.92277 -106.77507  21.4%   6.3  161s
  7677  7714 -106.46152  242  309  -87.92277 -106.77507  21.4%   6.3  165s
  7751  7785 -106.46364  243  310  -87.92277 -106.77507  21.4%   6.3  172s
  7784  7823 -106.46230  244  307  -87.92277 -106.77507  21.4%   6.4  177s
  7822  7861 -106.45972  244  309  -87.92277 -106.77507  21.4%   6.4  181s
  7906  8070 -106.45100  248  304  -87.92277 -106.77507  21.4%   6.5  189s
  8069  8391 -106.42450  262  299  -87.92277 -106.77507  21.4%   6.6  194s
  8390  8793 -106.39026  277  290  -87.92277 -106.77507  21.4%   6.9  200s
  8792  9164 -106.35226  289  285  -87.92277 -106.77507  21.4%   7.3  205s
  9163  9586 -106.31336  301  279  -87.92277 -106.77507  21.4%   7.7  211s
  9585  9969 -106.27536  314  269  -87.92277 -106.77507  21.4%   8.1  216s
 10028 10071 -106.21462  326  268  -87.92277 -106.77507  21.4%   8.5  221s
 10070 10452 -106.21668  328  268  -87.92277 -106.77507  21.4%   8.6  226s
 10451 10897 -106.15519  339  258  -87.92277 -106.77507  21.4%   9.0  232s
 10902 11489 -106.08838  355  256  -87.92277 -106.77507  21.4%   9.4  240s
 11501 11490 -106.39654  263  500  -87.92277 -106.77507  21.4%   9.8  394s
 11503 11491 -106.54526  197  500  -87.92277 -106.77507  21.4%   9.8  397s
 11520 11520 -106.77207   19  496  -87.92277 -106.77507  21.4%   9.8  400s
 11650 11618 -106.76557   24  491  -87.92277 -106.77321  21.4%   9.8  405s
 11698 11642 -106.76519   25  490  -87.92277 -106.77321  21.4%   9.7  410s
 11718 11781 -106.76251   25  490  -87.92277 -106.77321  21.4%   9.7  416s
 11863 12205 -106.76218   29  486  -87.92277 -106.77321  21.4%   9.6  427s
 12336 12561 -106.75891   40  475  -87.92277 -106.77321  21.4%   9.3  438s
 12849 12410 -106.74931   52  464  -87.92277 -106.77321  21.4%   9.1  442s
 12869 12623 -106.74883   52  463  -87.92277 -106.77321  21.4%   9.1  448s
 13089 13473 -106.74212   58  457  -87.92277 -106.77321  21.4%   8.9  464s
 14012 13505 -106.72448   77  439  -87.92277 -106.77321  21.4%   8.5  477s
 14352 14183 -106.71466   85  431  -87.92277 -106.77321  21.4%   8.4  490s
 15163 13952 -106.69822  102  415  -87.92277 -106.77321  21.4%   8.2  495s
 15183 14261 -106.69362  102  414  -87.92277 -106.77321  21.4%   8.1  501s
 15498 14832 -106.69023  109  408  -87.92277 -106.77321  21.4%   8.1  512s
 16194 14640 -106.68165  124  394  -87.92277 -106.77321  21.4%   7.9  516s
 16234 14666 -106.68075  125  392  -87.92277 -106.77321  21.4%   7.9  521s
 16274 14693 -106.68025  126  392  -87.92277 -106.77321  21.4%   7.9  526s
 16314 14812 -106.67996  127  391  -87.92277 -106.77321  21.4%   7.9  533s
 16426 15038 -106.67465  132  387  -87.92277 -106.77321  21.4%   7.9  542s
 16690 15244 -106.67253  133  386  -87.92277 -106.77321  21.4%   7.9  552s
 16984 15640 -106.67227  133  385  -87.92277 -106.77321  21.4%   7.9  562s
 17478 16097 -106.65532  147  370  -87.92277 -106.77321  21.4%   7.8  572s
 18099 16499 -106.64085  161  360  -87.92277 -106.77321  21.4%   7.8  582s
 18708 16657 -106.62850  175  351  -87.92277 -106.77321  21.4%   7.8  587s
 19069 17114 -106.62326  184  343  -87.92277 -106.77321  21.4%   7.9  596s
 19647 17463 -106.61184  197  336  -87.92277 -106.77321  21.4%   8.0  603s
 20188 17820 -106.59608  210  319  -87.92277 -106.77321  21.4%   8.1  610s
 20732 18135 -106.58587  223  313  -87.92277 -106.77321  21.4%   8.3  617s
 21240 18393 -106.57296  235  301  -87.92277 -106.77279  21.4%   8.5  623s
 21681 18798 -106.57084  244  299  -87.92277 -106.77279  21.4%   8.6  631s
 22263 19147 -106.55374  255  300  -87.92277 -106.77264  21.4%   8.8  640s
 22828 19515 -106.54575  266  289  -87.92277 -106.77264  21.4%   8.9  648s
 23385 20257 -106.53847  278  294  -87.92277 -106.77264  21.4%   9.0  665s
 24312 20447 -106.51900  297  280  -87.92277 -106.77264  21.4%   9.3  672s
 24811 20747 -106.51404  308  285  -87.92277 -106.77264  21.4%   9.4  678s
 25278 21162 -106.49894  319  284  -87.92277 -106.77264  21.4%   9.5  687s
 25848 21545 -106.47721  330  284  -87.92277 -106.77264  21.4%   9.7  695s
 26421 21965 -106.44751  342  276  -87.92277 -106.77264  21.4%   9.9  704s
 27032 22221 -106.43450  356  264  -87.92277 -106.77264  21.4%  10.1  713s
 27492 22704 -106.40006  367  269  -87.92277 -106.77264  21.4%  10.3  721s
 28128 23030 -106.39787  381  259  -87.92277 -106.77264  21.4%  10.5  729s
 28666 23505 -106.38073  392  261  -87.92277 -106.77264  21.4%  10.8  737s
 29321 23981 -106.36825  406  255  -87.92277 -106.77264  21.4%  11.0  746s
 30015 24494 -106.31988  423  245  -87.92277 -106.77264  21.4%  11.3  754s
 30759 25047 -106.26932  440  231  -87.92277 -106.77264  21.4%  11.7  763s
 31560 25496 -106.20737  459  228  -87.92277 -106.77264  21.4%  12.0  770s
 32276 25986 -106.16475  477  216  -87.92277 -106.77264  21.4%  12.4  778s
 33037 26332 -106.08907  493  211  -87.92277 -106.77243  21.4%  12.8  797s
 33637 27029 -106.03424  508  211  -87.92277 -106.77243  21.4%  13.1  812s
 34534 27716 -106.02402  527  205  -87.92277 -106.77243  21.4%  13.6  825s
 35540 27421 -105.89736  547  196  -87.92277 -106.77243  21.4%  14.2  849s
 35560 27583 -105.84612  547  195  -87.92277 -106.77243  21.4%  14.3  866s
 35729 27686 -105.89701  548  191  -87.92277 -106.77243  21.4%  14.3  886s
 35901 27735 -105.87138  548  198  -87.92277 -106.77243  21.4%  14.3  906s
 36007 27784 -105.89247  549  194  -87.92277 -106.77243  21.4%  14.3  923s
 36092 27870 -105.87179  549  199  -87.92277 -106.77243  21.4%  14.3  940s
 36206 27934 -105.88453  550  194  -87.92277 -106.77243  21.4%  14.3  955s
 36308 28004 -105.87087  550  195  -87.92277 -106.77243  21.4%  14.3  968s
 36412 28078 -105.87226  551  190  -87.92277 -106.77243  21.4%  14.3  982s
 36521 28730 -105.86603  551  197  -87.92277 -106.77243  21.4%  14.3  994s
 37209 29553 -105.75386  562  190  -87.92277 -106.77243  21.4%  14.8 1005s
 38261 30334 -105.57903  587  178  -87.92277 -106.77243  21.4%  15.5 1020s
 39433 31055 -105.39028  614  172  -87.92277 -106.77243  21.4%  16.5 1047s
 40545 31736 -104.93201  637  163  -87.92277 -106.77243  21.4%  17.5 1075s
 41710 32694 -104.81081  661  150  -87.92277 -106.77243  21.4%  18.6 1104s
 43139 33740 -106.75096   40  475  -87.92277 -106.77221  21.4%  19.4 1132s
 44831 34207 -106.55823  163  378  -87.92277 -106.77221  21.4%  19.8 1150s
 45862 36340 -106.45237  204  356  -87.92277 -106.77221  21.4%  20.2 1181s
 48339 39525 -105.83627  368  293  -87.92277 -106.77221  21.4%  20.3 1233s
 51660 41008 -104.36471  581  225  -87.92277 -106.77221  21.4%  20.8 1255s
 53335 42839 -103.27612  694  198  -87.92277 -106.77221  21.4%  21.0 1282s
 55216 44850 -101.85811  805  178  -87.92277 -106.77153  21.4%  20.8 1309s
 57363 46878  -99.86475  931  145  -87.92277 -106.77153  21.4%  20.7 1333s
 59461 49557  -97.60315 1067  126  -87.92277 -106.77129  21.4%  20.4 1358s
 62207 51679  -93.46967 1287   78  -87.92277 -106.77129  21.4%  20.1 1383s
 64397 53459 -106.73250   66  450  -87.92277 -106.77129  21.4%  19.8 1408s
 66177 55270 -106.64806  177  370  -87.92277 -106.77129  21.4%  19.5 1432s
 67988 56999 -106.40063  296  297  -87.92277 -106.77129  21.4%  19.4 1456s
 69821 58535 -105.85257  404  266  -87.92277 -106.77129  21.4%  19.3 1477s
 71466 61978 -105.05400  503  244  -87.92277 -106.77127  21.4%  19.2 1529s
 74929 63900 -102.14849  682  202  -87.92277 -106.77125  21.4%  19.1 1555s
 76948 66493  -99.71541  779  177  -87.92277 -106.77125  21.4%  19.0 1582s
 79625 68263  -94.30588  873  161  -87.92277 -106.77125  21.4%  18.9 1603s
 81486 70061 -106.75800   34  481  -87.92277 -106.77125  21.4%  18.8 1627s
 83342 71923 -106.68110  140  386  -87.92277 -106.77125  21.4%  18.6 1647s
 85204 73903 -106.59680  232  324  -87.92277 -106.77125  21.4%  18.4 1668s
 87184 75751 -106.49901  316  281  -87.92277 -106.77125  21.4%  18.3 1687s
 89117 77617 -106.37428  373  269  -87.92277 -106.77125  21.4%  18.3 1712s
 90999 79532 -106.29687  424  245  -87.92277 -106.77125  21.4%  18.2 1733s
 92964 81338 -106.22834  467  225  -87.92277 -106.77125  21.4%  18.2 1758s
 94770 84824 -106.12116  500  220  -87.92277 -106.77125  21.4%  18.2 1793s
 98287 86648 -105.85516  544  198  -87.92277 -106.77125  21.4%  18.2 1812s
 100145 87761 -105.75348  569  188  -87.92277 -106.77125  21.4%  18.3 1841s
 101308 89430 -105.67005  581  182  -87.92277 -106.77125  21.4%  18.3 1865s
 102991 91305 -105.46667  609  167  -87.92277 -106.77119  21.4%  18.3 1894s
 104870 93181 -105.08897  632  162  -87.92277 -106.77119  21.4%  18.4 1922s
 106806 95232 -105.05354  645  155  -87.92277 -106.77119  21.4%  18.5 1950s
 108965 97063 -104.84272  666  141  -87.92277 -106.77092  21.4%  18.6 1980s
 110892 99002 -104.35960  698  124  -87.92277 -106.77092  21.4%  18.5 2009s
 112895 100830 -106.74782   42  473  -87.92277 -106.77092  21.4%  18.5 2036s
 114753 102841 -106.61389  167  361  -87.92277 -106.77092  21.4%  18.4 2066s
 116802 104675 -106.33069  308  301  -87.92277 -106.77092  21.4%  18.4 2092s
 118658 107162 -105.86973  436  262  -87.92277 -106.77092  21.4%  18.3 2129s
 121170 109248 -104.46459  599  208  -87.92277 -106.77008  21.4%  18.3 2155s
 123321 110882 -102.15177  706  181  -87.92277 -106.77008  21.4%  18.4 2177s
 125059 113013  -98.98475  799  162  -87.92277 -106.77008  21.4%  18.4 2204s
 127258 113028     cutoff  883       -87.92277 -106.77008  21.4%  18.4 2219s
 127283 113048 -106.76929   22  493  -87.92277 -106.77007  21.4%  18.4 2267s
 127303 113068 -106.76901   23  492  -87.92277 -106.77007  21.4%  18.4 2297s
 127323 113088 -106.76778   24  491  -87.92277 -106.77007  21.4%  18.4 2324s
 127343 113108 -106.76367   25  490  -87.92277 -106.77007  21.4%  18.4 2347s
 127363 113128 -106.76347   26  489  -87.92277 -106.77007  21.4%  18.4 2370s
 127383 113247 -106.76286   27  488  -87.92277 -106.77007  21.4%  18.4 2387s
 127502 114305 -106.76131   28  487  -87.92277 -106.77007  21.4%  18.4 2410s
 128627 116574 -106.70648   80  436  -87.92277 -106.77007  21.4%  18.4 2440s
 130900 118771 -106.51515  247  319  -87.92277 -106.77007  21.4%  18.4 2467s
 133204 120033 -106.10293  398  259  -87.92277 -106.77007  21.4%  18.5 2508s
 134490 122504 -105.74515  461  237  -87.92277 -106.77007  21.4%  18.5 2547s
 137005 124819 -104.03072  593  207  -87.92277 -106.77007  21.4%  18.5 2580s
 139320 127573 -101.97085  703  174  -87.92277 -106.77007  21.4%  18.6 2610s
 142163 130362  -98.43524  830  150  -87.92277 -106.77007  21.4%  18.7 2648s
 144994 132109 -106.69827  112  408  -87.92277 -106.77007  21.4%  18.7 2671s
 146851 134041 -106.58205  234  326  -87.92277 -106.77007  21.4%  18.8 2697s
 148783 136148 -106.39206  365  271  -87.92277 -106.77007  21.4%  18.8 2720s
 150928 138386 -105.71079  495  230  -87.92277 -106.77007  21.4%  18.9 2742s
 153166 140489 -104.12857  599  206  -87.92277 -106.77007  21.4%  19.0 2757s
 155320 142238 -102.28975  689  185  -87.92277 -106.77007  21.4%  19.1 2778s
 157090 144220  -99.97084  765  175  -87.92277 -106.77007  21.4%  19.2 2801s
 159146 146097  -95.78065  872  158  -87.92277 -106.77007  21.4%  19.3 2828s
 161128 148159 infeasible  969       -87.92277 -106.77007  21.4%  19.3 2858s
 163330 150132 -106.68454  132  394  -87.92277 -106.76982  21.4%  19.3 2885s
 165303 153006 -106.60673  225  327  -87.92277 -106.76982  21.4%  19.4 2919s
 168361 154698 -106.45862  321  285  -87.92277 -106.76982  21.4%  19.5 2948s
 170223 156403 -106.35020  381  261  -87.92277 -106.76982  21.4%  19.5 2979s
 172004 158232 -106.17403  434  231  -87.92277 -106.76981  21.4%  19.5 3010s
 173897 159702 -106.08497  472  223  -87.92277 -106.76981  21.4%  19.4 3034s
 175503 161644 -105.92252  511  204  -87.92277 -106.76967  21.4%  19.4 3064s
 177525 163540 -105.66474  564  191  -87.92277 -106.76967  21.4%  19.3 3090s
 179437 164816 -105.46813  602  171  -87.92277 -106.76967  21.4%  19.3 3109s
 180747 166833 -105.29705  617  168  -87.92277 -106.76967  21.4%  19.3 3137s
 182764 168841 -104.85874  662  147  -87.92277 -106.76967  21.4%  19.3 3163s
 184774 170681 -104.50881  683  141  -87.92277 -106.76967  21.4%  19.4 3188s
 186806 172843 -106.76802   24  491  -87.92277 -106.76967  21.4%  19.5 3219s
 189058 175675 -106.61910  169  362  -87.92277 -106.76967  21.4%  19.5 3258s
 191942 177485 -106.28897  354  275  -87.92277 -106.76967  21.4%  19.4 3279s
 193752 179431 -105.77766  468  238  -87.92277 -106.76967  21.4%  19.4 3299s
 195698 181248 -104.66824  582  203  -87.92277 -106.76967  21.4%  19.4 3316s
 197515 183413 -103.07809  687  168  -87.92277 -106.76967  21.4%  19.4 3334s
 199732 185133  -98.83883  799  143  -87.92277 -106.76967  21.4%  19.5 3359s
 201624 186862 -106.71904   66  450  -87.92277 -106.76967  21.4%  19.5 3383s
 203417 189016 -106.58068  183  356  -87.92277 -106.76967  21.4%  19.5 3411s
 205675 191018 -106.33278  321  283  -87.92277 -106.76946  21.4%  19.5 3433s
 207677 193101 -105.77996  440  248  -87.92277 -106.76946  21.4%  19.4 3453s
 209760 194930 -104.78505  564  210  -87.92277 -106.76946  21.4%  19.5 3468s
 211627 196949 -103.31291  668  187  -87.92277 -106.76946  21.4%  19.5 3491s
 213766 199222 -100.84966  783  149  -87.92277 -106.76946  21.4%  19.6 3524s
 216349 201280 -106.74479   54  462  -87.92277 -106.76946  21.4%  19.6 3551s
 218449 203535 -106.60793  176  359  -87.92277 -106.76946  21.4%  19.6 3574s
 220806 205448 -106.33921  308  282  -87.92277 -106.76946  21.4%  19.5 3598s
 222784 207457 -105.96042  416  253  -87.92277 -106.76946  21.4%  19.5 3618s
 224827 207477 -105.02334  528  217  -87.92277 -106.76946  21.4%  19.5 3630s
 224847 207497 -105.01694  529  220  -87.92277 -106.76946  21.4%  19.5 3678s
 224867 207517 -104.99640  530  218  -87.92277 -106.76946  21.4%  19.5 3705s
 224887 207537 -104.97661  531  216  -87.92277 -106.76946  21.4%  19.5 3730s
 224907 207557 -104.92730  532  213  -87.92277 -106.76946  21.4%  19.5 3752s
 224927 207577 -104.92343  533  214  -87.92277 -106.76946  21.4%  19.5 3773s
 224947 207597 -104.91661  534  214  -87.92277 -106.76946  21.4%  19.5 3791s
 224967 207840 -104.90725  535  218  -87.92277 -106.76946  21.4%  19.5 3805s
 225210 209220 -104.89263  536  214  -87.92277 -106.76946  21.4%  19.5 3818s
 226608 211324 -103.80257  605  193  -87.92277 -106.76946  21.4%  19.6 3839s
 228891 213525 -101.41163  714  168  -87.92277 -106.76946  21.4%  19.6 3866s
 231262 214765  -97.44864  832  146  -87.92277 -106.76946  21.4%  19.6 3882s
 232723 217348 -106.74037   61  454  -87.92277 -106.76925  21.4%  19.6 3913s
 235386 219719 -106.59451  215  331  -87.92277 -106.76925  21.4%  19.6 3942s
 237801 222659 -106.31816  358  260  -87.92277 -106.76925  21.4%  19.5 3973s
 240741 224367 -105.32005  507  212  -87.92277 -106.76925  21.4%  19.5 3991s
 242473 224782 -104.36914  588  191  -87.92277 -106.76925  21.4%  19.6 4019s
 242888 227025 -104.25141  600  193  -87.92277 -106.76925  21.4%  19.6 4042s
 245345 229466 -102.46293  714  173  -87.92277 -106.76925  21.4%  19.7 4070s
 247802 231847  -99.08200  832  136  -87.92277 -106.76925  21.4%  19.7 4089s
 250353 234829 -106.70649   76  439  -87.92277 -106.76916  21.4%  19.7 4114s
 253379 237520 -106.52632  202  343  -87.92277 -106.76916  21.4%  19.7 4138s
 256138 239789 -106.30721  316  279  -87.92277 -106.76916  21.4%  19.7 4164s
 258521 241612 -105.90256  415  242  -87.92277 -106.76916  21.4%  19.7 4188s
 260399 243056 -105.34185  500  223  -87.92277 -106.76916  21.4%  19.7 4210s
 261965 245608 -104.57628  578  194  -87.92277 -106.76905  21.4%  19.7 4244s
 264583 247773 -102.47145  717  150  -87.92277 -106.76905  21.4%  19.7 4269s
 266826 249710 -106.70150   95  421  -87.92277 -106.76895  21.4%  19.7 4293s
 268887 251669 -106.55382  225  324  -87.92277 -106.76891  21.4%  19.6 4319s
 270904 253678 -106.28857  350  259  -87.92277 -106.76890  21.4%  19.7 4340s
 272975 255751 -105.65500  462  227  -87.92277 -106.76890  21.4%  19.7 4364s
 275121 257717 -104.68032  563  199  -87.92277 -106.76890  21.4%  19.7 4390s
 277211 259941 -103.07511  658  174  -87.92277 -106.76869  21.4%  19.7 4413s
 279459 261955     cutoff  781       -87.92277 -106.76869  21.4%  19.7 4432s
 281599 263891 -106.70485   82  434  -87.92277 -106.76869  21.4%  19.7 4458s
 283583 265829 -106.56767  208  331  -87.92277 -106.76869  21.4%  19.7 4483s
 285585 268526 -106.32283  327  269  -87.92277 -106.76869  21.4%  19.7 4515s
 288366 270208 -105.66684  489  220  -87.92277 -106.76869  21.4%  19.7 4541s
 290202 271928 -104.80150  587  190  -87.92277 -106.76868  21.4%  19.7 4567s
 292122 272987 -103.19762  680  170  -87.92277 -106.76868  21.4%  19.7 4582s
 293241 275056 -101.88946  745  146  -87.92277 -106.76858  21.4%  19.7 4618s
 295488 277148 -106.73062   54  462  -87.92277 -106.76858  21.4%  19.7 4651s
 297698 279277 -106.63858  158  367  -87.92277 -106.76858  21.4%  19.7 4682s
 299827 281256 -106.54625  233  323  -87.92277 -106.76858  21.4%  19.6 4710s
 301840 283233 -106.43416  299  289  -87.92277 -106.76858  21.4%  19.6 4735s
 303933 285281 -106.26538  366  255  -87.92277 -106.76854  21.4%  19.6 4762s
 306039 286278 -106.10442  408  243  -87.92277 -106.76853  21.4%  19.6 4777s
 307070 288358 -106.01352  429  235  -87.92277 -106.76853  21.4%  19.6 4807s
 309150 290534 -105.78834  470  215  -87.92277 -106.76853  21.4%  19.6 4832s
 311378 292630 -105.51002  505  194  -87.92277 -106.76853  21.4%  19.6 4860s
 313544 294716 -105.25452  541  183  -87.92277 -106.76852  21.4%  19.6 4885s
 315664 296825 -104.84578  591  175  -87.92277 -106.76852  21.4%  19.6 4907s
 317773 299009 -104.49588  629  152  -87.92277 -106.76852  21.4%  19.7 4924s
 319957 301970 -104.01243  660  135  -87.92277 -106.76852  21.4%  19.7 4941s
 322985 304044 -103.33350  685  135  -87.92277 -106.76852  21.4%  19.8 4965s
 325240 305825 -102.14506  693  136  -87.92277 -106.76852  21.4%  19.9 4987s
 327217 308025 -106.70139   81  434  -87.92277 -106.76852  21.4%  19.9 5014s
 329540 308045 -106.59039  208  336  -87.92277 -106.76843  21.4%  19.9 5024s
 329560 308065 -106.58842  209  334  -87.92277 -106.76843  21.4%  19.9 5051s
 329580 308085 -106.58771  210  337  -87.92277 -106.76843  21.4%  19.9 5077s
 329600 308105 -106.58539  211  337  -87.92277 -106.76843  21.4%  19.9 5100s
 329620 308125 -106.58477  212  339  -87.92277 -106.76843  21.4%  19.9 5125s
 329640 308145 -106.58340  213  336  -87.92277 -106.76843  21.4%  19.9 5146s
 329660 308165 -106.58326  214  335  -87.92277 -106.76843  21.4%  19.9 5166s
 329680 308223 -106.58176  215  334  -87.92277 -106.76843  21.4%  19.9 5184s
 329738 309324 -106.58061  216  331  -87.92277 -106.76843  21.4%  19.9 5204s
 330913 311107 -106.57462  221  331  -87.92277 -106.76843  21.4%  19.9 5223s
 332734 313738 -106.40973  316  278  -87.92277 -106.76839  21.4%  19.9 5252s
 335439 315543 -105.69346  457  228  -87.92277 -106.76835  21.4%  19.9 5276s
 337338 317253 -104.91515  546  203  -87.92277 -106.76835  21.4%  19.9 5298s
 339094 319501 -103.90900  628  182  -87.92277 -106.76835  21.4%  19.9 5321s
 341506 321622 -102.27289  747  147  -87.92277 -106.76835  21.4%  19.9 5344s
 343747 323904 -106.74913   37  478  -87.92277 -106.76835  21.4%  19.9 5370s
 346149 326016 -106.62931  162  368  -87.92277 -106.76835  21.4%  19.9 5394s
 348323 327783 -106.42125  286  284  -87.92277 -106.76835  21.4%  19.9 5415s
 350090 329709 -106.10153  386  241  -87.92277 -106.76835  21.4%  19.9 5433s
 352016 331580 -105.39871  485  227  -87.92277 -106.76835  21.4%  19.9 5447s
 353887 332904 -104.49025  576  191  -87.92277 -106.76835  21.4%  19.9 5456s
 355211 334916 -103.73674  645  174  -87.92277 -106.76835  21.4%  19.9 5470s
 357295 337623 -102.41094  739  150  -87.92277 -106.76835  21.4%  20.0 5504s
 360190 339347  -98.03895  905  113  -87.92277 -106.76835  21.4%  20.1 5532s
 362126 341177 -106.70673   86  429  -87.92277 -106.76835  21.4%  20.1 5559s
 364124 342891 -106.54256  208  332  -87.92277 -106.76825  21.4%  20.1 5583s
 365905 344814 -106.33344  323  274  -87.92277 -106.76825  21.4%  20.1 5607s
 367828 346313 -105.83527  439  227  -87.92277 -106.76825  21.4%  20.1 5628s
 369345 348097 -105.11296  513  204  -87.92277 -106.76825  21.4%  20.1 5649s
 371201 349700 -103.96331  619  179  -87.92277 -106.76825  21.4%  20.1 5679s
 372868 351572 -102.50303  723  150  -87.92277 -106.76825  21.4%  20.1 5711s
 374740 353486  -98.97337  859  121  -87.92277 -106.76825  21.4%  20.2 5742s
 376798 354891 -106.66573  127  392  -87.92277 -106.76825  21.4%  20.2 5773s
 378358 356715 -106.58394  199  337  -87.92277 -106.76824  21.4%  20.2 5808s
 380320 358970 -106.29765  341  266  -87.92277 -106.76824  21.4%  20.2 5848s
 382636 360876 -105.46039  483  219  -87.92277 -106.76810  21.4%  20.2 5877s
 384542 362754 -104.43599  593  186  -87.92277 -106.76810  21.4%  20.2 5903s
 386464 364773 -102.98930  699  161  -87.92277 -106.76810  21.4%  20.2 5937s
 388495 366630 -100.47878  830  127  -87.92277 -106.76810  21.4%  20.2 5967s
 390468 368424 -106.76686   31  484  -87.92277 -106.76810  21.4%  20.2 5995s
 392316 370533 -106.62887  169  357  -87.92277 -106.76810  21.4%  20.2 6026s
 394491 372321 -106.35770  322  268  -87.92277 -106.76810  21.4%  20.3 6053s
 396433 374509 -105.90411  440  234  -87.92277 -106.76801  21.4%  20.3 6081s
 398659 376451 -104.98527  563  194  -87.92277 -106.76801  21.4%  20.3 6105s
 400657 378542 -103.60407  667  167  -87.92277 -106.76801  21.4%  20.3 6136s
 402768 380692 -101.56883  781  144  -87.92277 -106.76801  21.4%  20.3 6167s
 404922 382757  -97.54639  957   98  -87.92277 -106.76801  21.4%  20.4 6198s
 407068 384915 -106.64891  133  388  -87.92277 -106.76801  21.4%  20.4 6226s
 409416 387441 -106.46068  272  301  -87.92277 -106.76801  21.4%  20.5 6258s
 412217 389300 -105.96504  408  232  -87.92277 -106.76798  21.4%  20.5 6285s
 414282 391323 -105.29383  502  210  -87.92277 -106.76794  21.4%  20.5 6314s
 416387 393229 -104.37775  600  185  -87.92277 -106.76794  21.4%  20.4 6342s
 418293 395064 -102.99389  706  159  -87.92277 -106.76794  21.4%  20.4 6369s
 420128 396973 -100.45227  806  141  -87.92277 -106.76794  21.4%  20.4 6397s
 422116 398655 infeasible  902       -87.92277 -106.76794  21.4%  20.4 6423s
 423816 398675 -106.68060  118  403  -87.92277 -106.76793  21.4%  20.4 6435s
 423836 398695 -106.68027  119  402  -87.92277 -106.76793  21.4%  20.4 6488s
 423856 398715 -106.67750  120  402  -87.92277 -106.76793  21.4%  20.4 6515s
 423876 398735 -106.67745  121  401  -87.92277 -106.76793  21.4%  20.4 6551s
 423896 398755 -106.67712  122  401  -87.92277 -106.76793  21.4%  20.4 6573s
 423916 398775 -106.67564  123  400  -87.92277 -106.76793  21.4%  20.4 6594s
 423936 398802 -106.67597  123  396  -87.92277 -106.76793  21.4%  20.4 6610s
 423963 399106 -106.67483  124  395  -87.92277 -106.76793  21.4%  20.4 6625s
 424267 400160 -106.67288  125  394  -87.92277 -106.76793  21.4%  20.5 6646s
 425321 401276 -106.64859  147  380  -87.92277 -106.76793  21.4%  20.5 6663s
 426545 402105 -106.60914  184  350  -87.92277 -106.76793  21.4%  20.5 6682s
 427460 403105 -106.57735  204  345  -87.92277 -106.76786  21.4%  20.5 6699s
 428520 404640 -106.52550  239  313  -87.92277 -106.76786  21.4%  20.5 6727s
 430157 406251 -106.43306  283  297  -87.92277 -106.76786  21.4%  20.5 6752s
 431768 407946 -106.37694  314  285  -87.92277 -106.76786  21.4%  20.4 6780s
 433463 410599 -106.28569  357  258  -87.92277 -106.76786  21.4%  20.4 6816s
 436116 412836 -106.01050  425  235  -87.92277 -106.76786  21.4%  20.4 6842s
 438353 414767 -105.74058  479  218  -87.92277 -106.76786  21.4%  20.4 6867s
 440330 416342 -105.53558  506  207  -87.92277 -106.76786  21.4%  20.4 6888s
 441913 418290 -105.34248  537  196  -87.92277 -106.76786  21.4%  20.5 6909s
 444143 419707 -104.92370  568  180  -87.92277 -106.76785  21.4%  20.5 6934s
 445710 421917 -104.73643  589  170  -87.92277 -106.76779  21.4%  20.5 6962s
 447960 423601 -104.38301  634  159  -87.92277 -106.76779  21.4%  20.5 6986s
 449644 424443 -104.10742  659  147  -87.92277 -106.76779  21.4%  20.5 6998s
 450486 427182 -103.58899  684  137  -87.92277 -106.76779  21.4%  20.5 7032s
 453231 428694 -102.40355  729  129  -87.92277 -106.76779  21.4%  20.5 7051s
 454775 430763 -106.67383   97  420  -87.92277 -106.76779  21.4%  20.6 7079s
 456844 431979 -106.35456  252  310  -87.92277 -106.76779  21.4%  20.6 7094s
 458166 434632 -106.11577  321  269  -87.92277 -106.76779  21.4%  20.7 7129s
 461084 435997 -105.27856  468  225  -87.92277 -106.76779  21.4%  20.7 7152s
 462499 437631 -104.71005  551  216  -87.92277 -106.76779  21.4%  20.7 7173s
 464133 440240 -103.92528  632  203  -87.92277 -106.76779  21.4%  20.7 7196s
 466742 442221 -102.29161  790  165  -87.92277 -106.76779  21.4%  20.7 7213s
 468723 444068 -100.72516  916  130  -87.92277 -106.76779  21.4%  20.8 7228s
 470570 446878  -97.69320 1076  105  -87.92277 -106.76779  21.4%  20.8 7244s
 473523 449629 -106.76136   36  479  -87.92277 -106.76779  21.4%  20.9 7284s
 476462 451873 -106.50805  232  325  -87.92277 -106.76769  21.4%  21.0 7330s
 478939 453876 -105.98352  400  244  -87.92277 -106.76769  21.4%  21.0 7364s
 480982 454393 -105.09716  523  207  -87.92277 -106.76769  21.4%  20.9 7375s
 481499 455718 -104.82672  548  202  -87.92277 -106.76769  21.4%  20.9 7400s
 482898 455738 -103.66158  623  184  -87.92277 -106.76769  21.4%  20.9 7422s
 482918 455758 -103.65637  624  182  -87.92277 -106.76769  21.4%  20.9 7458s
 482938 455778 -103.62098  625  186  -87.92277 -106.76769  21.4%  20.9 7492s
 482958 455797 -103.59574  626  183  -87.92277 -106.76769  21.4%  20.9 7522s
 482979 455817 -103.59223  627  185  -87.92277 -106.76769  21.4%  20.9 7546s
 482999 456085 -103.58080  628  183  -87.92277 -106.76769  21.4%  20.9 7572s
 483299 458306 -102.19286  714  170  -87.92277 -106.76769  21.4%  21.0 7613s
 485550 460475  -99.00619  871  136  -87.92277 -106.76769  21.4%  21.0 7648s
 487763 462941 -106.73543   51  464  -87.92277 -106.76769  21.4%  21.0 7695s
 490229 465213 -106.66716   91  425  -87.92277 -106.76769  21.4%  21.0 7736s
 492651 467726 -106.61532  122  398  -87.92277 -106.76769  21.4%  21.0 7777s
 495299 469054 -106.52267  173  362  -87.92277 -106.76769  21.4%  21.0 7798s
 496627 471413 -106.48627  182  351  -87.92277 -106.76769  21.4%  21.0 7832s
 499090 473766 -106.43295  202  344  -87.92277 -106.76769  21.4%  21.0 7864s
 501547 476090 -106.34780  233  325  -87.92277 -106.76765  21.4%  21.0 7896s
 503871 477877 -106.26948  256  312  -87.92277 -106.76765  21.4%  21.0 7919s
 505684 480098 -106.22594  270  303  -87.92277 -106.76765  21.4%  21.0 7945s
 507971 481271 -106.11280  296  307  -87.92277 -106.76765  21.4%  21.0 7975s
 509215 482359 -106.05144  309  290  -87.92277 -106.76765  21.4%  21.1 7988s
 510361 485163 -105.98471  324  290  -87.92277 -106.76765  21.4%  21.1 8021s
 513312 487513 -105.84989  354  282  -87.92277 -106.76765  21.4%  21.1 8048s
 515750 489573 -105.71293  375  271  -87.92277 -106.76765  21.4%  21.1 8073s
 517982 491588 -105.62373  393  268  -87.92277 -106.76765  21.4%  21.1 8105s
 520053 493715 -105.52385  411  264  -87.92277 -106.76765  21.4%  21.1 8134s
 522180 495694 -105.31553  429  255  -87.92277 -106.76765  21.4%  21.1 8155s
 524239 497876 -105.16080  443  251  -87.92277 -106.76765  21.4%  21.1 8183s
 526487 500281 -105.08594  455  254  -87.92277 -106.76765  21.4%  21.2 8215s
 529064 501584 -104.91869  476  246  -87.92277 -106.76765  21.4%  21.2 8233s
 530367 503587 -104.84837  484  247  -87.92277 -106.76765  21.4%  21.2 8252s
 532370 505898 -104.69784  498  240  -87.92277 -106.76765  21.4%  21.2 8272s
 534731 507880 -104.61656  507  239  -87.92277 -106.76765  21.4%  21.2 8300s
 536759 509146 -104.48474  517  232  -87.92277 -106.76765  21.4%  21.2 8319s
 538025 511223 -104.26288  529  230  -87.92277 -106.76765  21.4%  21.2 8342s
 540224 513364 -104.04048  551  219  -87.92277 -106.76765  21.4%  21.3 8369s
 542365 515749 -103.71434  572  212  -87.92277 -106.76765  21.4%  21.3 8391s
 544906 517732 -103.52048  588  209  -87.92277 -106.76765  21.4%  21.3 8418s
 546941 518545 -103.29105  599  208  -87.92277 -106.76765  21.4%  21.3 8430s
 547778 520631 -103.19628  604  209  -87.92277 -106.76765  21.4%  21.4 8458s
 549906 523080 -102.93970  622  204  -87.92277 -106.76765  21.4%  21.4 8491s
 552439 524924 -102.67389  633  200  -87.92277 -106.76765  21.4%  21.4 8510s
 554349 527092 -102.27438  652  193  -87.92277 -106.76765  21.4%  21.4 8540s
 556517 529142 -102.03855  662  189  -87.92277 -106.76765  21.4%  21.5 8558s
 558567 531220 -101.69996  679  184  -87.92277 -106.76765  21.4%  21.5 8576s
 560840 533242 -101.52110  683  179  -87.92277 -106.76765  21.4%  21.5 8600s
 562972 535188 -101.20360  696  175  -87.92277 -106.76757  21.4%  21.6 8626s
 564948 535638 -100.76718  716  172  -87.92277 -106.76742  21.4%  21.6 8635s
 565398 537544 -100.62622  719  172  -87.92277 -106.76742  21.4%  21.6 8662s
 567378 537562 -100.33693  728  160  -87.92277 -106.76742  21.4%  21.6 8679s
 567400 537761 -100.31804  727  161  -87.92277 -106.76742  21.4%  21.6 8725s
 567599 537977 -100.51724  724  167  -87.92277 -106.76742  21.4%  21.6 8754s
 567856 538137 -100.46410  725  165  -87.92277 -106.76742  21.4%  21.6 8783s
 568016 538238 -100.26511  729  166  -87.92277 -106.76742  21.4%  21.6 8808s
 568117 538282 -100.36746  727  162  -87.92277 -106.76742  21.4%  21.6 8831s
 568161 539148 -100.44190  725  161  -87.92277 -106.76742  21.4%  21.6 8851s
 569027 541108 -100.38851  728  160  -87.92277 -106.76742  21.4%  21.6 8886s
 571083 542283  -99.96271  743  157  -87.92277 -106.76742  21.4%  21.6 8917s
 572448 545050  -99.77043  747  162  -87.92277 -106.76742  21.4%  21.7 8965s
 575365 547040  -99.28532  759  155  -87.92277 -106.76742  21.4%  21.7 9000s
 577509 549731  -98.83660  769  156  -87.92277 -106.76742  21.4%  21.7 9038s
 580206 552410  -98.51581  779  151  -87.92277 -106.76742  21.4%  21.7 9068s
 583085 554321  -97.61340  791  155  -87.92277 -106.76742  21.4%  21.7 9094s
 584996 555107  -96.87684  803  148  -87.92277 -106.76742  21.4%  21.7 9107s
 585798 557028  -96.57177  807  150  -87.92277 -106.76742  21.4%  21.7 9134s
 587731 559111  -96.35609  808  152  -87.92277 -106.76741  21.4%  21.7 9160s
 589878 560901  -94.08968  830  149  -87.92277 -106.76741  21.4%  21.7 9184s
 591884 562755     cutoff  841       -87.92277 -106.76740  21.4%  21.8 9217s
 593786 564535 -106.66483  116  405  -87.92277 -106.76740  21.4%  21.8 9247s
 595598 566945 -106.45239  247  310  -87.92277 -106.76740  21.4%  21.8 9276s
 598134 568259 -106.03493  375  252  -87.92277 -106.76740  21.4%  21.8 9304s
 599631 569374 -105.71956  436  234  -87.92277 -106.76740  21.4%  21.8 9325s
 600799 573659 -105.25835  500  214  -87.92277 -106.76739  21.4%  21.8 9378s
 605217 575835 -102.27422  739  154  -87.92277 -106.76739  21.4%  21.8 9419s
 607393 577955  -98.55480  886  125  -87.92277 -106.76739  21.4%  21.8 9455s
 609555 580159 -106.68409   94  426  -87.92277 -106.76739  21.4%  21.8 9493s
 611851 582123 -106.44416  259  304  -87.92277 -106.76739  21.4%  21.8 9523s
 613851 584158 -105.98024  382  248  -87.92277 -106.76737  21.4%  21.8 9556s
 616002 585939 -105.19347  504  216  -87.92277 -106.76737  21.4%  21.8 9592s
 617787 587584 -104.14637  605  191  -87.92277 -106.76736  21.4%  21.8 9624s
 619432 588533 -102.80752  695  166  -87.92277 -106.76736  21.4%  21.8 9643s
 620381 590251 -101.88789  757  159  -87.92277 -106.76736  21.4%  21.8 9672s
 622099 592368  -97.43767  886  121  -87.92277 -106.76736  21.4%  21.8 9704s
 624278 594600 -106.63204  155  367  -87.92277 -106.76736  21.4%  21.8 9732s
 626592 596626 -106.30698  321  271  -87.92277 -106.76736  21.4%  21.8 9759s
 628654 598662 -105.69281  451  227  -87.92277 -106.76736  21.4%  21.8 9785s
 630776 600424 -104.62410  571  193  -87.92277 -106.76736  21.4%  21.8 9810s
 632656 602370 -103.51390  682  172  -87.92277 -106.76736  21.4%  21.9 9840s
 634618 604218 -101.71999  788  156  -87.92277 -106.76736  21.4%  21.9 9865s
 636500 604867  -99.47288  921  126  -87.92277 -106.76736  21.4%  21.9 9876s
 637187 606510 infeasible  997       -87.92277 -106.76736  21.4%  21.9 9910s
 638856 608660 -106.70340   85  430  -87.92277 -106.76736  21.4%  21.9 9939s
 641052 610825 -106.44756  256  298  -87.92277 -106.76736  21.4%  21.9 9969s
 643273 613083 -105.90210  408  234  -87.92277 -106.76730  21.4%  22.0 9999s
 645593 613103 -104.96300  520  219  -87.92277 -106.76730  21.4%  22.0 10017s
 645613 613123 -104.96132  521  216  -87.92277 -106.76730  21.4%  22.0 10044s
 645633 613338 -104.95478  522  215  -87.92277 -106.76730  21.4%  22.0 10075s
 645848 613676 -104.95273  523  215  -87.92277 -106.76730  21.4%  22.0 10105s
 646208 613778 -104.94955  524  217  -87.92277 -106.76730  21.4%  22.0 10132s
 646310 613885 -104.93740  525  212  -87.92277 -106.76730  21.4%  22.0 10155s
 646417 614485 -104.93583  526  211  -87.92277 -106.76730  21.4%  22.0 10170s
 647017 616273 -104.51920  564  201  -87.92277 -106.76730  21.4%  22.0 10204s
 648863 618420 -103.11582  667  179  -87.92277 -106.76730  21.4%  22.0 10248s
 651129 620397 -101.26949  772  152  -87.92277 -106.76730  21.4%  22.0 10283s
 653190 622303  -99.16307  877  133  -87.92277 -106.76730  21.4%  22.0 10317s
 655096 624506  -95.38405  992  113  -87.92277 -106.76730  21.4%  22.1 10350s
 657379 626445 -106.64293  130  392  -87.92277 -106.76730  21.4%  22.1 10380s
 659429 628466 -106.39155  273  290  -87.92277 -106.76729  21.4%  22.1 10408s
 661536 630541 -105.87338  399  245  -87.92277 -106.76729  21.4%  22.1 10439s
 663617 632393 -105.14668  517  218  -87.92277 -106.76729  21.4%  22.2 10462s
 665547 634295 -104.08899  621  182  -87.92277 -106.76729  21.4%  22.2 10488s
 667636 636273 -102.54477  726  159  -87.92277 -106.76729  21.4%  22.2 10517s
 669683 638160 -100.46018  826  142  -87.92277 -106.76729  21.4%  22.2 10539s
 671665 640376  -96.42703  957  120  -87.92277 -106.76724  21.4%  22.2 10564s
 673971 642903 -106.64602  113  405  -87.92277 -106.76724  21.4%  22.3 10600s
 676686 644536 -106.25345  284  297  -87.92277 -106.76724  21.4%  22.3 10632s
 678365 646292 -105.81012  381  257  -87.92277 -106.76724  21.4%  22.3 10664s
 680123 647948 -105.19244  483  227  -87.92277 -106.76724  21.4%  22.3 10694s
 681869 649940 -104.30224  590  198  -87.92277 -106.76724  21.4%  22.3 10726s
 683973 651660 -103.02748  712  179  -87.92277 -106.76724  21.4%  22.3 10751s
 685837 653440 -101.67417  818  155  -87.92277 -106.76724  21.4%  22.3 10786s
 687668 655294  -99.97999  921  130  -87.92277 -106.76724  21.4%  22.3 10800s

Explored 689554 nodes (15405917 simplex iterations) in 10800.20 seconds (3122.10 work units)
Thread count was 20 (of 72 available processors)

Solution count 10: -87.9228 -87.7647 -87.6786 ... -83.3664

Time limit reached
Best objective -8.792277048809e+01, best bound -1.067672379668e+02, gap 21.4330%
final_gap is 0.21%
x[0]: 5.00 x[1]: -3.00 x[2]: -15.00 x[3]: -16.00 x[4]: -2.00 x[5]: -9.00 x[6]: 3.00 x[7]: -12.00 x[8]: -19.00 x[9]: -15.00 x[10]: -4.00 x[11]: 18.00 x[12]: 1.00 x[13]: 0.00 x[14]: -18.00 x[15]: -6.00 x[16]: -8.00 x[17]: -2.00 x[18]: -12.00 x[19]: -2.00 x[20]: -27.00 x[21]: 4.00 x[22]: -4.00 x[23]: -2.00 x[24]: -6.00 x[25]: -16.00 x[26]: -4.00 x[27]: -26.00 x[28]: -3.00 x[29]: -17.00 x[30]: -14.00 x[31]: 6.00 x[32]: -2.00 x[33]: 10.00 x[34]: -3.00 x[35]: -12.00 x[36]: -8.00 x[37]: -10.00 x[38]: 2.00 x[39]: -2.00 x[40]: 2.00 x[41]: 11.00 x[42]: -6.00 x[43]: -6.00 x[44]: -15.00 x[45]: 8.00 x[46]: -8.00 x[47]: -12.00 x[48]: -1.00 x[49]: -4.00 x[50]: -4.00 x[51]: -5.00 x[52]: 2.00 x[53]: 3.00 x[54]: -17.00 x[55]: -11.00 x[56]: -14.00 x[57]: 11.00 x[58]: 3.00 x[59]: 3.00 x[60]: -11.00 x[61]: 0.00 x[62]: -21.00 x[63]: 2.00 x[64]: -6.00 x[65]: -4.00 x[66]: -4.00 x[67]: -8.00 x[68]: -3.00 x[69]: -1.00 x[70]: -24.00 x[71]: 16.00 x[72]: -8.00 x[73]: -16.00 x[74]: -25.00 x[75]: -8.00 x[76]: -3.00 x[77]: -11.00 x[78]: -3.00 x[79]: -12.00 x[80]: 13.00 x[81]: -13.00 x[82]: 5.00 x[83]: -23.00 x[84]: -9.00 x[85]: -10.00 x[86]: 0.00 x[87]: 5.00 x[88]: -7.00 x[89]: -4.00 x[90]: -1.00 x[91]: -19.00 x[92]: -3.00 x[93]: -8.00 x[94]: 2.00 x[95]: -12.00 x[96]: -13.00 x[97]: -5.00 x[98]: -8.00 x[99]: -4.00 x[100]: -13.00 x[101]: -1.00 x[102]: -5.00 x[103]: -4.00 x[104]: 5.00 x[105]: -18.00 x[106]: 11.00 x[107]: -13.00 x[108]: -12.00 x[109]: -12.00 x[110]: -12.00 x[111]: 2.00 x[112]: 2.00 x[113]: -3.00 x[114]: 0.00 x[115]: -15.00 x[116]: -9.00 x[117]: 2.00 x[118]: -9.00 x[119]: -10.00 x[120]: -13.00 x[121]: 1.00 x[122]: 1.00 x[123]: -12.00 x[124]: -25.00 x[125]: -14.00 x[126]: -13.00 x[127]: -3.00 x[128]: -6.00 x[129]: -1.00 x[130]: 0.00 x[131]: 4.00 x[132]: 0.00 x[133]: -6.00 x[134]: -2.00 x[135]: -1.00 x[136]: -10.00 x[137]: -12.00 x[138]: -4.00 x[139]: -10.00 x[140]: 12.00 x[141]: -13.00 x[142]: -4.00 x[143]: -14.00 x[144]: 2.00 x[145]: -13.00 x[146]: -8.00 x[147]: -7.00 x[148]: -13.00 x[149]: 8.00 x[150]: -11.00 x[151]: -18.00 x[152]: -14.00 x[153]: -3.00 x[154]: 7.00 x[155]: -4.00 x[156]: -19.00 x[157]: -4.00 x[158]: 1.00 x[159]: -4.00 x[160]: -8.00 x[161]: -7.00 x[162]: -8.00 x[163]: 7.00 x[164]: -10.00 x[165]: -2.00 x[166]: 11.00 x[167]: -14.00 x[168]: -8.00 x[169]: -1.00 x[170]: -11.00 x[171]: -4.00 x[172]: -5.00 x[173]: -23.00 x[174]: -29.00 x[175]: -9.00 x[176]: -32.00 x[177]: -7.00 x[178]: 6.00 x[179]: -28.00 x[180]: -22.00 x[181]: -4.00 x[182]: -15.00 x[183]: -10.00 x[184]: -8.00 x[185]: -13.00 x[186]: 2.00 x[187]: -4.00 x[188]: -17.00 x[189]: 10.00 x[190]: -10.00 x[191]: -3.00 x[192]: 1.00 x[193]: -3.00 x[194]: -12.00 x[195]: -2.00 x[196]: -1.00 x[197]: -10.00 x[198]: -11.00 x[199]: -10.00 x[200]: -18.00 x[201]: -4.00 x[202]: -5.00 x[203]: 3.00 x[204]: -8.00 x[205]: 1.00 x[206]: -7.00 x[207]: -5.00 x[208]: -7.00 x[209]: 6.00 x[210]: -15.00 x[211]: 0.00 x[212]: -6.00 x[213]: 3.00 x[214]: -10.00 x[215]: -13.00 x[216]: -3.00 x[217]: -14.00 x[218]: -7.00 x[219]: -2.00 x[220]: -9.00 x[221]: 3.00 x[222]: -1.00 x[223]: 1.00 x[224]: -8.00 x[225]: -6.00 x[226]: -30.00 x[227]: 4.00 x[228]: -15.00 x[229]: -4.00 x[230]: 18.00 x[231]: -6.00 x[232]: -19.00 x[233]: 3.00 x[234]: -11.00 x[235]: 3.00 x[236]: -5.00 x[237]: -8.00 x[238]: -16.00 x[239]: -11.00 x[240]: 5.00 x[241]: 5.00 x[242]: -3.00 x[243]: 9.00 x[244]: 6.00 x[245]: 1.00 x[246]: 2.00 x[247]: -17.00 x[248]: -19.00 x[249]: -10.00 x[250]: -9.00 x[251]: -8.00 x[252]: 8.00 x[253]: -8.00 x[254]: -11.00 x[255]: 3.00 x[256]: 4.00 x[257]: -8.00 x[258]: -5.00 x[259]: -5.00 x[260]: -5.00 x[261]: -14.00 x[262]: -23.00 x[263]: -3.00 x[264]: -4.00 x[265]: -14.00 x[266]: -12.00 x[267]: -27.00 x[268]: -11.00 x[269]: 0.00 x[270]: 6.00 x[271]: -1.00 x[272]: -4.00 x[273]: 10.00 x[274]: -3.00 x[275]: -4.00 x[276]: -17.00 x[277]: 1.00 x[278]: -9.00 x[279]: 3.00 x[280]: -4.00 x[281]: -8.00 x[282]: -10.00 x[283]: -3.00 x[284]: 6.00 x[285]: -7.00 x[286]: 6.00 x[287]: -4.00 x[288]: 5.00 x[289]: 0.00 x[290]: 3.00 x[291]: 10.00 x[292]: -1.00 x[293]: -16.00 x[294]: 3.00 x[295]: 1.00 x[296]: 2.00 x[297]: -6.00 x[298]: 2.00 x[299]: 2.00 x[300]: -10.00 x[301]: -3.00 x[302]: -13.00 x[303]: 8.00 x[304]: -3.00 x[305]: -9.00 x[306]: -13.00 x[307]: -7.00 x[308]: -3.00 x[309]: -11.00 x[310]: 9.00 x[311]: -6.00 x[312]: -1.00 x[313]: 3.00 x[314]: -9.00 x[315]: -3.00 x[316]: -7.00 x[317]: -2.00 x[318]: 8.00 x[319]: -12.00 x[320]: -20.00 x[321]: -19.00 x[322]: -8.00 x[323]: 6.00 x[324]: 2.00 x[325]: -6.00 x[326]: -7.00 x[327]: -2.00 x[328]: -4.00 x[329]: 0.00 x[330]: -1.00 x[331]: 7.00 x[332]: -24.00 x[333]: -10.00 x[334]: -9.00 x[335]: -17.00 x[336]: -10.00 x[337]: -5.00 x[338]: -3.00 x[339]: -35.00 x[340]: 3.00 x[341]: 3.00 x[342]: -5.00 x[343]: -17.00 x[344]: -17.00 x[345]: -3.00 x[346]: -10.00 x[347]: -1.00 x[348]: -20.00 x[349]: 4.00 x[350]: -12.00 x[351]: -5.00 x[352]: -1.00 x[353]: -5.00 x[354]: -19.00 x[355]: -21.00 x[356]: 3.00 x[357]: 8.00 x[358]: -20.00 x[359]: -14.00 x[360]: 1.00 x[361]: 7.00 x[362]: -10.00 x[363]: -6.00 x[364]: -7.00 x[365]: -5.00 x[366]: -17.00 x[367]: -5.00 x[368]: 0.00 x[369]: -16.00 x[370]: -16.00 x[371]: -14.00 x[372]: 0.00 x[373]: -19.00 x[374]: -5.00 x[375]: -14.00 x[376]: 21.00 x[377]: 10.00 x[378]: -5.00 x[379]: -17.00 x[380]: -9.00 x[381]: -4.00 x[382]: 2.00 x[383]: -3.00 x[384]: -1.00 x[385]: -16.00 x[386]: -10.00 x[387]: 0.00 x[388]: -9.00 x[389]: -20.00 x[390]: -5.00 x[391]: 6.00 x[392]: -7.00 x[393]: -14.00 x[394]: -1.00 x[395]: 26.00 x[396]: 1.00 x[397]: -3.00 x[398]: -9.00 x[399]: -6.00 x[400]: -9.00 x[401]: 6.00 x[402]: -5.00 x[403]: -5.00 x[404]: -3.00 x[405]: -5.00 x[406]: -23.00 x[407]: -37.00 x[408]: 8.00 x[409]: -11.00 x[410]: -7.00 x[411]: 0.00 x[412]: -5.00 x[413]: 3.00 x[414]: 1.00 x[415]: -7.00 x[416]: -13.00 x[417]: -14.00 x[418]: -26.00 x[419]: -1.00 x[420]: 6.00 x[421]: -12.00 x[422]: -5.00 x[423]: 19.00 x[424]: 2.00 x[425]: -24.00 x[426]: 4.00 x[427]: -21.00 x[428]: -10.00 x[429]: -10.00 x[430]: -9.00 x[431]: 7.00 x[432]: 9.00 x[433]: 1.00 x[434]: -6.00 x[435]: -4.00 x[436]: 8.00 x[437]: -7.00 x[438]: 7.00 x[439]: 6.00 x[440]: -5.00 x[441]: -5.00 x[442]: -7.00 x[443]: 1.00 x[444]: -2.00 x[445]: -34.00 x[446]: 9.00 x[447]: -14.00 x[448]: -4.00 x[449]: -5.00 x[450]: -4.00 x[451]: -2.00 x[452]: -3.00 x[453]: -22.00 x[454]: -9.00 x[455]: -4.00 x[456]: 0.00 x[457]: -10.00 x[458]: -4.00 x[459]: 0.00 x[460]: 1.00 x[461]: -17.00 x[462]: -7.00 x[463]: -16.00 x[464]: -5.00 x[465]: -13.00 x[466]: 17.00 x[467]: 1.00 x[468]: -17.00 x[469]: -9.00 x[470]: -12.00 x[471]: -1.00 x[472]: -24.00 x[473]: -15.00 x[474]: -7.00 x[475]: -8.00 x[476]: -19.00 x[477]: -5.00 x[478]: 5.00 x[479]: -11.00 x[480]: -9.00 x[481]: -4.00 x[482]: -4.00 x[483]: -17.00 x[484]: 12.00 x[485]: 3.00 x[486]: -16.00 x[487]: -4.00 x[488]: -5.00 x[489]: 1.00 x[490]: 11.00 x[491]: -6.00 x[492]: -12.00 x[493]: 2.00 x[494]: -4.00 x[495]: -5.00 x[496]: -16.00 x[497]: 5.00 x[498]: -5.00 x[499]: -30.00
Objective Value: -87.92
Elapsed Time: 10800.2077 sec

无可行解，所有约束违规量为零
输出违反约束的量

 60%|██████    | 3/5 [9:00:09<6:00:06, 10803.21s/it][0. 0. 0. 0. 0. 0. 0. 0. 0. 0. 0. 0. 0. 0. 0. 0. 0. 0. 0. 0. 0. 0. 0. 0.
 0. 0. 0. 0. 0. 0. 0. 0. 0. 0. 0. 0. 0. 0. 0. 0. 0. 0. 0. 0. 0. 0. 0. 0.
 0. 0. 0. 0. 0. 0. 0. 0. 0. 0. 0. 0. 0. 0. 0. 0. 0. 0. 0. 0. 0. 0. 0. 0.
 0. 0. 0. 0. 0. 0. 0. 0. 0. 0. 0. 0. 0. 0. 0. 0. 0. 0. 0. 0. 0. 0. 0. 0.
 0. 0. 0. 0. 0. 0. 0. 0. 0. 0. 0. 0. 0. 0. 0. 0. 0. 0. 0. 0. 0. 0. 0. 0.
 0. 0. 0. 0. 0. 0. 0. 0. 0. 0. 0. 0. 0. 0. 0. 0. 0. 0. 0. 0. 0. 0. 0. 0.
 0. 0. 0. 0. 0. 0. 0. 0. 0. 0. 0. 0. 0. 0. 0. 0. 0. 0. 0. 0. 0. 0. 0. 0.
 0. 0. 0. 0. 0. 0. 0. 0. 0. 0. 0. 0. 0. 0. 0. 0. 0. 0. 0. 0. 0. 0. 0. 0.
 0. 0. 0. 0. 0. 0. 0. 0. 0. 0. 0. 0. 0. 0. 0. 0. 0. 0. 0. 0. 0. 0. 0. 0.
 0. 0. 0. 0. 0. 0. 0. 0. 0. 0. 0. 0. 0. 0. 0. 0. 0. 0. 0. 0. 0. 0. 0. 0.
 0. 0. 0. 0. 0. 0. 0. 0. 0. 0. 0. 0. 0. 0. 0. 0. 0. 0. 0. 0. 0. 0. 0. 0.
 0. 0. 0. 0. 0. 0. 0. 0. 0. 0. 0. 0. 0. 0. 0. 0. 0. 0. 0. 0. 0. 0. 0. 0.
 0. 0. 0. 0. 0. 0. 0. 0. 0. 0. 0. 0. 0. 0. 0. 0. 0. 0. 0. 0. 0. 0. 0. 0.
 0. 0. 0. 0. 0. 0. 0. 0. 0. 0. 0. 0. 0. 0. 0. 0. 0. 0. 0. 0. 0. 0. 0. 0.
 0. 0. 0. 0. 0. 0. 0. 0. 0. 0. 0. 0. 0. 0. 0. 0. 0. 0. 0. 0. 0. 0. 0. 0.
 0. 0. 0. 0. 0. 0. 0. 0. 0. 0. 0. 0. 0. 0. 0. 0. 0. 0. 0. 0. 0. 0. 0. 0.
 0. 0. 0. 0. 0. 0. 0. 0. 0. 0. 0. 0. 0. 0. 0. 0. 0. 0. 0. 0. 0. 0. 0. 0.
 0. 0. 0. 0. 0. 0. 0. 0. 0. 0. 0. 0. 0. 0. 0. 0. 0. 0. 0. 0. 0. 0. 0. 0.
 0. 0. 0. 0. 0. 0. 0. 0. 0. 0. 0. 0. 0. 0. 0. 0. 0. 0. 0. 0. 0. 0. 0. 0.
 0. 0. 0. 0. 0. 0. 0. 0. 0. 0. 0. 0. 0. 0. 0. 0. 0. 0. 0. 0. 0. 0. 0. 0.
 0. 0. 0. 0. 0. 0. 0. 0. 0. 0. 0. 0. 0. 0. 0. 0. 0. 0. 0. 0.]
约束的个数: 500
Gurobi model disposed.
此时传入模型的b
[-0.8691548   0.01184473 -0.09838677  0.6940305   0.950274    0.06272579
 -0.37292242 -0.8432822  -0.2636502   0.82059705  0.11432894  0.07379035
 -0.10510532 -0.2422651   0.17769288 -0.38197148 -0.22354434 -0.29345384
  0.3976794  -0.88924605 -0.8117031  -0.4070068   0.41991094  0.5908762
 -0.36682788 -0.11198824  0.7724718   0.79386127 -0.50858     0.89150685
 -0.8487433   0.8355836  -0.91580534 -0.43236753 -0.5581194   0.8482038
  0.05324153 -0.2448648   0.07319643 -0.95828456  0.49508026 -0.15478672
 -0.44191384  0.30837598 -0.8263841   0.9448429  -0.10841049  0.57856154
 -0.36326602  0.23641773 -0.0399656  -0.05943566 -0.18734388 -0.4506468
  0.41994724 -0.60914123  0.8113901  -0.92134863 -0.5596841  -0.6568916
  0.1925678  -0.68006015  0.3118258  -0.7972738  -0.8852651   0.99537826
 -0.41036788 -0.52427465 -0.76512307  0.14820895 -0.44009486 -0.5990294
 -0.19288261 -0.4085841   0.6319974  -0.07969488 -0.38757756 -0.43465197
  0.9278907   0.18637739 -0.24916962  0.8600138  -0.0380474   0.07849175
  0.59700716  0.83861244  0.5620414   0.23698944  0.67650676 -0.9119419
  0.2324952   0.69011694  0.12241931  0.56812125 -0.1419156  -0.29574946
  0.02556083  0.23940209 -0.95608467  0.9643555   0.9956663  -0.80412126
 -0.03715535  0.23262987 -0.82778716  0.08477607  0.9205694  -0.99189204
  0.70008934 -0.3500627  -0.28492025  0.42740923 -0.11986477 -0.98079807
  0.6008476  -0.60925144 -0.03406772  0.7767169  -0.17411314 -0.29957864
 -0.8665612   0.52505165 -0.75608563  0.03385266  0.5986166   0.6050609
 -0.9686036   0.74957937 -0.25098234  0.30686784 -0.46246913 -0.33445945
 -0.46657512 -0.7463675  -0.50759315 -0.9117148  -0.4378622  -0.68414086
  0.7907318   0.15160179  0.28025395  0.6681998   0.13664915  0.06754844
 -0.00786583 -0.886174   -0.35746074  0.77667767 -0.37335268  0.04893306
  0.5558592  -0.2587619   0.699609    0.18449172  0.16687568  0.861111
 -0.3916314   0.06017439  0.6162837   0.55723125  0.06851748 -0.8302937
 -0.9695095  -0.40454254 -0.57900965  0.3893752  -0.06614142  0.87863404
  0.4149032   0.22831425 -0.93031317 -0.39808655 -0.40139383  0.7384463
  0.40304545  0.3119212  -0.2881407  -0.01771583  0.6501678   0.6721741
 -0.08369134  0.80644614  0.12676483 -0.17117213  0.829943    0.04899481
  0.4004487  -0.6037427   0.4404921  -0.1443661  -0.5428132  -0.3659642
 -0.86204296 -0.85216403  0.3340245   0.6121561   0.5825066   0.28600708
 -0.0745183  -0.04325235 -0.7001652  -0.8682299   0.39760026  0.5658669
  0.17465137 -0.98529744  0.34978846 -0.05069493  0.26180756 -0.5586691
  0.7146805   0.97448176 -0.12269345 -0.21201314 -0.24610694 -0.01156928
  0.70073    -0.39773953  0.23473305 -0.37864813  0.34219778  0.5610876
 -0.2993636   0.86372435 -0.01020701 -0.28095412 -0.6362132  -0.70814306
 -0.19319476  0.91219175 -0.9182592   0.7134459   0.8276981   0.6824543
 -0.617523    0.7413578  -0.45785263 -0.2726916  -0.38513458 -0.3143774
 -0.5803257  -0.706513    0.22199039 -0.35986614 -0.00821583  0.09766485
  0.5604484  -0.4834289   0.79326296 -0.39979756 -0.50921583 -0.5472735
 -0.52187294  0.1499658  -0.36351916  0.5215493   0.9680875  -0.1675999
 -0.30727786  0.93592286 -0.38674673  0.58294415  0.78814006  0.68295115
 -0.61167866 -0.28781357  0.26970494 -0.7678606  -0.13583499  0.4013709
 -0.88473064 -0.6330903   0.52314323 -0.70056736 -0.83036375 -0.45497832
 -0.22189577 -0.3912406  -0.49855536 -0.81257534 -0.51228434 -0.49747613
  0.6521881   0.37413958  0.41387075 -0.37062407  0.20260248 -0.7166371
 -0.8029307   0.8089588   0.09033247 -0.5385529  -0.88633317 -0.5506623
 -0.33900148 -0.17017172  0.9222666  -0.2193982  -0.9643392  -0.60057986
 -0.18628062  0.33133692  0.5420413   0.20927368 -0.93204194  0.26901093
 -0.31328595 -0.84451383  0.35270402  0.28385335 -0.7336289   0.1697107
  0.43718323 -0.66025275  0.7505445  -0.20205441 -0.1375143  -0.7749652
  0.34425518 -0.34653375  0.47559217 -0.74150896 -0.7336554  -0.52864665
 -0.32729504 -0.91823417  0.94907284  0.04084691  0.9011994  -0.19547728
  0.8305586  -0.4984237   0.7654037  -0.41875827 -0.5572925   0.29482576
 -0.79874885 -0.55124855 -0.29246742 -0.5401296  -0.76672435  0.90991914
  0.8431528  -0.9392528   0.00357792  0.8767631   0.92742836  0.77033293
  0.76950026 -0.2882231  -0.01084622 -0.5509459   0.862049   -0.16636322
  0.09829593 -0.79183227 -0.79622513 -0.18811983  0.885532   -0.38628718
  0.568161   -0.55546683  0.21868455 -0.33439934 -0.00913283  0.11885042
 -0.56103396  0.6519071   0.17340444 -0.26148435 -0.31094176 -0.5640768
 -0.386316    0.9771212   0.9973977   0.3949822  -0.3553526   0.20802337
  0.2866019  -0.03516487  0.8904456  -0.04712737  0.2422055   0.13187438
  0.21582805 -0.5078586  -0.44078517 -0.5549841   0.49031064 -0.0836747
  0.75587773 -0.3332675   0.18129471 -0.49369207  0.48353362  0.2554603
  0.09836762  0.7325603  -0.15308236  0.14368838 -0.4071844  -0.7420687
  0.28269792 -0.21512616 -0.31630543  0.29711837 -0.00357474  0.9947889
  0.49455848  0.58257097 -0.0110667   0.87689114  0.02558728 -0.3318449
  0.56760925  0.5701032   0.46195224 -0.16466554  0.6580536  -0.38901198
  0.33383986  0.41265088  0.8526399  -0.6701472   0.9512957   0.4849526
 -0.11126415 -0.06348085 -0.877398   -0.37890294 -0.55540705 -0.7470051
 -0.83185506  0.6441469   0.8890779  -0.10063883 -0.4403542  -0.8696941
  0.72899127  0.43687767  0.262095    0.8351415   0.02990482  0.23341775
  0.470456    0.55688363  0.24417163  0.50381833 -0.5919328   0.51537377
  0.36321512  0.3110812  -0.47552565  0.14868109  0.14283194  0.02500523
  0.64232695  0.8133342  -0.7175259   0.83784616  0.90084666  0.8118428
 -0.8126743  -0.80686164  0.3684218  -0.9902616  -0.6547041   0.7991998
  0.3187062   0.35761485  0.8575311  -0.52155393  0.90376514  0.5710483
 -0.99021685  0.2715232   0.04341204  0.76547515  0.6591527   0.16393568
  0.2016703   0.28856903 -0.37710488 -0.8984104  -0.5612386  -0.3165712
  0.42023826 -0.43489224 -0.02794279 -0.36967665  0.3118335  -0.04233528
  0.83129907  0.34823966  0.41987073  0.29231495  0.76042813 -0.920676
  0.9892808  -0.02738352]
======================================================
Solve MINLP problem:
[[0.00294665 0.         0.         ... 0.         0.         0.        ]
 [0.         0.00530587 0.         ... 0.         0.         0.        ]
 [0.         0.         0.00191521 ... 0.         0.         0.        ]
 ...
 [0.         0.         0.         ... 0.00036931 0.         0.        ]
 [0.         0.         0.         ... 0.         0.00864608 0.        ]
 [0.         0.         0.         ... 0.         0.         0.0002159 ]]
[0.00133922 0.08177239 0.02510362 0.05407345 0.0584661  0.06953505
 0.0572123  0.03969068 0.0244073  0.07791699 0.04997084 0.01213402
 0.06808288 0.0112906  0.03857721 0.06185987 0.07575615 0.04951519
 0.05330309 0.06762374 0.08010294 0.02096921 0.02583031 0.02608824
 0.05500534 0.08229287 0.01873222 0.06601226 0.01353801 0.02233934
 0.06650325 0.01563992 0.01025159 0.05748777 0.0352567  0.08438829
 0.03763755 0.02197414 0.04864225 0.09976746 0.00181751 0.00729885
 0.08754292 0.03216953 0.02603403 0.05598473 0.05248588 0.04908028
 0.04183061 0.05945832 0.04630717 0.06185976 0.02284373 0.01333738
 0.07422781 0.0538897  0.06085712 0.0611719  0.07460422 0.0845935
 0.00725107 0.04313434 0.04728378 0.06317844 0.06107105 0.0358849
 0.03265345 0.00307268 0.03492641 0.00220235 0.07327128 0.0157121
 0.02361114 0.05673034 0.09645324 0.05110158 0.06613662 0.02328464
 0.07959891 0.09027635 0.06257487 0.08225257 0.01248787 0.08656734
 0.02557825 0.02754175 0.03855789 0.08877995 0.03626134 0.00023315
 0.00387181 0.04408163 0.03452555 0.09239139 0.06734281 0.01021451
 0.05867741 0.0515583  0.06876298 0.03105892 0.05197503 0.0049388
 0.06264219 0.08953422 0.05860403 0.07815534 0.03476151 0.00306742
 0.08422802 0.00581519 0.0843923  0.00774878 0.0132233  0.09230754
 0.04921892 0.04722613 0.08399801 0.06804495 0.07964862 0.07986401
 0.06359439 0.04765696 0.05138381 0.03877611 0.05708265 0.02026126
 0.09548149 0.02687087 0.02772522 0.07923771 0.03475723 0.03359557
 0.00400404 0.09081151 0.02953911 0.04516075 0.04593805 0.07474501
 0.00706981 0.07728628 0.04100942 0.07414747 0.05794287 0.09270067
 0.00499511 0.06015323 0.04723491 0.07328196 0.08622323 0.07708847
 0.00772451 0.04070049 0.05042961 0.02967686 0.04229219 0.01438626
 0.07556076 0.06884494 0.03621866 0.09768255 0.07451063 0.08162189
 0.03265578 0.00066749 0.03712253 0.07146835 0.02995036 0.08405409
 0.03584627 0.07842178 0.06781245 0.02518036 0.06832849 0.07154936
 0.09606445 0.08637938 0.08172043 0.02333243 0.05890263 0.07351509
 0.09244427 0.07091198 0.07420116 0.06281726 0.03615584 0.08071931
 0.05708791 0.03514295 0.04337441 0.02101509 0.0636107  0.03513254
 0.03402702 0.02087314 0.07591831 0.07796393 0.0382953  0.03873887
 0.08548603 0.09315812 0.07185882 0.06257971 0.07543251 0.08081806
 0.06399422 0.04348634 0.06746841 0.03374991 0.01661944 0.02442329
 0.00567911 0.0475542  0.08633873 0.05100447 0.06934462 0.08680323
 0.09878164 0.08082736 0.09100773 0.09516713 0.09612457 0.03745898
 0.04359444 0.05694872 0.04626932 0.09445095 0.0836615  0.0013266
 0.0441172  0.05260435 0.06512218 0.09733626 0.0528653  0.02258527
 0.07674533 0.00949805 0.01788375 0.06693704 0.08226266 0.01638301
 0.01801214 0.0003151  0.05238591 0.05562263 0.069318   0.04074037
 0.00111452 0.05069197 0.09800315 0.04777785 0.02962359 0.05721144
 0.08420964 0.05887146 0.08433907 0.0409551  0.01031315 0.05571807
 0.03922759 0.07541025 0.09809351 0.09857075 0.09086422 0.03109582
 0.08274066 0.08056854 0.05166704 0.07578351 0.04382434 0.01477322
 0.01130025 0.03397862 0.0440002  0.00382547 0.0405858  0.05992139
 0.07180629 0.03076267 0.05439422 0.05595874 0.06127391 0.06153024
 0.04960326 0.08374212 0.01123874 0.05504487 0.05397648 0.00527283
 0.0132057  0.01910609 0.00592752 0.09450579 0.06426141 0.03605839
 0.06962132 0.04120773 0.07159304 0.04223442 0.08767316 0.08335783
 0.0442676  0.05137423 0.0191519  0.03084932 0.05612969 0.08326521
 0.09981613 0.04975683 0.00667542 0.09734665 0.06632399 0.0095614
 0.03448687 0.02514818 0.03820351 0.07851758 0.0562359  0.0322804
 0.02424905 0.05365921 0.05166194 0.00103395 0.05248943 0.03413897
 0.00321797 0.0135666  0.05104997 0.03297562 0.09515222 0.02353217
 0.08770565 0.05819153 0.07880408 0.06048169 0.08510414 0.07834791
 0.09723876 0.08982619 0.00141041 0.06491263 0.08322218 0.07945705
 0.06314119 0.07815998 0.09043522 0.00194805 0.09838504 0.00719455
 0.09940301 0.01675928 0.05358797 0.09972834 0.05633487 0.02203558
 0.04122514 0.05621719 0.02949358 0.00323306 0.045841   0.0864933
 0.0861266  0.02458368 0.05032549 0.05070931 0.04436682 0.00033209
 0.05000338 0.04556979 0.04066138 0.05734781 0.07779707 0.07503536
 0.03979888 0.05546754 0.0510734  0.07288759 0.0038776  0.09143401
 0.00533113 0.0631238  0.0822524  0.04454337 0.03013635 0.04701835
 0.03351121 0.04578329 0.09128481 0.06656726 0.03954722 0.03178628
 0.04299563 0.00019806 0.09570965 0.06161056 0.02724723 0.05609425
 0.04883717 0.02848462 0.02782634 0.05688568 0.02571337 0.0311811
 0.00272871 0.04378882 0.08420307 0.07772633 0.05852183 0.08166751
 0.00029335 0.07850384 0.09362274 0.05035981 0.0552622  0.00116196
 0.02389757 0.06385213 0.06298134 0.06436209 0.06114441 0.0239408
 0.01367103 0.02360204 0.02809949 0.04488965 0.07335366 0.06448454
 0.00896222 0.04484223 0.00286915 0.07755604 0.04794993 0.01262589
 0.0178823  0.05907873 0.00489121 0.01276896 0.02016645 0.05318037
 0.01977345 0.04140443 0.04665961 0.041359   0.05992908 0.0777708
 0.061222   0.07758379 0.02049927 0.06980975 0.00542676 0.01413459
 0.00570196 0.01199475 0.03469513 0.07083954 0.0605495  0.05667881
 0.02657863 0.07266255 0.00528351 0.00801001 0.03527261 0.09968004
 0.03065466 0.07958693 0.05965904 0.07281371 0.00461331 0.02969448
 0.05310453 0.00169754 0.02180899 0.04461533 0.05286625 0.04501398
 0.06021779 0.08571979 0.04486718 0.05069914 0.00407421 0.07037332
 0.06241258 0.01858998 0.03386769 0.01501927 0.01143804 0.01308397
 0.07770566 0.00100339 0.08206587 0.09505336 0.05697101 0.07545044
 0.07674267 0.00739541 0.07841799 0.01024942 0.02098656 0.01792223
 0.01914838 0.03251976]
[[-0.05174188  0.09723156 -0.02041709 ...  0.20673279 -0.0414435
   0.0362385 ]
 [ 0.03663959 -0.19775092  0.05117836 ...  0.06210294  0.14739006
   0.04037151]
 [ 0.08735605 -0.10103314  0.03549017 ... -0.00663709  0.05049992
  -0.04427324]
 ...
 [-0.12178913  0.00677205  0.09318566 ...  0.1984211  -0.09827667
  -0.03660177]
 [ 0.03619071 -0.08138609  0.12245426 ...  0.09280058 -0.24994393
   0.13769932]
 [ 0.12697229  0.13147694  0.10654318 ...  0.02334976  0.05295595
   0.03927171]]
此时输入模型的b
[-0.8691548, 0.011844729, -0.09838677, 0.6940305, 0.950274, 0.06272579, -0.37292242, -0.8432822, -0.2636502, 0.82059705, 0.114328936, 0.07379035, -0.10510532, -0.2422651, 0.17769288, -0.38197148, -0.22354434, -0.29345384, 0.3976794, -0.88924605, -0.8117031, -0.4070068, 0.41991094, 0.5908762, -0.36682788, -0.11198824, 0.7724718, 0.79386127, -0.50858, 0.89150685, -0.8487433, 0.8355836, -0.91580534, -0.43236753, -0.5581194, 0.8482038, 0.053241532, -0.2448648, 0.073196426, -0.95828456, 0.49508026, -0.15478672, -0.44191384, 0.30837598, -0.8263841, 0.9448429, -0.10841049, 0.57856154, -0.36326602, 0.23641773, -0.039965604, -0.05943566, -0.18734388, -0.4506468, 0.41994724, -0.60914123, 0.8113901, -0.92134863, -0.5596841, -0.6568916, 0.1925678, -0.68006015, 0.3118258, -0.7972738, -0.8852651, 0.99537826, -0.41036788, -0.52427465, -0.76512307, 0.14820895, -0.44009486, -0.5990294, -0.19288261, -0.4085841, 0.6319974, -0.07969488, -0.38757756, -0.43465197, 0.9278907, 0.18637739, -0.24916962, 0.8600138, -0.038047396, 0.078491755, 0.59700716, 0.83861244, 0.5620414, 0.23698944, 0.67650676, -0.9119419, 0.2324952, 0.69011694, 0.122419305, 0.56812125, -0.1419156, -0.29574946, 0.025560828, 0.23940209, -0.95608467, 0.9643555, 0.9956663, -0.80412126, -0.037155345, 0.23262987, -0.82778716, 0.08477607, 0.9205694, -0.99189204, 0.70008934, -0.3500627, -0.28492025, 0.42740923, -0.11986477, -0.98079807, 0.6008476, -0.60925144, -0.034067724, 0.7767169, -0.17411314, -0.29957864, -0.8665612, 0.52505165, -0.75608563, 0.033852655, 0.5986166, 0.6050609, -0.9686036, 0.74957937, -0.25098234, 0.30686784, -0.46246913, -0.33445945, -0.46657512, -0.7463675, -0.50759315, -0.9117148, -0.4378622, -0.68414086, 0.7907318, 0.15160179, 0.28025395, 0.6681998, 0.13664915, 0.06754844, -0.007865826, -0.886174, -0.35746074, 0.77667767, -0.37335268, 0.048933055, 0.5558592, -0.2587619, 0.699609, 0.18449172, 0.16687568, 0.861111, -0.3916314, 0.060174394, 0.6162837, 0.55723125, 0.06851748, -0.8302937, -0.9695095, -0.40454254, -0.57900965, 0.3893752, -0.06614142, 0.87863404, 0.4149032, 0.22831425, -0.93031317, -0.39808655, -0.40139383, 0.7384463, 0.40304545, 0.3119212, -0.2881407, -0.017715828, 0.6501678, 0.6721741, -0.08369134, 0.80644614, 0.12676483, -0.17117213, 0.829943, 0.048994806, 0.4004487, -0.6037427, 0.4404921, -0.1443661, -0.5428132, -0.3659642, -0.86204296, -0.85216403, 0.3340245, 0.6121561, 0.5825066, 0.28600708, -0.0745183, -0.043252345, -0.7001652, -0.8682299, 0.39760026, 0.5658669, 0.17465137, -0.98529744, 0.34978846, -0.05069493, 0.26180756, -0.5586691, 0.7146805, 0.97448176, -0.12269345, -0.21201314, -0.24610694, -0.011569284, 0.70073, -0.39773953, 0.23473305, -0.37864813, 0.34219778, 0.5610876, -0.2993636, 0.86372435, -0.010207014, -0.28095412, -0.6362132, -0.70814306, -0.19319476, 0.91219175, -0.9182592, 0.7134459, 0.8276981, 0.6824543, -0.617523, 0.7413578, -0.45785263, -0.2726916, -0.38513458, -0.3143774, -0.5803257, -0.706513, 0.22199039, -0.35986614, -0.008215828, 0.09766485, 0.5604484, -0.4834289, 0.79326296, -0.39979756, -0.50921583, -0.5472735, -0.52187294, 0.1499658, -0.36351916, 0.5215493, 0.9680875, -0.1675999, -0.30727786, 0.93592286, -0.38674673, 0.58294415, 0.78814006, 0.68295115, -0.61167866, -0.28781357, 0.26970494, -0.7678606, -0.13583499, 0.4013709, -0.88473064, -0.6330903, 0.52314323, -0.70056736, -0.83036375, -0.45497832, -0.22189577, -0.3912406, -0.49855536, -0.81257534, -0.51228434, -0.49747613, 0.6521881, 0.37413958, 0.41387075, -0.37062407, 0.20260248, -0.7166371, -0.8029307, 0.8089588, 0.09033247, -0.5385529, -0.88633317, -0.5506623, -0.33900148, -0.17017172, 0.9222666, -0.2193982, -0.9643392, -0.60057986, -0.18628062, 0.33133692, 0.5420413, 0.20927368, -0.93204194, 0.26901093, -0.31328595, -0.84451383, 0.35270402, 0.28385335, -0.7336289, 0.1697107, 0.43718323, -0.66025275, 0.7505445, -0.20205441, -0.1375143, -0.7749652, 0.34425518, -0.34653375, 0.47559217, -0.74150896, -0.7336554, -0.52864665, -0.32729504, -0.91823417, 0.94907284, 0.040846907, 0.9011994, -0.19547728, 0.8305586, -0.4984237, 0.7654037, -0.41875827, -0.5572925, 0.29482576, -0.79874885, -0.55124855, -0.29246742, -0.5401296, -0.76672435, 0.90991914, 0.8431528, -0.9392528, 0.0035779176, 0.8767631, 0.92742836, 0.77033293, 0.76950026, -0.2882231, -0.010846215, -0.5509459, 0.862049, -0.16636322, 0.09829593, -0.79183227, -0.79622513, -0.18811983, 0.885532, -0.38628718, 0.568161, -0.55546683, 0.21868455, -0.33439934, -0.009132834, 0.118850425, -0.56103396, 0.6519071, 0.17340444, -0.26148435, -0.31094176, -0.5640768, -0.386316, 0.9771212, 0.9973977, 0.3949822, -0.3553526, 0.20802337, 0.2866019, -0.03516487, 0.8904456, -0.047127366, 0.2422055, 0.13187438, 0.21582805, -0.5078586, -0.44078517, -0.5549841, 0.49031064, -0.0836747, 0.75587773, -0.3332675, 0.18129471, -0.49369207, 0.48353362, 0.2554603, 0.098367624, 0.7325603, -0.15308236, 0.14368838, -0.4071844, -0.7420687, 0.28269792, -0.21512616, -0.31630543, 0.29711837, -0.0035747387, 0.9947889, 0.49455848, 0.58257097, -0.0110666985, 0.87689114, 0.02558728, -0.3318449, 0.56760925, 0.5701032, 0.46195224, -0.16466554, 0.6580536, -0.38901198, 0.33383986, 0.41265088, 0.8526399, -0.6701472, 0.9512957, 0.4849526, -0.111264154, -0.06348085, -0.877398, -0.37890294, -0.55540705, -0.7470051, -0.83185506, 0.6441469, 0.8890779, -0.10063883, -0.4403542, -0.8696941, 0.72899127, 0.43687767, 0.262095, 0.8351415, 0.029904822, 0.23341775, 0.470456, 0.55688363, 0.24417163, 0.50381833, -0.5919328, 0.51537377, 0.36321512, 0.3110812, -0.47552565, 0.14868109, 0.14283194, 0.025005233, 0.64232695, 0.8133342, -0.7175259, 0.83784616, 0.90084666, 0.8118428, -0.8126743, -0.80686164, 0.3684218, -0.9902616, -0.6547041, 0.7991998, 0.3187062, 0.35761485, 0.8575311, -0.52155393, 0.90376514, 0.5710483, -0.99021685, 0.2715232, 0.04341204, 0.76547515, 0.6591527, 0.16393568, 0.2016703, 0.28856903, -0.37710488, -0.8984104, -0.5612386, -0.3165712, 0.42023826, -0.43489224, -0.02794279, -0.36967665, 0.3118335, -0.04233528, 0.83129907, 0.34823966, 0.41987073, 0.29231495, 0.76042813, -0.920676, 0.9892808, -0.02738352]
已作为Gurobi初始解
此时传入求解器的初始解为：
[7.0, -2.0, -15.0, -10.0, -2.0, -10.0, 3.0, -13.0, -18.0, -11.0, -3.0, 21.0, 4.0, 0.0, -13.0, -1.0, -6.0, 0.0, -9.0, -1.0, -26.0, 4.0, -1.0, 0.0, -5.0, -15.0, -4.0, -25.0, -5.0, -18.0, -14.0, 7.0, 1.0, 12.0, -2.0, -12.0, -8.0, -9.0, 2.0, -1.0, 3.0, 13.0, -6.0, -6.0, -15.0, 8.0, -7.0, -11.0, -1.0, -3.0, -4.0, -3.0, 4.0, 2.0, -16.0, -11.0, -11.0, 12.0, 4.0, 4.0, -11.0, 1.0, -20.0, 4.0, -5.0, -4.0, -2.0, -8.0, 0.0, -1.0, -21.0, 17.0, -10.0, -17.0, -24.0, -7.0, -2.0, -12.0, -2.0, -11.0, 15.0, -10.0, 6.0, -22.0, -10.0, -11.0, 1.0, 7.0, -7.0, -4.0, -1.0, -18.0, -2.0, -6.0, 2.0, -11.0, -14.0, -4.0, -8.0, -4.0, -14.0, 0.0, -5.0, -2.0, 5.0, -18.0, 12.0, -14.0, -10.0, -12.0, -12.0, 3.0, 2.0, -1.0, 2.0, -16.0, -8.0, 3.0, -8.0, -10.0, -13.0, 3.0, 2.0, -12.0, -24.0, -14.0, -13.0, -4.0, -6.0, -1.0, 0.0, 4.0, 0.0, -7.0, -1.0, 0.0, -13.0, -13.0, -6.0, -9.0, 13.0, -12.0, -4.0, -12.0, 3.0, -12.0, -8.0, -7.0, -11.0, 8.0, -10.0, -16.0, -14.0, -1.0, 7.0, -5.0, -18.0, -5.0, 2.0, -4.0, -7.0, -5.0, -9.0, 8.0, -8.0, -1.0, 11.0, -14.0, -8.0, -1.0, -8.0, -3.0, -4.0, -24.0, -29.0, -10.0, -32.0, -7.0, 6.0, -25.0, -20.0, -5.0, -14.0, -9.0, -9.0, -13.0, 4.0, -4.0, -17.0, 10.0, -9.0, -1.0, 2.0, -4.0, -11.0, -2.0, -1.0, -10.0, -10.0, -9.0, -18.0, -3.0, -5.0, 4.0, -7.0, 1.0, -6.0, -5.0, -7.0, 6.0, -15.0, 0.0, -6.0, 3.0, -10.0, -11.0, -3.0, -14.0, -7.0, -2.0, -9.0, 3.0, -1.0, 1.0, -7.0, -6.0, -28.0, 4.0, -14.0, -4.0, 18.0, -6.0, -19.0, 3.0, -11.0, 3.0, -4.0, -8.0, -16.0, -9.0, 5.0, 7.0, -3.0, 10.0, 6.0, 2.0, 2.0, -17.0, -19.0, -10.0, -9.0, -7.0, 9.0, -8.0, -10.0, 3.0, 5.0, -7.0, -6.0, -4.0, -6.0, -14.0, -22.0, -3.0, -4.0, -14.0, -11.0, -27.0, -11.0, 0.0, 5.0, -1.0, -4.0, 10.0, -3.0, -4.0, -16.0, 1.0, -9.0, 4.0, -3.0, -7.0, -10.0, -3.0, 7.0, -7.0, 6.0, -4.0, 5.0, 0.0, 3.0, 10.0, -1.0, -16.0, 3.0, 1.0, 3.0, -6.0, 3.0, 2.0, -9.0, 0.0, -13.0, 8.0, -3.0, -8.0, -13.0, -7.0, -4.0, -11.0, 9.0, -5.0, 0.0, 3.0, -8.0, -2.0, -8.0, -2.0, 8.0, -12.0, -20.0, -19.0, -8.0, 6.0, 1.0, -8.0, -7.0, -2.0, -2.0, 1.0, 0.0, 7.0, -21.0, -9.0, -9.0, -16.0, -10.0, -4.0, -3.0, -34.0, 3.0, 4.0, -5.0, -16.0, -16.0, -3.0, -10.0, 0.0, -20.0, 4.0, -14.0, -5.0, -1.0, -7.0, -20.0, -22.0, 4.0, 8.0, -20.0, -14.0, 2.0, 7.0, -10.0, -5.0, -3.0, -5.0, -15.0, -4.0, 0.0, -16.0, -16.0, -13.0, -2.0, -18.0, -5.0, -14.0, 22.0, 11.0, -5.0, -18.0, -6.0, -3.0, 2.0, -2.0, 0.0, -16.0, -9.0, 0.0, -9.0, -20.0, -5.0, 6.0, -7.0, -13.0, 0.0, 26.0, 1.0, -4.0, -8.0, -6.0, -8.0, 6.0, -7.0, -5.0, -1.0, -5.0, -22.0, -36.0, 8.0, -11.0, -7.0, 0.0, -4.0, 4.0, 1.0, -6.0, -12.0, -13.0, -24.0, -1.0, 6.0, -12.0, -3.0, 19.0, 2.0, -24.0, 4.0, -20.0, -9.0, -10.0, -9.0, 7.0, 9.0, 2.0, -7.0, -6.0, 8.0, -7.0, 8.0, 6.0, -5.0, -5.0, -8.0, 2.0, -2.0, -34.0, 9.0, -14.0, -4.0, -6.0, -4.0, -1.0, -3.0, -22.0, -8.0, -4.0, 0.0, -11.0, -4.0, 1.0, 2.0, -15.0, -7.0, -16.0, -5.0, -13.0, 17.0, 2.0, -16.0, -9.0, -12.0, -1.0, -23.0, -16.0, -7.0, -8.0, -18.0, -4.0, 5.0, -11.0, -10.0, -5.0, -5.0, -17.0, 12.0, 3.0, -16.0, -5.0, -4.0, 1.0, 10.0, -6.0, -10.0, 2.0, -3.0, -6.0, -16.0, 5.0, -5.0, -29.0]
======================================================
Solve MINLP problem:
初始化solution
初始解违反约束的程度是
(array([0, 0, 0, 0, 0, 0, 0, 0, 0, 0, 0, 0, 0, 0, 0, 0, 0, 0, 0, 0, 0, 0,
       0, 0, 0, 0, 0, 0, 0, 0, 0, 0, 0, 0, 0, 0, 0, 0, 0, 0, 0, 0, 0, 0,
       0, 0, 0, 0, 0, 0, 0, 0, 0, 0, 0, 0, 0, 0, 0, 0, 0, 0, 0, 0, 0, 0,
       0, 0, 0, 0, 0, 0, 0, 0, 0, 0, 0, 0, 0, 0, 0, 0, 0, 0, 0, 0, 0, 0,
       0, 0, 0, 0, 0, 0, 0, 0, 0, 0, 0, 0, 0, 0, 0, 0, 0, 0, 0, 0, 0, 0,
       0, 0, 0, 0, 0, 0, 0, 0, 0, 0, 0, 0, 0, 0, 0, 0, 0, 0, 0, 0, 0, 0,
       0, 0, 0, 0, 0, 0, 0, 0, 0, 0, 0, 0, 0, 0, 0, 0, 0, 0, 0, 0, 0, 0,
       0, 0, 0, 0, 0, 0, 0, 0, 0, 0, 0, 0, 0, 0, 0, 0, 0, 0, 0, 0, 0, 0,
       0, 0, 0, 0, 0, 0, 0, 0, 0, 0, 0, 0, 0, 0, 0, 0, 0, 0, 0, 0, 0, 0,
       0, 0, 0, 0, 0, 0, 0, 0, 0, 0, 0, 0, 0, 0, 0, 0, 0, 0, 0, 0, 0, 0,
       0, 0, 0, 0, 0, 0, 0, 0, 0, 0, 0, 0, 0, 0, 0, 0, 0, 0, 0, 0, 0, 0,
       0, 0, 0, 0, 0, 0, 0, 0, 0, 0, 0, 0, 0, 0, 0, 0, 0, 0, 0, 0, 0, 0,
       0, 0, 0, 0, 0, 0, 0, 0, 0, 0, 0, 0, 0, 0, 0, 0, 0, 0, 0, 0, 0, 0,
       0, 0, 0, 0, 0, 0, 0, 0, 0, 0, 0, 0, 0, 0, 0, 0, 0, 0, 0, 0, 0, 0,
       0, 0, 0, 0, 0, 0, 0, 0, 0, 0, 0, 0, 0, 0, 0, 0, 0, 0, 0, 0, 0, 0,
       0, 0, 0, 0, 0, 0, 0, 0, 0, 0, 0, 0, 0, 0, 0, 0, 0, 0, 0, 0, 0, 0,
       0, 0, 0, 0, 0, 0, 0, 0, 0, 0, 0, 0, 0, 0, 0, 0, 0, 0, 0, 0, 0, 0,
       0, 0, 0, 0, 0, 0, 0, 0, 0, 0, 0, 0, 0, 0, 0, 0, 0, 0, 0, 0, 0, 0,
       0, 0, 0, 0, 0, 0, 0, 0, 0, 0, 0, 0, 0, 0, 0, 0, 0, 0, 0, 0, 0, 0,
       0, 0, 0, 0, 0, 0, 0, 0, 0, 0, 0, 0, 0, 0, 0, 0, 0, 0, 0, 0, 0, 0,
       0, 0, 0, 0, 0, 0, 0, 0, 0, 0, 0, 0, 0, 0, 0, 0, 0, 0, 0, 0, 0, 0,
       0, 0, 0, 0, 0, 0, 0, 0, 0, 0, 0, 0, 0, 0, 0, 0, 0, 0, 0, 0, 0, 0,
       0, 0, 0, 0, 0, 0, 0, 0, 0, 0, 0, 0, 0, 0, 0, 0]), -76.56044225431738)
Set parameter OutputFlag to value 1
Set parameter LogFile to value "solver_result/gurobi/initial/cq_cls100_500-500.log"
Set parameter TimeLimit to value 10800
Set parameter NodefileStart to value 20
Set parameter Threads to value 20
Gurobi Optimizer version 12.0.1 build v12.0.1rc0 (linux64 - "Ubuntu 24.04.1 LTS")

CPU model: Intel(R) Xeon(R) Gold 6240C CPU @ 2.60GHz, instruction set [SSE2|AVX|AVX2|AVX512]
Thread count: 36 physical cores, 72 logical processors, using up to 20 threads

Non-default parameters:
TimeLimit  10800
NodefileStart  20
Threads  20

Optimize a model with 500 rows, 500 columns and 250000 nonzeros
Model fingerprint: 0xa3c93cf5
Model has 500 quadratic objective terms
Variable types: 0 continuous, 500 integer (0 binary)
Coefficient statistics:
  Matrix range     [7e-07, 5e-01]
  Objective range  [2e-04, 1e-01]
  QObjective range [2e-05, 1e-02]
  Bounds range     [0e+00, 0e+00]
  RHS range        [4e-03, 1e+00]

Loaded user MIP start with objective -76.5604

Presolve time: 0.08s
Presolved: 500 rows, 500 columns, 250000 nonzeros
Presolved model has 500 quadratic objective terms
Variable types: 0 continuous, 500 integer (0 binary)
Found heuristic solution: objective -80.4101687

Root relaxation: objective -1.062285e+02, 288 iterations, 0.98 seconds (0.50 work units)

    Nodes    |    Current Node    |     Objective Bounds      |     Work
 Expl Unexpl |  Obj  Depth IntInf | Incumbent    BestBd   Gap | It/Node Time

     0     0 -106.22846    0  500  -80.41017 -106.22846  32.1%     -    1s
H    0     0                     -82.1335139 -106.22846  29.3%     -    1s
H    0     0                     -82.6394966 -106.22846  28.5%     -    1s
H    0     0                     -82.8052858 -106.22846  28.3%     -    1s
H    0     0                     -82.8538494 -106.22846  28.2%     -    1s
H    0     0                     -82.9531396 -106.22846  28.1%     -    1s
H    0     0                     -83.3058911 -106.22846  27.5%     -    1s
H    0     0                     -83.3970413 -106.22846  27.4%     -    1s
H    0     0                     -83.4226229 -106.22846  27.3%     -    1s
H    0     0                     -84.1056564 -106.22846  26.3%     -    1s
     0     0 -106.22529    0  500  -84.10566 -106.22529  26.3%     -    9s
     0     2 -106.22529    0  500  -84.10566 -106.22529  26.3%     -   10s
   131   152 -106.21837    8  492  -84.10566 -106.22282  26.3%   2.1   15s
H  148   152                     -84.1489888 -106.22282  26.2%   2.1   15s
H  151   320                     -86.6165094 -106.22282  22.6%   2.1   19s
   319   550 -106.21567   12  488  -86.61651 -106.22282  22.6%   2.1   24s
   549   790 -106.21078   18  482  -86.61651 -106.22282  22.6%   2.2   29s
   789   810 -106.20261   27  473  -86.61651 -106.22282  22.6%   2.2   32s
   809   830 -106.20176   28  472  -86.61651 -106.22282  22.6%   2.2   35s
   829  1190 -106.20125   28  472  -86.61651 -106.22282  22.6%   2.2   45s
H 1206  1210                     -86.9033581 -106.22282  22.2%   2.3   49s
H 1209  1699                     -87.5425712 -106.22282  21.3%   2.3   58s
  1698  2748 -106.17122   59  441  -87.54257 -106.22282  21.3%   2.4   74s
  2747  3454 -106.12753   94  408  -87.54257 -106.22282  21.3%   2.7   85s
  3453  4062 -106.10231  116  389  -87.54257 -106.22282  21.3%   3.0   94s
  4061  4623 -106.07634  134  372  -87.54257 -106.22282  21.3%   3.3  102s
  4622  5150 -106.05539  152  360  -87.54257 -106.22282  21.3%   3.6  111s
  5149  5662 -106.03402  167  352  -87.54257 -106.22282  21.3%   3.9  119s
  5661  6122 -106.01224  183  337  -87.54257 -106.22282  21.3%   4.2  126s
  6121  6602 -105.99574  195  326  -87.54257 -106.22282  21.3%   4.6  133s
  6601  7059 -105.97804  208  322  -87.54257 -106.22282  21.3%   4.9  140s
  7058  7501 -105.95069  224  315  -87.54257 -106.22282  21.3%   5.3  146s
  7500  7937 -105.91619  237  302  -87.54257 -106.22282  21.3%   5.7  152s
  7936  8358 -105.87213  251  293  -87.54257 -106.22282  21.3%   6.1  158s
  8377  8553 -105.83602  264  289  -87.54257 -106.22282  21.3%   6.5  163s
  8552  8649 -105.82548  270  291  -87.54257 -106.22282  21.3%   6.7  168s
  8648  8741 -105.82361  270  283  -87.54257 -106.22282  21.3%   6.8  173s
  8740  8846 -105.82402  271  287  -87.54257 -106.22282  21.3%   6.9  178s
  8845  8942 -105.81712  271  287  -87.54257 -106.22282  21.3%   7.1  183s
  8941  9074 -105.81932  272  284  -87.54257 -106.22282  21.3%   7.2  188s
  9073  9340 -105.82171  272  287  -87.54257 -106.22282  21.3%   7.4  193s
  9339  9742 -105.81470  273  282  -87.54257 -106.22282  21.3%   7.7  200s
  9741 10218 -105.78260  282  281  -87.54257 -106.22282  21.3%   8.1  206s
 10223 10782 -105.72838  297  277  -87.54257 -106.22282  21.3%   8.5  214s
 10787 11303 -105.64231  321  273  -87.54257 -106.22282  21.3%   8.9  222s
 11328 11433 -105.56325  336  260  -87.54257 -106.22282  21.3%   9.4  226s
 11439 11434 -106.14611   76  500  -87.54257 -106.22282  21.3%   9.5  385s
H11440 10863                     -87.9076914 -106.22282  20.8%   9.5  386s
H11440 10320                     -87.9283797 -106.22282  20.8%   9.5  386s
 11458 10349 -106.22229   19  496  -87.92838 -106.22282  20.8%   9.5  390s
H11494  9896                     -87.9948789 -106.22282  20.7%   9.5  392s
H11554  9406                     -88.0483165 -106.22282  20.6%   9.5  393s
H11570  8954                     -88.0925416 -106.22282  20.6%   9.5  394s
 11590  9087 -106.21692   23  492  -88.09254 -106.22282  20.6%   9.4  398s
 11729  9182 -106.21679   24  491  -88.09254 -106.22282  20.6%   9.4  402s
 11871  9341 -106.21607   24  491  -88.09254 -106.22282  20.6%   9.3  407s
 12077  9418 -106.21564   28  487  -88.09254 -106.22282  20.6%   9.1  410s
 12223  9580 -106.21104   31  484  -88.09254 -106.22282  20.6%   9.1  415s
 12493  9570 -106.20175   38  477  -88.09254 -106.22282  20.6%   8.9  421s
 12533  9596 -106.20030   39  476  -88.09254 -106.22282  20.6%   8.9  426s
 12573  9623 -106.19905   40  475  -88.09254 -106.22282  20.6%   8.9  430s
 12633  9663 -106.19658   41  475  -88.09254 -106.22282  20.6%   8.9  436s
 12673  9922 -106.19645   42  472  -88.09254 -106.22282  20.6%   8.8  449s
H12925  9416                     -88.1256251 -106.22282  20.5%   8.7  450s
H12945  9322                     -88.1634506 -106.22282  20.5%   8.7  459s
 13279  9771 -106.18843   49  467  -88.16345 -106.22282  20.5%   8.6  469s
 13839 10015 -106.17860   60  456  -88.16345 -106.22282  20.5%   8.3  476s
 14270 10261 -106.17170   69  447  -88.16345 -106.22282  20.5%   8.2  483s
 14660 10470 -106.16435   77  440  -88.16345 -106.22282  20.5%   8.0  488s
 14999 10680 -106.15715   84  433  -88.16345 -106.22282  20.5%   7.9  494s
 15322 10876 -106.15158   90  427  -88.16345 -106.22282  20.5%   7.9  499s
 15625 10984 -106.14364   97  420  -88.16345 -106.22282  20.5%   7.8  502s
 15834 11235 -106.13951  101  416  -88.16345 -106.22282  20.5%   7.8  507s
 16155 11426 -106.12841  108  409  -88.16345 -106.22282  20.5%   7.7  513s
 16453 11661 -106.11973  115  403  -88.16345 -106.22282  20.5%   7.7  518s
 16787 11891 -106.11396  122  398  -88.16345 -106.22282  20.5%   7.6  524s
 17129 12132 -106.11198  130  388  -88.16345 -106.22282  20.5%   7.6  530s
 17484 12378 -106.10363  137  382  -88.16345 -106.22282  20.5%   7.6  536s
 17848 12631 -106.09906  145  377  -88.16345 -106.22282  20.5%   7.6  542s
 18222 12850 -106.09345  154  370  -88.16345 -106.22282  20.5%   7.6  547s
 18566 13137 -106.08937  162  367  -88.16345 -106.22282  20.5%   7.6  553s
 18988 13037 -106.07619  171  358  -88.16345 -106.22282  20.5%   7.6  555s
 19244 13633 -106.07784  177  351  -88.16345 -106.22282  20.5%   7.7  565s
 19690 13927 -106.06402  188  340  -88.16345 -106.22282  20.5%   7.7  571s
 20132 14231 -106.05296  198  332  -88.16345 -106.22282  20.5%   7.8  578s
 20584 14460 -106.03916  209  329  -88.16345 -106.22282  20.5%   8.0  583s
 20963 14820 -106.03961  218  325  -88.16345 -106.22282  20.5%   8.1  589s
 21450 15113 -106.03109  229  314  -88.16345 -106.22282  20.5%   8.3  596s
 21937 15032 -106.02019  237  315  -88.16345 -106.22282  20.5%   8.6  600s
 22024 15493 -106.01934  238  314  -88.16345 -106.22282  20.5%   8.7  607s
 22534 15850 -105.98627  250  301  -88.16345 -106.22282  20.5%   8.9  616s
 23095 16475 -105.97922  262  292  -88.16345 -106.22163  20.5%   9.1  633s
 23907 16659 -105.96364  280  285  -88.16345 -106.22163  20.5%   9.3  640s
 24362 16994 -105.94695  290  284  -88.16345 -106.22163  20.5%   9.5  649s
 24849 17373 -105.94010  301  293  -88.16345 -106.22163  20.5%   9.7  659s
 25390 17756 -105.93423  314  280  -88.16345 -106.22163  20.5%   9.9  668s
 25953 17596 -105.90115  328  280  -88.16345 -106.22163  20.5%  10.1  670s
 25981 18063 -105.89896  328  279  -88.16345 -106.22163  20.5%  10.1  679s
 26457 18524 -105.87817  342  272  -88.16345 -106.22163  20.5%  10.3  689s
 27077 18979 -105.85204  356  274  -88.16345 -106.22163  20.5%  10.5  700s
 27739 19373 -105.81706  373  264  -88.16345 -106.22163  20.5%  10.8  710s
 28353 19868 -105.78025  390  254  -88.16345 -106.22163  20.5%  11.1  720s
 29053 19755 -105.74010  407  247  -88.16345 -106.22163  20.5%  11.4  732s
 29173 20387 -105.73771  410  244  -88.16345 -106.22163  20.5%  11.5  742s
 29845 20183 -105.70188  428  237  -88.16345 -106.22163  20.5%  11.8  745s
 29865 20196 -105.68802  428  237  -88.16345 -106.22163  20.5%  11.8  761s
 29885 20209 -105.69877  429  238  -88.16345 -106.22163  20.5%  11.8  778s
 29905 20223 -105.68678  429  239  -88.16345 -106.22163  20.5%  11.8  793s
 29925 20236 -105.69700  430  237  -88.16345 -106.22163  20.5%  11.8  808s
 29945 20249 -105.68848  430  239  -88.16345 -106.22163  20.5%  11.8  849s
 29965 20263 -105.69539  431  235  -88.16345 -106.22163  20.5%  11.9  863s
 29985 20276 -105.67976  431  239  -88.16345 -106.22163  20.5%  11.9  877s
 30005 20289 -105.68967  432  237  -88.16345 -106.22163  20.5%  11.9  889s
 30025 20324 -105.68743  432  240  -88.16345 -106.22163  20.5%  11.9  901s
 30066 20382 -105.68510  433  239  -88.16345 -106.22163  20.5%  11.9  910s
 30138 20428 -105.68104  433  236  -88.16345 -106.22163  20.5%  11.9  923s
 30208 20660 -105.68327  434  236  -88.16345 -106.22163  20.5%  12.0  933s
 30463 21245 -105.66699  434  236  -88.16345 -106.22163  20.5%  12.2  943s
 31133 21850 -105.63320  443  234  -88.16345 -106.22163  20.5%  12.5  955s
 31962 22584 -105.59328  463  229  -88.16345 -106.22163  20.5%  13.0  966s
 32972 23131 -105.49429  487  216  -88.16345 -106.22163  20.5%  13.5  977s
 33856 23900 -105.40840  511  202  -88.16345 -106.22163  20.5%  14.0  987s
 34919 24615 -105.31320  534  193  -88.16345 -106.22163  20.5%  14.6 1010s
 36015 25537 -105.12072  560  184  -88.16345 -106.22156  20.5%  15.3 1031s
 37097 26574 -104.93405  588  171  -88.16345 -106.22156  20.5%  16.1 1048s
 38134 27590 -104.80764  615  164  -88.16345 -106.22156  20.5%  17.0 1058s
 39180 28636 -104.55741  639  146  -88.16345 -106.22156  20.5%  17.9 1080s
 40278 29877 -104.31915  663  145  -88.16345 -106.22124  20.5%  18.8 1103s
 41663 31416 -106.20304   38  477  -88.16345 -106.22118  20.5%  19.6 1130s
 43300 33312 -106.08695  167  373  -88.16345 -106.22118  20.5%  20.0 1157s
 45308 35129 -105.82488  319  291  -88.16345 -106.22118  20.5%  20.2 1179s
 47191 38144 -105.33106  442  237  -88.16345 -106.22118  20.5%  20.2 1221s
 50338 39632 -102.94102  629  178  -88.16345 -106.22118  20.5%  20.3 1246s
 52004 41161 infeasible  729       -88.16345 -106.22118  20.5%  20.2 1272s
 53677 42995 -106.16073  102  420  -88.16345 -106.22118  20.5%  20.0 1297s
 55624 44735 -106.01301  215  350  -88.16345 -106.22118  20.5%  19.7 1319s
 57372 46731 -105.75171  322  299  -88.16345 -106.22117  20.5%  19.4 1344s
 59368 48667 -105.24158  449  255  -88.16345 -106.22117  20.5%  19.1 1369s
 61370 50523 -104.13280  565  227  -88.16345 -106.22117  20.5%  18.8 1392s
 63226 52367 -102.41475  664  188  -88.16345 -106.22117  20.5%  18.7 1418s
 65070 53582  -98.35343  746  162  -88.16345 -106.22117  20.5%  18.7 1443s
 66373 55703 -106.19455   50  465  -88.16345 -106.22117  20.5%  18.8 1470s
 68615 57980 -106.11140  170  367  -88.16345 -106.22044  20.5%  18.7 1496s
 70956 62298 -106.04540  273  308  -88.16345 -106.22044  20.5%  18.7 1544s
 75474 63906 -105.88674  420  254  -88.16345 -106.22044  20.5%  18.6 1565s
 77110 65635 -105.80788  462  237  -88.16345 -106.22044  20.5%  18.6 1584s
 78914 67463 -105.69657  500  226  -88.16345 -106.22044  20.5%  18.5 1606s
 80758 69146 -105.62192  533  213  -88.16345 -106.22036  20.5%  18.5 1623s
 82441 71032 -105.40509  565  195  -88.16345 -106.22036  20.5%  18.5 1641s
 84347 72825 -105.30125  586  191  -88.16345 -106.22036  20.5%  18.6 1659s
 86188 75355 -105.15387  601  178  -88.16345 -106.22036  20.5%  18.8 1682s
 88823 77012 -105.01148  618  170  -88.16345 -106.22036  20.5%  19.0 1701s
 90830 78951 -104.77635  643  156  -88.16345 -106.22036  20.5%  19.0 1723s
 92902 81030 -104.35050  682  142  -88.16345 -106.22030  20.5%  18.8 1746s
 95046 84195 -106.19137   41  474  -88.16345 -106.22001  20.5%  18.6 1780s
 98211 86364 -105.82478  204  342  -88.16345 -106.22001  20.5%  18.4 1798s
 100414 88235 -105.42249  326  283  -88.16345 -106.22001  20.5%  18.4 1819s
 102329 90173 -104.74942  439  254  -88.16345 -106.22001  20.5%  18.4 1841s
 104303 91991 -103.84687  552  226  -88.16345 -106.22001  20.5%  18.5 1863s
 106153 94204 -102.97568  660  203  -88.16345 -106.22001  20.5%  18.6 1885s
 108408 96147 -101.73548  762  185  -88.16345 -106.21957  20.5%  18.7 1905s
 110510 98386 -100.23302  873  169  -88.16345 -106.21957  20.5%  18.8 1928s
 112860 100624  -98.35043 1002  143  -88.16345 -106.21939  20.5%  18.7 1949s
 115153 103145  -95.73647 1143  114  -88.16345 -106.21939  20.5%  18.6 1972s
 117752 105096  -90.02339 1449   40  -88.16345 -106.21939  20.5%  18.5 1995s
 119764 107769 -106.06796  112  406  -88.16345 -106.21939  20.5%  18.5 2025s
 122437 109541 -105.66708  268  303  -88.16345 -106.21939  20.5%  18.5 2040s
 124233 111621 -105.22285  378  266  -88.16345 -106.21939  20.5%  18.6 2066s
 126313 111641 -104.42341  502  238  -88.16345 -106.21939  20.5%  18.7 2080s
 126333 111661 -104.41895  503  237  -88.16345 -106.21939  20.5%  18.7 2106s
 126353 111681 -104.41212  504  239  -88.16345 -106.21939  20.5%  18.7 2135s
 126373 111701 -104.40867  505  240  -88.16345 -106.21939  20.5%  18.7 2160s
H126383 111701                     -88.2272196 -106.21939  20.4%  18.7 2160s
H126393 113685                     -88.3831845 -106.21939  20.2%  18.7 2180s
 128467 115687 -103.34113  620  221  -88.38318 -106.21939  20.2%  18.9 2202s
 130530 117318 -102.11597  755  186  -88.38318 -106.21939  20.2%  19.1 2221s
 132388 119931 -100.63937  857  164  -88.38318 -106.21925  20.2%  19.2 2250s
H132996 119915                     -88.4599886 -106.21925  20.1%  19.2 2250s
H135089 122375                     -88.5523556 -106.21914  20.0%  19.1 2274s
 137689 124692  -94.26575 1226   94  -88.55236 -106.21914  20.0%  19.0 2296s
 140083 126815 -106.18280   55  460  -88.55236 -106.21914  20.0%  18.9 2319s
 142227 128859 -106.05150  170  364  -88.55236 -106.21914  20.0%  18.9 2341s
 144293 131524 -105.84576  300  303  -88.55236 -106.21914  20.0%  18.9 2370s
 146958 133684 -105.26528  454  249  -88.55236 -106.21914  20.0%  18.9 2386s
 149151 135906 -104.28940  564  220  -88.55236 -106.21914  20.0%  19.0 2407s
 151389 137722 -102.76077  668  189  -88.55236 -106.21914  20.0%  19.1 2423s
 153205 140910 -101.16467  741  172  -88.55236 -106.21914  20.0%  19.2 2441s
 156738 142339  -97.94735  848  141  -88.55236 -106.21914  20.0%  19.3 2458s
 158308 142631     cutoff  907       -88.55236 -106.21914  20.0%  19.3 2486s
 158622 144702 -106.21201   35  480  -88.55236 -106.21904  20.0%  19.3 2510s
 160705 146693 -106.09364  149  377  -88.55236 -106.21900  20.0%  19.2 2530s
 162738 148714 -105.90430  267  311  -88.55236 -106.21900  20.0%  19.2 2555s
 164775 150717 -105.56974  382  266  -88.55236 -106.21900  20.0%  19.2 2574s
 166906 152551 -104.97974  485  229  -88.55236 -106.21900  20.0%  19.2 2598s
 168782 155215 -104.13719  580  209  -88.55236 -106.21900  20.0%  19.2 2633s
 171463 157275 -101.90879  697  185  -88.55236 -106.21900  20.0%  19.3 2656s
 173565 159216  -99.88423  783  166  -88.55236 -106.21884  20.0%  19.4 2677s
 175748 161319  -96.91457  871  144  -88.55236 -106.21865  20.0%  19.4 2701s
 177961 163443 infeasible  958       -88.55236 -106.21859  20.0%  19.4 2721s
 180209 163461 -106.13701  107  411  -88.55236 -106.21850  19.9%  19.3 2731s
 180231 163662 -106.13692  108  411  -88.55236 -106.21841  19.9%  19.3 2755s
 180489 163783 -106.13671  109  410  -88.55236 -106.21841  19.9%  19.3 2780s
 180610 163903 -106.13612  110  408  -88.55236 -106.21841  19.9%  19.3 2805s
 180736 164026 -106.13598  111  408  -88.55236 -106.21841  19.9%  19.3 2827s
 180859 164151 -106.13592  112  407  -88.55236 -106.21841  19.9%  19.3 2850s
 180984 164258 -106.13503  113  405  -88.55236 -106.21841  19.9%  19.3 2870s
 181091 164396 -106.13431  114  404  -88.55236 -106.21841  19.9%  19.3 2886s
 181231 165861 -106.13421  115  403  -88.55236 -106.21841  19.9%  19.3 2907s
 182716 168204 -106.00835  208  336  -88.55236 -106.21841  19.9%  19.3 2933s
 185089 170483 -105.75567  347  278  -88.55236 -106.21841  19.9%  19.3 2955s
 187429 172896 -105.11221  475  239  -88.55236 -106.21841  19.9%  19.3 2983s
 189862 175183 -104.07426  597  206  -88.55236 -106.21841  19.9%  19.4 3007s
 192176 178252 -102.34816  688  180  -88.55236 -106.21841  19.9%  19.4 3038s
 195569 179629  -99.37158  803  160  -88.55236 -106.21817  19.9%  19.5 3054s
 196996 181382  -97.69458  873  149  -88.55236 -106.21794  19.9%  19.5 3074s
 198835 183162  -93.34353  962  122  -88.55236 -106.21794  19.9%  19.5 3093s
 200779 185146 -106.16896   65  450  -88.55236 -106.21753  19.9%  19.4 3114s
 202781 187302 -106.04662  170  364  -88.55236 -106.21753  19.9%  19.4 3136s
 205078 189169 -105.85681  286  293  -88.55236 -106.21753  19.9%  19.4 3159s
 206977 190824 -105.50591  390  258  -88.55236 -106.21741  19.9%  19.4 3177s
 208632 192580 -105.04138  484  234  -88.55236 -106.21741  19.9%  19.4 3194s
 210388 193240 -104.15738  581  200  -88.55236 -106.21741  19.9%  19.4 3208s
 211048 195155 -103.83890  614  195  -88.55236 -106.21741  19.9%  19.5 3221s
 212963 197144 -102.01862  715  175  -88.55236 -106.21741  19.9%  19.6 3245s
 215109 199828  -99.38699  828  148  -88.55236 -106.21741  19.9%  19.7 3277s
 218165 201476 -106.12378   89  429  -88.55236 -106.21741  19.9%  19.7 3296s
 219868 203479 -105.95191  179  361  -88.55236 -106.21741  19.9%  19.7 3317s
 221899 205363 -105.66345  288  298  -88.55236 -106.21741  19.9%  19.6 3337s
 223861 207393 -105.24153  387  276  -88.55236 -106.21741  19.9%  19.6 3360s
 225907 209402 -104.66622  483  250  -88.55236 -106.21738  19.9%  19.6 3378s
 227942 211311 -103.92568  583  222  -88.55236 -106.21738  19.9%  19.6 3398s
 229857 213169 -102.97471  685  202  -88.55236 -106.21738  19.9%  19.7 3414s
 231799 215131 -101.78495  792  178  -88.55236 -106.21738  19.9%  19.7 3438s
 233892 217343 -100.32021  901  150  -88.55236 -106.21738  19.9%  19.8 3459s
 236104 220189  -98.63273 1008  135  -88.55236 -106.21738  19.9%  19.8 3475s
 239028 224067  -95.72866 1158  106  -88.55236 -106.21738  19.9%  19.9 3514s
 243268 225159 -106.18435   61  454  -88.55236 -106.21738  19.9%  19.9 3530s
 244430 226387 -106.14380  113  406  -88.55236 -106.21738  19.9%  19.9 3547s
 245792 227919 -106.09583  165  365  -88.55236 -106.21729  19.9%  19.8 3567s
 247356 229508 -106.01834  234  318  -88.55236 -106.21729  19.9%  19.8 3588s
 248981 230939 -105.96270  277  298  -88.55236 -106.21729  19.9%  19.8 3610s
 250412 232619 -105.88311  316  274  -88.55236 -106.21729  19.9%  19.8 3634s
 252117 234256 -105.82417  351  266  -88.55236 -106.21729  19.9%  19.8 3658s
 253895 236018 -105.69907  398  254  -88.55236 -106.21721  19.9%  19.8 3681s
 255657 237730 -105.60116  437  241  -88.55236 -106.21721  19.9%  19.8 3703s
 257476 239408 -105.39631  474  221  -88.55236 -106.21721  19.9%  19.8 3728s
 259154 240746 -105.23976  494  214  -88.55236 -106.21721  19.9%  19.7 3748s
 260492 242576 -105.14361  518  207  -88.55236 -106.21721  19.9%  19.8 3772s
 262322 244704 -104.90527  558  194  -88.55236 -106.21721  19.9%  19.8 3804s
 264494 246637 -104.60046  595  181  -88.55236 -106.21721  19.9%  19.9 3837s
 266502 248546 -104.36630  625  163  -88.55236 -106.21721  19.9%  19.9 3868s
 268453 250176 -104.01034  660  149  -88.55236 -106.21721  19.9%  20.0 3896s
 270115 252166 -103.79901  674  140  -88.55236 -106.21721  19.9%  20.1 3923s
 272326 254290 -103.11238  696  133  -88.55236 -106.21721  19.9%  20.1 3952s
 274668 256624 -102.35529  705  131  -88.55236 -106.21721  19.9%  20.1 3979s
 277169 258239 -106.09134  149  379  -88.55236 -106.21721  19.9%  20.1 4001s
 278784 260052 -105.95099  241  323  -88.55236 -106.21721  19.9%  20.1 4024s
 280597 260072 -105.71117  350  277  -88.55236 -106.21721  19.9%  20.0 4055s
 280617 260092 -105.69826  351  278  -88.55236 -106.21721  19.9%  20.0 4089s
 280637 260112 -105.69319  352  275  -88.55236 -106.21721  19.9%  20.0 4115s
 280657 260132 -105.68319  353  277  -88.55236 -106.21721  19.9%  20.0 4140s
 280677 260152 -105.68009  354  274  -88.55236 -106.21721  19.9%  20.0 4160s
 280697 260278 -105.67950  355  276  -88.55236 -106.21721  19.9%  20.0 4178s
H280727 260274                     -88.5543662 -106.21721  19.9%  20.0 4178s
 280823 262516 -105.67634  356  273  -88.55437 -106.21721  19.9%  20.0 4200s
 283065 264418 -105.04591  478  236  -88.55437 -106.21721  19.9%  20.1 4221s
 285016 266923 -104.12796  568  215  -88.55437 -106.21721  19.9%  20.1 4249s
 287549 269289 -102.57374  693  177  -88.55437 -106.21721  19.9%  20.2 4278s
 290026 271175 -100.17962  817  148  -88.55437 -106.21721  19.9%  20.2 4299s
 291997 273855  -96.42175  919  124  -88.55437 -106.21690  19.9%  20.3 4324s
 294727 276236 -106.11074  127  391  -88.55437 -106.21690  19.9%  20.3 4347s
 297346 278075 -105.93865  251  313  -88.55437 -106.21690  19.9%  20.3 4369s
 299209 279811 -105.65246  356  263  -88.55437 -106.21690  19.9%  20.2 4390s
 301047 281577 -105.15664  444  237  -88.55437 -106.21690  19.9%  20.2 4413s
 302861 283220 -104.42188  532  222  -88.55437 -106.21690  19.9%  20.2 4431s
 304504 285024 -103.56786  607  212  -88.55437 -106.21690  19.9%  20.3 4446s
 306326 286642 -102.28462  691  193  -88.55437 -106.21690  19.9%  20.3 4466s
 308007 288480 -100.71763  765  182  -88.55437 -106.21675  19.9%  20.4 4492s
 309853 290118  -98.86999  835  171  -88.55437 -106.21673  19.9%  20.4 4511s
 311527 292559  -96.99360  902  157  -88.55437 -106.21673  19.9%  20.5 4539s
 314109 294282  -93.95436 1009  144  -88.55437 -106.21673  19.9%  20.5 4560s
 315834 296490  -91.01052 1091  134  -88.55437 -106.21673  19.9%  20.6 4586s
 318200 298439 -106.16748   85  433  -88.55437 -106.21673  19.9%  20.6 4608s
 320254 300498 -106.05231  205  338  -88.55437 -106.21673  19.9%  20.6 4632s
 322400 302254 -105.77650  329  273  -88.55437 -106.21673  19.9%  20.5 4652s
 324156 304128 -105.35577  418  257  -88.55437 -106.21673  19.9%  20.5 4670s
 326030 306000 -104.53844  511  232  -88.55437 -106.21673  19.9%  20.5 4682s
 327902 307666 -103.54167  599  214  -88.55437 -106.21673  19.9%  20.6 4690s
 329568 309461 -102.49280  681  193  -88.55437 -106.21673  19.9%  20.6 4716s
 331406 311106 -100.92639  763  189  -88.55437 -106.21673  19.9%  20.7 4735s
 333059 313066  -99.39230  836  176  -88.55437 -106.21673  19.9%  20.8 4751s
 335133 315221  -97.34681  914  172  -88.55437 -106.21673  19.9%  20.9 4780s
 337415 317225  -94.86477 1009  154  -88.55437 -106.21667  19.9%  21.0 4807s
 339701 319323  -92.23585 1095  142  -88.55437 -106.21667  19.9%  21.0 4834s
 341877 321036 -106.21566   25  490  -88.55437 -106.21667  19.9%  21.0 4856s
 343628 323141 -106.12478  120  401  -88.55437 -106.21667  19.9%  20.9 4880s
 345733 325134 -105.95076  256  310  -88.55437 -106.21667  19.9%  20.9 4896s
 347726 326975 -105.57084  384  259  -88.55437 -106.21667  19.9%  20.9 4918s
 349601 328693 -104.89113  491  233  -88.55437 -106.21667  19.9%  21.0 4943s
 351319 330599 -103.91892  570  209  -88.55437 -106.21667  19.9%  21.0 4971s
 353339 332389 -102.52983  664  193  -88.55437 -106.21667  19.9%  21.1 4996s
 355218 334321 -101.08430  745  174  -88.55437 -106.21667  19.9%  21.1 5022s
 357226 336126  -99.24838  825  165  -88.55437 -106.21667  19.9%  21.2 5055s
 359270 338510  -97.15052  906  157  -88.55437 -106.21667  19.9%  21.2 5093s
 361722 338757  -94.02142 1003  150  -88.55437 -106.21648  19.9%  21.2 5122s
 361969 341040  -93.03011 1031  142  -88.55437 -106.21648  19.9%  21.2 5154s
 364319 343058     cutoff 1153       -88.55437 -106.21648  19.9%  21.2 5190s
 366392 344920 -106.05508  154  378  -88.55437 -106.21632  19.9%  21.2 5225s
 368376 344940 -105.79901  294  296  -88.55437 -106.21632  19.9%  21.3 5239s
 368396 344960 -105.79696  295  296  -88.55437 -106.21632  19.9%  21.3 5268s
 368416 344980 -105.79628  296  296  -88.55437 -106.21632  19.9%  21.3 5297s
 368436 344999 -105.78918  297  297  -88.55437 -106.21632  19.9%  21.3 5325s
 368457 345019 -105.78793  298  295  -88.55437 -106.21632  19.9%  21.3 5350s
 368477 345039 -105.78483  299  296  -88.55437 -106.21632  19.9%  21.3 5371s
 368497 345085 -105.78370  300  296  -88.55437 -106.21632  19.9%  21.3 5391s
 368543 346500 -105.78207  301  296  -88.55437 -106.21632  19.9%  21.3 5413s
 370000 348642 -105.46888  408  251  -88.55437 -106.21632  19.9%  21.3 5449s
 372260 350917 -104.57492  536  216  -88.55437 -106.21632  19.9%  21.3 5483s
 374570 353254 -103.01246  656  176  -88.55437 -106.21632  19.9%  21.3 5514s
 376967 355015 -100.47301  778  158  -88.55437 -106.21632  19.9%  21.4 5538s
 378771 356910  -97.92904  872  141  -88.55437 -106.21628  19.9%  21.4 5568s
 380751 359151  -92.01932 1008  123  -88.55437 -106.21628  19.9%  21.4 5598s
 383049 361490 -106.10100  142  380  -88.55437 -106.21627  19.9%  21.4 5629s
 385388 363563 -105.84042  307  294  -88.55437 -106.21627  19.9%  21.4 5652s
 387461 365479 -105.29071  430  251  -88.55437 -106.21627  19.9%  21.5 5670s
 389408 367352 -104.50947  523  232  -88.55437 -106.21627  19.9%  21.5 5694s
 391397 369227 -103.41261  610  207  -88.55437 -106.21627  19.9%  21.6 5720s
 393363 371130 -101.91093  696  197  -88.55437 -106.21627  19.9%  21.6 5747s
 395430 373306 -100.42057  780  182  -88.55437 -106.21627  19.9%  21.6 5771s
 397645 375249  -98.57549  863  165  -88.55437 -106.21627  19.9%  21.6 5794s
 399588 377306  -96.65844  944  154  -88.55437 -106.21627  19.9%  21.6 5818s
 401663 379115  -93.89412 1040  138  -88.55437 -106.21627  19.9%  21.6 5842s
 403538 381090  -90.70356 1152  119  -88.55437 -106.21627  19.9%  21.6 5871s
 405570 383074 -106.15185   99  418  -88.55437 -106.21627  19.9%  21.6 5898s
 407554 385705 -106.00067  228  326  -88.55437 -106.21627  19.9%  21.6 5930s
 410230 387501 -105.62015  391  266  -88.55437 -106.21627  19.9%  21.6 5949s
 412091 389393 -105.00810  487  236  -88.55437 -106.21627  19.9%  21.7 5971s
 414091 392066 -104.03309  561  211  -88.55437 -106.21627  19.9%  21.7 5997s
 416935 393438 -102.91157  641  195  -88.55437 -106.21627  19.9%  21.7 6023s
 418307 394936 -101.68371  705  172  -88.55437 -106.21627  19.9%  21.7 6049s
 419805 396554 -100.19939  775  172  -88.55437 -106.21627  19.9%  21.7 6079s
 421472 398081  -98.41984  857  154  -88.55437 -106.21627  19.9%  21.7 6108s
 423053 399650  -96.18551  930  148  -88.55437 -106.21627  19.9%  21.7 6134s
 424654 401036  -93.47743 1012  131  -88.55437 -106.21626  19.9%  21.7 6160s
 426040 402954  -90.13463 1122  116  -88.55437 -106.21626  19.9%  21.8 6189s
 428060 404716 -106.14202  115  404  -88.55437 -106.21626  19.9%  21.8 6215s
 429930 406714 -105.96095  246  311  -88.55437 -106.21626  19.9%  21.8 6250s
 432029 408849 -105.57635  379  259  -88.55437 -106.21621  19.9%  21.8 6289s
 434353 410605 -104.71280  507  225  -88.55437 -106.21621  19.9%  21.8 6317s
 436109 412545 -103.63915  597  196  -88.55437 -106.21621  19.9%  21.8 6347s
 438179 414447 -102.09964  686  182  -88.55437 -106.21621  19.9%  21.8 6373s
 440097 416536 -100.58931  772  173  -88.55437 -106.21621  19.9%  21.8 6397s
 442186 418499  -98.42005  870  154  -88.55437 -106.21621  19.9%  21.8 6418s
 444211 420473  -95.62958  961  136  -88.55437 -106.21621  19.9%  21.8 6446s
 446304 422471  -91.93274 1066  124  -88.55437 -106.21618  19.9%  21.8 6472s
 448348 424558 -106.19082   59  457  -88.55437 -106.21618  19.9%  21.8 6499s
 450435 426881 -106.10259  165  368  -88.55437 -106.21618  19.9%  21.8 6523s
 452805 429135 -106.02037  228  327  -88.55437 -106.21618  19.9%  21.8 6549s
 455178 431261 -105.92269  285  302  -88.55437 -106.21618  19.9%  21.8 6581s
 457382 433083 -105.78186  334  283  -88.55437 -106.21618  19.9%  21.8 6603s
 459305 433103 -105.67478  383  266  -88.55437 -106.21618  19.9%  21.8 6621s
 459325 433123 -105.67974  381  263  -88.55437 -106.21618  19.9%  21.8 6651s
 459345 433143 -105.67440  381  262  -88.55437 -106.21618  19.9%  21.8 6680s
 459365 433185 -105.66764  382  262  -88.55437 -106.21618  19.9%  21.8 6707s
 459407 433473 -105.66046  383  263  -88.55437 -106.21618  19.9%  21.8 6734s
 459695 434018 -105.65947  384  261  -88.55437 -106.21618  19.9%  21.9 6759s
 460240 436186 -105.65493  385  260  -88.55437 -106.21618  19.9%  21.9 6782s
 462485 438755 -105.60025  397  261  -88.55437 -106.21618  19.9%  21.9 6821s
 465232 441270 -105.38648  452  231  -88.55437 -106.21618  19.9%  21.9 6857s
 467919 441683 -105.15682  492  215  -88.55437 -106.21618  19.9%  21.9 6899s
 468332 444596 -105.06033  505  213  -88.55437 -106.21618  19.9%  21.9 6937s
 471245 447172 -104.81069  549  201  -88.55437 -106.21618  19.9%  21.9 6965s
 473885 449864 -104.53171  585  184  -88.55437 -106.21618  19.9%  21.9 6988s
 476678 452057 -104.21202  619  176  -88.55437 -106.21618  19.9%  22.0 7026s
 478986 454173 -103.79322  651  159  -88.55437 -106.21618  19.9%  22.0 7064s
 481118 456264 -103.31902  672  150  -88.55437 -106.21618  19.9%  22.0 7098s
 483219 458318 -102.83856  688  141  -88.55437 -106.21618  19.9%  22.0 7129s
 485317 460356 -102.39361  692  148  -88.55437 -106.21618  19.9%  22.0 7158s
 487482 462434 -106.18558   55  460  -88.55437 -106.21618  19.9%  22.0 7186s
 489560 464489 -106.02878  200  343  -88.55437 -106.21618  19.9%  22.0 7212s
 491655 466599 -105.72950  334  278  -88.55437 -106.21618  19.9%  22.0 7236s
 493765 468849 -105.16520  452  243  -88.55437 -106.21618  19.9%  22.0 7258s
 496091 471086 -104.18341  558  219  -88.55437 -106.21618  19.9%  22.1 7280s
 498472 472926 -102.79360  654  195  -88.55437 -106.21618  19.9%  22.1 7307s
 500431 474894 -101.13408  743  169  -88.55437 -106.21618  19.9%  22.1 7333s
 502513 477395  -99.08290  833  151  -88.55437 -106.21618  19.9%  22.1 7369s
 505045 479300  -94.14799  961  125  -88.55437 -106.21618  19.9%  22.1 7394s
 507011 481171 -106.16555   71  445  -88.55437 -106.21612  19.9%  22.1 7419s
 508882 482897 -106.01602  201  345  -88.55437 -106.21612  19.9%  22.1 7436s
 510636 484725 -105.78670  316  279  -88.55437 -106.21612  19.9%  22.1 7461s
 512597 486655 -105.23511  427  243  -88.55437 -106.21588  19.9%  22.1 7481s
 514553 488642 -104.47342  527  217  -88.55437 -106.21585  19.9%  22.1 7504s
 516582 490619 -103.26038  633  191  -88.55437 -106.21585  19.9%  22.2 7534s
 518672 492466 -101.70162  723  177  -88.55437 -106.21585  19.9%  22.2 7562s
 520605 494405  -99.82088  808  156  -88.55437 -106.21581  19.9%  22.2 7588s
 522544 496288  -97.64068  896  148  -88.55437 -106.21581  19.9%  22.2 7613s
 524559 498094  -93.97652 1008  125  -88.55437 -106.21581  19.9%  22.2 7636s
 526491 500633 -106.20415   42  473  -88.55437 -106.21581  19.9%  22.2 7670s
 529030 501395 -106.02385  205  334  -88.55437 -106.21581  19.9%  22.2 7690s
 529828 504188 -105.97403  232  319  -88.55437 -106.21581  19.9%  22.2 7716s
 532726 506063 -105.55368  385  259  -88.55437 -106.21581  19.9%  22.2 7741s
 534679 508049 -104.86588  488  233  -88.55437 -106.21581  19.9%  22.2 7769s
 536707 509968 -103.85382  584  205  -88.55437 -106.21581  19.9%  22.2 7788s
 538714 512662 -102.55726  678  173  -88.55437 -106.21581  19.9%  22.2 7814s
 541573 512682 -100.56211  772  151  -88.55437 -106.21581  19.9%  22.2 7825s
 541593 512702 -100.52934  773  148  -88.55437 -106.21581  19.9%  22.2 7855s
 541613 512722 -100.52145  774  148  -88.55437 -106.21581  19.9%  22.2 7890s
 541633 512742 -100.51450  775  152  -88.55437 -106.21581  19.9%  22.2 7914s
 541653 512762 -100.47487  776  151  -88.55437 -106.21581  19.9%  22.2 7939s
 541673 512782 -100.42474  777  151  -88.55437 -106.21581  19.9%  22.2 7959s
 541693 512818 -100.41418  778  147  -88.55437 -106.21581  19.9%  22.2 7976s
 541729 513027 -100.34654  779  147  -88.55437 -106.21581  19.9%  22.2 7994s
H541867 512726                     -88.7325516 -106.21581  19.7%  22.2 7994s
H541938 514200                     -88.8184314 -106.21581  19.6%  22.2 8015s
 543678 516089  -97.53125  893  130  -88.81843 -106.21581  19.6%  22.2 8046s
 545651 518232     cutoff 1031       -88.81843 -106.21581  19.6%  22.3 8078s
 547800 520214 -106.13161  127  392  -88.81843 -106.21578  19.6%  22.3 8105s
 549828 522453 -106.04252  212  322  -88.81843 -106.21578  19.6%  22.3 8137s
 552111 524276 -105.90704  293  292  -88.81843 -106.21578  19.6%  22.3 8164s
 554007 526376 -105.82220  334  282  -88.81843 -106.21578  19.6%  22.3 8194s
 556249 527946 -105.63432  383  258  -88.81843 -106.21577  19.6%  22.3 8221s
 557819 530403 -105.52767  414  251  -88.81843 -106.21577  19.6%  22.3 8249s
 560326 533186 -105.32779  456  229  -88.81843 -106.21577  19.6%  22.4 8278s
 563301 534972 -105.05866  494  221  -88.81843 -106.21577  19.6%  22.4 8303s
 565099 536922 -104.90993  522  203  -88.81843 -106.21577  19.6%  22.4 8324s
 567091 538942 -104.71079  549  200  -88.81843 -106.21577  19.6%  22.4 8351s
 569130 539446 -104.38088  583  189  -88.81843 -106.21577  19.6%  22.4 8379s
 569700 541437 -104.35484  585  190  -88.81843 -106.21577  19.6%  22.4 8403s
 571709 543286 -104.13672  607  177  -88.81843 -106.21575  19.6%  22.4 8425s
 573644 545230 -104.00169  630  169  -88.81843 -106.21575  19.6%  22.4 8464s
 575636 547479 -103.60786  671  142  -88.81843 -106.21575  19.6%  22.5 8501s
 578022 549865 -103.31938  697  136  -88.81843 -106.21575  19.6%  22.5 8533s
 580580 552061 -102.84777  725  120  -88.81843 -106.21575  19.6%  22.5 8560s
 582966 554172     cutoff  738       -88.81843 -106.21573  19.6%  22.5 8584s
 585144 556313 -106.15267   84  433  -88.81843 -106.21573  19.6%  22.5 8608s
 587345 558402 -105.98618  214  341  -88.81843 -106.21573  19.6%  22.5 8631s
 589434 560435 -105.70432  339  275  -88.81843 -106.21573  19.6%  22.5 8647s
 591554 562195 -105.21933  455  232  -88.81843 -106.21573  19.6%  22.5 8669s
 593314 564068 -104.50734  543  210  -88.81843 -106.21573  19.6%  22.5 8688s
 595261 565794 -103.42925  647  186  -88.81843 -106.21573  19.6%  22.5 8714s
 597065 568078 -102.06782  722  169  -88.81843 -106.21573  19.6%  22.6 8755s
 599479 570097  -99.49700  840  153  -88.81843 -106.21573  19.6%  22.6 8786s
 601548 571994  -96.75178  954  134  -88.81843 -106.21573  19.6%  22.6 8815s
 603463 574042  -91.14707 1067  116  -88.81843 -106.21573  19.6%  22.6 8845s
 605632 576304 -106.16611   62  454  -88.81843 -106.21567  19.6%  22.6 8876s
 607894 578294 -106.13029   91  427  -88.81843 -106.21567  19.6%  22.6 8906s
 610009 579958 -106.08661  118  403  -88.81843 -106.21567  19.6%  22.6 8932s
 611757 581881 -106.03900  141  384  -88.81843 -106.21567  19.6%  22.6 8961s
 613680 583724 -105.98697  164  365  -88.81843 -106.21567  19.6%  22.6 8987s
 615523 585618 -105.94234  191  349  -88.81843 -106.21567  19.6%  22.6 9011s
 617417 588145 -105.89073  214  341  -88.81843 -106.21567  19.6%  22.6 9037s
 620071 589855 -105.81859  241  317  -88.81843 -106.21567  19.6%  22.6 9060s
H620419 589851                     -88.8202092 -106.21567  19.6%  22.6 9060s
H621891 591541                     -89.0249971 -106.21567  19.3%  22.6 9090s
 624426 593702 -105.70840  283  301  -89.02500 -106.21567  19.3%  22.6 9124s
 626591 595740 -105.61249  306  297  -89.02500 -106.21567  19.3%  22.6 9156s
 628882 597879 -105.52195  325  283  -89.02500 -106.21567  19.3%  22.6 9186s
 631067 597899 -105.45459  335  287  -89.02500 -106.21565  19.3%  22.6 9202s
 631087 597919 -105.47482  335  288  -89.02500 -106.21565  19.3%  22.6 9229s
 631107 597938 -105.45146  338  277  -89.02500 -106.21565  19.3%  22.6 9258s
 631128 597958 -105.43922  336  289  -89.02500 -106.21565  19.3%  22.6 9286s
 631148 597977 -105.46291  336  286  -89.02500 -106.21565  19.3%  22.6 9308s
 631169 598136 -105.45934  337  289  -89.02500 -106.21565  19.3%  22.6 9330s
 631328 598569 -105.47237  336  285  -89.02500 -106.21565  19.3%  22.6 9350s
 631789 600413 -105.45961  337  283  -89.02500 -106.21565  19.3%  22.6 9378s
 633725 602973 -105.33100  359  275  -89.02500 -106.21565  19.3%  22.6 9410s
 636339 605575 -105.26103  372  269  -89.02500 -106.21563  19.3%  22.6 9436s
 639000 607227 -105.20274  386  269  -89.02500 -106.21563  19.3%  22.6 9458s
 640652 609386 -105.12608  397  266  -89.02500 -106.21563  19.3%  22.6 9489s
 642839 611505 -105.06354  407  263  -89.02500 -106.21563  19.3%  22.6 9522s
 644993 613614 -104.97417  424  254  -89.02500 -106.21563  19.3%  22.6 9555s
 647102 615713 -104.88234  441  254  -89.02500 -106.21563  19.3%  22.6 9587s
 649277 616375 -104.77748  453  246  -89.02500 -106.21563  19.3%  22.6 9624s
 649959 618968 -104.71267  456  246  -89.02500 -106.21563  19.3%  22.7 9659s
 652713 621096 -104.47750  482  241  -89.02500 -106.21563  19.3%  22.7 9697s
H652932 621019                     -89.0492653 -106.21563  19.3%  22.7 9697s
H654952 622598                     -89.1764971 -106.21563  19.1%  22.6 9731s
 657066 624496 -104.16232  516  239  -89.17650 -106.21563  19.1%  22.6 9760s
 659022 626480 -104.06849  528  229  -89.17650 -106.21561  19.1%  22.6 9788s
 661006 628396 -103.81331  546  223  -89.17650 -106.21561  19.1%  22.6 9813s
 662922 630369 -103.53796  560  220  -89.17650 -106.21561  19.1%  22.6 9835s
 664959 632090 -103.26652  574  223  -89.17650 -106.21561  19.1%  22.7 9865s
 666942 634122 -103.01919  590  211  -89.17650 -106.21561  19.1%  22.7 9898s
 669022 636407 -102.73087  603  210  -89.17650 -106.21561  19.1%  22.7 9933s
 671332 637138 -102.40474  625  199  -89.17650 -106.21561  19.1%  22.7 9947s
 672079 639780 -102.30739  632  195  -89.17650 -106.21561  19.1%  22.7 9981s
 674781 641975 -101.78491  655  193  -89.17650 -106.21561  19.1%  22.7 10010s
 677031 643975 -101.51997  664  195  -89.17650 -106.21561  19.1%  22.7 10039s
 679031 645896 -101.23352  672  193  -89.17650 -106.21561  19.1%  22.7 10064s
 680952 647818 -101.08031  680  191  -89.17650 -106.21561  19.1%  22.7 10088s
 682874 649356 -100.71931  691  193  -89.17650 -106.21561  19.1%  22.8 10109s
 684472 651472 -100.47416  701  184  -89.17650 -106.21561  19.1%  22.8 10140s
 686740 653880 -100.00878  718  176  -89.17650 -106.21561  19.1%  22.8 10168s
 689225 656374  -99.85377  727  169  -89.17650 -106.21561  19.1%  22.8 10195s
 691752 658431  -99.47302  740  172  -89.17650 -106.21561  19.1%  22.8 10222s
 693953 660654  -99.09346  756  169  -89.17650 -106.21561  19.1%  22.8 10254s
 696188 662705  -98.69265  766  165  -89.17650 -106.21552  19.1%  22.8 10277s
 698239 664448  -98.19565  776  164  -89.17650 -106.21552  19.1%  22.8 10293s
 699982 666443  -97.86384  787  155  -89.17650 -106.21552  19.1%  22.8 10311s
 701977 668416  -96.43220  802  162  -89.17650 -106.21552  19.1%  22.9 10327s
 703950 671259  -95.66591  809  155  -89.17650 -106.21552  19.1%  22.9 10346s
 706974 673073  -93.75348  822  156  -89.17650 -106.21552  19.1%  23.0 10370s
 708947 675194  -92.76403  830  155  -89.17650 -106.21546  19.1%  23.0 10396s
 711182 677163 -106.10086  135  386  -89.17650 -106.21535  19.1%  23.0 10419s
 713173 679207 -105.91875  255  308  -89.17650 -106.21535  19.1%  23.0 10444s
 715421 679227 -105.54469  381  253  -89.17650 -106.21534  19.1%  23.0 10456s
 715441 679247 -105.54245  382  256  -89.17650 -106.21534  19.1%  23.0 10485s
 715461 679267 -105.53452  383  256  -89.17650 -106.21534  19.1%  23.0 10521s
 715481 679287 -105.53083  384  253  -89.17650 -106.21534  19.1%  23.0 10547s
 715501 679307 -105.52088  385  253  -89.17650 -106.21534  19.1%  23.0 10571s
 715521 679327 -105.50831  386  256  -89.17650 -106.21534  19.1%  23.0 10594s
 715541 679416 -105.50577  387  255  -89.17650 -106.21534  19.1%  23.0 10614s
 715630 680184 -105.50147  388  253  -89.17650 -106.21534  19.1%  23.0 10634s
 716398 680924 -104.97018  471  227  -89.17650 -106.21534  19.1%  23.0 10667s
 717187 683264 -104.67749  504  214  -89.17650 -106.21534  19.1%  23.0 10697s
 719527 685193 -103.43621  621  198  -89.17650 -106.21534  19.1%  23.0 10713s
 721456 687228 -102.26926  708  174  -89.17650 -106.21534  19.1%  23.0 10728s
H722183 687140                     -89.1950791 -106.21534  19.1%  23.0 10728s
H723493 687760                     -89.4992534 -106.21534  18.7%  23.0 10741s
 725700 690220  -97.98167  916  126  -89.49925 -106.21534  18.7%  23.1 10768s
 728330 692055 -106.18101   59  456  -89.49925 -106.21534  18.7%  23.1 10791s
 730269 693302 -106.06185  177  354  -89.49925 -106.21533  18.7%  23.1 10800s

Explored 731672 nodes (16920781 simplex iterations) in 10800.21 seconds (2970.28 work units)
Thread count was 20 (of 72 available processors)

Solution count 10: -89.4993 -89.1951 -89.1765 ... -88.5524

Time limit reached
Best objective -8.949925335033e+01, best bound -1.062153307912e+02, gap 18.6773%
final_gap is 0.19%
x[0]: 4.00 x[1]: -3.00 x[2]: -13.00 x[3]: -17.00 x[4]: -5.00 x[5]: -11.00 x[6]: 2.00 x[7]: -13.00 x[8]: -19.00 x[9]: -13.00 x[10]: -4.00 x[11]: 22.00 x[12]: 0.00 x[13]: 0.00 x[14]: -15.00 x[15]: -2.00 x[16]: -7.00 x[17]: 0.00 x[18]: -10.00 x[19]: -1.00 x[20]: -27.00 x[21]: 4.00 x[22]: -2.00 x[23]: -1.00 x[24]: -7.00 x[25]: -18.00 x[26]: -3.00 x[27]: -30.00 x[28]: -4.00 x[29]: -16.00 x[30]: -14.00 x[31]: 4.00 x[32]: 0.00 x[33]: 12.00 x[34]: -2.00 x[35]: -15.00 x[36]: -6.00 x[37]: -9.00 x[38]: 1.00 x[39]: -1.00 x[40]: 0.00 x[41]: 12.00 x[42]: -7.00 x[43]: -6.00 x[44]: -15.00 x[45]: 7.00 x[46]: -6.00 x[47]: -14.00 x[48]: 0.00 x[49]: -4.00 x[50]: -3.00 x[51]: -4.00 x[52]: 1.00 x[53]: 1.00 x[54]: -14.00 x[55]: -11.00 x[56]: -11.00 x[57]: 11.00 x[58]: 3.00 x[59]: 4.00 x[60]: -10.00 x[61]: -1.00 x[62]: -21.00 x[63]: 4.00 x[64]: -6.00 x[65]: -4.00 x[66]: -4.00 x[67]: -7.00 x[68]: 0.00 x[69]: -1.00 x[70]: -22.00 x[71]: 17.00 x[72]: -7.00 x[73]: -17.00 x[74]: -24.00 x[75]: -7.00 x[76]: -2.00 x[77]: -12.00 x[78]: -4.00 x[79]: -12.00 x[80]: 15.00 x[81]: -11.00 x[82]: 6.00 x[83]: -22.00 x[84]: -10.00 x[85]: -12.00 x[86]: 0.00 x[87]: 7.00 x[88]: -7.00 x[89]: -4.00 x[90]: -1.00 x[91]: -17.00 x[92]: -3.00 x[93]: -6.00 x[94]: 2.00 x[95]: -13.00 x[96]: -14.00 x[97]: -4.00 x[98]: -9.00 x[99]: -3.00 x[100]: -14.00 x[101]: -1.00 x[102]: -5.00 x[103]: -1.00 x[104]: 5.00 x[105]: -20.00 x[106]: 12.00 x[107]: -13.00 x[108]: -12.00 x[109]: -12.00 x[110]: -14.00 x[111]: 4.00 x[112]: 1.00 x[113]: -2.00 x[114]: 1.00 x[115]: -17.00 x[116]: -8.00 x[117]: 3.00 x[118]: -8.00 x[119]: -9.00 x[120]: -13.00 x[121]: 2.00 x[122]: 2.00 x[123]: -11.00 x[124]: -25.00 x[125]: -13.00 x[126]: -14.00 x[127]: -4.00 x[128]: -6.00 x[129]: -2.00 x[130]: 0.00 x[131]: 3.00 x[132]: 0.00 x[133]: -8.00 x[134]: -1.00 x[135]: -1.00 x[136]: -11.00 x[137]: -13.00 x[138]: -6.00 x[139]: -10.00 x[140]: 12.00 x[141]: -12.00 x[142]: -4.00 x[143]: -13.00 x[144]: 1.00 x[145]: -12.00 x[146]: -7.00 x[147]: -8.00 x[148]: -12.00 x[149]: 8.00 x[150]: -11.00 x[151]: -18.00 x[152]: -13.00 x[153]: -1.00 x[154]: 6.00 x[155]: -4.00 x[156]: -19.00 x[157]: -5.00 x[158]: 2.00 x[159]: -4.00 x[160]: -8.00 x[161]: -5.00 x[162]: -8.00 x[163]: 7.00 x[164]: -11.00 x[165]: -3.00 x[166]: 11.00 x[167]: -13.00 x[168]: -8.00 x[169]: -3.00 x[170]: -9.00 x[171]: -4.00 x[172]: -4.00 x[173]: -24.00 x[174]: -29.00 x[175]: -11.00 x[176]: -31.00 x[177]: -8.00 x[178]: 5.00 x[179]: -25.00 x[180]: -20.00 x[181]: -7.00 x[182]: -15.00 x[183]: -10.00 x[184]: -9.00 x[185]: -13.00 x[186]: 1.00 x[187]: -5.00 x[188]: -15.00 x[189]: 10.00 x[190]: -9.00 x[191]: -1.00 x[192]: 0.00 x[193]: -2.00 x[194]: -12.00 x[195]: -4.00 x[196]: -1.00 x[197]: -9.00 x[198]: -9.00 x[199]: -10.00 x[200]: -18.00 x[201]: -3.00 x[202]: -6.00 x[203]: 2.00 x[204]: -8.00 x[205]: -1.00 x[206]: -6.00 x[207]: -5.00 x[208]: -6.00 x[209]: 5.00 x[210]: -13.00 x[211]: -2.00 x[212]: -7.00 x[213]: 2.00 x[214]: -10.00 x[215]: -11.00 x[216]: -4.00 x[217]: -14.00 x[218]: -9.00 x[219]: -2.00 x[220]: -9.00 x[221]: 3.00 x[222]: -1.00 x[223]: 1.00 x[224]: -7.00 x[225]: -6.00 x[226]: -28.00 x[227]: 4.00 x[228]: -14.00 x[229]: -4.00 x[230]: 17.00 x[231]: -6.00 x[232]: -20.00 x[233]: 3.00 x[234]: -11.00 x[235]: 3.00 x[236]: -5.00 x[237]: -8.00 x[238]: -16.00 x[239]: -7.00 x[240]: 5.00 x[241]: 7.00 x[242]: -4.00 x[243]: 7.00 x[244]: 5.00 x[245]: 0.00 x[246]: 3.00 x[247]: -17.00 x[248]: -20.00 x[249]: -9.00 x[250]: -8.00 x[251]: -8.00 x[252]: 8.00 x[253]: -8.00 x[254]: -10.00 x[255]: 3.00 x[256]: 4.00 x[257]: -9.00 x[258]: -6.00 x[259]: -5.00 x[260]: -7.00 x[261]: -14.00 x[262]: -23.00 x[263]: -4.00 x[264]: -4.00 x[265]: -15.00 x[266]: -13.00 x[267]: -29.00 x[268]: -11.00 x[269]: 2.00 x[270]: 5.00 x[271]: -2.00 x[272]: -4.00 x[273]: 10.00 x[274]: -2.00 x[275]: -4.00 x[276]: -16.00 x[277]: 1.00 x[278]: -9.00 x[279]: 4.00 x[280]: -4.00 x[281]: -8.00 x[282]: -10.00 x[283]: -3.00 x[284]: 6.00 x[285]: -6.00 x[286]: 6.00 x[287]: -4.00 x[288]: 4.00 x[289]: 0.00 x[290]: 3.00 x[291]: 10.00 x[292]: -2.00 x[293]: -17.00 x[294]: 2.00 x[295]: 0.00 x[296]: 1.00 x[297]: -6.00 x[298]: 3.00 x[299]: 1.00 x[300]: -8.00 x[301]: -1.00 x[302]: -13.00 x[303]: 7.00 x[304]: -4.00 x[305]: -8.00 x[306]: -12.00 x[307]: -8.00 x[308]: -4.00 x[309]: -12.00 x[310]: 8.00 x[311]: -4.00 x[312]: -2.00 x[313]: 3.00 x[314]: -8.00 x[315]: -3.00 x[316]: -7.00 x[317]: -2.00 x[318]: 8.00 x[319]: -10.00 x[320]: -23.00 x[321]: -19.00 x[322]: -8.00 x[323]: 5.00 x[324]: 0.00 x[325]: -6.00 x[326]: -8.00 x[327]: -4.00 x[328]: -2.00 x[329]: 1.00 x[330]: -1.00 x[331]: 7.00 x[332]: -23.00 x[333]: -12.00 x[334]: -9.00 x[335]: -17.00 x[336]: -8.00 x[337]: -5.00 x[338]: -2.00 x[339]: -34.00 x[340]: 3.00 x[341]: 3.00 x[342]: -6.00 x[343]: -17.00 x[344]: -17.00 x[345]: -2.00 x[346]: -11.00 x[347]: 0.00 x[348]: -20.00 x[349]: 5.00 x[350]: -14.00 x[351]: -7.00 x[352]: -2.00 x[353]: -6.00 x[354]: -21.00 x[355]: -22.00 x[356]: 4.00 x[357]: 7.00 x[358]: -21.00 x[359]: -16.00 x[360]: 1.00 x[361]: 6.00 x[362]: -9.00 x[363]: -7.00 x[364]: -5.00 x[365]: -5.00 x[366]: -17.00 x[367]: -4.00 x[368]: 0.00 x[369]: -16.00 x[370]: -14.00 x[371]: -13.00 x[372]: -4.00 x[373]: -18.00 x[374]: -6.00 x[375]: -14.00 x[376]: 21.00 x[377]: 10.00 x[378]: -5.00 x[379]: -17.00 x[380]: -9.00 x[381]: -5.00 x[382]: 2.00 x[383]: -2.00 x[384]: -1.00 x[385]: -15.00 x[386]: -10.00 x[387]: 0.00 x[388]: -10.00 x[389]: -22.00 x[390]: -5.00 x[391]: 6.00 x[392]: -7.00 x[393]: -12.00 x[394]: -2.00 x[395]: 26.00 x[396]: -1.00 x[397]: -3.00 x[398]: -7.00 x[399]: -7.00 x[400]: -11.00 x[401]: 5.00 x[402]: -6.00 x[403]: -5.00 x[404]: -2.00 x[405]: -7.00 x[406]: -24.00 x[407]: -37.00 x[408]: 8.00 x[409]: -12.00 x[410]: -6.00 x[411]: -1.00 x[412]: -5.00 x[413]: 0.00 x[414]: 0.00 x[415]: -7.00 x[416]: -12.00 x[417]: -15.00 x[418]: -26.00 x[419]: 0.00 x[420]: 5.00 x[421]: -11.00 x[422]: -3.00 x[423]: 19.00 x[424]: 2.00 x[425]: -24.00 x[426]: 5.00 x[427]: -20.00 x[428]: -8.00 x[429]: -9.00 x[430]: -8.00 x[431]: 7.00 x[432]: 9.00 x[433]: 1.00 x[434]: -4.00 x[435]: -7.00 x[436]: 8.00 x[437]: -7.00 x[438]: 6.00 x[439]: 6.00 x[440]: -5.00 x[441]: -5.00 x[442]: -8.00 x[443]: 0.00 x[444]: -2.00 x[445]: -34.00 x[446]: 8.00 x[447]: -17.00 x[448]: -4.00 x[449]: -6.00 x[450]: -4.00 x[451]: -2.00 x[452]: -5.00 x[453]: -23.00 x[454]: -8.00 x[455]: -4.00 x[456]: 0.00 x[457]: -9.00 x[458]: -4.00 x[459]: -2.00 x[460]: 2.00 x[461]: -16.00 x[462]: -8.00 x[463]: -16.00 x[464]: -5.00 x[465]: -14.00 x[466]: 16.00 x[467]: 1.00 x[468]: -18.00 x[469]: -9.00 x[470]: -12.00 x[471]: -2.00 x[472]: -23.00 x[473]: -16.00 x[474]: -8.00 x[475]: -9.00 x[476]: -17.00 x[477]: -4.00 x[478]: 3.00 x[479]: -11.00 x[480]: -11.00 x[481]: -5.00 x[482]: -4.00 x[483]: -16.00 x[484]: 12.00 x[485]: 3.00 x[486]: -17.00 x[487]: -5.00 x[488]: -5.00 x[489]: 1.00 x[490]: 10.00 x[491]: -6.00 x[492]: -11.00 x[493]: 2.00 x[494]: -4.00 x[495]: -6.00 x[496]: -15.00 x[497]: 4.00 x[498]: -3.00 x[499]: -29.00
Objective Value: -89.50
Elapsed Time: 10800.2164 sec

无可行解，所有约束违规量为零
输出违反约束的量

 80%|████████  | 4/5 [12:00:12<3:00:03, 10803.25s/it][0. 0. 0. 0. 0. 0. 0. 0. 0. 0. 0. 0. 0. 0. 0. 0. 0. 0. 0. 0. 0. 0. 0. 0.
 0. 0. 0. 0. 0. 0. 0. 0. 0. 0. 0. 0. 0. 0. 0. 0. 0. 0. 0. 0. 0. 0. 0. 0.
 0. 0. 0. 0. 0. 0. 0. 0. 0. 0. 0. 0. 0. 0. 0. 0. 0. 0. 0. 0. 0. 0. 0. 0.
 0. 0. 0. 0. 0. 0. 0. 0. 0. 0. 0. 0. 0. 0. 0. 0. 0. 0. 0. 0. 0. 0. 0. 0.
 0. 0. 0. 0. 0. 0. 0. 0. 0. 0. 0. 0. 0. 0. 0. 0. 0. 0. 0. 0. 0. 0. 0. 0.
 0. 0. 0. 0. 0. 0. 0. 0. 0. 0. 0. 0. 0. 0. 0. 0. 0. 0. 0. 0. 0. 0. 0. 0.
 0. 0. 0. 0. 0. 0. 0. 0. 0. 0. 0. 0. 0. 0. 0. 0. 0. 0. 0. 0. 0. 0. 0. 0.
 0. 0. 0. 0. 0. 0. 0. 0. 0. 0. 0. 0. 0. 0. 0. 0. 0. 0. 0. 0. 0. 0. 0. 0.
 0. 0. 0. 0. 0. 0. 0. 0. 0. 0. 0. 0. 0. 0. 0. 0. 0. 0. 0. 0. 0. 0. 0. 0.
 0. 0. 0. 0. 0. 0. 0. 0. 0. 0. 0. 0. 0. 0. 0. 0. 0. 0. 0. 0. 0. 0. 0. 0.
 0. 0. 0. 0. 0. 0. 0. 0. 0. 0. 0. 0. 0. 0. 0. 0. 0. 0. 0. 0. 0. 0. 0. 0.
 0. 0. 0. 0. 0. 0. 0. 0. 0. 0. 0. 0. 0. 0. 0. 0. 0. 0. 0. 0. 0. 0. 0. 0.
 0. 0. 0. 0. 0. 0. 0. 0. 0. 0. 0. 0. 0. 0. 0. 0. 0. 0. 0. 0. 0. 0. 0. 0.
 0. 0. 0. 0. 0. 0. 0. 0. 0. 0. 0. 0. 0. 0. 0. 0. 0. 0. 0. 0. 0. 0. 0. 0.
 0. 0. 0. 0. 0. 0. 0. 0. 0. 0. 0. 0. 0. 0. 0. 0. 0. 0. 0. 0. 0. 0. 0. 0.
 0. 0. 0. 0. 0. 0. 0. 0. 0. 0. 0. 0. 0. 0. 0. 0. 0. 0. 0. 0. 0. 0. 0. 0.
 0. 0. 0. 0. 0. 0. 0. 0. 0. 0. 0. 0. 0. 0. 0. 0. 0. 0. 0. 0. 0. 0. 0. 0.
 0. 0. 0. 0. 0. 0. 0. 0. 0. 0. 0. 0. 0. 0. 0. 0. 0. 0. 0. 0. 0. 0. 0. 0.
 0. 0. 0. 0. 0. 0. 0. 0. 0. 0. 0. 0. 0. 0. 0. 0. 0. 0. 0. 0. 0. 0. 0. 0.
 0. 0. 0. 0. 0. 0. 0. 0. 0. 0. 0. 0. 0. 0. 0. 0. 0. 0. 0. 0. 0. 0. 0. 0.
 0. 0. 0. 0. 0. 0. 0. 0. 0. 0. 0. 0. 0. 0. 0. 0. 0. 0. 0. 0.]
约束的个数: 500
Gurobi model disposed.
此时传入模型的b
[ 0.18027371 -0.01020714 -0.5720318   0.9753451  -0.7982047   0.60327685
  0.73952264  0.17770684  0.01791649 -0.01757032  0.6819842   0.92345595
  0.947431   -0.9616502   0.93023795  0.6288095  -0.6756139  -0.43505058
  0.5972161  -0.66559875 -0.27993217 -0.4210169  -0.6421883   0.1825469
 -0.25869593 -0.93526584 -0.15713298  0.7597776   0.35579553 -0.7734336
  0.19332571 -0.9862601  -0.97139645 -0.7664731   0.5779647  -0.5457638
 -0.11448723 -0.76683736  0.53573036  0.79775566  0.75590074 -0.5299372
 -0.51852614  0.9607783   0.48420504 -0.9392576   0.00448129  0.2635617
 -0.609443   -0.45345554  0.9419767   0.6646062  -0.97665715  0.15348247
 -0.18252143  0.10106709  0.5659533  -0.8587393   0.47247708  0.528764
  0.24022481 -0.3288498  -0.07382362 -0.08415    -0.6536328  -0.29006907
  0.34373453 -0.75252116  0.3477165   0.74551165  0.20664391  0.16082467
  0.41435304 -0.22326434  0.89810294  0.27052453  0.9064462   0.32982937
 -0.40633485 -0.8611316  -0.74977815 -0.8096956  -0.7254208  -0.22054482
  0.7180674  -0.45938382  0.27352118  0.39987588  0.41766348  0.9794689
 -0.62390023 -0.02033036 -0.55182344  0.5967646  -0.6898844  -0.34600893
  0.8006728  -0.20856754 -0.42488238 -0.23384407 -0.13976774 -0.44742167
 -0.06433639 -0.6248436   0.9759266   0.03330431  0.7455225  -0.37402302
  0.709501   -0.3284118  -0.65216494  0.07610543  0.86994064 -0.05038212
  0.5348128   0.03255347  0.77026206 -0.44710925  0.78049475 -0.5525372
  0.3940842  -0.12559754  0.46755326  0.830824   -0.96871984 -0.4924276
  0.5843207  -0.3105475  -0.48142782 -0.657765    0.39595    -0.25096804
  0.83002573  0.5577335   0.01104292 -0.60268545 -0.89353323 -0.52312595
  0.8739293   0.9047192   0.9486995  -0.40504494  0.21055889  0.58058935
 -0.6026319  -0.31653985  0.16240866 -0.9660899   0.14601922 -0.88734084
 -0.31479406  0.6087864  -0.0671902   0.9702204   0.51545244  0.22330661
 -0.50614923 -0.8265909   0.86807257 -0.9404142   0.3613289  -0.2258884
  0.9153644  -0.18780054  0.07001624  0.43457276  0.07275463  0.45809126
 -0.98658204  0.5163233   0.4445227   0.29651898 -0.78871083 -0.55603933
  0.58299035  0.39712104 -0.93925583 -0.6397328  -0.7778682  -0.37177816
 -0.9118806  -0.04167145 -0.5541508  -0.7931932   0.01728715 -0.6798945
  0.3397253  -0.38043824  0.00799298  0.35307208  0.3889919  -0.8875286
  0.11265206  0.10626331  0.817233   -0.16556802 -0.0477784  -0.24524589
 -0.7941304   0.84354776 -0.25612816  0.536774    0.4672684   0.58660835
 -0.29090095  0.4653112  -0.02965682 -0.14361669 -0.15198243 -0.42052382
 -0.57114977 -0.7839465   0.92073405 -0.53315806  0.22459397  0.73635924
  0.41725492 -0.2162173   0.61382616 -0.83151054  0.8080806   0.92603135
  0.67773956 -0.75639826  0.07742797 -0.22104755  0.27689883 -0.15525861
  0.49590832 -0.36362898  0.80637753  0.36284888 -0.75530404  0.5769944
 -0.19840556 -0.4862625  -0.5297336  -0.9383534  -0.38304105 -0.12506439
  0.2908301   0.08848582  0.13329992 -0.79515326 -0.7085341   0.24825208
  0.31330636  0.48416197  0.91897947 -0.9098443  -0.12670852  0.46012402
  0.7886509   0.3001589   0.5476664  -0.14424396  0.89940876  0.09971786
 -0.285664   -0.76923186  0.6267282   0.03708075 -0.81809604  0.49374786
 -0.9021178  -0.35464367 -0.4555434   0.9800961   0.08492739 -0.17377478
 -0.23911947  0.28815463 -0.88912797  0.50257623 -0.33462209 -0.7705247
  0.8754643   0.33763647  0.10857403 -0.07746281  0.6820165   0.39097717
  0.802262   -0.9487334   0.9890728  -0.66719645 -0.24535054  0.08451983
  0.8191626   0.02320572 -0.45105788 -0.6439169   0.5857762   0.03407793
  0.83156997 -0.53246295 -0.89972746 -0.8084894   0.9566159  -0.34645674
 -0.08891929 -0.29457048  0.473825    0.9608707   0.8452081  -0.40607592
  0.95548105 -0.12609829 -0.10565694  0.07154083 -0.5088868  -0.22661848
  0.6561609   0.7946585   0.9814914   0.8820031  -0.67279756 -0.19733314
 -0.49153006  0.29575008  0.8435148  -0.70451313 -0.19430596 -0.7829851
  0.10299271  0.4138565   0.77897745  0.03836922 -0.2909556   0.56486
  0.9334705   0.22464488  0.97645426  0.6156466   0.98305064  0.70045805
  0.2863453  -0.35552287 -0.1266101   0.37543923 -0.9564709  -0.28733388
  0.95464236 -0.64660877  0.7687622   0.65777576  0.7559675  -0.94506747
  0.1193602   0.41044477  0.5999933   0.02761938  0.50282687  0.9864763
  0.82595235  0.9379589   0.14357325  0.39912656  0.13295968  0.5448674
  0.2256467  -0.27835968 -0.67563665  0.04255983 -0.7241866   0.9309964
 -0.1663862  -0.5827173   0.85306346 -0.40875542  0.73704076  0.1558882
  0.35837287  0.28859133 -0.72835994  0.00932995 -0.41950446 -0.17972054
 -0.06556359 -0.49964604  0.35605094 -0.30835694  0.15686354  0.7044686
 -0.54122496 -0.4860888   0.10491426  0.46102574  0.45259926  0.18121809
 -0.73286957  0.748414    0.8127928   0.53695077 -0.07290423  0.03652767
 -0.86359876  0.86193466  0.77273464  0.7254831   0.11635266 -0.06155621
  0.1887394  -0.81228817 -0.27269167 -0.6152993   0.6185736  -0.61571294
  0.9837485   0.4691434  -0.9391193   0.11205156 -0.4870133  -0.082698
 -0.5469717   0.94655347 -0.13414006  0.83243567 -0.37695178 -0.3410382
 -0.04572399  0.594835    0.95488     0.39463162  0.38224652 -0.8611517
 -0.6958268  -0.9521097   0.04128566  0.01650856 -0.06673796 -0.3155542
 -0.30574423  0.97117776 -0.81667256  0.4101607   0.89515597  0.24886572
  0.6287322  -0.66518444 -0.34343487 -0.47715566  0.47357187  0.60019946
  0.9897796   0.15539171  0.22872448  0.4563392   0.86069816  0.63086396
 -0.0714614   0.69432247 -0.27313402 -0.38851348  0.4246406   0.4849427
  0.28108558  0.4330876   0.5710998   0.14150198 -0.8004773   0.37112612
  0.5686752  -0.00951265 -0.7412112  -0.83952636 -0.8712242  -0.1917664
 -0.3946965   0.45915088  0.5738103   0.95050186  0.8028294  -0.762313
  0.4453337   0.2583321  -0.09841624 -0.5188018   0.67762154  0.56351507
 -0.96142447 -0.46123123  0.37282115  0.7753956  -0.7864164  -0.3587112
 -0.10146856  0.84146607 -0.9479979  -0.08205011  0.29799733  0.09594408
 -0.6940243   0.6838445   0.29482687  0.18358496  0.9650873   0.18532829
 -0.8995304  -0.22891451]
======================================================
Solve MINLP problem:
[[0.00294665 0.         0.         ... 0.         0.         0.        ]
 [0.         0.00530587 0.         ... 0.         0.         0.        ]
 [0.         0.         0.00191521 ... 0.         0.         0.        ]
 ...
 [0.         0.         0.         ... 0.00036931 0.         0.        ]
 [0.         0.         0.         ... 0.         0.00864608 0.        ]
 [0.         0.         0.         ... 0.         0.         0.0002159 ]]
[0.00133922 0.08177239 0.02510362 0.05407345 0.0584661  0.06953505
 0.0572123  0.03969068 0.0244073  0.07791699 0.04997084 0.01213402
 0.06808288 0.0112906  0.03857721 0.06185987 0.07575615 0.04951519
 0.05330309 0.06762374 0.08010294 0.02096921 0.02583031 0.02608824
 0.05500534 0.08229287 0.01873222 0.06601226 0.01353801 0.02233934
 0.06650325 0.01563992 0.01025159 0.05748777 0.0352567  0.08438829
 0.03763755 0.02197414 0.04864225 0.09976746 0.00181751 0.00729885
 0.08754292 0.03216953 0.02603403 0.05598473 0.05248588 0.04908028
 0.04183061 0.05945832 0.04630717 0.06185976 0.02284373 0.01333738
 0.07422781 0.0538897  0.06085712 0.0611719  0.07460422 0.0845935
 0.00725107 0.04313434 0.04728378 0.06317844 0.06107105 0.0358849
 0.03265345 0.00307268 0.03492641 0.00220235 0.07327128 0.0157121
 0.02361114 0.05673034 0.09645324 0.05110158 0.06613662 0.02328464
 0.07959891 0.09027635 0.06257487 0.08225257 0.01248787 0.08656734
 0.02557825 0.02754175 0.03855789 0.08877995 0.03626134 0.00023315
 0.00387181 0.04408163 0.03452555 0.09239139 0.06734281 0.01021451
 0.05867741 0.0515583  0.06876298 0.03105892 0.05197503 0.0049388
 0.06264219 0.08953422 0.05860403 0.07815534 0.03476151 0.00306742
 0.08422802 0.00581519 0.0843923  0.00774878 0.0132233  0.09230754
 0.04921892 0.04722613 0.08399801 0.06804495 0.07964862 0.07986401
 0.06359439 0.04765696 0.05138381 0.03877611 0.05708265 0.02026126
 0.09548149 0.02687087 0.02772522 0.07923771 0.03475723 0.03359557
 0.00400404 0.09081151 0.02953911 0.04516075 0.04593805 0.07474501
 0.00706981 0.07728628 0.04100942 0.07414747 0.05794287 0.09270067
 0.00499511 0.06015323 0.04723491 0.07328196 0.08622323 0.07708847
 0.00772451 0.04070049 0.05042961 0.02967686 0.04229219 0.01438626
 0.07556076 0.06884494 0.03621866 0.09768255 0.07451063 0.08162189
 0.03265578 0.00066749 0.03712253 0.07146835 0.02995036 0.08405409
 0.03584627 0.07842178 0.06781245 0.02518036 0.06832849 0.07154936
 0.09606445 0.08637938 0.08172043 0.02333243 0.05890263 0.07351509
 0.09244427 0.07091198 0.07420116 0.06281726 0.03615584 0.08071931
 0.05708791 0.03514295 0.04337441 0.02101509 0.0636107  0.03513254
 0.03402702 0.02087314 0.07591831 0.07796393 0.0382953  0.03873887
 0.08548603 0.09315812 0.07185882 0.06257971 0.07543251 0.08081806
 0.06399422 0.04348634 0.06746841 0.03374991 0.01661944 0.02442329
 0.00567911 0.0475542  0.08633873 0.05100447 0.06934462 0.08680323
 0.09878164 0.08082736 0.09100773 0.09516713 0.09612457 0.03745898
 0.04359444 0.05694872 0.04626932 0.09445095 0.0836615  0.0013266
 0.0441172  0.05260435 0.06512218 0.09733626 0.0528653  0.02258527
 0.07674533 0.00949805 0.01788375 0.06693704 0.08226266 0.01638301
 0.01801214 0.0003151  0.05238591 0.05562263 0.069318   0.04074037
 0.00111452 0.05069197 0.09800315 0.04777785 0.02962359 0.05721144
 0.08420964 0.05887146 0.08433907 0.0409551  0.01031315 0.05571807
 0.03922759 0.07541025 0.09809351 0.09857075 0.09086422 0.03109582
 0.08274066 0.08056854 0.05166704 0.07578351 0.04382434 0.01477322
 0.01130025 0.03397862 0.0440002  0.00382547 0.0405858  0.05992139
 0.07180629 0.03076267 0.05439422 0.05595874 0.06127391 0.06153024
 0.04960326 0.08374212 0.01123874 0.05504487 0.05397648 0.00527283
 0.0132057  0.01910609 0.00592752 0.09450579 0.06426141 0.03605839
 0.06962132 0.04120773 0.07159304 0.04223442 0.08767316 0.08335783
 0.0442676  0.05137423 0.0191519  0.03084932 0.05612969 0.08326521
 0.09981613 0.04975683 0.00667542 0.09734665 0.06632399 0.0095614
 0.03448687 0.02514818 0.03820351 0.07851758 0.0562359  0.0322804
 0.02424905 0.05365921 0.05166194 0.00103395 0.05248943 0.03413897
 0.00321797 0.0135666  0.05104997 0.03297562 0.09515222 0.02353217
 0.08770565 0.05819153 0.07880408 0.06048169 0.08510414 0.07834791
 0.09723876 0.08982619 0.00141041 0.06491263 0.08322218 0.07945705
 0.06314119 0.07815998 0.09043522 0.00194805 0.09838504 0.00719455
 0.09940301 0.01675928 0.05358797 0.09972834 0.05633487 0.02203558
 0.04122514 0.05621719 0.02949358 0.00323306 0.045841   0.0864933
 0.0861266  0.02458368 0.05032549 0.05070931 0.04436682 0.00033209
 0.05000338 0.04556979 0.04066138 0.05734781 0.07779707 0.07503536
 0.03979888 0.05546754 0.0510734  0.07288759 0.0038776  0.09143401
 0.00533113 0.0631238  0.0822524  0.04454337 0.03013635 0.04701835
 0.03351121 0.04578329 0.09128481 0.06656726 0.03954722 0.03178628
 0.04299563 0.00019806 0.09570965 0.06161056 0.02724723 0.05609425
 0.04883717 0.02848462 0.02782634 0.05688568 0.02571337 0.0311811
 0.00272871 0.04378882 0.08420307 0.07772633 0.05852183 0.08166751
 0.00029335 0.07850384 0.09362274 0.05035981 0.0552622  0.00116196
 0.02389757 0.06385213 0.06298134 0.06436209 0.06114441 0.0239408
 0.01367103 0.02360204 0.02809949 0.04488965 0.07335366 0.06448454
 0.00896222 0.04484223 0.00286915 0.07755604 0.04794993 0.01262589
 0.0178823  0.05907873 0.00489121 0.01276896 0.02016645 0.05318037
 0.01977345 0.04140443 0.04665961 0.041359   0.05992908 0.0777708
 0.061222   0.07758379 0.02049927 0.06980975 0.00542676 0.01413459
 0.00570196 0.01199475 0.03469513 0.07083954 0.0605495  0.05667881
 0.02657863 0.07266255 0.00528351 0.00801001 0.03527261 0.09968004
 0.03065466 0.07958693 0.05965904 0.07281371 0.00461331 0.02969448
 0.05310453 0.00169754 0.02180899 0.04461533 0.05286625 0.04501398
 0.06021779 0.08571979 0.04486718 0.05069914 0.00407421 0.07037332
 0.06241258 0.01858998 0.03386769 0.01501927 0.01143804 0.01308397
 0.07770566 0.00100339 0.08206587 0.09505336 0.05697101 0.07545044
 0.07674267 0.00739541 0.07841799 0.01024942 0.02098656 0.01792223
 0.01914838 0.03251976]
[[-0.05174188  0.09723156 -0.02041709 ...  0.20673279 -0.0414435
   0.0362385 ]
 [ 0.03663959 -0.19775092  0.05117836 ...  0.06210294  0.14739006
   0.04037151]
 [ 0.08735605 -0.10103314  0.03549017 ... -0.00663709  0.05049992
  -0.04427324]
 ...
 [-0.12178913  0.00677205  0.09318566 ...  0.1984211  -0.09827667
  -0.03660177]
 [ 0.03619071 -0.08138609  0.12245426 ...  0.09280058 -0.24994393
   0.13769932]
 [ 0.12697229  0.13147694  0.10654318 ...  0.02334976  0.05295595
   0.03927171]]
此时输入模型的b
[0.18027371, -0.010207144, -0.5720318, 0.9753451, -0.7982047, 0.60327685, 0.73952264, 0.17770684, 0.017916495, -0.017570317, 0.6819842, 0.92345595, 0.947431, -0.9616502, 0.93023795, 0.6288095, -0.6756139, -0.43505058, 0.5972161, -0.66559875, -0.27993217, -0.4210169, -0.6421883, 0.1825469, -0.25869593, -0.93526584, -0.15713298, 0.7597776, 0.35579553, -0.7734336, 0.19332571, -0.9862601, -0.97139645, -0.7664731, 0.5779647, -0.5457638, -0.11448723, -0.76683736, 0.53573036, 0.79775566, 0.75590074, -0.5299372, -0.51852614, 0.9607783, 0.48420504, -0.9392576, 0.0044812886, 0.2635617, -0.609443, -0.45345554, 0.9419767, 0.6646062, -0.97665715, 0.15348247, -0.18252143, 0.10106709, 0.5659533, -0.8587393, 0.47247708, 0.528764, 0.24022481, -0.3288498, -0.073823616, -0.08415, -0.6536328, -0.29006907, 0.34373453, -0.75252116, 0.3477165, 0.74551165, 0.20664391, 0.16082467, 0.41435304, -0.22326434, 0.89810294, 0.27052453, 0.9064462, 0.32982937, -0.40633485, -0.8611316, -0.74977815, -0.8096956, -0.7254208, -0.22054482, 0.7180674, -0.45938382, 0.27352118, 0.39987588, 0.41766348, 0.9794689, -0.62390023, -0.020330364, -0.55182344, 0.5967646, -0.6898844, -0.34600893, 0.8006728, -0.20856754, -0.42488238, -0.23384407, -0.13976774, -0.44742167, -0.06433639, -0.6248436, 0.9759266, 0.03330431, 0.7455225, -0.37402302, 0.709501, -0.3284118, -0.65216494, 0.07610543, 0.86994064, -0.05038212, 0.5348128, 0.032553468, 0.77026206, -0.44710925, 0.78049475, -0.5525372, 0.3940842, -0.12559754, 0.46755326, 0.830824, -0.96871984, -0.4924276, 0.5843207, -0.3105475, -0.48142782, -0.657765, 0.39595, -0.25096804, 0.83002573, 0.5577335, 0.011042924, -0.60268545, -0.89353323, -0.52312595, 0.8739293, 0.9047192, 0.9486995, -0.40504494, 0.21055889, 0.58058935, -0.6026319, -0.31653985, 0.16240866, -0.9660899, 0.14601922, -0.88734084, -0.31479406, 0.6087864, -0.0671902, 0.9702204, 0.51545244, 0.22330661, -0.50614923, -0.8265909, 0.86807257, -0.9404142, 0.3613289, -0.2258884, 0.9153644, -0.18780054, 0.070016235, 0.43457276, 0.07275463, 0.45809126, -0.98658204, 0.5163233, 0.4445227, 0.29651898, -0.78871083, -0.55603933, 0.58299035, 0.39712104, -0.93925583, -0.6397328, -0.7778682, -0.37177816, -0.9118806, -0.041671455, -0.5541508, -0.7931932, 0.017287152, -0.6798945, 0.3397253, -0.38043824, 0.007992977, 0.35307208, 0.3889919, -0.8875286, 0.11265206, 0.10626331, 0.817233, -0.16556802, -0.047778398, -0.24524589, -0.7941304, 0.84354776, -0.25612816, 0.536774, 0.4672684, 0.58660835, -0.29090095, 0.4653112, -0.02965682, -0.14361669, -0.15198243, -0.42052382, -0.57114977, -0.7839465, 0.92073405, -0.53315806, 0.22459397, 0.73635924, 0.41725492, -0.2162173, 0.61382616, -0.83151054, 0.8080806, 0.92603135, 0.67773956, -0.75639826, 0.07742797, -0.22104755, 0.27689883, -0.15525861, 0.49590832, -0.36362898, 0.80637753, 0.36284888, -0.75530404, 0.5769944, -0.19840556, -0.4862625, -0.5297336, -0.9383534, -0.38304105, -0.12506439, 0.2908301, 0.08848582, 0.13329992, -0.79515326, -0.7085341, 0.24825208, 0.31330636, 0.48416197, 0.91897947, -0.9098443, -0.12670852, 0.46012402, 0.7886509, 0.3001589, 0.5476664, -0.14424396, 0.89940876, 0.099717855, -0.285664, -0.76923186, 0.6267282, 0.03708075, -0.81809604, 0.49374786, -0.9021178, -0.35464367, -0.4555434, 0.9800961, 0.08492739, -0.17377478, -0.23911947, 0.28815463, -0.88912797, 0.50257623, -0.33462209, -0.7705247, 0.8754643, 0.33763647, 0.108574025, -0.07746281, 0.6820165, 0.39097717, 0.802262, -0.9487334, 0.9890728, -0.66719645, -0.24535054, 0.08451983, 0.8191626, 0.023205716, -0.45105788, -0.6439169, 0.5857762, 0.034077927, 0.83156997, -0.53246295, -0.89972746, -0.8084894, 0.9566159, -0.34645674, -0.08891929, -0.29457048, 0.473825, 0.9608707, 0.8452081, -0.40607592, 0.95548105, -0.12609829, -0.10565694, 0.07154083, -0.5088868, -0.22661848, 0.6561609, 0.7946585, 0.9814914, 0.8820031, -0.67279756, -0.19733314, -0.49153006, 0.29575008, 0.8435148, -0.70451313, -0.19430596, -0.7829851, 0.102992706, 0.4138565, 0.77897745, 0.03836922, -0.2909556, 0.56486, 0.9334705, 0.22464488, 0.97645426, 0.6156466, 0.98305064, 0.70045805, 0.2863453, -0.35552287, -0.1266101, 0.37543923, -0.9564709, -0.28733388, 0.95464236, -0.64660877, 0.7687622, 0.65777576, 0.7559675, -0.94506747, 0.1193602, 0.41044477, 0.5999933, 0.027619382, 0.50282687, 0.9864763, 0.82595235, 0.9379589, 0.14357325, 0.39912656, 0.13295968, 0.5448674, 0.2256467, -0.27835968, -0.67563665, 0.04255983, -0.7241866, 0.9309964, -0.1663862, -0.5827173, 0.85306346, -0.40875542, 0.73704076, 0.1558882, 0.35837287, 0.28859133, -0.72835994, 0.0093299495, -0.41950446, -0.17972054, -0.06556359, -0.49964604, 0.35605094, -0.30835694, 0.15686354, 0.7044686, -0.54122496, -0.4860888, 0.104914255, 0.46102574, 0.45259926, 0.18121809, -0.73286957, 0.748414, 0.8127928, 0.53695077, -0.07290423, 0.03652767, -0.86359876, 0.86193466, 0.77273464, 0.7254831, 0.11635266, -0.061556205, 0.1887394, -0.81228817, -0.27269167, -0.6152993, 0.6185736, -0.61571294, 0.9837485, 0.4691434, -0.9391193, 0.11205156, -0.4870133, -0.082697995, -0.5469717, 0.94655347, -0.13414006, 0.83243567, -0.37695178, -0.3410382, -0.045723986, 0.594835, 0.95488, 0.39463162, 0.38224652, -0.8611517, -0.6958268, -0.9521097, 0.041285664, 0.016508557, -0.066737965, -0.3155542, -0.30574423, 0.97117776, -0.81667256, 0.4101607, 0.89515597, 0.24886572, 0.6287322, -0.66518444, -0.34343487, -0.47715566, 0.47357187, 0.60019946, 0.9897796, 0.15539171, 0.22872448, 0.4563392, 0.86069816, 0.63086396, -0.0714614, 0.69432247, -0.27313402, -0.38851348, 0.4246406, 0.4849427, 0.28108558, 0.4330876, 0.5710998, 0.14150198, -0.8004773, 0.37112612, 0.5686752, -0.009512652, -0.7412112, -0.83952636, -0.8712242, -0.1917664, -0.3946965, 0.45915088, 0.5738103, 0.95050186, 0.8028294, -0.762313, 0.4453337, 0.2583321, -0.09841624, -0.5188018, 0.67762154, 0.56351507, -0.96142447, -0.46123123, 0.37282115, 0.7753956, -0.7864164, -0.3587112, -0.101468556, 0.84146607, -0.9479979, -0.08205011, 0.29799733, 0.09594408, -0.6940243, 0.6838445, 0.29482687, 0.18358496, 0.9650873, 0.18532829, -0.8995304, -0.22891451]
已作为Gurobi初始解
此时传入求解器的初始解为：
[7.0, -2.0, -16.0, -10.0, -2.0, -10.0, 4.0, -13.0, -19.0, -11.0, -3.0, 21.0, 4.0, 0.0, -13.0, -1.0, -6.0, 0.0, -9.0, -1.0, -26.0, 5.0, -1.0, 0.0, -5.0, -15.0, -4.0, -26.0, -5.0, -18.0, -14.0, 7.0, 1.0, 13.0, -2.0, -12.0, -8.0, -9.0, 2.0, -1.0, 3.0, 13.0, -6.0, -6.0, -16.0, 8.0, -7.0, -11.0, -1.0, -3.0, -4.0, -4.0, 4.0, 2.0, -16.0, -11.0, -11.0, 12.0, 4.0, 4.0, -11.0, 1.0, -21.0, 4.0, -5.0, -4.0, -2.0, -8.0, 0.0, -1.0, -22.0, 17.0, -10.0, -18.0, -24.0, -7.0, -2.0, -12.0, -2.0, -11.0, 15.0, -10.0, 7.0, -22.0, -10.0, -12.0, 1.0, 7.0, -7.0, -4.0, -1.0, -18.0, -2.0, -6.0, 2.0, -11.0, -14.0, -4.0, -8.0, -4.0, -14.0, 0.0, -5.0, -2.0, 5.0, -18.0, 12.0, -15.0, -10.0, -12.0, -12.0, 3.0, 2.0, -1.0, 2.0, -17.0, -8.0, 3.0, -8.0, -10.0, -14.0, 3.0, 2.0, -12.0, -24.0, -15.0, -13.0, -4.0, -6.0, -1.0, 0.0, 4.0, 0.0, -7.0, -1.0, 0.0, -13.0, -13.0, -6.0, -9.0, 13.0, -12.0, -4.0, -13.0, 3.0, -12.0, -8.0, -7.0, -11.0, 8.0, -10.0, -16.0, -14.0, -1.0, 7.0, -5.0, -18.0, -5.0, 2.0, -4.0, -7.0, -5.0, -9.0, 8.0, -8.0, -1.0, 11.0, -14.0, -8.0, -1.0, -8.0, -3.0, -4.0, -25.0, -29.0, -10.0, -32.0, -7.0, 6.0, -26.0, -21.0, -6.0, -14.0, -9.0, -9.0, -14.0, 4.0, -4.0, -17.0, 10.0, -10.0, -1.0, 2.0, -4.0, -12.0, -2.0, -1.0, -10.0, -10.0, -9.0, -18.0, -3.0, -5.0, 4.0, -7.0, 1.0, -6.0, -5.0, -7.0, 6.0, -15.0, 0.0, -7.0, 3.0, -10.0, -11.0, -3.0, -14.0, -7.0, -2.0, -9.0, 3.0, -1.0, 1.0, -7.0, -6.0, -29.0, 4.0, -14.0, -4.0, 18.0, -6.0, -20.0, 3.0, -11.0, 3.0, -4.0, -9.0, -16.0, -9.0, 5.0, 7.0, -3.0, 10.0, 7.0, 2.0, 2.0, -18.0, -19.0, -10.0, -9.0, -7.0, 9.0, -9.0, -10.0, 3.0, 5.0, -7.0, -7.0, -4.0, -6.0, -14.0, -23.0, -3.0, -4.0, -14.0, -11.0, -27.0, -12.0, 1.0, 5.0, -1.0, -4.0, 10.0, -3.0, -4.0, -17.0, 1.0, -9.0, 4.0, -3.0, -7.0, -10.0, -3.0, 7.0, -7.0, 6.0, -4.0, 5.0, 0.0, 4.0, 10.0, -1.0, -16.0, 3.0, 2.0, 3.0, -7.0, 3.0, 2.0, -9.0, 0.0, -13.0, 8.0, -3.0, -8.0, -13.0, -7.0, -4.0, -11.0, 9.0, -5.0, 0.0, 3.0, -8.0, -2.0, -8.0, -2.0, 8.0, -12.0, -20.0, -20.0, -8.0, 6.0, 1.0, -8.0, -7.0, -2.0, -2.0, 1.0, 0.0, 8.0, -21.0, -9.0, -9.0, -16.0, -10.0, -4.0, -3.0, -34.0, 3.0, 4.0, -5.0, -16.0, -17.0, -3.0, -10.0, 0.0, -21.0, 4.0, -14.0, -5.0, -1.0, -7.0, -20.0, -22.0, 4.0, 8.0, -20.0, -14.0, 2.0, 7.0, -10.0, -5.0, -3.0, -5.0, -16.0, -4.0, 0.0, -16.0, -16.0, -14.0, -2.0, -18.0, -5.0, -15.0, 22.0, 11.0, -5.0, -18.0, -6.0, -3.0, 2.0, -2.0, 0.0, -16.0, -10.0, 0.0, -10.0, -21.0, -5.0, 6.0, -7.0, -14.0, 0.0, 26.0, 1.0, -4.0, -8.0, -6.0, -8.0, 6.0, -7.0, -5.0, -1.0, -5.0, -22.0, -37.0, 8.0, -11.0, -7.0, 0.0, -4.0, 4.0, 1.0, -6.0, -13.0, -13.0, -24.0, -1.0, 6.0, -12.0, -3.0, 19.0, 2.0, -24.0, 4.0, -21.0, -9.0, -10.0, -9.0, 7.0, 10.0, 2.0, -7.0, -6.0, 8.0, -7.0, 8.0, 6.0, -5.0, -5.0, -8.0, 2.0, -2.0, -34.0, 10.0, -15.0, -5.0, -6.0, -5.0, -1.0, -4.0, -22.0, -8.0, -4.0, 0.0, -11.0, -4.0, 1.0, 2.0, -16.0, -7.0, -17.0, -5.0, -13.0, 18.0, 1.0, -16.0, -9.0, -12.0, -1.0, -24.0, -16.0, -7.0, -8.0, -18.0, -4.0, 5.0, -11.0, -10.0, -5.0, -5.0, -17.0, 12.0, 3.0, -17.0, -5.0, -4.0, 1.0, 11.0, -6.0, -11.0, 2.0, -3.0, -6.0, -16.0, 5.0, -5.0, -29.0]
======================================================
Solve MINLP problem:
初始化solution
初始解违反约束的程度是
(array([0, 0, 0, 0, 0, 0, 0, 0, 0, 0, 0, 0, 0, 0, 0, 0, 0, 0, 0, 0, 0, 0,
       0, 0, 0, 0, 0, 0, 0, 0, 0, 0, 0, 0, 0, 0, 0, 0, 0, 0, 0, 0, 0, 0,
       0, 0, 0, 0, 0, 0, 0, 0, 0, 0, 0, 0, 0, 0, 0, 0, 0, 0, 0, 0, 0, 0,
       0, 0, 0, 0, 0, 0, 0, 0, 0, 0, 0, 0, 0, 0, 0, 0, 0, 0, 0, 0, 0, 0,
       0, 0, 0, 0, 0, 0, 0, 0, 0, 0, 0, 0, 0, 0, 0, 0, 0, 0, 0, 0, 0, 0,
       0, 0, 0, 0, 0, 0, 0, 0, 0, 0, 0, 0, 0, 0, 0, 0, 0, 0, 0, 0, 0, 0,
       0, 0, 0, 0, 0, 0, 0, 0, 0, 0, 0, 0, 0, 0, 0, 0, 0, 0, 0, 0, 0, 0,
       0, 0, 0, 0, 0, 0, 0, 0, 0, 0, 0, 0, 0, 0, 0, 0, 0, 0, 0, 0, 0, 0,
       0, 0, 0, 0, 0, 0, 0, 0, 0, 0, 0, 0, 0, 0, 0, 0, 0, 0, 0, 0, 0, 0,
       0, 0, 0, 0, 0, 0, 0, 0, 0, 0, 0, 0, 0, 0, 0, 0, 0, 0, 0, 0, 0, 0,
       0, 0, 0, 0, 0, 0, 0, 0, 0, 0, 0, 0, 0, 0, 0, 0, 0, 0, 0, 0, 0, 0,
       0, 0, 0, 0, 0, 0, 0, 0, 0, 0, 0, 0, 0, 0, 0, 0, 0, 0, 0, 0, 0, 0,
       0, 0, 0, 0, 0, 0, 0, 0, 0, 0, 0, 0, 0, 0, 0, 0, 0, 0, 0, 0, 0, 0,
       0, 0, 0, 0, 0, 0, 0, 0, 0, 0, 0, 0, 0, 0, 0, 0, 0, 0, 0, 0, 0, 0,
       0, 0, 0, 0, 0, 0, 0, 0, 0, 0, 0, 0, 0, 0, 0, 0, 0, 0, 0, 0, 0, 0,
       0, 0, 0, 0, 0, 0, 0, 0, 0, 0, 0, 0, 0, 0, 0, 0, 0, 0, 0, 0, 0, 0,
       0, 0, 0, 0, 0, 0, 0, 0, 0, 0, 0, 0, 0, 0, 0, 0, 0, 0, 0, 0, 0, 0,
       0, 0, 0, 0, 0, 0, 0, 0, 0, 0, 0, 0, 0, 0, 0, 0, 0, 0, 0, 0, 0, 0,
       0, 0, 0, 0, 0, 0, 0, 0, 0, 0, 0, 0, 0, 0, 0, 0, 0, 0, 0, 0, 0, 0,
       0, 0, 0, 0, 0, 0, 0, 0, 0, 0, 0, 0, 0, 0, 0, 0, 0, 0, 0, 0, 0, 0,
       0, 0, 0, 0, 0, 0, 0, 0, 0, 0, 0, 0, 0, 0, 0, 0, 0, 0, 0, 0, 0, 0,
       0, 0, 0, 0, 0, 0, 0, 0, 0, 0, 0, 0, 0, 0, 0, 0, 0, 0, 0, 0, 0, 0,
       0, 0, 0, 0, 0, 0, 0, 0, 0, 0, 0, 0, 0, 0, 0, 0]), -75.97427399235342)
Set parameter OutputFlag to value 1
Set parameter LogFile to value "solver_result/gurobi/initial/cq_cls100_500-500.log"
Set parameter TimeLimit to value 10800
Set parameter NodefileStart to value 20
Set parameter Threads to value 20
Gurobi Optimizer version 12.0.1 build v12.0.1rc0 (linux64 - "Ubuntu 24.04.1 LTS")

CPU model: Intel(R) Xeon(R) Gold 6240C CPU @ 2.60GHz, instruction set [SSE2|AVX|AVX2|AVX512]
Thread count: 36 physical cores, 72 logical processors, using up to 20 threads

Non-default parameters:
TimeLimit  10800
NodefileStart  20
Threads  20

Optimize a model with 500 rows, 500 columns and 250000 nonzeros
Model fingerprint: 0x0c6e32b0
Model has 500 quadratic objective terms
Variable types: 0 continuous, 500 integer (0 binary)
Coefficient statistics:
  Matrix range     [7e-07, 5e-01]
  Objective range  [2e-04, 1e-01]
  QObjective range [2e-05, 1e-02]
  Bounds range     [0e+00, 0e+00]
  RHS range        [4e-03, 1e+00]

Loaded user MIP start with objective -75.9743

Presolve time: 0.07s
Presolved: 500 rows, 500 columns, 250000 nonzeros
Presolved model has 500 quadratic objective terms
Variable types: 0 continuous, 500 integer (0 binary)
Found heuristic solution: objective -81.2616307

Root relaxation: objective -1.068318e+02, 280 iterations, 0.97 seconds (0.49 work units)

    Nodes    |    Current Node    |     Objective Bounds      |     Work
 Expl Unexpl |  Obj  Depth IntInf | Incumbent    BestBd   Gap | It/Node Time

     0     0 -106.83181    0  500  -81.26163 -106.83181  31.5%     -    1s
H    0     0                     -82.5139293 -106.83181  29.5%     -    1s
H    0     0                     -83.6707190 -106.83181  27.7%     -    1s
H    0     0                     -84.1168385 -106.83181  27.0%     -    1s
H    0     0                     -84.2809376 -106.83181  26.8%     -    1s
H    0     0                     -84.3842288 -106.83181  26.6%     -    1s
H    0     0                     -84.5875291 -106.83181  26.3%     -    1s
H    0     0                     -84.8733291 -106.83181  25.9%     -    1s
H    0     0                     -84.8860947 -106.83181  25.9%     -    1s
H    0     0                     -85.1281405 -106.83181  25.5%     -    1s
H    0     0                     -86.9032784 -106.83181  22.9%     -    1s
     0     0 -106.82985    0  500  -86.90328 -106.82985  22.9%     -   10s
     0     2 -106.82985    0  500  -86.90328 -106.82985  22.9%     -   11s
    51   112 -106.82546    6  494  -86.90328 -106.82778  22.9%   2.2   15s
H  198   215                     -87.1953582 -106.82697  22.5%   2.2   18s
H  214   547                     -88.3123123 -106.82697  21.0%   2.2   25s
   626   647 -106.81222   22  478  -88.31231 -106.82697  21.0%   2.3   32s
   646   800 -106.81151   22  478  -88.31231 -106.82697  21.0%   2.3   37s
   799  1000 -106.80701   27  473  -88.31231 -106.82697  21.0%   2.3   56s
   999  2417 -106.80013   35  465  -88.31231 -106.82697  21.0%   2.4   78s
  2416  2437 -106.74534   88  412  -88.31231 -106.82697  21.0%   2.7   80s
H 2439  2457                     -88.5517443 -106.82697  20.6%   2.7   83s
H 2456  3175                     -88.7876566 -106.82697  20.3%   2.7   93s
  3174  3803 -106.71408  115  387  -88.78766 -106.82697  20.3%   3.0  102s
  3802  4301 -106.69092  132  374  -88.78766 -106.82697  20.3%   3.2  109s
  4300  4855 -106.66620  147  362  -88.78766 -106.82697  20.3%   3.5  117s
  4874  5285 -106.63803  162  353  -88.78766 -106.82697  20.3%   3.8  124s
  5284  5805 -106.61042  173  343  -88.78766 -106.82697  20.3%   4.1  132s
  5804  6299 -106.58569  186  339  -88.78766 -106.82697  20.3%   4.5  139s
  6298  6789 -106.55853  199  332  -88.78766 -106.82697  20.3%   4.9  146s
  6788  7267 -106.51505  214  320  -88.78766 -106.82697  20.3%   5.3  152s
  7266  7733 -106.48894  226  321  -88.78766 -106.82697  20.3%   5.7  158s
  7732  8190 -106.45694  238  308  -88.78766 -106.82697  20.3%   6.2  164s
  8189  8628 -106.42853  250  304  -88.78766 -106.82697  20.3%   6.6  170s
  8662  8703 -106.40101  261  298  -88.78766 -106.82697  20.3%   7.1  177s
  8702  8741 -106.39876  262  302  -88.78766 -106.82697  20.3%   7.1  181s
  8781  8821 -106.39761  263  302  -88.78766 -106.82697  20.3%   7.2  188s
  8820  8903 -106.39352  263  294  -88.78766 -106.82697  20.3%   7.3  192s
  8902  9193 -106.39426  264  295  -88.78766 -106.82697  20.3%   7.4  198s
  9192  9611 -106.38589  266  296  -88.78766 -106.82697  20.3%   7.6  203s
  9610 10074 -106.34752  276  292  -88.78766 -106.82697  20.3%   8.1  209s
 10073 10094 -106.29790  288  287  -88.78766 -106.82697  20.3%   8.5  210s
 10155 10700 -106.28661  290  285  -88.78766 -106.82697  20.3%   8.6  218s
 10707 11220 -106.21539  313  276  -88.78766 -106.82697  20.3%   9.0  225s
 11227 11731 -106.11946  333  277  -88.78766 -106.82697  20.3%   9.5  233s
 11739 11732 -106.67243  142  500  -88.78766 -106.82697  20.3%  10.0  390s
 11758 11762 -106.82560   19  496  -88.78766 -106.82697  20.3%  10.0  395s
 11892 11856 -106.81934   24  491  -88.78766 -106.82540  20.3%   9.9  400s
 11933 11882 -106.81853   25  490  -88.78766 -106.82540  20.3%   9.9  405s
 11953 12116 -106.81859   25  490  -88.78766 -106.82540  20.3%   9.9  414s
 12193 12682 -106.81413   31  484  -88.78766 -106.82540  20.3%   9.8  429s
 12839 12486 -106.79684   47  468  -88.78766 -106.82540  20.3%   9.4  432s
 12859 12820 -106.79599   47  468  -88.78766 -106.82540  20.3%   9.4  441s
 13199 13691 -106.78710   55  460  -88.78766 -106.82540  20.3%   9.2  458s
 14184 14054 -106.76427   75  441  -88.78766 -106.82540  20.3%   8.8  468s
 14875 14383 -106.74826   89  427  -88.78766 -106.82540  20.3%   8.5  477s
 15454 14230 -106.73421  101  415  -88.78766 -106.82540  20.3%   8.3  481s
H15459 13641                     -88.8595489 -106.82540  20.2%   8.3  481s
H15474 13584                     -89.1669274 -106.82540  19.8%   8.3  490s
 15980 13882 -106.72478  111  407  -89.16693 -106.82540  19.8%   8.2  497s
 16467 13760 -106.71660  122  398  -89.16693 -106.82540  19.8%   8.1  501s
 16527 13800 -106.71573  124  395  -89.16693 -106.82540  19.8%   8.1  506s
 16567 13827 -106.71523  125  394  -89.16693 -106.82540  19.8%   8.1  510s
 16627 13921 -106.71012  126  392  -89.16693 -106.82540  19.8%   8.1  519s
 16701 13916 -106.71194  127  394  -89.16693 -106.82540  19.8%   8.1  521s
 16721 13976 -106.71339  127  392  -89.16693 -106.82540  19.8%   8.1  526s
 16788 14095 -106.71297  128  392  -89.16693 -106.82540  19.8%   8.1  534s
 16929 14364 -106.70958  128  392  -89.16693 -106.82540  19.8%   8.1  544s
 17245 14782 -106.70769  132  388  -89.16693 -106.82540  19.8%   8.1  553s
 17768 15102 -106.69632  143  378  -89.16693 -106.82540  19.8%   8.0  560s
 18263 15348 -106.68501  155  368  -89.16693 -106.82540  19.8%   8.0  567s
 18674 15676 -106.66918  164  362  -89.16693 -106.82540  19.8%   8.0  574s
 19139 15989 -106.65761  175  354  -89.16693 -106.82540  19.8%   8.1  581s
 19607 16316 -106.64033  186  349  -89.16693 -106.82540  19.8%   8.1  588s
 20090 16649 -106.63258  196  339  -89.16693 -106.82540  19.8%   8.2  595s
 20584 16984 -106.62143  207  332  -89.16693 -106.82540  19.8%   8.3  602s
 21083 17332 -106.60422  219  323  -89.16693 -106.82540  19.8%   8.5  608s
 21598 17672 -106.59657  231  312  -89.16693 -106.82540  19.8%   8.7  615s
 22109 17852 -106.59719  243  305  -89.16693 -106.82540  19.8%   8.9  620s
 22508 18233 -106.58193  252  293  -89.16693 -106.82540  19.8%   9.1  629s
 23052 18586 -106.57750  264  300  -89.16693 -106.82540  19.8%   9.3  639s
 23612 19277 -106.56351  275  296  -89.16693 -106.82540  19.8%   9.5  656s
 24490 19479 -106.55970  294  288  -89.16693 -106.82540  19.8%   9.8  665s
 24984 19863 -106.55093  304  284  -89.16693 -106.82540  19.8%  10.0  674s
 25533 20227 -106.53600  317  282  -89.16693 -106.82540  19.8%  10.1  684s
 26080 20510 -106.51669  330  280  -89.16693 -106.82540  19.8%  10.3  691s
 26545 20987 -106.49861  341  275  -89.16693 -106.82540  19.8%  10.5  701s
 27318 21538 -106.47531  358  270  -89.16693 -106.82540  19.8%  10.8  714s
 27986 22027 -106.45083  374  257  -89.16693 -106.82540  19.8%  11.1  724s
 28698 22383 -106.43076  391  253  -89.16693 -106.82540  19.8%  11.3  733s
 29291 22911 -106.39150  405  251  -89.16693 -106.82540  19.8%  11.6  743s
 30017 23405 -106.33505  421  242  -89.16693 -106.82540  19.8%  11.9  753s
 30753 23873 -106.27992  438  234  -89.16693 -106.82540  19.8%  12.2  764s
 31466 24428 -106.24832  456  233  -89.16693 -106.82540  19.8%  12.6  774s
 32259 24916 -106.18593  474  218  -89.16693 -106.82540  19.8%  13.0  782s
 33049 25013 -106.04596  493  210  -89.16693 -106.82536  19.8%  13.4  802s
 33409 25811 -105.98464  502  203  -89.16693 -106.82536  19.8%  13.6  816s
 34327 25525 -105.88916  522  195  -89.16693 -106.82536  19.8%  14.1  821s
 34347 25538 -105.83874  522  196  -89.16693 -106.82536  19.8%  14.1  840s
 34367 25551 -105.85978  523  199  -89.16693 -106.82536  19.8%  14.1  879s
 34387 25565 -105.88156  523  191  -89.16693 -106.82536  19.8%  14.1  896s
 34407 25626 -105.87610  524  192  -89.16693 -106.82536  19.8%  14.1  913s
 34475 25783 -105.85781  524  191  -89.16693 -106.82536  19.8%  14.2  929s
 34655 25972 -105.86993  525  188  -89.16693 -106.82536  19.8%  14.2  944s
 34904 25968 -105.86418  525  194  -89.16693 -106.82536  19.8%  14.3  960s
 35058 25949 -105.85497  526  193  -89.16693 -106.82536  19.8%  14.3  984s
 35090 26040 -105.86138  526  190  -89.16693 -106.82536  19.8%  14.3  999s
 35192 26453 -105.84498  527  187  -89.16693 -106.82536  19.8%  14.3 1013s
 35639 27364 -105.76099  543  184  -89.16693 -106.82536  19.8%  14.5 1028s
 36699 28161 -105.64714  567  177  -89.16693 -106.82536  19.8%  15.1 1042s
 37849 28677 -105.50295  595  157  -89.16693 -106.82536  19.8%  15.9 1052s
 38748 29504 -105.36204  617  153  -89.16693 -106.82536  19.8%  16.7 1062s
 39875 30176 -105.12366  645  142  -89.16693 -106.82536  19.8%  17.6 1069s
 40923 31030 -104.83222  671  138  -89.16693 -106.82536  19.8%  18.6 1091s
 42354 32032 -106.81925   26  489  -89.16693 -106.82536  19.8%  19.7 1126s
 43971 33446 -106.76766   61  455  -89.16693 -106.82536  19.8%  20.2 1157s
 45779 34942 -106.70527   98  422  -89.16693 -106.82536  19.8%  20.3 1189s
 47283 37925 -106.67562  124  398  -89.16693 -106.82536  19.8%  20.6 1248s
 50494 39626 -106.56850  170  369  -89.16693 -106.82536  19.8%  20.5 1269s
 52249 41414 -106.52618  185  357  -89.16693 -106.82536  19.8%  20.2 1291s
 54089 43197 -106.46874  203  343  -89.16693 -106.82536  19.8%  19.9 1311s
 55953 44793 -106.41052  214  343  -89.16693 -106.82536  19.8%  19.6 1330s
 57631 46782 -106.39274  225  334  -89.16693 -106.82446  19.8%  19.4 1354s
 59620 48813 -106.31166  244  324  -89.16693 -106.82446  19.8%  19.0 1374s
 61651 50763 -106.24778  263  310  -89.16693 -106.82446  19.8%  18.8 1395s
 63747 52099 -106.21384  277  301  -89.16693 -106.82446  19.8%  18.8 1412s
 65239 54167 -106.16942  290  293  -89.16693 -106.82362  19.8%  18.7 1439s
 67355 56313 -106.12651  311  281  -89.16693 -106.82362  19.8%  18.5 1462s
 69561 58312 -106.00728  329  283  -89.16693 -106.82362  19.8%  18.3 1484s
 71658 62095 -105.98464  339  278  -89.16693 -106.82362  19.8%  18.1 1526s
 75561 63848 -105.84036  368  270  -89.16693 -106.82344  19.8%  17.9 1546s
 77314 65776 -105.73262  381  270  -89.16693 -106.82344  19.8%  17.9 1565s
 79313 67418 -105.68935  395  266  -89.16693 -106.82344  19.8%  17.9 1592s
 81047 69350 -105.58941  406  263  -89.16693 -106.82344  19.8%  17.9 1621s
 83010 71122 -105.56370  414  262  -89.16693 -106.82344  19.8%  17.9 1646s
 84864 73166 -105.43369  432  245  -89.16693 -106.82344  19.8%  17.8 1675s
 86950 75156 -105.32451  449  244  -89.16693 -106.82344  19.8%  17.7 1703s
 89070 76963 -105.14056  468  249  -89.16693 -106.82344  19.8%  17.7 1729s
 90907 78798 -105.08497  478  244  -89.16693 -106.82344  19.8%  17.6 1756s
 92742 80805 -104.88919  498  237  -89.16693 -106.82344  19.8%  17.5 1787s
 94825 83593 -104.76939  511  228  -89.16693 -106.82344  19.8%  17.5 1831s
 97677 85746 -104.50154  535  228  -89.16693 -106.82344  19.8%  17.5 1861s
 99830 87701 -104.23715  560  220  -89.16693 -106.82344  19.8%  17.5 1886s
 101829 89744 -103.97935  576  221  -89.16693 -106.82344  19.8%  17.6 1913s
 104040 91618 -103.79708  590  208  -89.16693 -106.82344  19.8%  17.6 1939s
 105938 93682 -103.64717  599  204  -89.16693 -106.82344  19.8%  17.5 1964s
 108002 95359 -103.53190  610  209  -89.16693 -106.82344  19.8%  17.6 1985s
 109737 97515 -103.35606  623  209  -89.16693 -106.82344  19.8%  17.6 2009s
 111977 99435 -103.07775  639  202  -89.16693 -106.82344  19.8%  17.6 2033s
 113925 101468 -102.81052  659  202  -89.16693 -106.82300  19.8%  17.6 2057s
 115958 103327 -102.60170  672  194  -89.16693 -106.82300  19.8%  17.6 2078s
 117817 106363 -102.48295  680  193  -89.16693 -106.82300  19.8%  17.7 2109s
 121057 107737 -102.46136  689  184  -89.16693 -106.82300  19.8%  17.9 2137s
 122480 107757 -102.00155  703  180  -89.16693 -106.82300  19.8%  18.0 2148s
 122500 107777 -101.89912  702  184  -89.16693 -106.82300  19.8%  18.0 2197s
 122520 107797 -101.97376  704  178  -89.16693 -106.82300  19.8%  18.0 2224s
 122540 107817 -101.99614  704  184  -89.16693 -106.82300  19.8%  18.0 2249s
 122560 107837 -102.09134  701  183  -89.16693 -106.82300  19.8%  18.0 2274s
 122580 107857 -101.97132  702  186  -89.16693 -106.82300  19.8%  18.0 2295s
 122600 107877 -101.96991  705  186  -89.16693 -106.82300  19.8%  18.0 2315s
 122620 108080 -101.94044  704  181  -89.16693 -106.82300  19.8%  18.0 2333s
 122823 109673 -101.93835  706  182  -89.16693 -106.82300  19.8%  18.0 2364s
 124416 111719 -101.61298  717  180  -89.16693 -106.82300  19.8%  18.1 2401s
 126605 112803 -101.28412  737  176  -89.16693 -106.82300  19.8%  18.2 2419s
 127747 115294 -100.91820  750  181  -89.16693 -106.82300  19.8%  18.2 2463s
 130238 117616 -100.58043  763  173  -89.16693 -106.82300  19.8%  18.1 2503s
 132560 119772 -100.19887  776  173  -89.16693 -106.82300  19.8%  18.1 2540s
 134716 121848  -99.85150  789  168  -89.16693 -106.82300  19.8%  18.2 2575s
 136792 123784  -99.07733  812  162  -89.16693 -106.82300  19.8%  18.3 2604s
 138765 125735  -98.54789  827  156  -89.16693 -106.82300  19.8%  18.4 2634s
 140798 128470  -98.09288  845  156  -89.16693 -106.82300  19.8%  18.5 2673s
 143533 129625  -97.39542  860  152  -89.16693 -106.82300  19.8%  18.5 2689s
 144688 131919  -96.87306  870  152  -89.16693 -106.82300  19.8%  18.6 2719s
 146982 134053  -95.79795  889  148  -89.16693 -106.82300  19.8%  18.7 2745s
 149140 135932  -94.83135  911  142  -89.16693 -106.82300  19.8%  18.9 2770s
 151111 137813  -93.07405  931  142  -89.16693 -106.82300  19.8%  19.1 2796s
 153228 140177  -92.32325  949  131  -89.16693 -106.82300  19.8%  19.2 2826s
 155951 142679  -89.36598  967  133  -89.16693 -106.82300  19.8%  19.2 2855s
 158528 144975 -106.61693  166  365  -89.16693 -106.82253  19.8%  19.1 2876s
 160884 147114 -106.22247  306  291  -89.16693 -106.82253  19.8%  19.0 2904s
 163093 148988 -105.53299  432  246  -89.16693 -106.82210  19.8%  19.0 2924s
 164967 151892 -104.80330  537  222  -89.16693 -106.82210  19.8%  19.1 2950s
 167897 153616 -103.30733  707  187  -89.16693 -106.82210  19.8%  19.2 2969s
 169823 155813 -102.04659  815  159  -89.16693 -106.82146  19.8%  19.3 2995s
 172020 157671 -100.14003  956  139  -89.16693 -106.82146  19.8%  19.4 3013s
 174060 160456  -97.61180 1091  119  -89.16693 -106.82146  19.8%  19.4 3040s
 176863 162286     cutoff 1446       -89.16693 -106.82145  19.8%  19.4 3063s
 178877 163962 -106.66878  127  391  -89.16693 -106.82144  19.8%  19.4 3086s
 180595 165823 -106.40993  236  322  -89.16693 -106.82144  19.8%  19.4 3110s
 182496 167527 -105.99404  351  277  -89.16693 -106.82144  19.8%  19.4 3132s
 184200 169427 -105.46923  446  242  -89.16693 -106.82144  19.8%  19.4 3154s
 186196 170988 -104.69592  556  220  -89.16693 -106.82144  19.8%  19.5 3177s
H187518 170988                     -89.1851889 -106.82140  19.8%  19.5 3177s
H187895 173858                     -89.1917271 -106.82140  19.8%  19.5 3211s
 190830 175661 -102.21490  803  169  -89.19173 -106.82140  19.8%  19.5 3232s
 192633 177691 -100.77027  913  136  -89.19173 -106.82140  19.8%  19.5 3251s
 194663 179773  -98.55334 1032  124  -89.19173 -106.82140  19.8%  19.6 3269s
 196757 182699  -95.24799 1200   89  -89.19173 -106.82140  19.8%  19.6 3289s
 200033 184343 -106.79433   55  461  -89.19173 -106.82136  19.8%  19.7 3311s
 201733 186174 -106.70177  156  376  -89.19173 -106.82136  19.8%  19.7 3335s
 203564 187871 -106.53963  272  303  -89.19173 -106.82136  19.8%  19.7 3357s
 205299 190019 -106.29136  377  261  -89.19173 -106.82136  19.8%  19.7 3382s
 207523 191579 -105.69487  479  236  -89.19173 -106.82136  19.8%  19.8 3400s
 209266 193429 -104.95981  552  220  -89.19173 -106.82136  19.8%  19.8 3426s
 211122 195843 -103.81956  641  192  -89.19173 -106.82136  19.8%  19.7 3454s
 213570 197969 -101.41103  758  174  -89.19173 -106.82136  19.8%  19.8 3477s
 215738 199913  -98.76684  872  146  -89.19173 -106.82136  19.8%  19.8 3501s
 217804 201381  -91.44849  986  130  -89.19173 -106.82136  19.8%  19.9 3524s
 219355 201401 -106.77424   91  425  -89.19173 -106.82136  19.8%  19.9 3558s
 219375 201421 -106.77422   92  424  -89.19173 -106.82136  19.8%  19.9 3588s
 219395 201441 -106.77369   93  423  -89.19173 -106.82136  19.8%  19.9 3617s
 219415 201461 -106.77278   94  424  -89.19173 -106.82136  19.8%  19.9 3642s
 219435 201481 -106.77258   95  423  -89.19173 -106.82136  19.8%  19.9 3664s
H219447 201314                     -89.6991300 -106.82136  19.1%  19.9 3664s
 219455 202276 -106.77219   96  422  -89.69913 -106.82136  19.1%  19.9 3678s
 220447 204163 -106.73572  141  381  -89.69913 -106.82136  19.1%  19.9 3703s
 222376 205571 -106.65419  226  319  -89.69913 -106.82136  19.1%  19.9 3739s
 223920 207923 -106.61210  261  304  -89.69913 -106.82136  19.1%  19.9 3781s
 226346 210392 -106.50353  326  276  -89.69913 -106.82136  19.1%  19.9 3823s
 228859 212765 -106.37992  378  250  -89.69913 -106.82136  19.1%  19.9 3861s
 231234 214330 -106.21148  426  232  -89.69913 -106.82136  19.1%  19.9 3886s
 232865 216914 -106.08067  460  225  -89.69913 -106.82136  19.1%  19.9 3922s
 235612 219565 -105.82612  500  202  -89.69913 -106.82136  19.1%  20.0 3961s
 238422 221620 -105.60330  552  191  -89.69913 -106.82134  19.1%  19.9 3986s
 240511 223772 -105.32221  588  174  -89.69913 -106.82134  19.1%  19.9 4009s
 242721 225608 -105.15390  612  167  -89.69913 -106.82127  19.1%  19.9 4034s
 244557 227393 -104.90242  648  151  -89.69913 -106.82127  19.1%  19.8 4053s
 246342 229222 -104.46766  665  147  -89.69913 -106.82127  19.1%  19.9 4074s
 248171 230757 -104.33798  678  146  -89.69913 -106.82127  19.1%  19.9 4091s
 249731 232753 -104.11326  680  141  -89.69913 -106.82127  19.1%  20.0 4118s
 251841 234461 -103.55195  698  135  -89.69913 -106.82127  19.1%  20.0 4142s
 253794 236525 -106.72854  128  396  -89.69913 -106.82127  19.1%  20.0 4167s
 255924 238427 -106.57209  268  299  -89.69913 -106.82118  19.1%  20.0 4190s
 257826 240390 -106.30463  388  264  -89.69913 -106.82118  19.1%  20.0 4209s
 259853 242597 -105.70549  511  230  -89.69913 -106.82118  19.1%  20.0 4252s
 262060 244527 -104.42107  634  200  -89.69913 -106.82118  19.1%  20.0 4289s
 264014 246544 -102.25412  747  179  -89.69913 -106.82118  19.1%  20.1 4326s
 266178 247913  -99.64184  857  152  -89.69913 -106.82118  19.1%  20.2 4344s
 267596 250419  -94.77168  952  136  -89.69913 -106.82118  19.1%  20.2 4381s
 270228 252839 -106.65654  169  358  -89.69913 -106.82118  19.1%  20.3 4414s
 272825 255139 -106.34906  331  276  -89.69913 -106.82118  19.1%  20.2 4443s
 275125 257264 -105.73692  471  247  -89.69913 -106.82118  19.1%  20.2 4470s
 277250 259301 -104.56018  585  212  -89.69913 -106.82118  19.1%  20.2 4495s
 279287 261079 -102.89609  684  186  -89.69913 -106.82118  19.1%  20.2 4518s
 281077 262903 -100.90065  784  163  -89.69913 -106.82118  19.1%  20.3 4543s
 282987 265141  -95.85211  893  135  -89.69913 -106.82100  19.1%  20.4 4582s
 285438 267231 -106.64132  152  375  -89.69913 -106.82097  19.1%  20.5 4611s
 287542 269233 -106.29538  291  289  -89.69913 -106.82092  19.1%  20.5 4640s
 289632 270979 -105.74000  411  257  -89.69913 -106.82092  19.1%  20.5 4664s
 291532 270999 -105.11337  519  230  -89.69913 -106.82092  19.1%  20.4 4680s
 291552 271019 -105.09358  520  223  -89.69913 -106.82092  19.1%  20.4 4708s
 291572 271039 -105.08809  521  225  -89.69913 -106.82092  19.1%  20.4 4737s
 291592 271059 -105.08181  522  227  -89.69913 -106.82092  19.1%  20.4 4763s
 291612 271079 -105.08055  523  225  -89.69913 -106.82092  19.1%  20.4 4787s
 291632 271166 -105.07223  524  230  -89.69913 -106.82092  19.1%  20.4 4811s
 291719 271719 -105.06345  525  228  -89.69913 -106.82092  19.1%  20.4 4831s
 292272 273356 -104.21070  625  194  -89.69913 -106.82092  19.1%  20.5 4857s
 293911 275526 -102.99265  736  174  -89.69913 -106.82092  19.1%  20.5 4883s
 296127 277935 -101.45490  845  151  -89.69913 -106.82092  19.1%  20.5 4916s
 298536 279836  -98.85227 1008  120  -89.69913 -106.82092  19.1%  20.5 4949s
 300437 283155  -95.86719 1174   93  -89.69913 -106.82092  19.1%  20.5 4982s
 304045 285204 -106.75012   98  419  -89.69913 -106.82092  19.1%  20.5 5009s
 306094 287686 -106.57446  247  309  -89.69913 -106.82092  19.1%  20.5 5041s
 308576 289540 -106.09545  413  249  -89.69913 -106.82092  19.1%  20.5 5063s
 310501 291282 -105.35195  529  223  -89.69913 -106.82092  19.1%  20.6 5094s
 312318 293030 -104.16625  628  204  -89.69913 -106.82092  19.1%  20.6 5122s
 314105 295064 -102.62599  712  180  -89.69913 -106.82092  19.1%  20.6 5151s
 316139 296914  -99.93956  806  167  -89.69913 -106.82092  19.1%  20.7 5175s
 317989 298456  -96.21605  892  155  -89.69913 -106.82092  19.1%  20.7 5195s
 319618 300638  -91.79780  970  146  -89.69913 -106.82092  19.1%  20.8 5226s
 321970 302842 -106.76370   83  433  -89.69913 -106.82081  19.1%  20.8 5254s
 324174 304969 -106.53822  243  319  -89.69913 -106.82081  19.1%  20.8 5274s
 326301 306982 -106.16456  393  250  -89.69913 -106.82081  19.1%  20.8 5293s
 328326 308637 -105.26071  526  220  -89.69913 -106.82081  19.1%  20.9 5309s
 330139 311004 -103.97351  631  197  -89.69913 -106.82081  19.1%  20.9 5346s
 332568 312613 -101.50019  743  171  -89.69913 -106.82081  19.1%  21.0 5367s
 334279 314830  -98.39432  840  147  -89.69913 -106.82081  19.1%  21.0 5398s
 336660 316831 -106.80608   37  478  -89.69913 -106.82071  19.1%  21.0 5426s
 338751 318829 -106.61756  169  359  -89.69913 -106.82071  19.1%  21.0 5451s
 340785 320904 -106.28586  299  287  -89.69913 -106.82071  19.1%  21.0 5474s
 342886 322576 -105.74960  428  252  -89.69913 -106.82071  19.1%  21.0 5493s
 344576 324681 -105.22339  514  223  -89.69913 -106.82071  19.1%  21.1 5516s
 346837 326920 -104.14011  643  201  -89.69913 -106.82064  19.1%  21.1 5543s
 349153 329013 -102.85938  766  169  -89.69913 -106.82054  19.1%  21.1 5565s
 351291 331442 -101.25174  878  151  -89.69913 -106.82054  19.1%  21.2 5590s
 353835 334411  -98.84476 1028  121  -89.69913 -106.82054  19.1%  21.2 5618s
 356982 336353  -92.39644 1384   49  -89.69913 -106.82054  19.1%  21.2 5641s
 359008 337928 -106.73142  116  401  -89.69913 -106.82054  19.1%  21.2 5660s
 360637 339686 -106.58213  223  330  -89.69913 -106.82054  19.1%  21.2 5682s
 362417 341534 -106.32812  333  276  -89.69913 -106.82054  19.1%  21.2 5700s
 364265 343546 -105.93567  440  247  -89.69913 -106.82054  19.1%  21.2 5712s
 366319 345426 -105.27993  545  216  -89.69913 -106.82054  19.1%  21.3 5733s
 368293 347147 -104.29245  633  203  -89.69913 -106.82054  19.1%  21.3 5756s
 370075 348957 -103.11606  728  180  -89.69913 -106.82054  19.1%  21.4 5778s
 371951 351031 -100.67785  820  155  -89.69913 -106.82054  19.1%  21.4 5801s
 374067 352899 infeasible  897       -89.69913 -106.82054  19.1%  21.4 5819s
 376044 355395 -106.70312  110  410  -89.69913 -106.82052  19.1%  21.5 5843s
 378906 358015 -106.46880  233  325  -89.69913 -106.82049  19.1%  21.5 5877s
 381658 358035 -105.95204  379  258  -89.69913 -106.82049  19.1%  21.4 5888s
 381678 358055 -105.95164  380  260  -89.69913 -106.82049  19.1%  21.4 5942s
 381698 358213 -105.94658  381  263  -89.69913 -106.82049  19.1%  21.4 5968s
 381856 358467 -105.94320  382  260  -89.69913 -106.82049  19.1%  21.4 5995s
 382164 358642 -105.93948  383  261  -89.69913 -106.82049  19.1%  21.4 6023s
 382339 358809 -105.93134  384  258  -89.69913 -106.82049  19.1%  21.4 6047s
 382506 360700 -105.92500  385  255  -89.69913 -106.82049  19.1%  21.4 6074s
 384397 363945 -104.89981  552  214  -89.69913 -106.82049  19.1%  21.4 6110s
 387642 366158 -103.17986  726  176  -89.69913 -106.82049  19.1%  21.5 6135s
 390089 368747 -101.38377  859  146  -89.69913 -106.82049  19.1%  21.6 6166s
 392773 369622  -98.16848 1060  115  -89.69913 -106.82049  19.1%  21.6 6209s
 393648 372638  -94.01625 1281   65  -89.69913 -106.82049  19.1%  21.6 6244s
 396807 375276 -106.66911  172  350  -89.69913 -106.82049  19.1%  21.7 6278s
 399573 377661 -106.29312  345  263  -89.69913 -106.82049  19.1%  21.7 6309s
 402137 380137 -105.59990  476  241  -89.69913 -106.82045  19.1%  21.7 6341s
 404721 381914 -104.36259  599  209  -89.69913 -106.82043  19.1%  21.7 6367s
 406500 383785 -103.24208  679  192  -89.69913 -106.82043  19.1%  21.7 6397s
 408409 385833 -101.55762  769  169  -89.69913 -106.82043  19.1%  21.7 6425s
 410539 387982  -99.28557  873  146  -89.69913 -106.82043  19.1%  21.7 6451s
 412688 390150  -95.06000  976  137  -89.69913 -106.82043  19.1%  21.8 6476s
 414954 392405 -106.76029   81  436  -89.69913 -106.82043  19.1%  21.8 6498s
 417383 394614 -106.57301  212  328  -89.69913 -106.82043  19.1%  21.8 6525s
 419721 396656 -106.28700  338  265  -89.69913 -106.82043  19.1%  21.8 6552s
 421763 398534 -105.81313  458  234  -89.69913 -106.82043  19.1%  21.8 6571s
 423641 400345 -104.84920  552  209  -89.69913 -106.82043  19.1%  21.8 6589s
 425490 402878 -103.57625  647  190  -89.69913 -106.82043  19.1%  21.9 6620s
 428230 404700 -101.23862  776  162  -89.69913 -106.82043  19.1%  21.9 6645s
 430142 406255  -98.98765  860  150  -89.69913 -106.82043  19.1%  21.9 6667s
 431763 408060  -95.93938  931  129  -89.69913 -106.82043  19.1%  21.9 6694s
 433800 409884 -106.73986  109  411  -89.69913 -106.82040  19.1%  22.0 6721s
 435806 411131 -106.55066  254  311  -89.69913 -106.82040  19.1%  21.9 6750s
 437053 413061 -106.40929  319  281  -89.69913 -106.82040  19.1%  21.9 6781s
 438983 414937 -105.88003  442  235  -89.69913 -106.82040  19.1%  21.9 6810s
 440859 416689 -104.96727  554  204  -89.69913 -106.82040  19.1%  22.0 6839s
 442655 418557 -103.71451  667  187  -89.69913 -106.82040  19.1%  22.0 6866s
 444694 420588 -101.77688  766  163  -89.69913 -106.82032  19.1%  22.0 6895s
 446725 422526  -99.52283  865  139  -89.69913 -106.82032  19.1%  22.0 6920s
 448777 424391 infeasible  979       -89.69913 -106.82032  19.1%  22.1 6953s
 450758 426685 -106.72159  116  405  -89.69913 -106.82025  19.1%  22.1 6987s
 453052 428828 -106.40264  288  289  -89.69913 -106.82025  19.1%  22.1 7013s
 455373 431040 -105.79855  417  245  -89.69913 -106.82025  19.1%  22.1 7050s
 457654 433191 -104.82421  529  225  -89.69913 -106.82020  19.1%  22.1 7083s
 459805 435225 -103.78717  624  197  -89.69913 -106.82020  19.1%  22.1 7115s
 461841 438164 -102.60151  714  180  -89.69913 -106.82020  19.1%  22.1 7146s
 464914 439996 -100.93634  830  151  -89.69913 -106.82020  19.1%  22.1 7172s
 466840 440016  -98.90869  931  138  -89.69913 -106.82020  19.1%  22.1 7185s
 466860 440036  -98.89625  932  140  -89.69913 -106.82020  19.1%  22.1 7236s
 466880 440056  -98.89071  933  140  -89.69913 -106.82020  19.1%  22.1 7264s
 466900 440076  -98.86094  934  140  -89.69913 -106.82020  19.1%  22.1 7290s
 466920 440096  -98.84088  935  140  -89.69913 -106.82020  19.1%  22.1 7312s
 466940 440116  -98.81493  936  137  -89.69913 -106.82020  19.1%  22.1 7331s
 466960 440136  -98.79133  937  136  -89.69913 -106.82020  19.1%  22.1 7349s
 466980 441047  -98.72623  938  139  -89.69913 -106.82020  19.1%  22.1 7370s
 467915 441633  -95.45746 1037  111  -89.69913 -106.82020  19.1%  22.1 7399s
 468616 443996 -106.73203   92  427  -89.69913 -106.82020  19.1%  22.1 7429s
 471009 446299 -106.41668  253  311  -89.69913 -106.82020  19.1%  22.0 7457s
 473312 448655 -105.86440  396  263  -89.69913 -106.82020  19.1%  22.0 7489s
 475668 450655 -104.97952  529  226  -89.69913 -106.82020  19.1%  22.0 7513s
 477668 452561 -103.87952  641  197  -89.69913 -106.82020  19.1%  22.0 7534s
 479574 455116 -102.59688  761  161  -89.69913 -106.82020  19.1%  22.1 7555s
 482129 457583 -100.91750  896  148  -89.69913 -106.82020  19.1%  22.1 7574s
 484834 459588  -98.73816 1030  123  -89.69913 -106.82020  19.1%  22.1 7594s
 486978 461848  -96.17587 1165  100  -89.69913 -106.82014  19.1%  22.1 7620s
 489365 463453 -106.78890   56  459  -89.69913 -106.81999  19.1%  22.1 7640s
 490970 465129 -106.68255  165  365  -89.69913 -106.81999  19.1%  22.1 7658s
 492658 466787 -106.46305  284  305  -89.69913 -106.81999  19.1%  22.1 7676s
H493590 466773                     -89.7119405 -106.81999  19.1%  22.1 7676s
H494364 468277                     -89.7941331 -106.81999  19.0%  22.1 7697s
 495943 469926 -105.36128  513  223  -89.79413 -106.81999  19.0%  22.1 7713s
 497622 471782 -104.18668  613  193  -89.79413 -106.81999  19.0%  22.2 7733s
 499532 473972 -102.54893  722  175  -89.79413 -106.81999  19.0%  22.2 7762s
 501722 476556  -99.69873  848  141  -89.79413 -106.81999  19.0%  22.3 7787s
 504515 478525 -106.72869   91  428  -89.79413 -106.81999  19.0%  22.3 7814s
 506559 480406 -106.45528  236  316  -89.79413 -106.81999  19.0%  22.3 7837s
 508440 482167 -105.96371  356  265  -89.79413 -106.81999  19.0%  22.3 7854s
 510201 484093 -105.26693  484  237  -89.79413 -106.81999  19.0%  22.3 7868s
 512159 485800 -104.17769  611  198  -89.79413 -106.81999  19.0%  22.4 7892s
 513872 487814 -103.05246  722  168  -89.79413 -106.81989  19.0%  22.4 7911s
 515886 489589 -101.20063  864  144  -89.79413 -106.81989  19.0%  22.4 7923s
 517661 492012  -99.14026  992  123  -89.79413 -106.81989  19.0%  22.5 7943s
 520261 495015  -94.09072 1260   70  -89.79413 -106.81989  19.0%  22.6 7972s
 523417 497797 -106.80292   44  471  -89.79413 -106.81989  19.0%  22.5 8016s
 526285 499512 -106.73876   92  427  -89.79413 -106.81989  19.0%  22.5 8044s
 528000 501261 -106.68370  117  403  -89.79413 -106.81989  19.0%  22.5 8073s
 529749 502846 -106.64274  143  385  -89.79413 -106.81989  19.0%  22.5 8101s
 531334 504884 -106.59225  165  369  -89.79413 -106.81989  19.0%  22.5 8131s
 533430 506653 -106.54978  185  354  -89.79413 -106.81989  19.0%  22.5 8157s
 535205 508328 -106.50279  207  343  -89.79413 -106.81989  19.0%  22.5 8181s
 537009 510429 -106.46732  225  335  -89.79413 -106.81989  19.0%  22.6 8208s
 539142 512332 -106.35417  254  316  -89.79413 -106.81989  19.0%  22.6 8231s
 541179 514431 -106.30221  272  308  -89.79413 -106.81985  19.0%  22.6 8259s
 543360 515270 -106.21661  290  291  -89.79413 -106.81985  19.0%  22.6 8273s
 544199 517284 -106.21097  295  288  -89.79413 -106.81985  19.0%  22.6 8298s
 546273 519696 -106.12570  315  294  -89.79413 -106.81985  19.0%  22.6 8330s
 548687 521660 -106.01728  339  276  -89.79413 -106.81983  19.0%  22.6 8351s
 550737 523510 -105.97346  353  280  -89.79413 -106.81983  19.0%  22.6 8376s
 552635 525078 -105.89083  367  278  -89.79413 -106.81981  19.0%  22.6 8395s
H552949 524972                     -89.8723565 -106.81981  18.9%  22.6 8395s
H554305 524169                     -90.2516603 -106.81981  18.4%  22.6 8414s
 554325 526310 -105.81015  380  271  -90.25166 -106.81981  18.4%  22.6 8444s
 556484 528436 -105.81635  378  272  -90.25166 -106.81981  18.4%  22.7 8466s
 558798 530787 -105.81417  380  265  -90.25166 -106.81981  18.4%  22.7 8494s
 561207 533170 -105.83677  376  274  -90.25166 -106.81981  18.4%  22.7 8517s
 563691 535172 -105.78453  384  271  -90.25166 -106.81981  18.4%  22.6 8542s
 565731 536933 -105.67821  404  264  -90.25166 -106.81981  18.4%  22.6 8561s
 567522 538775 -105.62209  409  265  -90.25166 -106.81977  18.4%  22.6 8581s
 569364 538795 -105.53379  422  258  -90.25166 -106.81977  18.4%  22.6 8604s
 569384 558127 -105.47203  427  257  -90.25166 -106.81977  18.4%  22.6 8900s
 589384 561983 -103.35406  624  206  -90.25166 -106.81977  18.4%  22.8 8947s
 593378 562718 -102.97573  653  206  -90.25166 -106.81977  18.4%  22.8 8962s
 594147 569219 -102.97292  652  205  -90.25166 -106.81977  18.4%  22.8 9024s
 600986 571511 -102.53864  682  200  -90.25166 -106.81977  18.4%  22.9 9053s
 603336 573683 -102.37043  693  188  -90.25166 -106.81977  18.4%  23.0 9080s
 605636 575719 -102.17350  701  196  -90.25166 -106.81977  18.4%  23.0 9104s
 607881 577884 -101.82312  721  184  -90.25166 -106.81965  18.4%  23.0 9129s
 610046 579972 -101.67874  729  179  -90.25166 -106.81965  18.4%  23.0 9148s
 612188 582119 -101.27144  742  181  -90.25166 -106.81965  18.4%  23.0 9172s
 614372 584399 -100.89630  763  177  -90.25166 -106.81965  18.4%  23.0 9194s
 616725 587294 -100.71458  772  169  -90.25166 -106.81965  18.4%  23.0 9238s
 619698 590002 -100.33914  788  168  -90.25166 -106.81965  18.4%  23.1 9264s
 622723 591621  -99.84447  801  169  -90.25166 -106.81965  18.4%  23.1 9285s
 624356 593208  -99.74314  803  171  -90.25166 -106.81964  18.4%  23.1 9307s
 626033 594992  -99.48729  811  169  -90.25166 -106.81964  18.4%  23.1 9328s
 628021 596698  -99.46652  815  162  -90.25166 -106.81964  18.4%  23.0 9349s
 629764 598438  -99.25608  816  171  -90.25166 -106.81964  18.4%  23.0 9369s
 631504 600120  -98.77325  828  159  -90.25166 -106.81964  18.4%  23.0 9389s
 633186 601856  -98.48076  840  159  -90.25166 -106.81964  18.4%  23.0 9408s
 634924 603715  -97.93857  855  154  -90.25166 -106.81964  18.4%  23.0 9428s
 636830 605342  -96.23223  869  160  -90.25166 -106.81964  18.4%  23.0 9449s
 638511 606879  -95.24137  880  148  -90.25166 -106.81964  18.4%  23.0 9469s
 640390 609610     cutoff  883       -90.25166 -106.81964  18.4%  23.1 9504s
 643321 611540 -106.72089  120  403  -90.25166 -106.81964  18.4%  23.1 9526s
 645399 613276 -106.53981  239  314  -90.25166 -106.81964  18.4%  23.0 9546s
 647256 615199 -106.28303  346  264  -90.25166 -106.81957  18.4%  23.0 9568s
 649179 617058 -105.81446  440  243  -90.25166 -106.81957  18.4%  23.0 9585s
 651038 618902 -105.01788  528  212  -90.25166 -106.81957  18.4%  23.0 9602s
 652882 620726 -104.02910  626  198  -90.25166 -106.81957  18.4%  23.0 9619s
 654744 622451 -102.69033  723  162  -90.25166 -106.81957  18.4%  23.0 9643s
 656579 622471 -100.71742  807  139  -90.25166 -106.81957  18.4%  23.1 9655s
 656599 622491 -100.69878  808  136  -90.25166 -106.81957  18.4%  23.1 9699s
 656619 622511 -100.67477  809  138  -90.25166 -106.81957  18.4%  23.1 9724s
 656639 622531 -100.65234  810  137  -90.25166 -106.81957  18.4%  23.1 9749s
 656659 622551 -100.60828  811  138  -90.25166 -106.81957  18.4%  23.1 9772s
 656679 622670 -100.55003  812  139  -90.25166 -106.81957  18.4%  23.1 9792s
 656798 623003 -100.51859  813  138  -90.25166 -106.81957  18.4%  23.1 9812s
 657131 623759 -100.50177  814  139  -90.25166 -106.81957  18.4%  23.1 9829s
 657939 626106 -100.47700  815  137  -90.25166 -106.81957  18.4%  23.1 9860s
 660601 629177 -106.80164   40  475  -90.25166 -106.81956  18.4%  23.1 9892s
 663846 631860 -106.63172  191  338  -90.25166 -106.81956  18.4%  23.1 9927s
 666547 633766 -106.23592  351  255  -90.25166 -106.81956  18.4%  23.0 9950s
 668568 635656 -105.62755  457  224  -90.25166 -106.81956  18.4%  23.0 9972s
 670492 637587 -104.83864  549  214  -90.25166 -106.81956  18.4%  23.0 9993s
 672423 639473 -103.83421  635  187  -90.25166 -106.81956  18.4%  23.0 10010s
 674319 640143 -102.63431  734  162  -90.25166 -106.81956  18.4%  23.0 10035s
 675011 642094 -102.09144  762  158  -90.25166 -106.81956  18.4%  23.0 10064s
 677154 644058  -99.88873  861  145  -90.25166 -106.81956  18.4%  23.1 10098s
 679334 646030     cutoff  979       -90.25166 -106.81954  18.4%  23.1 10129s
 681432 648161 -106.74779   97  420  -90.25166 -106.81954  18.4%  23.0 10160s
 683611 650295 -106.58651  236  327  -90.25166 -106.81954  18.4%  23.0 10189s
 685769 652674 -106.23232  369  252  -90.25166 -106.81954  18.4%  23.0 10216s
 688197 655052 -105.51211  471  228  -90.25166 -106.81954  18.4%  23.0 10257s
 690605 656865 -104.36110  591  200  -90.25166 -106.81954  18.4%  23.0 10289s
 692464 658874 -103.07853  693  176  -90.25166 -106.81954  18.4%  23.0 10321s
 694565 660872 -101.24428  812  154  -90.25166 -106.81950  18.4%  23.0 10352s
 696857 663000 infeasible  931       -90.25166 -106.81948  18.4%  23.0 10379s
 699183 665126 -106.71649  136  385  -90.25166 -106.81948  18.4%  23.0 10406s
 701309 666973 -106.62266  216  328  -90.25166 -106.81948  18.4%  22.9 10430s
 703156 668822 -106.52963  270  301  -90.25166 -106.81948  18.4%  22.9 10454s
 705043 670724 -106.42759  323  281  -90.25166 -106.81948  18.4%  22.9 10477s
 706945 672469 -106.33639  351  261  -90.25166 -106.81948  18.4%  22.9 10498s
 708790 674136 -106.17691  390  243  -90.25166 -106.81948  18.4%  22.9 10521s
 710457 675953 -105.99617  426  234  -90.25166 -106.81948  18.4%  22.9 10544s
 712460 678420 -105.84452  460  223  -90.25166 -106.81948  18.4%  23.0 10577s
 715027 680398 -105.61303  502  204  -90.25166 -106.81944  18.4%  22.9 10599s
 717005 682165 -105.43832  530  203  -90.25166 -106.81944  18.4%  22.9 10616s
 718772 684043 -105.25412  551  195  -90.25166 -106.81944  18.4%  22.9 10635s
 720706 685790 -104.92442  605  169  -90.25166 -106.81944  18.4%  22.9 10655s
 722455 687615 -104.78890  626  160  -90.25166 -106.81944  18.4%  22.9 10674s
 724352 689275 -104.40098  656  153  -90.25166 -106.81944  18.4%  23.0 10701s
 726080 691368 -104.19881  677  142  -90.25166 -106.81942  18.4%  23.0 10726s
 728297 693327 -103.34729  703  132  -90.25166 -106.81942  18.4%  23.0 10753s
 730482 695516 -106.80533   40  475  -90.25166 -106.81942  18.4%  23.0 10781s
 732733 696880 -106.63726  188  345  -90.25166 -106.81942  18.4%  23.0 10797s
 734099 697281 -106.52363  254  307  -90.25166 -106.81942  18.4%  23.0 10800s

Explored 734526 nodes (16877573 simplex iterations) in 10800.19 seconds (3097.44 work units)
Thread count was 20 (of 72 available processors)

Solution count 10: -90.2517 -89.8724 -89.7941 ... -88.7877

Time limit reached
Best objective -9.025166027298e+01, best bound -1.068194224304e+02, gap 18.3573%
final_gap is 0.18%
x[0]: 2.00 x[1]: -5.00 x[2]: -15.00 x[3]: -10.00 x[4]: -3.00 x[5]: -10.00 x[6]: 0.00 x[7]: -10.00 x[8]: -21.00 x[9]: -10.00 x[10]: -3.00 x[11]: 19.00 x[12]: 3.00 x[13]: 0.00 x[14]: -13.00 x[15]: -3.00 x[16]: -8.00 x[17]: -1.00 x[18]: -11.00 x[19]: -3.00 x[20]: -27.00 x[21]: 3.00 x[22]: -4.00 x[23]: -1.00 x[24]: -9.00 x[25]: -17.00 x[26]: -4.00 x[27]: -27.00 x[28]: -2.00 x[29]: -17.00 x[30]: -15.00 x[31]: 4.00 x[32]: 0.00 x[33]: 12.00 x[34]: 0.00 x[35]: -13.00 x[36]: -7.00 x[37]: -10.00 x[38]: 1.00 x[39]: -3.00 x[40]: 4.00 x[41]: 13.00 x[42]: -6.00 x[43]: -6.00 x[44]: -14.00 x[45]: 5.00 x[46]: -7.00 x[47]: -11.00 x[48]: -1.00 x[49]: -4.00 x[50]: -4.00 x[51]: -4.00 x[52]: 4.00 x[53]: 2.00 x[54]: -16.00 x[55]: -10.00 x[56]: -10.00 x[57]: 10.00 x[58]: 2.00 x[59]: 4.00 x[60]: -11.00 x[61]: 0.00 x[62]: -22.00 x[63]: 4.00 x[64]: -6.00 x[65]: -5.00 x[66]: -1.00 x[67]: -8.00 x[68]: 0.00 x[69]: 1.00 x[70]: -23.00 x[71]: 17.00 x[72]: -9.00 x[73]: -17.00 x[74]: -26.00 x[75]: -8.00 x[76]: -4.00 x[77]: -10.00 x[78]: -2.00 x[79]: -11.00 x[80]: 14.00 x[81]: -12.00 x[82]: 5.00 x[83]: -24.00 x[84]: -8.00 x[85]: -11.00 x[86]: 1.00 x[87]: 7.00 x[88]: -6.00 x[89]: -4.00 x[90]: -2.00 x[91]: -17.00 x[92]: -2.00 x[93]: -6.00 x[94]: 1.00 x[95]: -12.00 x[96]: -13.00 x[97]: -5.00 x[98]: -8.00 x[99]: -4.00 x[100]: -13.00 x[101]: -1.00 x[102]: -5.00 x[103]: -2.00 x[104]: 5.00 x[105]: -18.00 x[106]: 10.00 x[107]: -15.00 x[108]: -11.00 x[109]: -12.00 x[110]: -13.00 x[111]: 2.00 x[112]: 0.00 x[113]: -2.00 x[114]: 1.00 x[115]: -17.00 x[116]: -8.00 x[117]: 3.00 x[118]: -10.00 x[119]: -10.00 x[120]: -14.00 x[121]: 4.00 x[122]: 1.00 x[123]: -11.00 x[124]: -24.00 x[125]: -14.00 x[126]: -16.00 x[127]: -3.00 x[128]: -7.00 x[129]: -2.00 x[130]: 0.00 x[131]: 3.00 x[132]: 0.00 x[133]: -7.00 x[134]: -1.00 x[135]: -2.00 x[136]: -11.00 x[137]: -12.00 x[138]: -6.00 x[139]: -9.00 x[140]: 11.00 x[141]: -13.00 x[142]: -4.00 x[143]: -15.00 x[144]: 1.00 x[145]: -13.00 x[146]: -8.00 x[147]: -7.00 x[148]: -13.00 x[149]: 8.00 x[150]: -11.00 x[151]: -17.00 x[152]: -14.00 x[153]: -2.00 x[154]: 7.00 x[155]: -4.00 x[156]: -18.00 x[157]: -5.00 x[158]: 2.00 x[159]: -5.00 x[160]: -7.00 x[161]: -5.00 x[162]: -8.00 x[163]: 8.00 x[164]: -9.00 x[165]: -2.00 x[166]: 11.00 x[167]: -13.00 x[168]: -8.00 x[169]: -1.00 x[170]: -8.00 x[171]: -4.00 x[172]: -4.00 x[173]: -25.00 x[174]: -29.00 x[175]: -10.00 x[176]: -33.00 x[177]: -6.00 x[178]: 4.00 x[179]: -26.00 x[180]: -22.00 x[181]: -6.00 x[182]: -16.00 x[183]: -10.00 x[184]: -9.00 x[185]: -15.00 x[186]: 1.00 x[187]: -5.00 x[188]: -16.00 x[189]: 10.00 x[190]: -8.00 x[191]: -2.00 x[192]: 2.00 x[193]: -3.00 x[194]: -13.00 x[195]: -3.00 x[196]: -2.00 x[197]: -10.00 x[198]: -10.00 x[199]: -10.00 x[200]: -17.00 x[201]: -3.00 x[202]: -6.00 x[203]: 4.00 x[204]: -8.00 x[205]: 1.00 x[206]: -6.00 x[207]: -5.00 x[208]: -7.00 x[209]: 2.00 x[210]: -15.00 x[211]: 0.00 x[212]: -7.00 x[213]: 2.00 x[214]: -10.00 x[215]: -14.00 x[216]: -3.00 x[217]: -14.00 x[218]: -8.00 x[219]: -3.00 x[220]: -10.00 x[221]: 2.00 x[222]: -1.00 x[223]: 1.00 x[224]: -7.00 x[225]: -6.00 x[226]: -33.00 x[227]: 4.00 x[228]: -14.00 x[229]: -4.00 x[230]: 17.00 x[231]: -6.00 x[232]: -19.00 x[233]: 3.00 x[234]: -11.00 x[235]: 1.00 x[236]: -6.00 x[237]: -9.00 x[238]: -17.00 x[239]: -9.00 x[240]: 5.00 x[241]: 6.00 x[242]: -3.00 x[243]: 8.00 x[244]: 7.00 x[245]: 3.00 x[246]: 2.00 x[247]: -18.00 x[248]: -20.00 x[249]: -10.00 x[250]: -9.00 x[251]: -7.00 x[252]: 5.00 x[253]: -8.00 x[254]: -13.00 x[255]: 2.00 x[256]: 5.00 x[257]: -8.00 x[258]: -7.00 x[259]: -6.00 x[260]: -6.00 x[261]: -13.00 x[262]: -23.00 x[263]: -2.00 x[264]: -4.00 x[265]: -14.00 x[266]: -11.00 x[267]: -28.00 x[268]: -11.00 x[269]: -2.00 x[270]: 5.00 x[271]: -2.00 x[272]: -4.00 x[273]: 8.00 x[274]: -4.00 x[275]: -4.00 x[276]: -17.00 x[277]: 0.00 x[278]: -9.00 x[279]: 4.00 x[280]: -4.00 x[281]: -8.00 x[282]: -8.00 x[283]: -3.00 x[284]: 7.00 x[285]: -7.00 x[286]: 4.00 x[287]: -4.00 x[288]: 4.00 x[289]: 0.00 x[290]: 4.00 x[291]: 8.00 x[292]: -1.00 x[293]: -17.00 x[294]: 2.00 x[295]: 2.00 x[296]: 1.00 x[297]: -7.00 x[298]: 2.00 x[299]: 1.00 x[300]: -8.00 x[301]: -1.00 x[302]: -12.00 x[303]: 8.00 x[304]: -4.00 x[305]: -8.00 x[306]: -13.00 x[307]: -7.00 x[308]: -4.00 x[309]: -11.00 x[310]: 7.00 x[311]: -4.00 x[312]: -2.00 x[313]: 3.00 x[314]: -11.00 x[315]: -6.00 x[316]: -8.00 x[317]: -3.00 x[318]: 7.00 x[319]: -12.00 x[320]: -20.00 x[321]: -19.00 x[322]: -6.00 x[323]: 5.00 x[324]: 0.00 x[325]: -8.00 x[326]: -7.00 x[327]: -4.00 x[328]: -5.00 x[329]: 2.00 x[330]: -1.00 x[331]: 6.00 x[332]: -21.00 x[333]: -12.00 x[334]: -10.00 x[335]: -17.00 x[336]: -10.00 x[337]: -6.00 x[338]: -3.00 x[339]: -35.00 x[340]: 3.00 x[341]: 2.00 x[342]: -5.00 x[343]: -16.00 x[344]: -18.00 x[345]: -3.00 x[346]: -12.00 x[347]: -1.00 x[348]: -21.00 x[349]: 5.00 x[350]: -13.00 x[351]: -4.00 x[352]: -1.00 x[353]: -7.00 x[354]: -20.00 x[355]: -21.00 x[356]: 4.00 x[357]: 8.00 x[358]: -20.00 x[359]: -14.00 x[360]: 2.00 x[361]: 8.00 x[362]: -10.00 x[363]: -6.00 x[364]: -3.00 x[365]: -5.00 x[366]: -17.00 x[367]: -4.00 x[368]: -1.00 x[369]: -16.00 x[370]: -16.00 x[371]: -14.00 x[372]: -3.00 x[373]: -18.00 x[374]: -5.00 x[375]: -14.00 x[376]: 22.00 x[377]: 11.00 x[378]: -4.00 x[379]: -17.00 x[380]: -6.00 x[381]: -3.00 x[382]: 1.00 x[383]: -2.00 x[384]: -1.00 x[385]: -17.00 x[386]: -10.00 x[387]: 0.00 x[388]: -10.00 x[389]: -21.00 x[390]: -5.00 x[391]: 6.00 x[392]: -8.00 x[393]: -13.00 x[394]: 0.00 x[395]: 24.00 x[396]: 0.00 x[397]: -4.00 x[398]: -9.00 x[399]: -6.00 x[400]: -8.00 x[401]: 6.00 x[402]: -7.00 x[403]: -5.00 x[404]: -1.00 x[405]: -5.00 x[406]: -23.00 x[407]: -39.00 x[408]: 7.00 x[409]: -11.00 x[410]: -8.00 x[411]: -1.00 x[412]: -5.00 x[413]: 4.00 x[414]: 1.00 x[415]: -6.00 x[416]: -13.00 x[417]: -13.00 x[418]: -25.00 x[419]: -1.00 x[420]: 6.00 x[421]: -12.00 x[422]: -3.00 x[423]: 19.00 x[424]: 2.00 x[425]: -24.00 x[426]: 4.00 x[427]: -21.00 x[428]: -9.00 x[429]: -10.00 x[430]: -7.00 x[431]: 7.00 x[432]: 9.00 x[433]: 1.00 x[434]: -7.00 x[435]: -3.00 x[436]: 8.00 x[437]: -9.00 x[438]: 7.00 x[439]: 6.00 x[440]: -6.00 x[441]: -5.00 x[442]: -7.00 x[443]: 2.00 x[444]: -3.00 x[445]: -34.00 x[446]: 10.00 x[447]: -15.00 x[448]: -4.00 x[449]: -7.00 x[450]: -5.00 x[451]: 0.00 x[452]: -4.00 x[453]: -23.00 x[454]: -9.00 x[455]: -4.00 x[456]: 0.00 x[457]: -11.00 x[458]: -4.00 x[459]: 1.00 x[460]: 1.00 x[461]: -16.00 x[462]: -7.00 x[463]: -17.00 x[464]: -5.00 x[465]: -14.00 x[466]: 18.00 x[467]: 1.00 x[468]: -17.00 x[469]: -9.00 x[470]: -11.00 x[471]: -1.00 x[472]: -24.00 x[473]: -17.00 x[474]: -9.00 x[475]: -8.00 x[476]: -18.00 x[477]: -4.00 x[478]: 5.00 x[479]: -11.00 x[480]: -10.00 x[481]: -5.00 x[482]: -4.00 x[483]: -18.00 x[484]: 12.00 x[485]: 2.00 x[486]: -17.00 x[487]: -5.00 x[488]: -4.00 x[489]: 0.00 x[490]: 10.00 x[491]: -7.00 x[492]: -11.00 x[493]: 2.00 x[494]: -3.00 x[495]: -5.00 x[496]: -16.00 x[497]: 3.00 x[498]: -5.00 x[499]: -30.00
Objective Value: -90.25
Elapsed Time: 10800.1911 sec

无可行解，所有约束违规量为零
输出违反约束的量

100%|██████████| 5/5 [15:00:16<00:00, 10803.25s/it]
100%|██████████| 5/5 [15:00:16<00:00, 10803.23s/it]
[0. 0. 0. 0. 0. 0. 0. 0. 0. 0. 0. 0. 0. 0. 0. 0. 0. 0. 0. 0. 0. 0. 0. 0.
 0. 0. 0. 0. 0. 0. 0. 0. 0. 0. 0. 0. 0. 0. 0. 0. 0. 0. 0. 0. 0. 0. 0. 0.
 0. 0. 0. 0. 0. 0. 0. 0. 0. 0. 0. 0. 0. 0. 0. 0. 0. 0. 0. 0. 0. 0. 0. 0.
 0. 0. 0. 0. 0. 0. 0. 0. 0. 0. 0. 0. 0. 0. 0. 0. 0. 0. 0. 0. 0. 0. 0. 0.
 0. 0. 0. 0. 0. 0. 0. 0. 0. 0. 0. 0. 0. 0. 0. 0. 0. 0. 0. 0. 0. 0. 0. 0.
 0. 0. 0. 0. 0. 0. 0. 0. 0. 0. 0. 0. 0. 0. 0. 0. 0. 0. 0. 0. 0. 0. 0. 0.
 0. 0. 0. 0. 0. 0. 0. 0. 0. 0. 0. 0. 0. 0. 0. 0. 0. 0. 0. 0. 0. 0. 0. 0.
 0. 0. 0. 0. 0. 0. 0. 0. 0. 0. 0. 0. 0. 0. 0. 0. 0. 0. 0. 0. 0. 0. 0. 0.
 0. 0. 0. 0. 0. 0. 0. 0. 0. 0. 0. 0. 0. 0. 0. 0. 0. 0. 0. 0. 0. 0. 0. 0.
 0. 0. 0. 0. 0. 0. 0. 0. 0. 0. 0. 0. 0. 0. 0. 0. 0. 0. 0. 0. 0. 0. 0. 0.
 0. 0. 0. 0. 0. 0. 0. 0. 0. 0. 0. 0. 0. 0. 0. 0. 0. 0. 0. 0. 0. 0. 0. 0.
 0. 0. 0. 0. 0. 0. 0. 0. 0. 0. 0. 0. 0. 0. 0. 0. 0. 0. 0. 0. 0. 0. 0. 0.
 0. 0. 0. 0. 0. 0. 0. 0. 0. 0. 0. 0. 0. 0. 0. 0. 0. 0. 0. 0. 0. 0. 0. 0.
 0. 0. 0. 0. 0. 0. 0. 0. 0. 0. 0. 0. 0. 0. 0. 0. 0. 0. 0. 0. 0. 0. 0. 0.
 0. 0. 0. 0. 0. 0. 0. 0. 0. 0. 0. 0. 0. 0. 0. 0. 0. 0. 0. 0. 0. 0. 0. 0.
 0. 0. 0. 0. 0. 0. 0. 0. 0. 0. 0. 0. 0. 0. 0. 0. 0. 0. 0. 0. 0. 0. 0. 0.
 0. 0. 0. 0. 0. 0. 0. 0. 0. 0. 0. 0. 0. 0. 0. 0. 0. 0. 0. 0. 0. 0. 0. 0.
 0. 0. 0. 0. 0. 0. 0. 0. 0. 0. 0. 0. 0. 0. 0. 0. 0. 0. 0. 0. 0. 0. 0. 0.
 0. 0. 0. 0. 0. 0. 0. 0. 0. 0. 0. 0. 0. 0. 0. 0. 0. 0. 0. 0. 0. 0. 0. 0.
 0. 0. 0. 0. 0. 0. 0. 0. 0. 0. 0. 0. 0. 0. 0. 0. 0. 0. 0. 0. 0. 0. 0. 0.
 0. 0. 0. 0. 0. 0. 0. 0. 0. 0. 0. 0. 0. 0. 0. 0. 0. 0. 0. 0.]
约束的个数: 500
Gurobi model disposed.
gurobi求解的结果
         Obj Val       gap  ...  Num Violations  Elapsed Time
count   5.000000  5.000000  ...             5.0      5.000000
mean  -89.294728  0.194651  ...             0.0  10800.182363
std     1.038540  0.014259  ...             0.0      0.033825
min   -90.252121  0.183312  ...             0.0  10800.134559
25%   -90.251660  0.183573  ...             0.0  10800.162039
50%   -89.499253  0.186773  ...             0.0  10800.191099
75%   -88.547837  0.205264  ...             0.0  10800.207696
max   -87.922770  0.214330  ...             0.0  10800.216424

[8 rows x 6 columns]